activation_l1_bytes_total,activation_l2_bytes_total,actual_bandwidth_tx_delay_ms,available_migs,bandwidth_allocation_sum,bandwidth_alpha_max,bandwidth_alpha_mean,bandwidth_alpha_min,bandwidth_context_score_std,bandwidth_cv,bandwidth_floor_hit_rate,bandwidth_gini,bandwidth_hz,bandwidth_latent_mean,bandwidth_physical_score_std,bandwidth_unused,bandwidth_violation,baseline_exploration_epsilon,channel_bandwidth_spearman,channel_permutation_delta_spearman,client_local_steps,cluster_load_cv,cluster_physics_prior_std,cluster_size_std,cluster_size_violation,compute_delay_ms,cpsl_proxy_delay,cumulative_global_delay_ms,delay,delay_normalized,downlink_delay_ms,downlink_payload_bytes_per_client_mean,downlink_payload_bytes_total,epoch,equal_bandwidth_improvement,equal_bandwidth_tx_delay_ms,feature_compression_mean,global_round_delay_ms,gradient_l1_bytes_total,gradient_l2_bytes_total,is_warmup,kl_normalized,kl_sum,label_kl_weighted_to_station,max_bandwidth_share,max_cluster_size,mean_l1,mean_l2,min_bandwidth_share,nonempty_cluster_count,optimizer_steps,oracle_bandwidth_tx_delay_ms,oracle_gap_closure,oracle_opportunity,paper_local_frequency_mean,pcsfl_clustering_factor,pcsfl_execution_group_count,pcsfl_learning_reward,pcsfl_waiting_factor,penalty,physical_cluster_count,required_airtime_bandwidth_spearman,reward,reward_objective_mode,smashed_data_bytes_per_client_mean,smashed_data_bytes_total,split_physics_prior_std,split_predicted_delay_min_seconds,station_id,test_accuracy,top_worker_count,total_delay_ms,train_accuracy,train_loss,tx_delay_ms,uplink_delay_ms,uplink_payload_bytes_per_client_mean,uplink_payload_bytes_total,vehicle_count,virtual_cluster_count
20971520.0,1310720.0,792.5473797923837,2,1.0000000000000002,0.0,0.0,0.0,0.0,0.6693280212272602,0.0,0.3,100000000.0,0.0,0.0,-2.220446049250313e-16,2.220446049250313e-16,,-0.9816498172140428,0.0,4,0.0,0.0,0.0,0.0,67.80418287962675,0.02461920871214826,0.0,1.259389911719785,1.259389911719785,856.981653736004,2228224.0,22282240.0,1,0.07518746015474156,856.981653736004,1.0,2174.6659934138975,20971520.0,1310720.0,True,0.13656738972281482,1.2578321430594468,0.3579898563019174,0.26,5,5.0,6.0,0.05,2,4,537.3240234427799,0.2015727698554054,0.37300405312025003,,,,,,2.220446049250313e-16,2,0.9816498172140428,-1.2593899117197853,delay_only,2097152.0,20971520.0,0.0,0.0,1,,0,1259.389911719785,0.0203125,4.642920732498169,1191.6293575774887,792.5473797923837,2228224.0,22282240.0,10,2
20971520.0,1310720.0,652.7707376527679,2,1.0,0.0,0.0,0.0,0.0,0.41472882706655434,0.0,0.20199999999999996,100000000.0,0.0,0.0,0.0,0.0,,-0.9908673886137245,0.0,4,0.0,0.0,0.0,0.0,67.37376935780048,0.022672544604527833,0.0,1.1328749731935308,1.1328749731935308,722.8354822092068,2228224.0,22282240.0,1,0.09693041678349743,722.8354822092067,1.0,2174.6659934138975,20971520.0,1310720.0,True,0.11237149039219385,1.0349796746183568,0.24003239327225195,0.21,5,5.0,6.0,0.06,2,4,500.5542175087835,0.3152076026329418,0.3075129405948136,,,,,,0.0,2,0.9908673886137245,-1.1328749731935308,delay_only,2097152.0,20971520.0,0.0,0.0,2,,0,1132.8749731935309,0.0234375,4.580761551856995,1067.0428546897815,652.7707376527678,2228224.0,22282240.0,10,2
20971520.0,1310720.0,1606.79664335091,2,1.0,0.0,0.0,0.0,0.0,1.8373894524569363,0.0,0.5999999999999999,100000000.0,0.0,0.0,0.0,0.0,,-0.8842048302391148,0.0,4,0.0,0.0,0.0,0.0,75.4635538905859,0.03880841956961391,0.0,2.1746659934138974,2.1746659934138974,1819.773672127918,2228224.0,22282240.0,1,0.11703489947074978,1819.773672127918,1.0,2174.6659934138975,20971520.0,1310720.0,True,0.11813654324143813,1.0880777736223277,0.29572449973540826,0.65,5,5.0,6.0,0.03,2,4,663.0003514280202,0.18411301934950206,0.6356687858590936,,,,,,0.0,2,0.8842048302391148,-2.1746659934138974,delay_only,2097152.0,20971520.0,0.0,0.0,3,,0,2174.6659934138975,0.0125,4.66876482963562,2099.7388524552903,1606.7966433509096,2228224.0,22282240.0,10,2
20971520.0,1310720.0,1653.1767136138762,2,1.0,0.0,0.0,0.0,0.0,2.000999750124922,0.0,0.622,100000000.0,0.0,0.0,0.0,0.0,,-0.812776759390954,0.0,4,0.0,0.0,0.0,0.0,67.99581460654736,0.04130450600620516,0.0,2.326294733369153,2.326294733369153,1977.0523363474892,2228224.0,22282240.0,2,0.1638174249509033,1977.052336347489,1.0,2326.2947333691527,20971520.0,1310720.0,True,0.1322980192763848,1.2185097880737703,0.3383286787309159,0.7,5,5.0,6.0,0.03,2,4,643.692630573852,0.24290191261306707,0.6744180117340527,,,,,,0.0,2,0.812776759390954,-2.326294733369153,delay_only,2097152.0,20971520.0,0.0,0.0,1,,0,2326.2947333691527,0.0265625,4.44332218170166,2259.48838439713,1653.1767136138765,2228224.0,22282240.0,10,2
20971520.0,1310720.0,571.8698110529815,2,0.9999999999999999,0.0,0.0,0.0,0.0,0.3193743884534263,0.0,0.16599999999999998,100000000.0,0.0,0.0,1.1102230246251565e-16,0.0,,-0.9816498172140428,0.0,4,0.0,0.0,0.0,0.0,67.56661273539066,0.021216079485785626,0.0,1.0413956998256708,1.0413956998256708,595.5358058523466,2228224.0,22282240.0,2,0.0397389956519804,595.5358058523466,1.0,2326.2947333691527,20971520.0,1310720.0,True,0.1238971112490642,1.1411345657084806,0.29310983871030155,0.16,5,5.0,6.0,0.07,2,4,463.8126324046734,0.1796646268074184,0.2211843052142725,,,,,,0.0,2,0.9816498172140428,-1.0413956998256708,delay_only,2097152.0,20971520.0,0.0,0.0,2,,0,1041.3956998256708,0.0203125,4.4813262820243835,973.82908709028,571.8698110529814,2228224.0,22282240.0,10,2
20971520.0,1310720.0,604.4598065654213,2,1.0,0.0,0.0,0.0,0.0,0.2863564212655271,0.0,0.158,100000000.0,0.0,0.0,0.0,0.0,,-0.9878044218151566,0.0,4,0.0,0.0,0.0,0.0,66.12858036532998,0.021929481928249263,0.0,1.084831278570795,1.084831278570795,627.3765190202786,2228224.0,22282240.0,2,0.036527845337030435,627.3765190202786,1.0,2326.2947333691527,20971520.0,1310720.0,True,0.11962130641302593,1.1017529478044263,0.30256208689929054,0.16,5,5.0,6.0,0.06,2,4,486.80758994717746,0.16302829228313837,0.22405832034105425,,,,,,0.0,2,0.9878044218151566,-1.084831278570795,delay_only,2097152.0,20971520.0,0.0,0.0,3,,0,1084.831278570795,0.0390625,4.428629457950592,1019.4868434079527,604.4598065654212,2228224.0,22282240.0,10,2
20971520.0,1310720.0,632.7764148562211,2,1.0,0.0,0.0,0.0,0.0,0.382099463490856,0.0,0.198,100000000.0,0.0,0.0,0.0,0.0,,-0.9816498172140428,0.0,4,0.0,0.0,0.0,0.0,69.93680540472269,0.022836490297138592,0.0,1.1474721844215927,1.1474721844215927,669.5206995789974,2228224.0,22282240.0,3,0.05488147677268454,669.5206995789973,1.0,1147.4721844215926,20971520.0,1310720.0,True,0.13606118344380772,1.2531698109313596,0.35565869030160735,0.17,5,5.0,6.0,0.06,2,4,502.9368623316128,0.22057532909515906,0.2488105854712698,,,,,,0.0,2,0.9816498172140428,-1.1474721844215927,delay_only,2097152.0,20971520.0,0.0,0.0,1,,0,1147.4721844215926,0.0140625,4.444081008434296,1077.53537901687,632.776414856221,2228224.0,22282240.0,10,2
20971520.0,1310720.0,555.405381451877,2,0.9999999999999999,0.0,0.0,0.0,0.0,0.322490309931942,0.0,0.14600000000000002,100000000.0,0.0,0.0,1.1102230246251565e-16,0.0,,-0.975456381144309,0.0,4,0.0,0.0,0.0,0.0,67.57521815598011,0.02162077635333404,0.0,1.0657637675397074,1.0657637675397074,644.6046499832562,2228224.0,22282240.0,3,0.1383782579503515,644.6046499832561,1.0,1147.4721844215926,20971520.0,1310720.0,True,0.12100020660617035,1.11445308792227,0.2797690998333479,0.19,5,5.0,6.0,0.07,2,4,474.279751468118,0.5237006997156743,0.264231569721941,,,,,,0.0,2,0.975456381144309,-1.0657637675397074,delay_only,2097152.0,20971520.0,0.0,0.0,2,,0,1065.7637675397073,0.028125,4.49940413236618,999.7296866133786,555.405381451877,2228224.0,22282240.0,10,2
20971520.0,1310720.0,675.8072380716164,2,1.0,0.0,0.0,0.0,0.0,0.5865151319446071,0.0,0.26999999999999996,100000000.0,0.0,0.0,0.0,0.0,,-0.9660917830792959,0.0,4,0.0,0.0,0.0,0.0,67.5450386479497,0.02289518095179041,0.0,1.1474431723980898,1.1474431723980898,776.1186013486457,2228224.0,22282240.0,3,0.12924746694992265,776.1186013486457,1.0,1147.4721844215926,20971520.0,1310720.0,True,0.12790466080266746,1.1780454611547277,0.340708343511515,0.26,5,5.0,6.0,0.06,2,4,494.63887611156497,0.35637154041038105,0.3626761744248354,,,,,,0.0,2,0.9660917830792959,-1.1474431723980898,delay_only,2097152.0,20971520.0,0.0,0.0,3,,0,1147.4431723980897,0.0203125,4.604782581329346,1081.2915809145861,675.8072380716163,2228224.0,22282240.0,10,2
20971520.0,1310720.0,843.5698308093184,2,1.0,0.0,0.0,0.0,0.0,0.5674504383644443,0.0,0.29800000000000004,100000000.0,0.0,0.0,0.0,0.0,,-0.9878044218151566,0.0,4,0.0,0.0,0.0,0.0,67.64585059136152,0.02710480246758272,0.0,1.4168076125801785,1.4168076125801785,941.4020979479322,2228224.0,22282240.0,4,0.10392187074138504,941.4020979479321,1.0,1416.8076125801786,20971520.0,1310720.0,True,0.13110665002546076,1.2075368717640536,0.3328422206764231,0.23,5,5.0,6.0,0.05,2,4,608.918373244015,0.2942467852395937,0.35317929015525357,,,,,,0.0,2,0.9878044218151566,-1.4168076125801785,delay_only,2097152.0,20971520.0,0.0,0.0,1,,0,1416.8076125801786,0.0328125,4.416838228702545,1350.7073579252942,843.5698308093185,2228224.0,22282240.0,10,2
20971520.0,1310720.0,808.715245941223,2,1.0,0.0,0.0,0.0,0.0,0.6228964600958975,0.0,0.302,100000000.0,0.0,0.0,0.0,0.0,,-0.9847319278346618,0.0,4,0.0,0.0,0.0,0.0,67.58462032303214,0.026652790188709558,0.0,1.3883858545744006,1.3883858545744006,919.474776955005,2228224.0,22282240.0,4,0.12045956429667454,919.4747769550049,1.0,1416.8076125801786,20971520.0,1310720.0,True,0.12583452675802248,1.1589788219879318,0.3020319669564713,0.23,5,5.0,6.0,0.05,2,4,592.1460091841889,0.3383739589040087,0.35599537472340476,,,,,,0.0,2,0.9847319278346618,-1.3883858545744006,delay_only,2097152.0,20971520.0,0.0,0.0,2,,0,1388.3858545744006,0.015625,4.433018863201141,1321.7785720774118,808.7152459412231,2228224.0,22282240.0,10,2
20971520.0,1310720.0,697.4560928247313,2,0.9999999999999999,0.0,0.0,0.0,0.0,0.4582575694955841,0.0,0.23399999999999999,100000000.0,0.0,0.0,1.1102230246251565e-16,0.0,,-0.975456381144309,0.0,4,0.0,0.0,0.0,0.0,67.6087592728436,0.023436402320618284,0.0,1.1835385077924139,1.1835385077924139,722.1178525781698,2228224.0,22282240.0,4,0.03415198733196916,722.1178525781697,1.0,1416.8076125801786,20971520.0,1310720.0,True,0.11619092975312312,1.0701580111626385,0.28676461850319457,0.19,5,5.0,6.0,0.06,2,4,518.9250950857894,0.1213712538664831,0.2813844814484552,,,,,,0.0,2,0.975456381144309,-1.1835385077924139,delay_only,2097152.0,20971520.0,0.0,0.0,3,,0,1183.5385077924138,0.01875,4.457237780094147,1115.9297485195702,697.4560928247313,2228224.0,22282240.0,10,2
20971520.0,1310720.0,590.9403530350642,2,1.0000000000000002,0.0,0.0,0.0,0.0,0.2683281572999747,0.0,0.15199999999999997,100000000.0,0.0,0.0,-2.220446049250313e-16,2.220446049250313e-16,,-0.9908673886137245,0.0,4,0.0,0.0,0.0,0.0,67.54939397796988,0.021036811224055308,0.0,1.0284359111404906,1.0284359111404906,561.3742856980648,2228224.0,22282240.0,5,-0.05266729896656042,561.3742856980649,1.0,1395.0640115547776,20971520.0,1310720.0,True,0.13208674773180762,1.2165639052373014,0.3373557373403206,0.14,5,5.0,6.0,0.06,2,4,458.5819614629707,-0.287629135317335,0.1831083589930962,,,,,,2.220446049250313e-16,2,0.9908673886137245,-1.0284359111404908,delay_only,2097152.0,20971520.0,0.0,0.0,1,,0,1028.4359111404906,0.0265625,4.455153405666351,962.3559183395396,590.9403530350642,2228224.0,22282240.0,10,2
20971520.0,1310720.0,723.330184608692,2,0.9999999999999999,0.0,0.0,0.0,0.0,0.4711687595755899,0.0,0.21799999999999997,100000000.0,0.0,0.0,1.1102230246251565e-16,0.0,,-0.9847319278346618,0.0,4,0.0,0.0,0.0,0.0,66.82996777817607,0.024162586379873445,0.0,1.2292354960900767,1.2292354960900767,808.8033229230953,2228224.0,22282240.0,5,0.10567852021860494,808.8033229230952,1.0,1395.0640115547776,20971520.0,1310720.0,True,0.13089082584584197,1.205549057609262,0.3253170846878455,0.23,5,5.0,6.0,0.06,2,4,536.1825501504343,0.3135239381985004,0.33706683076842775,,,,,,0.0,2,0.9847319278346618,-1.2292354960900767,delay_only,2097152.0,20971520.0,0.0,0.0,2,,0,1229.2354960900766,0.0265625,4.43924480676651,1162.4055283119005,723.330184608692,2228224.0,22282240.0,10,2
20971520.0,1310720.0,806.4707830055289,2,1.0000000000000002,0.0,0.0,0.0,0.0,0.5585696017507575,0.0,0.27599999999999997,100000000.0,0.0,0.0,-2.220446049250313e-16,2.220446049250313e-16,,-0.9939209163101398,0.0,4,0.0,0.0,0.0,0.0,64.4819331355393,0.026790344975300598,0.0,1.3950640115547777,1.3950640115547777,931.3142626272404,2228224.0,22282240.0,5,0.13405086191800356,931.3142626272404,1.0,1395.0640115547776,20971520.0,1310720.0,True,0.11421909560652253,1.051996747515362,0.27768398664437255,0.24,5,5.0,6.0,0.05,2,4,604.4956573328255,0.381996243785589,0.35092193731948074,,,,,,2.220446049250313e-16,2,0.9939209163101398,-1.3950640115547779,delay_only,2097152.0,20971520.0,0.0,0.0,3,,0,1395.0640115547776,0.0171875,4.525480091571808,1330.5820784192383,806.4707830055289,2228224.0,22282240.0,10,2
20971520.0,1310720.0,631.8723212684719,2,1.0000000000000002,0.0,0.0,0.0,0.0,0.29325756597230357,0.0,0.15,100000000.0,0.0,0.0,-2.220446049250313e-16,2.220446049250313e-16,,-0.975456381144309,0.0,4,0.0,0.0,0.0,0.0,67.5746388733387,0.021796808031711794,1762.4770168657676,1.0785703529028936,1.0785703529028936,626.8268360097939,2228224.0,22282240.0,6,-0.008049248961317845,626.8268360097939,1.0,1762.4770168657676,20971520.0,1310720.0,False,0.13150873913511907,1.2112402493238714,0.334693909516279,0.17,5,5.0,6.0,0.06,2,4,482.6335694477145,-0.034991129467933625,0.230036843157472,,,,,,2.220446049250313e-16,2,0.975456381144309,-1.0785703529028938,delay_only,2097152.0,20971520.0,0.0,0.0,1,,0,1078.5703529028935,0.0328125,4.380419671535492,1010.9957140295548,631.8723212684718,2228224.0,22282240.0,10,2
20971520.0,1310720.0,1275.9951767898137,2,1.0,0.0,0.0,0.0,0.0,1.387083270751976,0.0,0.504,100000000.0,0.0,0.0,0.0,0.0,,-0.9816498172140428,0.0,4,0.0,0.0,0.0,0.0,66.82909419760108,0.032510472188929676,1762.4770168657676,1.7624770168657675,1.7624770168657675,1418.527561060106,2228224.0,22282240.0,6,0.10047910818438638,1418.5275610601059,1.0,1762.4770168657676,20971520.0,1310720.0,False,0.11922558793825233,1.0981082459602822,0.2715966788709387,0.51,5,5.0,6.0,0.03,2,4,620.6140531103999,0.17863137150859745,0.5624941875316137,,,,,,0.0,2,0.9816498172140428,-1.7624770168657675,delay_only,2097152.0,20971520.0,0.0,0.0,2,,0,1762.4770168657676,0.0296875,4.39013409614563,1696.6702200914995,1275.9951767898137,2228224.0,22282240.0,10,2
20971520.0,1310720.0,743.4854530589904,2,1.0,0.0,0.0,0.0,0.0,0.4219004621945797,0.0,0.23,100000000.0,0.0,0.0,0.0,0.0,,-0.9939209163101398,0.0,4,0.0,0.0,0.0,0.0,64.46647318080068,0.024023138477473914,1762.4770168657676,1.2164325870689705,1.2164325870689705,743.4293092596063,2228224.0,22282240.0,6,-7.552002414345021e-05,743.4293092596062,1.0,1762.4770168657676,20971520.0,1310720.0,False,0.12229640439930707,1.1263915107864637,0.3148813683115736,0.19,5,5.0,6.0,0.05,2,4,539.7823572521888,-0.00027569182269022654,0.27392914090276155,,,,,,0.0,2,0.9939209163101398,-1.2164325870689705,delay_only,2097152.0,20971520.0,0.0,0.0,3,,0,1216.4325870689704,0.0265625,4.414494037628174,1153.4808625583305,743.4854530589905,2228224.0,22282240.0,10,2
20971520.0,1310720.0,640.8293566631262,2,1.0,0.0,0.0,0.0,0.0,0.46690470119715005,0.0,0.218,100000000.0,0.0,0.0,0.0,0.0,,-0.9816498172140428,0.0,4,0.0,0.0,0.0,0.0,67.54612596705556,0.02237345017431605,4227.137477473079,1.1154469371232827,1.1154469371232827,706.3743860936398,2228224.0,22282240.0,7,0.09279077882903959,706.3743860936398,1.0,2464.6604606073115,20971520.0,1310720.0,False,0.13189904600320082,1.2148351084284243,0.3364913389769474,0.21,5,5.0,6.0,0.06,2,4,485.2220005504447,0.29637948181983964,0.31308098070515006,,,,,,0.0,2,0.9816498172140428,-1.1154469371232827,delay_only,2097152.0,20971520.0,0.0,0.0,1,,0,1115.4469371232826,0.028125,4.370754897594452,1047.900811156227,640.8293566631261,2228224.0,22282240.0,10,2
20971520.0,1310720.0,540.9935138111716,2,1.0,0.0,0.0,0.0,0.0,0.2097617696340303,0.0,0.11800000000000001,100000000.0,0.0,0.0,0.0,0.0,,-0.9908673886137245,0.0,4,0.0,0.0,0.0,0.0,67.68646603450179,0.020600318376464234,4227.137477473079,1.0021068421282129,1.0021068421282129,541.9554763134066,2228224.0,22282240.0,7,0.0017749843746917163,541.9554763134066,1.0,2464.6604606073115,20971520.0,1310720.0,False,0.12004403552966648,1.1056464268538306,0.27536576943816926,0.14,5,5.0,6.0,0.07,2,4,448.8899707339321,0.010336402260378021,0.17172168129482238,,,,,,0.0,2,0.9908673886137245,-1.0021068421282129,delay_only,2097152.0,20971520.0,0.0,0.0,2,,0,1002.1068421282129,0.025,4.421677887439728,934.420376093711,540.9935138111716,2228224.0,22282240.0,10,2
20971520.0,1310720.0,1985.969289821476,2,1.0,0.0,0.0,0.0,0.0,2.0346989949375804,0.0,0.64,100000000.0,0.0,0.0,0.0,0.0,,-0.8876253645985945,0.0,4,0.0,0.0,0.0,0.0,64.33314876630902,0.04352427148011593,4227.137477473079,2.4646604606073117,2.4646604606073117,2105.0653037734173,2228224.0,22282240.0,7,0.056575923672513476,2105.0653037734173,1.0,2464.6604606073115,20971520.0,1310720.0,False,0.13243956688581515,1.2198134897354633,0.3615923579430884,0.71,5,5.0,6.0,0.02,2,4,670.0737007608863,0.08299422359121723,0.681685076676837,,,,,,0.0,2,0.8876253645985945,-2.4646604606073117,delay_only,2097152.0,20971520.0,0.0,0.0,3,,0,2464.6604606073115,0.034375,4.487138748168945,2401.5533747274194,1985.9692898214762,2228224.0,22282240.0,10,2
20971520.0,1310720.0,1759.115119702729,2,1.0,0.0,0.0,0.0,0.0,1.7731328207441202,0.0,0.5919999999999999,100000000.0,0.0,0.0,0.0,0.0,,-0.8842048302391148,0.0,4,0.0,0.0,0.0,0.0,65.95062790438533,0.042816598949384645,6648.971786593631,2.421834309120551,2.421834309120551,2033.4866707386147,2228224.0,22282240.0,8,0.1349266533112938,2033.4866707386152,1.0,2421.834309120551,20971520.0,1310720.0,False,0.13647028863796473,1.2569378090174892,0.3575426892943322,0.63,5,5.0,6.0,0.03,2,4,735.7825876148968,0.21142844089343021,0.6381669975010746,,,,,,0.0,2,0.8842048302391148,-2.421834309120551,delay_only,2097152.0,20971520.0,0.0,0.0,1,,0,2421.834309120551,0.028125,4.373522877693176,2356.2623327606175,1759.1151197027289,2228224.0,22282240.0,10,2
20971520.0,1310720.0,1919.4071533902688,2,1.0,0.0,0.0,0.0,0.0,2.1340103092534486,0.0,0.6619999999999999,100000000.0,0.0,0.0,0.0,0.0,,-0.8842048302391148,0.0,4,0.0,0.0,0.0,0.0,64.41218173131347,0.04242786594682513,6648.971786593631,2.3944436856312454,2.3944436856312454,2053.8377752876645,2228224.0,22282240.0,8,0.06545337879890101,2053.8377752876645,1.0,2421.834309120551,20971520.0,1310720.0,False,0.1204430385116414,1.109321380127253,0.2772032461471392,0.74,5,5.0,6.0,0.02,2,4,626.3449748195486,0.09417253933141517,0.6950367831598474,,,,,,0.0,2,0.8842048302391148,-2.3944436856312454,delay_only,2097152.0,20971520.0,0.0,0.0,2,,0,2394.4436856312454,0.040625,4.359583258628845,2331.3834205968083,1919.4071533902688,2228224.0,22282240.0,10,2
20971520.0,1310720.0,569.7736593121612,2,1.0,0.0,0.0,0.0,0.0,0.2489979919597746,0.0,0.13799999999999993,100000000.0,0.0,0.0,0.0,0.0,,-0.9816498172140428,0.0,4,0.0,0.0,0.0,0.0,67.61818565428257,0.021780717077565737,6648.971786593631,1.0759089613232542,1.0759089613232542,593.0252357074658,2228224.0,22282240.0,8,0.039208409685240475,593.0252357074658,1.0,2421.834309120551,20971520.0,1310720.0,False,0.11873016208544894,1.0935452052268864,0.2984582155356112,0.15,5,5.0,6.0,0.07,2,4,480.2167891190461,0.20611556225162572,0.19022537287783675,,,,,,0.0,2,0.9816498172140428,-1.0759089613232542,delay_only,2097152.0,20971520.0,0.0,0.0,3,,0,1075.9089613232543,0.0453125,4.417035520076752,1009.965892964207,569.7736593121612,2228224.0,22282240.0,10,2
20971520.0,1310720.0,598.5614805835822,2,1.0,0.0,0.0,0.0,0.0,0.39496835316262996,0.0,0.17999999999999997,100000000.0,0.0,0.0,0.0,0.0,,-0.9847319278346618,0.0,4,0.0,0.0,0.0,0.0,67.7139344625175,0.021356251024433025,8105.869777232046,1.0490041673422805,1.0490041673422805,657.7281971392363,2228224.0,22282240.0,9,0.0899561807035147,657.7281971392364,1.0,1456.897990638415,20971520.0,1310720.0,False,0.1301321983980734,1.19856184059979,0.32835470511009224,0.21,5,5.0,6.0,0.06,2,4,466.57715989187017,0.30952861887475486,0.29062314506017883,,,,,,0.0,2,0.9847319278346618,-1.0490041673422805,delay_only,2097152.0,20971520.0,0.0,0.0,1,,0,1049.0041673422804,0.03125,4.31929475069046,982.8000655637137,598.5614805835821,2228224.0,22282240.0,10,2
20971520.0,1310720.0,918.1403692966517,2,1.0000000000000002,0.0,0.0,0.0,0.0,1.2369316876852978,0.0,0.4139999999999999,100000000.0,0.0,0.0,-2.220446049250313e-16,2.220446049250313e-16,,-0.9723448696087954,0.0,4,0.0,0.0,0.0,0.0,67.5046294927597,0.027729619072721493,8105.869777232046,1.456897990638415,1.456897990638415,1146.7139328201097,2228224.0,22282240.0,9,0.19932919360395984,1146.7139328201094,1.0,1456.897990638415,20971520.0,1310720.0,False,0.12557921185666576,1.156627284844399,0.3008561981490501,0.47,5,5.0,6.0,0.04,2,4,550.7631310123944,0.3835443510271635,0.5197031140470191,,,,,,2.220446049250313e-16,2,0.9723448696087954,-1.4568979906384152,delay_only,2097152.0,20971520.0,0.0,0.0,2,,0,1456.897990638415,0.0296875,4.338340580463409,1390.6956206541756,918.1403692966516,2228224.0,22282240.0,10,2
20971520.0,1310720.0,653.3513530455382,2,1.0000000000000002,0.0,0.0,0.0,0.0,0.4049691346263317,0.0,0.20999999999999994,100000000.0,0.0,0.0,-2.220446049250313e-16,2.220446049250313e-16,,-0.9939209163101398,0.0,4,0.0,0.0,0.0,0.0,67.6015941426158,0.022444739099250495,8105.869777232046,1.1186414863546694,1.1186414863546694,701.642201568021,2228224.0,22282240.0,9,0.06882546177319881,701.642201568021,1.0,1456.897990638415,20971520.0,1310720.0,False,0.11813654324143813,1.0880777736223277,0.29572449973540826,0.2,5,5.0,6.0,0.06,2,4,492.48461024548345,0.23088260013481687,0.2980972222809786,,,,,,2.220446049250313e-16,2,0.9939209163101398,-1.1186414863546696,delay_only,2097152.0,20971520.0,0.0,0.0,3,,0,1118.6414863546695,0.04375,4.386493146419525,1052.4633023520316,653.3513530455382,2228224.0,22282240.0,10,2
20971520.0,1310720.0,663.4275024845815,2,1.0000000000000002,0.0,0.0,0.0,0.0,0.5865151319446071,0.0,0.242,100000000.0,0.0,0.0,-2.220446049250313e-16,2.220446049250313e-16,,-0.9816498172140428,0.0,4,0.0,0.0,0.0,0.0,68.09706520289183,0.02361797238112518,9778.620421720989,1.193655835632442,1.193655835632442,817.4130155209324,2228224.0,22282240.0,10,0.1883815282023823,817.4130155209324,1.0,1672.7506444889427,20971520.0,1310720.0,False,0.13190580364289456,1.214897348590115,0.3365224590130942,0.27,5,5.0,6.0,0.06,2,4,516.0898774325358,0.511031160810417,0.3686302179766066,,,,,,2.220446049250313e-16,2,0.9816498172140428,-1.1936558356324423,delay_only,2097152.0,20971520.0,0.0,0.0,1,0.009375,0,1193.655835632442,0.0390625,4.337114751338959,1127.5502323920116,663.4275024845814,2228224.0,22282240.0,10,2
20971520.0,1310720.0,691.6270149090416,2,1.0,0.0,0.0,0.0,0.0,0.4449719092257398,0.0,0.22999999999999998,100000000.0,0.0,0.0,0.0,0.0,,-0.9908673886137245,0.0,4,0.0,0.0,0.0,0.0,67.64996703714132,0.024137474147373987,9778.620421720989,1.2268713901008184,1.2268713901008184,760.5230539036818,2228224.0,22282240.0,10,0.09059033600757321,760.5230539036818,1.0,1672.7506444889427,20971520.0,1310720.0,False,0.11237149039219385,1.0349796746183568,0.24003239327225195,0.19,5,5.0,6.0,0.06,2,4,537.6863604935644,0.30917726313521127,0.29300452138343597,,,,,,0.0,2,0.9908673886137245,-1.2268713901008184,delay_only,2097152.0,20971520.0,0.0,0.0,2,0.009375,0,1226.8713901008184,0.021875,4.4238826632499695,1160.7983454319353,691.6270149090415,2228224.0,22282240.0,10,2
20971520.0,1310720.0,1020.7119504481294,2,1.0000000000000002,0.0,0.0,0.0,0.0,0.9949874371066199,0.0,0.39,100000000.0,0.0,0.0,-2.220446049250313e-16,2.220446049250313e-16,,-0.9908673886137245,0.0,4,0.0,0.0,0.0,0.0,67.65004247426987,0.031102790599495826,9778.620421720989,1.6727506444889428,1.6727506444889428,1278.7054150273793,2228224.0,22282240.0,10,0.20176145463005316,1278.7054150273793,1.0,1672.7506444889427,20971520.0,1310720.0,False,0.12789319061337853,1.177939816807246,0.3406555212763043,0.39,5,5.0,6.0,0.04,2,4,666.0464752669228,0.4211045458344617,0.47912438045578964,,,,,,2.220446049250313e-16,2,0.9908673886137245,-1.672750644488943,delay_only,2097152.0,20971520.0,0.0,0.0,3,0.009375,0,1672.7506444889427,0.046875,4.39250373840332,1606.5785983677329,1020.7119504481294,2228224.0,22282240.0,10,2
20971520.0,1310720.0,828.7971698638372,2,1.0,0.0,0.0,0.0,0.0,0.5253570214625478,0.0,0.28200000000000003,100000000.0,0.0,0.0,0.0,0.0,,-0.9692233691951198,0.0,4,0.0,0.0,0.0,0.0,65.53899217396975,0.026219619417440033,11138.215056611121,1.3595946348901318,1.3595946348901318,868.5343096959508,2228224.0,22282240.0,11,0.04575195175194003,868.5343096959509,1.0,1359.5946348901318,20971520.0,1310720.0,False,0.1361569276701759,1.2540516478448622,0.3560996086583946,0.21,5,5.0,6.0,0.05,2,4,586.8322649328786,0.14106088532490038,0.32434187299024275,,,,,,0.0,2,0.9692233691951198,-1.3595946348901318,delay_only,2097152.0,20971520.0,0.0,0.0,1,,0,1359.5946348901318,0.01875,4.598653435707092,1294.055642716162,828.7971698638372,2228224.0,22282240.0,10,2
20971520.0,1310720.0,694.8421097706147,2,1.0,0.0,0.0,0.0,0.0,0.4404543109109048,0.0,0.24000000000000002,100000000.0,0.0,0.0,0.0,0.0,,-0.9939209163101398,0.0,4,0.0,0.0,0.0,0.0,67.5484649837017,0.022430851127112378,11138.215056611121,1.1191229371188938,1.1191229371188938,653.3462140637288,2228224.0,22282240.0,11,-0.06351287390002133,653.3462140637288,1.0,1359.5946348901318,20971520.0,1310720.0,False,0.1275606191885889,1.1748767207869402,0.30998091622683294,0.17,5,5.0,6.0,0.05,2,4,488.11672468405294,-0.25114097890561043,0.2528972936905378,,,,,,0.0,2,0.9939209163101398,-1.1191229371188938,delay_only,2097152.0,20971520.0,0.0,0.0,2,,0,1119.1229371188938,0.01875,4.577516973018646,1051.574472135192,694.8421097706147,2228224.0,22282240.0,10,2
20971520.0,1310720.0,787.3694637435269,2,0.9999999999999999,0.0,0.0,0.0,0.0,0.6557438524302001,0.0,0.32,100000000.0,0.0,0.0,1.1102230246251565e-16,0.0,,-0.9878044218151566,0.0,4,0.0,0.0,0.0,0.0,67.64276418834925,0.024453971806488915,11138.215056611121,1.2486969598036397,1.2486969598036397,836.7114468989357,2228224.0,22282240.0,11,0.05897132558456407,836.7114468989357,1.0,1359.5946348901318,20971520.0,1310720.0,False,0.1297271544512076,1.1948312479835472,0.3491012369152225,0.25,5,5.0,6.0,0.05,2,4,531.0761035478464,0.16144069797166333,0.3652816565183269,,,,,,0.0,2,0.9878044218151566,-1.2486969598036397,delay_only,2097152.0,20971520.0,0.0,0.0,3,,0,1248.6969598036396,0.0078125,4.579301118850708,1181.0541956152904,787.369463743527,2228224.0,22282240.0,10,2
20971520.0,1310720.0,708.9091631517003,2,1.0,0.0,0.0,0.0,0.0,0.5059644256269407,0.0,0.25400000000000006,100000000.0,0.0,0.0,0.0,0.0,,-0.9847319278346618,0.0,4,0.0,0.0,0.0,0.0,67.47558666393161,0.02444557679892645,12632.705447714403,1.2479925017952245,1.2479925017952245,792.5415771152548,2228224.0,22282240.0,12,0.10552432374332367,792.5415771152549,1.0,1494.4903911032811,20971520.0,1310720.0,False,0.1294391608706839,1.1921787290819799,0.3251631492568784,0.21,5,5.0,6.0,0.06,2,4,540.8628186426417,0.3322982617647293,0.3175590602939597,,,,,,0.0,2,0.9847319278346618,-1.2479925017952245,delay_only,2097152.0,20971520.0,0.0,0.0,1,,0,1247.9925017952244,0.01875,4.462870717048645,1180.5169151312928,708.9091631517003,2228224.0,22282240.0,10,2
20971520.0,1310720.0,603.213235696237,2,1.0,0.0,0.0,0.0,0.0,0.20493901531919198,0.0,0.11399999999999998,100000000.0,0.0,0.0,0.0,0.0,,-0.9816498172140428,0.0,4,0.0,0.0,0.0,0.0,67.64247501268983,0.022256532790512887,12632.705447714403,1.1080605736055147,1.1080605736055147,585.8100028207231,2228224.0,22282240.0,12,-0.02970798175469189,585.810002820723,1.0,1494.4903911032811,20971520.0,1310720.0,False,0.12100020660617035,1.11445308792227,0.2797690998333479,0.13,5,5.0,6.0,0.06,2,4,503.35894744451514,-0.21107350046772047,0.14074709373209612,,,,,,0.0,2,0.9816498172140428,-1.1080605736055147,delay_only,2097152.0,20971520.0,0.0,0.0,2,,0,1108.0605736055147,0.03125,4.527067482471466,1040.418098592825,603.2132356962371,2228224.0,22282240.0,10,2
20971520.0,1310720.0,930.6810853689516,2,1.0,0.0,0.0,0.0,0.0,0.9602083107326244,0.0,0.378,100000000.0,0.0,0.0,0.0,0.0,,-0.9660917830792959,0.0,4,0.0,0.0,0.0,0.0,67.57335225120187,0.028319305062318896,12632.705447714403,1.4944903911032812,1.4944903911032812,1130.8447898241573,2228224.0,22282240.0,12,0.17700369339485625,1130.8447898241573,1.0,1494.4903911032811,20971520.0,1310720.0,False,0.12870267695281448,1.1853954615199158,0.34438334365609363,0.38,5,5.0,6.0,0.05,2,4,591.9960155113291,0.37146545375456475,0.47650108941706976,,,,,,0.0,2,0.9660917830792959,-1.4944903911032812,delay_only,2097152.0,20971520.0,0.0,0.0,3,,0,1494.4903911032811,0.01875,4.503224790096283,1428.4355239884094,930.6810853689516,2228224.0,22282240.0,10,2
20971520.0,1310720.0,912.451669633734,2,1.0,0.0,0.0,0.0,0.0,0.7668115805072324,0.0,0.35999999999999993,100000000.0,0.0,0.0,0.0,0.0,,-0.9908673886137245,0.0,4,0.0,0.0,0.0,0.0,64.44718269631267,0.02595988027323793,13974.584967897943,1.3418795201835403,1.3418795201835403,950.6716271843469,2228224.0,22282240.0,13,0.04020311162941828,950.671627184347,1.0,1341.8795201835403,20971520.0,1310720.0,False,0.1393128970218294,1.2831191997771159,0.37063338474098084,0.3,5,5.0,6.0,0.04,2,4,548.9211507872712,0.09513357119914846,0.42259647275575146,,,,,,0.0,2,0.9908673886137245,-1.3418795201835403,delay_only,2097152.0,20971520.0,0.0,0.0,1,,0,1341.8795201835403,0.025,4.449696481227875,1277.4323374872276,912.451669633734,2228224.0,22282240.0,10,2
20971520.0,1310720.0,565.5999858628845,2,1.0,0.0,0.0,0.0,0.0,0.29325756597230357,0.0,0.148,100000000.0,0.0,0.0,0.0,0.0,,-0.975456381144309,0.0,4,0.0,0.0,0.0,0.0,67.59315030649304,0.021268043568499394,13974.584967897943,1.0447479386904543,1.0447479386904543,602.8084382801547,2228224.0,22282240.0,13,0.06172516848541132,602.8084382801547,1.0,1341.8795201835403,20971520.0,1310720.0,False,0.1257452055712583,1.1581561434554046,0.3016206275757696,0.17,5,5.0,6.0,0.07,2,4,469.8833271986385,0.27992041619925484,0.22050970530664576,,,,,,0.0,2,0.975456381144309,-1.0447479386904543,delay_only,2097152.0,20971520.0,0.0,0.0,2,,0,1044.7479386904542,0.028125,4.401274144649506,977.1547883839613,565.5999858628845,2228224.0,22282240.0,10,2
20971520.0,1310720.0,654.2190746649288,2,1.0000000000000002,0.0,0.0,0.0,0.0,0.7456540752922898,0.0,0.284,100000000.0,0.0,0.0,-2.220446049250313e-16,2.220446049250313e-16,,-0.9816498172140428,0.0,4,0.0,0.0,0.0,0.0,67.52877309918404,0.022891164751254134,13974.584967897943,1.1470361670178844,1.1470361670178844,823.6453669182969,2228224.0,22282240.0,13,0.20570296277788036,823.6453669182969,1.0,1341.8795201835403,20971520.0,1310720.0,False,0.11942154993904364,1.0999131226875436,0.30164217431131535,0.32,5,5.0,6.0,0.06,2,4,486.17738113190825,0.5020514519579109,0.40972486380763484,,,,,,2.220446049250313e-16,2,0.9816498172140428,-1.1470361670178846,delay_only,2097152.0,20971520.0,0.0,0.0,3,,0,1147.0361670178843,0.0171875,4.441601872444153,1081.0345440802646,654.2190746649288,2228224.0,22282240.0,10,2
20971520.0,1310720.0,703.450107347091,2,1.0,0.0,0.0,0.0,0.0,0.6942621983083911,0.0,0.2919999999999999,100000000.0,0.0,0.0,0.0,0.0,,-0.9908673886137245,0.0,4,0.0,0.0,0.0,0.0,66.02146243676543,0.02286990400319229,15473.922647192645,1.1456953186410719,1.1456953186410719,803.2945152668483,2228224.0,22282240.0,14,0.12429365073728867,803.2945152668483,1.0,1499.3376792947017,20971520.0,1310720.0,False,0.12396439600085071,1.1417542811742782,0.2999509252841126,0.3,5,5.0,6.0,0.05,2,4,480.3878414243732,0.3092051543303338,0.40197793923092817,,,,,,0.0,2,0.9908673886137245,-1.1456953186410719,delay_only,2097152.0,20971520.0,0.0,0.0,1,,0,1145.695318641072,0.0171875,4.4068111181259155,1079.6738562043065,703.4501073470911,2228224.0,22282240.0,10,2
20971520.0,1310720.0,884.483707541422,2,1.0,0.0,0.0,0.0,0.0,0.8461678320522471,0.0,0.32,100000000.0,0.0,0.0,0.0,0.0,,-0.9847319278346618,0.0,4,0.0,0.0,0.0,0.0,64.48324583470821,0.028443350296202992,15473.922647192645,1.4993376792947017,1.4993376792947017,1117.1801036332154,2228224.0,22282240.0,14,0.20828906219779109,1117.1801036332154,1.0,1499.3376792947017,20971520.0,1310720.0,False,0.12557921185666576,1.156627284844399,0.3008561981490501,0.35,5,5.0,6.0,0.05,2,4,622.4113870406441,0.47031347837501347,0.4428728322170427,,,,,,0.0,2,0.9847319278346618,-1.4993376792947017,delay_only,2097152.0,20971520.0,0.0,0.0,2,,0,1499.3376792947017,0.0328125,4.3654584884643555,1436.3744189569913,884.4837075414218,2228224.0,22282240.0,10,2
20971520.0,1310720.0,535.4378240383007,2,1.0,0.0,0.0,0.0,0.0,0.27202941017470883,0.0,0.13599999999999998,100000000.0,0.0,0.0,0.0,0.0,,-0.9847319278346618,0.0,4,0.0,0.0,0.0,0.0,67.46230274438858,0.02098684668425644,15473.922647192645,1.025188445173911,1.025188445173911,603.7977318934543,2228224.0,22282240.0,14,0.11321656946405405,603.7977318934543,1.0,1499.3376792947017,20971520.0,1310720.0,False,0.11896645558043999,1.0957215487434377,0.2995463873559814,0.17,5,5.0,6.0,0.07,2,4,461.1136660834509,0.47909980324068474,0.23631103310467774,,,,,,0.0,2,0.9847319278346618,-1.025188445173911,delay_only,2097152.0,20971520.0,0.0,0.0,3,,0,1025.188445173911,0.0421875,4.38921731710434,959.1581877924121,535.4378240383007,2228224.0,22282240.0,10,2
20971520.0,1310720.0,636.6369570628597,2,0.9999999999999999,0.0,0.0,0.0,0.0,0.3898717737923586,0.0,0.20199999999999999,100000000.0,0.0,0.0,1.1102230246251565e-16,0.0,,-0.9847319278346618,0.0,4,0.0,0.0,0.0,0.0,67.64051364734769,0.022574900906465446,16648.705752465554,1.1284341716611361,1.1284341716611361,687.7958137622542,2228224.0,22282240.0,15,0.07438087827193159,687.795813762254,1.0,1174.78310527291,20971520.0,1310720.0,False,0.12963739095441024,1.1940044956250648,0.3260760325644526,0.19,5,5.0,6.0,0.06,2,4,500.8940870807725,0.2737206210329957,0.2717401341237105,,,,,,0.0,2,0.9847319278346618,-1.1284341716611361,delay_only,2097152.0,20971520.0,0.0,0.0,1,,0,1128.4341716611361,0.0359375,4.327175259590149,1060.7936580137884,636.6369570628597,2228224.0,22282240.0,10,2
20971520.0,1310720.0,627.452796969235,2,1.0000000000000002,0.0,0.0,0.0,0.0,0.36331804249169897,0.0,0.19399999999999998,100000000.0,0.0,0.0,-2.220446049250313e-16,2.220446049250313e-16,,-0.9939209163101398,0.0,4,0.0,0.0,0.0,0.0,67.52704363316298,0.021961324803849637,16648.705752465554,1.0876747295576008,1.0876747295576008,643.1822735773485,2228224.0,22282240.0,15,0.02445570603279646,643.1822735773484,1.0,1174.78310527291,20971520.0,1310720.0,False,0.12728366507315425,1.1723258791163675,0.30870549545748427,0.17,5,5.0,6.0,0.06,2,4,482.03516014039366,0.09760942205314224,0.2505465714107174,,,,,,2.220446049250313e-16,2,0.9939209163101398,-1.087674729557601,delay_only,2097152.0,20971520.0,0.0,0.0,2,,0,1087.6747295576008,0.040625,4.329454958438873,1021.5247874463769,627.4527969692349,2228224.0,22282240.0,10,2
20971520.0,1310720.0,643.1375335469428,2,1.0000000000000002,0.0,0.0,0.0,0.0,0.282842712474619,0.0,0.15999999999999998,100000000.0,0.0,0.0,-2.220446049250313e-16,2.220446049250313e-16,,-0.9969650916353059,0.0,4,0.0,0.0,0.0,0.0,67.67025217413902,0.023298638329668303,16648.705752465554,1.17478310527291,1.17478310527291,653.7010252642401,2228224.0,22282240.0,15,0.01615951529680915,653.7010252642401,1.0,1174.78310527291,20971520.0,1310720.0,False,0.12217317686805534,1.125256543280437,0.3143138845737785,0.15,5,5.0,6.0,0.06,2,4,524.7088571350293,0.08189250456443153,0.19732593822545919,,,,,,2.220446049250313e-16,2,0.9969650916353059,-1.1747831052729103,delay_only,2097152.0,20971520.0,0.0,0.0,3,,0,1174.78310527291,0.028125,4.3197489976882935,1107.112853098771,643.1375335469427,2228224.0,22282240.0,10,2
20971520.0,1310720.0,737.6663121061637,2,1.0000000000000002,0.0,0.0,0.0,0.0,0.6164414002968975,0.0,0.276,100000000.0,0.0,0.0,-2.220446049250313e-16,2.220446049250313e-16,,-0.9816498172140428,0.0,4,0.0,0.0,0.0,0.0,67.51252757385373,0.025130722729210832,17940.5845347089,1.291878782243347,1.291878782243347,882.8281750305741,2228224.0,22282240.0,16,0.16442821721155765,882.8281750305739,1.0,1291.8787822433471,20971520.0,1310720.0,False,0.13418077238601897,1.2358505850498975,0.3469990773971149,0.26,5,5.0,6.0,0.06,2,4,549.6032682221725,0.4356272894327068,0.37745159956733515,,,,,,2.220446049250313e-16,2,0.9816498172140428,-1.2918787822433473,delay_only,2097152.0,20971520.0,0.0,0.0,1,,0,1291.8787822433471,0.0390625,4.293238818645477,1224.3662546694934,737.6663121061636,2228224.0,22282240.0,10,2
20971520.0,1310720.0,651.5355453103001,2,1.0,0.0,0.0,0.0,0.0,0.7197221686178631,0.0,0.28600000000000003,100000000.0,0.0,0.0,0.0,0.0,,-0.975456381144309,0.0,4,0.0,0.0,0.0,0.0,67.54064047709107,0.023375188988523442,17940.5845347089,1.1780745135438069,1.1780745135438069,840.789633005622,2228224.0,22282240.0,16,0.22509089106960534,840.789633005622,1.0,1291.8787822433471,20971520.0,1310720.0,False,0.12273549267653867,1.1304356632731114,0.28776038747815513,0.31,5,5.0,6.0,0.06,2,4,491.93058883122455,0.542494428210129,0.4149183463731704,,,,,,0.0,2,0.975456381144309,-1.1780745135438069,delay_only,2097152.0,20971520.0,0.0,0.0,2,,0,1178.074513543807,0.0421875,4.302212595939636,1112.0120952655002,651.5355453103001,2228224.0,22282240.0,10,2
20971520.0,1310720.0,754.4654282777459,2,1.0,0.0,0.0,0.0,0.0,0.5329165037789692,0.0,0.27,100000000.0,0.0,0.0,0.0,0.0,,-0.9847319278346618,0.0,4,0.0,0.0,0.0,0.0,67.59724067524076,0.02417680119566651,17940.5845347089,1.2292435321961546,1.2292435321961546,810.7954957582153,2228224.0,22282240.0,16,0.06947506217679758,810.7954957582153,1.0,1291.8787822433471,20971520.0,1310720.0,False,0.11619092975312312,1.0701580111626385,0.28676461850319457,0.23,5,5.0,6.0,0.05,2,4,536.1169065721441,0.20507629534353922,0.33877665900105375,,,,,,0.0,2,0.9847319278346618,-1.2292435321961546,delay_only,2097152.0,20971520.0,0.0,0.0,3,,0,1229.2435321961545,0.0546875,4.275229632854462,1163.3152765226566,754.4654282777459,2228224.0,22282240.0,10,2
20971520.0,1310720.0,612.9641730621057,2,1.0,0.0,0.0,0.0,0.0,0.33466401061363016,0.0,0.176,100000000.0,0.0,0.0,0.0,0.0,,-0.9847319278346618,0.0,4,0.0,0.0,0.0,0.0,67.58513767272234,0.02150021093840339,19481.815933858106,1.0581409842564764,1.0581409842564764,637.7229643228823,2228224.0,22282240.0,17,0.038823741100596325,637.7229643228821,1.0,1541.2313991492058,20971520.0,1310720.0,False,0.12730358799045693,1.172509375965928,0.31532847268009284,0.18,5,5.0,6.0,0.06,2,4,470.71384899306685,0.14824814329374716,0.26188348965469865,,,,,,0.0,2,0.9847319278346618,-1.0581409842564764,delay_only,2097152.0,20971520.0,0.0,0.0,1,,0,1058.1409842564765,0.0390625,4.266105532646179,992.0135000578167,612.9641730621057,2228224.0,22282240.0,10,2
20971520.0,1310720.0,1016.0792717061464,2,1.0,0.0,0.0,0.0,0.0,0.6708203932499369,0.0,0.31799999999999995,100000000.0,0.0,0.0,0.0,0.0,,-0.9969650916353059,0.0,4,0.0,0.0,0.0,0.0,67.64316651970148,0.029046616417247283,19481.815933858106,1.5412313991492057,1.5412313991492057,1086.8299110449245,2228224.0,22282240.0,17,0.06509817094632143,1086.8299110449243,1.0,1541.2313991492058,20971520.0,1310720.0,False,0.12631460179413104,1.1634004764745804,0.30424279417805256,0.28,5,5.0,6.0,0.04,2,4,659.2852519548715,0.1654812844332029,0.3933869087932934,,,,,,0.0,2,0.9969650916353059,-1.5412313991492057,delay_only,2097152.0,20971520.0,0.0,0.0,2,,0,1541.2313991492058,0.05,4.2687981724739075,1474.983450703826,1016.0792717061466,2228224.0,22282240.0,10,2
20971520.0,1310720.0,729.3518336776737,2,1.0,0.0,0.0,0.0,0.0,0.4312771730569565,0.0,0.22599999999999998,100000000.0,0.0,0.0,0.0,0.0,,-0.9660917830792959,0.0,4,0.0,0.0,0.0,0.0,64.39866870641708,0.02329597204200872,19481.815933858106,1.1713408793949753,1.1713408793949753,692.4283835479458,2228224.0,22282240.0,17,-0.05332457624070111,692.4283835479458,1.0,1541.2313991492058,20971520.0,1310720.0,False,0.12999948755354762,1.1973395285506552,0.3503553772009889,0.17,5,5.0,6.0,0.05,2,4,517.9854902767881,-0.2116649720566908,0.25192914879850337,,,,,,0.0,2,0.9660917830792959,-1.1713408793949753,delay_only,2097152.0,20971520.0,0.0,0.0,3,,0,1171.3408793949752,0.0453125,4.23921537399292,1106.9422106885581,729.3518336776737,2228224.0,22282240.0,10,2
20971520.0,1310720.0,580.9741701554808,2,1.0,0.0,0.0,0.0,0.0,0.3193743884534262,0.0,0.16199999999999998,100000000.0,0.0,0.0,0.0,0.0,,-0.9908673886137245,0.0,4,0.0,0.0,0.0,0.0,67.63713108375669,0.02143212639475496,20548.35358076879,1.0539570392774185,1.0539570392774185,629.7666932951805,2228224.0,22282240.0,18,0.07747714139088328,629.7666932951805,1.0,1066.5376469106852,20971520.0,1310720.0,False,0.13189904600320082,1.2148351084284243,0.3364913389769474,0.18,5,5.0,6.0,0.07,2,4,469.1126918658311,0.30371184474454027,0.25510082247879157,,,,,,0.0,2,0.9908673886137245,-1.0539570392774185,delay_only,2097152.0,20971520.0,0.0,0.0,1,,0,1053.9570392774185,0.0328125,4.3191328048706055,987.6560892643174,580.9741701554808,2228224.0,22282240.0,10,2
20971520.0,1310720.0,567.0210383532662,2,1.0,0.0,0.0,0.0,0.0,0.36606010435446257,0.0,0.184,100000000.0,0.0,0.0,0.0,0.0,,-0.9847319278346618,0.0,4,0.0,0.0,0.0,0.0,64.45865891873837,0.021657484187374176,20548.35358076879,1.0665376469106853,1.0665376469106853,652.3377995663568,2228224.0,22282240.0,18,0.1307861682548599,652.3377995663568,1.0,1066.5376469106852,20971520.0,1310720.0,False,0.11659674939705571,1.073895748212892,0.2594904300689333,0.19,5,5.0,6.0,0.07,2,4,471.84418285623076,0.4726857534807443,0.27668734945316625,,,,,,0.0,2,0.9847319278346618,-1.0665376469106853,delay_only,2097152.0,20971520.0,0.0,0.0,2,,0,1066.5376469106852,0.0515625,4.228738963603973,1002.078987991947,567.0210383532662,2228224.0,22282240.0,10,2
20971520.0,1310720.0,562.0015165354645,2,1.0000000000000002,0.0,0.0,0.0,0.0,0.2529822128134702,0.0,0.13999999999999993,100000000.0,0.0,0.0,-2.220446049250313e-16,2.220446049250313e-16,,-0.9816498172140428,0.0,4,0.0,0.0,0.0,0.0,66.83706725016236,0.021058139273133727,20548.35358076879,1.0298177716020132,1.0298177716020132,578.232548088335,2228224.0,22282240.0,18,0.0280700759694886,578.232548088335,1.0,1066.5376469106852,20971520.0,1310720.0,False,0.12860531315264992,1.1844987077804912,0.34393496688922287,0.15,5,5.0,6.0,0.07,2,4,462.8565088367382,0.14067939633008245,0.19953224638259398,,,,,,2.220446049250313e-16,2,0.9816498172140428,-1.0298177716020134,delay_only,2097152.0,20971520.0,0.0,0.0,3,,0,1029.8177716020132,0.06875,4.201772749423981,963.7209134805585,562.0015165354645,2228224.0,22282240.0,10,2
20971520.0,1310720.0,851.6549571893845,2,1.0,0.0,0.0,0.0,0.0,0.8136338242723198,0.0,0.30999999999999994,100000000.0,0.0,0.0,0.0,0.0,,-0.9816498172140428,0.0,4,0.0,0.0,0.0,0.0,64.42561838775873,0.026487745802230803,21922.579049636697,1.3742254688679065,1.3742254688679065,1013.212156037596,2228224.0,22282240.0,19,0.15945051377987682,1013.212156037596,1.0,1374.2254688679066,20971520.0,1310720.0,False,0.12491688316687634,1.1505270121733133,0.3043372908694614,0.34,5,5.0,6.0,0.05,2,4,573.3026562685951,0.3672509889717,0.4341731365416797,,,,,,0.0,2,0.9816498172140428,-1.3742254688679065,delay_only,2097152.0,20971520.0,0.0,0.0,1,,0,1374.2254688679066,0.040625,4.246337473392487,1311.2157313427713,851.6549571893845,2228224.0,22282240.0,10,2
20971520.0,1310720.0,542.5455629990063,2,1.0,0.0,0.0,0.0,0.0,0.19999999999999996,0.0,0.10999999999999996,100000000.0,0.0,0.0,0.0,0.0,,-0.9660917830792959,0.0,4,0.0,0.0,0.0,0.0,67.56513752043247,0.021438780336169,21922.579049636697,1.0542233103360792,1.0542233103360792,534.0232093904823,2228224.0,22282240.0,19,-0.015958770065913595,534.0232093904823,1.0,1374.2254688679066,20971520.0,1310720.0,False,0.12103660524389089,1.1147883317647524,0.2799367218983728,0.12,5,5.0,6.0,0.07,2,4,472.20495753812367,-0.13786144630679598,0.1157594852907538,,,,,,0.0,2,0.9660917830792959,-1.0542233103360792,delay_only,2097152.0,20971520.0,0.0,0.0,2,,0,1054.2233103360793,0.0484375,4.200255632400513,988.0819415148159,542.5455629990063,2228224.0,22282240.0,10,2
20971520.0,1310720.0,640.4476829008647,2,1.0,0.0,0.0,0.0,0.0,0.4939635614091387,0.0,0.24,100000000.0,0.0,0.0,0.0,0.0,,-0.9908673886137245,0.0,4,0.0,0.0,0.0,0.0,67.57343653589487,0.02205577544854858,21922.579049636697,1.09392410061845,1.09392410061845,685.5460988744181,2228224.0,22282240.0,19,0.06578465846075031,685.5460988744181,1.0,1374.2254688679066,20971520.0,1310720.0,False,0.12855512416632714,1.184036450133534,0.3437038379857488,0.21,5,5.0,6.0,0.06,2,4,479.9905960830637,0.21939775564816535,0.2998419845563284,,,,,,0.0,2,0.9908673886137245,-1.09392410061845,delay_only,2097152.0,20971520.0,0.0,0.0,3,,0,1093.92410061845,0.06875,4.188537120819092,1027.569628707109,640.4476829008648,2228224.0,22282240.0,10,2
20971520.0,1310720.0,718.7873216402108,2,1.0,0.0,0.0,0.0,0.0,0.6131883886702357,0.0,0.288,100000000.0,0.0,0.0,0.0,0.0,,-0.9908673886137245,0.0,4,0.0,0.0,0.0,0.0,66.8698949739337,0.023253532468865384,23986.86503521466,1.1710959729813184,1.1710959729813184,791.8757824274322,2228224.0,22282240.0,20,0.09229788611942942,791.8757824274321,1.0,2064.285985577963,20971520.0,1310720.0,False,0.12394482570080875,1.14157403204971,0.2998608007005365,0.26,5,5.0,6.0,0.05,2,4,504.9277264553738,0.25470972625909066,0.3623649849379683,,,,,,0.0,2,0.9908673886137245,-1.1710959729813184,delay_only,2097152.0,20971520.0,0.0,0.0,1,0.0359375,0,1171.0959729813185,0.0484375,4.166973263025284,1104.2260780073848,718.787321640211,2228224.0,22282240.0,10,2
20971520.0,1310720.0,1533.341358702606,2,1.0,0.0,0.0,0.0,0.0,1.901052340152685,0.0,0.5979999999999999,100000000.0,0.0,0.0,0.0,0.0,,-0.937436866561092,0.0,4,0.0,0.0,0.0,0.0,64.47574542835355,0.037270169615339827,23986.86503521466,2.0642859855779627,2.0642859855779627,1741.3829520854179,2228224.0,22282240.0,20,0.11946918001790977,1741.3829520854179,1.0,2064.285985577963,20971520.0,1310720.0,False,0.11923234197257741,1.0981704529153002,0.2716277823019769,0.67,5,5.0,6.0,0.03,2,4,625.5527515036005,0.18644556606761017,0.6407724385067276,,,,,,0.0,2,0.937436866561092,-2.0642859855779627,delay_only,2097152.0,20971520.0,0.0,0.0,2,0.0359375,0,2064.285985577963,0.071875,4.113860785961151,2001.290855381749,1533.3413587026062,2228224.0,22282240.0,10,2
20971520.0,1310720.0,569.8166021324686,2,1.0,0.0,0.0,0.0,0.0,0.264575131106459,0.0,0.142,100000000.0,0.0,0.0,0.0,0.0,,-0.9908673886137245,0.0,4,0.0,0.0,0.0,0.0,67.62183783575892,0.02158940608045133,23986.86503521466,1.0636516478598417,1.0636516478598417,613.9827625531601,2228224.0,22282240.0,20,0.07193387683561805,613.9827625531601,1.0,2064.285985577963,20971520.0,1310720.0,False,0.12217317686805534,1.125256543280437,0.3143138845737785,0.16,5,5.0,6.0,0.07,2,4,471.71163148081285,0.3104365593201921,0.23171844512496237,,,,,,0.0,2,0.9908673886137245,-1.0636516478598417,delay_only,2097152.0,20971520.0,0.0,0.0,3,0.0359375,0,1063.6516478598417,0.046875,4.175384879112244,997.7219891488851,569.8166021324687,2228224.0,22282240.0,10,2
20971520.0,1310720.0,602.7517352793792,2,1.0,0.0,0.0,0.0,0.0,0.22803508501982755,0.0,0.12199999999999997,100000000.0,0.0,0.0,0.0,0.0,,-0.9660917830792959,0.0,4,0.0,0.0,0.0,0.0,67.00784806162119,0.022529726800202043,25714.72130944279,1.124910363274552,1.124910363274552,630.3343236340593,2228224.0,22282240.0,21,0.04375866476008857,630.3343236340592,1.0,1727.8562742281297,20971520.0,1310720.0,False,0.13526211882437797,1.2458101538072082,0.35197886166453096,0.15,5,5.0,6.0,0.07,2,4,511.6566370629491,0.23241595915465413,0.18827736666297817,,,,,,0.0,2,0.9660917830792959,-1.124910363274552,delay_only,2097152.0,20971520.0,0.0,0.0,1,,0,1124.910363274552,0.04375,4.304078280925751,1057.902515212931,602.7517352793792,2228224.0,22282240.0,10,2
20971520.0,1310720.0,1174.765545197197,2,1.0000000000000002,0.0,0.0,0.0,0.0,1.5381807436059,0.0,0.5099999999999999,100000000.0,0.0,0.0,-2.220446049250313e-16,2.220446049250313e-16,,-0.9341987329938275,0.0,4,0.0,0.0,0.0,0.0,64.22586273401976,0.03201623402733175,25714.72130944279,1.7278562742281296,1.7278562742281296,1412.7603447569243,2228224.0,22282240.0,21,0.16846084365475017,1412.760344756924,1.0,1727.8562742281297,20971520.0,1310720.0,False,0.12371104002756127,1.1394207864250092,0.2922529491657183,0.56,5,5.0,6.0,0.04,2,4,594.3465115706349,0.29080006948703935,0.5793012496589458,,,,,,2.220446049250313e-16,2,0.9341987329938275,-1.7278562742281298,delay_only,2097152.0,20971520.0,0.0,0.0,2,,0,1727.8562742281297,0.05625,4.291814804077148,1665.0389777492323,1174.765545197197,2228224.0,22282240.0,10,2
20971520.0,1310720.0,610.3040893611436,2,1.0,0.0,0.0,0.0,0.0,0.3065941943351178,0.0,0.16599999999999998,100000000.0,0.0,0.0,0.0,0.0,,-0.9847319278346618,0.0,4,0.0,0.0,0.0,0.0,73.51324893534184,0.022211202373655384,25714.72130944279,1.111030200849286,1.111030200849286,622.8694427342259,2228224.0,22282240.0,21,0.02017333410662086,622.8694427342259,1.0,1727.8562742281297,20971520.0,1310720.0,False,0.12327516380403594,1.1354062180462894,0.3193887219503614,0.16,5,5.0,6.0,0.07,2,4,497.710739735635,0.10039536262391399,0.2009389037439027,,,,,,0.0,2,0.9847319278346618,-1.111030200849286,delay_only,2097152.0,20971520.0,0.0,0.0,3,,0,1111.030200849286,0.04375,4.290884494781494,1037.5169519139442,610.3040893611436,2228224.0,22282240.0,10,2
20971520.0,1310720.0,747.7857704444608,2,1.0000000000000002,0.0,0.0,0.0,0.0,0.9380831519646856,0.0,0.31999999999999995,100000000.0,0.0,0.0,-2.220446049250313e-16,2.220446049250313e-16,,-0.9045340337332909,0.0,4,0.0,0.0,0.0,0.0,72.71310267969966,0.024694644261111523,26983.891644833628,1.269170335390837,1.269170335390837,946.534691729017,2228224.0,22282240.0,22,0.20997531629982344,946.534691729017,1.0,1269.170335390837,20971520.0,1310720.0,False,0.14679217786553797,1.3520059220852731,0.4050767458134838,0.38,5,5.0,6.0,0.06,2,4,523.2683816920936,0.4695599828562271,0.44717464001636414,,,,,,2.220446049250313e-16,2,0.9045340337332909,-1.2691703353908372,delay_only,2097152.0,20971520.0,0.0,0.0,1,,0,1269.170335390837,0.0609375,4.205469131469727,1196.4572327111373,747.7857704444608,2228224.0,22282240.0,10,2
20971520.0,1310720.0,647.2926318263461,2,0.9999999999999999,0.0,0.0,0.0,0.0,0.4774934554525329,0.0,0.22399999999999998,100000000.0,0.0,0.0,1.1102230246251565e-16,0.0,,-0.9908673886137245,0.0,4,0.0,0.0,0.0,0.0,71.73762982711196,0.022636300202146423,26983.891644833628,1.133747580660985,1.133747580660985,742.0798150775615,2228224.0,22282240.0,22,0.12773179020009903,742.0798150775615,1.0,1269.170335390837,20971520.0,1310720.0,False,0.11999135050457697,1.10516117984025,0.2751231458516773,0.23,5,5.0,6.0,0.06,2,4,495.5559651210512,0.3844949819984434,0.3322066507505582,,,,,,0.0,2,0.9908673886137245,-1.133747580660985,delay_only,2097152.0,20971520.0,0.0,0.0,2,,0,1133.747580660985,0.0625,4.244265377521515,1064.723212937371,647.2926318263461,2228224.0,22282240.0,10,2
20971520.0,1310720.0,598.2785923164186,2,1.0,0.0,0.0,0.0,0.0,0.29664793948382645,0.0,0.13999999999999999,100000000.0,0.0,0.0,0.0,0.0,,-0.9660917830792959,0.0,4,0.0,0.0,0.0,0.0,74.20895155519247,0.02189177510840487,26983.891644833628,1.0902147976269685,1.0902147976269685,652.9157067487766,2228224.0,22282240.0,22,0.08368172777528368,652.9157067487766,1.0,1269.170335390837,20971520.0,1310720.0,False,0.121882740341827,1.1225815240174195,0.31297637494215286,0.18,5,5.0,6.0,0.07,2,4,489.67655212642563,0.33470593840527685,0.2500156650162511,,,,,,0.0,2,0.9660917830792959,-1.0902147976269685,delay_only,2097152.0,20971520.0,0.0,0.0,3,,0,1090.2147976269684,0.0578125,4.229143738746643,1017.0736069379113,598.2785923164184,2228224.0,22282240.0,10,2
20971520.0,1310720.0,875.3399841183251,2,1.0,0.0,0.0,0.0,0.0,1.0188228501560024,0.0,0.374,100000000.0,0.0,0.0,0.0,0.0,,-0.9341987329938275,0.0,4,0.0,0.0,0.0,0.0,75.86446590721607,0.02588302116880461,32041.778547931586,1.3457278419761582,1.3457278419761582,1018.010683842796,2228224.0,22282240.0,23,0.1401465642638602,1018.0106838427959,1.0,5057.8869030979595,20971520.0,1310720.0,False,0.13844637064781048,1.2751381969311075,0.36664288327271755,0.4,5,5.0,6.0,0.04,2,4,534.861529946559,0.2952932827760084,0.47460126063946706,,,,,,0.0,2,0.9341987329938275,-1.3457278419761582,delay_only,2097152.0,20971520.0,0.0,0.0,1,,0,1345.7278419761583,0.053125,4.098008871078491,1272.513354803495,875.3399841183251,2228224.0,22282240.0,10,2
20971520.0,1310720.0,681.149553764986,2,1.0,0.0,0.0,0.0,0.0,0.565685424949238,0.0,0.25999999999999995,100000000.0,0.0,0.0,0.0,0.0,,-0.9660917830792959,0.0,4,0.0,0.0,0.0,0.0,76.29774510860443,0.024111029608119575,32041.778547931586,1.232007245365698,1.232007245365698,827.9327820854662,2228224.0,22282240.0,23,0.17728882283263414,827.9327820854661,1.0,5057.8869030979595,20971520.0,1310720.0,False,0.11498624996541282,1.0590625002785867,0.2520738062458725,0.25,5,5.0,6.0,0.06,2,4,527.8167541382447,0.4890882680424302,0.362488398141772,,,,,,0.0,2,0.9660917830792959,-1.232007245365698,delay_only,2097152.0,20971520.0,0.0,0.0,2,,0,1232.007245365698,0.06875,4.0813723504543304,1159.1058949196527,681.1495537649859,2228224.0,22282240.0,10,2
20971520.0,1310720.0,4460.110330472199,2,1.0,0.0,0.0,0.0,0.0,2.600384586940939,0.6,0.7979999999999999,100000000.0,0.0,0.0,0.0,0.0,,-0.873862897505303,0.0,4,0.0,0.0,0.0,0.0,74.0058459341526,0.08388447265801537,32041.778547931586,5.05788690309796,5.05788690309796,4475.972959285127,2228224.0,22282240.0,23,0.0035439509928274463,4475.972959285126,1.0,5057.8869030979595,20971520.0,1310720.0,False,0.12470089931912749,1.1485377274206974,0.3259544766112753,0.88,5,5.0,6.0,0.01,2,4,839.0994012432608,0.004361611301512486,0.8125325132935396,,,,,,0.0,2,0.873862897505303,-5.05788690309796,delay_only,2097152.0,20971520.0,0.0,0.0,3,,0,5057.8869030979595,0.05625,4.104093968868256,4984.606250112983,4460.110330472199,2228224.0,22282240.0,10,2
20971520.0,1310720.0,548.5740024273363,2,1.0,0.0,0.0,0.0,0.0,0.19493588689617927,0.0,0.10999999999999999,100000000.0,0.0,0.0,0.0,0.0,,-0.9878044218151566,0.0,4,0.0,0.0,0.0,0.0,68.87582503259182,0.021542081756225528,34530.08741414436,1.0635690574310255,1.0635690574310255,545.1487773560004,2228224.0,22282240.0,24,-0.0062831014460828834,545.1487773560004,1.0,2488.308866212768,20971520.0,1310720.0,False,0.13083347573721146,1.2050208435884053,0.3315842065993355,0.13,5,5.0,6.0,0.07,2,4,479.5433953319737,-0.052209513391468086,0.12034399552763594,,,,,,0.0,2,0.9878044218151566,-1.0635690574310255,delay_only,2097152.0,20971520.0,0.0,0.0,1,,0,1063.5690574310254,0.053125,4.132324039936066,994.6932323984338,548.5740024273362,2228224.0,22282240.0,10,2
20971520.0,1310720.0,682.2980622381006,2,1.0,0.0,0.0,0.0,0.0,0.5813776741499452,0.0,0.276,100000000.0,0.0,0.0,0.0,0.0,,-0.9692233691951198,0.0,4,0.0,0.0,0.0,0.0,67.55148945376277,0.023057451555952513,34530.08741414436,1.1576537260550313,1.1576537260550313,761.692096763197,2228224.0,22282240.0,24,0.10423376435502046,761.692096763197,1.0,2488.308866212768,20971520.0,1310720.0,False,0.12050228957842461,1.109867102619729,0.27747610721364785,0.24,5,5.0,6.0,0.06,2,4,495.6168936913891,0.2983894538404986,0.3493212076145884,,,,,,0.0,2,0.9692233691951198,-1.1576537260550313,delay_only,2097152.0,20971520.0,0.0,0.0,2,,0,1157.6537260550313,0.084375,4.002656638622284,1091.6768995809607,682.2980622381006,2228224.0,22282240.0,10,2
20971520.0,1310720.0,1923.1762877791189,2,1.0,0.0,0.0,0.0,0.0,2.067849124090053,0.0,0.6519999999999998,100000000.0,0.0,0.0,0.0,0.0,,-0.9534625892455922,0.0,4,0.0,0.0,0.0,0.0,66.66254438459873,0.043862482512466806,34530.08741414436,2.488308866212768,2.488308866212768,2127.686822163989,2228224.0,22282240.0,24,0.09611872022446896,2127.686822163989,1.0,2488.308866212768,20971520.0,1310720.0,False,0.12805919611514804,1.1794687839821636,0.3414200049102297,0.72,5,5.0,6.0,0.02,2,4,682.7572785704938,0.14153668273420347,0.6791081885462412,,,,,,0.0,2,0.9534625892455922,-2.488308866212768,delay_only,2097152.0,20971520.0,0.0,0.0,3,,0,2488.308866212768,0.065625,4.144411474466324,2423.1988807978755,1923.1762877791189,2228224.0,22282240.0,10,2
20971520.0,1310720.0,998.1632352945263,2,1.0000000000000002,0.0,0.0,0.0,0.0,1.3386560424545204,0.0,0.45599999999999985,100000000.0,0.0,0.0,-2.220446049250313e-16,2.220446049250313e-16,,-0.9816498172140428,0.0,4,0.0,0.0,0.0,0.0,64.43055253475904,0.029477645600137353,36096.02558852872,1.565938174384359,1.565938174384359,1252.1410986739922,2228224.0,22282240.0,25,0.20283485914520857,1252.1410986739922,1.0,1565.938174384359,20971520.0,1310720.0,False,0.13680498250439602,1.2600204534477342,0.35908401150519353,0.5,5,5.0,6.0,0.04,2,4,573.6357616181057,0.3743196250769454,0.5418761014828268,,,,,,2.220446049250313e-16,2,0.9816498172140428,-1.5659381743843592,delay_only,2097152.0,20971520.0,0.0,0.0,1,,0,1565.938174384359,0.0703125,4.143789172172546,1502.5693184087907,998.1632352945263,2228224.0,22282240.0,10,2
20971520.0,1310720.0,643.2247691164396,2,1.0,0.0,0.0,0.0,0.0,0.3847076812334269,0.0,0.18200000000000002,100000000.0,0.0,0.0,0.0,0.0,,-0.9660917830792959,0.0,4,0.0,0.0,0.0,0.0,67.46173370629549,0.023496748136098443,36096.02558852872,1.186051459977653,1.186051459977653,738.6388343285532,2228224.0,22282240.0,25,0.12917553312621047,738.638834328553,1.0,1565.938174384359,20971520.0,1310720.0,False,0.11563116514259232,1.0650023885714632,0.2550437503064097,0.2,5,5.0,6.0,0.07,2,4,528.9470973204736,0.45502062491111506,0.2838894020495092,,,,,,0.0,2,0.9660917830792959,-1.186051459977653,delay_only,2097152.0,20971520.0,0.0,0.0,2,,0,1186.051459977653,0.0765625,4.057089567184448,1119.7918807103001,643.2247691164395,2228224.0,22282240.0,10,2
20971520.0,1310720.0,710.8552650714671,2,1.0,0.0,0.0,0.0,0.0,0.48373546489791297,0.0,0.246,100000000.0,0.0,0.0,0.0,0.0,,-0.9939209163101398,0.0,4,0.0,0.0,0.0,0.0,66.60211971029639,0.02266067027511251,36096.02558852872,1.1328850173174971,1.1328850173174971,721.9634582519623,2228224.0,22282240.0,25,0.015386087832465556,721.9634582519624,1.0,1565.938174384359,20971520.0,1310720.0,False,0.13095332277799446,1.2061246756265906,0.35474795071948434,0.21,5,5.0,6.0,0.05,2,4,490.5800197179143,0.048007727998478605,0.3204918973243881,,,,,,0.0,2,0.9939209163101398,-1.1328850173174971,delay_only,2097152.0,20971520.0,0.0,0.0,3,,0,1132.8850173174972,0.0578125,4.108195543289185,1066.2828976072008,710.8552650714672,2228224.0,22282240.0,10,2
20971520.0,1310720.0,594.3534666617556,2,1.0,0.0,0.0,0.0,0.0,0.4024922359499621,0.0,0.19999999999999996,100000000.0,0.0,0.0,0.0,0.0,,-0.9660917830792959,0.0,4,0.0,0.0,0.0,0.0,64.21335320919752,0.021833237144615082,37310.791561681384,1.0762080881883829,1.0762080881883829,642.3557740127019,2228224.0,22282240.0,26,0.07472853719533493,642.3557740127019,1.0,1214.7659731526671,20971520.0,1310720.0,False,0.1294979056824376,1.192719788793319,0.32543367917987054,0.18,5,5.0,6.0,0.07,2,4,478.82648927853313,0.29353951757924157,0.25457743411042366,,,,,,0.0,2,0.9660917830792959,-1.0762080881883829,delay_only,2097152.0,20971520.0,0.0,0.0,1,,0,1076.2080881883828,0.06875,4.008345931768417,1013.3271772553651,594.3534666617556,2228224.0,22282240.0,10,2
20971520.0,1310720.0,575.6793468402167,2,1.0,0.0,0.0,0.0,0.0,0.20000000000000004,0.0,0.106,100000000.0,0.0,0.0,0.0,0.0,,-0.975456381144309,0.0,4,0.0,0.0,0.0,0.0,66.66499702259898,0.02039198367100542,37310.791561681384,0.9877519519669458,0.9877519519669458,532.7666022395337,2228224.0,22282240.0,26,-0.08054698703014673,532.7666022395337,1.0,1214.7659731526671,20971520.0,1310720.0,False,0.11637745816444282,1.071876001319937,0.2584805566697811,0.14,5,5.0,6.0,0.06,2,4,447.5804632923105,-0.5037526659973351,0.15989391712831716,,,,,,0.0,2,0.975456381144309,-0.9877519519669458,delay_only,2097152.0,20971520.0,0.0,0.0,2,,0,987.7519519669457,0.0640625,4.080292165279388,921.0869549443468,575.6793468402167,2228224.0,22282240.0,10,2
20971520.0,1310720.0,708.4572861084923,2,1.0,0.0,0.0,0.0,0.0,0.5272570530585627,0.0,0.252,100000000.0,0.0,0.0,0.0,0.0,,-0.9847319278346618,0.0,4,0.0,0.0,0.0,0.0,64.26745699718595,0.023976539314929393,37310.791561681384,1.2147659731526672,1.2147659731526672,809.6334209551939,2228224.0,22282240.0,26,0.12496536361769166,809.6334209551937,1.0,1214.7659731526671,20971520.0,1310720.0,False,0.12805919611514804,1.1794687839821636,0.3414200049102297,0.24,5,5.0,6.0,0.06,2,4,532.0454287841128,0.36448311058190613,0.34285639029523596,,,,,,0.0,2,0.9847319278346618,-1.2147659731526672,delay_only,2097152.0,20971520.0,0.0,0.0,3,,0,1214.7659731526671,0.08125,3.952019304037094,1150.4985161554812,708.4572861084922,2228224.0,22282240.0,10,2
20971520.0,1310720.0,619.1519217270207,2,1.0,0.0,0.0,0.0,0.0,0.28982753492378877,0.0,0.15000000000000002,100000000.0,0.0,0.0,0.0,0.0,,-0.9847319278346618,0.0,4,0.0,0.0,0.0,0.0,66.67997362092137,0.023108355538807572,39143.801955778246,1.1610291106070427,1.1610291106070427,689.4033639341718,2228224.0,22282240.0,27,0.10190179781869904,689.4033639341717,1.0,1833.0103940968597,20971520.0,1310720.0,False,0.12890040251521273,1.1872165812498443,0.32268207537926635,0.17,5,5.0,6.0,0.07,2,4,524.8270993921658,0.4268625393986884,0.23872274658311737,,,,,,0.0,2,0.9847319278346618,-1.1610291106070427,delay_only,2097152.0,20971520.0,0.0,0.0,1,,0,1161.0291106070426,0.0890625,3.965911626815796,1094.9347544836846,619.1519217270206,2228224.0,22282240.0,10,2
20971520.0,1310720.0,634.2820539474804,2,1.0,0.0,0.0,0.0,0.0,0.3,0.0,0.15799999999999997,100000000.0,0.0,0.0,0.0,0.0,,-0.9816498172140428,0.0,4,0.0,0.0,0.0,0.0,64.2581102438271,0.02198947923139668,39143.801955778246,1.086176449957042,1.086176449957042,644.3167927318365,2228224.0,22282240.0,27,0.015574231337056665,644.3167927318365,1.0,1833.0103940968597,20971520.0,1310720.0,False,0.12452096382834622,1.1468804603056033,0.29598278604728734,0.17,5,5.0,6.0,0.06,2,4,486.51303374129924,0.06358998574272078,0.24491641498503505,,,,,,0.0,2,0.9816498172140428,-1.086176449957042,delay_only,2097152.0,20971520.0,0.0,0.0,2,,0,1086.176449957042,0.0671875,3.9679479598999023,1023.3266708093873,634.2820539474806,2228224.0,22282240.0,10,2
20971520.0,1310720.0,1266.0327276812745,2,1.0,0.0,0.0,0.0,0.0,1.6413409152275464,0.0,0.5539999999999999,100000000.0,0.0,0.0,0.0,0.0,,-0.9629500128629352,0.0,4,0.0,0.0,0.0,0.0,70.56552963331342,0.03357700112806227,39143.801955778246,1.8330103940968596,1.8330103940968596,1507.0392055353548,2228224.0,22282240.0,27,0.15992050967809146,1507.0392055353545,1.0,1833.0103940968597,20971520.0,1310720.0,False,0.11857181354957,1.0920867613140373,0.29772899355609733,0.59,5,5.0,6.0,0.03,2,4,602.5315379808932,0.26645045310195636,0.6001885446856359,,,,,,0.0,2,0.9629500128629352,-1.8330103940968596,delay_only,2097152.0,20971520.0,0.0,0.0,3,,0,1833.0103940968597,0.0859375,3.981193035840988,1764.9280721959854,1266.0327276812743,2228224.0,22282240.0,10,2
20971520.0,1310720.0,784.5762646884192,2,1.0000000000000002,0.0,0.0,0.0,0.0,0.34928498393145957,0.0,0.19599999999999998,100000000.0,0.0,0.0,-2.220446049250313e-16,2.220446049250313e-16,,-0.9878044218151566,0.0,4,0.0,0.0,0.0,0.0,71.40310481190681,0.02462792562744375,40560.32620238431,1.261249405606705,1.261249405606705,733.6536862500924,2228224.0,22282240.0,28,-0.06940955847793288,733.6536862500924,1.0,1416.5242466060643,20971520.0,1310720.0,False,0.13222608762560303,1.2178472730865522,0.3379974212849024,0.16,5,5.0,6.0,0.05,2,4,566.7683550152124,-0.3051351371718624,0.2274715364518609,,,,,,2.220446049250313e-16,2,0.9878044218151566,-1.2612494056067052,delay_only,2097152.0,20971520.0,0.0,0.0,1,,0,1261.2494056067048,0.0546875,4.019960999488831,1192.1872401564,784.5762646884192,2228224.0,22282240.0,10,2
20971520.0,1310720.0,847.3677216997096,2,1.0,0.0,0.0,0.0,0.0,1.3015375522819155,0.0,0.4179999999999999,100000000.0,0.0,0.0,0.0,0.0,,-0.937436866561092,0.0,4,0.0,0.0,0.0,0.0,73.52534867823124,0.02703428505930091,40560.32620238431,1.4165242466060644,1.4165242466060644,1118.025727897757,2228224.0,22282240.0,28,0.24208566891118874,1118.0257278977567,1.0,1416.5242466060643,20971520.0,1310720.0,False,0.11498624996541282,1.0590625002785867,0.2520738062458725,0.49,5,5.0,6.0,0.05,2,4,516.7435104838929,0.45013472602292615,0.5378071384318367,,,,,,0.0,2,0.937436866561092,-1.4165242466060644,delay_only,2097152.0,20971520.0,0.0,0.0,2,,0,1416.5242466060643,0.0890625,3.8998394310474396,1346.1942437952582,847.3677216997097,2228224.0,22282240.0,10,2
20971520.0,1310720.0,556.2066842420161,2,1.0,0.0,0.0,0.0,0.0,0.2607680962081059,0.0,0.13999999999999999,100000000.0,0.0,0.0,0.0,0.0,,-0.9660917830792959,0.0,4,0.0,0.0,0.0,0.0,69.46735410019755,0.021643312994306697,40560.32620238431,1.0706393857358263,1.0706393857358263,588.7142652221822,2228224.0,22282240.0,28,0.05521792642122884,588.7142652221822,1.0,1416.5242466060643,20971520.0,1310720.0,False,0.12665840700732908,1.1665670395097942,0.33496913264577644,0.15,5,5.0,6.0,0.07,2,4,476.8183938437253,0.2905163575715703,0.19006821812993988,,,,,,0.0,2,0.9660917830792959,-1.0706393857358263,delay_only,2097152.0,20971520.0,0.0,0.0,3,,0,1070.6393857358262,0.0890625,3.934234380722046,1001.1720316356287,556.2066842420161,2228224.0,22282240.0,10,2
20971520.0,1310720.0,1368.7672744892952,2,1.0,0.0,0.0,0.0,0.0,1.7366634676873929,0.0,0.57,100000000.0,0.0,0.0,0.0,0.0,,-0.9723448696087954,0.0,4,0.0,0.0,0.0,0.0,70.62374893575907,0.03497017923321745,42482.3156250063,1.921989422621985,1.921989422621985,1596.5787666306505,2228224.0,22282240.0,29,0.14268728665490069,1596.5787666306505,1.0,1921.9894226219849,20971520.0,1310720.0,False,0.12381319280745366,1.1403616482977617,0.2992546089445231,0.62,5,5.0,6.0,0.03,2,4,613.8923172322307,0.23182520963916503,0.615495126164203,,,,,,0.0,2,0.9723448696087954,-1.921989422621985,delay_only,2097152.0,20971520.0,0.0,0.0,1,,0,1921.9894226219849,0.071875,3.9423632323741913,1854.0914709259168,1368.7672744892952,2228224.0,22282240.0,10,2
20971520.0,1310720.0,698.5829772500783,2,1.0,0.0,0.0,0.0,0.0,0.4381780460041329,0.0,0.228,100000000.0,0.0,0.0,0.0,0.0,,-0.9908673886137245,0.0,4,0.0,0.0,0.0,0.0,73.99719208478928,0.023464574431251953,42482.3156250063,1.1887436935981355,1.1887436935981355,726.3189423068904,2228224.0,22282240.0,29,0.03818703250216589,726.3189423068903,1.0,1921.9894226219849,20971520.0,1310720.0,False,0.11768161638117461,1.0838877423949462,0.2644864270326252,0.19,5,5.0,6.0,0.06,2,4,523.4798209647993,0.13673873596619893,0.27927004175031656,,,,,,0.0,2,0.9908673886137245,-1.1887436935981355,delay_only,2097152.0,20971520.0,0.0,0.0,2,,0,1188.7436935981355,0.0671875,3.919534683227539,1117.732763600125,698.5829772500782,2228224.0,22282240.0,10,2
20971520.0,1310720.0,779.2330684962438,2,1.0000000000000002,0.0,0.0,0.0,0.0,0.5272570530585626,0.0,0.26399999999999996,100000000.0,0.0,0.0,-2.220446049250313e-16,2.220446049250313e-16,,-0.9939209163101398,0.0,4,0.0,0.0,0.0,0.0,72.46678695082664,0.025240217623109254,42482.3156250063,1.303840714829819,1.303840714829819,853.5897967265734,2228224.0,22282240.0,29,0.08711061040734046,853.5897967265734,1.0,1921.9894226219849,20971520.0,1310720.0,False,0.12327516380403594,1.1354062180462894,0.3193887219503614,0.23,5,5.0,6.0,0.05,2,4,564.0027472037641,0.25676814053963,0.3392578620706866,,,,,,2.220446049250313e-16,2,0.9939209163101398,-1.3038407148298192,delay_only,2097152.0,20971520.0,0.0,0.0,3,,0,1303.840714829819,0.0828125,3.9715154469013214,1231.3739278789924,779.2330684962438,2228224.0,22282240.0,10,2
20971520.0,1310720.0,2299.7645891592088,2,1.0,0.0,0.0,0.0,0.0,2.3008694009004507,0.0,0.712,100000000.0,0.0,0.0,0.0,0.0,,-0.812776759390954,0.0,4,0.0,0.0,0.0,0.0,73.67590675130486,0.04948978068706741,45336.843330056065,2.854527705049767,2.854527705049767,2470.610462402391,2228224.0,22282240.0,30,0.06915127894223104,2470.610462402391,1.0,2854.527705049767,20971520.0,1310720.0,False,0.1331131570563526,1.2260174844773308,0.34208252719026133,0.79,5,5.0,6.0,0.02,2,4,683.2261827807156,0.09558429890596555,0.7234585568311911,,,,,,0.0,2,0.812776759390954,-2.854527705049767,delay_only,2097152.0,20971520.0,0.0,0.0,1,0.04765625,0,2854.527705049767,0.0828125,3.976843446493149,2783.345963972314,2299.764589159209,2228224.0,22282240.0,10,2
20971520.0,1310720.0,1094.3199793068013,2,1.0,0.0,0.0,0.0,0.0,1.1462983904725677,0.0,0.4559999999999999,100000000.0,0.0,0.0,0.0,0.0,,-0.975456381144309,0.0,4,0.0,0.0,0.0,0.0,73.17661913111806,0.030840608601298204,45336.843330056065,1.6629755696142032,1.6629755696142032,1285.0757697825936,2228224.0,22282240.0,30,0.1484393332760947,1285.0757697825936,1.0,2854.527705049767,20971520.0,1310720.0,False,0.11913746033844022,1.0972965607698473,0.27119083645303377,0.43,5,5.0,6.0,0.04,2,4,621.5089352463605,0.28747035045702907,0.5163639764591422,,,,,,0.0,2,0.975456381144309,-1.6629755696142032,delay_only,2097152.0,20971520.0,0.0,0.0,2,0.04765625,0,1662.9755696142033,0.0875,3.905975252389908,1589.7989504830853,1094.3199793068013,2228224.0,22282240.0,10,2
20971520.0,1310720.0,902.4515426316995,2,1.0,0.0,0.0,0.0,0.0,0.9859006035092991,0.0,0.37800000000000006,100000000.0,0.0,0.0,0.0,0.0,,-0.9692233691951198,0.0,4,0.0,0.0,0.0,0.0,73.94217792898417,0.02718459980570425,45336.843330056065,1.426468271305378,1.426468271305378,1079.117573776282,2228224.0,22282240.0,30,0.16371342237190561,1079.117573776282,1.0,2854.527705049767,20971520.0,1310720.0,False,0.1326999971454926,1.2222121410702549,0.36279168348602103,0.39,5,5.0,6.0,0.05,2,4,568.2834191680137,0.3458383304069758,0.47338136920581025,,,,,,0.0,2,0.9692233691951198,-1.426468271305378,delay_only,2097152.0,20971520.0,0.0,0.0,3,0.04765625,0,1426.468271305378,0.08125,3.9434826374053955,1355.8143875650721,902.4515426316996,2228224.0,22282240.0,10,2
20971520.0,1310720.0,1294.0332095349495,2,1.0,0.0,0.0,0.0,0.0,1.7349351572897471,0.0,0.5539999999999999,100000000.0,0.0,0.0,0.0,0.0,,-0.9534625892455922,0.0,4,0.0,0.0,0.0,0.0,74.04175447300076,0.03411482761899312,47207.10030302096,1.870256972964898,1.870256972964898,1549.4393887800654,2228224.0,22282240.0,31,0.16483779946126673,1549.4393887800654,1.0,1870.2569729648978,20971520.0,1310720.0,False,0.13844637064781048,1.2751381969311075,0.36664288327271755,0.62,5,5.0,6.0,0.03,2,4,582.1938086364555,0.26405515257789564,0.6242551900692033,,,,,,0.0,2,0.9534625892455922,-1.870256972964898,delay_only,2097152.0,20971520.0,0.0,0.0,1,,0,1870.2569729648978,0.0671875,4.051140487194061,1799.3489676155598,1294.0332095349495,2228224.0,22282240.0,10,2
20971520.0,1310720.0,593.6801614548405,2,1.0,0.0,0.0,0.0,0.0,0.2607680962081059,0.0,0.14800000000000002,100000000.0,0.0,0.0,0.0,0.0,,-0.9908673886137245,0.0,4,0.0,0.0,0.0,0.0,73.6844283528626,0.021827485906227323,47207.10030302096,1.0866435263514111,1.0866435263514111,584.3739877188846,2228224.0,22282240.0,31,-0.015925030770590445,584.3739877188846,1.0,1870.2569729648978,20971520.0,1310720.0,False,0.12261891831659105,1.1293619737393485,0.28722354277846346,0.14,5,5.0,6.0,0.06,2,4,487.2806149793945,-0.0958476719201541,0.1661493748523886,,,,,,0.0,2,0.9908673886137245,-1.0866435263514111,delay_only,2097152.0,20971520.0,0.0,0.0,2,,0,1086.643526351411,0.05625,4.173094868659973,1012.9590979985486,593.6801614548403,2228224.0,22282240.0,10,2
20971520.0,1310720.0,542.963329677305,2,1.0,0.0,0.0,0.0,0.0,0.20493901531919198,0.0,0.11399999999999998,100000000.0,0.0,0.0,0.0,0.0,,-0.9816498172140428,0.0,4,0.0,0.0,0.0,0.0,72.21827981993556,0.021115918852709616,47207.10030302096,1.0367848965730913,1.0367848965730913,555.3792730482716,2228224.0,22282240.0,31,0.0223557917507796,555.3792730482716,1.0,1870.2569729648978,20971520.0,1310720.0,False,0.12686025250243052,1.1684261052222285,0.33589866551077563,0.14,5,5.0,6.0,0.07,2,4,467.9576832755491,0.14202376556232094,0.15740880874595414,,,,,,0.0,2,0.9816498172140428,-1.0367848965730913,delay_only,2097152.0,20971520.0,0.0,0.0,3,,0,1036.7848965730911,0.075,4.077625960111618,967.4188065734155,542.963329677305,2228224.0,22282240.0,10,2
20971520.0,1310720.0,597.9227969432844,2,1.0,0.0,0.0,0.0,0.0,0.25298221281347033,0.0,0.134,100000000.0,0.0,0.0,0.0,0.0,,-0.9847319278346618,0.0,4,0.0,0.0,0.0,0.0,72.96309899538755,0.02238552555031334,48554.553218308254,1.118394518608126,1.118394518608126,645.3376216738792,2228224.0,22282240.0,32,0.07347289719079142,645.3376216738792,1.0,1347.4529152872944,20971520.0,1310720.0,False,0.12589994951916375,1.1595813878861174,0.3088644786539508,0.16,5,5.0,6.0,0.07,2,4,497.58254108446096,0.3209014846829604,0.2289577976349349,,,,,,0.0,2,0.9847319278346618,-1.118394518608126,delay_only,2097152.0,20971520.0,0.0,0.0,1,,0,1118.3945186081262,0.071875,4.002070814371109,1048.673635220054,597.9227969432844,2228224.0,22282240.0,10,2
20971520.0,1310720.0,670.8120442432975,2,1.0,0.0,0.0,0.0,0.0,0.41231056256176596,0.0,0.21400000000000002,100000000.0,0.0,0.0,0.0,0.0,,-0.9660917830792959,0.0,4,0.0,0.0,0.0,0.0,73.68161901831627,0.023150310816636863,48554.553218308254,1.1713015112830756,1.1713015112830756,693.8744653893278,2228224.0,22282240.0,32,0.03323716651410446,693.8744653893277,1.0,1347.4529152872944,20971520.0,1310720.0,False,0.1275606191885889,1.1748767207869402,0.30998091622683294,0.18,5,5.0,6.0,0.06,2,4,514.3844401845693,0.12848859494961448,0.2586779513554342,,,,,,0.0,2,0.9660917830792959,-1.1713015112830756,delay_only,2097152.0,20971520.0,0.0,0.0,2,,0,1171.3015112830756,0.08125,3.9472246766090393,1097.6198922647593,670.8120442432975,2228224.0,22282240.0,10,2
20971520.0,1310720.0,853.5732344505046,2,1.0000000000000002,0.0,0.0,0.0,0.0,0.5440588203494177,0.0,0.2739999999999999,100000000.0,0.0,0.0,-2.220446049250313e-16,2.220446049250313e-16,,-0.9969650916353059,0.0,4,0.0,0.0,0.0,0.0,69.2066103219986,0.026005622682433706,48554.553218308254,1.3474529152872945,1.3474529152872945,895.3947534895213,2228224.0,22282240.0,32,0.046707353238368166,895.3947534895212,1.0,1347.4529152872944,20971520.0,1310720.0,False,0.13081684498470778,1.2048676686972042,0.35411944727270417,0.24,5,5.0,6.0,0.05,2,4,581.5062692808827,0.1332368695986257,0.3505587708497913,,,,,,2.220446049250313e-16,2,0.9969650916353059,-1.3474529152872947,delay_only,2097152.0,20971520.0,0.0,0.0,3,,0,1347.4529152872944,0.078125,3.9993292689323425,1280.3598516757572,853.5732344505049,2228224.0,22282240.0,10,2
20971520.0,1310720.0,2027.101060390359,2,1.0,0.0,0.0,0.0,0.0,2.10047613649858,0.0,0.646,100000000.0,0.0,0.0,0.0,0.0,,-0.812776759390954,0.0,4,0.0,0.0,0.0,0.0,66.57366547733545,0.04453166627030634,51086.452338372364,2.53189912006411,2.53189912006411,2168.914997769533,2228224.0,22282240.0,33,0.06538473731105733,2168.9149977695324,1.0,2531.89912006411,20971520.0,1310720.0,False,0.13090287218790153,1.2056600085198679,0.3319037890653653,0.73,5,5.0,6.0,0.02,2,4,660.0002890779823,0.09398406454805308,0.6957002511593525,,,,,,0.0,2,0.812776759390954,-2.53189912006411,delay_only,2097152.0,20971520.0,0.0,0.0,1,,0,2531.89912006411,0.071875,4.005355656147003,2466.0266412996057,2027.1010603903585,2228224.0,22282240.0,10,2
20971520.0,1310720.0,726.5619058306428,2,1.0,0.0,0.0,0.0,0.0,0.25690465157330256,0.0,0.142,100000000.0,0.0,0.0,0.0,0.0,,-0.975456381144309,0.0,4,0.0,0.0,0.0,0.0,64.26608189940453,0.023069968454480776,51086.452338372364,1.1552801705821838,1.1552801705821838,637.2788223006155,2228224.0,22282240.0,33,-0.14010050295992882,637.2788223006155,1.0,2531.89912006411,20971520.0,1310720.0,False,0.1240737715831692,1.1427616675158148,0.2939233897984902,0.14,5,5.0,6.0,0.05,2,4,525.9325598017256,-0.801850744931088,0.17472142271560678,,,,,,0.0,2,0.975456381144309,-1.1552801705821838,delay_only,2097152.0,20971520.0,0.0,0.0,2,,0,1155.2801705821837,0.1,3.87214994430542,1092.4779810867692,726.5619058306428,2228224.0,22282240.0,10,2
20971520.0,1310720.0,791.7240788369297,2,1.0,0.0,0.0,0.0,0.0,0.9838699100999077,0.0,0.372,100000000.0,0.0,0.0,0.0,0.0,,-0.9629500128629352,0.0,4,0.0,0.0,0.0,0.0,70.48574043437839,0.024556033097740543,51086.452338372364,1.2555343865162014,1.2555343865162014,943.0191554196163,2228224.0,22282240.0,33,0.16043690704815478,943.0191554196161,1.0,2531.89912006411,20971520.0,1310720.0,False,0.12382452491915402,1.1404660209036552,0.3219186233882576,0.39,5,5.0,6.0,0.05,2,4,505.2780883884474,0.34562687391611263,0.4641910660196364,,,,,,0.0,2,0.9629500128629352,-1.2555343865162014,delay_only,2097152.0,20971520.0,0.0,0.0,3,,0,1255.5343865162015,0.096875,3.8864293694496155,1187.5861182553947,791.7240788369297,2228224.0,22282240.0,10,2
20971520.0,1310720.0,767.8420855726839,2,1.0000000000000002,0.0,0.0,0.0,0.0,0.4381780460041328,0.0,0.24,100000000.0,0.0,0.0,-2.220446049250313e-16,2.220446049250313e-16,,-0.9969650916353059,0.0,4,0.0,0.0,0.0,0.0,66.65383512154222,0.02447650978032532,52403.248452202904,1.2491504610623627,1.2491504610623627,763.7887278027537,2228224.0,22282240.0,34,-0.005306909649728544,763.7887278027537,1.0,1316.7961138305402,20971520.0,1310720.0,False,0.13857722299158345,1.2763433915557272,0.36724548066312396,0.19,5,5.0,6.0,0.05,2,4,548.4955202632851,-0.018827151196524585,0.28187534026434,,,,,,2.220446049250313e-16,2,0.9969650916353059,-1.249150461062363,delay_only,2097152.0,20971520.0,0.0,0.0,1,,0,1249.1504610623626,0.096875,3.868466377258301,1182.4966259408204,767.842085572684,2228224.0,22282240.0,10,2
20971520.0,1310720.0,595.0729543116853,2,1.0,0.0,0.0,0.0,0.0,0.18439088914585774,0.0,0.10199999999999997,100000000.0,0.0,0.0,0.0,0.0,,-0.9816498172140428,0.0,4,0.0,0.0,0.0,0.0,64.22694399952888,0.021826647748319848,52403.248452202904,1.0771323998919993,1.0771323998919993,553.6593144068684,2228224.0,22282240.0,34,-0.07479986126338922,553.6593144068684,1.0,1316.7961138305402,20971520.0,1310720.0,False,0.11845330723262079,1.0909952777987058,0.26804019502007403,0.13,5,5.0,6.0,0.07,2,4,490.6831835978102,-0.657608515683219,0.11374527470295347,,,,,,0.0,2,0.9816498172140428,-1.0771323998919993,delay_only,2097152.0,20971520.0,0.0,0.0,2,,0,1077.1323998919993,0.1,3.900742471218109,1012.9054558924704,595.0729543116853,2228224.0,22282240.0,10,2
20971520.0,1310720.0,780.8323766806371,2,1.0,0.0,0.0,0.0,0.0,0.5744562646538028,0.0,0.28200000000000003,100000000.0,0.0,0.0,0.0,0.0,,-0.9847319278346618,0.0,4,0.0,0.0,0.0,0.0,67.46431114152074,0.025520809417015927,52403.248452202904,1.3167961138305402,1.3167961138305402,848.7363368510323,2228224.0,22282240.0,34,0.08000595381874576,848.7363368510322,1.0,1316.7961138305402,20971520.0,1310720.0,False,0.1266474200039981,1.1664658454694476,0.3349185356535003,0.22,5,5.0,6.0,0.05,2,4,563.3257663471722,0.23791676688960184,0.33627707229171505,,,,,,0.0,2,0.9847319278346618,-1.3167961138305402,delay_only,2097152.0,20971520.0,0.0,0.0,3,,0,1316.7961138305402,0.078125,3.9161952137947083,1249.3318026890195,780.8323766806371,2228224.0,22282240.0,10,2
20971520.0,1310720.0,574.747000126526,2,1.0,0.0,0.0,0.0,0.0,0.223606797749979,0.0,0.118,100000000.0,0.0,0.0,0.0,0.0,,-0.9660917830792959,0.0,4,0.0,0.0,0.0,0.0,73.52804858237505,0.02257192629506885,53678.88081568508,1.1313300253867085,1.1313300253867085,613.2827860013714,2228224.0,22282240.0,35,0.0628352641790261,613.2827860013713,1.0,1275.6323634821729,20971520.0,1310720.0,False,0.13318602425959322,1.2266886162211308,0.34241809288400227,0.14,5,5.0,6.0,0.07,2,4,511.5493627601928,0.3787917937597446,0.16588338294065705,,,,,,0.0,2,0.9660917830792959,-1.1313300253867085,delay_only,2097152.0,20971520.0,0.0,0.0,1,,0,1131.3300253867085,0.0953125,3.8669203519821167,1060.6032828844066,574.7470001265259,2228224.0,22282240.0,10,2
20971520.0,1310720.0,669.9242676905461,2,1.0,0.0,0.0,0.0,0.0,0.41952353926806063,0.0,0.218,100000000.0,0.0,0.0,0.0,0.0,,-0.9847319278346618,0.0,4,0.0,0.0,0.0,0.0,68.74706642702222,0.023823362269278642,53678.88081568508,1.2084227738166167,1.2084227738166167,738.4565570306759,2228224.0,22282240.0,35,0.09280476784673307,738.4565570306758,1.0,1275.6323634821729,20971520.0,1310720.0,False,0.11546315496314723,1.0634549576328172,0.25427003474150134,0.19,5,5.0,6.0,0.06,2,4,526.9257741285637,0.3239825825815793,0.2864498674812702,,,,,,0.0,2,0.9847319278346618,-1.2084227738166167,delay_only,2097152.0,20971520.0,0.0,0.0,2,,0,1208.4227738166167,0.0984375,3.864161640405655,1140.6951852338327,669.9242676905461,2228224.0,22282240.0,10,2
20971520.0,1310720.0,718.8501006452503,2,1.0,0.0,0.0,0.0,0.0,0.5079370039680117,0.0,0.22999999999999998,100000000.0,0.0,0.0,0.0,0.0,,-0.9847319278346618,0.0,4,0.0,0.0,0.0,0.0,67.57565448060632,0.024892749383520645,53678.88081568508,1.275632363482173,1.275632363482173,853.5077368555208,2228224.0,22282240.0,35,0.15776967260586747,853.5077368555208,1.0,1275.6323634821729,20971520.0,1310720.0,False,0.128466837305718,1.1832232980969506,0.34329726199874233,0.24,5,5.0,6.0,0.06,2,4,557.3282685707894,0.4546487877438474,0.34701439189750155,,,,,,0.0,2,0.9847319278346618,-1.275632363482173,delay_only,2097152.0,20971520.0,0.0,0.0,3,,0,1275.6323634821729,0.0796875,3.9250887036323547,1209.135960545321,718.8501006452502,2228224.0,22282240.0,10,2
20971520.0,1310720.0,716.0295845241865,2,1.0,0.0,0.0,0.0,0.0,0.38729833462074165,0.0,0.21400000000000002,100000000.0,0.0,0.0,0.0,0.0,,-0.9969650916353059,0.0,4,0.0,0.0,0.0,0.0,67.62282270938158,0.023725795376445945,54880.38439607282,1.200564630794128,1.200564630794128,701.6855955741114,2228224.0,22282240.0,36,-0.0204421881260642,701.6855955741112,1.0,1201.5035803877367,20971520.0,1310720.0,False,0.1279238495319837,1.1782221958830363,0.31818488276025797,0.17,5,5.0,6.0,0.05,2,4,534.3101720563106,-0.08569949308328342,0.23853336105732068,,,,,,0.0,2,0.9969650916353059,-1.200564630794128,delay_only,2097152.0,20971520.0,0.0,0.0,1,,0,1200.564630794128,0.0640625,4.011093556880951,1134.4509040925407,716.0295845241865,2228224.0,22282240.0,10,2
20971520.0,1310720.0,539.3605322389732,2,1.0,0.0,0.0,0.0,0.0,0.1673320053068151,0.0,0.094,100000000.0,0.0,0.0,0.0,0.0,,-0.9816498172140428,0.0,4,0.0,0.0,0.0,0.0,67.50516640022397,0.021360792706208394,54880.38439607282,1.049501592312759,1.049501592312759,543.4902789271421,2228224.0,22282240.0,36,0.007598565877426901,543.4902789271422,1.0,1201.5035803877367,20971520.0,1310720.0,False,0.11927246153470537,1.0985399677380734,0.27181253979674536,0.13,5,5.0,6.0,0.08,2,4,474.9121239925134,0.060219565430210766,0.12618101481042698,,,,,,0.0,2,0.9816498172140428,-1.049501592312759,delay_only,2097152.0,20971520.0,0.0,0.0,2,,0,1049.5015923127592,0.096875,3.8833063542842865,983.0907331973373,539.3605322389732,2228224.0,22282240.0,10,2
20971520.0,1310720.0,635.5981326982453,2,1.0,0.0,0.0,0.0,0.0,0.3847076812334269,0.0,0.21,100000000.0,0.0,0.0,0.0,0.0,,-0.9908673886137245,0.0,4,0.0,0.0,0.0,0.0,72.19868339598179,0.023684767858708204,54880.38439607282,1.2015035803877367,1.2015035803877367,712.6306455657232,2228224.0,22282240.0,36,0.10809598681561823,712.6306455657232,1.0,1201.5035803877367,20971520.0,1310720.0,False,0.12398023601477448,1.141900173094013,0.3226356994544657,0.17,5,5.0,6.0,0.06,2,4,523.284580935292,0.4068345070589729,0.2657001432770527,,,,,,0.0,2,0.9908673886137245,-1.2015035803877367,delay_only,2097152.0,20971520.0,0.0,0.0,3,,0,1201.5035803877367,0.0984375,3.8920015394687653,1131.8251429573252,635.5981326982453,2228224.0,22282240.0,10,2
20971520.0,1310720.0,736.0559152248313,2,1.0000000000000002,0.0,0.0,0.0,0.0,0.5495452665613634,0.0,0.26599999999999996,100000000.0,0.0,0.0,-2.220446049250313e-16,2.220446049250313e-16,,-0.975456381144309,0.0,4,0.0,0.0,0.0,0.0,72.05213513225317,0.024499179212472945,56219.572362185434,1.2559996047305217,1.2559996047305217,812.1220171989321,2228224.0,22282240.0,37,0.09366339092302696,812.1220171989321,1.0,1339.1879661126163,20971520.0,1310720.0,False,0.13592735610482656,1.2519372155882675,0.3550423925658175,0.22,5,5.0,6.0,0.06,2,4,541.5721107199207,0.2811536805317722,0.33313947996651744,,,,,,2.220446049250313e-16,2,0.975456381144309,-1.255999604730522,delay_only,2097152.0,20971520.0,0.0,0.0,1,,0,1255.9996047305217,0.071875,3.891534596681595,1183.9474695982685,736.0559152248313,2228224.0,22282240.0,10,2
20971520.0,1310720.0,809.4027253379383,2,1.0,0.0,0.0,0.0,0.0,0.635609943282828,0.0,0.29,100000000.0,0.0,0.0,0.0,0.0,,-0.9816498172140428,0.0,4,0.0,0.0,0.0,0.0,76.754298992455,0.02572552604875252,56219.572362185434,1.3391879661126163,1.3391879661126163,887.1452090339274,2228224.0,22282240.0,37,0.08763219696654644,887.1452090339274,1.0,1339.1879661126163,20971520.0,1310720.0,False,0.1229525000634273,1.1324343751695887,0.28875974349672473,0.24,5,5.0,6.0,0.05,2,4,559.3798148411703,0.23718941985153316,0.3694608175246565,,,,,,0.0,2,0.9816498172140428,-1.3391879661126163,delay_only,2097152.0,20971520.0,0.0,0.0,2,,0,1339.1879661126163,0.0921875,3.8687580227851868,1262.4336671201613,809.4027253379383,2228224.0,22282240.0,10,2
20971520.0,1310720.0,803.9460859324923,2,1.0000000000000002,0.0,0.0,0.0,0.0,0.5692099788303082,0.0,0.29399999999999993,100000000.0,0.0,0.0,-2.220446049250313e-16,2.220446049250313e-16,,-0.9939209163101398,0.0,4,0.0,0.0,0.0,0.0,72.23252579569817,0.02504706226097865,56219.572362185434,1.2909234687057007,1.2909234687057007,831.6856429979697,2228224.0,22282240.0,37,0.03335341579960998,831.6856429979696,1.0,1339.1879661126163,20971520.0,1310720.0,False,0.12310603323643513,1.1338484679513803,0.3186098468890588,0.22,5,5.0,6.0,0.05,2,4,544.004350853349,0.0964246123155352,0.3459014767979143,,,,,,2.220446049250313e-16,2,0.9939209163101398,-1.290923468705701,delay_only,2097152.0,20971520.0,0.0,0.0,3,,0,1290.9234687057008,0.0859375,3.899151712656021,1219.0119847026338,803.9460859324923,2228224.0,22282240.0,10,2
20971520.0,1310720.0,1532.9412353054202,2,1.0,0.0,0.0,0.0,0.0,1.836300628982085,0.0,0.596,100000000.0,0.0,0.0,0.0,0.0,,-0.9341987329938275,0.0,4,0.0,0.0,0.0,0.0,73.34663812071085,0.03810057509928951,58345.4481255457,2.125875763360268,2.125875763360268,1780.5118988405916,2228224.0,22282240.0,38,0.1390446554703628,1780.5118988405916,1.0,2125.875763360268,20971520.0,1310720.0,False,0.12206604924525774,1.1242698614112303,0.2912087153993017,0.65,5,5.0,6.0,0.03,2,4,641.5295085968328,0.21736127411257672,0.6396937818755524,,,,,,0.0,2,0.9341987329938275,-2.125875763360268,delay_only,2097152.0,20971520.0,0.0,0.0,1,,0,2125.875763360268,0.1,3.9176389575004578,2054.436806354529,1532.94123530542,2228224.0,22282240.0,10,2
20971520.0,1310720.0,756.1243680473689,2,1.0,0.0,0.0,0.0,0.0,1.073312629199899,0.0,0.374,100000000.0,0.0,0.0,0.0,0.0,,-0.9660917830792959,0.0,4,0.0,0.0,0.0,0.0,79.64447978883982,0.02490310920118422,58345.4481255457,1.286116271269365,1.286116271269365,976.7234611120457,2228224.0,22282240.0,38,0.22585624472817964,976.7234611120457,1.0,2125.875763360268,20971520.0,1310720.0,False,0.11754102354489152,1.0825928345189175,0.26383897319935806,0.42,5,5.0,6.0,0.05,2,4,502.4584777172718,0.4651389008010574,0.4855673097631963,,,,,,0.0,2,0.9660917830792959,-1.286116271269365,delay_only,2097152.0,20971520.0,0.0,0.0,2,,0,1286.116271269365,0.084375,3.875194102525711,1209.7989888757902,756.1243680473689,2228224.0,22282240.0,10,2
20971520.0,1310720.0,780.416117814652,2,1.0,0.0,0.0,0.0,0.0,0.3741657386773942,0.0,0.20800000000000007,100000000.0,0.0,0.0,0.0,0.0,,-0.9878044218151566,0.0,4,0.0,0.0,0.0,0.0,76.72859774902463,0.024423619351721264,58345.4481255457,1.2556503785899529,1.2556503785899529,742.4036242471384,2228224.0,22282240.0,38,-0.05120192349015221,742.4036242471384,1.0,2125.875763360268,20971520.0,1310720.0,False,0.13133671144584272,1.2096558157522317,0.35651352079192333,0.17,5,5.0,6.0,0.05,2,4,558.8752787556552,-0.20712055931042928,0.2472083102740733,,,,,,0.0,2,0.9878044218151566,-1.2556503785899529,delay_only,2097152.0,20971520.0,0.0,0.0,3,,0,1255.6503785899529,0.109375,3.852913498878479,1179.111638510161,780.4161178146521,2228224.0,22282240.0,10,2
20971520.0,1310720.0,872.2792721337073,2,1.0000000000000002,0.0,0.0,0.0,0.0,0.6708203932499368,0.0,0.3239999999999999,100000000.0,0.0,0.0,-2.220446049250313e-16,2.220446049250313e-16,,-0.9847319278346618,0.0,4,0.0,0.0,0.0,0.0,76.52703393250704,0.0273237562849465,59786.69556171478,1.4412474361690832,1.4412474361690832,991.8789191278153,2228224.0,22282240.0,39,0.12057887781229894,991.8789191278153,1.0,1441.2474361690831,20971520.0,1310720.0,False,0.1330098942187269,1.2250663985950219,0.34160698405114376,0.27,5,5.0,6.0,0.05,2,4,599.93095160934,0.30514164354856715,0.39515707004149786,,,,,,2.220446049250313e-16,2,0.9847319278346618,-1.4412474361690835,delay_only,2097152.0,20971520.0,0.0,0.0,1,,0,1441.2474361690831,0.1046875,3.836087793111801,1364.720402236576,872.2792721337074,2228224.0,22282240.0,10,2
20971520.0,1310720.0,786.0364516236316,2,1.0,0.0,0.0,0.0,0.0,0.6708203932499369,0.0,0.30799999999999994,100000000.0,0.0,0.0,0.0,0.0,,-0.9660917830792959,0.0,4,0.0,0.0,0.0,0.0,76.7334159463644,0.02542655319010645,59786.69556171478,1.317729997976638,1.317729997976638,916.1153504387042,2228224.0,22282240.0,39,0.14198965092417792,916.115350438704,1.0,1441.2474361690831,20971520.0,1310720.0,False,0.1257358935155473,1.1580703762527436,0.30157774395735687,0.28,5,5.0,6.0,0.05,2,4,553.8111045375674,0.3590322230189034,0.3954788507011027,,,,,,0.0,2,0.9660917830792959,-1.317729997976638,delay_only,2097152.0,20971520.0,0.0,0.0,2,,0,1317.7299979766378,0.0765625,4.098191112279892,1243.2994041668128,786.0364516236317,2228224.0,22282240.0,10,2
20971520.0,1310720.0,726.862002738436,2,1.0,0.0,0.0,0.0,0.0,0.5531726674375732,0.0,0.25199999999999995,100000000.0,0.0,0.0,0.0,0.0,,-0.975456381144309,0.0,4,0.0,0.0,0.0,0.0,75.57462994009256,0.02373584718832282,59786.69556171478,1.2076516717217873,1.2076516717217873,809.3391672930246,2228224.0,22282240.0,39,0.10190679987779121,809.3391672930245,1.0,1441.2474361690831,20971520.0,1310720.0,False,0.13780847718577108,1.2692629810246663,0.3863171033669022,0.25,5,5.0,6.0,0.05,2,4,517.2767392813288,0.2823956683373378,0.360865308160668,,,,,,0.0,2,0.975456381144309,-1.2076516717217873,delay_only,2097152.0,20971520.0,0.0,0.0,3,,0,1207.6516717217874,0.0890625,3.8878431022167206,1135.0942200526606,726.862002738436,2228224.0,22282240.0,10,2
20971520.0,1310720.0,644.0609616366222,2,1.0,0.0,0.0,0.0,0.0,0.3847076812334269,0.0,0.19999999999999998,100000000.0,0.0,0.0,0.0,0.0,,-0.9847319278346618,0.0,4,0.0,0.0,0.0,0.0,75.66935056820512,0.022667920556574087,61027.39322647723,1.1391967320116136,1.1391967320116136,688.802779015682,2228224.0,22282240.0,40,0.06495591879434194,688.8027790156818,1.0,1240.6976647624438,20971520.0,1310720.0,False,0.13925240702619482,1.282562066328222,0.3703548179378497,0.19,5,5.0,6.0,0.06,2,4,505.19839660779263,0.24368599917001324,0.26655580958930647,,,,,,0.0,2,0.9847319278346618,-1.1391967320116136,delay_only,2097152.0,20971520.0,0.0,0.0,1,0.0546875,0,1139.1967320116137,0.0859375,3.9280674755573273,1066.7469156207417,644.0609616366222,2228224.0,22282240.0,10,2
20971520.0,1310720.0,648.7606497820561,2,1.0,0.0,0.0,0.0,0.0,0.29325756597230357,0.0,0.16000000000000003,100000000.0,0.0,0.0,0.0,0.0,,-0.9660917830792959,0.0,4,0.0,0.0,0.0,0.0,76.48171344771981,0.02253228807803595,61027.39322647723,1.1312576341176794,1.1312576341176794,634.8398621965806,2228224.0,22282240.0,40,-0.021928030066210673,634.8398621965805,1.0,1240.6976647624438,20971520.0,1310720.0,False,0.13389680467568216,1.2332351457830448,0.33916012883719543,0.15,5,5.0,6.0,0.06,2,4,505.29534081129003,-0.10745948525351018,0.20405858091056128,,,,,,0.0,2,0.9660917830792959,-1.1312576341176794,delay_only,2097152.0,20971520.0,0.0,0.0,2,0.0546875,0,1131.2576341176793,0.078125,3.869956761598587,1058.0664369943008,648.7606497820561,2228224.0,22282240.0,10,2
20971520.0,1310720.0,694.1320155521637,2,1.0,0.0,0.0,0.0,0.0,0.3714835124201342,0.0,0.19000000000000003,100000000.0,0.0,0.0,0.0,0.0,,-0.9816498172140428,0.0,4,0.0,0.0,0.0,0.0,69.81159001588821,0.024299318014681437,61027.39322647723,1.2406976647624437,1.2406976647624437,767.3093346845734,2228224.0,22282240.0,40,0.09536873308401948,767.3093346845734,1.0,1240.6976647624438,20971520.0,1310720.0,False,0.11964823008572624,1.1020009239940598,0.30268607492317257,0.19,5,5.0,6.0,0.06,2,4,548.4445553403137,0.3343494524411652,0.2852366958812392,,,,,,0.0,2,0.9816498172140428,-1.2406976647624437,delay_only,2097152.0,20971520.0,0.0,0.0,3,0.0546875,0,1240.6976647624438,0.0875,3.9891251623630524,1171.1563529396121,694.1320155521637,2228224.0,22282240.0,10,2
20971520.0,1310720.0,554.1031105893475,2,1.0,0.0,0.0,0.0,0.0,0.22360679774997894,0.0,0.12199999999999996,100000000.0,0.0,0.0,0.0,0.0,,-0.9908673886137245,0.0,4,0.0,0.0,0.0,0.0,72.62518303468823,0.021851819470670303,62954.139640345806,1.0871416291575875,1.0871416291575875,608.7098676737396,2228224.0,22282240.0,41,0.08970900585705735,608.7098676737396,1.0,1926.7464138685777,20971520.0,1310720.0,False,0.12709041300474022,1.1705459617886858,0.31434676562725683,0.15,5,5.0,6.0,0.07,2,4,486.4030192876636,0.44647342160284803,0.20092798701208311,,,,,,0.0,2,0.9908673886137245,-1.0871416291575875,delay_only,2097152.0,20971520.0,0.0,0.0,1,,0,1087.1416291575874,0.06875,4.037439078092575,1014.5164461228993,554.1031105893475,2228224.0,22282240.0,10,2
20971520.0,1310720.0,1431.306845087777,2,1.0,0.0,0.0,0.0,0.0,1.2239281024635391,0.0,0.5119999999999999,100000000.0,0.0,0.0,0.0,0.0,,-0.9723448696087954,0.0,4,0.0,0.0,0.0,0.0,67.87458714097738,0.03507342029084547,62954.139640345806,1.9267464138685777,1.9267464138685777,1492.6771518077278,2228224.0,22282240.0,41,0.041114253437608606,1492.6771518077278,1.0,1926.7464138685777,20971520.0,1310720.0,False,0.12699629021363323,1.1696790588458301,0.30738208527479616,0.41,5,5.0,6.0,0.03,2,4,669.5722236214714,0.07455951801331398,0.5514286375921434,,,,,,0.0,2,0.9723448696087954,-1.9267464138685777,delay_only,2097152.0,20971520.0,0.0,0.0,2,,0,1926.7464138685777,0.0765625,4.155731022357941,1860.69889861411,1431.3068450877768,2228224.0,22282240.0,10,2
20971520.0,1310720.0,670.7145334836414,2,1.0,0.0,0.0,0.0,0.0,0.529150262212918,0.0,0.24999999999999994,100000000.0,0.0,0.0,0.0,0.0,,-0.9847319278346618,0.0,4,0.0,0.0,0.0,0.0,64.9197781458497,0.0229643999717946,62954.139640345806,1.1506413763407042,1.1506413763407042,764.437177373159,2228224.0,22282240.0,41,0.122603461296293,764.437177373159,1.0,1926.7464138685777,20971520.0,1310720.0,False,0.12656385969934117,1.1656962266219715,0.33453372622971456,0.24,5,5.0,6.0,0.06,2,4,498.45156979651125,0.3523598315841581,0.34794959670938036,,,,,,0.0,2,0.9847319278346618,-1.1506413763407042,delay_only,2097152.0,20971520.0,0.0,0.0,3,,0,1150.6413763407043,0.0875,3.9615450501441956,1085.7215981948546,670.7145334836414,2228224.0,22282240.0,10,2
20971520.0,1310720.0,750.5881300742244,2,1.0,0.0,0.0,0.0,0.0,0.6913754406977441,0.0,0.2839999999999999,100000000.0,0.0,0.0,0.0,0.0,,-0.9847319278346618,0.0,4,0.0,0.0,0.0,0.0,67.42192665114999,0.024308389235959918,64348.87190695736,1.2377149711122555,1.2377149711122555,878.8026833260761,2228224.0,22282240.0,42,0.14589686135980792,878.8026833260761,1.0,1394.7322666115563,20971520.0,1310720.0,False,0.126009083195041,1.1605865461869918,0.3093670577988126,0.3,5,5.0,6.0,0.05,2,4,527.8749489452648,0.3653588493884012,0.3993248325694985,,,,,,0.0,2,0.9847319278346618,-1.2377149711122555,delay_only,2097152.0,20971520.0,0.0,0.0,1,,0,1237.7149711122554,0.0859375,3.983726382255554,1171.7369111014348,750.5881300742245,2228224.0,22282240.0,10,2
20971520.0,1310720.0,543.7885511434274,2,1.0,0.0,0.0,0.0,0.0,0.19493588689617927,0.0,0.10999999999999999,100000000.0,0.0,0.0,0.0,0.0,,-0.9878044218151566,0.0,4,0.0,0.0,0.0,0.0,67.48384004458785,0.021624494933306374,64348.87190695736,1.0658165436062004,1.0658165436062004,562.755932374153,2228224.0,22282240.0,42,0.03370445363535499,562.755932374153,1.0,1394.7322666115563,20971520.0,1310720.0,False,0.12171634500171274,1.1210489662986565,0.2830670390003449,0.13,5,5.0,6.0,0.07,2,4,482.99035269418687,0.23778904769232748,0.14174098413045835,,,,,,0.0,2,0.9878044218151566,-1.0658165436062004,delay_only,2097152.0,20971520.0,0.0,0.0,2,,0,1065.8165436062004,0.0953125,3.9162009358406067,999.967675731608,543.7885511434274,2228224.0,22282240.0,10,2
20971520.0,1310720.0,791.9058938308813,2,1.0,0.0,0.0,0.0,0.0,0.5813776741499452,0.0,0.2900000000000001,100000000.0,0.0,0.0,0.0,0.0,,-0.9908673886137245,0.0,4,0.0,0.0,0.0,0.0,67.35398434102535,0.02674828614502582,64348.87190695736,1.3947322666115562,1.3947322666115562,925.4993092569093,2228224.0,22282240.0,42,0.1443473961458613,925.4993092569093,1.0,1394.7322666115563,20971520.0,1310720.0,False,0.11772943026750748,1.084328124562579,0.293849675287722,0.23,5,5.0,6.0,0.05,2,4,593.1642415664818,0.4019841070472626,0.3590873211534452,,,,,,0.0,2,0.9908673886137245,-1.3947322666115562,delay_only,2097152.0,20971520.0,0.0,0.0,3,,0,1394.7322666115563,0.09375,3.907759964466095,1327.8903132816527,791.9058938308813,2228224.0,22282240.0,10,2
20971520.0,1310720.0,2857.888721874795,2,1.0,0.0,0.0,0.0,0.0,2.267597847943943,0.0,0.7060000000000001,100000000.0,0.0,0.0,0.0,0.0,,-0.8842048302391148,0.0,4,0.0,0.0,0.0,0.0,71.17295730859041,0.06405861967351789,68131.25730044892,3.7823853934915594,3.7823853934915594,3293.5071523886513,2228224.0,22282240.0,43,0.1322658219211455,3293.5071523886513,1.0,3782.3853934915596,20971520.0,1310720.0,False,0.1347579533938604,1.2411666185883574,0.34965709406092593,0.78,5,5.0,6.0,0.02,2,4,829.745420344138,0.17681029169665907,0.7480663068418247,,,,,,0.0,2,0.8842048302391148,-3.7823853934915594,delay_only,2097152.0,20971520.0,0.0,0.0,1,,0,3782.3853934915596,0.1046875,3.8431061804294586,3715.7516591051453,2857.888721874795,2228224.0,22282240.0,10,2
20971520.0,1310720.0,1932.9432385520047,2,1.0,0.0,0.0,0.0,0.0,2.1340103092534486,0.0,0.6619999999999999,100000000.0,0.0,0.0,0.0,0.0,,-0.8842048302391148,0.0,4,0.0,0.0,0.0,0.0,69.70257684588432,0.04239079838269572,68131.25730044892,2.395432140085963,2.395432140085963,2051.7478707196065,2228224.0,22282240.0,43,0.05790410891272599,2051.7478707196065,1.0,3782.3853934915596,20971520.0,1310720.0,False,0.12798529402938516,1.1787881206180886,0.3119366161869475,0.74,5,5.0,6.0,0.02,2,4,614.7165138600606,0.08267365329260076,0.700393736173606,,,,,,0.0,2,0.8842048302391148,-2.395432140085963,delay_only,2097152.0,20971520.0,0.0,0.0,2,,0,2395.432140085963,0.1203125,3.8805427849292755,2329.0110964925266,1932.943238552005,2228224.0,22282240.0,10,2
20971520.0,1310720.0,1200.0185393533716,2,1.0,0.0,0.0,0.0,0.0,1.472412985544477,0.0,0.49599999999999994,100000000.0,0.0,0.0,0.0,0.0,,-0.9244162777371753,0.0,4,0.0,0.0,0.0,0.0,69.60958801209927,0.03243141402551008,68131.25730044892,1.758084111591451,1.758084111591451,1427.2963573775444,2228224.0,22282240.0,43,0.1592365992173929,1427.2963573775444,1.0,3782.3853934915596,20971520.0,1310720.0,False,0.12363667574628631,1.1387358660829494,0.3210535459580273,0.54,5,5.0,6.0,0.04,2,4,622.4698983396146,0.28239357127480036,0.563881813946954,,,,,,0.0,2,0.9244162777371753,-1.758084111591451,delay_only,2097152.0,20971520.0,0.0,0.0,3,,0,1758.084111591451,0.1140625,3.7947968244552612,1691.610497632645,1200.0185393533716,2228224.0,22282240.0,10,2
20971520.0,1310720.0,767.2672969301863,2,0.9999999999999999,0.0,0.0,0.0,0.0,0.73348483283569,0.0,0.308,100000000.0,0.0,0.0,1.1102230246251565e-16,0.0,,-0.9847319278346618,0.0,4,0.0,0.0,0.0,0.0,70.13922231271863,0.024895696611296272,69407.76141955315,1.276504119104229,1.276504119104229,914.3673677271171,2228224.0,22282240.0,44,0.16087633481779184,914.3673677271169,1.0,1276.504119104229,20971520.0,1310720.0,False,0.13303638751565386,1.225310410877295,0.3417289901949129,0.31,5,5.0,6.0,0.05,2,4,537.3069962854694,0.39012339120791256,0.4123729528744262,,,,,,0.0,2,0.9847319278346618,-1.276504119104229,delay_only,2097152.0,20971520.0,0.0,0.0,1,,0,1276.504119104229,0.0984375,3.840073972940445,1209.3245831229613,767.2672969301864,2228224.0,22282240.0,10,2
20971520.0,1310720.0,739.6632810677794,2,1.0,0.0,0.0,0.0,0.0,0.608276253029822,0.0,0.28200000000000003,100000000.0,0.0,0.0,0.0,0.0,,-0.9847319278346618,0.0,4,0.0,0.0,0.0,0.0,69.46573918685317,0.023335858150026083,69407.76141955315,1.1789606607885224,1.1789606607885224,794.3632048217195,2228224.0,22282240.0,44,0.06886009248907315,794.3632048217195,1.0,1276.504119104229,20971520.0,1310720.0,False,0.12152375172586408,1.1192751166747363,0.28218011422282346,0.26,5,5.0,6.0,0.05,2,4,501.38312697973817,0.18670185412211732,0.3688238277699877,,,,,,0.0,2,0.9847319278346618,-1.1789606607885224,delay_only,2097152.0,20971520.0,0.0,0.0,2,,0,1178.9606607885223,0.1,3.8511748611927032,1109.4949216016691,739.6632810677795,2228224.0,22282240.0,10,2
20971520.0,1310720.0,555.9421978181693,2,1.0,0.0,0.0,0.0,0.0,0.16733200530681508,0.0,0.09399999999999999,100000000.0,0.0,0.0,0.0,0.0,,-0.9816498172140428,0.0,4,0.0,0.0,0.0,0.0,68.84958129376173,0.021010208980218284,69407.76141955315,1.0273765258664345,1.0273765258664345,514.5964460870132,2228224.0,22282240.0,44,-0.08034597216041624,514.5964460870131,1.0,1276.504119104229,20971520.0,1310720.0,False,0.11942154993904364,1.0999131226875436,0.30164217431131535,0.12,5,5.0,6.0,0.07,2,4,464.6627742804426,-0.8280134473450815,0.0970346223458511,,,,,,0.0,2,0.9816498172140428,-1.0273765258664345,delay_only,2097152.0,20971520.0,0.0,0.0,3,,0,1027.3765258664346,0.0875,3.8284202814102173,960.65337473397,555.9421978181693,2228224.0,22282240.0,10,2
20971520.0,1310720.0,592.8812298338858,2,1.0,0.0,0.0,0.0,0.0,0.18973665961010272,0.0,0.10799999999999998,100000000.0,0.0,0.0,0.0,0.0,,-0.9908673886137245,0.0,4,0.0,0.0,0.0,0.0,70.88852673768997,0.021849201525893536,71327.75859245859,1.0852374243948761,1.0852374243948761,568.9334369405126,2228224.0,22282240.0,45,-0.04209243355805295,568.9334369405126,1.0,1919.9971729054396,20971520.0,1310720.0,False,0.1345822712134559,1.2395485259095411,0.34884804772869327,0.13,5,5.0,6.0,0.07,2,4,492.4031591738911,-0.31291919475847,0.13451534537707868,,,,,,0.0,2,0.9908673886137245,-1.0852374243948761,delay_only,2097152.0,20971520.0,0.0,0.0,1,,0,1085.2374243948761,0.0859375,3.881393998861313,1014.3488976571862,592.8812298338858,2228224.0,22282240.0,10,2
20971520.0,1310720.0,1307.490218977344,2,1.0,0.0,0.0,0.0,0.0,1.7674840876228561,0.0,0.5519999999999998,100000000.0,0.0,0.0,0.0,0.0,,-0.8842048302391148,0.0,4,0.0,0.0,0.0,0.0,70.4319910146296,0.03497148513890468,71327.75859245859,1.9199971729054395,1.9199971729054395,1600.1784668501873,2228224.0,22282240.0,45,0.18290975284086583,1600.1784668501875,1.0,1919.9971729054396,20971520.0,1310720.0,False,0.12221872503724923,1.125676057422033,0.28538058473822214,0.63,5,5.0,6.0,0.03,2,4,597.2457713205315,0.29183239232047636,0.6267630244417937,,,,,,0.0,2,0.8842048302391148,-1.9199971729054395,delay_only,2097152.0,20971520.0,0.0,0.0,2,,0,1919.9971729054396,0.09375,3.8397285640239716,1854.1750488898997,1307.490218977344,2228224.0,22282240.0,10,2
20971520.0,1310720.0,694.6125631800207,2,1.0,0.0,0.0,0.0,0.0,0.5639148871948674,0.0,0.23799999999999996,100000000.0,0.0,0.0,0.0,0.0,,-0.9816498172140428,0.0,4,0.0,0.0,0.0,0.0,68.79318132996559,0.02452967174489039,71327.75859245859,1.2518403440701882,1.2518403440701882,856.4826050971556,2228224.0,22282240.0,45,0.18899396316259454,856.4826050971556,1.0,1919.9971729054396,20971520.0,1310720.0,False,0.12599757884637464,1.1604805872200168,0.3319259065327954,0.26,5,5.0,6.0,0.06,2,4,545.8610035702675,0.5211165003381871,0.36267123194131023,,,,,,0.0,2,0.9816498172140428,-1.2518403440701882,delay_only,2097152.0,20971520.0,0.0,0.0,3,,0,1251.8403440701882,0.1,3.7175149023532867,1185.8989916729847,694.6125631800207,2228224.0,22282240.0,10,2
20971520.0,1310720.0,682.1958771413161,2,1.0,0.0,0.0,0.0,0.0,0.6016643582596529,0.0,0.26,100000000.0,0.0,0.0,0.0,0.0,,-0.9847319278346618,0.0,4,0.0,0.0,0.0,0.0,69.99888084828854,0.02348329991102406,72514.01266981226,1.186254077353674,1.186254077353674,816.5173580067456,2228224.0,22282240.0,46,0.1645053587021473,816.5173580067454,1.0,1186.2540773536741,20971520.0,1310720.0,False,0.126009083195041,1.1605865461869918,0.3093670577988126,0.27,5,5.0,6.0,0.06,2,4,514.167030992318,0.4442577661211518,0.3702925896793117,,,,,,0.0,2,0.9847319278346618,-1.186254077353674,delay_only,2097152.0,20971520.0,0.0,0.0,1,,0,1186.2540773536741,0.1140625,3.7222899794578552,1118.93119430554,682.1958771413161,2228224.0,22282240.0,10,2
20971520.0,1310720.0,665.4632646899133,2,1.0,0.0,0.0,0.0,0.0,0.529150262212918,0.0,0.23199999999999998,100000000.0,0.0,0.0,0.0,0.0,,-0.9816498172140428,0.0,4,0.0,0.0,0.0,0.0,68.26105155050755,0.022636581617247832,72514.01266981226,1.1316536049479877,1.1316536049479877,755.9958850608489,2228224.0,22282240.0,46,0.11975279516719689,755.9958850608489,1.0,1186.2540773536741,20971520.0,1310720.0,False,0.12004403552966648,1.1056464268538306,0.27536576943816926,0.25,5,5.0,6.0,0.06,2,4,491.59228993462943,0.3424031368700476,0.34974210885412166,,,,,,0.0,2,0.9816498172140428,-1.1316536049479877,delay_only,2097152.0,20971520.0,0.0,0.0,2,,0,1131.6536049479878,0.078125,3.9302931129932404,1064.7412235038614,665.4632646899133,2228224.0,22282240.0,10,2
20971520.0,1310720.0,584.9294247304504,2,1.0,0.0,0.0,0.0,0.0,0.3130495168499706,0.0,0.16600000000000004,100000000.0,0.0,0.0,0.0,0.0,,-0.9878044218151566,0.0,4,0.0,0.0,0.0,0.0,68.40061908587813,0.02062323561826126,72514.01266981226,1.0042876986545988,1.0042876986545988,584.6909881047169,2228224.0,22282240.0,46,-0.00040779938563175806,584.6909881047169,1.0,1186.2540773536741,20971520.0,1310720.0,False,0.12470220368100023,1.1485497410375134,0.3259604834531826,0.17,5,5.0,6.0,0.06,2,4,445.6177461857122,-0.0017144680201845945,0.23785767995127188,,,,,,0.0,2,0.9878044218151566,-1.0042876986545988,delay_only,2097152.0,20971520.0,0.0,0.0,3,,0,1004.2876986545988,0.1,3.760756403207779,935.8870795687205,584.9294247304503,2228224.0,22282240.0,10,2
20971520.0,1310720.0,1360.3420141142622,2,1.0,0.0,0.0,0.0,0.0,1.6745148551147582,0.0,0.5599999999999999,100000000.0,0.0,0.0,0.0,0.0,,-0.9341987329938275,0.0,4,0.0,0.0,0.0,0.0,69.23477817326784,0.03434674635205885,74395.35317564555,1.8813405058332888,1.8813405058332888,1555.0215141700855,2228224.0,22282240.0,47,0.12519408785139777,1555.0215141700853,1.0,1881.3405058332887,20971520.0,1310720.0,False,0.12890040251521273,1.1872165812498443,0.32268207537926635,0.6,5,5.0,6.0,0.03,2,4,623.5867406870375,0.20901034146259131,0.5989851362154012,,,,,,0.0,2,0.9341987329938275,-1.8813405058332888,delay_only,2097152.0,20971520.0,0.0,0.0,1,,0,1881.3405058332887,0.096875,3.8075969517230988,1814.1917665317667,1360.3420141142622,2228224.0,22282240.0,10,2
20971520.0,1310720.0,745.7734535048759,2,1.0,0.0,0.0,0.0,0.0,0.6099180272790763,0.0,0.28800000000000003,100000000.0,0.0,0.0,0.0,0.0,,-0.8842048302391148,0.0,4,0.0,0.0,0.0,0.0,68.6818934045732,0.025387450573366242,74395.35317564555,1.3094787301000126,1.3094787301000126,885.8344925478534,2228224.0,22282240.0,47,0.1581119726328689,885.8344925478534,1.0,1881.3405058332887,20971520.0,1310720.0,False,0.13053017586893073,1.202227348566764,0.3236562301846485,0.25,5,5.0,6.0,0.06,2,4,560.1454551850551,0.43004529773889133,0.3676635309447542,,,,,,0.0,2,0.8842048302391148,-1.3094787301000126,delay_only,2097152.0,20971520.0,0.0,0.0,2,,0,1309.4787301000126,0.1015625,3.8814951479434967,1240.7968366954394,745.7734535048759,2228224.0,22282240.0,10,2
20971520.0,1310720.0,542.3682652199055,2,1.0,0.0,0.0,0.0,0.0,0.27568097504180444,0.0,0.14400000000000002,100000000.0,0.0,0.0,0.0,0.0,,-0.9816498172140428,0.0,4,0.0,0.0,0.0,0.0,71.1333048529923,0.02106266153157383,74395.35317564555,1.0351436428737173,1.0351436428737173,580.3132693483932,2228224.0,22282240.0,47,0.06538710405690748,580.3132693483931,1.0,1881.3405058332887,20971520.0,1310720.0,False,0.12851610760285168,1.1836770943037802,0.3435241601015546,0.16,5,5.0,6.0,0.07,2,4,458.32640045021503,0.31105810380427174,0.21020864995065763,,,,,,0.0,2,0.9816498172140428,-1.0351436428737173,delay_only,2097152.0,20971520.0,0.0,0.0,3,,0,1035.1436428737172,0.071875,3.844838261604309,964.010338020725,542.3682652199057,2228224.0,22282240.0,10,2
20971520.0,1310720.0,641.2251029248566,2,1.0,0.0,0.0,0.0,0.0,0.47749345545253286,0.0,0.208,100000000.0,0.0,0.0,0.0,0.0,,-0.9566355184455129,0.0,4,0.0,0.0,0.0,0.0,68.66902532055974,0.023190774701573366,75832.02731682903,1.1668209956759477,1.1668209956759477,766.8127382035149,2228224.0,22282240.0,48,0.16377875460556948,766.8127382035148,1.0,1436.6741411834773,20971520.0,1310720.0,False,0.13844637064781048,1.2751381969311075,0.36664288327271755,0.23,5,5.0,6.0,0.07,2,4,511.1684823531506,0.49125936689212457,0.3333855100650601,,,,,,0.0,2,0.9566355184455129,-1.1668209956759477,delay_only,2097152.0,20971520.0,0.0,0.0,1,,0,1166.8209956759476,0.0875,3.930688351392746,1100.2095809006953,641.2251029248566,2228224.0,22282240.0,10,2
20971520.0,1310720.0,534.4870791349639,2,1.0000000000000002,0.0,0.0,0.0,0.0,0.26457513110645897,0.0,0.13999999999999996,100000000.0,0.0,0.0,-2.220446049250313e-16,2.220446049250313e-16,,-0.9660917830792959,0.0,4,0.0,0.0,0.0,0.0,67.00722221285105,0.020450963903175502,75832.02731682903,0.9918689120160832,0.9918689120160832,562.9588207468116,2228224.0,22282240.0,48,0.05057517630521822,562.9588207468116,1.0,1436.6741411834773,20971520.0,1310720.0,False,0.12032805958504392,1.1082623850776858,0.27667374827805,0.16,5,5.0,6.0,0.07,2,4,445.1177321486783,0.24161132547700132,0.20932452651120614,,,,,,2.220446049250313e-16,2,0.9660917830792959,-0.9918689120160834,delay_only,2097152.0,20971520.0,0.0,0.0,2,,0,991.8689120160832,0.1359375,3.8025061786174774,924.8616898032321,534.4870791349638,2228224.0,22282240.0,10,2
20971520.0,1310720.0,953.7770568859154,2,1.0,0.0,0.0,0.0,0.0,0.8402380615040002,0.0,0.3779999999999999,100000000.0,0.0,0.0,0.0,0.0,,-0.9847319278346618,0.0,4,0.0,0.0,0.0,0.0,70.98088879138231,0.027390419123752223,75832.02731682903,1.4366741411834774,1.4366741411834774,1035.0875985737662,2228224.0,22282240.0,48,0.07855426130106025,1035.087598573766,1.0,1436.6741411834773,20971520.0,1310720.0,False,0.13780847718577108,1.2692629810246663,0.3863171033669022,0.31,5,5.0,6.0,0.04,2,4,589.3535609191094,0.18241941341452572,0.430624459484229,,,,,,0.0,2,0.9847319278346618,-1.4366741411834774,delay_only,2097152.0,20971520.0,0.0,0.0,3,,0,1436.6741411834773,0.1,3.829687476158142,1368.9868239201423,953.7770568859154,2228224.0,22282240.0,10,2
20971520.0,1310720.0,638.5546218575382,2,1.0,0.0,0.0,0.0,0.0,0.28982753492378877,0.0,0.158,100000000.0,0.0,0.0,0.0,0.0,,-0.9692233691951198,0.0,4,0.0,0.0,0.0,0.0,79.28670337423682,0.022307442888451177,77162.54641175106,1.122963048235112,1.122963048235112,614.6934038057867,2228224.0,22282240.0,49,-0.038818080532535784,614.6934038057866,1.0,1330.5190949220296,20971520.0,1310720.0,False,0.1347579533938604,1.2411666185883574,0.34965709406092593,0.15,5,5.0,6.0,0.06,2,4,495.2459442328422,-0.19976329456533934,0.1943203861199787,,,,,,0.0,2,0.9692233691951198,-1.122963048235112,delay_only,2097152.0,20971520.0,0.0,0.0,1,,0,1122.963048235112,0.1015625,3.7316888570785522,1043.6763448608751,638.5546218575381,2228224.0,22282240.0,10,2
20971520.0,1310720.0,618.0279925770278,2,1.0,0.0,0.0,0.0,0.0,0.3,0.0,0.16799999999999998,100000000.0,0.0,0.0,0.0,0.0,,-0.9939209163101398,0.0,4,0.0,0.0,0.0,0.0,77.1681210026145,0.022464767112400516,77162.54641175106,1.128489535343149,1.128489535343149,636.3463929777294,2228224.0,22282240.0,49,0.028786837802257555,636.3463929777294,1.0,1330.5190949220296,20971520.0,1310720.0,False,0.1115192610612391,1.0271303524052822,0.23610773220215076,0.16,5,5.0,6.0,0.06,2,4,499.45329201992274,0.1338153659500172,0.21512355922570234,,,,,,0.0,2,0.9939209163101398,-1.128489535343149,delay_only,2097152.0,20971520.0,0.0,0.0,2,,0,1128.489535343149,0.1265625,3.771586686372757,1053.7450951936332,618.0279925770278,2228224.0,22282240.0,10,2
20971520.0,1310720.0,778.1882091394532,2,1.0,0.0,0.0,0.0,0.0,0.4959838707054898,0.0,0.24399999999999997,100000000.0,0.0,0.0,0.0,0.0,,-0.9847319278346618,0.0,4,0.0,0.0,0.0,0.0,75.3619153983891,0.02566117135959807,77162.54641175106,1.3305190949220296,1.3305190949220296,877.0074012523745,2228224.0,22282240.0,49,0.11267771739646283,877.0074012523745,1.0,1330.5190949220296,20971520.0,1310720.0,False,0.12866884285174693,1.1850838379329038,0.3442275318882184,0.23,5,5.0,6.0,0.05,2,4,582.4472458989953,0.33548051329063666,0.3358696345466921,,,,,,0.0,2,0.9847319278346618,-1.3305190949220296,delay_only,2097152.0,20971520.0,0.0,0.0,3,,0,1330.5190949220296,0.11875,3.7366143465042114,1258.3149670142766,778.1882091394533,2228224.0,22282240.0,10,2
20971520.0,1310720.0,737.5142401504488,2,1.0,0.0,0.0,0.0,0.0,0.5549774770204643,0.0,0.25199999999999995,100000000.0,0.0,0.0,0.0,0.0,,-0.9816498172140428,0.0,4,0.0,0.0,0.0,0.0,75.95474412664771,0.024762557154459255,78532.92398394238,1.2742221196030576,1.2742221196030576,842.147881255284,2228224.0,22282240.0,50,0.12424616083919961,842.147881255284,1.0,1370.3775721913223,20971520.0,1310720.0,False,0.13606118344380772,1.2531698109313596,0.35565869030160735,0.24,5,5.0,6.0,0.06,2,4,549.6993833964626,0.35778484714716074,0.34726501647537866,,,,,,0.0,2,0.9816498172140428,-1.2742221196030576,delay_only,2097152.0,20971520.0,0.0,0.0,1,0.08046875,0,1274.2221196030575,0.096875,3.786091983318329,1200.8036578853923,737.5142401504488,2228224.0,22282240.0,10,2
20971520.0,1310720.0,825.5762041427099,2,1.0,0.0,0.0,0.0,0.0,0.6884765791223403,0.0,0.312,100000000.0,0.0,0.0,0.0,0.0,,-0.975456381144309,0.0,4,0.0,0.0,0.0,0.0,75.64702443778515,0.026281965428634466,78532.92398394238,1.3703775721913223,1.3703775721913223,956.4547907398146,2228224.0,22282240.0,50,0.13683719070074443,956.4547907398146,1.0,1370.3775721913223,20971520.0,1310720.0,False,0.13389680467568216,1.2332351457830448,0.33916012883719543,0.28,5,5.0,6.0,0.05,2,4,575.1442617262184,0.3432336026379118,0.39867072934900954,,,,,,0.0,2,0.975456381144309,-1.3703775721913223,delay_only,2097152.0,20971520.0,0.0,0.0,2,0.08046875,0,1370.3775721913223,0.1453125,3.7230294346809387,1298.0457874326055,825.57620414271,2228224.0,22282240.0,10,2
20971520.0,1310720.0,654.6274094026395,2,1.0,0.0,0.0,0.0,0.0,0.39496835316263,0.0,0.19999999999999998,100000000.0,0.0,0.0,0.0,0.0,,-0.9939209163101398,0.0,4,0.0,0.0,0.0,0.0,75.80939959734678,0.022688876238329783,78532.92398394238,1.1438974788504528,1.1438974788504528,708.4584045676938,2228224.0,22282240.0,50,0.07598328260062401,708.4584045676938,1.0,1370.3775721913223,20971520.0,1310720.0,False,0.128692019473759,1.1852973025103077,0.34433426418099233,0.2,5,5.0,6.0,0.06,2,4,501.3930521245228,0.25997104068788224,0.29227594888866304,,,,,,0.0,2,0.9939209163101398,-1.1438974788504528,delay_only,2097152.0,20971520.0,0.0,0.0,3,0.08046875,0,1143.897478850453,0.1171875,3.7557784616947174,1068.0880792531061,654.6274094026395,2228224.0,22282240.0,10,2
20971520.0,1310720.0,613.780086466688,2,1.0,0.0,0.0,0.0,0.0,0.31622776601683783,0.0,0.172,100000000.0,0.0,0.0,0.0,0.0,,-0.9660917830792959,0.0,4,0.0,0.0,0.0,0.0,71.77620846778154,0.022303533546771406,79980.21460815571,1.112369911076457,1.112369911076457,621.5972387412169,2228224.0,22282240.0,51,0.012575912161963885,621.5972387412169,1.0,1447.2906242133338,20971520.0,1310720.0,False,0.13460393759783806,1.2397480806843308,0.34894782510959055,0.15,5,5.0,6.0,0.07,2,4,495.2375068123943,0.06186426763656146,0.20328232503849425,,,,,,0.0,2,0.9660917830792959,-1.112369911076457,delay_only,2097152.0,20971520.0,0.0,0.0,1,,0,1112.3699110764571,0.065625,3.9552884697914124,1043.4261469933697,613.780086466688,2228224.0,22282240.0,10,2
20971520.0,1310720.0,573.8106933508387,2,1.0,0.0,0.0,0.0,0.0,0.24494897427831774,0.0,0.13599999999999995,100000000.0,0.0,0.0,0.0,0.0,,-0.9878044218151566,0.0,4,0.0,0.0,0.0,0.0,75.029241386801,0.021645810426200528,79980.21460815571,1.0763611086636349,1.0763611086636349,586.1344484998187,2228224.0,22282240.0,51,0.02102547492392215,586.1344484998186,1.0,1447.2906242133338,20971520.0,1310720.0,False,0.12339242608143489,1.1364862435339267,0.290785677645653,0.15,5,5.0,6.0,0.07,2,4,485.95489976168693,0.12301667659927318,0.17091564741594048,,,,,,0.0,2,0.9878044218151566,-1.0763611086636349,delay_only,2097152.0,20971520.0,0.0,0.0,2,,0,1076.361108663635,0.065625,3.9634170830249786,1001.3318672768339,573.8106933508386,2228224.0,22282240.0,10,2
20971520.0,1310720.0,856.8447135554156,2,1.0,0.0,0.0,0.0,0.0,0.6418722614352486,0.0,0.32,100000000.0,0.0,0.0,0.0,0.0,,-0.975456381144309,0.0,4,0.0,0.0,0.0,0.0,75.9613886475563,0.027427019305715276,79980.21460815571,1.4472906242133339,1.4472906242133339,944.106111749963,2228224.0,22282240.0,51,0.09242753235947429,944.1061117499628,1.0,1447.2906242133338,20971520.0,1310720.0,False,0.11279234361810977,1.0388558760756867,0.2711135509498909,0.23,5,5.0,6.0,0.05,2,4,599.0489321802725,0.2528896755701997,0.3654855903115638,,,,,,0.0,2,0.975456381144309,-1.4472906242133339,delay_only,2097152.0,20971520.0,0.0,0.0,3,,0,1447.2906242133338,0.084375,3.9564333856105804,1371.3292355657775,856.8447135554156,2228224.0,22282240.0,10,2
20971520.0,1310720.0,568.7333048363091,2,1.0,0.0,0.0,0.0,0.0,0.3193743884534262,0.0,0.16199999999999998,100000000.0,0.0,0.0,0.0,0.0,,-0.9908673886137245,0.0,4,0.0,0.0,0.0,0.0,68.30838322639465,0.021789365322338154,81206.15157212746,1.0788277638560366,1.0788277638560366,649.6196018333413,2228224.0,22282240.0,52,0.12451332559663637,649.6196018333412,1.0,1225.9369639717497,20971520.0,1310720.0,False,0.13584360976912369,1.2511658833315382,0.35465672643888524,0.18,5,5.0,6.0,0.07,2,4,481.1808104638459,0.48021181070811686,0.2592883448931211,,,,,,0.0,2,0.9908673886137245,-1.0788277638560366,delay_only,2097152.0,20971520.0,0.0,0.0,1,,0,1078.8277638560367,0.078125,3.864752471446991,1010.519380629642,568.7333048363092,2228224.0,22282240.0,10,2
20971520.0,1310720.0,683.3582230241743,2,1.0,0.0,0.0,0.0,0.0,0.5157518783291051,0.0,0.25399999999999995,100000000.0,0.0,0.0,0.0,0.0,,-0.9816498172140428,0.0,4,0.0,0.0,0.0,0.0,67.60236155241728,0.02329291650827199,81206.15157212746,1.1728358424154925,1.1728358424154925,771.3688818235265,2228224.0,22282240.0,52,0.11409671931708434,771.3688818235265,1.0,1225.9369639717497,20971520.0,1310720.0,False,0.11700115148443478,1.0776204290847908,0.26135277050397193,0.23,5,5.0,6.0,0.06,2,4,509.60305555293615,0.33621905522676776,0.33935232861840675,,,,,,0.0,2,0.9816498172140428,-1.1728358424154925,delay_only,2097152.0,20971520.0,0.0,0.0,2,,0,1172.8358424154926,0.1109375,3.835918039083481,1106.7466565294076,683.3582230241743,2228224.0,22282240.0,10,2
20971520.0,1310720.0,744.5879130992015,2,1.0,0.0,0.0,0.0,0.0,0.5059644256269408,0.0,0.25999999999999995,100000000.0,0.0,0.0,0.0,0.0,,-0.9908673886137245,0.0,4,0.0,0.0,0.0,0.0,67.62873753905296,0.024115871081013013,81206.15157212746,1.2259369639717497,1.2259369639717497,772.9438327898885,2228224.0,22282240.0,52,0.03668561477272959,772.9438327898885,1.0,1225.9369639717497,20971520.0,1310720.0,False,0.12366301012096689,1.1389784146372408,0.3211748202648279,0.2,5,5.0,6.0,0.05,2,4,532.0237626814866,0.11769845359055485,0.31169156138915965,,,,,,0.0,2,0.9908673886137245,-1.2259369639717497,delay_only,2097152.0,20971520.0,0.0,0.0,3,,0,1225.9369639717497,0.1046875,3.7520901262760162,1159.4157491848327,744.5879130992016,2228224.0,22282240.0,10,2
20971520.0,1310720.0,574.0739031347767,2,1.0,0.0,0.0,0.0,0.0,0.2097617696340303,0.0,0.118,100000000.0,0.0,0.0,0.0,0.0,,-0.9816498172140428,0.0,4,0.0,0.0,0.0,0.0,69.67711634933949,0.0218687347647763,83250.0147065643,1.0828628321157763,1.0828628321157763,574.0342314910383,2228224.0,22282240.0,53,-6.911024040370861e-05,574.0342314910383,1.0,2043.8631344368262,20971520.0,1310720.0,False,0.13237480163651566,1.219216979745139,0.3386822748079682,0.13,5,5.0,6.0,0.07,2,4,488.1933908378992,-0.0004621534858751759,0.14953958482609986,,,,,,0.0,2,0.9816498172140428,-1.0828628321157763,delay_only,2097152.0,20971520.0,0.0,0.0,1,,0,1082.8628321157762,0.071875,3.878378450870514,1015.5990249456833,574.0739031347766,2228224.0,22282240.0,10,2
20971520.0,1310720.0,551.1091135671879,2,1.0,0.0,0.0,0.0,0.0,0.3847076812334269,0.0,0.16400000000000003,100000000.0,0.0,0.0,0.0,0.0,,-0.9660917830792959,0.0,4,0.0,0.0,0.0,0.0,71.85149658471346,0.020638835829128434,83250.0147065643,1.0087369896489329,1.0087369896489329,630.8331909077773,2228224.0,22282240.0,53,0.12637901507031565,630.8331909077772,1.0,2043.8631344368262,20971520.0,1310720.0,False,0.12421352382096874,1.1440488331936938,0.2945669725287068,0.21,5,5.0,6.0,0.07,2,4,447.88982621906564,0.43578556388882583,0.2900027571876072,,,,,,0.0,2,0.9660917830792959,-1.0087369896489329,delay_only,2097152.0,20971520.0,0.0,0.0,2,,0,1008.7369896489329,0.0921875,3.7434063255786896,936.8854930642195,551.1091135671879,2228224.0,22282240.0,10,2
20971520.0,1310720.0,1388.6440577421263,2,1.0,0.0,0.0,0.0,0.0,1.5394804318340654,0.0,0.5139999999999999,100000000.0,0.0,0.0,0.0,0.0,,-0.8876253645985945,0.0,4,0.0,0.0,0.0,0.0,69.631677120924,0.03689451044036185,83250.0147065643,2.043863134436826,2.043863134436826,1677.6655366402556,2228224.0,22282240.0,53,0.17227598265917343,1677.6655366402558,1.0,2043.8631344368262,20971520.0,1310720.0,False,0.13285754066857489,1.223663170541243,0.36351719819712874,0.56,5,5.0,6.0,0.04,2,4,692.8498230886206,0.2934777287984203,0.5870155236805169,,,,,,0.0,2,0.8876253645985945,-2.043863134436826,delay_only,2097152.0,20971520.0,0.0,0.0,3,,0,2043.8631344368262,0.1078125,3.7096484005451202,1977.2486681831583,1388.6440577421265,2228224.0,22282240.0,10,2
20971520.0,1310720.0,531.2517779569155,2,1.0,0.0,0.0,0.0,0.0,0.20976176963403032,0.0,0.11200000000000002,100000000.0,0.0,0.0,0.0,0.0,,-0.975456381144309,0.0,4,0.0,0.0,0.0,0.0,75.82470821216702,0.02102541452169197,84821.2285396275,1.0366234251147421,1.0366234251147421,558.7780751796538,2228224.0,22282240.0,54,0.04926159139992782,558.7780751796537,1.0,1571.2138330631994,20971520.0,1310720.0,False,0.13098533718623706,1.2064195392233126,0.33228355438232815,0.14,5,5.0,6.0,0.08,2,4,465.4420511623246,0.29491611103583776,0.1670359453300319,,,,,,0.0,2,0.975456381144309,-1.0366234251147421,delay_only,2097152.0,20971520.0,0.0,0.0,1,,0,1036.623425114742,0.096875,3.739205241203308,961.626529388286,531.2517779569154,2228224.0,22282240.0,10,2
20971520.0,1310720.0,674.8222847901216,2,1.0,0.0,0.0,0.0,0.0,0.4626013402488151,0.0,0.228,100000000.0,0.0,0.0,0.0,0.0,,-0.9816498172140428,0.0,4,0.0,0.0,0.0,0.0,74.58687201142311,0.024185841080713852,84821.2285396275,1.2368877381744874,1.2368877381744874,800.1770075514094,2228224.0,22282240.0,54,0.15665874122637066,800.1770075514094,1.0,1571.2138330631994,20971520.0,1310720.0,False,0.12273549267653867,1.1304356632731114,0.28776038747815513,0.22,5,5.0,6.0,0.06,2,4,536.0393745397569,0.4745810785536866,0.33009900374409634,,,,,,0.0,2,0.9816498172140428,-1.2368877381744874,delay_only,2097152.0,20971520.0,0.0,0.0,2,,0,1236.8877381744874,0.109375,3.799170285463333,1163.8938291656864,674.8222847901214,2228224.0,22282240.0,10,2
20971520.0,1310720.0,985.2958601568068,2,1.0000000000000002,0.0,0.0,0.0,0.0,1.3762267255071015,0.0,0.4699999999999999,100000000.0,0.0,0.0,-2.220446049250313e-16,2.220446049250313e-16,,-0.9341987329938275,0.0,4,0.0,0.0,0.0,0.0,70.1269106939435,0.029500244249696134,84821.2285396275,1.5712138330631995,1.5712138330631995,1257.4556923116095,2228224.0,22282240.0,54,0.21643691608289206,1257.4556923116095,1.0,1571.2138330631994,20971520.0,1310720.0,False,0.13100066965514404,1.2065607564806884,0.35496599115656513,0.51,5,5.0,6.0,0.04,2,4,564.6370666717897,0.39282984331355475,0.550968618517441,,,,,,2.220446049250313e-16,2,0.9341987329938275,-1.5712138330631997,delay_only,2097152.0,20971520.0,0.0,0.0,3,,0,1571.2138330631994,0.1265625,3.722369223833084,1504.0156319805526,985.2958601568071,2228224.0,22282240.0,10,2
20971520.0,1310720.0,617.5767678804605,2,1.0,0.0,0.0,0.0,0.0,0.22803508501982755,0.0,0.12199999999999998,100000000.0,0.0,0.0,0.0,0.0,,-0.9660917830792959,0.0,4,0.0,0.0,0.0,0.0,68.21534316986799,0.022404382896824733,86315.36111138393,1.1172012210319362,1.1172012210319362,628.1518404670901,2228224.0,22282240.0,55,0.01683521706911825,628.1518404670901,1.0,1494.1325717564284,20971520.0,1310720.0,False,0.13237480163651566,1.219216979745139,0.3386822748079682,0.15,5,5.0,6.0,0.07,2,4,505.7334596968425,0.08638467949087389,0.19488660684209408,,,,,,0.0,2,0.9660917830792959,-1.1172012210319362,delay_only,2097152.0,20971520.0,0.0,0.0,1,,0,1117.2012210319363,0.1234375,3.6998243033885956,1049.8805053967826,617.5767678804604,2228224.0,22282240.0,10,2
20971520.0,1310720.0,948.618785427677,2,1.0,0.0,0.0,0.0,0.0,1.0178408519999578,0.0,0.392,100000000.0,0.0,0.0,0.0,0.0,,-0.9939209163101398,0.0,4,0.0,0.0,0.0,0.0,69.33051533997059,0.026916927773605784,86315.36111138393,1.4063966279168565,1.4063966279168565,1070.946702008616,2228224.0,22282240.0,55,0.11422409383352734,1070.9467020086158,1.0,1494.1325717564284,20971520.0,1310720.0,False,0.13089082584584197,1.205549057609262,0.3253170846878455,0.4,5,5.0,6.0,0.04,2,4,563.8265737776426,0.2412207872869586,0.4735250851231376,,,,,,0.0,2,0.9939209163101398,-1.4063966279168565,delay_only,2097152.0,20971520.0,0.0,0.0,2,,0,1406.3966279168565,0.1203125,3.828199177980423,1338.68337751077,948.618785427677,2228224.0,22282240.0,10,2
20971520.0,1310720.0,951.613247789821,2,1.0,0.0,0.0,0.0,0.0,1.1584472366059664,0.0,0.44200000000000006,100000000.0,0.0,0.0,0.0,0.0,,-0.9660917830792959,0.0,4,0.0,0.0,0.0,0.0,69.42955870181322,0.028303435495073935,86315.36111138393,1.4941325717564284,1.4941325717564284,1162.0713153945958,2228224.0,22282240.0,55,0.18110598275400247,1162.0713153945956,1.0,1494.1325717564284,20971520.0,1310720.0,False,0.12213560167792477,1.1249104629897926,0.3141408444167039,0.44,5,5.0,6.0,0.04,2,4,568.9131134486133,0.35480933571233086,0.5104318419085735,,,,,,0.0,2,0.9660917830792959,-1.4941325717564284,delay_only,2097152.0,20971520.0,0.0,0.0,3,,0,1494.1325717564284,0.115625,3.793749660253525,1427.4198716847318,951.6132477898211,2228224.0,22282240.0,10,2
20971520.0,1310720.0,749.3639212270559,2,1.0,0.0,0.0,0.0,0.0,0.5019960159204453,0.0,0.228,100000000.0,0.0,0.0,0.0,0.0,,-0.9908673886137245,0.0,4,0.0,0.0,0.0,0.0,69.2777349613607,0.024524328431287518,87651.99973487112,1.254834754563762,1.254834754563762,828.0254366404467,2228224.0,22282240.0,56,0.09499891178771576,828.0254366404466,1.0,1336.6386234871904,20971520.0,1310720.0,False,0.12394482570080875,1.14157403204971,0.2998608007005365,0.24,5,5.0,6.0,0.05,2,4,548.9953906531131,0.28191055603008947,0.3369824568668374,,,,,,0.0,2,0.9908673886137245,-1.254834754563762,delay_only,2097152.0,20971520.0,0.0,0.0,1,,0,1254.8347545637619,0.0890625,3.8959051370620728,1185.5570196024012,749.3639212270559,2228224.0,22282240.0,10,2
20971520.0,1310720.0,613.1129314519656,2,1.0000000000000002,0.0,0.0,0.0,0.0,0.47539457296018844,0.0,0.2139999999999999,100000000.0,0.0,0.0,-2.220446049250313e-16,2.220446049250313e-16,,-0.9629500128629352,0.0,4,0.0,0.0,0.0,0.0,70.40325878188014,0.02238722104640284,87651.99973487112,1.114471554724471,1.114471554724471,716.1054485426605,2228224.0,22282240.0,56,0.14382311613505247,716.1054485426605,1.0,1336.6386234871904,20971520.0,1310720.0,False,0.11320223180357933,1.042631085778313,0.24385809883311488,0.22,5,5.0,6.0,0.07,2,4,489.82651667002966,0.455157341597617,0.31598549114956315,,,,,,2.220446049250313e-16,2,0.9629500128629352,-1.1144715547244712,delay_only,2097152.0,20971520.0,0.0,0.0,2,,0,1114.471554724471,0.1453125,3.7003366947174072,1048.7821469697815,613.1129314519653,2228224.0,22282240.0,10,2
20971520.0,1310720.0,803.4756752870247,2,1.0000000000000002,0.0,0.0,0.0,0.0,0.8354639429682166,0.0,0.364,100000000.0,0.0,0.0,-2.220446049250313e-16,2.220446049250313e-16,,-0.975456381144309,0.0,4,0.0,0.0,0.0,0.0,69.25584096461535,0.025825555785966355,87651.99973487112,1.3366386234871905,1.3366386234871905,953.1622954203522,2228224.0,22282240.0,56,0.15704211219067826,953.162295420352,1.0,1336.6386234871904,20971520.0,1310720.0,False,0.11772943026750748,1.084328124562579,0.293849675287722,0.31,5,5.0,6.0,0.05,2,4,541.158043037548,0.36331328928675616,0.432249842825672,,,,,,2.220446049250313e-16,2,0.975456381144309,-1.3366386234871908,delay_only,2097152.0,20971520.0,0.0,0.0,3,,0,1336.6386234871904,0.10625,3.8170456886291504,1268.8355703018467,803.475675287025,2228224.0,22282240.0,10,2
20971520.0,1310720.0,529.6358393992764,2,1.0,0.0,0.0,0.0,0.0,0.18973665961010275,0.0,0.10399999999999997,100000000.0,0.0,0.0,0.0,0.0,,-0.9785579990862869,0.0,4,0.0,0.0,0.0,0.0,69.12189861759543,0.021103273838812546,89331.37110109722,1.0357314243015985,1.0357314243015985,546.0811498542873,2228224.0,22282240.0,57,0.030115140321908224,546.0811498542872,1.0,1679.3713662261014,20971520.0,1310720.0,False,0.14158455238544165,1.3040419188838102,0.38109474426572554,0.13,5,5.0,6.0,0.08,2,4,466.9833399268412,0.20791107200181178,0.1448462558148216,,,,,,0.0,2,0.9785579990862869,-1.0357314243015985,delay_only,2097152.0,20971520.0,0.0,0.0,1,,0,1035.7314243015985,0.134375,3.7167778611183167,966.609525684003,529.6358393992764,2228224.0,22282240.0,10,2
20971520.0,1310720.0,736.2965964402506,2,1.0,0.0,0.0,0.0,0.0,0.4604345773288535,0.0,0.23199999999999998,100000000.0,0.0,0.0,0.0,0.0,,-0.9878044218151566,0.0,4,0.0,0.0,0.0,0.0,69.60080936551094,0.024752144207252802,89331.37110109722,1.2697380386296904,1.2697380386296904,812.4125826886435,2228224.0,22282240.0,57,0.09369129414082977,812.4125826886435,1.0,1679.3713662261014,20971520.0,1310720.0,False,0.12530721950812648,1.1541221427357788,0.2996036272014866,0.21,5,5.0,6.0,0.06,2,4,554.0727117336976,0.2946350711062614,0.3179909770722427,,,,,,0.0,2,0.9878044218151566,-1.2697380386296904,delay_only,2097152.0,20971520.0,0.0,0.0,2,,0,1269.7380386296904,0.0953125,3.774276942014694,1200.1372292641795,736.2965964402505,2228224.0,22282240.0,10,2
20971520.0,1310720.0,1074.9611891464554,2,1.0,0.0,0.0,0.0,0.0,0.7127411872482183,0.0,0.364,100000000.0,0.0,0.0,0.0,0.0,,-0.9816498172140428,0.0,4,0.0,0.0,0.0,0.0,68.21234943345189,0.03119440287062005,89331.37110109722,1.6793713662261014,1.6793713662261014,1090.0759163241316,2228224.0,22282240.0,57,0.013865756459095841,1090.0759163241316,1.0,1679.3713662261014,20971520.0,1310720.0,False,0.12701682163007144,1.1698681601795449,0.33661969302019534,0.21,5,5.0,6.0,0.04,2,4,682.4651143495597,0.03708127239135103,0.37392882080092643,,,,,,0.0,2,0.9816498172140428,-1.6793713662261014,delay_only,2097152.0,20971520.0,0.0,0.0,3,,0,1679.3713662261014,0.10625,3.684804767370224,1612.4417837196831,1074.9611891464554,2228224.0,22282240.0,10,2
20971520.0,1310720.0,924.5026403847844,2,1.0,0.0,0.0,0.0,0.0,0.6752777206453653,0.0,0.326,100000000.0,0.0,0.0,0.0,0.0,,-0.9939209163101398,0.0,4,0.0,0.0,0.0,0.0,69.77946357801557,0.027929850800202757,92026.37954167005,1.4687258884203476,1.4687258884203476,1034.1655956306145,2228224.0,22282240.0,58,0.10604003431284084,1034.1655956306142,1.0,2695.0084405728203,20971520.0,1310720.0,False,0.12844908809793276,1.1830598218519155,0.3206036956938281,0.28,5,5.0,6.0,0.04,2,4,618.563116972135,0.2638650173594013,0.40187227308123,,,,,,0.0,2,0.9939209163101398,-1.4687258884203476,delay_only,2097152.0,20971520.0,0.0,0.0,1,,0,1468.7258884203475,0.1203125,3.711589604616165,1403.5104512129765,924.5026403847843,2228224.0,22282240.0,10,2
20971520.0,1310720.0,649.7389540863612,2,1.0,0.0,0.0,0.0,0.0,0.43588989435406733,0.0,0.20999999999999996,100000000.0,0.0,0.0,0.0,0.0,,-0.937436866561092,0.0,4,0.0,0.0,0.0,0.0,69.39046736806631,0.023419261915228133,92026.37954167005,1.1813083942437643,1.1813083942437643,747.0031128603989,2228224.0,22282240.0,58,0.13020582792700422,747.0031128603988,1.0,2695.0084405728203,20971520.0,1310720.0,False,0.1256260874103557,1.157059024649008,0.30107206801400627,0.21,5,5.0,6.0,0.07,2,4,517.7174991944867,0.42420524000149185,0.30694064016405437,,,,,,0.0,2,0.937436866561092,-1.1813083942437643,delay_only,2097152.0,20971520.0,0.0,0.0,2,,0,1181.3083942437643,0.128125,3.7507264614105225,1114.8327625746006,649.7389540863611,2228224.0,22282240.0,10,2
20971520.0,1310720.0,2123.208024774609,2,1.0,0.0,0.0,0.0,0.0,2.0697825972792407,0.0,0.6679999999999998,100000000.0,0.0,0.0,0.0,0.0,,-0.9566355184455129,0.0,4,0.0,0.0,0.0,0.0,69.77443769574165,0.04708475040522252,92026.37954167005,2.69500844057282,2.69500844057282,2308.7625593568946,2228224.0,22282240.0,58,0.08036969147402127,2308.762559356894,1.0,2695.0084405728203,20971520.0,1310720.0,False,0.12599757884637464,1.1604805872200168,0.3319259065327954,0.72,5,5.0,6.0,0.02,2,4,715.4488502261545,0.11645825521925487,0.6901158816325215,,,,,,0.0,2,0.9566355184455129,-2.69500844057282,delay_only,2097152.0,20971520.0,0.0,0.0,3,,0,2695.0084405728203,0.1,3.763955444097519,2629.4240259342414,2123.2080247746094,2228224.0,22282240.0,10,2
20971520.0,1310720.0,679.4865173726092,2,1.0,0.0,0.0,0.0,0.0,0.4266145801540308,0.0,0.222,100000000.0,0.0,0.0,0.0,0.0,,-0.9847319278346618,0.0,4,0.0,0.0,0.0,0.0,69.80212545022368,0.02284932261825113,93172.11283456636,1.1457332928963175,1.1457332928963175,715.4646735760285,2228224.0,22282240.0,59,0.05028641878793763,715.4646735760285,1.0,1145.7332928963176,20971520.0,1310720.0,False,0.1339077152934291,1.2333356362861627,0.34574160298647905,0.2,5,5.0,6.0,0.05,2,4,506.27369337314656,0.17198712950494413,0.2923847786324734,,,,,,0.0,2,0.9847319278346618,-1.1457332928963175,delay_only,2097152.0,20971520.0,0.0,0.0,1,,0,1145.7332928963176,0.090625,3.742433190345764,1078.3566475680723,679.4865173726093,2228224.0,22282240.0,10,2
20971520.0,1310720.0,561.3116159014687,2,1.0,0.0,0.0,0.0,0.0,0.25690465157330256,0.0,0.136,100000000.0,0.0,0.0,0.0,0.0,,-0.9816498172140428,0.0,4,0.0,0.0,0.0,0.0,68.56116093695164,0.02140468803356011,93172.11283456636,1.0519902831386512,1.0519902831386512,606.7077133217521,2228224.0,22282240.0,59,0.07482366949274093,606.7077133217521,1.0,1145.7332928963176,20971520.0,1310720.0,False,0.11659674939705571,1.073895748212892,0.2594904300689333,0.16,5,5.0,6.0,0.07,2,4,474.318405706394,0.3428985183016178,0.21820936953400621,,,,,,0.0,2,0.9816498172140428,-1.0519902831386512,delay_only,2097152.0,20971520.0,0.0,0.0,2,,0,1051.9902831386512,0.109375,3.6752476394176483,985.9000341478472,561.3116159014686,2228224.0,22282240.0,10,2
20971520.0,1310720.0,600.6420829395877,2,1.0,0.0,0.0,0.0,0.0,0.282842712474619,0.0,0.142,100000000.0,0.0,0.0,0.0,0.0,,-0.975456381144309,0.0,4,0.0,0.0,0.0,0.0,69.20416792854667,0.022213248064188527,93172.11283456636,1.1047563414666808,1.1047563414666808,653.3338479198934,2228224.0,22282240.0,59,0.08065059716111073,653.3338479198934,1.0,1145.7332928963176,20971520.0,1310720.0,False,0.11463062304844007,1.0557870553278312,0.2795791405940887,0.17,5,5.0,6.0,0.07,2,4,499.8125261577257,0.34322115244639956,0.23498142986308468,,,,,,0.0,2,0.975456381144309,-1.1047563414666808,delay_only,2097152.0,20971520.0,0.0,0.0,3,,0,1104.7563414666809,0.1234375,3.7169861793518066,1037.647876108066,600.6420829395877,2228224.0,22282240.0,10,2
20971520.0,1310720.0,675.7546385740322,2,1.0000000000000002,0.0,0.0,0.0,0.0,0.7758865896508327,0.0,0.28599999999999987,100000000.0,0.0,0.0,-2.220446049250313e-16,2.220446049250313e-16,,-0.9723448696087954,0.0,4,0.0,0.0,0.0,0.0,70.85554767400026,0.02312366072321039,95589.60699389942,1.1632876635564617,1.1632876635564617,835.0000907835282,2228224.0,22282240.0,60,0.19071309568369837,835.0000907835281,1.0,2417.494159333058,20971520.0,1310720.0,False,0.12394482570080875,1.14157403204971,0.2998608007005365,0.33,5,5.0,6.0,0.06,2,4,487.85092940866207,0.4587234247630401,0.41574745345131187,,,,,,2.220446049250313e-16,2,0.9723448696087954,-1.163287663556462,delay_only,2097152.0,20971520.0,0.0,0.0,1,0.08828125,0,1163.2876635564617,0.1140625,3.7069792449474335,1095.914286285465,675.7546385740324,2228224.0,22282240.0,10,2
20971520.0,1310720.0,1778.454055018227,2,1.0,0.0,0.0,0.0,0.0,1.9349418595916523,0.0,0.612,100000000.0,0.0,0.0,0.0,0.0,,-0.8842048302391148,0.0,4,0.0,0.0,0.0,0.0,69.65689221397042,0.04270656086108101,95589.60699389942,2.4174941593330583,2.4174941593330583,2048.037857274674,2228224.0,22282240.0,60,0.13163028276009614,2048.037857274674,1.0,2417.494159333058,20971520.0,1310720.0,False,0.11913746033844022,1.0972965607698473,0.27119083645303377,0.68,5,5.0,6.0,0.03,2,4,696.4092842745497,0.1994510974698239,0.6599626897516131,,,,,,0.0,2,0.8842048302391148,-2.4174941593330583,delay_only,2097152.0,20971520.0,0.0,0.0,2,0.08828125,0,2417.494159333058,0.1515625,3.634704053401947,2349.2198951091846,1778.4540550182269,2228224.0,22282240.0,10,2
20971520.0,1310720.0,700.9143282769663,2,1.0000000000000002,0.0,0.0,0.0,0.0,0.7169379331573966,0.0,0.2779999999999999,100000000.0,0.0,0.0,-2.220446049250313e-16,2.220446049250313e-16,,-0.9660917830792959,0.0,4,0.0,0.0,0.0,0.0,69.55741625279188,0.023626287652928214,95589.60699389942,1.1938248726608647,1.1938248726608647,846.4116995307535,2228224.0,22282240.0,60,0.17189905495688468,846.4116995307535,1.0,2417.494159333058,20971520.0,1310720.0,False,0.11162558861681862,1.0281096653830897,0.2657404456212049,0.31,5,5.0,6.0,0.06,2,4,508.3549678652527,0.4303933559818989,0.3993998805225847,,,,,,2.220446049250313e-16,2,0.9660917830792959,-1.193824872660865,delay_only,2097152.0,20971520.0,0.0,0.0,3,0.08828125,0,1193.8248726608647,0.090625,3.8657227158546448,1128.0824097874058,700.9143282769664,2228224.0,22282240.0,10,2
20971520.0,1310720.0,560.9616597935769,2,1.0,0.0,0.0,0.0,0.0,0.27928480087537877,0.0,0.14999999999999997,100000000.0,0.0,0.0,0.0,0.0,,-0.9878044218151566,0.0,4,0.0,0.0,0.0,0.0,70.95041684806347,0.021146922090452512,97139.96037300325,1.0370885769062264,1.0370885769062264,581.6418082733765,2228224.0,22282240.0,61,0.035554783348860544,581.6418082733763,1.0,1550.35337910384,20971520.0,1310720.0,False,0.13318602425959322,1.2266886162211308,0.34241809288400227,0.15,5,5.0,6.0,0.07,2,4,467.0589335829962,0.18048201823946383,0.19699903456136225,,,,,,0.0,2,0.9878044218151566,-1.0370885769062264,delay_only,2097152.0,20971520.0,0.0,0.0,1,,0,1037.0885769062263,0.1046875,3.890200585126877,969.4030137889606,560.9616597935769,2228224.0,22282240.0,10,2
20971520.0,1310720.0,637.3557052246161,2,1.0000000000000002,0.0,0.0,0.0,0.0,0.2408318915758459,0.0,0.13599999999999998,100000000.0,0.0,0.0,-2.220446049250313e-16,2.220446049250313e-16,,-0.9878044218151566,0.0,4,0.0,0.0,0.0,0.0,68.96391743794084,0.022569217397434622,97139.96037300325,1.1293938308737568,1.1293938308737568,608.8370113011064,2228224.0,22282240.0,61,-0.04684126193735224,608.8370113011064,1.0,1550.35337910384,20971520.0,1310720.0,False,0.11538807241458716,1.0627634218045836,0.2539242668326961,0.14,5,5.0,6.0,0.06,2,4,511.4798133484895,-0.2929284585346188,0.15990683244528955,,,,,,2.220446049250313e-16,2,0.9878044218151566,-1.129393830873757,delay_only,2097152.0,20971520.0,0.0,0.0,2,,0,1129.3938308737568,0.0984375,3.826812833547592,1060.429913435816,637.3557052246161,2228224.0,22282240.0,10,2
20971520.0,1310720.0,916.4354152875063,2,1.0,0.0,0.0,0.0,0.0,0.5196152422706631,0.0,0.24399999999999997,100000000.0,0.0,0.0,0.0,0.0,,-0.9816498172140428,0.0,4,0.0,0.0,0.0,0.0,68.9088967628777,0.029183211350486987,97139.96037300325,1.5503533791038402,1.5503533791038402,1039.8285731022606,2228224.0,22282240.0,61,0.11866682740465481,1039.8285731022606,1.0,1550.35337910384,20971520.0,1310720.0,False,0.12095671835320745,1.1140525463102993,0.30871188618905,0.24,5,5.0,6.0,0.06,2,4,688.5610068513041,0.3512796787124904,0.33781295815229684,,,,,,0.0,2,0.9816498172140428,-1.5503533791038402,delay_only,2097152.0,20971520.0,0.0,0.0,3,,0,1550.35337910384,0.1078125,3.7804665863513947,1483.725526431167,916.4354152875063,2228224.0,22282240.0,10,2
20971520.0,1310720.0,908.1093529718477,2,1.0,0.0,0.0,0.0,0.0,0.867179335547152,0.0,0.382,100000000.0,0.0,0.0,0.0,0.0,,-0.9847319278346618,0.0,4,0.0,0.0,0.0,0.0,70.53475361317396,0.025873439497700566,98956.59416614268,1.3424348814660103,1.3424348814660103,966.2383827841675,2228224.0,22282240.0,62,0.06016013320110906,966.2383827841674,1.0,1816.633793139421,20971520.0,1310720.0,False,0.1279238495319837,1.1782221958830363,0.31818488276025797,0.32,5,5.0,6.0,0.04,2,4,539.9574052094043,0.13636318032071879,0.4411757855721441,,,,,,0.0,2,0.9847319278346618,-1.3424348814660103,delay_only,2097152.0,20971520.0,0.0,0.0,1,,0,1342.4348814660102,0.1171875,3.6718338429927826,1271.9001278528362,908.1093529718477,2228224.0,22282240.0,10,2
20971520.0,1310720.0,686.1189638638339,2,1.0,0.0,0.0,0.0,0.0,0.3605551275463989,0.0,0.182,100000000.0,0.0,0.0,0.0,0.0,,-0.9847319278346618,0.0,4,0.0,0.0,0.0,0.0,69.79195447638631,0.023543791472956495,98956.59416614268,1.1893510431862149,1.1893510431862149,735.6293252108655,2228224.0,22282240.0,62,0.06730340899996029,735.6293252108655,1.0,1816.633793139421,20971520.0,1310720.0,False,0.12338092270485544,1.136380293520203,0.2907327028974079,0.19,5,5.0,6.0,0.06,2,4,530.1084224042205,0.24090182882084382,0.2793810629391823,,,,,,0.0,2,0.9847319278346618,-1.1893510431862149,delay_only,2097152.0,20971520.0,0.0,0.0,2,,0,1189.3510431862148,0.1078125,3.773415297269821,1122.8026542692157,686.1189638638338,2228224.0,22282240.0,10,2
20971520.0,1310720.0,1231.721039916075,2,1.0,0.0,0.0,0.0,0.0,0.9838699100999074,0.0,0.436,100000000.0,0.0,0.0,0.0,0.0,,-0.9692233691951198,0.0,4,0.0,0.0,0.0,0.0,66.83517340570688,0.033357560554600214,98956.59416614268,1.816633793139421,1.816633793139421,1378.355391346666,2228224.0,22282240.0,62,0.1063835585155784,1378.355391346666,1.0,1816.633793139421,20971520.0,1310720.0,False,0.12398023601477448,1.141900173094013,0.3226356994544657,0.37,5,5.0,6.0,0.04,2,4,714.252737486192,0.2208007309987327,0.48180799961295867,,,,,,0.0,2,0.9692233691951198,-1.816633793139421,delay_only,2097152.0,20971520.0,0.0,0.0,3,,0,1816.633793139421,0.1140625,3.6788875460624695,1750.8838754944136,1231.7210399160747,2228224.0,22282240.0,10,2
20971520.0,1310720.0,663.2144586816678,2,1.0000000000000002,0.0,0.0,0.0,0.0,0.43588989435406733,0.0,0.22199999999999992,100000000.0,0.0,0.0,-2.220446049250313e-16,2.220446049250313e-16,,-0.9816498172140428,0.0,4,0.0,0.0,0.0,0.0,68.84553050622344,0.02258036146704169,100102.51578002569,1.1278424473561741,1.1278424473561741,705.7865317322793,2228224.0,22282240.0,63,0.06031862487673531,705.7865317322793,1.0,1145.9216138830052,20971520.0,1310720.0,False,0.12339848023730353,1.136542004370142,0.29734478685684684,0.2,5,5.0,6.0,0.06,2,4,489.1685436776911,0.19653064564464123,0.30691714607095427,,,,,,2.220446049250313e-16,2,0.9816498172140428,-1.1278424473561743,delay_only,2097152.0,20971520.0,0.0,0.0,1,,0,1127.842447356174,0.1296875,3.6769870817661285,1061.1431338906682,663.2144586816677,2228224.0,22282240.0,10,2
20971520.0,1310720.0,557.7808697134072,2,0.9999999999999999,0.0,0.0,0.0,0.0,0.34928498393145957,0.0,0.17400000000000002,100000000.0,0.0,0.0,1.1102230246251565e-16,0.0,,-0.9816498172140428,0.0,4,0.0,0.0,0.0,0.0,69.18214075267315,0.021336470932410333,100102.51578002569,1.0507162804269343,1.0507162804269343,620.5011027475247,2228224.0,22282240.0,63,0.10107997029561709,620.5011027475247,1.0,1145.9216138830052,20971520.0,1310720.0,False,0.1238971112490642,1.1411345657084806,0.29310983871030155,0.18,5,5.0,6.0,0.07,2,4,464.3378203391683,0.40163239441976045,0.2516728523396317,,,,,,0.0,2,0.9816498172140428,-1.0507162804269343,delay_only,2097152.0,20971520.0,0.0,0.0,2,,0,1050.7162804269344,0.1421875,3.6700277030467987,981.5341396742612,557.7808697134071,2228224.0,22282240.0,10,2
20971520.0,1310720.0,635.3498871228722,2,1.0,0.0,0.0,0.0,0.0,0.37416573867739406,0.0,0.19199999999999998,100000000.0,0.0,0.0,0.0,0.0,,-0.9660917830792959,0.0,4,0.0,0.0,0.0,0.0,70.59196103364229,0.022876481376701292,100102.51578002569,1.1459216138830053,1.1459216138830053,682.2490164330878,2228224.0,22282240.0,63,0.06874195224994543,682.2490164330877,1.0,1145.9216138830052,20971520.0,1310720.0,False,0.12565232666091203,1.1573006970777375,0.33033596147275546,0.18,5,5.0,6.0,0.07,2,4,509.55774183088477,0.27157787455242555,0.25312059151812627,,,,,,0.0,2,0.9660917830792959,-1.1459216138830053,delay_only,2097152.0,20971520.0,0.0,0.0,3,,0,1145.9216138830052,0.1203125,3.717308133840561,1080.0948081088827,635.3498871228722,2228224.0,22282240.0,10,2
20971520.0,1310720.0,607.0480627091554,2,0.9999999999999999,0.0,0.0,0.0,0.0,0.3376388603226827,0.0,0.17800000000000002,100000000.0,0.0,0.0,1.1102230246251565e-16,0.0,,-0.9847319278346618,0.0,4,0.0,0.0,0.0,0.0,69.78035112842917,0.021545462347632473,101200.14209619474,1.0625912003670757,1.0625912003670757,638.252777825933,2228224.0,22282240.0,64,0.04889084105997886,638.252777825933,1.0,1097.6263161690642,20971520.0,1310720.0,False,0.1360328355510999,1.2529087171906925,0.35552814374015085,0.18,5,5.0,6.0,0.06,2,4,473.9428436441786,0.18991374606881667,0.2574370843185985,,,,,,0.0,2,0.9847319278346618,-1.0625912003670757,delay_only,2097152.0,20971520.0,0.0,0.0,1,,0,1062.5912003670758,0.125,3.6741913557052612,994.9095902484779,607.0480627091553,2228224.0,22282240.0,10,2
20971520.0,1310720.0,534.2185021965184,2,1.0,0.0,0.0,0.0,0.0,0.21447610589527216,0.0,0.11399999999999998,100000000.0,0.0,0.0,0.0,0.0,,-0.9534625892455922,0.0,4,0.0,0.0,0.0,0.0,68.01127688959241,0.021464433455531014,101200.14209619474,1.0568903359424169,1.0568903359424169,559.4090710870348,2228224.0,22282240.0,64,0.045030676462872676,559.4090710870348,1.0,1097.6263161690642,20971520.0,1310720.0,False,0.12032805958504392,1.1082623850776858,0.27667374827805,0.13,5,5.0,6.0,0.08,2,4,474.22290016760684,0.295711952053139,0.15227885159941296,,,,,,0.0,2,0.9534625892455922,-1.0568903359424169,delay_only,2097152.0,20971520.0,0.0,0.0,2,,0,1056.8903359424169,0.1328125,3.604250729084015,989.7237411539847,534.2185021965184,2228224.0,22282240.0,10,2
20971520.0,1310720.0,573.572969875434,2,0.9999999999999999,0.0,0.0,0.0,0.0,0.3255764119219941,0.0,0.166,100000000.0,0.0,0.0,1.1102230246251565e-16,0.0,,-0.9816498172140428,0.0,4,0.0,0.0,0.0,0.0,69.65708639472723,0.022096915930302517,101200.14209619474,1.0976263161690643,1.0976263161690643,662.2731125610178,2228224.0,22282240.0,64,0.13393287603444962,662.2731125610178,1.0,1097.6263161690642,20971520.0,1310720.0,False,0.13100066965514404,1.2065607564806884,0.35496599115656513,0.18,5,5.0,6.0,0.07,2,4,486.7021903528333,0.5052097555220851,0.2651035031895673,,,,,,0.0,2,0.9816498172140428,-1.0976263161690643,delay_only,2097152.0,20971520.0,0.0,0.0,3,,0,1097.6263161690642,0.10625,3.7919671833515167,1030.2026195393612,573.5729698754338,2228224.0,22282240.0,10,2
20971520.0,1310720.0,620.4628367970569,2,1.0,0.0,0.0,0.0,0.0,0.46475800154489,0.0,0.20599999999999996,100000000.0,0.0,0.0,0.0,0.0,,-0.9660917830792959,0.0,4,0.0,0.0,0.0,0.0,69.61969332769513,0.022648435133926705,102905.33520870678,1.135119541899004,1.135119541899004,740.1316937645367,2228224.0,22282240.0,65,0.16168589722027357,740.1316937645366,1.0,1705.193112512031,20971520.0,1310720.0,False,0.12401510469616851,1.142221325517974,0.3001844474985873,0.23,5,5.0,6.0,0.07,2,4,500.92214771868794,0.5002678987758423,0.3231986254083455,,,,,,0.0,2,0.9660917830792959,-1.135119541899004,delay_only,2097152.0,20971520.0,0.0,0.0,1,,0,1135.1195418990042,0.14375,3.5885169208049774,1065.499848571309,620.4628367970569,2228224.0,22282240.0,10,2
20971520.0,1310720.0,1181.5153193974788,2,1.0,0.0,0.0,0.0,0.0,1.2899612397277678,0.0,0.48599999999999993,100000000.0,0.0,0.0,0.0,0.0,,-0.9847319278346618,0.0,4,0.0,0.0,0.0,0.0,68.52407427504659,0.03159901727219266,102905.33520870678,1.705193112512031,1.705193112512031,1355.8651906926868,2228224.0,22282240.0,65,0.1285893852073418,1355.8651906926866,1.0,1705.193112512031,20971520.0,1310720.0,False,0.13251676291291897,1.2205244914204538,0.3328048016672198,0.48,5,5.0,6.0,0.03,2,4,629.3948271798777,0.23999584849153144,0.5357983732451075,,,,,,0.0,2,0.9847319278346618,-1.705193112512031,delay_only,2097152.0,20971520.0,0.0,0.0,2,,0,1705.193112512031,0.1265625,3.636012554168701,1638.3371054203299,1181.5153193974786,2228224.0,22282240.0,10,2
20971520.0,1310720.0,820.160687691248,2,1.0,0.0,0.0,0.0,0.0,0.8087026647662291,0.0,0.3420000000000001,100000000.0,0.0,0.0,0.0,0.0,,-0.9660917830792959,0.0,4,0.0,0.0,0.0,0.0,70.2861538156867,0.02651834524417912,102905.33520870678,1.380879648436458,1.380879648436458,1007.7847710629372,2228224.0,22282240.0,65,0.1861747555222503,1007.7847710629372,1.0,1705.193112512031,20971520.0,1310720.0,False,0.13299952860137243,1.2249709277310217,0.3641710768384152,0.33,5,5.0,6.0,0.05,2,4,569.2741549492453,0.4278666843564953,0.43512328098705366,,,,,,0.0,2,0.9660917830792959,-1.380879648436458,delay_only,2097152.0,20971520.0,0.0,0.0,3,,0,1380.879648436458,0.13125,3.6190176010131836,1313.1740956274639,820.1606876912479,2228224.0,22282240.0,10,2
20971520.0,1310720.0,557.3821591592326,2,0.9999999999999999,0.0,0.0,0.0,0.0,0.3741657386773942,0.0,0.17600000000000002,100000000.0,0.0,0.0,1.1102230246251565e-16,0.0,,-0.9816498172140428,0.0,4,0.0,0.0,0.0,0.0,68.49806476384401,0.02128019508405256,104404.22726575956,1.0464305501432078,1.0464305501432078,643.7714742520989,2228224.0,22282240.0,66,0.13419251791674836,643.7714742520989,1.0,1498.892057052781,20971520.0,1310720.0,False,0.13356555871081777,1.2301842576998,0.34416591379601913,0.2,5,5.0,6.0,0.07,2,4,466.25463232572014,0.48665419097921064,0.27574511923289063,,,,,,0.0,2,0.9816498172140428,-1.0464305501432078,delay_only,2097152.0,20971520.0,0.0,0.0,1,,0,1046.430550143208,0.1296875,3.617815852165222,977.9324853793637,557.3821591592326,2228224.0,22282240.0,10,2
20971520.0,1310720.0,995.5583397623931,2,1.0000000000000002,0.0,0.0,0.0,0.0,0.9939818911831341,0.0,0.3839999999999999,100000000.0,0.0,0.0,-2.220446049250313e-16,2.220446049250313e-16,,-0.9692233691951198,0.0,4,0.0,0.0,0.0,0.0,69.94486274197698,0.02836806849132649,104404.22726575956,1.498892057052781,1.498892057052781,1139.4020194765492,2228224.0,22282240.0,66,0.1262448874544202,1139.402019476549,1.0,1498.892057052781,20971520.0,1310720.0,False,0.11563116514259232,1.0650023885714632,0.2550437503064097,0.39,5,5.0,6.0,0.04,2,4,603.4558382749608,0.26839202285509206,0.4703749616380411,,,,,,2.220446049250313e-16,2,0.9692233691951198,-1.4988920570527813,delay_only,2097152.0,20971520.0,0.0,0.0,2,,0,1498.892057052781,0.1421875,3.6140151917934418,1431.5563834448951,995.5583397623931,2228224.0,22282240.0,10,2
20971520.0,1310720.0,722.1933718761662,2,1.0,0.0,0.0,0.0,0.0,0.45825756949558405,0.0,0.24800000000000003,100000000.0,0.0,0.0,0.0,0.0,,-0.9969650916353059,0.0,4,0.0,0.0,0.0,0.0,67.58089177310467,0.02334167961634879,104404.22726575956,1.175990102308659,1.175990102308659,727.1545659820736,2228224.0,22282240.0,66,0.0068227503999877615,727.1545659820734,1.0,1498.892057052781,20971520.0,1310720.0,False,0.12186424853086661,1.12241120814438,0.3128912170439754,0.19,5,5.0,6.0,0.05,2,4,516.9299955160343,0.023599496932774456,0.2891057559160288,,,,,,0.0,2,0.9969650916353059,-1.175990102308659,delay_only,2097152.0,20971520.0,0.0,0.0,3,,0,1175.990102308659,0.1296875,3.727136492729187,1109.8674954463227,722.1933718761663,2228224.0,22282240.0,10,2
20971520.0,1310720.0,573.1604082201561,2,1.0,0.0,0.0,0.0,0.0,0.27568097504180444,0.0,0.14999999999999997,100000000.0,0.0,0.0,0.0,0.0,,-0.9908673886137245,0.0,4,0.0,0.0,0.0,0.0,67.59381387382746,0.021224573343347895,105688.9349261443,1.0405168991384297,1.0405168991384297,584.7548359963116,2228224.0,22282240.0,67,0.019827844187728316,584.7548359963116,1.0,1284.7076603847333,20971520.0,1310720.0,False,0.1361569276701759,1.2540516478448622,0.3560996086583946,0.16,5,5.0,6.0,0.07,2,4,465.4079275082721,0.09714895779908232,0.2040973432647119,,,,,,0.0,2,0.9908673886137245,-1.0405168991384297,delay_only,2097152.0,20971520.0,0.0,0.0,1,,0,1040.5168991384296,0.115625,3.6447937190532684,974.3726939742653,573.160408220156,2228224.0,22282240.0,10,2
20971520.0,1310720.0,812.9360334750739,2,1.0,0.0,0.0,0.0,0.0,0.6526867548832288,0.0,0.30000000000000004,100000000.0,0.0,0.0,0.0,0.0,,-0.9939209163101398,0.0,4,0.0,0.0,0.0,0.0,66.00321503356099,0.025053188284572044,105688.9349261443,1.2847076603847334,1.2847076603847334,895.8822618907532,2228224.0,22282240.0,67,0.09258608183693881,895.882261890753,1.0,1284.7076603847333,20971520.0,1310720.0,False,0.1204803915713691,1.1096654145212799,0.2773752633903243,0.28,5,5.0,6.0,0.05,2,4,548.4287306352398,0.23872610566355548,0.38783392197342426,,,,,,0.0,2,0.9939209163101398,-1.2847076603847334,delay_only,2097152.0,20971520.0,0.0,0.0,2,,0,1284.7076603847333,0.1390625,3.7212270498275757,1219.4040502126106,812.9360334750738,2228224.0,22282240.0,10,2
20971520.0,1310720.0,635.6973663712588,2,1.0,0.0,0.0,0.0,0.0,0.4626013402488151,0.0,0.22399999999999995,100000000.0,0.0,0.0,0.0,0.0,,-0.9692233691951198,0.0,4,0.0,0.0,0.0,0.0,64.53015469014645,0.02194124820345486,105688.9349261443,1.0847700397112574,1.0847700397112574,700.8363516731781,2228224.0,22282240.0,67,0.09294464413326486,700.836351673178,1.0,1284.7076603847333,20971520.0,1310720.0,False,0.12701682163007144,1.1698681601795449,0.33661969302019534,0.22,5,5.0,6.0,0.06,2,4,479.9235100444729,0.2948628283520079,0.3152131608203505,,,,,,0.0,2,0.9692233691951198,-1.0847700397112574,delay_only,2097152.0,20971520.0,0.0,0.0,3,,0,1084.7700397112574,0.1328125,3.5975259840488434,1020.2398850211109,635.6973663712587,2228224.0,22282240.0,10,2
20971520.0,1310720.0,755.3848990360993,2,1.0,0.0,0.0,0.0,0.0,0.8473488065725944,0.0,0.3139999999999999,100000000.0,0.0,0.0,0.0,0.0,,-0.9244162777371753,0.0,4,0.0,0.0,0.0,0.0,67.61345965787768,0.02488462247590248,106965.16422425993,1.2762292981156365,1.2762292981156365,937.5419754565331,2228224.0,22282240.0,68,0.19429218231187237,937.5419754565329,1.0,1276.2292981156365,20971520.0,1310720.0,False,0.12844908809793276,1.1830598218519155,0.3206036956938281,0.35,5,5.0,6.0,0.06,2,4,523.0655205733598,0.4394871512587549,0.4420884245543729,,,,,,0.0,2,0.9244162777371753,-1.2762292981156365,delay_only,2097152.0,20971520.0,0.0,0.0,1,,0,1276.2292981156365,0.1453125,3.580764651298523,1208.6158384577589,755.3848990360993,2228224.0,22282240.0,10,2
20971520.0,1310720.0,673.6577910723425,2,1.0,0.0,0.0,0.0,0.0,0.4195235392680606,0.0,0.222,100000000.0,0.0,0.0,0.0,0.0,,-0.9939209163101398,0.0,4,0.0,0.0,0.0,0.0,67.59070698171854,0.023913554644896598,106965.16422425993,1.212879683523473,1.212879683523473,740.0818012818652,2228224.0,22282240.0,68,0.08975225454060917,740.0818012818651,1.0,1276.2292981156365,20971520.0,1310720.0,False,0.1240737715831692,1.1427616675158148,0.2939233897984902,0.19,5,5.0,6.0,0.06,2,4,526.779414715453,0.3114077215860932,0.2882146084351214,,,,,,0.0,2,0.9939209163101398,-1.212879683523473,delay_only,2097152.0,20971520.0,0.0,0.0,2,,0,1212.879683523473,0.1515625,3.46264785528183,1146.4674972733824,673.6577910723425,2228224.0,22282240.0,10,2
20971520.0,1310720.0,662.9918056995356,2,1.0000000000000002,0.0,0.0,0.0,0.0,0.4449719092257397,0.0,0.21799999999999994,100000000.0,0.0,0.0,-2.220446049250313e-16,2.220446049250313e-16,,-0.9847319278346618,0.0,4,0.0,0.0,0.0,0.0,67.53021106123924,0.02268655762253788,106965.16422425993,1.134008794879462,1.134008794879462,711.9597918949495,2228224.0,22282240.0,68,0.06877914561028928,711.9597918949495,1.0,1276.2292981156365,20971520.0,1310720.0,False,0.13243956688581515,1.2198134897354633,0.3615923579430884,0.2,5,5.0,6.0,0.06,2,4,502.21398192322044,0.23346347753985744,0.2946034486209824,,,,,,2.220446049250313e-16,2,0.9847319278346618,-1.1340087948794622,delay_only,2097152.0,20971520.0,0.0,0.0,3,,0,1134.008794879462,0.109375,3.7000136375427246,1067.9396878424243,662.9918056995355,2228224.0,22282240.0,10,2
20971520.0,1310720.0,873.0504784396005,2,1.0,0.0,0.0,0.0,0.0,0.9197825830053535,0.0,0.36999999999999994,100000000.0,0.0,0.0,0.0,0.0,,-0.9723448696087954,0.0,4,0.0,0.0,0.0,0.0,66.37306232005358,0.026512486185168688,108343.50632533024,1.3783421010703045,1.3783421010703045,1022.263421729489,2228224.0,22282240.0,69,0.14596330076786512,1022.2634217294888,1.0,1378.3421010703046,20971520.0,1310720.0,False,0.1300581748474689,1.1978800585031801,0.3280138140290315,0.36,5,5.0,6.0,0.05,2,4,557.1699870779719,0.3208235854838284,0.45496437098831255,,,,,,0.0,2,0.9723448696087954,-1.3783421010703045,delay_only,2097152.0,20971520.0,0.0,0.0,1,,0,1378.3421010703046,0.134375,3.6227784752845764,1312.7991158507962,873.0504784396005,2228224.0,22282240.0,10,2
20971520.0,1310720.0,708.78853707226,2,0.9999999999999999,0.0,0.0,0.0,0.0,0.34058772731852804,0.0,0.17200000000000004,100000000.0,0.0,0.0,1.1102230246251565e-16,0.0,,-0.9629500128629352,0.0,4,0.0,0.0,0.0,0.0,65.22615207359195,0.023797799975044727,108343.50632533024,1.2042853504764544,1.2042853504764544,724.5426032392477,2228224.0,22282240.0,69,0.021743464216672885,724.5426032392477,1.0,1378.3421010703046,20971520.0,1310720.0,False,0.12401706032640109,1.1422393375380577,0.2936622248023879,0.18,5,5.0,6.0,0.06,2,4,540.2324279727185,0.08547583520120797,0.2543814186253848,,,,,,0.0,2,0.9629500128629352,-1.2042853504764544,delay_only,2097152.0,20971520.0,0.0,0.0,2,,0,1204.2853504764544,0.178125,3.5518790185451508,1139.0591984028624,708.7885370722599,2228224.0,22282240.0,10,2
20971520.0,1310720.0,820.9957586253631,2,1.0,0.0,0.0,0.0,0.0,0.5138093031466052,0.0,0.262,100000000.0,0.0,0.0,0.0,0.0,,-0.9939209163101398,0.0,4,0.0,0.0,0.0,0.0,66.85852212831378,0.025914545981888457,108343.50632533024,1.3406463030822444,1.3406463030822444,878.6844944873155,2228224.0,22282240.0,69,0.0656535266342807,878.6844944873155,1.0,1378.3421010703046,20971520.0,1310720.0,False,0.13780847718577108,1.2692629810246663,0.3863171033669022,0.23,5,5.0,6.0,0.05,2,4,583.5776098379755,0.19548420881641212,0.33585079343129365,,,,,,0.0,2,0.9939209163101398,-1.3406463030822444,delay_only,2097152.0,20971520.0,0.0,0.0,3,,0,1340.6463030822445,0.13125,3.6559070348739624,1274.5309428408611,820.9957586253631,2228224.0,22282240.0,10,2
20971520.0,1310720.0,1003.4715663286127,2,1.0,0.0,0.0,0.0,0.0,1.2553883861180173,0.0,0.466,100000000.0,0.0,0.0,0.0,0.0,,-0.975456381144309,0.0,4,0.0,0.0,0.0,0.0,64.48298506438732,0.029890925282268464,109950.72803306564,1.5922893459315988,1.5922893459315988,1260.7702324397112,2228224.0,22282240.0,70,0.20408053703266849,1260.7702324397112,1.0,1607.2217077353948,20971520.0,1310720.0,False,0.13418077238601897,1.2358505850498975,0.3469990773971149,0.47,5,5.0,6.0,0.04,2,4,589.9355370791068,0.3835500278839762,0.5320832282520465,,,,,,0.0,2,0.975456381144309,-1.5922893459315988,delay_only,2097152.0,20971520.0,0.0,0.0,1,0.10859375,0,1592.2893459315987,0.1296875,3.6141976416110992,1529.0192180651816,1003.4715663286127,2228224.0,22282240.0,10,2
20971520.0,1310720.0,809.1577326447299,2,0.9999999999999999,0.0,0.0,0.0,0.0,0.7443117626371358,0.0,0.336,100000000.0,0.0,0.0,1.1102230246251565e-16,0.0,,-0.9847319278346618,0.0,4,0.0,0.0,0.0,0.0,67.7362265996635,0.025330246209203523,109950.72803306564,1.304871983988689,1.304871983988689,911.8675224047579,2228224.0,22282240.0,70,0.11263674518110249,911.8675224047579,1.0,1607.2217077353948,20971520.0,1310720.0,False,0.11919906576861737,1.0978639677505408,0.27147453981820313,0.29,5,5.0,6.0,0.05,2,4,546.2954208991091,0.28095631295989615,0.4009048381738278,,,,,,0.0,2,0.9847319278346618,-1.304871983988689,delay_only,2097152.0,20971520.0,0.0,0.0,2,0.10859375,0,1304.8719839886892,0.1390625,3.664912849664688,1237.1357573890257,809.15773264473,2228224.0,22282240.0,10,2
20971520.0,1310720.0,1021.2336299320394,2,1.0,0.0,0.0,0.0,0.0,1.150651989091402,0.0,0.424,100000000.0,0.0,0.0,0.0,0.0,,-0.9629500128629352,0.0,4,0.0,0.0,0.0,0.0,67.7169575355947,0.030054761721871874,109950.72803306564,1.6072217077353947,1.6072217077353947,1253.6137222331133,2228224.0,22282240.0,70,0.18536817855433632,1253.6137222331133,1.0,1607.2217077353948,20971520.0,1310720.0,False,0.11984527929572746,1.1038158142882,0.3035935200829576,0.44,5,5.0,6.0,0.04,2,4,618.3482073993631,0.3657999480136869,0.506747416342991,,,,,,0.0,2,0.9629500128629352,-1.6072217077353947,delay_only,2097152.0,20971520.0,0.0,0.0,3,0.10859375,0,1607.2217077353948,0.13125,3.6393947303295135,1539.5047501998001,1021.2336299320397,2228224.0,22282240.0,10,2
20971520.0,1310720.0,692.0950924144198,2,0.9999999999999999,0.0,0.0,0.0,0.0,0.872926113711808,0.0,0.30800000000000005,100000000.0,0.0,0.0,1.1102230246251565e-16,0.0,,-0.9566355184455129,0.0,4,0.0,0.0,0.0,0.0,71.5718362480402,0.02377733143419543,111160.04908110219,1.2093210480365475,1.2093210480365475,890.4124266170926,2228224.0,22282240.0,71,0.22272525435896232,890.4124266170926,1.0,1209.3210480365476,20971520.0,1310720.0,False,0.13460393759783806,1.2397480806843308,0.34894782510959055,0.36,5,5.0,6.0,0.06,2,4,490.94533637392686,0.4964547494562118,0.44863153107694675,,,,,,0.0,2,0.9566355184455129,-1.2093210480365475,delay_only,2097152.0,20971520.0,0.0,0.0,1,,0,1209.3210480365476,0.0984375,3.7677834033966064,1137.7492117885074,692.0950924144198,2228224.0,22282240.0,10,2
20971520.0,1310720.0,600.4102226001784,2,1.0000000000000002,0.0,0.0,0.0,0.0,0.4919349550499536,0.0,0.20999999999999988,100000000.0,0.0,0.0,-2.220446049250313e-16,2.220446049250313e-16,,-0.9660917830792959,0.0,4,0.0,0.0,0.0,0.0,71.89174508675933,0.022582574072862127,111160.04908110219,1.131076717025643,1.131076717025643,749.142169879889,2228224.0,22282240.0,71,0.19853634364697026,749.142169879889,1.0,1209.3210480365476,20971520.0,1310720.0,False,0.11913746033844022,1.0972965607698473,0.27119083645303377,0.24,5,5.0,6.0,0.07,2,4,491.0834894202493,0.576349328822412,0.3444722388288656,,,,,,2.220446049250313e-16,2,0.9660917830792959,-1.1310767170256433,delay_only,2097152.0,20971520.0,0.0,0.0,2,,0,1131.0767170256431,0.14375,3.6852283477783203,1061.2847406631763,600.4102226001781,2228224.0,22282240.0,10,2
20971520.0,1310720.0,531.2791972949194,2,0.9999999999999999,0.0,0.0,0.0,0.0,0.17320508075688776,0.0,0.09600000000000002,100000000.0,0.0,0.0,1.1102230246251565e-16,0.0,,-0.9723448696087954,0.0,4,0.0,0.0,0.0,0.0,67.65840575098991,0.02114409991921773,111160.04908110219,1.0368808005809245,1.0368808005809245,536.7291784210082,2228224.0,22282240.0,71,0.010154061573700768,536.7291784210082,1.0,1209.3210480365476,20971520.0,1310720.0,False,0.12153353557794044,1.1193652292825087,0.31136822749967535,0.13,5,5.0,6.0,0.08,2,4,471.75725068251904,0.08388209055493659,0.121051603584565,,,,,,0.0,2,0.9723448696087954,-1.0368808005809245,delay_only,2097152.0,20971520.0,0.0,0.0,3,,0,1036.8808005809244,0.1046875,3.736900269985199,969.2223948299345,531.2791972949193,2228224.0,22282240.0,10,2
20971520.0,1310720.0,731.613914800936,2,1.0,0.0,0.0,0.0,0.0,0.44944410108488464,0.0,0.232,100000000.0,0.0,0.0,0.0,0.0,,-0.9847319278346618,0.0,4,0.0,0.0,0.0,0.0,68.08424880728126,0.024705775844739215,112423.29220451748,1.263243123415287,1.263243123415287,756.4823765316349,2228224.0,22282240.0,72,0.032873815044730324,756.4823765316349,1.0,1263.243123415287,20971520.0,1310720.0,False,0.13356555871081777,1.2301842576998,0.34416591379601913,0.18,5,5.0,6.0,0.06,2,4,554.6765050608703,0.12322962433876294,0.2667687678277664,,,,,,0.0,2,0.9847319278346618,-1.263243123415287,delay_only,2097152.0,20971520.0,0.0,0.0,1,,0,1263.243123415287,0.1109375,3.711042493581772,1197.16965406331,731.6139148009358,2228224.0,22282240.0,10,2
20971520.0,1310720.0,609.0362918445666,2,1.0,0.0,0.0,0.0,0.0,0.36878177829171555,0.0,0.17400000000000002,100000000.0,0.0,0.0,0.0,0.0,,-0.9847319278346618,0.0,4,0.0,0.0,0.0,0.0,67.57132057100534,0.021487612590212632,112423.29220451748,1.0587785263446137,1.0587785263446137,659.7517186649703,2228224.0,22282240.0,72,0.07687047321836178,659.7517186649703,1.0,1263.243123415287,20971520.0,1310720.0,False,0.12627516742177747,1.1630372724828488,0.30406119212962407,0.2,5,5.0,6.0,0.06,2,4,474.6298380348942,0.27395695553540195,0.280593252571856,,,,,,0.0,2,0.9847319278346618,-1.0587785263446137,delay_only,2097152.0,20971520.0,0.0,0.0,2,,0,1058.7785263446137,0.159375,3.563552349805832,991.2072057736083,609.0362918445666,2228224.0,22282240.0,10,2
20971520.0,1310720.0,550.4791953669787,2,1.0,0.0,0.0,0.0,0.0,0.16124515496597097,0.0,0.088,100000000.0,0.0,0.0,0.0,0.0,,-0.975456381144309,0.0,4,0.0,0.0,0.0,0.0,67.52451788634062,0.02129593301350685,112423.29220451748,1.0456211856681659,1.0456211856681659,553.313750749465,2228224.0,22282240.0,72,0.005122871749793013,553.3137507494652,1.0,1263.243123415287,20971520.0,1310720.0,False,0.12656385969934117,1.1656962266219715,0.33453372622971456,0.13,5,5.0,6.0,0.07,2,4,474.18933199873425,0.035824027869528735,0.14300099833694116,,,,,,0.0,2,0.975456381144309,-1.0456211856681659,delay_only,2097152.0,20971520.0,0.0,0.0,3,,0,1045.621185668166,0.1203125,3.6381955742836,978.9397128644383,550.4791953669786,2228224.0,22282240.0,10,2
20971520.0,1310720.0,608.118820091841,2,1.0,0.0,0.0,0.0,0.0,0.3162277660168379,0.0,0.176,100000000.0,0.0,0.0,0.0,0.0,,-0.9908673886137245,0.0,4,0.0,0.0,0.0,0.0,71.92351669073105,0.022458317689759526,113568.56043073062,1.1252558488353408,1.1252558488353408,633.8404264266912,2228224.0,22282240.0,73,0.04058057085417716,633.8404264266912,1.0,1145.2682262131432,20971520.0,1310720.0,False,0.1347762795796805,1.2413354089974806,0.3497414892953634,0.16,5,5.0,6.0,0.06,2,4,500.3854352946372,0.19273618855812305,0.21054982542595713,,,,,,0.0,2,0.9908673886137245,-1.1252558488353408,delay_only,2097152.0,20971520.0,0.0,0.0,1,,0,1125.2558488353409,0.1359375,3.5703881084918976,1053.3323321446098,608.1188200918409,2228224.0,22282240.0,10,2
20971520.0,1310720.0,557.3466059663884,2,1.0,0.0,0.0,0.0,0.0,0.2863564212655271,0.0,0.14799999999999996,100000000.0,0.0,0.0,0.0,0.0,,-0.975456381144309,0.0,4,0.0,0.0,0.0,0.0,74.28342336788774,0.020894642607407567,113568.56043073062,1.027540550241972,1.027540550241972,591.913152745619,2228224.0,22282240.0,73,0.058398004198575035,591.9131527456188,1.0,1145.2682262131432,20971520.0,1310720.0,False,0.13251676291291897,1.2205244914204538,0.3328048016672198,0.17,5,5.0,6.0,0.07,2,4,455.86593617270665,0.2540775743155692,0.22984320578424444,,,,,,0.0,2,0.975456381144309,-1.027540550241972,delay_only,2097152.0,20971520.0,0.0,0.0,2,,0,1027.5405502419721,0.1640625,3.505717247724533,953.2571268740843,557.3466059663883,2228224.0,22282240.0,10,2
20971520.0,1310720.0,663.6069850361192,2,1.0000000000000002,0.0,0.0,0.0,0.0,0.5603570290448758,0.0,0.23799999999999993,100000000.0,0.0,0.0,-2.220446049250313e-16,2.220446049250313e-16,,-0.9660917830792959,0.0,4,0.0,0.0,0.0,0.0,66.7988108471036,0.022851084615094372,113568.56043073062,1.1452682262131433,1.1452682262131433,775.0773752110902,2228224.0,22282240.0,73,0.1438184028331525,775.0773752110903,1.0,1145.2682262131432,20971520.0,1310720.0,False,0.11421909560652253,1.051996747515362,0.27768398664437255,0.26,5,5.0,6.0,0.06,2,4,502.4774404840263,0.40891568916397164,0.3517067372181031,,,,,,2.220446049250313e-16,2,0.9660917830792959,-1.1452682262131435,delay_only,2097152.0,20971520.0,0.0,0.0,3,,0,1145.2682262131432,0.125,3.554858773946762,1078.4694153660396,663.6069850361192,2228224.0,22282240.0,10,2
20971520.0,1310720.0,1094.417827361381,2,1.0,0.0,0.0,0.0,0.0,1.3266499161421599,0.0,0.49,100000000.0,0.0,0.0,0.0,0.0,,-0.937436866561092,0.0,4,0.0,0.0,0.0,0.0,64.26689680665731,0.03033950259930583,115189.72660376293,1.6211661730323066,1.6211661730323066,1293.706443244459,2228224.0,22282240.0,74,0.1540446960929454,1293.706443244459,1.0,1621.1661730323067,20971520.0,1310720.0,False,0.13418077238601897,1.2358505850498975,0.3469990773971149,0.49,5,5.0,6.0,0.04,2,4,593.0540016952036,0.28443291433113227,0.5415853381638139,,,,,,0.0,2,0.937436866561092,-1.6211661730323066,delay_only,2097152.0,20971520.0,0.0,0.0,1,,0,1621.1661730323067,0.125,3.5817155838012695,1557.7281663555732,1094.417827361381,2228224.0,22282240.0,10,2
20971520.0,1310720.0,928.9993848918331,2,1.0,0.0,0.0,0.0,0.0,1.173882447266335,0.0,0.4100000000000001,100000000.0,0.0,0.0,0.0,0.0,,-0.9816498172140428,0.0,4,0.0,0.0,0.0,0.0,73.21205269545317,0.026719901434242355,115189.72660376293,1.3966866085144043,1.3966866085144043,1084.969384193054,2228224.0,22282240.0,74,0.1437552078183512,1084.969384193054,1.0,1621.1661730323067,20971520.0,1310720.0,False,0.12132867557773022,1.1174783989519694,0.28128175535948413,0.45,5,5.0,6.0,0.04,2,4,532.4260353027131,0.2822764939881218,0.5092709130233154,,,,,,0.0,2,0.9816498172140428,-1.3966866085144043,delay_only,2097152.0,20971520.0,0.0,0.0,2,,0,1396.6866085144043,0.1546875,3.6066804826259613,1326.0736917915106,928.9993848918331,2228224.0,22282240.0,10,2
20971520.0,1310720.0,687.0604405257402,2,1.0,0.0,0.0,0.0,0.0,0.3974921382870357,0.0,0.212,100000000.0,0.0,0.0,0.0,0.0,,-0.9816498172140428,0.0,4,0.0,0.0,0.0,0.0,73.74877296388149,0.023630665980154737,115189.72660376293,1.2010361618953107,1.2010361618953107,714.6004702624327,2228224.0,22282240.0,74,0.03853905907251748,714.6004702624329,1.0,1621.1661730323067,20971520.0,1310720.0,False,0.11279234361810977,1.0388558760756867,0.2711135509498909,0.18,5,5.0,6.0,0.06,2,4,529.4877659569459,0.14877439039107773,0.2590436362818311,,,,,,0.0,2,0.9816498172140428,-1.2010361618953107,delay_only,2097152.0,20971520.0,0.0,0.0,3,,0,1201.0361618953107,0.1375,3.6141572296619415,1128.3626227299033,687.0604405257403,2228224.0,22282240.0,10,2
20971520.0,1310720.0,781.6516757369556,2,1.0,0.0,0.0,0.0,0.0,0.4919349550499537,0.0,0.256,100000000.0,0.0,0.0,0.0,0.0,,-0.9908673886137245,0.0,4,0.0,0.0,0.0,0.0,67.64249177649617,0.02463060041061857,116449.72752181902,1.2600009180560847,1.2600009180560847,753.5194580201079,2228224.0,22282240.0,75,-0.037334427687860855,753.5194580201078,1.0,1260.0009180560846,20971520.0,1310720.0,False,0.13669547871645105,1.2590118862887403,0.3585797279263548,0.18,5,5.0,6.0,0.05,2,4,545.9495103186047,-0.1355312656208955,0.27546726961357926,,,,,,0.0,2,0.9908673886137245,-1.2600009180560847,delay_only,2097152.0,20971520.0,0.0,0.0,1,,0,1260.0009180560846,0.128125,3.5276725590229034,1192.3584262795885,781.6516757369556,2228224.0,22282240.0,10,2
20971520.0,1310720.0,541.0848757162862,2,0.9999999999999999,0.0,0.0,0.0,0.0,0.260768096208106,0.0,0.12800000000000003,100000000.0,0.0,0.0,1.1102230246251565e-16,0.0,,-0.9597979585371711,0.0,4,0.0,0.0,0.0,0.0,65.17188204452395,0.0212901096203515,116449.72752181902,1.042491085684518,1.042491085684518,587.1402094214976,2228224.0,22282240.0,75,0.07844009482946025,587.1402094214976,1.0,1260.0009180560846,20971520.0,1310720.0,False,0.1204430385116414,1.109321380127253,0.2772032461471392,0.15,5,5.0,6.0,0.08,2,4,467.26849156451374,0.3842051697311868,0.20416199731081622,,,,,,0.0,2,0.9597979585371711,-1.042491085684518,delay_only,2097152.0,20971520.0,0.0,0.0,2,,0,1042.4910856845179,0.125,3.6728330850601196,978.567015702496,541.0848757162862,2228224.0,22282240.0,10,2
20971520.0,1310720.0,712.321698374689,2,0.9999999999999999,0.0,0.0,0.0,0.0,0.7707139547199079,0.0,0.31799999999999995,100000000.0,0.0,0.0,1.1102230246251565e-16,0.0,,-0.8842048302391148,0.0,4,0.0,0.0,0.0,0.0,67.56469095125794,0.024544673254486102,116449.72752181902,1.2530626606087938,1.2530626606087938,897.3812618756203,2228224.0,22282240.0,75,0.20622178260568677,897.3812618756201,1.0,1260.0009180560846,20971520.0,1310720.0,False,0.12310603323643513,1.1338484679513803,0.3186098468890588,0.31,5,5.0,6.0,0.06,2,4,514.2187837503619,0.4829793470550472,0.4269784699141241,,,,,,0.0,2,0.8842048302391148,-1.2530626606087938,delay_only,2097152.0,20971520.0,0.0,0.0,3,,0,1253.0626606087937,0.11875,3.6225437819957733,1186.8590882871106,712.3216983746892,2228224.0,22282240.0,10,2
20971520.0,1310720.0,943.8527531053628,2,1.0,0.0,0.0,0.0,0.0,0.5865151319446071,0.0,0.31599999999999995,100000000.0,0.0,0.0,0.0,0.0,,-0.9939209163101398,0.0,4,0.0,0.0,0.0,0.0,67.56913010030985,0.02671759220380468,117915.1240019646,1.3923100949966263,1.3923100949966263,890.4586931692879,2228224.0,22282240.0,76,-0.05996242200302031,890.4586931692879,1.0,1465.3964801455884,20971520.0,1310720.0,False,0.1331131570563526,1.2260174844773308,0.34208252719026133,0.21,5,5.0,6.0,0.04,2,4,598.5015432364522,-0.18288320717049758,0.3278727606035408,,,,,,0.0,2,0.9939209163101398,-1.3923100949966263,delay_only,2097152.0,20971520.0,0.0,0.0,1,,0,1392.3100949966263,0.1546875,3.570261061191559,1325.9259010434996,943.8527531053628,2228224.0,22282240.0,10,2
20971520.0,1310720.0,650.6614077188366,2,1.0,0.0,0.0,0.0,0.0,0.3193743884534262,0.0,0.176,100000000.0,0.0,0.0,0.0,0.0,,-0.9908673886137245,0.0,4,0.0,0.0,0.0,0.0,67.64644989743829,0.022534179135318008,117915.1240019646,1.124184463115728,1.124184463115728,634.9124787962116,2228224.0,22282240.0,76,-0.024804881694064126,634.9124787962116,1.0,1465.3964801455884,20971520.0,1310720.0,False,0.11546315496314723,1.0634549576328172,0.25427003474150134,0.15,5,5.0,6.0,0.06,2,4,501.12299618856883,-0.11771425238866544,0.21072114200890563,,,,,,0.0,2,0.9908673886137245,-1.124184463115728,delay_only,2097152.0,20971520.0,0.0,0.0,2,,0,1124.184463115728,0.125,3.6558931171894073,1058.1874646603526,650.6614077188365,2228224.0,22282240.0,10,2
20971520.0,1310720.0,948.3961808717577,2,1.0,0.0,0.0,0.0,0.0,0.8270429251254132,0.0,0.37599999999999995,100000000.0,0.0,0.0,0.0,0.0,,-0.9847319278346618,0.0,4,0.0,0.0,0.0,0.0,67.64481868594885,0.027864681482470822,117915.1240019646,1.4653964801455883,1.4653964801455883,1058.0372697859052,2228224.0,22282240.0,76,0.10362686839598151,1058.0372697859052,1.0,1465.3964801455884,20971520.0,1310720.0,False,0.12261595335438011,1.1293346654281957,0.316352945617688,0.31,5,5.0,6.0,0.04,2,4,594.5378780446605,0.23655066407370026,0.43807473042517137,,,,,,0.0,2,0.9847319278346618,-1.4653964801455883,delay_only,2097152.0,20971520.0,0.0,0.0,3,,0,1465.3964801455884,0.1515625,3.585726946592331,1399.3396148781328,948.3961808717579,2228224.0,22282240.0,10,2
20971520.0,1310720.0,830.1754551719017,2,0.9999999999999999,0.0,0.0,0.0,0.0,0.7563068160475616,0.0,0.30800000000000005,100000000.0,0.0,0.0,1.1102230246251565e-16,0.0,,-0.9878044218151566,0.0,4,0.0,0.0,0.0,0.0,67.58075393736362,0.025546141578732133,119395.88566992043,1.3170510902984487,1.3170510902984487,953.107094124843,2228224.0,22282240.0,77,0.12897988034158817,953.1070941248428,1.0,1480.7616679558291,20971520.0,1310720.0,False,0.13038876079898917,1.2009248676388755,0.3295362185439865,0.32,5,5.0,6.0,0.05,2,4,554.2320704299965,0.3081958800383253,0.4184996902799253,,,,,,0.0,2,0.9878044218151566,-1.3170510902984487,delay_only,2097152.0,20971520.0,0.0,0.0,1,,0,1317.0510902984488,0.1546875,3.57909032702446,1250.9530610388565,830.1754551719017,2228224.0,22282240.0,10,2
20971520.0,1310720.0,866.457792531039,2,1.0,0.0,0.0,0.0,0.0,0.8876936408468858,0.0,0.348,100000000.0,0.0,0.0,0.0,0.0,,-0.9847319278346618,0.0,4,0.0,0.0,0.0,0.0,66.89181597903371,0.026753504032386743,119395.88566992043,1.3943627346717595,1.3943627346717595,1039.4798541438925,2228224.0,22282240.0,77,0.16645061558730564,1039.4798541438925,1.0,1480.7616679558291,20971520.0,1310720.0,False,0.13053017586893073,1.202227348566764,0.3236562301846485,0.36,5,5.0,6.0,0.05,2,4,576.6778014897161,0.3738575933718738,0.445224648471265,,,,,,0.0,2,0.9847319278346618,-1.3943627346717595,delay_only,2097152.0,20971520.0,0.0,0.0,2,,0,1394.3627346717594,0.1390625,3.579153597354889,1328.2242580727516,866.457792531039,2228224.0,22282240.0,10,2
20971520.0,1310720.0,885.1648967597715,2,1.0,0.0,0.0,0.0,0.0,0.6,0.0,0.3,100000000.0,0.0,0.0,0.0,0.0,,-0.9816498172140428,0.0,4,0.0,0.0,0.0,0.0,64.49783314019442,0.02812912241899429,119395.88566992043,1.480761667955829,1.480761667955829,1002.1471719980624,2228224.0,22282240.0,77,0.11673163234602935,1002.1471719980624,1.0,1480.7616679558291,20971520.0,1310720.0,False,0.12860531315264992,1.1844987077804912,0.34393496688922287,0.25,5,5.0,6.0,0.05,2,4,631.0856682598129,0.3152638418692211,0.37026647792502765,,,,,,0.0,2,0.9816498172140428,-1.480761667955829,delay_only,2097152.0,20971520.0,0.0,0.0,3,,0,1480.7616679558291,0.125,3.55772864818573,1416.2638348156347,885.1648967597716,2228224.0,22282240.0,10,2
20971520.0,1310720.0,566.8651326295773,2,1.0,0.0,0.0,0.0,0.0,0.20493901531919198,0.0,0.114,100000000.0,0.0,0.0,0.0,0.0,,-0.9816498172140428,0.0,4,0.0,0.0,0.0,0.0,67.57399952039123,0.022417347690759017,120534.02787207105,1.1182842517289682,1.1182842517289682,612.8638467185757,2228224.0,22282240.0,78,0.07505535582705203,612.8638467185758,1.0,1138.1422021506114,20971520.0,1310720.0,False,0.13455299601002094,1.239278891321446,0.348713230515294,0.14,5,5.0,6.0,0.07,2,4,504.2261497351714,0.4234139287399049,0.17726236841196855,,,,,,0.0,2,0.9816498172140428,-1.1182842517289682,delay_only,2097152.0,20971520.0,0.0,0.0,1,,0,1118.2842517289682,0.1421875,3.5206458568573,1050.710252208577,566.8651326295773,2228224.0,22282240.0,10,2
20971520.0,1310720.0,671.4848714814138,2,1.0,0.0,0.0,0.0,0.0,0.29664793948382656,0.0,0.16599999999999998,100000000.0,0.0,0.0,0.0,0.0,,-0.9816498172140428,0.0,4,0.0,0.0,0.0,0.0,65.2150553651154,0.022787121787035347,120534.02787207105,1.1381422021506113,1.1381422021506113,631.2751286461638,2228224.0,22282240.0,78,-0.06369606691377844,631.2751286461638,1.0,1138.1422021506114,20971520.0,1310720.0,False,0.12625299353593644,1.1628330434468834,0.303959077578435,0.15,5,5.0,6.0,0.06,2,4,509.7761919189815,-0.3309472816666571,0.19246590149646728,,,,,,0.0,2,0.9816498172140428,-1.1381422021506113,delay_only,2097152.0,20971520.0,0.0,0.0,2,,0,1138.1422021506114,0.1671875,3.544168531894684,1074.3757943702622,671.4848714814137,2228224.0,22282240.0,10,2
20971520.0,1310720.0,637.6892595677454,2,0.9999999999999999,0.0,0.0,0.0,0.0,0.3376388603226827,0.0,0.18600000000000003,100000000.0,0.0,0.0,1.1102230246251565e-16,0.0,,-0.9816498172140428,0.0,4,0.0,0.0,0.0,0.0,67.58549809455872,0.021942231489193637,120534.02787207105,1.0863696783236867,1.0863696783236867,624.1064324875827,2228224.0,22282240.0,78,-0.02176363897744784,624.1064324875827,1.0,1138.1422021506114,20971520.0,1310720.0,False,0.11813654324143813,1.0880777736223277,0.29572449973540826,0.16,5,5.0,6.0,0.06,2,4,487.7993530488655,-0.09964872797578668,0.21840358045248823,,,,,,0.0,2,0.9816498172140428,-1.0863696783236867,delay_only,2097152.0,20971520.0,0.0,0.0,3,,0,1086.3696783236867,0.1375,3.485692948102951,1020.3028153083926,637.6892595677454,2228224.0,22282240.0,10,2
20971520.0,1310720.0,643.2035542316797,2,1.0,0.0,0.0,0.0,0.0,0.4381780460041329,0.0,0.22,100000000.0,0.0,0.0,0.0,0.0,,-0.9816498172140428,0.0,4,0.0,0.0,0.0,0.0,67.61670811101794,0.022686332978738427,121953.68733366599,1.1342454007282525,1.1342454007282525,723.188664324119,2228224.0,22282240.0,79,0.11060061369627813,723.188664324119,1.0,1419.6594615949423,20971520.0,1310720.0,False,0.12589994951916375,1.1595813878861174,0.3088644786539508,0.21,5,5.0,6.0,0.06,2,4,495.19834648354583,0.35082678444428705,0.315257040227047,,,,,,0.0,2,0.9816498172140428,-1.1342454007282525,delay_only,2097152.0,20971520.0,0.0,0.0,1,,0,1134.2454007282524,0.175,3.4031570851802826,1067.9253106392591,643.2035542316796,2228224.0,22282240.0,10,2
20971520.0,1310720.0,956.7529828963914,2,1.0,0.0,0.0,0.0,0.0,1.012916580968048,0.0,0.37000000000000005,100000000.0,0.0,0.0,0.0,0.0,,-0.937436866561092,0.0,4,0.0,0.0,0.0,0.0,67.58250156417489,0.027150354619775482,121953.68733366599,1.4196594615949423,1.4196594615949423,1082.8981565325046,2228224.0,22282240.0,79,0.11648849236204874,1082.8981565325046,1.0,1419.6594615949423,20971520.0,1310720.0,False,0.129110096388474,1.1891479331964987,0.31711652226140863,0.4,5,5.0,6.0,0.04,2,4,568.8658810230714,0.24540321619123387,0.47468201179267944,,,,,,0.0,2,0.937436866561092,-1.4196594615949423,delay_only,2097152.0,20971520.0,0.0,0.0,2,,0,1419.6594615949423,0.15,3.5597622096538544,1353.6226956656308,956.7529828963914,2228224.0,22282240.0,10,2
20971520.0,1310720.0,688.3146007509444,2,1.0000000000000002,0.0,0.0,0.0,0.0,0.44045431091090476,0.0,0.20199999999999993,100000000.0,0.0,0.0,-2.220446049250313e-16,2.220446049250313e-16,,-0.9629500128629352,0.0,4,0.0,0.0,0.0,0.0,67.55555374547839,0.024413657072922354,121953.68733366599,1.246029606412509,1.246029606412509,802.585473533387,2228224.0,22282240.0,79,0.14237844634710942,802.585473533387,1.0,1419.6594615949423,20971520.0,1310720.0,False,0.12492034385741344,1.150558886311082,0.32696505607722814,0.22,5,5.0,6.0,0.07,2,4,553.5106589021366,0.4587813221967791,0.31034054670177025,,,,,,2.220446049250313e-16,2,0.9629500128629352,-1.2460296064125091,delay_only,2097152.0,20971520.0,0.0,0.0,3,,0,1246.0296064125089,0.14375,3.5557423532009125,1178.4740526670305,688.3146007509445,2228224.0,22282240.0,10,2
20971520.0,1310720.0,1030.1244537484217,2,1.0,0.0,0.0,0.0,0.0,1.1162437009900659,0.0,0.4699999999999999,100000000.0,0.0,0.0,0.0,0.0,,-0.8876253645985945,0.0,4,0.0,0.0,0.0,0.0,66.01560860872269,0.028980325995711445,123653.19297893351,1.5364344526529206,1.5364344526529206,1182.360302210722,2228224.0,22282240.0,80,0.12875588615217953,1182.360302210722,1.0,1699.5056452675165,20971520.0,1310720.0,False,0.12339848023730353,1.136542004370142,0.29734478685684684,0.41,5,5.0,6.0,0.04,2,4,568.0747689419528,0.24782587285136723,0.5195417438493214,,,,,,0.0,2,0.8876253645985945,-1.5364344526529206,delay_only,2097152.0,20971520.0,0.0,0.0,1,0.109375,0,1536.4344526529205,0.1546875,3.579076200723648,1470.7408637255323,1030.124453748422,2228224.0,22282240.0,10,2
20971520.0,1310720.0,639.4980631482942,2,1.0,0.0,0.0,0.0,0.0,0.30331501776206204,0.0,0.16,100000000.0,0.0,0.0,0.0,0.0,,-0.9847319278346618,0.0,4,0.0,0.0,0.0,0.0,64.53803880140185,0.0229991952057019,123653.19297893351,1.1512940963441083,1.1512940963441083,669.5067650245671,2228224.0,22282240.0,80,0.04482210403829416,669.5067650245671,1.0,1699.5056452675165,20971520.0,1310720.0,False,0.12721475636788138,1.1716912064862122,0.3083881593996325,0.16,5,5.0,6.0,0.06,2,4,513.4783685623798,0.1923284642840341,0.23304976829690732,,,,,,0.0,2,0.9847319278346618,-1.1512940963441083,delay_only,2097152.0,20971520.0,0.0,0.0,2,0.109375,0,1151.2940963441083,0.165625,3.586467832326889,1087.9484931649217,639.4980631482942,2228224.0,22282240.0,10,2
20971520.0,1310720.0,1252.2485791560862,2,1.0000000000000002,0.0,0.0,0.0,0.0,1.53687995627505,0.0,0.5079999999999999,100000000.0,0.0,0.0,-2.220446049250313e-16,2.220446049250313e-16,,-0.9660917830792959,0.0,4,0.0,0.0,0.0,0.0,67.65519734472036,0.03151807874912396,123653.19297893351,1.6995056452675164,1.6995056452675164,1385.709003588792,2228224.0,22282240.0,80,0.09631201362411718,1385.7090035887918,1.0,1699.5056452675165,20971520.0,1310720.0,False,0.12623023340252879,1.1626234148712875,0.3329973204832627,0.56,5,5.0,6.0,0.03,2,4,588.6340155362861,0.1674377272316493,0.5752109468785966,,,,,,2.220446049250313e-16,2,0.9660917830792959,-1.6995056452675166,delay_only,2097152.0,20971520.0,0.0,0.0,3,0.109375,0,1699.5056452675165,0.125,3.5881744027137756,1633.1570399439336,1252.2485791560862,2228224.0,22282240.0,10,2
20971520.0,1310720.0,648.6678670179449,2,1.0,0.0,0.0,0.0,0.0,0.33763886032268264,0.0,0.18000000000000002,100000000.0,0.0,0.0,0.0,0.0,,-0.9847319278346618,0.0,4,0.0,0.0,0.0,0.0,68.06018715724349,0.022242152544221017,125281.37497551361,1.107414862052686,1.107414862052686,639.690930972397,2228224.0,22282240.0,81,-0.014033239508182417,639.690930972397,1.0,1628.1819965800983,20971520.0,1310720.0,False,0.12396439600085071,1.1417542811742782,0.2999509252841126,0.16,5,5.0,6.0,0.06,2,4,493.30973851710934,-0.06132574748829055,0.22883112041743814,,,,,,0.0,2,0.9847319278346618,-1.107414862052686,delay_only,2097152.0,20971520.0,0.0,0.0,1,,0,1107.414862052686,0.1140625,3.690619170665741,1039.4977628301451,648.6678670179449,2228224.0,22282240.0,10,2
20971520.0,1310720.0,690.6831009885683,2,1.0000000000000002,0.0,0.0,0.0,0.0,0.6826419266350402,0.0,0.26199999999999984,100000000.0,0.0,0.0,-2.220446049250313e-16,2.220446049250313e-16,,-0.937436866561092,0.0,4,0.0,0.0,0.0,0.0,67.62557849287987,0.02364818148885297,125281.37497551361,1.1956354805789307,1.1956354805789307,847.1127114649424,2228224.0,22282240.0,81,0.18466209792301996,847.1127114649424,1.0,1628.1819965800983,20971520.0,1310720.0,False,0.11498624996541282,1.0590625002785867,0.2520738062458725,0.3,5,5.0,6.0,0.06,2,4,509.36267210532793,0.4631520125740621,0.3987073205117313,,,,,,2.220446049250313e-16,2,0.937436866561092,-1.1956354805789309,delay_only,2097152.0,20971520.0,0.0,0.0,2,,0,1195.6354805789306,0.1234375,3.809510052204132,1129.48361528659,690.6831009885683,2228224.0,22282240.0,10,2
20971520.0,1310720.0,1044.3534808103595,2,1.0,0.0,0.0,0.0,0.0,1.6352369858830857,0.0,0.5219999999999999,100000000.0,0.0,0.0,0.0,0.0,,-0.8842048302391148,0.0,4,0.0,0.0,0.0,0.0,67.68514541909099,0.030402828564225298,125281.37497551361,1.6281819965800983,1.6281819965800983,1335.435951572677,2228224.0,22282240.0,81,0.21796812525492065,1335.435951572677,1.0,1628.1819965800983,20971520.0,1310720.0,False,0.12929894861776647,1.1908873265082887,0.34712927623980105,0.59,5,5.0,6.0,0.04,2,4,528.5723618022433,0.360757970061749,0.6041948989168895,,,,,,0.0,2,0.8842048302391148,-1.6281819965800983,delay_only,2097152.0,20971520.0,0.0,0.0,3,,0,1628.1819965800983,0.1328125,3.6159546971321106,1561.781028110419,1044.3534808103595,2228224.0,22282240.0,10,2
20971520.0,1310720.0,692.6153856587459,2,1.0,0.0,0.0,0.0,0.0,0.3633180424916989,0.0,0.184,100000000.0,0.0,0.0,0.0,0.0,,-0.9660917830792959,0.0,4,0.0,0.0,0.0,0.0,67.60215247049928,0.02463849204891954,126546.20073783534,1.2589158394838194,1.2589158394838194,781.5312528098676,2228224.0,22282240.0,82,0.11377135185757348,781.5312528098676,1.0,1264.8257623217373,20971520.0,1310720.0,False,0.1347762795796805,1.2413354089974806,0.3497414892953634,0.19,5,5.0,6.0,0.07,2,4,561.8326871764855,0.4047175587823289,0.28111296233322963,,,,,,0.0,2,0.9660917830792959,-1.2589158394838194,delay_only,2097152.0,20971520.0,0.0,0.0,1,,0,1258.9158394838194,0.128125,3.6315161883831024,1192.8634911308507,692.6153856587459,2228224.0,22282240.0,10,2
20971520.0,1310720.0,787.153464586192,2,1.0,0.0,0.0,0.0,0.0,0.7576278769950324,0.0,0.326,100000000.0,0.0,0.0,0.0,0.0,,-0.9660917830792959,0.0,4,0.0,0.0,0.0,0.0,64.44078544154763,0.024774777928447768,126546.20073783534,1.2648257623217374,1.2648257623217374,901.9885828215182,2228224.0,22282240.0,82,0.1273132724985382,901.9885828215182,1.0,1264.8257623217373,20971520.0,1310720.0,False,0.11627574636029471,1.0709392009838852,0.2580121564024611,0.31,5,5.0,6.0,0.05,2,4,527.1839850395124,0.30638663163389673,0.4155314212620921,,,,,,0.0,2,0.9660917830792959,-1.2648257623217374,delay_only,2097152.0,20971520.0,0.0,0.0,2,,0,1264.8257623217373,0.1515625,3.5513979494571686,1201.5857874206572,787.153464586192,2228224.0,22282240.0,10,2
20971520.0,1310720.0,607.2842605636838,2,1.0,0.0,0.0,0.0,0.0,0.4049691346263318,0.0,0.20999999999999996,100000000.0,0.0,0.0,0.0,0.0,,-0.9660917830792959,0.0,4,0.0,0.0,0.0,0.0,67.54896277561784,0.021857880523696527,126546.20073783534,1.0824533162921954,1.0824533162921954,624.9937402264892,2228224.0,22282240.0,82,0.028335451258100414,624.9937402264893,1.0,1264.8257623217373,20971520.0,1310720.0,False,0.12311382608823622,1.1339202427689368,0.31864573435670085,0.17,5,5.0,6.0,0.06,2,4,476.09407051966116,0.1189356544421767,0.23824185767503675,,,,,,0.0,2,0.9660917830792959,-1.0824533162921954,delay_only,2097152.0,20971520.0,0.0,0.0,3,,0,1082.4533162921955,0.1453125,3.625552237033844,1014.9043535165775,607.2842605636838,2228224.0,22282240.0,10,2
20971520.0,1310720.0,561.2568646208308,2,1.0,0.0,0.0,0.0,0.0,0.24494897427831777,0.0,0.13599999999999998,100000000.0,0.0,0.0,0.0,0.0,,-0.9908673886137245,0.0,4,0.0,0.0,0.0,0.0,67.7174087613821,0.021088019894015292,127923.28672935511,1.031845938506619,1.031845938506619,576.7199810747987,2228224.0,22282240.0,83,0.02681217395164655,576.7199810747986,1.0,1377.0859915197682,20971520.0,1310720.0,False,0.12730358799045693,1.172509375965928,0.31532847268009284,0.15,5,5.0,6.0,0.07,2,4,468.0822192635947,0.14233647855190887,0.18837176684730458,,,,,,0.0,2,0.9908673886137245,-1.031845938506619,delay_only,2097152.0,20971520.0,0.0,0.0,1,,0,1031.845938506619,0.1234375,3.7033814787864685,965.6332732169785,561.2568646208308,2228224.0,22282240.0,10,2
20971520.0,1310720.0,744.1712835345197,2,1.0,0.0,0.0,0.0,0.0,0.4919349550499538,0.0,0.23600000000000002,100000000.0,0.0,0.0,0.0,0.0,,-0.9816498172140428,0.0,4,0.0,0.0,0.0,0.0,67.65837874263525,0.024784948076263497,127923.28672935511,1.2698950556234991,1.2698950556234991,827.2762412266113,2228224.0,22282240.0,83,0.1004561155640962,827.2762412266112,1.0,1377.0859915197682,20971520.0,1310720.0,False,0.13251676291291897,1.2205244914204538,0.3328048016672198,0.23,5,5.0,6.0,0.06,2,4,559.6342154956897,0.3105078788173669,0.3235219536029294,,,,,,0.0,2,0.9816498172140428,-1.2698950556234991,delay_only,2097152.0,20971520.0,0.0,0.0,2,,0,1269.895055623499,0.1640625,3.5388080179691315,1202.2366768808638,744.1712835345197,2228224.0,22282240.0,10,2
20971520.0,1310720.0,904.0149016657155,2,1.0,0.0,0.0,0.0,0.0,0.6526867548832288,0.0,0.33599999999999997,100000000.0,0.0,0.0,0.0,0.0,,-0.9939209163101398,0.0,4,0.0,0.0,0.0,0.0,67.98635888844728,0.026463718186355026,127923.28672935511,1.3770859915197682,1.3770859915197682,935.4842599476584,2228224.0,22282240.0,83,0.03363964486554132,935.4842599476584,1.0,1377.0859915197682,20971520.0,1310720.0,False,0.11162558861681862,1.0281096653830897,0.2657404456212049,0.25,5,5.0,6.0,0.04,2,4,581.3788080407932,0.08887001912136573,0.3785263601620384,,,,,,0.0,2,0.9939209163101398,-1.3770859915197682,delay_only,2097152.0,20971520.0,0.0,0.0,3,,0,1377.0859915197682,0.1765625,3.420118808746338,1309.6779639267218,904.0149016657156,2228224.0,22282240.0,10,2
20971520.0,1310720.0,1096.9887328473908,2,1.0,0.0,0.0,0.0,0.0,1.570350279396288,0.0,0.5139999999999998,100000000.0,0.0,0.0,0.0,0.0,,-0.8842048302391148,0.0,4,0.0,0.0,0.0,0.0,67.65929143875837,0.03006288775937449,129529.40588903992,1.6061191596848092,1.6061191596848092,1310.170366361166,2228224.0,22282240.0,84,0.1627129104635915,1310.170366361166,1.0,1606.1191596848091,20971520.0,1310720.0,False,0.1330098942187269,1.2250663985950219,0.34160698405114376,0.57,5,5.0,6.0,0.04,2,4,552.5492461826323,0.28138290741358807,0.5782615296686426,,,,,,0.0,2,0.8842048302391148,-1.6061191596848092,delay_only,2097152.0,20971520.0,0.0,0.0,1,,0,1606.1191596848091,0.1546875,3.5521059930324554,1540.0248165999672,1096.9887328473908,2228224.0,22282240.0,10,2
20971520.0,1310720.0,724.1750175449909,2,1.0,0.0,0.0,0.0,0.0,0.5830951894845301,0.0,0.268,100000000.0,0.0,0.0,0.0,0.0,,-0.9816498172140428,0.0,4,0.0,0.0,0.0,0.0,67.62640690430999,0.02485808477495565,129529.40588903992,1.2744454199527395,1.2744454199527395,829.7557300980486,2228224.0,22282240.0,84,0.1272431255648958,829.7557300980486,1.0,1606.1191596848091,20971520.0,1310720.0,False,0.1197063079999217,1.1025358413518944,0.2738104768103961,0.22,5,5.0,6.0,0.06,2,4,547.9876579829389,0.37470786438118964,0.3395795435866582,,,,,,0.0,2,0.9816498172140428,-1.2744454199527395,delay_only,2097152.0,20971520.0,0.0,0.0,2,,0,1274.4454199527395,0.1859375,3.4523540139198303,1206.9174255971616,724.1750175449907,2228224.0,22282240.0,10,2
20971520.0,1310720.0,599.941259432385,2,1.0,0.0,0.0,0.0,0.0,0.28284271247461895,0.0,0.15399999999999997,100000000.0,0.0,0.0,0.0,0.0,,-0.9847319278346618,0.0,4,0.0,0.0,0.0,0.0,67.5781681202352,0.022484079675573032,129529.40588903992,1.1225592673569091,1.1225592673569091,640.8863177195487,2228224.0,22282240.0,84,0.06388817666268433,640.8863177195487,1.0,1606.1191596848091,20971520.0,1310720.0,False,0.11593005869886297,1.0677552999597064,0.2855632629445571,0.16,5,5.0,6.0,0.07,2,4,499.75781641386465,0.2901260759403718,0.2202083230733626,,,,,,0.0,2,0.9847319278346618,-1.1225592673569091,delay_only,2097152.0,20971520.0,0.0,0.0,3,,0,1122.5592673569092,0.1421875,3.5110331773757935,1054.981099236674,599.941259432385,2228224.0,22282240.0,10,2
20971520.0,1310720.0,2755.8094538735513,2,1.0,0.0,0.0,0.0,0.0,2.3336666428605435,0.0,0.7139999999999999,100000000.0,0.0,0.0,0.0,0.0,,-0.8090398349558905,0.0,4,0.0,0.0,0.0,0.0,67.61722546070814,0.05871771100001846,132969.4598820759,3.4400539930359835,3.4400539930359835,2999.052003556606,2228224.0,22282240.0,85,0.08110647944570192,2999.0520035566065,1.0,3440.0539930359837,20971520.0,1310720.0,False,0.13190580364289456,1.214897348590115,0.3365224590130942,0.8,5,5.0,6.0,0.02,2,4,746.1662829670611,0.10796932461332402,0.7511992849466516,,,,,,0.0,2,0.8090398349558905,-3.4400539930359835,delay_only,2097152.0,20971520.0,0.0,0.0,1,,0,3440.0539930359837,0.1328125,3.562807947397232,3373.933504001182,2755.8094538735513,2228224.0,22282240.0,10,2
20971520.0,1310720.0,952.0369526854877,2,1.0,0.0,0.0,0.0,0.0,1.0459445491994306,0.0,0.4179999999999999,100000000.0,0.0,0.0,0.0,0.0,,-0.9660917830792959,0.0,4,0.0,0.0,0.0,0.0,67.58064730092883,0.027626095918681974,132969.4598820759,1.4516507860965753,1.4516507860965753,1104.141956953744,2228224.0,22282240.0,85,0.13775855840847148,1104.141956953744,1.0,3440.0539930359837,20971520.0,1310720.0,False,0.12938372411447818,1.1916681376882068,0.3183766249030733,0.4,5,5.0,6.0,0.04,2,4,561.3794369150577,0.2802422765990083,0.4915695093556022,,,,,,0.0,2,0.9660917830792959,-1.4516507860965753,delay_only,2097152.0,20971520.0,0.0,0.0,2,,0,1451.6507860965753,0.171875,3.5361183881759644,1384.0701387956465,952.0369526854878,2228224.0,22282240.0,10,2
20971520.0,1310720.0,1129.72863126989,2,1.0,0.0,0.0,0.0,0.0,1.4408330923462302,0.0,0.49200000000000005,100000000.0,0.0,0.0,0.0,0.0,,-0.9534625892455922,0.0,4,0.0,0.0,0.0,0.0,67.5726318731904,0.031562080894975156,132969.4598820759,1.702355285534631,1.702355285534631,1376.2948951707258,2228224.0,22282240.0,85,0.17915220405598467,1376.2948951707258,1.0,3440.0539930359837,20971520.0,1310720.0,False,0.12189959150818888,1.1227367289952772,0.31305397741231933,0.53,5,5.0,6.0,0.04,2,4,597.8779983416948,0.31675348377617624,0.5655887408726241,,,,,,0.0,2,0.9534625892455922,-1.702355285534631,delay_only,2097152.0,20971520.0,0.0,0.0,3,,0,1702.3552855346309,0.159375,3.474690228700638,1635.97317727841,1129.7286312698898,2228224.0,22282240.0,10,2
20971520.0,1310720.0,1637.9884226539698,2,1.0,0.0,0.0,0.0,0.0,1.6419500601419035,0.0,0.5599999999999999,100000000.0,0.0,0.0,0.0,0.0,,-0.9723448696087954,0.0,4,0.0,0.0,0.0,0.0,67.5283633172512,0.040310236138770994,135231.41089987004,2.2619510177941433,2.2619510177941433,1877.615241449265,2228224.0,22282240.0,86,0.1276229620986328,1877.6152414492647,1.0,2261.9510177941434,20971520.0,1310720.0,False,0.13543979932630482,1.2474466517074179,0.35279711076207954,0.59,5,5.0,6.0,0.03,2,4,749.8096459776268,0.2124717413687641,0.6006585218178803,,,,,,0.0,2,0.9723448696087954,-2.2619510177941433,delay_only,2097152.0,20971520.0,0.0,0.0,1,,0,2261.9510177941434,0.134375,3.6026387214660645,2195.8551128813438,1637.9884226539698,2228224.0,22282240.0,10,2
20971520.0,1310720.0,662.2832453856039,2,1.0,0.0,0.0,0.0,0.0,0.529150262212918,0.0,0.24399999999999994,100000000.0,0.0,0.0,0.0,0.0,,-0.937436866561092,0.0,4,0.0,0.0,0.0,0.0,67.47972685843706,0.023188112247749956,135231.41089987004,1.1661268931301403,1.1661268931301403,766.6939766269072,2228224.0,22282240.0,86,0.13618305924439525,766.693976626907,1.0,2261.9510177941434,20971520.0,1310720.0,False,0.12878660475788511,1.1861684651712894,0.31562678829278545,0.23,5,5.0,6.0,0.06,2,4,502.2979062485616,0.39490273471876286,0.3448521554082944,,,,,,0.0,2,0.937436866561092,-1.1661268931301403,delay_only,2097152.0,20971520.0,0.0,0.0,2,,0,1166.1268931301404,0.1609375,3.5007737278938293,1100.0391838559974,662.2832453856039,2228224.0,22282240.0,10,2
20971520.0,1310720.0,751.1729095525578,2,0.9999999999999999,0.0,0.0,0.0,0.0,0.5291502622129182,0.0,0.25999999999999995,100000000.0,0.0,0.0,1.1102230246251565e-16,0.0,,-0.9969650916353059,0.0,4,0.0,0.0,0.0,0.0,64.50380431488156,0.02486286994882888,135231.41089987004,1.2702389509628897,1.2702389509628897,846.9720667907552,2228224.0,22282240.0,86,0.11310781192724347,846.9720667907552,1.0,2261.9510177941434,20971520.0,1310720.0,False,0.12332111183870083,1.1358294150849764,0.31960032049268583,0.24,5,5.0,6.0,0.05,2,4,554.9627036304271,0.328068785882043,0.34476858754831774,,,,,,0.0,2,0.9969650916353059,-1.2702389509628897,delay_only,2097152.0,20971520.0,0.0,0.0,3,,0,1270.2389509628897,0.15625,3.4506373405456543,1207.2236767250483,751.1729095525578,2228224.0,22282240.0,10,2
20971520.0,1310720.0,669.9615360596704,2,1.0,0.0,0.0,0.0,0.0,0.41472882706655434,0.0,0.21999999999999997,100000000.0,0.0,0.0,0.0,0.0,,-0.9785579990862869,0.0,4,0.0,0.0,0.0,0.0,67.61415395885706,0.0227785658759896,136659.2347176615,1.1414423700221916,1.1414423700221916,680.4452837314432,2228224.0,22282240.0,87,0.015407186914841551,680.445283731443,1.0,1427.8238177914382,20971520.0,1310720.0,False,0.14158455238544165,1.3040419188838102,0.38109474426572554,0.18,5,5.0,6.0,0.06,2,4,504.0369570322973,0.05942887089254106,0.25925424265086133,,,,,,0.0,2,0.9785579990862869,-1.1414423700221916,delay_only,2097152.0,20971520.0,0.0,0.0,1,,0,1141.4423700221917,0.140625,3.4768381118774414,1073.8282160633346,669.9615360596704,2228224.0,22282240.0,10,2
20971520.0,1310720.0,683.0522101985023,2,1.0,0.0,0.0,0.0,0.0,0.442718872423573,0.0,0.21199999999999997,100000000.0,0.0,0.0,0.0,0.0,,-0.937436866561092,0.0,4,0.0,0.0,0.0,0.0,67.60395457968116,0.02440628121157712,136659.2347176615,1.2441050219491567,1.2441050219491567,769.2016341263313,2228224.0,22282240.0,87,0.11199849312030995,769.2016341263313,1.0,1427.8238177914382,20971520.0,1310720.0,False,0.12625299353593644,1.1628330434468834,0.303959077578435,0.19,5,5.0,6.0,0.07,2,4,547.331215755946,0.3882871117320978,0.2884424688233905,,,,,,0.0,2,0.937436866561092,-1.2441050219491567,delay_only,2097152.0,20971520.0,0.0,0.0,2,,0,1244.1050219491567,0.153125,3.5315273106098175,1178.0019975409355,683.0522101985023,2228224.0,22282240.0,10,2
20971520.0,1310720.0,972.5417073456988,2,1.0,0.0,0.0,0.0,0.0,1.0890362712049584,0.0,0.41599999999999987,100000000.0,0.0,0.0,0.0,0.0,,-0.9847319278346618,0.0,4,0.0,0.0,0.0,0.0,67.61010503396392,0.027274349848187156,136659.2347176615,1.4278238177914382,1.4278238177914382,1094.632666660865,2228224.0,22282240.0,87,0.1115360093241142,1094.632666660865,1.0,1427.8238177914382,20971520.0,1310720.0,False,0.12229640439930707,1.1263915107864637,0.3148813683115736,0.42,5,5.0,6.0,0.04,2,4,560.2487933448743,0.22847051606845867,0.48818557091495196,,,,,,0.0,2,0.9847319278346618,-1.4278238177914382,delay_only,2097152.0,20971520.0,0.0,0.0,3,,0,1427.8238177914382,0.165625,3.464303433895111,1361.558390283978,972.5417073456987,2228224.0,22282240.0,10,2
20971520.0,1310720.0,756.5153033897806,2,1.0,0.0,0.0,0.0,0.0,0.529150262212918,0.0,0.26,100000000.0,0.0,0.0,0.0,0.0,,-0.9969650916353059,0.0,4,0.0,0.0,0.0,0.0,66.82299403473735,0.025059251701150857,137944.3103820726,1.2850756644111172,1.2850756644111172,861.0297239108153,2228224.0,22282240.0,88,0.1213830575399046,861.0297239108153,1.0,1285.0756644111173,20971520.0,1310720.0,False,0.1364241006826688,1.2565124022281282,0.3573299859362036,0.24,5,5.0,6.0,0.05,2,4,558.5103076482993,0.34548004161934737,0.35134607768064763,,,,,,0.0,2,0.9969650916353059,-1.2850756644111172,delay_only,2097152.0,20971520.0,0.0,0.0,1,,0,1285.0756644111173,0.1765625,3.4043686389923096,1219.792108873655,756.5153033897806,2228224.0,22282240.0,10,2
20971520.0,1310720.0,701.7933777626282,2,1.0,0.0,0.0,0.0,0.0,0.48579831205964474,0.0,0.252,100000000.0,0.0,0.0,0.0,0.0,,-0.9692233691951198,0.0,4,0.0,0.0,0.0,0.0,64.41288581117988,0.023558513830255534,137944.3103820726,1.187087274786997,1.187087274786997,761.2465350923688,2228224.0,22282240.0,88,0.07809974113383199,761.2465350923687,1.0,1285.0756644111173,20971520.0,1310720.0,False,0.12631460179413104,1.1634004764745804,0.30424279417805256,0.21,5,5.0,6.0,0.06,2,4,523.6586939479305,0.2502365316480856,0.312103674948891,,,,,,0.0,2,0.9692233691951198,-1.187087274786997,delay_only,2097152.0,20971520.0,0.0,0.0,2,,0,1187.0872747869969,0.1625,3.6466446816921234,1123.744885136354,701.7933777626282,2228224.0,22282240.0,10,2
20971520.0,1310720.0,749.1595104908685,2,1.0,0.0,0.0,0.0,0.0,0.9121403400793104,0.0,0.32799999999999996,100000000.0,0.0,0.0,0.0,0.0,,-0.9341987329938275,0.0,4,0.0,0.0,0.0,0.0,67.54635274410248,0.024733810479317733,137944.3103820726,1.2662015695294921,1.2662015695294921,943.865174787753,2228224.0,22282240.0,88,0.2062854626887448,943.8651747877531,1.0,1285.0756644111173,20971520.0,1310720.0,False,0.11984527929572746,1.1038158142882,0.3035935200829576,0.37,5,5.0,6.0,0.06,2,4,513.6580876031726,0.4525859059438183,0.4557929444545098,,,,,,0.0,2,0.9341987329938275,-1.2662015695294921,delay_only,2097152.0,20971520.0,0.0,0.0,3,,0,1266.2015695294922,0.125,3.5580776929855347,1198.963870676335,749.1595104908685,2228224.0,22282240.0,10,2
20971520.0,1310720.0,639.6388243430405,2,0.9999999999999999,0.0,0.0,0.0,0.0,0.44045431091090487,0.0,0.20800000000000007,100000000.0,0.0,0.0,1.1102230246251565e-16,0.0,,-0.9847319278346618,0.0,4,0.0,0.0,0.0,0.0,67.49905226752162,0.02233610123518103,139057.31991339172,1.1130095313191077,1.1130095313191077,711.2435879028999,2228224.0,22282240.0,89,0.10067544337515341,711.2435879028999,1.0,1113.0095313191077,20971520.0,1310720.0,False,0.12912161201677705,1.1892539960527668,0.3237007828682834,0.22,5,5.0,6.0,0.06,2,4,487.85494415087834,0.32053896007062066,0.3140817682598482,,,,,,0.0,2,0.9847319278346618,-1.1130095313191077,delay_only,2097152.0,20971520.0,0.0,0.0,1,,0,1113.0095313191077,0.165625,3.47565695643425,1045.5104790515861,639.6388243430405,2228224.0,22282240.0,10,2
20971520.0,1310720.0,608.113069786231,2,1.0,0.0,0.0,0.0,0.0,0.382099463490856,0.0,0.19999999999999998,100000000.0,0.0,0.0,0.0,0.0,,-0.9847319278346618,0.0,4,0.0,0.0,0.0,0.0,67.62947980314493,0.021202826744655776,139057.31991339172,1.0406103914611147,1.0406103914611147,616.077199125079,2228224.0,22282240.0,89,0.012927161320299292,616.0771991250791,1.0,1113.0095313191077,20971520.0,1310720.0,False,0.11429013882146549,1.0526510797061062,0.24886809597816967,0.18,5,5.0,6.0,0.06,2,4,460.21246914340827,0.051096417642301786,0.2529954528475032,,,,,,0.0,2,0.9847319278346618,-1.0406103914611147,delay_only,2097152.0,20971520.0,0.0,0.0,2,,0,1040.6103914611147,0.153125,3.578023135662079,972.9809116579696,608.113069786231,2228224.0,22282240.0,10,2
20971520.0,1310720.0,593.1660020987232,2,1.0,0.0,0.0,0.0,0.0,0.4560701700396553,0.0,0.192,100000000.0,0.0,0.0,0.0,0.0,,-0.9660917830792959,0.0,4,0.0,0.0,0.0,0.0,67.59276892989874,0.022222198502394555,139057.31991339172,1.1046116879136083,1.1046116879136083,717.5836295976553,2228224.0,22282240.0,89,0.17338414975923075,717.5836295976554,1.0,1113.0095313191077,20971520.0,1310720.0,False,0.12999948755354762,1.1973395285506552,0.3503553772009889,0.23,5,5.0,6.0,0.07,2,4,485.8223016796632,0.5368351511299457,0.32297465878358916,,,,,,0.0,2,0.9660917830792959,-1.1046116879136083,delay_only,2097152.0,20971520.0,0.0,0.0,3,,0,1104.6116879136084,0.15625,3.5451206862926483,1038.2207041532515,593.1660020987232,2228224.0,22282240.0,10,2
20971520.0,1310720.0,944.4416519844972,2,1.0,0.0,0.0,0.0,0.0,0.9,0.0,0.372,100000000.0,0.0,0.0,0.0,0.0,,-0.975456381144309,0.0,4,0.0,0.0,0.0,0.0,67.55176838487387,0.028251436197788762,140547.45161113635,1.4901316977446275,1.4901316977446275,1114.506717384898,2228224.0,22282240.0,90,0.15259223004007103,1114.506717384898,1.0,1490.1316977446274,20971520.0,1310720.0,False,0.13529956638339266,1.246155058571833,0.3521513139985969,0.36,5,5.0,6.0,0.04,2,4,610.0022000313426,0.33709324604762586,0.45267068334710037,,,,,,0.0,2,0.975456381144309,-1.4901316977446275,delay_only,2097152.0,20971520.0,0.0,0.0,1,0.12890625,0,1490.1316977446274,0.14375,3.434839516878128,1424.0919166584806,944.4416519844972,2228224.0,22282240.0,10,2
20971520.0,1310720.0,674.9537803396098,2,1.0,0.0,0.0,0.0,0.0,0.31937438845342625,0.0,0.17,100000000.0,0.0,0.0,0.0,0.0,,-0.9816498172140428,0.0,4,0.0,0.0,0.0,0.0,67.57921818643808,0.02427178461071107,140547.45161113635,1.2369734332719464,1.2369734332719464,736.1845511804827,2228224.0,22282240.0,90,0.08317312655187924,736.1845511804826,1.0,1490.1316977446274,20971520.0,1310720.0,False,0.12421352382096874,1.1440488331936938,0.2945669725287068,0.17,5,5.0,6.0,0.07,2,4,558.0620055294554,0.34375643250032123,0.24195365871968527,,,,,,0.0,2,0.9816498172140428,-1.2369734332719464,delay_only,2097152.0,20971520.0,0.0,0.0,2,0.12890625,0,1236.9734332719465,0.1578125,3.6022276878356934,1169.3942150855084,674.9537803396097,2228224.0,22282240.0,10,2
20971520.0,1310720.0,640.7015482523184,2,0.9999999999999999,0.0,0.0,0.0,0.0,0.4753945729601885,0.0,0.23399999999999999,100000000.0,0.0,0.0,1.1102230246251565e-16,0.0,,-0.9908673886137245,0.0,4,0.0,0.0,0.0,0.0,67.6409131847322,0.022399180787410836,140547.45161113635,1.115732757477031,1.115732757477031,713.1787332241768,2228224.0,22282240.0,90,0.10162555555211193,713.1787332241768,1.0,1490.1316977446274,20971520.0,1310720.0,False,0.13081684498470778,1.2048676686972042,0.35411944727270417,0.22,5,5.0,6.0,0.06,2,4,485.88636936386825,0.3188720630157294,0.3187032272159224,,,,,,0.0,2,0.9908673886137245,-1.115732757477031,delay_only,2097152.0,20971520.0,0.0,0.0,3,0.12890625,0,1115.732757477031,0.1515625,3.5300212800502777,1049.5475703942934,640.7015482523184,2228224.0,22282240.0,10,2
20971520.0,1310720.0,667.6648818287792,2,1.0,0.0,0.0,0.0,0.0,0.3714835124201342,0.0,0.198,100000000.0,0.0,0.0,0.0,0.0,,-0.9660917830792959,0.0,4,0.0,0.0,0.0,0.0,68.12623143196106,0.022861113036142494,141694.68907688142,1.1472374657450808,1.1472374657450808,667.2093820793087,2228224.0,22282240.0,91,-0.0006826938614849013,667.2093820793086,1.0,1147.2374657450807,20971520.0,1310720.0,False,0.12773055988470836,1.176441932441251,0.3172947511792017,0.17,5,5.0,6.0,0.06,2,4,508.1999341039448,-0.0028646080800258564,0.2383201619255152,,,,,,0.0,2,0.9660917830792959,-1.1472374657450808,delay_only,2097152.0,20971520.0,0.0,0.0,1,,0,1147.2374657450807,0.1515625,3.4559911489486694,1079.1112343131197,667.6648818287792,2228224.0,22282240.0,10,2
20971520.0,1310720.0,576.0091087972706,2,1.0,0.0,0.0,0.0,0.0,0.264575131106459,0.0,0.146,100000000.0,0.0,0.0,0.0,0.0,,-0.9878044218151566,0.0,4,0.0,0.0,0.0,0.0,67.55306199193001,0.021389322650936623,141694.68907688142,1.0524697116518738,1.0524697116518738,588.8338412789062,2228224.0,22282240.0,91,0.02177988353009942,588.8338412789062,1.0,1147.2374657450807,20971520.0,1310720.0,False,0.12004403552966648,1.1056464268538306,0.27536576943816926,0.15,5,5.0,6.0,0.07,2,4,474.0087903656824,0.11168932545327233,0.1950041639315971,,,,,,0.0,2,0.9878044218151566,-1.0524697116518738,delay_only,2097152.0,20971520.0,0.0,0.0,2,,0,1052.4697116518737,0.15625,3.5417548418045044,984.9166496599438,576.0091087972708,2228224.0,22282240.0,10,2
20971520.0,1310720.0,522.2904113316439,2,1.0,0.0,0.0,0.0,0.0,0.14832396974191323,0.0,0.08,100000000.0,0.0,0.0,0.0,0.0,,-0.9660917830792959,0.0,4,0.0,0.0,0.0,0.0,67.6471646875143,0.02043653103799869,141694.68907688142,0.9915851511194304,0.9915851511194304,498.0719957271901,2228224.0,22282240.0,91,-0.04862432702945823,498.0719957271901,1.0,1147.2374657450807,20971520.0,1310720.0,False,0.1291164446572341,1.1892064029125518,0.3462888143434425,0.12,5,5.0,6.0,0.07,2,4,449.1510175412233,-0.49505174472167446,0.09822069621589873,,,,,,0.0,2,0.9660917830792959,-0.9915851511194304,delay_only,2097152.0,20971520.0,0.0,0.0,3,,0,991.5851511194304,0.128125,3.5394425690174103,923.9379864319161,522.2904113316439,2228224.0,22282240.0,10,2
20971520.0,1310720.0,1551.2693253543275,2,1.0,0.0,0.0,0.0,0.0,1.7366634676873929,0.0,0.57,100000000.0,0.0,0.0,0.0,0.0,,-0.9723448696087954,0.0,4,0.0,0.0,0.0,0.0,67.62456381693482,0.0384938953078306,144073.7887400122,2.1456599544440254,2.1456599544440254,1790.7746747426645,2228224.0,22282240.0,92,0.1337439895517587,1790.7746747426645,1.0,2379.09966313078,20971520.0,1310720.0,False,0.1339077152934291,1.2333356362861627,0.34574160298647905,0.62,5,5.0,6.0,0.03,2,4,675.271296821468,0.21470607272805284,0.6229166592840581,,,,,,0.0,2,0.9723448696087954,-2.1456599544440254,delay_only,2097152.0,20971520.0,0.0,0.0,1,,0,2145.6599544440255,0.1640625,3.4679694175720215,2079.6092997011588,1551.2693253543275,2228224.0,22282240.0,10,2
20971520.0,1310720.0,1735.4371150936286,2,1.0,0.0,0.0,0.0,0.0,1.9021040980976829,0.0,0.6119999999999999,100000000.0,0.0,0.0,0.0,0.0,,-0.9723448696087954,0.0,4,0.0,0.0,0.0,0.0,67.6404619589448,0.04214009058609123,144073.7887400122,2.3790996631307797,2.3790996631307797,2012.5806290020676,2228224.0,22282240.0,92,0.1377055457628348,2012.5806290020676,1.0,2379.09966313078,20971520.0,1310720.0,False,0.12625299353593644,1.1628330434468834,0.303959077578435,0.67,5,5.0,6.0,0.02,2,4,673.9067311999164,0.20702839904733794,0.6651529277939682,,,,,,0.0,2,0.9723448696087954,-2.3790996631307797,delay_only,2097152.0,20971520.0,0.0,0.0,2,,0,2379.09966313078,0.1703125,3.469047427177429,2312.965797509839,1735.4371150936286,2228224.0,22282240.0,10,2
20971520.0,1310720.0,1566.533611879643,2,1.0,0.0,0.0,0.0,0.0,1.7064583206161232,0.0,0.5760000000000001,100000000.0,0.0,0.0,0.0,0.0,,-0.9629500128629352,0.0,4,0.0,0.0,0.0,0.0,67.59375054389238,0.03909816096705126,144073.7887400122,2.184359572436346,2.184359572436346,1819.9326819065932,2228224.0,22282240.0,92,0.1392354082907532,1819.9326819065932,1.0,2379.09966313078,20971520.0,1310720.0,False,0.12665840700732908,1.1665670395097942,0.33496913264577644,0.61,5,5.0,6.0,0.03,2,4,695.2615661750445,0.2253094851307932,0.6179740200903056,,,,,,0.0,2,0.9629500128629352,-2.184359572436346,delay_only,2097152.0,20971520.0,0.0,0.0,3,,0,2184.359572436346,0.146875,3.508869767189026,2118.2823018912804,1566.533611879643,2228224.0,22282240.0,10,2
20971520.0,1310720.0,639.4689016391337,2,1.0,0.0,0.0,0.0,0.0,0.4024922359499621,0.0,0.18799999999999997,100000000.0,0.0,0.0,0.0,0.0,,-0.9847319278346618,0.0,4,0.0,0.0,0.0,0.0,67.03341007232666,0.02205433278643932,145627.49479089273,1.0934718366989111,1.0934718366989111,696.0330085475629,2228224.0,22282240.0,93,0.08126641439960358,696.0330085475628,1.0,1553.7060508805273,20971520.0,1310720.0,False,0.12773055988470836,1.176441932441251,0.3172947511792017,0.21,5,5.0,6.0,0.06,2,4,486.4034920344107,0.2698289241385539,0.3011775504018029,,,,,,0.0,2,0.9847319278346618,-1.0934718366989111,delay_only,2097152.0,20971520.0,0.0,0.0,1,,0,1093.4718366989111,0.1390625,3.6141351759433746,1027.4772983321166,639.4689016391337,2228224.0,22282240.0,10,2
20971520.0,1310720.0,989.9776173833344,2,1.0,0.0,0.0,0.0,0.0,1.0295630140987,0.0,0.416,100000000.0,0.0,0.0,0.0,0.0,,-0.9878044218151566,0.0,4,0.0,0.0,0.0,0.0,65.21601649001241,0.029272557017223068,145627.49479089273,1.5537060508805274,1.5537060508805274,1191.5549192818212,2228224.0,22282240.0,93,0.1691716417233896,1191.5549192818212,1.0,1553.7060508805273,20971520.0,1310720.0,False,0.11700115148443478,1.0776204290847908,0.26135277050397193,0.4,5,5.0,6.0,0.04,2,4,609.1156978804528,0.3460915654228864,0.48880602310166155,,,,,,0.0,2,0.9878044218151566,-1.5537060508805274,delay_only,2097152.0,20971520.0,0.0,0.0,2,,0,1553.7060508805273,0.175,3.4655149281024933,1489.4436491022764,989.9776173833344,2228224.0,22282240.0,10,2
20971520.0,1310720.0,639.5577315989055,2,1.0,0.0,0.0,0.0,0.0,0.29325756597230357,0.0,0.16599999999999998,100000000.0,0.0,0.0,0.0,0.0,,-0.9908673886137245,0.0,4,0.0,0.0,0.0,0.0,67.60511919856071,0.02198894328997264,145627.49479089273,1.089349688914137,1.089349688914137,602.2452134013909,2228224.0,22282240.0,93,-0.061955690750581764,602.2452134013909,1.0,1553.7060508805273,20971520.0,1310720.0,False,0.12160797325782984,1.1200508256507902,0.3117110257598923,0.15,5,5.0,6.0,0.06,2,4,491.5016614899806,-0.33692723010512626,0.18388448666274518,,,,,,0.0,2,0.9908673886137245,-1.089349688914137,delay_only,2097152.0,20971520.0,0.0,0.0,3,,0,1089.349688914137,0.1578125,3.4447174668312073,1023.2923705582489,639.5577315989055,2228224.0,22282240.0,10,2
20971520.0,1310720.0,757.9956301177558,2,1.0000000000000002,0.0,0.0,0.0,0.0,0.49598387070548977,0.0,0.22999999999999998,100000000.0,0.0,0.0,-2.220446049250313e-16,2.220446049250313e-16,,-0.9816498172140428,0.0,4,0.0,0.0,0.0,0.0,67.65439687296748,0.025461351841840014,146940.67570564346,1.3131809147507285,1.3131809147507285,862.7963063600503,2228224.0,22282240.0,94,0.1214663014546567,862.79630636005,1.0,1313.1809147507286,20971520.0,1310720.0,False,0.1370124381002824,1.2619311900979189,0.36003937984688456,0.23,5,5.0,6.0,0.06,2,4,577.2649392056674,0.36703734965002976,0.33093716912045834,,,,,,2.220446049250313e-16,2,0.9816498172140428,-1.3131809147507287,delay_only,2097152.0,20971520.0,0.0,0.0,1,,0,1313.1809147507286,0.2046875,3.5032393634319305,1245.526517877761,757.9956301177557,2228224.0,22282240.0,10,2
20971520.0,1310720.0,589.7552577593223,2,0.9999999999999999,0.0,0.0,0.0,0.0,0.5253570214625479,0.0,0.252,100000000.0,0.0,0.0,1.1102230246251565e-16,0.0,,-0.9816498172140428,0.0,4,0.0,0.0,0.0,0.0,67.56798317655921,0.021652416019205513,146940.67570564346,1.067917080124828,1.067917080124828,688.7063048450427,2228224.0,22282240.0,94,0.14367669700364397,688.7063048450427,1.0,1313.1809147507286,20971520.0,1310720.0,False,0.12292503286212166,1.132181392896498,0.2886332523343861,0.22,5,5.0,6.0,0.06,2,4,461.49893601833514,0.4355098498640289,0.32990458665516165,,,,,,0.0,2,0.9816498172140428,-1.067917080124828,delay_only,2097152.0,20971520.0,0.0,0.0,2,,0,1067.917080124828,0.1640625,3.4273701608181,1001.7546252291529,589.7552577593221,2228224.0,22282240.0,10,2
20971520.0,1310720.0,754.3114548178204,2,1.0,0.0,0.0,0.0,0.0,0.7362064927722384,0.0,0.31199999999999994,100000000.0,0.0,0.0,0.0,0.0,,-0.9847319278346618,0.0,4,0.0,0.0,0.0,0.0,67.6035457290709,0.025238962030056704,146940.67570564346,1.2973545399953321,1.2973545399953321,930.9780650642073,2228224.0,22282240.0,94,0.18976452493991103,930.9780650642073,1.0,1313.1809147507286,20971520.0,1310720.0,False,0.11162558861681862,1.0281096653830897,0.2657404456212049,0.31,5,5.0,6.0,0.05,2,4,541.6730383017397,0.45379997200544514,0.41816777577419956,,,,,,0.0,2,0.9847319278346618,-1.2973545399953321,delay_only,2097152.0,20971520.0,0.0,0.0,3,,0,1297.354539995332,0.1546875,3.5530346035957336,1231.2935699236289,754.3114548178203,2228224.0,22282240.0,10,2
20971520.0,1310720.0,593.3961411027672,2,1.0,0.0,0.0,0.0,0.0,0.3346640106136302,0.0,0.18000000000000002,100000000.0,0.0,0.0,0.0,0.0,,-0.9878044218151566,0.0,4,0.0,0.0,0.0,0.0,67.58561311289668,0.022170212401798187,148886.26371428824,1.1024792068279807,1.1024792068279807,643.3726160536729,2228224.0,22282240.0,95,0.07767889665160459,643.3726160536729,1.0,1945.5880086447867,20971520.0,1310720.0,False,0.1330098942187269,1.2250663985950219,0.34160698405114376,0.17,5,5.0,6.0,0.06,2,4,493.5127220323898,0.33348799074826563,0.2329286175412557,,,,,,0.0,2,0.9878044218151566,-1.1024792068279807,delay_only,2097152.0,20971520.0,0.0,0.0,1,,0,1102.4792068279808,0.16875,3.4512142539024353,1034.893593715084,593.3961411027672,2228224.0,22282240.0,10,2
20971520.0,1310720.0,655.8358654291633,2,1.0000000000000002,0.0,0.0,0.0,0.0,0.3974921382870358,0.0,0.2079999999999999,100000000.0,0.0,0.0,-2.220446049250313e-16,2.220446049250313e-16,,-0.9878044218151566,0.0,4,0.0,0.0,0.0,0.0,67.53738364204764,0.02327002338579484,148886.26371428824,1.1728188803329176,1.1728188803329176,722.4424639862233,2228224.0,22282240.0,95,0.09219640577264024,722.4424639862232,1.0,1945.5880086447867,20971520.0,1310720.0,False,0.12938372411447818,1.1916681376882068,0.3183766249030733,0.19,5,5.0,6.0,0.06,2,4,516.5967184637864,0.3235752985227469,0.2849302965756484,,,,,,2.220446049250313e-16,2,0.9878044218151566,-1.1728188803329178,delay_only,2097152.0,20971520.0,0.0,0.0,2,,0,1172.8188803329176,0.1734375,3.5786441564559937,1105.28149669087,655.8358654291633,2228224.0,22282240.0,10,2
20971520.0,1310720.0,1430.6032978045287,2,1.0,0.0,0.0,0.0,0.0,1.643167672515498,0.0,0.564,100000000.0,0.0,0.0,0.0,0.0,,-0.9534625892455922,0.0,4,0.0,0.0,0.0,0.0,66.73505529761314,0.03537796161356937,148886.26371428824,1.9455880086447868,1.9455880086447868,1607.698305113593,2228224.0,22282240.0,95,0.11015437830952486,1607.6983051135933,1.0,1945.5880086447867,20971520.0,1310720.0,False,0.12999948755354762,1.1973395285506552,0.3503553772009889,0.59,5,5.0,6.0,0.03,2,4,629.1214901054267,0.18097200402973654,0.6086818726471348,,,,,,0.0,2,0.9534625892455922,-1.9455880086447868,delay_only,2097152.0,20971520.0,0.0,0.0,3,,0,1945.5880086447867,0.1359375,3.4326620399951935,1880.1895432684394,1430.6032978045287,2228224.0,22282240.0,10,2
20971520.0,1310720.0,761.9966542082858,2,1.0,0.0,0.0,0.0,0.0,0.7224956747275376,0.0,0.29,100000000.0,0.0,0.0,0.0,0.0,,-0.9847319278346618,0.0,4,0.0,0.0,0.0,0.0,64.7146375849843,0.024471849102316284,150131.9312986754,1.2456675843871443,1.2456675843871443,893.8572833901343,2228224.0,22282240.0,96,0.14751866056485038,893.8572833901343,1.0,1245.6675843871444,20971520.0,1310720.0,False,0.1379649310462725,1.270703974332394,0.36442577196195564,0.31,5,5.0,6.0,0.05,2,4,526.98765074362,0.35942094261287266,0.41043423761686776,,,,,,0.0,2,0.9847319278346618,-1.2456675843871443,delay_only,2097152.0,20971520.0,0.0,0.0,1,,0,1245.6675843871444,0.11875,3.600303500890732,1182.1983425482422,761.996654208286,2228224.0,22282240.0,10,2
20971520.0,1310720.0,597.5609555193464,2,0.9999999999999999,0.0,0.0,0.0,0.0,0.4049691346263317,0.0,0.18600000000000003,100000000.0,0.0,0.0,1.1102230246251565e-16,0.0,,-0.975456381144309,0.0,4,0.0,0.0,0.0,0.0,67.54348380491138,0.021872712880982637,150131.9312986754,1.0833971081878002,1.0833971081878002,680.5644437591471,2228224.0,22282240.0,96,0.12196271639071364,680.564443759147,1.0,1245.6675843871444,20971520.0,1310720.0,False,0.12351018096290622,1.1375708060727394,0.2913279590256328,0.21,5,5.0,6.0,0.07,2,4,481.3612649079007,0.41667752853373363,0.2927028890180232,,,,,,0.0,2,0.975456381144309,-1.0833971081878002,delay_only,2097152.0,20971520.0,0.0,0.0,2,,0,1083.3971081878003,0.165625,3.4266610145568848,1015.8536243828888,597.5609555193464,2228224.0,22282240.0,10,2
20971520.0,1310720.0,539.5265192562504,2,1.0,0.0,0.0,0.0,0.0,0.20976176963403032,0.0,0.11799999999999998,100000000.0,0.0,0.0,0.0,0.0,,-0.9908673886137245,0.0,4,0.0,0.0,0.0,0.0,65.13673719018698,0.020436230854482706,150131.9312986754,0.9890555118770801,0.9890555118770801,522.871954694611,2228224.0,22282240.0,96,-0.03185209000426627,522.871954694611,1.0,1245.6675843871444,20971520.0,1310720.0,False,0.12261595335438011,1.1293346654281957,0.316352945617688,0.14,5,5.0,6.0,0.07,2,4,448.3458905516198,-0.2234730191800375,0.14253215050808946,,,,,,0.0,2,0.9908673886137245,-0.9890555118770801,delay_only,2097152.0,20971520.0,0.0,0.0,3,,0,989.0555118770801,0.1265625,3.624935269355774,923.9187746868931,539.5265192562504,2228224.0,22282240.0,10,2
20971520.0,1310720.0,703.3225406342569,2,1.0,0.0,0.0,0.0,0.0,0.5215361924162119,0.0,0.24399999999999994,100000000.0,0.0,0.0,0.0,0.0,,-0.9908673886137245,0.0,4,0.0,0.0,0.0,0.0,66.76632585003972,0.023893774361669104,151702.7385410641,1.2119678849968625,1.2119678849968625,806.9460155730504,2228224.0,22282240.0,97,0.1284143832908147,806.9460155730503,1.0,1570.8072423887095,20971520.0,1310720.0,False,0.13926085256103532,1.2826398525787266,0.37039371108718444,0.24,5,5.0,6.0,0.06,2,4,528.8394929589213,0.37260354041595173,0.3446408027885639,,,,,,0.0,2,0.9908673886137245,-1.2119678849968625,delay_only,2097152.0,20971520.0,0.0,0.0,1,,0,1211.9678849968625,0.1484375,3.6066934168338776,1145.2015591468228,703.3225406342569,2228224.0,22282240.0,10,2
20971520.0,1310720.0,658.0911378786404,2,1.0,0.0,0.0,0.0,0.0,0.27202941017470883,0.0,0.148,100000000.0,0.0,0.0,0.0,0.0,,-0.9908673886137245,0.0,4,0.0,0.0,0.0,0.0,64.4687912426889,0.02370286520506472,151702.7385410641,1.197452164366831,1.197452164366831,695.4401396564513,2228224.0,22282240.0,97,0.05370555946951988,695.4401396564513,1.0,1570.8072423887095,20971520.0,1310720.0,False,0.13085937274979703,1.2052593638889357,0.32517223778998916,0.16,5,5.0,6.0,0.07,2,4,544.85827547606,0.24803120867907508,0.2165274271553824,,,,,,0.0,2,0.9908673886137245,-1.197452164366831,delay_only,2097152.0,20971520.0,0.0,0.0,2,,0,1197.452164366831,0.1546875,3.559677839279175,1132.9833731241422,658.0911378786404,2228224.0,22282240.0,10,2
20971520.0,1310720.0,1025.794675083508,2,1.0,0.0,0.0,0.0,0.0,1.02469507659596,0.0,0.42600000000000005,100000000.0,0.0,0.0,0.0,0.0,,-0.9847319278346618,0.0,4,0.0,0.0,0.0,0.0,67.68765719607472,0.029486243518634915,151702.7385410641,1.5708072423887094,1.5708072423887094,1191.0998902181168,2228224.0,22282240.0,97,0.1387836708677204,1191.099890218117,1.0,1570.8072423887095,20971520.0,1310720.0,False,0.12741182704014997,1.17350629445514,0.33843876017236635,0.39,5,5.0,6.0,0.04,2,4,616.6372920839444,0.28775627111584384,0.48229590385486115,,,,,,0.0,2,0.9847319278346618,-1.5708072423887094,delay_only,2097152.0,20971520.0,0.0,0.0,3,,0,1570.8072423887095,0.134375,3.673891067504883,1503.1195851926348,1025.794675083508,2228224.0,22282240.0,10,2
20971520.0,1310720.0,585.7589531121313,2,0.9999999999999999,0.0,0.0,0.0,0.0,0.4753945729601885,0.0,0.18200000000000002,100000000.0,0.0,0.0,1.1102230246251565e-16,0.0,,-0.9629500128629352,0.0,4,0.0,0.0,0.0,0.0,71.62876892834902,0.022355040293233285,153346.2094731796,1.1159894605606677,1.1159894605606677,733.9097455457661,2228224.0,22282240.0,98,0.20186513850345952,733.9097455457661,1.0,1643.4709321154783,20971520.0,1310720.0,False,0.12394482570080875,1.14157403204971,0.2998608007005365,0.24,5,5.0,6.0,0.07,2,4,489.7354347587157,0.6067419293868316,0.3327034587958389,,,,,,0.0,2,0.9629500128629352,-1.1159894605606677,delay_only,2097152.0,20971520.0,0.0,0.0,1,,0,1115.9894605606678,0.165625,3.463944762945175,1046.7225787669304,585.7589531121313,2228224.0,22282240.0,10,2
20971520.0,1310720.0,1101.9997044886038,2,1.0,0.0,0.0,0.0,0.0,1.069579356569675,0.0,0.46199999999999997,100000000.0,0.0,0.0,0.0,0.0,,-0.937436866561092,0.0,4,0.0,0.0,0.0,0.0,65.2422783896327,0.030681024534811932,153346.2094731796,1.6434709321154783,1.6434709321154783,1228.5665546217497,2228224.0,22282240.0,98,0.10301993787557823,1228.5665546217497,1.0,1643.4709321154783,20971520.0,1310720.0,False,0.11919906576861737,1.0978639677505408,0.27147453981820313,0.35,5,5.0,6.0,0.04,2,4,604.0525210228186,0.2026645412654222,0.5083273928055172,,,,,,0.0,2,0.937436866561092,-1.6434709321154783,delay_only,2097152.0,20971520.0,0.0,0.0,2,,0,1643.4709321154783,0.1921875,3.3789967596530914,1579.5855702279637,1101.9997044886036,2228224.0,22282240.0,10,2
20971520.0,1310720.0,893.9992108736702,2,0.9999999999999999,0.0,0.0,0.0,0.0,0.8613942186943211,0.0,0.3500000000000001,100000000.0,0.0,0.0,1.1102230246251565e-16,0.0,,-0.9785579990862869,0.0,4,0.0,0.0,0.0,0.0,66.26522867009044,0.02738849226796583,153346.2094731796,1.4344025583254116,1.4344025583254116,1064.6716151165215,2228224.0,22282240.0,98,0.16030520755845665,1064.6716151165215,1.0,1643.4709321154783,20971520.0,1310720.0,False,0.12927769317135085,1.1906915566120424,0.34703139118349635,0.35,5,5.0,6.0,0.05,2,4,592.2230584903857,0.3612507686797951,0.4437504953810845,,,,,,0.0,2,0.9785579990862869,-1.4344025583254116,delay_only,2097152.0,20971520.0,0.0,0.0,3,,0,1434.4025583254117,0.1453125,3.461585283279419,1368.8635051498134,893.9992108736701,2228224.0,22282240.0,10,2
20971520.0,1310720.0,1148.0071424967546,2,1.0000000000000002,0.0,0.0,0.0,0.0,1.0382677881933926,0.0,0.414,100000000.0,0.0,0.0,-2.220446049250313e-16,2.220446049250313e-16,,-0.9660917830792959,0.0,4,0.0,0.0,0.0,0.0,65.0072144344449,0.031238132787041607,155025.04525206715,1.6788357788875556,1.6788357788875556,1292.1923986965305,2228224.0,22282240.0,99,0.11158187925050451,1292.1923986965307,1.0,1678.8357788875555,20971520.0,1310720.0,False,0.13584360976912369,1.2511658833315382,0.35465672643888524,0.4,5,5.0,6.0,0.04,2,4,659.2357947414017,0.2277964323285543,0.48983154876441726,,,,,,2.220446049250313e-16,2,0.9660917830792959,-1.6788357788875559,delay_only,2097152.0,20971520.0,0.0,0.0,1,,0,1678.8357788875555,0.1703125,3.417935460805893,1615.2404983706629,1148.0071424967546,2228224.0,22282240.0,10,2
20971520.0,1310720.0,839.2021100053454,2,1.0,0.0,0.0,0.0,0.0,0.4560701700396551,0.0,0.226,100000000.0,0.0,0.0,0.0,0.0,,-0.9939209163101398,0.0,4,0.0,0.0,0.0,0.0,68.74782452359796,0.0257336254932694,155025.04525206715,1.3308272166193118,1.3308272166193118,859.1696965641815,2228224.0,22282240.0,99,0.02324056195031853,859.1696965641817,1.0,1678.8357788875555,20971520.0,1310720.0,False,0.12452096382834622,1.1468804603056033,0.29598278604728734,0.22,5,5.0,6.0,0.05,2,4,588.8649193658528,0.07387063878706647,0.3146116282723626,,,,,,0.0,2,0.9939209163101398,-1.3308272166193118,delay_only,2097152.0,20971520.0,0.0,0.0,2,,0,1330.827216619312,0.1859375,3.448933869600296,1262.9520315692416,839.2021100053454,2228224.0,22282240.0,10,2
20971520.0,1310720.0,785.9972869558885,2,1.0000000000000002,0.0,0.0,0.0,0.0,0.49999999999999994,0.0,0.26599999999999996,100000000.0,0.0,0.0,-2.220446049250313e-16,2.220446049250313e-16,,-0.9816498172140428,0.0,4,0.0,0.0,0.0,0.0,67.61001655831933,0.02615218531461254,155025.04525206715,1.3558373687854757,1.3558373687854757,859.8265734234684,2228224.0,22282240.0,99,0.08586532301929514,859.8265734234684,1.0,1678.8357788875555,20971520.0,1310720.0,False,0.12313255525181237,1.1340927447403555,0.3187319852999622,0.2,5,5.0,6.0,0.05,2,4,587.4566887937588,0.2710625903739383,0.3167730482500059,,,,,,2.220446049250313e-16,2,0.9816498172140428,-1.355837368785476,delay_only,2097152.0,20971520.0,0.0,0.0,3,,0,1355.8373687854757,0.1515625,3.5321187674999237,1289.7398601352027,785.9972869558885,2228224.0,22282240.0,10,2
20971520.0,1310720.0,556.4318892643523,7,1.0,0.0,0.0,0.0,0.0,0.22803508501982764,0.0,0.128,100000000.0,0.0,0.0,0.0,0.0,,-0.9816498172140428,0.0,4,0.0,0.0,0.0,0.0,67.58725643157959,0.020785281664146556,162968.02921379972,1.0124637641520486,1.0124637641520486,543.5096749963799,2228224.0,22282240.0,100,-0.023775499981777762,543.5096749963798,1.0,7942.9839617325715,20971520.0,1310720.0,False,0.12527434545250982,1.153819361494142,0.30598346549286076,0.14,5,5.0,6.0,0.07,2,4,458.41329013725505,-0.15185385712172048,0.156568298181061,,,,,,0.0,2,0.9816498172140428,-1.0124637641520486,delay_only,2097152.0,20971520.0,0.0,0.0,1,0.14765625,0,1012.4637641520486,0.16875,3.543764352798462,946.2580265053796,556.4318892643523,2228224.0,22282240.0,10,2
20971520.0,1310720.0,4943.786080290952,2,0.9999999999999998,0.0,0.0,0.0,0.0,1.2425779653607256,0.0,0.44000000000000006,20000000.0,0.0,0.0,2.220446049250313e-16,0.0,,-0.9816498172140428,0.0,4,0.0,0.0,0.0,0.0,68.38472047820687,0.12907586382773992,162968.02921379972,7.942983961732572,7.942983961732572,6494.950849014766,2228224.0,22282240.0,100,0.23882625208150945,6494.950849014766,1.0,7942.9839617325715,20971520.0,1310720.0,False,0.12062008311613548,1.1109520211956654,0.27801856652966117,0.47,5,5.0,6.0,0.04,2,4,3031.587957289236,0.4478782089020383,0.5332392765144475,,,,,,0.0,2,0.9816498172140428,-7.942983961732572,delay_only,2097152.0,20971520.0,0.0,0.0,2,0.14765625,0,7942.9839617325715,0.20625,3.304578483104706,7876.855284975355,4943.786080290953,2228224.0,22282240.0,10,2
20971520.0,1310720.0,544.9239834609252,2,1.0000000000000002,0.0,0.0,0.0,0.0,0.25298221281347033,0.0,0.13599999999999998,100000000.0,0.0,0.0,-2.220446049250313e-16,2.220446049250313e-16,,-0.9816498172140428,0.0,4,0.0,0.0,0.0,0.0,67.62518500909209,0.02132598703483852,162968.02921379972,1.0470424648344734,1.0470424648344734,564.7280776222099,2228224.0,22282240.0,100,0.035068371745690295,564.7280776222099,1.0,7942.9839617325715,20971520.0,1310720.0,False,0.12701682163007144,1.1698681601795449,0.33661969302019534,0.14,5,5.0,6.0,0.07,2,4,466.9327304876344,0.20250548458131068,0.17317245415943058,,,,,,2.220446049250313e-16,2,0.9816498172140428,-1.0470424648344736,delay_only,2097152.0,20971520.0,0.0,0.0,3,0.14765625,0,1047.0424648344733,0.16875,3.483503431081772,980.8631702296653,544.9239834609252,2228224.0,22282240.0,10,2
20971520.0,1310720.0,636.787145147166,7,0.9999999999999999,0.0,0.0,0.0,0.0,0.49799598391954936,0.0,0.24600000000000002,100000000.0,0.0,0.0,1.1102230246251565e-16,0.0,,-0.9847319278346618,0.0,4,0.0,0.0,0.0,0.0,66.41697697341442,0.022518223577819546,168852.56653168477,1.1235832859538653,1.1235832859538653,723.3426611432275,2228224.0,22282240.0,101,0.1196604605889858,723.3426611432274,1.0,5884.537317885068,20971520.0,1310720.0,False,0.12239636449623773,1.1273121773028107,0.29272987342792745,0.22,5,5.0,6.0,0.06,2,4,491.24055441854017,0.3729199929181639,0.32087435069549863,,,,,,0.0,2,0.9847319278346618,-1.1235832859538653,delay_only,2097152.0,20971520.0,0.0,0.0,1,,0,1123.5832859538652,0.14375,3.5877203345298767,1057.1663089804508,636.787145147166,2228224.0,22282240.0,10,2
20971520.0,1310720.0,3784.281149230472,2,0.9999999999999999,0.0,0.0,0.0,0.0,0.6196773353931868,0.0,0.28400000000000003,20000000.0,0.0,0.0,1.1102230246251565e-16,0.0,,-0.9847319278346618,0.0,4,0.0,0.0,0.0,0.0,67.58565874770284,0.09688986967402133,168852.56653168477,5.8845373178850675,5.8845373178850675,4197.531619636446,2228224.0,22282240.0,101,0.0984508296430096,4197.531619636446,1.0,5884.537317885068,20971520.0,1310720.0,False,0.12659823765153225,1.1660128592629428,0.30554898553690185,0.26,5,5.0,6.0,0.05,2,4,2615.796375892379,0.26126399600718514,0.3768250931915703,,,,,,0.0,2,0.9847319278346618,-5.8845373178850675,delay_only,2097152.0,20971520.0,0.0,0.0,2,,0,5884.537317885068,0.1890625,3.446235716342926,5816.951659137365,3784.2811492304722,2228224.0,22282240.0,10,2
20971520.0,1310720.0,808.4070533510685,2,1.0000000000000002,0.0,0.0,0.0,0.0,0.9348796714016192,0.0,0.37,100000000.0,0.0,0.0,-2.220446049250313e-16,2.220446049250313e-16,,-0.9816498172140428,0.0,4,0.0,0.0,0.0,0.0,66.85180822387338,0.025213242680199144,168852.56653168477,1.295947931599866,1.295947931599866,968.020397164076,2228224.0,22282240.0,101,0.16488634359421822,968.0203971640759,1.0,5884.537317885068,20971520.0,1310720.0,False,0.12855512416632714,1.184036450133534,0.3437038379857488,0.37,5,5.0,6.0,0.05,2,4,528.1245284188947,0.3628434708157414,0.4544283054715639,,,,,,2.220446049250313e-16,2,0.9816498172140428,-1.2959479315998663,delay_only,2097152.0,20971520.0,0.0,0.0,3,,0,1295.947931599866,0.159375,3.4880744218826294,1229.6475315327452,808.4070533510685,2228224.0,22282240.0,10,2
20971520.0,1310720.0,701.6250168066592,7,1.0,0.0,0.0,0.0,0.0,0.5157518783291051,0.0,0.24199999999999994,100000000.0,0.0,0.0,0.0,0.0,,-0.9847319278346618,0.0,4,0.0,0.0,0.0,0.0,64.84459107741714,0.02373576785025259,174268.61239813184,1.1981796279368266,1.1981796279368266,800.1831072961687,2228224.0,22282240.0,102,0.12316942158718998,800.1831072961687,1.0,5416.045866447055,20971520.0,1310720.0,False,0.13133501995210944,1.2096402365192112,0.33389390300368343,0.24,5,5.0,6.0,0.06,2,4,529.5375526517761,0.3641592806466272,0.3382295279375595,,,,,,0.0,2,0.9847319278346618,-1.1981796279368266,delay_only,2097152.0,20971520.0,0.0,0.0,1,,0,1198.1796279368266,0.1171875,3.510605365037918,1135.0891424161657,701.6250168066592,2228224.0,22282240.0,10,2
20971520.0,1310720.0,3218.698043572901,2,1.0,0.0,0.0,0.0,0.0,0.5059644256269407,0.0,0.24600000000000002,20000000.0,0.0,0.0,0.0,0.0,,-0.9816498172140428,0.0,4,0.0,0.0,0.0,0.0,66.842638887465,0.08959161177950623,174268.61239813184,5.416045866447055,5.416045866447055,3678.0309182982737,2228224.0,22282240.0,102,0.12488553928140786,3678.030918298273,1.0,5416.045866447055,20971520.0,1310720.0,False,0.12118869406753696,1.1161891215973063,0.2806371167703664,0.22,5,5.0,6.0,0.06,2,4,2476.7168049387255,0.3823586767334478,0.3266188186137824,,,,,,0.0,2,0.9816498172140428,-5.416045866447055,delay_only,2097152.0,20971520.0,0.0,0.0,2,,0,5416.045866447055,0.18125,3.4630450308322906,5349.863153888398,3218.6980435729015,2228224.0,22282240.0,10,2
20971520.0,1310720.0,606.8798268753158,2,1.0000000000000002,0.0,0.0,0.0,0.0,0.5422176684690383,0.0,0.20599999999999996,100000000.0,0.0,0.0,-2.220446049250313e-16,2.220446049250313e-16,,-0.9723448696087954,0.0,4,0.0,0.0,0.0,0.0,64.49605012312531,0.02225595697921627,174268.61239813184,1.1048772967929665,1.1048772967929665,746.7994274815378,2228224.0,22282240.0,102,0.18735900893507457,746.7994274815377,1.0,5416.045866447055,20971520.0,1310720.0,False,0.13285754066857489,1.223663170541243,0.36351719819712874,0.26,5,5.0,6.0,0.07,2,4,479.39181874371826,0.5232446498686077,0.35807152348738275,,,,,,2.220446049250313e-16,2,0.9723448696087954,-1.1048772967929668,delay_only,2097152.0,20971520.0,0.0,0.0,3,,0,1104.8772967929665,0.1703125,3.503371000289917,1040.3812466698412,606.8798268753158,2228224.0,22282240.0,10,2
20971520.0,1310720.0,598.9755421771406,7,1.0,0.0,0.0,0.0,0.0,0.2966479394838265,0.0,0.16399999999999998,100000000.0,0.0,0.0,0.0,0.0,,-0.9908673886137245,0.0,4,0.0,0.0,0.0,0.0,67.66804168000817,0.02099776526478072,185450.5390050881,1.0260289091634331,1.0260289091634331,586.8175594371766,2228224.0,22282240.0,103,-0.020718505341975103,586.8175594371767,1.0,11181.926606956247,20971520.0,1310720.0,False,0.12381319280745366,1.1403616482977617,0.2992546089445231,0.16,5,5.0,6.0,0.06,2,4,460.03823967571725,-0.09589878509239279,0.216045545540687,,,,,,0.0,2,0.9908673886137245,-1.0260289091634331,delay_only,2097152.0,20971520.0,0.0,0.0,1,,0,1026.0289091634331,0.1625,3.376871258020401,959.8569769459659,598.9755421771406,2228224.0,22282240.0,10,2
20971520.0,1310720.0,9055.556780519963,2,1.0,0.0,0.0,0.0,0.0,1.7691806012954132,0.0,0.572,20000000.0,0.0,0.0,0.0,0.0,,-0.9566355184455129,0.0,4,0.0,0.0,0.0,0.0,67.76627385988832,0.17968544989276172,185450.5390050881,11.181926606956248,11.181926606956248,9593.147040652264,2228224.0,22282240.0,103,0.05603898885883741,9593.147040652264,1.0,11181.926606956247,20971520.0,1310720.0,False,0.11999470050852673,1.1051920345168749,0.27513857320631396,0.63,5,5.0,6.0,0.02,2,4,3543.7664159829956,0.08886699209172218,0.630593964528449,,,,,,0.0,2,0.9566355184455129,-11.181926606956248,delay_only,2097152.0,20971520.0,0.0,0.0,2,,0,11181.926606956247,0.209375,3.282524824142456,11115.86879313675,9055.556780519963,2228224.0,22282240.0,10,2
20971520.0,1310720.0,753.5932313924968,2,1.0000000000000002,0.0,0.0,0.0,0.0,0.635609943282828,0.0,0.2879999999999999,100000000.0,0.0,0.0,-2.220446049250313e-16,2.220446049250313e-16,,-0.9660917830792959,0.0,4,0.0,0.0,0.0,0.0,67.68467556685209,0.024839830784812417,185450.5390050881,1.2718932692213856,1.2718932692213856,874.652864056771,2228224.0,22282240.0,103,0.13840877637189847,874.6528640567709,1.0,11181.926606956247,20971520.0,1310720.0,False,0.11421909560652253,1.051996747515362,0.27768398664437255,0.27,5,5.0,6.0,0.06,2,4,539.3010222890788,0.3609928963745952,0.38341135729240056,,,,,,2.220446049250313e-16,2,0.9660917830792959,-1.2718932692213858,delay_only,2097152.0,20971520.0,0.0,0.0,3,,0,1271.8932692213855,0.178125,3.352555990219116,1205.7491702279947,753.5932313924967,2228224.0,22282240.0,10,2
20971520.0,1310720.0,537.9954639832549,7,0.9999999999999999,0.0,0.0,0.0,0.0,0.46904157598234303,0.0,0.15999999999999998,100000000.0,0.0,0.0,1.1102230246251565e-16,0.0,,-0.9045340337332909,0.0,4,0.0,0.0,0.0,0.0,68.28607246279716,0.02116180296866893,190964.80074905205,1.036677907632656,1.036677907632656,684.9567458786904,2228224.0,22282240.0,104,0.21455556541297732,684.9567458786904,1.0,5514.261743963944,20971520.0,1310720.0,False,0.13656738972281482,1.2578321430594468,0.3579898563019174,0.24,5,5.0,6.0,0.08,2,4,454.63899814094697,0.6380805792820461,0.3362515211705557,,,,,,0.0,2,0.9045340337332909,-1.036677907632656,delay_only,2097152.0,20971520.0,0.0,0.0,1,,0,1036.677907632656,0.2,3.3403574526309967,970.3553899948114,537.9954639832549,2228224.0,22282240.0,10,2
20971520.0,1310720.0,3552.5074219458825,2,1.0,0.0,0.0,0.0,0.0,0.58309518948453,0.0,0.28600000000000003,20000000.0,0.0,0.0,0.0,0.0,,-0.9878044218151566,0.0,4,0.0,0.0,0.0,0.0,67.67139583826065,0.0911270032723153,190964.80074905205,5.514261743963944,5.514261743963944,3869.294063911622,2228224.0,22282240.0,104,0.08187194788847006,3869.2940639116214,1.0,5514.261743963944,20971520.0,1310720.0,False,0.1197342097672508,1.1027928261259752,0.27393896906985415,0.25,5,5.0,6.0,0.05,2,4,2470.944980448604,0.22654331862628704,0.36139643572330904,,,,,,0.0,2,0.9878044218151566,-5.514261743963944,delay_only,2097152.0,20971520.0,0.0,0.0,2,,0,5514.261743963944,0.19375,3.362720340490341,5448.128209428179,3552.5074219458825,2228224.0,22282240.0,10,2
20971520.0,1310720.0,802.1767424335618,2,1.0,0.0,0.0,0.0,0.0,0.6985699678629192,0.0,0.328,100000000.0,0.0,0.0,0.0,0.0,,-0.9847319278346618,0.0,4,0.0,0.0,0.0,0.0,67.60040484368801,0.024835516820546154,190964.80074905205,1.273073481358642,1.273073481358642,882.7009954975647,2228224.0,22282240.0,104,0.09122483544794513,882.7009954975646,1.0,5514.261743963944,20971520.0,1310720.0,False,0.12313683571523894,1.134132169265464,0.3187516975584371,0.28,5,5.0,6.0,0.05,2,4,535.4254473629115,0.23187423789704917,0.39342376399938156,,,,,,0.0,2,0.9847319278346618,-1.273073481358642,delay_only,2097152.0,20971520.0,0.0,0.0,3,,0,1273.0734813586419,0.171875,3.3373202979564667,1205.4730765149538,802.1767424335618,2228224.0,22282240.0,10,2
20971520.0,1310720.0,654.0714202307862,7,1.0,0.0,0.0,0.0,0.0,0.3633180424916991,0.0,0.194,100000000.0,0.0,0.0,0.0,0.0,,-0.9816498172140428,0.0,4,0.0,0.0,0.0,0.0,66.78521493449807,0.02276362121234344,199122.28845179788,1.139656972524478,1.139656972524478,670.8455278564828,2228224.0,22282240.0,105,0.025004426397972648,670.8455278564828,1.0,8157.487702745838,20971520.0,1310720.0,False,0.1361569276701759,1.2540516478448622,0.3560996086583946,0.17,5,5.0,6.0,0.06,2,4,504.7436744357069,0.10098687811269444,0.24760074640657193,,,,,,0.0,2,0.9816498172140428,-1.139656972524478,delay_only,2097152.0,20971520.0,0.0,0.0,1,,0,1139.656972524478,0.1671875,3.344042658805847,1072.87175758998,654.0714202307862,2228224.0,22282240.0,10,2
20971520.0,1310720.0,5605.816000409944,2,1.0,0.0,0.0,0.0,0.0,0.9252026804976301,0.0,0.42,20000000.0,0.0,0.0,0.0,0.0,,-0.9847319278346618,0.0,4,0.0,0.0,0.0,0.0,64.44334099069238,0.13247188593406298,199122.28845179788,8.157487702745838,8.157487702745838,6295.489433162246,2228224.0,22282240.0,105,0.1095504074900617,6295.489433162245,1.0,8157.487702745838,20971520.0,1310720.0,False,0.11637745816444282,1.071876001319937,0.2584805566697811,0.35,5,5.0,6.0,0.04,2,4,3327.603201199459,0.23237866240451938,0.4714305795398671,,,,,,0.0,2,0.9847319278346618,-8.157487702745838,delay_only,2097152.0,20971520.0,0.0,0.0,2,,0,8157.487702745838,0.1828125,3.4919195771217346,8094.20069978003,5605.816000409943,2228224.0,22282240.0,10,2
20971520.0,1310720.0,576.1049218709809,2,1.0,0.0,0.0,0.0,0.0,0.303315017762062,0.0,0.14799999999999996,100000000.0,0.0,0.0,0.0,0.0,,-0.9847319278346618,0.0,4,0.0,0.0,0.0,0.0,67.65163969248533,0.02149573038973273,199122.28845179788,1.0593783846353801,1.0593783846353801,625.003656994396,2228224.0,22282240.0,105,0.07823751841479783,625.0036569943959,1.0,8157.487702745838,20971520.0,1310720.0,False,0.12416127807516386,1.143567632091843,0.32346942898328307,0.18,5,5.0,6.0,0.07,2,4,472.1283602801096,0.3198602794197907,0.2445990435471277,,,,,,0.0,2,0.9847319278346618,-1.0593783846353801,delay_only,2097152.0,20971520.0,0.0,0.0,3,,0,1059.3783846353801,0.1453125,3.539016902446747,991.7267449428948,576.1049218709808,2228224.0,22282240.0,10,2
20971520.0,1310720.0,729.0523453177312,7,1.0,0.0,0.0,0.0,0.0,0.6066300355241241,0.0,0.27399999999999997,100000000.0,0.0,0.0,0.0,0.0,,-0.9939209163101398,0.0,4,0.0,0.0,0.0,0.0,67.49431556090713,0.024473375421036413,204119.46019495148,1.2487610266369822,1.2487610266369822,862.7565602040788,2228224.0,22282240.0,106,0.15497328105476332,862.7565602040787,1.0,4997.171743153602,20971520.0,1310720.0,False,0.13857722299158345,1.2763433915557272,0.36724548066312396,0.27,5,5.0,6.0,0.05,2,4,534.8203306885389,0.40771407015281214,0.38010285246393144,,,,,,0.0,2,0.9939209163101398,-1.2487610266369822,delay_only,2097152.0,20971520.0,0.0,0.0,1,,0,1248.7610266369823,0.165625,3.4349566400051117,1182.2960269463304,729.0523453177312,2228224.0,22282240.0,10,2
20971520.0,1310720.0,3286.9499141567744,2,1.0,0.0,0.0,0.0,0.0,0.2607680962081059,0.0,0.142,20000000.0,0.0,0.0,0.0,0.0,,-0.9847319278346618,0.0,4,0.0,0.0,0.0,0.0,66.74687191843987,0.08303788861304941,204119.46019495148,4.997171743153602,4.997171743153602,2927.0858458639177,2228224.0,22282240.0,106,-0.1229427790105159,2927.085845863918,1.0,4997.171743153602,20971520.0,1310720.0,False,0.12061696145689882,1.1109232696515705,0.27800419072030913,0.15,5,5.0,6.0,0.05,2,4,2364.699864636146,-0.6398880489645561,0.19213170055208484,,,,,,0.0,2,0.9847319278346618,-4.997171743153602,delay_only,2097152.0,20971520.0,0.0,0.0,2,,0,4997.171743153602,0.1828125,3.4258537888526917,4930.424871235162,3286.9499141567744,2228224.0,22282240.0,10,2
20971520.0,1310720.0,850.1759176585113,2,1.0,0.0,0.0,0.0,0.0,0.737563556583431,0.0,0.318,100000000.0,0.0,0.0,0.0,0.0,,-0.9816498172140428,0.0,4,0.0,0.0,0.0,0.0,64.44096099585295,0.026443908016303898,204119.46019495148,1.3714787893177192,1.3714787893177192,986.0072147473312,2228224.0,22282240.0,106,0.13775892818758673,986.0072147473313,1.0,4997.171743153602,20971520.0,1310720.0,False,0.11964823008572624,1.1020009239940598,0.30268607492317257,0.31,5,5.0,6.0,0.05,2,4,573.939883802329,0.3296337440226464,0.41791512757905774,,,,,,0.0,2,0.9816498172140428,-1.3714787893177192,delay_only,2097152.0,20971520.0,0.0,0.0,3,,0,1371.4787893177192,0.18125,3.366476982831955,1308.4101130434494,850.1759176585114,2228224.0,22282240.0,10,2
20971520.0,1310720.0,670.2801517752295,7,1.0,0.0,0.0,0.0,0.0,0.3847076812334269,0.0,0.20400000000000001,100000000.0,0.0,0.0,0.0,0.0,,-0.9816498172140428,0.0,4,0.0,0.0,0.0,0.0,67.61802965775132,0.023538802847366355,209321.92866300425,1.1885758799006068,1.1885758799006068,708.6889858323959,2228224.0,22282240.0,107,0.054197024117784126,708.6889858323958,1.0,5202.468468052773,20971520.0,1310720.0,False,0.13529956638339266,1.246155058571833,0.3521513139985969,0.18,5,5.0,6.0,0.06,2,4,525.8395879583368,0.21005720830221783,0.2580107798053218,,,,,,0.0,2,0.9816498172140428,-1.1885758799006068,delay_only,2097152.0,20971520.0,0.0,0.0,1,,0,1188.5758799006067,0.1875,3.3679326474666595,1122.4833822314463,670.2801517752295,2228224.0,22282240.0,10,2
20971520.0,1310720.0,3209.27718752615,2,1.0,0.0,0.0,0.0,0.0,0.36606010435446257,0.0,0.19599999999999995,20000000.0,0.0,0.0,0.0,0.0,,-0.9847319278346618,0.0,4,0.0,0.0,0.0,0.0,67.62496801093221,0.08623192968815376,209321.92866300425,5.202468468052772,5.202468468052772,3223.410857348498,2228224.0,22282240.0,107,0.004384693868647712,3223.410857348498,1.0,5202.468468052773,20971520.0,1310720.0,False,0.11538807241458716,1.0627634218045836,0.2539242668326961,0.17,5,5.0,6.0,0.06,2,4,2431.3607608251837,0.017844413988948222,0.24571800852431097,,,,,,0.0,2,0.9847319278346618,-5.202468468052772,delay_only,2097152.0,20971520.0,0.0,0.0,2,,0,5202.468468052773,0.178125,3.4316540956497192,5134.84350004184,3209.27718752615,2228224.0,22282240.0,10,2
20971520.0,1310720.0,1071.779594268515,2,1.0,0.0,0.0,0.0,0.0,0.9909591313469996,0.0,0.4100000000000001,100000000.0,0.0,0.0,0.0,0.0,,-0.9660917830792959,0.0,4,0.0,0.0,0.0,0.0,66.97106640785933,0.031183795522241105,209321.92866300425,1.67873397983129,1.67873397983129,1270.493816373958,2228224.0,22282240.0,107,0.1564070753784397,1270.493816373958,1.0,5202.468468052773,20971520.0,1310720.0,False,0.11984527929572746,1.1038158142882,0.3035935200829576,0.38,5,5.0,6.0,0.04,2,4,660.0616760299839,0.32553040538374856,0.4804684072262333,,,,,,0.0,2,0.9660917830792959,-1.67873397983129,delay_only,2097152.0,20971520.0,0.0,0.0,3,,0,1678.7339798312898,0.1421875,3.4398688673973083,1611.7629134234305,1071.779594268515,2228224.0,22282240.0,10,2
20971520.0,1310720.0,800.4882438990884,7,0.9999999999999999,0.0,0.0,0.0,0.0,0.5779273310719957,0.0,0.29800000000000004,100000000.0,0.0,0.0,1.1102230246251565e-16,0.0,,-0.9908673886137245,0.0,4,0.0,0.0,0.0,0.0,64.55791322514415,0.02574743704086383,254024.67520410882,1.3274347692032036,1.3274347692032036,880.8553734591383,2228224.0,22282240.0,108,0.09123759924906448,880.8553734591383,1.0,44702.74654110456,20971520.0,1310720.0,False,0.14679217786553797,1.3520059220852731,0.4050767458134838,0.23,5,5.0,6.0,0.05,2,4,565.9209405720458,0.2551868616692745,0.35753251030340893,,,,,,0.0,2,0.9908673886137245,-1.3274347692032036,delay_only,2097152.0,20971520.0,0.0,0.0,1,,0,1327.4347692032036,0.1625,3.3629859685897827,1263.8359706152853,800.4882438990886,2228224.0,22282240.0,10,2
20971520.0,1310720.0,38000.18580623599,2,1.0,0.0,0.0,0.0,0.0,2.7,0.9,0.8099999999999999,20000000.0,0.0,0.0,0.0,0.0,,-0.5222329678670935,0.0,4,0.0,0.0,0.0,0.0,67.65008252114058,0.7034455167343738,254024.67520410882,44.70274654110456,44.70274654110456,40217.05633129696,2228224.0,22282240.0,108,0.05512264514834214,40217.05633129696,1.0,44702.74654110456,20971520.0,1310720.0,False,0.12557921185666576,1.156627284844399,0.3008561981490501,0.91,5,5.0,6.0,0.01,2,4,6525.773644245157,0.06579952878769303,0.8377361686920186,,,,,,0.0,2,0.5222329678670935,-44.70274654110456,delay_only,2097152.0,20971520.0,0.0,0.0,2,,0,44702.74654110456,0.1859375,3.4082519710063934,44636.51307099993,38000.18580623599,2228224.0,22282240.0,10,2
20971520.0,1310720.0,1020.4240654610572,2,1.0,0.0,0.0,0.0,0.0,0.9736529155710468,0.0,0.39999999999999997,100000000.0,0.0,0.0,0.0,0.0,,-0.9908673886137245,0.0,4,0.0,0.0,0.0,0.0,66.85038888826966,0.02892502109649446,254024.67520410882,1.534051739063915,1.534051739063915,1158.0238114376323,2228224.0,22282240.0,108,0.11882289864640293,1158.0238114376323,1.0,44702.74654110456,20971520.0,1310720.0,False,0.12461077881763218,1.1477076869274323,0.3255394564201663,0.38,5,5.0,6.0,0.04,2,4,619.4298357871456,0.25547954896894076,0.46509749655479665,,,,,,0.0,2,0.9908673886137245,-1.534051739063915,delay_only,2097152.0,20971520.0,0.0,0.0,3,,0,1534.051739063915,0.14375,3.504768043756485,1467.2013501756453,1020.4240654610572,2228224.0,22282240.0,10,2
20971520.0,1310720.0,577.1146741064005,7,1.0,0.0,0.0,0.0,0.0,0.2863564212655271,0.0,0.15399999999999997,100000000.0,0.0,0.0,0.0,0.0,,-0.9878044218151566,0.0,4,0.0,0.0,0.0,0.0,65.19897049292922,0.021379459610602614,263010.78377818293,1.0476605500309335,1.0476605500309335,605.7141015868104,2228224.0,22282240.0,109,0.047216050287564836,605.7141015868104,1.0,8986.108574074104,20971520.0,1310720.0,False,0.1358420290270874,1.2511513241593435,0.3546494469441216,0.16,5,5.0,6.0,0.07,2,4,473.76605399782085,0.21674763668724772,0.21783882403153684,,,,,,0.0,2,0.9878044218151566,-1.0476605500309335,delay_only,2097152.0,20971520.0,0.0,0.0,1,,0,1047.6605500309336,0.1953125,3.3274204432964325,984.2854150785671,577.1146741064003,2228224.0,22282240.0,10,2
20971520.0,1310720.0,6324.068144813722,2,1.0,0.0,0.0,0.0,0.0,1.3652838532700808,0.0,0.5199999999999999,20000000.0,0.0,0.0,0.0,0.0,,-0.9341987329938275,0.0,4,0.0,0.0,0.0,0.0,67.04221945255995,0.14536041179096162,263010.78377818293,8.986108574074104,8.986108574074104,7407.360192821281,2228224.0,22282240.0,109,0.14624535864442154,7407.360192821282,1.0,8986.108574074104,20971520.0,1310720.0,False,0.1189392596071132,1.0954710645723509,0.27027808819748234,0.49,5,5.0,6.0,0.03,2,4,3180.653442112785,0.25629694982410933,0.5706090483901051,,,,,,0.0,2,0.9341987329938275,-8.986108574074104,delay_only,2097152.0,20971520.0,0.0,0.0,2,,0,8986.108574074104,0.1625,3.4151651561260223,8919.066354621544,6324.068144813722,2228224.0,22282240.0,10,2
20971520.0,1310720.0,745.6409663043778,2,1.0,0.0,0.0,0.0,0.0,0.3633180424916989,0.0,0.19199999999999998,100000000.0,0.0,0.0,0.0,0.0,,-0.9908673886137245,0.0,4,0.0,0.0,0.0,0.0,65.25478791445494,0.025721307395198192,263010.78377818293,1.3268039317315694,1.3268039317315694,811.3909328310112,2228224.0,22282240.0,109,0.08103364711906033,811.3909328310111,1.0,8986.108574074104,20971520.0,1310720.0,False,0.12213560167792477,1.1249104629897926,0.3141408444167039,0.18,5,5.0,6.0,0.06,2,4,592.3959986084599,0.3002351025152739,0.2699006426636535,,,,,,0.0,2,0.9908673886137245,-1.3268039317315694,delay_only,2097152.0,20971520.0,0.0,0.0,3,,0,1326.8039317315695,0.1453125,3.372893303632736,1262.1636732926843,745.6409663043777,2228224.0,22282240.0,10,2
20971520.0,1310720.0,2136.1229529493653,7,1.0,0.0,0.0,0.0,0.0,1.8883855538528143,0.0,0.6619999999999999,100000000.0,0.0,0.0,0.0,0.0,,-0.9629500128629352,0.0,4,0.0,0.0,0.0,0.0,66.90668361261487,0.04828460282071485,268612.11271322845,2.7724830753441103,2.7724830753441103,2350.1337146670994,2228224.0,22282240.0,110,0.09106322775682966,2350.1337146671,1.0,5601.32893504549,20971520.0,1310720.0,False,0.12602697577655678,1.1607513429528855,0.309449456225288,0.66,5,5.0,6.0,0.02,2,4,778.8098582312787,0.13619774233121323,0.6686104057097881,,,,,,0.0,2,0.9629500128629352,-2.7724830753441103,delay_only,2097152.0,20971520.0,0.0,0.0,1,0.13984375,0,2772.48307534411,0.2125,3.3000880777835846,2706.2145805257505,2136.1229529493653,2228224.0,22282240.0,10,2
20971520.0,1310720.0,3331.998399467924,2,0.9999999999999999,0.0,0.0,0.0,0.0,0.42661458015403086,0.0,0.19000000000000006,20000000.0,0.0,0.0,1.1102230246251565e-16,0.0,,-0.9816498172140428,0.0,4,0.0,0.0,0.0,0.0,64.8014429025352,0.09253437802480362,268612.11271322845,5.60132893504549,5.60132893504549,3794.097439904704,2228224.0,22282240.0,110,0.12179419420719634,3794.097439904704,1.0,5601.32893504549,20971520.0,1310720.0,False,0.12820282335320868,1.180791639731389,0.3129383757685371,0.22,5,5.0,6.0,0.06,2,4,2596.3499231280384,0.38580671966689944,0.31568707334167706,,,,,,0.0,2,0.9816498172140428,-5.60132893504549,delay_only,2097152.0,20971520.0,0.0,0.0,2,0.13984375,0,5601.32893504549,0.1828125,3.4088135063648224,5538.200193587431,3331.9983994679246,2228224.0,22282240.0,10,2
20971520.0,1310720.0,702.4566152606693,2,1.0000000000000002,0.0,0.0,0.0,0.0,0.5118593556827891,0.0,0.25999999999999995,100000000.0,0.0,0.0,-2.220446049250313e-16,2.220446049250313e-16,,-0.9878044218151566,0.0,4,0.0,0.0,0.0,0.0,66.06908654794097,0.02305999776796923,268612.11271322845,1.1571940455885357,1.1571940455885357,750.6399017906461,2228224.0,22282240.0,110,0.06418961530693458,750.639901790646,1.0,5601.32893504549,20971520.0,1310720.0,False,0.1278486293990328,1.177529392855733,0.34045030934455245,0.22,5,5.0,6.0,0.05,2,4,500.86764281945915,0.19290887918635927,0.3327457791350512,,,,,,2.220446049250313e-16,2,0.9878044218151566,-1.157194045588536,delay_only,2097152.0,20971520.0,0.0,0.0,3,0.13984375,0,1157.1940455885356,0.1640625,3.479112356901169,1091.8398571500306,702.4566152606695,2228224.0,22282240.0,10,2
20971520.0,1310720.0,726.4018574699516,7,1.0000000000000002,0.0,0.0,0.0,0.0,0.9412757300600073,0.0,0.33599999999999997,100000000.0,0.0,0.0,-2.220446049250313e-16,2.220446049250313e-16,,-0.9723448696087954,0.0,4,0.0,0.0,0.0,0.0,65.78726787120104,0.024342678301850558,275485.831003391,1.2397186791896366,1.2397186791896366,929.3623672937615,2228224.0,22282240.0,111,0.21838683915598706,929.3623672937616,1.0,6873.718290162542,20971520.0,1310720.0,False,0.13150873913511907,1.2112402493238714,0.334693909516279,0.38,5,5.0,6.0,0.05,2,4,498.5705291119066,0.47113360058166204,0.46353484210501317,,,,,,2.220446049250313e-16,2,0.9723448696087954,-1.2397186791896369,delay_only,2097152.0,20971520.0,0.0,0.0,1,,0,1239.7186791896365,0.15625,3.5654393434524536,1173.9314113184355,726.4018574699514,2228224.0,22282240.0,10,2
20971520.0,1310720.0,4373.775472820653,2,1.0,0.0,0.0,0.0,0.0,1.1027239001672176,0.0,0.36399999999999993,20000000.0,0.0,0.0,0.0,0.0,,-0.9341987329938275,0.0,4,0.0,0.0,0.0,0.0,67.68028205260634,0.11236865689653917,275485.831003391,6.873718290162542,6.873718290162542,5523.142335458034,2228224.0,22282240.0,111,0.20810017066888858,5523.142335458034,1.0,6873.718290162542,20971520.0,1310720.0,False,0.12401706032640109,1.1422393375380577,0.2936622248023879,0.43,5,5.0,6.0,0.05,2,4,2834.3783953093325,0.4274703500277586,0.4868177890124431,,,,,,0.0,2,0.9341987329938275,-6.873718290162542,delay_only,2097152.0,20971520.0,0.0,0.0,2,,0,6873.718290162542,0.1703125,3.5168448388576508,6807.5940413785065,4373.775472820654,2228224.0,22282240.0,10,2
20971520.0,1310720.0,613.5781448703004,2,1.0,0.0,0.0,0.0,0.0,0.3,0.0,0.15799999999999997,100000000.0,0.0,0.0,0.0,0.0,,-0.975456381144309,0.0,4,0.0,0.0,0.0,0.0,67.61999148875475,0.022478491197957196,275485.831003391,1.1222434281580154,1.1222434281580154,652.9500496796954,2228224.0,22282240.0,111,0.06029849423965705,652.9500496796954,1.0,6873.718290162542,20971520.0,1310720.0,False,0.12855512416632714,1.184036450133534,0.3437038379857488,0.17,5,5.0,6.0,0.07,2,4,502.14768440519975,0.261082806875932,0.23095543885550163,,,,,,0.0,2,0.975456381144309,-1.1222434281580154,delay_only,2097152.0,20971520.0,0.0,0.0,3,,0,1122.2434281580154,0.15,3.451527088880539,1054.6234366692606,613.5781448703004,2228224.0,22282240.0,10,2
20971520.0,1310720.0,669.8738483907238,7,1.0,0.0,0.0,0.0,0.0,0.812403840463596,0.0,0.3,100000000.0,0.0,0.0,0.0,0.0,,-0.9723448696087954,0.0,4,0.0,0.0,0.0,0.0,67.59663810953498,0.022746846209768093,282230.56137741904,1.139394795534693,1.139394795534693,824.4955646978456,2228224.0,22282240.0,112,0.18753492793352547,824.4955646978456,1.0,6744.730374028048,20971520.0,1310720.0,False,0.12946774073401549,1.1924419593510482,0.3252947646661364,0.34,5,5.0,6.0,0.06,2,4,474.31323854085,0.4415463167544356,0.4247231169585825,,,,,,0.0,2,0.9723448696087954,-1.139394795534693,delay_only,2097152.0,20971520.0,0.0,0.0,1,,0,1139.394795534693,0.18125,3.3897088766098022,1071.798157425158,669.8738483907238,2228224.0,22282240.0,10,2
20971520.0,1310720.0,4009.8398379831215,2,1.0000000000000002,0.0,0.0,0.0,0.0,0.6999999999999998,0.0,0.314,20000000.0,0.0,0.0,-2.220446049250313e-16,2.220446049250313e-16,,-0.9566355184455129,0.0,4,0.0,0.0,0.0,0.0,66.7212805710733,0.11036447886163774,282230.56137741904,6.744730374028047,6.744730374028047,4874.103228997567,2228224.0,22282240.0,112,0.1773174162321125,4874.1032289975665,1.0,6744.730374028048,20971520.0,1310720.0,False,0.12371104002756127,1.1394207864250092,0.2922529491657183,0.27,5,5.0,6.0,0.05,2,4,2912.5569626315937,0.4406031128776834,0.4024424954104623,,,,,,2.220446049250313e-16,2,0.9566355184455129,-6.744730374028047,delay_only,2097152.0,20971520.0,0.0,0.0,2,,0,6744.730374028048,0.171875,3.551506370306015,6679.326647144815,4009.8398379831224,2228224.0,22282240.0,10,2
20971520.0,1310720.0,1325.6688961346322,2,1.0,0.0,0.0,0.0,0.0,1.3228756555322954,0.0,0.524,100000000.0,0.0,0.0,0.0,0.0,,-0.9723448696087954,0.0,4,0.0,0.0,0.0,0.0,65.4560080729425,0.03305962081097921,282230.56137741904,1.7952843283350275,1.7952843283350275,1427.9884105162362,2228224.0,22282240.0,112,0.07165290252223701,1427.9884105162362,1.0,6744.730374028048,20971520.0,1310720.0,False,0.12599757884637464,1.1604805872200168,0.3319259065327954,0.47,5,5.0,6.0,0.03,2,4,626.4229185449855,0.12764959994719166,0.5613249281774454,,,,,,0.0,2,0.9723448696087954,-1.7952843283350275,delay_only,2097152.0,20971520.0,0.0,0.0,3,,0,1795.2843283350276,0.1578125,3.5473146736621857,1731.8157319026695,1325.6688961346322,2228224.0,22282240.0,10,2
20971520.0,1310720.0,787.843489181969,7,1.0,0.0,0.0,0.0,0.0,0.5019960159204453,0.0,0.268,100000000.0,0.0,0.0,0.0,0.0,,-0.9878044218151566,0.0,4,0.0,0.0,0.0,0.0,67.62512912973762,0.025430985027168923,288052.4076968412,1.3096963302531273,1.3096963302531273,829.0553611592075,2228224.0,22282240.0,113,0.04970943305838451,829.0553611592075,1.0,5821.846319422207,20971520.0,1310720.0,False,0.13265526632524594,1.2218001549906654,0.339973862266287,0.2,5,5.0,6.0,0.05,2,4,567.733636525217,0.15770549515146565,0.31520419127210436,,,,,,0.0,2,0.9878044218151566,-1.3096963302531273,delay_only,2097152.0,20971520.0,0.0,0.0,1,,0,1309.6963302531274,0.1546875,3.3834434151649475,1243.5830417388113,787.8434891819691,2228224.0,22282240.0,10,2
20971520.0,1310720.0,3614.878008315833,2,1.0000000000000002,0.0,0.0,0.0,0.0,0.7307530362578042,0.0,0.3099999999999999,20000000.0,0.0,0.0,-2.220446049250313e-16,2.220446049250313e-16,,-0.9939209163101398,0.0,4,0.0,0.0,0.0,0.0,67.62721762061119,0.09590967346564994,288052.4076968412,5.821846319422207,5.821846319422207,4333.805750104091,2228224.0,22282240.0,113,0.1658883169304461,4333.80575010409,1.0,5821.846319422207,20971520.0,1310720.0,False,0.11999470050852673,1.1051920345168749,0.27513857320631396,0.31,5,5.0,6.0,0.05,2,4,2559.1955667893967,0.4051186838370401,0.4094807856286753,,,,,,2.220446049250313e-16,2,0.9939209163101398,-5.821846319422207,delay_only,2097152.0,20971520.0,0.0,0.0,2,,0,5821.846319422207,0.175,3.4616928696632385,5754.219101801596,3614.8780083158335,2228224.0,22282240.0,10,2
20971520.0,1310720.0,697.386196816613,2,1.0,0.0,0.0,0.0,0.0,0.3,0.0,0.16,100000000.0,0.0,0.0,0.0,0.0,,-0.9847319278346618,0.0,4,0.0,0.0,0.0,0.0,67.67746433615685,0.024535585417841038,288052.4076968412,1.2539549310779834,1.2539549310779834,746.4765870942355,2228224.0,22282240.0,113,0.0657627996997381,746.4765870942354,1.0,5821.846319422207,20971520.0,1310720.0,False,0.12929894861776647,1.1908873265082887,0.34712927623980105,0.17,5,5.0,6.0,0.06,2,4,571.4900168522322,0.28053804477527167,0.23441668937422788,,,,,,0.0,2,0.9847319278346618,-1.2539549310779834,delay_only,2097152.0,20971520.0,0.0,0.0,3,,0,1253.9549310779835,0.14375,3.5295283794403076,1186.2774667418266,697.3861968166132,2228224.0,22282240.0,10,2
20971520.0,1310720.0,901.215140655645,7,1.0,0.0,0.0,0.0,0.0,1.172177460967408,0.0,0.4019999999999999,100000000.0,0.0,0.0,0.0,0.0,,-0.9629500128629352,0.0,4,0.0,0.0,0.0,0.0,67.55005102604628,0.027322755662682982,294211.86452540517,1.4322064134377572,1.4322064134377572,1115.4664444192892,2228224.0,22282240.0,114,0.1920732845309238,1115.466444419289,1.0,6159.456828563913,20971520.0,1310720.0,False,0.13270155109655515,1.2222264534884624,0.3401870115645896,0.45,5,5.0,6.0,0.05,2,4,554.9617311894814,0.3822471046301455,0.5024846027722564,,,,,,0.0,2,0.9629500128629352,-1.4322064134377572,delay_only,2097152.0,20971520.0,0.0,0.0,1,,0,1432.2064134377572,0.18125,3.407953917980194,1364.656362411711,901.2151406556451,2228224.0,22282240.0,10,2
20971520.0,1310720.0,3942.217627689421,2,1.0,0.0,0.0,0.0,0.0,0.4404543109109048,0.0,0.22799999999999995,20000000.0,0.0,0.0,0.0,0.0,,-0.9847319278346618,0.0,4,0.0,0.0,0.0,0.0,67.64355394989252,0.1012101157156208,294211.86452540517,6.159456828563913,6.159456828563913,4062.298270533154,2228224.0,22282240.0,114,0.029559779919354167,4062.298270533154,1.0,6159.456828563913,20971520.0,1310720.0,False,0.13085937274979703,1.2052593638889357,0.32517223778998916,0.2,5,5.0,6.0,0.05,2,4,2839.361186949078,0.09819036846262877,0.3010456155952263,,,,,,0.0,2,0.9847319278346618,-6.159456828563913,delay_only,2097152.0,20971520.0,0.0,0.0,2,,0,6159.456828563913,0.18125,3.395992785692215,6093.447405799731,3942.217627689422,2228224.0,22282240.0,10,2
20971520.0,1310720.0,655.9459245874864,2,1.0,0.0,0.0,0.0,0.0,0.5692099788303082,0.0,0.252,100000000.0,0.0,0.0,0.0,0.0,,-0.9847319278346618,0.0,4,0.0,0.0,0.0,0.0,67.69391754642129,0.022409565904701535,294211.86452540517,1.1179061354473192,1.1179061354473192,750.4217372664541,2228224.0,22282240.0,114,0.1258969563210054,750.4217372664541,1.0,6159.456828563913,20971520.0,1310720.0,False,0.13347408917860173,1.229341792174425,0.36635650902158295,0.26,5,5.0,6.0,0.06,2,4,484.00586313125024,0.35461780566056683,0.3550215311001938,,,,,,0.0,2,0.9847319278346618,-1.1179061354473192,delay_only,2097152.0,20971520.0,0.0,0.0,3,,0,1117.9061354473192,0.15625,3.3798784017562866,1050.212217900898,655.9459245874865,2228224.0,22282240.0,10,2
20971520.0,1310720.0,643.4190290700175,7,1.0,0.0,0.0,0.0,0.0,0.22360679774997896,0.0,0.12399999999999997,100000000.0,0.0,0.0,0.0,0.0,,-0.9847319278346618,0.0,4,0.0,0.0,0.0,0.0,67.66308471560478,0.022348367573825863,300021.62746755884,1.1123000682900688,1.1123000682900688,586.7362018962026,2228224.0,22282240.0,115,-0.09660700497195941,586.7362018962025,1.0,5809.762942153663,20971520.0,1310720.0,False,0.12844908809793276,1.1830598218519155,0.3206036956938281,0.13,5,5.0,6.0,0.06,2,4,503.28361333718954,-0.6792219169299,0.14223187232918733,,,,,,0.0,2,0.9847319278346618,-1.1123000682900688,delay_only,2097152.0,20971520.0,0.0,0.0,1,,0,1112.3000682900688,0.19375,3.4209013879299164,1046.295524724855,643.4190290700175,2228224.0,22282240.0,10,2
20971520.0,1310720.0,3711.517753309211,2,0.9999999999999999,0.0,0.0,0.0,0.0,0.2720294101747089,0.0,0.15,20000000.0,0.0,0.0,1.1102230246251565e-16,0.0,,-0.9847319278346618,0.0,4,0.0,0.0,0.0,0.0,67.67634069547057,0.0957432725471398,300021.62746755884,5.809762942153663,5.809762942153663,3446.141665810168,2228224.0,22282240.0,115,-0.07700672614010343,3446.141665810168,1.0,5809.762942153663,20971520.0,1310720.0,False,0.12273549267653867,1.1304356632731114,0.28776038747815513,0.15,5,5.0,6.0,0.05,2,4,2741.238285913021,-0.37647157761928285,0.20454857874550778,,,,,,0.0,2,0.9847319278346618,-5.809762942153663,delay_only,2097152.0,20971520.0,0.0,0.0,2,,0,5809.762942153663,0.1859375,3.308503657579422,5743.569443016947,3711.5177533092105,2228224.0,22282240.0,10,2
20971520.0,1310720.0,629.3695674200808,2,1.0,0.0,0.0,0.0,0.0,0.32249030993194194,0.0,0.18000000000000002,100000000.0,0.0,0.0,0.0,0.0,,-0.9908673886137245,0.0,4,0.0,0.0,0.0,0.0,67.5764624029398,0.021784811310182874,300021.62746755884,1.0778043862546438,1.0778043862546438,608.9149287675967,2228224.0,22282240.0,115,-0.03359194804746029,608.9149287675966,1.0,5809.762942153663,20971520.0,1310720.0,False,0.13204215821100446,1.216153220573681,0.35976222320837825,0.16,5,5.0,6.0,0.06,2,4,482.6861679631302,-0.16204420072038228,0.20730114313331932,,,,,,0.0,2,0.9908673886137245,-1.0778043862546438,delay_only,2097152.0,20971520.0,0.0,0.0,3,,0,1077.8043862546438,0.1765625,3.3312782645225525,1010.227923851704,629.3695674200807,2228224.0,22282240.0,10,2
20971520.0,1310720.0,808.2508389456171,7,1.0,0.0,0.0,0.0,0.0,0.7389181280764465,0.0,0.32,100000000.0,0.0,0.0,0.0,0.0,,-0.9908673886137245,0.0,4,0.0,0.0,0.0,0.0,66.77386444061995,0.026587632728889518,311458.72965297196,1.3838753708286542,1.3838753708286542,989.4847266920684,2228224.0,22282240.0,116,0.18315986377306856,989.4847266920683,1.0,11437.102185413121,20971520.0,1310720.0,False,0.11867107540884063,1.093000996823875,0.2755742830818477,0.31,5,5.0,6.0,0.05,2,4,579.0429670206059,0.44155811019697333,0.41480353218144567,,,,,,0.0,2,0.9908673886137245,-1.3838753708286542,delay_only,2097152.0,20971520.0,0.0,0.0,1,,0,1383.8753708286542,0.21875,3.1931413412094116,1317.6084946489293,808.2508389456171,2228224.0,22282240.0,10,2
20971520.0,1310720.0,8639.110183766816,2,1.0,0.0,0.0,0.0,0.0,2.000999750124922,0.0,0.622,20000000.0,0.0,0.0,0.0,0.0,,-0.812776759390954,0.0,4,0.0,0.0,0.0,0.0,64.66932641342282,0.18371709077845838,311458.72965297196,11.43710218541312,11.43710218541312,9952.157083593669,2228224.0,22282240.0,116,0.13193590985329576,9952.157083593669,1.0,11437.102185413121,20971520.0,1310720.0,False,0.11963406063067906,1.10187041849019,0.27347776516166666,0.7,5,5.0,6.0,0.03,2,4,3203.50936785084,0.19456444537234596,0.6781090430001462,,,,,,0.0,2,0.812776759390954,-11.43710218541312,delay_only,2097152.0,20971520.0,0.0,0.0,2,,0,11437.102185413121,0.184375,3.360799491405487,11373.893809821337,8639.110183766816,2228224.0,22282240.0,10,2
20971520.0,1310720.0,525.4039263944555,2,1.0,0.0,0.0,0.0,0.0,0.23664319132398462,0.0,0.12999999999999998,100000000.0,0.0,0.0,0.0,0.0,,-0.9847319278346618,0.0,4,0.0,0.0,0.0,0.0,67.61870440095663,0.02081164395278646,311458.72965297196,1.01556391737929,1.01556391737929,553.4109641212897,2228224.0,22282240.0,116,0.050608028287448016,553.4109641212897,1.0,11437.102185413121,20971520.0,1310720.0,False,0.12016933932877262,1.1068005174934998,0.3050858716503531,0.15,5,5.0,6.0,0.07,2,4,452.61667459827737,0.27786333788721074,0.1821328019459359,,,,,,0.0,2,0.9847319278346618,-1.01556391737929,delay_only,2097152.0,20971520.0,0.0,0.0,3,,0,1015.56391737929,0.15,3.3695439398288727,947.9452129783334,525.4039263944554,2228224.0,22282240.0,10,2
20971520.0,1310720.0,725.6516247092884,7,1.0000000000000002,0.0,0.0,0.0,0.0,0.5848076606885377,0.0,0.23799999999999993,100000000.0,0.0,0.0,-2.220446049250313e-16,2.220446049250313e-16,,-0.9847319278346618,0.0,4,0.0,0.0,0.0,0.0,66.06189301237464,0.024207282178070222,320242.08876278193,1.2305933922172374,1.2305933922172374,850.3292865866309,2228224.0,22282240.0,117,0.14662280112427994,850.3292865866308,1.0,8783.359109809993,20971520.0,1310720.0,False,0.13529956638339266,1.246155058571833,0.3521513139985969,0.27,5,5.0,6.0,0.06,2,4,531.1984165953427,0.39067878917744936,0.3753026915870847,,,,,,2.220446049250313e-16,2,0.9847319278346618,-1.2305933922172376,delay_only,2097152.0,20971520.0,0.0,0.0,1,,0,1230.5933922172374,0.1734375,3.383542776107788,1165.266059396494,725.6516247092884,2228224.0,22282240.0,10,2
20971520.0,1310720.0,6330.389951087143,2,1.0000000000000002,0.0,0.0,0.0,0.0,1.4778362561528928,0.0,0.514,20000000.0,0.0,0.0,-2.220446049250313e-16,2.220446049250313e-16,,-0.975456381144309,0.0,4,0.0,0.0,0.0,0.0,64.49387362226844,0.1422526135914144,320242.08876278193,8.783359109809993,8.783359109809993,7357.641133936376,2228224.0,22282240.0,117,0.13961691854079963,7357.641133936375,1.0,8783.359109809993,20971520.0,1310720.0,False,0.11700115148443478,1.0776204290847908,0.26135277050397193,0.54,5,5.0,6.0,0.03,2,4,3167.153657601889,0.2451388266044387,0.569542248670744,,,,,,2.220446049250313e-16,2,0.975456381144309,-8.783359109809993,delay_only,2097152.0,20971520.0,0.0,0.0,2,,0,8783.359109809993,0.1796875,3.359629511833191,8720.16726985052,6330.389951087143,2228224.0,22282240.0,10,2
20971520.0,1310720.0,681.6938920056681,2,1.0,0.0,0.0,0.0,0.0,0.3577708763999663,0.0,0.20199999999999999,100000000.0,0.0,0.0,0.0,0.0,,-0.9939209163101398,0.0,4,0.0,0.0,0.0,0.0,70.94508968293667,0.0244636938665573,320242.08876278193,1.2526214971426037,1.2526214971426037,723.2011176146514,2228224.0,22282240.0,117,0.05739375202555997,723.2011176146513,1.0,8783.359109809993,20971520.0,1310720.0,False,0.12160797325782984,1.1200508256507902,0.3117110257598923,0.16,5,5.0,6.0,0.05,2,4,553.1491608432978,0.24408555124591977,0.23513785118618072,,,,,,0.0,2,0.9939209163101398,-1.2526214971426037,delay_only,2097152.0,20971520.0,0.0,0.0,3,,0,1252.6214971426036,0.18125,3.40666800737381,1181.676407459667,681.6938920056681,2228224.0,22282240.0,10,2
20971520.0,1310720.0,1077.5466944867069,7,1.0,0.0,0.0,0.0,0.0,1.2304470732217616,0.0,0.44600000000000006,100000000.0,0.0,0.0,0.0,0.0,,-0.8876253645985945,0.0,4,0.0,0.0,0.0,0.0,75.88663324713707,0.03151917667633397,326193.33844738826,1.705788198328769,1.705788198328769,1341.5795738415575,2228224.0,22282240.0,118,0.19680746822851763,1341.5795738415575,1.0,5951.249684606351,20971520.0,1310720.0,False,0.13580601296111774,1.2508196039329036,0.35448358683372605,0.46,5,5.0,6.0,0.04,2,4,624.5728473712174,0.36824323902039796,0.5344496446209456,,,,,,0.0,2,0.8876253645985945,-1.705788198328769,delay_only,2097152.0,20971520.0,0.0,0.0,1,,0,1705.788198328769,0.1875,3.34639048576355,1633.2273072853743,1077.546694486707,2228224.0,22282240.0,10,2
20971520.0,1310720.0,3676.779105984983,2,1.0,0.0,0.0,0.0,0.0,0.5796550698475775,0.0,0.258,20000000.0,0.0,0.0,0.0,0.0,,-0.9847319278346618,0.0,4,0.0,0.0,0.0,0.0,68.4031150303781,0.09791947764962458,326193.33844738826,5.951249684606351,5.951249684606351,4225.322448454802,2228224.0,22282240.0,118,0.1298228358099441,4225.322448454802,1.0,5951.249684606351,20971520.0,1310720.0,False,0.11913746033844022,1.0972965607698473,0.27119083645303377,0.26,5,5.0,6.0,0.06,2,4,2712.0765675339794,0.36249452213015493,0.3581373727996109,,,,,,0.0,2,0.9847319278346618,-5.951249684606351,delay_only,2097152.0,20971520.0,0.0,0.0,2,,0,5951.249684606351,0.1765625,3.438862979412079,5882.846569575973,3676.7791059849833,2228224.0,22282240.0,10,2
20971520.0,1310720.0,852.1370722031213,2,1.0,0.0,0.0,0.0,0.0,0.6403124237432848,0.0,0.312,100000000.0,0.0,0.0,0.0,0.0,,-0.9908673886137245,0.0,4,0.0,0.0,0.0,0.0,67.64085590839386,0.026138639645486822,326193.33844738826,1.3550174619189639,1.3550174619189639,930.8526769469463,2228224.0,22282240.0,118,0.08456290312447742,930.8526769469464,1.0,5951.249684606351,20971520.0,1310720.0,False,0.12711757012785652,1.1707960881361106,0.3370836570881554,0.26,5,5.0,6.0,0.05,2,4,577.3263066012872,0.22265836821977722,0.379787671133064,,,,,,0.0,2,0.9908673886137245,-1.3550174619189639,delay_only,2097152.0,20971520.0,0.0,0.0,3,,0,1355.0174619189638,0.1765625,3.37718003988266,1288.8729373111564,852.1370722031213,2228224.0,22282240.0,10,2
20971520.0,1310720.0,707.8976838424331,7,1.0,0.0,0.0,0.0,0.0,0.3492849839314595,0.0,0.18799999999999997,100000000.0,0.0,0.0,0.0,0.0,,-0.9878044218151566,0.0,4,0.0,0.0,0.0,0.0,67.69488239660859,0.024266873440584834,331069.20761669724,1.2367747825940378,1.2367747825940378,748.2839741213307,2228224.0,22282240.0,119,0.05397187655438023,748.2839741213306,1.0,4875.869169308973,20971520.0,1310720.0,False,0.14122292051773822,1.300711166292908,0.3794293679108032,0.18,5,5.0,6.0,0.06,2,4,552.6752732271281,0.20646469249208368,0.26140971564157217,,,,,,0.0,2,0.9878044218151566,-1.2367747825940378,delay_only,2097152.0,20971520.0,0.0,0.0,1,,0,1236.7747825940378,0.215625,3.259091794490814,1169.0799001974292,707.897683842433,2228224.0,22282240.0,10,2
20971520.0,1310720.0,2612.3986663116943,2,1.0,0.0,0.0,0.0,0.0,0.23664319132398465,0.0,0.13,20000000.0,0.0,0.0,0.0,0.0,,-0.9816498172140428,0.0,4,0.0,0.0,0.0,0.0,67.62672821059823,0.08115264953601846,331069.20761669724,4.875869169308973,4.875869169308973,2756.073388583725,2228224.0,22282240.0,119,0.05213022369693167,2756.0733885837244,1.0,4875.869169308973,20971520.0,1310720.0,False,0.11754102354489152,1.0825928345189175,0.26383897319935806,0.14,5,5.0,6.0,0.07,2,4,2313.3799909593304,0.32454679252734586,0.16062467692555998,,,,,,0.0,2,0.9816498172140428,-4.875869169308973,delay_only,2097152.0,20971520.0,0.0,0.0,2,,0,4875.869169308973,0.196875,3.4511497020721436,4809.769570305181,2612.398666311694,2228224.0,22282240.0,10,2
20971520.0,1310720.0,981.254532805361,2,1.0,0.0,0.0,0.0,0.0,0.7496665925596525,0.0,0.338,100000000.0,0.0,0.0,0.0,0.0,,-0.9692233691951198,0.0,4,0.0,0.0,0.0,0.0,67.69094243645668,0.027464942905117272,331069.20761669724,1.441447288363962,1.441447288363962,1030.3028200741596,2228224.0,22282240.0,119,0.047605700298158825,1030.3028200741594,1.0,4875.869169308973,20971520.0,1310720.0,False,0.11964823008572624,1.1020009239940598,0.30268607492317257,0.3,5,5.0,6.0,0.04,2,4,597.6746741617824,0.11337285318170759,0.41990387435922694,,,,,,0.0,2,0.9692233691951198,-1.441447288363962,delay_only,2097152.0,20971520.0,0.0,0.0,3,,0,1441.447288363962,0.159375,3.2813901007175446,1373.7563459275052,981.2545328053609,2228224.0,22282240.0,10,2
20971520.0,1310720.0,2094.1331838232672,7,1.0,0.0,0.0,0.0,0.0,1.485260919838666,0.0,0.622,100000000.0,0.0,0.0,0.0,0.0,,-0.9629500128629352,0.0,4,0.0,0.0,0.0,0.0,67.64742126688361,0.04665630662191179,337159.78737839224,2.6681895359197165,2.6681895359197165,2137.3601195519336,2228224.0,22282240.0,120,0.02022445133753532,2137.3601195519336,1.0,6090.57976169502,20971520.0,1310720.0,False,0.13038876079898917,1.2009248676388755,0.3295362185439865,0.46,5,5.0,6.0,0.02,2,4,801.2448854400737,0.03235270029489671,0.6251240592960802,,,,,,0.0,2,0.9629500128629352,-2.6681895359197165,delay_only,2097152.0,20971520.0,0.0,0.0,1,0.14140625,0,2668.1895359197165,0.153125,3.4008098244667053,2602.0036238023545,2094.1331838232672,2228224.0,22282240.0,10,2
20971520.0,1310720.0,3672.5686324526027,2,1.0,0.0,0.0,0.0,0.0,0.21908902300206648,0.0,0.12400000000000001,20000000.0,0.0,0.0,0.0,0.0,,-0.9908673886137245,0.0,4,0.0,0.0,0.0,0.0,67.61328363791108,0.10010885121964233,337159.78737839224,6.09057976169502,6.09057976169502,3360.9097056049122,2228224.0,22282240.0,120,-0.09273052659758878,3360.9097056049122,1.0,6090.57976169502,20971520.0,1310720.0,False,0.12492503357688226,1.150602080223639,0.29784359605582156,0.13,5,5.0,6.0,0.06,2,4,2924.9028957331066,-0.714802887916646,0.12972880799049344,,,,,,0.0,2,0.9908673886137245,-6.09057976169502,delay_only,2097152.0,20971520.0,0.0,0.0,2,0.14140625,0,6090.57976169502,0.190625,3.3840277194976807,6022.966478057109,3672.568632452603,2228224.0,22282240.0,10,2
20971520.0,1310720.0,744.5980542505196,2,1.0,0.0,0.0,0.0,0.0,0.3847076812334269,0.0,0.20400000000000001,100000000.0,0.0,0.0,0.0,0.0,,-0.9939209163101398,0.0,4,0.0,0.0,0.0,0.0,66.33025221526623,0.02518979456722191,337159.78737839224,1.2935671977054564,1.2935671977054564,804.647937715236,2228224.0,22282240.0,120,0.07462876700489088,804.6479377152359,1.0,6090.57976169502,20971520.0,1310720.0,False,0.12245562443254125,1.127857981486588,0.3156146036721921,0.19,5,5.0,6.0,0.06,2,4,575.8308896389433,0.2624362300342863,0.28436914748829045,,,,,,0.0,2,0.9939209163101398,-1.2935671977054564,delay_only,2097152.0,20971520.0,0.0,0.0,3,0.14140625,0,1293.5671977054565,0.190625,3.3114563524723053,1228.1468523022024,744.5980542505196,2228224.0,22282240.0,10,2
20971520.0,1310720.0,552.1055964194774,7,1.0,0.0,0.0,0.0,0.0,0.19999999999999998,0.0,0.10999999999999999,100000000.0,0.0,0.0,0.0,0.0,,-0.9816498172140428,0.0,4,0.0,0.0,0.0,0.0,67.50318827107549,0.022054476383247507,342695.0188801238,1.0948366837829708,1.0948366837829708,597.6196609364134,2228224.0,22282240.0,121,0.07615891425931309,597.6196609364134,1.0,5535.2315017315805,20971520.0,1310720.0,False,0.12339848023730353,1.136542004370142,0.29734478685684684,0.14,5,5.0,6.0,0.07,2,4,493.83692980808036,0.43855142394215313,0.1736601686860759,,,,,,0.0,2,0.9816498172140428,-1.0948366837829708,delay_only,2097152.0,20971520.0,0.0,0.0,1,,0,1094.8366837829708,0.1609375,3.481806457042694,1027.4864885278403,552.1055964194774,2228224.0,22282240.0,10,2
20971520.0,1310720.0,3418.8096754552835,2,1.0,0.0,0.0,0.0,0.0,0.589915248150105,0.0,0.24800000000000003,20000000.0,0.0,0.0,0.0,0.0,,-0.9878044218151566,0.0,4,0.0,0.0,0.0,0.0,66.71003438532352,0.09147024188638209,342695.0188801238,5.53523150173158,5.53523150173158,3969.34052871757,2228224.0,22282240.0,121,0.13869579827663575,3969.34052871757,1.0,5535.2315017315805,20971520.0,1310720.0,False,0.1197342097672508,1.1027928261259752,0.27393896906985415,0.27,5,5.0,6.0,0.06,2,4,2500.9922285564676,0.37493206019435876,0.3699224819684347,,,,,,0.0,2,0.9878044218151566,-5.53523150173158,delay_only,2097152.0,20971520.0,0.0,0.0,2,,0,5535.2315017315805,0.1875,3.5046234726905823,5470.095480728453,3418.8096754552835,2228224.0,22282240.0,10,2
20971520.0,1310720.0,682.3095907033616,2,1.0,0.0,0.0,0.0,0.0,0.5,0.0,0.21799999999999994,100000000.0,0.0,0.0,0.0,0.0,,-0.9816498172140428,0.0,4,0.0,0.0,0.0,0.0,66.95289770141244,0.024003027217609732,342695.0188801238,1.2151071867515395,1.2151071867515395,813.3132295955455,2228224.0,22282240.0,121,0.1610740291994648,813.3132295955454,1.0,5535.2315017315805,20971520.0,1310720.0,False,0.12313255525181237,1.1340927447403555,0.3187319852999622,0.24,5,5.0,6.0,0.06,2,4,529.4697966299199,0.4615348592829658,0.34899645381002686,,,,,,0.0,2,0.9816498172140428,-1.2151071867515395,delay_only,2097152.0,20971520.0,0.0,0.0,3,,0,1215.1071867515395,0.15,3.4353312849998474,1152.1937419270228,682.3095907033616,2228224.0,22282240.0,10,2
20971520.0,1310720.0,670.3442965267064,7,1.0,0.0,0.0,0.0,0.0,0.41713307229228425,0.0,0.20400000000000001,100000000.0,0.0,0.0,0.0,0.0,,-0.9847319278346618,0.0,4,0.0,0.0,0.0,0.0,67.56235379725695,0.02195640707104384,348167.68643910176,1.0887724063440627,1.0887724063440627,681.5272162321221,2228224.0,22282240.0,122,0.01640861793787369,681.527216232122,1.0,5472.667558977952,20971520.0,1310720.0,False,0.1328057697522761,1.223186342780762,0.34066695618496823,0.21,5,5.0,6.0,0.05,2,4,481.57048773302057,0.05592669868804026,0.29339507467446163,,,,,,0.0,2,0.9847319278346618,-1.0887724063440627,delay_only,2097152.0,20971520.0,0.0,0.0,1,,0,1088.7724063440628,0.18125,3.390363395214081,1021.2100525468057,670.3442965267064,2228224.0,22282240.0,10,2
20971520.0,1310720.0,3185.309207027813,2,1.0,0.0,0.0,0.0,0.0,0.7155417527999326,0.0,0.27599999999999997,20000000.0,0.0,0.0,0.0,0.0,,-0.9629500128629352,0.0,4,0.0,0.0,0.0,0.0,67.67733348533511,0.09047580195821667,348167.68643910176,5.472667558977951,5.472667558977951,4087.8046606122407,2228224.0,22282240.0,122,0.22077753917166357,4087.8046606122407,1.0,5472.667558977952,20971520.0,1310720.0,False,0.11563116514259232,1.0650023885714632,0.2550437503064097,0.31,5,5.0,6.0,0.06,2,4,2397.077653465954,0.5337913511582898,0.41360269081279,,,,,,0.0,2,0.9629500128629352,-5.472667558977951,delay_only,2097152.0,20971520.0,0.0,0.0,2,,0,5472.667558977952,0.1984375,3.357552260160446,5406.4513253258665,3185.3092070278126,2228224.0,22282240.0,10,2
20971520.0,1310720.0,924.1734783069076,2,1.0,0.0,0.0,0.0,0.0,1.0761040841851681,0.0,0.38799999999999985,100000000.0,0.0,0.0,0.0,0.0,,-0.9847319278346618,0.0,4,0.0,0.0,0.0,0.0,67.64212530106306,0.02674372762112523,348167.68643910176,1.3937621881978919,1.3937621881978919,1069.2984839816497,2228224.0,22282240.0,122,0.13571982739034041,1069.2984839816497,1.0,5472.667558977952,20971520.0,1310720.0,False,0.12811508783339157,1.179983565731161,0.3416773958824693,0.42,5,5.0,6.0,0.04,2,4,553.3345324007151,0.2812696608553238,0.48252565519375507,,,,,,0.0,2,0.9847319278346618,-1.3937621881978919,delay_only,2097152.0,20971520.0,0.0,0.0,3,,0,1393.7621881978919,0.1828125,3.3278809189796448,1327.5985677520146,924.1734783069077,2228224.0,22282240.0,10,2
20971520.0,1310720.0,642.9244930624865,7,1.0,0.0,0.0,0.0,0.0,0.47116875957558985,0.0,0.23399999999999993,100000000.0,0.0,0.0,0.0,0.0,,-0.9908673886137245,0.0,4,0.0,0.0,0.0,0.0,64.48945868760347,0.022073112326562158,353868.6538592338,1.0917750318537496,1.0917750318537496,704.382718930937,2228224.0,22282240.0,123,0.08725118350678397,704.382718930937,1.0,5700.967420132009,20971520.0,1310720.0,False,0.12527434545250982,1.153819361494142,0.30598346549286076,0.22,5,5.0,6.0,0.06,2,4,480.493248882641,0.2745025295526102,0.3178520199758732,,,,,,0.0,2,0.9908673886137245,-1.0917750318537496,delay_only,2097152.0,20971520.0,0.0,0.0,1,,0,1091.7750318537496,0.1765625,3.3419711887836456,1028.6791888999783,642.9244930624865,2228224.0,22282240.0,10,2
20971520.0,1310720.0,3427.758531254553,2,1.0,0.0,0.0,0.0,0.0,0.5865151319446071,0.0,0.25199999999999995,20000000.0,0.0,0.0,0.0,0.0,,-0.9341987329938275,0.0,4,0.0,0.0,0.0,0.0,67.57240276783705,0.0940323410275322,353868.6538592338,5.700967420132009,5.700967420132009,4069.050429717044,2228224.0,22282240.0,123,0.15760234716655636,4069.050429717044,1.0,5700.967420132009,20971520.0,1310720.0,False,0.11873932543935707,1.0936296028353292,0.26935735735098876,0.26,5,5.0,6.0,0.06,2,4,2575.393648280035,0.4293435456072582,0.3670774809101778,,,,,,0.0,2,0.9341987329938275,-5.700967420132009,delay_only,2097152.0,20971520.0,0.0,0.0,2,,0,5700.967420132009,0.2203125,3.3069609105587006,5634.069825762061,3427.7585312545525,2228224.0,22282240.0,10,2
20971520.0,1310720.0,1506.4151081924012,2,1.0,0.0,0.0,0.0,0.0,1.8022208521710095,0.0,0.5799999999999998,100000000.0,0.0,0.0,0.0,0.0,,-0.9566355184455129,0.0,4,0.0,0.0,0.0,0.0,67.56491120904684,0.03663319351003512,353868.6538592338,2.026731114147459,2.026731114147459,1695.5886569878899,2228224.0,22282240.0,123,0.11156806694587339,1695.5886569878896,1.0,5700.967420132009,20971520.0,1310720.0,False,0.13100066965514404,1.2065607564806884,0.35496599115656513,0.64,5,5.0,6.0,0.03,2,4,625.4583573472671,0.17677618217054292,0.6311261255672966,,,,,,0.0,2,0.9566355184455129,-2.026731114147459,delay_only,2097152.0,20971520.0,0.0,0.0,3,,0,2026.7311141474588,0.1875,3.3434718549251556,1960.5243846422477,1506.415108192401,2228224.0,22282240.0,10,2
20971520.0,1310720.0,655.0056835103834,7,1.0,0.0,0.0,0.0,0.0,0.4024922359499622,0.0,0.21799999999999994,100000000.0,0.0,0.0,0.0,0.0,,-0.9847319278346618,0.0,4,0.0,0.0,0.0,0.0,66.93382374942303,0.023225306676703958,359651.0691186894,1.1684848009051967,1.1684848009051967,693.9553257384631,2228224.0,22282240.0,124,0.05612701680274879,693.9553257384631,1.0,5782.41525945561,20971520.0,1310720.0,False,0.13647028863796473,1.2569378090174892,0.3575426892943322,0.17,5,5.0,6.0,0.06,2,4,513.0455071512512,0.2152986638992351,0.2606937534411155,,,,,,0.0,2,0.9847319278346618,-1.1684848009051967,delay_only,2097152.0,20971520.0,0.0,0.0,1,,0,1168.4848009051966,0.1890625,3.245916783809662,1102.4196273090529,655.0056835103834,2228224.0,22282240.0,10,2
20971520.0,1310720.0,3709.8155085861613,2,1.0,0.0,0.0,0.0,0.0,0.4381780460041329,0.0,0.20400000000000001,20000000.0,0.0,0.0,0.0,0.0,,-0.9816498172140428,0.0,4,0.0,0.0,0.0,0.0,65.19034877419472,0.0953543886386513,359651.0691186894,5.78241525945561,5.78241525945561,3877.191185300063,2228224.0,22282240.0,124,0.04316931219396335,3877.191185300063,1.0,5782.41525945561,20971520.0,1310720.0,False,0.11776803318915377,1.084683670610294,0.2648843913294921,0.22,5,5.0,6.0,0.05,2,4,2683.972019312299,0.1402723669589612,0.3077535022032756,,,,,,0.0,2,0.9816498172140428,-5.78241525945561,delay_only,2097152.0,20971520.0,0.0,0.0,2,,0,5782.41525945561,0.203125,3.223567634820938,5718.680872873682,3709.8155085861617,2228224.0,22282240.0,10,2
20971520.0,1310720.0,821.0713786302059,2,1.0,0.0,0.0,0.0,0.0,0.5310367218940701,0.0,0.26799999999999996,100000000.0,0.0,0.0,0.0,0.0,,-0.9939209163101398,0.0,4,0.0,0.0,0.0,0.0,67.64915585517883,0.025537897898832117,359651.0691186894,1.3163362882371406,1.3163362882371406,867.5207799872546,2228224.0,22282240.0,124,0.05354269595447717,867.5207799872544,1.0,5782.41525945561,20971520.0,1310720.0,False,0.1262711329421599,1.1630001135523473,0.33318566973929353,0.23,5,5.0,6.0,0.05,2,4,571.9418587842999,0.15714720511194613,0.3407168197253985,,,,,,0.0,2,0.9939209163101398,-1.3163362882371406,delay_only,2097152.0,20971520.0,0.0,0.0,3,,0,1316.3362882371405,0.1609375,3.3658459186553955,1250.4254655252555,821.071378630206,2228224.0,22282240.0,10,2
20971520.0,1310720.0,692.7224617137983,7,0.9999999999999999,0.0,0.0,0.0,0.0,0.4919349550499537,0.0,0.23600000000000004,100000000.0,0.0,0.0,1.1102230246251565e-16,0.0,,-0.9847319278346618,0.0,4,0.0,0.0,0.0,0.0,67.55725108087063,0.022291332672338335,364893.1164445107,1.1086652549683964,1.1086652549683964,723.828603274248,2228224.0,22282240.0,125,0.042974457516241446,723.8286032742479,1.0,5242.047325821294,20971520.0,1310720.0,False,0.12856164457402627,1.184096505307807,0.3211220374582178,0.23,5,5.0,6.0,0.05,2,4,488.6263697637169,0.13225274733225184,0.3249418887932733,,,,,,0.0,2,0.9847319278346618,-1.1086652549683964,delay_only,2097152.0,20971520.0,0.0,0.0,1,,0,1108.6652549683963,0.2015625,3.2713797986507416,1042.6452910296534,692.7224617137983,2228224.0,22282240.0,10,2
20971520.0,1310720.0,3197.0227575693484,2,1.0000000000000002,0.0,0.0,0.0,0.0,0.6480740698407859,0.0,0.256,20000000.0,0.0,0.0,-2.220446049250313e-16,2.220446049250313e-16,,-0.9878044218151566,0.0,4,0.0,0.0,0.0,0.0,66.9594556093216,0.08687120353042961,364893.1164445107,5.242047325821294,5.242047325821294,3830.824714153587,2228224.0,22282240.0,125,0.16544791366792563,3830.824714153587,1.0,5242.047325821294,20971520.0,1310720.0,False,0.12573621557469877,1.1580733425271488,0.3015792270824108,0.29,5,5.0,6.0,0.06,2,4,2370.334202917271,0.43396513137748516,0.3812470212589742,,,,,,2.220446049250313e-16,2,0.9878044218151566,-5.242047325821294,delay_only,2097152.0,20971520.0,0.0,0.0,2,,0,5242.047325821294,0.2015625,3.2431937158107758,5175.757025947495,3197.0227575693484,2228224.0,22282240.0,10,2
20971520.0,1310720.0,1096.4887290976817,2,1.0,0.0,0.0,0.0,0.0,1.5368799562750504,0.0,0.506,100000000.0,0.0,0.0,0.0,0.0,,-0.9341987329938275,0.0,4,0.0,0.0,0.0,0.0,65.2140979655087,0.030364993436860374,364893.1164445107,1.6230580812852076,1.6230580812852076,1319.8862505814075,2228224.0,22282240.0,125,0.16925513193680108,1319.8862505814075,1.0,5242.047325821294,20971520.0,1310720.0,False,0.12213560167792477,1.1249104629897926,0.3141408444167039,0.56,5,5.0,6.0,0.04,2,4,564.2248867152193,0.29563178980166155,0.5725200664324829,,,,,,0.0,2,0.9341987329938275,-1.6230580812852076,delay_only,2097152.0,20971520.0,0.0,0.0,3,,0,1623.0580812852077,0.2046875,3.2894760966300964,1559.359579959064,1096.4887290976817,2228224.0,22282240.0,10,2
20971520.0,1310720.0,704.4033080518566,7,1.0000000000000002,0.0,0.0,0.0,0.0,0.6870225614927066,0.0,0.27799999999999997,100000000.0,0.0,0.0,-2.220446049250313e-16,2.220446049250313e-16,,-0.9847319278346618,0.0,4,0.0,0.0,0.0,0.0,67.64571834355593,0.02364410747549408,370291.8809665059,1.1954062727184027,1.1954062727184027,846.9171588237158,2228224.0,22282240.0,126,0.16827366087351087,846.9171588237159,1.0,5398.7645219951955,20971520.0,1310720.0,False,0.13543979932630482,1.2474466517074179,0.35279711076207954,0.3,5,5.0,6.0,0.06,2,4,508.4951065842588,0.42111277864073954,0.39959286302510605,,,,,,2.220446049250313e-16,2,0.9847319278346618,-1.195406272718403,delay_only,2097152.0,20971520.0,0.0,0.0,1,,0,1195.4062727184028,0.2015625,3.2951445281505585,1129.2228784316212,704.4033080518565,2228224.0,22282240.0,10,2
20971520.0,1310720.0,3147.135258073239,2,1.0,0.0,0.0,0.0,0.0,0.30659419433511786,0.0,0.172,20000000.0,0.0,0.0,0.0,0.0,,-0.9939209163101398,0.0,4,0.0,0.0,0.0,0.0,69.82806650921702,0.08926463211696842,370291.8809665059,5.398764521995195,5.398764521995195,3148.0791222731377,2228224.0,22282240.0,126,0.0002998222608894062,3148.0791222731377,1.0,5398.7645219951955,20971520.0,1310720.0,False,0.11922558793825233,1.0981082459602822,0.2715966788709387,0.15,5,5.0,6.0,0.06,2,4,2542.013780159063,0.0015573637598320438,0.19251909452531563,,,,,,0.0,2,0.9939209163101398,-5.398764521995195,delay_only,2097152.0,20971520.0,0.0,0.0,2,,0,5398.7645219951955,0.221875,3.184600055217743,5328.9364554859785,3147.135258073239,2228224.0,22282240.0,10,2
20971520.0,1310720.0,726.8818844654558,2,1.0000000000000002,0.0,0.0,0.0,0.0,0.6870225614927066,0.0,0.27199999999999985,100000000.0,0.0,0.0,-2.220446049250313e-16,2.220446049250313e-16,,-0.9816498172140428,0.0,4,0.0,0.0,0.0,0.0,66.70155050233006,0.02417204711163639,370291.8809665059,1.2289869400985474,1.2289869400985474,865.0455366459854,2228224.0,22282240.0,126,0.15971835738986334,865.0455366459854,1.0,5398.7645219951955,20971520.0,1310720.0,False,0.12927769317135085,1.1906915566120424,0.34703139118349635,0.3,5,5.0,6.0,0.06,2,4,520.3645394123453,0.40084499374613375,0.39845416528020156,,,,,,2.220446049250313e-16,2,0.9816498172140428,-1.2289869400985476,delay_only,2097152.0,20971520.0,0.0,0.0,3,,0,1228.9869400985474,0.209375,3.2409644722938538,1163.011015144729,726.8818844654556,2228224.0,22282240.0,10,2
20971520.0,1310720.0,563.4590535980483,7,1.0,0.0,0.0,0.0,0.0,0.24083189157584592,0.0,0.13399999999999998,100000000.0,0.0,0.0,0.0,0.0,,-0.9723448696087954,0.0,4,0.0,0.0,0.0,0.0,64.19538240879774,0.02096688111119816,383470.88922844,1.0220757735254797,1.0220757735254797,542.3891183759407,2228224.0,22282240.0,127,-0.03884653011696975,542.3891183759406,1.0,13179.008261934072,20971520.0,1310720.0,False,0.12788102655037414,1.1778277816466691,0.31798767559445545,0.14,5,5.0,6.0,0.07,2,4,463.694007393772,-0.26774134961042045,0.14508976732019077,,,,,,0.0,2,0.9723448696087954,-1.0220757735254797,delay_only,2097152.0,20971520.0,0.0,0.0,1,,0,1022.0757735254797,0.1953125,3.342706948518753,957.8803911166821,563.4590535980483,2228224.0,22282240.0,10,2
20971520.0,1310720.0,9306.961754879092,2,1.0,0.0,0.0,0.0,0.0,2.0356817039999155,0.0,0.6419999999999999,20000000.0,0.0,0.0,0.0,0.0,,-0.812776759390954,0.0,4,0.0,0.0,0.0,0.0,67.30386568233371,0.21089488765713993,383470.88922844,13.179008261934072,13.179008261934072,11494.350240914122,2228224.0,22282240.0,127,0.19030118625140058,11494.350240914122,1.0,13179.008261934072,20971520.0,1310720.0,False,0.11191880088589078,1.0308102501824836,0.2379476810871391,0.71,5,5.0,6.0,0.02,2,4,3502.970132127516,0.2737184887038439,0.6952441800791228,,,,,,0.0,2,0.812776759390954,-13.179008261934072,delay_only,2097152.0,20971520.0,0.0,0.0,2,,0,13179.008261934072,0.2046875,3.307711958885193,13113.272810056955,9306.961754879092,2228224.0,22282240.0,10,2
20971520.0,1310720.0,597.4476249329595,2,1.0,0.0,0.0,0.0,0.0,0.3193743884534262,0.0,0.162,100000000.0,0.0,0.0,0.0,0.0,,-0.9692233691951198,0.0,4,0.0,0.0,0.0,0.0,67.39686382934451,0.02267348219688147,383470.88922844,1.1329663837670407,1.1329663837670407,647.2067945822757,2228224.0,22282240.0,127,0.07688295312386535,647.2067945822757,1.0,13179.008261934072,20971520.0,1310720.0,False,0.1252263477045366,1.1533772858982205,0.32837425588330277,0.16,5,5.0,6.0,0.07,2,4,502.62395620671464,0.3441568183912973,0.22339511820001617,,,,,,0.0,2,0.9692233691951198,-1.1329663837670407,delay_only,2097152.0,20971520.0,0.0,0.0,3,,0,1132.9663837670407,0.190625,3.3449061810970306,1067.102860600414,597.4476249329595,2228224.0,22282240.0,10,2
20971520.0,1310720.0,673.2778063440944,7,1.0,0.0,0.0,0.0,0.0,0.38729833462074165,0.0,0.20400000000000001,100000000.0,0.0,0.0,0.0,0.0,,-0.9878044218151566,0.0,4,0.0,0.0,0.0,0.0,66.80887844413519,0.023020185635075546,393714.5599009663,1.1552276786342035,1.1552276786342035,713.6739907673058,2228224.0,22282240.0,128,0.056603133847962346,713.6739907673057,1.0,10243.670672526296,20971520.0,1310720.0,False,0.1324481745262791,1.219892769033936,0.3390201693201903,0.19,5,5.0,6.0,0.06,2,4,508.7446274473665,0.19712248049170017,0.2871470250717833,,,,,,0.0,2,0.9878044218151566,-1.1552276786342035,delay_only,2097152.0,20971520.0,0.0,0.0,1,,0,1155.2276786342036,0.215625,3.159086138010025,1089.2918806448351,673.2778063440945,2228224.0,22282240.0,10,2
20971520.0,1310720.0,7218.188759842652,2,1.0000000000000002,0.0,0.0,0.0,0.0,1.4986660735467388,0.0,0.5739999999999998,20000000.0,0.0,0.0,-2.220446049250313e-16,2.220446049250313e-16,,-0.9341987329938275,0.0,4,0.0,0.0,0.0,0.0,67.62930657714605,0.1650012805881807,393714.5599009663,10.243670672526296,10.243670672526296,8560.830853255697,2228224.0,22282240.0,128,0.15683548903462277,8560.830853255697,1.0,10243.670672526296,20971520.0,1310720.0,False,0.12100968498173376,1.1145403869873824,0.2798127493523024,0.53,5,5.0,6.0,0.03,2,4,3397.7446569341473,0.2600464223064128,0.6031057364435626,,,,,,2.220446049250313e-16,2,0.9341987329938275,-10.243670672526296,delay_only,2097152.0,20971520.0,0.0,0.0,2,,0,10243.670672526296,0.21875,3.268305718898773,10176.081957643564,7218.188759842651,2228224.0,22282240.0,10,2
20971520.0,1310720.0,706.8174019945668,2,1.0,0.0,0.0,0.0,0.0,0.363318042491699,0.0,0.19999999999999996,100000000.0,0.0,0.0,0.0,0.0,,-0.9847319278346618,0.0,4,0.0,0.0,0.0,0.0,68.98772297427058,0.024494170048135484,393714.5599009663,1.2497125872173107,1.2497125872173107,718.0948007778076,2228224.0,22282240.0,128,0.015704609991641187,718.0948007778076,1.0,10243.670672526296,20971520.0,1310720.0,False,0.11463062304844007,1.0557870553278312,0.2795791405940887,0.16,5,5.0,6.0,0.06,2,4,555.1778664910155,0.06922177140522724,0.2268738530209769,,,,,,0.0,2,0.9847319278346618,-1.2497125872173107,delay_only,2097152.0,20971520.0,0.0,0.0,3,,0,1249.7125872173108,0.1828125,3.2995585799217224,1183.626883080671,706.8174019945668,2228224.0,22282240.0,10,2
20971520.0,1310720.0,1013.3853293861616,7,1.0,0.0,0.0,0.0,0.0,0.5882176467941097,0.0,0.32199999999999995,100000000.0,0.0,0.0,0.0,0.0,,-0.9939209163101398,0.0,4,0.0,0.0,0.0,0.0,68.6008408665657,0.028342436007302976,399119.81251621665,1.4975708102833836,1.4975708102833836,982.4168539740623,2228224.0,22282240.0,129,-0.03152274443056032,982.4168539740622,1.0,5405.252615250365,20971520.0,1310720.0,False,0.13208674773180762,1.2165639052373014,0.3373557373403206,0.22,5,5.0,6.0,0.04,2,4,643.9236338955928,-0.09148920443641488,0.3445515197639375,,,,,,0.0,2,0.9939209163101398,-1.4975708102833836,delay_only,2097152.0,20971520.0,0.0,0.0,1,,0,1497.5708102833835,0.1609375,3.475351184606552,1429.9159044673904,1013.3853293861614,2228224.0,22282240.0,10,2
20971520.0,1310720.0,3103.9397125941714,2,1.0,0.0,0.0,0.0,0.0,0.4939635614091388,0.0,0.22599999999999998,20000000.0,0.0,0.0,0.0,0.0,,-0.975456381144309,0.0,4,0.0,0.0,0.0,0.0,70.18105499446392,0.08936801876109818,399119.81251621665,5.405252615250365,5.405252615250365,3718.718897464743,2228224.0,22282240.0,129,0.1653201550915022,3718.7188974647424,1.0,5405.252615250365,20971520.0,1310720.0,False,0.12212981746112025,1.1248571883842378,0.2849711501075298,0.23,5,5.0,6.0,0.06,2,4,2484.5944076397145,0.49815005693447795,0.331868184676825,,,,,,0.0,2,0.975456381144309,-5.405252615250365,delay_only,2097152.0,20971520.0,0.0,0.0,2,,0,5405.252615250365,0.23125,3.1570463478565216,5335.553200710283,3103.939712594171,2228224.0,22282240.0,10,2
20971520.0,1310720.0,752.9330157230521,2,1.0000000000000002,0.0,0.0,0.0,0.0,0.5385164807134504,0.0,0.26999999999999996,100000000.0,0.0,0.0,-2.220446049250313e-16,2.220446049250313e-16,,-0.9341987329938275,0.0,4,0.0,0.0,0.0,0.0,72.30819994583726,0.024823325393076308,399119.81251621665,1.2770010251027208,1.2770010251027208,825.1066163022651,2228224.0,22282240.0,129,0.08747184806572084,825.1066163022649,1.0,5405.252615250365,20971520.0,1310720.0,False,0.12067355491330371,1.1114445146478862,0.3074078703544376,0.22,5,5.0,6.0,0.06,2,4,545.9719816056725,0.2585619683406984,0.33830129244089807,,,,,,2.220446049250313e-16,2,0.9341987329938275,-1.277001025102721,delay_only,2097152.0,20971520.0,0.0,0.0,3,,0,1277.0010251027209,0.19375,3.320695221424103,1204.6928251568836,752.9330157230522,2228224.0,22282240.0,10,2
20971520.0,1310720.0,578.0947018871856,7,1.0,0.0,0.0,0.0,0.0,0.2966479394838265,0.0,0.13999999999999999,100000000.0,0.0,0.0,0.0,0.0,,-0.9660917830792959,0.0,4,0.0,0.0,0.0,0.0,67.02528381720185,0.02160655237072967,404799.7473607883,1.0638575144759597,1.0638575144759597,634.6666866464515,2228224.0,22282240.0,130,0.08913652780200189,634.6666866464515,1.0,5679.934844571648,20971520.0,1310720.0,False,0.1440761904583739,1.3269907536192909,0.392569161597117,0.18,5,5.0,6.0,0.07,2,4,478.2110794831913,0.36158489801029275,0.24651617999672254,,,,,,0.0,2,0.9660917830792959,-1.0638575144759597,delay_only,2097152.0,20971520.0,0.0,0.0,1,0.16796875,0,1063.8575144759598,0.1859375,3.3314675092697144,998.819351726699,578.0947018871856,2228224.0,22282240.0,10,2
20971520.0,1310720.0,3259.5111371557355,2,1.0,0.0,0.0,0.0,0.0,0.33763886032268253,0.0,0.17799999999999996,20000000.0,0.0,0.0,0.0,0.0,,-0.9847319278346618,0.0,4,0.0,0.0,0.0,0.0,70.77935384586453,0.093691830990829,404799.7473607883,5.6799348445716475,5.6799348445716475,3607.89247505125,2228224.0,22282240.0,130,0.096560898171048,3607.8924750512497,1.0,5679.934844571648,20971520.0,1310720.0,False,0.12625299353593644,1.1628330434468834,0.303959077578435,0.18,5,5.0,6.0,0.06,2,4,2664.233500072337,0.3691813961747135,0.2615540738822901,,,,,,0.0,2,0.9847319278346618,-5.6799348445716475,delay_only,2097152.0,20971520.0,0.0,0.0,2,0.16796875,0,5679.934844571648,0.1953125,3.454224467277527,5612.277183413056,3259.5111371557355,2228224.0,22282240.0,10,2
20971520.0,1310720.0,707.8906917840479,2,1.0,0.0,0.0,0.0,0.0,0.66783231428256,0.0,0.30000000000000004,100000000.0,0.0,0.0,0.0,0.0,,-0.9660917830792959,0.0,4,0.0,0.0,0.0,0.0,73.83684627711773,0.023386165745727862,404799.7473607883,1.183077711138675,1.183077711138675,812.9566288516985,2228224.0,22282240.0,130,0.1292392894514635,812.9566288516986,1.0,5679.934844571648,20971520.0,1310720.0,False,0.12780980277007634,1.1771717863875475,0.3402715061364291,0.28,5,5.0,6.0,0.05,2,4,496.5418903147234,0.33205133728425545,0.3892147837996119,,,,,,0.0,2,0.9660917830792959,-1.183077711138675,delay_only,2097152.0,20971520.0,0.0,0.0,3,0.16796875,0,1183.0777111386749,0.15625,3.2973833680152893,1112.7146077265832,707.8906917840479,2228224.0,22282240.0,10,2
20971520.0,1310720.0,592.2388724544136,7,1.0,0.0,0.0,0.0,0.0,0.3286335345030997,0.0,0.17999999999999997,100000000.0,0.0,0.0,0.0,0.0,,-0.9878044218151566,0.0,4,0.0,0.0,0.0,0.0,71.61170477047563,0.021149945864090698,411157.6091860375,1.0412082400722804,1.0412082400722804,580.1956313207312,2228224.0,22282240.0,131,-0.020757207540959402,580.1956313207312,1.0,6357.861825249225,20971520.0,1310720.0,False,0.12730358799045693,1.172509375965928,0.31532847268009284,0.15,5,5.0,6.0,0.06,2,4,461.71785418939857,-0.10164978973510326,0.20420315275665743,,,,,,0.0,2,0.9878044218151566,-1.0412082400722804,delay_only,2097152.0,20971520.0,0.0,0.0,1,,0,1041.2082400722804,0.190625,3.3770249485969543,969.5965353018048,592.2388724544136,2228224.0,22282240.0,10,2
20971520.0,1310720.0,4141.692866373819,2,1.0000000000000002,0.0,0.0,0.0,0.0,0.4494441010848846,0.0,0.242,20000000.0,0.0,0.0,-2.220446049250313e-16,2.220446049250313e-16,,-0.9847319278346618,0.0,4,0.0,0.0,0.0,0.0,65.00459695234895,0.1043471615688624,411157.6091860375,6.357861825249225,6.357861825249225,4123.798223025403,2228224.0,22282240.0,131,-0.004339359585660834,4123.798223025403,1.0,6357.861825249225,20971520.0,1310720.0,False,0.1280746536401495,1.1796111530487354,0.31234813251192206,0.19,5,5.0,6.0,0.05,2,4,2938.2259395756673,-0.015093675517065235,0.2874952214756877,,,,,,2.220446049250313e-16,2,0.9847319278346618,-6.357861825249225,delay_only,2097152.0,20971520.0,0.0,0.0,2,,0,6357.861825249225,0.2078125,3.388245701789856,6294.218340407193,4141.692866373819,2228224.0,22282240.0,10,2
20971520.0,1310720.0,1784.972259659918,2,1.0,0.0,0.0,0.0,0.0,2.0024984394500787,0.0,0.6379999999999999,100000000.0,0.0,0.0,0.0,0.0,,-0.8876253645985945,0.0,4,0.0,0.0,0.0,0.0,69.37326118350029,0.04008595972300881,411157.6091860375,2.2495855127550075,2.2495855127550075,1908.8137444884935,2228224.0,22282240.0,131,0.06487876839013494,1908.813744488493,1.0,6357.861825249225,20971520.0,1310720.0,False,0.11962130641302593,1.1017529478044263,0.30256208689929054,0.7,5,5.0,6.0,0.02,2,4,607.5493684391412,0.0951701184693604,0.6817136453499569,,,,,,0.0,2,0.8876253645985945,-2.2495855127550075,delay_only,2097152.0,20971520.0,0.0,0.0,3,,0,2249.5855127550076,0.1296875,3.5287744998931885,2181.501422272564,1784.972259659918,2228224.0,22282240.0,10,2
20971520.0,1310720.0,610.0644321526399,7,1.0,0.0,0.0,0.0,0.0,0.2966479394838265,0.0,0.164,100000000.0,0.0,0.0,0.0,0.0,,-0.9692233691951198,0.0,4,0.0,0.0,0.0,0.0,67.51829013228416,0.02232937506916107,416971.2218406897,1.1125982945585928,1.1125982945585928,616.5860467349441,2228224.0,22282240.0,132,0.010576973995500822,616.5860467349441,1.0,5813.612654652202,20971520.0,1310720.0,False,0.12339848023730353,1.136542004370142,0.29734478685684684,0.15,5,5.0,6.0,0.07,2,4,497.50474484431055,0.054766067205863515,0.19313006274017064,,,,,,0.0,2,0.9692233691951198,-1.1125982945585928,delay_only,2097152.0,20971520.0,0.0,0.0,1,,0,1112.598294558593,0.1859375,3.3535065054893494,1045.0800044263087,610.0644321526399,2228224.0,22282240.0,10,2
20971520.0,1310720.0,3572.647983902082,2,1.0,0.0,0.0,0.0,0.0,0.4381780460041329,0.0,0.21799999999999994,20000000.0,0.0,0.0,0.0,0.0,,-0.9723448696087954,0.0,4,0.0,0.0,0.0,0.0,66.38574181124568,0.09581369878653986,416971.2218406897,5.813612654652202,5.813612654652202,3666.788498717966,2228224.0,22282240.0,132,0.025673832796409928,3666.788498717966,1.0,5813.612654652202,20971520.0,1310720.0,False,0.11474764389142057,1.0568648571222972,0.25097498442394517,0.18,5,5.0,6.0,0.06,2,4,2679.4397866003605,0.09534677430629064,0.2692679745403412,,,,,,0.0,2,0.9723448696087954,-5.813612654652202,delay_only,2097152.0,20971520.0,0.0,0.0,2,,0,5813.612654652202,0.21875,3.2330841720104218,5748.076722338551,3572.647983902082,2228224.0,22282240.0,10,2
20971520.0,1310720.0,743.1560177765082,2,1.0,0.0,0.0,0.0,0.0,0.6542170893518451,0.0,0.284,100000000.0,0.0,0.0,0.0,0.0,,-0.9566355184455129,0.0,4,0.0,0.0,0.0,0.0,65.12846378609538,0.024578900444412702,416971.2218406897,1.2541780922285084,1.2541780922285084,837.1477055316515,2228224.0,22282240.0,132,0.11227610985979058,837.1477055316515,1.0,5813.612654652202,20971520.0,1310720.0,False,0.12866884285174693,1.1850838379329038,0.3442275318882184,0.24,5,5.0,6.0,0.06,2,4,532.1426118413827,0.30816432151323825,0.3643384455035538,,,,,,0.0,2,0.9566355184455129,-1.2541780922285084,delay_only,2097152.0,20971520.0,0.0,0.0,3,,0,1254.1780922285084,0.2,3.265603095293045,1189.049628442413,743.1560177765082,2228224.0,22282240.0,10,2
20971520.0,1310720.0,721.3587116623565,7,1.0,0.0,0.0,0.0,0.0,0.8508818954473059,0.0,0.32,100000000.0,0.0,0.0,0.0,0.0,,-0.9341987329938275,0.0,4,0.0,0.0,0.0,0.0,72.13318580761552,0.02416939767243006,422488.0992254171,1.2349746368431391,1.2349746368431391,899.1276655061671,2228224.0,22282240.0,133,0.1977126949416408,899.127665506167,1.0,5516.877384727406,20971520.0,1310720.0,False,0.12832418629590459,1.181909433742163,0.32002850162911733,0.35,5,5.0,6.0,0.06,2,4,504.8658432819566,0.45089061081525683,0.4384937060103243,,,,,,0.0,2,0.9341987329938275,-1.2349746368431391,delay_only,2097152.0,20971520.0,0.0,0.0,1,,0,1234.974636843139,0.2109375,3.277667462825775,1162.8414510355235,721.3587116623565,2228224.0,22282240.0,10,2
20971520.0,1310720.0,3595.234893187308,2,1.0,0.0,0.0,0.0,0.0,0.5744562646538028,0.0,0.262,20000000.0,0.0,0.0,0.0,0.0,,-0.9847319278346618,0.0,4,0.0,0.0,0.0,0.0,70.90387167409062,0.09114962854477279,422488.0992254171,5.516877384727406,5.516877384727406,3935.8050527361643,2228224.0,22282240.0,133,0.08653125726135552,3935.8050527361643,1.0,5516.877384727406,20971520.0,1310720.0,False,0.12163508052476864,1.1203004928058506,0.2826928023205927,0.26,5,5.0,6.0,0.05,2,4,2471.242583791933,0.23254054830065737,0.37211255367591695,,,,,,0.0,2,0.9847319278346618,-5.516877384727406,delay_only,2097152.0,20971520.0,0.0,0.0,2,,0,5516.877384727406,0.1984375,3.292212665081024,5449.576226865458,3595.2348931873084,2228224.0,22282240.0,10,2
20971520.0,1310720.0,763.9976747892,2,1.0,0.0,0.0,0.0,0.0,0.31937438845342625,0.0,0.174,100000000.0,0.0,0.0,0.0,0.0,,-0.9660917830792959,0.0,4,0.0,0.0,0.0,0.0,68.17268021404743,0.024316481770941735,422488.0992254171,1.2401223796253813,1.2401223796253813,714.9903921969229,2228224.0,22282240.0,133,-0.06854257501516094,714.990392196923,1.0,5516.877384727406,20971520.0,1310720.0,False,0.12870267695281448,1.1853954615199158,0.34438334365609363,0.16,5,5.0,6.0,0.05,2,4,559.4385030533593,-0.3150542424274035,0.21755801314421241,,,,,,0.0,2,0.9660917830792959,-1.2401223796253813,delay_only,2097152.0,20971520.0,0.0,0.0,3,,0,1240.1223796253812,0.1953125,3.285426139831543,1172.2548333402708,763.9976747892001,2228224.0,22282240.0,10,2
20971520.0,1310720.0,595.9382672303276,7,1.0,0.0,0.0,0.0,0.0,0.3162277660168379,0.0,0.16599999999999995,100000000.0,0.0,0.0,0.0,0.0,,-0.9723448696087954,0.0,4,0.0,0.0,0.0,0.0,68.21086537092924,0.022024931489188014,428049.8605795455,1.093806480678962,1.093806480678962,606.7261336243577,2228224.0,22282240.0,134,0.017780454468949984,606.7261336243575,1.0,5561.761354128349,20971520.0,1310720.0,False,0.13926085256103532,1.2826398525787266,0.37039371108718444,0.15,5,5.0,6.0,0.07,2,4,488.15269240481854,0.09098046141763053,0.1954315706020856,,,,,,0.0,2,0.9723448696087954,-1.093806480678962,delay_only,2097152.0,20971520.0,0.0,0.0,1,,0,1093.806480678962,0.2140625,3.1286896467208862,1025.5956153080328,595.9382672303276,2228224.0,22282240.0,10,2
20971520.0,1310720.0,3433.2969863517696,2,1.0,0.0,0.0,0.0,0.0,0.5176871642217914,0.0,0.24799999999999997,20000000.0,0.0,0.0,0.0,0.0,,-0.9597979585371711,0.0,4,0.0,0.0,0.0,0.0,70.31477428972721,0.09183242465879424,428049.8605795455,5.561761354128349,5.561761354128349,3607.77555055187,2228224.0,22282240.0,134,0.048361812356484186,3607.7755505518703,1.0,5561.761354128349,20971520.0,1310720.0,False,0.11913746033844022,1.0972965607698473,0.27119083645303377,0.2,5,5.0,6.0,0.06,2,4,2519.6661259340376,0.16035020031315472,0.30160119701775456,,,,,,0.0,2,0.9597979585371711,-5.561761354128349,delay_only,2097152.0,20971520.0,0.0,0.0,2,,0,5561.761354128349,0.240625,3.1619593501091003,5493.275178162831,3433.2969863517696,2228224.0,22282240.0,10,2
20971520.0,1310720.0,717.9439001973667,2,1.0,0.0,0.0,0.0,0.0,0.41713307229228425,0.0,0.21199999999999997,100000000.0,0.0,0.0,0.0,0.0,,-0.9878044218151566,0.0,4,0.0,0.0,0.0,0.0,70.628821849823,0.024339034623845783,428049.8605795455,1.240316743677546,1.240316743677546,774.6586342563845,2228224.0,22282240.0,134,0.07321255008467016,774.6586342563844,1.0,5561.761354128349,20971520.0,1310720.0,False,0.12165803463556833,1.1205119079792518,0.3119415669645491,0.2,5,5.0,6.0,0.06,2,4,555.0694541400005,0.2582765418084739,0.28346573626869,,,,,,0.0,2,0.9878044218151566,-1.240316743677546,delay_only,2097152.0,20971520.0,0.0,0.0,3,,0,1240.316743677546,0.2,3.3006705939769745,1173.69821592613,717.9439001973667,2228224.0,22282240.0,10,2
20971520.0,1310720.0,890.9714658660555,7,1.0,0.0,0.0,0.0,0.0,0.6212889826803627,0.0,0.32,100000000.0,0.0,0.0,0.0,0.0,,-0.9692233691951198,0.0,4,0.0,0.0,0.0,0.0,69.40761348232627,0.026563500843938777,437393.5493810197,1.3836693317066382,1.3836693317066382,928.9863910673519,2228224.0,22282240.0,135,0.04092086339135634,928.9863910673517,1.0,9343.688801474236,20971520.0,1310720.0,False,0.13656738972281482,1.2578321430594468,0.3579898563019174,0.24,5,5.0,6.0,0.04,2,4,581.2419108322349,0.10931855819995648,0.37432677548223126,,,,,,0.0,2,0.9692233691951198,-1.3836693317066382,delay_only,2097152.0,20971520.0,0.0,0.0,1,,0,1383.669331706638,0.1953125,3.301835924386978,1316.064054012082,890.9714658660555,2228224.0,22282240.0,10,2
20971520.0,1310720.0,6497.329947563529,2,1.0000000000000002,0.0,0.0,0.0,0.0,1.3652838532700806,0.0,0.5059999999999999,20000000.0,0.0,0.0,-2.220446049250313e-16,2.220446049250313e-16,,-0.975456381144309,0.0,4,0.0,0.0,0.0,0.0,68.38578125461936,0.1509551620038011,437393.5493810197,9.343688801474237,9.343688801474237,7730.941973536059,2228224.0,22282240.0,135,0.15956813932834218,7730.94197353606,1.0,9343.688801474236,20971520.0,1310720.0,False,0.12573621557469877,1.1580733425271488,0.3015792270824108,0.5,5,5.0,6.0,0.03,2,4,3398.3225118941486,0.2847266040542215,0.5604258156991717,,,,,,2.220446049250313e-16,2,0.975456381144309,-9.343688801474237,delay_only,2097152.0,20971520.0,0.0,0.0,2,,0,9343.688801474236,0.2046875,3.2496294379234314,9277.13036824327,6497.329947563529,2228224.0,22282240.0,10,2
20971520.0,1310720.0,927.2305396232773,2,1.0,0.0,0.0,0.0,0.0,0.7280109889280518,0.0,0.346,100000000.0,0.0,0.0,0.0,0.0,,-0.9939209163101398,0.0,4,0.0,0.0,0.0,0.0,65.1025571860373,0.02801877121590251,437393.5493810197,1.474303915003798,1.474303915003798,1020.3100081036376,2228224.0,22282240.0,135,0.09122665439042307,1020.3100081036376,1.0,9343.688801474236,20971520.0,1310720.0,False,0.13204215821100446,1.216153220573681,0.35976222320837825,0.27,5,5.0,6.0,0.04,2,4,604.0898656094154,0.22363037964135143,0.40793497974974763,,,,,,0.0,2,0.9939209163101398,-1.474303915003798,delay_only,2097152.0,20971520.0,0.0,0.0,3,,0,1474.303915003798,0.1765625,3.2893079817295074,1409.2013578177607,927.2305396232775,2228224.0,22282240.0,10,2
20971520.0,1310720.0,570.3438855363024,7,1.0,0.0,0.0,0.0,0.0,0.36606010435446246,0.0,0.16999999999999993,100000000.0,0.0,0.0,0.0,0.0,,-0.8876253645985945,0.0,4,0.0,0.0,0.0,0.0,67.35149072483182,0.022040921780708503,444858.06158311997,1.093970484690176,1.093970484690176,650.2609664941574,2228224.0,22282240.0,136,0.12290001257298741,650.2609664941573,1.0,7464.512202100266,20971520.0,1310720.0,False,0.13759325917889667,1.2672807499271745,0.3627141597298478,0.18,5,5.0,6.0,0.07,2,4,481.717018204303,0.4741616757453495,0.25919431885716415,,,,,,0.0,2,0.8876253645985945,-1.093970484690176,delay_only,2097152.0,20971520.0,0.0,0.0,1,,0,1093.9704846901761,0.215625,3.2324782609939575,1026.6189939653443,570.3438855363024,2228224.0,22282240.0,10,2
20971520.0,1310720.0,4744.925969605049,2,1.0,0.0,0.0,0.0,0.0,1.3030732903409539,0.0,0.426,20000000.0,0.0,0.0,0.0,0.0,,-0.9244162777371753,0.0,4,0.0,0.0,0.0,0.0,67.5024027004838,0.12159727651406715,444858.06158311997,7.464512202100266,7.464512202100266,6144.289138103637,2228224.0,22282240.0,136,0.22775021439347237,6144.289138103637,1.0,7464.512202100266,20971520.0,1310720.0,False,0.1197342097672508,1.1027928261259752,0.27393896906985415,0.49,5,5.0,6.0,0.05,2,4,2887.1396737328328,0.4296281714443544,0.5301100568610423,,,,,,0.0,2,0.9244162777371753,-7.464512202100266,delay_only,2097152.0,20971520.0,0.0,0.0,2,,0,7464.512202100266,0.2453125,3.156796008348465,7398.225696900297,4744.925969605049,2228224.0,22282240.0,10,2
20971520.0,1310720.0,821.360649919029,2,1.0,0.0,0.0,0.0,0.0,0.6033241251599342,0.0,0.308,100000000.0,0.0,0.0,0.0,0.0,,-0.9660917830792959,0.0,4,0.0,0.0,0.0,0.0,64.27395530045033,0.025402278161094916,444858.06158311997,1.306019757610525,1.306019757610525,857.6280010528068,2228224.0,22282240.0,136,0.04228797461050328,857.6280010528068,1.0,7464.512202100266,20971520.0,1310720.0,False,0.12311382608823622,1.1339202427689368,0.31864573435670085,0.23,5,5.0,6.0,0.05,2,4,553.0112165373488,0.11905893889421366,0.3551852133343555,,,,,,0.0,2,0.9660917830792959,-1.306019757610525,delay_only,2097152.0,20971520.0,0.0,0.0,3,,0,1306.019757610525,0.1796875,3.20458060503006,1241.7458023100746,821.3606499190291,2228224.0,22282240.0,10,2
20971520.0,1310720.0,630.8998679266157,7,1.0,0.0,0.0,0.0,0.0,0.32863353450309957,0.0,0.172,100000000.0,0.0,0.0,0.0,0.0,,-0.9939209163101398,0.0,4,0.0,0.0,0.0,0.0,66.36826507747173,0.023095627685993117,451608.16557762993,1.1592745674354223,1.1592745674354223,703.3629676522881,2228224.0,22282240.0,137,0.10302376306154211,703.3629676522881,1.0,6750.10399450995,20971520.0,1310720.0,False,0.14122292051773822,1.300711166292908,0.3794293679108032,0.18,5,5.0,6.0,0.06,2,4,518.904084767276,0.39284147552191595,0.2622527647435094,,,,,,0.0,2,0.9939209163101398,-1.1592745674354223,delay_only,2097152.0,20971520.0,0.0,0.0,1,,0,1159.2745674354223,0.196875,3.294990450143814,1094.1201719035594,630.8998679266157,2228224.0,22282240.0,10,2
20971520.0,1310720.0,3946.4400602172745,2,1.0,0.0,0.0,0.0,0.0,0.5310367218940701,0.0,0.278,20000000.0,0.0,0.0,0.0,0.0,,-0.9939209163101398,0.0,4,0.0,0.0,0.0,0.0,64.24690037965775,0.11048835126233171,451608.16557762993,6.75010399450995,6.75010399450995,4597.487455542595,2228224.0,22282240.0,137,0.14160939026390093,4597.487455542595,1.0,6750.10399450995,20971520.0,1310720.0,False,0.12808244266419713,1.1796828926113796,0.31238400197829835,0.22,5,5.0,6.0,0.05,2,4,3014.0123065638086,0.41115100274557087,0.3444218530862537,,,,,,0.0,2,0.9939209163101398,-6.75010399450995,delay_only,2097152.0,20971520.0,0.0,0.0,2,,0,6750.10399450995,0.228125,3.250235915184021,6687.254480789229,3946.440060217275,2228224.0,22282240.0,10,2
20971520.0,1310720.0,772.901372857275,2,1.0,0.0,0.0,0.0,0.0,0.5347896782848375,0.0,0.27599999999999997,100000000.0,0.0,0.0,0.0,0.0,,-0.9939209163101398,0.0,4,0.0,0.0,0.0,0.0,66.78918516263366,0.025563342976223112,451608.16557762993,1.317906203244769,1.317906203244769,848.1655793562536,2228224.0,22282240.0,137,0.08873763370131456,848.1655793562535,1.0,6750.10399450995,20971520.0,1310720.0,False,0.12398023601477448,1.141900173094013,0.3226356994544657,0.21,5,5.0,6.0,0.05,2,4,564.0964271196548,0.2649502978637102,0.33492181143710575,,,,,,0.0,2,0.9939209163101398,-1.317906203244769,delay_only,2097152.0,20971520.0,0.0,0.0,3,,0,1317.9062032447691,0.203125,3.209198534488678,1252.0539504782791,772.901372857275,2228224.0,22282240.0,10,2
20971520.0,1310720.0,822.669058447221,7,1.0,0.0,0.0,0.0,0.0,0.7912016177940993,0.0,0.33,100000000.0,0.0,0.0,0.0,0.0,,-0.9660917830792959,0.0,4,0.0,0.0,0.0,0.0,70.94503659754992,0.025691134108823066,457045.3580483803,1.3311776195622262,1.3311776195622262,959.2585422430373,2228224.0,22282240.0,138,0.14239068799578103,959.258542243037,1.0,5437.192470750356,20971520.0,1310720.0,False,0.12820609578581055,1.1808217799494964,0.3194846746368771,0.32,5,5.0,6.0,0.05,2,4,553.2311776350492,0.33640462614555733,0.42327208643727354,,,,,,0.0,2,0.9660917830792959,-1.3311776195622262,delay_only,2097152.0,20971520.0,0.0,0.0,1,,0,1331.1776195622263,0.178125,3.3656864166259766,1260.2325829646763,822.669058447221,2228224.0,22282240.0,10,2
20971520.0,1310720.0,3302.239301895332,2,1.0,0.0,0.0,0.0,0.0,0.6212889826803627,0.0,0.24999999999999994,20000000.0,0.0,0.0,0.0,0.0,,-0.9341987329938275,0.0,4,0.0,0.0,0.0,0.0,72.18929613009095,0.08986864826727184,457045.3580483803,5.437192470750356,5.437192470750356,3939.252431573376,2228224.0,22282240.0,138,0.1617091417072793,3939.2524315733754,1.0,5437.192470750356,20971520.0,1310720.0,False,0.12212981746112025,1.1248571883842378,0.2849711501075298,0.28,5,5.0,6.0,0.06,2,4,2468.408812673836,0.43309371675735725,0.37338140788100505,,,,,,0.0,2,0.9341987329938275,-5.437192470750356,delay_only,2097152.0,20971520.0,0.0,0.0,2,,0,5437.192470750356,0.20625,3.1844854056835175,5367.593489105398,3302.239301895332,2228224.0,22282240.0,10,2
20971520.0,1310720.0,829.8977411619877,2,1.0000000000000002,0.0,0.0,0.0,0.0,0.719722168617863,0.0,0.32199999999999995,100000000.0,0.0,0.0,-2.220446049250313e-16,2.220446049250313e-16,,-0.9816498172140428,0.0,4,0.0,0.0,0.0,0.0,70.59881696477532,0.025450728308484084,457045.3580483803,1.31438176938624,1.31438176938624,927.6196377572018,2228224.0,22282240.0,138,0.1053469467631001,927.6196377572018,1.0,5437.192470750356,20971520.0,1310720.0,False,0.11857181354957,1.0920867613140373,0.29772899355609733,0.3,5,5.0,6.0,0.05,2,4,547.7106033675545,0.2572244609876461,0.4095525999300652,,,,,,2.220446049250313e-16,2,0.9816498172140428,-1.3143817693862403,delay_only,2097152.0,20971520.0,0.0,0.0,3,,0,1314.38176938624,0.184375,3.28099524974823,1244.8466117429814,829.8977411619877,2228224.0,22282240.0,10,2
20971520.0,1310720.0,708.2819293625614,7,1.0,0.0,0.0,0.0,0.0,0.41713307229228425,0.0,0.21400000000000002,100000000.0,0.0,0.0,0.0,0.0,,-0.9692233691951198,0.0,4,0.0,0.0,0.0,0.0,66.6661080904305,0.02538691174796512,462276.6444540937,1.3074284599601982,1.3074284599601982,820.9535377280698,2228224.0,22282240.0,139,0.1372448052021542,820.9535377280697,1.0,5231.286405713416,20971520.0,1310720.0,False,0.1360328355510999,1.2529087171906925,0.35552814374015085,0.2,5,5.0,6.0,0.06,2,4,576.3358734969754,0.4606029115667853,0.29796773262961523,,,,,,0.0,2,0.9692233691951198,-1.3074284599601982,delay_only,2097152.0,20971520.0,0.0,0.0,1,,0,1307.428459960198,0.2109375,3.1657451391220093,1240.7623518697676,708.2819293625613,2228224.0,22282240.0,10,2
20971520.0,1310720.0,3159.616804410827,2,1.0,0.0,0.0,0.0,0.0,0.6999999999999998,0.0,0.292,20000000.0,0.0,0.0,0.0,0.0,,-0.9660917830792959,0.0,4,0.0,0.0,0.0,0.0,64.27458487451077,0.08675728525199705,462276.6444540937,5.231286405713416,5.231286405713416,3876.349692095858,2228224.0,22282240.0,139,0.18489892414672962,3876.349692095858,1.0,5231.286405713416,20971520.0,1310720.0,False,0.11923234197257741,1.0981704529153002,0.2716277823019769,0.3,5,5.0,6.0,0.06,2,4,2327.756333042375,0.46282833611213836,0.39949784773318325,,,,,,0.0,2,0.9660917830792959,-5.231286405713416,delay_only,2097152.0,20971520.0,0.0,0.0,2,,0,5231.286405713416,0.19375,3.315068334341049,5168.466256127811,3159.6168044108267,2228224.0,22282240.0,10,2
20971520.0,1310720.0,985.4709998158669,2,1.0,0.0,0.0,0.0,0.0,0.9989994994993743,0.0,0.402,100000000.0,0.0,0.0,0.0,0.0,,-0.9692233691951198,0.0,4,0.0,0.0,0.0,0.0,66.84019835665822,0.029748352886441704,462276.6444540937,1.5857974991185118,1.5857974991185118,1209.7120164195612,2228224.0,22282240.0,139,0.18536727217721663,1209.7120164195612,1.0,5231.286405713416,20971520.0,1310720.0,False,0.12051753832151771,1.1100075487338614,0.30668938728513595,0.39,5,5.0,6.0,0.04,2,4,627.758903923433,0.38532488578310714,0.48106748101797064,,,,,,0.0,2,0.9692233691951198,-1.5857974991185118,delay_only,2097152.0,20971520.0,0.0,0.0,3,,0,1585.7974991185117,0.184375,3.3339575827121735,1519.894584732269,985.470999815867,2228224.0,22282240.0,10,2
20971520.0,1310720.0,763.1252349045634,7,1.0,0.0,0.0,0.0,0.0,0.53103672189407,0.0,0.25199999999999995,100000000.0,0.0,0.0,0.0,0.0,,-0.9692233691951198,0.0,4,0.0,0.0,0.0,0.0,64.99617407098413,0.023885747693075707,469197.46149466763,1.2096840264278295,1.2096840264278295,801.9619404121595,2228224.0,22282240.0,140,0.04842711798472169,801.9619404121594,1.0,6920.817040573896,20971520.0,1310720.0,False,0.13265526632524594,1.2218001549906654,0.339973862266287,0.24,5,5.0,6.0,0.05,2,4,521.9351019535002,0.13868922608048342,0.349177216957132,,,,,,0.0,2,0.9692233691951198,-1.2096840264278295,delay_only,2097152.0,20971520.0,0.0,0.0,1,0.17265625,0,1209.6840264278294,0.1640625,3.511822670698166,1144.6878523568453,763.1252349045635,2228224.0,22282240.0,10,2
20971520.0,1310720.0,4563.997276670536,2,1.0,0.0,0.0,0.0,0.0,1.3341664064126335,0.0,0.42,20000000.0,0.0,0.0,0.0,0.0,,-0.9045340337332909,0.0,4,0.0,0.0,0.0,0.0,67.47916480526328,0.11309926821023833,469197.46149466763,6.920817040573896,6.920817040573896,5711.96097121271,2228224.0,22282240.0,140,0.2009754093782698,5711.960971212709,1.0,6920.817040573896,20971520.0,1310720.0,False,0.1189392596071132,1.0954710645723509,0.27027808819748234,0.5,5,5.0,6.0,0.05,2,4,2646.3544625817303,0.3744654414420671,0.5366994844819675,,,,,,0.0,2,0.9045340337332909,-6.920817040573896,delay_only,2097152.0,20971520.0,0.0,0.0,2,0.17265625,0,6920.817040573896,0.2125,3.283729702234268,6854.353165455253,4563.997276670536,2228224.0,22282240.0,10,2
20971520.0,1310720.0,926.5802389848076,2,1.0,0.0,0.0,0.0,0.0,1.241772926102031,0.0,0.43799999999999994,100000000.0,0.0,0.0,0.0,0.0,,-0.9785579990862869,0.0,4,0.0,0.0,0.0,0.0,67.39237857982516,0.027895577024591146,469197.46149466763,1.4672995465460117,1.4672995465460117,1155.4718542100031,2228224.0,22282240.0,140,0.19809363109211248,1155.4718542100031,1.0,6920.817040573896,20971520.0,1310720.0,False,0.12999948755354762,1.1973395285506552,0.3503553772009889,0.47,5,5.0,6.0,0.04,2,4,547.3595965262733,0.3763969765994072,0.5262891133765405,,,,,,0.0,2,0.9785579990862869,-1.4672995465460117,delay_only,2097152.0,20971520.0,0.0,0.0,3,0.17265625,0,1467.2995465460117,0.1984375,3.3388978838920593,1401.3169295738335,926.5802389848076,2228224.0,22282240.0,10,2
20971520.0,1310720.0,740.9343152725855,7,1.0,0.0,0.0,0.0,0.0,0.5692099788303082,0.0,0.27,100000000.0,0.0,0.0,0.0,0.0,,-0.9878044218151566,0.0,4,0.0,0.0,0.0,0.0,67.76657188311219,0.023410826559880867,480716.2939573726,1.181115235887714,1.181115235887714,795.9234998802682,2228224.0,22282240.0,141,0.06908853001067897,795.9234998802681,1.0,11518.832462704977,20971520.0,1310720.0,False,0.13669547871645105,1.2590118862887403,0.3585797279263548,0.25,5,5.0,6.0,0.05,2,4,505.80104035492724,0.18953784101254487,0.3645104831921465,,,,,,0.0,2,0.9878044218151566,-1.181115235887714,delay_only,2097152.0,20971520.0,0.0,0.0,1,,0,1181.1152358877139,0.190625,3.3697463870048523,1114.2928998323755,740.9343152725855,2228224.0,22282240.0,10,2
20971520.0,1310720.0,9511.109665262746,2,1.0,0.0,0.0,0.0,0.0,1.8708286933869707,0.0,0.612,20000000.0,0.0,0.0,0.0,0.0,,-0.9566355184455129,0.0,4,0.0,0.0,0.0,0.0,64.82901284471154,0.18498713621042048,480716.2939573726,11.518832462704976,11.518832462704976,9947.91662306337,2228224.0,22282240.0,141,0.04390939071482834,9947.916623063371,1.0,11518.832462704977,20971520.0,1310720.0,False,0.12275653819202245,1.1306294996340207,0.2878573056933401,0.66,5,5.0,6.0,0.02,2,4,3435.7963471255853,0.06707599664806903,0.6546215175185532,,,,,,0.0,2,0.9566355184455129,-11.518832462704976,delay_only,2097152.0,20971520.0,0.0,0.0,2,,0,11518.832462704977,0.21875,3.2793056666851044,11455.176717466911,9511.109665262746,2228224.0,22282240.0,10,2
20971520.0,1310720.0,630.747356684657,2,1.0,0.0,0.0,0.0,0.0,0.4266145801540308,0.0,0.22599999999999998,100000000.0,0.0,0.0,0.0,0.0,,-0.9847319278346618,0.0,4,0.0,0.0,0.0,0.0,63.627762254327536,0.02176868391711642,480716.2939573726,1.0714294226836594,1.0714294226836594,654.3982064187793,2228224.0,22282240.0,141,0.036141373099954646,654.3982064187792,1.0,11518.832462704977,20971520.0,1310720.0,False,0.121882740341827,1.1225815240174195,0.31297637494215286,0.19,5,5.0,6.0,0.06,2,4,470.10225912822784,0.12833081834857465,0.2816266082071319,,,,,,0.0,2,0.9847319278346618,-1.0714294226836594,delay_only,2097152.0,20971520.0,0.0,0.0,3,,0,1071.4294226836594,0.2046875,3.273995280265808,1009.1957706954511,630.747356684657,2228224.0,22282240.0,10,2
20971520.0,1310720.0,1268.4279548116751,7,1.0,0.0,0.0,0.0,0.0,1.6697305171793442,0.0,0.5479999999999999,100000000.0,0.0,0.0,0.0,0.0,,-0.9785579990862869,0.0,4,0.0,0.0,0.0,0.0,66.19537947699428,0.032215775735362155,486952.0982364366,1.7431489031411829,1.7431489031411829,1438.1225546255812,2228224.0,22282240.0,142,0.11799731481027118,1438.1225546255812,1.0,6235.804279063999,20971520.0,1310720.0,False,0.13407394814238688,1.2348666974060671,0.3465071334697897,0.6,5,5.0,6.0,0.03,2,4,570.8690021547185,0.1956689590148521,0.6030456512078377,,,,,,0.0,2,0.9785579990862869,-1.7431489031411829,delay_only,2097152.0,20971520.0,0.0,0.0,1,,0,1743.148903141183,0.2171875,3.183580666780472,1677.809647063178,1268.4279548116751,2228224.0,22282240.0,10,2
20971520.0,1310720.0,4238.0018795808755,2,1.0,0.0,0.0,0.0,0.0,0.8390470785361213,0.0,0.374,20000000.0,0.0,0.0,0.0,0.0,,-0.9847319278346618,0.0,4,0.0,0.0,0.0,0.0,65.0359308347106,0.10241825544108264,486952.0982364366,6.235804279063999,6.235804279063999,4733.664634702995,2228224.0,22282240.0,142,0.10471015447278689,4733.664634702995,1.0,6235.804279063999,20971520.0,1310720.0,False,0.11974220265155978,1.1028664433110147,0.27397577757267133,0.33,5,5.0,6.0,0.04,2,4,2635.0320671632244,0.2361836763560689,0.4433420466998175,,,,,,0.0,2,0.9847319278346618,-6.235804279063999,delay_only,2097152.0,20971520.0,0.0,0.0,2,,0,6235.804279063999,0.2046875,3.25102162361145,6170.768348229289,4238.0018795808755,2228224.0,22282240.0,10,2
20971520.0,1310720.0,756.287717020204,2,1.0,0.0,0.0,0.0,0.0,0.6826419266350404,0.0,0.27,100000000.0,0.0,0.0,0.0,0.0,,-0.9816498172140428,0.0,4,0.0,0.0,0.0,0.0,66.6421465575695,0.025287393065804686,486952.0982364366,1.3010353027690695,1.3010353027690695,918.8938902546818,2228224.0,22282240.0,142,0.17695859658987345,918.8938902546818,1.0,6235.804279063999,20971520.0,1310720.0,False,0.11896645558043999,1.0957215487434377,0.2995463873559814,0.3,5,5.0,6.0,0.06,2,4,556.3660347832548,0.44853428717367544,0.3945263531689695,,,,,,0.0,2,0.9816498172140428,-1.3010353027690695,delay_only,2097152.0,20971520.0,0.0,0.0,3,,0,1301.0353027690696,0.146875,3.3083634674549103,1234.3931562115001,756.287717020204,2228224.0,22282240.0,10,2
20971520.0,1310720.0,557.4460189395996,7,1.0,0.0,0.0,0.0,0.0,0.4195235392680606,0.0,0.18999999999999997,100000000.0,0.0,0.0,0.0,0.0,,-0.9341987329938275,0.0,4,0.0,0.0,0.0,0.0,63.793256878852844,0.02167816928267624,492394.77526635426,1.0671960909701321,1.0671960909701321,673.1379097004607,2228224.0,22282240.0,143,0.17186952197112584,673.1379097004607,1.0,5442.6770299176405,20971520.0,1310720.0,False,0.1379649310462725,1.270703974332394,0.36442577196195564,0.21,5,5.0,6.0,0.07,2,4,471.06398660525844,0.572522614441229,0.30019691386141517,,,,,,0.0,2,0.9341987329938275,-1.0671960909701321,delay_only,2097152.0,20971520.0,0.0,0.0,1,,0,1067.1960909701322,0.2265625,3.166294515132904,1003.4028340912793,557.4460189395996,2228224.0,22282240.0,10,2
20971520.0,1310720.0,3134.9491153655567,2,1.0,0.0,0.0,0.0,0.0,0.28284271247461895,0.0,0.15399999999999994,20000000.0,0.0,0.0,0.0,0.0,,-0.975456381144309,0.0,4,0.0,0.0,0.0,0.0,62.88353493437171,0.09008076401314859,492394.77526635426,5.442677029917641,5.442677029917641,3311.488551902467,2228224.0,22282240.0,143,0.05331120243054677,3311.4885519024674,1.0,5442.6770299176405,20971520.0,1310720.0,False,0.11429013882146549,1.0526510797061062,0.24886809597816967,0.16,5,5.0,6.0,0.07,2,4,2559.4738047933956,0.23475528533924536,0.22709266099592448,,,,,,0.0,2,0.975456381144309,-5.442677029917641,delay_only,2097152.0,20971520.0,0.0,0.0,2,,0,5442.6770299176405,0.2265625,3.167960524559021,5381.168896841509,3134.9491153655567,2228224.0,22282240.0,10,2
20971520.0,1310720.0,460.7854402115642,2,1.0,0.0,0.0,0.0,0.0,0.11832159566199231,0.0,0.062000000000000006,100000000.0,0.0,0.0,0.0,0.0,,-0.9309493362512626,0.0,4,0.0,0.0,0.0,0.0,67.05886870622635,0.019687569728867767,492394.77526635426,0.9425512051081983,0.9425512051081983,477.82061598956574,2228224.0,22282240.0,143,0.03565182247886414,477.82061598956574,1.0,5442.6770299176405,20971520.0,1310720.0,False,0.12238997291042927,1.1272533086219982,0.3153122672478381,0.12,5,5.0,6.0,0.09,2,4,428.41708933604883,0.3448169985409094,0.10339345980541727,,,,,,0.0,2,0.9309493362512626,-0.9425512051081983,delay_only,2097152.0,20971520.0,0.0,0.0,3,,0,942.5512051081984,0.2046875,3.248763233423233,876.0044626475371,460.7854402115642,2228224.0,22282240.0,10,2
20971520.0,1310720.0,592.7836779674639,7,1.0,0.0,0.0,0.0,0.0,0.3492849839314595,0.0,0.174,100000000.0,0.0,0.0,0.0,0.0,,-0.9816498172140428,0.0,4,0.0,0.0,0.0,0.0,64.91161556914449,0.022201909251109722,498792.1290791017,1.100398192052187,1.100398192052187,666.5928377599428,2228224.0,22282240.0,144,0.11072600185821303,666.5928377599428,1.0,6397.353812747433,20971520.0,1310720.0,False,0.12773055988470836,1.176441932441251,0.3172947511792017,0.18,5,5.0,6.0,0.07,2,4,490.224018907938,0.4184932476891729,0.2645825290362927,,,,,,0.0,2,0.9816498172140428,-1.100398192052187,delay_only,2097152.0,20971520.0,0.0,0.0,1,,0,1100.3981920521871,0.190625,3.379009425640106,1036.9221920710222,592.7836779674639,2228224.0,22282240.0,10,2
20971520.0,1310720.0,4354.782218306801,2,1.0,0.0,0.0,0.0,0.0,0.7113367697511495,0.0,0.3499999999999999,20000000.0,0.0,0.0,0.0,0.0,,-0.9847319278346618,0.0,4,0.0,0.0,0.0,0.0,66.41258206218481,0.10493694563176226,498792.1290791017,6.397353812747433,6.397353812747433,4573.085486979233,2228224.0,22282240.0,144,0.047736537900723054,4573.085486979232,1.0,6397.353812747433,20971520.0,1310720.0,False,0.13053017586893073,1.202227348566764,0.3236562301846485,0.26,5,5.0,6.0,0.04,2,4,2779.5645401215525,0.12171771344790076,0.3921905575490119,,,,,,0.0,2,0.9847319278346618,-6.397353812747433,delay_only,2097152.0,20971520.0,0.0,0.0,2,,0,6397.353812747433,0.2234375,3.173129230737686,6331.964520432784,4354.782218306801,2228224.0,22282240.0,10,2
20971520.0,1310720.0,818.2743272226966,2,1.0,0.0,0.0,0.0,0.0,0.9465727652959386,0.0,0.38399999999999995,100000000.0,0.0,0.0,0.0,0.0,,-0.9660917830792959,0.0,4,0.0,0.0,0.0,0.0,64.19744342565536,0.026022711327753988,498792.1290791017,1.3441954169228987,1.3441954169228987,1008.8038388110945,2228224.0,22282240.0,144,0.18886675908464293,1008.8038388110945,1.0,6397.353812747433,20971520.0,1310720.0,False,0.12927769317135085,1.1906915566120424,0.34703139118349635,0.37,5,5.0,6.0,0.05,2,4,537.9429497382877,0.4046407676024613,0.4667516824953109,,,,,,0.0,2,0.9660917830792959,-1.3441954169228987,delay_only,2097152.0,20971520.0,0.0,0.0,3,,0,1344.1954169228986,0.1890625,3.278446674346924,1281.453524976255,818.2743272226967,2228224.0,22282240.0,10,2
20971520.0,1310720.0,766.3929868877187,7,1.0,0.0,0.0,0.0,0.0,0.5458937625582473,0.0,0.28,100000000.0,0.0,0.0,0.0,0.0,,-0.9847319278346618,0.0,4,0.0,0.0,0.0,0.0,66.57910719513893,0.024373954244589678,504137.1080128029,1.241549158710436,1.241549158710436,782.6245609189732,2228224.0,22282240.0,145,0.020739924149831293,782.6245609189732,1.0,5344.978933701152,20971520.0,1310720.0,False,0.13529956638339266,1.246155058571833,0.3521513139985969,0.2,5,5.0,6.0,0.05,2,4,536.568166938654,0.0659668857560873,0.3143990187215629,,,,,,0.0,2,0.9847319278346618,-1.241549158710436,delay_only,2097152.0,20971520.0,0.0,0.0,1,,0,1241.549158710436,0.196875,3.2789439260959625,1175.9330716537395,766.3929868877187,2228224.0,22282240.0,10,2
20971520.0,1310720.0,3215.56144100222,2,1.0,0.0,0.0,0.0,0.0,0.382099463490856,0.0,0.188,20000000.0,0.0,0.0,0.0,0.0,,-0.9847319278346618,0.0,4,0.0,0.0,0.0,0.0,64.21885266900063,0.088533509288825,504137.1080128029,5.344978933701151,5.344978933701151,3521.4297296565333,2228224.0,22282240.0,145,0.08685912033921142,3521.4297296565333,1.0,5344.978933701152,20971520.0,1310720.0,False,0.12452096382834622,1.1468804603056033,0.29598278604728734,0.2,5,5.0,6.0,0.06,2,4,2499.1091961075467,0.2991902036756433,0.29031405197135646,,,,,,0.0,2,0.9847319278346618,-5.344978933701151,delay_only,2097152.0,20971520.0,0.0,0.0,2,,0,5344.978933701152,0.21875,3.1410115361213684,5282.1445944848,3215.56144100222,2228224.0,22282240.0,10,2
20971520.0,1310720.0,636.9456314367798,2,1.0,0.0,0.0,0.0,0.0,0.48166378315169184,0.0,0.246,100000000.0,0.0,0.0,0.0,0.0,,-0.9723448696087954,0.0,4,0.0,0.0,0.0,0.0,67.57077248767018,0.022044336659286852,504137.1080128029,1.0929547243774074,1.0929547243774074,691.2020041396053,2228224.0,22282240.0,145,0.07849568198281318,691.2020041396053,1.0,5344.978933701152,20971520.0,1310720.0,False,0.11162558861681862,1.0281096653830897,0.2657404456212049,0.21,5,5.0,6.0,0.06,2,4,478.76587704338795,0.25540087481566437,0.3073430427341623,,,,,,0.0,2,0.9723448696087954,-1.0929547243774074,delay_only,2097152.0,20971520.0,0.0,0.0,3,,0,1092.9547243774073,0.225,3.144695818424225,1026.8375461943583,636.9456314367798,2228224.0,22282240.0,10,2
20971520.0,1310720.0,684.3306439763523,7,1.0000000000000002,0.0,0.0,0.0,0.0,0.5495452665613634,0.0,0.268,100000000.0,0.0,0.0,-2.220446049250313e-16,2.220446049250313e-16,,-0.9660917830792959,0.0,4,0.0,0.0,0.0,0.0,67.61773722246289,0.023598864157442986,509907.8801034969,1.193945043298814,1.193945043298814,767.6493726816292,2228224.0,22282240.0,146,0.10853748035280693,767.6493726816293,1.0,5770.772090693981,20971520.0,1310720.0,False,0.13857722299158345,1.2763433915557272,0.36724548066312396,0.22,5,5.0,6.0,0.06,2,4,513.4596569984113,0.3277816668598515,0.3311273671666754,,,,,,2.220446049250313e-16,2,0.9660917830792959,-1.1939450432988141,delay_only,2097152.0,20971520.0,0.0,0.0,1,,0,1193.945043298814,0.240625,3.0985336303710938,1126.327306076351,684.3306439763522,2228224.0,22282240.0,10,2
20971520.0,1310720.0,3484.309692032213,2,1.0,0.0,0.0,0.0,0.0,0.47958315233127197,0.0,0.228,20000000.0,0.0,0.0,0.0,0.0,,-0.9816498172140428,0.0,4,0.0,0.0,0.0,0.0,71.60397106781602,0.09504950186915884,509907.8801034969,5.770772090693981,5.770772090693981,3968.8238819056915,2228224.0,22282240.0,146,0.12208004292718347,3968.823881905691,1.0,5770.772090693981,20971520.0,1310720.0,False,0.13251676291291897,1.2205244914204538,0.3328048016672198,0.23,5,5.0,6.0,0.06,2,4,2649.44114224006,0.3672279281114949,0.3324367064209737,,,,,,0.0,2,0.9816498172140428,-5.770772090693981,delay_only,2097152.0,20971520.0,0.0,0.0,2,,0,5770.772090693981,0.21875,3.2361573576927185,5699.168119626165,3484.3096920322128,2228224.0,22282240.0,10,2
20971520.0,1310720.0,667.2529017158041,2,1.0,0.0,0.0,0.0,0.0,0.39999999999999997,0.0,0.212,100000000.0,0.0,0.0,0.0,0.0,,-0.9847319278346618,0.0,4,0.0,0.0,0.0,0.0,66.86012260615826,0.02374427151806261,509907.8801034969,1.2017400728378176,1.2017400728378176,730.2969682939296,2228224.0,22282240.0,146,0.08632661686300662,730.2969682939295,1.0,5770.772090693981,20971520.0,1310720.0,False,0.1252263477045366,1.1533772858982205,0.32837425588330277,0.19,5,5.0,6.0,0.06,2,4,530.9606285641617,0.3162698114332371,0.2729524404235771,,,,,,0.0,2,0.9847319278346618,-1.2017400728378176,delay_only,2097152.0,20971520.0,0.0,0.0,3,,0,1201.7400728378175,0.2046875,3.208697408437729,1135.633377156007,667.2529017158041,2228224.0,22282240.0,10,2
20971520.0,1310720.0,620.8831373454481,7,1.0,0.0,0.0,0.0,0.0,0.29325756597230357,0.0,0.154,100000000.0,0.0,0.0,0.0,0.0,,-0.9785579990862869,0.0,4,0.0,0.0,0.0,0.0,64.47739200666547,0.022492208335738464,515099.1074901061,1.119978725493927,1.119978725493927,656.388955211232,2228224.0,22282240.0,147,0.054092649767937956,656.388955211232,1.0,5191.227386609162,20971520.0,1310720.0,False,0.12016893322954379,1.1067967771813776,0.28247217320329876,0.17,5,5.0,6.0,0.07,2,4,503.63029636771694,0.2324308038220983,0.23272582152811497,,,,,,0.0,2,0.9785579990862869,-1.119978725493927,delay_only,2097152.0,20971520.0,0.0,0.0,1,,0,1119.9787254939272,0.25625,3.139906495809555,1055.5013334872617,620.883137345448,2228224.0,22282240.0,10,2
20971520.0,1310720.0,3013.942543743987,2,1.0000000000000002,0.0,0.0,0.0,0.0,0.27928480087537877,0.0,0.15199999999999994,20000000.0,0.0,0.0,-2.220446049250313e-16,2.220446049250313e-16,,-0.9816498172140428,0.0,4,0.0,0.0,0.0,0.0,67.52506224438548,0.08605784881819965,515099.1074901061,5.191227386609162,5.191227386609162,3075.255817327132,2228224.0,22282240.0,147,0.0199376172992447,3075.2558173271314,1.0,5191.227386609162,20971520.0,1310720.0,False,0.12820282335320868,1.180791639731389,0.3129383757685371,0.16,5,5.0,6.0,0.07,2,4,2452.3208043189697,0.09842643663110494,0.20256364023386753,,,,,,2.220446049250313e-16,2,0.9816498172140428,-5.191227386609162,delay_only,2097152.0,20971520.0,0.0,0.0,2,,0,5191.227386609162,0.2203125,3.2911195755004883,5123.702324364776,3013.9425437439863,2228224.0,22282240.0,10,2
20971520.0,1310720.0,1062.226124314395,2,1.0,0.0,0.0,0.0,0.0,1.0761040841851683,0.0,0.44999999999999996,100000000.0,0.0,0.0,0.0,0.0,,-0.9566355184455129,0.0,4,0.0,0.0,0.0,0.0,67.6830904558301,0.02923619646937739,515099.1074901061,1.554799664495983,1.554799664495983,1183.7125636499488,2228224.0,22282240.0,147,0.10263170558987143,1183.7125636499486,1.0,5191.227386609162,20971520.0,1310720.0,False,0.1223775040720646,1.1271384663766164,0.3152548461116286,0.4,5,5.0,6.0,0.04,2,4,588.7367123415074,0.20418717678774115,0.5026354113145913,,,,,,0.0,2,0.9566355184455129,-1.554799664495983,delay_only,2097152.0,20971520.0,0.0,0.0,3,,0,1554.799664495983,0.2171875,3.2408794164657593,1487.116574040153,1062.2261243143948,2228224.0,22282240.0,10,2
20971520.0,1310720.0,1252.6291388768911,7,1.0,0.0,0.0,0.0,0.0,1.5059880477613359,0.0,0.512,100000000.0,0.0,0.0,0.0,0.0,,-0.9816498172140428,0.0,4,0.0,0.0,0.0,0.0,67.54207005724311,0.03166219022875463,520037.36543688073,1.7085713966933176,1.7085713966933176,1389.7063016187124,2228224.0,22282240.0,148,0.09863750533631135,1389.7063016187124,1.0,4938.257946774671,20971520.0,1310720.0,False,0.12919395975609585,1.189920343357036,0.32403395658340384,0.55,5,5.0,6.0,0.03,2,4,593.291500045018,0.17211779900494117,0.573081377443594,,,,,,0.0,2,0.9816498172140428,-1.7085713966933176,delay_only,2097152.0,20971520.0,0.0,0.0,1,,0,1708.5713966933176,0.196875,3.2784522771835327,1642.3801746402964,1252.6291388768911,2228224.0,22282240.0,10,2
20971520.0,1310720.0,2866.289726651509,2,1.0,0.0,0.0,0.0,0.0,0.232379000772445,0.0,0.13199999999999998,20000000.0,0.0,0.0,0.0,0.0,,-0.9939209163101398,0.0,4,0.0,0.0,0.0,0.0,65.99501008167863,0.08213582086418073,520037.36543688073,4.938257946774671,4.938257946774671,2770.9182409736827,2228224.0,22282240.0,148,-0.034418729599294866,2770.9182409736823,1.0,4938.257946774671,20971520.0,1310720.0,False,0.12100968498173376,1.1145403869873824,0.2798127493523024,0.14,5,5.0,6.0,0.07,2,4,2335.2150629698835,-0.21889095717588586,0.1572414413247703,,,,,,0.0,2,0.9939209163101398,-4.938257946774671,delay_only,2097152.0,20971520.0,0.0,0.0,2,,0,4938.257946774671,0.225,3.2597628831863403,4872.692535307566,2866.289726651509,2228224.0,22282240.0,10,2
20971520.0,1310720.0,648.563593867738,2,1.0000000000000002,0.0,0.0,0.0,0.0,0.3660601043544625,0.0,0.20199999999999996,100000000.0,0.0,0.0,-2.220446049250313e-16,2.220446049250313e-16,,-0.9816498172140428,0.0,4,0.0,0.0,0.0,0.0,64.53937757760286,0.0228341010389791,520037.36543688073,1.1419218440722654,1.1419218440722654,653.4614680549463,2228224.0,22282240.0,148,0.0074952761970603155,653.4614680549463,1.0,4938.257946774671,20971520.0,1310720.0,False,0.12238997291042927,1.1272533086219982,0.3153122672478381,0.16,5,5.0,6.0,0.06,2,4,508.2496685886387,0.03372917493763822,0.22221937568642905,,,,,,2.220446049250313e-16,2,0.9816498172140428,-1.1419218440722656,delay_only,2097152.0,20971520.0,0.0,0.0,3,,0,1141.9218440722655,0.1765625,3.202407419681549,1077.3824664946626,648.5635938677381,2228224.0,22282240.0,10,2
20971520.0,1310720.0,571.9917944170057,7,1.0,0.0,0.0,0.0,0.0,0.3687817782917154,0.0,0.16999999999999996,100000000.0,0.0,0.0,0.0,0.0,,-0.937436866561092,0.0,4,0.0,0.0,0.0,0.0,67.71988328546286,0.02190839102351857,526485.825466946,1.0841915363891754,1.0841915363891754,667.0552925723648,2228224.0,22282240.0,149,0.14251217135054245,667.0552925723648,1.0,6448.46003006531,20971520.0,1310720.0,False,0.13580601296111774,1.2508196039329036,0.35448358683372605,0.19,5,5.0,6.0,0.07,2,4,478.79137404718693,0.5049480479322199,0.2822313541643241,,,,,,0.0,2,0.937436866561092,-1.0841915363891754,delay_only,2097152.0,20971520.0,0.0,0.0,1,,0,1084.1915363891753,0.240625,3.0372111201286316,1018.1370255051885,571.9917944170057,2228224.0,22282240.0,10,2
20971520.0,1310720.0,4138.712900353336,2,1.0,0.0,0.0,0.0,0.0,0.8197560612767679,0.0,0.352,20000000.0,0.0,0.0,0.0,0.0,,-0.9785579990862869,0.0,4,0.0,0.0,0.0,0.0,66.9609410688281,0.10571092326557004,526485.825466946,6.44846003006531,6.44846003006531,4891.60036211691,2228224.0,22282240.0,149,0.15391434418770683,4891.60036211691,1.0,6448.46003006531,20971520.0,1310720.0,False,0.12749048901103074,1.1742307979812825,0.3096579549658314,0.33,5,5.0,6.0,0.05,2,4,2790.558245682843,0.35834001416468025,0.42952039432853656,,,,,,0.0,2,0.9785579990862869,-6.44846003006531,delay_only,2097152.0,20971520.0,0.0,0.0,2,,0,6448.46003006531,0.234375,3.1623129546642303,6381.499088996482,4138.712900353337,2228224.0,22282240.0,10,2
20971520.0,1310720.0,702.6361860812034,2,1.0,0.0,0.0,0.0,0.0,0.282842712474619,0.0,0.16,100000000.0,0.0,0.0,0.0,0.0,,-0.9969650916353059,0.0,4,0.0,0.0,0.0,0.0,64.48088167235255,0.02356590465203008,526485.825466946,1.1886987794022779,1.1886987794022779,666.0257744692648,2228224.0,22282240.0,149,-0.05496846070426085,666.0257744692647,1.0,6448.46003006531,20971520.0,1310720.0,False,0.12521904922010293,1.1533100643723868,0.3283406451426319,0.15,5,5.0,6.0,0.06,2,4,537.3794243167248,-0.28458181338629973,0.19315521273190092,,,,,,0.0,2,0.9969650916353059,-1.1886987794022779,delay_only,2097152.0,20971520.0,0.0,0.0,3,,0,1188.6987794022778,0.2,3.2198636531829834,1124.2178977299252,702.6361860812033,2228224.0,22282240.0,10,2
20971520.0,1310720.0,709.9278352343299,7,1.0,0.0,0.0,0.0,0.0,0.6228964600958975,0.0,0.276,100000000.0,0.0,0.0,0.0,0.0,,-0.9816498172140428,0.0,4,0.0,0.0,0.0,0.0,66.83168141171336,0.023877201800861184,531907.968832532,1.2107420794284505,1.2107420794284505,829.8418663122613,2228224.0,22282240.0,150,0.1445022671738869,829.8418663122612,1.0,5422.143365585989,20971520.0,1310720.0,False,0.12788102655037414,1.1778277816466691,0.31798767559445545,0.27,5,5.0,6.0,0.06,2,4,517.6109282072277,0.3840555705520528,0.3762535379090455,,,,,,0.0,2,0.9816498172140428,-1.2107420794284505,delay_only,2097152.0,20971520.0,0.0,0.0,1,0.1984375,0,1210.7420794284506,0.2453125,3.0166681706905365,1144.1409152551157,709.92783523433,2228224.0,22282240.0,10,2
20971520.0,1310720.0,3250.9088524737913,2,1.0,0.0,0.0,0.0,0.0,0.6016643582596529,0.0,0.26,20000000.0,0.0,0.0,0.0,0.0,,-0.9847319278346618,0.0,4,0.0,0.0,0.0,0.0,64.45529963821173,0.08973497040671354,531907.968832532,5.422143365585989,5.422143365585989,3903.066116357647,2228224.0,22282240.0,150,0.16708844904027673,3903.066116357647,1.0,5422.143365585989,20971520.0,1310720.0,False,0.12062008311613548,1.1109520211956654,0.27801856652966117,0.27,5,5.0,6.0,0.06,2,4,2433.189389606813,0.44368160405223284,0.3765953952434009,,,,,,0.0,2,0.9847319278346618,-5.422143365585989,delay_only,2097152.0,20971520.0,0.0,0.0,2,0.1984375,0,5422.143365585989,0.2421875,3.1263131201267242,5359.038106029666,3250.908852473791,2228224.0,22282240.0,10,2
20971520.0,1310720.0,688.6673772743143,2,1.0,0.0,0.0,0.0,0.0,0.6340346993658943,0.0,0.282,100000000.0,0.0,0.0,0.0,0.0,,-0.9566355184455129,0.0,4,0.0,0.0,0.0,0.0,66.81899446994066,0.024209018395959805,531907.968832532,1.232196171811368,1.232196171811368,814.0405570519972,2228224.0,22282240.0,150,0.15401343175297671,814.0405570519972,1.0,5422.143365585989,20971520.0,1310720.0,False,0.1317374985724291,1.2133472016047988,0.35835921375832386,0.24,5,5.0,6.0,0.06,2,4,519.0811150653816,0.425052267977141,0.36233998347059626,,,,,,0.0,2,0.9566355184455129,-1.232196171811368,delay_only,2097152.0,20971520.0,0.0,0.0,3,0.1984375,0,1232.196171811368,0.1875,3.2412703037261963,1165.3771773414273,688.6673772743143,2228224.0,22282240.0,10,2
