available_migs,bandwidth_allocation_sum,bandwidth_hz,bandwidth_unused,bandwidth_violation,cluster_size_violation,compute_delay_ms,delay,epoch,is_warmup,kl_sum,penalty,reward,station_id,test_accuracy,total_delay_ms,train_accuracy,train_loss,tx_delay_ms,vehicle_count
2,0.9999440908432007,100000000.0,5.5909156799316406e-05,0.0,0.0,365.46140001155436,88.41337284305754,1,True,1.6903515909254379,0.0,-45.05186221699149,1,,88413.37284305754,0.0265625,4.561935329437256,88321.09634310163,10
2,0.9999731183052063,100000000.0,2.6881694793701172e-05,0.0,0.0,337.66910003032535,25.812922037801926,1,True,0.2580888585322012,0.0,-13.035505448167063,2,,25812.922037801927,0.01875,4.673875093460083,25475.252937771602,10
2,0.9999348521232605,100000000.0,6.514787673950195e-05,0.0,0.0,263.68590007768944,597.4485317603217,1,True,1.5000942326121907,0.0,-299.47431299646695,3,,597448.5317603217,0.0171875,4.623359727859497,597184.845860244,10
2,0.999920666217804,100000000.0,7.933378219604492e-05,0.0,0.0,265.02379996236414,61.73163256279038,2,True,1.6418686111275824,0.0,-31.686750586958983,1,,61731.63256279038,0.028125,4.393153786659241,61466.608762828015,10
2,0.9999937415122986,100000000.0,6.258487701416016e-06,0.0,0.0,265.608899993822,1603.769542819819,2,True,1.4948350575244018,0.0,-802.6321889386717,2,,1603769.542819819,0.0109375,4.476335883140564,1603696.8908198164,10
2,0.9999960660934448,100000000.0,3.933906555175781e-06,0.0,0.0,335.36190004087985,951.1429059309614,2,True,0.2725029520760624,0.0,-475.70770444151873,3,,951142.9059309615,0.0328125,4.445938229560852,950807.5440309206,10
2,0.9994537234306335,100000000.0,0.0005462765693664551,0.0,0.0,264.1247999272309,2.895713312873586,3,True,1.5070664786867494,0.0,-2.2013898957801676,1,,2895.713312873586,0.0359375,4.393874931335449,2631.588512946355,10
2,0.9999644756317139,100000000.0,3.552436828613281e-05,0.0,0.0,295.4627000144683,207.22908482035365,3,True,1.9206827485103184,0.0,-104.57488378443199,2,,207229.08482035366,0.025,4.451477265357971,206933.6221203392,10
2,0.9999242424964905,100000000.0,7.575750350952148e-05,0.0,0.0,294.6174000389874,91.77195290477242,3,True,2.2325992085394697,0.0,-47.002276056655944,3,,91771.95290477242,0.0265625,4.424030232429504,91477.33550473343,10
2,0.9999822378158569,100000000.0,1.7762184143066406e-05,0.0,0.0,265.7358999713324,656.6179943112255,4,True,1.5083745833249065,0.0,-329.0631844472752,1,,656617.9943112255,0.03125,4.341024422645569,656545.74731128,10
2,0.9999642968177795,100000000.0,3.5703182220458984e-05,0.0,0.0,337.9625999950804,48.55649681126646,4,True,0.2580888585322012,0.0,-24.407292834899334,2,,48556.496811266465,0.0140625,4.480430722236633,48218.534211271384,10
2,0.9999608993530273,100000000.0,3.910064697265625e-05,0.0,0.0,266.56279992312193,513.1648689029554,4,True,1.4702399526522272,0.0,-257.3175544278038,3,,513164.8689029554,0.0296875,4.450196719169616,512898.30610303226,10
2,0.999988317489624,100000000.0,1.1682510375976562e-05,0.0,0.0,336.94459998514503,535.7862835625392,5,True,0.3193326949041095,0.0,-268.05280812872167,1,,535786.2835625393,0.03125,4.390778303146362,535449.3389625541,10
2,0.9999990463256836,100000000.0,9.5367431640625e-07,0.0,0.0,196.6400000383146,43248.72358686389,5,True,1.18160485907012,0.0,-21624.95259586148,2,,43248723.58686389,0.0234375,4.509182167053223,43248583.599363856,10
2,0.9999083876609802,100000000.0,9.161233901977539e-05,0.0,0.0,229.09189999336377,81.48915673074706,5,True,1.3465620823483588,0.0,-41.417859406547706,3,,81489.15673074705,0.0421875,4.437450695037842,81375.24763079753,10
2,0.9998962879180908,100000000.0,0.00010371208190917969,0.0,0.0,228.71850000228733,88.6060162636872,6,False,1.3969215379758664,0.0,-45.00146890083153,1,,88606.0162636872,0.0296875,4.400743091106415,88377.29776368491,10
2,0.9999672174453735,100000000.0,3.2782554626464844e-05,0.0,0.0,226.81449993979186,167.9267421682042,6,False,1.3409199178844116,0.0,-84.63383104304431,2,,167926.74216820422,0.025,4.476024436950683,167830.2825682357,10
2,0.9999306797981262,100000000.0,6.93202018737793e-05,0.0,0.0,226.6430000308901,38.866427453423796,6,False,1.251511168822491,0.0,-20.058969311123143,3,,38866.4274534238,0.0359375,4.339183449745178,38639.78445339291,10
2,0.9999929666519165,100000000.0,7.033348083496094e-06,0.0,0.0,266.0255000228062,394.2034778450552,7,False,1.6662806311430454,0.0,-197.93487923809911,1,,394203.4778450552,0.0453125,4.380009293556213,393937.4523450324,10
2,0.9999788403511047,100000000.0,2.1159648895263672e-05,0.0,0.0,295.5484999692999,106.56400902009374,7,False,1.72055720178205,0.0,-54.142283110937896,2,,106564.00902009374,0.034375,4.430776214599609,106268.46052012444,10
2,0.999779462814331,100000000.0,0.0002205371856689453,0.0,0.0,264.4641000078991,9.7240190630938,7,False,1.6723572363068375,0.0,-5.698188149700319,3,,9724.019063093801,0.05625,4.381724452972412,9652.027363171437,10
2,0.9998754262924194,100000000.0,0.0001245737075805664,0.0,0.0,267.7796999341808,208.0103983146778,8,False,1.5477341477021294,0.0,-104.77906623118996,1,,208010.3983146778,0.0296875,4.352461624145508,207742.6186147436,10
2,0.9999822974205017,100000000.0,1.7702579498291016e-05,0.0,0.0,295.50349997589365,418.97922599489743,8,False,1.72055720178205,0.0,-210.34989159833975,2,,418979.2259948974,0.0484375,4.386545658111572,418683.72249492153,10
2,0.9999898076057434,100000000.0,1.0192394256591797e-05,0.0,0.0,267.29329995578155,537.4968172681502,8,False,1.5521338885458023,0.0,-269.52447557834796,3,,537496.8172681502,0.0390625,4.380833625793457,537422.2792680475,10
2,0.9999748468399048,100000000.0,2.5153160095214844e-05,0.0,0.0,266.1480999086052,250.14155896263577,9,False,1.5625381724110554,0.0,-125.85204856752341,1,,250141.55896263578,0.040625,4.316997313499451,249875.41086272718,10
2,0.9999849796295166,100000000.0,1.5020370483398438e-05,0.0,0.0,229.89250003593042,284.7945317609927,9,False,1.3037626939113025,0.0,-143.049147227452,2,,284794.5317609927,0.0234375,4.435640919208526,284697.2540609648,10
2,0.9999806880950928,100000000.0,1.9311904907226562e-05,0.0,0.0,299.0029000211507,725.8129249178075,9,False,2.098076853782849,0.0,-363.9555008857952,3,,725812.9249178076,0.0453125,4.3628139853477474,725513.9220177864,10
2,0.9996324181556702,100000000.0,0.000367581844329834,0.0,0.0,297.6209999760613,31.515624631165092,10,False,2.0841851173281243,0.0,-16.799904874246607,1,0.0078125,31515.624631165094,0.028125,4.342047727108001,31218.003631189033,10
2,0.9999663829803467,100000000.0,3.361701965332031e-05,0.0,0.0,295.8550999755971,59.219493713813506,10,False,2.406789638557018,0.0,-30.81314167618526,2,0.0078125,59219.49371381351,0.025,4.418301343917847,58923.63861383791,10
2,0.9999901652336121,100000000.0,9.834766387939453e-06,0.0,0.0,268.27960001537576,42.195170068073736,10,False,1.7230898684000584,0.0,-21.959129968236898,3,0.0078125,42195.170068073734,0.0609375,4.32092387676239,41926.89046805836,10
2,0.9999949336051941,100000000.0,5.066394805908203e-06,0.0,0.0,228.23019995121285,780.4534396104327,11,False,1.3958780399997244,0.0,-390.9246588252162,1,,780453.4396104327,0.0203125,4.496900355815887,780225.2094104815,10
2,0.999918520450592,100000000.0,8.147954940795898e-05,0.0,0.0,266.0531000001356,175.88073771609513,11,False,1.6240351926187946,0.0,-88.75238645435697,2,,175880.73771609511,0.01875,4.589173364639282,175614.68461609498,10
2,0.9998318552970886,100000000.0,0.00016814470291137695,0.0,0.0,339.42610007943586,49.46441463072852,11,False,0.2725029520760624,0.0,-24.86845879140229,3,,49464.41463072852,0.015625,4.546293258666992,49124.98853064908,10
2,0.9999717473983765,100000000.0,2.8252601623535156e-05,0.0,0.0,298.2633000356145,571.0019147621025,12,False,2.046723855564486,0.0,-286.52431930883347,1,,571001.9147621025,0.03125,4.362301468849182,570945.1524620783,10
2,0.9999646544456482,100000000.0,3.534555435180664e-05,0.0,0.0,295.0842999853194,488.9281911731061,12,False,2.176021999714165,0.0,-245.55210658641013,2,,488928.1911731061,0.028125,4.479027795791626,488633.10687312076,10
2,0.9999950528144836,100000000.0,4.947185516357422e-06,0.0,0.0,339.45240010507405,324.4163672167185,12,False,0.2725029520760624,0.0,-162.3444350843973,3,,324416.3672167185,0.03125,4.400441884994507,324076.9148166134,10
2,0.9998388290405273,100000000.0,0.00016117095947265625,0.0,0.0,344.5611000061035,131.05849164837872,13,False,1.6198556746296897,0.0,-66.3391736615042,1,,131058.49164837872,0.0265625,4.411598753929138,130713.93054837262,10
2,0.999854564666748,100000000.0,0.00014543533325195312,0.0,0.0,270.17309999791905,364.69804232393506,13,False,1.405139381326032,0.0,-183.05159085263054,2,,364698.0423239351,0.015625,4.414460968971253,364427.86922393716,10
2,0.999843418598175,100000000.0,0.00015658140182495117,0.0,0.0,263.345799932722,292.66165730549613,13,False,1.5566952475570621,0.0,-147.1091762765266,3,,292661.65730549616,0.025,4.443822717666626,292588.4366054124,10
2,0.9994505643844604,100000000.0,0.0005494356155395508,0.0,0.0,191.89120002556592,20.60034997235932,14,False,1.2352524448303317,0.0,-10.917801208594828,1,,20600.349972359323,0.03125,4.443558979034424,20408.458772333757,10
2,0.9997596740722656,100000000.0,0.000240325927734375,0.0,0.0,229.29210000438616,7.005801982049691,14,False,1.2609426935850578,0.0,-4.133372337817375,2,,7005.801982049691,0.01875,4.425142478942871,6776.509882045305,10
2,0.9999778866767883,100000000.0,2.2113323211669922e-05,0.0,0.0,265.59950003866106,215.88525900025942,14,False,1.6190230390163727,0.0,-108.7521410196379,3,,215885.25900025942,0.015625,4.437813305854798,215619.65950022076,10
2,0.9998089671134949,100000000.0,0.00019103288650512695,0.0,0.0,227.4751999648288,17.38213391385786,15,False,1.4344650868650264,0.0,-9.408299500361442,1,,17382.13391385786,0.028125,4.367837119102478,17154.65871389303,10
2,0.9999424815177917,100000000.0,5.751848220825195e-05,0.0,0.0,227.66729997238144,38.9775555803669,15,False,1.3842851110495789,0.0,-20.180920345708238,2,,38977.5555803669,0.028125,4.4713577151298525,38882.27518035521,10
2,0.9999257326126099,100000000.0,7.426738739013672e-05,0.0,0.0,265.01990004908293,21.577985121286382,15,False,1.4144627835456278,0.0,-11.496223952416004,3,,21577.985121286383,0.0390625,4.3938751220703125,21312.9652212373,10
2,0.9999448657035828,100000000.0,5.513429641723633e-05,0.0,0.0,264.38189996406436,19.300117642392944,16,False,1.7761657710174743,0.0,-10.53814170670521,1,,19300.117642392943,0.028125,4.357200765609742,19035.73574242888,10
2,0.9999914765357971,100000000.0,8.52346420288086e-06,0.0,0.0,192.18319992069155,205.67982534818196,16,False,1.1686776979494602,0.0,-103.4242515230657,2,,205679.82534818197,0.01875,4.3960556268692015,205553.51034818063,10
2,0.9999639987945557,100000000.0,3.600120544433594e-05,0.0,0.0,228.94729994004592,1222.1214715747233,16,False,1.3300322190624334,0.0,-611.7257518968928,3,,1222121.4715747233,0.0296875,4.35777702331543,1221892.5242747832,10
2,0.999893844127655,100000000.0,0.0001061558723449707,0.0,0.0,264.3131000222638,134.91853003733178,17,False,1.7561147878797057,0.0,-68.33732241260574,1,,134918.53003733177,0.040625,4.337132740020752,134654.2169373095,10
2,0.9998824596405029,100000000.0,0.00011754035949707031,0.0,0.0,266.58749993657693,95.49054754229516,17,False,1.7263362528493413,0.0,-48.60844189757225,2,,95490.54754229516,0.0234375,4.460661840438843,95223.96004235858,10
2,0.999577522277832,100000000.0,0.00042247772216796875,0.0,0.0,338.2296001072973,2.305142978710028,17,False,0.2725029520760624,0.0,-1.2888229653930452,3,,2305.1429787100283,0.0234375,4.423794388771057,1966.9133786027307,10
2,0.999919593334198,100000000.0,8.040666580200195e-05,0.0,0.0,298.8789000082761,813.826241252659,18,False,2.2137707018911508,0.0,-408.02000597727505,1,,813826.241252659,0.0296875,4.342806100845337,813527.3623526507,10
2,0.9999902844429016,100000000.0,9.715557098388672e-06,0.0,0.0,265.2303000795655,108.71138983387712,18,False,1.6427515007669888,0.0,-55.177070667322056,2,,108711.38983387713,0.0421875,4.359590148925781,108446.15953379756,10
2,0.9998571276664734,100000000.0,0.00014287233352661133,0.0,0.0,265.87290002498776,8.892126988688602,18,False,1.6061402717832551,0.0,-5.249133630235929,3,,8892.126988688602,0.0328125,4.403546738624573,8626.254088663614,10
2,0.99998539686203,100000000.0,1.4603137969970703e-05,0.0,0.0,239.61469996720552,905.3231698337497,19,False,1.3400426254710143,0.0,-453.3316062296104,1,,905323.1698337498,0.034375,4.301339268684387,905083.5551337826,10
2,0.9999010562896729,100000000.0,9.894371032714844e-05,0.0,0.0,262.30880012735724,10.908106708023006,19,False,1.6427515007669888,0.0,-6.2754291043949975,2,,10908.106708023006,0.0265625,4.39809217453003,10645.797907895649,10
2,0.9998378157615662,100000000.0,0.0001621842384338379,0.0,0.0,295.31750007299706,126.16136951516708,19,False,1.96324807167325,0.0,-64.06230879342017,3,,126161.36951516708,0.0421875,4.374138927459716,125866.05201509409,10
2,0.999985933303833,100000000.0,1.4066696166992188e-05,0.0,0.0,291.2588999606669,75.63554562218775,20,False,2.2425180617408436,0.0,-38.939031841964294,1,0.0171875,75635.54562218775,0.0546875,4.27574315071106,75344.28672222709,10
2,0.9999905228614807,100000000.0,9.47713851928711e-06,0.0,0.0,264.99639998655766,766.7030903604602,20,False,1.6705522654192442,0.0,-384.18682131293974,2,0.0171875,766703.0903604602,0.05,4.3654128313064575,766438.0939604737,10
2,0.9999079704284668,100000000.0,9.202957153320312e-05,0.0,0.0,192.00139999156818,31.74517444262936,20,False,1.2119860850782738,0.0,-16.478580263853818,3,0.0171875,31745.17444262936,0.0421875,4.329511737823486,31616.640742613963,10
2,0.9999656677246094,100000000.0,3.4332275390625e-05,0.0,0.0,227.73840004811063,646.8648990279228,21,False,1.5154230993502291,0.0,-324.1901610636365,1,,646864.8990279228,0.01875,4.505548775196075,646768.8116279362,10
2,0.9998493194580078,100000000.0,0.0001506805419921875,0.0,0.0,229.79840001789853,18.496434315705063,21,False,1.2866549848576554,0.0,-9.891544650281359,2,,18496.434315705064,0.0328125,4.524917197227478,18400.758815711688,10
2,0.9998611807823181,100000000.0,0.00013881921768188477,0.0,0.0,340.5373000423424,161.65416117268384,21,False,0.2725029520760624,0.0,-80.96333206237995,3,,161654.16117268385,0.028125,4.540123701095581,161313.6238726415,10
2,0.9999748468399048,100000000.0,2.5153160095214844e-05,0.0,0.0,229.29190000286326,44.10140477779496,22,False,1.3425878885855937,0.0,-22.721996333190276,1,,44101.40477779496,0.034375,4.294452273845673,43872.1128777921,10
2,0.9999798536300659,100000000.0,2.014636993408203e-05,0.0,0.0,265.83449996542186,1136.213422025424,22,False,1.4920188751142904,0.0,-568.8527204502692,2,,1136213.422025424,0.0484375,4.336462903022766,1135947.5875254585,10
2,0.9999302625656128,100000000.0,6.973743438720703e-05,0.0,0.0,191.37060001958162,87.5995326695968,22,False,1.2795973233057347,0.0,-44.43956499645127,3,,87599.5326695968,0.04375,4.363652324676513,87408.16206957721,10
2,0.9998593926429749,100000000.0,0.00014060735702514648,0.0,0.0,342.9249000037089,15.527110635860929,23,False,0.3193326949041095,0.0,-7.923221665382519,1,,15527.110635860929,0.0421875,4.305561661720276,15184.18573585722,10
2,0.9998782873153687,100000000.0,0.00012171268463134766,0.0,0.0,191.5939999744296,11.331275875524504,23,False,1.2100772378114084,0.0,-6.270676556667956,2,,11331.275875524505,0.028125,4.347639584541321,11204.36047549162,10
2,0.9999649524688721,100000000.0,3.504753112792969e-05,0.0,0.0,267.958200071007,221.52926172165476,23,False,1.4680967890727388,0.0,-111.49867925536375,3,,221529.26172165477,0.0375,4.3532897472381595,221455.1658217171,10
2,0.9999642968177795,100000000.0,3.5703182220458984e-05,0.0,0.0,340.96259996294975,62.42970984702271,24,False,0.3193326949041095,0.0,-31.37452127096341,1,,62429.70984702271,0.0328125,4.267032504081726,62088.74724705976,10
2,0.9999758005142212,100000000.0,2.4199485778808594e-05,0.0,0.0,267.7957999985665,62.74102834779221,24,False,1.5396890046567666,0.0,-32.14035867622449,2,,62741.028347792206,0.0578125,4.2702172040939335,62473.23254779364,10
2,0.9999455809593201,100000000.0,5.441904067993164e-05,0.0,0.0,266.9888000236824,55.562671996192925,24,False,1.6723572363068375,0.0,-28.61751461624988,3,,55562.67199619293,0.053125,4.302199482917786,55490.15679618429,10
2,0.9999601244926453,100000000.0,3.987550735473633e-05,0.0,0.0,230.67039996385574,20.916675079211622,25,False,1.3624108775294856,0.0,-11.139542978370553,1,,20916.67507921162,0.053125,4.2265536189079285,20694.042879278335,10
2,0.9999561309814453,100000000.0,4.38690185546875e-05,0.0,0.0,192.45949998730794,150.47187757043605,25,False,1.295356415159937,0.0,-75.883616992798,2,,150471.87757043605,0.05,4.255537760257721,150348.20977039373,10
2,0.9998919367790222,100000000.0,0.0001080632209777832,0.0,0.0,226.94839996984228,16.335331481149698,25,False,1.2484209365904044,0.0,-8.79187620887005,3,,16335.331481149698,0.0578125,4.291504848003387,16108.383081179856,10
2,0.9998433589935303,100000000.0,0.00015664100646972656,0.0,0.0,167.56959998747334,67.2726158627679,26,False,1.2014829530636835,0.0,-34.2370494079158,1,,67272.61586276791,0.059375,4.153814494609833,67105.04626278044,10
2,0.9999374747276306,100000000.0,6.252527236938477e-05,0.0,0.0,267.2497000894509,23.42050458489345,26,False,1.5122292354212696,0.0,-12.46636691015736,2,,23420.50458489345,0.0421875,4.234213519096374,23153.254884804,10
2,0.9999699592590332,100000000.0,3.0040740966796875e-05,0.0,0.0,229.1580000310205,194.7277685244619,26,False,1.290444115263015,0.0,-98.00910631986247,3,,194727.76852446192,0.040625,4.260757207870483,194628.94412447282,10
2,0.9999715089797974,100000000.0,2.849102020263672e-05,0.0,0.0,229.21449999557808,91.18283498267023,27,False,1.4078655681635817,0.0,-46.29535027541691,1,,91182.83498267023,0.053125,4.0423548579216,91086.11398269035,10
2,0.9999914169311523,100000000.0,8.58306884765625e-06,0.0,0.0,230.33769999165088,83.44934561474199,27,False,1.2941376647305447,0.0,-42.371741639736264,2,,83449.345614742,0.0515625,4.193392014503479,83219.00791475034,10
2,0.9999803900718689,100000000.0,1.9609928131103516e-05,0.0,0.0,161.8342999718152,98.12653663981855,27,False,1.146045205476892,0.0,-49.636290922647724,3,,98126.53663981856,0.0546875,4.201586127281189,97964.70233984674,10
2,0.9998571872711182,100000000.0,0.00014281272888183594,0.0,0.0,192.67060002312064,11.681866171362335,28,False,1.3096442226861564,0.0,-6.495755197024246,1,,11681.866171362335,0.053125,4.0814735174179075,11489.195571339214,10
2,0.9999858140945435,100000000.0,1.4185905456542969e-05,0.0,0.0,264.84169997274876,38.782179692559076,28,False,1.5396890046567666,0.0,-20.16093434860792,2,,38782.179692559075,0.075,4.055948948860168,38517.33799258633,10
2,0.999919593334198,100000000.0,8.040666580200195e-05,0.0,0.0,230.18339998088777,15.711302303274788,28,False,1.2559490839807819,0.0,-8.483625693627785,3,,15711.302303274788,0.0515625,4.279893243312836,15481.1189032939,10
2,0.9999723434448242,100000000.0,2.765655517578125e-05,0.0,0.0,190.14840002637357,91.566667581955,29,False,1.279626134058835,0.0,-46.423146858006916,1,,91566.667581955,0.0515625,4.046016645431519,91376.51918192863,10
2,0.9997970461845398,100000000.0,0.00020295381546020508,0.0,0.0,164.12099997978657,8.3234167297713,29,False,1.2043540364076444,0.0,-4.763885383089471,2,,8323.4167297713,0.06875,4.15891095995903,8159.295729791513,10
2,0.9999703168869019,100000000.0,2.968311309814453e-05,0.0,0.0,192.95049994252622,93.8940400386013,29,False,1.1860108657215318,0.0,-47.540025452161416,3,,93894.0400386013,0.046875,4.238567423820496,93701.08953865878,10
2,0.999947190284729,100000000.0,5.2809715270996094e-05,0.0,0.0,164.85240001929924,191.23811093740082,30,False,1.1834560245811232,0.0,-96.21078348099097,1,0.03828125,191238.1109374008,0.0609375,4.082447916269302,191073.2585373815,10
2,0.9999721646308899,100000000.0,2.7835369110107422e-05,0.0,0.0,228.5562000470236,37.093835754174556,30,False,1.1260156868590272,0.0,-19.10992572051679,2,0.03828125,37093.83575417456,0.0359375,4.134048342704773,36865.27955412753,10
2,0.9999968409538269,100000000.0,3.159046173095703e-06,0.0,0.0,163.11269998550415,741.5249972948291,30,False,1.154792649343575,0.0,-371.3398949720863,3,0.03828125,741524.9972948291,0.0609375,4.171876639127731,741361.8845948436,10
2,0.9999494552612305,100000000.0,5.054473876953125e-05,0.0,0.0,343.4355999925174,57.039669372291506,31,False,1.4006704742749316,0.0,-29.22016992328322,1,,57039.66937229151,0.0375,4.248296022415161,56949.53967220962,10
2,0.9999855160713196,100000000.0,1.4483928680419922e-05,0.0,0.0,264.5274000824429,78.11930161442034,31,False,1.5648035684440167,0.0,-39.84205259143218,2,,78119.30161442034,0.034375,4.30811116695404,77854.7742143379,10
2,0.9999704957008362,100000000.0,2.950429916381836e-05,0.0,0.0,190.26510004187003,18.724296972468874,31,False,1.1676005763695256,0.0,-9.9459487744192,3,,18724.296972468874,0.04375,4.327431464195252,18534.031872427004,10
2,0.9999228119850159,100000000.0,7.718801498413086e-05,0.0,0.0,163.5251000407152,11.07866842184525,32,False,1.2508727064735066,0.0,-6.164770564159379,1,,11078.66842184525,0.065625,4.117738872766495,10919.592021802273,10
2,0.9996470212936401,100000000.0,0.0003529787063598633,0.0,0.0,266.29769994178787,10.175277300867716,32,False,1.625007399067342,0.0,-5.900142349967529,2,,10175.277300867716,0.04375,4.089011001586914,9908.979600925928,10
2,0.999941885471344,100000000.0,5.811452865600586e-05,0.0,0.0,163.0677999346517,35.23895800886723,32,False,1.1962374499555406,0.0,-18.217597729411384,3,,35238.95800886723,0.0765625,4.074643969535828,35075.89020893258,10
2,0.9999052286148071,100000000.0,9.47713851928711e-05,0.0,0.0,298.2567999861203,38.544915544863976,33,False,2.2137707018911508,0.0,-20.379343123377563,1,,38544.91554486397,0.0625,4.093296825885773,38246.65874487785,10
2,0.999958872795105,100000000.0,4.112720489501953e-05,0.0,0.0,164.11869990406558,44.591004197382944,33,False,1.1757753813743066,0.0,-22.883389789378626,2,,44591.00419738294,0.0578125,4.174154192209244,44426.88549747888,10
2,0.9996386170387268,100000000.0,0.00036138296127319336,0.0,0.0,229.17190002044663,15.36918481802545,33,False,1.4006574031446668,0.0,-8.384921110585058,3,,15369.184818025451,0.0578125,4.167981040477753,15140.012918005004,10
2,0.9996631741523743,100000000.0,0.0003368258476257324,0.0,0.0,267.5541000207886,11.872883006104438,34,False,1.743488390403223,0.0,-6.808185698253831,1,,11872.883006104437,0.05625,4.003731775283813,11605.328906083649,10
2,0.9997036457061768,100000000.0,0.0002963542938232422,0.0,0.0,192.27829994633794,29.355248065705485,34,False,1.2189835789169776,0.0,-15.28711582231123,2,,29355.248065705484,0.05,4.091383600234986,29230.03766573321,10
2,0.9999644160270691,100000000.0,3.55839729309082e-05,0.0,0.0,228.48710004473105,112.25822846069308,34,False,1.4233612253087788,0.0,-56.84079484300093,3,,112258.22846069308,0.0671875,4.03854079246521,112160.59676064718,10
2,0.999701976776123,100000000.0,0.0002980232238769531,0.0,0.0,265.34170005470514,7.309557879388037,35,False,1.5164487125854014,0.0,-4.413003295986719,1,,7309.557879388037,0.065625,3.9765876173973083,7044.216179333332,10
2,0.999958336353302,100000000.0,4.166364669799805e-05,0.0,0.0,192.2768999938853,30.10804960607531,35,False,1.2000702286486749,0.0,-15.654059917361991,2,,30108.049606075307,0.04375,4.105269050598144,29915.77270608142,10
2,0.9996984004974365,100000000.0,0.00030159950256347656,0.0,0.0,190.96610002452508,35.018368515337784,35,False,1.2088733388386708,0.0,-18.113620927088228,3,,35018.36851533778,0.0875,4.063525426387787,34827.402415313256,10
2,0.999963641166687,100000000.0,3.635883331298828e-05,0.0,0.0,227.28539997478947,26.205940841129138,36,False,1.4434907083281794,0.0,-13.82471577472866,1,,26205.940841129137,0.0875,4.033904498815536,25978.655441154347,10
2,0.9998379945755005,100000000.0,0.00016200542449951172,0.0,0.0,193.85559990769252,10.528638043832702,36,False,1.206511087240714,0.0,-5.867574565536708,2,,10528.638043832701,0.05625,4.045780301094055,10334.782443925009,10
2,0.9998927712440491,100000000.0,0.00010722875595092773,0.0,0.0,192.6705000223592,28.42018581240207,36,False,1.2573712283438363,0.0,-14.838778520372953,3,,28420.185812402073,0.0671875,4.11268367767334,28293.52671239993,10
2,0.9997510313987732,100000000.0,0.00024896860122680664,0.0,0.0,348.6492999945767,10.471955030620986,37,False,1.5321179211611886,0.0,-6.002036475891087,1,,10471.955030620986,0.0703125,4.063817644119263,10123.305730626409,10
2,0.9998878836631775,100000000.0,0.00011211633682250977,0.0,0.0,190.33289997605607,29.47612277122804,37,False,1.0955012536907245,0.0,-15.285812012459383,2,,29476.12277122804,0.06875,4.018828642368317,29285.789871251985,10
2,0.9999445676803589,100000000.0,5.543231964111328e-05,0.0,0.0,161.51150007499382,29.856099856368463,37,False,1.1418440228285525,0.0,-15.498971939598508,3,,29856.099856368462,0.0703125,4.0627725422382355,29696.756156443815,10
2,0.999937117099762,100000000.0,6.288290023803711e-05,0.0,0.0,193.58969997847453,38.37146222173079,38,False,1.248427234574991,0.0,-19.80994472815289,1,,38371.462221730784,0.0703125,3.9854390025138855,38243.76192183309,10
2,0.9997633695602417,100000000.0,0.00023663043975830078,0.0,0.0,193.50109988590702,12.47188637534076,38,False,1.2608213606703296,0.0,-6.866353868005545,2,,12471.88637534076,0.0921875,3.953874921798706,12348.642075321764,10
2,0.9999279379844666,100000000.0,7.206201553344727e-05,0.0,0.0,267.7541999728419,68.56659349825212,38,False,1.5925453500122129,0.0,-35.07956942413217,3,,68566.59349825211,0.0796875,4.069646286964416,68298.83929827927,10
2,0.9999116063117981,100000000.0,8.83936882019043e-05,0.0,0.0,300.2396999509074,19.652539262461083,39,False,2.0214061373195817,0.0,-10.836972699890332,1,,19652.539262461083,0.08125,3.934421342611313,19352.299562510176,10
2,0.9999258518218994,100000000.0,7.414817810058594e-05,0.0,0.0,195.40710002183914,27.32169050153842,39,False,1.1478556552557915,0.0,-14.234773078397106,2,,27321.690501538418,0.0796875,4.025947213172913,27126.28340151658,10
2,0.9998281002044678,100000000.0,0.00017189979553222656,0.0,0.0,194.70210000872612,43.08410131815393,39,False,1.2405446340836013,0.0,-22.162322976118762,3,,43084.101318153924,0.0765625,4.078529846668244,42889.3992181452,10
2,0.999886155128479,100000000.0,0.0001138448715209961,0.0,0.0,190.4779999749735,15.005982361475727,40,False,1.39263225991035,0.0,-8.199307310693039,1,0.04609375,15005.982361475728,0.071875,3.9765511035919188,14877.655661464925,10
2,0.9999618530273438,100000000.0,3.814697265625e-05,0.0,0.0,192.7859000279568,62.82355437497321,40,False,1.1785153752347952,0.0,-32.001034875104004,2,0.04609375,62823.55437497321,0.0703125,3.9988682866096497,62630.76847494525,10
2,0.9999791383743286,100000000.0,2.086162567138672e-05,0.0,0.0,193.50279995705932,257.78749484993887,40,False,1.193455430978643,0.0,-129.49047514045876,3,0.04609375,257787.49484993887,0.0859375,4.001606178283692,257593.9920499818,10
2,0.9999182224273682,100000000.0,8.177757263183594e-05,0.0,0.0,192.33659998280928,34.80044735866852,41,False,1.2702237449773492,0.0,-18.035335551822936,1,,34800.44735866852,0.065625,4.103277933597565,34674.467358715105,10
2,0.9998657703399658,100000000.0,0.0001342296600341797,0.0,0.0,191.78329996066168,13.210659908282219,41,False,1.2141246396074004,0.0,-7.212392273944809,2,,13210.65990828222,0.0609375,4.1472235202789305,13081.564808241206,10
2,0.9999570846557617,100000000.0,4.291534423828125e-05,0.0,0.0,194.9432999244891,43.82699408240641,41,False,1.2286256583890436,0.0,-22.527809870397725,3,,43826.99408240641,0.0609375,4.173804974555969,43632.05078248192,10
2,0.9996276497840881,100000000.0,0.00037235021591186523,0.0,0.0,231.54890001751482,4.511880497952504,42,False,1.3958780399997244,0.0,-2.953879268976114,1,,4511.880497952504,0.103125,3.933868044614792,4280.331597934989,10
2,0.9998716711997986,100000000.0,0.00012832880020141602,0.0,0.0,230.236999981571,13.651653570510266,42,False,1.447821003513741,0.0,-7.549737287012004,2,,13651.653570510267,0.078125,3.954919898509979,13421.416570528696,10
2,0.9999883770942688,100000000.0,1.1622905731201172e-05,0.0,0.0,269.05780006200075,116.0170005052485,42,False,1.5566952475570621,0.0,-58.78684787640278,3,,116017.0005052485,0.10625,3.954617941379547,115944.310105361,10
2,0.999988317489624,100000000.0,1.1682510375976562e-05,0.0,0.0,241.36089999228716,90.24292125170038,43,False,1.2059290726401506,0.0,-45.72442516217026,1,,90242.92125170038,0.0921875,3.9320009350776672,90019.78405164706,10
2,0.9997879266738892,100000000.0,0.00021207332611083984,0.0,0.0,194.32520004920661,5.4745281381749535,43,False,1.2286828123924027,0.0,-3.3516054752836784,2,,5474.528138174954,0.0859375,3.922155034542084,5280.202938125747,10
2,0.9999778270721436,100000000.0,2.2172927856445312e-05,0.0,0.0,192.50249996548519,80.70533040612025,43,False,1.269439320700458,0.0,-40.987384863410355,3,,80705.33040612025,0.0953125,3.9258705139160157,80576.45860620795,10
2,0.9998688697814941,100000000.0,0.00013113021850585938,0.0,0.0,229.20090006664395,14.075244842184574,44,False,1.5207685060989085,0.0,-7.7980066741417415,1,,14075.244842184575,0.075,3.9252700448036193,13846.04394211793,10
2,0.9998293519020081,100000000.0,0.00017064809799194336,0.0,0.0,267.4462000722997,9.18530612116834,44,False,1.488560538999893,0.0,-5.336933330084117,2,,9185.30612116834,0.0671875,3.9835738062858583,9111.184921212642,10
2,0.9999634027481079,100000000.0,3.6597251892089844e-05,0.0,0.0,162.2950000455603,31.862950480147187,44,False,1.196340643553396,0.0,-16.52964556185029,3,,31862.95048014719,0.096875,3.987502306699753,31700.65548010163,10
2,0.9999718070030212,100000000.0,2.8192996978759766e-05,0.0,0.0,230.96219991566613,91.70302835430022,45,False,1.3616874439106939,0.0,-46.532357899105456,1,,91703.02835430022,0.08125,3.8390036821365356,91472.06615438455,10
2,0.99992835521698,100000000.0,7.164478302001953e-05,0.0,0.0,191.02239998755977,68.67307733496774,45,False,1.2321072235340917,0.0,-34.952592279250915,2,,68673.07733496775,0.0734375,3.9585875988006594,68543.58683505918,10
2,0.9999083876609802,100000000.0,9.161233901977539e-05,0.0,0.0,231.95599991595373,72.63421853057622,45,False,1.3237736262146282,0.0,-36.978996078395426,3,,72634.21853057623,0.075,3.9467715859413146,72402.26253066027,10
2,0.9998913407325745,100000000.0,0.00010865926742553711,0.0,0.0,270.1664000051096,22.85584181447703,46,False,1.5070664786867494,0.0,-12.18145414658189,1,,22855.841814477033,0.0515625,3.983516442775726,22585.675414471923,10
2,0.9998906254768372,100000000.0,0.0001093745231628418,0.0,0.0,191.09850004315376,19.571798730489764,46,False,1.2813213053071664,0.0,-10.426560017898465,2,,19571.798730489765,0.0546875,4.058771646022796,19380.70023044661,10
2,0.9990248680114746,100000000.0,0.0009751319885253906,0.0,0.0,195.361299905926,2.9164695230730127,46,False,1.2557839039308505,0.0,-2.0861267135019315,3,,2916.4695230730126,0.059375,4.012915420532226,2721.1082231670866,10
2,0.9994481205940247,100000000.0,0.0005518794059753418,0.0,0.0,163.2672999985516,1.3674793126716254,47,False,1.2502584162489423,0.0,-1.3088688644602837,1,,1367.4793126716254,0.08125,3.8602445125579834,1204.9756126667348,10
2,0.9997701644897461,100000000.0,0.00022983551025390625,0.0,0.0,230.77460005879402,11.02176885366648,47,False,1.2152040688960142,0.0,-6.118486461281247,2,,11021.76885366648,0.0640625,3.9607177793979647,10790.994253607685,10
2,0.9991878271102905,100000000.0,0.0008121728897094727,0.0,0.0,191.5275999926962,2.3541279717774017,47,False,1.3230489909601106,0.0,-1.838588481368756,3,,2354.127971777402,0.0671875,3.9985085844993593,2162.6003717847057,10
2,0.9996997117996216,100000000.0,0.00030028820037841797,0.0,0.0,163.62989990739152,15.372370141931649,48,False,1.1607786050442606,0.0,-8.266574373487956,1,,15372.37014193165,0.0671875,3.907812774181366,15208.740242024258,10
2,0.999602735042572,100000000.0,0.0003972649574279785,0.0,0.0,231.76579998107627,14.280677966517738,48,False,1.3961331777199348,0.0,-7.838405572118837,2,,14280.677966517738,0.078125,3.876304250955582,14048.912166536662,10
2,0.9998143315315247,100000000.0,0.0001856684684753418,0.0,0.0,267.05499994568527,11.514493337556587,48,False,1.5733296913283201,0.0,-6.543911514442454,3,,11514.493337556587,0.09375,3.837421238422394,11247.438337610902,10
2,0.9953392148017883,100000000.0,0.00466078519821167,0.0,0.0,355.1733000203967,1.0654634379028451,49,False,1.605501503973118,0.0,-1.3354824709379816,1,,1065.463437902845,0.09375,3.7480737447738646,879.6269145084532,10
2,0.9925127625465393,100000000.0,0.007487237453460693,0.0,0.0,298.6894000787288,0.8805599212389147,49,False,2.406789638557018,0.0,-1.6436747798979665,2,,880.5599212389147,0.0796875,3.9419178485870363,581.870521160186,10
2,0.991641640663147,100000000.0,0.008358359336853027,0.0,0.0,340.3299999772571,0.9388592496352589,49,False,0.2725029520760624,0.0,-0.6056811008556606,3,,938.859249635259,0.0796875,3.899425685405731,598.5292496580018,10
2,0.9976418018341064,100000000.0,0.0023581981658935547,0.0,0.0,195.25339995743707,1.5058682883263768,50,False,1.2518461143736315,0.0,-1.3788572013500042,1,0.06015625,1505.8682883263768,0.084375,3.7717478275299072,1310.6148883689398,10
2,0.995008647441864,100000000.0,0.004991352558135986,0.0,0.0,192.1176000032574,2.11440817846838,50,False,1.1785153752347952,0.0,-1.6464617768515877,2,0.06015625,2114.4081784683804,0.0859375,3.9197521567344666,1922.2905784651227,10
2,0.9869784712791443,100000000.0,0.013021528720855713,0.0,0.0,297.99649998312816,2.026667097406376,50,False,2.098076853782849,0.0,-2.062371975594613,3,0.06015625,2026.6670974063761,0.0796875,3.8994489312171936,1728.6705974232477,10
2,0.9917354583740234,100000000.0,0.008264541625976562,0.0,0.0,229.39940000651404,0.47554980656998186,51,False,1.197569062844234,0.0,-0.8365594347071079,1,,475.54980656998185,0.071875,3.9704662680625917,377.73510658582626,10
2,0.9992856383323669,100000000.0,0.0007143616676330566,0.0,0.0,266.3631000323221,4.707380255753196,51,False,1.4632751416708492,0.0,-3.085327698712023,2,,4707.380255753196,0.075,3.9945007085800173,4441.017155720874,10
2,0.9987823367118835,100000000.0,0.001217663288116455,0.0,0.0,296.0951999411918,1.38132239354358,51,False,1.9804091543472744,0.0,-1.6808657739454271,3,,1381.3223935435801,0.08125,3.980634814500809,1085.2271936023883,10
2,0.9923070073127747,100000000.0,0.007692992687225342,0.0,0.0,268.3347000274807,0.9713874897414725,52,False,1.7852135038065933,0.0,-1.3783004967740329,1,,971.3874897414725,0.0671875,3.852343201637268,703.0527897139917,10
2,0.9954864978790283,100000000.0,0.00451350212097168,0.0,0.0,266.19679998839274,1.606627110372178,52,False,1.405139381326032,0.0,-1.505883245849105,2,,1606.627110372178,0.0984375,3.8528456687927246,1340.4303103837854,10
2,0.9900604486465454,100000000.0,0.00993955135345459,0.0,0.0,229.23959995387122,0.5577967417109779,52,False,1.3237736262146282,0.0,-0.9407851839628031,3,,557.7967417109779,0.103125,3.8604126572608948,328.5571417571067,10
2,0.9993993043899536,100000000.0,0.0006006956100463867,0.0,0.0,226.68529994552955,15.662673345629466,53,False,1.3969215379758664,0.0,-8.529797441802666,1,,15662.673345629466,0.096875,3.810026395320892,15566.75194562633,10
2,0.9989104866981506,100000000.0,0.0010895133018493652,0.0,0.0,191.16390001727268,3.926227134387817,53,False,1.1735111277210786,0.0,-2.5498691310544475,2,,3926.227134387817,0.0796875,3.8731610417366027,3735.0632343705443,10
2,0.9927600026130676,100000000.0,0.007239997386932373,0.0,0.0,188.93080000998452,1.784086441512019,53,False,1.2594322737403316,0.0,-1.5217593576261752,3,,1784.086441512019,0.1078125,3.8685656070709227,1595.1556415020345,10
2,0.9997267127037048,100000000.0,0.000273287296295166,0.0,0.0,293.1061001145281,8.344988605660419,54,False,2.5359445163855145,0.0,-5.4404665610229666,1,,8344.98860566042,0.1140625,3.7404866814613342,8051.88250554589,10
2,0.9911329746246338,100000000.0,0.008867025375366211,0.0,0.0,332.1232999442145,1.1255623401653878,54,False,0.2580888585322012,0.0,-0.6918255993487945,2,,1125.562340165388,0.103125,3.8094695806503296,793.4390402211734,10
2,0.9994246959686279,100000000.0,0.0005753040313720703,0.0,0.0,227.33520006295294,4.566582611233897,54,False,1.3434258309428895,0.0,-2.955004221088393,3,,4566.582611233896,0.0984375,3.784467566013336,4471.271211218989,10
2,0.9939873218536377,100000000.0,0.006012678146362305,0.0,0.0,376.4119000406936,1.3403863438177375,55,False,1.710448317819836,0.0,-1.5254173308187866,1,,1340.3863438177375,0.0859375,3.878681719303131,963.9744437770438,10
2,0.9830682277679443,100000000.0,0.016931772232055664,0.0,0.0,294.91299990331754,1.158310268134159,55,False,2.0378732756436566,0.0,-1.5980917718889078,2,,1158.310268134159,0.0734375,3.9466700911521913,863.3972682308415,10
2,0.9918593764305115,100000000.0,0.008140623569488525,0.0,0.0,297.45839996030554,1.3720333122654012,55,False,2.0687174116630693,0.0,-1.7203753619642352,3,,1372.033312265401,0.096875,3.7708212196826936,1074.5749123050955,10
2,0.9983260631561279,100000000.0,0.0016739368438720703,0.0,0.0,268.74540001153946,1.3031571617274416,56,False,1.6497679545552233,0.0,-1.4764625581413324,1,,1303.1571617274415,0.1046875,3.6968503832817077,1034.411761715902,10
2,0.9874445199966431,100000000.0,0.012555480003356934,0.0,0.0,228.79990004003048,0.9691243665015067,56,False,1.247196388348478,0.0,-1.1081603774249924,2,,969.1243665015066,0.096875,3.852552539110184,740.3244664614762,10
2,0.9952750205993652,100000000.0,0.004724979400634766,0.0,0.0,298.51039993809536,2.0279484070391076,56,False,2.1664700983165024,0.0,-2.0972092526778052,3,,2027.9484070391077,0.09375,3.888109451532364,1729.4380071010123,10
2,0.9905483722686768,100000000.0,0.009451627731323242,0.0,0.0,301.77679989719763,1.139829083249026,57,False,2.2425180617408436,0.0,-1.6911735724949348,1,,1139.829083249026,0.10625,3.776553899049759,838.0522833518286,10
2,0.9777944087982178,100000000.0,0.022205591201782227,0.0,0.0,266.47870003944263,0.42346282617089265,57,False,1.529967823099216,0.0,-0.9767153246350543,2,,423.46282617089264,0.0890625,3.789542555809021,156.98412613145,10
2,0.9916761517524719,100000000.0,0.008323848247528076,0.0,0.0,298.5808999510482,0.5815829706463147,57,False,2.0687174116630693,0.0,-1.325150191154692,3,,581.5829706463147,0.1046875,3.7904328227043154,283.00207069526647,10
2,0.9982082843780518,100000000.0,0.0017917156219482422,0.0,0.0,297.6177999516949,2.852042009254009,58,False,2.068074941047718,0.0,-2.4600584751508636,1,,2852.042009254009,0.103125,3.755485010147095,2799.726109326374,10
2,0.9971116185188293,100000000.0,0.0028883814811706543,0.0,0.0,265.92470007017255,2.2841299644730886,58,False,1.6705522654192442,0.0,-1.9773411149461664,2,,2284.1299644730884,0.078125,3.862651562690735,2018.205264402916,10
2,0.9917330145835876,100000000.0,0.008266985416412354,0.0,0.0,228.01379999145865,0.7807196611347915,58,False,1.3044700274426353,0.0,-1.0425948442887134,3,,780.7196611347915,0.1125,3.8076241254806518,687.4399611070128,10
2,0.994647204875946,100000000.0,0.005352795124053955,0.0,0.0,262.91119994129986,2.0968135424532104,59,False,1.6416346112386342,0.0,-1.8692240768459223,1,,2096.81354245321,0.10625,3.7279595494270326,1833.9023425119103,10
2,0.9847306609153748,100000000.0,0.015269339084625244,0.0,0.0,293.5429999488406,0.6276316900596638,59,False,1.9208550815557754,0.0,-1.2742433858077196,2,,627.6316900596638,0.0828125,3.814215326309204,334.0886901108232,10
2,0.9959186911582947,100000000.0,0.004081308841705322,0.0,0.0,333.269199996721,1.262347954902899,59,False,0.2725029520760624,0.0,-0.7674254534894808,3,,1262.3479549028991,0.1046875,3.838248133659363,929.0787549061781,10
2,0.9915854930877686,100000000.0,0.008414506912231445,0.0,0.0,262.18099996913224,2.6479859502285987,60,False,1.5070664786867494,0.0,-2.077526214457674,1,0.07890625,2647.9859502285985,0.1125,3.748270905017853,2385.8049502594663,10
2,0.9943878650665283,100000000.0,0.00561213493347168,0.0,0.0,293.3002000208944,0.9195240908846298,60,False,1.9986977456474904,0.0,-1.45911091826606,2,0.07890625,919.5240908846298,0.0890625,3.8991833508014677,626.2238908637354,10
2,0.9966995120048523,100000000.0,0.003300487995147705,0.0,0.0,332.78370002517477,1.380251659415688,60,False,0.2725029520760624,0.0,-0.8263773057458752,3,0.07890625,1380.251659415688,0.1234375,3.765676438808441,1047.4679593905132,10
2,0.9871541857719421,100000000.0,0.012845814228057861,0.0,0.0,359.68019999563694,0.6192137206921668,61,False,1.5223350323962554,0.0,-1.070774376544211,1,,619.2137206921668,0.09375,3.7828121185302734,259.53352069653,10
2,0.9750106334686279,100000000.0,0.02498936653137207,0.0,0.0,231.2476999941282,0.8438897514246319,61,False,1.3161674084580772,0.0,-1.0800285799413545,2,,843.8897514246319,0.084375,3.968555510044098,612.6420514305037,10
2,0.9987649917602539,100000000.0,0.0012350082397460938,0.0,0.0,270.20120003726333,4.169745742953905,61,False,1.500221799113425,0.0,-2.834983771033665,3,,4169.745742953905,0.0890625,3.9606364965438843,4098.790343006199,10
2,0.9884030818939209,100000000.0,0.011596918106079102,0.0,0.0,228.1742999330163,0.6576413821198575,62,False,1.3495214389722836,0.0,-1.0035814105460705,1,,657.6413821198574,0.1140625,3.753609722852707,561.6539821380346,10
2,0.9748898148536682,100000000.0,0.025110185146331787,0.0,0.0,297.5479000015184,0.6048614446718954,62,False,2.406789638557018,0.0,-1.5058255416144568,2,,604.8614446718954,0.1015625,3.826590383052826,307.3135446703769,10
2,0.9787172675132751,100000000.0,0.021282732486724854,0.0,0.0,228.66060014348477,0.6645631698359624,62,False,1.3334694038425363,0.0,-0.9990162868392494,3,,664.5631698359624,0.1203125,3.774655556678772,435.9025696924776,10
2,0.9849027395248413,100000000.0,0.015097260475158691,0.0,0.0,230.26460001710802,0.5562178727933708,63,False,1.3485123157443444,0.0,-0.9523650942688575,1,,556.2178727933708,0.090625,3.7515359222888947,458.0392727740611,10
2,0.9880563616752625,100000000.0,0.011943638324737549,0.0,0.0,191.5539000183344,0.6425045734365071,63,False,1.1951383683805545,0.0,-0.9188214709085308,2,,642.5045734365071,0.1109375,3.715975797176361,493.289222361962,10
2,0.9945763349533081,100000000.0,0.0054236650466918945,0.0,0.0,190.9988999250345,0.4518840220332962,63,False,1.2740102621719336,0.0,-0.8629471421026149,3,,451.8840220332962,0.1203125,3.7436382174491882,325.2548220259954,10
2,0.9881887435913086,100000000.0,0.011811256408691406,0.0,0.0,269.8835999472067,1.0021916465929843,64,False,1.710187315534073,0.0,-1.3561894810635287,1,,1002.1916465929843,0.1125,3.7413450598716738,732.3080466457776,10
2,0.995764434337616,100000000.0,0.004235565662384033,0.0,0.0,191.54400000115857,5.451505929443338,64,False,1.1932376195052143,0.0,-3.3223717744742762,2,,5451.505929443339,0.10625,3.7570614218711853,5259.96192944218,10
2,0.9891005158424377,100000000.0,0.010899484157562256,0.0,0.0,296.94789997301996,1.1812263989261451,64,False,1.9804091543472744,0.0,-1.5808177766367097,3,,1181.226398926145,0.1171875,3.837193614244461,884.2784989531251,10
2,0.9920592904090881,100000000.0,0.007940709590911865,0.0,0.0,336.581599956844,0.5893291147450466,65,False,0.3193326949041095,0.0,-0.45433090482457805,1,,589.3291147450466,0.090625,3.729488253593445,252.74751478820252,10
2,0.9896619319915771,100000000.0,0.010338068008422852,0.0,0.0,263.94179998897016,0.5836887206137327,65,False,1.4503785179184385,0.0,-1.0170336192660856,2,,583.6887206137327,0.1109375,3.79867684841156,319.74692062476254,10
2,0.985867440700531,100000000.0,0.014132559299468994,0.0,0.0,263.2521000923589,1.3126118102566726,65,False,1.5311526072830866,0.0,-1.4218822087698797,3,,1312.6118102566727,0.1171875,3.817528784275055,1049.3597101643138,10
2,0.9870122075080872,100000000.0,0.012987792491912842,0.0,0.0,341.34059998905286,0.8382311555705748,66,False,0.3193326949041095,0.0,-0.5787819252373422,1,,838.2311555705749,0.09375,3.845981240272522,496.89055558152194,10
2,0.9901641607284546,100000000.0,0.00983583927154541,0.0,0.0,162.01350005576387,0.5294178098555429,66,False,1.1842455413648485,0.0,-0.8568316756101957,2,,529.4178098555428,0.10625,3.7490527629852295,370.18720986077165,10
2,0.9936055541038513,100000000.0,0.006394445896148682,0.0,0.0,333.4397000144236,1.320348001570525,66,False,0.2725029520760624,0.0,-0.7964254768232937,3,,1320.348001570525,0.096875,3.855371415615082,986.9083015561013,10
2,0.9790857434272766,100000000.0,0.02091425657272339,0.0,0.0,234.2191999196075,0.6756675520203898,67,False,1.198681002764466,0.0,-0.9371742773924279,1,,675.6675520203897,0.0828125,3.7469338178634644,441.44835210078224,10
2,0.9913506507873535,100000000.0,0.008649349212646484,0.0,0.0,262.8264000522904,0.8025259761312901,67,False,1.51318165272734,0.0,-1.1578538144293151,2,,802.52597613129,0.11875,3.7600580215454102,539.6995760789996,10
2,0.9861413240432739,100000000.0,0.013858675956726074,0.0,0.0,343.9704999909736,1.278275931033281,67,False,0.2725029520760624,0.0,-0.7753894415546717,3,,1278.275931033281,0.1171875,3.727414608001709,934.3054310423073,10
2,0.9756249785423279,100000000.0,0.02437502145767212,0.0,0.0,229.03909994056448,1.139248659380703,68,False,1.5577003120395307,0.0,-1.348474485710117,1,,1139.248659380703,0.1046875,3.7681505560874937,910.2095594401385,10
2,0.9883738160133362,100000000.0,0.011626183986663818,0.0,0.0,228.40500011807308,0.7186127721806346,68,False,1.243078674409398,0.0,-0.9808457232950163,2,,718.6127721806346,0.1015625,3.784200555086136,490.20777206256156,10
2,0.9959002733230591,100000000.0,0.004099726676940918,0.0,0.0,265.8329999540001,0.7082213739323235,68,False,1.6315311000479549,0.0,-1.1698762369901392,3,,708.2213739323236,0.1359375,3.7000839948654174,442.3883739783234,10
2,0.9836950302124023,100000000.0,0.016304969787597656,0.0,0.0,195.38950006244704,0.9250959421946497,69,False,1.3330004094438341,0.0,-1.1290481758192419,1,,925.0959421946498,0.1125,3.68826140165329,800.8077422013337,10
2,0.986772358417511,100000000.0,0.013227641582489014,0.0,0.0,193.98219999857247,0.8559667457826133,69,False,1.1648823189672828,0.0,-1.0104245323749481,2,,855.9667457826133,0.090625,3.843239688873291,733.1941458047065,10
2,0.9780902862548828,100000000.0,0.021909713745117188,0.0,0.0,268.8011999707669,0.5963307661991251,69,False,1.5925453500122129,0.0,-1.094438058105669,3,,596.330766199125,0.1171875,3.761248159408569,327.5295662283581,10
2,0.9898508787155151,100000000.0,0.010149121284484863,0.0,0.0,164.9041999480687,2.0192041169962547,70,False,1.3098461791445668,0.0,-1.6645251480704109,1,0.09921875,2019.2041169962547,0.109375,3.72573721408844,1854.2999170481862,10
2,0.9879528880119324,100000000.0,0.012047111988067627,0.0,0.0,231.62409994984046,1.0092123559602066,70,False,1.3393948407752578,0.0,-1.1743035983677323,2,0.09921875,1009.2123559602067,0.1203125,3.7733155488967896,918.0068558939263,10
2,0.9912275671958923,100000000.0,0.008772432804107666,0.0,0.0,265.74130001245067,1.9321150223888204,70,False,1.460213885921701,0.0,-1.6961644541552607,3,0.09921875,1932.1150223888203,0.1375,3.662109744548798,1666.3737223763696,10
2,0.9929145574569702,100000000.0,0.007085442543029785,0.0,0.0,228.00399997504428,1.1475333003959765,71,False,1.3601510955487657,0.0,-1.253842197972371,1,,1147.5333003959765,0.0953125,3.83876650929451,919.5293004209321,10
2,0.9825968146324158,100000000.0,0.01740318536758423,0.0,0.0,226.25409997999668,0.5269694435661556,71,False,1.2146673482683799,0.0,-0.8708183959172677,2,,526.9694435661556,0.0890625,3.903959310054779,300.71534358615895,10
2,0.9683658480644226,100000000.0,0.03163415193557739,0.0,0.0,224.89010001299903,0.5869876861765182,71,False,1.3205658888605196,0.0,-0.9537767875185189,3,,586.9876861765182,0.1046875,3.8797782957553864,362.0975861635191,10
2,0.9850716590881348,100000000.0,0.014928340911865234,0.0,0.0,189.4017001031898,0.9336540892712576,72,False,1.267520523640869,0.0,-1.1005873064560634,1,,933.6540892712576,0.11875,3.7022363901138307,744.2523891680678,10
2,0.9925571084022522,100000000.0,0.007442891597747803,0.0,0.0,225.51649995148182,1.3367690645883317,72,False,1.3445307983619015,0.0,-1.3406499314751166,2,,1336.7690645883317,0.10625,3.792227530479431,1111.25256463685,10
2,0.9731019139289856,100000000.0,0.026898086071014404,0.0,0.0,188.68690001545474,0.3932496650189289,72,False,1.2149584332889591,0.0,-0.804104049153944,3,,393.2496650189289,0.1078125,3.7615395307540895,204.56276500347414,10
2,0.9931907057762146,100000000.0,0.0068092942237854,0.0,0.0,218.49520003888756,1.5305012510968325,73,False,1.3024959981924669,0.0,-1.4164986246446496,1,,1530.5012510968324,0.0921875,3.6552749276161194,1312.4585511274588,10
2,0.9847937226295471,100000000.0,0.01520627737045288,0.0,0.0,230.9483999852091,0.7714572799653974,73,False,1.305660925216095,0.0,-1.0385591025907461,2,,771.4572799653973,0.125,3.688508814573288,540.5088799801882,10
2,0.9688274264335632,100000000.0,0.031172573566436768,0.0,0.0,190.9194000181742,0.7869182468805267,73,False,1.2260976250493685,0.0,-1.0065079359649476,3,,786.9182468805267,0.1078125,3.733636462688446,595.9988468623525,10
2,0.9895175099372864,100000000.0,0.010482490062713623,0.0,0.0,269.29070003097877,0.9414373221814617,74,False,1.6416346112386342,0.0,-1.291535966710048,1,,941.4373221814617,0.121875,3.67024964094162,871.5721222113802,10
2,0.9860197901725769,100000000.0,0.013980209827423096,0.0,0.0,164.52340001706034,0.7746754065001092,74,False,1.1540896729396954,0.0,-0.9643825397199024,2,,774.6754065001093,0.1109375,3.697763592004776,610.1520064830489,10
2,0.981240451335907,100000000.0,0.018759548664093018,0.0,0.0,195.67950000055134,0.5793984906929259,74,False,1.242874821397127,0.0,-0.9111366560450265,3,,579.398490692926,0.11875,3.680164408683777,383.7189906923746,10
2,0.9889301061630249,100000000.0,0.011069893836975098,0.0,0.0,267.27790001314133,1.1144705606085843,75,False,1.5102380813723104,0.0,-1.3123543209904474,1,,1114.4705606085843,0.109375,3.6377787470817564,847.1926605954429,10
2,0.9979716539382935,100000000.0,0.002028346061706543,0.0,0.0,195.22170000709593,15.962415637605377,75,False,1.2158857749691636,0.0,-8.58915070628727,2,,15962.415637605376,0.13125,3.7045561194419863,15837.487837631274,10
2,0.987103283405304,100000000.0,0.012896716594696045,0.0,0.0,265.7713000080548,0.6177739972606316,75,False,1.5000942326121907,0.0,-1.058934114936411,3,,617.7739972606316,0.1140625,3.7435023307800295,352.0026972525768,10
2,0.9947860836982727,100000000.0,0.005213916301727295,0.0,0.0,191.92200002726167,0.869665163506511,76,False,1.277618246785938,0.0,-1.0736417051462246,1,,869.665163506511,0.11875,3.687290978431702,740.8867634904938,10
2,0.9740068912506104,100000000.0,0.02599310874938965,0.0,0.0,161.46550001576543,0.5241380104513835,76,False,1.1403263856242547,0.0,-0.8322321980378191,2,,524.1380104513835,0.1125,3.727402925491333,364.75161043442756,10
2,0.9879418611526489,100000000.0,0.012058138847351074,0.0,0.0,230.54789996240288,1.7341558291747414,76,False,1.3507636123426239,0.0,-1.5424597207586825,3,,1734.1558291747415,0.1203125,3.6973491311073303,1503.6079292123386,10
2,0.9853258728981018,100000000.0,0.014674127101898193,0.0,0.0,193.1628999300301,0.4199299055122303,77,False,1.3310758975269612,0.0,-0.8755029015195958,1,,419.92990551223033,0.103125,3.65878005027771,226.76700558220017,10
2,0.9878880977630615,100000000.0,0.012111902236938477,0.0,0.0,229.94140000082552,1.282776106849201,77,False,1.2170179135715657,0.0,-1.2498970102103835,2,,1282.776106849201,0.125,3.698685145378113,1052.8347068483754,10
2,0.9724220037460327,100000000.0,0.027577996253967285,0.0,0.0,227.46720007853583,0.3975335073851475,77,False,1.2623618147950177,0.0,-0.8299476610900827,3,,397.53350738514746,0.096875,3.722686743736267,170.0663073066117,10
2,0.9937242865562439,100000000.0,0.0062757134437561035,0.0,0.0,226.3930999324657,1.9757043575871613,78,False,1.369720324570249,0.0,-1.672712341078705,1,,1975.7043575871614,0.121875,3.6991001188755037,1749.3112576546957,10
2,0.9938972592353821,100000000.0,0.00610274076461792,0.0,0.0,226.0785000398755,1.6635454639596687,78,False,1.3313726895104834,0.0,-1.4974590767350762,2,,1663.5454639596687,0.121875,3.642222797870636,1568.3074639797965,10
2,0.9970370531082153,100000000.0,0.002962946891784668,0.0,0.0,190.40400005178526,2.7761202889802954,78,False,1.186388058507084,0.0,-1.9812541737436897,3,,2776.1202889802953,0.13125,3.7217432975769045,2651.2647889164364,10
2,0.9983367919921875,100000000.0,0.0016632080078125,0.0,0.0,220.5800000228919,4.473303879436582,79,False,1.3541040966266702,0.0,-2.9137039880316262,1,,4473.303879436582,0.1078125,3.658738911151886,4252.72387941369,10
2,0.9996454119682312,100000000.0,0.00035458803176879883,0.0,0.0,336.68729988858104,2.4222781563300675,79,False,0.2580888585322012,0.0,-1.3401835074311343,2,,2422.2781563300673,0.1265625,3.5926368832588196,2085.5908564414863,10
2,0.998420000076294,100000000.0,0.0015799999237060547,0.0,0.0,194.50040004448965,1.7480340829930412,79,False,1.193455430978643,0.0,-1.470744756985842,3,,1748.0340829930412,0.1328125,3.7633682012557985,1553.5336829485516,10
2,0.9836165904998779,100000000.0,0.01638340950012207,0.0,0.0,195.15509996563196,0.5750003790684889,80,False,1.2696319095837927,0.0,-0.9223161443261407,1,0.1046875,575.0003790684889,0.1359375,3.6465170979499817,379.8452791028569,10
2,0.9971699118614197,100000000.0,0.0028300881385803223,0.0,0.0,269.2500000121072,3.607630215372971,80,False,1.4406862271748928,0.0,-2.524158221273932,2,0.1046875,3607.6302153729707,0.1078125,3.677239727973938,3338.3802153608635,10
2,0.9991996884346008,100000000.0,0.0008003115653991699,0.0,0.0,268.8555999775417,2.2575193888389578,80,False,1.4449746173112004,0.0,-1.8512470030750792,3,0.1046875,2257.5193888389576,0.14375,3.683099162578583,1988.663788861416,10
2,0.9960856437683105,100000000.0,0.003914356231689453,0.0,0.0,300.12780003016815,2.9898076966624134,81,False,2.068074941047718,0.0,-2.5289413188550656,1,,2989.8076966624135,0.0875,3.813420224189758,2689.6798966322453,10
2,0.9997200965881348,100000000.0,0.0002799034118652344,0.0,0.0,232.98029997386038,15.15491570225886,81,False,1.3481700421689664,0.0,-8.251542872213912,2,,15154.91570225886,0.1140625,3.8087439239025116,14921.935402285,10
2,0.9970892071723938,100000000.0,0.002910792827606201,0.0,0.0,341.1285000038333,3.425221446409421,81,False,0.2725029520760624,0.0,-1.8488621992427416,3,,3425.221446409421,0.0984375,3.792019248008728,3084.0929464055876,10
2,0.9980719089508057,100000000.0,0.001928091049194336,0.0,0.0,230.43219989631325,1.9103895230893893,82,False,1.526294158456354,0.0,-1.7183418407728717,1,,1910.3895230893893,0.11875,3.6087508261203767,1679.957323193076,10
2,0.9994499683380127,100000000.0,0.0005500316619873047,0.0,0.0,161.61740000825375,2.8612838235361795,82,False,1.1453464051257867,0.0,-2.003315114330983,2,,2861.2838235361796,0.1328125,3.6924676597118378,2699.666423527926,10
2,0.9992628693580627,100000000.0,0.0007371306419372559,0.0,0.0,161.2859999295324,3.1941834829404825,82,False,1.2384431286463389,0.0,-2.2163133057934106,3,,3194.1834829404825,0.159375,3.5609052777290344,3032.89748301095,10
2,0.9993149042129517,100000000.0,0.0006850957870483398,0.0,0.0,228.08819997590035,2.834722011679712,83,False,1.3104121031300064,0.0,-2.0725670574048594,1,,2834.722011679712,0.1203125,3.5941572308540346,2744.0108116519855,10
2,0.9992079138755798,100000000.0,0.000792086124420166,0.0,0.0,161.73469997011125,9.69210791053274,83,False,1.232102485293871,0.0,-5.4621051979133055,2,,9692.10791053274,0.1375,3.640627086162567,9530.37321056263,10
2,0.9987366795539856,100000000.0,0.0012633204460144043,0.0,0.0,263.29630002146587,1.2631624515458588,83,False,1.6315311000479549,0.0,-1.4473467757969067,3,,1263.1624515458589,0.1375,3.5791847586631773,1193.9842515100372,10
2,0.9986125230789185,100000000.0,0.001387476921081543,0.0,0.0,159.6692999592051,2.5593302046401005,84,False,1.3541040966266702,0.0,-1.9567171506333854,1,,2559.3302046401004,0.128125,3.6182937920093536,2399.6609046808953,10
2,0.999667227268219,100000000.0,0.00033277273178100586,0.0,0.0,228.40459999861196,15.046728057195857,84,False,1.3379311182505833,0.0,-8.19232958772322,2,,15046.728057195856,0.1578125,3.593391275405884,14818.323457197244,10
2,0.9969483613967896,100000000.0,0.0030516386032104492,0.0,0.0,294.5971000008285,2.0737182608309386,84,False,1.96324807167325,0.0,-2.0184831662520946,3,,2073.7182608309386,0.1296875,3.6148293137550356,1779.1211608301103,10
2,0.999077558517456,100000000.0,0.0009224414825439453,0.0,0.0,230.19959992961958,3.2749955591258275,85,False,1.339560156640613,0.0,-2.3072778578832205,1,,3274.9955591258276,0.1109375,3.6957739293575287,3057.6248590929117,10
2,0.9990301132202148,100000000.0,0.0009698867797851562,0.0,0.0,193.1083999807015,6.317768988139148,85,False,1.176647304123606,0.0,-3.7472081461313773,2,,6317.768988139148,0.1125,3.74861718416214,6194.034688172548,10
2,0.9986962676048279,100000000.0,0.0013037323951721191,0.0,0.0,268.82679999107495,1.477361030042717,85,False,1.6723572363068375,0.0,-1.5748591331747772,3,,1477.361030042717,0.1265625,3.6685914397239685,1406.1983300881327,10
2,0.9949290156364441,100000000.0,0.005070984363555908,0.0,0.0,337.98020001268014,1.9620053723390594,86,False,0.3193326949041095,0.0,-1.1406690336215843,1,,1962.0053723390592,0.1109375,3.6334069967269897,1624.025172326379,10
2,0.9959246516227722,100000000.0,0.004075348377227783,0.0,0.0,299.0916999988258,0.8350714714894604,86,False,1.9986977456474904,0.0,-1.4168846085684754,2,,835.0714714894604,0.115625,3.6648903608322145,535.9797714906346,10
2,0.9983386397361755,100000000.0,0.0016613602638244629,0.0,0.0,270.17729997169226,7.920817150621171,86,False,1.5274915825884494,0.0,-4.72415436660481,3,,7920.817150621171,0.15625,3.6033817648887636,7650.639850649479,10
2,0.9968319535255432,100000000.0,0.003168046474456787,0.0,0.0,270.0635999790393,2.1679323201520284,87,False,1.5321179211611886,0.0,-1.8500251206566085,1,,2167.9323201520283,0.1328125,3.5603204131126405,1897.8687201729892,10
2,0.9981004595756531,100000000.0,0.0018995404243469238,0.0,0.0,195.08740003220737,1.634456593128986,87,False,1.2286828123924027,0.0,-1.4315697027606944,2,,1634.456593128986,0.1359375,3.650956094264984,1439.3691930967786,10
2,0.9984609484672546,100000000.0,0.0015390515327453613,0.0,0.0,194.10820002667606,12.3720163324778,87,False,1.2175711845404782,0.0,-6.794793758509139,3,,12372.0163324778,0.1421875,3.6279913902282717,12177.908132451124,10
2,0.9997503161430359,100000000.0,0.00024968385696411133,0.0,0.0,268.40070000616834,24.56357848910872,88,False,1.8159689839348576,0.0,-13.18977373652179,1,,24563.57848910872,0.1578125,3.5862762928009033,24295.177789102552,10
2,0.9894232153892517,100000000.0,0.010576784610748291,0.0,0.0,340.3439999674447,1.011669466496945,88,False,0.2580888585322012,0.0,-0.6348791625145731,2,,1011.669466496945,0.1484375,3.5555822253227234,671.3254665295002,10
2,0.9981158375740051,100000000.0,0.001884162425994873,0.0,0.0,194.16949996957555,2.7453687488128504,88,False,1.2461101592413413,0.0,-1.9957394540270958,3,,2745.3687488128503,0.134375,3.69858865737915,2551.1992488432747,10
2,0.991932213306427,100000000.0,0.008067786693572998,0.0,0.0,229.10269995918497,0.7753556365168799,89,False,1.288793850499394,0.0,-1.032074743508137,1,,775.3556365168799,0.125,3.623968541622162,637.8420204145693,10
2,0.998974621295929,100000000.0,0.001025378704071045,0.0,0.0,191.3910000002943,6.779262853580648,89,False,1.276349242772092,0.0,-4.02780604817637,2,,6779.262853580648,0.1234375,3.663432705402374,6587.871853580354,10
2,0.9987091422080994,100000000.0,0.0012908577919006348,0.0,0.0,265.41550003457814,2.4883769023657174,89,False,1.565919418047684,0.0,-2.0271481602067007,3,,2488.3769023657173,0.1171875,3.6198461174964907,2419.951702417466,10
2,0.9964971542358398,100000000.0,0.0035028457641601562,0.0,0.0,228.93489996204153,1.6591427664290455,90,False,1.4086704420413445,0.0,-1.533906604235195,1,0.10859375,1659.1427664290454,0.109375,3.691046857833862,1430.207866467004,10
2,0.9980537295341492,100000000.0,0.00194627046585083,0.0,0.0,334.6797999693081,1.9441581972274695,90,False,0.2580888585322012,0.0,-1.1011235278798353,2,0.10859375,1944.1581972274696,0.11875,3.5932506322860718,1609.4783972581615,10
2,0.9964745044708252,100000000.0,0.0035254955291748047,0.0,0.0,191.80899998173118,1.1306755671853166,90,False,1.2367091709585596,0.0,-1.183692369071938,3,0.10859375,1130.6755671853166,0.15625,3.63467333316803,938.8665672035853,10
2,0.9991724491119385,100000000.0,0.0008275508880615234,0.0,0.0,290.35909997764975,5.147842934547445,91,False,1.3003544969318928,0.0,-3.2240987157396686,1,,5147.842934547444,0.128125,3.6170293569564818,4857.483834569794,10
2,0.9960179924964905,100000000.0,0.0039820075035095215,0.0,0.0,190.27400005143136,1.533782403252241,91,False,1.193349491892286,0.0,-1.3635659475722635,2,,1533.782403252241,0.0984375,3.7661701917648314,1343.5084032008097,10
2,0.9995049238204956,100000000.0,0.0004950761795043945,0.0,0.0,191.7257999884896,5.750158532076963,91,False,1.1888631516504806,0.0,-3.4695108418637215,3,,5750.158532076963,0.1375,3.72328759431839,5558.432732088473,10
2,0.9991304278373718,100000000.0,0.0008695721626281738,0.0,0.0,164.3733999808319,3.381828771949639,92,False,1.3541040966266702,0.0,-2.367966434288155,1,,3381.828771949639,0.15,3.519857734441757,3221.0180719721925,10
2,0.9970585703849792,100000000.0,0.002941429615020752,0.0,0.0,193.90920002479106,2.233216514952941,92,False,1.2331285315700522,0.0,-1.7331725232614965,2,,2233.216514952941,0.1484375,3.5703478813171388,2039.3073149281497,10
2,0.9988089203834534,100000000.0,0.0011910796165466309,0.0,0.0,268.1127999094315,3.163023403333149,92,False,1.6409770592054105,0.0,-2.40200023126928,3,,3163.023403333149,0.153125,3.5594594717025756,2894.9106034237175,10
2,0.9991862773895264,100000000.0,0.0008137226104736328,0.0,0.0,166.08960001030937,6.398558453692099,93,False,1.2394749230705298,0.0,-3.8190166883813146,1,,6398.5584536921,0.1171875,3.613550066947937,6232.46885368179,10
2,0.9980047941207886,100000000.0,0.0019952058792114258,0.0,0.0,270.31870000064373,1.0281497286930632,93,False,1.4920188751142904,0.0,-1.2600843019036767,2,,1028.1497286930633,0.153125,3.5647361397743227,757.8310286924194,10
2,0.9987760186195374,100000000.0,0.0012239813804626465,0.0,0.0,195.18829992739484,1.9166021899497625,93,False,1.2280326495049114,0.0,-1.5723174197273369,3,,1916.6021899497625,0.146875,3.5885806918144225,1789.914889965721,10
2,0.9989277720451355,100000000.0,0.001072227954864502,0.0,0.0,165.8933999715373,3.1988759451893958,94,False,1.3207075444613037,0.0,-2.2597917448253497,1,,3198.8759451893957,0.146875,3.561485677957535,3038.2151450727933,10
2,0.9988426566123962,100000000.0,0.0011573433876037598,0.0,0.0,230.427399976179,10.024618742104694,94,False,1.2654353868871262,0.0,-5.645027064495911,2,,10024.618742104694,0.1484375,3.596583014726639,9794.191342128515,10
2,0.9994967579841614,100000000.0,0.000503242015838623,0.0,0.0,268.5464000678621,8.982826989729972,94,False,1.5367177155603449,0.0,-5.259772352645158,3,,8982.826989729972,0.146875,3.6471567153930664,8714.28058966211,10
2,0.9989438652992249,100000000.0,0.0010561347007751465,0.0,0.0,266.61970000714064,10.476193704608532,95,False,1.5083745833249065,0.0,-5.992284143966719,1,,10476.193704608531,0.11875,3.6243244051933288,10405.829304620793,10
2,0.9981724619865417,100000000.0,0.001827538013458252,0.0,0.0,265.9918000572361,1.845238582736492,95,False,1.617619091308654,0.0,-1.731428837022573,2,,1845.2385827364922,0.128125,3.666252779960632,1579.246782679256,10
2,0.9995207190513611,100000000.0,0.000479280948638916,0.0,0.0,227.82810003263876,5.6386047219767415,95,False,1.3044700274426353,0.0,-3.4715373747096883,3,,5638.6047219767415,0.1265625,3.6893134832382204,5410.776621944103,10
2,0.9991170763969421,100000000.0,0.0008829236030578613,0.0,0.0,228.3302998985164,2.75405685876488,96,False,1.4300329943511407,0.0,-2.0920449265580103,1,,2754.05685876488,0.1328125,3.5403146505355836,2525.7265588663636,10
2,0.9986125826835632,100000000.0,0.0013874173164367676,0.0,0.0,264.5829999819398,1.5171893911666217,96,False,1.4372864038177138,0.0,-1.4772378974921678,2,,1517.1893911666216,0.1203125,3.618812620639801,1252.6063911846818,10
2,0.9990782737731934,100000000.0,0.0009217262268066406,0.0,0.0,161.91849997267127,3.865079817691236,96,False,1.1931494400940619,0.0,-2.529114628892649,3,,3865.0798176912363,0.115625,3.683123528957367,3707.129617725383,10
2,0.9935472011566162,100000000.0,0.006452798843383789,0.0,0.0,263.59190000221133,0.9952232463140468,97,False,1.3310758975269612,0.0,-1.163149571920504,1,,995.2232463140468,0.1296875,3.601976013183594,731.6313463118355,10
2,0.9978154897689819,100000000.0,0.0021845102310180664,0.0,0.0,194.34809999074787,3.929157866596408,97,False,1.2141246396074004,0.0,-2.5716412531019044,2,,3929.157866596408,0.1140625,3.543093967437744,3734.80976660566,10
2,0.9959057569503784,100000000.0,0.004094243049621582,0.0,0.0,194.30149998515844,1.1549255440660293,97,False,1.1998859931137937,0.0,-1.1774057685899115,3,,1154.9255440660293,0.1453125,3.5934670329093934,960.6240440808709,10
2,0.9851055145263672,100000000.0,0.014894485473632812,0.0,0.0,163.54450001381338,0.6654251286691569,98,False,1.2145701861180886,0.0,-0.9399976573936228,1,,665.425128669157,0.109375,3.6452492773532867,504.1278287117884,10
2,0.994937002658844,100000000.0,0.005062997341156006,0.0,0.0,233.85179991601035,1.1531629337090314,98,False,1.405267050774239,0.0,-1.2792149922416352,2,,1153.1629337090314,0.146875,3.5763348579406737,1058.9242337131188,10
2,0.9912076592445374,100000000.0,0.008792340755462646,0.0,0.0,193.66269995225593,1.9404969957273572,98,False,1.2443921151583304,0.0,-1.5924445554428437,3,,1940.4969957273572,0.125,3.560625064373016,1746.8342957751013,10
2,0.9960139393806458,100000000.0,0.003986060619354248,0.0,0.0,192.87059997441247,2.9147091087891215,99,False,1.3333409751766818,0.0,-2.1240250419829017,1,,2914.7091087891213,0.121875,3.6797022104263304,2721.838508814709,10
2,0.9957194328308105,100000000.0,0.004280567169189453,0.0,0.0,226.83839994715527,1.529487449482461,99,False,1.2639619137435993,0.0,-1.3967246816130303,2,,1529.487449482461,0.1484375,3.5120902061462402,1302.6490495353057,10
2,0.9931260943412781,100000000.0,0.006873905658721924,0.0,0.0,191.6210000636056,0.8762902828254545,99,False,1.266508533223095,0.0,-1.0713994080242748,3,,876.2902828254545,0.1359375,3.5611916899681093,751.4809828805545,10
7,0.998828649520874,100000000.0,0.0011713504791259766,0.0,0.0,90.67469998262823,2.2431029024381113,100,False,6.830882188305983,0.0,-4.536992545372048,1,0.0984375,2243.1029024381114,0.1296875,3.527401924133301,2152.428202455483,10
2,0.9967628121376038,20000000.0,0.0032371878623962402,0.0,0.0,192.09699996281415,14.752912885029907,100,False,1.083611647881467,0.0,-7.918262266455687,2,0.0984375,14752.912885029908,0.1328125,3.6267033934593202,14560.815885067093,10
2,0.9959468245506287,100000000.0,0.004053175449371338,0.0,0.0,190.4355000006035,1.5552526192930607,100,False,1.1302849593212798,0.0,-1.3427687893071703,3,0.0984375,1555.2526192930607,0.1484375,3.50539174079895,1364.8171192924572,10
7,0.9965929388999939,100000000.0,0.0034070611000061035,0.0,0.0,90.91720008291304,0.7818602941082802,101,False,6.863786653526494,0.0,-3.822823473817387,1,,781.8602941082802,0.1046875,3.696284383535385,723.2418940952059,10
2,0.9961279034614563,20000000.0,0.003872096538543701,0.0,0.0,227.25010005524382,4.56722215118592,101,False,1.348633471759221,0.0,-2.9579278114725707,2,,4567.22215118592,0.1296875,3.642176365852356,4339.972051130676,10
2,0.9973833560943604,100000000.0,0.0026166439056396484,0.0,0.0,338.0303999874741,1.507690102016086,101,False,0.2725029520760624,0.0,-0.8900965270460742,3,,1507.690102016086,0.1328125,3.6713351607322693,1169.659702028612,10
7,0.9976109862327576,100000000.0,0.0023890137672424316,0.0,0.0,119.57300011999905,3.6753044957233922,102,False,6.867432684211045,0.0,-5.271368589967219,1,,3675.3044957233924,0.1109375,3.579440176486969,3620.8290957668196,10
2,0.9962376952171326,20000000.0,0.0037623047828674316,0.0,0.0,191.5820999420248,11.115309610611686,102,False,1.1402359625769385,0.0,-6.127772786594312,2,,11115.309610611686,0.15625,3.541362297534943,10923.727510669662,10
2,0.9950956702232361,100000000.0,0.004904329776763916,0.0,0.0,228.97090000333264,2.09531561812504,102,False,1.2943093313497867,0.0,-1.6948124747374131,3,,2095.3156181250397,0.1359375,3.593252217769623,1866.3447181217073,10
7,0.9935917854309082,100000000.0,0.006408214569091797,0.0,0.0,119.42180001642555,0.5074000440428533,103,False,6.5303063151821705,0.0,-3.518853179612512,1,,507.4000440428533,0.128125,3.5599328696727754,420.69834410283124,10
2,0.9984659552574158,20000000.0,0.0015340447425842285,0.0,0.0,198.39879998471588,16.42007491369355,103,False,1.167911657229928,0.0,-8.79399328546174,2,,16420.074913693552,0.134375,3.5924550175666807,16296.984013678464,10
2,0.9957007169723511,100000000.0,0.004299283027648926,0.0,0.0,193.97420005407184,0.9443297842683032,103,False,1.2882044497746885,0.0,-1.1162671170214957,3,,944.3297842683031,0.121875,3.5855321288108826,819.8298842928133,10
7,0.9930806159973145,100000000.0,0.006919384002685547,0.0,0.0,89.46670003933832,0.5944531222334014,104,False,11.268203977455011,0.0,-5.931328549844206,1,,594.4531222334014,0.14375,3.520154905319214,538.0479221925021,10
2,0.9994503855705261,20000000.0,0.000549614429473877,0.0,0.0,190.90289995074272,58.86851331199748,104,False,1.1478556552557915,0.0,-30.008184483626636,2,,58868.513311997485,0.1578125,3.495703411102295,58677.61041204674,10
2,0.9941044449806213,100000000.0,0.005895555019378662,0.0,0.0,163.29569998197258,0.6443593760516328,104,False,1.2099566122497136,0.0,-0.9271579941506732,3,,644.3593760516328,0.121875,3.6502580642700195,481.1108761380261,10
7,0.9997535943984985,100000000.0,0.00024640560150146484,0.0,0.0,90.90150002157316,2.5228909506523136,105,False,6.712602002631982,0.0,-4.617746476642148,1,,2522.8909506523137,0.1515625,3.58316775560379,2435.0699506295,10
2,0.9982494711875916,20000000.0,0.0017505288124084473,0.0,0.0,265.84000006550923,6.430359982487828,105,False,1.3505333963666666,0.0,-3.8904466894272476,2,,6430.359982487828,0.125,3.626953959465027,6164.519982422319,10
2,0.9969599843025208,100000000.0,0.003040015697479248,0.0,0.0,192.78120005037636,4.298092091052757,105,False,1.2738714170979202,0.0,-2.7859817540753387,3,,4298.092091052757,0.146875,3.5404388904571533,4105.31089100238,10
7,0.996957540512085,100000000.0,0.003042459487915039,0.0,0.0,122.82479996792972,1.2206580389576973,106,False,9.122329404375824,0.0,-5.171493721666761,1,,1220.6580389576973,0.146875,3.5349819242954252,1097.8332389897676,10
2,0.9968177080154419,20000000.0,0.0031822919845581055,0.0,0.0,230.0816999631934,7.82717288605504,106,False,1.4137509686095928,0.0,-4.620461927332316,2,,7827.17288605504,0.153125,3.552484941482544,7597.091186091847,10
2,0.9995582699775696,100000000.0,0.0004417300224304199,0.0,0.0,264.5702000008896,8.031630252530586,106,False,1.5435726885820067,0.0,-4.787601470556297,3,,8031.630252530586,0.1671875,3.4610599756240843,7767.060052529697,10
7,0.9995203614234924,100000000.0,0.00047963857650756836,0.0,0.0,90.42789990780875,4.615505689368038,107,False,6.645971030046043,0.0,-5.63073835970704,1,,4615.505689368038,0.1390625,3.5306696951389314,4525.077789460229,10
2,0.9992706179618835,20000000.0,0.0007293820381164551,0.0,0.0,232.22060000989586,23.35466388586193,107,False,1.2740185849287489,0.0,-12.31434123539534,2,,23354.663885861934,0.128125,3.673575574159622,23262.206385808364,10
2,0.9981241226196289,100000000.0,0.0018758773803710938,0.0,0.0,268.7892999383621,2.65284180080076,107,False,1.6689435455687813,0.0,-2.1608926731847706,3,,2652.8418008007598,0.125,3.5651106238365173,2584.100800776158,10
7,0.9984394907951355,100000000.0,0.001560509204864502,0.0,0.0,89.72790004918352,3.5838040202178125,108,False,6.333090081702198,0.0,-4.958447050960006,1,,3583.8040202178126,0.1453125,3.5098862528800963,3513.856520203135,10
2,0.9975030422210693,20000000.0,0.002496957778930664,0.0,0.0,161.1316999187693,20.491279003385348,108,False,1.179247569666027,0.0,-10.835263286525688,2,,20491.27900338535,0.1703125,3.6095442473888397,20332.699503400723,10
2,0.9989312887191772,100000000.0,0.001068711280822754,0.0,0.0,159.90669996244833,2.5521416657820732,108,False,1.1912550336790186,0.0,-1.871698349730546,3,,2552.1416657820732,0.1328125,3.6028829216957092,2392.234965819625,10
7,0.9927472472190857,100000000.0,0.007252752780914307,0.0,0.0,141.1693999543786,1.0919241672914377,109,False,6.64748854906749,0.0,-3.8697063581794637,1,,1091.9241672914377,0.1359375,3.485602390766144,950.754767337059,10
2,0.9984418153762817,20000000.0,0.0015581846237182617,0.0,0.0,265.2062000124715,4.314780588565161,109,False,1.6427515007669888,0.0,-2.9787660446660746,2,,4314.7805885651605,0.1578125,3.4912020564079285,4049.5743885526895,10
2,0.9965072274208069,100000000.0,0.0034927725791931152,0.0,0.0,195.60400012414902,1.771536951368284,109,False,1.242874821397127,0.0,-1.5072058863827054,3,,1771.536951368284,0.14375,3.541092264652252,1575.932951244135,10
7,0.9978924989700317,100000000.0,0.0021075010299682617,0.0,0.0,89.71179998479784,0.9927647544686947,110,False,8.93132071408672,0.0,-4.962042734277707,1,0.1125,992.7647544686947,0.14375,3.5209342420101164,924.2008544538435,10
2,0.9957646727561951,20000000.0,0.004235327243804932,0.0,0.0,194.00660006795079,11.358647360869456,110,False,1.2406874696376036,0.0,-6.29966741525353,2,0.1125,11358.647360869456,0.15625,3.6439783811569213,11164.640760801505,10
2,0.9935468435287476,100000000.0,0.006453156471252441,0.0,0.0,163.54109992971644,1.3172036021412679,110,False,1.1891659961465568,0.0,-1.2531847991439125,3,0.1125,1317.2036021412678,0.125,3.6005098819732666,1153.6625022115513,10
7,0.9909669756889343,100000000.0,0.009033024311065674,0.0,0.0,159.40000000409782,1.0374810861532717,111,False,7.237870439105897,0.0,-4.137675762629584,1,,1037.4810861532717,0.1359375,3.565895068645477,878.0810861491738,10
2,0.9969162344932556,20000000.0,0.0030837655067443848,0.0,0.0,301.425899961032,3.1249232085678016,111,False,1.9206827485103184,0.0,-2.52280297853906,2,,3124.923208567802,0.1140625,3.67931067943573,2823.49730860677,10
2,0.9978696703910828,100000000.0,0.0021303296089172363,0.0,0.0,267.8912999108434,4.0157197680332075,111,False,1.6744334326594723,0.0,-2.84507660034634,3,,4015.7197680332074,0.1578125,3.5800473570823668,3747.8284681223645,10
7,0.9967732429504395,100000000.0,0.003226757049560547,0.0,0.0,160.09600000688806,2.3151900110800323,112,False,7.6252678829685925,0.0,-4.970228947024312,1,,2315.1900110800325,0.1640625,3.486949157714844,2245.8932110724545,10
2,0.9976695775985718,20000000.0,0.0023304224014282227,0.0,0.0,230.4981999914162,9.782320398406537,112,False,1.243078674409398,0.0,-5.512699536407967,2,,9782.320398406537,0.14375,3.530464392900467,9688.366698368864,10
2,0.9982874393463135,100000000.0,0.0017125606536865234,0.0,0.0,268.63020000746474,4.421801685966875,112,False,1.6744334326594723,0.0,-3.0481175593131735,3,,4421.801685966875,0.159375,3.553897476196289,4153.17148595941,10
7,0.9884845614433289,100000000.0,0.011515438556671143,0.0,0.0,89.88220011815429,0.46139801659152996,113,False,9.135671592722963,0.0,-4.798534804657247,1,,461.39801659152994,0.1421875,3.4706333577632904,405.66121663429925,10
2,0.9922686815261841,20000000.0,0.007731318473815918,0.0,0.0,191.31570000899956,3.7563872858986875,113,False,1.2057454928869755,0.0,-2.4810663893928315,2,,3756.3872858986874,0.1296875,3.6839279174804687,3565.071585889688,10
2,0.9985544085502625,100000000.0,0.0014455914497375488,0.0,0.0,187.2389999916777,0.8583822805848048,113,False,1.2326573336390538,0.0,-1.0455198071119294,3,,858.3822805848048,0.15,3.6052668929100036,671.1432805931271,10
7,0.9946929216384888,100000000.0,0.0053070783615112305,0.0,0.0,90.07850004127249,1.1366081930867755,114,False,6.871859730531711,0.0,-4.004233961809243,1,,1136.6081930867756,0.1453125,3.4972450613975523,1065.6582930645334,10
2,0.9937695264816284,20000000.0,0.006230473518371582,0.0,0.0,226.1722999974154,10.987272355966859,114,False,1.3057608474799847,0.0,-6.146516601723421,2,,10987.27235596686,0.16875,3.484328728914261,10893.320155824193,10
2,0.9994224309921265,100000000.0,0.0005775690078735352,0.0,0.0,189.4987999694422,1.8592367854284728,114,False,1.1422607178109894,0.0,-1.500748751619731,3,,1859.2367854284728,0.1484375,3.5081227898597716,1669.7379854590306,10
7,0.996097207069397,100000000.0,0.0039027929306030273,0.0,0.0,201.10050000948831,2.4582955855293522,115,False,7.074304464031124,0.0,-4.7663000247802385,1,,2458.295585529352,0.140625,3.4763440787792206,2392.853385594147,10
2,0.9991368651390076,20000000.0,0.0008631348609924316,0.0,0.0,264.4776999950409,24.366110903722777,115,False,1.7344899204107662,0.0,-13.050300412066772,2,,24366.110903722776,0.1390625,3.5477089643478394,24297.89260366194,10
2,0.9976853728294373,100000000.0,0.002314627170562744,0.0,0.0,230.96010001609102,0.6779282080749491,115,False,1.3442760391893405,0.0,-1.0111021236321447,3,,677.9282080749491,0.1578125,3.5056155025959015,446.96810805885815,10
7,0.9899660348892212,100000000.0,0.010033965110778809,0.0,0.0,90.06420004880056,0.4179544719564542,116,False,6.4022848465117095,0.0,-3.410119659234082,1,,417.9544719564542,0.134375,3.3944927871227266,352.33437200540675,10
2,0.9990194439888,20000000.0,0.0009805560111999512,0.0,0.0,230.6018000235781,10.364862335369963,116,False,1.447821003513741,0.0,-5.9063416694418525,2,,10364.862335369964,0.153125,3.4979874730110168,10134.260535346386,10
2,0.9973329305648804,100000000.0,0.002667069435119629,0.0,0.0,268.8067000126466,5.934763244007908,116,False,1.4449746173112004,0.0,-3.6898689306595545,3,,5934.763244007909,0.1421875,3.5511150002479552,5665.956543995262,10
7,0.9965804815292358,100000000.0,0.00341951847076416,0.0,0.0,122.25340004079044,0.7313204432837243,117,False,6.627384556811504,0.0,-3.679352500047614,1,,731.3204432837242,0.1484375,3.5845610916614534,677.8494432335297,10
2,0.9984437227249146,20000000.0,0.0015562772750854492,0.0,0.0,231.97170003550127,10.163976951673039,117,False,1.2152040688960142,0.0,-5.689590510284527,2,,10163.97695167304,0.14375,3.499697232246399,9932.005251637538,10
2,0.9977174401283264,100000000.0,0.002282559871673584,0.0,0.0,191.0037999623455,2.3134526445509045,117,False,1.1888631516504806,0.0,-1.7511578981006926,3,,2313.4526445509046,0.171875,3.4789886713027953,2122.448844588559,10
7,0.9962096214294434,100000000.0,0.0037903785705566406,0.0,0.0,90.7325999578461,1.7904338206921544,118,False,8.836299203758568,0.0,-5.313366512225361,1,,1790.4338206921543,0.1640625,3.4328383207321167,1723.2521207246768,10
2,0.9919116497039795,20000000.0,0.008088350296020508,0.0,0.0,267.338200006634,4.532142784405818,118,False,1.6944992364209241,0.0,-3.113321010413371,2,,4532.142784405818,0.171875,3.4670236110687256,4264.804584399184,10
2,0.9934173226356506,100000000.0,0.006582677364349365,0.0,0.0,163.75879995757714,1.329065944849129,118,False,1.212155016079258,0.0,-1.2706104804641936,3,,1329.0659448491292,0.175,3.512367069721222,1165.307144891552,10
7,0.9938438534736633,100000000.0,0.00615614652633667,0.0,0.0,159.45469995494932,2.102785288297201,119,False,7.301112444589338,0.0,-4.701948866443269,1,,2102.785288297201,0.134375,3.526623773574829,1943.3305883422515,10
2,0.9992335438728333,20000000.0,0.000766456127166748,0.0,0.0,163.60830003395677,23.256907608475206,119,False,1.1807354284964313,0.0,-12.218821518485818,2,,23256.907608475205,0.15,3.477444589138031,23093.29930844125,10
2,0.98885577917099,100000000.0,0.01114422082901001,0.0,0.0,297.70840011769906,0.8223772989032121,119,False,2.177689894720876,0.0,-1.500033596812044,3,,822.3772989032121,0.1515625,3.457294750213623,524.6688987855131,10
7,0.9977836012840271,100000000.0,0.0022163987159729004,0.0,0.0,159.63829995598644,2.0404291593431223,120,False,7.308680313761277,0.0,-4.674554736552199,1,0.1109375,2040.4291593431224,0.1328125,3.5649675488471986,1880.790859387136,10
2,0.9814698100090027,20000000.0,0.018530189990997314,0.0,0.0,265.2002000249922,3.064509292474641,120,False,1.460774586651961,0.0,-2.2626419395633013,2,0.1109375,3064.509292474641,0.1796875,3.4234022736549377,2799.3090924496487,10
2,0.9977025985717773,100000000.0,0.0022974014282226562,0.0,0.0,266.26450003823265,3.210296445811217,120,False,1.5274915825884494,0.0,-2.3688940141998334,3,0.1109375,3210.296445811217,0.140625,3.489054226875305,2944.0319457729843,10
7,0.9967944622039795,100000000.0,0.003205537796020508,0.0,0.0,161.52880003210157,1.8728405155426062,121,False,7.251079691673552,0.0,-4.5619601036080795,1,,1872.8405155426062,0.15,3.516334903240204,1808.6964155382648,10
2,0.9976066946983337,20000000.0,0.0023933053016662598,0.0,0.0,189.4739000708796,7.77992283349757,121,False,1.2022034796889542,0.0,-4.4910631565932615,2,,7779.92283349757,0.1609375,3.458365225791931,7655.440333538157,10
2,0.9986765384674072,100000000.0,0.0013234615325927734,0.0,0.0,270.2755000209436,7.754656888673854,121,False,1.6744334326594723,0.0,-4.714545160666663,3,,7754.656888673854,0.159375,3.56142897605896,7484.381388652911,10
7,0.991628885269165,100000000.0,0.008371114730834961,0.0,0.0,92.1994000673294,0.7267789185954802,122,False,6.832672246709125,0.0,-3.7797255826523024,1,,726.7789185954801,0.184375,3.3844183325767516,634.5795185281507,10
2,0.9903771281242371,20000000.0,0.00962287187576294,0.0,0.0,192.3983000451699,1.9877886496117274,122,False,1.2570734773112642,0.0,-1.6224310634614958,2,,1987.7886496117274,0.1609375,3.4045108795166015,1858.3330495614493,10
2,0.9985682368278503,100000000.0,0.0014317631721496582,0.0,0.0,194.9398000142537,1.8077273269226695,122,False,1.2404952294530485,0.0,-1.524111278187859,3,,1807.7273269226694,0.175,3.5210298776626585,1612.7875269084157,10
7,0.9993189573287964,100000000.0,0.0006810426712036133,0.0,0.0,121.71769997803494,11.75492169699135,123,False,9.383853772238053,0.0,-10.5693877346147,1,,11754.921696991349,0.2078125,3.3121699690818787,11633.203997013314,10
2,0.9947669506072998,20000000.0,0.005233049392700195,0.0,0.0,164.0804000198841,7.360284855981089,123,False,1.1034494792560572,0.0,-4.231867167618573,2,,7360.284855981089,0.178125,3.3786745369434357,7196.204455961205,10
2,0.9959999918937683,100000000.0,0.0040000081062316895,0.0,0.0,190.40510000195354,2.7187212978761885,123,False,1.2196499370341445,0.0,-1.9691856174551665,3,,2718.7212978761886,0.1390625,3.470000922679901,2528.316197874235,10
7,0.9917807579040527,100000000.0,0.008219242095947266,0.0,0.0,91.46920003695413,0.8961209645730321,124,False,6.372665749382564,0.0,-3.6343933569777978,1,,896.1209645730321,0.1453125,3.3797441184520722,804.651764536078,10
2,0.9920061230659485,20000000.0,0.007993876934051514,0.0,0.0,195.0391000136733,1.9350038581004014,124,False,1.1884718603830595,0.0,-1.5617378592417306,2,,1935.0038581004014,0.1796875,3.4145743370056154,1739.9647580867281,10
2,0.9915390014648438,100000000.0,0.00846099853515625,0.0,0.0,192.5307999481447,1.8974805257987684,124,False,1.1422752440501505,0.0,-1.5198778849244594,3,,1897.4805257987684,0.15625,3.476880645751953,1704.9497258506237,10
7,0.995222806930542,100000000.0,0.004777193069458008,0.0,0.0,160.0289999623783,1.555079893022115,125,False,4.849752175508643,0.0,-3.202416034265379,1,,1555.0798930221151,0.1546875,3.3864820182323454,1395.0508930597368,10
2,0.9977336525917053,20000000.0,0.0022663474082946777,0.0,0.0,230.33149994444102,34.05777978498629,125,False,1.4678958889711664,0.0,-17.762837836978726,2,,34057.77978498629,0.175,3.3220044016838073,33827.44828504185,10
2,0.9971056580543518,100000000.0,0.0028943419456481934,0.0,0.0,161.32219991413876,2.561569886443204,125,False,1.218123855367557,0.0,-1.8898468709053806,3,,2561.5698864432043,0.1734375,3.4397812485694885,2402.6297863903446,10
7,0.9970436692237854,100000000.0,0.0029563307762145996,0.0,0.0,91.45250002620742,1.5445254949858984,126,False,7.014102743805976,0.0,-4.279314119395937,1,,1544.5254949858984,0.1515625,3.4024793088436125,1455.4905949748693,10
2,0.9873613715171814,20000000.0,0.012638628482818604,0.0,0.0,228.61059999559075,4.761616013669045,126,False,1.3122591351007014,0.0,-3.036937574384873,2,,4761.616013669045,0.175,3.3430784583091735,4533.005413673454,10
2,0.9988113045692444,100000000.0,0.0011886954307556152,0.0,0.0,162.50730003230274,3.7167185352503007,126,False,1.146045205476892,0.0,-2.4313818703635963,3,,3716.7185352503006,0.171875,3.4544132947921753,3558.5426352538784,10
7,0.9965087175369263,100000000.0,0.0034912824630737305,0.0,0.0,120.95390004105866,1.0299058459725035,127,False,8.877067527252516,0.0,-4.95348668661251,1,,1029.9058459725034,0.1640625,3.4369622588157656,955.6860459063006,10
2,0.9961410760879517,20000000.0,0.00385892391204834,0.0,0.0,162.43479994591326,13.8843989391873,127,False,1.2045566967928067,0.0,-7.544477817990053,2,,13884.3989391873,0.153125,3.50374037027359,13721.964139241387,10
2,0.9953449964523315,100000000.0,0.004655003547668457,0.0,0.0,191.83050002902746,1.1639956156037556,127,False,1.2232936371158547,0.0,-1.1936446263598053,3,,1163.9956156037556,0.146875,3.566557967662811,972.1651155747281,10
7,0.9953290224075317,100000000.0,0.004670977592468262,0.0,0.0,159.24670005915686,0.6346674801701022,128,False,6.9268701536317145,0.0,-3.7807688169009084,1,,634.6674801701022,0.1578125,3.446208876371384,475.4207801109453,10
2,0.9969601035118103,20000000.0,0.0030398964881896973,0.0,0.0,191.0227999323979,17.783165764797946,128,False,1.209010998378277,0.0,-9.496088381588113,2,,17783.165764797945,0.159375,3.481419253349304,17592.142964865547,10
2,0.9915561079978943,100000000.0,0.008443892002105713,0.0,0.0,227.67120000207797,0.5634704510324279,128,False,1.279445797560163,0.0,-0.9214581242962954,3,,563.4704510324278,0.15,3.485889595746994,468.88195099231024,10
7,0.9941532015800476,100000000.0,0.005846798419952393,0.0,0.0,157.89270005188882,0.5441419505855438,129,False,7.2331110453888305,0.0,-3.888626497987187,1,,544.1419505855438,0.1640625,3.377960193157196,386.249250533655,10
2,0.9954519867897034,20000000.0,0.004548013210296631,0.0,0.0,165.40509997867048,5.66359434331699,129,False,1.1402717469981754,0.0,-3.4019330451575827,2,,5663.59434331699,0.175,3.456176310777664,5500.920343237712,10
2,0.9985527396202087,100000000.0,0.0014472603797912598,0.0,0.0,266.0795000847429,6.237784959211765,129,False,1.6409770592054105,0.0,-3.9393810092085877,3,,6237.7849592117645,0.178125,3.458473575115204,5971.705459127022,10
7,0.9984045624732971,100000000.0,0.0015954375267028809,0.0,0.0,95.69510002620518,2.4047471919346775,130,False,6.683896694287612,0.0,-4.544321943111145,1,0.125,2404.7471919346776,0.153125,3.394153583049774,2309.0520919084724,10
2,0.9960546493530273,20000000.0,0.003945350646972656,0.0,0.0,232.13600006420165,6.101365193668093,130,False,1.3167985800776825,0.0,-3.7090818868728874,2,0.125,6101.365193668093,0.190625,3.3313691914081573,5869.229193603891,10
2,0.9971762299537659,100000000.0,0.002823770046234131,0.0,0.0,268.51370005169883,2.244438910017066,130,False,1.4351255380407466,0.0,-1.8397822240289061,3,0.125,2244.438910017066,0.134375,3.5152746200561524,1975.9252099653668,10
7,0.992242693901062,100000000.0,0.007757306098937988,0.0,0.0,71.48680003592744,3.414562593572725,131,False,8.683223551785414,0.0,-6.0488930726790695,1,,3414.562593572725,0.1546875,3.432840037345886,3344.1760935331213,10
2,0.9986274242401123,20000000.0,0.0013725757598876953,0.0,0.0,163.16890000598505,15.701246814616088,131,False,1.1826931329504768,0.0,-8.441969973783282,2,,15701.246814616088,0.1453125,3.6064977645874023,15541.461114585463,10
2,0.9964069128036499,100000000.0,0.0035930871963500977,0.0,0.0,162.42869989946485,1.252781898254985,131,False,1.1603487477895138,0.0,-1.2065653230222493,3,,1252.781898254985,0.1390625,3.5826021432876587,1094.1429982837196,10
7,0.9991315603256226,100000000.0,0.0008684396743774414,0.0,0.0,119.78950002230704,4.30919249666323,132,False,6.516481282291458,0.0,-5.412836889477344,1,,4309.19249666323,0.1859375,3.3188102543354034,4238.06089659621,10
2,0.9924590587615967,20000000.0,0.00754094123840332,0.0,0.0,228.00509998342022,2.347765807183792,132,False,1.2609426935850578,0.0,-1.804354250384425,2,,2347.7658071837923,0.184375,3.390583562850952,2207.487230312232,10
2,0.9920399785041809,100000000.0,0.007960021495819092,0.0,0.0,189.30720002390444,0.4418188450203472,132,False,1.2196499370341445,0.0,-0.8307343910272458,3,,441.81884502034717,0.1671875,3.417378616333008,252.51164499644275,10
7,0.9860847592353821,100000000.0,0.01391524076461792,0.0,0.0,106.98830004548654,0.2602346291135351,133,False,9.227516157281654,0.0,-4.7438753931975945,1,,260.2346291135351,0.1546875,3.4200681865215303,153.2463290680486,10
2,0.9941698312759399,20000000.0,0.005830168724060059,0.0,0.0,165.02679995028302,3.1260405268839895,133,False,1.1195059486243384,0.0,-2.122773237754164,2,,3126.0405268839895,0.1921875,3.301226794719696,2961.0137269337065,10
2,0.9964205026626587,100000000.0,0.0035794973373413086,0.0,0.0,231.77539999596775,2.1131343422365014,133,False,1.3744305553103646,0.0,-1.743782448773433,3,,2113.1343422365017,0.146875,3.407011479139328,2019.7868420999137,10
7,0.986859142780304,100000000.0,0.013140857219696045,0.0,0.0,121.21420004405081,0.5602059942396111,134,False,9.436111477231394,0.0,-4.998158735735503,1,,560.2059942396112,0.1859375,3.2618498682975767,490.7911942648455,10
2,0.9813422560691833,20000000.0,0.01865774393081665,0.0,0.0,268.047799996566,9.230594143126316,134,False,1.4985739847448043,0.0,-5.36458406393556,2,,9230.594143126316,0.178125,3.377329635620117,8962.54634312975,10
2,0.9924378991127014,100000000.0,0.007562100887298584,0.0,0.0,271.72950003296137,0.894358465456738,134,False,1.5733296913283201,0.0,-1.233844078392529,3,,894.358465456738,0.184375,3.385616159439087,622.6289654237767,10
7,0.9856343865394592,100000000.0,0.014365613460540771,0.0,0.0,88.93319993512705,0.30950184397313996,135,False,9.051670519913449,0.0,-4.680586181943294,1,,309.50184397313996,0.171875,3.316752278804779,237.7483440019029,10
2,0.979130208492279,20000000.0,0.020869791507720947,0.0,0.0,191.9163999846205,2.093890337735901,135,False,1.1579436645644678,0.0,-1.6259170011501844,2,,2093.890337735901,0.2046875,3.3945221066474915,1901.9739377512806,10
2,0.9883202314376831,100000000.0,0.011679768562316895,0.0,0.0,196.16640004096553,1.244109117486289,135,False,1.257103118102354,0.0,-1.2506061177943215,3,,1244.109117486289,0.1171875,3.5282487630844117,1047.9427174453235,10
7,0.9936405420303345,100000000.0,0.006359457969665527,0.0,0.0,90.17440001480281,0.5943993556053461,136,False,8.738391011055182,0.0,-4.6663951833302635,1,,594.399355605346,0.1609375,3.420953553915024,504.22495559054323,10
2,0.9947922825813293,20000000.0,0.005207717418670654,0.0,0.0,195.27190004009753,1.530862587622659,136,False,1.1263023460323105,0.0,-1.3285824668274846,2,,1530.862587622659,0.1828125,3.394232678413391,1335.5906875825615,10
2,0.9928836822509766,100000000.0,0.0071163177490234375,0.0,0.0,192.75839999318123,2.3398873906335234,136,False,1.2288767913797498,0.0,-1.7843820910066366,3,,2339.8873906335234,0.15625,3.4274901747703552,2208.891290611066,10
7,0.9858263731002808,100000000.0,0.014173626899719238,0.0,0.0,91.6348000173457,0.7436347802110448,137,False,9.271687508936171,0.0,-5.007661144573608,1,,743.6347802110448,0.140625,3.4804365634918213,651.9999801936991,10
2,0.9875646829605103,20000000.0,0.012435317039489746,0.0,0.0,267.4974000547081,10.18925890414618,137,False,1.4372864038177138,0.0,-5.813272653981947,2,,10189.258904146182,0.1890625,3.3679861068725585,9921.761504091473,10
2,0.9769206047058105,100000000.0,0.023079395294189453,0.0,0.0,190.6522000208497,0.3565517415315336,137,False,1.1510171259353825,0.0,-0.753784433733458,3,,356.5517415315336,0.203125,3.4084011554718017,174.74438012461175,10
7,0.9917817115783691,100000000.0,0.00821828842163086,0.0,0.0,90.61040001688525,0.5823696609939899,138,False,7.152009487444035,0.0,-3.8671895742190125,1,,582.3696609939899,0.165625,3.3634095966815947,491.75926097710465,10
2,0.9837603569030762,20000000.0,0.016239643096923828,0.0,0.0,190.36329997470602,1.8430946943832542,138,False,1.0993910121135142,0.0,-1.471242853248384,2,,1843.0946943832541,0.209375,3.2813371777534486,1718.3565943984295,10
2,0.9888719320297241,100000000.0,0.011128067970275879,0.0,0.0,160.6003000633791,0.7871558182055274,138,False,1.1620377537655076,0.0,-0.9745967859855175,3,,787.1558182055273,0.1671875,3.455649882555008,626.5555181421482,10
7,0.9979332089424133,100000000.0,0.00206679105758667,0.0,0.0,208.12389999628067,2.360997738955999,139,False,6.932952956361899,0.0,-4.646975347658949,1,,2360.997738955999,0.1484375,3.4755252301692963,2298.853438986922,10
2,0.982600212097168,20000000.0,0.01739978790283203,0.0,0.0,160.88330006459728,3.3800168617615,139,False,1.1355697454116074,0.0,-2.2577933035865536,2,,3380.0168617615,0.2015625,3.3082465827465057,3221.9087617574714,10
2,0.9494765400886536,100000000.0,0.050523459911346436,0.0,0.0,161.1523000174202,0.3068347867031732,139,False,1.1705778896396686,0.0,-0.738706338171421,3,,306.8347867031732,0.146875,3.5162097811698914,148.0679866311291,10
7,0.9922083616256714,100000000.0,0.007791638374328613,0.0,0.0,89.25850002560765,2.6312141185061195,140,False,6.287948105781089,0.0,-4.459581112143605,1,0.14140625,2631.2141185061196,0.140625,3.5797626972198486,2582.1819185529025,10
2,0.9958741664886475,20000000.0,0.004125833511352539,0.0,0.0,163.58649998437613,6.30011137282718,140,False,1.1417717184062335,0.0,-3.7209415456167068,2,0.14140625,6300.11137282718,0.171875,3.3863280713558197,6136.524872842804,10
2,0.9815865159034729,100000000.0,0.0184134840965271,0.0,0.0,193.24360007885844,0.7250679441679786,140,False,1.26697940820483,0.0,-0.9960236761864043,3,0.14140625,725.0679441679786,0.140625,3.4979218244552612,531.8243440891201,10
7,0.9944054484367371,100000000.0,0.0055945515632629395,0.0,0.0,122.15840007411316,1.0939845371643115,141,False,6.679888944957638,0.0,-3.8869367410609748,1,,1093.9845371643116,0.1796875,3.371723008155823,1044.3733371096698,10
2,0.9914326071739197,20000000.0,0.008567392826080322,0.0,0.0,193.46939999377355,2.7953228829686676,141,False,1.241450969817584,0.0,-2.018386926393126,2,,2795.3228829686677,0.1546875,3.5239829778671266,2668.596183033861,10
2,0.995393693447113,100000000.0,0.004606306552886963,0.0,0.0,193.20680003147572,2.170909232235076,141,False,1.2605157805745433,0.0,-1.7157125064048095,3,,2170.909232235076,0.1515625,3.5203349947929383,2045.436132241534,10
7,0.9979467988014221,100000000.0,0.002053201198577881,0.0,0.0,159.81590002775192,1.7198281694744328,142,False,5.189937225430789,0.0,-3.454882697452611,1,,1719.8281694744328,0.1875,3.2911255717277528,1560.0122694466809,10
2,0.9894564151763916,20000000.0,0.010543584823608398,0.0,0.0,230.0637000007555,3.0004047621087264,142,False,1.3313726895104834,0.0,-2.165888725809605,2,,3000.4047621087266,0.2015625,3.3261370837688444,2903.5637620882226,10
2,0.9975079894065857,100000000.0,0.0024920105934143066,0.0,0.0,193.8004000694491,2.2457139155032997,142,False,1.1855499271986871,0.0,-1.7156319213509934,3,,2245.7139155032996,0.20625,3.3269073605537414,2118.923015487096,10
7,0.9830016493797302,100000000.0,0.016998350620269775,0.0,0.0,159.16619991185144,0.6159287072639601,143,False,9.731766215902141,0.0,-5.17384746158305,1,,615.9287072639601,0.1703125,3.342453956604004,563.0764073264473,10
2,0.992872416973114,20000000.0,0.007127583026885986,0.0,0.0,192.59779999265447,4.337295951390214,143,False,1.1409355207343856,0.0,-2.7391157360623,2,,4337.295951390214,0.2015625,3.369389843940735,4144.69815139756,10
2,0.9851571917533875,100000000.0,0.014842808246612549,0.0,0.0,191.5118999313563,1.0384923212443335,143,False,1.2148567928805107,0.0,-1.1266745570624221,3,,1038.4923212443337,0.1828125,3.3159475445747377,846.9804213129771,10
7,0.9738708734512329,100000000.0,0.02612912654876709,0.0,0.0,89.31950002443045,0.44289077360006496,144,False,6.59826651449949,0.0,-3.5205786440497775,1,,442.89077360006496,0.1765625,3.3345896542072295,373.23677360835,10
2,0.9885389804840088,20000000.0,0.011461019515991211,0.0,0.0,163.0368999321945,2.4422950169299713,144,False,1.1138976028180756,0.0,-1.7780963098740235,2,,2442.295016929971,0.190625,3.3421891927719116,2279.2581169977766,10
2,0.9720007181167603,100000000.0,0.027999281883239746,0.0,0.0,190.99539995659143,0.3864972627631784,144,False,1.2517675988557877,0.0,-0.8191324308094831,3,,386.4972627631784,0.1796875,3.3769879937171936,259.9497627376974,10
7,0.9925945997238159,100000000.0,0.007405400276184082,0.0,0.0,161.016300029587,1.3965800831022168,145,False,6.604876989506389,0.0,-4.000728536304303,1,,1396.5800831022168,0.1734375,3.3273346602916716,1308.6980830223727,10
2,0.9887247681617737,20000000.0,0.011275231838226318,0.0,0.0,164.12420006236061,3.5355548156903196,145,False,1.1584970706855071,0.0,-2.3470259431879135,2,,3535.5548156903196,0.2171875,3.193091005086899,3371.430615627959,10
2,0.9874960780143738,100000000.0,0.01250392198562622,0.0,0.0,195.1454000081867,1.1131319259913042,145,False,1.2957237850735848,0.0,-1.2044278555324444,3,,1113.1319259913041,0.2,3.270304727554321,989.7769260607064,10
7,0.9952836036682129,100000000.0,0.004716396331787109,0.0,0.0,122.852599946782,0.694158696766787,146,False,4.84020764014351,0.0,-2.7671831684551487,1,,694.158696766787,0.1546875,3.2706295967102053,601.5631967101551,10
2,0.9583525657653809,20000000.0,0.04164743423461914,0.0,0.0,189.99760004226118,1.9702079879666543,146,False,1.1914994020160585,0.0,-1.5808536949913563,2,,1970.2079879666544,0.203125,3.371465277671814,1842.1224879298225,10
2,0.9846885204315186,100000000.0,0.015311479568481445,0.0,0.0,232.58999997051433,1.1952395355071626,146,False,1.3744305553103646,0.0,-1.2848350454087636,3,,1195.2395355071626,0.1921875,3.3516605257987977,1101.0032355295248,10
7,0.9475334286689758,100000000.0,0.05246657133102417,0.0,0.0,121.32760003441945,0.2773774626230893,147,False,6.5600486382893965,0.0,-3.418713050456243,1,,277.37746262308934,0.14375,3.4293731451034546,208.57306252318224,10
2,0.9841094613075256,20000000.0,0.015890538692474365,0.0,0.0,196.44319999497384,12.93092440362289,147,False,1.2400434134284222,0.0,-7.0854839085256565,2,,12930.92440362289,0.2203125,3.1745895981788634,12806.672803675434,10
2,0.9722599983215332,100000000.0,0.027740001678466797,0.0,0.0,299.50969998026267,0.6537893504841501,147,False,2.1664700983165024,0.0,-1.4101297244003264,3,,653.7893504841501,0.178125,3.2627387046813965,354.2796505038874,10
7,0.99642014503479,100000000.0,0.003579854965209961,0.0,0.0,89.27209995454177,2.540109419366506,148,False,6.355202595792665,0.0,-4.447656007579585,1,,2540.1094193665062,0.1765625,3.368896961212158,2450.8373194119645,10
2,0.9925370812416077,20000000.0,0.007462918758392334,0.0,0.0,195.82760002231225,3.873721738426065,148,False,1.1914994020160585,0.0,-2.5326105702210615,2,,3873.721738426065,0.209375,3.2689087271690367,3677.8941384037525,10
2,0.9893239736557007,100000000.0,0.010676026344299316,0.0,0.0,193.10879986733198,0.5899965735273155,148,False,1.2149584332889591,0.0,-0.9024775034081374,3,,589.9965735273155,0.1625,3.410568869113922,396.8877736599835,10
7,0.9868879318237305,100000000.0,0.013112068176269531,0.0,0.0,159.8313999711536,0.5934650752471122,149,False,7.567862408134142,0.0,-4.0806637416906275,1,,593.4650752471123,0.1609375,3.4288126468658446,433.6336752759587,10
2,0.9896884560585022,20000000.0,0.010311543941497803,0.0,0.0,266.2209000554867,1.6878491343386746,149,False,1.460774586651961,0.0,-1.574311860495318,2,,1687.8491343386745,0.1765625,3.5473731994628905,1421.6282342831878,10
2,0.9914368987083435,100000000.0,0.008563101291656494,0.0,0.0,190.0004000053741,1.9469883333257338,149,False,1.1399298561613502,0.0,-1.543459094743542,3,,1946.988333325734,0.1671875,3.3639997005462647,1820.5444333906225,10
7,0.973246693611145,100000000.0,0.02675330638885498,0.0,0.0,89.8081999621354,0.3352183332353859,150,False,9.168075923235909,0.0,-4.751647128235647,1,0.1421875,335.2183332353859,0.1515625,3.2725846111774444,245.4101332732505,10
2,0.9820117354393005,20000000.0,0.017988264560699463,0.0,0.0,161.06259991647676,1.9728790261096787,150,False,1.154107377656134,0.0,-1.5634932018829062,2,0.1421875,1972.8790261096788,0.1796875,3.3406278491020203,1813.7878261868377,10
2,0.9666551947593689,100000000.0,0.033344805240631104,0.0,0.0,228.3079000771977,0.48873548322835536,150,False,1.3276857149597872,0.0,-0.9082105990940712,3,0.1421875,488.73548322835535,0.1859375,3.386206251382828,260.42758315115765,10
