activation_l1_bytes_total,activation_l2_bytes_total,actual_bandwidth_tx_delay_ms,allocator_bottleneck_client,allocator_bottleneck_mig,allocator_elapsed_ms,allocator_equal_total_delay_improvement,allocator_equal_total_delay_ms,allocator_equal_tx_delay_ms,allocator_floor_hit_rate,allocator_hybrid_total_delay_ms,allocator_hybrid_tx_delay_ms,allocator_oracle_gap_closure,available_migs,bandwidth_allocation_sum,bandwidth_alpha_max,bandwidth_alpha_mean,bandwidth_alpha_min,bandwidth_context_score_std,bandwidth_cv,bandwidth_floor_hit_rate,bandwidth_gini,bandwidth_hz,bandwidth_latent_mean,bandwidth_physical_score_std,bandwidth_unused,bandwidth_violation,baseline_exploration_epsilon,channel_bandwidth_spearman,channel_permutation_delta_spearman,client_local_steps,cluster_load_cv,cluster_physics_prior_std,cluster_size_std,cluster_size_violation,compute_delay_ms,cpsl_proxy_delay,cumulative_global_delay_ms,delay,delay_normalized,downlink_delay_ms,downlink_payload_bytes_per_client_mean,downlink_payload_bytes_total,epoch,equal_bandwidth_improvement,equal_bandwidth_tx_delay_ms,feature_compression_mean,global_round_delay_ms,gradient_l1_bytes_total,gradient_l2_bytes_total,is_warmup,kl_normalized,kl_sum,label_kl_weighted_to_station,max_bandwidth_share,max_cluster_size,mean_l1,mean_l2,min_bandwidth_share,nonempty_cluster_count,optimizer_steps,oracle_bandwidth_tx_delay_ms,oracle_gap_closure,oracle_opportunity,paper_local_frequency_mean,pcsfl_clustering_factor,pcsfl_execution_group_count,pcsfl_learning_reward,pcsfl_waiting_factor,penalty,physical_cluster_count,ppo_approx_kl,ppo_bandwidth_actor_gradient_share,ppo_bandwidth_alpha_max,ppo_bandwidth_alpha_mean,ppo_bandwidth_alpha_min,ppo_bandwidth_approx_kl,ppo_bandwidth_channel_weight,ppo_bandwidth_channel_weight_drift,ppo_bandwidth_clip_fraction,ppo_bandwidth_context_score_std,ppo_bandwidth_effective_physical_coefficient,ppo_bandwidth_entropy,ppo_bandwidth_head_grad_norm_post,ppo_bandwidth_head_grad_norm_pre,ppo_bandwidth_latent_mean_abs,ppo_bandwidth_latent_mean_std,ppo_bandwidth_mean_head_parameter_drift,ppo_bandwidth_physical_score_std,ppo_bandwidth_physical_weight,ppo_bandwidth_policy_grad_norm,ppo_bandwidth_policy_loss,ppo_clip_fraction,ppo_cluster_approx_kl,ppo_cluster_clip_fraction,ppo_cluster_entropy,ppo_cluster_physics_prior_std,ppo_cluster_policy_grad_norm,ppo_cluster_policy_loss,ppo_component_balanced_ppo,ppo_decoder_grad_norm_post,ppo_decoder_grad_norm_pre,ppo_encoder_grad_norm_post,ppo_encoder_grad_norm_pre,ppo_entropy,ppo_episode_count,ppo_grad_norm,ppo_grad_norm_post,ppo_grad_norm_post_max,ppo_grad_norm_pre,ppo_grad_norm_pre_max,ppo_kl_early_stop,ppo_online_target_value_drift,ppo_online_value_mean,ppo_partition_residual_parameter_drift,ppo_policy_loss,ppo_policy_version_after,ppo_policy_version_count,ppo_ppo_epochs_run,ppo_ppo_update_elapsed_seconds,ppo_runtime_profile_coverage,ppo_runtime_profile_mean_abs_error,ppo_runtime_profile_mean_seconds,ppo_runtime_profile_observations,ppo_split_approx_kl,ppo_split_clip_fraction,ppo_split_entropy_component,ppo_split_head_grad_norm_post,ppo_split_head_grad_norm_pre,ppo_split_physics_prior_std,ppo_split_policy_grad_norm,ppo_split_policy_loss,ppo_split_residual_parameter_drift,ppo_station_1_explained_variance,ppo_station_1_return_mean,ppo_station_1_return_std,ppo_station_1_td_residual_mean,ppo_station_1_td_residual_std,ppo_station_2_explained_variance,ppo_station_2_return_mean,ppo_station_2_return_std,ppo_station_2_td_residual_mean,ppo_station_2_td_residual_std,ppo_station_3_explained_variance,ppo_station_3_return_mean,ppo_station_3_return_std,ppo_station_3_td_residual_mean,ppo_station_3_td_residual_std,ppo_target_drift_during_update,ppo_target_value_mean,ppo_transition_count,ppo_update_epoch,ppo_value_head_grad_norm_post,ppo_value_head_grad_norm_pre,ppo_value_loss,required_airtime_bandwidth_spearman,reward,reward_objective_mode,runtime_profile_coverage,runtime_profile_mean_abs_error,runtime_profile_mean_seconds,runtime_profile_observations,smashed_data_bytes_per_client_mean,smashed_data_bytes_total,split_physics_prior_std,split_predicted_delay_min_seconds,station_id,test_accuracy,top_worker_count,total_delay_ms,train_accuracy,train_loss,tx_delay_ms,uplink_delay_ms,uplink_payload_bytes_per_client_mean,uplink_payload_bytes_total,vehicle_count,virtual_cluster_count
46137344.0,1310720.0,3182.7810770338024,3,0,0.7323902100324631,0.3832224778190491,5981.700444654225,2918.366198923736,0.0,3689.378378682525,3182.7810770338024,1.0,2,1.0,0.0,0.0,0.0,0.0,1.3582614264145483,0.0,0.6167395748360804,100000000.0,0.10000000149011612,0.0,0.0,0.0,,-0.7818181818181817,0.0,4,0.2,0.027994168922305107,1.0,0.0,144.96804680675268,,0.0,3.6893783786825254,3.6893783786825254,2918.366198923736,4744806.4,47448064.0,1,-0.09060373513357557,2918.366198923736,1.0,9359.591393052924,46137344.0,1310720.0,True,0.1415246392735708,1.3034900987307354,0.3129059932192644,0.4661598193025993,6,4.2,6.0,0.012893874624130266,2,4,1221.7277280092899,-0.15584632945848081,0.581365858589011,,,,,,0.0,2,,,,,,,,,,,,,,,,,,,,,,,,,,,,,,,,,,,,,,,,,,,,,,,,,,,,,,,,,,,,,,,,,,,,,,,,,,,,,,,,,,,,,0.9999999999999999,-3.6893783786825254,delay_only,0.012121212121212121,0.0,0.12059077341109514,2,4613734.4,46137344.0,0.9177300333976746,0.0,1,,0,3689.378378682525,0.028125,4.556397294998169,3593.164878667085,3182.7810770338024,4744806.4,47448064.0,10,2
109051904.0,41943040.0,7323.985589180413,0,1,0.6630751304328442,0.36954412934881137,14845.751826191321,7357.279255989008,0.0,9359.591393052924,7323.985589180412,1.0,2,1.0,0.0,0.0,0.0,0.0,1.0385554296950064,0.0,0.4537228842125846,100000000.0,0.10000000149011612,0.0,0.0,0.0,,-0.8060606060606059,0.0,4,0.4,0.08320385217666626,2.0,0.0,131.1933142133057,,0.0,9.359591393052924,9.359591393052924,7357.279255989008,15099494.4,150994944.0,1,0.004525268873203734,7357.279255989007,1.0,9359.591393052924,109051904.0,41943040.0,True,0.13926299609070666,1.2826595952165971,0.2808833430116012,0.3932021401388261,7,2.7,4.0,0.02600240629190416,2,4,3867.017603607786,0.009539017450419534,0.47439570131038067,,,,,,0.0,2,,,,,,,,,,,,,,,,,,,,,,,,,,,,,,,,,,,,,,,,,,,,,,,,,,,,,,,,,,,,,,,,,,,,,,,,,,,,,,,,,,,,,0.9999999999999999,-9.359591393052924,delay_only,0.024242424242424242,0.0,0.11601871950551867,4,10905190.4,109051904.0,0.9186099767684937,0.0,2,,0,9359.591393052924,0.0140625,4.699344980716705,9267.891376066345,7323.985589180412,15099494.4,150994944.0,10,2
31457280.0,1310720.0,1362.3854367030483,0,0,0.6495700217783451,0.33950925858075587,2832.9213313197897,1384.5223637948834,0.0,1871.1183105058,1362.385436703048,1.0,2,1.0,0.0,0.0,0.0,0.0,0.8891478881366918,0.0,0.43303985973542475,100000000.0,0.10000000149011612,0.0,0.0,0.0,,-0.709090909090909,0.0,4,0.0,0.06524764001369476,0.0,0.0,114.95657870545983,,0.0,1.8711183105058002,1.8711183105058002,1384.5223637948834,3276800.0,32768000.0,1,0.015988854835944255,1384.5223637948832,1.0,9359.591393052924,31457280.0,1310720.0,True,0.13269391630559668,1.222156134465066,0.3385751151460703,0.3275275633311773,5,4.5,6.0,0.02890344277682712,2,4,763.6222366217838,0.03565295950674413,0.4484579977973441,,,,,,0.0,2,,,,,,,,,,,,,,,,,,,,,,,,,,,,,,,,,,,,,,,,,,,,,,,,,,,,,,,,,,,,,,,,,,,,,,,,,,,,,,,,,,,,,0.9999999999999999,-1.8711183105058002,delay_only,0.03636363636363636,0.0,0.10715134340959291,6,3145728.0,31457280.0,0.9236484169960022,0.0,3,,0,1871.1183105058003,0.021875,4.61515611410141,1807.2417067757774,1362.385436703048,3276800.0,32768000.0,10,2
46137344.0,1310720.0,2895.92770745801,2,0,0.6514959968626499,0.34949024103571785,5145.508938791714,2543.4727458499933,0.0,3347.203779521957,2895.92770745801,1.0,2,1.0,0.0,0.0,0.0,0.0,1.034905133836368,0.0,0.5347342379575388,100000000.0,0.10000000149011612,0.0,0.0,0.0,,-0.6242424242424242,0.0,4,0.2,0.07554955780506134,1.0,0.0,70.9154037758708,,0.0,3.347203779521957,3.347203779521957,2543.472745849993,4744806.4,47448064.0,2,-0.13857233665392846,2543.472745849993,1.0,5594.437826035206,46137344.0,1310720.0,True,0.1485769901689827,1.36844465090009,0.35556534460469125,0.3413289562852081,6,4.2,6.0,0.013134328847661378,2,4,1260.8845953462933,-0.27479979560827883,0.5042665200939972,,,,,,0.0,2,,,,,,,,,,,,,,,,,,,,,,,,,,,,,,,,,,,,,,,,,,,,,,,,,,,,,,,,,,,,,,,,,,,,,,,,,,,,,,,,,,,,,0.9999999999999999,-3.347203779521957,delay_only,0.03636363636363636,0.003723423198486368,0.10342792021110654,8,4613734.4,46137344.0,0.9197271466255188,0.0,1,,0,3347.203779521957,0.0234375,4.4179976224899296,3288.6403324302287,2895.92770745801,4744806.4,47448064.0,10,2
83886080.0,27262976.0,2837.448625961643,4,0,0.6413278169929981,0.23637557061676276,6479.387907776089,3195.5465083006034,0.0,4947.818893828164,2837.4486259616433,1.0,2,1.0,0.0,0.0,0.0,0.0,0.351062656924358,0.0,0.17060140549813185,100000000.0,0.10000000149011612,0.0,0.0,0.0,,-0.7333333333333332,0.0,4,0.4,0.08124804496765137,2.0,0.0,88.29489117488265,,0.0,4.947818893828163,4.947818893828163,3195.5465083006034,11114905.6,111149056.0,2,0.11206154609509893,3195.5465083006034,1.0,5594.437826035206,83886080.0,27262976.0,True,0.14270182521847838,1.3143323819644406,0.29324827745682736,0.19204265196770226,7,3.0,4.7,0.07126385860136351,2,4,2374.0756344786787,0.4359227986658815,0.25706741294113844,,,,,,0.0,2,,,,,,,,,,,,,,,,,,,,,,,,,,,,,,,,,,,,,,,,,,,,,,,,,,,,,,,,,,,,,,,,,,,,,,,,,,,,,,,,,,,,,0.9999999999999999,-4.947818893828163,delay_only,0.048484848484848485,0.002792567398864776,0.09560819036560134,10,8388608.0,83886080.0,0.9189981818199158,0.0,2,,0,4947.818893828164,0.0234375,4.527876532077789,4891.815783344874,2837.448625961643,11114905.6,111149056.0,10,2
83886080.0,33554432.0,3365.9565753779925,0,0,0.6487569771707058,0.2421811789649155,7382.289368841371,3655.0073196159406,0.0,5594.437826035206,3365.956575377992,1.0,2,1.0,0.0,0.0,0.0,0.0,0.36125072496978283,0.0,0.1761835139698616,100000000.0,0.10000000149011612,0.0,0.0,0.0,,-0.7575757575757575,0.0,4,0.2,0.06130988523364067,1.0,0.0,72.27472960948944,,0.0,5.594437826035206,5.594437826035206,3655.0073196159406,11744051.2,117440512.0,2,0.07908349257924893,3655.00731961594,1.0,5594.437826035206,83886080.0,33554432.0,True,0.12871944785079792,1.1855499271986871,0.30435519621593665,0.19575267179157868,6,3.0,4.4,0.06444893092922427,2,4,2690.6382161503047,0.2997304073711936,0.26384874752233584,,,,,,0.0,2,,,,,,,,,,,,,,,,,,,,,,,,,,,,,,,,,,,,,,,,,,,,,,,,,,,,,,,,,,,,,,,,,,,,,,,,,,,,,,,,,,,,,0.9878787878787878,-5.594437826035206,delay_only,0.06060606060606061,0.0022340539190918206,0.08962984748184681,12,8388608.0,83886080.0,0.9192055463790894,0.0,3,,0,5594.437826035206,0.0265625,4.522920632362366,5535.279603751038,3365.956575377992,11744051.2,117440512.0,10,2
65011712.0,7208960.0,5655.378403291447,0,0,0.6543011404573917,0.3979828875120719,10485.79095603255,5216.536117816852,0.5,6312.625593502747,5655.378403291446,1.0,2,1.0,0.0,0.0,0.0,0.0,1.5732265602758677,0.6,0.6964616020791451,100000000.0,0.10000000149011612,0.0,0.0,0.0,,-0.7753786953560957,0.0,4,0.4,0.057630255818367004,2.0,0.0,87.49404735863209,,0.0,6.312625593502746,6.312625593502746,5216.536117816853,7222067.2,72220672.0,3,-0.0841252270785107,5216.536117816852,1.0,6312.625593502747,65011712.0,7208960.0,True,0.15739442053138328,1.4496561857439965,0.3031833552591657,0.49996955457906134,7,4.1,5.7,0.010000000000000002,2,4,1703.269398612463,-0.12491003972905736,0.6734865128614713,,,,,,0.0,2,,,,,,,,,,,,,,,,,,,,,,,,,,,,,,,,,,,,,,,,,,,,,,,,,,,,,,,,,,,,,,,,,,,,,,,,,,,,,,,,,,,,,0.9692233691951198,-6.312625593502746,delay_only,0.07272727272727272,0.001861711599243184,0.08637593688132862,14,6501171.2,65011712.0,0.9170628786087036,0.0,1,,0,6312.625593502747,0.0265625,4.427825593948365,6259.906873103903,5655.378403291446,7222067.2,72220672.0,10,2
52428800.0,11141120.0,3733.1530273107846,3,1,0.6705410778522491,0.33571037748992383,6329.14837068472,3131.348996844906,0.0,4204.387581972416,3733.1530273107846,1.0,2,1.0,0.0,0.0,0.0,0.0,0.9828455417981846,0.0,0.522948123583656,100000000.0,0.10000000149011612,0.0,0.0,0.0,,-0.5393939393939393,0.0,4,0.0,0.053895141929388046,0.0,0.0,66.45037699490786,,0.0,4.204387581972417,4.204387581972417,3131.3489968449067,6356992.0,63569920.0,3,-0.19218682780879606,3131.348996844906,1.0,6312.625593502747,52428800.0,11141120.0,True,0.12700511907022102,1.169760375620099,0.3267913291867913,0.31108540429398723,5,4.0,5.5,0.010934634656506768,2,4,1577.4881578449395,-0.38729596329436244,0.49622729391249915,,,,,,0.0,2,,,,,,,,,,,,,,,,,,,,,,,,,,,,,,,,,,,,,,,,,,,,,,,,,,,,,,,,,,,,,,,,,,,,,,,,,,,,,,,,,,,,,0.9999999999999999,-4.204387581972417,delay_only,0.07878787878787878,0.0025174056108181295,0.08404429890931799,16,5242880.0,52428800.0,0.9155870676040649,0.0,2,,0,4204.387581972416,0.028125,4.5071941614151,4141.359672015542,3733.153027310785,6356992.0,63569920.0,10,2
83886080.0,20971520.0,2980.5560911419693,0,0,0.6406982429325581,0.14361543855363673,5886.763202752556,2914.0454091968068,0.0,5041.333123727837,2980.55609114197,1.0,2,1.0,0.0,0.0,0.0,0.0,0.2578646261314897,0.0,0.14323883974573912,100000000.0,0.10000000149011612,0.0,0.0,0.0,,-0.9999999999999999,0.0,4,0.2,0.05183893442153931,1.0,0.0,72.274602483958,,0.0,5.041333123727838,5.041333123727838,2914.0454091968063,10485760.0,104857600.0,3,-0.022824174851652466,2914.0454091968063,1.0,6312.625593502747,83886080.0,20971520.0,True,0.12963787785831296,1.1940089801757372,0.29830263071878094,0.14086937125010998,6,3.0,5.0,0.06671581977643759,2,4,2447.528366773679,-0.14256860070899277,0.16009257815639621,,,,,,0.0,2,,,,,,,,,,,,,,,,,,,,,,,,,,,,,,,,,,,,,,,,,,,,,,,,,,,,,,,,,,,,,,,,,,,,,,,,,,,,,,,,,,,,,0.9999999999999999,-5.041333123727838,delay_only,0.08484848484848485,0.002344531466120056,0.08319666576571762,18,8388608.0,83886080.0,0.9187291264533997,0.0,3,,0,5041.333123727838,0.0234375,4.3873080015182495,4982.660739368895,2980.55609114197,10485760.0,104857600.0,10,2
54525952.0,15073280.0,2466.727680032851,1,1,0.6498699076473713,0.36944301492218895,5823.356774833857,2883.8935581561473,0.0,3671.9582909716823,2466.727680032851,1.0,2,1.0,0.0,0.0,0.0,0.0,1.0022199230008406,0.0,0.38832478513928903,100000000.0,0.10000000149011612,0.0,0.0,0.0,,-0.8666666666666665,0.0,4,0.4,0.0593712292611599,2.0,0.0,90.12027364224195,,0.0,3.6719582909716824,3.6719582909716824,2883.8935581561473,6959923.2,69599232.0,4,0.14465370157073906,2883.8935581561473,1.0,8710.047352067983,54525952.0,15073280.0,True,0.1547792854374029,1.4255699014097374,0.281488975864262,0.3937082527054312,7,3.7,5.3,0.04520605765780106,2,4,1558.4347488458743,0.31473318913650444,0.45960739624444436,,,,,,0.0,2,,,,,,,,,,,,,,,,,,,,,,,,,,,,,,,,,,,,,,,,,,,,,,,,,,,,,,,,,,,,,,,,,,,,,,,,,,,,,,,,,,,,,0.9999999999999999,-3.6719582909716824,delay_only,0.09696969696969697,0.0020514650328550487,0.08190270330524071,20,5452595.2,54525952.0,0.9174654483795166,0.0,1,,0,3671.9582909716823,0.0265625,4.407438194751739,3616.3886324501195,2466.727680032851,6959923.2,69599232.0,10,2
117440512.0,13107200.0,7863.715292957974,0,1,0.6472808308899403,0.39188004507125734,14322.90994806871,7126.44851958707,0.1,8710.047352067983,7863.715292957974,1.0,2,1.0,0.0,0.0,0.0,0.0,1.3141223592193425,0.2,0.577772073908668,100000000.0,0.10000000149011612,0.0,0.0,0.0,,-0.9272727272727272,0.0,4,0.2,0.05900556966662407,1.0,0.0,70.01290889456868,,0.0,8.710047352067983,8.710047352067983,7126.44851958707,13054771.2,130547712.0,4,-0.10345500586225014,7126.44851958707,1.0,8710.047352067983,117440512.0,13107200.0,True,0.11944516917174816,1.1001306638600772,0.285415315262698,0.47083210860612457,6,2.8,5.4,0.01,2,4,3136.2425970400063,-0.1847691040717732,0.5599150701194245,,,,,,0.0,2,,,,,,,,,,,,,,,,,,,,,,,,,,,,,,,,,,,,,,,,,,,,,,,,,,,,,,,,,,,,,,,,,,,,,,,,,,,,,,,,,,,,,0.9999999999999999,-8.710047352067983,delay_only,0.10909090909090909,0.0018235244736489321,0.07973827520488865,22,11744051.2,117440512.0,0.9174402952194214,0.0,2,,0,8710.047352067983,0.021875,4.486704301834107,8655.214560158407,7863.715292957974,13054771.2,130547712.0,10,2
167772160.0,13107200.0,5601.372747178205,7,1,0.643532257527113,0.3209117984218325,12758.21699481853,6344.049626264836,0.0,8663.954634355328,5601.372747178205,1.0,2,1.0,0.0,0.0,0.0,0.0,0.6370713217711085,0.0,0.2752918689039031,100000000.0,0.10000000149011612,0.0,0.0,0.0,,-0.9515151515151514,0.0,4,0.2,0.053740326315164566,1.0,0.0,70.1177422888577,,0.0,8.663954634355328,8.663954634355328,6344.049626264837,18087936.0,180879360.0,4,0.11706668813117306,6344.049626264836,1.0,8710.047352067983,167772160.0,13107200.0,True,0.13779592802990745,1.2691473990277813,0.3295007888766079,0.28198442238068044,6,1.6,5.4,0.05370764803229609,2,4,4014.2824190342903,0.3187772910450868,0.3672365987783475,,,,,,0.0,2,,,,,,,,,,,,,,,,,,,,,,,,,,,,,,,,,,,,,,,,,,,,,,,,,,,,,,,,,,,,,,,,,,,,,,,,,,,,,,,,,,,,,0.9999999999999999,-8.663954634355328,delay_only,0.11515151515151516,0.0017286530107651888,0.07839611829013417,24,16777216.0,167772160.0,0.9176322221755981,0.0,3,,0,8663.954634355328,0.0296875,4.506321811676026,8609.738307209633,5601.372747178204,18087936.0,180879360.0,10,2
41943040.0,9175040.0,2177.4743004178763,3,0,0.6532641127705574,0.3715118207808919,4851.66552306554,2392.2111942313177,0.0,3049.214430771583,2177.4743004178763,1.0,2,1.0,0.0,0.0,0.0,0.0,1.068257620202598,0.0,0.4385833079006136,100000000.0,0.10000000149011612,0.0,0.0,0.0,,-0.6242424242424242,0.0,4,0.2,0.0627194344997406,1.0,0.0,67.24313460290432,,0.0,3.049214430771583,3.049214430771583,2392.2111942313177,5111808.0,51118080.0,5,0.089765023393949,2392.211194231317,1.0,10562.159860972033,41943040.0,9175040.0,True,0.13924222971833472,1.2824683298587602,0.30357142097377754,0.40562445414210113,6,4.0,5.6,0.036946337120783074,2,4,1255.400995460744,0.18889423585896087,0.4752131423479361,,,,,,0.0,2,,,,,,,,,,,,,,,,,,,,,,,,,,,,,,,,,,,,,,,,,,,,,,,,,,,,,,,,,,,,,,,,,,,,,,,,,,,,,,,,,,,,,0.9999999999999999,-3.049214430771583,delay_only,0.12727272727272726,0.0015640193906923136,0.07681593214206044,26,4194304.0,41943040.0,0.9174330830574036,0.0,1,,0,3049.214430771583,0.021875,4.382863783836365,2992.849237903767,2177.4743004178763,5111808.0,51118080.0,10,2
130023424.0,7208960.0,9340.260201887753,5,1,0.6612078286707401,0.40946354504430377,17885.703367397422,8900.30657999788,0.0,10562.159860972033,9340.260201887753,1.0,2,1.0,0.0,0.0,0.0,0.0,1.5656188859462294,0.0,0.5746053787070885,100000000.0,0.10000000149011612,0.0,0.0,0.0,,-0.7212121212121211,0.0,4,0.4,0.06214110553264618,2.0,0.0,85.09020740166306,,0.0,10.562159860972033,10.562159860972033,8900.30657999788,13723238.4,137232384.0,5,-0.049431288454557784,8900.30657999788,1.0,10562.159860972033,130023424.0,7208960.0,True,0.15115970914998977,1.3922323718003287,0.30295736954643,0.564466959505359,7,2.6,5.7,0.01252698201617312,2,4,3774.999407543037,-0.08583946426749511,0.5758573737193741,,,,,,0.0,2,,,,,,,,,,,,,,,,,,,,,,,,,,,,,,,,,,,,,,,,,,,,,,,,,,,,,,,,,,,,,,,,,,,,,,,,,,,,,,,,,,,,,0.9999999999999999,-10.562159860972033,delay_only,0.1393939393939394,0.001428017704545156,0.07609007503108486,28,13002342.4,130023424.0,0.9170530438423157,0.0,2,,0,10562.159860972033,0.0265625,4.4989941954612735,10510.31291764201,9340.260201887753,13723238.4,137232384.0,10,2
62914560.0,1310720.0,2303.18754166304,6,1,0.64846221357584,0.29864760048485406,4523.954388701777,2229.0292379993252,0.0,3172.886265813067,2303.18754166304,1.0,2,1.0,0.0,0.0,0.0,0.0,0.7464684271022571,0.0,0.388270172438626,100000000.0,0.10000000149011612,0.0,0.0,0.0,,-0.5393939393939393,0.0,4,0.0,0.05520043149590492,0.0,0.0,67.30044400319457,,0.0,3.1728862658130668,3.1728862658130668,2229.0292379993252,6422528.0,64225280.0,5,-0.0332693274720236,2229.0292379993252,1.0,10562.159860972033,62914560.0,1310720.0,True,0.128867248744578,1.186911223737684,0.32095266011040646,0.2538870115812008,5,3.5,6.0,0.03483859935988759,2,4,1366.4490837242574,-0.08597265227605325,0.38697570205462195,,,,,,0.0,2,,,,,,,,,,,,,,,,,,,,,,,,,,,,,,,,,,,,,,,,,,,,,,,,,,,,,,,,,,,,,,,,,,,,,,,,,,,,,,,,,,,,,0.9999999999999999,-3.1728862658130668,delay_only,0.14545454545454545,0.0013970489691322047,0.07569385026969637,30,6291456.0,62914560.0,0.9146347641944885,0.0,3,,0,3172.886265813067,0.03125,4.4349769949913025,3106.99035310994,2303.18754166304,6422528.0,64225280.0,10,2
83886080.0,33554432.0,3917.1107318357826,0,1,0.6402959115803242,0.16295734181214636,7563.04228977718,3742.5667714395026,0.0,6330.5890222222415,3917.1107318357826,1.0,2,1.0,0.0,0.0,0.0,0.0,0.29159606650694575,0.0,0.16270626444166297,100000000.0,0.10000000149011612,0.0,0.0,0.0,,-0.8303030303030302,0.0,4,0.2,0.06418292969465256,1.0,0.0,77.90874689817429,,6330.5890222222415,6.330589022222242,6.330589022222242,3742.566771439502,11744051.2,117440512.0,6,-0.04663750069291238,3742.566771439502,1.0,6330.5890222222415,83886080.0,33554432.0,False,0.14484407102255917,1.3340631949804624,0.326699823640498,0.14909950349446888,6,3.0,4.4,0.060068914602677506,2,4,3061.868527766734,-0.25641899625671605,0.1818800532477744,,,,,,0.0,2,,,,,,,,,,,,,,,,,,,,,,,,,,,,,,,,,,,,,,,,,,,,,,,,,,,,,,,,,,,,,,,,,,,,,,,,,,,,,,,,,,,,,0.9878787878787878,-6.330589022222242,delay_only,0.14545454545454545,0.0014552838440674047,0.07575289487450694,32,8388608.0,83886080.0,0.9171780943870544,0.0,1,,0,6330.5890222222415,0.03125,4.357342457771301,6270.076632234534,3917.1107318357826,11744051.2,117440512.0,10,2
67108864.0,13107200.0,4230.252687565597,1,0,0.6520207971334457,0.356613329225324,7881.447776078975,3904.6304320673376,0.0,5070.818445535925,4230.252687565597,1.0,2,1.0,0.0,0.0,0.0,0.0,0.9842082364986224,0.0,0.47878715079841444,100000000.0,0.10000000149011612,0.0,0.0,0.0,,-0.709090909090909,0.0,4,0.2,0.05956627056002617,1.0,0.0,72.18691194429994,,6330.5890222222415,5.0708184455359255,5.0708184455359255,3904.630432067337,8021606.4,80216064.0,6,-0.08339387329055256,3904.6304320673376,1.0,6330.5890222222415,67108864.0,13107200.0,False,0.1381597895442231,1.272498687422891,0.34197401733773236,0.3569128428323293,6,3.4,5.4,0.018462147507187686,2,4,2055.4766634243774,-0.17609257868112488,0.4735797153698644,,,,,,0.0,2,,,,,,,,,,,,,,,,,,,,,,,,,,,,,,,,,,,,,,,,,,,,,,,,,,,,,,,,,,,,,,,,,,,,,,,,,,,,,,,,,,,,,0.9999999999999999,-5.0708184455359255,delay_only,0.14545454545454545,0.0014954935565280418,0.07579164307797327,34,6710886.4,67108864.0,0.9172951579093933,0.0,2,,0,5070.818445535925,0.0203125,4.46173095703125,5011.248178670731,4230.252687565597,8021606.4,80216064.0,10,2
125829120.0,11141120.0,4548.510151788359,0,0,0.6739338859915733,0.2775359284847338,8706.142318936998,4320.772984781769,0.0,6289.875026930585,4548.510151788359,1.0,2,0.9999999999999998,0.0,0.0,0.0,0.0,0.5341129219896736,0.0,0.28171660038484536,100000000.0,0.10000000149011612,0.0,2.220446049250313e-16,0.0,,-0.3939393939393939,0.0,4,0.0,0.05142143368721008,0.0,0.0,65.10174367576838,,6330.5890222222415,6.289875026930584,6.289875026930584,4320.772984781769,13697024.0,136970240.0,6,-0.052707505765450836,4320.772984781769,1.0,6330.5890222222415,125829120.0,11141120.0,False,0.12242244099433952,1.1275523507260374,0.2912732233998241,0.22687109842582245,5,2.0,5.5,0.03685301506488651,2,4,2911.2308686803794,-0.16156818899209677,0.3262245253490405,,,,,,0.0,2,,,,,,,,,,,,,,,,,,,,,,,,,,,,,,,,,,,,,,,,,,,,,,,,,,,,,,,,,,,,,,,,,,,,,,,,,,,,,,,,,,,,,0.9999999999999999,-6.289875026930584,delay_only,0.15151515151515152,0.0014464628808200362,0.07533304226323963,36,12582912.0,125829120.0,0.9136759638786316,0.0,3,,0,6289.875026930585,0.03125,4.408688902854919,6225.278677557125,4548.510151788359,13697024.0,136970240.0,10,2
20971520.0,1310720.0,859.0144995494547,0,0,0.6544431671500206,0.2744841062073422,1837.6160874815673,882.3653331884191,0.0,1333.219678156956,859.0144995494549,1.0,2,1.0,0.0,0.0,0.0,0.0,0.5962258327141223,0.0,0.30894666163266254,100000000.0,0.10000000149011612,0.0,0.0,0.0,,-0.9999999999999999,0.0,4,0.2,0.060898054391145706,1.0,0.0,72.88542110472918,,12813.1590129779,1.333219678156956,1.333219678156956,882.3653331884191,2228224.0,22282240.0,7,0.02646390645764183,882.3653331884191,1.0,6482.569990755657,20971520.0,1310720.0,False,0.13889139012004995,1.27923697774259,0.30338570902316564,0.2334491746486435,6,5.0,6.0,0.04815545137961714,2,4,586.1597647940245,0.07883320278392908,0.3356949295866583,,,,,,0.0,2,,,,,,,,,,,,,,,,,,,,,,,,,,,,,,,,,,,,,,,,,,,,,,,,,,,,,,,,,,,,,,,,,,,,,,,,,,,,,,,,,,,,,0.9999999999999999,-1.333219678156956,delay_only,0.15757575757575756,0.001492436157826048,0.07446224392320101,38,2097152.0,20971520.0,0.9172801375389099,0.0,1,,0,1333.219678156956,0.0328125,4.393632936477661,1276.8737008021612,859.0144995494549,2228224.0,22282240.0,10,2
94371840.0,11141120.0,4767.3749425712485,1,0,0.6519528105854988,0.3601904156725063,10132.030137637765,5034.390292507664,0.5,6482.569990755657,4767.3749425712485,1.0,2,1.0,0.0,0.0,0.0,0.0,1.1137441600123335,0.5,0.5686977090916692,100000000.0,0.10000000149011612,0.0,0.0,0.0,,-0.2909286827258562,0.0,4,0.0,0.05557052418589592,0.0,0.0,69.18059615418315,,12813.1590129779,6.482569990755657,6.482569990755657,5034.390292507664,10551296.0,105512960.0,7,0.05303826966570218,5034.390292507664,1.0,6482.569990755657,94371840.0,11141120.0,False,0.12578222127494929,1.1584970706855071,0.3211596767952025,0.3635122181728301,5,3.0,5.5,0.010000000000000004,2,4,2238.6302735567765,0.09550724959455305,0.5553323950889593,,,,,,0.0,2,,,,,,,,,,,,,,,,,,,,,,,,,,,,,,,,,,,,,,,,,,,,,,,,,,,,,,,,,,,,,,,,,,,,,,,,,,,,,,,,,,,,,0.937436866561092,-6.482569990755657,delay_only,0.16363636363636364,0.0016223793745868739,0.0737848090690871,40,9437184.0,94371840.0,0.9147308468818665,0.0,2,,0,6482.569990755657,0.01875,4.411851227283478,6419.32043813322,4767.3749425712485,10551296.0,105512960.0,10,2
83886080.0,35651584.0,3348.5960852768976,0,1,0.6450768560171127,0.2620958001114461,7510.121580201097,3711.882643395517,0.0,5541.7502557040525,3348.596085276898,1.0,2,1.0,0.0,0.0,0.0,0.0,0.4110141110528123,0.0,0.19081439169607792,100000000.0,0.10000000149011612,0.0,0.0,0.0,,-0.7454545454545454,0.0,4,0.4,0.055754393339157104,2.0,0.0,86.35629341006279,,12813.1590129779,5.541750255704052,5.541750255704052,3711.882643395517,11953766.4,119537664.0,7,0.09787124028961644,3711.882643395517,1.0,6482.569990755657,83886080.0,35651584.0,False,0.15207816618391207,1.4006916736997885,0.32871129438687324,0.2128969627648094,7,3.0,4.3,0.06395357927428971,2,4,2644.606913876957,0.34038678859725896,0.2875294916496197,,,,,,0.0,2,,,,,,,,,,,,,,,,,,,,,,,,,,,,,,,,,,,,,,,,,,,,,,,,,,,,,,,,,,,,,,,,,,,,,,,,,,,,,,,,,,,,,0.9999999999999999,-5.541750255704052,delay_only,0.1696969696969697,0.001884701688374792,0.07267248425566193,42,8388608.0,83886080.0,0.9173406362533569,0.0,3,,0,5541.7502557040525,0.0421875,4.416096770763398,5490.143137250222,3348.5960852768985,11953766.4,119537664.0,10,2
125829120.0,1310720.0,6658.08363126913,3,0,0.6518377922475338,0.3539537150219127,13301.655494525061,6619.196315953023,0.0,8593.485116296279,6658.08363126913,1.0,2,1.0,0.0,0.0,0.0,0.0,1.1860878454185804,0.0,0.5130410946728099,100000000.0,0.10000000149011612,0.0,0.0,0.0,,-0.2727272727272727,0.0,4,0.0,0.05123681202530861,0.0,0.0,63.58741503208876,,21406.64412927418,8.593485116296279,8.593485116296279,6619.196315953024,12713984.0,127139840.0,8,-0.005874930045870305,6619.196315953023,1.0,8593.485116296279,125829120.0,1310720.0,False,0.13823683355516053,1.2732082889872471,0.3172714495922388,0.34636873238023885,5,2.0,6.0,0.0281134058034994,2,4,3268.9107779536694,-0.011607164486442036,0.5061468761584818,,,,,,0.0,2,,,,,,,,,,,,,,,,,,,,,,,,,,,,,,,,,,,,,,,,,,,,,,,,,,,,,,,,,,,,,,,,,,,,,,,,,,,,,,,,,,,,,0.9999999999999999,-8.593485116296279,delay_only,0.1696969696969697,0.0019107158628425428,0.07264647008119418,44,12582912.0,125829120.0,0.9159408211708069,0.0,1,,0,8593.485116296279,0.0421875,4.297468960285187,8530.222253677266,6658.083631269131,12713984.0,127139840.0,10,2
58720256.0,1310720.0,2576.6907894844694,3,0,0.6581000052392483,0.2600381892994447,4143.9532159014725,2036.5009194299178,0.0,3066.3671250968428,2576.6907894844694,1.0,2,1.0,0.0,0.0,0.0,0.0,0.6673425895348807,0.0,0.37468817452688724,100000000.0,0.10000000149011612,0.0,0.0,0.0,,-0.006060606060606061,0.0,4,0.2,0.0642286017537117,1.0,0.0,70.9513770416379,,21406.64412927418,3.0663671250968427,3.0663671250968427,2036.5009194299173,6003097.6,60030976.0,8,-0.2652539288839449,2036.5009194299178,1.0,8593.485116296279,58720256.0,1310720.0,False,0.12428609020541982,1.144717194294052,0.3007573843611736,0.21237557900209678,6,3.8,6.0,0.016764272554078925,2,4,1303.89685962931,-0.7373558238287335,0.3597366702911615,,,,,,0.0,2,,,,,,,,,,,,,,,,,,,,,,,,,,,,,,,,,,,,,,,,,,,,,,,,,,,,,,,,,,,,,,,,,,,,,,,,,,,,,,,,,,,,,0.9999999999999999,-3.0663671250968427,delay_only,0.17575757575757575,0.0018542559464173071,0.07259744543453743,46,5872025.6,58720256.0,0.9171146154403687,0.0,2,,0,3066.3671250968428,0.0234375,4.392989230155945,3008.654256309494,2576.6907894844694,6003097.6,60030976.0,10,2
94371840.0,1310720.0,6243.456894724057,1,1,0.6360989063978195,0.3535002413581367,10782.05262115895,5357.634155036506,0.3,6970.594417243131,6243.456894724058,1.0,2,1.0,0.0,0.0,0.0,0.0,1.2602947893223675,0.3,0.6045465783928892,100000000.0,0.10000000149011612,0.0,0.0,0.0,,-0.21474009169894706,0.0,4,0.0,0.05319834128022194,0.0,0.0,66.78431108593941,,21406.64412927418,6.970594417243131,6.970594417243131,5357.634155036505,9568256.0,95682560.0,8,-0.16533841506419816,5357.634155036506,1.0,8593.485116296279,94371840.0,1310720.0,False,0.13034433081045146,1.2005156523217202,0.3277548741400314,0.346508697871884,5,3.0,6.0,0.010000000000000002,2,4,2326.511631388619,-0.292242472145759,0.5657576527128948,,,,,,0.0,2,,,,,,,,,,,,,,,,,,,,,,,,,,,,,,,,,,,,,,,,,,,,,,,,,,,,,,,,,,,,,,,,,,,,,,,,,,,,,,,,,,,,,0.9878044218151566,-6.970594417243131,delay_only,0.17575757575757575,0.0019812978246602523,0.07239630689433424,48,9437184.0,94371840.0,0.9161383509635925,0.0,3,,0,6970.594417243131,0.0359375,4.345505475997925,6904.721369440533,6243.456894724058,9568256.0,95682560.0,10,2
62914560.0,1310720.0,2602.6332713467955,1,0,0.6494922563433647,0.34964340736545385,5310.9356670903835,2618.79526093988,0.0,3454.0020241501825,2602.6332713467955,1.0,2,1.0,0.0,0.0,0.0,0.0,0.9047090740349654,0.0,0.42986544529614923,100000000.0,0.10000000149011612,0.0,0.0,0.0,,-0.6242424242424242,0.0,4,0.0,0.06262204051017761,0.0,0.0,76.87337417155504,,30192.531763337338,3.4540020241501823,3.4540020241501823,2618.7952609398794,6422528.0,64225280.0,9,0.006171536138828865,2618.79526093988,1.0,8785.887634063158,62914560.0,1310720.0,False,0.12614970475572268,1.1618817186245085,0.2616081644358582,0.34373634254153806,5,3.5,6.0,0.029758144843474228,2,4,1444.5831572865807,0.0137641142880403,0.4483787339800963,,,,,,0.0,2,,,,,,,,,,,,,,,,,,,,,,,,,,,,,,,,,,,,,,,,,,,,,,,,,,,,,,,,,,,,,,,,,,,,,,,,,,,,,,,,,,,,,0.9999999999999999,-3.4540020241501823,delay_only,0.17575757575757575,0.0021128596649344624,0.07253577540763494,50,6291456.0,62914560.0,0.9161322712898254,0.0,1,,0,3454.0020241501825,0.0375,4.3033729791641235,3380.6568789395587,2602.633271346796,6422528.0,64225280.0,10,2
117440512.0,20971520.0,7534.030537081321,9,0,0.654861330986023,0.36483243416850303,13832.39338199136,6877.678228898408,0.0,8785.88763406316,7534.030537081321,1.0,2,1.0,0.0,0.0,0.0,0.0,1.0384320559597982,0.0,0.5019889350142512,100000000.0,0.10000000149011612,0.0,0.0,0.0,,-0.8787878787878788,0.0,4,0.2,0.06447295099496841,1.0,0.0,77.03692419454455,,30192.531763337338,8.785887634063158,8.785887634063158,6877.678228898408,13841203.2,138412032.0,9,-0.09543225000336217,6877.678228898408,1.0,8785.887634063158,117440512.0,20971520.0,False,0.12228598740526445,1.1262955667256782,0.2784100247861074,0.3755887716953029,6,2.2,5.0,0.01563615403205149,2,4,3450.0281396001456,-0.19148754717763156,0.49837313919340853,,,,,,0.0,2,,,,,,,,,,,,,,,,,,,,,,,,,,,,,,,,,,,,,,,,,,,,,,,,,,,,,,,,,,,,,,,,,,,,,,,,,,,,,,,,,,,,,0.9999999999999999,-8.785887634063158,delay_only,0.18181818181818182,0.002158826239531239,0.07280220893062653,52,11744051.2,117440512.0,0.9171944260597229,0.0,2,,0,8785.887634063158,0.0234375,4.3938303232193,8712.063156681152,7534.030537081321,13841203.2,138412032.0,10,2
20971520.0,1310720.0,997.3676907696314,1,0,0.6506410427391529,0.27073377678266736,2004.2984680311883,963.4463784304512,0.0,1461.6671739813905,997.3676907696315,1.0,2,1.0,0.0,0.0,0.0,0.0,0.6854863847478817,0.0,0.3490207509906573,100000000.0,0.10000000149011612,0.0,0.0,0.0,,-0.9999999999999999,0.0,4,0.2,0.05502189323306084,1.0,0.0,77.40571117028594,,30192.531763337338,1.4616671739813905,1.4616671739813905,963.4463784304511,2228224.0,22282240.0,9,-0.03520830333540869,963.4463784304511,1.0,8785.887634063158,20971520.0,1310720.0,False,0.12928735040078848,1.1907805029822134,0.2986612632685683,0.22894768134284713,6,5.0,6.0,0.03879148839711473,2,4,625.8613828512905,-0.10048228678228098,0.35039313358478735,,,,,,0.0,2,,,,,,,,,,,,,,,,,,,,,,,,,,,,,,,,,,,,,,,,,,,,,,,,,,,,,,,,,,,,,,,,,,,,,,,,,,,,,,,,,,,,,0.9999999999999999,-1.4616671739813905,delay_only,0.18181818181818182,0.0022344536948949102,0.07279640845457713,54,2097152.0,20971520.0,0.9173367023468018,0.0,3,,0,1461.6671739813905,0.03125,4.421626329421997,1395.8234120828133,997.3676907696315,2228224.0,22282240.0,10,2
41943040.0,20971520.0,2615.2995394781806,3,1,0.6716600619256496,0.38541270990711357,6081.593834280605,3007.945449998421,0.0,3737.670274056123,2615.2995394781806,1.0,2,1.0,0.0,0.0,0.0,0.0,1.1927521940346006,0.0,0.44160558579414766,100000000.0,0.10000000149011612,0.0,0.0,0.0,,-0.9999999999999999,0.0,4,0.0,0.05123680830001831,0.0,0.0,65.70293428376317,,38043.86110192013,3.737670274056123,3.737670274056123,3007.945449998421,6291456.0,62914560.0,10,0.13053624709864542,3007.945449998421,1.0,7851.329338582791,41943040.0,20971520.0,False,0.14291539376607643,1.3162994209805672,0.33881701561843963,0.45298889936029824,5,4.0,5.0,0.04040331840937084,2,4,1519.917120417202,0.2638699161263575,0.4946992405005216,,,,,,0.0,2,,,,,,,,,,,,,,,,,,,,,,,,,,,,,,,,,,,,,,,,,,,,,,,,,,,,,,,,,,,,,,,,,,,,,,,,,,,,,,,,,,,,,0.9999999999999999,-3.737670274056123,delay_only,0.18787878787878787,0.0021741521809129946,0.0725204761572663,56,4194304.0,41943040.0,0.9165022373199463,0.0,1,0.009375,0,3737.670274056123,0.040625,4.33842796087265,3673.7928735796377,2615.2995394781806,6291456.0,62914560.0,10,2
94371840.0,21626880.0,6108.637989395844,4,0,0.6670770235359669,0.36421813777658674,12349.092990991681,6141.8155361400095,0.5,7851.329338582791,6108.637989395844,1.0,2,1.0,0.0,0.0,0.0,0.0,1.154124442571042,0.5,0.5825524656421353,100000000.0,0.10000000149011612,0.0,0.0,0.0,,-0.30639964574555395,0.0,4,0.0,0.06287040561437607,0.0,0.0,65.46191871166229,,38043.86110192013,7.851329338582791,7.851329338582791,6141.8155361400095,11599872.0,115998720.0,10,0.005401911950780772,6141.8155361400095,1.0,7851.329338582791,94371840.0,21626880.0,False,0.1307830816391811,1.2045566967928067,0.34418948991917603,0.3735779628925925,5,3.0,5.0,0.010000000000000004,2,4,2654.351935125281,0.009513374343036082,0.5678229149823212,,,,,,0.0,2,,,,,,,,,,,,,,,,,,,,,,,,,,,,,,,,,,,,,,,,,,,,,,,,,,,,,,,,,,,,,,,,,,,,,,,,,,,,,,,,,,,,,0.9692233691951198,-7.851329338582791,delay_only,0.19393939393939394,0.00215172664441634,0.07213792164989283,58,9437184.0,94371840.0,0.9159684777259827,0.0,2,0.009375,0,7851.329338582791,0.040625,4.359426259994507,7785.867419871129,6108.637989395843,11599872.0,115998720.0,10,2
117440512.0,1310720.0,6640.336648987792,6,0,0.6436808034777641,0.32196824510426997,11004.954076924252,5464.799365071991,0.0,7461.708325323869,6640.336648987792,1.0,2,1.0,0.0,0.0,0.0,0.0,0.9665779990072839,0.0,0.5139461719170885,100000000.0,0.10000000149011612,0.0,0.0,0.0,,-0.7333333333333332,0.0,4,0.2,0.06465514004230499,1.0,0.0,75.35534678027034,,38043.86110192013,7.46170832532387,7.46170832532387,5464.799365071991,11875123.2,118751232.0,10,-0.21511078548083445,5464.799365071991,1.0,7851.329338582791,117440512.0,1310720.0,False,0.1365173465434104,1.2573712283438363,0.3304233148649312,0.2843948421089807,6,2.8,6.0,0.011443785079139453,2,4,2879.750457018101,-0.4547446975774182,0.4730363798122414,,,,,,0.0,2,,,,,,,,,,,,,,,,,,,,,,,,,,,,,,,,,,,,,,,,,,,,,,,,,,,,,,,,,,,,,,,,,,,,,,,,,,,,,,,,,,,,,0.9999999999999999,-7.46170832532387,delay_only,0.2,0.002115238199450753,0.07226987716774598,60,11744051.2,117440512.0,0.9178479909896851,0.0,3,0.009375,0,7461.70832532387,0.05625,4.334848833084107,7400.242503629287,6640.336648987793,11875123.2,118751232.0,10,2
62914560.0,21626880.0,4035.3420786294764,0,1,0.6557130254805088,0.30062768140750495,6831.105262730787,3382.9786040543368,0.0,4777.485926145426,4035.3420786294764,1.0,2,1.0,0.0,0.0,0.0,0.0,0.921580009621838,0.0,0.48622482450370663,100000000.0,0.10000000149011612,0.0,0.0,0.0,,-0.709090909090909,0.0,4,0.0,0.053092654794454575,0.0,0.0,65.1480546221137,,44848.737330427684,4.777485926145426,4.777485926145426,3382.978604054337,8454144.0,84541440.0,11,-0.19283700872163773,3382.9786040543363,1.0,6804.876228507556,62914560.0,21626880.0,False,0.14394022427452258,1.3257384587869416,0.3435365344637312,0.25448189115161757,5,3.5,5.0,0.016785407429807147,2,4,1881.0757872796212,-0.4343579806155954,0.44395870992939696,,,,,,0.0,2,,,,,,,,,,,,,,,,,,,,,,,,,,,,,,,,,,,,,,,,,,,,,,,,,,,,,,,,,,,,,,,,,,,,,,,,,,,,,,,,,,,,,0.9999999999999999,-4.777485926145426,delay_only,0.20606060606060606,0.0020484271871693003,0.07204730277622448,62,6291456.0,62914560.0,0.9164367914199829,0.0,1,,0,4777.485926145426,0.01875,4.5045939683914185,4712.690687713883,4035.3420786294764,8454144.0,84541440.0,10,2
134217728.0,9175040.0,5110.947382553025,1,1,0.6437771953642368,0.34689846736811747,10419.323625049723,5171.854400079316,0.0,6804.876228507556,5110.947382553025,1.0,2,1.0,0.0,0.0,0.0,0.0,0.8125077118191644,0.0,0.35252679360918127,100000000.0,0.10000000149011612,0.0,0.0,0.0,,-0.43030303030303024,0.0,4,0.2,0.05668402835726738,1.0,0.0,75.6148248910904,,44848.737330427684,6.804876228507556,6.804876228507556,5171.854400079316,14339276.8,143392768.0,11,0.011776630356290934,5171.854400079316,1.0,6804.876228507556,134217728.0,9175040.0,False,0.131416967550535,1.2103950017933767,0.3220957434760683,0.33208110585949036,6,1.8,5.6,0.032023751093206515,2,4,3016.5464727108542,0.02825907924936543,0.4167379358814524,,,,,,0.0,2,,,,,,,,,,,,,,,,,,,,,,,,,,,,,,,,,,,,,,,,,,,,,,,,,,,,,,,,,,,,,,,,,,,,,,,,,,,,,,,,,,,,,0.9999999999999999,-6.804876228507556,delay_only,0.21212121212121213,0.002000023798793555,0.0721370060132444,64,13421772.8,134217728.0,0.91783607006073,0.0,2,,0,6804.876228507556,0.0078125,4.646773076057434,6747.664450846561,5110.947382553025,14339276.8,143392768.0,10,2
31457280.0,11141120.0,2997.339473279826,3,0,0.6553982384502888,0.41118345530082434,5898.341526218113,2917.742641380234,0.0,3473.0410769234118,2997.339473279826,1.0,2,1.0,0.0,0.0,0.0,0.0,1.681803125980902,0.0,0.6508432877939654,100000000.0,0.10000000149011612,0.0,0.0,0.0,,-0.7818181818181817,0.0,4,0.0,0.06084089353680611,0.0,0.0,63.83830774575472,,44848.737330427684,3.473041076923412,3.473041076923412,2917.742641380234,4259840.0,42598400.0,11,-0.027280278517620972,2917.742641380234,1.0,6804.876228507556,31457280.0,11141120.0,False,0.12443089814689064,1.1460509247235633,0.30052251040030786,0.592504600189387,5,4.5,5.5,0.013740962595976871,2,4,1122.7289165978884,-0.044343299887160126,0.6152063240002611,,,,,,0.0,2,,,,,,,,,,,,,,,,,,,,,,,,,,,,,,,,,,,,,,,,,,,,,,,,,,,,,,,,,,,,,,,,,,,,,,,,,,,,,,,,,,,,,0.9999999999999999,-3.473041076923412,delay_only,0.21212121212121213,0.002017616451936109,0.07200252821346692,66,3145728.0,31457280.0,0.9166989326477051,0.0,3,,0,3473.0410769234118,0.015625,4.669376730918884,3410.1848334657666,2997.339473279826,4259840.0,42598400.0,10,2
58720256.0,20971520.0,3808.807181500995,4,1,0.6403080187737942,0.30133070050600436,7088.415836954569,3514.93074188106,0.0,4952.458527327193,3808.8071815009953,1.0,2,1.0,0.0,0.0,0.0,0.0,0.6645566340511933,0.0,0.3558267750346797,100000000.0,0.10000000149011612,0.0,0.0,0.0,,-0.8303030303030302,0.0,4,0.2,0.053092654794454575,1.0,0.0,71.07608625665307,,52537.33164767441,4.9524585273271935,4.9524585273271935,3514.9307418810604,7969177.6,79691776.0,12,-0.08360803133852474,3514.9307418810595,1.0,7688.59431724672,58720256.0,20971520.0,False,0.14631177675995874,1.3475812643878147,0.3193058015020006,0.2548947397874473,6,3.6,5.0,0.028160397952906,2,4,2201.1610927358192,-0.22368947236004152,0.37376828894277436,,,,,,0.0,2,,,,,,,,,,,,,,,,,,,,,,,,,,,,,,,,,,,,,,,,,,,,,,,,,,,,,,,,,,,,,,,,,,,,,,,,,,,,,,,,,,,,,0.9999999999999999,-4.9524585273271935,delay_only,0.21818181818181817,0.0019596090506348355,0.07197474338274863,68,5872025.6,58720256.0,0.9178429841995239,0.0,1,,0,4952.458527327193,0.021875,4.423337745666504,4893.904174134745,3808.8071815009953,7969177.6,79691776.0,10,2
71303168.0,7208960.0,2995.5824614040794,2,1,0.6399587728083134,0.22037650643349818,5626.373052862447,2770.1979723223358,0.0,4386.452615581045,2995.58246140408,1.0,2,1.0,0.0,0.0,0.0,0.0,0.48670773884629887,0.0,0.26906630535038406,100000000.0,0.10000000149011612,0.0,0.0,0.0,,-0.7818181818181817,0.0,4,0.4,0.057368114590644836,2.0,0.0,85.97710821777582,,52537.33164767441,4.386452615581045,4.386452615581045,2770.1979723223358,7851212.8,78512128.0,12,-0.08136042670365479,2770.1979723223353,1.0,7688.59431724672,71303168.0,7208960.0,False,0.12725849628205987,1.1720940659836372,0.26210852233913173,0.18102585373497201,7,3.3,5.7,0.044549091441029975,2,4,2028.8277686307397,-0.30401071955611364,0.267623545717234,,,,,,0.0,2,,,,,,,,,,,,,,,,,,,,,,,,,,,,,,,,,,,,,,,,,,,,,,,,,,,,,,,,,,,,,,,,,,,,,,,,,,,,,,,,,,,,,0.9999999999999999,-4.386452615581045,delay_only,0.22424242424242424,0.0019310706488586769,0.07237760968058496,70,7130316.8,71303168.0,0.9176183938980103,0.0,2,,0,4386.452615581045,0.0234375,4.443582534790039,4330.08723132644,2995.58246140408,7851212.8,78512128.0,10,2
79691776.0,34340864.0,5313.386044236679,0,0,0.6392062641680241,0.34643030352113774,11764.0006240641,5853.614874705543,0.6,7688.59431724672,5313.386044236679,1.0,2,1.0,0.0,0.0,0.0,0.0,1.172840383854041,0.6,0.5949156096261798,100000000.0,0.10000000149011612,0.0,0.0,0.0,,-0.3575794262046744,0.0,4,0.2,0.06413041055202484,1.0,0.0,72.98293942585588,,52537.33164767441,7.68859431724672,7.68859431724672,5853.614874705544,11403264.0,114032640.0,12,0.0922897802524189,5853.614874705544,1.0,7688.59431724672,79691776.0,34340864.0,False,0.12818335912772386,1.1806123675895968,0.2821431335906046,0.32918606851936444,6,3.8,4.8,0.010000000000000004,2,4,2388.1810088220454,0.15589067671650286,0.5920160345461437,,,,,,0.0,2,,,,,,,,,,,,,,,,,,,,,,,,,,,,,,,,,,,,,,,,,,,,,,,,,,,,,,,,,,,,,,,,,,,,,,,,,,,,,,,,,,,,,0.9660917830792959,-7.68859431724672,delay_only,0.23030303030303031,0.0019029811500914794,0.07190112531735318,72,7969177.6,79691776.0,0.9176965355873108,0.0,3,,0,7688.59431724672,0.0171875,4.538969850540161,7631.823442593708,5313.386044236678,11403264.0,114032640.0,10,2
54525952.0,27262976.0,5775.650428435324,1,1,0.6357920356094837,0.4286313331843797,12360.547465234913,6143.493401100818,0.0,7062.429526322468,5775.650428435325,1.0,2,1.0,0.0,0.0,0.0,0.0,2.092531050948635,0.0,0.6749045317228641,100000000.0,0.10000000149011612,0.0,0.0,0.0,,-0.9272727272727272,0.0,4,0.8,0.06670372188091278,4.0,0.0,147.28970360010862,,59599.76117399688,7.062429526322467,7.062429526322467,6143.493401100818,8178892.8,81788928.0,13,0.05987521246455344,6143.493401100818,1.0,7062.429526322468,54525952.0,27262976.0,False,0.27533667746975987,2.5359445163855145,0.20937358207467996,0.7267177338217894,9,3.7,4.8,0.019729196017074742,2,4,2024.708497438696,0.0893086143776128,0.6704304269170535,,,,,,0.0,2,,,,,,,,,,,,,,,,,,,,,,,,,,,,,,,,,,,,,,,,,,,,,,,,,,,,,,,,,,,,,,,,,,,,,,,,,,,,,,,,,,,,,0.9999999999999999,-7.062429526322467,delay_only,0.24242424242424243,0.0018078320925869053,0.07382732821732016,74,5452595.2,54525952.0,0.917672872543335,0.0,1,,0,7062.429526322468,0.0109375,4.453263545036316,6988.868863289191,5775.650428435325,8178892.8,81788928.0,10,2
109051904.0,7208960.0,5147.015148907749,7,0,0.6316849030554295,0.32944963942987,10130.499170158606,5037.039498331299,0.0,6793.009871305256,5147.01514890775,1.0,2,1.0,0.0,0.0,0.0,0.0,0.9811188490783681,0.0,0.4690104514374141,100000000.0,0.10000000149011612,0.0,0.0,0.0,,-0.8181818181818182,0.0,4,0.4,0.06455210596323013,2.0,0.0,90.78706102445722,,59599.76117399688,6.793009871305256,6.793009871305256,5037.039498331299,11626086.4,116260864.0,13,-0.021833390548730913,5037.039498331298,1.0,7062.429526322468,109051904.0,7208960.0,False,0.140509211653909,1.2941376647305447,0.30536609928255,0.29637485847011336,7,2.4,5.7,0.030215719526356558,2,4,2741.5381099715732,-0.047909206735455366,0.4557243176513094,,,,,,0.0,2,,,,,,,,,,,,,,,,,,,,,,,,,,,,,,,,,,,,,,,,,,,,,,,,,,,,,,,,,,,,,,,,,,,,,,,,,,,,,,,,,,,,,0.9999999999999999,-6.793009871305256,delay_only,0.24848484848484848,0.0017872018113368904,0.0734262266524427,76,10905190.4,109051904.0,0.9164780378341675,0.0,2,,0,6793.009871305256,0.03125,4.419395124912262,6736.589697809247,5147.01514890775,11626086.4,116260864.0,10,2
167772160.0,1310720.0,4009.026028229137,6,1,0.6613312289118767,0.08138715946456716,7660.535137206855,3793.788936473699,0.0,7037.065942411081,4009.026028229137,1.0,2,1.0,0.0,0.0,0.0,0.0,0.16190717848605418,0.0,0.08820054958691315,100000000.0,0.10000000149011612,0.0,0.0,0.0,,-0.9878787878787878,0.0,4,0.2,0.04885460063815117,1.0,0.0,72.95726425945759,,59599.76117399688,7.037065942411081,7.037065942411081,3793.788936473699,16908288.0,169082880.0,13,-0.05673407123051486,3793.788936473699,1.0,7062.429526322468,167772160.0,1310720.0,False,0.13766216150181168,1.2679153637736418,0.3279562466810443,0.11966581435302794,6,1.6,6.0,0.07413515509349518,2,4,3461.2810582298375,-0.6473142618220407,0.08764532867053093,,,,,,0.0,2,,,,,,,,,,,,,,,,,,,,,,,,,,,,,,,,,,,,,,,,,,,,,,,,,,,,,,,,,,,,,,,,,,,,,,,,,,,,,,,,,,,,,0.9878787878787878,-7.037065942411081,delay_only,0.24848484848484848,0.001807318912755426,0.0734229478268289,78,16777216.0,167772160.0,0.9178978800773621,0.0,3,,0,7037.065942411081,0.0390625,4.37288498878479,6981.123691995398,4009.026028229138,16908288.0,169082880.0,10,2
65011712.0,1310720.0,3120.8531072780474,1,1,0.6564040668308735,0.3254393134847375,5217.629324004628,2566.6683555173763,0.0,3519.607618782727,3120.8531072780474,1.0,2,1.0,0.0,0.0,0.0,0.0,0.8629748574304636,0.0,0.45613249479894546,100000000.0,0.10000000149011612,0.0,0.0,0.0,,-0.6484848484848483,0.0,4,0.4,0.06068349629640579,2.0,0.0,84.29261296987534,,72674.76442831889,3.519607618782727,3.519607618782727,2566.6683555173763,6632243.2,66322432.0,14,-0.21591599497823005,2566.668355517376,1.0,13075.003254322015,65011712.0,1310720.0,False,0.1616738524834823,1.489071210621539,0.31122763231139194,0.29547899075467676,7,3.6,6.0,0.01112927755653715,2,4,1425.770602482732,-0.48574445018110546,0.444505325583705,,,,,,0.0,2,,,,,,,,,,,,,,,,,,,,,,,,,,,,,,,,,,,,,,,,,,,,,,,,,,,,,,,,,,,,,,,,,,,,,,,,,,,,,,,,,,,,,0.9999999999999999,-3.519607618782727,delay_only,0.2545454545454545,0.0017723089160131564,0.07288661120957207,80,6501171.2,65011712.0,0.9162907004356384,0.0,1,,0,3519.607618782727,0.0265625,4.393757212162018,3468.181511718836,3120.8531072780474,6632243.2,66322432.0,10,2
117440512.0,34340864.0,9440.747448730917,3,0,0.6573982536792755,0.3898640255630502,17953.628734751714,8948.037796454093,0.0,10954.154762756958,9440.74744873092,1.0,2,1.0,0.0,0.0,0.0,0.0,1.3469070271357586,0.0,0.608162812614399,100000000.0,0.10000000149011612,0.0,0.0,0.0,,-0.7575757575757575,0.0,4,0.2,0.05344291403889656,1.0,0.0,71.77147129550576,,72674.76442831889,10.954154762756959,10.954154762756959,8948.037796454093,15178137.6,151781376.0,14,-0.05506342993679284,8948.037796454093,1.0,13075.003254322015,117440512.0,34340864.0,False,0.13258842790962466,1.2211845504328698,0.32074175299294266,0.45921194287474154,6,2.2,4.8,0.015270357040684473,2,4,3828.2551133081774,-0.09623643868689997,0.5721682004042016,,,,,,0.0,2,,,,,,,,,,,,,,,,,,,,,,,,,,,,,,,,,,,,,,,,,,,,,,,,,,,,,,,,,,,,,,,,,,,,,,,,,,,,,,,,,,,,,0.9999999999999999,-10.954154762756959,delay_only,0.2606060606060606,0.0017349068214727009,0.07253383329061229,82,11744051.2,117440512.0,0.9177703261375427,0.0,2,,0,10954.154762756958,0.0234375,4.434734582901001,10896.60162091343,9440.74744873092,15178137.6,151781376.0,10,2
117440512.0,9175040.0,11771.170077501614,9,0,0.6428360939025879,0.3940639094577802,21578.1886215457,10754.09003142944,0.0,13075.003254322015,11771.170077501614,1.0,2,1.0,0.0,0.0,0.0,0.0,1.546139741466433,0.0,0.6599532309311065,100000000.0,0.10000000149011612,0.0,0.0,0.0,,-0.6242424242424242,0.0,4,0.2,0.05717352405190468,1.0,0.0,70.00855868682265,,72674.76442831889,13.075003254322015,13.075003254322015,10754.09003142944,12661555.2,126615552.0,14,-0.09457611412027436,10754.090031429438,1.0,13075.003254322015,117440512.0,9175040.0,False,0.13832390668734648,1.2740102621719336,0.3408467181275515,0.4777674595660452,6,2.8,5.6,0.010579479731656797,2,4,4058.3404200990135,-0.15189935483117398,0.6226235406028512,,,,,,0.0,2,,,,,,,,,,,,,,,,,,,,,,,,,,,,,,,,,,,,,,,,,,,,,,,,,,,,,,,,,,,,,,,,,,,,,,,,,,,,,,,,,,,,,0.9999999999999999,-13.075003254322015,delay_only,0.2606060606060606,0.0017453632105921594,0.07250490493215794,84,11744051.2,117440512.0,0.9180711507797241,0.0,3,,0,13075.003254322015,0.025,4.394660520553589,13016.498630029748,11771.170077501616,12661555.2,126615552.0,10,2
29360128.0,1310720.0,1225.1569706097973,0,0,0.6457800045609474,0.3360948939272636,2577.3185862890023,1260.9451307780362,0.0,1711.094969413435,1225.156970609797,1.0,2,1.0,0.0,0.0,0.0,0.0,0.8511836118039529,0.0,0.4132630062776745,100000000.0,0.10000000149011612,0.0,0.0,0.0,,-0.4545454545454545,0.0,4,0.2,0.04792071133852005,1.0,0.0,70.24003099650145,,77908.63612371312,1.711094969413435,1.711094969413435,1260.9451307780364,3067084.8,30670848.0,15,0.028382012265796685,1260.9451307780362,1.0,5233.8716953942285,29360128.0,1310720.0,False,0.1527421052184479,1.4068067781941047,0.3682601677375734,0.31945183790757364,6,4.6,6.0,0.03393018019562262,2,4,715.9674950810978,0.06566904368923607,0.43219773992915367,,,,,,0.0,2,,,,,,,,,,,,,,,,,,,,,,,,,,,,,,,,,,,,,,,,,,,,,,,,,,,,,,,,,,,,,,,,,,,,,,,,,,,,,,,,,,,,,0.9999999999999999,-1.711094969413435,delay_only,0.2606060606060606,0.0017606742925075603,0.0724387158128238,86,2936012.8,29360128.0,0.9177954196929932,0.0,1,,0,1711.094969413435,0.0234375,4.352610778808594,1655.6666446805054,1225.156970609797,3067084.8,30670848.0,10,2
71303168.0,35651584.0,4183.7021910792555,0,1,0.660519115626812,0.3355112920603408,7876.539710693632,3894.6340243651584,0.0,5233.8716953942285,4183.7021910792555,1.0,2,1.0,0.0,0.0,0.0,0.0,0.7561816862511713,0.0,0.3437773222187754,100000000.0,0.10000000149011612,0.0,0.0,0.0,,-0.41818181818181815,0.0,4,0.4,0.055513568222522736,2.0,0.0,87.27166196331382,,77908.63612371312,5.233871695394228,5.233871695394228,3894.634024365159,10695475.2,106954752.0,15,-0.07422216436914553,3894.6340243651584,1.0,5233.8716953942285,71303168.0,35651584.0,False,0.1420590700119229,1.3084123877362046,0.2880147638569193,0.31108145078726374,7,3.3,4.3,0.02385653723886298,2,4,2318.7449587132605,-0.18343179923931938,0.40463084741544475,,,,,,0.0,2,,,,,,,,,,,,,,,,,,,,,,,,,,,,,,,,,,,,,,,,,,,,,,,,,,,,,,,,,,,,,,,,,,,,,,,,,,,,,,,,,,,,,0.9999999999999999,-5.233871695394228,delay_only,0.2606060606060606,0.0018804452419107743,0.07227303280599935,88,7130316.8,71303168.0,0.9177482724189758,0.0,2,,0,5233.8716953942285,0.0296875,4.374925053119659,5181.788662257205,4183.702191079255,10695475.2,106954752.0,10,2
41943040.0,1310720.0,1775.020915057279,0,0,0.651536975055933,0.32624141273067125,4032.681409185484,1952.5836505506707,0.0,2717.0537291600976,1775.020915057279,1.0,2,1.0,0.0,0.0,0.0,0.0,0.7351970722049653,0.0,0.328279608194158,100000000.0,0.10000000149011612,0.0,0.0,0.0,,-0.9999999999999999,0.0,4,0.6,0.059974994510412216,3.0,0.0,127.51410808414221,,77908.63612371312,2.7170537291600976,2.7170537291600976,1952.5836505506707,4325376.0,43253760.0,15,0.09093732575468151,1952.5836505506704,1.0,5233.8716953942285,41943040.0,1310720.0,False,0.181573879874758,1.6723572363068375,0.29299004684121516,0.30654923431213227,8,4.0,6.0,0.04588783710147958,2,4,1182.1424888613053,0.23046891096011196,0.39457523956634805,,,,,,0.0,2,,,,,,,,,,,,,,,,,,,,,,,,,,,,,,,,,,,,,,,,,,,,,,,,,,,,,,,,,,,,,,,,,,,,,,,,,,,,,,,,,,,,,0.9999999999999999,-2.7170537291600976,delay_only,0.2727272727272727,0.0017968698978258514,0.07395570080641244,90,4194304.0,41943040.0,0.9167279005050659,0.0,3,,0,2717.0537291600976,0.021875,4.413006114959717,2624.3017116136525,1775.0209150572791,4325376.0,43253760.0,10,2
62914560.0,31457280.0,3713.7325109345256,0,0,0.6555863656103611,0.34878067110342487,7711.9577802487265,3823.1364940643584,0.0,5022.175970132297,3713.7325109345256,1.0,2,1.0000000000000002,0.0,0.0,0.0,0.0,0.8507367705970615,0.0,0.38721150540485066,100000000.0,0.10000000149011612,0.0,-2.220446049250313e-16,2.220446049250313e-16,,-0.0303030303030303,0.0,4,0.0,0.047907281666994095,0.0,0.0,66.25196989625692,,87915.72672732308,5.022175970132297,5.022175970132297,3823.1364940643584,9437184.0,94371840.0,16,0.028616290132379277,3823.1364940643584,1.0,10007.090603609955,62914560.0,31457280.0,False,0.13624376235188712,1.2548514248195148,0.3080930174919754,0.3373292181355657,5,3.5,4.5,0.033448598832685625,2,4,2180.455992116683,0.06660088982618109,0.4296682853196669,,,,,,2.220446049250313e-16,2,,,,,,,,,,,,,,,,,,,,,,,,,,,,,,,,,,,,,,,,,,,,,,,,,,,,,,,,,,,,,,,,,,,,,,,,,,,,,,,,,,,,,0.9999999999999999,-5.022175970132297,delay_only,0.2727272727272727,0.0018068881855905065,0.07396824948602253,92,6291456.0,62914560.0,0.9168024063110352,0.0,1,,0,5022.175970132297,0.0328125,4.310862421989441,4956.4911780122875,3713.7325109345256,9437184.0,94371840.0,10,2
94371840.0,21626880.0,7429.87212400594,2,1,0.6557959131896496,0.4183944563435908,17205.975274406548,8569.907893585128,0.5,10007.090603609955,7429.87212400594,1.0,2,1.0,0.0,0.0,0.0,0.0,1.7875829944579829,0.5,0.6861563699703147,100000000.0,0.10000000149011612,0.0,0.0,0.0,,-0.5548883643203848,0.0,4,0.0,0.047907281666994095,0.0,0.0,66.15948723629117,,87915.72672732308,10.007090603609955,10.007090603609955,8569.90789358513,11599872.0,115998720.0,16,0.13302777389621004,8569.907893585128,1.0,10007.090603609955,94371840.0,21626880.0,False,0.13105977111968237,1.2071051010855687,0.3454636920051498,0.625073868271519,5,3.0,5.0,0.010000000000000009,2,4,2880.932139074984,0.20039385273797009,0.6638316099953114,,,,,,0.0,2,,,,,,,,,,,,,,,,,,,,,,,,,,,,,,,,,,,,,,,,,,,,,,,,,,,,,,,,,,,,,,,,,,,,,,,,,,,,,,,,,,,,,0.9939209163101398,-10.007090603609955,delay_only,0.2727272727272727,0.001800827122941945,0.07388939424508612,94,9437184.0,94371840.0,0.9169226288795471,0.0,2,,0,10007.090603609955,0.0359375,4.332259178161621,9940.931116373664,7429.872124005939,11599872.0,115998720.0,10,2
20971520.0,1310720.0,664.3340097185602,0,1,0.6402386352419853,0.29407601060873695,1604.4745298965966,765.632213928138,0.0,1132.6370610212768,664.3340097185602,1.0,2,1.0,0.0,0.0,0.0,0.0,0.5668919603284633,0.0,0.2469898808812342,100000000.0,0.10000000149011612,0.0,0.0,0.0,,-0.9999999999999999,0.0,4,0.2,0.05145861580967903,1.0,0.0,73.21010204032063,,87915.72672732308,1.1326370610212768,1.1326370610212768,765.6322139281378,2228224.0,22282240.0,16,0.13230661193036677,765.6322139281378,1.0,10007.090603609955,20971520.0,1310720.0,False,0.1272644479577748,1.1721488829427553,0.3033732265636786,0.26060105799050043,6,5.0,6.0,0.059472034169946224,2,4,503.692918006125,0.38672396920444196,0.34212157111064084,,,,,,0.0,2,,,,,,,,,,,,,,,,,,,,,,,,,,,,,,,,,,,,,,,,,,,,,,,,,,,,,,,,,,,,,,,,,,,,,,,,,,,,,,,,,,,,,0.9999999999999999,-1.1326370610212768,delay_only,0.2727272727272727,0.0017894497143626223,0.07384811902139253,96,2097152.0,20971520.0,0.9179877638816833,0.0,3,,0,1132.6370610212768,0.0328125,4.358810782432556,1076.2365472791578,664.3340097185603,2228224.0,22282240.0,10,2
134217728.0,20971520.0,6334.2456315023865,8,1,0.6464403122663498,0.26461315253569373,11097.887865364104,5512.0048735307155,0.0,8161.240770822488,6334.2456315023865,1.0,2,1.0,0.0,0.0,0.0,0.0,0.5981723185069501,0.0,0.33404512637388656,100000000.0,0.10000000149011612,0.0,0.0,0.0,,-0.8666666666666665,0.0,4,0.2,0.059858158230781555,1.0,0.0,73.8781183026731,,96076.96749814558,8.161240770822488,8.161240770822488,5512.004873530716,15518924.8,155189248.0,17,-0.14917271969772128,5512.0048735307155,1.0,8161.240770822488,134217728.0,20971520.0,False,0.1459414034229705,1.3441699998894483,0.3161463144122678,0.2140287038368059,6,1.8,5.0,0.02790021409063264,2,4,3676.641991279315,-0.44799901203354714,0.332975555058927,,,,,,0.0,2,,,,,,,,,,,,,,,,,,,,,,,,,,,,,,,,,,,,,,,,,,,,,,,,,,,,,,,,,,,,,,,,,,,,,,,,,,,,,,,,,,,,,0.9999999999999999,-8.161240770822488,delay_only,0.2727272727272727,0.0018044923467304983,0.07383797964460984,98,13421772.8,134217728.0,0.9180312156677246,0.0,1,,0,8161.240770822488,0.0265625,4.266656136512756,8101.5137237181,6334.2456315023865,15518924.8,155189248.0,10,2
83886080.0,21626880.0,4064.6189449968524,6,1,0.6585083901882172,0.2488375289113141,7341.473867457791,3639.042570391886,0.0,5514.639651712607,4064.6189449968524,1.0,2,1.0,0.0,0.0,0.0,0.0,0.5713750381653752,0.0,0.3174654063355276,100000000.0,0.10000000149011612,0.0,0.0,0.0,,-0.8666666666666665,0.0,4,0.0,0.054224058985710144,0.0,0.0,65.2528596110642,,96076.96749814558,5.514639651712606,5.514639651712606,3639.0425703918854,10551296.0,105512960.0,17,-0.11694734710375675,3639.0425703918854,1.0,8161.240770822488,83886080.0,21626880.0,False,0.12242716063003121,1.1275958201771896,0.30570905161199635,0.20080707392508065,5,3.0,5.0,0.03406882332252084,2,4,2506.005496690981,-0.3756067515203914,0.31135581730193623,,,,,,0.0,2,,,,,,,,,,,,,,,,,,,,,,,,,,,,,,,,,,,,,,,,,,,,,,,,,,,,,,,,,,,,,,,,,,,,,,,,,,,,,,,,,,,,,0.9999999999999999,-5.514639651712606,delay_only,0.2727272727272727,0.001811475999524197,0.07382184535388152,100,8388608.0,83886080.0,0.9168815612792969,0.0,2,,0,5514.639651712607,0.03125,4.363725900650024,5451.250925038586,4064.6189449968524,10551296.0,105512960.0,10,2
62914560.0,20971520.0,3756.049242505878,2,0,0.6558750756084919,0.38687449628855003,8038.796425282253,3985.9991254970655,0.0,4928.791107484984,3756.0492425058783,1.0,2,1.0,0.0,0.0,0.0,0.0,1.2142741783571198,0.0,0.4827433762024258,100000000.0,0.10000000149011612,0.0,0.0,0.0,,-0.8181818181818182,0.0,4,0.0,0.059295717626810074,0.0,0.0,66.79817428812385,,96076.96749814558,4.928791107484985,4.928791107484985,3985.999125497065,8388608.0,83886080.0,17,0.05768939624704806,3985.999125497065,1.0,8161.240770822488,62914560.0,20971520.0,False,0.1327360832997409,1.2225445068335974,0.3387693012936131,0.4550259477248578,5,3.5,5.0,0.02949096686229694,2,4,1965.40764454325,0.11380325273995513,0.5069222087954778,,,,,,0.0,2,,,,,,,,,,,,,,,,,,,,,,,,,,,,,,,,,,,,,,,,,,,,,,,,,,,,,,,,,,,,,,,,,,,,,,,,,,,,,,,,,,,,,0.9999999999999999,-4.928791107484985,delay_only,0.2727272727272727,0.0018117382824288483,0.07382736337135899,102,6291456.0,62914560.0,0.9169957041740417,0.0,3,,0,4928.791107484984,0.0359375,4.351889431476593,4863.744479944843,3756.0492425058783,8388608.0,83886080.0,10,2
41943040.0,15073280.0,1690.7856958637158,5,0,0.6535681895911694,0.2179079345458976,3158.415095732016,1534.2164790911738,0.0,2470.1713857824693,1690.785695863716,1.0,2,1.0,0.0,0.0,0.0,0.0,0.37100945866253904,0.0,0.19553609438519268,100000000.0,0.10000000149011612,0.0,0.0,0.0,,-0.8666666666666665,0.0,4,0.4,0.06305007636547089,2.0,0.0,89.98213754966855,,103933.17929679183,2.470171385782469,2.470171385782469,1534.2164790911738,5701632.0,57016320.0,18,-0.10205158066434618,1534.2164790911736,1.0,7856.21179864625,41943040.0,15073280.0,False,0.1651153426127519,1.5207685060989085,0.327711610358634,0.18135530303745823,7,4.0,5.3,0.04277722272887354,2,4,1151.8449532818195,-0.4094688181635305,0.2492291870283261,,,,,,0.0,2,,,,,,,,,,,,,,,,,,,,,,,,,,,,,,,,,,,,,,,,,,,,,,,,,,,,,,,,,,,,,,,,,,,,,,,,,,,,,,,,,,,,,0.9636363636363635,-2.470171385782469,delay_only,0.2787878787878788,0.0017729532593002795,0.07344170111790949,104,4194304.0,41943040.0,0.9183958172798157,0.0,1,,0,2470.1713857824693,0.0421875,4.2451272249221805,2414.0568588512724,1690.785695863716,5701632.0,57016320.0,10,2
142606336.0,7208960.0,5929.724409548858,0,0,0.656922347843647,0.2835618682664811,10965.652790754008,5436.741869847709,0.0,7856.21179864625,5929.724409548858,1.0,2,0.9999999999999998,0.0,0.0,0.0,0.0,0.6366098101681301,0.0,0.3397111793433293,100000000.0,0.10000000149011612,0.0,2.220446049250313e-16,0.0,,-0.9272727272727272,0.0,4,0.4,0.05916641652584076,2.0,0.0,92.16905105859041,,103933.17929679183,7.85621179864625,7.85621179864625,5436.741869847709,14981529.6,149815296.0,18,-0.09067609820419106,5436.741869847709,1.0,7856.21179864625,142606336.0,7208960.0,False,0.14177118268646774,1.3057608474799847,0.28803146524179873,0.2336071765300647,7,2.3,5.7,0.031535774878308755,2,4,3526.8216909750795,-0.2581168287316287,0.35129866831918016,,,,,,0.0,2,,,,,,,,,,,,,,,,,,,,,,,,,,,,,,,,,,,,,,,,,,,,,,,,,,,,,,,,,,,,,,,,,,,,,,,,,,,,,,,,,,,,,0.9999999999999999,-7.85621179864625,delay_only,0.2787878787878788,0.00182501662278305,0.07349376448139225,106,14260633.6,142606336.0,0.9177800416946411,0.0,2,,0,7856.21179864625,0.0375,4.294986283779144,7799.7089502483095,5929.724409548858,14981529.6,149815296.0,10,2
83886080.0,11141120.0,2772.4309990547895,5,0,0.6412002258002758,0.19779365778369765,5852.824652889567,2893.208033566275,0.0,4695.17305642794,2772.4309990547895,1.0,2,1.0,0.0,0.0,0.0,0.0,0.3251445473651014,0.0,0.17463789720140846,100000000.0,0.10000000149011612,0.0,0.0,0.0,,-0.7575757575757575,0.0,4,0.0,0.0520172044634819,0.0,0.0,68.05655872449279,,103933.17929679183,4.695173056427939,4.695173056427939,2893.208033566275,9502720.0,95027200.0,18,0.04174502251834665,2893.208033566275,1.0,7856.21179864625,83886080.0,11141120.0,False,0.13992671590551964,1.2887726806226496,0.3718833882309774,0.16670204274041864,5,3.0,5.5,0.06689744485186386,2,4,2257.5597022704615,0.19000605927065542,0.21970363828704362,,,,,,0.0,2,,,,,,,,,,,,,,,,,,,,,,,,,,,,,,,,,,,,,,,,,,,,,,,,,,,,,,,,,,,,,,,,,,,,,,,,,,,,,,,,,,,,,0.9999999999999999,-4.695173056427939,delay_only,0.2787878787878788,0.0018217299568296782,0.07350027447171835,108,8388608.0,83886080.0,0.9168173670768738,0.0,3,,0,4695.17305642794,0.053125,4.2772088050842285,4628.7644706709225,2772.43099905479,9502720.0,95027200.0,10,2
41943040.0,5242880.0,2114.820078877667,0,0,0.6566126830875874,0.3304157782200905,4523.380195213354,2233.9549197134857,0.0,3028.784007826589,2114.820078877667,1.0,2,1.0,0.0,0.0,0.0,0.0,0.7581141375863865,0.0,0.35878829643114735,100000000.0,0.10000000149011612,0.0,0.0,0.0,,-0.9151515151515152,0.0,4,0.6,0.0631011575460434,3.0,0.0,93.91632489860058,,111416.2111871283,3.028784007826589,3.028784007826589,2233.954919713485,4718592.0,47185920.0,19,0.053329115903152674,2233.9549197134857,1.0,7483.03189033647,41943040.0,5242880.0,False,0.15207586448560334,1.4006704742749316,0.20047258142298918,0.30214763443495873,8,4.0,5.8,0.03877623502068885,2,4,1323.112677038572,0.13079635007479415,0.40772633083917964,,,,,,0.0,2,,,,,,,,,,,,,,,,,,,,,,,,,,,,,,,,,,,,,,,,,,,,,,,,,,,,,,,,,,,,,,,,,,,,,,,,,,,,,,,,,,,,,0.9999999999999999,-3.028784007826589,delay_only,0.28484848484848485,0.0019259390351334795,0.07297368989038976,110,4194304.0,41943040.0,0.9167816638946533,0.0,1,,0,3028.784007826589,0.0734375,4.1775137186050415,2973.313652040206,2114.820078877667,4718592.0,47185920.0,10,2
134217728.0,17563648.0,5262.068479325258,4,1,0.6642262451350689,0.23908322661798417,9834.23174794392,4880.38847068139,0.0,7483.03189033647,5262.068479325258,1.0,2,1.0,0.0,0.0,0.0,0.0,0.4959462179316647,0.0,0.2672987641117224,100000000.0,0.10000000149011612,0.0,0.0,0.0,,-0.7575757575757575,0.0,4,0.2,0.05849379301071167,1.0,0.0,73.45480658113956,,111416.2111871283,7.48303189033647,7.48303189033647,4880.388470681391,15178137.6,151781376.0,19,-0.0782068908933757,4880.38847068139,1.0,7483.03189033647,134217728.0,17563648.0,False,0.14017397636434048,1.2910500336089203,0.35526003048214805,0.19296261439157114,6,2.4,5.2,0.041070580484993235,2,4,3500.911377181207,-0.27668455709940176,0.282657231445263,,,,,,0.0,2,,,,,,,,,,,,,,,,,,,,,,,,,,,,,,,,,,,,,,,,,,,,,,,,,,,,,,,,,,,,,,,,,,,,,,,,,,,,,,,,,,,,,0.9999999999999999,-7.48303189033647,delay_only,0.2909090909090909,0.0018820251463012156,0.07269740141682017,112,13421772.8,134217728.0,0.9178447723388672,0.0,2,,0,7483.03189033647,0.0453125,4.242110776901245,7423.230549301998,5262.068479325258,15178137.6,151781376.0,10,2
46137344.0,17563648.0,3895.9132502416437,0,0,0.6444747559726238,0.3317693151780715,6573.385387643766,3258.2060368655084,0.0,4392.537819183652,3895.913250241644,1.0,2,1.0000000000000002,0.0,0.0,0.0,0.0,1.1544526344196664,0.0,0.5843094566369661,100000000.0,0.10000000149011612,0.0,-2.220446049250313e-16,2.220446049250313e-16,,-0.5636363636363636,0.0,4,0.2,0.054177865386009216,1.0,0.0,73.08290805667639,,111416.2111871283,4.3925378191836515,4.3925378191836515,3258.206036865508,6370099.2,63700992.0,19,-0.195723415327543,3258.206036865508,1.0,7483.03189033647,46137344.0,17563648.0,False,0.13396075393291032,1.2338241402086512,0.3141739955075571,0.30242543521173626,6,4.2,5.2,0.010871434595189132,2,4,1497.049838015335,-0.36209577196644066,0.5405294137090416,,,,,,2.220446049250313e-16,2,,,,,,,,,,,,,,,,,,,,,,,,,,,,,,,,,,,,,,,,,,,,,,,,,,,,,,,,,,,,,,,,,,,,,,,,,,,,,,,,,,,,,0.9999999999999999,-4.3925378191836515,delay_only,0.2909090909090909,0.00187978571175548,0.07266101065494641,114,4613734.4,46137344.0,0.9179427623748779,0.0,3,,0,4392.537819183652,0.059375,4.211511492729187,4335.564505270902,3895.913250241644,6370099.2,63700992.0,10,2
92274688.0,9175040.0,5644.211732238403,0,0,0.6526708602905273,0.37563061019195726,10314.168508501016,5127.480547112059,0.0,6439.851098030109,5644.211732238402,1.0,2,1.0,0.0,0.0,0.0,0.0,1.2324401434149652,0.0,0.5936788858935619,100000000.0,0.10000000149011612,0.0,0.0,0.0,,-0.6848484848484848,0.0,4,0.2,0.061252936720848083,1.0,0.0,71.84540573507547,,117886.38547818015,6.439851098030109,6.439851098030109,5127.480547112059,10144972.8,101449728.0,20,-0.10077682019045048,5127.480547112058,1.0,6470.174291051846,92274688.0,9175040.0,False,0.1431887862738861,1.3188174590326422,0.310833564319428,0.4091630528532164,6,2.8,5.6,0.01282365003996024,2,4,2253.774478559905,-0.1798135135604481,0.5604518714694501,,,,,,0.0,2,,,,,,,,,,,,,,,,,,,,,,,,,,,,,,,,,,,,,,,,,,,,,,,,,,,,,,,,,,,,,,,,,,,,,,,,,,,,,,,,,,,,,0.9999999999999999,-6.439851098030109,delay_only,0.296969696969697,0.0018602075181774955,0.07240523224368899,116,9227468.8,92274688.0,0.9179295897483826,0.0,1,0.03359375,0,6439.851098030109,0.05,4.175491237640381,6380.643683753211,5644.211732238402,10144972.8,101449728.0,10,2
134217728.0,1310720.0,4827.514626196356,3,0,0.651064794510603,0.2254393027575325,8353.347018621616,4139.955944511917,0.0,6470.174291051846,4827.514626196356,1.0,2,1.0,0.0,0.0,0.0,0.0,0.4920728295322832,0.0,0.2754207035103308,100000000.0,0.10000000149011612,0.0,0.0,0.0,,-0.34545454545454546,0.0,4,0.2,0.05709139257669449,1.0,0.0,73.43512959778309,,117886.38547818015,6.470174291051846,6.470174291051846,4139.955944511918,13552844.8,135528448.0,20,-0.1660787435663159,4139.955944511917,1.0,6470.174291051846,134217728.0,1310720.0,False,0.1432579731738538,1.3194546939306266,0.3668217550892576,0.18344499876782136,6,2.4,6.0,0.03281295866825884,2,4,2997.7117493604233,-0.6019366827189264,0.2759073310105378,,,,,,0.0,2,,,,,,,,,,,,,,,,,,,,,,,,,,,,,,,,,,,,,,,,,,,,,,,,,,,,,,,,,,,,,,,,,,,,,,,,,,,,,,,,,,,,,0.9999999999999999,-6.470174291051846,delay_only,0.296969696969697,0.002068368292283161,0.07212174036821443,118,13421772.8,134217728.0,0.9176884889602661,0.0,2,0.03359375,0,6470.174291051846,0.0546875,4.196618247032165,6411.565005194318,4827.514626196356,13552844.8,135528448.0,10,2
29360128.0,1310720.0,1078.355815127082,2,0,0.6459150463342667,0.3153207884115868,2248.4476887505925,1093.8826536236543,0.0,1539.4653908315456,1078.355815127082,1.0,2,1.0,0.0,0.0,0.0,0.0,0.7136781489288808,0.0,0.35148677425325436,100000000.0,0.10000000149011612,0.0,0.0,0.0,,-0.4424242424242424,0.0,4,0.2,0.05423640459775925,1.0,0.0,74.29808471351862,,117886.38547818015,1.5394653908315457,1.5394653908315457,1093.8826536236543,3067084.8,30670848.0,20,0.014194245100365462,1093.8826536236543,1.0,6470.174291051846,29360128.0,1310720.0,False,0.1272194827214964,1.1717347378117249,0.28124785255645746,0.2841989199051709,6,4.6,6.0,0.035870487789353644,2,4,663.9503995827852,0.0361146165486257,0.3930332496055702,,,,,,0.0,2,,,,,,,,,,,,,,,,,,,,,,,,,,,,,,,,,,,,,,,,,,,,,,,,,,,,,,,,,,,,,,,,,,,,,,,,,,,,,,,,,,,,,0.9999999999999999,-1.5394653908315457,delay_only,0.296969696969697,0.002056777207996919,0.07212399903573924,120,2936012.8,29360128.0,0.9178116321563721,0.0,3,0.03359375,0,1539.4653908315456,0.065625,4.116168403625489,1478.7830093282616,1078.355815127082,3067084.8,30670848.0,10,2
41943040.0,15073280.0,2091.135297662332,0,1,0.6686639972031116,0.3277798604964941,4601.94973840876,2255.149977083944,0.0,3093.523295141259,2091.135297662332,1.0,2,1.0000000000000002,0.0,0.0,0.0,0.0,0.6872386907396247,0.0,0.2643436544772886,100000000.0,0.10000000149011612,0.0,-2.220446049250313e-16,2.220446049250313e-16,,-0.7696969696969697,0.0,4,0.4,0.05716684088110924,2.0,0.0,91.64978424087167,,123493.70966277401,3.0935232951412592,3.0935232951412592,2255.149977083944,5701632.0,57016320.0,21,0.07272894534211594,2255.149977083944,1.0,5607.3241845938655,41943040.0,15073280.0,False,0.17157439589123455,1.5802585852744622,0.35703712960504447,0.30200601359890944,7,4.0,5.3,0.0452022248964399,2,4,1398.7525296824251,0.19151701107851904,0.3797518817391014,,,,,,2.220446049250313e-16,2,,,,,,,,,,,,,,,,,,,,,,,,,,,,,,,,,,,,,,,,,,,,,,,,,,,,,,,,,,,,,,,,,,,,,,,,,,,,,,,,,,,,,0.9999999999999999,-3.0935232951412592,delay_only,0.296969696969697,0.002067239661091591,0.07213457425299112,122,4194304.0,41943040.0,0.9177543520927429,0.0,1,,0,3093.523295141259,0.0453125,4.264450263977051,3036.374977800497,2091.135297662332,5701632.0,57016320.0,10,2
41943040.0,1310720.0,1364.4672196062677,7,0,0.649488065391779,0.2681464567812989,2962.9387648819275,1454.4324825073722,0.0,2168.4372334188806,1364.4672196062677,1.0,2,1.0,0.0,0.0,0.0,0.0,0.46113828491555653,0.0,0.22737121208894137,100000000.0,0.10000000149011612,0.0,0.0,0.0,,-0.9999999999999999,0.0,4,0.4,0.05983302742242813,2.0,0.0,91.64647478610277,,123493.70966277401,2.1684372334188806,2.1684372334188806,1454.4324825073722,4325376.0,43253760.0,21,0.061855922487380574,1454.4324825073722,1.0,5607.3241845938655,41943040.0,1310720.0,False,0.14177118268646774,1.3057608474799847,0.28803146524179873,0.22039161524486264,7,4.0,6.0,0.05495890287212761,2,4,1000.1552944986764,0.1980404591642898,0.31233982565181956,,,,,,0.0,2,,,,,,,,,,,,,,,,,,,,,,,,,,,,,,,,,,,,,,,,,,,,,,,,,,,,,,,,,,,,,,,,,,,,,,,,,,,,,,,,,,,,,0.9999999999999999,-2.1684372334188806,delay_only,0.30303030303030304,0.0020340577761258135,0.07251582232306966,124,4194304.0,41943040.0,0.9177228212356567,0.0,2,,0,2168.4372334188806,0.0359375,4.2791842222213745,2114.3634335516977,1364.4672196062677,4325376.0,43253760.0,10,2
83886080.0,33554432.0,3604.3347253939382,0,0,0.6579370237886906,0.17749403490205587,6817.365979742342,3374.9122773129907,0.0,5607.3241845938655,3604.3347253939382,1.0,2,1.0,0.0,0.0,0.0,0.0,0.3444334008412406,0.0,0.1951392776578913,100000000.0,0.10000000149011612,0.0,0.0,0.0,,-0.8909090909090909,0.0,4,0.2,0.057058099657297134,1.0,0.0,67.54142511636019,,123493.70966277401,5.607324184593866,5.607324184593866,3374.91227731299,11744051.2,117440512.0,21,-0.06797878855198217,3374.91227731299,1.0,5607.3241845938655,83886080.0,33554432.0,False,0.13416712275853218,1.2357248673347936,0.32854344889165477,0.15589441978711963,6,3.0,4.4,0.053983727683089504,2,4,2688.395996084569,-0.3341835501270709,0.2034175186843689,,,,,,0.0,2,,,,,,,,,,,,,,,,,,,,,,,,,,,,,,,,,,,,,,,,,,,,,,,,,,,,,,,,,,,,,,,,,,,,,,,,,,,,,,,,,,,,,0.9999999999999999,-5.607324184593866,delay_only,0.30303030303030304,0.002057363221908356,0.072485222395444,126,8388608.0,83886080.0,0.9177703857421875,0.0,3,,0,5607.3241845938655,0.04375,4.3192707061767575,5550.0889683376345,3604.3347253939382,11744051.2,117440512.0,10,2
117440512.0,13107200.0,4294.596719573585,0,1,0.65993657335639,0.18222011369301885,7672.401529502387,3807.038416503129,0.0,6274.335650497971,4294.596719573584,1.0,2,1.0,0.0,0.0,0.0,0.0,0.37489178452588434,0.0,0.21404263832494913,100000000.0,0.10000000149011612,0.0,0.0,0.0,,-0.38181818181818183,0.0,4,0.2,0.053295161575078964,1.0,0.0,74.62382921949029,,129768.04531327198,6.274335650497971,6.274335650497971,3807.0384165031287,13054771.2,130547712.0,22,-0.12806760786992324,3807.0384165031287,1.0,6274.335650497971,117440512.0,13107200.0,False,0.14017895015305923,1.2910958438959583,0.30651350931891025,0.15803577488915907,6,2.2,5.4,0.0443607450502141,2,4,2988.7704982346895,-0.5958418901503467,0.21493555586970964,,,,,,0.0,2,0.0010895334478846052,0.0,0.0,0.0,0.0,0.0,0.0,0.0,0.0,0.0,0.0,0.0,0.0,0.0,0.10000000149011612,0.0,0.0,0.0,0.0,0.0,0.0,0.0,0.0011285315289569554,0.0,0.6182729661464691,0.057714205235242844,0.40402614772319795,-0.0024836835140988,True,0.026607099175453185,0.19837161600589753,0.29283231794834136,2.1855822801589966,0.8978180468082428,1,3.744013524055481,0.499999862909317,0.49999991059303284,3.744013524055481,4.059025764465332,False,1.7256399393081665,-2.0653576850891113,0.015490525191642575,-0.012552512716501952,1,1,10,4.356177535839379,0.30303030303030304,0.002057363221908356,0.072485222395444,126,0.0010505354483029805,0.0,2.2955434799194334,0.13020765483379365,0.9709480106830597,0.9171698689460754,1.9491710662841797,-0.022621343967815476,0.04184072379147679,-0.0017832110984596916,-4.605486869812012,2.1348819732666016,-4.266937732696533,2.135928153991699,9.84005357848039e-05,-6.55805778503418,2.2605061531066895,-6.216737270355225,2.2604804039001465,-0.0008836242381577986,-5.250767707824707,2.9080610275268555,-4.911367416381836,2.907594680786133,0.0,-0.3397177755832672,48,22,0.38214185237884524,2.868395280838013,3.922761821746826,0.9999999999999999,-6.274335650497971,delay_only,0.30303030303030304,0.0020804321290202386,0.07250974219360361,128,11744051.2,117440512.0,0.9179420471191406,0.0,1,,0,6274.335650497971,0.0453125,4.17503319978714,6216.010954001842,4294.596719573584,13054771.2,130547712.0,10,2
67108864.0,9175040.0,2267.842254464146,0,0,0.652907881885767,0.1826715657594569,4213.383855987169,2076.423114975829,0.0,3443.718429868375,2267.842254464146,1.0,2,1.0,0.0,0.0,0.0,0.0,0.30213303141901865,0.0,0.1676113595070568,100000000.0,0.10000000149011612,0.0,0.0,0.0,,-0.7696969696969697,0.0,4,0.2,0.05260096490383148,1.0,0.0,74.11918649449944,,129768.04531327198,3.443718429868375,3.443718429868375,2076.423114975829,7628390.4,76283904.0,22,-0.0921869623333226,2076.423114975829,1.0,6274.335650497971,67108864.0,9175040.0,False,0.12984472406864675,1.1959141041775647,0.3107445948137335,0.15889886339922657,6,3.4,5.6,0.04918060536058992,2,4,1647.0876654022627,-0.4458498353174481,0.20676684172751764,,,,,,0.0,2,0.0010895334478846052,0.0,0.0,0.0,0.0,0.0,0.0,0.0,0.0,0.0,0.0,0.0,0.0,0.0,0.10000000149011612,0.0,0.0,0.0,0.0,0.0,0.0,0.0,0.0011285315289569554,0.0,0.6182729661464691,0.057714205235242844,0.40402614772319795,-0.0024836835140988,True,0.026607099175453185,0.19837161600589753,0.29283231794834136,2.1855822801589966,0.8978180468082428,1,3.744013524055481,0.499999862909317,0.49999991059303284,3.744013524055481,4.059025764465332,False,1.7256399393081665,-2.0653576850891113,0.015490525191642575,-0.012552512716501952,1,1,10,4.356177535839379,0.30303030303030304,0.002057363221908356,0.072485222395444,126,0.0010505354483029805,0.0,2.2955434799194334,0.13020765483379365,0.9709480106830597,0.9171698689460754,1.9491710662841797,-0.022621343967815476,0.04184072379147679,-0.0017832110984596916,-4.605486869812012,2.1348819732666016,-4.266937732696533,2.135928153991699,9.84005357848039e-05,-6.55805778503418,2.2605061531066895,-6.216737270355225,2.2604804039001465,-0.0008836242381577986,-5.250767707824707,2.9080610275268555,-4.911367416381836,2.907594680786133,0.0,-0.3397177755832672,48,22,0.38214185237884524,2.868395280838013,3.922761821746826,0.9878787878787878,-3.443718429868375,delay_only,0.30303030303030304,0.0020833395789958487,0.0725255616014541,130,6710886.4,67108864.0,0.9176509976387024,0.0,2,,0,3443.718429868375,0.0375,4.242218494415283,3383.1808038328636,2267.842254464146,7628390.4,76283904.0,10,2
58720256.0,9175040.0,3105.168066077761,4,1,0.6631147116422653,0.34551924684337504,6151.531909221635,3045.9515068688625,0.0,4026.059237014387,3105.168066077761,1.0,2,1.0000000000000002,0.0,0.0,0.0,0.0,0.861005089020881,0.0,0.4131490459094431,100000000.0,0.10000000149011612,0.0,-2.220446049250313e-16,2.220446049250313e-16,,-0.19999999999999998,0.0,4,0.2,0.05805268511176109,1.0,0.0,71.89384941011667,,129768.04531327198,4.026059237014387,4.026059237014387,3045.951506868862,6789529.6,67895296.0,22,-0.01944107090193684,3045.951506868862,1.0,6274.335650497971,58720256.0,9175040.0,False,0.12906489970364382,1.1887316563455277,0.3105836689608291,0.33090945627105217,6,3.6,5.6,0.02734142898097309,2,4,1718.6795508427956,-0.04461524176717853,0.43574953607533246,,,,,,2.220446049250313e-16,2,0.0010895334478846052,0.0,0.0,0.0,0.0,0.0,0.0,0.0,0.0,0.0,0.0,0.0,0.0,0.0,0.10000000149011612,0.0,0.0,0.0,0.0,0.0,0.0,0.0,0.0011285315289569554,0.0,0.6182729661464691,0.057714205235242844,0.40402614772319795,-0.0024836835140988,True,0.026607099175453185,0.19837161600589753,0.29283231794834136,2.1855822801589966,0.8978180468082428,1,3.744013524055481,0.499999862909317,0.49999991059303284,3.744013524055481,4.059025764465332,False,1.7256399393081665,-2.0653576850891113,0.015490525191642575,-0.012552512716501952,1,1,10,4.356177535839379,0.30303030303030304,0.002057363221908356,0.072485222395444,126,0.0010505354483029805,0.0,2.2955434799194334,0.13020765483379365,0.9709480106830597,0.9171698689460754,1.9491710662841797,-0.022621343967815476,0.04184072379147679,-0.0017832110984596916,-4.605486869812012,2.1348819732666016,-4.266937732696533,2.135928153991699,9.84005357848039e-05,-6.55805778503418,2.2605061531066895,-6.216737270355225,2.2604804039001465,-0.0008836242381577986,-5.250767707824707,2.9080610275268555,-4.911367416381836,2.907594680786133,0.0,-0.3397177755832672,48,22,0.38214185237884524,2.868395280838013,3.922761821746826,0.9999999999999999,-4.026059237014387,delay_only,0.30303030303030304,0.0020947642110920196,0.07254432976403018,132,5872025.6,58720256.0,0.9179105162620544,0.0,3,,0,4026.059237014387,0.0625,4.111932039260864,3966.4303415304753,3105.168066077761,6789529.6,67895296.0,10,2
71303168.0,35651584.0,4518.755213662737,0,1,0.6819749251008034,0.20889326263041952,7582.080364895979,3764.8211215706515,0.0,5998.234859946816,4518.755213662738,1.0,2,1.0,0.0,0.0,0.0,0.0,0.34883665319877555,0.0,0.1845200689413303,100000000.0,0.10000000149011612,0.0,0.0,0.0,,-0.7818181818181817,0.0,4,0.4,0.05587033927440643,2.0,0.0,88.42744585126638,,135873.02761746242,5.998234859946817,5.998234859946817,3764.8211215706515,10695475.2,106954752.0,23,-0.2002576132428707,3764.821121570651,1.0,6104.982304190443,71303168.0,35651584.0,False,0.1560962627451169,1.4376997106759521,0.28856692794153427,0.17262096342932384,7,3.3,4.3,0.03158041223863271,2,4,2862.5432494316124,-0.8355896951176776,0.23966022368749781,,,,,,0.0,2,,,,,,,,,,,,,,,,,,,,,,,,,,,,,,,,,,,,,,,,,,,,,,,,,,,,,,,,,,,,,,,,,,,,,,,,,,,,,,,,,,,,,0.9878787878787878,-5.998234859946817,delay_only,0.30303030303030304,0.002142625657085205,0.07243638334535737,134,7130316.8,71303168.0,0.9177936315536499,0.0,1,,0,5998.234859946817,0.0578125,4.067442178726196,5945.796738192141,4518.755213662738,10695475.2,106954752.0,10,2
83886080.0,17563648.0,4178.195466230965,3,1,0.6620781496167183,0.3832080364015998,9897.960194833964,4918.950878074586,0.0,6104.982304190444,4178.195466230966,1.0,2,1.0,0.0,0.0,0.0,0.0,1.1379687684972288,0.0,0.42145908806728655,100000000.0,0.10000000149011612,0.0,0.0,0.0,,-0.6727272727272726,0.0,4,0.2,0.06023959442973137,1.0,0.0,66.30688346922398,,135873.02761746242,6.104982304190443,6.104982304190443,4918.950878074586,10144972.8,101449728.0,23,0.15059215475100918,4918.950878074586,1.0,6104.982304190443,83886080.0,17563648.0,False,0.11936486250373256,1.0993910121135142,0.2684110766492306,0.4368622456296476,6,3.0,5.2,0.0445283129888736,2,4,2540.161692044322,0.31140019308722233,0.4835968573366579,,,,,,0.0,2,,,,,,,,,,,,,,,,,,,,,,,,,,,,,,,,,,,,,,,,,,,,,,,,,,,,,,,,,,,,,,,,,,,,,,,,,,,,,,,,,,,,,0.9999999999999999,-6.104982304190443,delay_only,0.30303030303030304,0.0021623632370567566,0.07241803707548161,136,8388608.0,83886080.0,0.9177442789077759,0.0,2,,0,6104.982304190443,0.0515625,4.134852802753448,6044.9238655056515,4178.195466230965,10144972.8,101449728.0,10,2
46137344.0,9175040.0,3650.356741646103,0,0,0.6556431762874126,0.4161371847681509,7033.812369484699,3488.1525183023246,0.0,4106.781491859939,3650.3567416461024,1.0,2,1.0,0.0,0.0,0.0,0.0,1.7793116499283956,0.0,0.6820341324716984,100000000.0,0.10000000149011612,0.0,0.0,0.0,,-0.43030303030303024,0.0,4,0.2,0.0637340098619461,1.0,0.0,65.8172364346683,,135873.02761746242,4.106781491859939,4.106781491859939,3488.1525183023246,5531238.4,55312384.0,23,-0.046501471048841225,3488.1525183023246,1.0,6104.982304190443,46137344.0,9175040.0,False,0.1347011577628644,1.240643511495243,0.32201949377979056,0.6216392784442096,6,4.2,5.6,0.010700529877609345,2,4,1247.0954687527221,-0.0723784445274953,0.6424767947475873,,,,,,0.0,2,,,,,,,,,,,,,,,,,,,,,,,,,,,,,,,,,,,,,,,,,,,,,,,,,,,,,,,,,,,,,,,,,,,,,,,,,,,,,,,,,,,,,0.9999999999999999,-4.106781491859939,delay_only,0.30303030303030304,0.0021789049401505574,0.07236747495879141,138,4613734.4,46137344.0,0.9177618622779846,0.0,3,,0,4106.781491859939,0.0609375,4.09153573513031,4049.2741589798893,3650.356741646102,5531238.4,55312384.0,10,2
52428800.0,1310720.0,3367.5001961957423,5,1,0.6636069156229496,0.38629695159109795,6196.005377743782,3067.50872419794,0.0,3802.50738827931,3367.500196195742,1.0,2,1.0,0.0,0.0,0.0,0.0,1.3295121009462676,0.0,0.6092593577737762,100000000.0,0.10000000149011612,0.0,0.0,0.0,,-0.9030303030303028,0.0,4,0.0,0.05280893296003342,0.0,0.0,60.987929347902536,,146972.63648383587,3.80250738827931,3.80250738827931,3067.50872419794,5373952.0,53739520.0,24,-0.09779645274725035,3067.5087241979404,1.0,11099.608866373459,52428800.0,1310720.0,False,0.1460447843740035,1.345122173636441,0.35322839201856054,0.4551127402163652,5,4.0,6.0,0.011156742922959895,2,4,1306.5216590254288,-0.1703541598520566,0.5740772801332312,,,,,,0.0,2,,,,,,,,,,,,,,,,,,,,,,,,,,,,,,,,,,,,,,,,,,,,,,,,,,,,,,,,,,,,,,,,,,,,,,,,,,,,,,,,,,,,,0.9999999999999999,-3.80250738827931,delay_only,0.30303030303030304,0.0021893845378560405,0.07226940026861671,140,5242880.0,52428800.0,0.9168572425842285,0.0,1,,0,3802.50738827931,0.053125,4.034743547439575,3743.203536015472,3367.500196195742,5373952.0,53739520.0,10,2
35651584.0,15073280.0,2155.637069756352,0,1,0.6754091009497643,0.2632679147341254,3640.666767510071,1780.1006771728617,0.0,2682.1960193858654,2155.6370697563516,1.0,2,0.9999999999999998,0.0,0.0,0.0,0.0,0.5751994302411092,0.0,0.31695892519897106,100000000.0,0.10000000149011612,0.0,2.220446049250313e-16,0.0,,-0.2727272727272727,0.0,4,0.4,0.05960341542959213,2.0,0.0,80.46541316434741,,146972.63648383587,2.6821960193858656,2.6821960193858656,1780.1006771728619,5072486.4,50724864.0,24,-0.210963569307728,1780.1006771728614,1.0,11099.608866373459,35651584.0,15073280.0,False,0.13788740504865585,1.2699899335066676,0.2860191973017671,0.21665479971426954,7,4.3,5.3,0.022029224586593302,2,4,1192.1261237539063,-0.6386949748077039,0.3303041007505096,,,,,,0.0,2,,,,,,,,,,,,,,,,,,,,,,,,,,,,,,,,,,,,,,,,,,,,,,,,,,,,,,,,,,,,,,,,,,,,,,,,,,,,,,,,,,,,,0.9999999999999999,-2.6821960193858656,delay_only,0.30303030303030304,0.002228855908582865,0.07223069647011403,142,3565158.4,35651584.0,0.917790949344635,0.0,2,,0,2682.1960193858654,0.0578125,4.073557811975479,2630.507201124838,2155.6370697563516,5072486.4,50724864.0,10,2
75497472.0,33816576.0,10019.855887120044,7,1,0.6626136600971222,0.4308411006488622,19501.775126467182,9703.845046940587,0.0,11099.608866373459,10019.855887120044,1.0,2,1.0,0.0,0.0,0.0,0.0,2.1535300784642373,0.0,0.6842015717548222,100000000.0,0.10000000149011612,0.0,0.0,0.0,,-0.33333333333333326,0.0,4,0.6,0.06297027319669724,3.0,0.0,94.08503258600831,,146972.63648383587,11.099608866373458,11.099608866373458,9703.845046940587,10931404.8,109314048.0,24,-0.03256552826748715,9703.845046940585,1.0,11099.608866373459,75497472.0,33816576.0,False,0.15581677550238288,1.4351255380407466,0.24468947107038175,0.7454869162035603,8,3.2,4.4,0.010269622983294927,2,4,3107.731597566958,-0.0479086423550625,0.6797422483011764,,,,,,0.0,2,,,,,,,,,,,,,,,,,,,,,,,,,,,,,,,,,,,,,,,,,,,,,,,,,,,,,,,,,,,,,,,,,,,,,,,,,,,,,,,,,,,,,0.9999999999999999,-11.099608866373458,delay_only,0.3090909090909091,0.002349860543197918,0.07249450517289724,144,7549747.2,75497472.0,0.9161558151245117,0.0,3,,0,11099.608866373459,0.04375,4.115374326705933,11048.857310196758,10019.855887120044,10931404.8,109314048.0,10,2
62914560.0,1310720.0,4188.207335562555,8,0,0.6628739647567272,0.38666543007543613,8283.282912931776,4108.538141771871,0.0,5080.423762966499,4188.207335562555,1.0,2,1.0000000000000002,0.0,0.0,0.0,0.0,1.270435338112227,0.0,0.543681940749615,100000000.0,0.10000000149011612,0.0,-2.220446049250313e-16,2.220446049250313e-16,,-0.6242424242424242,0.0,4,0.0,0.05623890459537506,0.0,0.0,68.11476033180952,,152053.06024680237,5.0804237629664994,5.0804237629664994,4108.538141771871,6422528.0,64225280.0,25,-0.019391129166036015,4108.538141771871,1.0,5080.423762966499,62914560.0,1310720.0,False,0.1355715974947728,1.2486605576994112,0.30499758376251207,0.4536417625826129,5,3.5,6.0,0.01972227570975681,2,4,1919.5018939829288,-0.03639464347433927,0.5328017344010554,,,,,,2.220446049250313e-16,2,,,,,,,,,,,,,,,,,,,,,,,,,,,,,,,,,,,,,,,,,,,,,,,,,,,,,,,,,,,,,,,,,,,,,,,,,,,,,,,,,,,,,0.9999999999999999,-5.0804237629664994,delay_only,0.3090909090909091,0.0023390459129869344,0.07250231664875856,146,6291456.0,62914560.0,0.9174029231071472,0.0,1,,0,5080.423762966499,0.0453125,4.118442088365555,5014.217133578465,4188.207335562555,6422528.0,64225280.0,10,2
58720256.0,13107200.0,3270.491885432395,2,1,0.6723538972437382,0.34255916948611453,6907.678812444118,3423.209769735067,0.0,4541.390095376431,3270.4918854323955,1.0,2,1.0,0.0,0.0,0.0,0.0,0.8408184206437105,0.0,0.3856758280290744,100000000.0,0.10000000149011612,0.0,0.0,0.0,,-0.8666666666666665,0.0,4,0.2,0.06315313279628754,1.0,0.0,75.25717187672853,,152053.06024680237,4.541390095376431,4.541390095376431,3423.2097697350664,7182745.6,71827456.0,25,0.04461248201990567,3423.2097697350664,1.0,5080.423762966499,58720256.0,13107200.0,False,0.12883060134459495,1.1865736887100922,0.319688835332826,0.3238850963462049,6,3.6,5.4,0.036558446862167596,2,4,1968.141921971285,0.10495585105352669,0.42505950427817163,,,,,,0.0,2,,,,,,,,,,,,,,,,,,,,,,,,,,,,,,,,,,,,,,,,,,,,,,,,,,,,,,,,,,,,,,,,,,,,,,,,,,,,,,,,,,,,,0.9999999999999999,-4.541390095376431,delay_only,0.3090909090909091,0.002453371666527903,0.07231239037398034,148,5872025.6,58720256.0,0.9178227186203003,0.0,2,,0,4541.390095376431,0.0578125,4.099461400508881,4480.130822402447,3270.491885432395,7182745.6,71827456.0,10,2
41943040.0,3276800.0,1309.956455021442,3,1,0.8756131865084171,0.34602343686286297,3375.6552425263317,1663.6701539649562,0.0,2207.5994138432293,1309.956455021442,1.0,2,0.9999999999999999,0.0,0.0,0.0,0.0,0.7921536132293928,0.0,0.283416491281554,100000000.0,0.10000000149011612,0.0,1.1102230246251565e-16,0.0,,-0.9999999999999999,0.0,4,0.8,0.062474314123392105,4.0,0.0,100.56063439697027,,152053.06024680237,2.207599413843229,2.207599413843229,1663.6701539649562,4521984.0,45219840.0,25,0.21261047335646607,1663.6701539649562,1.0,5080.423762966499,41943040.0,3276800.0,False,0.1980763554689007,1.8243506535091216,0.1723474844352983,0.3356783831901622,9,4.0,5.9,0.06084800157817227,2,4,967.6915312415133,0.5082249474263916,0.41833930906601036,,,,,,0.0,2,,,,,,,,,,,,,,,,,,,,,,,,,,,,,,,,,,,,,,,,,,,,,,,,,,,,,,,,,,,,,,,,,,,,,,,,,,,,,,,,,,,,,0.9999999999999999,-2.207599413843229,delay_only,0.3212121212121212,0.0023607916036400577,0.07239259392578089,150,4194304.0,41943040.0,0.9180251359939575,0.0,3,,0,2207.5994138432293,0.0859375,3.9710591435432434,2159.2844792468095,1309.956455021442,4521984.0,45219840.0,10,2
92274688.0,9175040.0,5900.114995671968,0,0,0.8620778098702431,0.36147615282384254,10591.77476942697,5264.9058351859885,0.0,6763.1007741978665,5900.114995671968,1.0,2,1.0,0.0,0.0,0.0,0.0,1.160503217097546,0.0,0.5790972145824593,100000000.0,0.10000000149011612,0.0,0.0,0.0,,-0.6848484848484848,0.0,4,0.2,0.04718225821852684,1.0,0.0,75.36901626735926,,159925.41222201238,6.763100774197868,6.763100774197868,5264.9058351859885,10144972.8,101449728.0,26,-0.12064967168848544,5264.905835185988,1.0,7872.351975210017,92274688.0,9175040.0,False,0.14631177675995874,1.3475812643878147,0.3193058015020006,0.3665777132015146,6,2.8,5.6,0.013349176462429897,2,4,2385.9438047272115,-0.22063825565103307,0.5468211817233904,,,,,,0.0,2,,,,,,,,,,,,,,,,,,,,,,,,,,,,,,,,,,,,,,,,,,,,,,,,,,,,,,,,,,,,,,,,,,,,,,,,,,,,,,,,,,,,,0.9999999999999999,-6.763100774197868,delay_only,0.3212121212121212,0.002389971394593478,0.07242736773747883,152,9227468.8,92274688.0,0.9178433418273926,0.0,1,,0,6763.100774197868,0.053125,4.0384813904762265,6701.137675142874,5900.114995671969,10144972.8,101449728.0,10,2
167772160.0,1310720.0,4852.196234298895,1,1,0.8748150430619717,0.21665852025983356,10049.706518568719,4994.892581558165,0.0,7872.3519752100165,4852.196234298895,1.0,2,0.9999999999999999,0.0,0.0,0.0,0.0,0.3933247743443861,0.0,0.2117382743551065,100000000.0,0.10000000149011612,0.0,1.1102230246251565e-16,0.0,,-0.9999999999999999,0.0,4,0.2,0.04568832367658615,1.0,0.0,78.7208043038845,,159925.41222201238,7.872351975210018,7.872351975210018,4994.892581558166,16908288.0,169082880.0,26,0.028568451659225832,4994.892581558165,1.0,7872.351975210017,167772160.0,1310720.0,False,0.13085957741129078,1.2052612488909542,0.32220500865404345,0.17727862104570324,6,1.4,6.0,0.060620692044872575,2,4,3762.7900756154936,0.11581532102322473,0.24667247309617119,,,,,,0.0,2,,,,,,,,,,,,,,,,,,,,,,,,,,,,,,,,,,,,,,,,,,,,,,,,,,,,,,,,,,,,,,,,,,,,,,,,,,,,,,,,,,,,,0.9999999999999999,-7.872351975210018,delay_only,0.32727272727272727,0.0023572162925187623,0.07220727854483937,154,16777216.0,167772160.0,0.9177831411361694,0.0,2,,0,7872.351975210017,0.0609375,4.12759006023407,7812.430619757628,4852.196234298895,16908288.0,169082880.0,10,2
62914560.0,21626880.0,4316.6158864585495,7,1,0.6949109956622124,0.39192004554758164,8535.36027955661,4233.672113422427,0.0,5190.181490027764,4316.6158864585495,1.0,2,1.0,0.0,0.0,0.0,0.0,1.301492154608966,0.0,0.5365147851811789,100000000.0,0.10000000149011612,0.0,0.0,0.0,,-0.24848484848484845,0.0,4,0.0,0.05224733054637909,0.0,0.0,68.01605271175504,,159925.41222201238,5.190181490027764,5.190181490027764,4233.672113422427,8454144.0,84541440.0,26,-0.01959144941176659,4233.672113422427,1.0,7872.351975210017,62914560.0,21626880.0,False,0.13009148158001654,1.1981868248466223,0.32659046043738954,0.47650016039169596,5,3.5,5.0,0.018691534581104462,2,4,1975.302237292235,-0.03672727568357843,0.5334305103530007,,,,,,0.0,2,,,,,,,,,,,,,,,,,,,,,,,,,,,,,,,,,,,,,,,,,,,,,,,,,,,,,,,,,,,,,,,,,,,,,,,,,,,,,,,,,,,,,0.9999999999999999,-5.190181490027764,delay_only,0.32727272727272727,0.0023592068723352405,0.0722197009886305,156,6291456.0,62914560.0,0.9172242283821106,0.0,3,,0,5190.181490027764,0.0796875,4.069190710783005,5123.4576376094,4316.6158864585495,8454144.0,84541440.0,10,2
104857600.0,11141120.0,5222.849077465489,0,0,0.6619342602789402,0.32633744207116644,9768.420481099281,4848.527896438958,0.0,6580.61912822175,5222.849077465489,1.0,2,1.0,0.0,0.0,0.0,0.0,0.9925803430166896,0.0,0.49321064506191625,100000000.0,0.10000000149011612,0.0,0.0,0.0,,-0.43030303030303024,0.0,4,0.0,0.049359701573848724,0.0,0.0,71.36468822136521,,167077.21390621603,6.580619128221749,6.580619128221749,4848.527896438958,11599872.0,115998720.0,27,-0.07720305812852063,4848.527896438958,1.0,7151.801684203652,104857600.0,11141120.0,False,0.14355671454625119,1.322206203653598,0.34177040694278116,0.2919522130381139,5,2.5,5.5,0.02468242977234936,2,4,2609.626555904515,-0.16718967211711855,0.4617693016015899,,,,,,0.0,2,,,,,,,,,,,,,,,,,,,,,,,,,,,,,,,,,,,,,,,,,,,,,,,,,,,,,,,,,,,,,,,,,,,,,,,,,,,,,,,,,,,,,0.9999999999999999,-6.580619128221749,delay_only,0.32727272727272727,0.0023928414995234857,0.07225911097352432,158,10485760.0,104857600.0,0.9171587824821472,0.0,1,,0,6580.61912822175,0.075,4.045259803533554,6511.975133126705,5222.849077465489,11599872.0,115998720.0,10,2
79691776.0,7208960.0,6275.452526070197,1,1,0.6715063937008381,0.4198316208502503,12327.113888359072,6133.638201813401,0.0,7151.801684203652,6275.452526070196,1.0,2,1.0,0.0,0.0,0.0,0.0,1.8570234135681707,0.0,0.7057097394072968,100000000.0,0.10000000149011612,0.0,0.0,0.0,,-0.9030303030303028,0.0,4,0.4,0.05883907899260521,2.0,0.0,84.18378885835409,,167077.21390621603,7.151801684203652,7.151801684203652,6133.6382018134,8690073.6,86900736.0,27,-0.023120751435072997,6133.638201813401,1.0,7151.801684203652,79691776.0,7208960.0,False,0.13146796160042906,1.2108646743498463,0.2686894425561588,0.6400367115995164,7,3.1,5.7,0.012623238977335777,2,4,2033.586854845459,-0.03458842640145711,0.6684534059664243,,,,,,0.0,2,,,,,,,,,,,,,,,,,,,,,,,,,,,,,,,,,,,,,,,,,,,,,,,,,,,,,,,,,,,,,,,,,,,,,,,,,,,,,,,,,,,,,0.9999999999999999,-7.151801684203652,delay_only,0.32727272727272727,0.002433137785316119,0.07224412810429659,160,7969177.6,79691776.0,0.9178054332733154,0.0,2,,0,7151.801684203652,0.0578125,4.091649532318115,7091.964199471382,6275.452526070196,8690073.6,86900736.0,10,2
41943040.0,7208960.0,1526.4588262429306,2,0,0.6625107489526272,0.28743257112141163,3346.2449582326076,1634.0423962117563,0.0,2384.4251662857487,1526.4588262429306,1.0,2,0.9999999999999998,0.0,0.0,0.0,0.0,0.5562840204517491,0.0,0.2789258742776609,100000000.0,0.10000000149011612,0.0,2.220446049250313e-16,0.0,,-0.6727272727272726,0.0,4,0.4,0.060711272060871124,2.0,0.0,78.1601658090949,,167077.21390621603,2.384425166285749,2.384425166285749,1634.042396211756,4915200.0,49152000.0,27,0.06583890982158071,1634.042396211756,1.0,7151.801684203652,41943040.0,7208960.0,False,0.14083004166807844,1.297092618362591,0.2978720856151095,0.24308054889029612,7,4.0,5.7,0.051085961889522954,2,4,1086.7326720127771,0.19656798557029218,0.334942181101189,,,,,,0.0,2,,,,,,,,,,,,,,,,,,,,,,,,,,,,,,,,,,,,,,,,,,,,,,,,,,,,,,,,,,,,,,,,,,,,,,,,,,,,,,,,,,,,,0.9999999999999999,-2.384425166285749,delay_only,0.32727272727272727,0.002478934008521668,0.07219013369078993,162,4194304.0,41943040.0,0.9178679585456848,0.0,3,,0,2384.425166285749,0.0625,4.131521606445313,2334.4285723186686,1526.4588262429306,4915200.0,49152000.0,10,2
125829120.0,62914560.0,9951.79180502492,1,1,0.6799548864364624,0.3839061128876486,19883.129503141998,9911.643740735903,0.0,12249.87454354903,9951.79180502492,1.0,2,1.0,0.0,0.0,0.0,0.0,1.2479644200744593,0.0,0.5484699052396583,100000000.0,0.10000000149011612,0.0,0.0,0.0,,-0.6727272727272726,0.0,4,0.0,0.041551508009433746,0.0,0.0,59.84202167019248,,179327.08844976505,12.24987454354903,12.24987454354903,9911.643740735903,18874368.0,188743680.0,28,-0.004050595979758226,9911.6437407359,1.0,12249.87454354903,125829120.0,62914560.0,False,0.13632171769211465,1.2555694200368235,0.3084520150264371,0.4350286405362221,5,2.0,3.5,0.02250992721343089,2,4,4636.784965973375,-0.0076112112197407765,0.5321880923830389,,,,,,0.0,2,,,,,,,,,,,,,,,,,,,,,,,,,,,,,,,,,,,,,,,,,,,,,,,,,,,,,,,,,,,,,,,,,,,,,,,,,,,,,,,,,,,,,0.9999999999999999,-12.24987454354903,delay_only,0.3333333333333333,0.0024577644802939334,0.07193810540900722,164,12582912.0,125829120.0,0.9172388911247253,0.0,1,,0,12249.87454354903,0.0640625,4.057701051235199,12191.93289676821,9951.791805024919,18874368.0,188743680.0,10,2
52428800.0,1310720.0,2653.930349097823,3,1,0.6622676737606525,0.31080647816262524,4574.378291594684,2256.226695367545,0.0,3152.6318850005737,2653.930349097823,1.0,2,1.0000000000000002,0.0,0.0,0.0,0.0,0.8438439959144932,0.0,0.4552166872615025,100000000.0,0.10000000149011612,0.0,-2.220446049250313e-16,2.220446049250313e-16,,-0.04242424242424241,0.0,4,0.0,0.051429346203804016,0.0,0.0,61.924900859594345,,179327.08844976505,3.1526318850005737,3.1526318850005737,2256.226695367545,5373952.0,53739520.0,28,-0.17626936803240506,2256.2266953675444,1.0,12249.87454354903,52428800.0,1310720.0,False,0.11999695188111494,1.1052127704247163,0.2945175266927075,0.27037507365019625,5,4.0,6.0,0.01664681859342799,2,4,1284.8055166969982,-0.4094039356590541,0.43055122992075906,,,,,,2.220446049250313e-16,2,,,,,,,,,,,,,,,,,,,,,,,,,,,,,,,,,,,,,,,,,,,,,,,,,,,,,,,,,,,,,,,,,,,,,,,,,,,,,,,,,,,,,0.9999999999999999,-3.1526318850005737,delay_only,0.3333333333333333,0.0024547835014003287,0.0718597493137887,166,5242880.0,52428800.0,0.9174340963363647,0.0,2,,0,3152.6318850005737,0.0703125,4.01592880487442,3095.7253199080687,2653.930349097823,5373952.0,53739520.0,10,2
54525952.0,27262976.0,3659.4731953572145,2,1,0.6631352007389069,0.3615858628725715,7444.008442062486,3681.599065406049,0.0,4752.360226308616,3659.473195357215,1.0,2,1.0000000000000002,0.0,0.0,0.0,0.0,1.0061571589306924,0.0,0.46076500741002846,100000000.0,0.10000000149011612,0.0,-2.220446049250313e-16,2.220446049250313e-16,,-0.5393939393939393,0.0,4,0.4,0.05493900924921036,2.0,0.0,80.81031125038862,,179327.08844976505,4.752360226308616,4.752360226308616,3681.599065406049,8178892.8,81788928.0,28,0.006009853233813218,3681.599065406049,1.0,12249.87454354903,54525952.0,27262976.0,False,0.1373556432444742,1.2650922262933384,0.29100728545501486,0.37189715698507547,7,3.7,4.7,0.02765635012670774,2,4,1944.7755681207432,0.012739273785400473,0.47175791454459987,,,,,,2.220446049250313e-16,2,,,,,,,,,,,,,,,,,,,,,,,,,,,,,,,,,,,,,,,,,,,,,,,,,,,,,,,,,,,,,,,,,,,,,,,,,,,,,,,,,,,,,0.9999999999999999,-4.752360226308616,delay_only,0.3333333333333333,0.0025031409138225732,0.07186098852435911,168,5452595.2,54525952.0,0.9179049730300903,0.0,3,,0,4752.360226308616,0.0765625,4.028135079145431,4688.41030234626,3659.473195357215,8178892.8,81788928.0,10,2
33554432.0,13107200.0,2186.71298804639,4,0,0.6538401357829571,0.320657309412598,3886.3176353522026,1904.2953760020625,0.0,2640.141478877435,2186.71298804639,1.0,2,1.0,0.0,0.0,0.0,0.0,0.8303669414540178,0.0,0.44109182581135653,100000000.0,0.10000000149011612,0.0,0.0,0.0,,-0.6727272727272726,0.0,4,0.2,0.05604308843612671,1.0,0.0,77.72688334807754,,189687.69592002966,2.640141478877435,2.640141478877435,1904.2953760020625,4666163.2,46661632.0,29,-0.14830557045054862,1904.2953760020623,1.0,10360.607470264593,33554432.0,13107200.0,False,0.14436469624778347,1.3296479901390388,0.333590107764396,0.28935416555223165,6,4.4,5.4,0.01770078771408987,2,4,1073.9808076547154,-0.34013327335259225,0.43602194218973295,,,,,,0.0,2,,,,,,,,,,,,,,,,,,,,,,,,,,,,,,,,,,,,,,,,,,,,,,,,,,,,,,,,,,,,,,,,,,,,,,,,,,,,,,,,,,,,,0.9999999999999999,-2.640141478877435,delay_only,0.3333333333333333,0.0025439639165375756,0.07191235635928747,170,3355443.2,33554432.0,0.9180410504341125,0.0,1,,0,2640.141478877435,0.059375,3.9692225217819215,2573.7784119769135,2186.71298804639,4666163.2,46661632.0,10,2
125829120.0,31457280.0,4941.346905961676,3,1,0.6839446723461151,0.27949205382889913,9802.772221781706,4864.618216488707,0.0,7062.975280299057,4941.346905961676,1.0,2,1.0000000000000002,0.0,0.0,0.0,0.0,0.5115220159007227,0.0,0.25772126413758384,100000000.0,0.10000000149011612,0.0,-2.220446049250313e-16,2.220446049250313e-16,,-0.38181818181818183,0.0,4,0.0,0.046925608068704605,0.0,0.0,73.53578880429268,,189687.69592002966,7.062975280299057,7.062975280299057,4864.618216488707,15728640.0,157286400.0,29,-0.015772808072151746,4864.618216488707,1.0,10360.607470264593,125829120.0,31457280.0,False,0.13787842203043865,1.2699071968513196,0.3768647398009879,0.2289424655951283,5,2.0,4.5,0.041484254741881416,2,4,3306.075825034333,-0.04923105710417612,0.3203832905471735,,,,,,2.220446049250313e-16,2,,,,,,,,,,,,,,,,,,,,,,,,,,,,,,,,,,,,,,,,,,,,,,,,,,,,,,,,,,,,,,,,,,,,,,,,,,,,,,,,,,,,,0.9999999999999999,-7.062975280299057,delay_only,0.3333333333333333,0.002601162004232546,0.07197795000175798,172,12582912.0,125829120.0,0.9175204038619995,0.0,2,,0,7062.975280299057,0.078125,3.9468002021312714,6991.227844110896,4941.346905961677,15728640.0,157286400.0,10,2
167772160.0,34340864.0,7257.246598037936,6,1,0.6591021083295345,0.3276655376913613,15409.900951215113,7674.046299893899,0.0,10360.607470264593,7257.246598037936,1.0,2,1.0,0.0,0.0,0.0,0.0,0.7326783642823688,0.0,0.3534153223828948,100000000.0,0.10000000149011612,0.0,0.0,0.0,,-0.8909090909090909,0.0,4,0.2,0.0564032718539238,1.0,0.0,74.56837967038155,,189687.69592002966,10.360607470264593,10.360607470264593,7674.046299893898,20211302.4,202113024.0,29,0.05431289903238211,7674.046299893898,1.0,10360.607470264593,167772160.0,34340864.0,False,0.1375605414171013,1.26697940820483,0.33352723083312275,0.2923721519416511,6,2.0,4.8,0.041734733023611685,2,4,4636.262358954844,0.13720518310697227,0.3958516566392172,,,,,,0.0,2,,,,,,,,,,,,,,,,,,,,,,,,,,,,,,,,,,,,,,,,,,,,,,,,,,,,,,,,,,,,,,,,,,,,,,,,,,,,,,,,,,,,,0.9999999999999999,-10.360607470264593,delay_only,0.3333333333333333,0.002618808907679675,0.0719992903365175,174,16777216.0,167772160.0,0.9178981184959412,0.0,3,,0,10360.607470264593,0.0671875,4.028287196159363,10298.799118837276,7257.246598037936,20211302.4,202113024.0,10,2
79691776.0,7208960.0,5431.72998878677,1,1,0.6535248830914497,0.4075667283481227,10499.131467676329,5223.285737921753,0.0,6220.034804898663,5431.72998878677,1.0,2,1.0,0.0,0.0,0.0,0.0,1.6068320521805084,0.0,0.6608241603459175,100000000.0,0.10000000149011612,0.0,0.0,0.0,,-0.5393939393939393,0.0,4,0.4,0.05517788231372833,2.0,0.0,82.09722768515348,,201204.13096910468,6.220034804898663,6.220034804898663,5223.285737921753,8690073.6,86900736.0,30,-0.03990672946564738,5223.285737921753,1.0,11516.435049075022,79691776.0,7208960.0,False,0.1651153426127519,1.5207685060989085,0.327711610358634,0.5532033652396002,7,3.4,5.7,0.013001522348950129,2,4,1979.289140814451,-0.06425538517854464,0.6210643567812981,,,,,,0.0,2,,,,,,,,,,,,,,,,,,,,,,,,,,,,,,,,,,,,,,,,,,,,,,,,,,,,,,,,,,,,,,,,,,,,,,,,,,,,,,,,,,,,,0.9999999999999999,-6.220034804898663,delay_only,0.3333333333333333,0.002626895816830211,0.07197813875788793,176,7969177.6,79691776.0,0.9179020524024963,0.0,1,0.03203125,0,6220.034804898663,0.084375,3.944134360551834,6167.474813065841,5431.72998878677,8690073.6,86900736.0,10,2
104857600.0,31457280.0,5713.700907357497,7,1,0.6473208777606487,0.25120625039034056,9204.396824190355,4571.015405620429,0.0,6892.194810880736,5713.700907357497,1.0,2,1.0,0.0,0.0,0.0,0.0,0.6848757383486683,0.0,0.38509932627460014,100000000.0,0.10000000149011612,0.0,0.0,0.0,,-0.24848484848484845,0.0,4,0.0,0.05639948695898056,0.0,0.0,62.36601294949651,,201204.13096910468,6.892194810880737,6.892194810880737,4571.015405620429,13631488.0,136314880.0,30,-0.24998504715867834,4571.015405620429,1.0,11516.435049075022,104857600.0,31457280.0,False,0.11943070797494501,1.099997471315334,0.2919098774497425,0.2023635693493118,5,3.0,4.5,0.019570030654358875,2,4,2971.7658963756726,-0.7145135859861543,0.34986745117471074,,,,,,0.0,2,,,,,,,,,,,,,,,,,,,,,,,,,,,,,,,,,,,,,,,,,,,,,,,,,,,,,,,,,,,,,,,,,,,,,,,,,,,,,,,,,,,,,0.9999999999999999,-6.892194810880737,delay_only,0.3393939393939394,0.0025926386543694657,0.07178847280626709,178,10485760.0,104857600.0,0.917569637298584,0.0,2,0.03203125,0,6892.194810880736,0.0828125,3.92309308052063,6831.873926425741,5713.700907357497,13631488.0,136314880.0,10,2
167772160.0,42598400.0,8112.2062647515595,0,0,0.6542420014739037,0.3717667045320055,18331.462423518955,9132.700957924455,0.0,11516.43504907502,8112.2062647515595,1.0,2,1.0,0.0,0.0,0.0,0.0,1.0076967908439884,0.0,0.4021272943980831,100000000.0,0.10000000149011612,0.0,0.0,0.0,,-0.5636363636363636,0.0,4,0.0,0.051437657326459885,0.0,0.0,66.0605076700449,,201204.13096910468,11.516435049075023,11.516435049075023,9132.700957924455,21037056.0,210370560.0,30,0.11174073232819569,9132.700957924453,1.0,11516.435049075022,167772160.0,42598400.0,False,0.12461547469072941,1.1477509375170014,0.30137251675473853,0.3940460392273875,5,2.0,4.5,0.04116109518184496,2,4,4935.327291753395,0.24312695850684454,0.45959828154988397,,,,,,0.0,2,,,,,,,,,,,,,,,,,,,,,,,,,,,,,,,,,,,,,,,,,,,,,,,,,,,,,,,,,,,,,,,,,,,,,,,,,,,,,,,,,,,,,0.9999999999999999,-11.516435049075023,delay_only,0.3515151515151515,0.0025032373214601738,0.07157535908900836,180,16777216.0,167772160.0,0.9175727963447571,0.0,3,0.03203125,0,11516.435049075022,0.08125,3.9494630992412567,11451.279206733538,8112.2062647515595,21037056.0,210370560.0,10,2
29360128.0,9175040.0,1415.1103044858921,0,0,0.7246499881148338,0.2710190653833445,2608.741425929076,1271.4893254551323,0.0,1901.722762846964,1415.1103044858921,1.0,2,1.0,0.0,0.0,0.0,0.0,0.7546204196661812,0.0,0.4027767892936963,100000000.0,0.10000000149011612,0.0,0.0,0.0,,0.24848484848484845,0.0,4,0.2,0.054324373602867126,1.0,0.0,74.71620477735996,,212517.81524835265,1.9017227628469642,1.9017227628469642,1271.4893254551323,3853516.8,38535168.0,31,-0.11295492314050726,1271.4893254551323,1.0,11313.684279247973,29360128.0,9175040.0,False,0.1389336422302357,1.279626134058835,0.3016413873079358,0.2252533940576864,6,4.6,5.6,0.0291070068727507,2,4,792.4333484897494,-0.29979999402269875,0.3767675963727841,,,,,,0.0,2,,,,,,,,,,,,,,,,,,,,,,,,,,,,,,,,,,,,,,,,,,,,,,,,,,,,,,,,,,,,,,,,,,,,,,,,,,,,,,,,,,,,,0.9999999999999999,-1.9017227628469642,delay_only,0.3515151515151515,0.002486528189035507,0.07159554617148765,182,2936012.8,29360128.0,0.9180495142936707,0.0,1,,0,1901.722762846964,0.053125,4.089324033260345,1835.9599878281529,1415.1103044858921,3853516.8,38535168.0,10,2
167772160.0,17563648.0,5212.671272656019,0,0,0.6854399107396603,0.21016894519946144,10665.560372069333,5296.118138771431,0.0,8423.990798710345,5212.67127265602,1.0,2,1.0,0.0,0.0,0.0,0.0,0.33341039154525354,0.0,0.18373737529838885,100000000.0,0.10000000149011612,0.0,0.0,0.0,,-0.7454545454545454,0.0,4,0.2,0.05272690951824188,1.0,0.0,73.32409452646971,,212517.81524835265,8.423990798710346,8.423990798710346,5296.118138771432,18533580.8,185335808.0,31,0.015756232004063685,5296.118138771431,1.0,11313.684279247973,167772160.0,17563648.0,False,0.12462684427475788,1.1478556552557915,0.3062480118789754,0.1733846434376897,6,1.0,5.2,0.06019937316954479,2,4,4067.2228854427026,0.0679039697560705,0.232036978996432,,,,,,0.0,2,,,,,,,,,,,,,,,,,,,,,,,,,,,,,,,,,,,,,,,,,,,,,,,,,,,,,,,,,,,,,,,,,,,,,,,,,,,,,,,,,,,,,0.9999999999999999,-8.423990798710346,delay_only,0.3575757575757576,0.002452148831135314,0.07154222889746625,184,16777216.0,167772160.0,0.9180189371109009,0.0,2,,0,8423.990798710345,0.04375,4.195502829551697,8354.958586456685,5212.671272656019,18533580.8,185335808.0,10,2
138412032.0,67371008.0,6646.867107750123,0,0,0.655047595500946,0.35278350013019955,17480.525112576594,8694.898689797054,0.2,11313.684279247973,6646.867107750123,1.0,2,1.0,0.0,0.0,0.0,0.0,0.886260432001774,0.2,0.40618319435350336,100000000.0,0.10000000149011612,0.0,0.0,0.0,,-0.8510677611520904,0.0,4,0.6,0.05854152515530586,3.0,0.0,90.72773298248649,,212517.81524835265,11.313684279247973,11.313684279247973,8694.898689797054,20578304.0,205783040.0,31,0.23554404198523599,8694.898689797054,1.0,11313.684279247973,138412032.0,67371008.0,False,0.1658452913679572,1.5274915825884494,0.2649091233809853,0.3439359058792819,8,2.6,3.6,0.01,2,4,4668.315292512565,0.5086276329029009,0.4630972183735096,,,,,,0.0,2,,,,,,,,,,,,,,,,,,,,,,,,,,,,,,,,,,,,,,,,,,,,,,,,,,,,,,,,,,,,,,,,,,,,,,,,,,,,,,,,,,,,,0.9969650916353059,-11.313684279247973,delay_only,0.3696969696969697,0.002371750508803009,0.07178801684585483,186,13841203.2,138412032.0,0.9160189628601074,0.0,3,,0,11313.684279247973,0.0546875,4.08975613117218,11222.956546265486,6646.867107750124,20578304.0,205783040.0,10,2
62914560.0,21626880.0,3410.238335630594,2,1,0.6618769839406013,0.258372167470621,5836.439715344149,2883.8825491814255,0.0,4328.4661357790665,3410.238335630594,1.0,2,1.0,0.0,0.0,0.0,0.0,0.7395591651601431,0.0,0.40049894083941806,100000000.0,0.10000000149011612,0.0,0.0,0.0,,-0.24848484848484845,0.0,4,0.0,0.051814090460538864,0.0,0.0,68.8471170142293,,217523.0420468287,4.328466135779067,4.328466135779067,2883.8825491814255,8454144.0,84541440.0,32,-0.1825163741840221,2883.8825491814255,1.0,5005.226798476029,62914560.0,21626880.0,False,0.13169099364276546,1.2129188753736218,0.2871267427480738,0.20959835373306446,5,3.5,5.0,0.024906783618605398,2,4,1814.2986133209977,-0.4921126512859799,0.37088332053052003,,,,,,0.0,2,,,,,,,,,,,,,,,,,,,,,,,,,,,,,,,,,,,,,,,,,,,,,,,,,,,,,,,,,,,,,,,,,,,,,,,,,,,,,,,,,,,,,0.9999999999999999,-4.328466135779067,delay_only,0.3696969696969697,0.0023720808857739723,0.07180581395110805,188,6291456.0,62914560.0,0.9174960851669312,0.0,1,,0,4328.4661357790665,0.0703125,4.009090095758438,4259.791518797769,3410.238335630594,8454144.0,84541440.0,10,2
31457280.0,1310720.0,1250.9215583841765,4,0,0.892304815351963,0.31518982462194145,2491.048217976019,1214.7463372636214,0.0,1705.8951670273577,1250.9215583841765,1.0,2,1.0000000000000002,0.0,0.0,0.0,0.0,0.7876514248777151,0.0,0.41145991109145935,100000000.0,0.10000000149011612,0.0,-2.220446049250313e-16,2.220446049250313e-16,,-0.9030303030303028,0.0,4,0.0,0.05152226239442825,0.0,0.0,62.93402798473835,,217523.0420468287,1.7058951670273577,1.7058951670273577,1214.7463372636214,3276800.0,32768000.0,32,-0.02978006190333084,1214.7463372636214,1.0,5005.226798476029,31457280.0,1310720.0,False,0.12375711489272481,1.1398451516157584,0.3118337172419178,0.2827666017976406,5,4.5,6.0,0.031340061095824594,2,4,711.8264096509919,-0.07193037924005022,0.41401230214492674,,,,,,2.220446049250313e-16,2,,,,,,,,,,,,,,,,,,,,,,,,,,,,,,,,,,,,,,,,,,,,,,,,,,,,,,,,,,,,,,,,,,,,,,,,,,,,,,,,,,,,,0.9999999999999999,-1.7058951670273579,delay_only,0.3696969696969697,0.002345663893096182,0.07176245769902843,190,3145728.0,31457280.0,0.9175156354904175,0.0,2,,0,1705.8951670273577,0.0875,4.050187349319458,1644.3396235785817,1250.9215583841763,3276800.0,32768000.0,10,2
58720256.0,20971520.0,3899.7858463401767,8,1,0.8711498230695724,0.3785129067607959,8053.6295168877605,3995.7881696910135,0.0,5005.22679847603,3899.7858463401767,1.0,2,1.0,0.0,0.0,0.0,0.0,1.1274881822951321,0.0,0.481014049937917,100000000.0,0.10000000149011612,0.0,0.0,0.0,,-0.8666666666666665,0.0,4,0.2,0.05026036128401756,1.0,0.0,73.35164304822683,,217523.0420468287,5.005226798476029,5.005226798476029,3995.788169691014,7969177.6,79691776.0,32,0.02402587906912491,3995.788169691013,1.0,5005.226798476029,58720256.0,20971520.0,False,0.13396075393291032,1.2338241402086512,0.3141739955075571,0.4217700582477151,6,3.6,5.0,0.026465281678382576,2,4,2012.6181953476112,0.04840851999215105,0.49631509232301385,,,,,,0.0,2,,,,,,,,,,,,,,,,,,,,,,,,,,,,,,,,,,,,,,,,,,,,,,,,,,,,,,,,,,,,,,,,,,,,,,,,,,,,,,,,,,,,,0.9999999999999999,-5.005226798476029,delay_only,0.3696969696969697,0.0023486097326758893,0.07177472182183872,192,5872025.6,58720256.0,0.9178910851478577,0.0,3,,0,5005.226798476029,0.090625,3.941611278057098,4943.173620970298,3899.7858463401762,7969177.6,79691776.0,10,2
41943040.0,9175040.0,4070.0201363640326,5,1,0.8885771967470646,0.4281025670843965,8523.014750383534,4225.811409091447,0.0,4874.2902564461665,4070.0201363640326,1.0,2,0.9999999999999999,0.0,0.0,0.0,0.0,2.108793044133715,0.0,0.6654769170262955,100000000.0,0.10000000149011612,0.0,1.1102230246251565e-16,0.0,,-0.43030303030303024,0.0,4,0.2,0.052014198154211044,1.0,0.0,78.10897938907146,,227557.6106078874,4.874290256446167,4.874290256446167,4225.811409091447,5111808.0,51118080.0,33,0.03686659380781735,4225.811409091447,1.0,10034.568561058728,41943040.0,9175040.0,False,0.13284861635282416,1.2235809745555917,0.27858972165619533,0.7322660240811694,6,4.0,5.6,0.0178417087966002,2,4,1401.569784719523,0.05516216154560101,0.6683312033981985,,,,,,0.0,2,,,,,,,,,,,,,,,,,,,,,,,,,,,,,,,,,,,,,,,,,,,,,,,,,,,,,,,,,,,,,,,,,,,,,,,,,,,,,,,,,,,,,0.9999999999999999,-4.874290256446167,delay_only,0.3696969696969697,0.002389715637360093,0.07183480516288274,194,4194304.0,41943040.0,0.9177530407905579,0.0,1,,0,4874.2902564461665,0.0671875,4.02529114484787,4802.898324245526,4070.0201363640326,5111808.0,51118080.0,10,2
167772160.0,29360128.0,6974.6245231183175,0,1,0.8592442609369755,0.23865959328018027,13180.133974882461,6559.071530939389,0.0,10034.568561058726,6974.624523118317,1.0,2,1.0,0.0,0.0,0.0,0.0,0.49453444284842113,0.0,0.2685964417091015,100000000.0,0.10000000149011612,0.0,0.0,0.0,,-0.9999999999999999,0.0,4,0.2,0.04607930779457092,1.0,0.0,77.18004938215017,,227557.6106078874,10.034568561058729,10.034568561058729,6559.071530939389,19713228.8,197132288.0,33,-0.06335545971998476,6559.071530939388,1.0,10034.568561058728,167772160.0,29360128.0,False,0.13438587005673502,1.237739604406692,0.31603404875139096,0.19215057204823974,6,1.0,4.6,0.04276594358121345,2,4,4702.5121240480985,-0.22382962303088952,0.2830521664741463,,,,,,0.0,2,,,,,,,,,,,,,,,,,,,,,,,,,,,,,,,,,,,,,,,,,,,,,,,,,,,,,,,,,,,,,,,,,,,,,,,,,,,,,,,,,,,,,0.9999999999999999,-10.034568561058729,delay_only,0.3696969696969697,0.0024132711273193797,0.07181425954686964,196,16777216.0,167772160.0,0.9179210662841797,0.0,2,,0,10034.568561058728,0.071875,4.005066347122193,9972.577648055043,6974.624523118316,19713228.8,197132288.0,10,2
58720256.0,1310720.0,4770.524880886576,0,1,0.8695879951119423,0.39335587168350183,9259.194232786525,4590.920826784561,0.3,5617.035814261929,4770.524880886576,1.0,2,1.0,0.0,0.0,0.0,0.0,1.529985670082777,0.3,0.6578582256379112,100000000.0,0.10000000149011612,0.0,0.0,0.0,,-0.5531940447488588,0.0,4,0.2,0.05812991410493851,1.0,0.0,77.35257921740413,,227557.6106078874,5.6170358142619286,5.6170358142619286,4590.920826784561,6003097.6,60030976.0,33,-0.039121575143304894,4590.920826784561,1.0,10034.568561058728,58720256.0,1310720.0,False,0.1272644479577748,1.1721488829427553,0.3033732265636786,0.483885194735354,6,3.8,6.0,0.010000000000000002,2,4,1734.0668548256092,-0.06286777548481441,0.6222834328336405,,,,,,0.0,2,,,,,,,,,,,,,,,,,,,,,,,,,,,,,,,,,,,,,,,,,,,,,,,,,,,,,,,,,,,,,,,,,,,,,,,,,,,,,,,,,,,,,0.9969650916353059,-5.6170358142619286,delay_only,0.3696969696969697,0.0024227441954790025,0.07184006257235664,198,5872025.6,58720256.0,0.917925238609314,0.0,3,,0,5617.035814261929,0.071875,3.9881365060806275,5556.170363611473,4770.524880886576,6003097.6,60030976.0,10,2
79691776.0,9175040.0,5333.092905978503,5,0,0.8716383017599583,0.386693838398786,9699.249023383845,4819.359477282684,0.4,5948.60918894587,5333.092905978503,1.0,2,1.0,0.0,0.0,0.0,0.0,1.3527037759289053,0.4,0.6302334069444748,100000000.0,0.10000000149011612,0.0,0.0,0.0,,-0.48148515760015625,0.0,4,0.2,0.05267338082194328,1.0,0.0,76.76154747605324,,233506.2197968333,5.94860918894587,5.94860918894587,4819.359477282683,8886681.6,88866816.0,34,-0.10659786453312665,4819.359477282683,1.0,5948.60918894587,79691776.0,9175040.0,False,0.1377580556240883,1.2687985812794813,0.29094699831414605,0.4509470289564963,6,3.4,5.6,0.010000000000000005,2,4,1862.9521037631605,-0.17376949918922502,0.6134440453042205,,,,,,0.0,2,,,,,,,,,,,,,,,,,,,,,,,,,,,,,,,,,,,,,,,,,,,,,,,,,,,,,,,,,,,,,,,,,,,,,,,,,,,,,,,,,,,,,0.9692233691951198,-5.94860918894587,delay_only,0.3696969696969697,0.0024079126469130495,0.07184895262141391,200,7969177.6,79691776.0,0.9180102944374084,0.0,1,,0,5948.60918894587,0.078125,3.8426301002502443,5888.0791201273905,5333.092905978503,8886681.6,88866816.0,10,2
41943040.0,1310720.0,1698.1705613258644,1,1,0.8732140995562077,0.24062761430773996,3289.9762046132237,1617.4429151499644,0.0,2498.3170793679105,1698.1705613258646,1.0,2,1.0,0.0,0.0,0.0,0.0,0.4984315741166111,0.0,0.27689155294508166,100000000.0,0.10000000149011612,0.0,0.0,0.0,,-0.9999999999999999,0.0,4,0.4,0.05236436799168587,2.0,0.0,91.8433303013444,,233506.2197968333,2.498317079367911,2.498317079367911,1617.4429151499644,4325376.0,43253760.0,34,-0.04991066171161628,1617.4429151499642,1.0,5948.60918894587,41943040.0,1310720.0,False,0.14726674909779666,1.3563768846651238,0.30459067651036287,0.19586760298803163,7,4.0,6.0,0.041709778974597586,2,4,1136.411787871226,-0.16782208384847808,0.29740222840206915,,,,,,0.0,2,,,,,,,,,,,,,,,,,,,,,,,,,,,,,,,,,,,,,,,,,,,,,,,,,,,,,,,,,,,,,,,,,,,,,,,,,,,,,,,,,,,,,0.9999999999999999,-2.498317079367911,delay_only,0.3696969696969697,0.002412438646747841,0.07186350450502008,202,4194304.0,41943040.0,0.9179259538650513,0.0,2,,0,2498.317079367911,0.0765625,3.984498828649521,2443.226705054616,1698.1705613258644,4325376.0,43253760.0,10,2
41943040.0,1310720.0,1675.7446459293872,3,0,0.8662953041493893,0.37958285551636417,4011.666687999282,1967.3821911459736,0.0,2488.9067911886395,1675.7446459293872,1.0,2,0.9999999999999998,0.0,0.0,0.0,0.0,1.1522432889063932,0.0,0.41007422200506155,100000000.0,0.10000000149011612,0.0,2.220446049250313e-16,0.0,,-0.9999999999999999,0.0,4,0.2,0.05152226611971855,1.0,0.0,76.90230570733547,,233506.2197968333,2.4889067911886396,2.4889067911886396,1967.3821911459734,4325376.0,43253760.0,34,0.1482363449913671,1967.3821911459734,1.0,5948.60918894587,41943040.0,1310720.0,False,0.12876949361503995,1.1860108657215318,0.2960748702918641,0.4424839276417819,6,4.0,6.0,0.04473712551203155,2,4,1016.784959871629,0.3067940191932023,0.48317873138855366,,,,,,0.0,2,,,,,,,,,,,,,,,,,,,,,,,,,,,,,,,,,,,,,,,,,,,,,,,,,,,,,,,,,,,,,,,,,,,,,,,,,,,,,,,,,,,,,0.9999999999999999,-2.4889067911886396,delay_only,0.3696969696969697,0.0024299530747922808,0.07190012521466699,204,4194304.0,41943040.0,0.9179872870445251,0.0,3,,0,2488.9067911886395,0.065625,3.975269091129303,2425.424631439966,1675.7446459293872,4325376.0,43253760.0,10,2
117440512.0,13107200.0,6272.898831719539,8,0,0.8868062868714333,0.38626990262254796,13548.284152823866,6742.284573532358,0.0,8314.989752409982,6272.89883171954,1.0,2,1.0,0.0,0.0,0.0,0.0,1.1847388646870158,0.0,0.4702620229818659,100000000.0,0.10000000149011612,0.0,0.0,0.0,,-0.8424242424242423,0.0,4,0.2,0.047445058822631836,1.0,0.0,78.05375475436449,,251656.94752936417,8.314989752409982,8.314989752409982,6742.284573532358,13054771.2,130547712.0,35,0.0696182038437606,6742.284573532357,1.0,18150.72773253088,117440512.0,13107200.0,False,0.15226357878392915,1.402399386855199,0.3597204392363713,0.4468077190720716,6,2.6,5.4,0.03130988110321055,2,4,3366.932959945994,0.1390627690233696,0.5006243175846817,,,,,,0.0,2,,,,,,,,,,,,,,,,,,,,,,,,,,,,,,,,,,,,,,,,,,,,,,,,,,,,,,,,,,,,,,,,,,,,,,,,,,,,,,,,,,,,,0.9999999999999999,-8.314989752409982,delay_only,0.3696969696969697,0.0024582468592557844,0.0719300169776716,206,11744051.2,117440512.0,0.9179055094718933,0.0,1,,0,8314.989752409982,0.0859375,3.846182906627655,8251.274746650832,6272.898831719539,13054771.2,130547712.0,10,2
134217728.0,13107200.0,16321.537661323262,7,1,0.8697840385138988,0.43743260053592165,32264.094488628216,16092.64783813991,0.2,18150.72773253088,16321.537661323262,1.0,2,1.0,0.0,0.0,0.0,0.0,2.3785134117433318,0.2,0.755391366745591,100000000.0,0.10000000149011612,0.0,0.0,0.0,,-0.709090909090909,0.0,4,0.2,0.049353715032339096,1.0,0.0,78.79881234839559,,251656.94752936417,18.15072773253088,18.15072773253088,16092.647838139914,14732492.8,147324928.0,35,-0.014223254338597887,16092.64783813991,1.0,18150.72773253088,134217728.0,13107200.0,False,0.1334025413578472,1.2286828123924027,0.3237135233701889,0.81305520393964,6,1.8,5.4,0.010000000000000038,2,4,4280.271178746495,-0.019377118575145846,0.7340231873711818,,,,,,0.0,2,,,,,,,,,,,,,,,,,,,,,,,,,,,,,,,,,,,,,,,,,,,,,,,,,,,,,,,,,,,,,,,,,,,,,,,,,,,,,,,,,,,,,0.9999999999999999,-18.15072773253088,delay_only,0.3696969696969697,0.0025004274159375855,0.07179335201915354,208,13421772.8,134217728.0,0.9180245995521545,0.0,2,,0,18150.72773253088,0.0859375,3.9186363220214844,18091.300115413043,16321.537661323266,14732492.8,147324928.0,10,2
58720256.0,1310720.0,2445.4060163504696,7,0,0.6621531210839748,0.28245898567394423,4114.127096242433,2019.2564902767417,0.0,2952.054929704106,2445.4060163504696,1.0,2,1.0,0.0,0.0,0.0,0.0,0.7551086052821702,0.0,0.4167740679492765,100000000.0,0.10000000149011612,0.0,0.0,0.0,,0.06666666666666665,0.0,4,0.2,0.04350375756621361,1.0,0.0,75.61411568894982,,251656.94752936417,2.952054929704106,2.952054929704106,2019.2564902767417,6003097.6,60030976.0,35,-0.21104279130746953,2019.2564902767417,1.0,18150.72773253088,58720256.0,1310720.0,False,0.12681980690000624,1.1680535874573512,0.27955796178343434,0.23556852760328317,6,3.8,6.0,0.018168649002096568,2,4,1222.7745315709974,-0.5350397726097977,0.3944431836871726,,,,,,0.0,2,,,,,,,,,,,,,,,,,,,,,,,,,,,,,,,,,,,,,,,,,,,,,,,,,,,,,,,,,,,,,,,,,,,,,,,,,,,,,,,,,,,,,0.9999999999999999,-2.952054929704106,delay_only,0.3696969696969697,0.002502018260082172,0.07181316743425746,210,5872025.6,58720256.0,0.9179012179374695,0.0,3,,0,2952.054929704106,0.1015625,3.865112102031708,2889.703252137339,2445.4060163504696,6003097.6,60030976.0,10,2
109051904.0,13107200.0,4768.264042427193,2,0,0.6523150950670242,0.3044701942878202,9110.543708321038,4518.2817827464805,0.4,6336.654695380855,4768.264042427193,1.0,2,1.0,0.0,0.0,0.0,0.0,0.8186172108735427,0.4,0.4405770276300472,100000000.0,0.10000000149011612,0.0,0.0,0.0,,-0.5565218055378428,0.0,4,0.2,0.0597560778260231,1.0,0.0,73.98014282807708,,261504.26272220796,6.3366546953808545,6.3366546953808545,4518.2817827464805,12215910.4,122159104.0,36,-0.05532684141907538,4518.2817827464805,1.0,9847.315192843798,109051904.0,13107200.0,False,0.1375456752499118,1.2668424857449878,0.29809307741967594,0.2590174564440673,6,3.2,5.4,0.01,2,4,2445.227075515093,-0.12058642678782402,0.4588148342468499,,,,,,0.0,2,,,,,,,,,,,,,,,,,,,,,,,,,,,,,,,,,,,,,,,,,,,,,,,,,,,,,,,,,,,,,,,,,,,,,,,,,,,,,,,,,,,,,0.9692233691951198,-6.3366546953808545,delay_only,0.3696969696969697,0.0025383590923380743,0.07185871216399267,212,10905190.4,109051904.0,0.9179888367652893,0.0,1,,0,6336.654695380855,0.084375,3.899674820899963,6262.674552552778,4768.264042427193,12215910.4,122159104.0,10,2
33554432.0,13107200.0,2849.501831119677,3,1,0.6440910510718822,0.30010308131348545,4703.613714127135,2311.9856521013585,0.0,3292.044745209214,2849.501831119677,1.0,2,1.0,0.0,0.0,0.0,0.0,0.8414434788015409,0.0,0.46256687497181237,100000000.0,0.10000000149011612,0.0,0.0,0.0,,-0.7939393939393938,0.0,4,0.2,0.04915008321404457,1.0,0.0,79.64240992441773,,261504.26272220796,3.292044745209214,3.292044745209214,2311.9856521013585,4666163.2,46661632.0,36,-0.23249113960969905,2311.9856521013585,1.0,9847.315192843798,33554432.0,13107200.0,False,0.12360344550986006,1.1384298042948224,0.27979065877651743,0.2567684156991958,6,4.4,5.4,0.013195743602413428,2,4,1315.9061385976893,-0.5396317981961367,0.4308329130841858,,,,,,0.0,2,,,,,,,,,,,,,,,,,,,,,,,,,,,,,,,,,,,,,,,,,,,,,,,,,,,,,,,,,,,,,,,,,,,,,,,,,,,,,,,,,,,,,0.9999999999999999,-3.292044745209214,delay_only,0.3696969696969697,0.0025543869475791385,0.0718935555903608,214,3355443.2,33554432.0,0.9178420305252075,0.0,2,,0,3292.044745209214,0.0859375,3.87075537443161,3225.514786700305,2849.5018311196773,4666163.2,46661632.0,10,2
167772160.0,29360128.0,6069.370727158515,2,0,0.6574438884854317,0.30684252827059944,14206.461871175008,7069.460091014349,0.0,9847.315192843798,6069.3707271585145,1.0,2,1.0,0.0,0.0,0.0,0.0,0.5844926914951583,0.0,0.2574667829076758,100000000.0,0.10000000149011612,0.0,0.0,0.0,,-0.8181818181818182,0.0,4,0.2,0.05352330952882767,1.0,0.0,73.4646893106401,,261504.26272220796,9.847315192843798,9.847315192843798,7069.460091014349,19713228.8,197132288.0,36,0.14146615879860458,7069.460091014349,1.0,9847.315192843798,167772160.0,29360128.0,False,0.139153829325883,1.2816541321552635,0.3421408820861944,0.260835520273494,6,2.0,4.6,0.06103564838770292,2,4,4599.986675349172,0.40498081797995367,0.34931570217137314,,,,,,0.0,2,,,,,,,,,,,,,,,,,,,,,,,,,,,,,,,,,,,,,,,,,,,,,,,,,,,,,,,,,,,,,,,,,,,,,,,,,,,,,,,,,,,,,0.9999999999999999,-9.847315192843798,delay_only,0.37575757575757573,0.002519108233883563,0.07183188535831574,216,16777216.0,167772160.0,0.9178261756896973,0.0,3,,0,9847.315192843798,0.084375,3.9384368538856505,9779.773503697488,6069.370727158514,19713228.8,197132288.0,10,2
71303168.0,7208960.0,2360.8296354533477,0,0,0.6550783291459084,0.1635288503353978,4202.912302594913,2058.600524393982,0.0,3515.6148856910672,2360.8296354533477,1.0,2,1.0,0.0,0.0,0.0,0.0,0.3135521739312296,0.0,0.17738606317027594,100000000.0,0.10000000149011612,0.0,0.0,0.0,,-0.6,0.0,4,0.4,0.05907081440091133,2.0,0.0,85.71125380694866,,265019.877607899,3.515614885691068,3.515614885691068,2058.600524393982,7851212.8,78512128.0,37,-0.1468128990923759,2058.6005243939817,1.0,3515.6148856910677,71303168.0,7208960.0,False,0.1507088437921054,1.3880797483922804,0.31380705656980035,0.1501200218354197,7,3.3,5.7,0.046684494730252456,2,4,1672.8699222407818,-0.7835238100692096,0.187375159766246,,,,,,0.0,2,,,,,,,,,,,,,,,,,,,,,,,,,,,,,,,,,,,,,,,,,,,,,,,,,,,,,,,,,,,,,,,,,,,,,,,,,,,,,,,,,,,,,0.9999999999999999,-3.515614885691068,delay_only,0.37575757575757573,0.002515512841963066,0.07183150131258217,218,7130316.8,71303168.0,0.9180205464363098,0.0,1,,0,3515.6148856910677,0.0796875,3.804203933477402,3462.971022206804,2360.8296354533477,7851212.8,78512128.0,10,2
31457280.0,1310720.0,1018.9117655820719,0,0,0.6931177340447903,0.22085753006902928,2001.8006462966546,970.2459756466321,0.0,1559.687899864989,1018.9117655820719,1.0,2,1.0,0.0,0.0,0.0,0.0,0.4538116637911903,0.0,0.25278474247133564,100000000.0,0.10000000149011612,0.0,0.0,0.0,,0.309090909090909,0.0,4,0.0,0.04421520605683327,0.0,0.0,61.30869500339031,,265019.877607899,1.559687899864989,1.559687899864989,970.2459756466321,3276800.0,32768000.0,37,-0.05015819818578045,970.2459756466321,1.0,3515.6148856910677,31457280.0,1310720.0,False,0.11702379602465843,1.0778289930078175,0.2808256380452272,0.18371235172777062,5,4.5,6.0,0.04719901905049562,2,4,712.2788328351407,-0.18865111814260016,0.2658780858529881,,,,,,0.0,2,,,,,,,,,,,,,,,,,,,,,,,,,,,,,,,,,,,,,,,,,,,,,,,,,,,,,,,,,,,,,,,,,,,,,,,,,,,,,,,,,,,,,0.9999999999999999,-1.559687899864989,delay_only,0.37575757575757573,0.00249690194809788,0.07178666251903554,220,3145728.0,31457280.0,0.9175968170166016,0.0,2,,0,1559.687899864989,0.08125,3.8570124804973602,1499.8281239268954,1018.9117655820719,3276800.0,32768000.0,10,2
27262976.0,1310720.0,955.9875834149149,7,1,0.6641950458288193,0.24000010095058938,1864.3379634490304,907.8599731094238,0.0,1416.8966640152469,955.9875834149148,1.0,2,1.0,0.0,0.0,0.0,0.0,0.6428503287405857,0.0,0.339780383660302,100000000.0,0.10000000149011612,0.0,0.0,0.0,,-0.6484848484848483,0.0,4,0.4,0.0532914474606514,2.0,0.0,83.31768307834864,,265019.877607899,1.416896664015247,1.416896664015247,907.8599731094238,2857369.6,28573696.0,37,-0.05301215135705778,907.8599731094237,1.0,3515.6148856910677,27262976.0,1310720.0,False,0.15175505068556772,1.3977156699805764,0.33805182132105516,0.19991488541037777,7,4.7,6.0,0.03949752110515663,2,4,609.4110674254258,-0.16125912807483841,0.32873891847198555,,,,,,0.0,2,,,,,,,,,,,,,,,,,,,,,,,,,,,,,,,,,,,,,,,,,,,,,,,,,,,,,,,,,,,,,,,,,,,,,,,,,,,,,,,,,,,,,0.9878787878787878,-1.416896664015247,delay_only,0.37575757575757573,0.002531178228001108,0.071750295253552,222,2726297.6,27262976.0,0.91798335313797,0.0,3,,0,1416.8966640152469,0.10625,3.83850719332695,1368.2786467850638,955.9875834149149,2857369.6,28573696.0,10,2
130023424.0,29753344.0,7881.954881198358,2,1,0.6676660850644112,0.35004626847933845,13629.458082163523,6769.318545597514,0.2,8858.51713910662,7881.954881198358,1.0,2,1.0,0.0,0.0,0.0,0.0,0.9150849679810263,0.2,0.45123528768755417,100000000.0,0.10000000149011612,0.0,0.0,0.0,,-0.9240164263936982,0.0,4,0.4,0.053556572645902634,2.0,0.0,90.82099096849561,,273878.39474700566,8.85851713910662,8.85851713910662,6769.318545597514,15977676.8,159776768.0,38,-0.16436460008584722,6769.318545597514,1.0,8858.51713910662,130023424.0,29753344.0,False,0.17015548971401415,1.5671899764263628,0.327630050753862,0.3387407133162135,7,1.9,4.6,0.010000000000000007,2,4,3586.0023094040957,-0.3495211449464177,0.47025652800217466,,,,,,0.0,2,0.001328404723705412,0.0,0.0,0.0,0.0,0.0,0.0,0.0,0.0,0.0,0.0,0.0,0.0,0.0,0.10000000149011612,0.0,0.0,0.0,0.0,0.0,0.0,0.0,0.001418307650067918,0.0,0.609243243932724,0.05404416099190712,0.2827648937702179,-0.0017672478337772191,True,0.019631983898580074,0.1332736685872078,0.22811651229858398,1.6043599665164947,0.8799941420555115,1,3.470249581336975,0.4999998420476913,0.49999988079071045,3.470249581336975,4.137693881988525,False,2.1546576023101807,-4.221169948577881,0.01306719356140108,-0.012930509401485324,2,1,10,4.187363754026592,0.37575757575757573,0.002531178228001108,0.071750295253552,222,0.0012385019188513979,0.0,2.2337485790252685,0.14302636981010436,0.9672619462013244,0.9176923036575317,1.943079948425293,-0.024093776786079248,0.03737790557758643,-0.006201832666397067,-5.676851272583008,2.3438875675201416,-3.609013080596924,2.3482515811920166,0.0015235447933480417,-5.910592079162598,4.046318054199219,-3.846292495727539,4.043929100036621,-0.003227125030701661,-5.892823219299316,3.5285606384277344,-3.8251256942749023,3.5324299335479736,0.0,-2.0665123462677,48,38,0.4197277188301086,2.9110153675079347,2.783220648765564,0.9969650916353059,-8.85851713910662,delay_only,0.38181818181818183,0.0024952774749853815,0.07204257545230383,224,13002342.4,130023424.0,0.9180086255073547,0.0,1,,0,8858.51713910662,0.08125,3.7937493681907655,8807.506347428633,7881.954881198357,15977676.8,159776768.0,10,2
31457280.0,1310720.0,1195.4528212087628,1,1,0.6645219400525093,0.3120289584062283,2407.3342095139437,1167.461658875039,0.0,1656.1762235836268,1195.452821208763,1.0,2,1.0,0.0,0.0,0.0,0.0,0.7314838466721892,0.0,0.3770937937114342,100000000.0,0.10000000149011612,0.0,0.0,0.0,,-0.4545454545454545,0.0,4,0.0,0.05329325795173645,0.0,0.0,72.41089176386595,,273878.39474700566,1.656176223583627,1.656176223583627,1167.461658875039,3276800.0,32768000.0,38,-0.023976087026871668,1167.461658875039,1.0,8858.51713910662,31457280.0,1310720.0,False,0.1239786361294424,1.1418854376055485,0.3128538601720897,0.28043510897153623,5,4.5,6.0,0.032786267549054546,2,4,704.4306158963087,-0.060452020999831116,0.3966134900095176,,,,,,0.0,2,0.001328404723705412,0.0,0.0,0.0,0.0,0.0,0.0,0.0,0.0,0.0,0.0,0.0,0.0,0.0,0.10000000149011612,0.0,0.0,0.0,0.0,0.0,0.0,0.0,0.001418307650067918,0.0,0.609243243932724,0.05404416099190712,0.2827648937702179,-0.0017672478337772191,True,0.019631983898580074,0.1332736685872078,0.22811651229858398,1.6043599665164947,0.8799941420555115,1,3.470249581336975,0.4999998420476913,0.49999988079071045,3.470249581336975,4.137693881988525,False,2.1546576023101807,-4.221169948577881,0.01306719356140108,-0.012930509401485324,2,1,10,4.187363754026592,0.37575757575757573,0.002531178228001108,0.071750295253552,222,0.0012385019188513979,0.0,2.2337485790252685,0.14302636981010436,0.9672619462013244,0.9176923036575317,1.943079948425293,-0.024093776786079248,0.03737790557758643,-0.006201832666397067,-5.676851272583008,2.3438875675201416,-3.609013080596924,2.3482515811920166,0.0015235447933480417,-5.910592079162598,4.046318054199219,-3.846292495727539,4.043929100036621,-0.003227125030701661,-5.892823219299316,3.5285606384277344,-3.8251256942749023,3.5324299335479736,0.0,-2.0665123462677,48,38,0.4197277188301086,2.9110153675079347,2.783220648765564,0.9999999999999999,-1.656176223583627,delay_only,0.38181818181818183,0.0024647565681137256,0.07207083399837827,226,3145728.0,31457280.0,0.9177026152610779,0.0,2,,0,1656.176223583627,0.1015625,3.7861239910125732,1587.3971815929888,1195.452821208763,3276800.0,32768000.0,10,2
79691776.0,9175040.0,5272.188135413681,1,1,0.6471099331974983,0.37947047343992296,9654.660643901732,4797.863046351848,0.4,5991.001998458551,5272.188135413681,1.0,2,1.0,0.0,0.0,0.0,0.0,1.2945341657875988,0.4,0.6222079335361442,100000000.0,0.10000000149011612,0.0,0.0,0.0,,0.07503664793768669,0.0,4,0.2,0.049658287316560745,1.0,0.0,71.78749982267618,,273878.39474700566,5.99100199845855,5.99100199845855,4797.863046351849,8886681.6,88866816.0,38,-0.0988617400037076,4797.863046351848,1.0,8858.51713910662,79691776.0,9175040.0,False,0.13452075995485743,1.2389819862811404,0.3307501740164396,0.4230157317770985,6,3.4,5.6,0.01,2,4,1938.1606368544572,-0.16586519194673766,0.5960366900576338,,,,,,0.0,2,0.001328404723705412,0.0,0.0,0.0,0.0,0.0,0.0,0.0,0.0,0.0,0.0,0.0,0.0,0.0,0.10000000149011612,0.0,0.0,0.0,0.0,0.0,0.0,0.0,0.001418307650067918,0.0,0.609243243932724,0.05404416099190712,0.2827648937702179,-0.0017672478337772191,True,0.019631983898580074,0.1332736685872078,0.22811651229858398,1.6043599665164947,0.8799941420555115,1,3.470249581336975,0.4999998420476913,0.49999988079071045,3.470249581336975,4.137693881988525,False,2.1546576023101807,-4.221169948577881,0.01306719356140108,-0.012930509401485324,2,1,10,4.187363754026592,0.37575757575757573,0.002531178228001108,0.071750295253552,222,0.0012385019188513979,0.0,2.2337485790252685,0.14302636981010436,0.9672619462013244,0.9176923036575317,1.943079948425293,-0.024093776786079248,0.03737790557758643,-0.006201832666397067,-5.676851272583008,2.3438875675201416,-3.609013080596924,2.3482515811920166,0.0015235447933480417,-5.910592079162598,4.046318054199219,-3.846292495727539,4.043929100036621,-0.003227125030701661,-5.892823219299316,3.5285606384277344,-3.8251256942749023,3.5324299335479736,0.0,-2.0665123462677,48,38,0.4197277188301086,2.9110153675079347,2.783220648765564,0.9692233691951198,-5.99100199845855,delay_only,0.38181818181818183,0.002458629680784468,0.07205686449582639,228,7969177.6,79691776.0,0.9178767800331116,0.0,3,,0,5991.001998458551,0.1125,3.8733538031578063,5932.067447260515,5272.188135413681,8886681.6,88866816.0,10,2
27262976.0,7208960.0,1545.045218802305,0,1,0.6742612458765507,0.27585020999510695,2871.558919501532,1410.9928579763714,0.0,2079.438788543712,1545.0452188023048,1.0,2,1.0,0.0,0.0,0.0,0.0,0.7302418384420054,0.0,0.3959382927271429,100000000.0,0.10000000149011612,0.0,0.0,0.0,,-0.22424242424242422,0.0,4,0.4,0.057350050657987595,2.0,0.0,85.501863155514,,277969.1852007621,2.079438788543712,2.079438788543712,1410.9928579763714,3447193.6,34471936.0,39,-0.0950056976320845,1410.9928579763712,1.0,4090.79045375646,27262976.0,7208960.0,False,0.14310120748703165,1.318010828596348,0.2686254539854033,0.22799402791166706,7,4.7,5.7,0.029053629053903487,2,4,876.8887859154305,-0.25098546863473203,0.37853067011759806,,,,,,0.0,2,,,,,,,,,,,,,,,,,,,,,,,,,,,,,,,,,,,,,,,,,,,,,,,,,,,,,,,,,,,,,,,,,,,,,,,,,,,,,,,,,,,,,0.9999999999999999,-2.079438788543712,delay_only,0.38181818181818183,0.0024647815097731444,0.07204491536447334,230,2726297.6,27262976.0,0.917902946472168,0.0,1,,0,2079.438788543712,0.078125,3.876932591199875,2029.8655849949228,1545.045218802305,3447193.6,34471936.0,10,2
41943040.0,9175040.0,2507.4872166356954,0,0,0.6549269892275333,0.4011599699580549,5579.528644294166,2761.5075363240508,0.0,3341.2451009690117,2507.4872166356954,1.0,2,1.0,0.0,0.0,0.0,0.0,1.4298686578010817,0.0,0.47610644354917103,100000000.0,0.10000000149011612,0.0,0.0,0.0,,-0.8060606060606059,0.0,4,0.2,0.05649389699101448,1.0,0.0,70.15149481594563,,277969.1852007621,3.341245100969012,3.341245100969012,2761.5075363240508,5111808.0,51118080.0,39,0.09198610409243775,2761.5075363240508,1.0,4090.79045375646,41943040.0,9175040.0,False,0.13253632823276773,1.2207046946757476,0.3424548918618926,0.527786870112028,6,4.0,5.6,0.030453052141254947,2,4,1279.6605345902267,0.17142142163876628,0.5366079875727472,,,,,,0.0,2,,,,,,,,,,,,,,,,,,,,,,,,,,,,,,,,,,,,,,,,,,,,,,,,,,,,,,,,,,,,,,,,,,,,,,,,,,,,,,,,,,,,,0.9999999999999999,-3.341245100969012,delay_only,0.38181818181818183,0.002466663031571933,0.07201571101743433,232,4194304.0,41943040.0,0.9178081154823303,0.0,2,,0,3341.245100969012,0.0921875,3.8868973731994627,3284.731529322947,2507.487216635696,5111808.0,51118080.0,10,2
20971520.0,1310720.0,3664.740013926206,3,0,0.6651771254837513,0.4380052990438582,7279.055206030682,3610.6133677158878,0.0,4090.79045375646,3664.740013926206,1.0,2,1.0,0.0,0.0,0.0,0.0,2.5175009124272663,0.1,0.7843120965139767,100000000.0,0.10000000149011612,0.0,0.0,0.0,,-0.9999999999999999,0.0,4,0.2,0.05521046742796898,1.0,0.0,71.57519552856684,,277969.1852007621,4.09079045375646,4.09079045375646,3610.6133677158873,2228224.0,22282240.0,39,-0.01499098371880215,3610.6133677158873,1.0,4090.79045375646,20971520.0,1310720.0,False,0.13782762302280532,1.269439320700458,0.34439898674721625,0.8548893581526551,6,5.0,6.0,0.0100476969125251,2,4,849.9946968519338,-0.019606708735828034,0.7645844042865079,,,,,,0.0,2,,,,,,,,,,,,,,,,,,,,,,,,,,,,,,,,,,,,,,,,,,,,,,,,,,,,,,,,,,,,,,,,,,,,,,,,,,,,,,,,,,,,,0.9999999999999999,-4.09079045375646,delay_only,0.38181818181818183,0.0024631367613498875,0.07198917389799182,234,2097152.0,20971520.0,0.9177382588386536,0.0,3,,0,4090.79045375646,0.078125,3.9424047470092773,4032.9619831575537,3664.7400139262063,2228224.0,22282240.0,10,2
41943040.0,13107200.0,2784.671285353282,4,0,0.674777664244175,0.38517975026597306,6375.57380431399,3152.838314506562,0.0,3919.831878566047,2784.671285353282,1.0,2,1.0,0.0,0.0,0.0,0.0,1.210793929502447,0.0,0.4651609532156227,100000000.0,0.10000000149011612,0.0,0.0,0.0,,-0.6727272727272726,0.0,4,0.2,0.049658287316560745,1.0,0.0,69.89717530086637,,288355.41875753656,3.9198318785660473,3.9198318785660473,3152.838314506562,5505024.0,55050240.0,40,0.1167732031989404,3152.838314506562,1.0,10386.23355677446,41943040.0,13107200.0,False,0.15159790144219573,1.3962682719599218,0.3512033092017489,0.4522815446112265,6,4.0,5.4,0.03884487436563069,2,4,1567.125593402525,0.2321776348599555,0.5029476817152326,,,,,,0.0,2,,,,,,,,,,,,,,,,,,,,,,,,,,,,,,,,,,,,,,,,,,,,,,,,,,,,,,,,,,,,,,,,,,,,,,,,,,,,,,,,,,,,,0.9999999999999999,-3.9198318785660473,delay_only,0.38181818181818183,0.0024764045684257897,0.07195831890350984,236,4194304.0,41943040.0,0.9178941249847412,0.0,1,0.0734375,0,3919.831878566047,0.0671875,3.9641215324401857,3866.373347644558,2784.671285353282,5505024.0,55050240.0,10,2
94371840.0,42598400.0,8046.320995190758,0,0,0.6604241207242012,0.35621886967923355,16133.174875131053,8035.8908469016615,0.5,10386.23355677446,8046.320995190758,1.0,2,1.0,0.0,0.0,0.0,0.0,1.1301713641707016,0.5,0.5806784602369456,100000000.0,0.10000000149011612,0.0,0.0,0.0,,-0.342649337432675,0.0,4,0.0,0.060270410031080246,0.0,0.0,61.39318132773042,,288355.41875753656,10.38623355677446,10.38623355677446,8035.8908469016615,13697024.0,136970240.0,40,-0.0012979454907749931,8035.8908469016615,1.0,10386.23355677446,94371840.0,42598400.0,False,0.12352275825647588,1.1376866472274743,0.31075446516004035,0.3510733088120794,5,3.0,4.5,0.01,2,4,3460.5215880253595,-0.002279629839462983,0.5693667753887415,,,,,,0.0,2,,,,,,,,,,,,,,,,,,,,,,,,,,,,,,,,,,,,,,,,,,,,,,,,,,,,,,,,,,,,,,,,,,,,,,,,,,,,,,,,,,,,,0.937436866561092,-10.38623355677446,delay_only,0.38181818181818183,0.0024610533042884776,0.07194336498551317,238,9437184.0,94371840.0,0.9177147150039673,0.0,2,0.0734375,0,10386.23355677446,0.0890625,3.8538628220558167,10324.840375446729,8046.320995190758,13697024.0,136970240.0,10,2
20971520.0,1310720.0,1086.094065147214,4,1,0.6677620112895966,0.4076125187373966,2548.9343570460264,1245.5184288746061,0.0,1509.9568036742091,1086.0940651472138,1.0,2,1.0,0.0,0.0,0.0,0.0,1.6784761212148027,0.0,0.5376112623882909,100000000.0,0.10000000149011612,0.0,0.0,0.0,,-0.9999999999999999,0.0,4,0.2,0.05525727942585945,1.0,0.0,68.35731118917465,,288355.41875753656,1.509956803674209,1.509956803674209,1245.5184288746061,2228224.0,22282240.0,40,0.12799839812200997,1245.5184288746061,1.0,10386.23355677446,20971520.0,1310720.0,False,0.1269659734321819,1.1693998309696805,0.2837635651418593,0.6030372563506394,6,5.0,6.0,0.03369553807299136,2,4,519.880972408942,0.2197025006177253,0.5825987312940181,,,,,,0.0,2,,,,,,,,,,,,,,,,,,,,,,,,,,,,,,,,,,,,,,,,,,,,,,,,,,,,,,,,,,,,,,,,,,,,,,,,,,,,,,,,,,,,,0.9999999999999999,-1.509956803674209,delay_only,0.38181818181818183,0.002462921231338166,0.07191213892284336,240,2097152.0,20971520.0,0.9177902936935425,0.0,3,0.0734375,0,1509.9568036742091,0.0984375,3.802624261379242,1452.059304377395,1086.0940651472138,2228224.0,22282240.0,10,2
35651584.0,15073280.0,1997.0387640422496,1,1,0.736455898731947,0.30481591134782443,3606.1833734279917,1757.2572396896057,0.0,2506.9613019691665,1997.0387640422498,1.0,2,1.0,0.0,0.0,0.0,0.0,0.6794118549893787,0.0,0.3462281159972689,100000000.0,0.10000000149011612,0.0,0.0,0.0,,-0.2727272727272727,0.0,4,0.4,0.055866751819849014,2.0,0.0,91.6688940487802,,295742.5493587603,2.5069613019691666,2.5069613019691666,1757.2572396896057,5072486.4,50724864.0,41,-0.13645214766336541,1757.2572396896055,1.0,7387.130601223745,35651584.0,15073280.0,False,0.1538846477886343,1.417329984154994,0.27761377295911105,0.26704609791817624,7,4.3,5.3,0.022657795361728832,2,4,1079.1621365220633,-0.3536104644209462,0.3858826629659059,,,,,,0.0,2,,,,,,,,,,,,,,,,,,,,,,,,,,,,,,,,,,,,,,,,,,,,,,,,,,,,,,,,,,,,,,,,,,,,,,,,,,,,,,,,,,,,,0.9999999999999999,-2.5069613019691666,delay_only,0.38181818181818183,0.0024862713826116316,0.07194621095621838,242,3565158.4,35651584.0,0.917945146560669,0.0,1,,0,2506.9613019691665,0.084375,3.8953455209732057,2449.5237204933414,1997.03876404225,5072486.4,50724864.0,10,2
52428800.0,1310720.0,3199.7551956136635,2,1,0.6625037640333176,0.3936383827363228,6105.799411298195,3019.654055529018,0.0,3702.3224057223815,3199.7551956136635,1.0,2,1.0,0.0,0.0,0.0,0.0,1.3492621048959275,0.0,0.5610439183181168,100000000.0,0.10000000149011612,0.0,0.0,0.0,,-0.0303030303030303,0.0,4,0.0,0.04946101829409599,0.0,0.0,67.69503699615598,,295742.5493587603,3.702322405722382,3.702322405722382,3019.6540555290176,5373952.0,53739520.0,41,-0.05964297127178497,3019.6540555290176,1.0,7387.130601223745,52428800.0,1310720.0,False,0.1202125301853998,1.1071983199839934,0.2955103015131907,0.4900627272239922,5,4.0,6.0,0.013590795124223863,2,4,1363.6577805939594,-0.1087569717460319,0.5484059579284958,,,,,,0.0,2,,,,,,,,,,,,,,,,,,,,,,,,,,,,,,,,,,,,,,,,,,,,,,,,,,,,,,,,,,,,,,,,,,,,,,,,,,,,,,,,,,,,,0.9999999999999999,-3.702322405722382,delay_only,0.38181818181818183,0.0024487680523685123,0.07195409746206663,244,5242880.0,52428800.0,0.9177652597427368,0.0,2,,0,3702.322405722382,0.065625,4.1283881068229675,3635.8311054822225,3199.7551956136635,5373952.0,53739520.0,10,2
50331648.0,9437184.0,6561.851127431231,9,0,0.6647910922765732,0.4295478574882423,12949.606199562108,6451.726060267317,0.7,7387.130601223745,6561.851127431231,1.0,2,1.0,0.0,0.0,0.0,0.0,2.155441074476773,0.7,0.7728793229704841,100000000.0,0.10000000149011612,0.0,0.0,0.0,,-0.9284518434788037,0.0,4,0.6,0.057171743363142014,3.0,0.0,95.11304972693324,,295742.5493587603,7.3871306012237445,7.3871306012237445,6451.726060267317,5976883.2,59768832.0,41,-0.017069086029878895,6451.726060267317,1.0,7387.130601223745,50331648.0,9437184.0,False,0.17693526205145862,1.6296339872987349,0.25785030520694785,0.7255240605973146,8,4.4,5.6,0.01000000000000001,2,4,1501.0471877713564,-0.022244437581222718,0.7673417665676334,,,,,,0.0,2,,,,,,,,,,,,,,,,,,,,,,,,,,,,,,,,,,,,,,,,,,,,,,,,,,,,,,,,,,,,,,,,,,,,,,,,,,,,,,,,,,,,,0.9660917830792959,-7.3871306012237445,delay_only,0.3939393939393939,0.0023734213430648657,0.07191346567484007,246,5033164.8,50331648.0,0.917111337184906,0.0,3,,0,7387.130601223745,0.0828125,3.946356463432312,7340.976522196271,6561.851127431232,5976883.2,59768832.0,10,2
41943040.0,20971520.0,2071.826479089799,0,1,0.8921930566430092,0.3006962123509116,4540.198092678475,2225.3836518404573,0.0,3174.977722887225,2071.826479089799,1.0,2,0.9999999999999998,0.0,0.0,0.0,0.0,0.5619509871152653,0.0,0.25076893170227094,100000000.0,0.10000000149011612,0.0,2.220446049250313e-16,0.0,,-0.9999999999999999,0.0,4,0.4,0.05961396172642708,2.0,0.0,89.43078899756074,,304135.781484405,3.174977722887225,3.174977722887225,2225.3836518404573,6291456.0,62914560.0,42,0.06900256170375951,2225.3836518404573,1.0,8393.232125644674,41943040.0,20971520.0,False,0.15806827672451584,1.4558626306445115,0.3176546987092504,0.2587164202753253,7,4.0,5.0,0.048928829949369895,2,4,1463.185482967544,0.20146620527536646,0.3425019179243783,,,,,,0.0,2,,,,,,,,,,,,,,,,,,,,,,,,,,,,,,,,,,,,,,,,,,,,,,,,,,,,,,,,,,,,,,,,,,,,,,,,,,,,,,,,,,,,,0.9999999999999999,-3.174977722887225,delay_only,0.3939393939393939,0.0023646597239180786,0.07191986943133322,248,4194304.0,41943040.0,0.917891263961792,0.0,1,,0,3174.977722887225,0.078125,3.8447506189346314,3122.81854807613,2071.826479089799,6291456.0,62914560.0,10,2
134217728.0,29360128.0,5972.215401641786,6,1,0.8708848617970943,0.23463662574908417,10966.336263293737,5446.79625772236,0.0,8393.232125644674,5972.215401641786,1.0,2,1.0,0.0,0.0,0.0,0.0,0.460018419506601,0.0,0.25829019328559233,100000000.0,0.10000000149011612,0.0,0.0,0.0,,-0.6484848484848483,0.0,4,0.2,0.05833510309457779,1.0,0.0,72.74374784901738,,304135.781484405,8.393232125644674,8.393232125644674,5446.79625772236,16357785.6,163577856.0,42,-0.09646388795514375,5446.79625772236,1.0,8393.232125644674,134217728.0,29360128.0,False,0.1273937819490524,1.173340093024088,0.319145148589172,0.18954000742374008,6,1.8,4.6,0.039561538264402854,2,4,3946.7095161609827,-0.35025917459449,0.2754071697531524,,,,,,0.0,2,,,,,,,,,,,,,,,,,,,,,,,,,,,,,,,,,,,,,,,,,,,,,,,,,,,,,,,,,,,,,,,,,,,,,,,,,,,,,,,,,,,,,0.9999999999999999,-8.393232125644674,delay_only,0.3939393939393939,0.0023762132380364567,0.07190341416847967,250,13421772.8,134217728.0,0.9179189205169678,0.0,2,,0,8393.232125644674,0.090625,3.859795367717743,8334.915682994862,5972.215401641787,16357785.6,163577856.0,10,2
29360128.0,9175040.0,1968.1621201953074,1,1,0.870854128152132,0.379847416120299,3970.7053286460923,1957.2176393805885,0.0,2462.4431693847714,1968.1621201953071,1.0,2,1.0000000000000002,0.0,0.0,0.0,0.0,1.1827481286597974,0.0,0.5081270396940734,100000000.0,0.10000000149011612,0.0,-2.220446049250313e-16,2.220446049250313e-16,,-0.34545454545454546,0.0,4,0.2,0.05138752982020378,1.0,0.0,69.78464918211102,,304135.781484405,2.4624431693847715,2.4624431693847715,1957.2176393805883,3853516.8,38535168.0,42,-0.00559185682496857,1957.2176393805883,1.0,8393.232125644674,29360128.0,9175040.0,False,0.13199969752234322,1.2157621431786825,0.3199210087732648,0.43594915889224517,6,4.6,5.6,0.021568162279499023,2,4,946.8825305667922,-0.01083252548510246,0.5162098933123976,,,,,,2.220446049250313e-16,2,,,,,,,,,,,,,,,,,,,,,,,,,,,,,,,,,,,,,,,,,,,,,,,,,,,,,,,,,,,,,,,,,,,,,,,,,,,,,,,,,,,,,0.9999999999999999,-2.4624431693847715,delay_only,0.3939393939393939,0.0023714668026335937,0.07187721825224695,252,2936012.8,29360128.0,0.9179134964942932,0.0,3,,0,2462.4431693847714,0.109375,3.8343071937561035,2406.173119499856,1968.1621201953074,3853516.8,38535168.0,10,2
33554432.0,1310720.0,1382.7499462773994,0,0,0.668765977025032,0.28710875383437556,2571.71885158996,1251.5542125428976,0.0,1833.3558568975952,1382.7499462773992,1.0,2,0.9999999999999998,0.0,0.0,0.0,0.0,0.6282038623925763,0.0,0.3406406484554696,100000000.0,0.10000000149011612,0.0,2.220446049250313e-16,0.0,,-0.4666666666666666,0.0,4,0.2,0.06488221883773804,1.0,0.0,68.61042650416493,,309932.14746653766,1.8333558568975952,1.8333558568975952,1251.5542125428976,3486515.2,34865152.0,43,-0.10482624917057277,1251.5542125428976,1.0,5796.3659821327,33554432.0,1310720.0,False,0.1471342322949246,1.355156359805666,0.34247690016739296,0.24387677906589084,6,4.4,6.0,0.02846977003794779,2,4,802.2913869362438,-0.2920244593069637,0.35896393548454064,,,,,,0.0,2,,,,,,,,,,,,,,,,,,,,,,,,,,,,,,,,,,,,,,,,,,,,,,,,,,,,,,,,,,,,,,,,,,,,,,,,,,,,,,,,,,,,,0.9999999999999999,-1.8333558568975952,delay_only,0.3939393939393939,0.002371451133297359,0.07185251252568502,254,3355443.2,33554432.0,0.9179208874702454,0.0,1,,0,1833.3558568975952,0.103125,3.8424856305122375,1776.4156761824217,1382.7499462773992,3486515.2,34865152.0,10,2
62914560.0,31457280.0,4499.198659858082,0,1,0.8611083030700684,0.3697226672037394,9196.532511199155,4565.002599987333,0.0,5796.3659821327,4499.198659858082,1.0,2,1.0,0.0,0.0,0.0,0.0,1.0860366958684278,0.0,0.496119680549514,100000000.0,0.10000000149011612,0.0,0.0,0.0,,-0.5757575757575757,0.0,4,0.0,0.05138752982020378,0.0,0.0,66.5273112244904,,309932.14746653766,5.7963659821327,5.7963659821327,4565.002599987332,9437184.0,94371840.0,43,0.014414874622291195,4565.002599987332,1.0,5796.3659821327,62914560.0,31457280.0,False,0.13106333254349278,1.2071379030110716,0.3454800929784597,0.39190086175631605,5,3.5,4.5,0.027428302275615483,2,4,2303.7687121973786,0.029100899506492476,0.4953412047993639,,,,,,0.0,2,,,,,,,,,,,,,,,,,,,,,,,,,,,,,,,,,,,,,,,,,,,,,,,,,,,,,,,,,,,,,,,,,,,,,,,,,,,,,,,,,,,,,0.9999999999999999,-5.7963659821327,delay_only,0.3939393939393939,0.00235927947796881,0.07184977925885401,256,6291456.0,62914560.0,0.9177654385566711,0.0,2,,0,5796.3659821327,0.09375,3.7519945800304413,5733.252468264397,4499.198659858082,9437184.0,94371840.0,10,2
33554432.0,1310720.0,1480.6084434810377,0,1,0.6590862758457661,0.36165463843107665,3112.185953040316,1517.563822141237,0.0,1986.6494674632447,1480.608443481038,1.0,2,1.0,0.0,0.0,0.0,0.0,1.0046735479743885,0.0,0.4302514047634848,100000000.0,0.10000000149011612,0.0,0.0,0.0,,-0.24848484848484845,0.0,4,0.2,0.056768327951431274,1.0,0.0,77.05830875784159,,309932.14746653766,1.9866494674632447,1.9866494674632447,1517.563822141237,3486515.2,34865152.0,43,0.024351778897876018,1517.5638221412369,1.0,5796.3659821327,33554432.0,1310720.0,False,0.14319124094525165,1.3188400673914205,0.3583281624236511,0.3871066327775962,6,4.4,6.0,0.030189904269765738,2,4,814.7276829203099,0.05258036204735145,0.4631344849992841,,,,,,0.0,2,,,,,,,,,,,,,,,,,,,,,,,,,,,,,,,,,,,,,,,,,,,,,,,,,,,,,,,,,,,,,,,,,,,,,,,,,,,,,,,,,,,,,0.9999999999999999,-1.9866494674632447,delay_only,0.3939393939393939,0.0023557926390149913,0.07186248992013898,258,3355443.2,33554432.0,0.9179341197013855,0.0,3,,0,1986.6494674632447,0.109375,3.759185814857483,1927.6027151780322,1480.6084434810377,3486515.2,34865152.0,10,2
71303168.0,20971520.0,3656.6597075080876,0,1,0.6614211015403271,0.31889003046458747,7660.469220485384,3785.196800716144,0.0,5217.621957391765,3656.6597075080876,1.0,2,1.0,0.0,0.0,0.0,0.0,0.701736624247122,0.0,0.3381919366736283,100000000.0,0.10000000149011612,0.0,0.0,0.0,,-0.5393939393939393,0.0,4,0.4,0.05955927073955536,2.0,0.0,90.07561905309558,,315149.76942392945,5.217621957391765,5.217621957391765,3785.1968007161436,9227468.8,92274688.0,44,0.03395783626989693,3785.196800716144,1.0,5217.621957391765,71303168.0,20971520.0,False,0.1538846477886343,1.417329984154994,0.27761377295911105,0.28198294815374375,7,3.3,5.0,0.041277467873683464,2,4,2335.5226201044525,0.08866619474026924,0.38298515425602686,,,,,,0.0,2,,,,,,,,,,,,,,,,,,,,,,,,,,,,,,,,,,,,,,,,,,,,,,,,,,,,,,,,,,,,,,,,,,,,,,,,,,,,,,,,,,,,,0.9999999999999999,-5.217621957391765,delay_only,0.3939393939393939,0.0023582621087066165,0.0718674361426787,260,7130316.8,71303168.0,0.9178584814071655,0.0,1,,0,5217.621957391765,0.103125,3.7463245511054994,5166.036243524666,3656.659707508087,9227468.8,92274688.0,10,2
35651584.0,15073280.0,2179.761251061439,1,1,0.6568171083927155,0.2691341709982372,3625.9497113792886,1769.2885174549515,0.0,2650.082741725926,2179.761251061439,1.0,2,1.0,0.0,0.0,0.0,0.0,0.6587054851482957,0.0,0.36996079026602086,100000000.0,0.10000000149011612,0.0,0.0,0.0,,-0.4666666666666666,0.0,4,0.4,0.05242423340678215,2.0,0.0,87.37267646938562,,315149.76942392945,2.6500827417259267,2.6500827417259267,1769.2885174549515,5072486.4,50724864.0,44,-0.2319987551815097,1769.2885174549513,1.0,5217.621957391765,35651584.0,15073280.0,False,0.1368212361959522,1.2601701554792677,0.28133406749211953,0.22299476518595848,7,4.3,5.3,0.019263005724750187,2,4,1138.452615380246,-0.6506806798036018,0.35654778508489765,,,,,,0.0,2,,,,,,,,,,,,,,,,,,,,,,,,,,,,,,,,,,,,,,,,,,,,,,,,,,,,,,,,,,,,,,,,,,,,,,,,,,,,,,,,,,,,,0.9999999999999999,-2.6500827417259267,delay_only,0.3939393939393939,0.002353917999780742,0.07185811346304076,262,3565158.4,35651584.0,0.9179079532623291,0.0,2,,0,2650.0827417259266,0.1109375,3.8108147263526915,2599.6487856392905,2179.7612510614395,5072486.4,50724864.0,10,2
46137344.0,17563648.0,3426.337610192972,0,1,0.6449860520660877,0.3739625671272487,6271.138047435597,3107.363610812135,0.0,3925.9671644072196,3426.3376101929716,1.0,2,1.0,0.0,0.0,0.0,0.0,1.2409519395385982,0.0,0.6011776823207443,100000000.0,0.10000000149011612,0.0,0.0,0.0,,-0.006060606060606061,0.0,4,0.2,0.05575710907578468,1.0,0.0,73.03700223565102,,315149.76942392945,3.9259671644072194,3.9259671644072194,3107.3636108121354,6370099.2,63700992.0,44,-0.10265100558909838,3107.3636108121345,1.0,5217.621957391765,46137344.0,17563648.0,False,0.1288104468013847,1.186388058507084,0.3040445126978231,0.40768738634485246,6,4.2,5.2,0.012450394576107464,2,4,1345.0470160760442,-0.1809969901739501,0.5671420584974588,,,,,,0.0,2,,,,,,,,,,,,,,,,,,,,,,,,,,,,,,,,,,,,,,,,,,,,,,,,,,,,,,,,,,,,,,,,,,,,,,,,,,,,,,,,,,,,,0.9999999999999999,-3.9259671644072194,delay_only,0.3939393939393939,0.0023487183111607426,0.07185211871230512,264,4613734.4,46137344.0,0.9180085062980652,0.0,3,,0,3925.9671644072196,0.125,3.741474676132202,3869.556338595893,3426.3376101929716,6370099.2,63700992.0,10,2
79691776.0,1310720.0,5892.637703294677,3,0,0.6748540326952934,0.42419184786006703,13945.183450535826,6945.939694388281,0.6,8029.750313905408,5892.637703294677,1.0,2,1.0,0.0,0.0,0.0,0.0,1.9480652578455229,0.6,0.7238945103081359,100000000.0,0.10000000149011612,0.0,0.0,0.0,,-0.756414575087226,0.0,4,0.2,0.048964519053697586,1.0,0.0,68.25219513848424,,323179.51973783487,8.029750313905408,8.029750313905408,6945.939694388282,8100249.6,81002496.0,45,0.1516428355899175,6945.93969438828,1.0,8029.750313905408,79691776.0,1310720.0,False,0.14362370222490514,1.3228231829747295,0.31780910797224093,0.6740315859319707,6,3.4,6.0,0.010000000000000007,2,4,2089.686396213478,0.21689601559487887,0.6991499367750394,,,,,,0.0,2,,,,,,,,,,,,,,,,,,,,,,,,,,,,,,,,,,,,,,,,,,,,,,,,,,,,,,,,,,,,,,,,,,,,,,,,,,,,,,,,,,,,,0.937436866561092,-8.029750313905408,delay_only,0.3939393939393939,0.00235265816125251,0.07183324061289219,266,7969177.6,79691776.0,0.9179064035415649,0.0,1,,0,8029.750313905408,0.1046875,3.719274032115936,7976.446252146145,5892.6377032946775,8100249.6,81002496.0,10,2
33554432.0,1310720.0,1793.7471043408032,8,1,0.6607789546251297,0.37129087208929984,3598.5568195754995,1764.988223425409,0.0,2262.445519772415,1793.7471043408032,1.0,2,1.0,0.0,0.0,0.0,0.0,1.1100416042698362,0.0,0.4940890537686059,100000000.0,0.10000000149011612,0.0,0.0,0.0,,-0.7333333333333332,0.0,4,0.2,0.0488995686173439,1.0,0.0,68.58037272468209,,323179.51973783487,2.262445519772415,2.262445519772415,1764.9882234254087,3486515.2,34865152.0,45,-0.01629409224021934,1764.9882234254087,1.0,8029.750313905408,33554432.0,1310720.0,False,0.1176097846562357,1.0832261477587528,0.27615336232588017,0.4115372327609041,6,4.4,6.0,0.023102737018223293,2,4,889.3180462909021,-0.032842138131851654,0.49613372231744746,,,,,,0.0,2,,,,,,,,,,,,,,,,,,,,,,,,,,,,,,,,,,,,,,,,,,,,,,,,,,,,,,,,,,,,,,,,,,,,,,,,,,,,,,,,,,,,,0.9999999999999999,-2.262445519772415,delay_only,0.3939393939393939,0.002359179350829343,0.07180269852907521,268,3355443.2,33554432.0,0.9179933071136475,0.0,2,,0,2262.445519772415,0.1015625,3.8180984973907472,2208.151780628655,1793.7471043408032,3486515.2,34865152.0,10,2
117440512.0,13107200.0,3946.8996534015328,2,1,0.6590592674911022,0.22377800564471959,7656.216596782188,3799.1154408398916,0.0,5942.923715970268,3946.899653401533,1.0,2,1.0000000000000002,0.0,0.0,0.0,0.0,0.3837850551086733,0.0,0.21138567921720183,100000000.0,0.10000000149011612,0.0,-2.220446049250313e-16,2.220446049250313e-16,,-0.22424242424242422,0.0,4,0.2,0.06177275627851486,1.0,0.0,67.62639945372939,,323179.51973783487,5.942923715970268,5.942923715970268,3799.115440839892,13054771.2,130547712.0,45,-0.038899637261080394,3799.115440839891,1.0,8029.750313905408,117440512.0,13107200.0,False,0.12750092196202573,1.1743268890110303,0.30514120529900024,0.18213991514162858,6,2.6,5.4,0.04885854296936748,2,4,2834.5489642254524,-0.15321309224881383,0.2538923840653804,,,,,,2.220446049250313e-16,2,,,,,,,,,,,,,,,,,,,,,,,,,,,,,,,,,,,,,,,,,,,,,,,,,,,,,,,,,,,,,,,,,,,,,,,,,,,,,,,,,,,,,0.9999999999999999,-5.942923715970268,delay_only,0.3939393939393939,0.002379640124604554,0.07177542758820056,270,11744051.2,117440512.0,0.918089747428894,0.0,3,,0,5942.923715970268,0.084375,3.7658737182617186,5884.938000867864,3946.8996534015328,13054771.2,130547712.0,10,2
52428800.0,11141120.0,5036.840798980167,7,1,0.6542359478771687,0.42366462109508213,9973.389888520698,4956.061636034106,0.5,5748.017440367053,5036.840798980167,1.0,2,1.0,0.0,0.0,0.0,0.0,1.9478402335819367,0.5,0.7030075558293375,100000000.0,0.10000000149011612,0.0,0.0,0.0,,-0.8862587350511957,0.0,4,0.0,0.051372673362493515,0.0,0.0,61.26661645248532,,329358.22799606976,5.748017440367053,5.748017440367053,4956.061636034106,6356992.0,63569920.0,46,-0.016299063425430107,4956.061636034106,1.0,6178.708258234889,52428800.0,11141120.0,False,0.14792188154900565,1.3624108775294856,0.36187274379198137,0.6782722008533272,5,4.0,5.5,0.010000000000000007,2,4,1632.6664916756167,-0.024306216816614355,0.6705717943850887,,,,,,0.0,2,,,,,,,,,,,,,,,,,,,,,,,,,,,,,,,,,,,,,,,,,,,,,,,,,,,,,,,,,,,,,,,,,,,,,,,,,,,,,,,,,,,,,0.9847319278346618,-5.748017440367053,delay_only,0.3939393939393939,0.0023871123705096167,0.07173823034466185,272,5242880.0,52428800.0,0.9177607893943787,0.0,1,,0,5748.017440367053,0.1078125,3.745604306459427,5686.750823914567,5036.840798980167,6356992.0,63569920.0,10,2
41943040.0,20971520.0,1732.816462705564,0,1,0.8666194044053555,0.20223430368837866,3703.6120113975385,1814.8653600394266,0.0,2954.614615140642,1732.8164627055637,1.0,2,1.0,0.0,0.0,0.0,0.0,0.349997893450832,0.0,0.18391393347886262,100000000.0,0.10000000149011612,0.0,0.0,0.0,,-0.9999999999999999,0.0,4,0.2,0.058114729821681976,1.0,0.0,73.88129131868482,,329358.22799606976,2.954614615140642,2.954614615140642,1814.8653600394268,6291456.0,62914560.0,46,0.045209357752070495,1814.8653600394266,1.0,6178.708258234889,41943040.0,20971520.0,False,0.13438587005673502,1.237739604406692,0.31603404875139096,0.17027112378899822,6,4.0,5.0,0.06624572687427453,2,4,1402.3923713147014,0.1989194433980747,0.22727470467327915,,,,,,0.0,2,,,,,,,,,,,,,,,,,,,,,,,,,,,,,,,,,,,,,,,,,,,,,,,,,,,,,,,,,,,,,,,,,,,,,,,,,,,,,,,,,,,,,0.9999999999999999,-2.954614615140642,delay_only,0.3939393939393939,0.0023881137959440414,0.07176413489971725,274,4194304.0,41943040.0,0.9180170297622681,0.0,2,,0,2954.614615140642,0.1140625,3.7167001485824587,2885.8981580270183,1732.8164627055637,6291456.0,62914560.0,10,2
50331648.0,1310720.0,5524.798485761912,2,0,0.8616307750344276,0.42836196698501694,10808.777410499804,5373.950502583783,0.5,6178.708258234889,5524.798485761912,1.0,2,1.0,0.0,0.0,0.0,0.0,2.1398574082025554,0.5,0.7700671829638908,100000000.0,0.10000000149011612,0.0,0.0,0.0,,-0.8963581269790831,0.0,4,0.6,0.060669343918561935,3.0,0.0,95.30206164345145,,329358.22799606976,6.17870825823489,6.17870825823489,5373.950502583783,5164236.8,51642368.0,46,-0.02807022191693102,5373.9505025837825,1.0,6178.708258234889,50331648.0,1310720.0,False,0.17082210078960897,1.5733296913283201,0.2542262225879164,0.7224203833420759,8,4.2,6.0,0.010000000000000016,2,4,1377.8090421964262,-0.0377484092276122,0.7436133731537016,,,,,,0.0,2,,,,,,,,,,,,,,,,,,,,,,,,,,,,,,,,,,,,,,,,,,,,,,,,,,,,,,,,,,,,,,,,,,,,,,,,,,,,,,,,,,,,,0.9939209163101398,-6.17870825823489,delay_only,0.4,0.002352503016964641,0.07159974206359337,276,5033164.8,50331648.0,0.9172765016555786,0.0,3,,0,6178.708258234889,0.09375,3.854040098190308,6117.831852902652,5524.798485761912,5164236.8,51642368.0,10,2
41943040.0,11141120.0,2991.801547172948,3,0,0.8865920826792717,0.4122742894443112,6559.713594744827,3243.93394782157,0.0,3855.312333513215,2991.8015471729486,1.0,2,1.0,0.0,0.0,0.0,0.0,1.6793715323900422,0.0,0.570406568521318,100000000.0,0.10000000149011612,0.0,0.0,0.0,,-0.6484848484848483,0.0,4,0.0,0.06112080439925194,0.0,0.0,73.20176251232624,,333213.540329583,3.855312333513215,3.855312333513215,3243.93394782157,5308416.0,53084160.0,47,0.07772427080950238,3243.9339478215697,1.0,3855.312333513215,41943040.0,11141120.0,False,0.14291539376607643,1.3162994209805672,0.33881701561843963,0.6012488267067576,5,4.0,5.5,0.026415823755914766,2,4,1338.8072993487149,0.13234416769653115,0.5872889766304344,,,,,,0.0,2,,,,,,,,,,,,,,,,,,,,,,,,,,,,,,,,,,,,,,,,,,,,,,,,,,,,,,,,,,,,,,,,,,,,,,,,,,,,,,,,,,,,,0.9999999999999999,-3.855312333513215,delay_only,0.4,0.002378253203604039,0.07164356059504999,278,4194304.0,41943040.0,0.9178160429000854,0.0,1,,0,3855.312333513215,0.1109375,3.710996687412262,3783.4666344115285,2991.801547172948,5308416.0,53084160.0,10,2
62914560.0,11141120.0,1923.863115085319,8,0,0.8612219244241714,0.21847517986479797,4033.9815831304886,1981.3234717831665,0.0,3152.6567311847725,1923.863115085319,1.0,2,1.0,0.0,0.0,0.0,0.0,0.3065977537176444,0.0,0.14817227661751164,100000000.0,0.10000000149011612,0.0,0.0,0.0,,-0.2727272727272727,0.0,4,0.0,0.06473495066165924,0.0,0.0,72.92114477604628,,333213.540329583,3.1526567311847726,3.1526567311847726,1981.3234717831663,7405568.0,74055680.0,47,0.029000997321317615,1981.3234717831663,1.0,3855.312333513215,62914560.0,11141120.0,False,0.12228637766154275,1.1262991611188338,0.3050607223628592,0.1801205416126752,5,3.5,5.5,0.06016327084081374,2,4,1508.7448410884338,0.12158898639444507,0.23851664678933912,,,,,,0.0,2,,,,,,,,,,,,,,,,,,,,,,,,,,,,,,,,,,,,,,,,,,,,,,,,,,,,,,,,,,,,,,,,,,,,,,,,,,,,,,,,,,,,,0.9999999999999999,-3.1526567311847726,delay_only,0.4,0.0024003174230151124,0.07168298483223978,280,6291456.0,62914560.0,0.917911171913147,0.0,2,,0,3152.6567311847725,0.0890625,3.8071808516979218,3081.322091620616,1923.863115085319,7405568.0,74055680.0,10,2
46137344.0,9175040.0,3087.388079397017,9,0,0.863230787217617,0.37065342648535027,5625.781342944916,2777.2260881489347,0.0,3540.5662115250275,3087.388079397017,1.0,2,1.0,0.0,0.0,0.0,0.0,1.1843167348556398,0.0,0.5741630406435735,100000000.0,0.10000000149011612,0.0,0.0,0.0,,-0.4424242424242424,0.0,4,0.2,0.058743249624967575,1.0,0.0,75.50812745466828,,333213.540329583,3.5405662115250274,3.5405662115250274,2777.2260881489347,5531238.4,55312384.0,47,-0.11168049751931108,2777.226088148934,1.0,3855.312333513215,46137344.0,9175040.0,False,0.1408468210027793,1.2972471617464012,0.3433174988829329,0.40132689535381844,6,4.2,5.6,0.012232670301269752,2,4,1254.3473447951378,-0.20366821232596719,0.5483452535075455,,,,,,0.0,2,,,,,,,,,,,,,,,,,,,,,,,,,,,,,,,,,,,,,,,,,,,,,,,,,,,,,,,,,,,,,,,,,,,,,,,,,,,,,,,,,,,,,0.9999999999999999,-3.5405662115250274,delay_only,0.4,0.00243248724104612,0.07173147874805906,282,4613734.4,46137344.0,0.9180320501327515,0.0,3,,0,3540.5662115250275,0.1046875,3.776848793029785,3469.23704487798,3087.3880793970175,5531238.4,55312384.0,10,2
94371840.0,1310720.0,5104.307216000894,1,1,0.6575519219040871,0.3844483429282675,9267.674984164003,4598.436829045148,0.4,5704.7326937043945,5104.307216000894,1.0,2,1.0,0.0,0.0,0.0,0.0,1.2807240642434172,0.4,0.5983629108597884,100000000.0,0.10000000149011612,0.0,0.0,0.0,,0.006253053994807224,0.0,4,0.0,0.060896072536706924,0.0,0.0,70.80132607370615,,345646.4431666857,5.704732693704394,5.704732693704394,4598.436829045148,9568256.0,95682560.0,48,-0.11000920655482592,4598.4368290451475,1.0,12432.902837102709,94371840.0,1310720.0,False,0.14682665849489268,1.35232350041787,0.35682905541276866,0.4440812247379403,5,3.5,6.0,0.01,2,4,1945.072604667279,-0.19065244880745963,0.5770143905464571,,,,,,0.0,2,,,,,,,,,,,,,,,,,,,,,,,,,,,,,,,,,,,,,,,,,,,,,,,,,,,,,,,,,,,,,,,,,,,,,,,,,,,,,,,,,,,,,0.9692233691951198,-5.704732693704394,delay_only,0.4,0.0024280535083281134,0.0717540170857516,284,9437184.0,94371840.0,0.9179366827011108,0.0,1,,0,5704.7326937043945,0.08125,3.787229061126709,5637.737373328385,5104.307216000894,9568256.0,95682560.0,10,2
94371840.0,42598400.0,6606.0626975506175,2,1,0.6616897881031036,0.40080451127083017,18157.071686452367,9044.457104341183,0.5,10879.6354430544,6606.0626975506175,1.0,2,1.0,0.0,0.0,0.0,0.0,1.4582944151547241,0.5,0.6299442905864634,100000000.0,0.10000000149011612,0.0,0.0,0.0,,-0.1313141338909517,0.0,4,0.0,0.06596912443637848,0.0,0.0,68.1574777700007,,345646.4431666857,10.879635443054399,10.879635443054399,9044.457104341183,13697024.0,136970240.0,48,0.2696009698161073,9044.457104341182,1.0,12432.902837102709,94371840.0,42598400.0,False,0.13035799010055207,1.2006414590327865,0.34223187096424756,0.5118477831389815,5,3.0,4.5,0.010000000000000005,2,4,3419.8599223227375,0.43352338449871386,0.6218833388373013,,,,,,0.0,2,,,,,,,,,,,,,,,,,,,,,,,,,,,,,,,,,,,,,,,,,,,,,,,,,,,,,,,,,,,,,,,,,,,,,,,,,,,,,,,,,,,,,0.9692233691951198,-10.879635443054399,delay_only,0.4,0.0024340208396787005,0.07178358833243902,286,9437184.0,94371840.0,0.9178782105445862,0.0,2,,0,10879.6354430544,0.1046875,3.785701721906662,10811.477965284399,6606.0626975506175,13697024.0,136970240.0,10,2
94371840.0,1310720.0,9271.072593698176,3,1,0.6501739844679832,0.4329971804091187,21927.409190087667,10928.886498258958,0.5,12432.902837102709,9271.072593698178,1.0,2,1.0,0.0,0.0,0.0,0.0,2.215530111909492,0.5,0.748826341535519,100000000.0,0.10000000149011612,0.0,0.0,0.0,,-0.49781130155313164,0.0,4,0.0,0.05676646903157234,0.0,0.0,69.6361935697496,,345646.4431666857,12.43290283710271,12.43290283710271,10928.88649825896,9568256.0,95682560.0,48,0.15169101672204954,10928.886498258958,1.0,12432.902837102709,94371840.0,1310720.0,False,0.12943135247070348,1.1921068110603996,0.3235504534563046,0.7619239944353317,5,3.0,6.0,0.01,2,4,2881.4746930749084,0.2060058494201622,0.7363432501990074,,,,,,0.0,2,,,,,,,,,,,,,,,,,,,,,,,,,,,,,,,,,,,,,,,,,,,,,,,,,,,,,,,,,,,,,,,,,,,,,,,,,,,,,,,,,,,,,0.937436866561092,-12.43290283710271,delay_only,0.4,0.002421389410032024,0.07179582404880253,288,9437184.0,94371840.0,0.9178189039230347,0.0,3,,0,12432.902837102709,0.109375,3.7365075945854187,12363.26664353296,9271.072593698178,9568256.0,95682560.0,10,2
150994944.0,5242880.0,4874.37779775135,0,1,0.6642220541834831,0.24343489825215422,9291.459952670682,4597.977778503472,0.0,7029.59434447833,4874.37779775135,1.0,2,1.0,0.0,0.0,0.0,0.0,0.4097079101022347,0.0,0.21777256222553978,100000000.0,0.10000000149011612,0.0,0.0,0.0,,-0.6363636363636362,0.0,4,0.6,0.0626676082611084,3.0,0.0,95.50439566373825,,352676.03751116403,7.02959434447833,7.02959434447833,4597.977778503472,15623782.4,156237824.0,49,-0.06011338735478601,4597.977778503472,1.0,7029.59434447833,150994944.0,5242880.0,False,0.1741350450685405,1.6038430357706708,0.24441129580147514,0.19682178950727022,8,2.2,5.8,0.043014282690911884,2,4,3333.989107924137,-0.21867286130119565,0.27490099593102696,,,,,,0.0,2,,,,,,,,,,,,,,,,,,,,,,,,,,,,,,,,,,,,,,,,,,,,,,,,,,,,,,,,,,,,,,,,,,,,,,,,,,,,,,,,,,,,,0.9999999999999999,-7.02959434447833,delay_only,0.4121212121212121,0.0023501720744428466,0.071949510062704,290,15099494.4,150994944.0,0.9173052906990051,0.0,1,,0,7029.59434447833,0.0984375,3.7074868083000183,6971.056443099162,4874.37779775135,15623782.4,156237824.0,10,2
52428800.0,1310720.0,3061.6687276315342,3,0,0.6497888825833797,0.3952832077762878,5842.8100943395,2888.06551274923,0.0,3533.2453778213076,3061.6687276315342,1.0,2,1.0,0.0,0.0,0.0,0.0,1.3853612209156434,0.0,0.5798522672236817,100000000.0,0.10000000149011612,0.0,0.0,0.0,,-0.2606060606060606,0.0,4,0.0,0.05676646903157234,0.0,0.0,70.14180393889546,,352676.03751116403,3.5332453778213075,3.5332453778213075,2888.06551274923,5373952.0,53739520.0,49,-0.06011055293446118,2888.06551274923,1.0,7029.59434447833,52428800.0,1310720.0,False,0.12114904135561351,1.1158239066238194,0.2998230950460753,0.4992327636478852,5,4.0,6.0,0.01311163558055551,2,4,1267.1244348843925,-0.10710026246665352,0.5612549544701355,,,,,,0.0,2,,,,,,,,,,,,,,,,,,,,,,,,,,,,,,,,,,,,,,,,,,,,,,,,,,,,,,,,,,,,,,,,,,,,,,,,,,,,,,,,,,,,,0.9999999999999999,-3.5332453778213075,delay_only,0.4121212121212121,0.002337840291258365,0.0719605291252915,292,5242880.0,52428800.0,0.9178193807601929,0.0,2,,0,3533.2453778213076,0.121875,3.72433078289032,3466.5663089802674,3061.6687276315342,5373952.0,53739520.0,10,2
33554432.0,1310720.0,1868.6781643415618,6,1,0.6526480428874493,0.40378586121391474,3947.301443811913,1937.038798190857,0.0,2353.4369308513906,1868.6781643415618,1.0,2,1.0,0.0,0.0,0.0,0.0,1.5657756065518929,0.0,0.5732208683018862,100000000.0,0.10000000149011612,0.0,0.0,0.0,,-0.5151515151515151,0.0,4,0.2,0.06169198453426361,1.0,0.0,73.22384743019938,,352676.03751116403,2.353436930851391,2.353436930851391,1937.038798190857,3486515.2,34865152.0,49,0.03529130852368164,1937.0387981908568,1.0,7029.59434447833,33554432.0,1310720.0,False,0.1396500761476177,1.2862247342919517,0.34361140860799033,0.5644475362979894,6,4.4,6.0,0.022578002678509578,2,4,828.310473596358,0.061656793943905885,0.5723831270855401,,,,,,0.0,2,,,,,,,,,,,,,,,,,,,,,,,,,,,,,,,,,,,,,,,,,,,,,,,,,,,,,,,,,,,,,,,,,,,,,,,,,,,,,,,,,,,,,0.9999999999999999,-2.353436930851391,delay_only,0.4121212121212121,0.002329095251055007,0.0719759919320015,294,3355443.2,33554432.0,0.9180652499198914,0.0,3,,0,2353.436930851391,0.103125,3.767657220363617,2290.588370339324,1868.6781643415618,3486515.2,34865152.0,10,2
83886080.0,13107200.0,4921.4686573128865,5,0,0.6522820331156254,0.3837890845399228,10279.117156190467,5102.953595061621,0.0,6334.104192937513,4921.4686573128865,1.0,2,1.0,0.0,0.0,0.0,0.0,1.1687684545864863,0.0,0.4616266310986571,100000000.0,0.10000000149011612,0.0,0.0,0.0,,-0.9030303030303028,0.0,4,0.2,0.05203754082322121,1.0,0.0,73.20996606722474,,361964.8638524023,6.334104192937513,6.334104192937513,5102.953595061621,9699328.0,96993280.0,50,0.03556468511184697,5102.953595061621,1.0,9288.826341238293,83886080.0,13107200.0,False,0.14748911827988997,1.3584249805204411,0.3478064037986396,0.4406921611422313,6,3.0,5.4,0.027440214342213203,2,4,2572.177668794318,0.07171118385672734,0.49594335498493636,,,,,,0.0,2,,,,,,,,,,,,,,,,,,,,,,,,,,,,,,,,,,,,,,,,,,,,,,,,,,,,,,,,,,,,,,,,,,,,,,,,,,,,,,,,,,,,,0.9999999999999999,-6.334104192937513,delay_only,0.4121212121212121,0.0023165951980046815,0.0718826325230159,296,8388608.0,83886080.0,0.9179096221923828,0.0,1,0.075,0,6334.104192937513,0.10625,3.7482491016387938,6271.930205664386,4921.4686573128865,9699328.0,96993280.0,10,2
65011712.0,1310720.0,3695.7355746864896,0,0,0.6505092605948448,0.3628038627224025,6569.327881919973,3259.95760335904,0.0,4185.950350869428,3695.7355746864896,1.0,2,1.0,0.0,0.0,0.0,0.0,1.334129174454213,0.0,0.635936494162696,100000000.0,0.10000000149011612,0.0,0.0,0.0,,-0.0303030303030303,0.0,4,0.4,0.06216273456811905,2.0,0.0,82.27816876024008,,361964.8638524023,4.185950350869428,4.185950350869428,3259.95760335904,6632243.2,66322432.0,50,-0.1336759628034509,3259.9576033590397,1.0,9288.826341238293,65011712.0,1310720.0,False,0.14598057661938688,1.3445307983619015,0.3182205546689994,0.37189501636443345,7,4.1,6.0,0.011038035573129502,2,4,1308.5123139181605,-0.2233103708750694,0.5986106345156521,,,,,,0.0,2,,,,,,,,,,,,,,,,,,,,,,,,,,,,,,,,,,,,,,,,,,,,,,,,,,,,,,,,,,,,,,,,,,,,,,,,,,,,,,,,,,,,,0.9999999999999999,-4.185950350869428,delay_only,0.41818181818181815,0.002292440551421035,0.0715449542329332,298,6501171.2,65011712.0,0.9180186986923218,0.0,2,0.075,0,4185.950350869428,0.1453125,3.775770163536072,4136.537675667535,3695.735574686489,6632243.2,66322432.0,10,2
138412032.0,33816576.0,7967.507169980337,2,1,0.6698938086628914,0.27272037929159104,12772.015159988236,6343.0752759060915,0.2,9288.826341238293,7967.507169980337,1.0,2,1.0,0.0,0.0,0.0,0.0,0.6133385260917996,0.2,0.3376705100339006,100000000.0,0.10000000149011612,0.0,0.0,0.0,,-0.024316221747202587,0.0,4,0.6,0.05949480086565018,3.0,0.0,85.86460817605257,,361964.8638524023,9.288826341238293,9.288826341238293,6343.0752759060915,17222860.8,172228608.0,50,-0.25609532023757997,6343.075275906091,1.0,9288.826341238293,138412032.0,33816576.0,False,0.1801836108091614,1.6595523850040634,0.25990299136131295,0.22179465412111504,8,2.6,4.4,0.010000000000000004,2,4,4083.9496253455845,-0.7190533619372665,0.356156210086565,,,,,,0.0,2,,,,,,,,,,,,,,,,,,,,,,,,,,,,,,,,,,,,,,,,,,,,,,,,,,,,,,,,,,,,,,,,,,,,,,,,,,,,,,,,,,,,,0.9969650916353059,-9.288826341238293,delay_only,0.42424242424242425,0.0023245863581543625,0.07168462576036698,300,13841203.2,138412032.0,0.9174218773841858,0.0,3,0.075,0,9288.826341238293,0.10625,3.759909510612488,9202.96173306224,7967.507169980337,17222860.8,172228608.0,10,2
41943040.0,15073280.0,2386.6411174348723,1,0,0.6598588079214096,0.2777625687173077,4605.914002289428,2263.905104717887,0.0,3326.563497722501,2386.6411174348723,1.0,2,1.0,0.0,0.0,0.0,0.0,0.5659009499590076,0.0,0.2943380184003529,100000000.0,0.10000000149011612,0.0,0.0,0.0,,-0.8909090909090909,0.0,4,0.4,0.06253789365291595,2.0,0.0,78.10379285365343,,365291.4273501248,3.3265634977225007,3.3265634977225007,2263.9051047178873,5701632.0,57016320.0,51,-0.05421429213671922,2263.905104717887,1.0,3326.563497722501,41943040.0,15073280.0,False,0.15247273812823675,1.4043258156082512,0.2932976729799686,0.22994205749186147,7,4.0,5.3,0.03720116886219793,2,4,1515.2264311009237,-0.16393683571088247,0.3307023214253755,,,,,,0.0,2,,,,,,,,,,,,,,,,,,,,,,,,,,,,,,,,,,,,,,,,,,,,,,,,,,,,,,,,,,,,,,,,,,,,,,,,,,,,,,,,,,,,,0.9999999999999999,-3.3265634977225007,delay_only,0.42424242424242425,0.0023432894812660024,0.07165182983751864,302,4194304.0,41943040.0,0.9179627299308777,0.0,1,,0,3326.563497722501,0.090625,3.818278205394745,3274.499509666467,2386.6411174348723,5701632.0,57016320.0,10,2
41943040.0,9175040.0,2233.196383216607,0,1,0.6597782485187054,0.37201669095565837,4850.1955283583075,2391.849147331013,0.0,3045.841837410519,2233.196383216607,1.0,2,1.0,0.0,0.0,0.0,0.0,1.0537679787521357,0.0,0.4103702134910546,100000000.0,0.10000000149011612,0.0,0.0,0.0,,-0.7212121212121211,0.0,4,0.2,0.056506216526031494,1.0,0.0,66.49723369628191,,365291.4273501248,3.045841837410519,3.045841837410519,2391.849147331013,5111808.0,51118080.0,51,0.06633058957394594,2391.849147331013,1.0,3326.563497722501,41943040.0,9175040.0,False,0.13096151070228287,1.206200089196227,0.3209079178913181,0.4071264077608127,6,4.0,5.6,0.03341167064863804,2,4,1272.1337351429002,0.14169025663795387,0.46813797326539885,,,,,,0.0,2,,,,,,,,,,,,,,,,,,,,,,,,,,,,,,,,,,,,,,,,,,,,,,,,,,,,,,,,,,,,,,,,,,,,,,,,,,,,,,,,,,,,,0.9878787878787878,-3.045841837410519,delay_only,0.42424242424242425,0.0023656494261525946,0.07160305024168613,304,4194304.0,41943040.0,0.9179522395133972,0.0,2,,0,3045.841837410519,0.0671875,3.9805732488632204,2995.0352531081826,2233.196383216607,5111808.0,51118080.0,10,2
41943040.0,13107200.0,1834.1993873884016,0,0,0.6425231695175171,0.263967117416688,3943.4530842045965,1937.381303632757,0.0,2902.511140899161,1834.1993873884016,1.0,2,1.0,0.0,0.0,0.0,0.0,0.4971786038002194,0.0,0.25529924788430464,100000000.0,0.10000000149011612,0.0,0.0,0.0,,-0.7696969696969697,0.0,4,0.2,0.067019023001194,1.0,0.0,68.69047693908215,,365291.4273501248,2.9025111408991613,2.9025111408991613,1937.3813036327572,5505024.0,55050240.0,51,0.05325844533075665,1937.381303632757,1.0,3326.563497722501,41943040.0,13107200.0,False,0.12401938166004003,1.1422607178109894,0.2759775633983958,0.21611961604690702,6,4.0,5.4,0.054874763989379426,2,4,1344.2905888146586,0.17397324501362538,0.30613009101822247,,,,,,0.0,2,,,,,,,,,,,,,,,,,,,,,,,,,,,,,,,,,,,,,,,,,,,,,,,,,,,,,,,,,,,,,,,,,,,,,,,,,,,,,,,,,,,,,0.9999999999999999,-2.9025111408991613,delay_only,0.42424242424242425,0.002374899851376303,0.0716010141590742,306,4194304.0,41943040.0,0.9178597331047058,0.0,3,,0,2902.511140899161,0.09375,3.951956331729889,2840.71197231243,1834.1993873884014,5505024.0,55050240.0,10,2
31457280.0,1310720.0,1716.1130546081172,3,1,0.6515290588140488,0.35918826182266617,3485.823278087198,1708.0302370036986,0.0,2233.756473810069,1716.1130546081172,1.0,2,1.0,0.0,0.0,0.0,0.0,1.0536146757845453,0.0,0.4778767183833772,100000000.0,0.10000000149011612,0.0,0.0,0.0,,-0.6727272727272726,0.0,4,0.0,0.055924952030181885,0.0,0.0,73.02296161651611,,372627.7561570936,2.233756473810069,2.233756473810069,1708.0302370036986,3276800.0,32768000.0,52,-0.004732245032498951,1708.0302370036984,1.0,7336.3288069688,31457280.0,1310720.0,False,0.13169099364276546,1.2129188753736218,0.2871267427480738,0.37459807397054257,5,4.5,6.0,0.02590857615071093,2,4,883.9795956875906,-0.009808641846949512,0.48245670566212784,,,,,,0.0,2,,,,,,,,,,,,,,,,,,,,,,,,,,,,,,,,,,,,,,,,,,,,,,,,,,,,,,,,,,,,,,,,,,,,,,,,,,,,,,,,,,,,,0.9999999999999999,-2.233756473810069,delay_only,0.42424242424242425,0.0023710599856570512,0.07162421249596178,308,3145728.0,31457280.0,0.9177868366241455,0.0,1,,0,2233.756473810069,0.090625,3.7794478833675385,2163.993669730268,1716.1130546081174,3276800.0,32768000.0,10,2
52428800.0,21626880.0,4049.8888590847573,2,0,0.6613880395889282,0.3169563973289352,6684.177495862991,3305.1722989639643,0.0,4565.584677667114,4049.8888590847573,1.0,2,1.0,0.0,0.0,0.0,0.0,0.9245163788203022,0.0,0.5009266909181698,100000000.0,0.10000000149011612,0.0,0.0,0.0,,-0.16363636363636364,0.0,4,0.0,0.06446225196123123,0.0,0.0,73.83289793506265,,372627.7561570936,4.565584677667115,4.565584677667115,3305.172298963964,7405568.0,74055680.0,52,-0.22531852888705117,3305.172298963964,1.0,7336.3288069688,52428800.0,21626880.0,False,0.12830736743384802,1.1817545262979525,0.33278840466920084,0.2785462206732655,5,4.0,5.0,0.01100885394296497,2,4,1752.2981556990426,-0.4795730313050516,0.469831525500708,,,,,,0.0,2,,,,,,,,,,,,,,,,,,,,,,,,,,,,,,,,,,,,,,,,,,,,,,,,,,,,,,,,,,,,,,,,,,,,,,,,,,,,,,,,,,,,,0.9999999999999999,-4.565584677667115,delay_only,0.42424242424242425,0.002375082315154451,0.07165095693710533,310,5242880.0,52428800.0,0.9177355170249939,0.0,2,,0,4565.584677667115,0.0953125,3.8244819045066833,4495.735208433811,4049.8888590847564,7405568.0,74055680.0,10,2
167772160.0,7208960.0,4363.749825550912,4,0,0.6576939485967159,0.18923799068600944,9048.683488729672,4479.679773555735,0.0,7336.3288069688,4363.749825550912,1.0,2,1.0,0.0,0.0,0.0,0.0,0.30296555981196327,0.0,0.16434732401675456,100000000.0,0.10000000149011612,0.0,0.0,0.0,,-0.9515151515151514,0.0,4,0.4,0.05899450182914734,2.0,0.0,89.32394161820412,,372627.7561570936,7.336328806968799,7.336328806968799,4479.679773555734,17498112.0,174981120.0,52,0.02587907034988895,4479.679773555735,1.0,7336.3288069688,167772160.0,7208960.0,False,0.1355455809634255,1.2484209365904044,0.2698097014633113,0.16187761195235134,7,1.7,5.7,0.0660728766557024,2,4,3551.01133519489,0.12483459458302118,0.2073068802468701,,,,,,0.0,2,,,,,,,,,,,,,,,,,,,,,,,,,,,,,,,,,,,,,,,,,,,,,,,,,,,,,,,,,,,,,,,,,,,,,,,,,,,,,,,,,,,,,0.9878787878787878,-7.336328806968799,delay_only,0.42424242424242425,0.002395705863642983,0.07167757828838997,312,16777216.0,167772160.0,0.918035089969635,0.0,3,,0,7336.3288069688,0.1,3.7486061573028566,7272.725663761071,4363.749825550912,17498112.0,174981120.0,10,2
125829120.0,11141120.0,4647.698135942678,1,0,0.6517483852803707,0.2612027729034324,8233.222028096645,4079.185646188199,0.0,6082.6816044281795,4647.698135942678,1.0,2,1.0,0.0,0.0,0.0,0.0,0.6326212240156237,0.0,0.34832129419252095,100000000.0,0.10000000149011612,0.0,0.0,0.0,,-0.17575757575757575,0.0,4,0.0,0.053467243909835815,0.0,0.0,74.85073572024703,,378710.4377615218,6.0826816044281795,6.0826816044281795,4079.185646188198,13697024.0,136970240.0,53,-0.13936911409896927,4079.185646188198,1.0,6082.6816044281795,125829120.0,11141120.0,False,0.13495769066086333,1.2430062668024227,0.3021704385508525,0.21150523686563924,5,2.5,5.5,0.02935489640129805,2,4,2706.1928816766113,-0.4140680886666705,0.3365850156377614,,,,,,0.0,2,,,,,,,,,,,,,,,,,,,,,,,,,,,,,,,,,,,,,,,,,,,,,,,,,,,,,,,,,,,,,,,,,,,,,,,,,,,,,,,,,,,,,0.9999999999999999,-6.0826816044281795,delay_only,0.4303030303030303,0.0023641741450680753,0.0717326253598242,314,12582912.0,125829120.0,0.9177289605140686,0.0,1,,0,6082.6816044281795,0.1234375,3.720818340778351,6012.025108793713,4647.698135942678,13697024.0,136970240.0,10,2
58720256.0,1310720.0,2646.1931283373406,0,0,0.655509065836668,0.3697642106097001,5744.710767115155,2833.1797057458507,0.0,3620.5223251317752,2646.1931283373406,1.0,2,1.0,0.0,0.0,0.0,0.0,1.0392712479151656,0.0,0.43654339666953923,100000000.0,0.10000000149011612,0.0,0.0,0.0,,-0.24848484848484845,0.0,4,0.2,0.05964446812868118,1.0,0.0,78.35135562345386,,378710.4377615218,3.620522325131775,3.620522325131775,2833.1797057458507,6003097.6,60030976.0,53,0.0659988411710313,2833.1797057458502,1.0,6082.6816044281795,58720256.0,1310720.0,False,0.13438587005673502,1.237739604406692,0.31603404875139096,0.3996071391219618,6,3.6,6.0,0.033859125079579576,2,4,1500.2180556978383,0.14027903758654608,0.4704825632291131,,,,,,0.0,2,,,,,,,,,,,,,,,,,,,,,,,,,,,,,,,,,,,,,,,,,,,,,,,,,,,,,,,,,,,,,,,,,,,,,,,,,,,,,,,,,,,,,0.9999999999999999,-3.620522325131775,delay_only,0.4303030303030303,0.0023371368991358644,0.07169322290794529,316,5872025.6,58720256.0,0.917975127696991,0.0,2,,0,3620.5223251317752,0.0890625,3.8264217495918276,3553.786691017182,2646.1931283373406,6003097.6,60030976.0,10,2
31457280.0,1310720.0,1818.2250187921381,3,1,0.6668907590210438,0.3601739581556427,3600.8694676110704,1763.483369321851,0.0,2303.930058659789,1818.2250187921381,1.0,2,0.9999999999999999,0.0,0.0,0.0,0.0,1.067037971857584,0.0,0.49977008336747847,100000000.0,0.10000000149011612,0.0,1.1102230246251565e-16,0.0,,-0.5636363636363636,0.0,4,0.0,0.06207947060465813,0.0,0.0,73.9027289673686,,378710.4377615218,2.3039300586597893,2.3039300586597893,1763.4833693218507,3276800.0,32768000.0,53,-0.0310417724502491,1763.4833693218507,1.0,6082.6816044281795,31457280.0,1310720.0,False,0.12757821419083853,1.175038776746505,0.31501643629139625,0.3779886825501154,5,4.5,6.0,0.022767603198192304,2,4,893.5874849465565,-0.06292896707931844,0.49328272639725174,,,,,,0.0,2,,,,,,,,,,,,,,,,,,,,,,,,,,,,,,,,,,,,,,,,,,,,,,,,,,,,,,,,,,,,,,,,,,,,,,,,,,,,,,,,,,,,,0.9999999999999999,-2.3039300586597893,delay_only,0.4303030303030303,0.00233851682202959,0.07171856714177013,318,3145728.0,31457280.0,0.9177542924880981,0.0,3,,0,2303.930058659789,0.1203125,3.7189401388168335,2232.1912763209903,1818.2250187921384,3276800.0,32768000.0,10,2
41943040.0,11141120.0,2007.0338509687504,0,1,0.6602508947253227,0.22918778498112014,3643.6285446140478,1789.1241125633721,0.0,2808.553389179972,2007.0338509687504,1.0,2,1.0,0.0,0.0,0.0,0.0,0.5096669394338427,0.0,0.2777997460252819,100000000.0,0.10000000149011612,0.0,0.0,0.0,,-0.5151515151515151,0.0,4,0.0,0.05835985392332077,0.0,0.0,66.6249138303101,,385036.29971158394,2.808553389179972,2.808553389179972,1789.1241125633721,5308416.0,53084160.0,54,-0.12179688199113689,1789.124112563372,1.0,6325.86195006215,41943040.0,11141120.0,False,0.14766096690772487,1.3600077648752578,0.3606711873148446,0.18752959155752252,5,4.0,5.5,0.03661595563155021,2,4,1285.9852130398006,-0.4331005585370562,0.2812207917776581,,,,,,0.0,2,0.0011913458754255202,0.0,0.0,0.0,0.0,0.0,0.0,0.0,0.0,0.0,0.0,0.0,0.0,0.0,0.10000000149011612,0.0,0.0,0.0,0.0,0.0,0.0,0.0,0.0007119942150817904,0.0,0.6060576558113098,0.05771160498261452,0.42936633825302123,-0.001825003363774158,True,0.0716257318854332,0.2243645265698433,0.16055208966135978,0.5334119141101837,0.8639271140098572,1,1.6232832431793214,0.4999996989965439,0.4999997913837433,1.6232832431793214,1.8749803304672241,False,0.479480117559433,-4.693180561065674,0.008968832442649741,-0.013804754940792918,3,1,10,4.145434683188796,0.4303030303030303,0.00233851682202959,0.07171856714177013,318,0.0016706975682609481,0.0,2.1532742738723756,0.2824363008141518,0.8821774601936341,0.9178363680839539,1.771224808692932,-0.02578449306699131,0.040319960706800974,0.020316574516689334,-4.745951175689697,2.124890089035034,-0.5304809212684631,2.10817551612854,-0.008097852477121581,-4.632884979248047,2.7217540740966797,-0.4201042056083679,2.729576349258423,9.234184044082383e-07,-4.977129936218262,2.9425079822540283,-0.7638157606124878,2.942356824874878,0.0,-4.213700294494629,48,54,0.36084768921136856,1.2050256073474883,1.6628386974334717,0.9999999999999999,-2.808553389179972,delay_only,0.4303030303030303,0.002327649420074393,0.07170691624798203,320,4194304.0,41943040.0,0.9177420735359192,0.0,1,,0,2808.5533891799723,0.1140625,3.751508980989456,2743.1730696926684,2007.0338509687504,5308416.0,53084160.0,10,2
71303168.0,35651584.0,5260.57085879085,4,0,0.662695150822401,0.3766038687384466,10147.419325911822,5042.080176480771,0.0,6325.86195006215,5260.57085879085,1.0,2,1.0,0.0,0.0,0.0,0.0,1.0699657693333147,0.0,0.42343211766213934,100000000.0,0.10000000149011612,0.0,0.0,0.0,,-0.7454545454545454,0.0,4,0.4,0.056860677897930145,2.0,0.0,88.13115861266851,,385036.29971158394,6.32586195006215,6.32586195006215,5042.080176480771,10695475.2,106954752.0,54,-0.0433334406956178,5042.080176480771,1.0,6325.86195006215,71303168.0,35651584.0,False,0.1420590700119229,1.3084123877362046,0.2880147638569193,0.4131082331172879,7,3.3,4.3,0.01904797302837459,2,4,2633.612314657319,-0.09071770720854057,0.4776734557014708,,,,,,0.0,2,0.0011913458754255202,0.0,0.0,0.0,0.0,0.0,0.0,0.0,0.0,0.0,0.0,0.0,0.0,0.0,0.10000000149011612,0.0,0.0,0.0,0.0,0.0,0.0,0.0,0.0007119942150817904,0.0,0.6060576558113098,0.05771160498261452,0.42936633825302123,-0.001825003363774158,True,0.0716257318854332,0.2243645265698433,0.16055208966135978,0.5334119141101837,0.8639271140098572,1,1.6232832431793214,0.4999996989965439,0.4999997913837433,1.6232832431793214,1.8749803304672241,False,0.479480117559433,-4.693180561065674,0.008968832442649741,-0.013804754940792918,3,1,10,4.145434683188796,0.4303030303030303,0.00233851682202959,0.07171856714177013,318,0.0016706975682609481,0.0,2.1532742738723756,0.2824363008141518,0.8821774601936341,0.9178363680839539,1.771224808692932,-0.02578449306699131,0.040319960706800974,0.020316574516689334,-4.745951175689697,2.124890089035034,-0.5304809212684631,2.10817551612854,-0.008097852477121581,-4.632884979248047,2.7217540740966797,-0.4201042056083679,2.729576349258423,9.234184044082383e-07,-4.977129936218262,2.9425079822540283,-0.7638157606124878,2.942356824874878,0.0,-4.213700294494629,48,54,0.36084768921136856,1.2050256073474883,1.6628386974334717,0.9999999999999999,-6.32586195006215,delay_only,0.4303030303030303,0.002371671973699708,0.0716781622078004,322,7130316.8,71303168.0,0.9179238677024841,0.0,2,,0,6325.86195006215,0.1234375,3.7128582417964937,6262.60297711187,5260.57085879085,10695475.2,106954752.0,10,2
41943040.0,9175040.0,2093.1956122351357,4,1,0.6598713807761669,0.37521543302143734,4855.259785250699,2388.3076712065067,0.0,3033.491382496287,2093.1956122351357,1.0,2,1.0,0.0,0.0,0.0,0.0,1.0942921643560362,0.0,0.414200476454699,100000000.0,0.10000000149011612,0.0,0.0,0.0,,-0.4787878787878787,0.0,4,0.2,0.06094716489315033,1.0,0.0,78.64444283768535,,385036.29971158394,3.033491382496287,3.033491382496287,2388.3076712065067,5111808.0,51118080.0,54,0.12356534400037669,2388.3076712065063,1.0,6325.86195006215,41943040.0,9175040.0,False,0.13427399216661193,1.2367091709585596,0.33161929611928154,0.4215608350912495,6,4.0,5.6,0.04116439583510233,2,4,1253.656849490832,0.2600906405066007,0.47508569996866457,,,,,,0.0,2,0.0011913458754255202,0.0,0.0,0.0,0.0,0.0,0.0,0.0,0.0,0.0,0.0,0.0,0.0,0.0,0.10000000149011612,0.0,0.0,0.0,0.0,0.0,0.0,0.0,0.0007119942150817904,0.0,0.6060576558113098,0.05771160498261452,0.42936633825302123,-0.001825003363774158,True,0.0716257318854332,0.2243645265698433,0.16055208966135978,0.5334119141101837,0.8639271140098572,1,1.6232832431793214,0.4999996989965439,0.4999997913837433,1.6232832431793214,1.8749803304672241,False,0.479480117559433,-4.693180561065674,0.008968832442649741,-0.013804754940792918,3,1,10,4.145434683188796,0.4303030303030303,0.00233851682202959,0.07171856714177013,318,0.0016706975682609481,0.0,2.1532742738723756,0.2824363008141518,0.8821774601936341,0.9178363680839539,1.771224808692932,-0.02578449306699131,0.040319960706800974,0.020316574516689334,-4.745951175689697,2.124890089035034,-0.5304809212684631,2.10817551612854,-0.008097852477121581,-4.632884979248047,2.7217540740966797,-0.4201042056083679,2.729576349258423,9.234184044082383e-07,-4.977129936218262,2.9425079822540283,-0.7638157606124878,2.942356824874878,0.0,-4.213700294494629,48,54,0.36084768921136856,1.2050256073474883,1.6628386974334717,0.9999999999999999,-3.033491382496287,delay_only,0.4303030303030303,0.0023757458795341585,0.07171463214167993,324,4194304.0,41943040.0,0.9179209470748901,0.0,3,,0,3033.491382496287,0.125,3.729081857204437,2966.754266647477,2093.195612235136,5111808.0,51118080.0,10,2
104857600.0,1310720.0,4362.422243245968,0,0,0.6832173094153404,0.3311274010916061,7979.62571954384,3956.160861738173,0.0,5337.352993347551,4362.422243245969,1.0,2,1.0,0.0,0.0,0.0,0.0,0.9155703594382754,0.0,0.47929927315503096,100000000.0,0.10000000149011612,0.0,0.0,0.0,,0.1515151515151515,0.0,4,0.0,0.05711394175887108,0.0,0.0,67.30399606749415,,390373.6527049315,5.337352993347551,5.337352993347551,3956.1608617381735,10616832.0,106168320.0,55,-0.1026908145816147,3956.160861738173,1.0,5337.352993347551,104857600.0,1310720.0,False,0.1293161973526083,1.1910461932271679,0.2761904015186124,0.3011033249117927,5,3.0,6.0,0.020812873452583806,2,4,2117.1912311098326,-0.22091793944905122,0.4648369201601103,,,,,,0.0,2,,,,,,,,,,,,,,,,,,,,,,,,,,,,,,,,,,,,,,,,,,,,,,,,,,,,,,,,,,,,,,,,,,,,,,,,,,,,,,,,,,,,,0.9999999999999999,-5.337352993347551,delay_only,0.4303030303030303,0.002369270769567465,0.0717123781495174,326,10485760.0,104857600.0,0.9177284240722656,0.0,1,,0,5337.352993347551,0.1203125,3.713563084602356,5270.367664200121,4362.422243245968,10616832.0,106168320.0,10,2
27262976.0,1310720.0,2315.191702777081,9,0,0.6576967425644398,0.42731381089016784,4852.782448331921,2401.493652512833,0.0,2779.1214869142887,2315.1917027770805,1.0,2,1.0,0.0,0.0,0.0,0.0,2.114545704430217,0.0,0.6937587825066074,100000000.0,0.10000000149011612,0.0,0.0,0.0,,-0.7454545454545454,0.0,4,0.4,0.05912129208445549,2.0,0.0,86.31023531779647,,390373.6527049315,2.779121486914289,2.779121486914289,2401.493652512833,2857369.6,28573696.0,55,0.03593678028065945,2401.493652512833,1.0,5337.352993347551,27262976.0,1310720.0,False,0.1372965500049374,1.2645479574435219,0.3053717915096913,0.7325363570332452,7,4.7,6.0,0.016310508903709837,2,4,771.42898866543,0.05294388109245651,0.6787711731579071,,,,,,0.0,2,,,,,,,,,,,,,,,,,,,,,,,,,,,,,,,,,,,,,,,,,,,,,,,,,,,,,,,,,,,,,,,,,,,,,,,,,,,,,,,,,,,,,0.9999999999999999,-2.779121486914289,delay_only,0.4303030303030303,0.0023709918934437507,0.07170444536617214,328,2726297.6,27262976.0,0.9179458618164062,0.0,2,,0,2779.1214869142887,0.1078125,3.7441210746765137,2729.3263436080333,2315.1917027770805,2857369.6,28573696.0,10,2
33554432.0,1310720.0,1645.5464278928596,0,0,0.6500519812107086,0.34333242975912165,3237.478328629996,1582.3781575279513,0.0,2125.9470277689597,1645.5464278928596,1.0,2,1.0,0.0,0.0,0.0,0.0,0.9408750524957543,0.0,0.463495228070946,100000000.0,0.10000000149011612,0.0,0.0,0.0,,-0.7818181818181817,0.0,4,0.2,0.058713991194963455,1.0,0.0,72.72201357409358,,390373.6527049315,2.1259470277689596,2.1259470277689596,1582.378157527951,3486515.2,34865152.0,55,-0.03991983209853713,1582.378157527951,1.0,5337.352993347551,33554432.0,1310720.0,False,0.12750092196202573,1.1743268890110303,0.30514120529900024,0.3360706639796798,6,4.4,6.0,0.02524048739627796,2,4,855.9891678826939,-0.08696204274208162,0.4590489234128767,,,,,,0.0,2,,,,,,,,,,,,,,,,,,,,,,,,,,,,,,,,,,,,,,,,,,,,,,,,,,,,,,,,,,,,,,,,,,,,,,,,,,,,,,,,,,,,,0.9999999999999999,-2.1259470277689596,delay_only,0.4303030303030303,0.002363143821031333,0.07171663001375181,330,3355443.2,33554432.0,0.9179695844650269,0.0,3,,0,2125.9470277689597,0.10625,3.7387564063072203,2060.8903666250594,1645.5464278928594,3486515.2,34865152.0,10,2
79691776.0,13500416.0,6929.426303441423,0,0,0.6543118506669998,0.41810220563033684,13423.756967953157,6684.136932577348,0.0,7811.254571806339,6929.426303441423,1.0,2,1.0,0.0,0.0,0.0,0.0,1.8128573235625833,0.0,0.7027656882248567,100000000.0,0.10000000149011612,0.0,0.0,0.0,,-0.5757575757575757,0.0,4,0.4,0.05900365859270096,2.0,0.0,83.55129137635231,,398184.90727673785,7.811254571806341,7.811254571806341,6684.1369325773485,9319219.2,93192192.0,56,-0.03669723905095021,6684.136932577348,1.0,7811.254571806341,79691776.0,13500416.0,False,0.1507150992226285,1.3881373630365714,0.2769807727874691,0.6237328777067331,7,3.4,5.4,0.011520101982931947,2,4,2256.30524981751,-0.05539717596292838,0.6624388051027708,,,,,,0.0,2,,,,,,,,,,,,,,,,,,,,,,,,,,,,,,,,,,,,,,,,,,,,,,,,,,,,,,,,,,,,,,,,,,,,,,,,,,,,,,,,,,,,,0.9999999999999999,-7.811254571806341,delay_only,0.4303030303030303,0.0024647904695529075,0.07160301547128221,332,7969177.6,79691776.0,0.9179750680923462,0.0,1,,0,7811.254571806341,0.0984375,3.701733297109604,7755.771469007877,6929.426303441423,9319219.2,93192192.0,10,2
41943040.0,11141120.0,1595.4376610293334,5,1,0.6640609353780746,0.19924186812839628,3410.991234996865,1670.9144799101848,0.0,2731.378969166504,1595.4376610293334,1.0,2,1.0000000000000002,0.0,0.0,0.0,0.0,0.3635669750655749,0.0,0.19326395716092346,100000000.0,0.10000000149011612,0.0,-2.220446049250313e-16,2.220446049250313e-16,,-0.6969696969696969,0.0,4,0.0,0.053623590618371964,0.0,0.0,73.08724662289023,,398184.90727673785,2.731378969166504,2.731378969166504,1670.9144799101848,5308416.0,53084160.0,56,0.04517096463543009,1670.9144799101846,1.0,7811.254571806341,41943040.0,11141120.0,False,0.11697184410173257,1.0773504981146917,0.280586390550172,0.16855752526097315,5,4.0,5.5,0.06661833849581779,2,4,1290.2301828689447,0.19826617348672657,0.2278299108771279,,,,,,2.220446049250313e-16,2,,,,,,,,,,,,,,,,,,,,,,,,,,,,,,,,,,,,,,,,,,,,,,,,,,,,,,,,,,,,,,,,,,,,,,,,,,,,,,,,,,,,,0.9999999999999999,-2.731378969166504,delay_only,0.4303030303030303,0.002466240032622245,0.07162357682194534,334,4194304.0,41943040.0,0.9177239537239075,0.0,2,,0,2731.378969166504,0.109375,3.69875767827034,2662.2166939900085,1595.4376610293336,5308416.0,53084160.0,10,2
20971520.0,1310720.0,855.2007360325463,0,0,0.655690673738718,0.30860151185257373,1952.702779832145,937.0504566686403,0.0,1350.0957497772217,855.2007360325463,1.0,2,1.0,0.0,0.0,0.0,0.0,0.6772887511560169,0.0,0.3211613364071215,100000000.0,0.10000000149011612,0.0,0.0,0.0,,-0.9999999999999999,0.0,4,0.4,0.06306766718626022,2.0,0.0,78.60186649486423,,398184.90727673785,1.3500957497772217,1.3500957497772217,937.0504566686404,2228224.0,22282240.0,56,0.08734825329159149,937.0504566686402,1.0,7811.254571806341,20971520.0,1310720.0,False,0.1401370969880129,1.2907103620002374,0.29334945602190565,0.28018205235976595,7,5.0,6.0,0.04880997472441218,2,4,584.0883607391601,0.23189379703946164,0.37667352213275174,,,,,,0.0,2,,,,,,,,,,,,,,,,,,,,,,,,,,,,,,,,,,,,,,,,,,,,,,,,,,,,,,,,,,,,,,,,,,,,,,,,,,,,,,,,,,,,,0.9999999999999999,-1.3500957497772217,delay_only,0.4303030303030303,0.0025215705524663542,0.07164662585609421,336,2097152.0,20971520.0,0.9179713129997253,0.0,3,,0,1350.0957497772217,0.1109375,3.6787051439285277,1282.5519842472315,855.2007360325462,2228224.0,22282240.0,10,2
58720256.0,1310720.0,3024.577175392214,0,1,0.6675310432910919,0.40844842130523173,6665.125294459079,3301.922509149196,0.0,3942.7653901357003,3024.577175392214,1.0,2,1.0,0.0,0.0,0.0,0.0,1.5787741545638456,0.0,0.5602967262741846,100000000.0,0.10000000149011612,0.0,0.0,0.0,,-0.19999999999999998,0.0,4,0.2,0.05319921299815178,1.0,0.0,71.22215116396546,,402237.3605933924,3.9427653901357003,3.9427653901357003,3301.9225091491953,6003097.6,60030976.0,57,0.08399510678657476,3301.9225091491953,1.0,4052.4533166545425,58720256.0,1310720.0,False,0.13820556981274082,1.2729203392782598,0.309686741185059,0.5697266320592855,6,3.6,6.0,0.028002792273590663,2,4,1413.1669448529374,0.1468402470916448,0.5720169262188205,,,,,,0.0,2,,,,,,,,,,,,,,,,,,,,,,,,,,,,,,,,,,,,,,,,,,,,,,,,,,,,,,,,,,,,,,,,,,,,,,,,,,,,,,,,,,,,,0.9999999999999999,-3.9427653901357003,delay_only,0.4303030303030303,0.0024902987959238027,0.07157672031343765,338,5872025.6,58720256.0,0.9178467392921448,0.0,1,,0,3942.7653901357003,0.0859375,3.736171531677246,3881.485113975013,3024.5771753922145,6003097.6,60030976.0,10,2
41943040.0,7208960.0,1572.7900877856714,0,0,0.6522801704704762,0.30357592052791815,3435.2288975829274,1692.7179972865626,0.0,2392.3761227750847,1572.7900877856714,1.0,2,1.0,0.0,0.0,0.0,0.0,0.5823074773181983,0.0,0.27061731606150236,100000000.0,0.10000000149011612,0.0,0.0,0.0,,-0.7818181818181817,0.0,4,0.4,0.061808597296476364,2.0,0.0,78.83082143962383,,402237.3605933924,2.392376122775085,2.392376122775085,1692.7179972865626,4915200.0,49152000.0,57,0.07084931435309164,1692.7179972865626,1.0,4052.4533166545425,41943040.0,7208960.0,False,0.13907014244416144,1.2808833474899386,0.3005329462213094,0.26047216234009063,7,4.0,5.7,0.047098161369563143,2,4,1090.0550300053692,0.19899664657001373,0.35603270494392203,,,,,,0.0,2,,,,,,,,,,,,,,,,,,,,,,,,,,,,,,,,,,,,,,,,,,,,,,,,,,,,,,,,,,,,,,,,,,,,,,,,,,,,,,,,,,,,,0.9636363636363635,-2.392376122775085,delay_only,0.4303030303030303,0.0025042653643737806,0.07154220824900011,340,4194304.0,41943040.0,0.9179501533508301,0.0,2,,0,2392.3761227750847,0.134375,3.693972200155258,2342.5832197652826,1572.7900877856716,4915200.0,49152000.0,10,2
58720256.0,13107200.0,3604.209485603652,0,0,0.6605340167880058,0.3062574457432432,5841.436843954529,2890.0959608650483,0.0,4052.4533166545425,3604.209485603652,1.0,2,1.0,0.0,0.0,0.0,0.0,0.8369113468035472,0.0,0.4613713764483987,100000000.0,0.10000000149011612,0.0,0.0,0.0,,-0.8545454545454544,0.0,4,0.2,0.0619189515709877,1.0,0.0,61.24492222443223,,402237.3605933924,4.0524533166545424,4.0524533166545424,2890.0959608650483,7182745.6,71827456.0,57,-0.24708990096123307,2890.095960865048,1.0,4052.4533166545425,58720256.0,13107200.0,False,0.1397646189524829,1.287279712511921,0.35184694713234066,0.26247055911518596,6,3.8,5.4,0.011048236588142931,2,4,1601.3405230472968,-0.5541109692214471,0.4459213310799575,,,,,,0.0,2,,,,,,,,,,,,,,,,,,,,,,,,,,,,,,,,,,,,,,,,,,,,,,,,,,,,,,,,,,,,,,,,,,,,,,,,,,,,,,,,,,,,,0.9999999999999999,-4.0524533166545424,delay_only,0.4303030303030303,0.002548774755467235,0.0714796175762182,342,5872025.6,58720256.0,0.9178954362869263,0.0,3,,0,4052.4533166545425,0.125,3.7148440957069395,4002.4110767054344,3604.209485603652,7182745.6,71827456.0,10,2
41943040.0,9175040.0,1826.1288340274516,0,1,0.6673112511634827,0.2863038847299642,3604.9643283755577,1776.615514608522,0.0,2572.849036848689,1826.1288340274514,1.0,2,1.0,0.0,0.0,0.0,0.0,0.6233935878537142,0.0,0.3295509852098129,100000000.0,0.10000000149011612,0.0,0.0,0.0,,-0.7333333333333332,0.0,4,0.2,0.0625808835029602,1.0,0.0,60.951943043619394,,405609.88466558215,2.572849036848689,2.572849036848689,1776.615514608522,5111808.0,51118080.0,58,-0.02786946247615074,1776.615514608522,1.0,3372.5240721897553,41943040.0,9175040.0,False,0.12906065964951197,1.1886926040037777,0.2688624162676892,0.23863196538138187,6,4.0,5.6,0.03755311492810639,2,4,1152.5636518203767,-0.07934167393990832,0.35125881635996836,,,,,,0.0,2,,,,,,,,,,,,,,,,,,,,,,,,,,,,,,,,,,,,,,,,,,,,,,,,,,,,,,,,,,,,,,,,,,,,,,,,,,,,,,,,,,,,,0.9999999999999999,-2.572849036848689,delay_only,0.4303030303030303,0.0025799249794883337,0.07141852550848667,344,4194304.0,41943040.0,0.9179064035415649,0.0,1,,0,2572.849036848689,0.0953125,3.7123805046081544,2521.1157376901756,1826.1288340274511,5111808.0,51118080.0,10,2
52428800.0,1310720.0,2865.47458112669,4,1,0.6556287407875061,0.37843323638784243,5425.843641623876,2685.454512711625,0.0,3372.5240721897553,2865.47458112669,1.0,2,1.0,0.0,0.0,0.0,0.0,1.2092979902185852,0.0,0.5666083258982779,100000000.0,0.10000000149011612,0.0,0.0,0.0,,-0.4424242424242424,0.0,4,0.0,0.05279019474983215,0.0,0.0,54.9346162006259,,405609.88466558215,3.3725240721897554,3.3725240721897554,2685.454512711625,5373952.0,53739520.0,58,-0.0670352327931597,2685.454512711625,1.0,3372.5240721897553,52428800.0,1310720.0,False,0.12100250219533626,1.1144742310798423,0.2991482569576054,0.4248229814330516,5,4.0,6.0,0.01583243995970025,2,4,1230.7531492098701,-0.12375053253660327,0.541696519757051,,,,,,0.0,2,,,,,,,,,,,,,,,,,,,,,,,,,,,,,,,,,,,,,,,,,,,,,,,,,,,,,,,,,,,,,,,,,,,,,,,,,,,,,,,,,,,,,0.9999999999999999,-3.3725240721897554,delay_only,0.4303030303030303,0.0026395749474200335,0.07133824247157153,346,5242880.0,52428800.0,0.9177455306053162,0.0,2,,0,3372.5240721897553,0.1140625,3.8002667129039764,3319.1491237440455,2865.47458112669,5373952.0,53739520.0,10,2
33554432.0,13107200.0,2361.551002275,3,0,0.6556818261742592,0.3457762381130165,4322.015876407958,2130.5262793280367,0.0,2827.5654855988823,2361.551002275,1.0,2,1.0,0.0,0.0,0.0,0.0,0.9655625699319194,0.0,0.493158214094417,100000000.0,0.10000000149011612,0.0,0.0,0.0,,-0.7818181818181817,0.0,4,0.2,0.06638798117637634,1.0,0.0,60.96331775188446,,405609.88466558215,2.8275654855988823,2.8275654855988823,2130.5262793280363,4666163.2,46661632.0,58,-0.10843551904923157,2130.5262793280363,1.0,3372.5240721897553,33554432.0,13107200.0,False,0.1316641568189112,1.212671699091421,0.30291599282376336,0.33494844212516095,6,4.4,5.4,0.017506808711101333,2,4,1117.0199298894377,-0.22794600455629402,0.4757070397452486,,,,,,0.0,2,,,,,,,,,,,,,,,,,,,,,,,,,,,,,,,,,,,,,,,,,,,,,,,,,,,,,,,,,,,,,,,,,,,,,,,,,,,,,,,,,,,,,0.9999999999999999,-2.8275654855988823,delay_only,0.4303030303030303,0.002665408509291668,0.07128829580996345,348,3355443.2,33554432.0,0.9179133176803589,0.0,3,,0,2827.5654855988823,0.11875,3.746832573413849,2774.983218858381,2361.551002275,4666163.2,46661632.0,10,2
35651584.0,1310720.0,1527.3890070324846,0,1,0.6637922488152981,0.3330132003796684,2991.28407506245,1456.7975247556847,0.0,1995.146991981167,1527.3890070324846,1.0,2,1.0,0.0,0.0,0.0,0.0,0.776182566809171,0.0,0.3553353322059375,100000000.0,0.10000000149011612,0.0,0.0,0.0,,-0.6,0.0,4,0.4,0.061414774507284164,2.0,0.0,77.6890255510807,,410026.4560955243,1.995146991981167,1.995146991981167,1456.7975247556844,3696230.4,36962304.0,59,-0.048456618766316926,1456.7975247556844,1.0,4416.5714299421625,35651584.0,1310720.0,False,0.15946567889593144,1.4687331802797878,0.3063470448174591,0.3162410732426985,7,4.3,6.0,0.02756972246565185,2,4,861.3422517566809,-0.11855043607434555,0.4087426446574075,,,,,,0.0,2,,,,,,,,,,,,,,,,,,,,,,,,,,,,,,,,,,,,,,,,,,,,,,,,,,,,,,,,,,,,,,,,,,,,,,,,,,,,,,,,,,,,,0.9999999999999999,-1.995146991981167,delay_only,0.4303030303030303,0.002685089509882412,0.07124272183525997,350,3565158.4,35651584.0,0.9178948402404785,0.0,1,,0,1995.146991981167,0.096875,3.6737203001976013,1948.4859172422175,1527.3890070324846,3696230.4,36962304.0,10,2
54525952.0,27262976.0,3228.1646956882864,0,1,0.672308262437582,0.2735558198318147,6079.712041907533,2999.9668783380457,0.0,4416.571429942162,3228.1646956882864,1.0,2,1.0,0.0,0.0,0.0,0.0,0.6131608881879433,0.0,0.33652463157964113,100000000.0,0.10000000149011612,0.0,0.0,0.0,,-0.49090909090909085,0.0,4,0.4,0.061525970697402954,2.0,0.0,79.77828523144126,,410026.4560955243,4.416571429942162,4.416571429942162,2999.9668783380457,8178892.8,81788928.0,59,-0.0760667789361263,2999.9668783380457,1.0,4416.5714299421625,54525952.0,27262976.0,False,0.13730493420533413,1.2646251787829226,0.2742072048196932,0.2244096300170787,7,3.7,4.7,0.03434237573142342,2,4,1975.9295729750158,-0.22284131267009166,0.34134953714233573,,,,,,0.0,2,,,,,,,,,,,,,,,,,,,,,,,,,,,,,,,,,,,,,,,,,,,,,,,,,,,,,,,,,,,,,,,,,,,,,,,,,,,,,,,,,,,,,0.9999999999999999,-4.416571429942162,delay_only,0.4303030303030303,0.0027155119407836206,0.07119610201931782,352,5452595.2,54525952.0,0.9179539084434509,0.0,2,,0,4416.5714299421625,0.115625,3.7880151212215423,4369.280606519789,3228.1646956882864,8178892.8,81788928.0,10,2
33554432.0,13107200.0,2340.4094253761345,7,1,0.6540981121361256,0.35432855198253416,4365.647187330711,2149.4732267991394,0.0,2818.773740977197,2340.4094253761345,1.0,2,1.0,0.0,0.0,0.0,0.0,0.968792830717157,0.0,0.4714397109029697,100000000.0,0.10000000149011612,0.0,0.0,0.0,,-0.6848484848484848,0.0,4,0.2,0.06323879957199097,1.0,0.0,66.70073373243213,,410026.4560955243,2.818773740977197,2.818773740977197,2149.4732267991394,4666163.2,46661632.0,59,-0.08882929835852167,2149.4732267991394,1.0,4416.5714299421625,33554432.0,13107200.0,False,0.1272194827214964,1.1717347378117249,0.28124785255645746,0.35669996846158736,6,4.4,5.4,0.017986382522856347,2,4,1133.3165593049375,-0.187900355018912,0.47274683621316776,,,,,,0.0,2,,,,,,,,,,,,,,,,,,,,,,,,,,,,,,,,,,,,,,,,,,,,,,,,,,,,,,,,,,,,,,,,,,,,,,,,,,,,,,,,,,,,,0.9999999999999999,-2.818773740977197,delay_only,0.4303030303030303,0.0026964303791086846,0.07118590376888198,354,3355443.2,33554432.0,0.9178365468978882,0.0,3,,0,2818.773740977197,0.134375,3.7606535077095034,2761.3644172252707,2340.4094253761345,4666163.2,46661632.0,10,2
33554432.0,13107200.0,1903.4648932349003,8,0,0.6473632529377937,0.30837836908159216,3408.609100299233,1669.6088705949007,0.0,2357.4677851122824,1903.4648932349003,1.0,2,1.0,0.0,0.0,0.0,0.0,0.7642610264478634,0.0,0.41190429850209725,100000000.0,0.10000000149011612,0.0,0.0,0.0,,-0.5151515151515151,0.0,4,0.2,0.06023683771491051,1.0,0.0,69.3913591094315,,413480.0782167504,2.3574677851122825,2.3574677851122825,1669.6088705949007,4666163.2,46661632.0,60,-0.1400663513225549,1669.6088705949007,1.0,3453.6221212261103,33554432.0,13107200.0,False,0.14187566844449087,1.3067231968754018,0.3044320692526367,0.26995900690273134,6,4.4,5.4,0.02108196906763277,2,4,981.9076009187119,-0.3400546617430457,0.4118936367600593,,,,,,0.0,2,,,,,,,,,,,,,,,,,,,,,,,,,,,,,,,,,,,,,,,,,,,,,,,,,,,,,,,,,,,,,,,,,,,,,,,,,,,,,,,,,,,,,0.9999999999999999,-2.3574677851122825,delay_only,0.4303030303030303,0.0026847696670127697,0.07117210098120212,356,3355443.2,33554432.0,0.9179173111915588,0.0,1,0.0796875,0,2357.4677851122824,0.1234375,3.6739021062850954,2304.752773239931,1903.4648932348998,4666163.2,46661632.0,10,2
29360128.0,9175040.0,1709.951972317514,2,0,0.6528841331601143,0.31545736034492927,3165.5884101768766,1556.0825378990637,0.0,2166.9802463639776,1709.9519723175138,1.0,2,1.0,0.0,0.0,0.0,0.0,0.9706881135931735,0.0,0.49481209746513555,100000000.0,0.10000000149011612,0.0,0.0,0.0,,-0.7575757575757575,0.0,4,0.2,0.06049928441643715,1.0,0.0,69.67184878885746,,413480.0782167504,2.166980246363978,2.166980246363978,1556.0825378990637,3853516.8,38535168.0,60,-0.09888256610487807,1556.0825378990635,1.0,3453.6221212261103,29360128.0,9175040.0,False,0.1293654038716496,1.1914994020160585,0.3199965342232013,0.27913077447727686,6,4.6,5.6,0.022653058771739475,2,4,831.1652595167445,-0.21225792101661062,0.46586042881829526,,,,,,0.0,2,,,,,,,,,,,,,,,,,,,,,,,,,,,,,,,,,,,,,,,,,,,,,,,,,,,,,,,,,,,,,,,,,,,,,,,,,,,,,,,,,,,,,0.9999999999999999,-2.166980246363978,delay_only,0.4303030303030303,0.0026772908451479973,0.07114771711428963,358,2936012.8,29360128.0,0.9179310202598572,0.0,2,0.0796875,0,2166.9802463639776,0.1125,3.7106164932250976,2113.5569119852285,1709.9519723175138,3853516.8,38535168.0,10,2
75497472.0,5242880.0,2103.8330871198496,0,1,0.6565749645233154,0.14262492312966615,4028.1344937536865,1968.6656054763123,0.0,3453.6221212261103,2103.8330871198496,1.0,2,1.0000000000000002,0.0,0.0,0.0,0.0,0.2490581979254305,0.0,0.14171515156880563,100000000.0,0.10000000149011612,0.0,-2.220446049250313e-16,2.220446049250313e-16,,-0.6484848484848483,0.0,4,0.6,0.06132346764206886,3.0,0.0,90.80328280106187,,413480.0782167504,3.4536221212261102,3.4536221212261102,1968.6656054763123,8074035.2,80740352.0,60,-0.06865944184097926,1968.6656054763123,1.0,3453.6221212261103,75497472.0,5242880.0,False,0.17290841442274668,1.5925453500122129,0.2785148458595332,0.14120869635774835,8,3.2,5.8,0.06210495752056542,2,4,1658.2001621915524,-0.43537045609150454,0.15770349338207892,,,,,,2.220446049250313e-16,2,,,,,,,,,,,,,,,,,,,,,,,,,,,,,,,,,,,,,,,,,,,,,,,,,,,,,,,,,,,,,,,,,,,,,,,,,,,,,,,,,,,,,0.9999999999999999,-3.4536221212261102,delay_only,0.43636363636363634,0.0026741783799084573,0.07138663895232951,360,7549747.2,75497472.0,0.9172055721282959,0.0,3,0.0796875,0,3453.6221212261103,0.1359375,3.7508899688720705,3410.4177321792317,2103.8330871198496,8074035.2,80740352.0,10,2
58720256.0,1310720.0,5638.38282537169,4,1,0.8828802965581417,0.417665714986662,11290.59637973467,5612.953929148662,0.0,6574.901370166972,5638.38282537169,1.0,2,1.0,0.0,0.0,0.0,0.0,1.7796180729187216,0.0,0.660388567681763,100000000.0,0.10000000149011612,0.0,0.0,0.0,,-0.9878787878787878,0.0,4,0.2,0.060956623405218124,1.0,0.0,80.50321228802204,,420054.9795869174,6.574901370166972,6.574901370166972,5612.953929148662,6003097.6,60030976.0,61,-0.004530394609329158,5612.953929148662,1.0,6574.901370166972,58720256.0,1310720.0,False,0.14704857709466798,1.3543674462566728,0.3210721353235878,0.6255668020296775,6,3.6,6.0,0.01518192997920161,2,4,2086.3086084570173,-0.007210505710293802,0.6283046975278744,,,,,,0.0,2,,,,,,,,,,,,,,,,,,,,,,,,,,,,,,,,,,,,,,,,,,,,,,,,,,,,,,,,,,,,,,,,,,,,,,,,,,,,,,,,,,,,,0.9999999999999999,-6.574901370166972,delay_only,0.43636363636363634,0.0026439910352736473,0.07137345845943391,362,5872025.6,58720256.0,0.9177910089492798,0.0,1,,0,6574.901370166972,0.1125,3.740681862831116,6510.212848729624,5638.382825371689,6003097.6,60030976.0,10,2
41943040.0,1310720.0,1271.3142471357487,0,1,0.8753510192036629,0.11439947729697421,2522.7753305330957,1223.0466548115057,0.0,2234.1711513824084,1271.3142471357487,1.0,2,1.0,0.0,0.0,0.0,0.0,0.21882802227688544,0.0,0.12161883771003525,100000000.0,0.10000000149011612,0.0,0.0,0.0,,-0.9999999999999999,0.0,4,0.0,0.0553557462990284,0.0,0.0,80.8764798566699,,420054.9795869174,2.2341711513824083,2.2341711513824083,1223.0466548115057,4325376.0,43253760.0,61,-0.0394650458626061,1223.0466548115057,1.0,6574.901370166972,41943040.0,1310720.0,False,0.11943070797494501,1.099997471315334,0.2919098774497425,0.1308851734234997,5,4.0,6.0,0.06937548496582,2,4,1064.4412504991449,-0.3043250167515341,0.12968058388320833,,,,,,0.0,2,,,,,,,,,,,,,,,,,,,,,,,,,,,,,,,,,,,,,,,,,,,,,,,,,,,,,,,,,,,,,,,,,,,,,,,,,,,,,,,,,,,,,0.9999999999999999,-2.2341711513824083,delay_only,0.43636363636363634,0.0026766269115328202,0.07142559472963853,364,4194304.0,41943040.0,0.9178991913795471,0.0,2,,0,2234.1711513824084,0.08125,3.9538020491600037,2157.489130472324,1271.3142471357487,4325376.0,43253760.0,10,2
29360128.0,9175040.0,1980.0887689531448,0,1,0.869325827807188,0.3733003480297428,3877.9807944443164,1906.5734898502049,0.0,2430.3292142255946,1980.0887689531448,1.0,2,1.0,0.0,0.0,0.0,0.0,1.170166171018726,0.0,0.5434352718888987,100000000.0,0.10000000149011612,0.0,0.0,0.0,,-0.6848484848484848,0.0,4,0.2,0.052431538701057434,1.0,0.0,76.94160798564553,,420054.9795869174,2.4303292142255946,2.4303292142255946,1906.573489850205,3853516.8,38535168.0,61,-0.03855884889531115,1906.5734898502046,1.0,6574.901370166972,29360128.0,9175040.0,False,0.13401204002977468,1.2342965026171222,0.310712404234876,0.4154461684736722,6,4.6,5.6,0.01885263141430582,2,4,903.4186794439579,-0.07328408171931973,0.5261558580073735,,,,,,0.0,2,,,,,,,,,,,,,,,,,,,,,,,,,,,,,,,,,,,,,,,,,,,,,,,,,,,,,,,,,,,,,,,,,,,,,,,,,,,,,,,,,,,,,0.9999999999999999,-2.4303292142255946,delay_only,0.43636363636363634,0.0026793351426307854,0.07145824812230184,366,2936012.8,29360128.0,0.9179065823554993,0.0,3,,0,2430.3292142255946,0.103125,3.8024208307266236,2365.4953994816883,1980.088768953145,3853516.8,38535168.0,10,2
94371840.0,21626880.0,6121.817708684498,1,0,0.8707698434591293,0.2738691442599765,9428.042739419478,4679.329751652771,0.4,6845.992742328181,6121.817708684499,1.0,2,1.0,0.0,0.0,0.0,0.0,0.9310713199729123,0.4,0.49293697119101965,100000000.0,0.10000000149011612,0.0,0.0,0.0,,-0.6065462374963008,0.0,4,0.0,0.05767780914902687,0.0,0.0,69.38323611393571,,426900.9723292456,6.845992742328181,6.845992742328181,4679.329751652772,11599872.0,115998720.0,62,-0.3082680711959293,4679.329751652771,1.0,6845.992742328181,94371840.0,21626880.0,False,0.14423216429923202,1.3284273257827186,0.3448809679761278,0.22311423840694009,5,3.0,5.0,0.01,2,4,2439.500177166589,-0.644016836576789,0.478664615096865,,,,,,0.0,2,,,,,,,,,,,,,,,,,,,,,,,,,,,,,,,,,,,,,,,,,,,,,,,,,,,,,,,,,,,,,,,,,,,,,,,,,,,,,,,,,,,,,0.9692233691951198,-6.845992742328181,delay_only,0.43636363636363634,0.0026720482759667913,0.0714695853847655,368,9437184.0,94371840.0,0.9179851412773132,0.0,1,,0,6845.992742328181,0.11875,3.665983557701111,6779.742713308169,6121.817708684499,11599872.0,115998720.0,10,2
92274688.0,1310720.0,5552.61319344759,6,0,0.873231329023838,0.34089171801920287,9863.512000802795,4900.922072254068,0.0,6501.122449146105,5552.613193447591,1.0,2,1.0,0.0,0.0,0.0,0.0,0.9808818009775719,0.0,0.5082000155373011,100000000.0,0.10000000149011612,0.0,0.0,0.0,,-0.09090909090909088,0.0,4,0.2,0.06398715823888779,1.0,0.0,75.25659166276455,,426900.9723292456,6.501122449146106,6.501122449146106,4900.922072254067,9358540.8,93585408.0,62,-0.13297316537289705,4900.922072254068,1.0,6845.992742328181,92274688.0,1310720.0,False,0.11944516917174816,1.1001306638600772,0.285415315262698,0.3185452375326558,6,3.2,6.0,0.015726877302856962,2,4,2552.311343693252,-0.2774794108144373,0.47921813363594773,,,,,,0.0,2,,,,,,,,,,,,,,,,,,,,,,,,,,,,,,,,,,,,,,,,,,,,,,,,,,,,,,,,,,,,,,,,,,,,,,,,,,,,,,,,,,,,,0.9999999999999999,-6.501122449146106,delay_only,0.43636363636363634,0.002662925615317285,0.07148119813689105,370,9227468.8,92274688.0,0.917917788028717,0.0,2,,0,6501.122449146105,0.13125,3.6370564103126526,6439.4545928514435,5552.61319344759,9358540.8,93585408.0,10,2
92274688.0,13107200.0,4566.288276564024,0,0,0.8687740191817284,0.33989723125414145,8872.132792569226,4405.840801290933,0.0,5856.519421055871,4566.288276564024,1.0,2,1.0,0.0,0.0,0.0,0.0,0.8153113968420929,0.0,0.396844678477251,100000000.0,0.10000000149011612,0.0,0.0,0.0,,-0.04242424242424241,0.0,4,0.2,0.05733293667435646,1.0,0.0,76.86399528756738,,426900.9723292456,5.8565194210558715,5.8565194210558715,4405.840801290932,10538188.8,105381888.0,62,-0.03641699337526669,4405.840801290933,1.0,6845.992742328181,92274688.0,13107200.0,False,0.1272194827214964,1.1717347378117249,0.28124785255645746,0.3169151109323041,6,2.8,5.4,0.026572285316101295,2,4,2526.0394944664145,-0.0853534225615205,0.4266611962633165,,,,,,0.0,2,,,,,,,,,,,,,,,,,,,,,,,,,,,,,,,,,,,,,,,,,,,,,,,,,,,,,,,,,,,,,,,,,,,,,,,,,,,,,,,,,,,,,0.9999999999999999,-5.8565194210558715,delay_only,0.43636363636363634,0.002685302371638886,0.07151694864872413,372,9227468.8,92274688.0,0.9179406762123108,0.0,3,,0,5856.519421055871,0.1171875,3.7641614079475403,5796.06823106851,4566.288276564024,10538188.8,105381888.0,10,2
25165824.0,1310720.0,935.928562704798,2,1,0.8902661502361298,0.35755763098293863,2182.737631570943,1063.8349029870817,0.0,1402.2831349691262,935.928562704798,1.0,2,0.9999999999999998,0.0,0.0,0.0,0.0,1.0304656312364966,0.0,0.43682891695147064,100000000.0,0.10000000149011612,0.0,2.220446049250313e-16,0.0,,-0.9030303030303028,0.0,4,0.6,0.0637289360165596,3.0,0.0,93.92127813771367,,435188.92096807255,1.4022831349691263,1.4022831349691263,1063.8349029870817,2647654.4,26476544.0,63,0.1202313816957338,1063.8349029870817,1.0,8287.948638826954,25165824.0,1310720.0,False,0.17912127977103703,1.6497679545552233,0.250824853038576,0.37540877174858844,8,4.8,6.0,0.03979291892217671,2,4,553.1339442850743,0.2504525164929576,0.48005659267997236,,,,,,0.0,2,,,,,,,,,,,,,,,,,,,,,,,,,,,,,,,,,,,,,,,,,,,,,,,,,,,,,,,,,,,,,,,,,,,,,,,,,,,,,,,,,,,,,0.9999999999999999,-1.4022831349691263,delay_only,0.43636363636363634,0.0027466239799471747,0.0714321884441457,374,2516582.4,25165824.0,0.9172171354293823,0.0,1,,0,1402.2831349691262,0.1296875,3.674019193649292,1347.2153093723466,935.9285627047981,2647654.4,26476544.0,10,2
20971520.0,1310720.0,650.697388369349,0,0,0.6505721248686314,0.19057209407776982,1409.6904586191936,667.4224493620776,0.0,1141.0427959186823,650.697388369349,1.0,2,1.0,0.0,0.0,0.0,0.0,0.2911325737053527,0.0,0.15525834657671148,100000000.0,0.10000000149011612,0.0,0.0,0.0,,-0.9999999999999999,0.0,4,0.2,0.0602804571390152,1.0,0.0,74.8455598950386,,435188.92096807255,1.1410427959186822,1.1410427959186822,667.4224493620775,2228224.0,22282240.0,63,0.025059182544300763,667.4224493620776,1.0,8287.948638826954,20971520.0,1310720.0,False,0.11946191579791035,1.1002849059871131,0.29476304063841563,0.16736826692318152,6,5.0,6.0,0.06602943408457095,2,4,525.5593179648662,0.11789575507042134,0.21255373044883968,,,,,,0.0,2,,,,,,,,,,,,,,,,,,,,,,,,,,,,,,,,,,,,,,,,,,,,,,,,,,,,,,,,,,,,,,,,,,,,,,,,,,,,,,,,,,,,,0.9999999999999999,-1.1410427959186822,delay_only,0.43636363636363634,0.0027400627104016886,0.07144943835718659,376,2097152.0,20971520.0,0.9179216623306274,0.0,2,,0,1141.0427959186823,0.1125,3.7417819142341613,1080.3491915127129,650.697388369349,2228224.0,22282240.0,10,2
142606336.0,7208960.0,6265.056347830265,0,0,0.6621163338422775,0.32046824420011855,12196.558244833095,6051.4610211035815,0.0,8287.948638826954,6265.056347830265,1.0,2,1.0,0.0,0.0,0.0,0.0,0.804223361731325,0.0,0.3895033970187198,100000000.0,0.10000000149011612,0.0,0.0,0.0,,-0.6484848484848483,0.0,4,0.4,0.06225283071398735,2.0,0.0,93.63620262593031,,435188.92096807255,8.287948638826954,8.287948638826954,6051.461021103582,14981529.6,149815296.0,63,-0.0352964888944672,6051.461021103581,1.0,8287.948638826954,142606336.0,7208960.0,False,0.15217101473409184,1.4015468404499887,0.31410921117604734,0.2824022691665911,7,1.6,5.7,0.031459095189712426,2,4,3604.0524307376068,-0.08727407739250585,0.404432678626037,,,,,,0.0,2,,,,,,,,,,,,,,,,,,,,,,,,,,,,,,,,,,,,,,,,,,,,,,,,,,,,,,,,,,,,,,,,,,,,,,,,,,,,,,,,,,,,,0.9999999999999999,-8.287948638826954,delay_only,0.44242424242424244,0.0027015546393282033,0.07175165700854197,378,14260633.6,142606336.0,0.9179198145866394,0.0,3,,0,8287.948638826954,0.121875,3.6461667835712435,8235.98638798331,6265.056347830265,14981529.6,149815296.0,10,2
41943040.0,1310720.0,1305.2298541919251,0,0,0.6600669585168362,0.20749521622304062,2642.291186480073,1282.59481960453,0.0,2094.0284054171557,1305.2298541919251,1.0,2,1.0,0.0,0.0,0.0,0.0,0.43906904985895595,0.0,0.24040971064933353,100000000.0,0.10000000149011612,0.0,0.0,0.0,,-0.9999999999999999,0.0,4,0.4,0.06724882870912552,2.0,0.0,77.10154727101326,,440102.5024565033,2.0940284054171556,2.0940284054171556,1282.59481960453,4325376.0,43253760.0,64,-0.01764784501030072,1282.59481960453,1.0,4913.581488430712,41943040.0,1310720.0,False,0.14757876494134398,1.3592506567856437,0.28505388460647907,0.17466142729544665,7,4.0,6.0,0.054526564931724794,2,4,966.6267289493661,-0.07163709012660528,0.2463506680563298,,,,,,0.0,2,,,,,,,,,,,,,,,,,,,,,,,,,,,,,,,,,,,,,,,,,,,,,,,,,,,,,,,,,,,,,,,,,,,,,,,,,,,,,,,,,,,,,0.9999999999999999,-2.0940284054171556,delay_only,0.44242424242424244,0.0027036519366966283,0.07172801069708702,380,4194304.0,41943040.0,0.917972981929779,0.0,1,,0,2094.0284054171557,0.13125,3.6255564093589783,2043.4115701731557,1305.229854191925,4325376.0,43253760.0,10,2
83886080.0,1310720.0,3307.985721581116,0,1,0.6608413532376289,0.2991050382666481,7010.439162352022,3473.3770635094925,0.0,4913.581488430713,3307.985721581116,1.0,2,1.0,0.0,0.0,0.0,0.0,0.6472210352269003,0.0,0.33258820812790535,100000000.0,0.10000000149011612,0.0,0.0,0.0,,-0.9999999999999999,0.0,4,0.2,0.06838588416576385,1.0,0.0,63.685035333037376,,440102.5024565033,4.913581488430712,4.913581488430712,3473.3770635094925,8519680.0,85196800.0,64,0.047616869376475156,3473.3770635094925,1.0,4913.581488430712,83886080.0,1310720.0,False,0.12932899265864822,1.1911640423509593,0.3094063775156811,0.2523304131988024,6,3.0,6.0,0.046611771068333745,2,4,2217.339051785164,0.13167701963201092,0.3616186750698556,,,,,,0.0,2,,,,,,,,,,,,,,,,,,,,,,,,,,,,,,,,,,,,,,,,,,,,,,,,,,,,,,,,,,,,,,,,,,,,,,,,,,,,,,,,,,,,,0.9999999999999999,-4.913581488430712,delay_only,0.44242424242424244,0.002713031311340846,0.07163714975496112,382,8388608.0,83886080.0,0.9178532361984253,0.0,2,,0,4913.581488430712,0.153125,3.564981472492218,4861.340509969953,3307.985721581116,8519680.0,85196800.0,10,2
39845888.0,7208960.0,3012.278242831038,0,0,0.873285811394453,0.39104607254905654,5731.558769862398,2840.4526088457774,0.0,3490.255223323605,3012.2782428310375,1.0,2,0.9999999999999996,0.0,0.0,0.0,0.0,1.4699575292181395,0.0,0.655549596885933,100000000.0,0.10000000149011612,0.0,4.440892098500626e-16,0.0,,-0.709090909090909,0.0,4,0.4,0.056639496237039566,2.0,0.0,77.24142028018832,,440102.5024565033,3.4902552233236053,3.4902552233236053,2840.4526088457774,4705484.8,47054848.0,64,-0.06049234317452036,2840.4526088457774,1.0,4913.581488430712,39845888.0,7208960.0,False,0.13967806036067412,1.2864824784192432,0.2778900981269251,0.47408112397085234,7,4.4,5.7,0.013303404529979732,2,4,1080.4837693707038,-0.09762992965063458,0.6196085912485052,,,,,,0.0,2,,,,,,,,,,,,,,,,,,,,,,,,,,,,,,,,,,,,,,,,,,,,,,,,,,,,,,,,,,,,,,,,,,,,,,,,,,,,,,,,,,,,,0.9999999999999999,-3.4902552233236053,delay_only,0.44242424242424244,0.0027279284107451485,0.07161282391757391,384,3984588.8,39845888.0,0.9179503321647644,0.0,3,,0,3490.255223323605,0.146875,3.59195476770401,3439.6016711527623,3012.278242831038,4705484.8,47054848.0,10,2
41943040.0,20971520.0,1890.344205317941,0,0,0.660507008433342,0.3086519208894276,4350.292508204369,2147.3651079893552,0.0,3007.566369116205,1890.344205317941,1.0,2,1.0,0.0,0.0,0.0,0.0,0.5770569583509587,0.0,0.23982907335742085,100000000.0,0.10000000149011612,0.0,0.0,0.0,,-0.9878787878787878,0.0,4,0.2,0.05546032637357712,1.0,0.0,68.70782561600208,,449560.09042606474,3.007566369116205,3.007566369116205,2147.3651079893552,6291456.0,62914560.0,65,0.11969129130167852,2147.3651079893552,1.0,9457.587969561442,41943040.0,20971520.0,False,0.14116753437017518,1.30020104102196,0.30811718548072586,0.2668731183777718,6,4.0,5.0,0.056162251752137474,2,4,1392.0158240247506,0.3402676194016994,0.3517563367097185,,,,,,0.0,2,,,,,,,,,,,,,,,,,,,,,,,,,,,,,,,,,,,,,,,,,,,,,,,,,,,,,,,,,,,,,,,,,,,,,,,,,,,,,,,,,,,,,0.9878787878787878,-3.007566369116205,delay_only,0.44242424242424244,0.0027139594773643015,0.07159566084907926,386,4194304.0,41943040.0,0.9177958369255066,0.0,1,,0,3007.566369116205,0.1640625,3.6000656604766847,2952.004076890546,1890.344205317941,6291456.0,62914560.0,10,2
20971520.0,1310720.0,1935.7639575254852,0,1,0.6545600481331348,0.43007564104501245,4228.633900681224,2085.834815420999,0.0,2410.001465101075,1935.763957525485,1.0,2,1.0,0.0,0.0,0.0,0.0,2.268803791300761,0.0,0.6886670839170648,100000000.0,0.10000000149011612,0.0,0.0,0.0,,-0.9878787878787878,0.0,4,0.2,0.06087672337889671,1.0,0.0,70.66016737371683,,449560.09042606474,2.4100014651010753,2.4100014651010753,2085.8348154209984,2228224.0,22282240.0,65,0.07194762345800801,2085.834815420999,1.0,9457.587969561442,20971520.0,1310720.0,False,0.13253632823276773,1.2207046946757476,0.3424548918618926,0.7806198495175687,6,5.0,6.0,0.020848478898107575,2,4,621.6200297512271,0.1024923797821555,0.7019802214655425,,,,,,0.0,2,,,,,,,,,,,,,,,,,,,,,,,,,,,,,,,,,,,,,,,,,,,,,,,,,,,,,,,,,,,,,,,,,,,,,,,,,,,,,,,,,,,,,0.9878787878787878,-2.4100014651010753,delay_only,0.44242424242424244,0.0026998420467025668,0.07158758755556614,388,2097152.0,20971520.0,0.9176979064941406,0.0,2,,0,2410.001465101075,0.1515625,3.6168351650238035,2353.037195261848,1935.763957525485,2228224.0,22282240.0,10,2
35651584.0,17956864.0,8359.301230559002,7,0,0.6631412543356419,0.4426442914973782,16968.675166116027,8455.513137499302,0.7,9457.587969561442,8359.301230559002,1.0,2,1.0,0.0,0.0,0.0,0.0,2.6512881001674264,0.7,0.8066517648880456,100000000.0,0.10000000149011612,0.0,0.0,0.0,,-0.7665754816682585,0.0,4,0.8,0.06288783252239227,4.0,0.0,91.12948039546609,,449560.09042606474,9.457587969561443,9.457587969561443,8455.513137499302,5360844.8,53608448.0,65,0.011378600609537382,8455.513137499302,1.0,9457.587969561442,35651584.0,17956864.0,False,0.23675884589813234,2.1806295567980563,0.20174207855822665,0.895307167128551,9,4.6,5.6,0.010000000000000004,2,4,1497.6044061912683,0.013827704653178714,0.8228842671239488,,,,,,0.0,2,,,,,,,,,,,,,,,,,,,,,,,,,,,,,,,,,,,,,,,,,,,,,,,,,,,,,,,,,,,,,,,,,,,,,,,,,,,,,,,,,,,,,0.9566355184455129,-9.457587969561443,delay_only,0.45454545454545453,0.0026278462587904982,0.07166229684092291,390,3565158.4,35651584.0,0.9181221723556519,0.0,3,,0,9457.587969561442,0.1296875,3.548962730169296,9399.939078444018,8359.301230559,5360844.8,53608448.0,10,2
123731968.0,59113472.0,8515.927965511215,2,1,0.6517558358609676,0.26217846687111873,13486.9453462851,6699.651950881106,0.2,9950.958692621503,8515.927965511217,1.0,2,1.0,0.0,0.0,0.0,0.0,0.6981828865861236,0.2,0.38327590014038154,100000000.0,0.10000000149011612,0.0,0.0,0.0,,-0.38298049251844074,0.0,4,0.4,0.05848536640405655,2.0,0.0,87.64144452288747,,459511.04911868623,9.950958692621503,9.950958692621503,6699.651950881106,18284544.0,182845440.0,66,-0.2711000553381347,6699.651950881105,1.0,9950.958692621503,123731968.0,59113472.0,False,0.16163496468617577,1.4887130407720295,0.30905352508435036,0.21176867087594728,7,2.2,3.9,0.01,2,4,4129.644685667121,-0.7067201868314106,0.3836031011843816,,,,,,0.0,2,,,,,,,,,,,,,,,,,,,,,,,,,,,,,,,,,,,,,,,,,,,,,,,,,,,,,,,,,,,,,,,,,,,,,,,,,,,,,,,,,,,,,0.9969650916353059,-9.950958692621503,delay_only,0.46060606060606063,0.0025957997232193275,0.07188848581380719,392,12373196.8,123731968.0,0.9175618290901184,0.0,1,,0,9950.958692621503,0.134375,3.5573788583278656,9891.340594425861,8515.927965511217,18284544.0,182845440.0,10,2
67108864.0,1310720.0,3008.9586218426925,6,0,0.6609070114791393,0.3084688726352543,5577.800807155701,2751.747037090377,0.0,3857.22288038837,3008.9586218426925,1.0,2,1.0,0.0,0.0,0.0,0.0,0.6125672418509106,0.0,0.2818205440465261,100000000.0,0.10000000149011612,0.0,0.0,0.0,,-0.7454545454545454,0.0,4,0.2,0.06024269759654999,1.0,0.0,74.3067329749465,,459511.04911868623,3.85722288038837,3.85722288038837,2751.747037090377,6841958.4,68419584.0,66,-0.09347210382546059,2751.7470370903775,1.0,9950.958692621503,67108864.0,1310720.0,False,0.12607572052898075,1.161200298714058,0.3068974735853792,0.2668570081805792,6,3.4,6.0,0.026132163912141418,2,4,1758.9444967601987,-0.2590762757987846,0.3607899007242835,,,,,,0.0,2,,,,,,,,,,,,,,,,,,,,,,,,,,,,,,,,,,,,,,,,,,,,,,,,,,,,,,,,,,,,,,,,,,,,,,,,,,,,,,,,,,,,,0.9878787878787878,-3.85722288038837,delay_only,0.46060606060606063,0.0025937435391840233,0.07190669545639683,394,6710886.4,67108864.0,0.9177806973457336,0.0,2,,0,3857.22288038837,0.1375,3.5499125957489013,3795.2646209511367,3008.9586218426925,6841958.4,68419584.0,10,2
41943040.0,1310720.0,1034.999263839809,0,1,0.660507008433342,0.10042049830034738,2011.240273811524,971.2611418704713,0.0,1809.2705233136437,1034.999263839809,1.0,2,0.9999999999999999,0.0,0.0,0.0,0.0,0.17337548332818964,0.0,0.0980031919349853,100000000.0,0.10000000149011612,0.0,1.1102230246251565e-16,0.0,,-0.9999999999999999,0.0,4,0.0,0.06393773853778839,0.0,0.0,68.71799007058144,,459511.04911868623,1.809270523313644,1.809270523313644,971.2611418704713,4325376.0,43253760.0,66,-0.06562408318589762,971.2611418704712,1.0,9950.958692621503,41943040.0,1310720.0,False,0.12352692429678498,1.1377250178767244,0.29635955705578665,0.12625399851901634,5,4.0,6.0,0.06850738028253787,2,4,864.2848649153796,-0.5958154815585406,0.11014162138626783,,,,,,0.0,2,,,,,,,,,,,,,,,,,,,,,,,,,,,,,,,,,,,,,,,,,,,,,,,,,,,,,,,,,,,,,,,,,,,,,,,,,,,,,,,,,,,,,0.9999999999999999,-1.809270523313644,delay_only,0.46060606060606063,0.002589168709990765,0.07188218069965971,396,4194304.0,41943040.0,0.9180231094360352,0.0,3,,0,1809.270523313644,0.1203125,3.636629730463028,1744.0501454400146,1034.9992638398091,4325376.0,43253760.0,10,2
20971520.0,1310720.0,828.4857073413765,0,1,0.6567779928445816,0.3165742285603202,1947.5704049960991,941.3479648199537,0.0,1331.0198064675487,828.4857073413766,1.0,2,1.0,0.0,0.0,0.0,0.0,0.6659508701393663,0.0,0.2878558877401822,100000000.0,0.10000000149011612,0.0,0.0,0.0,,-0.9999999999999999,0.0,4,0.0,0.06175913289189339,0.0,0.0,69.95730102062225,,465113.28586089105,1.3310198064675487,1.3310198064675487,941.3479648199539,2228224.0,22282240.0,67,0.1198943023158963,941.3479648199537,1.0,5602.236742204789,20971520.0,1310720.0,False,0.1293161973526083,1.1910461932271679,0.2761904015186124,0.28982623091081045,5,5.0,6.0,0.05282645432405071,2,4,586.3938280576291,0.3179629303888046,0.37707006338534416,,,,,,0.0,2,,,,,,,,,,,,,,,,,,,,,,,,,,,,,,,,,,,,,,,,,,,,,,,,,,,,,,,,,,,,,,,,,,,,,,,,,,,,,,,,,,,,,0.9999999999999999,-1.3310198064675487,delay_only,0.46060606060606063,0.0025773821757157965,0.07189017614336109,398,2097152.0,20971520.0,0.9178854823112488,0.0,1,,0,1331.0198064675487,0.1390625,3.4925727546215057,1266.1453311113573,828.4857073413765,2228224.0,22282240.0,10,2
79691776.0,15073280.0,4349.677476840682,7,0,0.6629657000303268,0.34914566215091797,8607.512336352926,4273.721434473103,0.0,5602.236742204789,4349.677476840682,1.0,2,1.0000000000000002,0.0,0.0,0.0,0.0,1.0030051649048572,0.0,0.48863075398694406,100000000.0,0.10000000149011612,0.0,-2.220446049250313e-16,2.220446049250313e-16,,-0.5636363636363636,0.0,4,0.4,0.06410116702318192,2.0,0.0,85.57264460250735,,465113.28586089105,5.602236742204789,5.602236742204789,4273.721434473103,9476505.6,94765056.0,67,-0.017772810776784706,4273.721434473103,1.0,5602.236742204789,79691776.0,15073280.0,False,0.14936963652506025,1.3757451936341707,0.2935352202006396,0.33692581098915586,7,3.4,5.3,0.026829267847445534,2,4,2237.114228800204,-0.03729538133617834,0.476541870334604,,,,,,2.220446049250313e-16,2,,,,,,,,,,,,,,,,,,,,,,,,,,,,,,,,,,,,,,,,,,,,,,,,,,,,,,,,,,,,,,,,,,,,,,,,,,,,,,,,,,,,,0.9999999999999999,-5.602236742204789,delay_only,0.46060606060606063,0.002595472174342593,0.0719203141529761,400,7969177.6,79691776.0,0.917019248008728,0.0,2,,0,5602.236742204789,0.1484375,3.5626216292381288,5542.167274798069,4349.677476840682,9476505.6,94765056.0,10,2
104857600.0,1310720.0,4349.207749688885,4,0,0.6852690130472183,0.274336119831595,7249.727150427789,3591.96991822806,0.0,5260.865134141663,4349.207749688885,1.0,2,0.9999999999999998,0.0,0.0,0.0,0.0,0.7572142333303998,0.0,0.41450293905148977,100000000.0,0.10000000149011612,0.0,2.220446049250313e-16,0.0,,0.309090909090909,0.0,4,0.0,0.06024269759654999,0.0,0.0,71.58217672258615,,465113.28586089105,5.260865134141664,5.260865134141664,3591.96991822806,10616832.0,106168320.0,67,-0.2108140793769161,3591.96991822806,1.0,5602.236742204789,104857600.0,1310720.0,False,0.1311749642423237,1.2081660689536062,0.3315800824484687,0.22406289145458674,5,2.5,6.0,0.019315591622181882,2,4,2209.1457993376976,-0.5476024182080838,0.3849765310875759,,,,,,0.0,2,,,,,,,,,,,,,,,,,,,,,,,,,,,,,,,,,,,,,,,,,,,,,,,,,,,,,,,,,,,,,,,,,,,,,,,,,,,,,,,,,,,,,0.9999999999999999,-5.260865134141664,delay_only,0.46060606060606063,0.0025821780829688597,0.07192047998568173,402,10485760.0,104857600.0,0.9178997874259949,0.0,3,,0,5260.8651341416635,0.1375,3.5243093371391296,5195.077820169995,4349.207749688885,10616832.0,106168320.0,10,2
33554432.0,1310720.0,1346.3681880878564,0,0,0.6533809937536716,0.32202661805071625,2650.6169355046,1291.2846904033793,0.0,1797.0477280161,1346.3681880878567,1.0,2,0.9999999999999999,0.0,0.0,0.0,0.0,0.7017738863204179,0.0,0.31189660955956233,100000000.0,0.10000000149011612,0.0,1.1102230246251565e-16,0.0,,-0.8545454545454544,0.0,4,0.2,0.06565789878368378,1.0,0.0,72.55984051153064,,469057.8613718721,1.7970477280161004,1.7970477280161004,1291.2846904033793,3486515.2,34865152.0,68,-0.042657903476939776,1291.284690403379,1.0,3944.575510981009,33554432.0,1310720.0,False,0.13038172635389958,1.2008600780052725,0.2728858583092926,0.2950054866243992,6,4.4,6.0,0.02841956521371948,2,4,785.2518715424224,-0.1088536071799975,0.3918832327384592,,,,,,0.0,2,,,,,,,,,,,,,,,,,,,,,,,,,,,,,,,,,,,,,,,,,,,,,,,,,,,,,,,,,,,,,,,,,,,,,,,,,,,,,,,,,,,,,0.9999999999999999,-1.7970477280161004,delay_only,0.46060606060606063,0.002587629542067923,0.07194735970691449,404,3355443.2,33554432.0,0.9177482724189758,0.0,1,,0,1797.0477280161003,0.1109375,3.571237635612488,1729.0001733182587,1346.3681880878567,3486515.2,34865152.0,10,2
33554432.0,1310720.0,1317.5513413480935,0,0,0.6819618865847588,0.31431382576863154,2620.8570439558275,1272.865108596337,0.0,1797.0854396774048,1317.5513413480933,1.0,2,1.0,0.0,0.0,0.0,0.0,0.7039155230749198,0.0,0.35150112272078704,100000000.0,0.10000000149011612,0.0,0.0,0.0,,-0.5515151515151515,0.0,4,0.2,0.05834677442908287,1.0,0.0,75.12682676315308,,469057.8613718721,1.7970854396774048,1.7970854396774048,1272.8651085963372,3486515.2,34865152.0,68,-0.03510680939399358,1272.865108596337,1.0,3944.575510981009,33554432.0,1310720.0,False,0.13530279136442858,1.2461847617448671,0.3340342401954239,0.2834298640167534,6,4.4,6.0,0.03164120276162375,2,4,777.29165663597,-0.09017075586875925,0.38933697578281873,,,,,,0.0,2,,,,,,,,,,,,,,,,,,,,,,,,,,,,,,,,,,,,,,,,,,,,,,,,,,,,,,,,,,,,,,,,,,,,,,,,,,,,,,,,,,,,,0.9999999999999999,-1.7970854396774048,delay_only,0.46060606060606063,0.002576133843046405,0.07196140147989713,406,3355443.2,33554432.0,0.9177771806716919,0.0,2,,0,1797.0854396774048,0.1296875,3.5380042552948,1734.4404327525372,1317.5513413480933,3486515.2,34865152.0,10,2
41943040.0,13107200.0,2979.5871296883106,9,0,0.6690281443297863,0.3212566455445561,5811.586198358795,2869.530996055807,0.0,3944.575510981009,2979.5871296883106,1.0,2,1.0,0.0,0.0,0.0,0.0,0.7767981422315803,0.0,0.3746712850652069,100000000.0,0.10000000149011612,0.0,0.0,0.0,,-0.9393939393939393,0.0,4,0.2,0.05757307633757591,1.0,0.0,72.5242062471807,,469057.8613718721,3.944575510981009,3.944575510981009,2869.530996055807,5505024.0,55050240.0,68,-0.03835335244114,2869.530996055807,1.0,3944.575510981009,41943040.0,13107200.0,False,0.1347011577628644,1.240643511495243,0.32201949377979056,0.28623170734962267,6,4.0,5.4,0.03010696144530238,2,4,1719.525395278929,-0.09570051968282264,0.40076430690505516,,,,,,0.0,2,,,,,,,,,,,,,,,,,,,,,,,,,,,,,,,,,,,,,,,,,,,,,,,,,,,,,,,,,,,,,,,,,,,,,,,,,,,,,,,,,,,,,0.9999999999999999,-3.944575510981009,delay_only,0.46060606060606063,0.0025846839675923417,0.07198972150505573,408,4194304.0,41943040.0,0.9177443385124207,0.0,3,,0,3944.575510981009,0.140625,3.5894625782966614,3876.6502780527626,2979.5871296883106,5505024.0,55050240.0,10,2
117440512.0,25690112.0,8544.275059813735,0,0,0.6485776975750923,0.411954522978975,18943.35388128767,9434.35283944537,0.0,11139.553569499893,8544.275059813735,1.0,2,0.9999999999999999,0.0,0.0,0.0,0.0,1.6068892988989305,0.0,0.5552459883852742,100000000.0,0.10000000149011612,0.0,1.1102230246251565e-16,0.0,,-0.6969696969696969,0.0,4,0.2,0.06165390834212303,1.0,0.0,74.64820239692926,,486220.60098511574,11.139553569499892,11.139553569499892,9434.35283944537,14313062.4,143130624.0,69,0.09434433869275977,9434.35283944537,1.0,17162.7396132437,117440512.0,25690112.0,False,0.143468322932787,1.3213920868075646,0.32133470782497603,0.578598522857678,6,2.6,4.8,0.029500809485224738,2,4,4014.5040858315333,0.16422557530561152,0.5744801838397704,,,,,,0.0,2,,,,,,,,,,,,,,,,,,,,,,,,,,,,,,,,,,,,,,,,,,,,,,,,,,,,,,,,,,,,,,,,,,,,,,,,,,,,,,,,,,,,,0.9999999999999999,-11.139553569499892,delay_only,0.46060606060606063,0.00259021901868171,0.07200392887149794,410,11744051.2,117440512.0,0.917804479598999,0.0,1,,0,11139.553569499893,0.14375,3.5572493076324463,11076.126920767618,8544.275059813735,14313062.4,143130624.0,10,2
167772160.0,25690112.0,5635.135122749548,7,0,0.6514759734272957,0.1983245539537107,10972.138722953821,5448.918815267024,0.0,8796.094204805768,5635.135122749548,1.0,2,1.0,0.0,0.0,0.0,0.0,0.3555957794104445,0.0,0.18926163833353568,100000000.0,0.10000000149011612,0.0,0.0,0.0,,-0.8909090909090909,0.0,4,0.2,0.0651451051235199,1.0,0.0,74.30109241977334,,486220.60098511574,8.796094204805767,8.796094204805767,5448.918815267024,19346227.2,193462272.0,69,-0.03417490951797198,5448.918815267023,1.0,17162.7396132437,167772160.0,25690112.0,False,0.12370302886127452,1.1393470008567317,0.28318719452319596,0.16648726228390667,6,1.4,4.8,0.05497289319671729,2,4,4234.484814906362,-0.15333588109952734,0.2228761414022183,,,,,,0.0,2,,,,,,,,,,,,,,,,,,,,,,,,,,,,,,,,,,,,,,,,,,,,,,,,,,,,,,,,,,,,,,,,,,,,,,,,,,,,,,,,,,,,,0.9999999999999999,-8.796094204805767,delay_only,0.4666666666666667,0.002557998183163391,0.07203926789801232,412,16777216.0,167772160.0,0.9178065657615662,0.0,2,,0,8796.094204805768,0.1328125,3.626968836784363,8732.931935269362,5635.135122749548,19346227.2,193462272.0,10,2
167772160.0,58720256.0,13569.569825492059,2,1,0.6544832140207291,0.3890008830062132,28089.63079633751,14011.31877943222,0.0,17162.7396132437,13569.569825492057,1.0,2,1.0,0.0,0.0,0.0,0.0,1.2474870575921035,0.0,0.5095877830505235,100000000.0,0.10000000149011612,0.0,0.0,0.0,,-0.9030303030303028,0.0,4,0.2,0.06366437673568726,1.0,0.0,74.32021806016564,,486220.60098511574,17.162739613243698,17.162739613243698,14011.31877943222,22649241.6,226492416.0,69,0.03152800681322165,14011.318779432218,1.0,17162.7396132437,167772160.0,58720256.0,False,0.13218866388487935,1.2175025876964944,0.3201587885672816,0.45425993451962937,6,1.0,3.6,0.02593191689157957,2,4,6725.7639766510765,0.060633536621195805,0.5199763789170154,,,,,,0.0,2,,,,,,,,,,,,,,,,,,,,,,,,,,,,,,,,,,,,,,,,,,,,,,,,,,,,,,,,,,,,,,,,,,,,,,,,,,,,,,,,,,,,,0.9999999999999999,-17.162739613243698,delay_only,0.4666666666666667,0.002582567589059327,0.07206383730390828,414,16777216.0,167772160.0,0.9177622199058533,0.0,3,,0,17162.7396132437,0.1125,3.6324413657188415,17095.74637577063,13569.569825492057,22649241.6,226492416.0,10,2
41943040.0,1310720.0,1401.0926098809837,0,0,0.663848128169775,0.15363826328045802,2624.9685790051994,1284.8034181928872,0.0,2221.6729653610687,1401.0926098809837,1.0,2,1.0,0.0,0.0,0.0,0.0,0.3273811422163381,0.0,0.18444432594556,100000000.0,0.10000000149011612,0.0,0.0,0.0,,-0.9999999999999999,0.0,4,0.2,0.06132791191339493,1.0,0.0,68.25486943125725,,492535.43243034265,2.221672965361069,2.221672965361069,1284.8034181928872,4325376.0,43253760.0,70,-0.09051127202919566,1284.803418192887,1.0,6314.831445226888,41943040.0,1310720.0,False,0.14218017963194057,1.3095278485588882,0.31597161342174984,0.14575065717660635,6,4.0,6.0,0.05461584819333689,2,4,1049.102908723194,-0.49337692120283533,0.18345258592260943,,,,,,0.0,2,0.0023537064337870116,0.0,0.0,0.0,0.0,0.0,0.0,0.0,0.0,0.0,0.0,0.0,0.0,0.0,0.10000000149011612,0.0,0.0,0.0,0.0,0.0,0.0,0.0,0.0031085488908865976,0.0,0.6171218752861023,0.0605972558259964,0.631990933418274,-0.00564950464759022,True,0.08344646766781808,0.3196973592042923,0.1598077282309532,0.6893002063035965,0.85800142288208,1,2.08028222322464,0.49999973475933074,0.4999998211860657,2.08028222322464,2.9239232540130615,False,1.2556365728378296,-3.4351966381073,0.014502910953360594,-0.01820319943750901,4,1,10,3.8482551388442516,0.4666666666666667,0.002582567589059327,0.07206383730390828,414,0.0015988638551789336,0.0,2.062398982048035,0.2662430316209793,1.029105430841446,0.9178251028060913,2.0677281737327577,-0.030756890556464623,0.040653439170745626,-0.012684270407201659,-4.435545921325684,3.040508270263672,0.2665380835533142,3.0610463619232178,-0.009724383403422632,-3.8398356437683105,2.0304532051086426,0.8469971418380737,2.041292905807495,-0.014299072430901116,-4.835127353668213,3.8517234325408936,-0.15108977258205414,3.8815109729766846,0.0,-4.690833568572998,48,70,0.3696844011545181,1.5997462928295136,1.8385432720184327,0.9999999999999999,-2.221672965361069,delay_only,0.4666666666666667,0.0025878016291356627,0.07203597661908621,416,4194304.0,41943040.0,0.9177769422531128,0.0,1,0.1140625,0,2221.672965361069,0.115625,3.6036655426025392,2166.3112227416436,1401.0926098809837,4325376.0,43253760.0,10,2
65011712.0,1310720.0,4486.952882077031,4,0,0.6610676646232605,0.4211328245813665,10612.387399436962,5264.050939477077,0.3,6143.162718360371,4486.95288207703,1.0,2,1.0,0.0,0.0,0.0,0.0,1.8871329334942895,0.3,0.6664861183208687,100000000.0,0.10000000149011612,0.0,0.0,0.0,,-0.8997002046464956,0.0,4,0.4,0.06950662285089493,2.0,0.0,84.28552048280835,,492535.43243034265,6.143162718360371,6.143162718360371,5264.050939477077,6632243.2,66322432.0,70,0.1476235823578942,5264.050939477076,1.0,6314.831445226888,65011712.0,1310720.0,False,0.12225559983484385,1.1260156868590272,0.2581079407963364,0.662289510926638,7,3.6,6.0,0.010000000000000007,2,4,1863.808034532197,0.22854192454013572,0.6459365503941447,,,,,,0.0,2,0.0023537064337870116,0.0,0.0,0.0,0.0,0.0,0.0,0.0,0.0,0.0,0.0,0.0,0.0,0.0,0.10000000149011612,0.0,0.0,0.0,0.0,0.0,0.0,0.0,0.0031085488908865976,0.0,0.6171218752861023,0.0605972558259964,0.631990933418274,-0.00564950464759022,True,0.08344646766781808,0.3196973592042923,0.1598077282309532,0.6893002063035965,0.85800142288208,1,2.08028222322464,0.49999973475933074,0.4999998211860657,2.08028222322464,2.9239232540130615,False,1.2556365728378296,-3.4351966381073,0.014502910953360594,-0.01820319943750901,4,1,10,3.8482551388442516,0.4666666666666667,0.002582567589059327,0.07206383730390828,414,0.0015988638551789336,0.0,2.062398982048035,0.2662430316209793,1.029105430841446,0.9178251028060913,2.0677281737327577,-0.030756890556464623,0.040653439170745626,-0.012684270407201659,-4.435545921325684,3.040508270263672,0.2665380835533142,3.0610463619232178,-0.009724383403422632,-3.8398356437683105,2.0304532051086426,0.8469971418380737,2.041292905807495,-0.014299072430901116,-4.835127353668213,3.8517234325408936,-0.15108977258205414,3.8815109729766846,0.0,-4.690833568572998,48,70,0.3696844011545181,1.5997462928295136,1.8385432720184327,0.9969650916353059,-6.143162718360371,delay_only,0.4666666666666667,0.0025969229060703977,0.07205158234062015,418,6501171.2,65011712.0,0.9167429208755493,0.0,2,0.1140625,0,6143.162718360371,0.115625,3.6651188135147095,6058.877197877563,4486.95288207703,6632243.2,66322432.0,10,2
117440512.0,13107200.0,5479.569649754338,5,0,0.6565088406205177,0.32912341905180575,9412.806505038108,4669.261694037674,0.0,6314.831445226888,5479.569649754338,1.0,2,1.0,0.0,0.0,0.0,0.0,0.8496277315523973,0.0,0.44772555897574007,100000000.0,0.10000000149011612,0.0,0.0,0.0,,-0.24848484848484845,0.0,4,0.2,0.05418967828154564,1.0,0.0,74.28311696276069,,492535.43243034265,6.314831445226888,6.314831445226888,4669.261694037674,13054771.2,130547712.0,70,-0.17354091691870074,4669.261694037674,1.0,6314.831445226888,117440512.0,13107200.0,False,0.12978134560446647,1.1953303669502113,0.3100643329899426,0.29716167580947833,6,2.2,5.4,0.014088741613409705,2,4,2563.648688817489,-0.38483232849900145,0.4509520226525123,,,,,,0.0,2,0.0023537064337870116,0.0,0.0,0.0,0.0,0.0,0.0,0.0,0.0,0.0,0.0,0.0,0.0,0.0,0.10000000149011612,0.0,0.0,0.0,0.0,0.0,0.0,0.0,0.0031085488908865976,0.0,0.6171218752861023,0.0605972558259964,0.631990933418274,-0.00564950464759022,True,0.08344646766781808,0.3196973592042923,0.1598077282309532,0.6893002063035965,0.85800142288208,1,2.08028222322464,0.49999973475933074,0.4999998211860657,2.08028222322464,2.9239232540130615,False,1.2556365728378296,-3.4351966381073,0.014502910953360594,-0.01820319943750901,4,1,10,3.8482551388442516,0.4666666666666667,0.002582567589059327,0.07206383730390828,414,0.0015988638551789336,0.0,2.062398982048035,0.2662430316209793,1.029105430841446,0.9178251028060913,2.0677281737327577,-0.030756890556464623,0.040653439170745626,-0.012684270407201659,-4.435545921325684,3.040508270263672,0.2665380835533142,3.0610463619232178,-0.009724383403422632,-3.8398356437683105,2.0304532051086426,0.8469971418380737,2.041292905807495,-0.014299072430901116,-4.835127353668213,3.8517234325408936,-0.15108977258205414,3.8815109729766846,0.0,-4.690833568572998,48,70,0.3696844011545181,1.5997462928295136,1.8385432720184327,0.9999999999999999,-6.314831445226888,delay_only,0.4666666666666667,0.0025940572270727936,0.07205571999020893,420,11744051.2,117440512.0,0.9177651405334473,0.0,3,0.1140625,0,6314.831445226888,0.146875,3.5790228843688965,6251.572059235046,5479.569649754339,13054771.2,130547712.0,10,2
41943040.0,20971520.0,1961.5721101868014,0,1,0.6652320735156536,0.3455404100384131,4818.504692667304,2371.8242354957156,0.0,3153.516605391026,1961.5721101868012,1.0,2,1.0,0.0,0.0,0.0,0.0,0.7942976537917913,0.0,0.29366851504895247,100000000.0,0.10000000149011612,0.0,0.0,0.0,,-0.9999999999999999,0.0,4,0.2,0.062296658754348755,1.0,0.0,74.8562216758728,,496704.6583752109,3.153516605391026,3.153516605391026,2371.8242354957156,6291456.0,62914560.0,71,0.1729690249257322,2371.8242354957156,1.0,4169.225944868217,41943040.0,20971520.0,False,0.14452022062077066,1.331080422550389,0.3356085405464433,0.33555502805996584,6,4.0,5.0,0.05694862134953435,2,4,1407.0134170999481,0.4252150965627211,0.4067800657219105,,,,,,0.0,2,,,,,,,,,,,,,,,,,,,,,,,,,,,,,,,,,,,,,,,,,,,,,,,,,,,,,,,,,,,,,,,,,,,,,,,,,,,,,,,,,,,,,0.9999999999999999,-3.153516605391026,delay_only,0.4666666666666667,0.002597633470600567,0.07208515186475133,422,4194304.0,41943040.0,0.9178022742271423,0.0,1,,0,3153.516605391026,0.1390625,3.55449538230896,3087.3631484684056,1961.5721101868012,6291456.0,62914560.0,10,2
39845888.0,1310720.0,3266.8674015622673,9,1,0.6630248390138149,0.4252334650750214,6570.503253833188,3252.8900056466377,0.0,3776.5053879189986,3266.8674015622673,1.0,2,1.0,0.0,0.0,0.0,0.0,2.055058421897034,0.0,0.7268837730670649,100000000.0,0.10000000149011612,0.0,0.0,0.0,,-0.8666666666666665,0.0,4,0.4,0.06809455901384354,2.0,0.0,84.8099384456873,,496704.6583752109,3.7765053879189985,3.7765053879189985,3252.8900056466373,4115660.8,41156608.0,71,-0.004296916247203889,3252.8900056466373,1.0,4169.225944868217,39845888.0,1310720.0,False,0.13150267851786915,1.2111844289761353,0.26258924638479864,0.7088572071736059,7,4.4,6.0,0.013004141144751772,2,4,1009.3935212797765,-0.006230184006539578,0.6896933128609983,,,,,,0.0,2,,,,,,,,,,,,,,,,,,,,,,,,,,,,,,,,,,,,,,,,,,,,,,,,,,,,,,,,,,,,,,,,,,,,,,,,,,,,,,,,,,,,,0.9999999999999999,-3.7765053879189985,delay_only,0.4666666666666667,0.0026174370685413616,0.07211389286555234,424,3984588.8,39845888.0,0.9173386096954346,0.0,2,,0,3776.5053879189986,0.096875,3.7848360776901244,3711.782145379086,3266.8674015622673,4115660.8,41156608.0,10,2
67108864.0,13107200.0,3335.0722429969865,3,1,0.6687892600893974,0.34599014979140696,6374.867203511483,3149.8412943241183,0.0,4169.225944868217,3335.072242996986,1.0,2,0.9999999999999998,0.0,0.0,0.0,0.0,0.8694737914653761,0.0,0.4109270491661017,100000000.0,0.10000000149011612,0.0,2.220446049250313e-16,0.0,,-0.5757575757575757,0.0,4,0.2,0.06555508077144623,1.0,0.0,75.18461486324668,,496704.6583752109,4.169225944868217,4.169225944868217,3149.8412943241187,8021606.4,80216064.0,71,-0.05880643859950878,3149.841294324118,1.0,4169.225944868217,67108864.0,13107200.0,False,0.13401204002977468,1.2342965026171222,0.310712404234876,0.3335989382856572,6,3.4,5.4,0.023158869426355137,2,4,1753.7915206986243,-0.1326821952714695,0.44321273460384075,,,,,,0.0,2,,,,,,,,,,,,,,,,,,,,,,,,,,,,,,,,,,,,,,,,,,,,,,,,,,,,,,,,,,,,,,,,,,,,,,,,,,,,,,,,,,,,,0.9999999999999999,-4.169225944868217,delay_only,0.4666666666666667,0.0026112513235284265,0.0721296954762098,426,6710886.4,67108864.0,0.9177927374839783,0.0,3,,0,4169.225944868217,0.11875,3.7297810316085815,4107.437269027273,3335.0722429969865,8021606.4,80216064.0,10,2
67108864.0,9175040.0,2195.676978170086,0,1,0.6692800670862198,0.2963031600095252,4974.612464040675,2452.292110227127,0.0,3500.6190711226523,2195.6769781700864,1.0,2,1.0,0.0,0.0,0.0,0.0,0.5694320697002797,0.0,0.2609159460091597,100000000.0,0.10000000149011612,0.0,0.0,0.0,,-0.309090909090909,0.0,4,0.2,0.06777703762054443,1.0,0.0,70.02824358642101,,503683.2424088416,3.500619071122652,3.500619071122652,2452.292110227127,7628390.4,76283904.0,72,0.10464297095229559,2452.292110227127,1.0,6978.584033630745,67108864.0,9175040.0,False,0.14484407102255917,1.3340631949804624,0.326699823640498,0.25066905095944225,6,3.4,5.6,0.05635672684566013,2,4,1615.3529564623877,0.306611455447781,0.3412885236119866,,,,,,0.0,2,,,,,,,,,,,,,,,,,,,,,,,,,,,,,,,,,,,,,,,,,,,,,,,,,,,,,,,,,,,,,,,,,,,,,,,,,,,,,,,,,,,,,0.9999999999999999,-3.500619071122652,delay_only,0.4666666666666667,0.002606799068658783,0.07214463828514174,428,6710886.4,67108864.0,0.9178133606910706,0.0,1,,0,3500.6190711226523,0.1125,3.561510670185089,3433.0886551704466,2195.6769781700864,7628390.4,76283904.0,10,2
94371840.0,1310720.0,6184.512674616556,0,0,0.6674011237919331,0.36888292397805306,11057.511036808115,5495.442258223182,0.4,6978.584033630745,6184.512674616556,1.0,2,1.0000000000000002,0.0,0.0,0.0,0.0,1.2462236110006997,0.4,0.6119366495560068,100000000.0,0.10000000149011612,0.0,-2.220446049250313e-16,2.220446049250313e-16,,-0.36199044029251076,0.0,4,0.0,0.05909734219312668,0.0,0.0,68.90181079506874,,503683.2424088416,6.978584033630745,6.978584033630745,5495.442258223182,9568256.0,95682560.0,72,-0.12538943801334168,5495.442258223182,1.0,6978.584033630745,94371840.0,1310720.0,False,0.11738824196715217,1.0811856641853705,0.28250397373533054,0.3879550353339085,5,3.5,6.0,0.010000000000000004,2,4,2327.673999342839,-0.21752551325737698,0.5764355460454904,,,,,,2.220446049250313e-16,2,,,,,,,,,,,,,,,,,,,,,,,,,,,,,,,,,,,,,,,,,,,,,,,,,,,,,,,,,,,,,,,,,,,,,,,,,,,,,,,,,,,,,0.9878044218151566,-6.978584033630745,delay_only,0.4666666666666667,0.0025987424816260813,0.07215092812037113,430,9437184.0,94371840.0,0.917870819568634,0.0,2,,0,6978.584033630745,0.125,3.6021167635917664,6911.957513268993,6184.512674616556,9568256.0,95682560.0,10,2
41943040.0,15073280.0,2152.407550957303,3,0,0.6619212217628956,0.32385015826867264,4481.4134833115295,2199.6614687000933,0.0,3030.107017473727,2152.407550957303,1.0,2,1.0000000000000002,0.0,0.0,0.0,0.0,0.7838662310432665,0.0,0.3780641824019437,100000000.0,0.10000000149011612,0.0,-2.220446049250313e-16,2.220446049250313e-16,,-0.5636363636363636,0.0,4,0.4,0.05930240452289581,2.0,0.0,82.0905459113419,,503683.2424088416,3.0301070174737266,3.0301070174737266,2199.661468700094,5701632.0,57016320.0,72,0.02148235917898551,2199.6614687000933,1.0,6978.584033630745,41943040.0,15073280.0,False,0.1453289034500276,1.3385286666608183,0.30813814189877303,0.29393288750484436,7,4.0,5.3,0.0378226403063044,2,4,1305.9185670130737,0.05287193627338937,0.40630929550044975,,,,,,2.220446049250313e-16,2,,,,,,,,,,,,,,,,,,,,,,,,,,,,,,,,,,,,,,,,,,,,,,,,,,,,,,,,,,,,,,,,,,,,,,,,,,,,,,,,,,,,,0.9999999999999999,-3.0301070174737266,delay_only,0.4666666666666667,0.002619810801249883,0.07217310628351788,432,4194304.0,41943040.0,0.9169153571128845,0.0,3,,0,3030.1070174737265,0.1578125,3.6390378057956694,2966.50491688162,2152.4075509573026,5701632.0,57016320.0,10,2
58720256.0,13107200.0,3835.4167607766617,5,1,0.656976830214262,0.41030179455418836,8592.686812359498,4262.449349026956,0.0,5067.091993206287,3835.4167607766617,1.0,2,1.0,0.0,0.0,0.0,0.0,1.5992118083632814,0.0,0.5353014006198525,100000000.0,0.10000000149011612,0.0,0.0,0.0,,-0.7454545454545454,0.0,4,0.2,0.058586448431015015,1.0,0.0,69.67463903129101,,508750.3344020479,5.0670919932062874,5.0670919932062874,4262.449349026956,7182745.6,71827456.0,73,0.10018478890494681,4262.449349026955,1.0,5067.091993206287,58720256.0,13107200.0,False,0.1508835924398569,1.3896892429176146,0.3339934621788927,0.5784655147274853,6,3.6,5.4,0.030296592674925644,2,4,1839.701718035519,0.17625962472845066,0.5683932951706531,,,,,,0.0,2,,,,,,,,,,,,,,,,,,,,,,,,,,,,,,,,,,,,,,,,,,,,,,,,,,,,,,,,,,,,,,,,,,,,,,,,,,,,,,,,,,,,,0.9999999999999999,-5.0670919932062874,delay_only,0.4666666666666667,0.002557144403857878,0.07215800302679379,434,5872025.6,58720256.0,0.9177523255348206,0.0,1,,0,5067.091993206287,0.121875,3.625473403930664,4999.303878900701,3835.4167607766612,7182745.6,71827456.0,10,2
46137344.0,1310720.0,2141.7650598449145,4,1,0.6733289919793606,0.3051746120924074,3753.7802415489327,1843.6378417331312,0.0,2608.2218124540937,2141.7650598449145,1.0,2,1.0,0.0,0.0,0.0,0.0,0.9973487861630947,0.0,0.5131858367461993,100000000.0,0.10000000149011612,0.0,0.0,0.0,,-0.5151515151515151,0.0,4,0.2,0.06166815012693405,1.0,0.0,70.8815180696547,,508750.3344020479,2.6082218124540937,2.6082218124540937,1843.6378417331314,4744806.4,47448064.0,73,-0.16170595513027952,1843.6378417331312,1.0,5067.091993206287,46137344.0,1310720.0,False,0.1381597895442231,1.272498687422891,0.34197401733773236,0.26410144868265967,6,4.2,6.0,0.018469590430622043,2,4,962.3243051595437,-0.33827600024261084,0.4780296415184771,,,,,,0.0,2,,,,,,,,,,,,,,,,,,,,,,,,,,,,,,,,,,,,,,,,,,,,,,,,,,,,,,,,,,,,,,,,,,,,,,,,,,,,,,,,,,,,,0.9999999999999999,-2.6082218124540937,delay_only,0.4666666666666667,0.002507688014744409,0.07214205829762653,436,4613734.4,46137344.0,0.9178193211555481,0.0,2,,0,2608.2218124540937,0.1453125,3.624280047416687,2541.7172543714237,2141.7650598449145,4744806.4,47448064.0,10,2
31457280.0,1310720.0,940.5948699858777,1,1,0.6604790687561035,0.21774772032304007,1799.736857183951,865.2319727711022,0.0,1407.8482593507931,940.5948699858778,1.0,2,1.0,0.0,0.0,0.0,0.0,0.4997607629517775,0.0,0.2800616808186544,100000000.0,0.10000000149011612,0.0,0.0,0.0,,0.04242424242424241,0.0,4,0.0,0.054586317390203476,0.0,0.0,69.27291164174676,,508750.3344020479,1.407848259350793,1.407848259350793,865.2319727711022,3276800.0,32768000.0,73,-0.08710137811182439,865.2319727711022,1.0,5067.091993206287,31457280.0,1310720.0,False,0.1288816166585128,1.1870435571154587,0.3210188267817541,0.18279160934375288,5,4.5,6.0,0.042587207333886525,2,4,627.1161388501379,-0.31649679054854474,0.27520461727546225,,,,,,0.0,2,,,,,,,,,,,,,,,,,,,,,,,,,,,,,,,,,,,,,,,,,,,,,,,,,,,,,,,,,,,,,,,,,,,,,,,,,,,,,,,,,,,,,0.9999999999999999,-1.407848259350793,delay_only,0.4666666666666667,0.0024910788165043796,0.07213733479460537,438,3145728.0,31457280.0,0.9178995490074158,0.0,3,,0,1407.8482593507931,0.146875,3.54405677318573,1341.1679574386642,940.594869985878,3276800.0,32768000.0,10,2
20971520.0,1310720.0,884.5266771886136,6,0,0.6611021235585213,0.18017431451569,1683.1789746393831,809.251551445453,0.0,1379.9133566765104,884.5266771886136,1.0,2,1.0,0.0,0.0,0.0,0.0,0.42685886881443424,0.0,0.23940727211914833,100000000.0,0.10000000149011612,0.0,0.0,0.0,,-0.9999999999999999,0.0,4,0.4,0.06365840882062912,2.0,0.0,86.46131586283445,,527156.379425848,1.37991335667651,1.37991335667651,809.251551445453,2228224.0,22282240.0,74,-0.09301820380660032,809.251551445453,1.0,18406.04502380007,20971520.0,1310720.0,False,0.1515555325454517,1.3958780399997244,0.2813259226089969,0.15993558276918265,7,5.0,6.0,0.04623098140180389,2,4,619.0218816350423,-0.3957065468188132,0.2350686501256995,,,,,,0.0,2,,,,,,,,,,,,,,,,,,,,,,,,,,,,,,,,,,,,,,,,,,,,,,,,,,,,,,,,,,,,,,,,,,,,,,,,,,,,,,,,,,,,,0.9999999999999999,-1.37991335667651,delay_only,0.4666666666666667,0.002497628771037105,0.07216716548073106,440,2097152.0,20971520.0,0.9172556400299072,0.0,1,,0,1379.9133566765101,0.1359375,3.5937977969646453,1315.2374849280327,884.5266771886135,2228224.0,22282240.0,10,2
41943040.0,15073280.0,2254.855492080698,0,1,0.6576920859515667,0.26398103186454547,4117.454417102185,2015.9654566348331,0.0,3030.5245514203198,2254.855492080698,1.0,2,1.0,0.0,0.0,0.0,0.0,0.5417925630259919,0.0,0.2993950945895298,100000000.0,0.10000000149011612,0.0,0.0,0.0,,-0.9151515151515152,0.0,4,0.4,0.06393925100564957,2.0,0.0,85.52350383251905,,527156.379425848,3.03052455142032,3.03052455142032,2015.9654566348331,5701632.0,57016320.0,74,-0.1184990718266739,2015.9654566348331,1.0,18406.04502380007,41943040.0,15073280.0,False,0.1515832337714549,1.3961331777199348,0.3265138084024262,0.21699550332263762,7,4.0,5.3,0.03175145430125877,2,4,1369.6038684765863,-0.36959194330616346,0.3206213608625969,,,,,,0.0,2,,,,,,,,,,,,,,,,,,,,,,,,,,,,,,,,,,,,,,,,,,,,,,,,,,,,,,,,,,,,,,,,,,,,,,,,,,,,,,,,,,,,,0.9999999999999999,-3.03052455142032,delay_only,0.4666666666666667,0.002494098055086385,0.0721837404931738,442,4194304.0,41943040.0,0.9169922471046448,0.0,2,,0,3030.5245514203198,0.1328125,3.6066109776496886,2970.8049032081244,2254.855492080698,5701632.0,57016320.0,10,2
94371840.0,21626880.0,14535.25059055043,8,1,0.6546103395521641,0.4140708978722595,31413.43373619852,15671.55362922183,0.5,18406.04502380007,14535.250590550431,1.0,2,1.0,0.0,0.0,0.0,0.0,1.758169597056693,0.5,0.7167606224972124,100000000.0,0.10000000149011612,0.0,0.0,0.0,,-0.49399126558977063,0.0,4,0.0,0.054586317390203476,0.0,0.0,70.32647775486112,,527156.379425848,18.406045023800072,18.406045023800072,15671.553629221828,11599872.0,115998720.0,74,0.07250736369574748,15671.553629221828,1.0,18406.04502380007,94371840.0,21626880.0,False,0.1322936739271887,1.218469765928639,0.3367319308900354,0.5882351175132134,5,3.5,5.0,0.010000000000000004,2,4,4694.627938639031,0.1035174210613672,0.7004363415580424,,,,,,0.0,2,,,,,,,,,,,,,,,,,,,,,,,,,,,,,,,,,,,,,,,,,,,,,,,,,,,,,,,,,,,,,,,,,,,,,,,,,,,,,,,,,,,,,0.9692233691951198,-18.406045023800072,delay_only,0.4666666666666667,0.002508914206415631,0.07220178202032852,444,9437184.0,94371840.0,0.917797863483429,0.0,3,,0,18406.04502380007,0.140625,3.649287670850754,18335.71854604521,14535.250590550431,11599872.0,115998720.0,10,2
20971520.0,1310720.0,1923.189396805104,1,0,0.6646378897130489,0.41802325408977503,4089.5627120345493,2009.2702183324675,0.0,2380.0303993456614,1923.189396805104,1.0,2,1.0,0.0,0.0,0.0,0.0,1.9095168251008903,0.0,0.6468266652519102,100000000.0,0.10000000149011612,0.0,0.0,0.0,,-0.9999999999999999,0.0,4,0.2,0.06329092383384705,1.0,0.0,71.02227536961436,,537353.3696656463,2.3800303993456615,2.3800303993456615,2009.2702183324675,2228224.0,22282240.0,75,0.04284183418535103,2009.2702183324675,1.0,10196.990239798299,20971520.0,1310720.0,False,0.13136278621313685,1.2098959732341308,0.2697728971467437,0.6703423826286774,6,5.0,6.0,0.020323877912148947,2,4,733.7079299683849,0.06748460840572738,0.634838597977477,,,,,,0.0,2,,,,,,,,,,,,,,,,,,,,,,,,,,,,,,,,,,,,,,,,,,,,,,,,,,,,,,,,,,,,,,,,,,,,,,,,,,,,,,,,,,,,,0.9999999999999999,-2.3800303993456615,delay_only,0.4666666666666667,0.002507462187020685,0.07221367753874537,446,2097152.0,20971520.0,0.9177809953689575,0.0,1,,0,2380.0303993456614,0.1265625,3.5108756184577943,2314.0560618311692,1923.1893968051043,2228224.0,22282240.0,10,2
33554432.0,13107200.0,2001.0297585800113,0,1,0.6477274000644684,0.2857998956025372,3544.4269520634653,1736.7818504773945,0.0,2531.4300991929076,2001.0297585800113,1.0,2,1.0,0.0,0.0,0.0,0.0,0.6854054078800043,0.0,0.37397527998891994,100000000.0,0.10000000149011612,0.0,0.0,0.0,,0.06666666666666665,0.0,4,0.2,0.06399044394493103,1.0,0.0,70.8632511086762,,537353.3696656463,2.531430099192908,2.531430099192908,1736.7818504773945,4666163.2,46661632.0,75,-0.15214801330977876,1736.7818504773945,1.0,10196.990239798299,33554432.0,13107200.0,False,0.13029596954962328,1.2000702286486749,0.31201853902171606,0.2399582550370603,6,4.4,5.4,0.02318044405907196,2,4,1089.5667618880457,-0.40828452976670215,0.3726519184959509,,,,,,0.0,2,,,,,,,,,,,,,,,,,,,,,,,,,,,,,,,,,,,,,,,,,,,,,,,,,,,,,,,,,,,,,,,,,,,,,,,,,,,,,,,,,,,,,0.9999999999999999,-2.531430099192908,delay_only,0.4666666666666667,0.0025009133111450867,0.07222629824258144,448,3355443.2,33554432.0,0.9177647233009338,0.0,2,,0,2531.430099192908,0.1671875,3.478521490097046,2464.877342373034,2001.0297585800113,4666163.2,46661632.0,10,2
92274688.0,34340864.0,9197.036221465809,0,1,0.6570508703589439,0.42333236932111284,17682.61247435338,8808.490061572451,0.3,10196.990239798299,9197.036221465809,1.0,2,1.0,0.0,0.0,0.0,0.0,1.9213617631836306,0.4,0.7164154277409218,100000000.0,0.10000000149011612,0.0,0.0,0.0,,-0.32517785314411984,0.0,4,0.2,0.05854441970586777,1.0,0.0,72.12523277848959,,537353.3696656463,10.196990239798298,10.196990239798298,8808.490061572451,12661555.2,126615552.0,75,-0.04411041588028943,8808.490061572451,1.0,10196.990239798299,92274688.0,34340864.0,False,0.12845692646520224,1.1831320158824281,0.2974032783516407,0.6658632012717925,6,2.8,4.8,0.01,2,4,2861.017911739469,-0.06532963082547066,0.6751976908936044,,,,,,0.0,2,,,,,,,,,,,,,,,,,,,,,,,,,,,,,,,,,,,,,,,,,,,,,,,,,,,,,,,,,,,,,,,,,,,,,,,,,,,,,,,,,,,,,0.9878044218151566,-10.196990239798298,delay_only,0.4666666666666667,0.002501623414077688,0.072241657147968,450,9227468.8,92274688.0,0.9177280068397522,0.0,3,,0,10196.990239798299,0.1421875,3.5806957840919496,10131.35788858982,9197.036221465809,12661555.2,126615552.0,10,2
31457280.0,1310720.0,1102.6826989581527,0,0,0.6633042357861996,0.274645070719813,2152.4961396371277,1042.3414242113606,0.0,1561.3236851423644,1102.6826989581527,1.0,2,1.0,0.0,0.0,0.0,0.0,0.6149763193271002,0.0,0.3361381233943411,100000000.0,0.10000000149011612,0.0,0.0,0.0,,-0.49090909090909085,0.0,4,0.0,0.0628872662782669,0.0,0.0,70.08360279724002,,542441.4795330975,1.5613236851423644,1.5613236851423644,1042.3414242113606,3276800.0,32768000.0,76,-0.05789012443062657,1042.3414242113606,1.0,5088.109867451086,31457280.0,1310720.0,False,0.13800072047137435,1.2710336071192994,0.3161841087170483,0.23103127523732622,5,4.5,6.0,0.035237460763109046,2,4,679.985157226052,-0.16652471681754757,0.34763682855593,,,,,,0.0,2,,,,,,,,,,,,,,,,,,,,,,,,,,,,,,,,,,,,,,,,,,,,,,,,,,,,,,,,,,,,,,,,,,,,,,,,,,,,,,,,,,,,,0.9999999999999999,-1.5613236851423644,delay_only,0.4666666666666667,0.0025000821006890828,0.07224345386718206,452,3145728.0,31457280.0,0.9178963899612427,0.0,1,,0,1561.3236851423644,0.146875,3.4286612570285797,1493.510393927958,1102.6826989581527,3276800.0,32768000.0,10,2
54525952.0,1310720.0,2407.7998307363328,6,1,0.667056068778038,0.37518824651557575,5102.977471438289,2519.04128678751,0.0,3188.4003019208712,2407.7998307363328,1.0,2,1.0,0.0,0.0,0.0,0.0,1.1504082758895269,0.0,0.5001065384288944,100000000.0,0.10000000149011612,0.0,0.0,0.0,,-0.9030303030303028,0.0,4,0.4,0.06260506063699722,2.0,0.0,85.95931110903621,,542441.4795330975,3.188400301920871,3.188400301920871,2519.04128678751,5583667.2,55836672.0,76,0.04416023533819952,2519.04128678751,1.0,5088.109867451086,54525952.0,1310720.0,False,0.13578471664861325,1.2506234576460693,0.2799685165734448,0.41673959045974773,7,3.7,6.0,0.028849622431573626,2,4,1241.6991649073013,0.08708822338641221,0.5070747067862398,,,,,,0.0,2,,,,,,,,,,,,,,,,,,,,,,,,,,,,,,,,,,,,,,,,,,,,,,,,,,,,,,,,,,,,,,,,,,,,,,,,,,,,,,,,,,,,,0.9999999999999999,-3.188400301920871,delay_only,0.4666666666666667,0.002509163056462814,0.07227215168130093,454,5452595.2,54525952.0,0.9171056151390076,0.0,2,,0,3188.4003019208712,0.16875,3.5182725191116333,3123.5054040576024,2407.7998307363328,5583667.2,55836672.0,10,2
67108864.0,20971520.0,3860.0359039284654,7,1,0.6617153994739056,0.39319236481603004,8385.045890051284,4160.122631028001,0.0,5088.109867451086,3860.035903928465,1.0,2,1.0,0.0,0.0,0.0,0.0,1.3799289485705881,0.0,0.5521071318141112,100000000.0,0.10000000149011612,0.0,0.0,0.0,,-0.5515151515151515,0.0,4,0.6,0.06643833965063095,3.0,0.0,88.92031060531735,,542441.4795330975,5.088109867451086,5.088109867451086,4160.122631028002,8808038.4,88080384.0,76,0.07213410606248923,4160.122631028001,1.0,5088.109867451086,67108864.0,20971520.0,False,0.1812032431121425,1.6689435455687813,0.2745985075340045,0.4819493943036488,8,3.6,5.0,0.029511478164178564,2,4,1848.2752215432981,0.1298038641600585,0.555716168615305,,,,,,0.0,2,,,,,,,,,,,,,,,,,,,,,,,,,,,,,,,,,,,,,,,,,,,,,,,,,,,,,,,,,,,,,,,,,,,,,,,,,,,,,,,,,,,,,0.9999999999999999,-5.088109867451086,delay_only,0.47878787878787876,0.002445639941109325,0.07238831162102241,456,6710886.4,67108864.0,0.9172399640083313,0.0,3,,0,5088.109867451086,0.1375,3.5918553352355955,5023.309239455803,3860.035903928465,8808038.4,88080384.0,10,2
20971520.0,1310720.0,748.4510293880638,0,0,0.6609116680920124,0.218181825110994,1510.356952769789,721.6148468936398,0.0,1180.824516245397,748.451029388064,1.0,2,1.0,0.0,0.0,0.0,0.0,0.45839654725117823,0.0,0.2397737090634664,100000000.0,0.10000000149011612,0.0,0.0,0.0,,-0.9999999999999999,0.0,4,0.2,0.0660780742764473,1.0,0.0,71.08848867937922,,553172.6708675183,1.180824516245397,1.180824516245397,721.6148468936398,2228224.0,22282240.0,77,-0.037189066452757644,721.6148468936398,1.0,10731.191334420853,20971520.0,1310720.0,False,0.1556527434900328,1.4336147473751022,0.3542337348204229,0.18404672788408222,6,5.0,6.0,0.04827102695995242,2,4,530.1364003315757,-0.14015249745472355,0.2653471549072582,,,,,,0.0,2,,,,,,,,,,,,,,,,,,,,,,,,,,,,,,,,,,,,,,,,,,,,,,,,,,,,,,,,,,,,,,,,,,,,,,,,,,,,,,,,,,,,,0.9999999999999999,-1.180824516245397,delay_only,0.47878787878787876,0.0024407360834188515,0.07239798611223128,458,2097152.0,20971520.0,0.9177254438400269,0.0,1,,0,1180.824516245397,0.1046875,3.5406312942504883,1113.6972572628874,748.451029388064,2228224.0,22282240.0,10,2
41943040.0,1310720.0,1259.507674572333,8,1,0.6522601470351219,0.2614990468160155,2708.3221046428835,1316.9606833806113,0.0,2000.0984558080245,1259.507674572333,1.0,2,1.0,0.0,0.0,0.0,0.0,0.46302943545366304,0.0,0.23894670373979246,100000000.0,0.10000000149011612,0.0,0.0,0.0,,-0.9999999999999999,0.0,4,0.2,0.059397123754024506,1.0,0.0,74.40073788166046,,553172.6708675183,2.0000984558080246,2.0000984558080246,1316.9606833806115,4325376.0,43253760.0,77,0.04362545483195278,1316.9606833806113,1.0,10731.191334420853,41943040.0,1310720.0,False,0.12932899265864822,1.1911640423509593,0.3094063775156811,0.21634311839813472,6,4.0,6.0,0.05289289273923928,2,4,922.0365634450427,0.1454786018581289,0.2998754062435687,,,,,,0.0,2,,,,,,,,,,,,,,,,,,,,,,,,,,,,,,,,,,,,,,,,,,,,,,,,,,,,,,,,,,,,,,,,,,,,,,,,,,,,,,,,,,,,,0.9999999999999999,-2.0000984558080246,delay_only,0.47878787878787876,0.002431077667504756,0.0724070431969606,460,4194304.0,41943040.0,0.917709469795227,0.0,2,,0,2000.0984558080245,0.1359375,3.6205065846443176,1937.8263127234684,1259.5076745723327,4325376.0,43253760.0,10,2
142606336.0,59113472.0,9287.447918011718,2,1,0.6624790839850903,0.3212752444775063,15810.814689026338,7861.594219515628,0.0,10731.191334420853,9287.447918011718,1.0,2,1.0,0.0,0.0,0.0,0.0,0.784191268272916,0.0,0.4160751894751351,100000000.0,0.10000000149011612,0.0,0.0,0.0,,-0.9030303030303028,0.0,4,0.4,0.06654240190982819,2.0,0.0,87.62624999508262,,553172.6708675183,10.731191334420853,10.731191334420853,7861.594219515628,20171980.8,201719808.0,77,-0.18136953634118522,7861.594219515628,1.0,10731.191334420853,142606336.0,59113472.0,False,0.14620112047601108,1.3465620823483588,0.3088818833325631,0.28259081785062334,7,2.3,3.9,0.014893451167885851,2,4,4525.098123367756,-0.42735062694732384,0.42440451681738434,,,,,,0.0,2,,,,,,,,,,,,,,,,,,,,,,,,,,,,,,,,,,,,,,,,,,,,,,,,,,,,,,,,,,,,,,,,,,,,,,,,,,,,,,,,,,,,,0.9999999999999999,-10.731191334420853,delay_only,0.48484848484848486,0.0023973370421955546,0.0726013398223481,462,14260633.6,142606336.0,0.9168025255203247,0.0,3,,0,10731.191334420853,0.1296875,3.6146309673786163,10670.669438423625,9287.447918011718,20171980.8,201719808.0,10,2
67108864.0,13107200.0,3089.5055625579603,0,0,0.6677382625639439,0.26348069707371996,5447.184531331312,2688.230441806963,0.0,4011.956553926954,3089.5055625579603,1.0,2,1.0,0.0,0.0,0.0,0.0,0.6508689720624545,0.0,0.36296365796754443,100000000.0,0.10000000149011612,0.0,0.0,0.0,,-0.5757575757575757,0.0,4,0.2,0.060989122837781906,1.0,0.0,70.72364771738648,,557184.6274214452,4.011956553926954,4.011956553926954,2688.230441806963,8021606.4,80216064.0,78,-0.14927110210137712,2688.230441806963,1.0,4011.956553926954,67108864.0,13107200.0,False,0.13909675211763886,1.281128431639853,0.2891799696324313,0.21454310890670394,6,3.4,5.4,0.027714044569261263,2,4,1748.0559539124129,-0.4268091996940085,0.34973731168023964,,,,,,0.0,2,,,,,,,,,,,,,,,,,,,,,,,,,,,,,,,,,,,,,,,,,,,,,,,,,,,,,,,,,,,,,,,,,,,,,,,,,,,,,,,,,,,,,0.9999999999999999,-4.011956553926954,delay_only,0.48484848484848486,0.0023930626983346267,0.07261268160571847,464,6710886.4,67108864.0,0.9177128672599792,0.0,1,,0,4011.956553926954,0.1296875,3.6507036447525025,3945.7325111350797,3089.5055625579603,8021606.4,80216064.0,10,2
41943040.0,1310720.0,1256.3152423684426,0,0,0.664479099214077,0.2949560399629692,2972.7310175138473,1451.2349076134592,0.0,2095.906048712875,1256.3152423684426,1.0,2,1.0,0.0,0.0,0.0,0.0,0.5281222754085552,0.0,0.21891389901071492,100000000.0,0.10000000149011612,0.0,0.0,0.0,,-0.9878787878787878,0.0,4,0.2,0.06274082511663437,1.0,0.0,70.26120228692889,,557184.6274214452,2.095906048712875,2.095906048712875,1451.2349076134592,4325376.0,43253760.0,78,0.13431296630368414,1451.2349076134592,1.0,4011.956553926954,41943040.0,1310720.0,False,0.13912146619598334,1.2813560567133853,0.3596189095329808,0.2526479452311858,6,4.0,6.0,0.06123698719177683,2,4,966.3485492700707,0.4019904084556197,0.3341198284299673,,,,,,0.0,2,,,,,,,,,,,,,,,,,,,,,,,,,,,,,,,,,,,,,,,,,,,,,,,,,,,,,,,,,,,,,,,,,,,,,,,,,,,,,,,,,,,,,0.9878787878787878,-2.095906048712875,delay_only,0.48484848484848486,0.0023922426327101965,0.07261682723624885,466,4194304.0,41943040.0,0.9177265763282776,0.0,2,,0,2095.906048712875,0.1171875,3.7065999865531922,2029.663864222909,1256.3152423684426,4325376.0,43253760.0,10,2
41943040.0,11141120.0,1600.166080330182,6,1,0.6841830909252167,0.22333153874473882,3206.6732006407497,1568.470505963972,0.0,2490.5219404901345,1600.166080330182,1.0,2,1.0,0.0,0.0,0.0,0.0,0.4045542859079494,0.0,0.22205900069373743,100000000.0,0.10000000149011612,0.0,0.0,0.0,,-0.4424242424242424,0.0,4,0.0,0.05427608639001846,0.0,0.0,69.73218871280551,,557184.6274214452,2.4905219404901344,2.4905219404901344,1568.4705059639718,5308416.0,53084160.0,78,-0.020207950513376267,1568.4705059639718,1.0,4011.956553926954,41943040.0,11141120.0,False,0.12407802511586331,1.1428008439997108,0.29889747006232803,0.18402382835638087,5,4.0,5.5,0.05155617886372204,2,4,1165.569636116484,-0.07866841880537033,0.25687500550089565,,,,,,0.0,2,,,,,,,,,,,,,,,,,,,,,,,,,,,,,,,,,,,,,,,,,,,,,,,,,,,,,,,,,,,,,,,,,,,,,,,,,,,,,,,,,,,,,0.9999999999999999,-2.4905219404901344,delay_only,0.48484848484848486,0.002389968654800347,0.07261029243337637,468,4194304.0,41943040.0,0.9178386330604553,0.0,3,,0,2490.5219404901345,0.1609375,3.576062887907028,2425.150566821821,1600.1660803301822,5308416.0,53084160.0,10,2
50331648.0,9437184.0,6691.810285656627,1,0,0.6630690768361092,0.4328125220770206,13133.308244511578,6534.420549457938,0.3,7449.047979989595,6691.810285656626,1.0,2,1.0,0.0,0.0,0.0,0.0,2.2530722896867026,0.4,0.7727814526246437,100000000.0,0.10000000149011612,0.0,0.0,0.0,,-0.46015733935488656,0.0,4,0.6,0.06339586526155472,3.0,0.0,83.41803262010217,,564633.6754014348,7.449047979989595,7.449047979989595,6534.420549457939,5976883.2,59768832.0,79,-0.024086257535374616,6534.420549457938,1.0,7449.047979989595,50331648.0,9437184.0,False,0.19066774049121393,1.7561147878797057,0.27174063875795673,0.7686104214983638,8,4.4,5.6,0.01,2,4,1690.7349187347452,-0.03249379670727902,0.7412571006200389,,,,,,0.0,2,,,,,,,,,,,,,,,,,,,,,,,,,,,,,,,,,,,,,,,,,,,,,,,,,,,,,,,,,,,,,,,,,,,,,,,,,,,,,,,,,,,,,0.9878044218151566,-7.449047979989595,delay_only,0.48484848484848486,0.002463778191207117,0.07262735783805785,470,5033164.8,50331648.0,0.9173104166984558,0.0,1,,0,7449.047979989595,0.1421875,3.597928988933563,7384.580834393895,6691.810285656626,5976883.2,59768832.0,10,2
104857600.0,20971520.0,5500.907086809669,1,0,0.6540417671203613,0.30858740532563345,9703.700225740817,4817.765576502381,0.0,6709.260551021695,5500.907086809669,1.0,2,1.0,0.0,0.0,0.0,0.0,0.8841499227634189,0.0,0.468217369290129,100000000.0,0.10000000149011612,0.0,0.0,0.0,,-0.43030303030303024,0.0,4,0.0,0.06142178922891617,0.0,0.0,68.16907273605466,,564633.6754014348,6.709260551021695,6.709260551021695,4817.765576502381,12582912.0,125829120.0,79,-0.14179633679960776,4817.765576502381,1.0,7449.047979989595,104857600.0,20971520.0,False,0.12048493828602921,1.1097072913108739,0.29676478704767284,0.264229536353895,5,2.5,5.0,0.02074637718241664,2,4,2704.6358808476825,-0.3232842317781325,0.4386119793709008,,,,,,0.0,2,,,,,,,,,,,,,,,,,,,,,,,,,,,,,,,,,,,,,,,,,,,,,,,,,,,,,,,,,,,,,,,,,,,,,,,,,,,,,,,,,,,,,0.9999999999999999,-6.709260551021695,delay_only,0.48484848484848486,0.0024597927347216847,0.07263178360197192,472,10485760.0,104857600.0,0.9178364276885986,0.0,2,,0,6709.260551021695,0.1359375,3.6125804781913757,6642.146019493491,5500.907086809669,12582912.0,125829120.0,10,2
41943040.0,13107200.0,3179.84357178331,5,1,0.6861668080091476,0.40869008127655515,6838.206070063591,3384.5500741423816,0.0,4043.499075503469,3179.84357178331,1.0,2,1.0,0.0,0.0,0.0,0.0,1.5886505871941106,0.0,0.5524473122653256,100000000.0,0.10000000149011612,0.0,0.0,0.0,,-0.6242424242424242,0.0,4,0.2,0.06351757049560547,1.0,0.0,69.1059217788279,,564633.6754014348,4.043499075503469,4.043499075503469,3384.5500741423816,5505024.0,55050240.0,79,0.060482633695689236,3384.5500741423816,1.0,7449.047979989595,41943040.0,13107200.0,False,0.13055578817210697,1.2024632465967275,0.31241119513596227,0.5738051680693453,6,4.0,5.4,0.025057418295140955,2,4,1453.9925698623456,0.10603491577186291,0.5704029965546378,,,,,,0.0,2,,,,,,,,,,,,,,,,,,,,,,,,,,,,,,,,,,,,,,,,,,,,,,,,,,,,,,,,,,,,,,,,,,,,,,,,,,,,,,,,,,,,,0.9999999999999999,-4.043499075503469,delay_only,0.48484848484848486,0.002458518789431373,0.07263637007454768,474,4194304.0,41943040.0,0.9177367687225342,0.0,3,,0,4043.499075503469,0.1484375,3.5502734541893006,3976.6302766962053,3179.8435717833104,5505024.0,55050240.0,10,2
117440512.0,25690112.0,6482.101424027995,3,1,0.6679762154817581,0.24776713524888175,9721.318758531217,4824.052635566669,0.0,7312.695458888721,6482.101424027995,1.0,2,0.9999999999999998,0.0,0.0,0.0,0.0,0.7804184394945639,0.0,0.4299902268568871,100000000.0,0.10000000149011612,0.0,2.220446049250313e-16,0.0,,-0.4424242424242424,0.0,4,0.2,0.06225327029824257,1.0,0.0,73.21348739787936,,602461.18758172,7.312695458888722,7.312695458888722,4824.052635566669,14313062.4,143130624.0,80,-0.3437045392574911,4824.052635566668,1.0,37827.512180285135,117440512.0,25690112.0,False,0.14642292058952117,1.3486049368883295,0.32064090424493674,0.1997182266448265,6,2.2,4.8,0.011860357537750617,2,4,2962.70510149368,-0.890778727835525,0.3858472688191016,,,,,,0.0,2,,,,,,,,,,,,,,,,,,,,,,,,,,,,,,,,,,,,,,,,,,,,,,,,,,,,,,,,,,,,,,,,,,,,,,,,,,,,,,,,,,,,,0.9999999999999999,-7.312695458888722,delay_only,0.48484848484848486,0.0024563571488758203,0.07262885530372176,476,11744051.2,117440512.0,0.917726457118988,0.0,1,0.1109375,0,7312.695458888722,0.1484375,3.4992958426475527,7250.9018288773395,6482.101424027994,14313062.4,143130624.0,10,2
92274688.0,34340864.0,33449.17738943048,4,1,0.6481907330453396,0.44335006903127705,67955.65772271798,33946.29892325536,0.6,37827.512180285135,33449.17738943048,1.0,2,1.0,0.0,0.0,0.0,0.0,2.630492902132336,0.6,0.8031067097353458,100000000.0,0.10000000149011612,0.0,0.0,0.0,,-0.6012526109667694,0.0,4,0.2,0.05881299823522568,1.0,0.0,69.68847196549177,,602461.18758172,37.82751218028513,37.82751218028513,33946.29892325536,12661555.2,126615552.0,80,0.014644351507914,33946.29892325535,1.0,37827.512180285135,92274688.0,34340864.0,False,0.12360344550986006,1.1384298042948224,0.27979065877651743,0.8890763554381527,6,2.8,4.8,0.010000000000000005,2,4,5654.7172592032275,0.017571358849000903,0.8334216854689455,,,,,,0.0,2,,,,,,,,,,,,,,,,,,,,,,,,,,,,,,,,,,,,,,,,,,,,,,,,,,,,,,,,,,,,,,,,,,,,,,,,,,,,,,,,,,,,,0.937436866561092,-37.82751218028513,delay_only,0.48484848484848486,0.00245418994547765,0.07262838055293735,478,9227468.8,92274688.0,0.9177173972129822,0.0,2,0.1109375,0,37827.512180285135,0.1578125,3.494814908504486,37764.45230407787,33449.17738943048,12661555.2,126615552.0,10,2
41943040.0,1310720.0,1408.352377734158,0,1,0.6581251509487629,0.30843032854579844,3212.196467222918,1573.0565224132927,0.0,2221.4576554837004,1408.3523777341582,1.0,2,1.0,0.0,0.0,0.0,0.0,0.6626093783263803,0.0,0.30359214022274134,100000000.0,0.10000000149011612,0.0,0.0,0.0,,-0.9999999999999999,0.0,4,0.0,0.06257791817188263,0.0,0.0,70.12725248932838,,602461.18758172,2.2214576554837,2.2214576554837,1573.056522413293,4325376.0,43253760.0,80,0.10470325912158263,1573.0565224132927,1.0,37827.512180285135,41943040.0,1310720.0,False,0.1292310872075587,1.1902622998221528,0.3226281978239809,0.2701371594197891,5,4.0,6.0,0.05275512272401324,2,4,992.7434375639828,0.2838194570813502,0.36890796775631873,,,,,,0.0,2,,,,,,,,,,,,,,,,,,,,,,,,,,,,,,,,,,,,,,,,,,,,,,,,,,,,,,,,,,,,,,,,,,,,,,,,,,,,,,,,,,,,,0.9999999999999999,-2.2214576554837,delay_only,0.48484848484848486,0.002447808626238409,0.07262541862688113,480,4194304.0,41943040.0,0.9178202152252197,0.0,3,0.1109375,0,2221.4576554837004,0.1375,3.5582112967967987,2155.3742330873683,1408.3523777341582,4325376.0,43253760.0,10,2
31457280.0,1310720.0,1112.802647278234,9,0,0.6619109772145748,0.28327748757942967,2150.918733055854,1041.286347996053,0.0,1541.6118783682616,1112.802647278234,1.0,2,1.0,0.0,0.0,0.0,0.0,0.6762011052760032,0.0,0.3622599495890343,100000000.0,0.10000000149011612,0.0,0.0,0.0,,-0.5151515151515151,0.0,4,0.0,0.0689680203795433,0.0,0.0,71.49038603529334,,605148.1888141942,1.5416118783682615,1.5416118783682615,1041.286347996053,3276800.0,32768000.0,81,-0.06868072304972951,1041.2863479960529,1.0,2687.0012324741706,31457280.0,1310720.0,False,0.13169099364276546,1.2129188753736218,0.2871267427480738,0.24104994892720716,5,4.5,6.0,0.03210981263647131,2,4,660.7533504903221,-0.1879371821916814,0.3654451037777106,,,,,,0.0,2,,,,,,,,,,,,,,,,,,,,,,,,,,,,,,,,,,,,,,,,,,,,,,,,,,,,,,,,,,,,,,,,,,,,,,,,,,,,,,,,,,,,,0.9999999999999999,-1.5416118783682615,delay_only,0.48484848484848486,0.0024437502629921564,0.07263450382535079,482,3145728.0,31457280.0,0.9178314805030823,0.0,1,,0,1541.6118783682616,0.1328125,3.6598711013793945,1473.265841304514,1112.802647278234,3276800.0,32768000.0,10,2
31457280.0,11141120.0,1946.8656153735305,0,1,0.6595016457140446,0.35670942766887465,3729.415309561416,1829.3173089353365,0.0,2399.0977089482244,1946.8656153735303,1.0,2,1.0,0.0,0.0,0.0,0.0,1.01746121024563,0.0,0.49408313297140277,100000000.0,0.10000000149011612,0.0,0.0,0.0,,-0.4545454545454545,0.0,4,0.0,0.05916367843747139,0.0,0.0,70.78069169074297,,605148.1888141942,2.3990977089482244,2.3990977089482244,1829.3173089353363,4259840.0,42598400.0,81,-0.06425801902383342,1829.317308935336,1.0,2687.0012324741706,31457280.0,11141120.0,False,0.13474002351702108,1.2410014783198398,0.36241188064624585,0.36659686938220876,5,4.5,5.5,0.019791175131661596,2,4,941.5386645843182,-0.13240722469070487,0.4853059882037117,,,,,,0.0,2,,,,,,,,,,,,,,,,,,,,,,,,,,,,,,,,,,,,,,,,,,,,,,,,,,,,,,,,,,,,,,,,,,,,,,,,,,,,,,,,,,,,,0.9999999999999999,-2.3990977089482244,delay_only,0.48484848484848486,0.002438692450950916,0.07263814917859095,484,3145728.0,31457280.0,0.9177638292312622,0.0,2,,0,2399.0977089482244,0.1046875,3.699042171239853,2332.1731988902075,1946.8656153735303,4259840.0,42598400.0,10,2
39845888.0,1310720.0,2208.148038225382,1,1,0.8685332722961903,0.3129777513357667,3911.083283981655,1923.9299458723385,0.0,2687.0012324741706,2208.148038225382,1.0,2,1.0,0.0,0.0,0.0,0.0,1.1025081618815513,0.0,0.5343349419720278,100000000.0,0.10000000149011612,0.0,0.0,0.0,,-0.6727272727272726,0.0,4,0.4,0.06281508505344391,2.0,0.0,89.67742277309299,,605148.1888141942,2.6870012324741706,2.6870012324741706,1923.9299458723385,4115660.8,41156608.0,81,-0.14772788009397858,1923.9299458723385,1.0,2687.0012324741706,39845888.0,1310720.0,False,0.1335116403256158,1.2296876510197827,0.2727358589895106,0.2749068706734337,7,4.4,6.0,0.017624532628186557,2,4,961.5929249874962,-0.29534153439479327,0.5001933791557595,,,,,,0.0,2,,,,,,,,,,,,,,,,,,,,,,,,,,,,,,,,,,,,,,,,,,,,,,,,,,,,,,,,,,,,,,,,,,,,,,,,,,,,,,,,,,,,,0.9999999999999999,-2.6870012324741706,delay_only,0.48484848484848486,0.0024484944141672923,0.07266254989569312,486,3984588.8,39845888.0,0.916840136051178,0.0,3,,0,2687.0012324741706,0.134375,3.5924161314964294,2623.777840237193,2208.148038225382,4115660.8,41156608.0,10,2
20971520.0,1310720.0,1028.6336828943904,5,1,0.8680708706378937,0.4009411754080269,2430.217707951312,1182.1434118099237,0.0,1455.843363627912,1028.6336828943902,1.0,2,1.0,0.0,0.0,0.0,0.0,1.5712268948349741,0.0,0.5259254251419208,100000000.0,0.10000000149011612,0.0,0.0,0.0,,-0.9878787878787878,0.0,4,0.0,0.05869054049253464,0.0,0.0,68.07820033282042,,617148.762899892,1.4558433636279118,1.4558433636279118,1182.1434118099237,2228224.0,22282240.0,82,0.12985711156694746,1182.1434118099237,1.0,12000.57408569786,20971520.0,1310720.0,False,0.1358239917736812,1.250985194916097,0.3061599025368036,0.5689698789674752,5,5.0,6.0,0.03491344745684094,2,4,514.1492491002525,0.22980699156536305,0.5650703256781147,,,,,,0.0,2,,,,,,,,,,,,,,,,,,,,,,,,,,,,,,,,,,,,,,,,,,,,,,,,,,,,,,,,,,,,,,,,,,,,,,,,,,,,,,,,,,,,,0.9878787878787878,-1.4558433636279118,delay_only,0.48484848484848486,0.002441361943565037,0.07265864286786515,488,2097152.0,20971520.0,0.917774498462677,0.0,1,,0,1455.8433636279117,0.1359375,3.456699103116989,1389.912479296447,1028.6336828943904,2228224.0,22282240.0,10,2
67108864.0,13107200.0,2777.0239543127177,2,1,0.8761342614889145,0.23718092108737354,4682.45474790633,2301.8061047486976,0.0,3571.865817847962,2777.0239543127177,1.0,2,1.0,0.0,0.0,0.0,0.0,0.5954949957589166,0.0,0.3321910205402057,100000000.0,0.10000000149011612,0.0,0.0,0.0,,-0.41818181818181815,0.0,4,0.2,0.05489487200975418,1.0,0.0,78.84253840893507,,617148.762899892,3.5718658178479616,3.5718658178479616,2301.8061047486976,8021606.4,80216064.0,82,-0.20645433539498856,2301.8061047486976,1.0,12000.57408569786,67108864.0,13107200.0,False,0.13050524437679856,1.2019977210382455,0.32435069692435076,0.1932314403834112,6,3.4,5.4,0.026403888418338184,2,4,1571.0095788631509,-0.650273821414479,0.31748830814980067,,,,,,0.0,2,,,,,,,,,,,,,,,,,,,,,,,,,,,,,,,,,,,,,,,,,,,,,,,,,,,,,,,,,,,,,,,,,,,,,,,,,,,,,,,,,,,,,0.9999999999999999,-3.5718658178479616,delay_only,0.48484848484848486,0.002447498861900998,0.0726733564593911,490,6710886.4,67108864.0,0.9177127480506897,0.0,2,,0,3571.865817847962,0.146875,3.527953565120697,3510.2662605599708,2777.0239543127177,8021606.4,80216064.0,10,2
104857600.0,11141120.0,10741.988198692196,0,1,0.882759690284729,0.4254831272937199,20888.114267504054,10408.837685599097,0.4,12000.57408569786,10741.988198692194,1.0,2,1.0,0.0,0.0,0.0,0.0,1.9678564252621713,0.4,0.7105045024023151,100000000.0,0.10000000149011612,0.0,0.0,0.0,,-0.7628725873664813,0.0,4,0.0,0.06419789046049118,0.0,0.0,70.43889630585909,,617148.762899892,12.00057408569786,12.00057408569786,10408.837685599097,11599872.0,115998720.0,82,-0.03200650477565051,10408.837685599097,1.0,12000.57408569786,104857600.0,11141120.0,False,0.12468025115452527,1.1483475507966543,0.3016708233461468,0.6842078988263476,5,3.0,5.5,0.01,2,4,3387.7350292415913,-0.047449884925330865,0.6745328218607335,,,,,,0.0,2,,,,,,,,,,,,,,,,,,,,,,,,,,,,,,,,,,,,,,,,,,,,,,,,,,,,,,,,,,,,,,,,,,,,,,,,,,,,,,,,,,,,,0.9692233691951198,-12.00057408569786,delay_only,0.48484848484848486,0.002458043447379097,0.07265630099390327,492,10485760.0,104857600.0,0.9177903532981873,0.0,3,,0,12000.57408569786,0.1265625,3.589423567056656,11934.314227965056,10741.988198692194,11599872.0,115998720.0,10,2
71303168.0,1310720.0,3839.0214991875287,0,1,0.8641267195343971,0.35892173596498644,6821.524959430595,3363.2346530913064,0.0,4373.131379063282,3839.021499187529,1.0,2,1.0,0.0,0.0,0.0,0.0,1.0168984976529667,0.0,0.48268130493715367,100000000.0,0.10000000149011612,0.0,0.0,0.0,,-0.5757575757575757,0.0,4,0.6,0.06690416485071182,3.0,0.0,95.05565324798226,,624333.7652491821,4.373131379063283,4.373131379063283,3363.2346530913064,7261388.8,72613888.0,83,-0.1414670384829987,3363.2346530913064,1.0,7185.002349290072,71303168.0,1310720.0,False,0.1743151109657242,1.605501503973118,0.2599849131371619,0.36763048286376954,8,3.4,6.0,0.012369298688216146,2,4,1742.7141798939801,-0.2936012558715064,0.48183390109513463,,,,,,0.0,2,,,,,,,,,,,,,,,,,,,,,,,,,,,,,,,,,,,,,,,,,,,,,,,,,,,,,,,,,,,,,,,,,,,,,,,,,,,,,,,,,,,,,0.9999999999999999,-4.373131379063283,delay_only,0.48484848484848486,0.0024662110027019674,0.07265803867325811,494,7130316.8,71303168.0,0.9173358678817749,0.0,1,,0,4373.131379063283,0.1296875,3.522485077381134,4313.881535126868,3839.0214991875287,7261388.8,72613888.0,10,2
92274688.0,20971520.0,6067.971538038369,4,1,0.881668645888567,0.36595837080439514,11332.067199444824,5634.706330216703,0.0,7185.002349290072,6067.971538038369,1.0,2,1.0000000000000002,0.0,0.0,0.0,0.0,1.1411149376604812,0.0,0.557160207083155,100000000.0,0.10000000149011612,0.0,-2.220446049250313e-16,2.220446049250313e-16,,-0.9636363636363635,0.0,4,0.2,0.05916368216276169,1.0,0.0,75.37254923954606,,624333.7652491821,7.185002349290071,7.185002349290071,5634.706330216703,11324620.8,113246208.0,83,-0.07689224290150422,5634.706330216703,1.0,7185.002349290072,92274688.0,20971520.0,False,0.1398919136647865,1.28845214013979,0.36461991171270547,0.3787677613010666,6,3.2,5.0,0.017166498812367457,2,4,2628.4117284155645,-0.14411934464509477,0.5335317274086794,,,,,,2.220446049250313e-16,2,,,,,,,,,,,,,,,,,,,,,,,,,,,,,,,,,,,,,,,,,,,,,,,,,,,,,,,,,,,,,,,,,,,,,,,,,,,,,,,,,,,,,0.9999999999999999,-7.185002349290071,delay_only,0.4909090909090909,0.00244061715697148,0.07254583153686374,496,9227468.8,92274688.0,0.9177171587944031,0.0,2,,0,7185.002349290072,0.159375,3.5221525549888613,7122.347810278653,6067.971538038368,11324620.8,113246208.0,10,2
41943040.0,1310720.0,1484.2944696068519,1,0,0.8720937184989452,0.3238232588038935,3432.009991183209,1688.5608848739803,0.0,2320.6453315907406,1484.2944696068519,1.0,2,1.0,0.0,0.0,0.0,0.0,0.6666001606812222,0.0,0.279217262778952,100000000.0,0.10000000149011612,0.0,0.0,0.0,,-0.9999999999999999,0.0,4,0.4,0.0635938048362732,2.0,0.0,91.67826548218727,,624333.7652491821,2.32064533159074,2.32064533159074,1688.56088487398,4325376.0,43253760.0,83,0.12097071363960513,1688.5608848739803,1.0,7185.002349290072,41943040.0,1310720.0,False,0.14433790277242842,1.3294012131112707,0.28669498784787684,0.29254537900874744,7,4.0,6.0,0.05017013886058228,2,4,1041.4909896460626,0.31567905843491556,0.38320791451722475,,,,,,0.0,2,,,,,,,,,,,,,,,,,,,,,,,,,,,,,,,,,,,,,,,,,,,,,,,,,,,,,,,,,,,,,,,,,,,,,,,,,,,,,,,,,,,,,0.9999999999999999,-2.32064533159074,delay_only,0.4909090909090909,0.0024396028170448046,0.07256536423669173,498,4194304.0,41943040.0,0.9172692894935608,0.0,3,,0,2320.64533159074,0.146875,3.4932524263858795,2265.7571101554913,1484.2944696068519,4325376.0,43253760.0,10,2
20971520.0,1310720.0,992.0891971116646,1,0,0.8707628585398197,0.3774639309942628,2316.120246252564,1120.4856980194138,0.0,1441.8683934466712,992.0891971116645,1.0,2,1.0,0.0,0.0,0.0,0.0,1.2088143349605052,0.0,0.4554061239832413,100000000.0,0.10000000149011612,0.0,0.0,0.0,,-0.9999999999999999,0.0,4,0.2,0.06539624184370041,1.0,0.0,75.1488502137363,,631277.1003443839,1.4418683934466712,1.4418683934466712,1120.4856980194138,2228224.0,22282240.0,84,0.11459003995740837,1120.4856980194138,1.0,6943.335095201718,20971520.0,1310720.0,False,0.12406569695283032,1.1426872974220157,0.24051832412670074,0.45504942549542177,6,5.0,6.0,0.03776176045580946,2,4,561.7241186123568,0.2297876332943296,0.4986780111470693,,,,,,0.0,2,,,,,,,,,,,,,,,,,,,,,,,,,,,,,,,,,,,,,,,,,,,,,,,,,,,,,,,,,,,,,,,,,,,,,,,,,,,,,,,,,,,,,0.9999999999999999,-1.4418683934466712,delay_only,0.4909090909090909,0.00243461294170045,0.07256826166916683,500,2097152.0,20971520.0,0.9177259206771851,0.0,1,,0,1441.8683934466712,0.153125,3.476902449131012,1380.6851750680976,992.0891971116645,2228224.0,22282240.0,10,2
58720256.0,17563648.0,4777.751592846123,5,1,0.8564419113099575,0.40057193579145933,9356.00032226192,4647.41104718768,0.0,5608.249161907946,4777.751592846123,1.0,2,1.0000000000000002,0.0,0.0,0.0,0.0,1.4541393685795438,0.0,0.6056180848357148,100000000.0,0.10000000149011612,0.0,-2.220446049250313e-16,2.220446049250313e-16,,-0.6848484848484848,0.0,4,0.2,0.06018734350800514,1.0,0.0,75.41067991405725,,631277.1003443839,5.608249161907946,5.608249161907946,4647.411047187681,7628390.4,76283904.0,84,-0.028045839788007603,4647.41104718768,1.0,6943.335095201718,58720256.0,17563648.0,False,0.12692860613738247,1.1690556654657978,0.29967796707254,0.5165742204583482,6,3.6,5.2,0.015804230807612,2,4,1968.2337892229245,-0.04864946702237084,0.5764881201085118,,,,,,2.220446049250313e-16,2,,,,,,,,,,,,,,,,,,,,,,,,,,,,,,,,,,,,,,,,,,,,,,,,,,,,,,,,,,,,,,,,,,,,,,,,,,,,,,,,,,,,,0.9999999999999999,-5.608249161907946,delay_only,0.4909090909090909,0.0024398548511198135,0.0725836077458627,502,5872025.6,58720256.0,0.9177200198173523,0.0,2,,0,5608.2491619079465,0.1484375,3.4610001921653746,5547.070934021389,4777.751592846122,7628390.4,76283904.0,10,2
117440512.0,9175040.0,5705.351061973427,0,1,0.8816970512270927,0.2471638626451537,9222.903565173845,4572.0444925343,0.0,6943.335095201718,5705.351061973426,1.0,2,1.0,0.0,0.0,0.0,0.0,0.6100365943775616,0.0,0.34330298611517684,100000000.0,0.10000000149011612,0.0,0.0,0.0,,-0.2727272727272727,0.0,4,0.2,0.05784475803375244,1.0,0.0,78.81458010524511,,631277.1003443839,6.943335095201718,6.943335095201718,4572.044492534299,12661555.2,126615552.0,84,-0.24787741486105544,4572.044492534299,1.0,6943.335095201718,117440512.0,9175040.0,False,0.128574538671757,1.1842152643366965,0.30860179116234293,0.19943696019225435,6,2.8,5.6,0.020659787163593464,2,4,3101.559708213449,-0.7707026835796544,0.3216252131233647,,,,,,0.0,2,,,,,,,,,,,,,,,,,,,,,,,,,,,,,,,,,,,,,,,,,,,,,,,,,,,,,,,,,,,,,,,,,,,,,,,,,,,,,,,,,,,,,0.9999999999999999,-6.943335095201718,delay_only,0.4909090909090909,0.0024388511669939917,0.07258977300958668,504,11744051.2,117440512.0,0.9177148938179016,0.0,3,,0,6943.335095201718,0.146875,3.5717305898666383,6884.064448312955,5705.351061973426,12661555.2,126615552.0,10,2
67108864.0,5242880.0,5695.771173670913,3,1,0.8659991435706615,0.42845687491709394,11421.046007378745,5682.571972697401,0.0,6527.620326772895,5695.771173670913,1.0,2,1.0,0.0,0.0,0.0,0.0,2.0986487151658344,0.0,0.7298976860669405,100000000.0,0.10000000149011612,0.0,0.0,0.0,,-0.8181818181818182,0.0,4,0.6,0.06982242316007614,3.0,0.0,94.20971153303981,,639678.1345754131,6.527620326772895,6.527620326772895,5682.571972697401,7235174.4,72351744.0,85,-0.002322751218449995,5682.571972697401,1.0,8401.034231029198,67108864.0,5242880.0,False,0.18292057078835644,1.6847607179969266,0.28360886965941595,0.7200910692536274,8,3.6,5.8,0.012950650914115432,2,4,1711.4988324267918,-0.0033238372871201307,0.6988161627076801,,,,,,0.0,2,,,,,,,,,,,,,,,,,,,,,,,,,,,,,,,,,,,,,,,,,,,,,,,,,,,,,,,,,,,,,,,,,,,,,,,,,,,,,,,,,,,,,0.9999999999999999,-6.527620326772895,delay_only,0.4909090909090909,0.0025098730170883747,0.07250215966162288,506,6710886.4,67108864.0,0.9174869656562805,0.0,1,,0,6527.620326772895,0.1375,3.469057524204254,6471.718264788952,5695.771173670914,7235174.4,72351744.0,10,2
33554432.0,1310720.0,1701.552953181879,2,1,0.8511682972311974,0.37399812305993946,3509.477012828625,1723.1227636992369,0.0,2196.939197108716,1701.5529531818793,1.0,2,1.0,0.0,0.0,0.0,0.0,1.355168218129656,0.0,0.583241913358046,100000000.0,0.10000000149011612,0.0,0.0,0.0,,-0.49090909090909085,0.0,4,0.6,0.06773606687784195,3.0,0.0,93.73106667771935,,639678.1345754131,2.196939197108716,2.196939197108716,1723.1227636992369,3486515.2,34865152.0,85,0.012517860579504558,1723.1227636992369,1.0,8401.034231029198,33554432.0,1310720.0,False,0.176734618026342,1.6277859875338074,0.29812469576986933,0.41967509334657654,8,4.6,6.0,0.023605211727206383,2,4,742.9985401459484,0.022007221124644403,0.5688069615243994,,,,,,0.0,2,,,,,,,,,,,,,,,,,,,,,,,,,,,,,,,,,,,,,,,,,,,,,,,,,,,,,,,,,,,,,,,,,,,,,,,,,,,,,,,,,,,,,0.9999999999999999,-2.196939197108716,delay_only,0.49696969696969695,0.0024758628681021,0.07239184292782716,508,3355443.2,33554432.0,0.9171491861343384,0.0,2,,0,2196.939197108716,0.18125,3.4676743268966677,2133.707711678565,1701.5529531818795,3486515.2,34865152.0,10,2
142606336.0,20971520.0,5995.911404062385,9,1,0.8730948902666569,0.3736514672970732,13412.714794390293,6659.369593542264,0.0,8401.034231029198,5995.911404062385,1.0,2,1.0,0.0,0.0,0.0,0.0,1.051323393558555,0.0,0.42224919309956743,100000000.0,0.10000000149011612,0.0,0.0,0.0,,-0.2727272727272727,0.0,4,0.4,0.06666864454746246,2.0,0.0,93.97560730576515,,639678.1345754131,8.401034231029199,8.401034231029199,6659.369593542264,16357785.6,163577856.0,85,0.09962777709818771,6659.369593542263,1.0,8401.034231029198,142606336.0,20971520.0,False,0.14101608547606848,1.2988061451582777,0.2902208095196554,0.40416422465409296,7,1.6,5.0,0.03905059179631529,2,4,3530.0168608555814,0.21201131548704338,0.4699172629975792,,,,,,0.0,2,,,,,,,,,,,,,,,,,,,,,,,,,,,,,,,,,,,,,,,,,,,,,,,,,,,,,,,,,,,,,,,,,,,,,,,,,,,,,,,,,,,,,0.9999999999999999,-8.401034231029199,delay_only,0.503030303030303,0.0024713247197301505,0.0726798016800559,510,14260633.6,142606336.0,0.9168748259544373,0.0,3,,0,8401.034231029198,0.1625,3.476380741596222,8337.350290931505,5995.911404062385,16357785.6,163577856.0,10,2
83886080.0,25690112.0,3768.796120558489,9,0,0.6700451485812664,0.2130420870589309,7249.609295279706,3590.9890332263826,0.0,5705.1374006514925,3768.7961205584884,1.0,2,1.0,0.0,0.0,0.0,0.0,0.35932744272130435,0.0,0.20026648643628422,100000000.0,0.10000000149011612,0.0,0.0,0.0,,-0.43030303030303024,0.0,4,0.2,0.0672716498374939,1.0,0.0,67.63122882694006,,647420.22238728,5.705137400651492,5.705137400651492,3590.989033226383,10957619.2,109576192.0,86,-0.04951479541900823,3590.9890332263826,1.0,7742.087811866862,83886080.0,25690112.0,False,0.13924384317180147,1.2824831903143632,0.28931378865781865,0.17546830981763253,6,3.0,4.8,0.04990742130791767,2,4,2732.3290868410627,-0.2070750919273884,0.23911516811674657,,,,,,0.0,2,0.0020986454633142165,0.0,0.0,0.0,0.0,0.0,0.0,0.0,0.0,0.0,0.0,0.0,0.0,0.0,0.10000000149011612,0.0,0.0,0.0,0.0,0.0,0.0,0.0031250000931322573,0.0025214485793064014,0.0,0.6179586470127105,0.0625111386179924,0.16650207638740538,-0.0015355605185807697,True,0.04728258140385151,0.08006276786327363,0.15324302725493907,0.2716287925839424,0.8420470893383026,1,0.8694603919982911,0.4999993950128555,0.4999995529651642,0.8694603919982911,1.0298629999160767,False,0.09871991723775864,-3.351623773574829,0.01378710960909034,-0.010054056858643889,5,1,10,4.141007901635021,0.503030303030303,0.0024713247197301505,0.0726798016800559,510,0.00167584229784552,0.006250000186264515,1.9624892592430114,0.3387276500463486,0.5819733262062072,0.917567253112793,1.1720775067806244,-0.018572546308860183,0.04138343347361659,-0.006387265390911834,-3.4099230766296387,2.1145124435424805,0.02950131893157959,2.124030113220215,-0.003969442707969728,-6.115673065185547,8.387430191040039,-2.656381607055664,8.409651756286621,-0.009709320967672852,-6.278275966644287,4.503175735473633,-2.825667142868042,4.53275728225708,0.0,-3.4503440856933594,48,86,0.31232106387615205,0.553419990837574,2.585505723953247,0.9878787878787878,-5.705137400651492,delay_only,0.503030303030303,0.002469250152192395,0.07263259033111286,512,8388608.0,83886080.0,0.917717695236206,0.0,1,,0,5705.1374006514925,0.134375,3.4207578897476196,5649.705078682072,3768.796120558489,10957619.2,109576192.0,10,2
65011712.0,1310720.0,2770.554020908499,0,0,0.6599859334528446,0.27631970756210206,4494.499976137014,2205.9124914674617,0.0,3252.581057092959,2770.5540209084993,1.0,2,0.9999999999999999,0.0,0.0,0.0,0.0,0.6709757179012702,0.0,0.37147076597258916,100000000.0,0.10000000149011612,0.0,1.1102230246251565e-16,0.0,,-0.6727272727272726,0.0,4,0.4,0.06740542501211166,2.0,0.0,82.67499320209026,,647420.22238728,3.252581057092959,3.252581057092959,2205.9124914674617,6632243.2,66322432.0,86,-0.2559673294498709,2205.9124914674617,1.0,7742.087811866862,65011712.0,1310720.0,False,0.13739290143254637,1.2654353868871262,0.2974352153798257,0.2288306223787327,7,3.6,6.0,0.01507156503363587,2,4,1379.6399058323277,-0.6833598733122825,0.37457178778903605,,,,,,0.0,2,0.0020986454633142165,0.0,0.0,0.0,0.0,0.0,0.0,0.0,0.0,0.0,0.0,0.0,0.0,0.0,0.10000000149011612,0.0,0.0,0.0,0.0,0.0,0.0,0.0031250000931322573,0.0025214485793064014,0.0,0.6179586470127105,0.0625111386179924,0.16650207638740538,-0.0015355605185807697,True,0.04728258140385151,0.08006276786327363,0.15324302725493907,0.2716287925839424,0.8420470893383026,1,0.8694603919982911,0.4999993950128555,0.4999995529651642,0.8694603919982911,1.0298629999160767,False,0.09871991723775864,-3.351623773574829,0.01378710960909034,-0.010054056858643889,5,1,10,4.141007901635021,0.503030303030303,0.0024713247197301505,0.0726798016800559,510,0.00167584229784552,0.006250000186264515,1.9624892592430114,0.3387276500463486,0.5819733262062072,0.917567253112793,1.1720775067806244,-0.018572546308860183,0.04138343347361659,-0.006387265390911834,-3.4099230766296387,2.1145124435424805,0.02950131893157959,2.124030113220215,-0.003969442707969728,-6.115673065185547,8.387430191040039,-2.656381607055664,8.409651756286621,-0.009709320967672852,-6.278275966644287,4.503175735473633,-2.825667142868042,4.53275728225708,0.0,-3.4503440856933594,48,86,0.31232106387615205,0.553419990837574,2.585505723953247,0.9999999999999999,-3.252581057092959,delay_only,0.503030303030303,0.002473981609957024,0.07264037440198387,514,6501171.2,65011712.0,0.9168506860733032,0.0,2,,0,3252.581057092959,0.1453125,3.5143545031547547,3188.119871961737,2770.5540209084993,6632243.2,66322432.0,10,2
104857600.0,21626880.0,6796.824157644411,1,0,0.6500892341136932,0.3248800783532874,11467.722346250453,5700.864381244649,0.0,7742.087811866862,6796.82415764441,1.0,2,1.0,0.0,0.0,0.0,0.0,0.9675783109088106,0.0,0.5089019806118484,100000000.0,0.10000000149011612,0.0,0.0,0.0,,-0.10303030303030303,0.0,4,0.0,0.05511064454913139,0.0,0.0,70.50982164219022,,647420.22238728,7.7420878118668615,7.7420878118668615,5700.86438124465,12648448.0,126484480.0,86,-0.1922444919064156,5700.86438124465,1.0,7742.087811866862,104857600.0,21626880.0,False,0.13223938475093622,1.2179697441368396,0.3364819200009088,0.28861777227112073,5,2.5,5.0,0.012870037716018001,2,4,2984.761692748988,-0.4035045438605149,0.47643699391120486,,,,,,0.0,2,0.0020986454633142165,0.0,0.0,0.0,0.0,0.0,0.0,0.0,0.0,0.0,0.0,0.0,0.0,0.0,0.10000000149011612,0.0,0.0,0.0,0.0,0.0,0.0,0.0031250000931322573,0.0025214485793064014,0.0,0.6179586470127105,0.0625111386179924,0.16650207638740538,-0.0015355605185807697,True,0.04728258140385151,0.08006276786327363,0.15324302725493907,0.2716287925839424,0.8420470893383026,1,0.8694603919982911,0.4999993950128555,0.4999995529651642,0.8694603919982911,1.0298629999160767,False,0.09871991723775864,-3.351623773574829,0.01378710960909034,-0.010054056858643889,5,1,10,4.141007901635021,0.503030303030303,0.0024713247197301505,0.0726798016800559,510,0.00167584229784552,0.006250000186264515,1.9624892592430114,0.3387276500463486,0.5819733262062072,0.917567253112793,1.1720775067806244,-0.018572546308860183,0.04138343347361659,-0.006387265390911834,-3.4099230766296387,2.1145124435424805,0.02950131893157959,2.124030113220215,-0.003969442707969728,-6.115673065185547,8.387430191040039,-2.656381607055664,8.409651756286621,-0.009709320967672852,-6.278275966644287,4.503175735473633,-2.825667142868042,4.53275728225708,0.0,-3.4503440856933594,48,86,0.31232106387615205,0.553419990837574,2.585505723953247,0.9999999999999999,-7.7420878118668615,delay_only,0.503030303030303,0.0024721800996366033,0.07264509121424867,516,10485760.0,104857600.0,0.91778564453125,0.0,3,,0,7742.087811866862,0.1421875,3.5159715116024017,7676.094228105706,6796.824157644411,12648448.0,126484480.0,10,2
41943040.0,13107200.0,2566.9305272812726,4,1,0.6666411645710468,0.3751732055829352,5742.809989135771,2835.512219052791,0.0,3588.2615564580024,2566.9305272812726,1.0,2,1.0,0.0,0.0,0.0,0.0,1.069973581044661,0.0,0.40064446666215436,100000000.0,0.10000000149011612,0.0,0.0,0.0,,-0.6848484848484848,0.0,4,0.2,0.06239201873540878,1.0,0.0,71.7855510301888,,651750.4934893436,3.5882615564580025,3.5882615564580025,2835.512219052791,5505024.0,55050240.0,87,0.09472069630552972,2835.5122190527904,1.0,4330.271102063575,41943040.0,13107200.0,False,0.14317826096438513,1.318720517349618,0.32271221222840873,0.41639691798400713,6,4.0,5.4,0.03722182469517306,2,4,1503.0192196170237,0.20156330418639853,0.4699302617997143,,,,,,0.0,2,,,,,,,,,,,,,,,,,,,,,,,,,,,,,,,,,,,,,,,,,,,,,,,,,,,,,,,,,,,,,,,,,,,,,,,,,,,,,,,,,,,,,0.9999999999999999,-3.5882615564580025,delay_only,0.503030303030303,0.0024645587120217757,0.07265223447933127,518,4194304.0,41943040.0,0.9177091121673584,0.0,1,,0,3588.2615564580024,0.1578125,3.3292498707771303,3522.3889081927896,2566.9305272812726,5505024.0,55050240.0,10,2
20971520.0,1310720.0,698.2270352333413,3,1,0.654732808470726,0.2611735858803773,1566.1261930543726,749.5358510149541,0.0,1157.0953992731781,698.2270352333413,1.0,2,1.0,0.0,0.0,0.0,0.0,0.5334269666128824,0.0,0.2705947947300418,100000000.0,0.10000000149011612,0.0,0.0,0.0,,-0.9999999999999999,0.0,4,0.2,0.0672716498374939,1.0,0.0,71.52911741286516,,651750.4934893436,1.157095399273178,1.157095399273178,749.5358510149542,2228224.0,22282240.0,87,0.0684541182548307,749.5358510149541,1.0,4330.271102063575,20971520.0,1310720.0,False,0.1259225391539051,1.159789446110964,0.28655127600379243,0.2201247338597947,6,5.0,6.0,0.05547468474885479,2,4,512.0137446736255,0.21601701236128332,0.3168922554133969,,,,,,0.0,2,,,,,,,,,,,,,,,,,,,,,,,,,,,,,,,,,,,,,,,,,,,,,,,,,,,,,,,,,,,,,,,,,,,,,,,,,,,,,,,,,,,,,0.9999999999999999,-1.157095399273178,delay_only,0.503030303030303,0.002460334394152661,0.07265992196840827,520,2097152.0,20971520.0,0.917705237865448,0.0,2,,0,1157.0953992731781,0.1578125,3.4817984104156494,1090.0409082487138,698.2270352333413,2228224.0,22282240.0,10,2
41943040.0,17039360.0,3281.598840682393,1,1,0.6849910132586956,0.3607755233926978,6774.257339216081,3342.7010935988565,0.0,4330.271102063575,3281.5988406823926,1.0,2,1.0,0.0,0.0,0.0,0.0,1.0811069647486116,0.0,0.47474163287546317,100000000.0,0.10000000149011612,0.0,0.0,0.0,,-0.8666666666666665,0.0,4,0.6,0.06525803357362747,3.0,0.0,88.85515201836824,,651750.4934893436,4.330271102063575,4.330271102063575,3342.7010935988565,5898240.0,58982400.0,87,0.018279305030734376,3342.701093598856,1.0,4330.271102063575,41943040.0,17039360.0,False,0.1727011273383844,1.5906361654105217,0.26348353998864066,0.37194234296030065,8,4.0,5.2,0.030004474705281135,2,4,1723.2247735439241,0.037729636524966484,0.4844813444899895,,,,,,0.0,2,,,,,,,,,,,,,,,,,,,,,,,,,,,,,,,,,,,,,,,,,,,,,,,,,,,,,,,,,,,,,,,,,,,,,,,,,,,,,,,,,,,,,0.9999999999999999,-4.330271102063575,delay_only,0.503030303030303,0.0024650033167313745,0.07262494727774689,522,4194304.0,41943040.0,0.9176405668258667,0.0,3,,0,4330.271102063575,0.146875,3.4812119126319887,4266.225334763744,3281.5988406823926,5898240.0,58982400.0,10,2
31457280.0,1310720.0,2035.9771537847485,0,1,0.668796245008707,0.38615765210564523,4086.664508207674,2008.1102087250774,0.0,2508.567736774727,2035.9771537847485,1.0,2,1.0,0.0,0.0,0.0,0.0,1.3099791354634212,0.0,0.5678519695264812,100000000.0,0.10000000149011612,0.0,0.0,0.0,,-0.8181818181818182,0.0,4,0.0,0.06269047409296036,0.0,0.0,70.444090757519,,655439.9261862553,2.508567736774727,2.508567736774727,2008.1102087250774,3276800.0,32768000.0,88,-0.013877199039470904,2008.110208725077,1.0,3689.432696911777,31457280.0,1310720.0,False,0.13440652566481612,1.237929849587709,0.2996322295916728,0.46698778097970534,5,4.5,6.0,0.019962019568609782,2,4,908.7516619354083,-0.02534836804702889,0.547459268925104,,,,,,0.0,2,,,,,,,,,,,,,,,,,,,,,,,,,,,,,,,,,,,,,,,,,,,,,,,,,,,,,,,,,,,,,,,,,,,,,,,,,,,,,,,,,,,,,0.9999999999999999,-2.508567736774727,delay_only,0.503030303030303,0.0024615781837005577,0.07262562327677503,524,3145728.0,31457280.0,0.9177960157394409,0.0,1,,0,2508.567736774727,0.1421875,3.5394514203071594,2442.3993116356846,2035.977153784748,3276800.0,32768000.0,10,2
37748736.0,1310720.0,1977.2076327635932,3,0,0.6715767085552216,0.396804536184361,4160.027579369809,2035.5765819376538,0.0,2509.309765223822,1977.207632763593,1.0,2,1.0,0.0,0.0,0.0,0.0,1.4444205641201269,0.0,0.5213309074522657,100000000.0,0.10000000149011612,0.0,0.0,0.0,,-0.5030303030303029,0.0,4,0.6,0.06601840257644653,3.0,0.0,88.87441549450159,,655439.9261862553,2.509309765223822,2.509309765223822,2035.5765819376538,3905945.6,39059456.0,88,0.02867440591132149,2035.5765819376538,1.0,3689.432696911777,37748736.0,1310720.0,False,0.1496371758182851,1.3782093215876494,0.21576168144568933,0.5289152157342981,8,4.2,6.0,0.023699077872918122,2,4,926.6302576437655,0.05263460268126734,0.5447824140511032,,,,,,0.0,2,,,,,,,,,,,,,,,,,,,,,,,,,,,,,,,,,,,,,,,,,,,,,,,,,,,,,,,,,,,,,,,,,,,,,,,,,,,,,,,,,,,,,0.9999999999999999,-2.509309765223822,delay_only,0.503030303030303,0.0024928828831703186,0.07256495654181641,526,3774873.6,37748736.0,0.9173105359077454,0.0,2,,0,2509.309765223822,0.1703125,3.442133891582489,2445.787609361518,1977.2076327635932,3905945.6,39059456.0,10,2
58720256.0,1310720.0,3221.375982933013,1,0,0.6660409271717072,0.3814862191696757,5964.9967571601965,2946.6362209931362,0.0,3689.432696911777,3221.375982933013,1.0,2,1.0,0.0,0.0,0.0,0.0,1.218694749228285,0.0,0.5529148320614649,100000000.0,0.10000000149011612,0.0,0.0,0.0,,-0.6242424242424242,0.0,4,0.2,0.06385645270347595,1.0,0.0,71.72431517392397,,655439.9261862553,3.6894326969117768,3.6894326969117768,2946.6362209931362,6003097.6,60030976.0,88,-0.09323843913358207,2946.6362209931362,1.0,3689.432696911777,58720256.0,1310720.0,False,0.12867495731133416,1.185140154186893,0.3070173527692439,0.439093795475457,6,3.8,6.0,0.012471709076024295,2,4,1365.9129469069624,-0.17380636221650222,0.5364500927615033,,,,,,0.0,2,,,,,,,,,,,,,,,,,,,,,,,,,,,,,,,,,,,,,,,,,,,,,,,,,,,,,,,,,,,,,,,,,,,,,,,,,,,,,,,,,,,,,0.9999999999999999,-3.6894326969117768,delay_only,0.503030303030303,0.002481323999745846,0.07257231900492601,528,5872025.6,58720256.0,0.9176837205886841,0.0,3,,0,3689.432696911777,0.15625,3.5453960061073304,3623.1366237693373,3221.375982933013,6003097.6,60030976.0,10,2
41943040.0,1310720.0,1558.3046338915287,0,0,0.658493023365736,0.2588422014346866,3089.0990765976553,1509.0975891904357,0.0,2289.509871161261,1558.304633891529,1.0,2,1.0,0.0,0.0,0.0,0.0,0.6586475870121287,0.0,0.32873534259367565,100000000.0,0.10000000149011612,0.0,0.0,0.0,,-0.9999999999999999,0.0,4,0.0,0.05939451977610588,0.0,0.0,70.903898216784,,660581.9657609671,2.2895098711612607,2.2895098711612607,1509.0975891904357,4325376.0,43253760.0,89,-0.032606933477039385,1509.0975891904357,1.0,5142.039574711833,41943040.0,1310720.0,False,0.13750919625789684,1.2665065018121036,0.31392055610693337,0.21269623076273347,5,4.0,6.0,0.042373058816105036,2,4,1006.5311323002458,-0.09791151802207268,0.3330244912522819,,,,,,0.0,2,,,,,,,,,,,,,,,,,,,,,,,,,,,,,,,,,,,,,,,,,,,,,,,,,,,,,,,,,,,,,,,,,,,,,,,,,,,,,,,,,,,,,0.9999999999999999,-2.2895098711612607,delay_only,0.503030303030303,0.002481208859340218,0.07257239248925479,530,4194304.0,41943040.0,0.9178119897842407,0.0,1,,0,2289.509871161261,0.146875,3.3800578713417053,2222.827332677969,1558.304633891529,4325376.0,43253760.0,10,2
65011712.0,1310720.0,4612.368404439125,0,0,0.6669340655207634,0.4083517972001156,8691.042329509188,4302.191116776506,0.2,5142.039574711832,4612.368404439125,1.0,2,1.0,0.0,0.0,0.0,0.0,1.6000263482949089,0.3,0.6149150512014512,100000000.0,0.10000000149011612,0.0,0.0,0.0,,-0.8997002046464956,0.0,4,0.4,0.0704839825630188,2.0,0.0,86.66009595617652,,660581.9657609671,5.142039574711832,5.142039574711832,4302.191116776505,6632243.2,66322432.0,89,-0.07209751478800537,4302.191116776506,1.0,5142.039574711833,65011712.0,1310720.0,False,0.15057885804593762,1.3868825354265701,0.32662835005319235,0.5711972374973575,7,3.6,6.0,0.01,2,4,1738.5466218063032,-0.12099075681951163,0.595892749853256,,,,,,0.0,2,,,,,,,,,,,,,,,,,,,,,,,,,,,,,,,,,,,,,,,,,,,,,,,,,,,,,,,,,,,,,,,,,,,,,,,,,,,,,,,,,,,,,0.9969650916353059,-5.142039574711832,delay_only,0.503030303030303,0.002477428216017435,0.0725880236881269,532,6501171.2,65011712.0,0.9167056679725647,0.0,2,,0,5142.039574711833,0.1734375,3.4410931706428527,5077.660856331948,4612.368404439126,6632243.2,66322432.0,10,2
50331648.0,20971520.0,3972.6941257402,2,1,0.6492389366030693,0.3810756568209453,8283.090067705352,4109.990816868016,0.0,5126.606079647487,3972.6941257402,1.0,2,1.0,0.0,0.0,0.0,0.0,1.2505052200057902,0.0,0.5244715918245199,100000000.0,0.10000000149011612,0.0,0.0,0.0,,-0.9999999999999999,0.0,4,0.6,0.06463528424501419,3.0,0.0,85.739322938025,,660581.9657609671,5.126606079647487,5.126606079647487,4109.990816868017,7130316.8,71303168.0,89,0.03340559559508743,4109.990816868016,1.0,5142.039574711833,50331648.0,20971520.0,False,0.1743844642995142,1.6061402717832551,0.28438102857813824,0.4310394737284405,8,3.8,5.0,0.026887864939016286,2,4,1935.5125890889499,0.06314006246364945,0.5290713105378928,,,,,,0.0,2,,,,,,,,,,,,,,,,,,,,,,,,,,,,,,,,,,,,,,,,,,,,,,,,,,,,,,,,,,,,,,,,,,,,,,,,,,,,,,,,,,,,,0.9999999999999999,-5.126606079647487,delay_only,0.503030303030303,0.0024960437746262636,0.07259140339087448,534,5033164.8,50331648.0,0.9175060391426086,0.0,3,,0,5126.606079647487,0.1515625,3.5688894152641297,5063.497645678168,3972.6941257402,7130316.8,71303168.0,10,2
67108864.0,13107200.0,3550.9749786887046,1,0,0.6523188203573227,0.34813463563629155,6773.9238999037025,3352.400784576216,0.0,4415.68637118276,3550.9749786887046,1.0,2,1.0,0.0,0.0,0.0,0.0,0.8340698876812964,0.0,0.36558756624405164,100000000.0,0.10000000149011612,0.0,0.0,0.0,,-0.06666666666666665,0.0,4,0.2,0.06502895802259445,1.0,0.0,69.12233075127006,,665041.272696598,4.41568637118276,4.41568637118276,3352.400784576216,8021606.4,80216064.0,90,-0.059233429077481345,3352.400784576216,1.0,4459.306935630858,67108864.0,13107200.0,False,0.14317388090716882,1.318680175531807,0.31726221798305276,0.33720827689333205,6,3.4,5.4,0.022471422802126828,2,4,1928.8718194111523,-0.13949431235455234,0.42462970767530567,,,,,,0.0,2,,,,,,,,,,,,,,,,,,,,,,,,,,,,,,,,,,,,,,,,,,,,,,,,,,,,,,,,,,,,,,,,,,,,,,,,,,,,,,,,,,,,,0.9999999999999999,-4.41568637118276,delay_only,0.503030303030303,0.0024948469463456466,0.072590359685875,536,6710886.4,67108864.0,0.9176842570304871,0.0,1,0.12578125,0,4415.68637118276,0.146875,3.445645880699158,4348.929579747577,3550.9749786887046,8021606.4,80216064.0,10,2
20971520.0,1310720.0,652.8145191742005,0,0,0.6540692411363125,0.1448464120708742,1324.6867049391435,619.6065935259246,0.0,1132.8105886107198,652.8145191742005,1.0,2,1.0,0.0,0.0,0.0,0.0,0.24729993561757635,0.0,0.13840995142546206,100000000.0,0.10000000149011612,0.0,0.0,0.0,,-0.9636363636363635,0.0,4,0.6,0.06595096737146378,3.0,0.0,85.47351788729429,,665041.272696598,1.1328105886107198,1.1328105886107198,619.6065935259246,2228224.0,22282240.0,90,-0.05359517796494603,619.6065935259246,1.0,4459.306935630858,20971520.0,1310720.0,False,0.16161840701664595,1.488560538999893,0.22763940063978003,0.1448591172613184,8,5.0,6.0,0.060434095744115714,2,4,517.9340399626697,-0.32661642188042206,0.1640921104223223,,,,,,0.0,2,,,,,,,,,,,,,,,,,,,,,,,,,,,,,,,,,,,,,,,,,,,,,,,,,,,,,,,,,,,,,,,,,,,,,,,,,,,,,,,,,,,,,0.9636363636363635,-1.1328105886107198,delay_only,0.503030303030303,0.002500376631583327,0.07257488605178963,538,2097152.0,20971520.0,0.9173148274421692,0.0,2,0.12578125,0,1132.8105886107198,0.1859375,3.450713109970093,1069.4924287138394,652.8145191742005,2228224.0,22282240.0,10,2
71303168.0,1310720.0,3704.1128505593138,4,0,0.6545032374560833,0.30542716089787403,6420.214964632654,3168.837856313569,0.0,4459.306935630858,3704.1128505593138,1.0,2,1.0,0.0,0.0,0.0,0.0,0.8266297223691966,0.0,0.43738072896556246,100000000.0,0.10000000149011612,0.0,0.0,0.0,,-0.8181818181818182,0.0,4,0.4,0.06883185356855392,2.0,0.0,82.53925200551748,,665041.272696598,4.459306935630858,4.459306935630858,3168.8378563135684,7261388.8,72613888.0,90,-0.16891839169974182,3168.8378563135684,1.0,4459.306935630858,71303168.0,1310720.0,False,0.1438265651747668,1.3246916197918184,0.3050124089643136,0.26233625370157204,7,3.3,6.0,0.0186343438527976,2,4,1860.3296780675732,-0.40907271589487587,0.41292998808346515,,,,,,0.0,2,,,,,,,,,,,,,,,,,,,,,,,,,,,,,,,,,,,,,,,,,,,,,,,,,,,,,,,,,,,,,,,,,,,,,,,,,,,,,,,,,,,,,0.9999999999999999,-4.459306935630858,delay_only,0.503030303030303,0.0025179022723386406,0.0725907123717571,540,7130316.8,71303168.0,0.9168670773506165,0.0,3,0.12578125,0,4459.306935630858,0.1421875,3.461376225948334,4394.3499758282,3704.1128505593138,7261388.8,72613888.0,10,2
71303168.0,1310720.0,3477.6420700485896,3,0,0.6642104126513004,0.34820634901029446,6831.725078125217,3370.612384496589,0.0,4452.875031229167,3477.6420700485896,1.0,2,1.0,0.0,0.0,0.0,0.0,0.9575314370103245,0.0,0.4239687072129676,100000000.0,0.10000000149011612,0.0,0.0,0.0,,-0.2727272727272727,0.0,4,0.4,0.06388302892446518,2.0,0.0,90.50030913203955,,669494.1477278271,4.4528750312291665,4.4528750312291665,3370.6123844965887,7261388.8,72613888.0,91,-0.031753780424083375,3370.6123844965887,1.0,4452.875031229167,71303168.0,1310720.0,False,0.15257324423825852,1.405251511091015,0.28085311639121746,0.3398608977884179,7,3.3,6.0,0.026158642499318048,2,4,1849.6980370956805,-0.07037193497115987,0.4512278998310455,,,,,,0.0,2,,,,,,,,,,,,,,,,,,,,,,,,,,,,,,,,,,,,,,,,,,,,,,,,,,,,,,,,,,,,,,,,,,,,,,,,,,,,,,,,,,,,,0.9999999999999999,-4.4528750312291665,delay_only,0.503030303030303,0.0025349596951429283,0.07262393511928418,542,7130316.8,71303168.0,0.9171368479728699,0.0,1,,0,4452.875031229167,0.1625,3.4131941914558412,4387.346026558485,3477.6420700485896,7261388.8,72613888.0,10,2
41943040.0,20971520.0,1429.1659353753146,0,1,0.6606173701584339,0.11115439856825109,2991.235514072996,1461.5468985374628,0.0,2658.7465295302186,1429.1659353753148,1.0,2,1.0,0.0,0.0,0.0,0.0,0.13111367424412854,0.0,0.07171840123837082,100000000.0,0.10000000149011612,0.0,0.0,0.0,,-0.9999999999999999,0.0,4,0.0,0.061569567769765854,0.0,0.0,68.14171699807048,,669494.1477278271,2.6587465295302186,2.6587465295302186,1461.5468985374628,6291456.0,62914560.0,91,0.022155267952435203,1461.5468985374628,1.0,4452.875031229167,41943040.0,20971520.0,False,0.12759379566265575,1.1751822874054378,0.32950228519011293,0.12944835516598155,5,4.0,5.0,0.08148030994635108,2,4,1290.6885109881946,0.18951930675812353,0.11690243242980596,,,,,,0.0,2,,,,,,,,,,,,,,,,,,,,,,,,,,,,,,,,,,,,,,,,,,,,,,,,,,,,,,,,,,,,,,,,,,,,,,,,,,,,,,,,,,,,,0.9999999999999999,-2.6587465295302186,delay_only,0.503030303030303,0.002529437537905263,0.07261629946756502,544,4194304.0,41943040.0,0.9178565144538879,0.0,2,,0,2658.7465295302186,0.1296875,3.578882932662964,2593.654769166789,1429.1659353753148,6291456.0,62914560.0,10,2
41943040.0,11141120.0,1684.721005326921,0,0,0.6626578979194164,0.2593002491365318,3371.33040384059,1652.7928552247822,0.0,2497.1435902031603,1684.721005326921,1.0,2,1.0,0.0,0.0,0.0,0.0,0.5364339285046171,0.0,0.28824600251274757,100000000.0,0.10000000149011612,0.0,0.0,0.0,,-0.7212121212121211,0.0,4,0.0,0.06609894335269928,0.0,0.0,65.74469339102507,,669494.1477278271,2.4971435902031605,2.4971435902031605,1652.7928552247824,5308416.0,53084160.0,91,-0.019317696105236613,1652.7928552247822,1.0,4452.875031229167,41943040.0,11141120.0,False,0.1222345030337239,1.1258213781399526,0.29040773706733153,0.2122758836876239,5,4.0,5.5,0.04434586155865893,2,4,1136.5300492902188,-0.061844761495728574,0.31235783982400556,,,,,,0.0,2,,,,,,,,,,,,,,,,,,,,,,,,,,,,,,,,,,,,,,,,,,,,,,,,,,,,,,,,,,,,,,,,,,,,,,,,,,,,,,,,,,,,,0.9999999999999999,-2.4971435902031605,delay_only,0.503030303030303,0.002531835346281853,0.07260216326210384,546,4194304.0,41943040.0,0.9178327918052673,0.0,3,,0,2497.1435902031603,0.146875,3.6147396564483643,2431.825049998844,1684.721005326921,5308416.0,53084160.0,10,2
29360128.0,1310720.0,1203.4406923432055,4,0,0.6590881384909153,0.36333385053495953,2591.878840050828,1263.6849956136105,0.0,1650.1615209750762,1203.4406923432055,1.0,2,1.0,0.0,0.0,0.0,0.0,1.030352881092866,0.0,0.4435675294448026,100000000.0,0.10000000149011612,0.0,0.0,0.0,,-0.6242424242424242,0.0,4,0.2,0.05939452350139618,1.0,0.0,64.50884882360697,,671796.7526774126,1.6501615209750762,1.6501615209750762,1263.6849956136105,3067084.8,30670848.0,92,0.0476735131615233,1263.6849956136105,1.0,2302.6049495855286,29360128.0,1310720.0,False,0.1361386038875243,1.2538828795697388,0.2918635978933723,0.39248815570622037,6,4.6,6.0,0.0317599348468151,2,4,666.6869916479446,0.10091206816475337,0.4724262818961304,,,,,,0.0,2,,,,,,,,,,,,,,,,,,,,,,,,,,,,,,,,,,,,,,,,,,,,,,,,,,,,,,,,,,,,,,,,,,,,,,,,,,,,,,,,,,,,,0.9999999999999999,-1.6501615209750762,delay_only,0.503030303030303,0.002564855709146498,0.07255626375596239,548,2936012.8,29360128.0,0.9176707863807678,0.0,1,,0,1650.1615209750762,0.125,3.3921818256378176,1597.182568094127,1203.4406923432055,3067084.8,30670848.0,10,2
33554432.0,1310720.0,1847.7118053214565,8,0,0.6567151285707951,0.39206168056548113,3787.563435263176,1862.0965280547684,0.0,2302.6049495855286,1847.7118053214565,1.0,2,1.0,0.0,0.0,0.0,0.0,1.3456783459919441,0.0,0.5194893233927126,100000000.0,0.10000000149011612,0.0,0.0,0.0,,-0.38181818181818183,0.0,4,0.2,0.057416271418333054,1.0,0.0,63.37037915363908,,671796.7526774126,2.3026049495855285,2.3026049495855285,1862.0965280547684,3486515.2,34865152.0,92,0.007725014528832713,1862.0965280547684,1.0,2302.6049495855286,33554432.0,1310720.0,False,0.13316232651644758,1.2264703519407119,0.3322918826486273,0.4937440191177418,6,4.4,6.0,0.021827976653581233,2,4,870.387277352866,0.014504979885113461,0.5325767143435295,,,,,,0.0,2,,,,,,,,,,,,,,,,,,,,,,,,,,,,,,,,,,,,,,,,,,,,,,,,,,,,,,,,,,,,,,,,,,,,,,,,,,,,,,,,,,,,,0.9878787878787878,-2.3026049495855285,delay_only,0.503030303030303,0.0026000821763652628,0.07250386243681896,550,3355443.2,33554432.0,0.9176965951919556,0.0,2,,0,2302.6049495855286,0.1703125,3.4011403799057005,2251.029906812489,1847.7118053214563,3486515.2,34865152.0,10,2
41943040.0,1310720.0,1263.0987052811467,0,0,0.6654355674982071,0.20363322450959603,2580.43124371788,1251.8383566458826,0.0,2054.969708934301,1263.0987052811467,1.0,2,1.0,0.0,0.0,0.0,0.0,0.3375866752122726,0.0,0.18009113889977893,100000000.0,0.10000000149011612,0.0,0.0,0.0,,-0.9999999999999999,0.0,4,0.4,0.06744442880153656,2.0,0.0,76.7545304261148,,671796.7526774126,2.054969708934301,2.054969708934301,1251.8383566458826,4325376.0,43253760.0,92,-0.008995050020223452,1251.8383566458826,1.0,2302.6049495855286,41943040.0,1310720.0,False,0.1355455809634255,1.2484209365904044,0.2698097014633113,0.1723400745960461,7,4.0,6.0,0.05825785317862799,2,4,966.4961065568673,-0.039462605456259146,0.22793857415708854,,,,,,0.0,2,,,,,,,,,,,,,,,,,,,,,,,,,,,,,,,,,,,,,,,,,,,,,,,,,,,,,,,,,,,,,,,,,,,,,,,,,,,,,,,,,,,,,0.9999999999999999,-2.054969708934301,delay_only,0.503030303030303,0.0025991226484453267,0.0724773128839485,552,4194304.0,41943040.0,0.9169027209281921,0.0,3,,0,2054.969708934301,0.1609375,3.4599138379096983,1998.9528945049879,1263.0987052811465,4325376.0,43253760.0,10,2
33554432.0,1310720.0,1526.2597113415075,0,0,0.6634029559791088,0.3555891923618978,3126.1160009252358,1531.3690297161454,0.0,2014.5029369266254,1526.2597113415075,1.0,2,1.0,0.0,0.0,0.0,0.0,0.9718083329460714,0.0,0.44918699474436835,100000000.0,0.10000000149011612,0.0,0.0,0.0,,-0.6242424242424242,0.0,4,0.2,0.0663837119936943,1.0,0.0,63.377941492944956,,676902.7363795948,2.0145029369266254,2.0145029369266254,1531.3690297161454,3486515.2,34865152.0,93,0.003336438360376556,1531.3690297161452,1.0,5105.983702182238,33554432.0,1310720.0,False,0.13349478447141336,1.2295324028653178,0.2855932324653391,0.3648236486879721,6,4.4,6.0,0.028655312984072926,2,4,823.2886608458987,0.007215732280206514,0.46238388992462276,,,,,,0.0,2,,,,,,,,,,,,,,,,,,,,,,,,,,,,,,,,,,,,,,,,,,,,,,,,,,,,,,,,,,,,,,,,,,,,,,,,,,,,,,,,,,,,,0.9999999999999999,-2.0145029369266254,delay_only,0.503030303030303,0.0026184591055804043,0.07243375628144501,554,3355443.2,33554432.0,0.9177572131156921,0.0,1,,0,2014.5029369266254,0.1609375,3.5069451093673707,1963.6142085762247,1526.2597113415075,3486515.2,34865152.0,10,2
83886080.0,20971520.0,3230.9895852494597,2,0,0.6598681211471558,0.2734947523150975,7028.144281755813,3489.183087799538,0.0,5105.983702182238,3230.9895852494597,1.0,2,0.9999999999999999,0.0,0.0,0.0,0.0,0.47407118895544753,0.0,0.22791817358782043,100000000.0,0.10000000149011612,0.0,1.1102230246251565e-16,0.0,,-0.9999999999999999,0.0,4,0.2,0.058531150221824646,1.0,0.0,65.08963322266936,,676902.7363795948,5.105983702182238,5.105983702182238,3489.1830877995376,10485760.0,104857600.0,93,0.07399826723134449,3489.1830877995376,1.0,5105.983702182238,83886080.0,20971520.0,False,0.12719159780933745,1.1714779082794982,0.32351524307862295,0.22266323996517867,6,3.0,5.0,0.056017032427864294,2,4,2414.126743646869,0.24016741443777934,0.3081111873755687,,,,,,0.0,2,,,,,,,,,,,,,,,,,,,,,,,,,,,,,,,,,,,,,,,,,,,,,,,,,,,,,,,,,,,,,,,,,,,,,,,,,,,,,,,,,,,,,0.9999999999999999,-5.105983702182238,delay_only,0.503030303030303,0.00264524721032337,0.07238833221298993,556,8388608.0,83886080.0,0.9177907109260559,0.0,2,,0,5105.983702182238,0.1875,3.336655628681183,5056.205596025501,3230.9895852494597,10485760.0,104857600.0,10,2
41943040.0,1310720.0,1349.2329664775561,0,0,0.6500710733234882,0.33447204171174033,3394.408330219069,1672.5374292071058,0.0,2259.073645607358,1349.2329664775561,1.0,2,1.0,0.0,0.0,0.0,0.0,0.7168508584748818,0.0,0.2728995453631446,100000000.0,0.10000000149011612,0.0,0.0,0.0,,-0.9878787878787878,0.0,4,0.6,0.06696266680955887,3.0,0.0,86.89678506925702,,676902.7363795948,2.2590736456073577,2.2590736456073577,1672.5374292071058,4325376.0,43253760.0,93,0.19330178032716272,1672.5374292071056,1.0,5105.983702182238,41943040.0,1310720.0,False,0.15581677550238288,1.4351255380407466,0.24468947107038175,0.3113419367331811,8,4.0,6.0,0.06103327262663908,2,4,1009.5716349218018,0.4876638666977999,0.3963832334679612,,,,,,0.0,2,,,,,,,,,,,,,,,,,,,,,,,,,,,,,,,,,,,,,,,,,,,,,,,,,,,,,,,,,,,,,,,,,,,,,,,,,,,,,,,,,,,,,0.9878787878787878,-2.2590736456073577,delay_only,0.503030303030303,0.00269996003896708,0.0722689781630477,558,4194304.0,41943040.0,0.9175624847412109,0.0,3,,0,2259.073645607358,0.178125,3.446759653091431,2209.7401738025005,1349.232966477556,4325376.0,43253760.0,10,2
41943040.0,15073280.0,2331.7219572208255,2,1,0.6629182025790215,0.31506749261041606,4573.400787214675,2243.535758763049,0.0,3132.4708684844445,2331.7219572208255,1.0,2,1.0,0.0,0.0,0.0,0.0,0.6834687946029514,0.0,0.3193193421476959,100000000.0,0.10000000149011612,0.0,0.0,0.0,,-0.8909090909090909,0.0,4,0.4,0.0682392343878746,2.0,0.0,86.32926968857646,,683559.0694477725,3.1324708684844444,3.1324708684844444,2243.5357587630497,5701632.0,57016320.0,94,-0.039306794248020756,2243.535758763049,1.0,6656.33306817766,41943040.0,15073280.0,False,0.1542502199263526,1.4206970279738904,0.31802989823840433,0.2795314520351998,7,4.0,5.3,0.032208538406586606,2,4,1396.578392355108,-0.1041211777067194,0.3775100811742366,,,,,,0.0,2,,,,,,,,,,,,,,,,,,,,,,,,,,,,,,,,,,,,,,,,,,,,,,,,,,,,,,,,,,,,,,,,,,,,,,,,,,,,,,,,,,,,,0.9878787878787878,-3.1324708684844444,delay_only,0.503030303030303,0.0027054247150453095,0.07225233764592462,560,4194304.0,41943040.0,0.917242169380188,0.0,1,,0,3132.4708684844445,0.1578125,3.4194056928157806,3082.7355193471085,2331.7219572208255,5701632.0,57016320.0,10,2
41943040.0,20971520.0,1374.3155086824747,8,0,0.6668362766504288,0.1255441185814283,2837.554920987601,1387.6031781832696,0.0,2481.3165895058182,1374.3155086824747,1.0,2,1.0,0.0,0.0,0.0,0.0,0.15660625155145255,0.0,0.08520532462789854,100000000.0,0.10000000149011612,0.0,0.0,0.0,,-0.9999999999999999,0.0,4,0.0,0.0542006678879261,0.0,0.0,66.15248462185264,,683559.0694477725,2.481316589505818,2.481316589505818,1387.6031781832698,6291456.0,62914560.0,94,0.009575986643524137,1387.6031781832694,1.0,6656.33306817766,41943040.0,20971520.0,False,0.1232929185621354,1.1355697454116074,0.30969601415855097,0.13454047640086872,5,4.0,5.0,0.07573578189475051,2,4,1201.3550249019875,0.07134389934447771,0.13422292209299258,,,,,,0.0,2,,,,,,,,,,,,,,,,,,,,,,,,,,,,,,,,,,,,,,,,,,,,,,,,,,,,,,,,,,,,,,,,,,,,,,,,,,,,,,,,,,,,,0.9999999999999999,-2.481316589505818,delay_only,0.503030303030303,0.0027054519181718075,0.07223925023192362,562,4194304.0,41943040.0,0.917824923992157,0.0,2,,0,2481.3165895058182,0.2109375,3.3213233053684235,2418.968024884757,1374.3155086824747,6291456.0,62914560.0,10,2
92274688.0,13107200.0,5424.030625324936,1,1,0.6558881141245365,0.39063053184171764,10923.31240075962,5428.069242422214,0.0,6656.33306817766,5424.030625324937,1.0,2,1.0,0.0,0.0,0.0,0.0,1.2863610085665984,0.0,0.5465039401808061,100000000.0,0.10000000149011612,0.0,0.0,0.0,,-0.4424242424242424,0.0,4,0.2,0.06951741129159927,1.0,0.0,72.01637513935566,,683559.0694477725,6.65633306817766,6.65633306817766,5428.069242422213,10538188.8,105381888.0,94,0.0007440246092871567,5428.069242422213,1.0,6656.33306817766,92274688.0,13107200.0,False,0.13648823684380604,1.257103118102354,0.3261757551224287,0.4674977533108541,6,2.8,5.4,0.021391584005738477,2,4,2519.471266464412,0.0013885099043111665,0.5358439338293837,,,,,,0.0,2,,,,,,,,,,,,,,,,,,,,,,,,,,,,,,,,,,,,,,,,,,,,,,,,,,,,,,,,,,,,,,,,,,,,,,,,,,,,,,,,,,,,,0.9999999999999999,-6.65633306817766,delay_only,0.503030303030303,0.002722172751931577,0.07226682205734394,564,9227468.8,92274688.0,0.9177817106246948,0.0,3,,0,6656.33306817766,0.1390625,3.5137551069259643,6589.1591522624685,5424.030625324936,10538188.8,105381888.0,10,2
41943040.0,9175040.0,1979.455167321968,8,0,0.661150086671114,0.38498368528305166,4493.687048898332,2212.8579241080547,0.0,2763.6908483047314,1979.4551673219682,1.0,2,1.0,0.0,0.0,0.0,0.0,1.2185413802986094,0.0,0.4636020980025865,100000000.0,0.10000000149011612,0.0,0.0,0.0,,-0.709090909090909,0.0,4,0.2,0.06388754397630692,1.0,0.0,72.55266513675451,,686322.7602960772,2.7636908483047313,2.7636908483047313,2212.8579241080547,5111808.0,51118080.0,95,0.10547570824284382,2212.8579241080542,1.0,2763.6908483047314,41943040.0,9175040.0,False,0.14362370222490514,1.3228231829747295,0.31780910797224093,0.45827983796313837,6,4.0,5.6,0.03595347990673888,2,4,1098.9909516396592,0.20954275739844574,0.5033612688520732,,,,,,0.0,2,,,,,,,,,,,,,,,,,,,,,,,,,,,,,,,,,,,,,,,,,,,,,,,,,,,,,,,,,,,,,,,,,,,,,,,,,,,,,,,,,,,,,0.9999999999999999,-2.7636908483047313,delay_only,0.503030303030303,0.0027205667108509616,0.07229121037055532,566,4194304.0,41943040.0,0.9177705645561218,0.0,1,,0,2763.6908483047314,0.1125,3.4850019574165345,2695.719647622508,1979.4551673219685,5111808.0,51118080.0,10,2
37748736.0,1310720.0,1393.2428615192173,8,1,0.6542750634253025,0.21577690247591982,2440.258207515425,1173.1771606805655,0.0,1913.706850256306,1393.2428615192173,1.0,2,1.0,0.0,0.0,0.0,0.0,0.43839281639879085,0.0,0.24664419766779433,100000000.0,0.10000000149011612,0.0,0.0,0.0,,-0.7575757575757575,0.0,4,0.6,0.0693344697356224,3.0,0.0,93.90388615429401,,686322.7602960772,1.9137068502563062,1.9137068502563062,1173.1771606805655,3905945.6,39059456.0,95,-0.1875809623765526,1173.1771606805655,1.0,2763.6908483047314,37748736.0,1310720.0,False,0.18137790765063855,1.6705522654192442,0.2741333802010222,0.1814306132655106,8,4.2,6.0,0.03282174449604329,2,4,864.1805871528693,-0.7121946315657992,0.2633844093490925,,,,,,0.0,2,,,,,,,,,,,,,,,,,,,,,,,,,,,,,,,,,,,,,,,,,,,,,,,,,,,,,,,,,,,,,,,,,,,,,,,,,,,,,,,,,,,,,0.9999999999999999,-1.9137068502563062,delay_only,0.503030303030303,0.0027043289742121916,0.07226472345920713,568,3774873.6,37748736.0,0.9171972870826721,0.0,2,,0,1913.706850256306,0.1765625,3.418940043449402,1850.5294737364175,1393.2428615192175,3905945.6,39059456.0,10,2
41943040.0,1310720.0,1482.2279621697535,6,1,0.6526019424200058,0.19722591929570085,2979.4498665509545,1452.0465348507178,0.0,2391.825127624989,1482.2279621697535,1.0,2,1.0,0.0,0.0,0.0,0.0,0.345741621695726,0.0,0.17906888390781917,100000000.0,0.10000000149011612,0.0,0.0,0.0,,-0.9999999999999999,0.0,4,0.2,0.06588282436132431,1.0,0.0,75.35679684951901,,686322.7602960772,2.391825127624989,2.391825127624989,1452.046534850718,4325376.0,43253760.0,95,-0.02078544082069577,1452.0465348507175,1.0,2763.6908483047314,41943040.0,1310720.0,False,0.13291941772440036,1.2242330792866114,0.3264451032034288,0.167978935942647,6,4.0,6.0,0.056282865382226176,2,4,1128.76429604263,-0.09335937362445937,0.2226390346651829,,,,,,0.0,2,,,,,,,,,,,,,,,,,,,,,,,,,,,,,,,,,,,,,,,,,,,,,,,,,,,,,,,,,,,,,,,,,,,,,,,,,,,,,,,,,,,,,0.9999999999999999,-2.391825127624989,delay_only,0.503030303030303,0.002699326295481696,0.07228217561458487,570,4194304.0,41943040.0,0.9177988767623901,0.0,3,,0,2391.825127624989,0.1375,3.448778712749481,2328.1137768412827,1482.2279621697535,4325376.0,43253760.0,10,2
83886080.0,1310720.0,6969.896293013579,5,0,0.6568226963281631,0.4313729215809078,15059.445086626858,7496.26915796779,0.0,8563.208262221384,6969.896293013579,1.0,2,1.0,0.0,0.0,0.0,0.0,2.1661564932900865,0.0,0.676384104572946,100000000.0,0.10000000149011612,0.0,0.0,0.0,,-0.9999999999999999,0.0,4,0.0,0.062197428196668625,0.0,0.0,70.91521611437201,,694885.9685582987,8.563208262221384,8.563208262221384,7496.269157967791,8519680.0,85196800.0,96,0.07021797828520197,7496.26915796779,1.0,8563.208262221384,83886080.0,1310720.0,False,0.13552521655863947,1.2482333734908524,0.30478399188836514,0.7496026784718625,5,3.0,6.0,0.02189997001887288,2,4,2399.798274908503,0.10328183502507185,0.6798676482476946,,,,,,0.0,2,,,,,,,,,,,,,,,,,,,,,,,,,,,,,,,,,,,,,,,,,,,,,,,,,,,,,,,,,,,,,,,,,,,,,,,,,,,,,,,,,,,,,0.9999999999999999,-8.563208262221384,delay_only,0.503030303030303,0.00269405773238108,0.0722994129173506,572,8388608.0,83886080.0,0.9177656173706055,0.0,1,,0,8563.208262221384,0.18125,3.334275245666504,8496.301491530108,6969.896293013579,8519680.0,85196800.0,10,2
58720256.0,9175040.0,2864.9337624600407,6,1,0.6608311086893082,0.3529017051032717,5617.595421504989,2775.534150600813,0.0,3635.136418675546,2864.9337624600403,1.0,2,0.9999999999999999,0.0,0.0,0.0,0.0,0.9856009895955274,0.0,0.48068140197403175,100000000.0,0.10000000149011612,0.0,1.1102230246251565e-16,0.0,,-0.8181818181818182,0.0,4,0.2,0.06781502813100815,1.0,0.0,72.45022151619196,,694885.9685582987,3.635136418675546,3.635136418675546,2775.534150600813,6789529.6,67895296.0,96,-0.03220987637276068,2775.534150600813,1.0,8563.208262221384,58720256.0,9175040.0,False,0.12352935048922681,1.1377473639349216,0.30017052270869615,0.34997114187733347,6,3.6,5.6,0.024354923797615904,2,4,1450.8293390314293,-0.06748644005702326,0.4772792333622082,,,,,,0.0,2,,,,,,,,,,,,,,,,,,,,,,,,,,,,,,,,,,,,,,,,,,,,,,,,,,,,,,,,,,,,,,,,,,,,,,,,,,,,,,,,,,,,,0.9999999999999999,-3.635136418675546,delay_only,0.503030303030303,0.002690825321943951,0.07232037773001848,574,5872025.6,58720256.0,0.9178247451782227,0.0,2,,0,3635.136418675546,0.1765625,3.3481714606285093,3568.6092983721833,2864.9337624600403,6789529.6,67895296.0,10,2
20971520.0,1310720.0,668.1587193282799,0,0,0.6544403731822968,0.24563295055321757,1541.789605978715,728.8972231316503,0.0,1163.0752759298803,668.1587193282799,1.0,2,1.0,0.0,0.0,0.0,0.0,0.405575789946817,0.0,0.19619251258084885,100000000.0,0.10000000149011612,0.0,0.0,0.0,,-0.9636363636363635,0.0,4,0.4,0.06306566298007965,2.0,0.0,83.99515971541405,,694885.9685582987,1.1630752759298804,1.1630752759298804,728.8972231316504,2228224.0,22282240.0,96,0.0833293115624891,728.8972231316503,1.0,8563.208262221384,20971520.0,1310720.0,False,0.14446289932386855,1.3305524738953574,0.30277107556858207,0.20814758160081537,7,5.0,6.0,0.06150056640723002,2,4,524.6637973552133,0.29739746847246,0.2801950937595344,,,,,,0.0,2,,,,,,,,,,,,,,,,,,,,,,,,,,,,,,,,,,,,,,,,,,,,,,,,,,,,,,,,,,,,,,,,,,,,,,,,,,,,,,,,,,,,,0.9636363636363635,-1.1630752759298804,delay_only,0.503030303030303,0.0026801300090543148,0.07232801399636096,576,2097152.0,20971520.0,0.91689133644104,0.0,3,,0,1163.0752759298803,0.2375,3.1884347021579744,1098.502116022867,668.1587193282799,2228224.0,22282240.0,10,2
62914560.0,11141120.0,5911.887212393164,3,1,0.6698979996144772,0.4286874673263462,12427.313617476846,6178.471146174533,0.0,7099.880017130484,5911.887212393165,1.0,2,1.0,0.0,0.0,0.0,0.0,2.0928373697399825,0.0,0.6850072434614263,100000000.0,0.10000000149011612,0.0,0.0,0.0,,-0.8181818181818182,0.0,4,0.0,0.055098723620176315,0.0,0.0,70.37132512778044,,701985.8485754292,7.0998800171304834,7.0998800171304834,6178.471146174533,7405568.0,74055680.0,97,0.04314723294393402,6178.471146174532,1.0,7099.880017130484,62914560.0,11141120.0,False,0.13592517394409603,1.2519171171451928,0.30662586368238415,0.7259927809838377,5,3.5,5.5,0.0189580844922906,2,4,2029.0037818203386,0.06424533810566736,0.6716009941914808,,,,,,0.0,2,,,,,,,,,,,,,,,,,,,,,,,,,,,,,,,,,,,,,,,,,,,,,,,,,,,,,,,,,,,,,,,,,,,,,,,,,,,,,,,,,,,,,0.9999999999999999,-7.0998800171304834,delay_only,0.503030303030303,0.002674346023553711,0.07233909919604108,578,6291456.0,62914560.0,0.9177951216697693,0.0,1,,0,7099.880017130484,0.171875,3.366146832704544,7032.667785207585,5911.887212393165,7405568.0,74055680.0,10,2
31457280.0,1310720.0,1469.096544016206,1,0,0.6537670269608498,0.3486291410803503,2957.8559954976854,1445.8575645624755,0.0,1926.661200347963,1469.096544016206,1.0,2,1.0,0.0,0.0,0.0,0.0,0.9343035986855885,0.0,0.44515985180332024,100000000.0,0.10000000149011612,0.0,0.0,0.0,,-0.6242424242424242,0.0,4,0.0,0.0634443610906601,0.0,0.0,70.87412429973483,,701985.8485754292,1.926661200347963,1.926661200347963,1445.8575645624753,3276800.0,32768000.0,97,-0.016072799993105062,1445.8575645624753,1.0,7099.880017130484,31457280.0,1310720.0,False,0.12802789367955958,1.179180477895922,0.3315013804232286,0.34868275408715976,5,4.5,6.0,0.02632165555130163,2,4,787.5624124535249,-0.03530176301508675,0.45529737385172814,,,,,,0.0,2,,,,,,,,,,,,,,,,,,,,,,,,,,,,,,,,,,,,,,,,,,,,,,,,,,,,,,,,,,,,,,,,,,,,,,,,,,,,,,,,,,,,,0.9999999999999999,-1.926661200347963,delay_only,0.503030303030303,0.0026766006656321166,0.072342377456947,580,3145728.0,31457280.0,0.9178076386451721,0.0,2,,0,1926.6612003479631,0.184375,3.3998923003673553,1860.5203339752286,1469.096544016206,3276800.0,32768000.0,10,2
52428800.0,1310720.0,3016.69921471653,3,0,0.6602988578379154,0.3634990908565871,5459.321338293533,2696.6724393802783,0.0,3474.862995129867,3016.6992147165297,1.0,2,1.0,0.0,0.0,0.0,0.0,1.0644077484068033,0.0,0.5151223156119856,100000000.0,0.10000000149011612,0.0,0.0,0.0,,-0.6121212121212121,0.0,4,0.0,0.06015269458293915,0.0,0.0,70.63337927684188,,701985.8485754292,3.4748629951298673,3.4748629951298673,2696.6724393802783,5373952.0,53739520.0,97,-0.11867469354557493,2696.672439380278,1.0,7099.880017130484,52428800.0,1310720.0,False,0.1348353748725944,1.2418796967595993,0.3484368963261838,0.37863227556227874,5,4.0,6.0,0.01284617303727146,2,4,1323.7396381859348,-0.23309718804726234,0.5091210861004152,,,,,,0.0,2,,,,,,,,,,,,,,,,,,,,,,,,,,,,,,,,,,,,,,,,,,,,,,,,,,,,,,,,,,,,,,,,,,,,,,,,,,,,,,,,,,,,,0.9999999999999999,-3.4748629951298673,delay_only,0.503030303030303,0.002669783092583091,0.07234523706759148,582,5242880.0,52428800.0,0.9177600741386414,0.0,3,,0,3474.862995129867,0.159375,3.4241149723529816,3408.886535596891,3016.69921471653,5373952.0,53739520.0,10,2
62914560.0,1310720.0,2670.889080419648,8,1,0.6534759886562824,0.312824034574697,5230.543790104911,2581.8984197448567,0.0,3594.303978664666,2670.889080419648,1.0,2,1.0,0.0,0.0,0.0,0.0,0.7159291384954345,0.0,0.37016361186732144,100000000.0,0.10000000149011612,0.0,0.0,0.0,,-0.5757575757575757,0.0,4,0.0,0.05509871989488602,0.0,0.0,70.38250379264355,,711863.6979705403,3.5943039786646658,3.5943039786646658,2581.8984197448567,6422528.0,64225280.0,98,-0.03446714246937154,2581.8984197448567,1.0,9877.849395111085,62914560.0,1310720.0,False,0.13635935814798958,1.255916101447188,0.3086253557610163,0.27302648091722215,5,3.5,6.0,0.031938143770401196,2,4,1570.1701723855474,-0.08795905511886602,0.3918543966029804,,,,,,0.0,2,,,,,,,,,,,,,,,,,,,,,,,,,,,,,,,,,,,,,,,,,,,,,,,,,,,,,,,,,,,,,,,,,,,,,,,,,,,,,,,,,,,,,0.9999999999999999,-3.5943039786646658,delay_only,0.503030303030303,0.002661425296141936,0.0723505552694075,584,6291456.0,62914560.0,0.9177340865135193,0.0,1,,0,3594.303978664666,0.175,3.378653109073639,3527.5570280494685,2670.8890804196476,6422528.0,64225280.0,10,2
67108864.0,1310720.0,3020.1892197924576,0,0,0.6522680632770061,0.3702236006804011,5976.539890216602,2951.1035235738073,0.0,3763.883772450562,3020.1892197924576,1.0,2,0.9999999999999999,0.0,0.0,0.0,0.0,1.0434829321160788,0.0,0.4442945804373775,100000000.0,0.10000000149011612,0.0,1.1102230246251565e-16,0.0,,-0.5757575757575757,0.0,4,0.2,0.06646530330181122,1.0,0.0,74.33284306898713,,711863.6979705403,3.763883772450562,3.763883772450562,2951.1035235738073,6841958.4,68419584.0,98,-0.02341012291394907,2951.103523573807,1.0,9877.849395111085,67108864.0,1310720.0,False,0.11618350988279962,1.0700896716314432,0.254067437918305,0.39963625037664996,6,3.4,6.0,0.022402043988447057,2,4,1547.9374518977424,-0.04923558060103963,0.47547165338910935,,,,,,0.0,2,,,,,,,,,,,,,,,,,,,,,,,,,,,,,,,,,,,,,,,,,,,,,,,,,,,,,,,,,,,,,,,,,,,,,,,,,,,,,,,,,,,,,0.9999999999999999,-3.763883772450562,delay_only,0.503030303030303,0.002663278028280431,0.07236929134010005,586,6710886.4,67108864.0,0.9178292751312256,0.0,2,,0,3763.883772450562,0.196875,3.334095799922943,3696.7733373447013,3020.1892197924576,6841958.4,68419584.0,10,2
142606336.0,1310720.0,8662.90714139773,7,0,0.6733438931405544,0.4003131039157676,16471.677903269767,8189.624108233199,0.1,9877.849395111085,8662.90714139773,1.0,2,1.0,0.0,0.0,0.0,0.0,1.400939615627474,0.1,0.5353644193042917,100000000.0,0.10000000149011612,0.0,0.0,0.0,,-0.7575757575757575,0.0,4,0.6,0.06611720472574234,3.0,0.0,92.42968680337071,,711863.6979705403,9.877849395111085,9.877849395111085,8189.624108233199,14391705.6,143917056.0,98,-0.05779056851812424,8189.624108233199,1.0,9877.849395111085,142606336.0,1310720.0,False,0.1727011273383844,1.5906361654105217,0.26348353998864066,0.5132000682199396,8,2.4,6.0,0.01,2,4,3706.583874422007,-0.10557189061008673,0.547404883858381,,,,,,0.0,2,,,,,,,,,,,,,,,,,,,,,,,,,,,,,,,,,,,,,,,,,,,,,,,,,,,,,,,,,,,,,,,,,,,,,,,,,,,,,,,,,,,,,0.9999999999999999,-9.877849395111085,delay_only,0.503030303030303,0.0026509719522615064,0.07234396980341112,588,14260633.6,142606336.0,0.9172086715698242,0.0,3,,0,9877.849395111085,0.20625,3.363152265548706,9814.932239431768,8662.90714139773,14391705.6,143917056.0,10,2
41943040.0,20971520.0,2007.6851493367367,0,1,0.6559370085597038,0.2737816823920794,4348.655443584181,2139.788411064822,0.0,3158.0732400962293,2007.6851493367367,1.0,2,1.0,0.0,0.0,0.0,0.0,0.5106577100355543,0.0,0.2546618776973105,100000000.0,0.10000000149011612,0.0,0.0,0.0,,-0.9999999999999999,0.0,4,0.0,0.05902037397027016,0.0,0.0,69.07862145453691,,715021.7712106365,3.1580732400962295,3.1580732400962295,2139.788411064822,6291456.0,62914560.0,99,0.06173660023812672,2139.788411064822,1.0,3158.0732400962293,41943040.0,20971520.0,False,0.14265732056252015,1.3139224789349275,0.3376285445799283,0.22542924751063992,5,4.0,5.0,0.053858518087967086,2,4,1464.598990361788,0.19565363093298194,0.3155402736138008,,,,,,0.0,2,,,,,,,,,,,,,,,,,,,,,,,,,,,,,,,,,,,,,,,,,,,,,,,,,,,,,,,,,,,,,,,,,,,,,,,,,,,,,,,,,,,,,0.9999999999999999,-3.1580732400962295,delay_only,0.503030303030303,0.002649810212949354,0.07235264674153272,590,4194304.0,41943040.0,0.9177416563034058,0.0,1,,0,3158.0732400962293,0.1890625,3.302365869283676,3090.1674974211633,2007.6851493367367,6291456.0,62914560.0,10,2
41943040.0,11141120.0,1919.1726665138683,4,0,0.6431038491427898,0.33940622789796193,4281.714764548369,2107.1563293849567,0.0,2828.474107377997,1919.1726665138683,1.0,2,1.0,0.0,0.0,0.0,0.0,0.7866439065131839,0.0,0.34769073888720814,100000000.0,0.10000000149011612,0.0,0.0,0.0,,-0.6606060606060605,0.0,4,0.0,0.06235271319746971,0.0,0.0,70.43987466022372,,715021.7712106365,2.828474107377997,2.828474107377997,2107.1563293849567,5308416.0,53084160.0,99,0.08921201538281573,2107.1563293849563,1.0,3158.0732400962293,41943040.0,11141120.0,False,0.1314036962569791,1.2102727686625503,0.3470475257186299,0.32223670710456503,5,4.0,5.5,0.043709541139290875,2,4,1242.4439171457914,0.21739443103899272,0.41036936850886624,,,,,,0.0,2,,,,,,,,,,,,,,,,,,,,,,,,,,,,,,,,,,,,,,,,,,,,,,,,,,,,,,,,,,,,,,,,,,,,,,,,,,,,,,,,,,,,,0.9999999999999999,-2.828474107377997,delay_only,0.503030303030303,0.0026441603100216104,0.07235796844259659,592,4194304.0,41943040.0,0.9177491664886475,0.0,2,,0,2828.474107377997,0.18125,3.379785180091858,2761.072001599541,1919.172666513868,5308416.0,53084160.0,10,2
54525952.0,1310720.0,2146.248718278269,1,1,0.6527150981128216,0.3593119931773702,4589.79537639135,2262.120432096168,0.0,2940.6268514238964,2146.248718278269,1.0,2,1.0,0.0,0.0,0.0,0.0,1.028093524004371,0.0,0.4631080648502637,100000000.0,0.10000000149011612,0.0,0.0,0.0,,-0.6484848484848483,0.0,4,0.4,0.06936388462781906,2.0,0.0,85.96160775050521,,715021.7712106365,2.9406268514238967,2.9406268514238967,2262.120432096168,5583667.2,55836672.0,99,0.05122261050908226,2262.120432096168,1.0,3158.0732400962293,54525952.0,1310720.0,False,0.1386665235903468,1.277165880465759,0.27424106354539646,0.3690534943749095,7,3.7,6.0,0.03300719620060704,2,4,1185.6156464188314,0.10763697046176383,0.4758830566239153,,,,,,0.0,2,,,,,,,,,,,,,,,,,,,,,,,,,,,,,,,,,,,,,,,,,,,,,,,,,,,,,,,,,,,,,,,,,,,,,,,,,,,,,,,,,,,,,0.9999999999999999,-2.9406268514238967,delay_only,0.503030303030303,0.0026416382428613478,0.07237791718707137,594,5452595.2,54525952.0,0.9169450402259827,0.0,3,,0,2940.626851423897,0.1703125,3.405773901939392,2875.0723392248824,2146.248718278269,5583667.2,55836672.0,10,2
35651584.0,1310720.0,2480.059253897881,6,4,0.8618440479040146,0.4165238082744869,5116.169934542624,2526.7647038725013,0.0,2985.163349627498,2480.0592538978804,1.0,7,1.0,0.0,0.0,0.0,0.0,1.8028511239001221,0.0,0.616980090605774,100000000.0,0.10000000149011612,0.0,0.0,0.0,,-0.28484848484848485,0.0,4,0.6324555320336759,0.09677661955356598,1.2649110640673518,0.0,66.85862923040986,,750706.8091223831,2.985163349627498,2.985163349627498,2526.764703872501,3696230.4,36962304.0,100,0.01848428937725764,2526.764703872501,1.0,35685.03791174662,35651584.0,1310720.0,False,0.2972508126553513,6.844452901005779,0.7782532321787818,0.6384618742703916,4,4.4,6.0,0.017893355508737285,5,4,977.8562739726083,0.030153783834489575,0.6130006595097862,,,,,,0.0,5,,,,,,,,,,,,,,,,,,,,,,,,,,,,,,,,,,,,,,,,,,,,,,,,,,,,,,,,,,,,,,,,,,,,,,,,,,,,,,,,,,,,,0.9999999999999999,-2.985163349627498,delay_only,0.5151515151515151,0.0025722258312670552,0.07214456432295328,599,3565158.4,35651584.0,1.1272408962249756,0.0,1,0.13046875,0,2985.163349627498,0.178125,3.283301991224289,2926.4085017768443,2480.059253897881,3696230.4,36962304.0,10,5
109051904.0,27262976.0,27088.04521536274,0,0,0.6484221667051315,0.3554597171371273,55365.10108141478,27649.590551900994,0.0,35685.03791174662,27088.04521536274,1.0,2,1.0,0.0,0.0,0.0,0.0,0.9423196957364212,0.0,0.4467975758202337,20000000.0,0.10000000149011612,0.0,0.0,0.0,,-0.8060606060606059,0.0,4,0.4,0.06373981386423111,2.0,0.0,85.6696218252182,,750706.8091223831,35.68503791174662,35.68503791174662,27649.590551900994,13631488.0,136314880.0,100,0.02030935450867455,27649.590551900998,1.0,35685.03791174662,109051904.0,27262976.0,False,0.13541262732735226,1.247196388348478,0.27353920278630584,0.3469414085149222,7,2.7,4.7,0.03142095713031197,2,4,14955.441535684025,0.04423654833584141,0.45910802882917223,,,,,,0.0,2,,,,,,,,,,,,,,,,,,,,,,,,,,,,,,,,,,,,,,,,,,,,,,,,,,,,,,,,,,,,,,,,,,,,,,,,,,,,,,,,,,,,,0.9999999999999999,-35.68503791174662,delay_only,0.5151515151515151,0.0026049753443216504,0.07209393356657336,601,10905190.4,109051904.0,0.9175689220428467,0.0,2,0.13046875,0,35685.03791174662,0.1859375,3.3472369253635406,35619.11793413383,27088.04521536274,13631488.0,136314880.0,10,2
50331648.0,9437184.0,4441.691651250777,0,0,0.6619621999561787,0.42309059923225767,8688.510986765554,4312.5851511832725,0.2,5012.4836669388615,4441.691651250777,1.0,2,1.0,0.0,0.0,0.0,0.0,2.0329732856076332,0.2,0.7566252277637212,100000000.0,0.10000000149011612,0.0,0.0,0.0,,-0.23100410659842455,0.0,4,0.6,0.06376130133867264,3.0,0.0,83.84721493348479,,750706.8091223831,5.012483666938861,5.012483666938861,4312.585151183273,5976883.2,59768832.0,100,-0.02993714803105516,4312.5851511832725,1.0,35685.03791174662,50331648.0,9437184.0,False,0.1743844642995142,1.6061402717832551,0.28438102857813824,0.6774852085304892,8,4.4,5.6,0.01,2,4,1168.5098235586486,-0.04106342457292367,0.7290465503647999,,,,,,0.0,2,,,,,,,,,,,,,,,,,,,,,,,,,,,,,,,,,,,,,,,,,,,,,,,,,,,,,,,,,,,,,,,,,,,,,,,,,,,,,,,,,,,,,0.9969650916353059,-5.012483666938861,delay_only,0.5151515151515151,0.002638178752198283,0.07210807638225443,603,5033164.8,50331648.0,0.9170804619789124,0.0,3,0.13046875,0,5012.4836669388615,0.1671875,3.4660768270492555,4949.142982539852,4441.691651250778,5976883.2,59768832.0,10,2
37748736.0,1310720.0,2868.908766208878,8,2,0.8133081719279289,0.42378589089323876,5986.941797690009,2960.700616488936,0.0,3449.76033422998,2868.9087662088778,1.0,7,1.0000000000000002,0.0,0.0,0.0,0.0,1.9986448942632955,0.0,0.635404900875287,100000000.0,0.10000000149011612,0.0,-2.220446049250313e-16,2.220446049250313e-16,,-0.23636363636363633,0.0,4,0.2,0.10887493938207626,0.5,0.0,65.54056471213698,,776568.7320107231,3.44976033422998,3.44976033422998,2960.700616488936,3905945.6,39059456.0,101,0.03100342188225456,2960.700616488936,1.0,25861.92288833998,37748736.0,1310720.0,False,0.24340769887986863,4.483735511686152,0.7835251872149381,0.6990712451407965,3,4.2,6.0,0.018042813924152804,4,4,1049.3953428476998,0.0480257400771906,0.6455584407949471,,,,,,2.220446049250313e-16,4,,,,,,,,,,,,,,,,,,,,,,,,,,,,,,,,,,,,,,,,,,,,,,,,,,,,,,,,,,,,,,,,,,,,,,,,,,,,,,,,,,,,,0.9999999999999999,-3.44976033422998,delay_only,0.5151515151515151,0.0026127854014550483,0.07212369265561348,607,3774873.6,37748736.0,1.1118719577789307,0.0,1,,0,3449.76033422998,0.1953125,3.3907608926296233,3390.3192408745617,2868.9087662088778,3905945.6,39059456.0,10,4
71303168.0,33816576.0,23295.63018075211,2,0,0.6491551175713539,0.31531666737944264,37772.09354484509,18842.842996884414,0.1,25861.92288833998,23295.630180752112,1.0,2,1.0,0.0,0.0,0.0,0.0,0.7026694221110065,0.1,0.3581884489820715,20000000.0,0.10000000149011612,0.0,0.0,0.0,,-0.7454545454545454,0.0,4,0.6,0.06688986718654633,3.0,0.0,86.40755107626319,,776568.7320107231,25.86192288833998,25.86192288833998,18842.84299688441,10511974.4,105119744.0,101,-0.23631185509553676,18842.84299688441,1.0,25861.92288833998,71303168.0,33816576.0,False,0.16989638875943847,1.5648035684440167,0.25401211805376844,0.2717976859678539,8,3.4,4.4,0.010000000000000002,2,4,11287.461178955604,-0.5893530322056395,0.4009682519340663,,,,,,0.0,2,,,,,,,,,,,,,,,,,,,,,,,,,,,,,,,,,,,,,,,,,,,,,,,,,,,,,,,,,,,,,,,,,,,,,,,,,,,,,,,,,,,,,0.9999999999999999,-25.86192288833998,delay_only,0.5151515151515151,0.002626537371453562,0.07210660779712438,609,7130316.8,71303168.0,0.9176163077354431,0.0,2,,0,25861.92288833998,0.1390625,3.571691632270813,25798.71036696575,23295.630180752112,10511974.4,105119744.0,10,2
52428800.0,1310720.0,2693.8479726097517,5,0,0.6465832702815533,0.3437067792761647,4941.04166218159,2437.439704691457,0.0,3242.7721462038085,2693.8479726097517,1.0,2,1.0,0.0,0.0,0.0,0.0,0.9963593396287371,0.0,0.5107450726418689,100000000.0,0.10000000149011612,0.0,0.0,0.0,,-0.04242424242424241,0.0,4,0.0,0.06839902698993683,0.0,0.0,71.06759399175644,,776568.7320107231,3.2427721462038086,3.2427721462038086,2437.439704691457,5373952.0,53739520.0,101,-0.10519573773446532,2437.4397046914564,1.0,25861.92288833998,52428800.0,1310720.0,False,0.1291120575483583,1.1891659961465568,0.3220800461602946,0.3297535184600938,5,4.0,6.0,0.017738810224667622,2,4,1258.5707607368686,-0.21750362432838194,0.48365050494810713,,,,,,0.0,2,,,,,,,,,,,,,,,,,,,,,,,,,,,,,,,,,,,,,,,,,,,,,,,,,,,,,,,,,,,,,,,,,,,,,,,,,,,,,,,,,,,,,0.9999999999999999,-3.2427721462038086,delay_only,0.5151515151515151,0.0026214281743509446,0.07211045367519664,611,5242880.0,52428800.0,0.9177570939064026,0.0,3,,0,3242.7721462038085,0.1515625,3.4286945462226868,3176.609893405132,2693.8479726097517,5373952.0,53739520.0,10,2
75497472.0,9175040.0,6420.447979528741,9,1,0.7249838672578335,0.42406929649722086,12812.596324630164,6379.671470161569,0.1,7379.167614941372,6420.447979528741,1.0,7,1.0,0.0,0.0,0.0,0.0,1.9437266327095575,0.1,0.7049117638665737,100000000.0,0.10000000149011612,0.0,0.0,0.0,,-0.12727272727272726,0.0,4,0.447213595499958,0.09483285248279572,1.118033988749895,0.0,53.25338430702686,,787892.8177640543,7.379167614941372,7.379167614941372,6379.671470161568,8467251.2,84672512.0,102,-0.006391631537436991,6379.671470161569,1.0,11324.085753331146,75497472.0,9175040.0,False,0.2549193233052187,4.69578747006981,0.7123266529631792,0.6742108618061242,4,3.6,5.6,0.010000000000000009,4,4,2111.3007056543415,-0.009553178863054844,0.6690580830801196,,,,,,0.0,4,0.0008296525194358168,0.0,0.0,0.0,0.0,0.0,0.0,0.0,0.0,0.0,0.0,0.0,0.0,0.0,0.10000000149011612,0.0,0.0,0.0,0.0,0.0,0.0,0.0062500002793967726,0.0003238506321091961,0.0,0.6420172214508056,0.06643825769424438,0.42979517579078674,-0.000999829205829883,True,0.1378181241452694,0.22035496085882186,0.09592538699507713,0.16160510666668415,0.8509656012058258,1,0.820616427063942,0.4927327990531921,0.4999994933605194,0.820616427063942,0.9450713396072388,False,0.027940472587943077,-3.3178703784942627,0.030008388889771392,-0.010890617935607772,6,1,10,4.577733927872032,0.5151515151515151,0.0026214281743509446,0.07211045367519664,611,0.001335454408399528,0.012500000558793545,1.87139949798584,0.4038284718990326,0.6731662362813949,0.9345945119857788,1.3543708503246308,-0.02078141236367319,0.03953655366351276,-0.0038816535417856013,-3.8357033729553223,1.812394618988037,-0.5022609233856201,1.8192824125289917,-0.0003134486753115784,-6.334831714630127,9.465307235717773,-2.9727656841278076,9.468033790588379,-0.00330307726008483,-4.182419776916504,2.228581428527832,-0.8402271866798401,2.235950469970703,0.0,-3.345811128616333,48,102,0.21208269745111466,0.35868417769670485,2.052331638336182,0.9999999999999999,-7.379167614941372,delay_only,0.5151515151515151,0.0026655064697175394,0.07206017397832111,615,7549747.2,75497472.0,1.112568736076355,0.0,1,,0,7379.167614941372,0.14375,3.3772587954998015,7329.713676095819,6420.447979528741,8467251.2,84672512.0,10,4
33554432.0,13107200.0,9323.919050272096,4,1,0.6460263393819332,0.296868949105858,16105.227807719182,8018.46388876248,0.0,11324.085753331146,9323.919050272096,1.0,2,1.0,0.0,0.0,0.0,0.0,0.6866557685568784,0.0,0.3777955929182574,20000000.0,0.10000000149011612,0.0,0.0,0.0,,-0.5515151515151515,0.0,4,0.2,0.06577654182910919,1.0,0.0,68.30003019422293,,787892.8177640543,11.324085753331147,11.324085753331147,8018.46388876248,4666163.2,46661632.0,102,-0.16280614087932155,8018.46388876248,1.0,11324.085753331146,33554432.0,13107200.0,False,0.12463151031021467,1.1478986310305361,0.2980519659969174,0.2476881910108857,6,4.4,5.4,0.02074898221474738,2,4,4948.084950919986,-0.42517721360704075,0.382913607947464,,,,,,0.0,2,0.0008296525194358168,0.0,0.0,0.0,0.0,0.0,0.0,0.0,0.0,0.0,0.0,0.0,0.0,0.0,0.10000000149011612,0.0,0.0,0.0,0.0,0.0,0.0,0.0062500002793967726,0.0003238506321091961,0.0,0.6420172214508056,0.06643825769424438,0.42979517579078674,-0.000999829205829883,True,0.1378181241452694,0.22035496085882186,0.09592538699507713,0.16160510666668415,0.8509656012058258,1,0.820616427063942,0.4927327990531921,0.4999994933605194,0.820616427063942,0.9450713396072388,False,0.027940472587943077,-3.3178703784942627,0.030008388889771392,-0.010890617935607772,6,1,10,4.577733927872032,0.5151515151515151,0.0026214281743509446,0.07211045367519664,611,0.001335454408399528,0.012500000558793545,1.87139949798584,0.4038284718990326,0.6731662362813949,0.9345945119857788,1.3543708503246308,-0.02078141236367319,0.03953655366351276,-0.0038816535417856013,-3.8357033729553223,1.812394618988037,-0.5022609233856201,1.8192824125289917,-0.0003134486753115784,-6.334831714630127,9.465307235717773,-2.9727656841278076,9.468033790588379,-0.00330307726008483,-4.182419776916504,2.228581428527832,-0.8402271866798401,2.235950469970703,0.0,-3.345811128616333,48,102,0.21208269745111466,0.35868417769670485,2.052331638336182,0.9999999999999999,-11.324085753331147,delay_only,0.5151515151515151,0.002667303174983608,0.07206614103434458,617,3355443.2,33554432.0,0.9177446961402893,0.0,2,,0,11324.085753331146,0.1859375,3.429420804977417,11258.537355730496,9323.919050272096,4666163.2,46661632.0,10,2
52428800.0,1310720.0,3710.1229513542553,0,0,0.6640329957008362,0.41297707015948765,7157.997850513503,3546.635403623082,0.1,4201.908870000526,3710.1229513542553,1.0,2,0.9999999999999998,0.0,0.0,0.0,0.0,1.7072691299098461,0.1,0.6631790518525787,100000000.0,0.10000000149011612,0.0,2.220446049250313e-16,0.0,,-0.5151515151515151,0.0,4,0.0,0.06547705084085464,0.0,0.0,68.80676839500666,,787892.8177640543,4.201908870000526,4.201908870000526,3546.6354036230823,5373952.0,53739520.0,102,-0.04609651941221876,3546.6354036230814,1.0,11324.085753331146,52428800.0,1310720.0,False,0.1281976076925912,1.1807436017218373,0.3178688488823309,0.6005684337134372,5,4.0,6.0,0.010000000000000004,2,4,1335.2909357917042,-0.07393128936239535,0.6235048760784286,,,,,,0.0,2,0.0008296525194358168,0.0,0.0,0.0,0.0,0.0,0.0,0.0,0.0,0.0,0.0,0.0,0.0,0.0,0.10000000149011612,0.0,0.0,0.0,0.0,0.0,0.0,0.0062500002793967726,0.0003238506321091961,0.0,0.6420172214508056,0.06643825769424438,0.42979517579078674,-0.000999829205829883,True,0.1378181241452694,0.22035496085882186,0.09592538699507713,0.16160510666668415,0.8509656012058258,1,0.820616427063942,0.4927327990531921,0.4999994933605194,0.820616427063942,0.9450713396072388,False,0.027940472587943077,-3.3178703784942627,0.030008388889771392,-0.010890617935607772,6,1,10,4.577733927872032,0.5151515151515151,0.0026214281743509446,0.07211045367519664,611,0.001335454408399528,0.012500000558793545,1.87139949798584,0.4038284718990326,0.6731662362813949,0.9345945119857788,1.3543708503246308,-0.02078141236367319,0.03953655366351276,-0.0038816535417856013,-3.8357033729553223,1.812394618988037,-0.5022609233856201,1.8192824125289917,-0.0003134486753115784,-6.334831714630127,9.465307235717773,-2.9727656841278076,9.468033790588379,-0.00330307726008483,-4.182419776916504,2.228581428527832,-0.8402271866798401,2.235950469970703,0.0,-3.345811128616333,48,102,0.21208269745111466,0.35868417769670485,2.052331638336182,0.9999999999999999,-4.201908870000526,delay_only,0.5151515151515151,0.002661012869162176,0.07206052118355982,619,5242880.0,52428800.0,0.9177295565605164,0.0,3,,0,4201.908870000526,0.1453125,3.5890942215919495,4137.181826733186,3710.1229513542553,5373952.0,53739520.0,10,2
71303168.0,1310720.0,3849.720557889262,5,0,0.6720870733261108,0.38645592865487605,7071.259594936942,3495.9522322495905,0.0,4338.5294014158835,3849.720557889262,1.0,7,1.0,0.0,0.0,0.0,0.0,1.2257150473320606,0.0,0.4887348997189445,100000000.0,0.10000000149011612,0.0,0.0,0.0,,-0.9030303030303028,0.0,4,0.6,0.0671795904636383,3.0,0.0,79.35513043776155,,825300.5068910744,4.338529401415884,4.338529401415884,3495.9522322495905,7261388.8,72613888.0,103,-0.10119369549052086,3495.9522322495905,1.0,37407.689127020036,71303168.0,1310720.0,False,0.17423928973207298,1.604803164603767,0.24751781449216434,0.45805179290597725,8,3.4,6.0,0.011070331537284147,2,4,1692.7766155832142,-0.19619183088428263,0.5157895465596969,,,,,,0.0,2,,,,,,,,,,,,,,,,,,,,,,,,,,,,,,,,,,,,,,,,,,,,,,,,,,,,,,,,,,,,,,,,,,,,,,,,,,,,,,,,,,,,,0.9999999999999999,-4.338529401415884,delay_only,0.5151515151515151,0.002683823676625056,0.07203607764644072,621,7130316.8,71303168.0,0.9170923829078674,0.0,1,,0,4338.5294014158835,0.1484375,3.4361239790916445,4275.897386906589,3849.7205578892617,7261388.8,72613888.0,10,2
79691776.0,39845888.0,32157.725582927887,8,1,0.6483630277216434,0.3412204042877062,56783.31473908756,28358.977385197744,0.0,37407.689127020036,32157.725582927887,1.0,2,1.0000000000000002,0.0,0.0,0.0,0.0,1.1551221657403183,0.0,0.5551600810937448,20000000.0,0.10000000149011612,0.0,-2.220446049250313e-16,2.220446049250313e-16,,-0.49090909090909085,0.0,4,0.4,0.07108575850725174,2.0,0.0,76.46826840937138,,825300.5068910744,37.407689127020035,37.407689127020035,28358.977385197748,11953766.4,119537664.0,103,-0.1339522277595575,28358.97738519774,1.0,37407.689127020036,79691776.0,39845888.0,False,0.14061080802033096,1.2950734018458467,0.2781236645577837,0.3156837013777114,7,3.4,4.4,0.016087876806901075,2,4,13394.035106472198,-0.2538431573592184,0.5276968233183418,,,,,,2.220446049250313e-16,2,,,,,,,,,,,,,,,,,,,,,,,,,,,,,,,,,,,,,,,,,,,,,,,,,,,,,,,,,,,,,,,,,,,,,,,,,,,,,,,,,,,,,0.9999999999999999,-37.407689127020035,delay_only,0.5212121212121212,0.002665695591819364,0.07193873630692188,623,7969177.6,79691776.0,0.9175507426261902,0.0,2,,0,37407.689127020036,0.2015625,3.3272091150283813,37342.32915832797,32157.725582927887,11953766.4,119537664.0,10,2
62914560.0,11141120.0,3086.621218709725,8,0,0.6558019667863846,0.366720628595409,6661.444754554844,3297.9530225186377,0.0,4218.555546810901,3086.621218709725,1.0,2,1.0,0.0,0.0,0.0,0.0,1.0227787003118565,0.0,0.4276467898004181,100000000.0,0.10000000149011612,0.0,0.0,0.0,,-0.7696969696969697,0.0,4,0.0,0.056169990450143814,0.0,0.0,71.23433332890272,,825300.5068910744,4.218555546810902,4.218555546810902,3297.9530225186377,7405568.0,74055680.0,103,0.06407968893611443,3297.9530225186377,1.0,37407.689127020036,62914560.0,11141120.0,False,0.1322561171652112,1.218123855367557,0.33655897561065723,0.3856967124012411,5,3.5,5.5,0.034364436696760176,2,4,1756.8677146314467,0.13713180102835837,0.4672854032075534,,,,,,0.0,2,,,,,,,,,,,,,,,,,,,,,,,,,,,,,,,,,,,,,,,,,,,,,,,,,,,,,,,,,,,,,,,,,,,,,,,,,,,,,,,,,,,,,0.9999999999999999,-4.218555546810902,delay_only,0.5212121212121212,0.002667147809254303,0.07194584081925902,625,6291456.0,62914560.0,0.917728066444397,0.0,3,,0,4218.555546810901,0.1703125,3.384787529706955,4153.016837293333,3086.621218709725,7405568.0,74055680.0,10,2
46137344.0,19398656.0,6241.117133527228,8,2,0.7114778272807598,0.43955956072762503,13203.908180392693,6571.043159832885,0.4,7400.004100731386,6241.117133527229,1.0,7,1.0,0.0,0.0,0.0,0.0,2.522534017580522,0.4,0.7827762254900679,100000000.0,0.10000000149011612,0.0,0.0,0.0,,-0.22561395032806852,0.0,4,0.5099019513592785,0.060297150164842606,1.699673171197595,0.0,65.59166219085455,,851151.4012424899,7.400004100731386,7.400004100731386,6571.043159832885,6553600.0,65536000.0,104,0.050209079179758025,6571.043159832885,1.0,25850.89435141557,46137344.0,19398656.0,False,0.24474750319006985,3.381311714357805,0.49232004303932175,0.8565647781055827,5,4.1,5.2,0.010000000000000007,3,4,1489.1678841326282,0.06492210225686708,0.7733742043827178,,,,,,0.0,3,,,,,,,,,,,,,,,,,,,,,,,,,,,,,,,,,,,,,,,,,,,,,,,,,,,,,,,,,,,,,,,,,,,,,,,,,,,,,,,,,,,,,0.9939209163101398,-7.400004100731386,delay_only,0.5212121212121212,0.002690092373751769,0.07192282430000607,628,4613734.4,46137344.0,1.0469785928726196,0.0,1,,0,7400.004100731386,0.1515625,3.3713920772075654,7338.182240004463,6241.117133527229,6553600.0,65536000.0,10,3
46137344.0,1310720.0,23428.149518044836,1,1,0.6604371592402458,0.35042842636537547,39796.837485927856,19865.3772045261,0.1,25850.89435141557,23428.149518044833,1.0,2,1.0,0.0,0.0,0.0,0.0,1.2751602655088938,0.2,0.6214554270490671,20000000.0,0.10000000149011612,0.0,0.0,0.0,,-0.8787878787878788,0.0,4,0.2,0.0596565417945385,1.0,0.0,72.41502637043595,,851151.4012424899,25.85089435141557,25.85089435141557,19865.3772045261,4744806.4,47448064.0,104,-0.17934581744095965,19865.3772045261,1.0,25850.89435141557,46137344.0,1310720.0,False,0.13081455022918695,1.204846533217787,0.3233042180660044,0.33559588584926564,6,4.2,6.0,0.010000000000000009,2,4,8239.408205672127,-0.30644949370413244,0.5852377671542591,,,,,,0.0,2,,,,,,,,,,,,,,,,,,,,,,,,,,,,,,,,,,,,,,,,,,,,,,,,,,,,,,,,,,,,,,,,,,,,,,,,,,,,,,,,,,,,,0.9999999999999999,-25.85089435141557,delay_only,0.5212121212121212,0.002647512337679652,0.07192441771922514,630,4613734.4,46137344.0,0.9177339673042297,0.0,2,,0,25850.89435141557,0.18125,3.422109317779541,25784.811274539912,23428.149518044833,4744806.4,47448064.0,10,2
33554432.0,13107200.0,1721.6964964807876,0,0,0.6540189497172832,0.25317141975144514,2913.1225368713,1420.7274929041494,0.0,2175.6031683016613,1721.6964964807873,1.0,2,1.0,0.0,0.0,0.0,0.0,0.6448797647421546,0.0,0.35773802436608815,100000000.0,0.10000000149011612,0.0,0.0,0.0,,-0.23636363636363633,0.0,4,0.2,0.05875040218234062,1.0,0.0,71.66755106300116,,851151.4012424899,2.1756031683016612,2.1756031683016612,1420.7274929041494,4666163.2,46661632.0,104,-0.21184147211892046,1420.7274929041494,1.0,25850.89435141557,33554432.0,13107200.0,False,0.12806095951007315,1.179485025449634,0.29419514770954835,0.2079494435590957,6,4.4,5.4,0.022533535200581555,2,4,927.746669562723,-0.6105085417657199,0.34699182341696666,,,,,,0.0,2,,,,,,,,,,,,,,,,,,,,,,,,,,,,,,,,,,,,,,,,,,,,,,,,,,,,,,,,,,,,,,,,,,,,,,,,,,,,,,,,,,,,,0.9999999999999999,-2.1756031683016612,delay_only,0.5212121212121212,0.00263933816155285,0.07193587772501278,632,3355443.2,33554432.0,0.917753279209137,0.0,3,,0,2175.6031683016613,0.153125,3.36371853351593,2109.655582562465,1721.6964964807871,4666163.2,46661632.0,10,2
138412032.0,101187584.0,8601.076376017632,0,0,0.696960836648941,0.22398750846906584,15280.253924842295,7603.791689473821,0.2,11857.667919442205,8601.076376017632,1.0,7,1.0,0.0,0.0,0.0,0.0,0.6523458430221386,0.2,0.364723973707248,100000000.0,0.10000000149011612,0.0,0.0,0.0,,-0.5349568784384567,0.0,4,0.565685424949238,0.08358965814113617,1.8856180831641267,0.0,72.6705458946526,,863009.0691619321,11.857667919442205,11.857667919442205,7603.791689473821,23959961.6,239599616.0,105,-0.1311562345828575,7603.791689473821,1.0,11857.667919442205,138412032.0,101187584.0,False,0.21023253635575487,2.9044698256505397,0.4518577112305151,0.1818564372098882,6,2.0,3.6,0.01,3,4,4988.770482423388,-0.3813677242291585,0.34391015875283554,,,,,,0.0,3,,,,,,,,,,,,,,,,,,,,,,,,,,,,,,,,,,,,,,,,,,,,,,,,,,,,,,,,,,,,,,,,,,,,,,,,,,,,,,,,,,,,,0.9969650916353059,-11.857667919442205,delay_only,0.5333333333333333,0.0025764365016797226,0.07186510905030508,635,13841203.2,138412032.0,1.0461082458496094,0.0,1,,0,11857.667919442205,0.153125,3.3630294680595396,11793.100277621446,8601.076376017632,23959961.6,239599616.0,10,3
31457280.0,1310720.0,5285.593620881764,8,1,0.6638611666858196,0.2354768760279295,9680.427316648087,4806.9778851126985,0.0,7400.910533508363,5285.593620881763,1.0,2,1.0,0.0,0.0,0.0,0.0,0.45980917780501956,0.0,0.25529860020717343,20000000.0,0.10000000149011612,0.0,0.0,0.0,,0.22424242424242422,0.0,4,0.0,0.0614011213183403,0.0,0.0,68.99771792814136,,863009.0691619321,7.400910533508363,7.400910533508363,4806.9778851126985,3276800.0,32768000.0,105,-0.09956686866635037,4806.977885112698,1.0,11857.667919442205,31457280.0,1310720.0,False,0.1257258501933314,1.15797787383667,0.3209000784161079,0.19018998477801696,5,4.5,6.0,0.03871503073210314,2,4,3481.2525885847717,-0.361021802195795,0.27579184431734594,,,,,,0.0,2,,,,,,,,,,,,,,,,,,,,,,,,,,,,,,,,,,,,,,,,,,,,,,,,,,,,,,,,,,,,,,,,,,,,,,,,,,,,,,,,,,,,,0.9999999999999999,-7.400910533508363,delay_only,0.5333333333333333,0.002571677791396304,0.07185980821002713,637,3145728.0,31457280.0,0.9177298545837402,0.0,2,,0,7400.910533508363,0.203125,3.307031512260437,7334.438987085672,5285.593620881763,3276800.0,32768000.0,10,2
25165824.0,1310720.0,2196.692039062303,8,0,0.6548590026795864,0.41975638580726926,4630.542317931214,2270.977276174654,0.0,2686.842610228792,2196.692039062303,1.0,2,1.0,0.0,0.0,0.0,0.0,1.9882080535738245,0.0,0.6703868966791889,100000000.0,0.10000000149011612,0.0,0.0,0.0,,-0.6363636363636362,0.0,4,0.6,0.06312237679958344,3.0,0.0,88.58776558190584,,863009.0691619321,2.6868426102287923,2.6868426102287923,2270.9772761746535,2647654.4,26476544.0,105,0.03271069151228167,2270.977276174654,1.0,11857.667919442205,25165824.0,1310720.0,False,0.17421988375765307,1.6046244289741098,0.24409404519447653,0.6938994587303446,8,4.8,6.0,0.01828034146088119,2,4,790.8685989073779,0.050189042367823684,0.6517496642504693,,,,,,0.0,2,,,,,,,,,,,,,,,,,,,,,,,,,,,,,,,,,,,,,,,,,,,,,,,,,,,,,,,,,,,,,,,,,,,,,,,,,,,,,,,,,,,,,0.9999999999999999,-2.6868426102287923,delay_only,0.5333333333333333,0.0025460940700307274,0.07184834280495891,639,2516582.4,25165824.0,0.917094349861145,0.0,3,,0,2686.842610228792,0.1921875,3.291892910003662,2622.75824938713,2196.692039062303,2647654.4,26476544.0,10,2
33554432.0,9175040.0,2668.403846796698,1,0,0.7011662237346172,0.38222850778928114,5133.776331788472,2535.232185154494,0.0,3171.5006651650347,2668.403846796698,1.0,7,1.0,0.0,0.0,0.0,0.0,1.244494627729476,0.0,0.5505886456530797,100000000.0,0.10000000149011612,0.0,0.0,0.0,,-0.5515151515151515,0.0,4,0.282842712474619,0.08106253296136856,0.9428090415820634,0.0,65.9623583778739,,879557.7081729445,3.1715006651650346,3.1715006651650346,2535.2321851544934,4272947.2,42729472.0,106,-0.052528388690398865,2535.232185154494,1.0,16548.639011012438,33554432.0,9175040.0,False,0.19530167258215883,2.6981923195468975,0.519931348350433,0.44248247522417794,4,4.4,5.6,0.01638187040223395,3,4,1183.3415319734095,-0.09850771682520562,0.5332413579700203,,,,,,0.0,3,,,,,,,,,,,,,,,,,,,,,,,,,,,,,,,,,,,,,,,,,,,,,,,,,,,,,,,,,,,,,,,,,,,,,,,,,,,,,,,,,,,,,0.9999999999999999,-3.1715006651650346,delay_only,0.5333333333333333,0.002515293580152789,0.07184764244868024,642,3355443.2,33554432.0,1.0468672513961792,0.0,1,,0,3171.5006651650347,0.1515625,3.3231218338012694,3108.9546792502674,2668.403846796698,4272947.2,42729472.0,10,3
67108864.0,1310720.0,12402.539396381097,1,1,0.6503206677734852,0.3237028594039787,24469.47949007755,12198.889573340517,0.0,16548.639011012438,12402.539396381097,1.0,2,0.9999999999999998,0.0,0.0,0.0,0.0,0.7188782396404553,0.0,0.36079109578215995,20000000.0,0.10000000149011612,0.0,2.220446049250313e-16,0.0,,-0.4545454545454545,0.0,4,0.2,0.06799319386482239,1.0,0.0,71.70034339651465,,879557.7081729445,16.548639011012437,16.548639011012437,12198.889573340517,6841958.4,68419584.0,106,-0.016694127921744215,12198.889573340517,1.0,16548.639011012438,67108864.0,1310720.0,False,0.12062671700734688,1.1110131215917132,0.2934620913001436,0.28515076158579516,6,3.4,6.0,0.03289263085817792,2,4,7393.325979775442,-0.04237792697474175,0.39393451056948375,,,,,,0.0,2,,,,,,,,,,,,,,,,,,,,,,,,,,,,,,,,,,,,,,,,,,,,,,,,,,,,,,,,,,,,,,,,,,,,,,,,,,,,,,,,,,,,,0.9999999999999999,-16.548639011012437,delay_only,0.5333333333333333,0.0025076797405713977,0.07185853910794228,644,6710886.4,67108864.0,0.9177268743515015,0.0,2,,0,16548.639011012438,0.1515625,3.4301674127578736,16482.060897072824,12402.539396381098,6841958.4,68419584.0,10,2
41943040.0,11141120.0,3064.9266987545525,5,0,0.6570648401975632,0.4100474680082643,6519.665846323955,3224.7695947077063,0.0,3846.2933737788594,3064.9266987545525,1.0,2,1.0,0.0,0.0,0.0,0.0,1.6325886560512426,0.0,0.580078745468243,100000000.0,0.10000000149011612,0.0,0.0,0.0,,-0.8060606060606059,0.0,4,0.0,0.056169990450143814,0.0,0.0,70.12665690854192,,879557.7081729445,3.8462933737788596,3.8462933737788596,3224.769594707706,5308416.0,53084160.0,106,0.04956722992410919,3224.769594707706,1.0,16548.639011012438,41943040.0,11141120.0,False,0.1292310872075587,1.1902622998221528,0.3226281978239809,0.5848361308198299,5,4.0,5.5,0.023350231684619714,2,4,1342.9738410172422,0.08494168170997254,0.5835442497283376,,,,,,0.0,2,,,,,,,,,,,,,,,,,,,,,,,,,,,,,,,,,,,,,,,,,,,,,,,,,,,,,,,,,,,,,,,,,,,,,,,,,,,,,,,,,,,,,0.9999999999999999,-3.8462933737788596,delay_only,0.5333333333333333,0.0025089472876353223,0.07185836614447025,646,4194304.0,41943040.0,0.9177237153053284,0.0,3,,0,3846.2933737788594,0.1625,3.4139786064624786,3780.5941838775075,3064.9266987545525,5308416.0,53084160.0,10,2
37748736.0,3276800.0,1544.1362864474263,0,0,0.7667760364711285,0.31098199972955803,2954.225011038899,1447.28891172415,0.0,2035.5142094549467,1544.1362864474263,1.0,7,1.0,0.0,0.0,0.0,0.0,0.6980352282038347,0.0,0.34594022577541284,100000000.0,0.10000000149011612,0.0,0.0,0.0,,-0.6484848484848483,0.0,4,0.447213595499958,0.10600262135267258,1.118033988749895,0.0,67.15436838567257,,893199.9217619621,2.0355142094549468,2.0355142094549468,1447.28891172415,4102553.6,41025536.0,107,-0.06691640759404605,1447.2889117241498,1.0,13642.21358901758,37748736.0,3276800.0,False,0.27284240939472143,5.025942916870914,0.7287451673711064,0.2738079545784213,4,4.2,5.9,0.027704942232688694,4,4,890.010467495876,-0.1737863284078608,0.3850498955073111,,,,,,0.0,4,,,,,,,,,,,,,,,,,,,,,,,,,,,,,,,,,,,,,,,,,,,,,,,,,,,,,,,,,,,,,,,,,,,,,,,,,,,,,,,,,,,,,0.9878787878787878,-2.0355142094549468,delay_only,0.5333333333333333,0.0025204959320324514,0.07190325126001561,650,3774873.6,37748736.0,1.1123783588409424,0.0,1,,0,2035.5142094549467,0.1953125,3.2643830716609954,1975.8670218643476,1544.1362864474263,4102553.6,41025536.0,10,4
33554432.0,13107200.0,11782.146091880557,4,0,0.6655510514974594,0.2778032350647121,18889.884656628146,9407.408217134662,0.0,13642.21358901758,11782.146091880557,1.0,2,1.0,0.0,0.0,0.0,0.0,0.6685854989922461,0.0,0.37106174991386615,20000000.0,0.10000000149011612,0.0,0.0,0.0,,-0.2727272727272727,0.0,4,0.2,0.0614011213183403,1.0,0.0,75.06822235882282,,893199.9217619621,13.64221358901758,13.64221358901758,9407.408217134662,4666163.2,46661632.0,107,-0.25243274448540937,9407.408217134662,1.0,13642.21358901758,33554432.0,13107200.0,False,0.12650692371992142,1.1651718268721036,0.2973930596774482,0.2261539101866315,6,4.4,5.4,0.015261334314868204,2,4,6018.38554359896,-0.7007146612767794,0.36025041066708824,,,,,,0.0,2,,,,,,,,,,,,,,,,,,,,,,,,,,,,,,,,,,,,,,,,,,,,,,,,,,,,,,,,,,,,,,,,,,,,,,,,,,,,,,,,,,,,,0.9999999999999999,-13.64221358901758,delay_only,0.5333333333333333,0.002515487758092361,0.07190927706426682,652,3355443.2,33554432.0,0.9177302718162537,0.0,2,,0,13642.21358901758,0.1703125,3.400296521186829,13580.25879642863,11782.146091880557,4666163.2,46661632.0,10,2
109051904.0,1310720.0,5332.2035847529405,4,0,0.6501157768070698,0.3432839704483773,9020.756278908006,4471.493843604873,0.3,5924.075247037336,5332.2035847529405,1.0,2,1.0,0.0,0.0,0.0,0.0,0.9545524097041622,0.4,0.49848380785260527,100000000.0,0.10000000149011612,0.0,0.0,0.0,,-0.41107388982369863,0.0,4,0.2,0.06451290100812912,1.0,0.0,77.76859169825912,,893199.9217619621,5.924075247037337,5.924075247037337,4471.493843604873,11036262.4,110362624.0,107,-0.19248818655516045,4471.493843604873,1.0,13642.21358901758,109051904.0,1310720.0,False,0.13055578817210697,1.2024632465967275,0.31241119513596227,0.3252438299556204,6,3.2,6.0,0.01,2,4,2241.977724839135,-0.38605226214940125,0.49860655001334514,,,,,,0.0,2,,,,,,,,,,,,,,,,,,,,,,,,,,,,,,,,,,,,,,,,,,,,,,,,,,,,,,,,,,,,,,,,,,,,,,,,,,,,,,,,,,,,,0.9878044218151566,-5.924075247037337,delay_only,0.5333333333333333,0.002518692196166271,0.07190491742218628,654,10905190.4,109051904.0,0.9177464842796326,0.0,3,,0,5924.075247037336,0.1578125,3.3889086127281187,5865.9515821068735,5332.2035847529405,11036262.4,110362624.0,10,2
60817408.0,1310720.0,4173.306944425942,7,3,0.6832988001406193,0.37676492560653685,7504.662306808747,3726.342761338163,0.0,4677.168771081768,4173.306944425943,1.0,7,1.0,0.0,0.0,0.0,0.0,1.4842346410710805,0.0,0.6365495405159299,100000000.0,0.10000000149011612,0.0,0.0,0.0,,-0.309090909090909,0.0,4,0.2,0.10320749133825302,0.5,0.0,54.62508508935571,,910626.7890849425,4.677168771081768,4.677168771081768,3726.3427613381637,6212812.8,62128128.0,108,-0.11994714703251566,3726.342761338163,1.0,17426.86732298044,60817408.0,1310720.0,False,0.2386600354573969,4.39628031950106,0.7533637612587343,0.41456816729239443,3,3.9,6.0,0.010826703137123897,4,4,1476.9187302957548,-0.19870161291050623,0.6036546220011763,,,,,,0.0,4,,,,,,,,,,,,,,,,,,,,,,,,,,,,,,,,,,,,,,,,,,,,,,,,,,,,,,,,,,,,,,,,,,,,,,,,,,,,,,,,,,,,,0.9999999999999999,-4.677168771081768,delay_only,0.5333333333333333,0.0025660377920966133,0.07181406771424047,658,6081740.8,60817408.0,1.111963152885437,0.0,1,,0,4677.168771081768,0.1921875,3.33414745926857,4625.2940091464425,4173.306944425943,6212812.8,62128128.0,10,4
67108864.0,9175040.0,12576.652192690892,0,1,0.6570182740688324,0.26219293672288113,23619.816331895083,11776.040117374629,0.0,17426.86732298044,12576.652192690894,1.0,2,1.0000000000000002,0.0,0.0,0.0,0.0,0.47495773205362085,0.0,0.255252135299758,20000000.0,0.10000000149011612,0.0,-2.220446049250313e-16,2.220446049250313e-16,,-0.7212121212121211,0.0,4,0.2,0.056169990450143814,1.0,0.0,67.73609714582562,,910626.7890849425,17.426867322980442,17.426867322980442,11776.040117374629,7628390.4,76283904.0,108,-0.067986527502995,11776.040117374629,1.0,17426.86732298044,67108864.0,9175040.0,False,0.13388522918458337,1.2331285315700522,0.3212501043212881,0.21092330195956407,6,3.4,5.6,0.038141060457962096,2,4,8230.519030995983,-0.22580942428803846,0.30107922960855965,,,,,,2.220446049250313e-16,2,,,,,,,,,,,,,,,,,,,,,,,,,,,,,,,,,,,,,,,,,,,,,,,,,,,,,,,,,,,,,,,,,,,,,,,,,,,,,,,,,,,,,0.9999999999999999,-17.426867322980442,delay_only,0.5333333333333333,0.0025800437658400543,0.07178331915839424,660,6710886.4,67108864.0,0.9177402257919312,0.0,2,,0,17426.86732298044,0.21875,3.2029611468315125,17373.520709092743,12576.652192690894,7628390.4,76283904.0,10,2
41943040.0,15073280.0,3279.2089111456507,3,0,0.659245066344738,0.41789266465875125,7377.227208001431,3649.00968590839,0.0,4294.3380722566735,3279.2089111456507,1.0,2,1.0,0.0,0.0,0.0,0.0,1.8176798393028126,0.0,0.5865913913978629,100000000.0,0.10000000149011612,0.0,0.0,0.0,,-0.2727272727272727,0.0,4,0.4,0.06345668435096741,2.0,0.0,79.20783618465066,,910626.7890849425,4.294338072256673,4.294338072256673,3649.0096859083897,5701632.0,57016320.0,108,0.10134277697064546,3649.0096859083897,1.0,17426.86732298044,41943040.0,15073280.0,False,0.1401370969880129,1.2907103620002374,0.29334945602190565,0.6445640747105312,7,4.0,5.3,0.0292211949960976,2,4,1427.6230823756407,0.1664729472009203,0.6087642387224176,,,,,,0.0,2,,,,,,,,,,,,,,,,,,,,,,,,,,,,,,,,,,,,,,,,,,,,,,,,,,,,,,,,,,,,,,,,,,,,,,,,,,,,,,,,,,,,,0.9999999999999999,-4.294338072256673,delay_only,0.5333333333333333,0.002572344745260016,0.07177131344981788,662,4194304.0,41943040.0,0.9169077277183533,0.0,3,,0,4294.3380722566735,0.18125,3.3456517934799193,4237.432941400931,3279.208911145651,5701632.0,57016320.0,10,2
37748736.0,5242880.0,2067.937984475732,4,3,0.7136920467019081,0.3396977443321916,3798.8929025236584,1876.0190509894896,0.0,2508.4175525767996,2067.937984475732,1.0,7,1.0,0.0,0.0,0.0,0.0,0.937280407344199,0.0,0.4808797634115544,100000000.0,0.10000000149011612,0.0,0.0,0.0,,-0.5515151515151515,0.0,4,0.447213595499958,0.06243852153420448,1.118033988749895,0.0,58.844723738729954,,925128.3109705511,2.5084175525767995,2.5084175525767995,1876.0190509894896,4299161.6,42991616.0,109,-0.10230116447112633,1876.0190509894896,1.0,14501.521885608592,37748736.0,5242880.0,False,0.2563967843325327,4.723003307965594,0.6939478440870938,0.32038924637888055,4,4.3,5.8,0.018740119916153954,4,4,1001.8834245791375,-0.21955281044242458,0.46595242513624635,,,,,,0.0,4,,,,,,,,,,,,,,,,,,,,,,,,,,,,,,,,,,,,,,,,,,,,,,,,,,,,,,,,,,,,,,,,,,,,,,,,,,,,,,,,,,,,,0.9999999999999999,-2.5084175525767995,delay_only,0.5333333333333333,0.002609951278158681,0.07171295753912887,666,3774873.6,37748736.0,1.1124447584152222,0.0,1,,0,2508.4175525767996,0.175,3.25707631111145,2461.5627520321204,2067.937984475732,4299161.6,42991616.0,10,4
33554432.0,1310720.0,12457.494979233463,4,1,0.6586662493646145,0.41829767430204623,24929.454886069067,12436.61340381648,0.0,14501.521885608592,12457.494979233465,1.0,2,1.0,0.0,0.0,0.0,0.0,1.7403242774996344,0.0,0.6086469918040897,20000000.0,0.10000000149011612,0.0,0.0,0.0,,-0.7818181818181817,0.0,4,0.2,0.0541786290705204,1.0,0.0,65.27364253997803,,925128.3109705511,14.501521885608593,14.501521885608593,12436.613403816482,3486515.2,34865152.0,109,-0.0016790403254454008,12436.61340381648,1.0,14501.521885608592,33554432.0,1310720.0,False,0.11924200592451147,1.0982594612019512,0.28226981706720966,0.6191434626951107,6,4.4,6.0,0.01595664964146208,2,4,4933.15795277751,-0.0027829278861236225,0.6033359088525138,,,,,,0.0,2,,,,,,,,,,,,,,,,,,,,,,,,,,,,,,,,,,,,,,,,,,,,,,,,,,,,,,,,,,,,,,,,,,,,,,,,,,,,,,,,,,,,,0.9999999999999999,-14.501521885608593,delay_only,0.5333333333333333,0.0026107532076092214,0.07169040370504595,668,3355443.2,33554432.0,0.9177342057228088,0.0,2,,0,14501.521885608592,0.20625,3.3461049437522887,14445.293807172486,12457.494979233465,3486515.2,34865152.0,10,2
62914560.0,21626880.0,4389.356677483548,2,1,0.653041061013937,0.327586985546502,7607.63855425412,3772.7958658139883,0.0,5115.475173138664,4389.356677483548,1.0,2,1.0,0.0,0.0,0.0,0.0,0.9139715022875373,0.0,0.48652341718126463,100000000.0,0.10000000149011612,0.0,0.0,0.0,,-0.5151515151515151,0.0,4,0.0,0.05749090388417244,0.0,0.0,62.046822626143694,,925128.3109705511,5.115475173138664,5.115475173138664,3772.7958658139883,8454144.0,84541440.0,109,-0.16342278607128805,3772.7958658139883,1.0,14501.521885608592,62914560.0,21626880.0,False,0.1348353748725944,1.2418796967595993,0.3484368963261838,0.29460410468208026,5,3.5,5.0,0.015208802033937275,2,4,2038.0526086108528,-0.3554190564565838,0.4598031059464335,,,,,,0.0,2,,,,,,,,,,,,,,,,,,,,,,,,,,,,,,,,,,,,,,,,,,,,,,,,,,,,,,,,,,,,,,,,,,,,,,,,,,,,,,,,,,,,,0.9999999999999999,-5.115475173138664,delay_only,0.5333333333333333,0.0026307204340040896,0.07165641709168269,670,6291456.0,62914560.0,0.917721152305603,0.0,3,,0,5115.475173138664,0.190625,3.3505422472953796,5056.925245125427,4389.356677483548,8454144.0,84541440.0,10,2
44040192.0,11141120.0,2589.3343832720816,8,2,0.7101618684828281,0.3619021445067373,4945.822189300259,2448.32157749633,0.0,3155.9185326434886,2589.3343832720816,1.0,7,1.0,0.0,0.0,0.0,0.0,1.0231444544033044,0.0,0.4882948097565654,100000000.0,0.10000000149011612,0.0,0.0,0.0,,-0.05454545454545454,0.0,4,0.6324555320336759,0.08106252551078796,1.2649110640673518,0.0,55.518537759780884,,932918.8897152033,3.1559185326434886,3.1559185326434886,2448.32157749633,5518131.2,55181312.0,110,-0.05759570436819515,2448.32157749633,1.0,7790.578744652228,44040192.0,11141120.0,False,0.3062899549941466,7.0525868450333915,0.7854482504238313,0.3718491705654722,4,4.1,5.5,0.01973733539064213,5,4,1265.8949496095845,-0.11925712974493184,0.48295397089785186,,,,,,0.0,5,,,,,,,,,,,,,,,,,,,,,,,,,,,,,,,,,,,,,,,,,,,,,,,,,,,,,,,,,,,,,,,,,,,,,,,,,,,,,,,,,,,,,0.9999999999999999,-3.1559185326434886,delay_only,0.5454545454545454,0.00258523440467099,0.07109200177971263,675,4404019.2,44040192.0,1.1267789602279663,0.0,1,0.153125,0,3155.9185326434886,0.184375,3.279764348268509,3108.0850424580485,2589.334383272081,5518131.2,55181312.0,10,5
33554432.0,1310720.0,5838.305918282119,0,1,0.6564841605722904,0.293185214694618,11022.093632755968,5478.367295364933,0.0,7790.578744652228,5838.30591828212,1.0,2,1.0,0.0,0.0,0.0,0.0,0.6163333471896001,0.0,0.32905800686772335,20000000.0,0.10000000149011612,0.0,0.0,0.0,,-0.309090909090909,0.0,4,0.2,0.05392182990908623,1.0,0.0,65.35904202610254,,932918.8897152033,7.790578744652228,7.790578744652228,5478.367295364934,3486515.2,34865152.0,110,-0.0657018055765845,5478.367295364933,1.0,7790.578744652228,33554432.0,1310720.0,False,0.13502379101522927,1.2436150735648412,0.3223671410075172,0.24382408375647646,6,4.4,6.0,0.032473629409541745,2,4,3536.241518990099,-0.18533229273597626,0.3545081356662601,,,,,,0.0,2,,,,,,,,,,,,,,,,,,,,,,,,,,,,,,,,,,,,,,,,,,,,,,,,,,,,,,,,,,,,,,,,,,,,,,,,,,,,,,,,,,,,,0.9999999999999999,-7.790578744652228,delay_only,0.5454545454545454,0.0025809615647719797,0.07107484926887855,677,3355443.2,33554432.0,0.9177471995353699,0.0,2,0.153125,0,7790.578744652228,0.2046875,3.3526538848876952,7734.215745980398,5838.30591828212,3486515.2,34865152.0,10,2
67108864.0,1310720.0,2818.287280034803,1,1,0.6634611636400223,0.32216087567786544,5386.248035556514,2659.4589388532877,0.0,3651.009651803445,2818.287280034803,1.0,2,1.0000000000000002,0.0,0.0,0.0,0.0,0.7082654129285503,0.0,0.3475002528593637,100000000.0,0.10000000149011612,0.0,-2.220446049250313e-16,2.220446049250313e-16,,-0.19999999999999998,0.0,4,0.2,0.062019407749176025,1.0,0.0,67.33015784993768,,932918.8897152033,3.651009651803445,3.651009651803445,2659.458938853288,6841958.4,68419584.0,110,-0.059722050549875845,2659.4589388532877,1.0,7790.578744652228,67108864.0,1310720.0,False,0.13793680062388836,1.2704448835674285,0.34228203458182327,0.28775154633570194,6,3.4,6.0,0.02760378243165541,2,4,1621.7219200074228,-0.15305259260979104,0.39020606924403917,,,,,,2.220446049250313e-16,2,,,,,,,,,,,,,,,,,,,,,,,,,,,,,,,,,,,,,,,,,,,,,,,,,,,,,,,,,,,,,,,,,,,,,,,,,,,,,,,,,,,,,0.9999999999999999,-3.651009651803445,delay_only,0.5454545454545454,0.002590489504103295,0.07104721878179353,679,6710886.4,67108864.0,0.9178064465522766,0.0,3,0.153125,0,3651.009651803445,0.178125,3.4172537207603453,3596.2411691146303,2818.2872800348036,6841958.4,68419584.0,10,2
54525952.0,11141120.0,2984.3441815059796,0,0,0.6879218854010105,0.3292186869530981,5706.880643882082,2825.684633297958,0.0,3828.068891705172,2984.34418150598,1.0,7,1.0,0.0,0.0,0.0,0.0,0.7474106893940664,0.0,0.36524916101879745,100000000.0,0.10000000149011612,0.0,0.0,0.0,,-0.7696969696969697,0.0,4,0.2,0.056423384696245193,0.5,0.0,55.51137728616595,,944342.7156414067,3.828068891705172,3.828068891705172,2825.6846332979576,6566707.2,65667072.0,111,-0.05614906431467,2825.684633297958,1.0,11423.825926203446,54525952.0,11141120.0,False,0.2448533717673617,4.5103657904068495,0.7715481294922338,0.2984228072888193,3,3.7,5.5,0.026506898406569116,4,4,1686.7404146156102,-0.13930405511129954,0.40306841225697754,,,,,,0.0,4,,,,,,,,,,,,,,,,,,,,,,,,,,,,,,,,,,,,,,,,,,,,,,,,,,,,,,,,,,,,,,,,,,,,,,,,,,,,,,,,,,,,,0.9999999999999999,-3.828068891705172,delay_only,0.5454545454545454,0.002593035143732204,0.07101564217898668,683,5452595.2,54525952.0,1.111983299255371,0.0,1,,0,3828.068891705172,0.175,3.304108422994614,3775.401261800127,2984.34418150598,6566707.2,65667072.0,10,4
27262976.0,1310720.0,8545.960108263662,4,1,0.6642602384090424,0.4100773326552696,18206.68098140754,9075.793000153564,0.0,10740.533808046508,8545.960108263662,1.0,2,1.0,0.0,0.0,0.0,0.0,1.5777596235929277,0.0,0.5779811758957001,20000000.0,0.10000000149011612,0.0,0.0,0.0,,-0.6,0.0,4,0.4,0.06797648221254349,2.0,0.0,80.64445434138179,,944342.7156414067,10.740533808046509,10.740533808046509,9075.793000153564,2857369.6,28573696.0,111,0.058378688438678196,9075.793000153564,1.0,11423.825926203446,27262976.0,1310720.0,False,0.15178867422631276,1.3980253542353491,0.32172891565312484,0.5638378858931014,7,4.7,6.0,0.02473600647161179,2,4,3811.964533002305,0.10065542507631194,0.5799855138897718,,,,,,0.0,2,,,,,,,,,,,,,,,,,,,,,,,,,,,,,,,,,,,,,,,,,,,,,,,,,,,,,,,,,,,,,,,,,,,,,,,,,,,,,,,,,,,,,0.9999999999999999,-10.740533808046509,delay_only,0.5454545454545454,0.0025945058289682027,0.07099963764972098,685,2726297.6,27262976.0,0.9176488518714905,0.0,2,,0,10740.533808046508,0.15625,3.552677261829376,10685.438826946098,8545.960108263664,2857369.6,28573696.0,10,2
167772160.0,1310720.0,8315.68092604216,1,0,0.6570718251168728,0.3931791964103256,18825.699215691544,9369.62467428856,0.0,11423.825926203446,8315.68092604216,1.0,2,1.0,0.0,0.0,0.0,0.0,1.2579344764692246,0.0,0.4239476775220262,100000000.0,0.10000000149011612,0.0,0.0,0.0,,-0.9999999999999999,0.0,4,0.4,0.06673233211040497,2.0,0.0,86.4498671144247,,944342.7156414067,11.423825926203445,11.423825926203445,9369.62467428856,16908288.0,169082880.0,111,0.11248516188044926,9369.62467428856,1.0,11423.825926203446,167772160.0,1310720.0,False,0.14317992683249314,1.3187358605619077,0.2923849033494298,0.4761589673707017,7,2.0,6.0,0.03633731452566725,2,4,4663.4329522496355,0.22394832393054034,0.5022817760196213,,,,,,0.0,2,,,,,,,,,,,,,,,,,,,,,,,,,,,,,,,,,,,,,,,,,,,,,,,,,,,,,,,,,,,,,,,,,,,,,,,,,,,,,,,,,,,,,0.9999999999999999,-11.423825926203445,delay_only,0.5454545454545454,0.0026016863800765897,0.0710125696725889,687,16777216.0,167772160.0,0.9170536994934082,0.0,3,,0,11423.825926203446,0.1796875,3.442084389925003,11365.842780154364,8315.680926042161,16908288.0,169082880.0,10,2
39845888.0,1310720.0,1188.451292089079,0,3,0.6686863489449024,0.17536910546592877,2133.4720546480903,1035.6222751600985,0.0,1759.3269688878977,1188.451292089079,1.0,7,1.0,0.0,0.0,0.0,0.0,0.2771585382562206,0.0,0.14685630991414178,100000000.0,0.10000000149011612,0.0,0.0,0.0,,-0.5636363636363636,0.0,4,0.6633249580710799,0.06113872304558754,1.6583123951777,0.0,62.22750432789326,,950809.0717752371,1.7593269688878976,1.7593269688878976,1035.6222751600985,4115660.8,41156608.0,112,-0.14757216081061478,1035.6222751600983,1.0,6466.356133830407,39845888.0,1310720.0,False,0.27182554934220887,5.007211662482301,0.6319361864446285,0.15656205410493723,5,4.1,6.0,0.0437904981326279,4,4,833.185103849345,-0.7549454279539352,0.1954739446671889,,,,,,0.0,4,,,,,,,,,,,,,,,,,,,,,,,,,,,,,,,,,,,,,,,,,,,,,,,,,,,,,,,,,,,,,,,,,,,,,,,,,,,,,,,,,,,,,0.9999999999999999,-1.7593269688878976,delay_only,0.5454545454545454,0.00262703415623894,0.0709770992690955,691,3984588.8,39845888.0,1.1120977401733398,0.0,1,,0,1759.3269688878977,0.1703125,3.3542842268943787,1710.121214935633,1188.451292089079,4115660.8,41156608.0,10,4
20971520.0,1310720.0,4588.388974493274,3,1,0.6527351215481758,0.4003370050911573,10783.31694423363,5363.913230584712,0.0,6466.356133830407,4588.388974493274,1.0,2,1.0,0.0,0.0,0.0,0.0,1.3813946365385628,0.0,0.47061116886146337,20000000.0,0.10000000149011612,0.0,0.0,0.0,,-0.9999999999999999,0.0,4,0.4,0.059250105172395706,2.0,0.0,86.33343921974301,,950809.0717752371,6.466356133830407,6.466356133830407,5363.913230584712,2228224.0,22282240.0,112,0.14458180487884212,5363.913230584712,1.0,6466.356133830407,20971520.0,1310720.0,False,0.14485515813270086,1.334165311038609,0.30330015789131837,0.5123359120421989,7,5.0,6.0,0.03904711937189786,2,4,2527.3468374391664,0.27340246925489325,0.5288240639262421,,,,,,0.0,2,,,,,,,,,,,,,,,,,,,,,,,,,,,,,,,,,,,,,,,,,,,,,,,,,,,,,,,,,,,,,,,,,,,,,,,,,,,,,,,,,,,,,0.9999999999999999,-6.466356133830407,delay_only,0.5454545454545454,0.0026191000779096393,0.07097607468139093,693,2097152.0,20971520.0,0.9176753163337708,0.0,2,,0,6466.356133830407,0.19375,3.3354254484176638,6410.865650766203,4588.388974493274,2228224.0,22282240.0,10,2
65011712.0,13500416.0,4510.448117134915,0,0,0.6434926763176918,0.3545339118044209,8015.64752996947,3979.8691628363517,0.5,5173.82865552395,4510.448117134915,1.0,2,1.0,0.0,0.0,0.0,0.0,1.351418433976476,0.5,0.6387735962270382,100000000.0,0.10000000149011612,0.0,0.0,0.0,,0.09697622757528537,0.0,4,0.4,0.0612664632499218,2.0,0.0,87.09288062527776,,950809.0717752371,5.17382865552395,5.17382865552395,3979.8691628363517,7851212.8,78512128.0,112,-0.13331567762404364,3979.8691628363517,1.0,6466.356133830407,65011712.0,13500416.0,False,0.13790270098208815,1.2701308142598862,0.28546344661068535,0.34970942878664596,7,3.8,5.4,0.01,2,4,1526.0910578289527,-0.21622939466931287,0.6165474302322677,,,,,,0.0,2,,,,,,,,,,,,,,,,,,,,,,,,,,,,,,,,,,,,,,,,,,,,,,,,,,,,,,,,,,,,,,,,,,,,,,,,,,,,,,,,,,,,,0.937436866561092,-5.17382865552395,delay_only,0.5515151515151515,0.002589139531198763,0.07081625509683195,695,6501171.2,65011712.0,0.9167223572731018,0.0,3,,0,5173.82865552395,0.1765625,3.365961730480194,5117.919451227182,4510.448117134915,7851212.8,78512128.0,10,2
92274688.0,11141120.0,4659.348022379508,1,1,0.6671608425676823,0.3377051329609258,8985.688115603747,4463.310888103903,0.0,5951.175115778373,4659.348022379508,1.0,7,1.0,0.0,0.0,0.0,0.0,0.9085358041326388,0.0,0.46271764803191323,100000000.0,0.10000000149011612,0.0,0.0,0.0,,-0.22424242424242422,0.0,4,0.5099019513592785,0.06474126130342484,1.699673171197595,0.0,63.134738709777594,,968680.4671950599,5.951175115778373,5.951175115778373,4463.310888103903,10341580.8,103415808.0,113,-0.04392190891253032,4463.310888103903,1.0,17871.3954198228,92274688.0,11141120.0,False,0.22056347845525132,3.0471970652998506,0.44486616634952736,0.3123822427734319,5,2.8,5.5,0.026370478203978375,3,4,2438.3825410712416,-0.09681188698003959,0.45368301644183445,,,,,,0.0,3,,,,,,,,,,,,,,,,,,,,,,,,,,,,,,,,,,,,,,,,,,,,,,,,,,,,,,,,,,,,,,,,,,,,,,,,,,,,,,,,,,,,,0.9999999999999999,-5.951175115778373,delay_only,0.5515151515151515,0.0025945447346256726,0.07081397484546605,698,9227468.8,92274688.0,1.046913504600525,0.0,1,,0,5951.175115778373,0.1734375,3.3194964945316316,5899.958396106286,4659.348022379508,10341580.8,103415808.0,10,3
67108864.0,1310720.0,13871.30153369036,0,1,0.661295372992754,0.24844380179775216,23779.18705556801,11853.42497112359,0.0,17871.3954198228,13871.30153369036,1.0,2,1.0,0.0,0.0,0.0,0.0,0.6251811749503483,0.0,0.3454868350154803,20000000.0,0.10000000149011612,0.0,0.0,0.0,,-0.9999999999999999,0.0,4,0.2,0.061701174825429916,1.0,0.0,72.33711332082748,,968680.4671950599,17.871395419822797,17.871395419822797,11853.424971123592,6841958.4,68419584.0,113,-0.17023573924689028,11853.424971123588,1.0,17871.3954198228,67108864.0,1310720.0,False,0.13050524437679856,1.2019977210382455,0.32435069692435076,0.19936353795300493,6,3.4,6.0,0.028413912047560216,2,4,7906.939782221448,-0.5113098025152147,0.3329404959761644,,,,,,0.0,2,,,,,,,,,,,,,,,,,,,,,,,,,,,,,,,,,,,,,,,,,,,,,,,,,,,,,,,,,,,,,,,,,,,,,,,,,,,,,,,,,,,,,0.9999999999999999,-17.871395419822797,delay_only,0.5515151515151515,0.0025857942975014855,0.07081179015520067,700,6710886.4,67108864.0,0.9177523851394653,0.0,2,,0,17871.3954198228,0.2015625,3.3722214341163634,17812.680951325015,13871.30153369036,6841958.4,68419584.0,10,2
20971520.0,1310720.0,1811.2766187848513,0,1,0.6484850309789181,0.4255384755124363,3967.4146130140107,1951.420581267177,0.0,2279.1270468662665,1811.2766187848508,1.0,2,1.0,0.0,0.0,0.0,0.0,2.1393737884382737,0.0,0.6669915978224153,100000000.0,0.10000000149011612,0.0,0.0,0.0,,-0.9999999999999999,0.0,4,0.0,0.05567939579486847,0.0,0.0,64.57345047965646,,968680.4671950599,2.2791270468662663,2.2791270468662663,1951.420581267177,2228224.0,22282240.0,113,0.07181638024506326,1951.420581267177,1.0,17871.3954198228,20971520.0,1310720.0,False,0.12750739215286733,1.1743864816709533,0.3146902888432393,0.7416099345729966,5,5.0,6.0,0.022264792324890963,2,4,636.9669808947384,0.10661765652482326,0.6735880583563812,,,,,,0.0,2,,,,,,,,,,,,,,,,,,,,,,,,,,,,,,,,,,,,,,,,,,,,,,,,,,,,,,,,,,,,,,,,,,,,,,,,,,,,,,,,,,,,,0.9999999999999999,-2.2791270468662663,delay_only,0.5515151515151515,0.0025970380521876915,0.07079165072789528,702,2097152.0,20971520.0,0.9176782965660095,0.0,3,,0,2279.1270468662665,0.2015625,3.2283076345920563,2215.9979063364813,1811.276618784851,2228224.0,22282240.0,10,2
58720256.0,7208960.0,5311.600084297369,5,1,0.7055290043354034,0.4272014800044966,10537.055761483156,5243.072032893371,0.3,6035.609945287643,5311.60008429737,1.0,7,1.0,0.0,0.0,0.0,0.0,2.062598663435006,0.3,0.7459658682974091,100000000.0,0.10000000149011612,0.0,0.0,0.0,,-0.3161108827136336,0.0,4,0.5477225575051661,0.10397617518901825,1.0954451150103321,0.0,57.015270460397005,,975256.9788003091,6.035609945287644,6.035609945287644,5243.072032893371,6592921.6,65929216.0,114,-0.013070209788092712,5243.072032893371,1.0,6576.511605249306,58720256.0,7208960.0,False,0.31092425508609267,7.159295548115152,0.8708676987594463,0.7069696182314734,4,3.8,5.7,0.010000000000000009,5,4,1557.2450739684832,-0.01859231379217729,0.7029899524174337,,,,,,0.0,5,,,,,,,,,,,,,,,,,,,,,,,,,,,,,,,,,,,,,,,,,,,,,,,,,,,,,,,,,,,,,,,,,,,,,,,,,,,,,,,,,,,,,0.9969650916353059,-6.035609945287644,delay_only,0.5575757575757576,0.002565556279342971,0.07053840094371978,707,5872025.6,58720256.0,1.1266167163848877,0.0,1,,0,6035.609945287643,0.1875,3.2702517956495285,5989.16949155339,5311.600084297369,6592921.6,65929216.0,10,5
20971520.0,1310720.0,4401.670886575986,0,0,0.6624939851462841,0.3708174419829529,10452.469671085702,5195.24221864354,0.0,6576.511605249306,4401.670886575986,1.0,2,1.0,0.0,0.0,0.0,0.0,1.0256499950226465,0.0,0.402532889547159,20000000.0,0.10000000149011612,0.0,0.0,0.0,,-0.9999999999999999,0.0,4,0.0,0.06297259032726288,0.0,0.0,63.487410079687834,,975256.9788003091,6.576511605249306,6.576511605249306,5195.24221864354,2228224.0,22282240.0,114,0.15274963104121708,5195.24221864354,1.0,6576.511605249306,20971520.0,1310720.0,False,0.12468982573990954,1.148435735986964,0.3161290094893186,0.3937925129767703,5,5.0,6.0,0.047967087113049256,2,4,2784.1432772773705,0.3291326284677077,0.4640975030410996,,,,,,0.0,2,,,,,,,,,,,,,,,,,,,,,,,,,,,,,,,,,,,,,,,,,,,,,,,,,,,,,,,,,,,,,,,,,,,,,,,,,,,,,,,,,,,,,0.9999999999999999,-6.576511605249306,delay_only,0.5575757575757576,0.0025701525080117165,0.07052130145020626,709,2097152.0,20971520.0,0.9177339673042297,0.0,2,,0,6576.511605249306,0.2296875,3.2110835909843445,6514.526371450683,4401.670886575986,2228224.0,22282240.0,10,2
27262976.0,1310720.0,2006.6567896484519,2,1,0.6802817806601524,0.41940873519033117,4177.455606046333,2060.8438531007687,0.0,2425.394234000682,2006.6567896484519,1.0,2,1.0,0.0,0.0,0.0,0.0,1.9035108470300404,0.0,0.6614832867621819,100000000.0,0.10000000149011612,0.0,0.0,0.0,,-0.9030303030303028,0.0,4,0.4,0.06098286062479019,2.0,0.0,84.07079800963402,,975256.9788003091,2.425394234000682,2.425394234000682,2060.8438531007687,2857369.6,28573696.0,114,0.026293628879638816,2060.8438531007682,1.0,6576.511605249306,27262976.0,1310720.0,False,0.1522154365865095,1.401955980830709,0.33221664987185046,0.6674095777904276,7,4.7,6.0,0.016677821940902268,2,4,740.1637327416416,0.04102966541025971,0.6408443407160698,,,,,,0.0,2,,,,,,,,,,,,,,,,,,,,,,,,,,,,,,,,,,,,,,,,,,,,,,,,,,,,,,,,,,,,,,,,,,,,,,,,,,,,,,,,,,,,,0.9999999999999999,-2.425394234000682,delay_only,0.5575757575757576,0.0025617765615143953,0.07051641885867306,711,2726297.6,27262976.0,0.9174044728279114,0.0,3,,0,2425.394234000682,0.18125,3.2738558530807493,2369.6263341558865,2006.6567896484519,2857369.6,28573696.0,10,2
71303168.0,15073280.0,3519.3676238965554,0,1,0.6863200105726719,0.3948903889315086,7652.969383702574,3802.857795764207,0.0,4630.8853272913375,3519.367623896555,1.0,7,1.0,0.0,0.0,0.0,0.0,1.3321510092406204,0.0,0.5105555048635806,100000000.0,0.10000000149011612,0.0,0.0,0.0,,-0.17575757575757575,0.0,4,0.5477225575051661,0.07988479733467102,1.0954451150103321,0.0,55.71388732641935,,990532.9488594556,4.630885327291337,4.630885327291337,3802.8577957642074,8637644.8,86376448.0,115,0.07454661391320372,3802.8577957642065,1.0,15275.97005914654,71303168.0,15073280.0,False,0.28887250963119404,6.651535344525664,0.8385189090463623,0.48706271792845535,4,3.5,5.3,0.029999816128881782,5,4,1781.4770113216284,0.14024580328927352,0.5315425643036358,,,,,,0.0,5,,,,,,,,,,,,,,,,,,,,,,,,,,,,,,,,,,,,,,,,,,,,,,,,,,,,,,,,,,,,,,,,,,,,,,,,,,,,,,,,,,,,,0.9999999999999999,-4.630885327291337,delay_only,0.5575757575757576,0.0025846412399263895,0.07046799212492358,716,7130316.8,71303168.0,1.126463532447815,0.0,1,,0,4630.8853272913375,0.178125,3.3155170321464538,4583.631535117177,3519.367623896555,8637644.8,86376448.0,10,5
41943040.0,9175040.0,11279.675747680545,2,1,0.6605670787394047,0.3672825389656274,24143.430519798265,12042.572270820596,0.0,15275.97005914654,11279.675747680547,1.0,2,1.0,0.0,0.0,0.0,0.0,1.033317657415916,0.0,0.4475229842776754,20000000.0,0.10000000149011612,0.0,0.0,0.0,,-0.8424242424242423,0.0,4,0.2,0.06665874272584915,1.0,0.0,65.28496788814664,,990532.9488594556,15.275970059146541,15.275970059146541,12042.572270820594,5111808.0,51118080.0,115,0.06334996427537047,12042.572270820596,1.0,15275.97005914654,41943040.0,9175040.0,False,0.131416967550535,1.2103950017933767,0.3220957434760683,0.37928025817081673,6,4.0,5.6,0.03485037541425947,2,4,6354.9299766030035,0.13413229659601822,0.4722946365868087,,,,,,0.0,2,,,,,,,,,,,,,,,,,,,,,,,,,,,,,,,,,,,,,,,,,,,,,,,,,,,,,,,,,,,,,,,,,,,,,,,,,,,,,,,,,,,,,0.9999999999999999,-15.275970059146541,delay_only,0.5575757575757576,0.0025718521391028233,0.07045873018570084,718,4194304.0,41943040.0,0.9177393913269043,0.0,2,,0,15275.97005914654,0.20625,3.203538250923157,15217.684080989467,11279.675747680547,5111808.0,51118080.0,10,2
41943040.0,1310720.0,2031.8649954258658,1,0,0.6614900194108486,0.3879892419738284,4637.86588217761,2289.7452657561544,0.0,2838.423814175238,2031.8649954258658,1.0,2,1.0,0.0,0.0,0.0,0.0,1.2519698951906493,0.0,0.47086700916923924,100000000.0,0.10000000149011612,0.0,0.0,0.0,,-0.9999999999999999,0.0,4,0.0,0.05871923640370369,0.0,0.0,60.32270425930619,,990532.9488594556,2.838423814175238,2.838423814175238,2289.7452657561544,4325376.0,43253760.0,115,0.11262399979026809,2289.7452657561544,1.0,15275.97005914654,41943040.0,1310720.0,False,0.13654497966690074,1.257625738816723,0.3563099173380797,0.46700598247087227,5,4.0,6.0,0.03672665832474067,2,4,1120.9065361958617,0.22062947078019984,0.5104667086949085,,,,,,0.0,2,,,,,,,,,,,,,,,,,,,,,,,,,,,,,,,,,,,,,,,,,,,,,,,,,,,,,,,,,,,,,,,,,,,,,,,,,,,,,,,,,,,,,0.9999999999999999,-2.838423814175238,delay_only,0.5575757575757576,0.002576516827749449,0.07043626173054754,720,4194304.0,41943040.0,0.9178406596183777,0.0,3,,0,2838.423814175238,0.19375,3.273674249649048,2780.048463509937,2031.8649954258658,4325376.0,43253760.0,10,2
96468992.0,17563648.0,5105.774459108159,4,0,0.679034274071455,0.3369958773841537,9173.430011031855,4563.040691605622,0.0,6082.021915842048,5105.774459108159,1.0,7,1.0,0.0,0.0,0.0,0.0,0.9212375181294202,0.0,0.4805646413622256,100000000.0,0.10000000149011612,0.0,0.0,0.0,,-0.006060606060606061,0.0,4,0.34641016151377546,0.08249152451753616,0.8660254037844386,0.0,48.84049203246832,,998870.2776980563,6.082021915842048,6.082021915842048,4563.040691605622,11403264.0,114032640.0,116,-0.11894125084200434,4563.040691605622,1.0,8337.328838600683,96468992.0,17563648.0,False,0.2621825601888388,4.829581237870675,0.7304300929030753,0.31006656843012187,3,3.0,5.2,0.01816638513343268,4,4,2453.716862120721,-0.257302250093611,0.46226276994752846,,,,,,0.0,4,,,,,,,,,,,,,,,,,,,,,,,,,,,,,,,,,,,,,,,,,,,,,,,,,,,,,,,,,,,,,,,,,,,,,,,,,,,,,,,,,,,,,0.9999999999999999,-6.082021915842048,delay_only,0.5636363636363636,0.0026264976695578555,0.07005469048347862,724,9646899.2,96468992.0,1.111756682395935,0.0,1,,0,6082.021915842048,0.16875,3.2708051800727844,6036.581039916922,5105.774459108159,11403264.0,114032640.0,10,4
33554432.0,1310720.0,6427.303643879734,4,0,0.6549051031470299,0.27562077178088784,11509.618876148646,5723.66343141565,0.0,8337.328838600683,6427.303643879735,1.0,2,1.0,0.0,0.0,0.0,0.0,0.6949880981748504,0.0,0.37471167011426476,20000000.0,0.10000000149011612,0.0,0.0,0.0,,-0.6242424242424242,0.0,4,0.2,0.05908259376883507,1.0,0.0,62.29201331734657,,998870.2776980563,8.337328838600682,8.337328838600682,5723.66343141565,3486515.2,34865152.0,116,-0.12293528801885757,5723.663431415649,1.0,8337.328838600683,33554432.0,1310720.0,False,0.13230404716863056,1.2185653070130793,0.3358364073457357,0.2243365649721313,6,4.4,6.0,0.02892368590759949,2,4,3677.2220246889897,-0.34383599264128345,0.3575404863071251,,,,,,0.0,2,,,,,,,,,,,,,,,,,,,,,,,,,,,,,,,,,,,,,,,,,,,,,,,,,,,,,,,,,,,,,,,,,,,,,,,,,,,,,,,,,,,,,0.9999999999999999,-8.337328838600682,delay_only,0.5636363636363636,0.0026371400148316898,0.07002571518542819,726,3355443.2,33554432.0,0.9177471399307251,0.0,2,,0,8337.328838600683,0.2171875,3.186240088939667,8286.316762163207,6427.303643879735,3486515.2,34865152.0,10,2
20971520.0,1310720.0,656.2666783847247,0,1,0.6784461438655853,0.18363394318654344,1338.8413572161487,630.3315164725776,0.0,1092.9846394893236,656.2666783847247,1.0,2,1.0000000000000002,0.0,0.0,0.0,0.0,0.31518866776169324,0.0,0.17531178318333515,100000000.0,0.10000000149011612,0.0,-2.220446049250313e-16,2.220446049250313e-16,,-0.9878787878787878,0.0,4,0.6,0.07205740362405777,3.0,0.0,78.17832427099347,,998870.2776980563,1.0929846394893237,1.0929846394893237,630.3315164725776,2228224.0,22282240.0,116,-0.04114527234380399,630.3315164725776,1.0,8337.328838600683,20971520.0,1310720.0,False,0.16759127526693302,1.5435726885820067,0.23023170138207,0.16394612040343545,8,5.0,6.0,0.05463322284106854,2,4,497.58265486997414,-0.19537012671179507,0.21060165664170566,,,,,,2.220446049250313e-16,2,,,,,,,,,,,,,,,,,,,,,,,,,,,,,,,,,,,,,,,,,,,,,,,,,,,,,,,,,,,,,,,,,,,,,,,,,,,,,,,,,,,,,0.9878787878787878,-1.092984639489324,delay_only,0.5636363636363636,0.002678134932298259,0.06997095069197318,728,2097152.0,20971520.0,0.91729336977005,0.0,3,,0,1092.9846394893236,0.1984375,3.3130411028862,1045.1015754688983,656.2666783847247,2228224.0,22282240.0,10,2
48234496.0,17432576.0,3136.913553331248,2,2,0.6664223037660122,0.3682565753435048,5690.828263338739,2821.4621315934182,0.0,3595.14333621359,3136.9135533312474,1.0,7,1.0,0.0,0.0,0.0,0.0,1.1503507466263805,0.0,0.5598364316169199,100000000.0,0.10000000149011612,0.0,0.0,0.0,,0.05454545454545454,0.0,4,0.2,0.12309244275093079,0.5,0.0,47.90400015190244,,1003242.2279173883,3.59514333621359,3.59514333621359,2821.4621315934187,6566707.2,65667072.0,117,-0.1118042373156639,2821.4621315934182,1.0,4371.950219332028,48234496.0,17432576.0,False,0.24320418541381192,4.479986655100826,0.755215194914298,0.38875044768876776,3,4.0,5.2,0.01311101770241311,4,4,1339.9069523704823,-0.21291911780382103,0.525101918836043,,,,,,0.0,4,,,,,,,,,,,,,,,,,,,,,,,,,,,,,,,,,,,,,,,,,,,,,,,,,,,,,,,,,,,,,,,,,,,,,,,,,,,,,,,,,,,,,0.9999999999999999,-3.59514333621359,delay_only,0.5636363636363636,0.0027228309238834505,0.06988193847315083,732,4823449.6,48234496.0,1.1118675470352173,0.0,1,,0,3595.14333621359,0.2078125,3.233378082513809,3552.4998292023547,3136.9135533312474,6566707.2,65667072.0,10,4
20971520.0,1310720.0,2531.4726283517857,0,0,0.6508827209472656,0.17666092177591258,5310.023943916481,2627.440978784373,0.0,4371.950219332028,2531.4726283517857,1.0,2,1.0,0.0,0.0,0.0,0.0,0.22976609295518313,0.0,0.1189487945250542,20000000.0,0.10000000149011612,0.0,0.0,0.0,,-0.9999999999999999,0.0,4,0.0,0.059076182544231415,0.0,0.0,55.14198634773493,,1003242.2279173883,4.371950219332028,4.371950219332028,2627.440978784373,2228224.0,22282240.0,117,0.03652540673891288,2627.4409787843724,1.0,4371.950219332028,20971520.0,1310720.0,False,0.1248773113670672,1.1501625424279394,0.31699241281875445,0.15552811102809738,5,5.0,6.0,0.07052557411197134,2,4,2132.6191783281824,0.19394527553982205,0.1883284170611996,,,,,,0.0,2,,,,,,,,,,,,,,,,,,,,,,,,,,,,,,,,,,,,,,,,,,,,,,,,,,,,,,,,,,,,,,,,,,,,,,,,,,,,,,,,,,,,,0.9999999999999999,-4.371950219332028,delay_only,0.5636363636363636,0.0027489781100113624,0.06983889454624218,734,2097152.0,20971520.0,0.9177513122558594,0.0,2,,0,4371.950219332028,0.2109375,3.253595530986786,4318.259874771136,2531.4726283517857,2228224.0,22282240.0,10,2
58720256.0,1310720.0,2636.8172135706723,3,0,0.662817619740963,0.3303837573998672,5240.8141798714605,2593.8174502180173,0.0,3509.334299291024,2636.8172135706723,1.0,2,1.0,0.0,0.0,0.0,0.0,0.934685374370983,0.0,0.4525931405101133,100000000.0,0.10000000149011612,0.0,0.0,0.0,,-0.6484848484848483,0.0,4,0.2,0.06038784608244896,1.0,0.0,60.98362524062395,,1003242.2279173883,3.509334299291024,3.509334299291024,2593.817450218017,6003097.6,60030976.0,117,-0.01657779091163163,2593.817450218017,1.0,4371.950219332028,58720256.0,1310720.0,False,0.12818335912772386,1.1806123675895968,0.2821431335906046,0.30078910412173443,6,3.6,6.0,0.030777008595934522,2,4,1438.523106082623,-0.03721974713278475,0.44540310423090435,,,,,,0.0,2,,,,,,,,,,,,,,,,,,,,,,,,,,,,,,,,,,,,,,,,,,,,,,,,,,,,,,,,,,,,,,,,,,,,,,,,,,,,,,,,,,,,,0.9999999999999999,-3.509334299291024,delay_only,0.5636363636363636,0.0027508486433738964,0.0697962485536388,736,5872025.6,58720256.0,0.9178140163421631,0.0,3,,0,3509.334299291024,0.184375,3.3872751116752626,3456.155019855598,2636.8172135706723,6003097.6,60030976.0,10,2
52428800.0,9437184.0,5355.514456139132,8,3,0.8427971042692661,0.42674011121289124,10411.646500407627,5178.452712339769,0.5,5968.5793149143665,5355.514456139132,1.0,7,1.0,0.0,0.0,0.0,0.0,2.0922154120831773,0.5,0.7657313324179275,100000000.0,0.10000000149011612,0.0,0.0,0.0,,-0.43082021842766455,0.0,4,0.5477225575051661,0.059383325278759,1.0954451150103321,0.0,57.570922654122114,,1022565.1283191683,5.968579314914367,5.968579314914367,5178.452712339769,6186598.4,61865984.0,118,-0.03419201712075891,5178.452712339769,1.0,19322.900401780025,52428800.0,9437184.0,False,0.2999624303909031,6.906890206763577,0.8822848050220617,0.7041820274252731,4,4.1,5.6,0.01000000000000001,5,4,1363.0724652624795,-0.046407365015583193,0.7367799725168089,,,,,,0.0,5,0.0013444443936168643,0.0,0.0,0.0,0.0,0.0,0.0,0.0,0.0,0.0,0.0,0.0,0.0,0.0,0.10000000149011612,0.0,0.0,0.0,0.0,0.0,0.0,0.0,0.0017245785516570244,0.0,0.7753773510456086,0.0708056092262268,0.2123637691140175,-0.0016200643479047372,True,0.016777651291340588,0.10615463107824326,0.19862927496433258,1.2681285619735718,0.9680392503738403,1,3.18570191860199,0.49999984800815583,0.49999991059303284,3.18570191860199,3.439936399459839,False,0.687567412853241,-4.000298976898193,0.030458395152691085,-0.004661649151239544,7,1,10,4.799128489103168,0.5636363636363636,0.0027508486433738964,0.0697962485536388,736,0.0009643101799156284,0.0,1.7882928371429443,0.08897514194250107,0.5632221698760986,1.0040284395217896,1.136045515537262,-0.007703242807959532,0.027164374272080485,0.0005652646420437613,-4.900382041931152,2.471139669418335,-1.5903055667877197,2.470461368560791,-0.0013887156684042612,-13.845840454101562,8.138398170471191,-10.534297943115234,8.143492698669434,-0.0024318682722936913,-4.053564071655273,2.2672455310821533,-0.7367337346076965,2.2698206901550293,0.0,-3.3127310276031494,48,118,0.4497531712055206,2.865216684341431,4.179817819595337,0.9847319278346618,-5.968579314914367,delay_only,0.5696969696969697,0.002741154997233457,0.0696191355847782,741,5242880.0,52428800.0,1.1266483068466187,0.0,1,,0,5968.5793149143665,0.1984375,3.199875456094742,5914.569886200889,5355.514456139132,6186598.4,61865984.0,10,5
41943040.0,20971520.0,13952.894385029149,1,0,0.6512193940579891,0.24737944833643244,25674.159919057918,12801.809254873982,0.0,19322.900401780025,13952.894385029149,1.0,2,1.0,0.0,0.0,0.0,0.0,0.628361401641721,0.0,0.33378334343250315,20000000.0,0.10000000149011612,0.0,0.0,0.0,,-0.9999999999999999,0.0,4,0.2,0.06407366693019867,1.0,0.0,70.54140930995345,,1022565.1283191683,19.322900401780025,19.322900401780025,12801.809254873982,6291456.0,62914560.0,118,-0.08991581636923084,12801.80925487398,1.0,19322.900401780025,41943040.0,20971520.0,False,0.13453602348760726,1.2391225686130454,0.3255723142581951,0.19846074793068422,6,4.0,5.0,0.03798111317410253,2,4,8748.16520138759,-0.2839630502745209,0.31664618436203174,,,,,,0.0,2,0.0013444443936168643,0.0,0.0,0.0,0.0,0.0,0.0,0.0,0.0,0.0,0.0,0.0,0.0,0.0,0.10000000149011612,0.0,0.0,0.0,0.0,0.0,0.0,0.0,0.0017245785516570244,0.0,0.7753773510456086,0.0708056092262268,0.2123637691140175,-0.0016200643479047372,True,0.016777651291340588,0.10615463107824326,0.19862927496433258,1.2681285619735718,0.9680392503738403,1,3.18570191860199,0.49999984800815583,0.49999991059303284,3.18570191860199,3.439936399459839,False,0.687567412853241,-4.000298976898193,0.030458395152691085,-0.004661649151239544,7,1,10,4.799128489103168,0.5636363636363636,0.0027508486433738964,0.0697962485536388,736,0.0009643101799156284,0.0,1.7882928371429443,0.08897514194250107,0.5632221698760986,1.0040284395217896,1.136045515537262,-0.007703242807959532,0.027164374272080485,0.0005652646420437613,-4.900382041931152,2.471139669418335,-1.5903055667877197,2.470461368560791,-0.0013887156684042612,-13.845840454101562,8.138398170471191,-10.534297943115234,8.143492698669434,-0.0024318682722936913,-4.053564071655273,2.2672455310821533,-0.7367337346076965,2.2698206901550293,0.0,-3.3127310276031494,48,118,0.4497531712055206,2.865216684341431,4.179817819595337,0.9999999999999999,-19.322900401780025,delay_only,0.5696969696969697,0.00274433113809676,0.06963089011096547,743,4194304.0,41943040.0,0.9177395701408386,0.0,2,,0,19322.900401780025,0.20625,3.2464884996414183,19257.317673766625,13952.894385029147,6291456.0,62914560.0,10,2
27262976.0,1310720.0,1289.7390780311312,7,0,0.649917870759964,0.3759373136919211,2878.5258322886866,1406.4278060536703,0.0,1796.3805635052763,1289.7390780311312,1.0,2,0.9999999999999999,0.0,0.0,0.0,0.0,1.1687222500308696,0.0,0.48437144416274525,100000000.0,0.10000000149011612,0.0,1.1102230246251565e-16,0.0,,-0.9272727272727272,0.0,4,0.4,0.06874653697013855,2.0,0.0,79.53001791611314,,1022565.1283191683,1.7963805635052763,1.7963805635052763,1406.4278060536703,2857369.6,28573696.0,118,0.08296816055561286,1406.4278060536703,1.0,19322.900401780025,27262976.0,1310720.0,False,0.1451561226395494,1.336937296586568,0.29879540684327965,0.4337044534968413,7,4.7,6.0,0.033116114323685136,2,4,693.7016993186148,0.16372169746535806,0.5067633785874235,,,,,,0.0,2,0.0013444443936168643,0.0,0.0,0.0,0.0,0.0,0.0,0.0,0.0,0.0,0.0,0.0,0.0,0.0,0.10000000149011612,0.0,0.0,0.0,0.0,0.0,0.0,0.0,0.0017245785516570244,0.0,0.7753773510456086,0.0708056092262268,0.2123637691140175,-0.0016200643479047372,True,0.016777651291340588,0.10615463107824326,0.19862927496433258,1.2681285619735718,0.9680392503738403,1,3.18570191860199,0.49999984800815583,0.49999991059303284,3.18570191860199,3.439936399459839,False,0.687567412853241,-4.000298976898193,0.030458395152691085,-0.004661649151239544,7,1,10,4.799128489103168,0.5636363636363636,0.0027508486433738964,0.0697962485536388,736,0.0009643101799156284,0.0,1.7882928371429443,0.08897514194250107,0.5632221698760986,1.0040284395217896,1.136045515537262,-0.007703242807959532,0.027164374272080485,0.0005652646420437613,-4.900382041931152,2.471139669418335,-1.5903055667877197,2.470461368560791,-0.0013887156684042612,-13.845840454101562,8.138398170471191,-10.534297943115234,8.143492698669434,-0.0024318682722936913,-4.053564071655273,2.2672455310821533,-0.7367337346076965,2.2698206901550293,0.0,-3.3127310276031494,48,118,0.4497531712055206,2.865216684341431,4.179817819595337,0.9999999999999999,-1.7963805635052763,delay_only,0.5696969696969697,0.0027642150875579643,0.06964192520798246,745,2726297.6,27262976.0,0.9172086715698242,0.0,3,,0,1796.3805635052763,0.1703125,3.2908843576908113,1730.71034332393,1289.7390780311312,2857369.6,28573696.0,10,2
83886080.0,27394048.0,6739.414887072835,2,1,0.790697056800127,0.39662284536661646,12717.582383720575,6325.9051461081945,0.0,7673.498672504964,6739.414887072834,1.0,7,1.0000000000000002,0.0,0.0,0.0,0.0,1.3733964107238759,0.0,0.5788755068401548,100000000.0,0.10000000149011612,0.0,-2.220446049250313e-16,2.220446049250313e-16,,-0.5515151515151515,0.0,4,0.447213595499958,0.07948941737413406,1.118033988749895,0.0,65.77209150418639,,1050839.3579712934,7.673498672504964,7.673498672504964,6325.905146108194,11128012.8,111280128.0,119,-0.0653676796306436,6325.9051461081945,1.0,28274.22965212494,83886080.0,27394048.0,False,0.2668089178960244,4.914801896202065,0.6837421581809504,0.49350907809076416,4,3.0,4.7,0.012937472340492182,4,4,2791.6249848626553,-0.11699970633310307,0.5586995188222019,,,,,,2.220446049250313e-16,4,,,,,,,,,,,,,,,,,,,,,,,,,,,,,,,,,,,,,,,,,,,,,,,,,,,,,,,,,,,,,,,,,,,,,,,,,,,,,,,,,,,,,0.9999999999999999,-7.673498672504964,delay_only,0.5696969696969697,0.0028320696200387725,0.06972400205198788,749,8388608.0,83886080.0,1.1123441457748413,0.0,1,,0,7673.498672504964,0.203125,3.175873637199402,7614.66932164231,6739.414887072834,11128012.8,111280128.0,10,4
83886080.0,33554432.0,18260.062718417295,0,1,0.6609638221561909,0.21696794606221229,36108.64907756553,18023.591856807998,0.0,28274.22965212494,18260.062718417295,1.0,2,1.0,0.0,0.0,0.0,0.0,0.4087930840589826,0.0,0.22530522733652192,20000000.0,0.10000000149011612,0.0,0.0,0.0,,-0.8909090909090909,0.0,4,0.2,0.06061693653464317,1.0,0.0,72.81974144279957,,1050839.3579712934,28.27422965212494,28.27422965212494,18023.591856807994,11744051.2,117440512.0,119,-0.013120074149924811,18023.591856807994,1.0,28274.22965212494,83886080.0,33554432.0,False,0.1276723154285573,1.1759054811753191,0.31868316471891356,0.1768896539754524,6,3.0,4.4,0.05450529783624295,2,4,13550.015959166147,-0.052859472381803704,0.24820668006594127,,,,,,0.0,2,,,,,,,,,,,,,,,,,,,,,,,,,,,,,,,,,,,,,,,,,,,,,,,,,,,,,,,,,,,,,,,,,,,,,,,,,,,,,,,,,,,,,0.9878787878787878,-28.27422965212494,delay_only,0.5696969696969697,0.0028181230656272884,0.06972790819632015,751,8388608.0,83886080.0,0.917741060256958,0.0,2,,0,28274.22965212494,0.2046875,3.2580486059188845,28212.7642881754,18260.06271841729,11744051.2,117440512.0,10,2
31457280.0,1310720.0,1349.0342623331715,1,0,0.6504571065306664,0.3049031061359088,2573.948332641483,1252.739442080364,0.0,1789.1434909857512,1349.0342623331712,1.0,2,1.0,0.0,0.0,0.0,0.0,0.7325233177866132,0.0,0.38771739725934323,100000000.0,0.10000000149011612,0.0,0.0,0.0,,-0.7939393939393938,0.0,4,0.0,0.05300651490688324,0.0,0.0,68.46944848075509,,1050839.3579712934,1.7891434909857513,1.7891434909857513,1252.739442080364,3276800.0,32768000.0,119,-0.0768673971762998,1252.739442080364,1.0,28274.22965212494,31457280.0,1310720.0,False,0.13283875507359288,1.2234901488173686,0.3392421224570219,0.267716779426773,5,4.5,6.0,0.02785310608166242,2,4,757.6487342359285,-0.19449934875987365,0.39520645013161093,,,,,,0.0,2,,,,,,,,,,,,,,,,,,,,,,,,,,,,,,,,,,,,,,,,,,,,,,,,,,,,,,,,,,,,,,,,,,,,,,,,,,,,,,,,,,,,,0.9999999999999999,-1.7891434909857513,delay_only,0.5696969696969697,0.0028147037374237445,0.06974511089928555,753,3145728.0,31457280.0,0.918035089969635,0.0,3,,0,1789.1434909857512,0.1875,3.291340708732605,1724.7822064988018,1349.0342623331712,3276800.0,32768000.0,10,2
109051904.0,51118080.0,11480.442343815157,0,1,0.7873773574829102,0.35584355098782383,20259.3444296704,10098.06220790303,0.2,13050.187367131097,11480.442343815157,1.0,7,0.9999999999999999,0.0,0.0,0.0,0.0,1.0934464489695352,0.2,0.5652392515432688,100000000.0,0.10000000149011612,0.0,1.1102230246251565e-16,0.0,,-0.5957474328064633,0.0,4,0.34641016151377546,0.11943171173334122,0.8660254037844386,0.0,65.24308351799846,,1087408.3297319554,13.050187367131096,13.050187367131096,10098.062207903029,16016998.4,160169984.0,120,-0.13689558525696519,10098.06220790303,1.0,36568.97176066199,109051904.0,51118080.0,False,0.2307167540984639,4.249959669528767,0.6823321135801479,0.34954634021504477,4,2.4,4.6,0.01,4,4,4698.404724596277,-0.25601256009030354,0.534722144916163,,,,,,0.0,4,,,,,,,,,,,,,,,,,,,,,,,,,,,,,,,,,,,,,,,,,,,,,,,,,,,,,,,,,,,,,,,,,,,,,,,,,,,,,,,,,,,,,0.9969650916353059,-13.050187367131096,delay_only,0.5818181818181818,0.00271464098137983,0.06961955971384558,757,10905190.4,109051904.0,1.1126598119735718,0.0,1,0.14921875,0,13050.187367131097,0.1640625,3.2849525570869447,12987.019264255743,11480.442343815157,16016998.4,160169984.0,10,4
125829120.0,41943040.0,23183.487099019378,1,0,0.65634585916996,0.20380762189926063,45929.81893131744,22930.071154983023,0.0,36568.97176066199,23183.487099019374,1.0,2,0.9999999999999999,0.0,0.0,0.0,0.0,0.3876498855095641,0.0,0.2132426073379807,20000000.0,0.10000000149011612,0.0,1.1102230246251565e-16,0.0,,0.309090909090909,0.0,4,0.0,0.05300794914364815,0.0,0.0,69.67662135139108,,1087408.3297319554,36.56897176066199,36.56897176066199,22930.071154983023,16777216.0,167772160.0,120,-0.011051685898553702,22930.07115498302,1.0,36568.97176066199,125829120.0,41943040.0,False,0.13413017707629332,1.235384585026099,0.3596034340442309,0.16898586965228968,5,2.5,4.0,0.05744912349960932,2,4,17603.442599964856,-0.0475752986000156,0.23229882362840443,,,,,,0.0,2,,,,,,,,,,,,,,,,,,,,,,,,,,,,,,,,,,,,,,,,,,,,,,,,,,,,,,,,,,,,,,,,,,,,,,,,,,,,,,,,,,,,,0.9999999999999999,-36.56897176066199,delay_only,0.5818181818181818,0.002714991507929554,0.0696317994384641,759,12582912.0,125829120.0,0.9178012609481812,0.0,2,0.14921875,0,36568.97176066199,0.2109375,3.360579550266266,36502.19723405102,23183.487099019378,16777216.0,167772160.0,10,2
41943040.0,13107200.0,1749.181328706329,3,1,0.6537288427352905,0.3577607528205929,4385.79207140366,2159.263356092248,0.0,2816.727798223699,1749.181328706329,1.0,2,0.9999999999999999,0.0,0.0,0.0,0.0,0.8915538769021623,0.0,0.3037818059300049,100000000.0,0.10000000149011612,0.0,1.1102230246251565e-16,0.0,,-0.28484848484848485,0.0,4,0.2,0.06859242171049118,1.0,0.0,72.3819425329566,,1087408.3297319554,2.8167277982237,2.8167277982237,2159.263356092248,5505024.0,55050240.0,120,0.1899175597218813,2159.263356092248,1.0,36568.97176066199,41943040.0,13107200.0,False,0.1246925851654185,1.1484611512351326,0.2930713190938168,0.36585339059450034,6,4.0,5.4,0.05718567274200218,2,4,1232.6308639318565,0.4425508827451497,0.42914287854047384,,,,,,0.0,2,,,,,,,,,,,,,,,,,,,,,,,,,,,,,,,,,,,,,,,,,,,,,,,,,,,,,,,,,,,,,,,,,,,,,,,,,,,,,,,,,,,,,0.9999999999999999,-2.8167277982237,delay_only,0.5818181818181818,0.0027133745285617765,0.06964604181755395,761,4194304.0,41943040.0,0.917741596698761,0.0,3,0.14921875,0,2816.7277982236997,0.19375,3.27988144159317,2749.462439004536,1749.1813287063292,5505024.0,55050240.0,10,2
31457280.0,5242880.0,1728.2337700186124,0,2,0.7549221627414227,0.35089740507736933,3322.272227313993,1629.791847747131,0.0,2156.4955237889008,1728.2337700186126,1.0,7,0.9999999999999998,0.0,0.0,0.0,0.0,1.157432918624849,0.0,0.5354623453754577,100000000.0,0.10000000149011612,0.0,2.220446049250313e-16,0.0,,-0.8303030303030302,0.0,4,0.6,0.07824884355068207,1.5,0.0,71.10128924250603,,1099958.2405957659,2.1564955237889007,2.1564955237889007,1629.791847747131,3670016.0,36700160.0,121,-0.06040153066635987,1629.7918477471308,1.0,12549.910863810474,31457280.0,5242880.0,False,0.2537154858587224,4.673611964800287,0.6582679619466377,0.35123677923909513,5,4.5,5.8,0.02066621256474656,4,4,798.7776206557637,-0.1184599722390292,0.5098897925155792,,,,,,0.0,4,,,,,,,,,,,,,,,,,,,,,,,,,,,,,,,,,,,,,,,,,,,,,,,,,,,,,,,,,,,,,,,,,,,,,,,,,,,,,,,,,,,,,0.9999999999999999,-2.1564955237889007,delay_only,0.5818181818181818,0.002730303418708917,0.06970929791179625,765,3145728.0,31457280.0,1.1131129264831543,0.0,1,,0,2156.4955237889008,0.1796875,3.4121315360069273,2099.3480399818422,1728.2337700186126,3670016.0,36700160.0,10,4
27262976.0,7208960.0,10540.347346731465,0,1,0.6524394266307354,0.39009120864251257,20576.701043901765,10256.119036712586,0.0,12549.910863810474,10540.347346731465,1.0,2,1.0,0.0,0.0,0.0,0.0,1.3437566687659679,0.0,0.5959148467530556,20000000.0,0.10000000149011612,0.0,0.0,0.0,,-0.8181818181818182,0.0,4,0.4,0.06386984884738922,2.0,0.0,81.79917419329286,,1099958.2405957659,12.549910863810474,12.549910863810474,10256.119036712584,3447193.6,34471936.0,121,-0.027713047108898086,10256.119036712584,1.0,12549.910863810474,27262976.0,7208960.0,False,0.1316147291788893,1.212216453703036,0.28134579796192116,0.46005411028754467,7,4.7,5.7,0.018289381549494273,2,4,4453.759834074011,-0.048984955962332,0.5657460860066631,,,,,,0.0,2,,,,,,,,,,,,,,,,,,,,,,,,,,,,,,,,,,,,,,,,,,,,,,,,,,,,,,,,,,,,,,,,,,,,,,,,,,,,,,,,,,,,,0.9999999999999999,-12.549910863810474,delay_only,0.5818181818181818,0.0027357209848523413,0.06972302974195883,767,2726297.6,27262976.0,0.9177036881446838,0.0,2,,0,12549.910863810474,0.184375,3.372592347860336,12485.447893333876,10540.347346731465,3447193.6,34471936.0,10,2
52428800.0,11141120.0,3730.449418061364,1,1,0.6609451957046986,0.2817018255378219,5821.251850760518,2875.4917265376894,0.0,4181.394577485856,3730.4494180613647,1.0,2,1.0,0.0,0.0,0.0,0.0,0.8364485241270411,0.0,0.46181425688272415,100000000.0,0.10000000149011612,0.0,0.0,0.0,,-0.5757575757575757,0.0,4,0.0,0.05440143123269081,0.0,0.0,70.26839768514037,,1099958.2405957659,4.181394577485856,4.181394577485856,2875.491726537689,6356992.0,63569920.0,121,-0.29732573515456073,2875.491726537689,1.0,12549.910863810474,52428800.0,11141120.0,False,0.13054930778322746,1.2024035600094045,0.3286988279479187,0.23271378674689558,5,4.0,5.5,0.010333319744999089,2,4,1639.683566023472,-0.6918207201091223,0.42977281037154097,,,,,,0.0,2,,,,,,,,,,,,,,,,,,,,,,,,,,,,,,,,,,,,,,,,,,,,,,,,,,,,,,,,,,,,,,,,,,,,,,,,,,,,,,,,,,,,,0.9999999999999999,-4.181394577485856,delay_only,0.5818181818181818,0.00273467023128263,0.0697365095126933,769,5242880.0,52428800.0,0.9178810715675354,0.0,3,,0,4181.394577485856,0.1328125,3.5485849380493164,4115.928684355105,3730.4494180613647,6356992.0,63569920.0,10,2
46137344.0,9306112.0,4087.921715798637,5,3,0.8580172434449196,0.4323978588129168,8580.71844812969,4256.308924045982,0.0,4870.434164081918,4087.921715798637,1.0,7,1.0,0.0,0.0,0.0,0.0,2.265947690646418,0.0,0.708221312946531,100000000.0,0.10000000149011612,0.0,0.0,0.0,,-0.7575757575757575,0.0,4,0.31622776601683794,0.1263366937637329,0.6324555320336759,0.0,71.36671664193273,,1105852.7557527102,4.870434164081918,4.870434164081918,4256.308924045983,5544345.6,55443456.0,122,0.03956179197803136,4256.308924045982,1.0,5894.515156944193,46137344.0,9306112.0,False,0.2861158237911011,6.588060307311007,0.9114248301515931,0.7795085811621856,3,3.9,5.6,0.0173962659043337,5,4,1266.2182290744395,0.05631508386368468,0.7025079119795675,,,,,,0.0,5,,,,,,,,,,,,,,,,,,,,,,,,,,,,,,,,,,,,,,,,,,,,,,,,,,,,,,,,,,,,,,,,,,,,,,,,,,,,,,,,,,,,,0.9999999999999999,-4.870434164081918,delay_only,0.5818181818181818,0.00282657687795828,0.06988414159711998,774,4613734.4,46137344.0,1.127213954925537,0.0,1,,0,4870.434164081918,0.1640625,3.2930292427539825,4805.750829645639,4087.921715798637,5544345.6,55443456.0,10,5
20971520.0,1310720.0,3781.761104965873,0,1,0.6522452458739281,0.3381951409079842,8906.726924053353,4421.377399844563,0.0,5894.515156944193,3781.761104965872,1.0,2,1.0,0.0,0.0,0.0,0.0,0.747588616535396,0.0,0.31767130765143464,20000000.0,0.10000000149011612,0.0,0.0,0.0,,-0.9999999999999999,0.0,4,0.2,0.055365145206451416,1.0,0.0,78.95204611122608,,1105852.7557527102,5.894515156944193,5.894515156944193,4421.377399844563,2228224.0,22282240.0,122,0.14466448733853307,4421.377399844563,1.0,5894.515156944193,20971520.0,1310720.0,False,0.12404588079861148,1.1425047838967965,0.29120272714049633,0.31375853179601093,6,5.0,6.0,0.053820972184904545,2,4,2656.9325482036015,0.3625028542455361,0.3990713056304563,,,,,,0.0,2,,,,,,,,,,,,,,,,,,,,,,,,,,,,,,,,,,,,,,,,,,,,,,,,,,,,,,,,,,,,,,,,,,,,,,,,,,,,,,,,,,,,,0.9999999999999999,-5.894515156944193,delay_only,0.5818181818181818,0.002842799381162443,0.06991488783498402,776,2097152.0,20971520.0,0.9177405834197998,0.0,2,,0,5894.515156944193,0.196875,3.2743406891822815,5830.543032579965,3781.7611049658726,2228224.0,22282240.0,10,2
52428800.0,1310720.0,5097.246426951306,0,1,0.6570471450686455,0.41728867699890454,9772.06506308712,4853.069135027863,0.2,5694.29296136428,5097.246426951305,1.0,2,1.0,0.0,0.0,0.0,0.0,1.7951569263204903,0.2,0.6870381915978622,100000000.0,0.10000000149011612,0.0,0.0,0.0,,-0.6079055436800646,0.0,4,0.0,0.05513998866081238,0.0,0.0,65.92679303139448,,1105852.7557527102,5.69429296136428,5.69429296136428,4853.069135027863,5373952.0,53739520.0,122,-0.05031399411993757,4853.069135027863,1.0,5894.515156944193,52428800.0,1310720.0,False,0.12727282318822364,1.1722260216658829,0.31361005881118914,0.6259625571298348,5,4.0,6.0,0.010000000000000004,2,4,1732.7956725288243,-0.07825509361858299,0.6429484879945203,,,,,,0.0,2,,,,,,,,,,,,,,,,,,,,,,,,,,,,,,,,,,,,,,,,,,,,,,,,,,,,,,,,,,,,,,,,,,,,,,,,,,,,,,,,,,,,,0.9969650916353059,-5.69429296136428,delay_only,0.5818181818181818,0.002832924737111517,0.06991695069965541,778,5242880.0,52428800.0,0.9178123474121094,0.0,3,,0,5694.29296136428,0.19375,3.277460038661957,5628.735285462479,5097.246426951306,5373952.0,53739520.0,10,2
58720256.0,1310720.0,2900.911019053208,0,1,0.6790459156036377,0.353707043592795,5156.883295948222,2553.0655199413077,0.0,3332.8573511853083,2900.911019053208,1.0,7,1.0,0.0,0.0,0.0,0.0,0.98113647046837,0.0,0.49119040992456325,100000000.0,0.10000000149011612,0.0,0.0,0.0,,-0.309090909090909,0.0,4,0.2,0.05861230194568634,0.5,0.0,50.75225606560707,,1116766.5192066482,3.332857351185308,3.332857351185308,2553.0655199413077,6003097.6,60030976.0,123,-0.13624620927076594,2553.0655199413077,1.0,10913.763453938005,58720256.0,1310720.0,False,0.24180840270976514,4.45427538752165,0.757368201768155,0.3501957379085465,3,3.8,6.0,0.013327308541873849,4,4,1320.2843901067301,-0.2821632248366556,0.48286309936257255,,,,,,0.0,4,,,,,,,,,,,,,,,,,,,,,,,,,,,,,,,,,,,,,,,,,,,,,,,,,,,,,,,,,,,,,,,,,,,,,,,,,,,,,,,,,,,,,0.9999999999999999,-3.332857351185308,delay_only,0.5818181818181818,0.0028622529901981726,0.06983859363704081,782,5872025.6,58720256.0,1.1131796836853027,0.0,1,,0,3332.8573511853083,0.1703125,3.335914784669876,3290.3398004300147,2900.911019053208,6003097.6,60030976.0,10,4
31457280.0,11141120.0,8660.729843111614,0,1,0.6533660925924778,0.3151725511247635,15936.51579220841,7941.245040824015,0.0,10913.763453938005,8660.729843111616,1.0,2,1.0,0.0,0.0,0.0,0.0,0.8140229039526333,0.0,0.432554579129736,20000000.0,0.10000000149011612,0.0,0.0,0.0,,-0.16363636363636364,0.0,4,0.0,0.058231282979249954,0.0,0.0,55.56098185479641,,1116766.5192066482,10.913763453938005,10.913763453938005,7941.245040824015,4259840.0,42598400.0,123,-0.09060100759879636,7941.245040824014,1.0,10913.763453938005,31457280.0,11141120.0,False,0.13108147222077676,1.207304975613095,0.3455636291945361,0.27210090447975516,5,4.5,5.5,0.025372834261992036,2,4,4614.840822901789,-0.2162950607178501,0.41887691423976825,,,,,,0.0,2,,,,,,,,,,,,,,,,,,,,,,,,,,,,,,,,,,,,,,,,,,,,,,,,,,,,,,,,,,,,,,,,,,,,,,,,,,,,,,,,,,,,,0.9999999999999999,-10.913763453938005,delay_only,0.5818181818181818,0.0028936461163726226,0.06979253973158904,784,3145728.0,31457280.0,0.9177611470222473,0.0,2,,0,10913.763453938005,0.1828125,3.366719424724579,10859.737743377622,8660.729843111616,4259840.0,42598400.0,10,2
50331648.0,17825792.0,5144.923309066808,0,0,0.6734021008014679,0.4123569272777514,9956.290013849512,4953.990726146735,0.6,5850.744856652365,5144.923309066808,1.0,2,1.0,0.0,0.0,0.0,0.0,1.8466115893600938,0.6,0.7388460410831044,100000000.0,0.10000000149011612,0.0,0.0,0.0,,-0.061450986779902704,0.0,4,0.6,0.07367075234651566,3.0,0.0,77.49151438474655,,1116766.5192066482,5.8507448566523665,5.8507448566523665,4953.990726146735,6815744.0,68157440.0,123,-0.03854116680363337,4953.990726146734,1.0,10913.763453938005,50331648.0,17825792.0,False,0.15813301376503588,1.4564588808223755,0.24922629202249874,0.5838902231854399,8,4.2,5.4,0.01,2,4,1407.3103852835468,-0.05383416732549546,0.7159238958894525,,,,,,0.0,2,,,,,,,,,,,,,,,,,,,,,,,,,,,,,,,,,,,,,,,,,,,,,,,,,,,,,,,,,,,,,,,,,,,,,,,,,,,,,,,,,,,,,0.8876253645985945,-5.8507448566523665,delay_only,0.5818181818181818,0.00293440855385269,0.06974110898350416,786,5033164.8,50331648.0,0.9183388948440552,0.0,3,,0,5850.744856652366,0.2265625,3.2449842214584352,5802.436295096324,5144.923309066808,6815744.0,68157440.0,10,2
48234496.0,7208960.0,2158.694585506218,0,2,0.6832550279796124,0.3404864611133283,4017.4286928813094,1985.9016409536418,0.0,2649.548614467008,2158.694585506218,1.0,7,1.0,0.0,0.0,0.0,0.0,0.7893743348078291,0.0,0.3551240663996115,100000000.0,0.10000000149011612,0.0,0.0,0.0,,-0.01818181818181818,0.0,4,0.447213595499958,0.12661679089069366,1.118033988749895,0.0,49.97438471764326,,1129714.6467579657,2.649548614467008,2.649548614467008,1985.9016409536418,5544345.6,55443456.0,124,-0.08700982011858376,1985.9016409536416,1.0,12948.127551317426,48234496.0,7208960.0,False,0.2667384714325297,4.913504224388489,0.6874540821104707,0.32133209605081176,4,3.9,5.7,0.02090024751398226,4,4,1163.7115273224265,-0.21016178823828713,0.4140135123894628,,,,,,0.0,4,,,,,,,,,,,,,,,,,,,,,,,,,,,,,,,,,,,,,,,,,,,,,,,,,,,,,,,,,,,,,,,,,,,,,,,,,,,,,,,,,,,,,0.9999999999999999,-2.649548614467008,delay_only,0.5818181818181818,0.003023398899488558,0.06962063472517711,790,4823449.6,48234496.0,1.1131037473678589,0.0,1,,0,2649.548614467008,0.171875,3.214003658294678,2609.8670969479513,2158.694585506218,5544345.6,55443456.0,10,4
31457280.0,11141120.0,10650.067336159465,3,1,0.6638644263148308,0.35337118980157667,20024.04988318443,9984.758278093037,0.0,12948.127551317426,10650.067336159465,1.0,2,1.0000000000000002,0.0,0.0,0.0,0.0,0.9479113022428126,0.0,0.4653714265497493,20000000.0,0.10000000149011612,0.0,-2.220446049250313e-16,2.220446049250313e-16,,-0.11515151515151514,0.0,4,0.0,0.05314020812511444,0.0,0.0,54.533326998353004,,1129714.6467579657,12.948127551317427,12.948127551317427,9984.758278093039,4259840.0,42598400.0,124,-0.06663246515703258,9984.758278093037,1.0,12948.127551317426,31457280.0,11141120.0,False,0.12577975152450666,1.1584743234432966,0.32114830317797516,0.3432561499746111,5,4.5,5.5,0.02107746730115871,2,4,5365.341789802936,-0.14402448009460478,0.462646802219067,,,,,,2.220446049250313e-16,2,,,,,,,,,,,,,,,,,,,,,,,,,,,,,,,,,,,,,,,,,,,,,,,,,,,,,,,,,,,,,,,,,,,,,,,,,,,,,,,,,,,,,0.9999999999999999,-12.948127551317427,delay_only,0.5818181818181818,0.0030429643080654004,0.06958012991208808,792,3145728.0,31457280.0,0.9177678227424622,0.0,2,,0,12948.127551317426,0.196875,3.2653480172157288,12894.831796489863,10650.067336159465,4259840.0,42598400.0,10,2
29360128.0,1310720.0,1520.085111312338,0,0,0.6683762185275555,0.39049116225842423,3259.359990188813,1604.5531527781663,0.0,1986.6087194013771,1520.085111312338,1.0,2,1.0,0.0,0.0,0.0,0.0,1.3195491707420188,0.0,0.5319074901331002,100000000.0,0.10000000149011612,0.0,0.0,0.0,,-0.8303030303030302,0.0,4,0.2,0.0521007664501667,1.0,0.0,61.829869635403156,,1129714.6467579657,1.986608719401377,1.986608719401377,1604.5531527781661,3067084.8,30670848.0,124,0.052642719450943495,1604.5531527781661,1.0,12948.127551317426,29360128.0,1310720.0,False,0.13189130237012858,1.2147637869321133,0.29992785148050016,0.4835877190181192,6,4.6,6.0,0.026623097314876706,2,4,746.3353477536525,0.09842261599713045,0.534864054542894,,,,,,0.0,2,,,,,,,,,,,,,,,,,,,,,,,,,,,,,,,,,,,,,,,,,,,,,,,,,,,,,,,,,,,,,,,,,,,,,,,,,,,,,,,,,,,,,0.9999999999999999,-1.986608719401377,delay_only,0.5818181818181818,0.0030628099179736586,0.06953750047302197,794,2936012.8,29360128.0,0.9177104830741882,0.0,3,,0,1986.6087194013771,0.209375,3.2112062096595766,1936.3550347688968,1520.085111312338,3067084.8,30670848.0,10,2
65011712.0,7208960.0,4656.311852722309,2,4,0.8373702876269817,0.39120588056681155,8968.919754491804,4456.209158290952,0.1,5460.225604202767,4656.311852722309,1.0,7,0.9999999999999998,0.0,0.0,0.0,0.0,1.5252862696721552,0.1,0.6606128830750695,100000000.0,0.10000000149011612,0.0,2.220446049250313e-16,0.0,,-0.8181818181818182,0.0,4,0.7745966692414834,0.06079554185271263,1.5491933384829668,0.0,59.35824383050203,,1135528.8523014192,5.460225604202766,5.460225604202766,4456.2091582909525,7222067.2,72220672.0,125,-0.044904241996598884,4456.209158290952,1.0,5814.205543453461,65011712.0,7208960.0,False,0.32019385971501235,7.3727360824801424,0.7740459350724523,0.4703048627892504,5,3.5,5.7,0.010000000000000007,5,4,1683.3458967946872,-0.07216464555247479,0.6222471080239228,,,,,,0.0,5,,,,,,,,,,,,,,,,,,,,,,,,,,,,,,,,,,,,,,,,,,,,,,,,,,,,,,,,,,,,,,,,,,,,,,,,,,,,,,,,,,,,,0.9999999999999999,-5.460225604202766,delay_only,0.593939393939394,0.002988061718771787,0.06926970193445284,799,6501171.2,65011712.0,1.1271486282348633,0.0,1,,0,5460.225604202767,0.175,3.1838675320148466,5404.110099382867,4656.311852722309,7222067.2,72220672.0,10,5
20971520.0,1310720.0,3760.3526895207933,1,1,0.6584241054952145,0.2673972876286186,7936.369119673749,3932.580520629774,0.0,5814.205543453461,3760.352689520793,1.0,2,1.0,0.0,0.0,0.0,0.0,0.5685412433620637,0.0,0.27455485491038445,20000000.0,0.10000000149011612,0.0,0.0,0.0,,-0.9999999999999999,0.0,4,0.2,0.04105202853679657,1.0,0.0,71.20807841420174,,1135528.8523014192,5.814205543453461,5.814205543453461,3932.580520629774,2228224.0,22282240.0,125,0.04379511880443318,3932.580520629774,1.0,5814.205543453461,20971520.0,1310720.0,False,0.13201502951295263,1.215903356030775,0.3288996531556575,0.21721960417866554,6,5.0,6.0,0.05272496861913041,2,4,2689.080694674408,0.13850249715689347,0.31620454290309835,,,,,,0.0,2,,,,,,,,,,,,,,,,,,,,,,,,,,,,,,,,,,,,,,,,,,,,,,,,,,,,,,,,,,,,,,,,,,,,,,,,,,,,,,,,,,,,,0.9999999999999999,-5.814205543453461,delay_only,0.593939393939394,0.0029718101969725625,0.06926862764269455,801,2097152.0,20971520.0,0.917738139629364,0.0,2,,0,5814.205543453461,0.1890625,3.279124450683594,5756.990622113115,3760.352689520793,2228224.0,22282240.0,10,2
29360128.0,9175040.0,1700.1919639143503,0,1,0.6516659632325172,0.35271850405437305,3318.364341609854,1629.3296871505322,0.0,2147.9158351298515,1700.1919639143505,1.0,2,1.0,0.0,0.0,0.0,0.0,1.0606144697625024,0.0,0.5187272753257403,100000000.0,0.10000000149011612,0.0,0.0,0.0,,-0.6727272727272726,0.0,4,0.2,0.041877809911966324,1.0,0.0,70.57931134477258,,1135528.8523014192,2.1479158351298517,2.1479158351298517,1629.329687150532,3853516.8,38535168.0,125,-0.04349167471915793,1629.329687150532,1.0,5814.205543453461,29360128.0,9175040.0,False,0.13558995260754553,1.248829614535614,0.3259655426430477,0.3550657023610578,6,4.6,5.6,0.022182469266730828,2,4,810.9152183681216,-0.08658482891833899,0.502301329949804,,,,,,0.0,2,,,,,,,,,,,,,,,,,,,,,,,,,,,,,,,,,,,,,,,,,,,,,,,,,,,,,,,,,,,,,,,,,,,,,,,,,,,,,,,,,,,,,0.9999999999999999,-2.1479158351298517,delay_only,0.593939393939394,0.0029532363535014483,0.06926786446892076,803,2936012.8,29360128.0,0.9177651405334473,0.0,3,,0,2147.9158351298515,0.18125,3.3490740299224853,2088.210867821062,1700.1919639143505,3853516.8,38535168.0,10,2
23068672.0,1310720.0,1122.5361857680255,7,0,0.6442382000386715,0.24645345130306867,2080.0279700464844,1010.868462514472,0.0,1567.3978980216123,1122.5361857680255,1.0,7,1.0000000000000002,0.0,0.0,0.0,0.0,0.6258343792073233,0.0,0.34327314447102397,100000000.0,0.10000000149011612,0.0,-2.220446049250313e-16,2.220446049250313e-16,,-0.9272727272727272,0.0,4,0.6,0.04755857586860657,1.5,0.0,58.291045017540455,,1146070.3285223786,1.5673978980216121,1.5673978980216121,1010.8684625144722,2437939.2,24379392.0,126,-0.11046711554912594,1010.868462514472,1.0,10541.476220959343,23068672.0,1310720.0,False,0.2869475874977782,5.28576989954391,0.6413176061051938,0.20288851317160259,4,4.9,6.0,0.03457424559063237,4,4,682.3107935863299,-0.33987252106410576,0.3250251453199712,,,,,,2.220446049250313e-16,4,,,,,,,,,,,,,,,,,,,,,,,,,,,,,,,,,,,,,,,,,,,,,,,,,,,,,,,,,,,,,,,,,,,,,,,,,,,,,,,,,,,,,0.9999999999999999,-1.5673978980216123,delay_only,0.593939393939394,0.0029358217191480076,0.0692491259090561,807,2306867.2,23068672.0,1.113101840019226,0.0,1,,0,1567.397898021612,0.209375,3.1395567059516907,1517.2883253130053,1122.5361857680255,2437939.2,24379392.0,10,4
41943040.0,1310720.0,7061.1551789695395,4,1,0.6622020155191422,0.23489197301511577,13777.76189657935,6857.11633831766,0.0,10541.476220959343,7061.155178969539,1.0,2,1.0,0.0,0.0,0.0,0.0,0.39223989585015606,0.0,0.2128839750634088,20000000.0,0.10000000149011612,0.0,0.0,0.0,,-0.9999999999999999,0.0,4,0.0,0.037693142890930176,0.0,0.0,65.1866071857512,,1146070.3285223786,10.541476220959343,10.541476220959343,6857.11633831766,4325376.0,43253760.0,126,-0.029755779337111207,6857.11633831766,1.0,10541.476220959343,41943040.0,1310720.0,False,0.12406655485072203,1.1426951989536027,0.3132587411904606,0.18937964729918788,5,4.0,6.0,0.04838856724494752,2,4,5051.065349557637,-0.11297512745859237,0.2633834544512224,,,,,,0.0,2,,,,,,,,,,,,,,,,,,,,,,,,,,,,,,,,,,,,,,,,,,,,,,,,,,,,,,,,,,,,,,,,,,,,,,,,,,,,,,,,,,,,,0.9999999999999999,-10.541476220959343,delay_only,0.593939393939394,0.0029235155983810927,0.06925400138384295,809,4194304.0,41943040.0,0.9177873730659485,0.0,2,,0,10541.476220959343,0.225,3.179540753364563,10477.94700101531,7061.155178969538,4325376.0,43253760.0,10,2
62914560.0,1310720.0,2250.8576559483176,0,0,0.6639361381530762,0.24262257453941358,4089.6117677704533,2011.9094103470961,0.0,3097.3796318073037,2250.857655948318,1.0,2,1.0,0.0,0.0,0.0,0.0,0.5798871025193677,0.0,0.32256870646467733,100000000.0,0.10000000149011612,0.0,0.0,0.0,,-0.7939393939393938,0.0,4,0.0,0.04187781363725662,0.0,0.0,66.48563034832478,,1146070.3285223786,3.0973796318073035,3.0973796318073035,2011.9094103470966,6422528.0,64225280.0,126,-0.11876690092124885,2011.9094103470961,1.0,10541.476220959343,62914560.0,1310720.0,False,0.13111636752780467,1.2076263732682064,0.331310234539375,0.19730844855423726,5,3.5,6.0,0.034655072187673275,2,4,1379.4688051667508,-0.37781926657458026,0.3143484502471889,,,,,,0.0,2,,,,,,,,,,,,,,,,,,,,,,,,,,,,,,,,,,,,,,,,,,,,,,,,,,,,,,,,,,,,,,,,,,,,,,,,,,,,,,,,,,,,,0.9999999999999999,-3.0973796318073035,delay_only,0.593939393939394,0.002919160248644455,0.06925925442053113,811,6291456.0,62914560.0,0.9180271029472351,0.0,3,,0,3097.3796318073037,0.2109375,3.1661187410354614,3031.5866847310426,2250.8576559483176,6422528.0,64225280.0,10,2
39845888.0,11141120.0,1938.8872403240118,2,1,0.6534270942211151,0.22675633438867962,3151.0740294283873,1543.8801517791424,0.0,2436.5480331278395,1938.8872403240118,1.0,7,1.0,0.0,0.0,0.0,0.0,0.5258096828120538,0.0,0.29818842430571535,100000000.0,0.10000000149011612,0.0,0.0,0.0,,-0.7454545454545454,0.0,4,0.5099019513592785,0.04757194593548775,1.699673171197595,0.0,63.313725870102644,,1179590.5719339375,2.4365480331278397,2.4365480331278397,1543.8801517791424,5098700.8,50987008.0,127,-0.25585346640389806,1543.8801517791421,1.0,33520.24341155887,39845888.0,11141120.0,False,0.24066300368980967,3.324882268387961,0.5144734932465069,0.18615450849079274,5,4.1,5.5,0.02310029663444471,3,4,1099.1053875811133,-0.8881058916575563,0.28808891913370205,,,,,,0.0,3,,,,,,,,,,,,,,,,,,,,,,,,,,,,,,,,,,,,,,,,,,,,,,,,,,,,,,,,,,,,,,,,,,,,,,,,,,,,,,,,,,,,,0.9999999999999999,-2.4365480331278397,delay_only,0.593939393939394,0.0028913700022783996,0.06925415555477286,814,3984588.8,39845888.0,1.0471359491348267,0.0,1,,0,2436.5480331278395,0.1875,3.2278137028217317,2386.7759442462575,1938.887240324012,5098700.8,50987008.0,10,3
104857600.0,11141120.0,29146.30507624098,2,1,0.6684302352368832,0.3501826050660568,51584.09681379236,25758.972503819503,0.0,33520.24341155887,29146.30507624098,1.0,2,1.0,0.0,0.0,0.0,0.0,0.9787731068611129,0.0,0.5016304374942654,20000000.0,0.10000000149011612,0.0,0.0,0.0,,0.04242424242424241,0.0,4,0.0,0.04185572266578674,0.0,0.0,66.15180615335703,,1179590.5719339375,33.52024341155887,33.52024341155887,25758.972503819503,11599872.0,115998720.0,127,-0.1315010748941641,25758.9725038195,1.0,33520.24341155887,104857600.0,11141120.0,False,0.12113852259234455,1.11572702523382,0.2997746538878644,0.33474429912995657,5,2.5,5.5,0.014789915159474034,2,4,13157.172265299563,-0.26879751371295496,0.4892198334639071,,,,,,0.0,2,,,,,,,,,,,,,,,,,,,,,,,,,,,,,,,,,,,,,,,,,,,,,,,,,,,,,,,,,,,,,,,,,,,,,,,,,,,,,,,,,,,,,0.9999999999999999,-33.52024341155887,delay_only,0.593939393939394,0.0028825730427970895,0.06925276679641387,816,10485760.0,104857600.0,0.9177917838096619,0.0,2,,0,33520.24341155887,0.215625,3.3216993510723114,33457.01886913851,29146.30507624098,11599872.0,115998720.0,10,2
41943040.0,20971520.0,2192.380129573632,4,1,0.6549851968884468,0.3246280003507335,4942.493708980976,2435.319305718764,0.0,3338.0218594884022,2192.380129573632,1.0,2,1.0,0.0,0.0,0.0,0.0,0.6883737995551694,0.0,0.3022137778599979,100000000.0,0.10000000149011612,0.0,0.0,0.0,,-0.9999999999999999,0.0,4,0.2,0.045228950679302216,1.0,0.0,71.85509754344821,,1179590.5719339375,3.338021859488402,3.338021859488402,2435.319305718764,6291456.0,62914560.0,127,0.09975660094125939,2435.3193057187636,1.0,33520.24341155887,41943040.0,20971520.0,False,0.12877787666156162,1.1860880764333506,0.3052536864347266,0.29311268722904715,6,4.0,5.0,0.048978122812130584,2,4,1508.477301598073,0.2621149829906681,0.3805833600317726,,,,,,0.0,2,,,,,,,,,,,,,,,,,,,,,,,,,,,,,,,,,,,,,,,,,,,,,,,,,,,,,,,,,,,,,,,,,,,,,,,,,,,,,,,,,,,,,0.9999999999999999,-3.338021859488402,delay_only,0.593939393939394,0.002873196763786329,0.06925008523643138,818,4194304.0,41943040.0,0.9177902340888977,0.0,3,,0,3338.0218594884022,0.221875,3.170055830478668,3279.4099910733744,2192.3801295736316,6291456.0,62914560.0,10,2
50331648.0,11141120.0,4532.486289444168,2,2,0.6782137788832188,0.4266304004703668,9344.03032135778,4646.100713063967,0.0,5357.582923349661,4532.486289444167,1.0,7,0.9999999999999999,0.0,0.0,0.0,0.0,2.0253414981598783,0.0,0.6819543457191642,100000000.0,0.10000000149011612,0.0,1.1102230246251565e-16,0.0,,-0.6848484848484848,0.0,4,0.447213595499958,0.04559975862503052,1.118033988749895,0.0,56.18476588279009,,1186371.85541607,5.357582923349661,5.357582923349661,4646.100713063967,6147276.8,61472768.0,128,0.0244537151982817,4646.100713063967,1.0,6781.2834821325705,50331648.0,11141120.0,False,0.2496635592870878,4.598972719026269,0.6946712219063578,0.7043246212854438,4,3.8,5.5,0.01712384202874566,4,4,1568.7346798623626,0.03691937273435053,0.6623545685414495,,,,,,0.0,4,,,,,,,,,,,,,,,,,,,,,,,,,,,,,,,,,,,,,,,,,,,,,,,,,,,,,,,,,,,,,,,,,,,,,,,,,,,,,,,,,,,,,0.9999999999999999,-5.357582923349661,delay_only,0.593939393939394,0.0028659426344668465,0.06921983598009292,822,5033164.8,50331648.0,1.1131266355514526,0.0,1,,0,5357.582923349661,0.196875,3.209611451625824,5308.622081623142,4532.486289444167,6147276.8,61472768.0,10,4
27262976.0,1310720.0,4976.101202651326,3,0,0.6538559682667255,0.2856653822950997,9493.146928704491,4718.469022878985,0.0,6781.2834821325705,4976.101202651326,1.0,2,1.0,0.0,0.0,0.0,0.0,0.7038799499485805,0.0,0.3570651477838141,20000000.0,0.10000000149011612,0.0,0.0,0.0,,-0.43030303030303024,0.0,4,0.4,0.04799701273441315,2.0,0.0,83.98095238953829,,1186371.85541607,6.7812834821325705,6.7812834821325705,4718.469022878986,2857369.6,28573696.0,128,-0.05460079922600535,4718.469022878985,1.0,6781.2834821325705,27262976.0,1310720.0,False,0.14176033376451108,1.305660925216095,0.3040392046227924,0.2351468110420986,7,4.7,6.0,0.03458935534057524,2,4,3000.3561659056404,-0.14995067333713463,0.36412506867005645,,,,,,0.0,2,,,,,,,,,,,,,,,,,,,,,,,,,,,,,,,,,,,,,,,,,,,,,,,,,,,,,,,,,,,,,,,,,,,,,,,,,,,,,,,,,,,,,0.9999999999999999,-6.7812834821325705,delay_only,0.593939393939394,0.002855098581440713,0.06921313357983527,824,2726297.6,27262976.0,0.9177045822143555,0.0,2,,0,6781.2834821325705,0.215625,3.2385620892047884,6725.074599186049,4976.101202651326,2857369.6,28573696.0,10,2
20971520.0,1310720.0,622.9914282938064,2,0,0.6782780401408672,0.20289091654058097,1335.5863301012441,636.512715459045,0.0,1064.6079954679317,622.9914282938064,1.0,2,1.0,0.0,0.0,0.0,0.0,0.3448349491680395,0.0,0.18737829469895537,100000000.0,0.10000000149011612,0.0,0.0,0.0,,-0.9999999999999999,0.0,4,0.0,0.04241308569908142,0.0,0.0,63.56304371729493,,1186371.85541607,1.0646079954679317,1.0646079954679317,636.512715459045,2228224.0,22282240.0,128,0.0212427604929889,636.5127154590449,1.0,6781.2834821325705,20971520.0,1310720.0,False,0.12435470353795026,1.1453491464407128,0.30017162113417706,0.17413210599265094,5,5.0,6.0,0.060683583479183574,2,4,487.0805584581113,0.09048445419384535,0.23476696281419143,,,,,,0.0,2,,,,,,,,,,,,,,,,,,,,,,,,,,,,,,,,,,,,,,,,,,,,,,,,,,,,,,,,,,,,,,,,,,,,,,,,,,,,,,,,,,,,,0.9999999999999999,-1.0646079954679317,delay_only,0.593939393939394,0.00284036171909367,0.06922133356102793,826,2097152.0,20971520.0,0.9180532097816467,0.0,3,,0,1064.6079954679317,0.20625,3.285057783126831,1002.0470962847776,622.9914282938063,2228224.0,22282240.0,10,2
62914560.0,1310720.0,3027.8190783442433,5,1,0.6567751988768578,0.34843650594674064,6023.5688411951105,2980.759031853827,0.0,3924.737560839429,3027.8190783442433,1.0,7,1.0,0.0,0.0,0.0,0.0,0.8645239411934715,0.0,0.4016517914456401,100000000.0,0.10000000149011612,0.0,0.0,0.0,,-0.7454545454545454,0.0,4,0.5099019513592785,0.046173933893442154,1.699673171197595,0.0,62.0507774874568,,1196267.5408208857,3.924737560839429,3.924737560839429,2980.7590318538273,6422528.0,64225280.0,129,-0.01578794058409626,2980.7590318538264,1.0,9895.685404815762,62914560.0,1310720.0,False,0.2451171043639843,3.386417943278256,0.5039542409957047,0.3379822243704618,5,3.5,6.0,0.027965985777975384,3,4,1678.4555696475052,-0.03613600658842515,0.43690330157160623,,,,,,0.0,3,,,,,,,,,,,,,,,,,,,,,,,,,,,,,,,,,,,,,,,,,,,,,,,,,,,,,,,,,,,,,,,,,,,,,,,,,,,,,,,,,,,,,0.9999999999999999,-3.924737560839429,delay_only,0.593939393939394,0.002829915385617759,0.06920971313002384,829,6291456.0,62914560.0,1.047081708908081,0.0,1,,0,3924.737560839429,0.1953125,3.32132528424263,3874.578531176819,3027.819078344243,6422528.0,64225280.0,10,3
27262976.0,1310720.0,7874.993048316006,3,0,0.6590760312974453,0.31164144494557133,14375.771655853552,7145.107244217626,0.0,9895.685404815762,7874.993048316007,1.0,2,1.0,0.0,0.0,0.0,0.0,0.7971324720436208,0.0,0.42839807148086945,20000000.0,0.10000000149011612,0.0,0.0,0.0,,-0.8181818181818182,0.0,4,0.4,0.05119610205292702,2.0,0.0,85.5571674183011,,1196267.5408208857,9.895685404815762,9.895685404815762,7145.1072442176255,2857369.6,28573696.0,129,-0.10215183329670262,7145.1072442176255,1.0,9895.685404815762,27262976.0,1310720.0,False,0.15073583837422658,1.3883283776818158,0.3091593288555018,0.26810697786257476,7,4.7,6.0,0.024573166950226856,2,4,4191.561417174769,-0.24712188225268072,0.4133661995672765,,,,,,0.0,2,,,,,,,,,,,,,,,,,,,,,,,,,,,,,,,,,,,,,,,,,,,,,,,,,,,,,,,,,,,,,,,,,,,,,,,,,,,,,,,,,,,,,0.9999999999999999,-9.895685404815762,delay_only,0.593939393939394,0.0028197765179796583,0.06921040552500159,831,2726297.6,27262976.0,0.917698085308075,0.0,2,,0,9895.685404815762,0.1671875,3.4027990877628325,9838.086122457918,7874.993048316008,2857369.6,28573696.0,10,2
33554432.0,1310720.0,1188.182802786067,8,1,0.6499621085822582,0.299126937335448,2450.773393219957,1187.6142956068115,0.0,1717.681054002868,1188.182802786067,1.0,2,1.0,0.0,0.0,0.0,0.0,0.6318022928633978,0.0,0.31941313130361365,100000000.0,0.10000000149011612,0.0,0.0,0.0,,-0.09090909090909088,0.0,4,0.2,0.03483646363019943,1.0,0.0,75.54480200633407,,1196267.5408208857,1.717681054002868,1.717681054002868,1187.6142956068115,3486515.2,34865152.0,129,-0.0004786968137369089,1187.6142956068115,1.0,9895.685404815762,33554432.0,1310720.0,False,0.13685876196387356,1.2605157805745433,0.32941403937067015,0.26128865259668815,6,4.4,6.0,0.039618545312059224,2,4,756.0941324246588,-0.0013174521789736313,0.3633504284837423,,,,,,0.0,2,,,,,,,,,,,,,,,,,,,,,,,,,,,,,,,,,,,,,,,,,,,,,,,,,,,,,,,,,,,,,,,,,,,,,,,,,,,,,,,,,,,,,0.9999999999999999,-1.717681054002868,delay_only,0.593939393939394,0.002825074869426714,0.06923163706832151,833,3355443.2,33554432.0,0.9177674055099487,0.0,3,,0,1717.681054002868,0.2046875,3.260199415683746,1658.9235448979605,1188.1828027860672,3486515.2,34865152.0,10,2
35651584.0,11141120.0,2230.8452410794107,3,3,0.6789821200072765,0.2756894061079332,3730.946945929035,1839.3479992957186,0.0,2702.364398185652,2230.8452410794107,1.0,7,1.0,0.0,0.0,0.0,0.0,0.6384434145144049,0.0,0.3581821964524873,100000000.0,0.10000000149011612,0.0,0.0,0.0,,-0.4666666666666666,0.0,4,0.2,0.04353148117661476,0.5,0.0,54.70293899998069,,1211953.097921037,2.702364398185652,2.702364398185652,1839.3479992957186,4679270.4,46792704.0,130,-0.21284566157877435,1839.3479992957184,1.0,15685.557100151398,35651584.0,11141120.0,False,0.24387480230694641,4.492339874790758,0.7792661882150097,0.2268656114754276,3,4.3,5.5,0.018724800805705988,4,4,1180.3401896939142,-0.5940707167343717,0.35828337533416,,,,,,0.0,4,,,,,,,,,,,,,,,,,,,,,,,,,,,,,,,,,,,,,,,,,,,,,,,,,,,,,,,,,,,,,,,,,,,,,,,,,,,,,,,,,,,,,0.9999999999999999,-2.702364398185652,delay_only,0.593939393939394,0.002801632950823538,0.06920131438870615,837,3565158.4,35651584.0,1.1132750511169434,0.0,1,0.153125,0,2702.364398185652,0.228125,3.071716398000717,2650.1134508480545,2230.8452410794107,4679270.4,46792704.0,10,4
52428800.0,1310720.0,13611.088220375445,2,1,0.6434312090277672,0.3471812890620207,24027.431869429976,11982.332404245377,0.0,15685.557100151398,13611.088220375445,1.0,2,1.0,0.0,0.0,0.0,0.0,0.9846384220016585,0.0,0.5060748518876083,20000000.0,0.10000000149011612,0.0,0.0,0.0,,-0.8787878787878788,0.0,4,0.0,0.04178205132484436,0.0,0.0,63.885044772177935,,1211953.097921037,15.685557100151398,15.685557100151398,11982.332404245377,5373952.0,53739520.0,130,-0.13592978071222556,11982.332404245377,1.0,15685.557100151398,52428800.0,1310720.0,False,0.12380343189787209,1.1402717469981754,0.3120470149295277,0.3291435749493254,5,4.0,6.0,0.01477166118131525,2,4,6027.5416294900815,-0.2735202423962579,0.49696424484480956,,,,,,0.0,2,,,,,,,,,,,,,,,,,,,,,,,,,,,,,,,,,,,,,,,,,,,,,,,,,,,,,,,,,,,,,,,,,,,,,,,,,,,,,,,,,,,,,0.9999999999999999,-15.685557100151398,delay_only,0.593939393939394,0.0027975357089496905,0.0692007419029244,839,5242880.0,52428800.0,0.917786180973053,0.0,2,0.153125,0,15685.557100151398,0.228125,3.1419993340969086,15622.790039212174,13611.088220375443,5373952.0,53739520.0,10,2
58720256.0,1310720.0,2472.7439972784136,2,1,0.6822291761636734,0.2687470514871027,3968.865258642934,1947.8902656238042,0.0,2902.244422633048,2472.743997278413,1.0,2,1.0,0.0,0.0,0.0,0.0,0.7396001408200751,0.0,0.41005046856107297,100000000.0,0.10000000149011612,0.0,0.0,0.0,,-0.6363636363636362,0.0,4,0.2,0.04993164539337158,1.0,0.0,73.0847273953259,,1211953.097921037,2.902244422633048,2.902244422633048,1947.8902656238042,6003097.6,60030976.0,130,-0.2694472788930578,1947.890265623804,1.0,15685.557100151398,58720256.0,1310720.0,False,0.12402095882641764,1.1422752440501505,0.26512317260171053,0.22103231998835698,6,3.8,6.0,0.01510047305353521,2,4,1185.7515604731623,-0.6886590696779648,0.39126367568070874,,,,,,0.0,2,,,,,,,,,,,,,,,,,,,,,,,,,,,,,,,,,,,,,,,,,,,,,,,,,,,,,,,,,,,,,,,,,,,,,,,,,,,,,,,,,,,,,0.9999999999999999,-2.902244422633048,delay_only,0.593939393939394,0.0027960275010021187,0.06920139947327489,841,5872025.6,58720256.0,0.9177916049957275,0.0,3,0.153125,0,2902.244422633048,0.221875,3.223702335357666,2846.1400382703496,2472.743997278413,6003097.6,60030976.0,10,2
31457280.0,11141120.0,2069.5187946021,3,3,0.6801048293709755,0.2939565223144281,3620.088980208163,1780.21357052541,0.0,2555.940213117387,2069.5187946021,1.0,7,1.0,0.0,0.0,0.0,0.0,0.7116922052600223,0.0,0.38719362857315237,100000000.0,0.10000000149011612,0.0,0.0,0.0,,-0.5878787878787878,0.0,4,0.2,0.05245779827237129,0.5,0.0,59.66183915734291,,1248484.1587042813,2.5559402131173865,2.5559402131173865,1780.21357052541,4259840.0,42598400.0,131,-0.16251152607004624,1780.2135705254098,1.0,36531.06078324421,31457280.0,11141120.0,False,0.2332968732653814,4.297487220983907,0.718129112194425,0.2486106790874994,3,4.5,5.5,0.020994709408245504,4,4,1093.7837085331162,-0.42146363393487996,0.38558848969435827,,,,,,0.0,4,,,,,,,,,,,,,,,,,,,,,,,,,,,,,,,,,,,,,,,,,,,,,,,,,,,,,,,,,,,,,,,,,,,,,,,,,,,,,,,,,,,,,0.9999999999999999,-2.5559402131173865,delay_only,0.593939393939394,0.002770541438875948,0.06921805007909287,845,3145728.0,31457280.0,1.1133075952529907,0.0,1,,0,2555.9402131173865,0.178125,3.285367453098297,2504.0082516778366,2069.5187946021,4259840.0,42598400.0,10,4
117440512.0,25690112.0,24798.61568451265,0,1,0.6624720990657806,0.33660026897856826,55066.43894322599,27498.77199301688,0.0,36531.06078324421,24798.61568451265,1.0,2,1.0,0.0,0.0,0.0,0.0,0.7502697803659595,0.0,0.33257936958974,20000000.0,0.10000000149011612,0.0,0.0,0.0,,-0.8545454545454544,0.0,4,0.2,0.04659586772322655,1.0,0.0,76.37061877176166,,1248484.1587042813,36.531060783244214,36.531060783244214,27498.771993016875,14313062.4,143130624.0,131,0.09819188686643568,27498.771993016875,1.0,36531.06078324421,117440512.0,25690112.0,False,0.12667200200826892,1.1666922540958073,0.2902582939477728,0.30678973283164895,6,2.2,4.8,0.047002923986758274,2,4,16537.131048469677,0.24632774619820036,0.39862292568303886,,,,,,0.0,2,,,,,,,,,,,,,,,,,,,,,,,,,,,,,,,,,,,,,,,,,,,,,,,,,,,,,,,,,,,,,,,,,,,,,,,,,,,,,,,,,,,,,0.9999999999999999,-36.531060783244214,delay_only,0.593939393939394,0.0027893932877741372,0.06924852006539581,847,11744051.2,117440512.0,0.9177407622337341,0.0,2,,0,36531.06078324421,0.20625,3.295391249656677,36462.16582605197,24798.615684512653,14313062.4,143130624.0,10,2
62914560.0,31457280.0,3156.164991332579,0,0,0.657237134873867,0.3061568574688438,6345.4697477937025,3140.933578197299,0.0,4402.760670645565,3156.1649913325796,1.0,2,1.0,0.0,0.0,0.0,0.0,0.6641696384630134,0.0,0.34346157629990814,100000000.0,0.10000000149011612,0.0,0.0,0.0,,-0.18787878787878787,0.0,4,0.0,0.03949126601219177,0.0,0.0,63.6025913991034,,1248484.1587042813,4.402760670645566,4.402760670645566,3140.9335781972995,9437184.0,94371840.0,131,-0.004849326722796391,3140.9335781972986,1.0,36531.06078324421,62914560.0,31457280.0,False,0.13362623082504224,1.2307430685228948,0.34286858223826255,0.2621323112194004,5,3.5,4.5,0.03753743085154634,2,4,1965.4755287653534,-0.012957853444996543,0.3742384294884024,,,,,,0.0,2,,,,,,,,,,,,,,,,,,,,,,,,,,,,,,,,,,,,,,,,,,,,,,,,,,,,,,,,,,,,,,,,,,,,,,,,,,,,,,,,,,,,,0.9999999999999999,-4.402760670645566,delay_only,0.593939393939394,0.002780559670321696,0.06924065269568026,849,6291456.0,62914560.0,0.9179741740226746,0.0,3,,0,4402.760670645566,0.1734375,3.442737400531769,4340.908242514761,3156.16499133258,9437184.0,94371840.0,10,2
48234496.0,9306112.0,3944.4753852885574,5,1,0.6927228532731533,0.42083661658459304,7649.227301703622,3799.923243756334,0.1,4430.152364568174,3944.475385288558,1.0,7,1.0,0.0,0.0,0.0,0.0,1.8769346110160192,0.1,0.696762762589237,100000000.0,0.10000000149011612,0.0,0.0,0.0,,-0.10303030303030303,0.0,4,0.7745966692414834,0.04510588198900223,1.5491933384829668,0.0,61.97042716667056,,1257386.9580754435,4.4301523645681735,4.4301523645681735,3799.923243756334,5754060.8,57540608.0,132,-0.03804080563199213,3799.9232437563337,1.0,8902.79937116228,48234496.0,9306112.0,False,0.32411851012488085,7.463104497769904,0.7975453405571868,0.6542023451635041,5,4.1,5.6,0.01000000000000001,5,4,1324.8841633433155,-0.058403983466839574,0.651339230201495,,,,,,0.0,5,,,,,,,,,,,,,,,,,,,,,,,,,,,,,,,,,,,,,,,,,,,,,,,,,,,,,,,,,,,,,,,,,,,,,,,,,,,,,,,,,,,,,0.9999999999999999,-4.4301523645681735,delay_only,0.593939393939394,0.0028019246517949456,0.06917892075777812,854,4823449.6,48234496.0,1.1272395849227905,0.0,1,,0,4430.152364568174,0.215625,3.076831740140915,4384.969393284379,3944.475385288558,5754060.8,57540608.0,10,5
33554432.0,1310720.0,6413.227055348654,1,1,0.8791252039372921,0.25324149814809577,11921.925694965661,5922.505064776585,0.0,8902.79937116228,6413.227055348655,1.0,2,1.0,0.0,0.0,0.0,0.0,0.5842223720152352,0.0,0.3252605259118552,20000000.0,0.10000000149011612,0.0,0.0,0.0,,-0.4424242424242424,0.0,4,0.2,0.04146681725978851,1.0,0.0,76.91556541249156,,1257386.9580754435,8.90279937116228,8.90279937116228,5922.505064776586,3486515.2,34865152.0,132,-0.08285716689219598,5922.505064776585,1.0,8902.79937116228,33554432.0,1310720.0,False,0.13694241556283424,1.2612862586943119,0.33558308467460884,0.2039866511797694,6,4.4,6.0,0.03786707602774022,2,4,4047.592567350284,-0.2617306094261387,0.31657423284905684,,,,,,0.0,2,,,,,,,,,,,,,,,,,,,,,,,,,,,,,,,,,,,,,,,,,,,,,,,,,,,,,,,,,,,,,,,,,,,,,,,,,,,,,,,,,,,,,0.9999999999999999,-8.90279937116228,delay_only,0.593939393939394,0.0028104101893291896,0.06920425566672037,856,3355443.2,33554432.0,0.9177442193031311,0.0,2,,0,8902.79937116228,0.2296875,3.1481468081474304,8841.728620229138,6413.227055348654,3486515.2,34865152.0,10,2
33554432.0,1310720.0,2089.135219832499,3,1,0.8862330578267574,0.379168774194444,4133.948964366561,2028.4167355028271,0.0,2566.484602965301,2089.135219832499,1.0,2,1.0,0.0,0.0,0.0,0.0,1.2560198870340415,0.0,0.5216111049416972,100000000.0,0.10000000149011612,0.0,0.0,0.0,,-0.6848484848484848,0.0,4,0.2,0.051594559103250504,1.0,0.0,77.11549336090684,,1257386.9580754435,2.566484602965301,2.566484602965301,2028.4167355028271,3486515.2,34865152.0,132,-0.02993392988084393,2028.4167355028271,1.0,8902.79937116228,33554432.0,1310720.0,False,0.1274507790374474,1.1738650556084176,0.29183965447486493,0.44004909172154166,6,4.4,6.0,0.01990102164184384,2,4,959.6657200711483,-0.05681256293838204,0.5268892711865467,,,,,,0.0,2,,,,,,,,,,,,,,,,,,,,,,,,,,,,,,,,,,,,,,,,,,,,,,,,,,,,,,,,,,,,,,,,,,,,,,,,,,,,,,,,,,,,,0.9999999999999999,-2.566484602965301,delay_only,0.593939393939394,0.002813599612918803,0.06922599156922482,858,3355443.2,33554432.0,0.9177789688110352,0.0,3,,0,2566.484602965301,0.1859375,3.3294776558876036,2504.894472058748,2089.135219832499,3486515.2,34865152.0,10,2
23068672.0,3276800.0,1694.996253354185,3,2,0.8811657316982746,0.4183972703137887,3684.9617024107006,1813.7577158476274,0.0,2143.1837849112117,1694.996253354185,1.0,7,1.0,0.0,0.0,0.0,0.0,1.8946776435449846,0.0,0.6306129920761818,100000000.0,0.10000000149011612,0.0,0.0,0.0,,-0.9272727272727272,0.0,4,0.5099019513592785,0.05071062594652176,1.699673171197595,0.0,68.07588133960962,,1263188.9527949945,2.1431837849112116,2.1431837849112116,1813.7577158476277,2634547.2,26345472.0,133,0.06547812944130814,1813.7577158476272,1.0,5801.994719550848,23068672.0,3276800.0,False,0.23410173015950447,3.234234924656338,0.5110018159054504,0.6668722187689793,5,4.9,5.9,0.022555543314430427,3,4,671.6951704848813,0.10398858011381582,0.6296665400147028,,,,,,0.0,3,,,,,,,,,,,,,,,,,,,,,,,,,,,,,,,,,,,,,,,,,,,,,,,,,,,,,,,,,,,,,,,,,,,,,,,,,,,,,,,,,,,,,0.9999999999999999,-2.1431837849112116,delay_only,0.593939393939394,0.00283152179367226,0.0692613810072943,861,2306867.2,23068672.0,1.047083854675293,0.0,1,,0,2143.1837849112117,0.2109375,3.145212155580521,2085.7375141957664,1694.996253354185,2634547.2,26345472.0,10,3
20971520.0,1310720.0,4003.8043322512467,0,0,0.8706818334758282,0.29793123611154115,8264.140235232911,4098.281975589122,0.0,5801.994719550848,4003.8043322512467,1.0,2,1.0,0.0,0.0,0.0,0.0,0.6341252995059576,0.0,0.32247479555772884,20000000.0,0.10000000149011612,0.0,0.0,0.0,,-0.9999999999999999,0.0,4,0.0,0.04109518975019455,0.0,0.0,69.70051722601056,,1263188.9527949945,5.801994719550848,5.801994719550848,4098.281975589122,2228224.0,22282240.0,133,0.0230529875446881,4098.281975589122,1.0,5801.994719550848,20971520.0,1310720.0,False,0.11943070797494501,1.099997471315334,0.2919098774497425,0.2504853400688795,5,5.0,6.0,0.043224242735954335,2,4,2631.7493608565296,0.06442246315476782,0.3578408278073108,,,,,,0.0,2,,,,,,,,,,,,,,,,,,,,,,,,,,,,,,,,,,,,,,,,,,,,,,,,,,,,,,,,,,,,,,,,,,,,,,,,,,,,,,,,,,,,,0.9999999999999999,-5.801994719550848,delay_only,0.593939393939394,0.002835649347053143,0.06928145248153823,863,2097152.0,20971520.0,0.9177550077438354,0.0,2,,0,5801.994719550848,0.2125,3.1989640295505524,5734.418435496181,4003.8043322512467,2228224.0,22282240.0,10,2
20971520.0,1310720.0,753.4325473805827,0,1,0.8713100105524063,0.300127354914156,1779.5165229543325,858.7939183670667,0.0,1245.4349358940126,753.4325473805827,1.0,2,1.0,0.0,0.0,0.0,0.0,0.5807652865852129,0.0,0.25405265813592903,100000000.0,0.10000000149011612,0.0,0.0,0.0,,-0.9999999999999999,0.0,4,0.2,0.04875343665480614,1.0,0.0,76.93770620971918,,1263188.9527949945,1.2454349358940127,1.2454349358940127,858.7939183670668,2228224.0,22282240.0,133,0.12268527842723978,858.7939183670666,1.0,5801.994719550848,20971520.0,1310720.0,False,0.13097741700324286,1.2063465916421277,0.3097127381033008,0.26447838149878794,6,5.0,6.0,0.057081911816584584,2,4,553.8551160328927,0.3455164452014252,0.35507797134147445,,,,,,0.0,2,,,,,,,,,,,,,,,,,,,,,,,,,,,,,,,,,,,,,,,,,,,,,,,,,,,,,,,,,,,,,,,,,,,,,,,,,,,,,,,,,,,,,0.9999999999999999,-1.2454349358940127,delay_only,0.593939393939394,0.0028391912358535242,0.06929840038693147,865,2097152.0,20971520.0,0.9177647829055786,0.0,3,,0,1245.4349358940126,0.253125,3.142959177494049,1183.5062496738137,753.4325473805827,2228224.0,22282240.0,10,2
50331648.0,3276800.0,3709.126757071987,1,3,0.7766461931169033,0.42352984979283065,7563.255508040202,3759.711771542734,0.0,4359.991038775136,3709.126757071987,1.0,7,1.0,0.0,0.0,0.0,0.0,1.9317030681459273,0.0,0.6651662383376858,100000000.0,0.10000000149011612,0.0,0.0,0.0,,-0.16363636363636364,0.0,4,0.5099019513592785,0.06418590247631073,0.7284313590846836,0.0,52.49290447682142,,1278529.3346591515,4.359991038775136,4.359991038775136,3759.711771542734,5360844.8,53608448.0,134,0.0134544926697906,3759.711771542734,1.0,15340.381864156963,50331648.0,3276800.0,False,0.3494220040724998,11.264034568380199,1.1283420698583329,0.67566358146645,3,4.0,5.9,0.01630268131361273,7,4,1336.7395211736207,0.020877257039588905,0.6444569152105211,,,,,,0.0,7,0.0007117657644873099,0.0,0.0,0.0,0.0,0.0,0.0,0.0,0.0,0.0,0.0,0.0,0.0,0.0,0.10000000149011612,0.0,0.0,0.0,0.0,0.0,0.0,0.001718750037252903,0.00025426680750874066,0.0,0.7815939843654632,0.06114848330616951,0.19745019525289537,-0.00019295563476280365,True,0.04956197626888752,0.10067983120679855,0.082372110709548,0.17435873448848724,0.9627792537212372,1,1.027776402235031,0.49999950230121615,0.49999964237213135,1.027776402235031,1.2787009477615356,False,1.1696053743362427,-5.167860507965088,0.03354404310113329,-0.01009771516158553,8,1,10,5.793885536957532,0.593939393939394,0.0028391912358535242,0.06929840038693147,865,0.0011692646952724318,0.003437500074505806,1.7229700326919555,0.4366961568593979,0.8915202677249908,1.0142884254455566,1.7953551292419434,-0.020002465664098645,0.03161672923417009,-0.003138259211061367,-4.392483234405518,2.772418975830078,-0.40157827734947205,2.7759337425231934,0.0006852128705356897,-16.24666976928711,10.815960884094238,-12.24387264251709,10.812882423400879,-0.013246606623285029,-2.9123642444610596,1.4168140888214111,1.0890083312988281,1.4245644807815552,0.0,-3.9982547760009766,48,134,0.19459025450050832,0.4139465600252151,4.761456298828125,0.9999999999999999,-4.359991038775136,delay_only,0.6,0.0028358768715871425,0.0689559590991667,872,5033164.8,50331648.0,1.000000238418579,0.7513861656188965,1,,0,4359.991038775136,0.21875,3.1149022042751313,4319.714912770377,3709.1267570719874,5360844.8,53608448.0,10,7
41943040.0,13107200.0,11602.978482590383,5,1,0.6608571857213974,0.33940228872339756,23221.97246870828,11584.72805466904,0.0,15340.381864156963,11602.978482590383,1.0,2,1.0,0.0,0.0,0.0,0.0,0.8377931661719953,0.0,0.4158740002145632,20000000.0,0.10000000149011612,0.0,0.0,0.0,,-0.8181818181818182,0.0,4,0.2,0.05126447603106499,1.0,0.0,63.408914022147655,,1278529.3346591515,15.340381864156964,15.340381864156964,11584.728054669042,5505024.0,55050240.0,134,-0.0015753868226528944,11584.72805466904,1.0,15340.381864156963,41943040.0,13107200.0,False,0.1203127824067696,1.108121677065856,0.29320348596022977,0.3128354864143855,6,4.0,5.4,0.03175811303731488,2,4,6619.738309594138,-0.0036758238905622515,0.4285806038471349,,,,,,0.0,2,0.0007117657644873099,0.0,0.0,0.0,0.0,0.0,0.0,0.0,0.0,0.0,0.0,0.0,0.0,0.0,0.10000000149011612,0.0,0.0,0.0,0.0,0.0,0.0,0.001718750037252903,0.00025426680750874066,0.0,0.7815939843654632,0.06114848330616951,0.19745019525289537,-0.00019295563476280365,True,0.04956197626888752,0.10067983120679855,0.082372110709548,0.17435873448848724,0.9627792537212372,1,1.027776402235031,0.49999950230121615,0.49999964237213135,1.027776402235031,1.2787009477615356,False,1.1696053743362427,-5.167860507965088,0.03354404310113329,-0.01009771516158553,8,1,10,5.793885536957532,0.593939393939394,0.0028391912358535242,0.06929840038693147,865,0.0011692646952724318,0.003437500074505806,1.7229700326919555,0.4366961568593979,0.8915202677249908,1.0142884254455566,1.7953551292419434,-0.020002465664098645,0.03161672923417009,-0.003138259211061367,-4.392483234405518,2.772418975830078,-0.40157827734947205,2.7759337425231934,0.0006852128705356897,-16.24666976928711,10.815960884094238,-12.24387264251709,10.812882423400879,-0.013246606623285029,-2.9123642444610596,1.4168140888214111,1.0890083312988281,1.4245644807815552,0.0,-3.9982547760009766,48,134,0.19459025450050832,0.4139465600252151,4.761456298828125,0.9999999999999999,-15.340381864156964,delay_only,0.6,0.002851830542844834,0.06892830628661255,874,4194304.0,41943040.0,0.9177277088165283,0.0,2,,0,15340.381864156963,0.221875,3.2038026452064514,15287.86550478676,11602.978482590383,5505024.0,55050240.0,10,2
35651584.0,1310720.0,3505.6640103056748,4,0,0.6660190410912037,0.4405320182586029,7054.515942123039,3506.526988992594,0.0,3946.7757963020877,3505.6640103056748,1.0,2,1.0,0.0,0.0,0.0,0.0,2.5977237130029445,0.0,0.7875975164648428,100000000.0,0.10000000149011612,0.0,0.0,0.0,,-0.9272727272727272,0.0,4,0.8,0.051553431898355484,4.0,0.0,85.00111987814307,,1278529.3346591515,3.9467757963020875,3.9467757963020875,3506.5269889925935,3696230.4,36962304.0,134,0.00024610638664074037,3506.526988992594,1.0,15340.381864156963,35651584.0,1310720.0,False,0.21502019191092664,1.9804091543472744,0.17909652490601835,0.8792985648935645,9,4.6,6.0,0.010158151638930493,2,4,760.8079218361265,0.00031429970285085427,0.7830309236961833,,,,,,0.0,2,0.0007117657644873099,0.0,0.0,0.0,0.0,0.0,0.0,0.0,0.0,0.0,0.0,0.0,0.0,0.0,0.10000000149011612,0.0,0.0,0.0,0.0,0.0,0.0,0.001718750037252903,0.00025426680750874066,0.0,0.7815939843654632,0.06114848330616951,0.19745019525289537,-0.00019295563476280365,True,0.04956197626888752,0.10067983120679855,0.082372110709548,0.17435873448848724,0.9627792537212372,1,1.027776402235031,0.49999950230121615,0.49999964237213135,1.027776402235031,1.2787009477615356,False,1.1696053743362427,-5.167860507965088,0.03354404310113329,-0.01009771516158553,8,1,10,5.793885536957532,0.593939393939394,0.0028391912358535242,0.06929840038693147,865,0.0011692646952724318,0.003437500074505806,1.7229700326919555,0.4366961568593979,0.8915202677249908,1.0142884254455566,1.7953551292419434,-0.020002465664098645,0.03161672923417009,-0.003138259211061367,-4.392483234405518,2.772418975830078,-0.40157827734947205,2.7759337425231934,0.0006852128705356897,-16.24666976928711,10.815960884094238,-12.24387264251709,10.812882423400879,-0.013246606623285029,-2.9123642444610596,1.4168140888214111,1.0890083312988281,1.4245644807815552,0.0,-3.9982547760009766,48,134,0.19459025450050832,0.4139465600252151,4.761456298828125,0.9999999999999999,-3.9467757963020875,delay_only,0.6,0.0028938141816314406,0.06888632264782593,876,3565158.4,35651584.0,0.9184481501579285,0.0,3,,0,3946.7757963020877,0.19375,3.23116911649704,3905.3138321642355,3505.6640103056748,3696230.4,36962304.0,10,2
39845888.0,7208960.0,1717.784004878774,0,1,0.6786389276385307,0.24104647420454534,2943.298115872352,1448.3471396437578,0.0,2233.8264825084398,1717.784004878774,1.0,7,1.0,0.0,0.0,0.0,0.0,0.5314546324843558,0.0,0.28446124288767166,100000000.0,0.10000000149011612,0.0,0.0,0.0,,-0.5151515151515151,0.0,4,0.34641016151377546,0.053663864731788635,0.8660254037844386,0.0,48.593330197036266,,1287291.607281558,2.2338264825084395,2.2338264825084395,1448.3471396437578,4705484.8,47054848.0,135,-0.18603058469897504,1448.3471396437578,1.0,8762.272622406395,39845888.0,7208960.0,False,0.24851637518593042,4.577840806944311,0.7105499566591934,0.1960204564008383,3,4.1,5.7,0.027542170457995768,4,4,1021.039042655386,-0.630544722026057,0.2950315468524172,,,,,,0.0,4,,,,,,,,,,,,,,,,,,,,,,,,,,,,,,,,,,,,,,,,,,,,,,,,,,,,,,,,,,,,,,,,,,,,,,,,,,,,,,,,,,,,,0.9999999999999999,-2.2338264825084395,delay_only,0.6,0.0029233937886043184,0.0688131175714198,880,3984588.8,39845888.0,1.1126073598861694,0.0,1,,0,2233.8264825084393,0.2328125,3.0249396085739138,2190.899003602672,1717.784004878774,4705484.8,47054848.0,10,4
20971520.0,1310720.0,6760.220357804039,5,1,0.6651580333709717,0.41850749077971316,15068.590710060176,7496.323343426673,0.0,8762.272622406395,6760.220357804038,1.0,2,1.0,0.0,0.0,0.0,0.0,1.7679345852805775,0.0,0.564992105887776,20000000.0,0.10000000149011612,0.0,0.0,0.0,,-0.9999999999999999,0.0,4,0.4,0.04857245087623596,2.0,0.0,75.94402320683002,,1287291.607281558,8.762272622406396,8.762272622406396,7496.323343426673,2228224.0,22282240.0,135,0.09819520208771432,7496.323343426671,1.0,8762.272622406395,20971520.0,1310720.0,False,0.12353282909318467,1.1377794030613928,0.26915900334188,0.6299403558985051,7,5.0,6.0,0.028934606533089796,2,4,3013.891243030291,0.1642195507116636,0.5979507413226655,,,,,,0.0,2,,,,,,,,,,,,,,,,,,,,,,,,,,,,,,,,,,,,,,,,,,,,,,,,,,,,,,,,,,,,,,,,,,,,,,,,,,,,,,,,,,,,,0.9999999999999999,-8.762272622406396,delay_only,0.6,0.002944927625726449,0.06877704798249529,882,2097152.0,20971520.0,0.9176745414733887,0.0,2,,0,8762.272622406395,0.2453125,3.0979993522167204,8716.263519104474,6760.220357804038,2228224.0,22282240.0,10,2
27262976.0,1310720.0,1323.4484592818762,0,0,0.6489092484116554,0.2789581516692802,2486.9164886828426,1214.5229234332176,0.0,1793.1708616440205,1323.4484592818762,1.0,2,1.0,0.0,0.0,0.0,0.0,0.7286795582593849,0.0,0.37602201289271514,100000000.0,0.10000000149011612,0.0,0.0,0.0,,-0.6484848484848483,0.0,4,0.4,0.05118624493479729,2.0,0.0,74.82620608061552,,1287291.607281558,1.7931708616440205,1.7931708616440205,1214.5229234332176,2857369.6,28573696.0,135,-0.08968586244609335,1214.5229234332176,1.0,8762.272622406395,27262976.0,1310720.0,False,0.15063997089351974,1.387445405553902,0.3154142268902797,0.23321349295408492,7,4.7,6.0,0.029838426537275628,2,4,762.2658527236468,-0.24084871835781257,0.37237425657733064,,,,,,0.0,2,,,,,,,,,,,,,,,,,,,,,,,,,,,,,,,,,,,,,,,,,,,,,,,,,,,,,,,,,,,,,,,,,,,,,,,,,,,,,,,,,,,,,0.9999999999999999,-1.7931708616440205,delay_only,0.6,0.0029468416738648146,0.06876905111107694,884,2726297.6,27262976.0,0.9175811409950256,0.0,3,,0,1793.1708616440205,0.1890625,3.2796517610549927,1735.300219827613,1323.4484592818762,2857369.6,28573696.0,10,2
41943040.0,9175040.0,15142.073221273256,0,3,0.6903833709657192,0.444496628624604,39878.967903506455,19914.470093067957,0.9,22152.901117369045,15142.073221273255,1.0,7,1.0,0.0,0.0,0.0,0.0,2.6999999999999993,0.9,0.8099999999999999,100000000.0,0.10000000149011612,0.0,0.0,0.0,,-0.5834190638076266,0.0,4,0.447213595499958,0.04862649738788605,1.118033988749895,0.0,50.07362784817815,,1330470.3492999857,22.152901117369044,22.152901117369044,19914.470093067957,5111808.0,51118080.0,136,0.23964468296125688,19914.470093067957,1.0,43178.74201842766,41943040.0,9175040.0,False,0.2606401586363078,4.801169151292525,0.6926161644902721,0.9099999999999999,4,4.0,5.6,0.01000000000000001,4,4,2966.6238099842453,0.2815931176198012,0.8510317474620176,,,,,,0.0,4,,,,,,,,,,,,,,,,,,,,,,,,,,,,,,,,,,,,,,,,,,,,,,,,,,,,,,,,,,,,,,,,,,,,,,,,,,,,,,,,,,,,,0.9660917830792959,-22.152901117369044,delay_only,0.6,0.0029481861256108214,0.06871952221679171,888,4194304.0,41943040.0,1.1133301258087158,0.0,1,,0,22152.901117369045,0.2,3.161163550615311,22102.873399998505,15142.073221273255,5111808.0,51118080.0,10,4
117440512.0,20971520.0,37239.26580362602,0,0,0.6675282493233681,0.3851572278132019,70227.29057195346,35080.88625260038,0.0,43178.742018427656,37239.26580362602,1.0,2,1.0000000000000002,0.0,0.0,0.0,0.0,1.2050045135365814,0.0,0.5397476138497811,20000000.0,0.10000000149011612,0.0,-2.220446049250313e-16,2.220446049250313e-16,,-0.709090909090909,0.0,4,0.2,0.04497349262237549,1.0,0.0,65.518066752702,,1330470.3492999857,43.17874201842766,43.17874201842766,35080.88625260038,13841203.2,138412032.0,136,-0.06152579884909974,35080.88625260038,1.0,43178.74201842766,117440512.0,20971520.0,False,0.12903257050535913,1.1884338934253726,0.3214166267322977,0.43674565944410076,6,2.8,5.0,0.015808663436970665,2,4,16578.38498807242,-0.11665339297468787,0.5274239975381596,,,,,,2.220446049250313e-16,2,,,,,,,,,,,,,,,,,,,,,,,,,,,,,,,,,,,,,,,,,,,,,,,,,,,,,,,,,,,,,,,,,,,,,,,,,,,,,,,,,,,,,0.9999999999999999,-43.17874201842766,delay_only,0.6,0.002965052265164586,0.06869311460349468,890,11744051.2,117440512.0,0.9177225232124329,0.0,2,,0,43178.74201842766,0.2609375,3.024582314491272,43126.29600092017,37239.265803626025,13841203.2,138412032.0,10,2
20971520.0,1310720.0,702.6735420485646,0,1,0.6589009426534176,0.2930095989575849,1669.9126809945758,805.6557399741589,0.0,1180.6122360421698,702.6735420485645,1.0,2,1.0,0.0,0.0,0.0,0.0,0.5501994184906774,0.0,0.2410616387749419,100000000.0,0.10000000149011612,0.0,0.0,0.0,,-0.9999999999999999,0.0,4,0.0,0.04687654972076416,0.0,0.0,60.06099795922637,,1330470.3492999857,1.1806122360421698,1.1806122360421698,805.6557399741588,2228224.0,22282240.0,136,0.12782407275953547,805.6557399741588,1.0,43178.74201842766,20971520.0,1310720.0,False,0.1322936739271887,1.218469765928639,0.3367319308900354,0.2546680117741546,5,5.0,6.0,0.05946967845353961,2,4,531.4837101143974,0.37561161136046395,0.34030916215970297,,,,,,0.0,2,,,,,,,,,,,,,,,,,,,,,,,,,,,,,,,,,,,,,,,,,,,,,,,,,,,,,,,,,,,,,,,,,,,,,,,,,,,,,,,,,,,,,0.9999999999999999,-1.1806122360421698,delay_only,0.6,0.0029681020448158895,0.06867185163106922,892,2097152.0,20971520.0,0.9177647829055786,0.0,3,,0,1180.6122360421698,0.209375,3.275835394859314,1122.0110349959116,702.6735420485646,2228224.0,22282240.0,10,2
37748736.0,15073280.0,2214.8581980580066,0,0,0.6813560612499714,0.24035427467674803,3558.994723589416,1753.0324229101072,0.0,2703.575128222709,2214.8581980580066,1.0,7,0.9999999999999999,0.0,0.0,0.0,0.0,0.5630407637039598,0.0,0.31839214483772305,100000000.0,0.10000000149011612,0.0,1.1102230246251565e-16,0.0,,-0.7454545454545454,0.0,4,0.447213595499958,0.04944804310798645,1.118033988749895,0.0,52.929877769201994,,1343651.0977534624,2.7035751282227087,2.7035751282227087,1753.032422910107,5282201.6,52822016.0,137,-0.26344394382691977,1753.032422910107,1.0,13180.748453476748,37748736.0,15073280.0,False,0.25851186461819475,4.761964526655602,0.712159572887201,0.19529939514209405,4,4.2,5.3,0.019946228119001937,4,4,1203.7233896068647,-0.8407394511077546,0.31334790282507524,,,,,,0.0,4,,,,,,,,,,,,,,,,,,,,,,,,,,,,,,,,,,,,,,,,,,,,,,,,,,,,,,,,,,,,,,,,,,,,,,,,,,,,,,,,,,,,,0.9999999999999999,-2.7035751282227087,delay_only,0.6,0.0029608590630952293,0.06863674980834293,896,3774873.6,37748736.0,1.1131261587142944,0.0,1,,0,2703.575128222709,0.18125,3.239018052816391,2660.1407076221744,2214.8581980580066,5282201.6,52822016.0,10,4
35651584.0,15073280.0,11100.548885680857,0,1,0.6648069247603416,0.186034196877789,16193.245960601807,8059.208845588014,0.0,13180.748453476748,11100.548885680855,1.0,2,0.9999999999999999,0.0,0.0,0.0,0.0,0.5328990764354483,0.0,0.2953309805725868,20000000.0,0.10000000149011612,0.0,1.1102230246251565e-16,0.0,,-0.6,0.0,4,0.4,0.05509268119931221,2.0,0.0,74.82826942577958,,1343651.0977534624,13.180748453476749,13.180748453476749,8059.208845588014,5072486.4,50724864.0,137,-0.37737451632833835,8059.208845588014,1.0,13180.748453476748,35651584.0,15073280.0,False,0.13521675803438507,1.2453923654918317,0.28672633578858997,0.15969228880133574,7,4.3,5.3,0.018282698194879186,2,4,5963.110681508932,-1.4509530575487395,0.26008733664056655,,,,,,0.0,2,,,,,,,,,,,,,,,,,,,,,,,,,,,,,,,,,,,,,,,,,,,,,,,,,,,,,,,,,,,,,,,,,,,,,,,,,,,,,,,,,,,,,0.9999999999999999,-13.180748453476749,delay_only,0.6,0.0029628713838191255,0.06861489326920782,898,3565158.4,35651584.0,0.9177353978157043,0.0,2,,0,13180.748453476748,0.2265625,3.1234532475471495,13130.028736424914,11100.548885680855,5072486.4,50724864.0,10,2
31457280.0,1310720.0,1352.2889699990305,3,0,0.6550042890012264,0.2461857768487754,2417.2284160647932,1181.3086622813912,0.0,1822.1411606349473,1352.2889699990303,1.0,2,1.0,0.0,0.0,0.0,0.0,0.5649581583187371,0.0,0.3163607445147297,100000000.0,0.10000000149011612,0.0,0.0,0.0,,-0.5030303030303029,0.0,4,0.0,0.05297485366463661,0.0,0.0,55.90792838484049,,1343651.0977534624,1.8221411606349474,1.8221411606349474,1181.3086622813912,3276800.0,32768000.0,137,-0.1447380461829808,1181.3086622813912,1.0,13180.748453476748,31457280.0,1310720.0,False,0.12397847290388335,1.1418839342425922,0.29843901503716264,0.20151237202781758,5,4.5,6.0,0.030610636589853482,2,4,808.587549855415,-0.45873523666196,0.3155154315944507,,,,,,0.0,2,,,,,,,,,,,,,,,,,,,,,,,,,,,,,,,,,,,,,,,,,,,,,,,,,,,,,,,,,,,,,,,,,,,,,,,,,,,,,,,,,,,,,0.9999999999999999,-1.8221411606349474,delay_only,0.6,0.002981470990699354,0.06858131258301865,900,3145728.0,31457280.0,0.9178675413131714,0.0,3,,0,1822.1411606349473,0.1953125,3.282114624977112,1767.5300691329362,1352.2889699990305,3276800.0,32768000.0,10,2
65011712.0,21495808.0,10707.282943273112,0,2,0.6811222992837429,0.43213911268285177,20997.71002726319,10473.630495833544,0.4,11923.778247709857,10707.282943273112,1.0,7,1.0,0.0,0.0,0.0,0.0,2.1746224907278524,0.4,0.7458705342081487,100000000.0,0.10000000149011612,0.0,0.0,0.0,,-0.7503664793768668,0.0,4,0.447213595499958,0.04978403076529503,1.118033988749895,0.0,50.449035596102476,,1364198.7408181992,11.923778247709857,11.923778247709857,10473.630495833544,8650752.0,86507520.0,138,-0.022308639543138088,10473.630495833542,1.0,20547.643064736898,65011712.0,21495808.0,False,0.2572936234841284,4.739523695655814,0.6635727411161438,0.7482774952932668,4,3.5,5.0,0.01,4,4,2999.782040165228,-0.031262668600453423,0.7135871805522875,,,,,,0.0,4,,,,,,,,,,,,,,,,,,,,,,,,,,,,,,,,,,,,,,,,,,,,,,,,,,,,,,,,,,,,,,,,,,,,,,,,,,,,,,,,,,,,,0.9692233691951198,-11.923778247709857,delay_only,0.6,0.003014904090848008,0.06851123566280565,904,6501171.2,65011712.0,1.1131395101547241,0.0,1,,0,11923.778247709857,0.184375,3.2144442021846773,11876.16981767817,10707.282943273112,8650752.0,86507520.0,10,4
41943040.0,1310720.0,16487.033273545283,8,0,0.6630592979490757,0.4236003750796875,35648.25890991449,17793.205394342465,0.0,20547.643064736898,16487.033273545287,1.0,2,1.0,0.0,0.0,0.0,0.0,1.8750030372193531,0.0,0.6175611859778992,20000000.0,0.10000000149011612,0.0,0.0,0.0,,-0.9999999999999999,0.0,4,0.2,0.04192493483424187,1.0,0.0,61.84812122955918,,1364198.7408181992,20.5476430647369,20.5476430647369,17793.205394342465,4325376.0,43253760.0,138,0.07340847766600221,17793.20539434246,1.0,20547.643064736898,41943040.0,1310720.0,False,0.12612584453925124,1.1616619579094576,0.31227667588211633,0.6608213048981473,6,4.0,6.0,0.02432059897639135,2,4,6688.636380753292,0.11762474700267574,0.6240904192068725,,,,,,0.0,2,,,,,,,,,,,,,,,,,,,,,,,,,,,,,,,,,,,,,,,,,,,,,,,,,,,,,,,,,,,,,,,,,,,,,,,,,,,,,,,,,,,,,0.9999999999999999,-20.5476430647369,delay_only,0.6,0.0030192700925831435,0.06848329647516449,906,4194304.0,41943040.0,0.9177196621894836,0.0,2,,0,20547.643064736898,0.2125,3.156153380870819,20496.778519108448,16487.033273545287,4325376.0,43253760.0,10,2
27262976.0,1310720.0,1009.3070635179151,1,1,0.667267944663763,0.30621349376176377,2151.3999079636856,1049.9929510198347,0.0,1492.6122256673884,1009.3070635179151,1.0,2,1.0,0.0,0.0,0.0,0.0,0.8219242858963064,0.0,0.4013351784980304,100000000.0,0.10000000149011612,0.0,0.0,0.0,,-0.6,0.0,4,0.4,0.05634063854813576,2.0,0.0,73.91567621380091,,1364198.7408181992,1.4926122256673884,1.4926122256673884,1049.9929510198347,2857369.6,28573696.0,138,0.03874872441991377,1049.9929510198347,1.0,20547.643064736898,27262976.0,1310720.0,False,0.13452624221752074,1.2390324797862782,0.2535197224653607,0.2683994912557936,7,4.7,6.0,0.040561440688699345,2,4,619.9968902181397,0.09461920982732691,0.40952280716175227,,,,,,0.0,2,,,,,,,,,,,,,,,,,,,,,,,,,,,,,,,,,,,,,,,,,,,,,,,,,,,,,,,,,,,,,,,,,,,,,,,,,,,,,,,,,,,,,0.9999999999999999,-1.4926122256673884,delay_only,0.6,0.0030147956216675324,0.06846574140805702,908,2726297.6,27262976.0,0.9176246523857117,0.0,3,,0,1492.6122256673884,0.2140625,3.2397040128707886,1441.1982197433722,1009.3070635179151,2857369.6,28573696.0,10,2
39845888.0,1310720.0,2469.992622308652,0,1,0.6779138930141926,0.4006505737548568,4841.399390197814,2396.610697239399,0.0,2901.689946738646,2469.9926223086522,1.0,7,1.0,0.0,0.0,0.0,0.0,1.5143355496757898,0.0,0.6359465206248202,100000000.0,0.10000000149011612,0.0,0.0,0.0,,-0.6,0.0,4,0.34641016151377546,0.04849683865904808,0.8660254037844386,0.0,48.1779957190156,,1375558.3013771523,2.9016899467386463,2.9016899467386463,2396.610697239399,4115660.8,41156608.0,139,-0.03061904261454713,2396.610697239399,1.0,11359.56055895312,39845888.0,1310720.0,False,0.2460112120312889,4.531693996261146,0.7000627009868764,0.5245358110556126,3,4.4,6.0,0.015688654414763796,4,4,954.5027267546386,-0.05088518097891488,0.6017280871465238,,,,,,0.0,4,,,,,,,,,,,,,,,,,,,,,,,,,,,,,,,,,,,,,,,,,,,,,,,,,,,,,,,,,,,,,,,,,,,,,,,,,,,,,,,,,,,,,0.9878787878787878,-2.9016899467386463,delay_only,0.6,0.0030169261227562224,0.06841690937187593,912,3984588.8,39845888.0,1.112735390663147,0.0,1,,0,2901.6899467386465,0.209375,3.1238881170749666,2857.5012288928183,2469.992622308652,4115660.8,41156608.0,10,4
41943040.0,1310720.0,7465.547245794106,0,1,0.660391990095377,0.23451893307291383,14839.766846950826,7391.910596275567,0.0,11359.56055895312,7465.547245794106,1.0,2,1.0,0.0,0.0,0.0,0.0,0.4885085863169792,0.0,0.2646790332186575,20000000.0,0.10000000149011612,0.0,0.0,0.0,,-0.9999999999999999,0.0,4,0.0,0.046436857432127,0.0,0.0,55.94565439969301,,1375558.3013771523,11.35956055895312,11.35956055895312,7391.910596275567,4325376.0,43253760.0,139,-0.009961788438788885,7391.910596275567,1.0,11359.56055895312,41943040.0,1310720.0,False,0.12739381290708512,1.1733403781581067,0.3285813305399745,0.1889690532240122,5,4.0,6.0,0.05143043616249151,2,4,5328.864511130164,-0.03569316751998253,0.27909510785815966,,,,,,0.0,2,,,,,,,,,,,,,,,,,,,,,,,,,,,,,,,,,,,,,,,,,,,,,,,,,,,,,,,,,,,,,,,,,,,,,,,,,,,,,,,,,,,,,0.9999999999999999,-11.35956055895312,delay_only,0.6,0.0030235753796694453,0.06839206948633847,914,4194304.0,41943040.0,0.9177665114402771,0.0,2,,0,11359.56055895312,0.234375,3.152964621782303,11305.110756222888,7465.547245794107,4325376.0,43253760.0,10,2
20971520.0,1310720.0,603.787144512218,0,0,0.6765378639101982,0.22059644095648007,1364.4674242165297,654.1213781418458,0.0,1063.4707666333077,603.7871445122179,1.0,2,1.0,0.0,0.0,0.0,0.0,0.3446679448241178,0.0,0.177806742003924,100000000.0,0.10000000149011612,0.0,0.0,0.0,,-0.9999999999999999,0.0,4,0.0,0.05451252683997154,0.0,0.0,57.775824796408415,,1375558.3013771523,1.0634707666333076,1.0634707666333076,654.1213781418458,2228224.0,22282240.0,139,0.07694937868046992,654.1213781418458,1.0,11359.56055895312,20971520.0,1310720.0,False,0.12750739215286733,1.1743864816709533,0.3146902888432393,0.18523805898014223,5,5.0,6.0,0.06656448402017084,2,4,490.41911081365566,0.3074742607487393,0.25026283010840744,,,,,,0.0,2,,,,,,,,,,,,,,,,,,,,,,,,,,,,,,,,,,,,,,,,,,,,,,,,,,,,,,,,,,,,,,,,,,,,,,,,,,,,,,,,,,,,,0.9999999999999999,-1.0634707666333076,delay_only,0.6,0.0030195895598959296,0.06837527403210743,916,2097152.0,20971520.0,0.9179094433784485,0.0,3,,0,1063.4707666333077,0.178125,3.3342854976654053,1007.2460987004695,603.7871445122179,2228224.0,22282240.0,10,2
44040192.0,3276800.0,2979.7239028935965,0,2,0.6793821230530739,0.3296200874255487,5132.118039463551,2542.1689551681734,0.0,3440.4688426173398,2979.7239028935965,1.0,7,1.0,0.0,0.0,0.0,0.0,0.9248410600544332,0.0,0.4892634288427049,100000000.0,0.10000000149011612,0.0,0.0,0.0,,-0.6606060606060605,0.0,4,0.447213595499958,0.05189213901758194,1.118033988749895,0.0,51.193519961088896,,1411305.238133683,3.4404688426173395,3.4404688426173395,2542.168955168173,4731699.2,47316992.0,140,-0.17211875191689502,2542.1689551681734,1.0,35746.93675653078,44040192.0,3276800.0,False,0.2560580126549345,4.716762903047464,0.7065100722931792,0.29889593161054356,4,4.1,5.9,0.013817239513763119,4,4,1364.3517218247598,-0.37149647274505976,0.46331194114731716,,,,,,0.0,4,,,,,,,,,,,,,,,,,,,,,,,,,,,,,,,,,,,,,,,,,,,,,,,,,,,,,,,,,,,,,,,,,,,,,,,,,,,,,,,,,,,,,0.9999999999999999,-3.4404688426173395,delay_only,0.6,0.0030293803173256804,0.0683281533531378,920,4404019.2,44040192.0,1.1132447719573975,0.0,1,0.16796875,0,3440.4688426173398,0.1984375,3.088961809873581,3397.6710950835713,2979.7239028935965,4731699.2,47316992.0,10,4
79691776.0,7208960.0,31890.18201761088,0,0,0.6672176532447338,0.3867977038541463,58295.50375334563,29122.595673946747,0.0,35746.93675653077,31890.182017610885,1.0,2,1.0,0.0,0.0,0.0,0.0,1.4009568426455994,0.0,0.644345569285435,20000000.0,0.10000000149011612,0.0,0.0,0.0,,-0.7818181818181817,0.0,4,0.4,0.0594075508415699,2.0,0.0,79.6846579760313,,1411305.238133683,35.74693675653078,35.74693675653078,29122.595673946747,8690073.6,86900736.0,140,-0.09503226891756873,29122.59567394675,1.0,35746.93675653078,79691776.0,7208960.0,False,0.13578471664861325,1.2506234576460693,0.2799685165734448,0.4429946552446789,7,3.4,5.7,0.011843990350566278,2,4,11534.801897301139,-0.15735835766616388,0.6039226026950529,,,,,,0.0,2,,,,,,,,,,,,,,,,,,,,,,,,,,,,,,,,,,,,,,,,,,,,,,,,,,,,,,,,,,,,,,,,,,,,,,,,,,,,,,,,,,,,,0.9999999999999999,-35.74693675653078,delay_only,0.6,0.0030309617418988496,0.06831488779595422,922,7969177.6,79691776.0,0.9177332520484924,0.0,2,0.16796875,0,35746.93675653078,0.2671875,3.0251262366771696,35696.62435107864,31890.182017610878,8690073.6,86900736.0,10,2
117440512.0,13107200.0,6872.230700566289,3,0,0.6595039740204811,0.40311268855225524,14717.36452182132,7331.844417207554,0.0,8784.608141026352,6872.230700566288,1.0,2,1.0,0.0,0.0,0.0,0.0,1.4324553421322452,0.0,0.5291641459144669,100000000.0,0.10000000149011612,0.0,0.0,0.0,,-0.6727272727272726,0.0,4,0.2,0.04551028832793236,1.0,0.0,69.38741263002157,,1411305.238133683,8.784608141026352,8.784608141026352,7331.844417207553,13054771.2,130547712.0,140,0.06268732538330589,7331.844417207553,1.0,35746.93675653078,117440512.0,13107200.0,False,0.12750092196202573,1.1743268890110303,0.30514120529900024,0.5240445366116631,6,2.2,5.4,0.026817930132615755,2,4,3330.5325747461834,0.11486575771573393,0.5457442377078333,,,,,,0.0,2,,,,,,,,,,,,,,,,,,,,,,,,,,,,,,,,,,,,,,,,,,,,,,,,,,,,,,,,,,,,,,,,,,,,,,,,,,,,,,,,,,,,,0.9999999999999999,-8.784608141026352,delay_only,0.6,0.0030282888516795625,0.0682985507799938,924,11744051.2,117440512.0,0.9176468849182129,0.0,3,0.16796875,0,8784.608141026352,0.2296875,3.1425999760627747,8730.93245362014,6872.230700566288,13054771.2,130547712.0,10,2
48234496.0,1310720.0,5001.287425484571,6,1,0.666934996843338,0.4355046191524482,10241.371733885886,5092.277599407674,0.3,5781.2070373212655,5001.287425484571,1.0,7,1.0,0.0,0.0,0.0,0.0,2.3553440346192036,0.3,0.7615535420171496,100000000.0,0.10000000149011612,0.0,0.0,0.0,,-0.24316221747202585,0.0,4,0.447213595499958,0.04638246074318886,1.118033988749895,0.0,58.64782677963376,,1417086.4451710044,5.781207037321265,5.781207037321265,5092.277599407674,4954521.6,49545216.0,141,0.01786826663449907,5092.277599407674,1.0,5781.2070373212655,48234496.0,1310720.0,False,0.2467469869393234,4.545247470941461,0.6527158289991983,0.8055962117691553,4,4.0,6.0,0.010000000000000031,4,4,1367.8664313175607,0.024430754236451056,0.7313841587354412,,,,,,0.0,4,,,,,,,,,,,,,,,,,,,,,,,,,,,,,,,,,,,,,,,,,,,,,,,,,,,,,,,,,,,,,,,,,,,,,,,,,,,,,,,,,,,,,0.9969650916353059,-5.781207037321265,delay_only,0.6,0.0030055431230935955,0.06830739299650179,928,4823449.6,48234496.0,1.1132698059082031,0.0,1,,0,5781.2070373212655,0.171875,3.421797651052475,5724.390502250727,5001.287425484571,4954521.6,49545216.0,10,4
20971520.0,1310720.0,3282.7481849123997,1,0,0.6525488570332527,0.30317592912086694,7491.284817207616,3719.5954933911617,0.0,5220.107582441653,3282.7481849124,1.0,2,1.0,0.0,0.0,0.0,0.0,0.5344111416282876,0.0,0.20699506977771087,20000000.0,0.10000000149011612,0.0,0.0,0.0,,-0.9999999999999999,0.0,4,0.2,0.052662406116724014,1.0,0.0,67.07612983882427,,1417086.4451710044,5.220107582441653,5.220107582441653,3719.5954933911617,2228224.0,22282240.0,141,0.11744484292846774,3719.595493391161,1.0,5781.2070373212655,20971520.0,1310720.0,False,0.12903669271541365,1.1884718603830595,0.312685251466019,0.25680396330557914,6,5.0,6.0,0.056973095782561094,2,4,2460.5313225889868,0.3469619091777009,0.33849491780470026,,,,,,0.0,2,,,,,,,,,,,,,,,,,,,,,,,,,,,,,,,,,,,,,,,,,,,,,,,,,,,,,,,,,,,,,,,,,,,,,,,,,,,,,,,,,,,,,0.9999999999999999,-5.220107582441653,delay_only,0.6,0.0030179406988889794,0.0682810235959934,930,2097152.0,20971520.0,0.9177102446556091,0.0,2,,0,5220.107582441653,0.240625,3.2554791927337647,5168.013752016361,3282.7481849124,2228224.0,22282240.0,10,2
41943040.0,1310720.0,1474.3414654363062,0,1,0.6624078378081322,0.21487311042343862,2861.875248738449,1405.2541135534998,0.0,2246.935212398166,1474.3414654363064,1.0,2,1.0,0.0,0.0,0.0,0.0,0.4075563090252296,0.0,0.22526827826030368,100000000.0,0.10000000149011612,0.0,0.0,0.0,,-0.9999999999999999,0.0,4,0.2,0.04573787376284599,1.0,0.0,67.19118170440197,,1417086.4451710044,2.2469352123981663,2.2469352123981663,1405.2541135534998,4325376.0,43253760.0,141,-0.04916360053065702,1405.2541135534996,1.0,5781.2070373212655,41943040.0,1310720.0,False,0.13583371339037753,1.251074734314836,0.3314025912787224,0.17780957647985562,6,4.0,6.0,0.047845263922540876,2,4,1048.2167213524997,-0.19350172668725127,0.254073187729834,,,,,,0.0,2,,,,,,,,,,,,,,,,,,,,,,,,,,,,,,,,,,,,,,,,,,,,,,,,,,,,,,,,,,,,,,,,,,,,,,,,,,,,,,,,,,,,,0.9999999999999999,-2.2469352123981663,delay_only,0.6,0.003005162868559881,0.0682698669983225,932,4194304.0,41943040.0,0.9177082180976868,0.0,3,,0,2246.935212398166,0.1875,3.328293704986572,2195.5681907667163,1474.3414654363062,4325376.0,43253760.0,10,2
83886080.0,9568256.0,5198.339018528808,2,0,0.6798962131142616,0.41740247258621477,10277.749618166165,5116.641947824993,0.0,5987.791514921582,5198.339018528808,1.0,7,1.0,0.0,0.0,0.0,0.0,1.7447084095664969,0.0,0.6165598418489862,100000000.0,0.10000000149011612,0.0,0.0,0.0,,-0.8909090909090909,0.0,4,0.447213595499958,0.048381902277469635,1.118033988749895,0.0,51.40691436827183,,1435030.7074730254,5.987791514921582,5.987791514921582,5116.641947824993,9345433.6,93454336.0,142,-0.01596693134616239,5116.641947824993,1.0,17944.262302021132,83886080.0,9568256.0,False,0.2537442872069688,4.6741425052413295,0.6923124605465759,0.618935761400053,4,3.1,5.7,0.01429583673548109,4,4,2007.8346813084108,-0.02627923306270377,0.60758741733689,,,,,,0.0,4,,,,,,,,,,,,,,,,,,,,,,,,,,,,,,,,,,,,,,,,,,,,,,,,,,,,,,,,,,,,,,,,,,,,,,,,,,,,,,,,,,,,,0.9999999999999999,-5.987791514921582,delay_only,0.6060606060606061,0.002980842884678625,0.06797382413684183,936,8388608.0,83886080.0,1.1132732629776,0.0,1,,0,5987.791514921582,0.21875,3.1274994909763336,5943.325792405402,5198.339018528808,9345433.6,93454336.0,10,4
71303168.0,1310720.0,12787.455291219469,2,0,0.6604930385947227,0.34622623454221685,27447.204599065342,13685.312544182692,0.0,17944.262302021132,12787.455291219469,1.0,2,1.0,0.0,0.0,0.0,0.0,0.8051984989070909,0.0,0.3560121677615033,20000000.0,0.10000000149011612,0.0,0.0,0.0,,-0.01818181818181818,0.0,4,0.4,0.05110333114862442,2.0,0.0,76.57951069995761,,1435030.7074730254,17.944262302021134,17.944262302021134,13685.312544182692,7261388.8,72613888.0,142,0.06560736191186833,13685.312544182692,1.0,17944.262302021132,71303168.0,1310720.0,False,0.13139922032960796,1.2102315438479818,0.2696980753443708,0.3272142764870227,7,3.3,6.0,0.03993292496547376,2,4,7995.904231847905,0.15781206123256214,0.41573097391577096,,,,,,0.0,2,,,,,,,,,,,,,,,,,,,,,,,,,,,,,,,,,,,,,,,,,,,,,,,,,,,,,,,,,,,,,,,,,,,,,,,,,,,,,,,,,,,,,0.9999999999999999,-17.944262302021134,delay_only,0.6060606060606061,0.002988052195638485,0.06795001586211571,938,7130316.8,71303168.0,0.9177296757698059,0.0,2,,0,17944.262302021132,0.240625,3.218342363834381,17893.86021765564,12787.455291219467,7261388.8,72613888.0,10,2
33554432.0,1310720.0,1158.6031209847838,2,0,0.6634742021560669,0.26769372248360407,2198.9357358927145,1067.7489796263285,0.0,1610.2944432493705,1158.6031209847838,1.0,2,0.9999999999999998,0.0,0.0,0.0,0.0,0.559826100235637,0.0,0.30698694350174355,100000000.0,0.10000000149011612,0.0,2.220446049250313e-16,0.0,,-0.3696969696969697,0.0,4,0.2,0.053829241544008255,1.0,0.0,63.437776640057564,,1435030.7074730254,1.6102944432493704,1.6102944432493704,1067.7489796263285,3486515.2,34865152.0,142,-0.08508941997795294,1067.7489796263285,1.0,17944.262302021132,33554432.0,1310720.0,False,0.1388851131028015,1.279179164277211,0.35040442676488903,0.22286200130707776,6,4.4,6.0,0.034461890388454146,2,4,716.5540427868573,-0.25870003188566526,0.3289115171642459,,,,,,0.0,2,,,,,,,,,,,,,,,,,,,,,,,,,,,,,,,,,,,,,,,,,,,,,,,,,,,,,,,,,,,,,,,,,,,,,,,,,,,,,,,,,,,,,0.9999999999999999,-1.6102944432493704,delay_only,0.6060606060606061,0.00299120644362278,0.06792661952950775,940,3355443.2,33554432.0,0.9176791310310364,0.0,3,,0,1610.2944432493705,0.2015625,3.2606594920158387,1557.8796585757689,1158.6031209847838,3486515.2,34865152.0,10,2
48234496.0,15073280.0,4241.744682361541,7,0,0.7596570067107677,0.4149750833031239,8149.884393749302,4050.209699353906,0.0,4767.885438542356,4241.74468236154,1.0,7,1.0,0.0,0.0,0.0,0.0,1.693255272858174,0.0,0.573498534858143,100000000.0,0.10000000149011612,0.0,0.0,0.0,,-0.49090909090909085,0.0,4,0.5477225575051661,0.049405865371227264,1.0954451150103321,0.0,49.4649950414896,,1443789.3200093177,4.767885438542356,4.767885438542356,4050.209699353906,6330777.6,63307776.0,143,-0.04729013982614035,4050.2096993539053,1.0,8758.612536292318,48234496.0,15073280.0,False,0.31439636469723103,7.239243826433638,0.8777444260454502,0.60612759295339,4,3.9,5.3,0.011394699432287088,5,4,1661.8891390760937,-0.08019651389902055,0.5896782481802855,,,,,,0.0,5,,,,,,,,,,,,,,,,,,,,,,,,,,,,,,,,,,,,,,,,,,,,,,,,,,,,,,,,,,,,,,,,,,,,,,,,,,,,,,,,,,,,,0.9999999999999999,-4.767885438542356,delay_only,0.6060606060606061,0.003018962598251276,0.0678489632546826,945,4823449.6,48234496.0,1.1274640560150146,0.0,1,,0,4767.885438542356,0.1984375,3.2375524818897246,4725.0787396016585,4241.74468236154,6330777.6,63307776.0,10,5
41943040.0,1310720.0,5021.106675210072,0,0,0.6551919505000114,0.1514341496818545,10321.665116512204,5121.63303672382,0.0,8758.612536292318,5021.106675210072,1.0,2,1.0000000000000002,0.0,0.0,0.0,0.0,0.2388738141818276,0.0,0.1290204349868034,20000000.0,0.10000000149011612,0.0,-2.220446049250313e-16,2.220446049250313e-16,,-0.9999999999999999,0.0,4,0.6,0.0527142770588398,3.0,0.0,78.39904306456447,,1443789.3200093177,8.758612536292318,8.758612536292318,5121.633036723821,4325376.0,43253760.0,143,0.019627794649272935,5121.63303672382,1.0,8758.612536292318,41943040.0,1310720.0,False,0.16976518904357654,1.563595174404222,0.2536015868654239,0.14392348576419375,8,4.0,6.0,0.07287450864334785,2,4,4285.018624749212,0.1201585342959624,0.1633491517209067,,,,,,2.220446049250313e-16,2,,,,,,,,,,,,,,,,,,,,,,,,,,,,,,,,,,,,,,,,,,,,,,,,,,,,,,,,,,,,,,,,,,,,,,,,,,,,,,,,,,,,,0.9999999999999999,-8.758612536292318,delay_only,0.6060606060606061,0.003035207506108403,0.06778350087622563,947,4194304.0,41943040.0,0.9178611636161804,0.0,2,,0,8758.612536292318,0.2515625,3.0575137734413147,8711.032254088463,5021.106675210072,4325376.0,43253760.0,10,2
41943040.0,20971520.0,2438.9010230534154,5,1,0.6532128900289536,0.28233195905198466,5037.436373970245,2486.151340636777,0.0,3615.2070939074993,2438.901023053416,1.0,2,1.0,0.0,0.0,0.0,0.0,0.6366478184601361,0.0,0.3214620487288584,100000000.0,0.10000000149011612,0.0,0.0,0.0,,-0.9999999999999999,0.0,4,0.0,0.046884335577487946,0.0,0.0,70.75681583955884,,1443789.3200093177,3.6152070939074994,3.6152070939074994,2486.151340636777,6291456.0,62914560.0,143,0.01900540679525133,2486.151340636777,1.0,8758.612536292318,41943040.0,20971520.0,False,0.12709387952711543,1.1705778896396686,0.31278599288661646,0.23367795750897322,5,4.0,5.0,0.045329812262345,2,4,1624.481941688727,0.05483578463044631,0.3465876694084726,,,,,,0.0,2,,,,,,,,,,,,,,,,,,,,,,,,,,,,,,,,,,,,,,,,,,,,,,,,,,,,,,,,,,,,,,,,,,,,,,,,,,,,,,,,,,,,,0.9999999999999999,-3.6152070939074994,delay_only,0.6060606060606061,0.0030403045772813874,0.0678042317195417,949,4194304.0,41943040.0,0.9179258346557617,0.0,3,,0,3615.2070939074993,0.209375,3.2014627158641815,3550.0734012108082,2438.901023053416,6291456.0,62914560.0,10,2
83886080.0,1310720.0,2798.5295490994795,2,1,0.6521288305521011,0.21242727058455044,5622.3639722233165,2778.495468537765,0.0,4428.020539371007,2798.5295490994795,1.0,7,1.0,0.0,0.0,0.0,0.0,0.3658271817934489,0.0,0.1980525935642393,100000000.0,0.10000000149011612,0.0,0.0,0.0,,-0.9878787878787878,0.0,4,0.2,0.056697580963373184,1.0,0.0,77.05655647441745,,1475320.4139363132,4.428020539371007,4.428020539371007,2778.495468537765,8519680.0,85196800.0,144,-0.0072104060591677965,2778.4954685377647,1.0,31531.09392699547,83886080.0,1310720.0,False,0.1361386038875243,1.2538828795697388,0.2918635978933723,0.1753932328430538,6,3.0,6.0,0.05547321929463483,2,4,2111.346693994163,-0.030029404723736983,0.24011152154036117,,,,,,0.0,2,,,,,,,,,,,,,,,,,,,,,,,,,,,,,,,,,,,,,,,,,,,,,,,,,,,,,,,,,,,,,,,,,,,,,,,,,,,,,,,,,,,,,0.9878787878787878,-4.428020539371007,delay_only,0.6060606060606061,0.0030303146780347482,0.0678231875190392,951,8388608.0,83886080.0,0.9176936745643616,0.0,1,,0,4428.020539371007,0.2265625,3.124350595474243,4362.64750422322,2798.5295490994795,8519680.0,85196800.0,10,2
94371840.0,11141120.0,26382.87582068375,0,0,0.7458571344614029,0.3381582792468956,47641.44196155614,23786.195734418663,0.5,31531.09392699547,26382.87582068375,1.0,2,1.0,0.0,0.0,0.0,0.0,1.038793881262305,0.5,0.5515587664614048,20000000.0,0.10000000149011612,0.0,0.0,0.0,,-0.42023031949290335,0.0,4,0.0,0.04856587201356888,0.0,0.0,72.51584716141224,,1475320.4139363132,31.531093926995467,31.531093926995467,23786.195734418663,10551296.0,105512960.0,144,-0.10916752368718151,23786.195734418663,1.0,31531.09392699547,94371840.0,11141120.0,False,0.12719974423086086,1.1715529395945423,0.32768761129350465,0.30988363324169044,5,3.5,5.5,0.01,2,4,11095.261056607658,-0.20460904986022457,0.5335420098072766,,,,,,0.0,2,,,,,,,,,,,,,,,,,,,,,,,,,,,,,,,,,,,,,,,,,,,,,,,,,,,,,,,,,,,,,,,,,,,,,,,,,,,,,,,,,,,,,0.937436866561092,-31.531093926995467,delay_only,0.6060606060606061,0.0030539099247774153,0.06783829861974372,953,9437184.0,94371840.0,0.9177987575531006,0.0,2,,0,31531.09392699547,0.209375,3.217626988887787,31462.043434276653,26382.87582068375,10551296.0,105512960.0,10,2
20971520.0,1310720.0,2055.953394353828,9,0,0.6607756949961185,0.42708496736377816,4376.470970591211,2153.7122848190634,0.0,2507.346008947741,2055.953394353828,1.0,2,1.0,0.0,0.0,0.0,0.0,2.1897355948692594,0.0,0.6783001402198535,100000000.0,0.10000000149011612,0.0,0.0,0.0,,-0.9999999999999999,0.0,4,0.4,0.04995613172650337,2.0,0.0,83.85733608156443,,1475320.4139363132,2.5073460089477413,2.5073460089477413,2153.7122848190634,2228224.0,22282240.0,144,0.04539087748828457,2153.7122848190634,1.0,31531.09392699547,20971520.0,1310720.0,False,0.14317992683249314,1.3187358605619077,0.2923849033494298,0.7567843362756543,7,5.0,6.0,0.01859702728139893,2,4,677.6022955162869,0.06622737544877047,0.6853793794591216,,,,,,0.0,2,,,,,,,,,,,,,,,,,,,,,,,,,,,,,,,,,,,,,,,,,,,,,,,,,,,,,,,,,,,,,,,,,,,,,,,,,,,,,,,,,,,,,0.9999999999999999,-2.5073460089477413,delay_only,0.6060606060606061,0.003080651415119393,0.06788417056487983,955,2097152.0,20971520.0,0.9179115295410156,0.0,3,,0,2507.346008947741,0.21875,3.2173152208328246,2438.2996079946565,2055.9533943538277,2228224.0,22282240.0,10,2
27262976.0,5242880.0,1491.1802508932208,0,0,0.6966982036828995,0.3651039070527467,3141.219536139096,1541.512405648095,0.0,1994.3480105842953,1491.1802508932208,1.0,7,1.0,0.0,0.0,0.0,0.0,1.070219350499324,0.0,0.4834475148638821,100000000.0,0.10000000149011612,0.0,0.0,0.0,,-0.5151515151515151,0.0,4,0.447213595499958,0.05107325688004494,1.118033988749895,0.0,67.15473299846053,,1486394.059071687,1.9943480105842952,1.9943480105842952,1541.512405648095,3250585.6,32505856.0,145,0.03265115127874254,1541.5124056480952,1.0,11073.645135373732,27262976.0,5242880.0,False,0.24543277377693168,4.521038769847543,0.6884554666842713,0.39061143520754293,4,4.7,5.8,0.02923945823661764,4,4,784.6521825555727,0.0665012550788013,0.49098548952275034,,,,,,0.0,4,,,,,,,,,,,,,,,,,,,,,,,,,,,,,,,,,,,,,,,,,,,,,,,,,,,,,,,,,,,,,,,,,,,,,,,,,,,,,,,,,,,,,0.9999999999999999,-1.9943480105842952,delay_only,0.6060606060606061,0.0031023205355538673,0.06795094762674193,959,2726297.6,27262976.0,1.1131482124328613,0.0,1,,0,1994.3480105842953,0.2359375,3.0312463283538817,1938.8316502566934,1491.1802508932208,3250585.6,32505856.0,10,4
29360128.0,1310720.0,9040.472060407783,3,1,0.6633838638663292,0.4177295935800801,19018.04559063865,9480.169754897943,0.0,11073.645135373732,9040.472060407783,1.0,2,1.0,0.0,0.0,0.0,0.0,1.7387415515836768,0.0,0.6167218672613847,20000000.0,0.10000000149011612,0.0,0.0,0.0,,-0.7818181818181817,0.0,4,0.2,0.051765475422143936,1.0,0.0,72.0998365432024,,1486394.059071687,11.073645135373733,11.073645135373733,9480.169754897943,3067084.8,30670848.0,145,0.046380782819103857,9480.169754897941,1.0,11073.645135373732,29360128.0,1310720.0,False,0.13530279136442858,1.2461847617448671,0.3340342401954239,0.617291266153272,6,4.6,6.0,0.021692155291438198,2,4,3731.487514526365,0.07648669314199873,0.6063902217997218,,,,,,0.0,2,,,,,,,,,,,,,,,,,,,,,,,,,,,,,,,,,,,,,,,,,,,,,,,,,,,,,,,,,,,,,,,,,,,,,,,,,,,,,,,,,,,,,0.9999999999999999,-11.073645135373733,delay_only,0.6060606060606061,0.0030946470926386483,0.06796048399899124,961,2936012.8,29360128.0,0.9177175760269165,0.0,2,,0,11073.645135373732,0.2203125,3.169068086147308,11015.939054530969,9040.472060407783,3067084.8,30670848.0,10,2
65011712.0,7208960.0,4828.4487554434045,8,1,0.6595938466489315,0.3582249030963873,8418.01602300841,4181.357682219834,0.3,5402.473048902386,4828.4487554434045,1.0,2,1.0,0.0,0.0,0.0,0.0,1.370584802505855,0.3,0.6465203715453084,100000000.0,0.10000000149011612,0.0,0.0,0.0,,-0.4255338805760452,0.0,4,0.4,0.05369298532605171,2.0,0.0,84.89356050267816,,1486394.059071687,5.402473048902386,5.402473048902386,4181.357682219835,7222067.2,72220672.0,145,-0.15475621135574266,4181.357682219834,1.0,11073.645135373732,65011712.0,7208960.0,False,0.15453948147666344,1.4233612253087788,0.32511908738952183,0.35866400150199806,7,3.8,5.7,0.010000000000000005,2,4,1583.4544747198133,-0.24908205638895642,0.6213061414351005,,,,,,0.0,2,,,,,,,,,,,,,,,,,,,,,,,,,,,,,,,,,,,,,,,,,,,,,,,,,,,,,,,,,,,,,,,,,,,,,,,,,,,,,,,,,,,,,0.9969650916353059,-5.402473048902386,delay_only,0.6060606060606061,0.0030968384453542762,0.06796342776643705,963,6501171.2,65011712.0,0.9174367189407349,0.0,3,,0,5402.473048902386,0.234375,3.1273455798625944,5347.172390333646,4828.4487554434045,7222067.2,72220672.0,10,2
50331648.0,7208960.0,11479.195788046234,3,2,0.7651378400623798,0.4435416097944498,22845.674706195452,11388.585969359134,0.6,12712.667370169178,11479.195788046234,1.0,7,1.0,0.0,0.0,0.0,0.0,2.690135347492063,0.6,0.8091223793868759,100000000.0,0.10000000149011612,0.0,0.0,0.0,,-0.4642963445592649,0.0,4,0.6,0.055344682186841965,1.5,0.0,70.98469510674477,,1567902.969661262,12.712667370169179,12.712667370169179,11388.585969359134,5754060.8,57540608.0,146,-0.007956195697243335,11388.585969359132,1.0,81508.91058957495,50331648.0,7208960.0,False,0.26685720541027974,4.915691385086081,0.707834111433262,0.9070388478281789,5,4.0,5.7,0.01,4,4,1987.4525750538405,-0.00963818030089729,0.82548732736434,,,,,,0.0,4,,,,,,,,,,,,,,,,,,,,,,,,,,,,,,,,,,,,,,,,,,,,,,,,,,,,,,,,,,,,,,,,,,,,,,,,,,,,,,,,,,,,,0.8876253645985945,-12.712667370169179,delay_only,0.6121212121212121,0.0030982476415162834,0.06803126790268943,967,5033164.8,50331648.0,1.1135377883911133,0.0,1,,0,12712.667370169178,0.240625,2.9790695309638977,12645.017250860796,11479.195788046234,5754060.8,57540608.0,10,4
134217728.0,101187584.0,73290.21782906557,0,0,0.8757812902331352,0.3281193068723091,121314.55989625257,60621.30931730359,0.1,81508.91058957495,73290.21782906557,1.0,2,1.0,0.0,0.0,0.0,0.0,0.9188476921970953,0.1,0.49771412616337635,20000000.0,0.10000000149011612,0.0,0.0,0.0,,-0.9636363636363635,0.0,4,0.2,0.05738509073853493,1.0,0.0,71.94126164540648,,1567902.969661262,81.50891058957495,81.50891058957495,60621.30931730358,23540531.2,235405312.0,146,-0.20898440918605835,60621.30931730358,1.0,81508.91058957495,134217728.0,101187584.0,False,0.1276723154285573,1.1759054811753191,0.31868316471891356,0.2912293402484363,6,1.8,3.6,0.010000000000000009,2,4,31943.672786593117,-0.4417696171787041,0.4730619785957807,,,,,,0.0,2,,,,,,,,,,,,,,,,,,,,,,,,,,,,,,,,,,,,,,,,,,,,,,,,,,,,,,,,,,,,,,,,,,,,,,,,,,,,,,,,,,,,,0.9999999999999999,-81.50891058957495,delay_only,0.6121212121212121,0.0030915321601611497,0.06804179680694684,969,13421772.8,134217728.0,0.9177144765853882,0.0,2,,0,81508.91058957495,0.234375,3.161188304424286,81440.38634347086,73290.21782906559,23540531.2,235405312.0,10,2
46137344.0,1310720.0,3046.2325168587377,0,0,0.6726928986608982,0.4208200642222418,6081.320779073753,3011.2002727816594,0.0,3522.178978267883,3046.232516858738,1.0,2,1.0,0.0,0.0,0.0,0.0,1.9103142278054812,0.0,0.6907516446379498,100000000.0,0.10000000149011612,0.0,0.0,0.0,,-0.35757575757575755,0.0,4,0.2,0.046948254108428955,1.0,0.0,70.58003870770335,,1567902.969661262,3.522178978267883,3.522178978267883,3011.2002727816594,4744806.4,47448064.0,146,-0.011633980108774832,3011.200272781659,1.0,81508.91058957495,46137344.0,1310720.0,False,0.13312185820840575,1.2260976250493685,0.32057859750200524,0.6661085809587332,6,4.2,6.0,0.013307139900123346,2,4,1036.6090948266558,-0.017741517569910607,0.6557488705760953,,,,,,0.0,2,,,,,,,,,,,,,,,,,,,,,,,,,,,,,,,,,,,,,,,,,,,,,,,,,,,,,,,,,,,,,,,,,,,,,,,,,,,,,,,,,,,,,0.9999999999999999,-3.522178978267883,delay_only,0.6121212121212121,0.0030764355321413394,0.0680312026248195,971,4613734.4,46137344.0,0.9176639914512634,0.0,3,,0,3522.178978267883,0.196875,3.224516487121582,3463.258744757448,3046.232516858738,4744806.4,47448064.0,10,2
65011712.0,26083328.0,5999.0035774023845,4,0,0.6574820727109909,0.3613824407303883,11311.805891445934,5627.397552186206,0.6,7223.917869326817,5999.0035774023845,1.0,7,1.0,0.0,0.0,0.0,0.0,1.4001122229082585,0.6,0.6559959849405502,100000000.0,0.10000000149011612,0.0,0.0,0.0,,0.38236169551939453,0.0,4,0.3741657386773941,0.053593721240758896,1.247219128924647,0.0,62.00306722894311,,1576491.0938778732,7.223917869326817,7.223917869326817,5627.397552186206,9109504.0,91095040.0,147,-0.06603514711197414,5627.397552186206,1.0,8588.12421661127,65011712.0,26083328.0,False,0.20638696515013064,2.851341296057835,0.5285053161772428,0.3655318425954127,5,4.1,5.1,0.01,3,4,2047.318725305006,-0.10379828020152991,0.6361872950473106,,,,,,0.0,3,,,,,,,,,,,,,,,,,,,,,,,,,,,,,,,,,,,,,,,,,,,,,,,,,,,,,,,,,,,,,,,,,,,,,,,,,,,,,,,,,,,,,0.8876253645985945,-7.223917869326817,delay_only,0.6121212121212121,0.0030719659645971707,0.06801461331316958,974,6501171.2,65011712.0,1.0469629764556885,0.0,1,,0,7223.917869326817,0.2109375,3.1693343818187714,7166.907082253294,5999.003577402384,9109504.0,91095040.0,10,3
31457280.0,1310720.0,6625.2245929979545,9,1,0.6505590863525867,0.2797360373336074,11923.578940168445,5930.90326377398,0.0,8588.12421661127,6625.224592997954,1.0,2,1.0,0.0,0.0,0.0,0.0,0.7294387806360565,0.0,0.39671635259081195,20000000.0,0.10000000149011612,0.0,0.0,0.0,,-0.8181818181818182,0.0,4,0.0,0.049216900020837784,0.0,0.0,62.45599314570427,,1576491.0938778732,8.58812421661127,8.58812421661127,5930.90326377398,3276800.0,32768000.0,147,-0.11706839554522763,5930.90326377398,1.0,8588.12421661127,31457280.0,1310720.0,False,0.12830736743384802,1.1817545262979525,0.33278840466920084,0.22851168774390573,5,4.5,6.0,0.02868496914770473,2,4,3701.6130825066907,-0.3114539933196456,0.3758770093054489,,,,,,0.0,2,,,,,,,,,,,,,,,,,,,,,,,,,,,,,,,,,,,,,,,,,,,,,,,,,,,,,,,,,,,,,,,,,,,,,,,,,,,,,,,,,,,,,0.9999999999999999,-8.58812421661127,delay_only,0.6121212121212121,0.003050066253619193,0.06801437380196003,976,3145728.0,31457280.0,0.9177719354629517,0.0,2,,0,8588.12421661127,0.2734375,3.059535652399063,8526.351803990785,6625.224592997954,3276800.0,32768000.0,10,2
33554432.0,13107200.0,3167.7334988303287,6,0,0.6597321480512619,0.41181973026463536,6151.342245310207,3042.121687684039,0.0,3618.098141081101,3167.7334988303282,1.0,2,1.0000000000000002,0.0,0.0,0.0,0.0,1.6716771232954188,0.0,0.5936362388363311,100000000.0,0.10000000149011612,0.0,-2.220446049250313e-16,2.220446049250313e-16,,-0.41818181818181815,0.0,4,0.2,0.05094568803906441,1.0,0.0,67.09886994212866,,1576491.0938778732,3.618098141081101,3.618098141081101,3042.121687684039,4666163.2,46661632.0,147,-0.04129085685652432,3042.121687684039,1.0,8588.12421661127,33554432.0,13107200.0,False,0.12848528263630685,1.1833931858699476,0.2934480556897851,0.5978101190919236,6,4.4,5.4,0.012521175518050705,2,4,1239.4068661467165,-0.0696792469033845,0.5925847177105283,,,,,,2.220446049250313e-16,2,,,,,,,,,,,,,,,,,,,,,,,,,,,,,,,,,,,,,,,,,,,,,,,,,,,,,,,,,,,,,,,,,,,,,,,,,,,,,,,,,,,,,0.9999999999999999,-3.6180981410811013,delay_only,0.6121212121212121,0.003050810059743758,0.06799715144612827,978,3355443.2,33554432.0,0.9176903963088989,0.0,3,,0,3618.098141081101,0.1953125,3.4036856174468992,3564.3709701629627,3167.7334988303282,4666163.2,46661632.0,10,2
50331648.0,15073280.0,2229.752052127099,4,0,0.6508673541247845,0.29076426981921827,4439.399034880568,2194.2663773319223,0.0,3148.580416067378,2229.752052127099,1.0,7,1.0,0.0,0.0,0.0,0.0,0.5687923446762195,0.0,0.28080131386130147,100000000.0,0.10000000149011612,0.0,0.0,0.0,,-0.9151515151515152,0.0,4,0.787400787401181,0.05772438272833824,2.6246692913372702,0.0,80.42981568723917,,1594280.4475356296,3.148580416067378,3.148580416067378,2194.2663773319223,6540492.8,65404928.0,148,-0.016171999517362708,2194.266377331922,1.0,17789.35365775649,50331648.0,15073280.0,False,0.2708681269758419,3.7421814680507515,0.45310135501425,0.2428769518372133,7,3.8,5.3,0.03914829576310559,3,4,1439.9744757266399,-0.04704501628568004,0.34375584906079154,,,,,,0.0,3,,,,,,,,,,,,,,,,,,,,,,,,,,,,,,,,,,,,,,,,,,,,,,,,,,,,,,,,,,,,,,,,,,,,,,,,,,,,,,,,,,,,,0.9878787878787878,-3.148580416067378,delay_only,0.6121212121212121,0.003031761885456721,0.06798300352424984,981,5033164.8,50331648.0,1.0473684072494507,0.0,1,,0,3148.580416067378,0.23125,3.121685230731964,3102.6619802777327,2229.7520521270994,6540492.8,65404928.0,10,3
67108864.0,1310720.0,13809.86216970064,5,0,0.6660660728812218,0.2784081542509646,24652.930548696226,12292.327364814655,0.0,17789.35365775649,13809.86216970064,1.0,2,1.0,0.0,0.0,0.0,0.0,0.671760910850416,0.0,0.361753473498015,20000000.0,0.10000000149011612,0.0,0.0,0.0,,-0.7696969696969697,0.0,4,0.2,0.04990164190530777,1.0,0.0,68.27581906691194,,1594280.4475356296,17.78935365775649,17.78935365775649,12292.327364814657,6841958.4,68419584.0,148,-0.12345382284804343,12292.327364814655,1.0,17789.35365775649,67108864.0,1310720.0,False,0.12241800896739022,1.1275115302492966,0.29244480105392734,0.2264301412262308,6,3.4,6.0,0.02837574709248138,2,4,7914.231236974582,-0.34661980015378474,0.356164947280192,,,,,,0.0,2,,,,,,,,,,,,,,,,,,,,,,,,,,,,,,,,,,,,,,,,,,,,,,,,,,,,,,,,,,,,,,,,,,,,,,,,,,,,,,,,,,,,,0.9999999999999999,-17.78935365775649,delay_only,0.6121212121212121,0.0030368943482036712,0.06798680186431198,983,6710886.4,67108864.0,0.9177215695381165,0.0,2,,0,17789.35365775649,0.2484375,3.0951782703399657,17728.513732795156,13809.86216970064,6841958.4,68419584.0,10,2
67108864.0,9175040.0,3068.0310534196115,0,1,0.6755641661584377,0.2566244349663508,5977.903994414456,2955.8189370015,0.0,4443.827759564755,3068.031053419612,1.0,2,1.0,0.0,0.0,0.0,0.0,0.5941122652473714,0.0,0.31212733077596916,100000000.0,0.10000000149011612,0.0,0.0,0.0,,-0.7696969696969697,0.0,4,0.2,0.042751431465148926,1.0,0.0,77.64527713879943,,1594280.4475356296,4.443827759564755,4.443827759564755,2955.8189370015,7628390.4,76283904.0,148,-0.03796312250842521,2955.8189370015,1.0,17789.35365775649,67108864.0,9175040.0,False,0.14127296233072092,1.3011720684233095,0.34778182729748086,0.2079011154780599,6,3.4,5.6,0.04268309423641887,2,4,2015.7629458998988,-0.11936748180990342,0.3180357156975357,,,,,,0.0,2,,,,,,,,,,,,,,,,,,,,,,,,,,,,,,,,,,,,,,,,,,,,,,,,,,,,,,,,,,,,,,,,,,,,,,,,,,,,,,,,,,,,,0.9999999999999999,-4.443827759564755,delay_only,0.6121212121212121,0.003052989338370288,0.06801992546813064,985,6710886.4,67108864.0,0.9176954030990601,0.0,3,,0,4443.827759564755,0.184375,3.286353552341461,4377.561639153299,3068.0310534196115,7628390.4,76283904.0,10,2
41943040.0,13238272.0,4010.9060977047184,0,3,0.9014434181153774,0.429132226156923,8183.036874497421,4058.4322984712767,0.1,4671.432043820154,4010.9060977047184,1.0,7,1.0,0.0,0.0,0.0,0.0,2.1435203070280378,0.1,0.6958442536771184,100000000.0,0.10000000149011612,0.0,0.0,0.0,,-0.6242424242424242,0.0,4,0.5477225575051661,0.05130928009748459,1.0954451150103321,0.0,68.57113679870963,,1639738.6302913115,4.671432043820154,4.671432043820154,4058.4322984712758,5518131.2,55181312.0,149,0.011710482588180578,4058.4322984712758,1.0,45458.182755681875,41943040.0,13238272.0,False,0.29777663185920933,6.856560335609913,0.854038335611293,0.7421778417319923,4,4.1,5.4,0.01000000000000001,5,4,1299.055467819551,0.017223526790044314,0.6799120023983455,,,,,,0.0,5,,,,,,,,,,,,,,,,,,,,,,,,,,,,,,,,,,,,,,,,,,,,,,,,,,,,,,,,,,,,,,,,,,,,,,,,,,,,,,,,,,,,,0.9999999999999999,-4.671432043820154,delay_only,0.6121212121212121,0.0031451711418529825,0.06817066657907374,990,4194304.0,41943040.0,1.1274493932724,0.0,1,,0,4671.432043820154,0.209375,3.118708920478821,4605.259766265284,4010.9060977047184,5518131.2,55181312.0,10,5
33554432.0,13107200.0,39499.644827378805,0,1,0.6622360087931156,0.4425578033015397,81547.79639021796,40734.89563945366,0.4,45458.182755681875,39499.64482737881,1.0,2,1.0,0.0,0.0,0.0,0.0,2.5898939452789014,0.4,0.7914799833327999,20000000.0,0.10000000149011612,0.0,0.0,0.0,,0.09726488698881035,0.0,4,0.2,0.038909099996089935,1.0,0.0,78.00511131063104,,1639738.6302913115,45.458182755681875,45.458182755681875,40734.895639453665,4666163.2,46661632.0,149,0.030324143285111575,40734.89563945366,1.0,45458.182755681875,33554432.0,13107200.0,False,0.11924200592451147,1.0982594612019512,0.28226981706720966,0.876908992744273,6,4.4,5.4,0.010000000000000016,2,4,8457.01786533616,0.03826926976795742,0.7923888662882655,,,,,,0.0,2,,,,,,,,,,,,,,,,,,,,,,,,,,,,,,,,,,,,,,,,,,,,,,,,,,,,,,,,,,,,,,,,,,,,,,,,,,,,,,,,,,,,,0.9969650916353059,-45.458182755681875,delay_only,0.6121212121212121,0.0031581124780921677,0.06820023522624505,992,3355443.2,33554432.0,0.9177347421646118,0.0,2,,0,45458.182755681875,0.209375,3.1067203164100645,45380.177644371244,39499.644827378805,4666163.2,46661632.0,10,2
71303168.0,1310720.0,3663.498776591227,0,1,0.6553148850798607,0.3374874089135996,6980.70408832232,3448.6965481655043,0.0,4624.804353161849,3663.498776591227,1.0,2,1.0,0.0,0.0,0.0,0.0,0.8910423726757813,0.0,0.4312346328216493,100000000.0,0.10000000149011612,0.0,0.0,0.0,,-0.5636363636363636,0.0,4,0.4,0.053382933139801025,2.0,0.0,83.31099199131131,,1639738.6302913115,4.624804353161849,4.624804353161849,3448.6965481655043,7261388.8,72613888.0,149,-0.0622850475319393,3448.696548165504,1.0,45458.182755681875,71303168.0,1310720.0,False,0.13895577576377902,1.2798299914364035,0.2792435845508242,0.31558442586248836,7,3.3,6.0,0.02449685897092967,2,4,1927.4892313151004,-0.14120509811276907,0.4410963085921818,,,,,,0.0,2,,,,,,,,,,,,,,,,,,,,,,,,,,,,,,,,,,,,,,,,,,,,,,,,,,,,,,,,,,,,,,,,,,,,,,,,,,,,,,,,,,,,,0.9999999999999999,-4.624804353161849,delay_only,0.6121212121212121,0.0031646875156345284,0.06822136301813168,994,7130316.8,71303168.0,0.9177135229110718,0.0,3,,0,4624.80435316185,0.215625,3.161884921789169,4560.940905294515,3663.4987765912274,7261388.8,72613888.0,10,2
85983232.0,11141120.0,5393.487168460813,0,2,0.6640232168138027,0.37420857054652334,11084.218551082564,5513.738307940786,0.5,6936.408971456702,5393.487168460814,1.0,7,1.0,0.0,0.0,0.0,0.0,1.2537951608511215,0.5,0.6177897003098927,100000000.0,0.10000000149011612,0.0,0.0,0.0,,-0.22627786434233255,0.0,4,0.5099019513592785,0.05228633061051369,1.699673171197595,0.0,60.75228005647659,,1654589.5576233086,6.936408971456702,6.936408971456702,5513.738307940787,9712435.2,97124352.0,150,0.021809366488574455,5513.738307940786,1.0,14850.92733199709,85983232.0,11141120.0,False,0.218769771359073,3.0224160859747036,0.44004958404476213,0.4036622258280487,5,3.6,5.5,0.01,3,4,2275.009421611426,0.037129115681016636,0.5873925647985508,,,,,,0.0,3,0.0011206406015174032,0.0,0.0,0.0,0.0,0.0,0.0,0.0,0.0,0.0,0.0,0.0,0.0,0.0,0.10000000149011612,0.0,0.0,0.0,0.0,0.0,0.0,0.0048202618956565855,0.00023487133162466422,0.0,0.7768022954463959,0.051352906972169876,0.2622267335653305,-0.0007959635047381397,True,0.09998888224363327,0.12874121218919754,0.06683994270861149,0.08348296955227852,0.9398642897605896,1,0.6402812868356704,0.4851240634918213,0.4999993145465851,0.6402812868356704,0.7395692467689514,False,0.1511498987674713,-5.316694736480713,0.03161588306269765,-0.009000446238810512,9,1,10,5.05850650370121,0.6121212121212121,0.003172307261915107,0.06824552466238631,1001,0.002006409893510863,0.009640523791313171,1.6365561485290527,0.45903089046478274,0.6080048203468322,1.011944055557251,1.2282339751720428,-0.017204923237965984,0.036614756542276514,-0.0035490040867784955,-6.315793514251709,4.944490432739258,-1.1638540029525757,4.955484390258789,-0.000509182840493061,-22.990558624267578,18.87641143798828,-17.806175231933594,18.88258934020996,-0.002717207239705255,-3.1731042861938477,1.891642451286316,1.987640380859375,1.8957020044326782,0.0,-5.165545463562012,51,150,0.0851465379819274,0.11044436395168304,7.319772243499756,0.937436866561092,-6.936408971456702,delay_only,0.6121212121212121,0.0031723220889599154,0.06820515247292998,997,8598323.2,85983232.0,1.0472270250320435,0.0,1,0.1765625,0,6936.408971456702,0.2125,3.197534680366516,6888.419280314709,5393.487168460814,9712435.2,97124352.0,10,3
41943040.0,20971520.0,9343.794766133484,2,0,0.6661461666226387,0.23027000692650043,19293.684104341526,9611.51283833919,0.0,14850.92733199709,9343.794766133484,1.0,2,1.0,0.0,0.0,0.0,0.0,0.3533640840278499,0.0,0.18338738651220945,20000000.0,0.10000000149011612,0.0,0.0,0.0,,-0.9999999999999999,0.0,4,0.2,0.04997695982456207,1.0,0.0,70.65842766314745,,1654589.5576233086,14.850927331997092,14.850927331997092,9611.51283833919,6291456.0,62914560.0,150,0.027853895292925073,9611.51283833919,1.0,14850.92733199709,41943040.0,20971520.0,False,0.1259225391539051,1.159789446110964,0.28655127600379243,0.18595408093590127,6,4.0,5.0,0.05818272205533579,2,4,7187.976884446187,0.1104658966481025,0.2521492708437951,,,,,,0.0,2,0.0011206406015174032,0.0,0.0,0.0,0.0,0.0,0.0,0.0,0.0,0.0,0.0,0.0,0.0,0.0,0.10000000149011612,0.0,0.0,0.0,0.0,0.0,0.0,0.0048202618956565855,0.00023487133162466422,0.0,0.7768022954463959,0.051352906972169876,0.2622267335653305,-0.0007959635047381397,True,0.09998888224363327,0.12874121218919754,0.06683994270861149,0.08348296955227852,0.9398642897605896,1,0.6402812868356704,0.4851240634918213,0.4999993145465851,0.6402812868356704,0.7395692467689514,False,0.1511498987674713,-5.316694736480713,0.03161588306269765,-0.009000446238810512,9,1,10,5.05850650370121,0.6121212121212121,0.003172307261915107,0.06824552466238631,1001,0.002006409893510863,0.009640523791313171,1.6365561485290527,0.45903089046478274,0.6080048203468322,1.011944055557251,1.2282339751720428,-0.017204923237965984,0.036614756542276514,-0.0035490040867784955,-6.315793514251709,4.944490432739258,-1.1638540029525757,4.955484390258789,-0.000509182840493061,-22.990558624267578,18.87641143798828,-17.806175231933594,18.88258934020996,-0.002717207239705255,-3.1731042861938477,1.891642451286316,1.987640380859375,1.8957020044326782,0.0,-5.165545463562012,51,150,0.0851465379819274,0.11044436395168304,7.319772243499756,0.9999999999999999,-14.850927331997092,delay_only,0.6121212121212121,0.0031622819443790167,0.06821444490903976,999,4194304.0,41943040.0,0.917725145816803,0.0,2,0.1765625,0,14850.92733199709,0.2515625,3.0414846181869506,14786.002817610288,9343.794766133486,6291456.0,62914560.0,10,2
41943040.0,1310720.0,1439.7574310450884,8,1,0.6629889830946922,0.37001400730863393,3600.4241054924746,1767.1559887030435,0.0,2268.2167542086004,1439.7574310450882,1.0,2,0.9999999999999999,0.0,0.0,0.0,0.0,1.0263955383910526,0.0,0.3558459662370138,100000000.0,0.10000000149011612,0.0,1.1102230246251565e-16,0.0,,-0.9999999999999999,0.0,4,0.2,0.05440918356180191,1.0,0.0,73.3952415175736,,1654589.5576233086,2.2682167542086002,2.2682167542086002,1767.1559887030432,4325376.0,43253760.0,150,0.18526862356856239,1767.1559887030432,1.0,14850.92733199709,41943040.0,1310720.0,False,0.12987709235661593,1.196212227127019,0.2897590436815066,0.4062907287602327,6,4.0,6.0,0.052949696847457976,2,4,957.4547016642239,0.404344865073999,0.4581945749073787,,,,,,0.0,2,0.0011206406015174032,0.0,0.0,0.0,0.0,0.0,0.0,0.0,0.0,0.0,0.0,0.0,0.0,0.0,0.10000000149011612,0.0,0.0,0.0,0.0,0.0,0.0,0.0048202618956565855,0.00023487133162466422,0.0,0.7768022954463959,0.051352906972169876,0.2622267335653305,-0.0007959635047381397,True,0.09998888224363327,0.12874121218919754,0.06683994270861149,0.08348296955227852,0.9398642897605896,1,0.6402812868356704,0.4851240634918213,0.4999993145465851,0.6402812868356704,0.7395692467689514,False,0.1511498987674713,-5.316694736480713,0.03161588306269765,-0.009000446238810512,9,1,10,5.05850650370121,0.6121212121212121,0.003172307261915107,0.06824552466238631,1001,0.002006409893510863,0.009640523791313171,1.6365561485290527,0.45903089046478274,0.6080048203468322,1.011944055557251,1.2282339751720428,-0.017204923237965984,0.036614756542276514,-0.0035490040867784955,-6.315793514251709,4.944490432739258,-1.1638540029525757,4.955484390258789,-0.000509182840493061,-22.990558624267578,18.87641143798828,-17.806175231933594,18.88258934020996,-0.002717207239705255,-3.1731042861938477,1.891642451286316,1.987640380859375,1.8957020044326782,0.0,-5.165545463562012,51,150,0.0851465379819274,0.11044436395168304,7.319772243499756,0.9999999999999999,-2.2682167542086002,delay_only,0.6121212121212121,0.003172307261915107,0.06824552466238631,1001,4194304.0,41943040.0,0.9177075624465942,0.0,3,0.1765625,0,2268.2167542086004,0.2171875,3.1547581553459167,2202.1046261222123,1439.7574310450882,4325376.0,43253760.0,10,2
