actual_bandwidth_tx_delay_ms,available_migs,bandwidth_allocation_sum,bandwidth_alpha_max,bandwidth_alpha_mean,bandwidth_alpha_min,bandwidth_context_score_std,bandwidth_cv,bandwidth_floor_hit_rate,bandwidth_gini,bandwidth_hz,bandwidth_latent_mean,bandwidth_physical_score_std,bandwidth_unused,bandwidth_violation,channel_bandwidth_spearman,channel_permutation_delta_spearman,cluster_load_cv,cluster_size_std,cluster_size_violation,compute_delay_ms,delay,delay_normalized,epoch,equal_bandwidth_improvement,equal_bandwidth_tx_delay_ms,is_warmup,kl_normalized,kl_sum,max_bandwidth_share,max_cluster_size,mean_l1,mean_l2,min_bandwidth_share,nonempty_cluster_count,oracle_bandwidth_tx_delay_ms,oracle_gap_closure,oracle_opportunity,penalty,physical_cluster_count,required_airtime_bandwidth_spearman,reward,smashed_data_bytes_per_client_mean,smashed_data_bytes_total,station_id,test_accuracy,total_delay_ms,train_accuracy,train_loss,tx_delay_ms,vehicle_count,virtual_cluster_count
232.59439251146932,2,1.0,0.0,0.0,0.0,0.0,0.0,0.0,0.0,100000000.0,0.0,0.0,0.0,0.0,0.0,0.0,0.2,1.0,0.0,150.4471879452467,0.383041580456716,0.383041580456716,1,0.0,232.59439251146932,True,0.13698685037938285,1.2616955184790908,0.1,6,4.0,5.0,0.1,2,75.72854477339436,0.0,0.6744180117340527,0.0,2,0.0,-0.2600142154180494,262144.0,2621440.0,1,,383.041580456716,0.021875,4.634757685661316,232.59439251146932,10,2
70.06303598262902,2,1.0,0.0,0.0,0.0,0.0,0.0,0.0,0.0,100000000.0,0.0,0.0,0.0,0.0,0.0,0.0,0.2,1.0,0.0,154.3533024378121,0.22441633842044112,0.22441633842044112,1,0.0,70.06303598262902,True,0.12333375610074604,1.1359458730421652,0.1,6,4.0,5.0,0.1,2,54.566192047608645,0.0,0.22118430521427246,0.0,2,0.0,-0.17387504726059358,262144.0,2621440.0,2,,224.41633842044112,0.021875,4.6253409624099735,70.06303598262902,10,2
73.80900223767983,2,1.0,0.0,0.0,0.0,0.0,0.0,0.0,0.0,100000000.0,0.0,0.0,0.0,0.0,0.0,0.0,0.8,4.0,0.0,211.0384670086205,0.28484746924630033,0.28484746924630033,1,0.0,73.80900223767983,True,0.23668368548515478,2.1799373038120344,0.1,9,4.0,5.0,0.1,2,57.27148117025617,0.0,0.22405832034105422,0.0,2,0.0,-0.2607655773657276,262144.0,2621440.0,3,,284.8474692463003,0.01875,4.673738133907318,73.80900223767983,10,2
78.76714112694087,2,1.0,0.0,0.0,0.0,0.0,0.0,0.0,0.0,100000000.0,0.0,0.0,0.0,0.0,0.0,0.0,0.2,1.0,0.0,165.20633129402995,0.2439734724209708,0.2439734724209708,2,0.0,78.76714112694087,True,0.1331113196468517,1.2260005613104248,0.1,6,4.0,5.0,0.1,2,59.16904262724858,0.0,0.24881058547126983,0.0,2,0.0,-0.18854239603391126,262144.0,2621440.0,1,,243.9734724209708,0.025,4.4752485990524296,78.76714112694086,10,2
75.83584117450071,2,1.0,0.0,0.0,0.0,0.0,0.0,0.0,0.0,100000000.0,0.0,0.0,0.0,0.0,0.0,0.0,0.0,0.0,0.0,132.37633602693677,0.18882806126706553,0.18882806126706553,2,0.0,75.83584117450071,True,0.11627574636029471,1.0709392009838852,0.1,5,4.0,5.0,0.1,2,55.797617819778594,0.0,0.26423156972194095,0.0,2,0.0,-0.1525519038136801,262144.0,2621440.0,2,,188.82806126706552,0.03125,4.484756648540497,75.83584117450071,10,2
91.30807074689949,2,1.0,0.0,0.0,0.0,0.0,0.0,0.0,0.0,100000000.0,0.0,0.0,0.0,0.0,0.0,0.0,0.0,0.0,0.0,127.14901473373175,0.21845708548063125,0.21845708548063125,2,0.0,91.30807074689949,True,0.1197458643852879,1.1029001691250022,0.1,5,4.0,5.0,0.1,2,58.19280895430177,0.0,0.3626761744248353,0.0,2,0.0,-0.16910147493295957,262144.0,2621440.0,3,,218.45708548063126,0.028125,4.453275620937347,91.3080707468995,10,2
110.75318799387436,2,1.0,0.0,0.0,0.0,0.0,0.0,0.0,0.0,100000000.0,0.0,0.0,0.0,0.0,0.0,0.0,0.2,1.0,0.0,158.14673621207476,0.2352457297684788,0.2352457297684788,3,0.0,110.75318799387436,True,0.14511325094199012,1.3365424336597227,0.1,6,4.0,5.0,0.1,2,71.63745567576647,0.0,0.35317929015525346,0.0,2,0.0,-0.19017949035523446,262144.0,2621440.0,1,,235.24572976847878,0.0265625,4.503457760810852,110.75318799387439,10,2
108.17350317117706,2,1.0,0.0,0.0,0.0,0.0,0.0,0.0,0.0,100000000.0,0.0,0.0,0.0,0.0,0.0,0.0,0.0,0.0,0.0,139.22027638182044,0.24739377955299752,0.24739377955299752,3,0.0,108.17350317117706,True,0.12641188528232683,1.1642964905134368,0.1,5,4.0,5.0,0.1,2,69.66423637461045,0.0,0.35599537472340487,0.0,2,0.0,-0.18690283241766217,262144.0,2621440.0,2,,247.39377955299753,0.028125,4.475898325443268,108.17350317117706,10,2
84.95504147978468,2,1.0,0.0,0.0,0.0,0.0,0.0,0.0,0.0,100000000.0,0.0,0.0,0.0,0.0,0.0,0.0,0.4,2.0,0.0,152.1478509530425,0.23710289243282717,0.23710289243282717,3,0.0,84.95504147978468,True,0.14394328214559515,1.3257666228203335,0.1,7,4.0,5.0,0.1,2,61.050011186563474,0.0,0.28138448144845507,0.0,2,0.0,-0.19052308728921116,262144.0,2621440.0,3,,237.10289243282716,0.034375,4.479240345954895,84.95504147978468,10,2
66.04403361153703,2,1.0,0.0,0.0,0.0,0.0,0.0,0.0,0.0,100000000.0,0.0,0.0,0.0,0.0,0.0,0.0,0.4,2.0,0.0,197.0351729542017,0.26307920656573874,0.26307920656573874,4,0.0,66.04403361153703,True,0.13932391202250996,1.2832206516825815,0.1,7,4.0,5.0,0.1,2,53.950818995643615,0.0,0.18310835899309594,0.0,2,0.0,-0.20120155929412437,262144.0,2621440.0,1,,263.07920656573873,0.0171875,4.42805382013321,66.04403361153705,10,2
95.15333210859946,2,1.0,0.0,0.0,0.0,0.0,0.0,0.0,0.0,100000000.0,0.0,0.0,0.0,0.0,0.0,0.0,0.4,2.0,0.0,162.06889925524592,0.25722223136384537,0.25722223136384537,4,0.0,95.15333210859946,True,0.1321679813825197,1.2173120948100178,0.1,7,4.0,5.0,0.1,2,63.08030001769817,0.0,0.3370668307684277,0.0,2,0.0,-0.19469510637318255,262144.0,2621440.0,2,,257.22223136384537,0.015625,4.416389334201813,95.15333210859944,10,2
109.56638383849887,2,1.0,0.0,0.0,0.0,0.0,0.0,0.0,0.0,100000000.0,0.0,0.0,0.0,0.0,0.0,0.0,0.6,3.0,0.0,226.38636361807585,0.3359527474565747,0.3359527474565747,4,0.0,109.56638383849887,True,0.15493977769753728,1.4270480897526427,0.1,8,4.0,5.0,0.1,2,71.117136156803,0.0,0.3509219373194808,0.0,2,0.0,-0.24544626257705598,262144.0,2621440.0,3,,335.95274745657474,0.0390625,4.438744401931762,109.56638383849885,10,2
73.74433364821105,2,1.0,0.0,0.0,0.0,0.0,0.0,0.0,0.0,100000000.0,0.0,0.0,0.0,0.0,0.0,0.0,0.6,3.0,0.0,161.04487609118223,0.23478920973939327,0.23478920973939327,5,0.0,73.74433364821105,True,0.1813114879016804,1.6699405169239183,0.1,8,4.0,5.0,0.1,2,56.78041993502523,0.0,0.23003684315747214,0.0,2,0.0,-0.20805034882053683,262144.0,2621440.0,1,,234.78920973939327,0.040625,4.445662236213684,73.74433364821104,10,2
166.88559541883603,2,1.0,0.0,0.0,0.0,0.0,0.0,0.0,0.0,100000000.0,0.0,0.0,0.0,0.0,0.0,0.0,0.2,1.0,0.0,162.31944877654314,0.32920504419537916,0.32920504419537916,5,0.0,166.88559541883603,True,0.1261803086031629,1.162163590476125,0.1,6,4.0,5.0,0.1,2,73.01341801298823,0.0,0.5624941875316138,0.0,2,0.0,-0.22769267639927104,262144.0,2621440.0,2,,329.2050441953792,0.0234375,4.428031039237976,166.88559541883603,10,2
87.46227167760073,2,1.0,0.0,0.0,0.0,0.0,0.0,0.0,0.0,100000000.0,0.0,0.0,0.0,0.0,0.0,0.0,0.6,3.0,0.0,172.56900994107127,0.260031281618672,0.260031281618672,5,0.0,87.46227167760073,True,0.1640753045268681,1.5111894013281,0.1,8,4.0,5.0,0.1,2,63.50380673555164,0.0,0.2739291409027613,0.0,2,0.0,-0.21205329307277004,262144.0,2621440.0,3,,260.031281618672,0.0359375,4.461446452140808,87.46227167760074,10,2
83.1028689521929,2,1.0,0.0,0.0,0.0,0.0,0.0,0.0,0.0,100000000.0,0.0,0.0,0.0,0.0,0.0,0.0,0.4,2.0,0.0,200.9511855430901,0.25772823840335296,0.25772823840335296,6,0.0,83.1028689521929,False,0.14425292327151898,1.3286185229832541,0.1,7,4.0,5.0,0.1,2,57.0849412412288,0.0,0.31308098070514995,0.0,2,0.0,-0.20099058083743598,262144.0,2621440.0,1,,257.728238403353,0.021875,4.440622067451477,83.10286895219292,10,2
63.75946780157725,2,1.0,0.0,0.0,0.0,0.0,0.0,0.0,0.0,100000000.0,0.0,0.0,0.0,0.0,0.0,0.0,0.2,1.0,0.0,140.03801718354225,0.19464888839004274,0.19464888839004274,6,0.0,63.75946780157725,False,0.1261803086031629,1.162163590476125,0.1,6,4.0,5.0,0.1,2,52.8105847922273,0.0,0.1717216812948225,0.0,2,0.0,-0.16041459849660283,262144.0,2621440.0,2,,194.64888839004274,0.03125,4.414088726043701,63.75946780157725,10,2
247.65474162040204,2,1.0,0.0,0.0,0.0,0.0,0.0,0.0,0.0,100000000.0,0.0,0.0,0.0,0.0,0.0,0.0,0.2,1.0,0.0,165.50001734867692,0.3540206388474807,0.3540206388474807,6,0.0,247.65474162040204,False,0.13703764280962533,1.2621633340499439,0.1,6,4.0,5.0,0.1,2,78.83220008951604,0.0,0.6816850766768369,0.0,2,0.0,-0.245529140828553,262144.0,2621440.0,3,,354.0206388474807,0.0453125,4.437439274787903,247.65474162040204,10,2
239.23372596924884,2,1.0,0.0,0.0,0.0,0.0,0.0,0.0,0.0,100000000.0,0.0,0.0,0.0,0.0,0.0,0.0,0.2,1.0,0.0,138.00242077559233,0.3508292150539694,0.3508292150539694,7,0.0,239.23372596924884,False,0.13256714033594535,1.2209884846335899,0.1,6,4.0,5.0,0.1,2,86.56265736645844,0.0,0.6381669975010746,0.0,2,0.0,-0.24169817769495738,262144.0,2621440.0,1,,350.8292150539694,0.03125,4.367653560638428,239.2337259692488,10,2
241.62797356325464,2,1.0,0.0,0.0,0.0,0.0,0.0,0.0,0.0,100000000.0,0.0,0.0,0.0,0.0,0.0,0.0,0.6,3.0,0.0,202.09393091499805,0.44372190447825266,0.44372190447825266,7,0.0,241.62797356325464,False,0.17004858510904555,1.5662053486272702,0.1,8,4.0,5.0,0.1,2,73.6876440964175,0.0,0.6950367831598473,0.0,2,0.0,-0.3068852447936491,262144.0,2621440.0,2,,443.72190447825267,0.0359375,4.406325495243072,241.62797356325464,10,2
69.76767478911363,2,1.0,0.0,0.0,0.0,0.0,0.0,0.0,0.0,100000000.0,0.0,0.0,0.0,0.0,0.0,0.0,0.4,2.0,0.0,189.55176835879683,0.25931944314791044,0.25931944314791044,7,0.0,69.76767478911363,False,0.13800374367511842,1.271061451854796,0.1,7,4.0,5.0,0.1,2,56.49609283753484,0.0,0.1902253728778367,0.0,2,0.0,-0.19866159341151443,262144.0,2621440.0,3,,259.3194431479104,0.028125,4.409047901630402,69.76767478911363,10,2
77.37978789873368,2,1.0,0.0,0.0,0.0,0.0,0.0,0.0,0.0,100000000.0,0.0,0.0,0.0,0.0,0.0,0.0,0.6,3.0,0.0,203.60116101801395,0.28098094891674763,0.28098094891674763,8,0.0,77.37978789873368,False,0.17911635733757272,1.6497226172675585,0.1,8,4.0,5.0,0.1,2,54.891430575514136,0.0,0.2906231450601788,0.0,2,0.0,-0.23004865312716016,262144.0,2621440.0,1,,280.98094891674765,0.0515625,4.254829597473145,77.37978789873368,10,2
134.90752150824818,2,1.0,0.0,0.0,0.0,0.0,0.0,0.0,0.0,100000000.0,0.0,0.0,0.0,0.0,0.0,0.0,0.2,1.0,0.0,133.93783289939165,0.26884535440763985,0.26884535440763985,8,0.0,134.90752150824818,False,0.13667928025934747,1.2588626929853155,0.1,6,4.0,5.0,0.1,2,64.79566247204639,0.0,0.5197031140470191,0.0,2,0.0,-0.20276231733349365,262144.0,2621440.0,2,,268.84535440763983,0.0234375,4.394749927520752,134.9075215082482,10,2
82.54614136094364,2,1.0,0.0,0.0,0.0,0.0,0.0,0.0,0.0,100000000.0,0.0,0.0,0.0,0.0,0.0,0.0,0.4,2.0,0.0,169.28410483524203,0.25183024619618566,0.25183024619618566,8,0.0,82.54614136094364,False,0.13540442256508667,1.2471208196953407,0.1,7,4.0,5.0,0.1,2,57.93936591123335,0.0,0.29809722228097846,0.0,2,0.0,-0.19361733438063616,262144.0,2621440.0,3,,251.83024619618567,0.040625,4.361961698532104,82.54614136094365,10,2
96.16623712010968,2,1.0,0.0,0.0,0.0,0.0,0.0,0.0,0.0,100000000.0,0.0,0.0,0.0,0.0,0.0,0.0,0.4,2.0,0.0,180.429277010262,0.2765955141303717,0.2765955141303717,9,0.0,96.16623712010968,False,0.16802400096292014,1.5475582395297485,0.1,7,4.0,5.0,0.1,2,60.71645616853361,0.0,0.36863021797660667,0.0,2,0.0,-0.22230975754664592,262144.0,2621440.0,1,,276.5955141303717,0.034375,4.314712595939636,96.16623712010968,10,2
89.47330045925668,2,1.0,0.0,0.0,0.0,0.0,0.0,0.0,0.0,100000000.0,0.0,0.0,0.0,0.0,0.0,0.0,0.2,1.0,0.0,146.66806207969785,0.2112375748920468,0.2112375748920468,9,0.0,89.47330045925668,False,0.1261803086031629,1.162163590476125,0.1,6,4.0,5.0,0.1,2,63.25721888159581,0.0,0.29300452138343597,0.0,2,0.0,-0.16870894174760487,262144.0,2621440.0,2,,211.2375748920468,0.0390625,4.313229727745056,89.47330045925668,10,2
150.43593117969166,2,1.0,0.0,0.0,0.0,0.0,0.0,0.0,0.0,100000000.0,0.0,0.0,0.0,0.0,0.0,0.0,0.4,2.0,0.0,189.48614224791527,0.33992207342760694,0.33992207342760694,9,0.0,150.43593117969166,False,0.13776173340652278,1.268832454907517,0.1,7,4.0,5.0,0.1,2,78.35840885493211,0.0,0.4791243804557896,0.0,2,0.0,-0.23884190341706485,262144.0,2621440.0,3,,339.92207342760696,0.059375,4.281900763511658,150.43593117969166,10,2
102.18050702305304,2,1.0,0.0,0.0,0.0,0.0,0.0,0.0,0.0,100000000.0,0.0,0.0,0.0,0.0,0.0,0.0,0.0,0.0,0.0,133.20376770570874,0.21956886908801065,0.21956886908801065,10,0.0,102.18050702305304,False,0.13592735610482656,1.2519372155882675,0.1,5,4.0,5.0,0.1,2,69.03908999210337,0.0,0.32434187299024264,0.0,2,0.0,-0.1777481125964186,262144.0,2621440.0,1,0.0109375,219.56886908801064,0.04375,4.308230876922607,102.18050702305304,10,2
76.86426047808573,2,1.0,0.0,0.0,0.0,0.0,0.0,0.0,0.0,100000000.0,0.0,0.0,0.0,0.0,0.0,0.0,0.0,0.0,0.0,144.75344587117434,0.2216177063492601,0.2216177063492601,10,0.0,76.86426047808573,False,0.11922558793825233,1.0981082459602822,0.1,5,4.0,5.0,0.1,2,57.425497021653285,0.0,0.2528972936905378,0.0,2,0.0,-0.1704216471437562,262144.0,2621440.0,2,0.0109375,221.6177063492601,0.0359375,4.334887325763702,76.86426047808574,10,2
98.43664081163949,2,1.0,0.0,0.0,0.0,0.0,0.0,0.0,0.0,100000000.0,0.0,0.0,0.0,0.0,0.0,0.0,0.4,2.0,0.0,166.37712204828858,0.2648137628599281,0.2648137628599281,10,0.0,98.43664081163949,False,0.14495643383923892,1.3350980947672368,0.1,7,4.0,5.0,0.1,2,62.47954159386428,0.0,0.36528165651832684,0.0,2,0.0,-0.20488509834958352,262144.0,2621440.0,3,0.0109375,264.8137628599281,0.053125,4.333049035072326,98.43664081163949,10,2
93.24018554297115,2,1.0,0.0,0.0,0.0,0.0,0.0,0.0,0.0,100000000.0,0.0,0.0,0.0,0.0,0.0,0.0,0.2,1.0,0.0,116.13191897049546,0.2093721045134666,0.2093721045134666,11,0.0,93.24018554297115,False,0.1444870080065764,1.3307745230690167,0.1,6,4.0,5.0,0.1,2,63.63091984031079,0.0,0.31755906029395964,0.0,2,0.0,-0.1769295562600215,262144.0,2621440.0,1,,209.3721045134666,0.015625,4.595371055603027,93.24018554297116,10,2
68.91882386126154,2,1.0,0.0,0.0,0.0,0.0,0.0,0.0,0.0,100000000.0,0.0,0.0,0.0,0.0,0.0,0.0,0.6,3.0,0.0,213.85864214971662,0.28277746601097814,0.28277746601097814,11,0.0,68.91882386126154,False,0.16071433887023365,1.4802337636519742,0.1,8,4.0,5.0,0.1,2,59.21869969935472,0.0,0.14074709373209637,0.0,2,0.0,-0.22174590244060588,262144.0,2621440.0,2,,282.7774660109781,0.0296875,4.484920001029968,68.91882386126154,10,2
133.0405635087244,2,1.0,0.0,0.0,0.0,0.0,0.0,0.0,0.0,100000000.0,0.0,0.0,0.0,0.0,0.0,0.0,0.4,2.0,0.0,164.16647471487522,0.2972070382235996,0.2972070382235996,11,0.0,133.0405635087244,False,0.1499549449178297,1.3811360831541517,0.1,7,4.0,5.0,0.1,2,69.64659006015637,0.0,0.4765010894170697,0.0,2,0.0,-0.22358099157071465,262144.0,2621440.0,3,,297.2070382235996,0.021875,4.521006774902344,133.0405635087244,10,2
111.84372084521729,2,1.0,0.0,0.0,0.0,0.0,0.0,0.0,0.0,100000000.0,0.0,0.0,0.0,0.0,0.0,0.0,0.6,3.0,0.0,219.77731538936496,0.3316210362345823,0.3316210362345823,12,0.0,111.84372084521729,False,0.17335729398841823,1.5966796835980726,0.1,8,4.0,5.0,0.1,2,64.57895891614957,0.0,0.42259647275575124,0.0,2,0.0,-0.25248916511150027,262144.0,2621440.0,1,,331.6210362345823,0.0203125,4.412730503082275,111.84372084521729,10,2
70.91863979766528,2,1.0,0.0,0.0,0.0,0.0,0.0,0.0,0.0,100000000.0,0.0,0.0,0.0,0.0,0.0,0.0,0.4,2.0,0.0,157.06096263602376,0.21110833474156768,0.21110833474156768,12,0.0,70.91863979766528,False,0.1340614475434476,1.2347515626349828,0.1,7,4.0,5.0,0.1,2,55.280391435133936,0.0,0.2205097053066459,0.0,2,0.0,-0.17258489114250763,262144.0,2621440.0,2,,211.1083347415677,0.0265625,4.413668954372406,70.91863979766528,10,2
96.89945493156434,2,1.0,0.0,0.0,0.0,0.0,0.0,0.0,0.0,100000000.0,0.0,0.0,0.0,0.0,0.0,0.0,0.2,1.0,0.0,165.68741481751204,0.220293389430943,0.220293389430943,12,0.0,96.89945493156434,False,0.129026955455063,1.1883821769009395,0.1,6,4.0,5.0,0.1,2,57.19733895669508,0.0,0.40972486380763495,0.0,2,0.0,-0.17466017244300303,262144.0,2621440.0,3,,220.29338943094302,0.03125,4.441514682769776,96.89945493156434,10,2
94.50523709021743,2,1.0,0.0,0.0,0.0,0.0,0.0,0.0,0.0,100000000.0,0.0,0.0,0.0,0.0,0.0,0.0,0.2,1.0,0.0,138.80931586027145,0.2333145529504889,0.2333145529504889,13,0.0,94.50523709021743,False,0.13233812670675957,1.2188791911589671,0.1,6,4.0,5.0,0.1,2,56.51621663816156,0.0,0.4019779392309281,0.0,2,0.0,-0.18282633982862423,262144.0,2621440.0,1,,233.3145529504889,0.0171875,4.419225597381592,94.50523709021743,10,2
131.4329533686136,2,1.0,0.0,0.0,0.0,0.0,0.0,0.0,0.0,100000000.0,0.0,0.0,0.0,0.0,0.0,0.0,0.6,3.0,0.0,194.77697927504778,0.3262099326436614,0.3262099326436614,13,0.0,131.4329533686136,False,0.1501779041179267,1.3831896132761086,0.1,8,4.0,5.0,0.1,2,73.22486906360517,0.0,0.4428728322170428,0.0,2,0.0,-0.23819391838079404,262144.0,2621440.0,2,,326.2099326436614,0.01875,4.512427711486817,131.43295336861357,10,2
71.03502728158286,2,1.0,0.0,0.0,0.0,0.0,0.0,0.0,0.0,100000000.0,0.0,0.0,0.0,0.0,0.0,0.0,0.2,1.0,0.0,149.94039945304394,0.20339193933002048,0.20339193933002048,13,0.0,71.03502728158286,False,0.12666140362200265,1.1665946393509015,0.1,6,4.0,5.0,0.1,2,54.248666598053035,0.0,0.23631103310467788,0.0,2,0.0,-0.16502667147601158,262144.0,2621440.0,3,,203.39193933002048,0.028125,4.435861706733704,71.03502728158287,10,2
80.9171545602652,2,1.0,0.0,0.0,0.0,0.0,0.0,0.0,0.0,100000000.0,0.0,0.0,0.0,0.0,0.0,0.0,0.2,1.0,0.0,151.3875718228519,0.2323047263831171,0.2323047263831171,14,0.0,80.9171545602652,False,0.1433653653081643,1.3204438120408994,0.1,6,4.0,5.0,0.1,2,58.928716127149706,0.0,0.2717401341237107,0.0,2,0.0,-0.1878350458456407,262144.0,2621440.0,1,,232.3047263831171,0.025,4.3628324508667,80.9171545602652,10,2
75.66850277380568,2,1.0,0.0,0.0,0.0,0.0,0.0,0.0,0.0,100000000.0,0.0,0.0,0.0,0.0,0.0,0.0,0.2,1.0,0.0,163.4228420443833,0.239091344818189,0.239091344818189,14,0.0,75.66850277380568,False,0.12067519034405523,1.1114595775217624,0.1,6,4.0,5.0,0.1,2,56.71001884004632,0.0,0.2505465714107173,0.0,2,0.0,-0.1798832675811221,262144.0,2621440.0,2,,239.091344818189,0.0328125,4.421574282646179,75.6685027738057,10,2
76.90600297226355,2,1.0,0.0,0.0,0.0,0.0,0.0,0.0,0.0,100000000.0,0.0,0.0,0.0,0.0,0.0,0.0,0.4,2.0,0.0,162.1654126793146,0.23907141565157816,0.23907141565157816,14,0.0,76.90600297226355,False,0.141860758923815,1.306585875115194,0.1,7,4.0,5.0,0.1,2,61.730453780591695,0.0,0.19732593822545916,0.0,2,0.0,-0.1904660872876966,262144.0,2621440.0,3,,239.07141565157815,0.0359375,4.41617921590805,76.90600297226355,10,2
103.86213823889106,2,1.0,0.0,0.0,0.0,0.0,0.0,0.0,0.0,100000000.0,0.0,0.0,0.0,0.0,0.0,0.0,0.0,0.0,0.0,124.35957975685596,0.22822171799574703,0.22822171799574703,15,0.0,103.86213823889106,False,0.12491688316687634,1.1505270121733133,0.1,5,4.0,5.0,0.1,2,64.65920802613793,0.0,0.37745159956733526,0.0,2,0.0,-0.17656930058131168,262144.0,2621440.0,1,,228.22171799574704,0.0265625,4.4257619976997375,103.86213823889106,10,2
98.91642741242612,2,1.0,0.0,0.0,0.0,0.0,0.0,0.0,0.0,100000000.0,0.0,0.0,0.0,0.0,0.0,0.0,0.0,0.0,0.0,137.49801414087415,0.22362585290650094,0.22362585290650094,15,0.0,98.91642741242612,False,0.1204430385116414,1.109321380127253,0.1,5,4.0,5.0,0.1,2,57.87418692132054,0.0,0.4149183463731703,0.0,2,0.0,-0.17203444570907117,262144.0,2621440.0,2,,223.62585290650094,0.021875,4.423054218292236,98.91642741242612,10,2
95.38770538331944,2,1.0,0.0,0.0,0.0,0.0,0.0,0.0,0.0,100000000.0,0.0,0.0,0.0,0.0,0.0,0.0,0.6,3.0,0.0,205.27929766103625,0.3006670030443557,0.3006670030443557,15,0.0,95.38770538331944,False,0.18384959427718484,1.693317340542597,0.1,8,4.0,5.0,0.1,2,63.07257724378165,0.0,0.3387766590010538,0.0,2,0.0,-0.24225829866077025,262144.0,2621440.0,3,,300.6670030443557,0.0359375,4.412185597419739,95.38770538331944,10,2
75.02623109680967,2,1.0,0.0,0.0,0.0,0.0,0.0,0.0,0.0,100000000.0,0.0,0.0,0.0,0.0,0.0,0.0,0.2,1.0,0.0,130.93930948525667,0.20596554058206634,0.20596554058206634,16,0.0,75.02623109680967,False,0.13256357909017433,1.2209556843478904,0.1,6,4.0,5.0,0.1,2,55.378099881537274,0.0,0.2618834896546988,0.0,2,0.0,-0.16926455983612032,262144.0,2621440.0,1,,205.96554058206635,0.0296875,4.412825179100037,75.02623109680967,10,2
127.86234247587345,2,1.0,0.0,0.0,0.0,0.0,0.0,0.0,0.0,100000000.0,0.0,0.0,0.0,0.0,0.0,0.0,0.6,3.0,0.0,211.73311630263925,0.3395954587785127,0.3395954587785127,16,0.0,127.86234247587345,False,0.16071433887023365,1.4802337636519742,0.1,8,4.0,5.0,0.1,2,77.56297081822017,0.0,0.3933869087932934,0.0,2,0.0,-0.2501548988243732,262144.0,2621440.0,2,,339.5954587785127,0.025,4.394264912605285,127.86234247587348,10,2
81.46216277034657,2,1.0,0.0,0.0,0.0,0.0,0.0,0.0,0.0,100000000.0,0.0,0.0,0.0,0.0,0.0,0.0,0.2,1.0,0.0,132.2892806492746,0.21375144341962116,0.21375144341962116,16,0.0,81.46216277034657,False,0.12150123236825366,1.1190677057261862,0.1,6,4.0,5.0,0.1,2,60.93946944432803,0.0,0.25192914879850326,0.0,2,0.0,-0.1676263378939374,262144.0,2621440.0,3,,213.75144341962115,0.0234375,4.420530676841736,81.46216277034657,10,2
74.0901992111977,2,1.0,0.0,0.0,0.0,0.0,0.0,0.0,0.0,100000000.0,0.0,0.0,0.0,0.0,0.0,0.0,0.0,0.0,0.0,145.4801121726632,0.2195703113838609,0.2195703113838609,17,0.0,74.0901992111977,False,0.1370124381002824,1.2619311900979189,0.1,5,4.0,5.0,0.1,2,55.18972845480366,0.0,0.2551008224787915,0.0,2,0.0,-0.17829137474207166,262144.0,2621440.0,1,,219.5703113838609,0.0375,4.379408895969391,74.09019921119771,10,2
76.74562347839492,2,1.0,0.0,0.0,0.0,0.0,0.0,0.0,0.0,100000000.0,0.0,0.0,0.0,0.0,0.0,0.0,0.2,1.0,0.0,140.62864938750863,0.19867384261226592,0.19867384261226592,17,0.0,76.74562347839492,False,0.12894870964728,1.1876615063785778,0.1,6,4.0,5.0,0.1,2,55.51108033602715,0.0,0.2766873494531662,0.0,2,0.0,-0.16381127612977298,262144.0,2621440.0,2,,198.67384261226593,0.0390625,4.361945390701294,76.74562347839492,10,2
68.02735859862764,2,1.0,0.0,0.0,0.0,0.0,0.0,0.0,0.0,100000000.0,0.0,0.0,0.0,0.0,0.0,0.0,0.2,1.0,0.0,171.68788891285658,0.23180840980395875,0.23180840980395875,17,0.0,68.02735859862764,False,0.13803081404929152,1.271310779214927,0.1,6,4.0,5.0,0.1,2,54.45370692196921,0.0,0.19953224638259387,0.0,2,0.0,-0.18491961192662515,262144.0,2621440.0,3,,231.80840980395877,0.0328125,4.41751983165741,68.02735859862766,10,2
119.20143012207008,2,1.0,0.0,0.0,0.0,0.0,0.0,0.0,0.0,100000000.0,0.0,0.0,0.0,0.0,0.0,0.0,0.6,3.0,0.0,166.19309457018971,0.2853945246922598,0.2853945246922598,18,0.0,119.20143012207008,False,0.17942665070014424,1.6525805247520073,0.1,8,4.0,5.0,0.1,2,67.44737132571707,0.0,0.43417313654167955,0.0,2,0.0,-0.23241058769620201,262144.0,2621440.0,1,,285.3945246922598,0.034375,4.281408786773682,119.20143012207011,10,2
62.82625992829204,2,1.0,0.0,0.0,0.0,0.0,0.0,0.0,0.0,100000000.0,0.0,0.0,0.0,0.0,0.0,0.0,0.6,3.0,0.0,212.20829663798213,0.2750345565662742,0.2750345565662742,18,0.0,62.82625992829204,False,0.14305728738178974,1.3176063094778971,0.1,8,4.0,5.0,0.1,2,55.553524416249836,0.0,0.11575948529075389,0.0,2,0.0,-0.20904592197403196,262144.0,2621440.0,2,,275.0345565662742,0.025,4.33279857635498,62.82625992829204,10,2
80.65248222051977,2,1.0,0.0,0.0,0.0,0.0,0.0,0.0,0.0,100000000.0,0.0,0.0,0.0,0.0,0.0,0.0,0.6,3.0,0.0,180.02316122874618,0.26067564344926597,0.26067564344926597,18,0.0,80.65248222051977,False,0.16452429941232294,1.5153247970484154,0.1,8,4.0,5.0,0.1,2,56.46948189212513,0.0,0.2998419845563283,0.0,2,0.0,-0.21259997143079445,262144.0,2621440.0,3,,260.675643449266,0.05,4.369000053405761,80.65248222051979,10,2
93.16185675616849,2,1.0,0.0,0.0,0.0,0.0,0.0,0.0,0.0,100000000.0,0.0,0.0,0.0,0.0,0.0,0.0,0.0,0.0,0.0,151.14690084010363,0.23451407440062155,0.23451407440062155,19,0.0,93.16185675616849,False,0.13270155109655515,1.2222264534884624,0.1,5,4.0,5.0,0.1,2,59.40326193592633,0.0,0.36236498493796837,0.0,2,0.0,-0.18360781274858834,262144.0,2621440.0,1,,234.51407440062155,0.0375,4.2635310888290405,93.16185675616849,10,2
204.86858259828443,2,1.0,0.0,0.0,0.0,0.0,0.0,0.0,0.0,100000000.0,0.0,0.0,0.0,0.0,0.0,0.0,0.2,1.0,0.0,132.47106317430735,0.30339900828839894,0.30339900828839894,19,0.0,204.86858259828443,False,0.12988424699070797,1.1962781237422437,0.1,6,4.0,5.0,0.1,2,73.59444135336476,0.0,0.6407724385067278,0.0,2,0.0,-0.21664162763955347,262144.0,2621440.0,2,,303.39900828839893,0.05,4.276227355003357,204.86858259828443,10,2
72.23326618272473,2,1.0,0.0,0.0,0.0,0.0,0.0,0.0,0.0,100000000.0,0.0,0.0,0.0,0.0,0.0,0.0,0.4,2.0,0.0,188.36483312770724,0.260598099310432,0.260598099310432,19,0.0,72.23326618272473,False,0.12650533685421045,1.1651572112987811,0.1,7,4.0,5.0,0.1,2,55.49548605656623,0.0,0.2317184451249624,0.0,2,0.0,-0.19355171808232122,262144.0,2621440.0,3,,260.59809931043196,0.05625,4.273962199687958,72.23326618272472,10,2
74.1569792510658,2,1.0,0.0,0.0,0.0,0.0,0.0,0.0,0.0,100000000.0,0.0,0.0,0.0,0.0,0.0,0.0,0.4,2.0,0.0,166.93557472899556,0.24109255398006135,0.24109255398006135,20,0.0,74.1569792510658,False,0.14316006512081783,1.318552927437008,0.1,7,4.0,5.0,0.1,2,60.194898477994016,0.0,0.18827736666297828,0.0,2,0.0,-0.19212630955043958,262144.0,2621440.0,1,0.02265625,241.09255398006135,0.0484375,4.243268358707428,74.1569792510658,10,2
166.20709938316756,2,1.0,0.0,0.0,0.0,0.0,0.0,0.0,0.0,100000000.0,0.0,0.0,0.0,0.0,0.0,0.0,0.4,2.0,0.0,177.2651788778603,0.3434722782610279,0.3434722782610279,20,0.0,166.20709938316756,False,0.13525398241697142,1.245735214725589,0.1,7,4.0,5.0,0.1,2,69.92311900830997,0.0,0.5793012496589459,0.0,2,0.0,-0.23936313033899964,262144.0,2621440.0,2,0.02265625,343.4722782610279,0.05,4.3123427629470825,166.2070993831676,10,2
73.27875796873245,2,1.0,0.0,0.0,0.0,0.0,0.0,0.0,0.0,100000000.0,0.0,0.0,0.0,0.0,0.0,0.0,0.2,1.0,0.0,152.68563060089946,0.21139965865195998,0.21139965865195998,20,0.0,73.27875796873245,False,0.12556300326730965,1.1564779982194795,0.1,6,4.0,5.0,0.1,2,58.554204674780586,0.0,0.20093890374390266,0.0,2,0.0,-0.1684813309596348,262144.0,2621440.0,3,0.02265625,211.39965865195998,0.04375,4.310478568077087,73.27875796873245,10,2
111.35702255635496,2,1.0,0.0,0.0,0.0,0.0,0.0,0.0,0.0,100000000.0,0.0,0.0,0.0,0.0,0.0,0.0,0.4,2.0,0.0,184.32836420834064,0.24508480514228567,0.24508480514228567,21,0.0,111.35702255635496,False,0.16074261936068185,1.4804942365948885,0.1,7,4.0,5.0,0.1,2,61.56098608142278,0.0,0.4471746400163642,0.0,2,0.0,-0.20291371225148375,262144.0,2621440.0,1,,245.08480514228566,0.0265625,4.500497364997864,111.35702255635495,10,2
87.30350765618371,2,1.0,0.0,0.0,0.0,0.0,0.0,0.0,0.0,100000000.0,0.0,0.0,0.0,0.0,0.0,0.0,0.2,1.0,0.0,151.76531113684177,0.2390688187930255,0.2390688187930255,21,0.0,87.30350765618371,False,0.13595849882788838,1.252224050667777,0.1,6,4.0,5.0,0.1,2,58.300701778947186,0.0,0.3322066507505584,0.0,2,0.0,-0.18751365881045695,262144.0,2621440.0,2,,239.06881879302549,0.0375,4.417836213111878,87.30350765618371,10,2
76.8136125586796,2,1.0,0.0,0.0,0.0,0.0,0.0,0.0,0.0,100000000.0,0.0,0.0,0.0,0.0,0.0,0.0,0.4,2.0,0.0,158.72404305264354,0.23553765561132314,0.23553765561132314,21,0.0,76.8136125586796,False,0.1508824994146247,1.3896791757831908,0.1,7,4.0,5.0,0.1,2,57.609006132520655,0.0,0.25001566501625117,0.0,2,0.0,-0.19321007751297392,262144.0,2621440.0,3,,235.53765561132315,0.0265625,4.469631576538086,76.81361255867961,10,2
119.76596280503482,2,1.0,0.0,0.0,0.0,0.0,0.0,0.0,0.0,100000000.0,0.0,0.0,0.0,0.0,0.0,0.0,0.4,2.0,0.0,178.9607028476894,0.2987266656527242,0.2987266656527242,22,0.0,119.76596280503482,False,0.14840481047276607,1.3668588172927914,0.1,7,4.0,5.0,0.1,2,62.924885876065744,0.0,0.4746012606394673,0.0,2,0.0,-0.22356573806274516,262144.0,2621440.0,1,,298.7266656527242,0.0546875,4.267678654193878,119.76596280503482,10,2
97.4038567159372,2,1.0,0.0,0.0,0.0,0.0,0.0,0.0,0.0,100000000.0,0.0,0.0,0.0,0.0,0.0,0.0,0.4,2.0,0.0,205.18160099163651,0.27438599182267026,0.27438599182267026,22,0.0,97.4038567159372,False,0.14029150383044367,1.2921325015747867,0.1,7,4.0,5.0,0.1,2,62.09608872214643,0.0,0.3624883981417721,0.0,2,0.0,-0.20733874782655698,262144.0,2621440.0,2,,274.38599182267023,0.0390625,4.290295815467834,97.4038567159372,10,2
526.5850540335443,2,1.0,0.0,0.0,0.0,0.0,0.0,0.0,0.0,100000000.0,0.0,0.0,0.0,0.0,0.0,0.0,0.4,2.0,0.0,157.04840561375022,0.6198159124787119,0.6198159124787119,22,0.0,526.5850540335443,False,0.13540442256508667,1.2471208196953407,0.1,7,4.0,5.0,0.1,2,98.71757661685417,0.0,0.8125325132935396,0.0,2,0.0,-0.3776101675218993,262144.0,2621440.0,3,,619.8159124787119,0.053125,4.322199523448944,526.5850540335443,10,2
64.13515027717652,2,1.0,0.0,0.0,0.0,0.0,0.0,0.0,0.0,100000000.0,0.0,0.0,0.0,0.0,0.0,0.0,0.4,2.0,0.0,188.36981616914272,0.25250496644631926,0.25250496644631926,23,0.0,64.13515027717652,False,0.15408994502447923,1.4192208415745518,0.1,7,4.0,5.0,0.1,2,56.41687003905573,0.0,0.1203439955276359,0.0,2,0.0,-0.20329745573539926,262144.0,2621440.0,1,,252.50496644631926,0.05,4.2462427616119385,64.13515027717652,10,2
89.61083491331729,2,1.0,0.0,0.0,0.0,0.0,0.0,0.0,0.0,100000000.0,0.0,0.0,0.0,0.0,0.0,0.0,0.6,3.0,0.0,202.12478330358863,0.29173561821690597,0.29173561821690597,23,0.0,89.61083491331729,False,0.16777471947352116,1.5452622721639506,0.1,8,4.0,5.0,0.1,2,58.30786984604579,0.0,0.3493212076145883,0.0,2,0.0,-0.22975516884521358,262144.0,2621440.0,2,,291.73561821690595,0.0484375,4.299236273765564,89.6108349133173,10,2
250.31609672517507,2,1.0,0.0,0.0,0.0,0.0,0.0,0.0,0.0,100000000.0,0.0,0.0,0.0,0.0,0.0,0.0,0.4,2.0,0.0,190.7563041895628,0.4410724009147379,0.4410724009147379,23,0.0,250.31609672517507,False,0.13540442256508667,1.2471208196953407,0.1,7,4.0,5.0,0.1,2,80.32438571417575,0.0,0.6791081885462411,0.0,2,0.0,-0.28823841173991227,262144.0,2621440.0,3,,441.07240091473795,0.0421875,4.27799813747406,250.31609672517513,10,2
147.3107174910579,2,1.0,0.0,0.0,0.0,0.0,0.0,0.0,0.0,100000000.0,0.0,0.0,0.0,0.0,0.0,0.0,0.4,2.0,0.0,162.58046869188547,0.30989118618294337,0.30989118618294337,24,0.0,147.3107174910579,False,0.1553955440557919,1.4312458530422638,0.1,7,4.0,5.0,0.1,2,67.48656019036538,0.0,0.5418761014828268,0.0,2,0.0,-0.23264336511936762,262144.0,2621440.0,1,,309.8911861829434,0.05,4.248340010643005,147.3107174910579,10,2
86.89868639159448,2,1.0,0.0,0.0,0.0,0.0,0.0,0.0,0.0,100000000.0,0.0,0.0,0.0,0.0,0.0,0.0,0.0,0.0,0.0,135.79370500519872,0.2211041711543823,0.2211041711543823,24,0.0,86.89868639159448,False,0.11923234197257741,1.0981704529153002,0.1,5,4.0,5.0,0.1,2,62.2290702729969,0.0,0.28388940204950924,0.0,2,0.0,-0.17016825656347986,262144.0,2621440.0,2,,221.1041711543823,0.046875,4.2412524819374084,86.8986863915945,10,2
84.93687744140733,2,1.0,0.0,0.0,0.0,0.0,0.0,0.0,0.0,100000000.0,0.0,0.0,0.0,0.0,0.0,0.0,0.6,3.0,0.0,176.37128802016377,0.2613081654615711,0.2613081654615711,24,0.0,84.93687744140733,False,0.15748086942083062,1.4504524094405857,0.1,8,4.0,5.0,0.1,2,57.71529643740167,0.0,0.3204918973243882,0.0,2,0.0,-0.20939451744120086,262144.0,2621440.0,3,,261.3081654615711,0.021875,4.3488750696182255,84.93687744140733,10,2
75.57126753090611,2,1.0,0.0,0.0,0.0,0.0,0.0,0.0,0.0,100000000.0,0.0,0.0,0.0,0.0,0.0,0.0,0.2,1.0,0.0,167.17242868617177,0.24274369621707786,0.24274369621707786,25,0.0,75.57126753090611,False,0.14511325094199012,1.3365424336597227,0.1,6,4.0,5.0,0.1,2,56.332528150415655,0.0,0.2545774341104238,0.0,2,0.0,-0.193928473579534,262144.0,2621440.0,1,,242.74369621707785,0.046875,4.246748566627502,75.57126753090611,10,2
62.678423792886306,2,1.0,0.0,0.0,0.0,0.0,0.0,0.0,0.0,100000000.0,0.0,0.0,0.0,0.0,0.0,0.0,0.6,3.0,0.0,181.50842655450106,0.24418685034738735,0.24418685034738735,25,0.0,62.678423792886306,False,0.14914933705042877,1.3737161604890473,0.1,8,4.0,5.0,0.1,2,52.656525093213006,0.0,0.15989391712831716,0.0,2,0.0,-0.19666809369890806,262144.0,2621440.0,2,,244.18685034738735,0.0453125,4.236530923843384,62.678423792886306,10,2
95.25099070061106,2,1.0,0.0,0.0,0.0,0.0,0.0,0.0,0.0,100000000.0,0.0,0.0,0.0,0.0,0.0,0.0,0.2,1.0,0.0,165.71467835456133,0.2609656690551724,0.2609656690551724,25,0.0,95.25099070061106,False,0.12456872450030546,1.147320352350742,0.1,6,4.0,5.0,0.1,2,62.593579856954435,0.0,0.3428563902952362,0.0,2,0.0,-0.1927671967777389,262144.0,2621440.0,3,,260.9656690551724,0.034375,4.264668655395508,95.25099070061106,10,2
81.10627810990256,2,1.0,0.0,0.0,0.0,0.0,0.0,0.0,0.0,100000000.0,0.0,0.0,0.0,0.0,0.0,0.0,0.0,0.0,0.0,112.01532976701856,0.19312160787692112,0.19312160787692112,26,0.0,81.10627810990256,False,0.13647028863796473,1.2569378090174892,0.1,5,4.0,5.0,0.1,2,61.74436463437245,0.0,0.23872274658311737,0.0,2,0.0,-0.16479594825744293,262144.0,2621440.0,1,,193.12160787692113,0.0390625,4.254332900047302,81.10627810990256,10,2
75.80197561551017,2,1.0,0.0,0.0,0.0,0.0,0.0,0.0,0.0,100000000.0,0.0,0.0,0.0,0.0,0.0,0.0,0.2,1.0,0.0,165.00721964985132,0.2408091952653615,0.2408091952653615,26,0.0,75.80197561551017,False,0.1328126435675682,1.2232496529592563,0.1,6,4.0,5.0,0.1,2,57.23682749897637,0.0,0.24491641498503516,0.0,2,0.0,-0.18681091941646483,262144.0,2621440.0,2,,240.8091952653615,0.0453125,4.2542698860168455,75.80197561551017,10,2
177.2987300629829,2,1.0,0.0,0.0,0.0,0.0,0.0,0.0,0.0,100000000.0,0.0,0.0,0.0,0.0,0.0,0.0,0.2,1.0,0.0,132.05331237986684,0.278978780201367,0.278978780201367,26,0.0,177.2987300629829,False,0.12211183207104251,1.1246915368198989,0.1,6,4.0,5.0,0.1,2,70.88606329186979,0.0,0.6001885446856359,0.0,2,0.0,-0.20054530613620475,262144.0,2621440.0,3,,278.97878020136704,0.0625,4.192769837379456,177.2987300629829,10,2
86.3121983823638,2,1.0,0.0,0.0,0.0,0.0,0.0,0.0,0.0,100000000.0,0.0,0.0,0.0,0.0,0.0,0.0,0.4,2.0,0.0,202.04035192728043,0.28835255030964424,0.28835255030964424,27,0.0,86.3121983823638,False,0.16118316615754225,1.4845518225437566,0.1,7,4.0,5.0,0.1,2,66.67863000178971,0.0,0.2274715364518606,0.0,2,0.0,-0.22476785823359324,262144.0,2621440.0,1,,288.35255030964424,0.0609375,4.159190046787262,86.31219838236382,10,2
131.5324385762067,2,1.0,0.0,0.0,0.0,0.0,0.0,0.0,0.0,100000000.0,0.0,0.0,0.0,0.0,0.0,0.0,0.2,1.0,0.0,130.07630361244082,0.2616087421886475,0.2616087421886475,27,0.0,131.5324385762067,False,0.1261803086031629,1.162163590476125,0.1,6,4.0,5.0,0.1,2,60.793354174575626,0.0,0.5378071384318368,0.0,2,0.0,-0.19389452539590518,262144.0,2621440.0,2,,261.6087421886475,0.0578125,4.157410144805908,131.5324385762067,10,2
69.26050179084497,2,1.0,0.0,0.0,0.0,0.0,0.0,0.0,0.0,100000000.0,0.0,0.0,0.0,0.0,0.0,0.0,0.0,0.0,0.0,148.36136577650905,0.20184295067941505,0.20184295067941505,27,0.0,69.26050179084497,False,0.12470220368100023,1.1485497410375134,0.1,5,4.0,5.0,0.1,2,56.096281628673545,0.0,0.19006821812994015,0.0,2,0.0,-0.16327257718020763,262144.0,2621440.0,3,,201.84295067941505,0.046875,4.194153189659119,69.26050179084497,10,2
187.83279607419416,2,1.0,0.0,0.0,0.0,0.0,0.0,0.0,0.0,100000000.0,0.0,0.0,0.0,0.0,0.0,0.0,0.0,0.0,0.0,129.32714680209756,0.31715994287629173,0.31715994287629173,28,0.0,187.83279607419416,False,0.13402174867086725,1.234385922506134,0.1,5,4.0,5.0,0.1,2,72.22262555673302,0.0,0.615495126164203,0.0,2,0.0,-0.2255908457735795,262144.0,2621440.0,1,,317.1599428762917,0.059375,4.1934939324855804,187.83279607419416,10,2
85.44928733022239,2,1.0,0.0,0.0,0.0,0.0,0.0,0.0,0.0,100000000.0,0.0,0.0,0.0,0.0,0.0,0.0,0.4,2.0,0.0,187.52424838021398,0.27297353571043637,0.27297353571043637,28,0.0,85.44928733022239,False,0.13204537519506374,1.2161828500918381,0.1,7,4.0,5.0,0.1,2,61.58586128997638,0.0,0.2792700417503166,0.0,2,0.0,-0.20250945545275006,262144.0,2621440.0,2,,272.97353571043635,0.0609375,4.153256976604462,85.4492873302224,10,2
100.42232902665567,2,1.0,0.0,0.0,0.0,0.0,0.0,0.0,0.0,100000000.0,0.0,0.0,0.0,0.0,0.0,0.0,0.6,3.0,0.0,202.93961465358734,0.30336194368024305,0.30336194368024305,28,0.0,100.42232902665567,False,0.16900222794629624,1.5565680430076938,0.1,8,4.0,5.0,0.1,2,66.3532643769134,0.0,0.33925786207068676,0.0,2,0.0,-0.23618208581326966,262144.0,2621440.0,3,,303.36194368024303,0.0625,4.152686858177185,100.42232902665569,10,2
290.6600544002813,2,1.0,0.0,0.0,0.0,0.0,0.0,0.0,0.0,100000000.0,0.0,0.0,0.0,0.0,0.0,0.0,0.4,2.0,0.0,187.18507047742605,0.37709653654666364,0.37709653654666364,29,0.0,290.6600544002813,False,0.15220765640351408,1.401884322697165,0.1,7,4.0,5.0,0.1,2,80.37955091537827,0.0,0.7234585568311911,0.0,2,0.0,-0.26465209647508886,262144.0,2621440.0,1,,377.09653654666363,0.0625,4.15153391957283,290.6600544002813,10,2
151.18538468030516,2,1.0,0.0,0.0,0.0,0.0,0.0,0.0,0.0,100000000.0,0.0,0.0,0.0,0.0,0.0,0.0,0.2,1.0,0.0,154.0676630102098,0.26155441134122437,0.26155441134122437,29,0.0,151.18538468030516,False,0.12780079668161226,1.1770888372473733,0.1,6,4.0,5.0,0.1,2,73.11869826427773,0.0,0.5163639764591421,0.0,2,0.0,-0.19467760401141831,262144.0,2621440.0,2,,261.55441134122435,0.0828125,4.1255170702934265,151.18538468030516,10,2
126.95500867956255,2,1.0,0.0,0.0,0.0,0.0,0.0,0.0,0.0,100000000.0,0.0,0.0,0.0,0.0,0.0,0.0,0.0,0.0,0.0,133.26351437717676,0.25525471203544114,0.25525471203544114,29,0.0,126.95500867956255,False,0.11679885667608263,1.0757572250443839,0.1,5,4.0,5.0,0.1,2,66.8568728432957,0.0,0.47338136920581025,0.0,2,0.0,-0.1860267843557619,262144.0,2621440.0,3,,255.25471203544114,0.0546875,4.120221972465515,126.95500867956258,10,2
182.2869869153018,2,1.0,0.0,0.0,0.0,0.0,0.0,0.0,0.0,100000000.0,0.0,0.0,0.0,0.0,0.0,0.0,0.4,2.0,0.0,179.50722062960267,0.3617942075449045,0.3617942075449045,30,0.0,182.2869869153018,False,0.14840481047276607,1.3668588172927914,0.1,7,4.0,5.0,0.1,2,68.49338925134771,0.0,0.6242551900692033,0.0,2,0.0,-0.25509950900883527,262144.0,2621440.0,1,0.028125,361.7942075449045,0.0515625,4.132927286624908,182.2869869153018,10,2
68.74988090810407,2,1.0,0.0,0.0,0.0,0.0,0.0,0.0,0.0,100000000.0,0.0,0.0,0.0,0.0,0.0,0.0,0.0,0.0,0.0,132.7543705701828,0.20033986636069645,0.20033986636069645,30,0.0,68.74988090810407,False,0.12641188528232683,1.1642964905134368,0.1,5,4.0,5.0,0.1,2,57.3271311740464,0.0,0.1661493748523889,0.0,2,0.0,-0.16337587582151164,262144.0,2621440.0,2,0.028125,200.33986636069645,0.0703125,4.12048727273941,68.74988090810407,10,2
65.338738005679,2,1.0,0.0,0.0,0.0,0.0,0.0,0.0,0.0,100000000.0,0.0,0.0,0.0,0.0,0.0,0.0,0.8,4.0,0.0,213.60235335305333,0.27894109135873235,0.27894109135873235,30,0.0,65.338738005679,False,0.23668368548515478,2.1799373038120344,0.1,9,4.0,5.0,0.1,2,55.05384509124107,0.0,0.15740880874595414,0.0,2,0.0,-0.25781238842194354,262144.0,2621440.0,3,0.028125,278.94109135873236,0.0734375,4.068727630376816,65.338738005679,10,2
75.92207313810343,2,1.0,0.0,0.0,0.0,0.0,0.0,0.0,0.0,100000000.0,0.0,0.0,0.0,0.0,0.0,0.0,0.0,0.0,0.0,134.1126598417759,0.21003473297987935,0.21003473297987935,31,0.0,75.92207313810343,False,0.13110665002546076,1.2075368717640536,0.1,5,4.0,5.0,0.1,2,58.53912248052481,0.0,0.2289577976349349,0.0,2,0.0,-0.17057069150267007,262144.0,2621440.0,1,,210.03473297987935,0.04375,4.351307809352875,75.92207313810344,10,2
81.63229004580327,2,1.0,0.0,0.0,0.0,0.0,0.0,0.0,0.0,100000000.0,0.0,0.0,0.0,0.0,0.0,0.0,0.4,2.0,0.0,156.94762812927365,0.23857991817507693,0.23857991817507693,31,0.0,81.63229004580327,False,0.14029150383044367,1.2921325015747867,0.1,7,4.0,5.0,0.1,2,60.515816492302264,0.0,0.2586779513554344,0.0,2,0.0,-0.1894357110027603,262144.0,2621440.0,2,,238.57991817507693,0.05625,4.256596267223358,81.63229004580327,10,2
105.34055923406132,2,1.0,0.0,0.0,0.0,0.0,0.0,0.0,0.0,100000000.0,0.0,0.0,0.0,0.0,0.0,0.0,0.4,2.0,0.0,193.43982404097915,0.2987803832750405,0.2987803832750405,31,0.0,105.34055923406132,False,0.14005458743645108,1.2899504209464139,0.1,7,4.0,5.0,0.1,2,68.41250226833915,0.0,0.3505587708497912,0.0,2,0.0,-0.2194174853557458,262144.0,2621440.0,3,,298.7803832750405,0.05,4.251593124866486,105.34055923406135,10,2
255.1664703258274,2,1.0,0.0,0.0,0.0,0.0,0.0,0.0,0.0,100000000.0,0.0,0.0,0.0,0.0,0.0,0.0,0.4,2.0,0.0,158.96240063011646,0.3392838121124504,0.3392838121124504,32,0.0,255.1664703258274,False,0.14425292327151898,1.3286185229832541,0.1,7,4.0,5.0,0.1,2,77.64709283270379,0.0,0.6957002511593525,0.0,2,0.0,-0.24176836769198468,262144.0,2621440.0,1,,339.2838121124504,0.046875,4.161215627193451,255.1664703258274,10,2
74.97397909419006,2,1.0,0.0,0.0,0.0,0.0,0.0,0.0,0.0,100000000.0,0.0,0.0,0.0,0.0,0.0,0.0,0.6,3.0,0.0,222.68651518970728,0.29766049428389735,0.29766049428389735,32,0.0,74.97397909419006,False,0.1447184336291102,1.3329060318233494,0.1,8,4.0,5.0,0.1,2,61.87441880020301,0.0,0.17472142271560678,0.0,2,0.0,-0.22118946395650377,262144.0,2621440.0,2,,297.6604942838973,0.0640625,4.146352314949036,74.97397909419006,10,2
110.94343004936661,2,1.0,0.0,0.0,0.0,0.0,0.0,0.0,0.0,100000000.0,0.0,0.0,0.0,0.0,0.0,0.0,0.4,2.0,0.0,141.4610967040062,0.2524045267533728,0.2524045267533728,32,0.0,110.94343004936661,False,0.14681176131907286,1.3521862923579884,0.1,7,4.0,5.0,0.1,2,59.444480986876165,0.0,0.4641910660196364,0.0,2,0.0,-0.19960814403622285,262144.0,2621440.0,3,,252.40452675337283,0.05,4.122595900297165,110.94343004936661,10,2
89.85749738855925,2,1.0,0.0,0.0,0.0,0.0,0.0,0.0,0.0,100000000.0,0.0,0.0,0.0,0.0,0.0,0.0,0.4,2.0,0.0,208.69013387709856,0.2985476312656578,0.2985476312656578,33,0.0,89.85749738855925,False,0.15864197386374126,1.4611465765672067,0.1,7,4.0,5.0,0.1,2,64.52888473685705,0.0,0.28187534026434014,0.0,2,0.0,-0.22859480256469955,262144.0,2621440.0,1,,298.5476312656578,0.059375,4.175313973426819,89.85749738855925,10,2
65.1363899302198,2,1.0,0.0,0.0,0.0,0.0,0.0,0.0,0.0,100000000.0,0.0,0.0,0.0,0.0,0.0,0.0,0.6,3.0,0.0,176.69566860422492,0.24183205853444473,0.24183205853444473,33,0.0,65.1363899302198,False,0.15469834499571594,1.4248244123919425,0.1,8,4.0,5.0,0.1,2,57.72743336444827,0.0,0.11374527470295344,0.0,2,0.0,-0.19826520176508033,262144.0,2621440.0,2,,241.83205853444474,0.1078125,3.9988555908203125,65.1363899302198,10,2
99.85133374718025,2,1.0,0.0,0.0,0.0,0.0,0.0,0.0,0.0,100000000.0,0.0,0.0,0.0,0.0,0.0,0.0,0.6,3.0,0.0,222.50731568783522,0.32235864943501547,0.32235864943501547,33,0.0,99.85133374718025,False,0.18384959427718484,1.693317340542597,0.1,8,4.0,5.0,0.1,2,66.27361957025555,0.0,0.3362770722917151,0.0,2,0.0,-0.25310412185610015,262144.0,2621440.0,3,,322.3586494350155,0.0734375,4.088295304775238,99.85133374718028,10,2
72.15091600016135,2,1.0,0.0,0.0,0.0,0.0,0.0,0.0,0.0,100000000.0,0.0,0.0,0.0,0.0,0.0,0.0,0.8,4.0,0.0,178.76267479732633,0.25091359079748765,0.25091359079748765,34,0.0,72.15091600016135,False,0.2117870060896171,1.950630412447166,0.1,9,4.0,5.0,0.1,2,60.182277971787386,0.0,0.1658833829406572,0.0,2,0.0,-0.23135029844355237,262144.0,2621440.0,1,,250.91359079748764,0.0734375,4.058919131755829,72.15091600016135,10,2
86.87724200360893,2,1.0,0.0,0.0,0.0,0.0,0.0,0.0,0.0,100000000.0,0.0,0.0,0.0,0.0,0.0,0.0,0.2,1.0,0.0,164.79449486359954,0.25167173686720845,0.25167173686720845,34,0.0,86.87724200360893,False,0.13187183705121017,1.2145845047194257,0.1,6,4.0,5.0,0.1,2,61.99126754453692,0.0,0.2864498674812701,0.0,2,0.0,-0.19177178695920932,262144.0,2621440.0,2,,251.67173686720844,0.0703125,4.089698719978332,86.87724200360894,10,2
100.4126749241789,2,1.0,0.0,0.0,0.0,0.0,0.0,0.0,0.0,100000000.0,0.0,0.0,0.0,0.0,0.0,0.0,0.2,1.0,0.0,133.77753784880042,0.20360023642499644,0.20360023642499644,34,0.0,100.4126749241789,False,0.13222863616472166,1.217870745999286,0.1,6,4.0,5.0,0.1,2,65.56803159656344,0.0,0.34701439189750166,0.0,2,0.0,-0.16791443629485905,262144.0,2621440.0,3,,203.60023642499644,0.0484375,4.110049605369568,100.4126749241789,10,2
82.55124653813073,2,1.0,0.0,0.0,0.0,0.0,0.0,0.0,0.0,100000000.0,0.0,0.0,0.0,0.0,0.0,0.0,0.6,3.0,0.0,222.9458070360124,0.30549705357414314,0.30549705357414314,35,0.0,82.55124653813073,False,0.18210296587579494,1.6772302984624354,0.1,8,4.0,5.0,0.1,2,62.8600202419189,0.0,0.23853336105732062,0.0,2,0.0,-0.24380000972496904,262144.0,2621440.0,1,,305.49705357414314,0.075,4.073761880397797,82.55124653813075,10,2
63.9400328149579,2,1.0,0.0,0.0,0.0,0.0,0.0,0.0,0.0,100000000.0,0.0,0.0,0.0,0.0,0.0,0.0,0.0,0.0,0.0,121.31182383745909,0.18025107119358402,0.18025107119358402,35,0.0,63.9400328149579,False,0.1198811048321983,1.1041457796731051,0.1,5,4.0,5.0,0.1,2,55.872014587354506,0.0,0.12618101481042698,0.0,2,0.0,-0.15006608801289117,262144.0,2621440.0,2,,180.251071193584,0.0671875,4.010513603687286,63.9400328149579,10,2
83.83889947832037,2,1.0,0.0,0.0,0.0,0.0,0.0,0.0,0.0,100000000.0,0.0,0.0,0.0,0.0,0.0,0.0,0.2,1.0,0.0,150.22549917921424,0.23406439865753462,0.23406439865753462,35,0.0,83.83889947832037,False,0.13317064228677777,1.2265469430159082,0.1,6,4.0,5.0,0.1,2,61.562891874740245,0.0,0.26570014327705255,0.0,2,0.0,-0.18361752047215618,262144.0,2621440.0,3,,234.0643986575346,0.065625,4.022628545761108,83.83889947832037,10,2
95.54376672928613,2,1.0,0.0,0.0,0.0,0.0,0.0,0.0,0.0,100000000.0,0.0,0.0,0.0,0.0,0.0,0.0,0.4,2.0,0.0,184.16103580966592,0.279704802538952,0.279704802538952,36,0.0,95.54376672928613,False,0.16802400096292014,1.5475582395297485,0.1,7,4.0,5.0,0.1,2,63.71436596704949,0.0,0.33313947996651755,0.0,2,0.0,-0.22386440175093608,262144.0,2621440.0,1,,279.70480253895204,0.0625,4.023281240463257,95.54376672928612,10,2
104.37002459222674,2,1.0,0.0,0.0,0.0,0.0,0.0,0.0,0.0,100000000.0,0.0,0.0,0.0,0.0,0.0,0.0,0.2,1.0,0.0,148.86883785948157,0.21726690193319917,0.21726690193319917,36,0.0,104.37002459222674,False,0.1261803086031629,1.162163590476125,0.1,6,4.0,5.0,0.1,2,65.80938998131415,0.0,0.3694608175246565,0.0,2,0.0,-0.17172360526818103,262144.0,2621440.0,2,,217.26690193319916,0.090625,4.011992537975312,104.37002459222674,10,2
97.84536976446702,2,1.0,0.0,0.0,0.0,0.0,0.0,0.0,0.0,100000000.0,0.0,0.0,0.0,0.0,0.0,0.0,0.2,1.0,0.0,151.1963433586061,0.21118743593953626,0.21118743593953626,36,0.0,97.84536976446702,False,0.13382636186572985,1.2325863435266258,0.1,6,4.0,5.0,0.1,2,64.00051186509988,0.0,0.3459014767979144,0.0,2,0.0,-0.17250689890263304,262144.0,2621440.0,3,,211.18743593953627,0.0515625,4.074888241291046,97.84536976446702,10,2
209.47198809889315,2,1.0,0.0,0.0,0.0,0.0,0.0,0.0,0.0,100000000.0,0.0,0.0,0.0,0.0,0.0,0.0,0.2,1.0,0.0,152.7877962216735,0.3226700654050445,0.3226700654050445,37,0.0,209.47198809889315,False,0.13055891018005977,1.2024920013526168,0.1,6,4.0,5.0,0.1,2,75.4740598349215,0.0,0.6396937818755523,0.0,2,0.0,-0.22661448779255214,262144.0,2621440.0,1,,322.6700654050445,0.0546875,4.023032033443451,209.47198809889315,10,2
114.90864248377007,2,1.0,0.0,0.0,0.0,0.0,0.0,0.0,0.0,100000000.0,0.0,0.0,0.0,0.0,0.0,0.0,0.2,1.0,0.0,147.40882953628898,0.26231747202005906,0.26231747202005906,37,0.0,114.90864248377007,False,0.12004520704178594,1.1056572168792007,0.1,6,4.0,5.0,0.1,2,59.11276208438492,0.0,0.4855673097631962,0.0,2,0.0,-0.1911813395309225,262144.0,2621440.0,2,,262.3174720200591,0.08125,3.9825600147247315,114.90864248377008,10,2
87.34160285260451,2,1.0,0.0,0.0,0.0,0.0,0.0,0.0,0.0,100000000.0,0.0,0.0,0.0,0.0,0.0,0.0,0.4,2.0,0.0,190.55946776643395,0.27790107061903846,0.27790107061903846,37,0.0,87.34160285260451,False,0.13348210636952398,1.2294156332316462,0.1,7,4.0,5.0,0.1,2,65.750032794783,0.0,0.24720831027407303,0.0,2,0.0,-0.2056915884942812,262144.0,2621440.0,3,,277.9010706190385,0.0671875,4.070724451541901,87.34160285260451,10,2
116.69163754444887,2,1.0,0.0,0.0,0.0,0.0,0.0,0.0,0.0,100000000.0,0.0,0.0,0.0,0.0,0.0,0.0,0.2,1.0,0.0,150.60346713289618,0.267295104677345,0.267295104677345,38,0.0,116.69163754444887,False,0.13515415397733024,1.2448157608176902,0.1,6,4.0,5.0,0.1,2,70.58011195404,0.0,0.39515707004149786,0.0,2,0.0,-0.20122462932733765,262144.0,2621440.0,1,,267.295104677345,0.0765625,4.005002081394196,116.69163754444885,10,2
107.77827652220049,2,1.0,0.0,0.0,0.0,0.0,0.0,0.0,0.0,100000000.0,0.0,0.0,0.0,0.0,0.0,0.0,0.2,1.0,0.0,133.8153500109911,0.2415936265331916,0.2415936265331916,38,0.0,107.77827652220049,False,0.13667928025934747,1.2588626929853155,0.1,6,4.0,5.0,0.1,2,65.15424759265498,0.0,0.39547885070110284,0.0,2,0.0,-0.18913645339626955,262144.0,2621440.0,2,,241.5936265331916,0.0875,4.011979734897613,107.7782765222005,10,2
95.21637262270876,2,1.0,0.0,0.0,0.0,0.0,0.0,0.0,0.0,100000000.0,0.0,0.0,0.0,0.0,0.0,0.0,0.2,1.0,0.0,155.6464429013431,0.2508628155240519,0.2508628155240519,38,0.0,95.21637262270876,False,0.13418629850707534,1.2359014825057635,0.1,6,4.0,5.0,0.1,2,60.85608697427398,0.0,0.360865308160668,0.0,2,0.0,-0.1925245570155636,262144.0,2621440.0,3,,250.86281552405188,0.065625,3.9952885508537292,95.21637262270876,10,2
81.03562106066846,2,1.0,0.0,0.0,0.0,0.0,0.0,0.0,0.0,100000000.0,0.0,0.0,0.0,0.0,0.0,0.0,0.0,0.0,0.0,115.58080790564418,0.19661642896631265,0.19661642896631265,39,0.0,81.03562106066846,False,0.1345822712134559,1.2395485259095411,0.1,5,4.0,5.0,0.1,2,59.43510548326973,0.0,0.26655580958930636,0.0,2,0.0,-0.16559935008988427,262144.0,2621440.0,1,,196.61642896631264,0.071875,3.966650277376175,81.03562106066846,10,2
74.68704261136243,2,1.0,0.0,0.0,0.0,0.0,0.0,0.0,0.0,100000000.0,0.0,0.0,0.0,0.0,0.0,0.0,0.6,3.0,0.0,223.36813667789102,0.29805517928925346,0.29805517928925346,39,0.0,74.68704261136243,False,0.15469834499571594,1.4248244123919425,0.1,8,4.0,5.0,0.1,2,59.44651068368118,0.0,0.2040585809105614,0.0,2,0.0,-0.2263767621424847,262144.0,2621440.0,2,,298.05517928925343,0.0765625,3.994000554084778,74.68704261136243,10,2
90.27168643347922,2,1.0,0.0,0.0,0.0,0.0,0.0,0.0,0.0,100000000.0,0.0,0.0,0.0,0.0,0.0,0.0,0.6,3.0,0.0,171.261727809906,0.2615334142433852,0.2615334142433852,39,0.0,90.27168643347922,False,0.16452429941232294,1.5153247970484154,0.1,8,4.0,5.0,0.1,2,64.52288886356634,0.0,0.28523669588123907,0.0,2,0.0,-0.21302885682785408,262144.0,2621440.0,3,,261.5334142433852,0.08125,3.9390079498291017,90.27168643347922,10,2
71.61292560867524,2,1.0,0.0,0.0,0.0,0.0,0.0,0.0,0.0,100000000.0,0.0,0.0,0.0,0.0,0.0,0.0,0.4,2.0,0.0,209.3009501695633,0.28091387577823856,0.28091387577823856,40,0.0,71.61292560867524,False,0.13042882553207283,1.2012938774674884,0.1,7,4.0,5.0,0.1,2,57.22388462207807,0.0,0.20092798701208317,0.0,2,0.0,-0.20567135065515568,262144.0,2621440.0,1,0.03828125,280.91387577823855,0.1046875,3.873342734575272,71.61292560867524,10,2
175.6090766832621,2,1.0,0.0,0.0,0.0,0.0,0.0,0.0,0.0,100000000.0,0.0,0.0,0.0,0.0,0.0,0.0,0.0,0.0,0.0,117.88970744237304,0.2840289951384456,0.2840289951384456,40,0.0,175.6090766832621,False,0.12574563270614939,1.1581600775131364,0.1,5,4.0,5.0,0.1,2,78.77320277899665,0.0,0.5514286375921433,0.0,2,0.0,-0.20488731392229748,262144.0,2621440.0,2,0.03828125,284.02899513844557,0.075,4.024432301521301,175.6090766832621,10,2
89.9337855733128,2,1.0,0.0,0.0,0.0,0.0,0.0,0.0,0.0,100000000.0,0.0,0.0,0.0,0.0,0.0,0.0,0.2,1.0,0.0,159.2528885230422,0.24918667409635503,0.24918667409635503,40,0.0,89.9337855733128,False,0.12003859257264196,1.1055962953670047,0.1,6,4.0,5.0,0.1,2,58.641361152530735,0.0,0.34794959670938025,0.0,2,0.0,-0.1846126333344985,262144.0,2621440.0,3,0.03828125,249.18667409635503,0.075,3.8838953614234923,89.93378557331283,10,2
103.38855097953838,2,1.0,0.0,0.0,0.0,0.0,0.0,0.0,0.0,100000000.0,0.0,0.0,0.0,0.0,0.0,0.0,0.0,0.0,0.0,146.21942164376378,0.2324632003991739,0.2324632003991739,41,0.0,103.38855097953838,False,0.1339077152934291,1.2333356362861627,0.1,5,4.0,5.0,0.1,2,62.10293517003116,0.0,0.3993248325694984,0.0,2,0.0,-0.1831854578463015,262144.0,2621440.0,1,,232.4632003991739,0.0390625,4.177738547325134,103.38855097953838,10,2
66.20658027931212,2,1.0,0.0,0.0,0.0,0.0,0.0,0.0,0.0,100000000.0,0.0,0.0,0.0,0.0,0.0,0.0,0.8,4.0,0.0,198.39017745107412,0.26459675773038627,0.26459675773038627,41,0.0,66.20658027931212,False,0.19821999307725494,1.8256736047722808,0.1,9,4.0,5.0,0.1,2,56.822394434610224,0.0,0.14174098413045835,0.0,2,0.0,-0.2314083754038206,262144.0,2621440.0,2,,264.5967577303863,0.071875,4.121305906772614,66.20658027931212,10,2
108.88227167728344,2,1.0,0.0,0.0,0.0,0.0,0.0,0.0,0.0,100000000.0,0.0,0.0,0.0,0.0,0.0,0.0,0.4,2.0,0.0,188.7540528550744,0.2976363245323579,0.2976363245323579,41,0.0,108.88227167728344,False,0.14850182936565487,1.3677523943188095,0.1,7,4.0,5.0,0.1,2,69.7840284195861,0.0,0.3590873211534451,0.0,2,0.0,-0.22306907694900638,262144.0,2621440.0,3,,297.6363245323579,0.06875,4.06859985589981,108.88227167728346,10,2
387.47142969278246,2,1.0,0.0,0.0,0.0,0.0,0.0,0.0,0.0,100000000.0,0.0,0.0,0.0,0.0,0.0,0.0,0.2,1.0,0.0,140.65734390169382,0.4996659720001892,0.4996659720001892,42,0.0,387.47142969278246,False,0.13745202223439085,1.265979909595178,0.1,6,4.0,5.0,0.1,2,97.61710827578096,0.0,0.7480663068418247,0.0,2,0.0,-0.31855899711729,262144.0,2621440.0,1,,499.6659720001892,0.0703125,3.9743032217025758,387.4714296927825,10,2
241.3821024376007,2,1.0,0.0,0.0,0.0,0.0,0.0,0.0,0.0,100000000.0,0.0,0.0,0.0,0.0,0.0,0.0,0.2,1.0,0.0,150.94266459345818,0.35458127451343857,0.35458127451343857,42,0.0,241.3821024376007,False,0.1261803086031629,1.162163590476125,0.1,6,4.0,5.0,0.1,2,72.31958986588945,0.0,0.700393736173606,0.0,2,0.0,-0.24038079155830072,262144.0,2621440.0,2,,354.5812745134386,0.0625,3.989211654663086,241.3821024376007,10,2
167.9172185150052,2,1.0,0.0,0.0,0.0,0.0,0.0,0.0,0.0,100000000.0,0.0,0.0,0.0,0.0,0.0,0.0,0.2,1.0,0.0,156.7913112230599,0.3247085297380651,0.3247085297380651,42,0.0,167.9172185150052,False,0.13236788450914838,1.2191532706476902,0.1,6,4.0,5.0,0.1,2,73.23175274583701,0.0,0.563881813946954,0.0,2,0.0,-0.22853820712360673,262144.0,2621440.0,3,,324.70852973806507,0.06875,3.960134816169739,167.9172185150052,10,2
107.5726314973079,2,1.0,0.0,0.0,0.0,0.0,0.0,0.0,0.0,100000000.0,0.0,0.0,0.0,0.0,0.0,0.0,0.4,2.0,0.0,149.12262884899974,0.25669526034630763,0.25669526034630763,43,0.0,107.5726314973079,False,0.1453193243554243,1.3384404399390664,0.1,7,4.0,5.0,0.1,2,63.21258779829051,0.0,0.41237295287442643,0.0,2,0.0,-0.20100729235086595,262144.0,2621440.0,1,,256.69526034630763,0.0546875,4.045142030715942,107.5726314973079,10,2
93.45449468490817,2,1.0,0.0,0.0,0.0,0.0,0.0,0.0,0.0,100000000.0,0.0,0.0,0.0,0.0,0.0,0.0,0.4,2.0,0.0,174.16699416935444,0.2676214888542626,0.2676214888542626,43,0.0,93.45449468490817,False,0.1467638122578221,1.3517446651833518,0.1,7,4.0,5.0,0.1,2,58.98625023291038,0.0,0.3688238277699876,0.0,2,0.0,-0.20719265055604236,262144.0,2621440.0,2,,267.6214888542626,0.0765625,3.940190017223358,93.45449468490818,10,2
60.54075836317801,2,1.0,0.0,0.0,0.0,0.0,0.0,0.0,0.0,100000000.0,0.0,0.0,0.0,0.0,0.0,0.0,0.6,3.0,0.0,204.84741916880012,0.26538817753197813,0.26538817753197813,43,0.0,60.54075836317801,False,0.1596128100257369,1.4700883080646097,0.1,8,4.0,5.0,0.1,2,54.666208738875596,0.0,0.09703462234585127,0.0,2,0.0,-0.21250049377885752,262144.0,2621440.0,3,,265.38817753197816,0.0671875,3.9671462774276733,60.540758363178014,10,2
66.93334552241323,2,1.0,0.0,0.0,0.0,0.0,0.0,0.0,0.0,100000000.0,0.0,0.0,0.0,0.0,0.0,0.0,0.6,3.0,0.0,200.6695861928165,0.26760293171522975,0.26760293171522975,44,0.0,66.93334552241323,False,0.18451629397924246,1.6994578717244428,0.1,8,4.0,5.0,0.1,2,57.929783432222486,0.0,0.13451534537707846,0.0,2,0.0,-0.2260596128472361,262144.0,2621440.0,1,,267.6029317152298,0.071875,3.9875536799430846,66.93334552241325,10,2
188.2562902176691,2,1.0,0.0,0.0,0.0,0.0,0.0,0.0,0.0,100000000.0,0.0,0.0,0.0,0.0,0.0,0.0,0.2,1.0,0.0,154.45445012301207,0.34271074034068116,0.34271074034068116,44,0.0,188.2562902176691,False,0.12291309372092961,1.1320714293423704,0.1,6,4.0,5.0,0.1,2,70.26420839065075,0.0,0.6267630244417937,0.0,2,0.0,-0.2328119170308054,262144.0,2621440.0,2,,342.7107403406812,0.0953125,3.8860052466392516,188.2562902176691,10,2
100.76265942319478,2,1.0,0.0,0.0,0.0,0.0,0.0,0.0,0.0,100000000.0,0.0,0.0,0.0,0.0,0.0,0.0,0.2,1.0,0.0,153.32864504307508,0.2540913044662699,0.2540913044662699,44,0.0,100.76265942319478,False,0.12666140362200265,1.1665946393509015,0.1,6,4.0,5.0,0.1,2,64.21894159650205,0.0,0.36267123194131035,0.0,2,0.0,-0.19037635404413628,262144.0,2621440.0,3,,254.09130446626986,0.0703125,4.001097273826599,100.76265942319478,10,2
96.06086564785241,2,1.0,0.0,0.0,0.0,0.0,0.0,0.0,0.0,100000000.0,0.0,0.0,0.0,0.0,0.0,0.0,0.2,1.0,0.0,134.7217196598649,0.2307825853077173,0.2307825853077173,45,0.0,96.06086564785241,False,0.1361097114655165,1.2536167705288763,0.1,6,4.0,5.0,0.1,2,60.490238940272704,0.0,0.3702925896793117,0.0,2,0.0,-0.1834461483866169,262144.0,2621440.0,1,,230.7825853077173,0.08125,3.945577335357666,96.06086564785241,10,2
88.94069236009987,2,1.0,0.0,0.0,0.0,0.0,0.0,0.0,0.0,100000000.0,0.0,0.0,0.0,0.0,0.0,0.0,0.0,0.0,0.0,148.4206928871572,0.23040964942663583,0.23040964942663583,45,0.0,88.94069236009987,False,0.11922558793825233,1.0981082459602822,0.1,5,4.0,5.0,0.1,2,57.83438705113289,0.0,0.3497421088541215,0.0,2,0.0,-0.17481761868244408,262144.0,2621440.0,2,,230.40964942663584,0.0890625,3.9453394412994385,88.94069236009987,10,2
68.78717507114315,2,1.0,0.0,0.0,0.0,0.0,0.0,0.0,0.0,100000000.0,0.0,0.0,0.0,0.0,0.0,0.0,0.8,4.0,0.0,191.5529570542276,0.26034013212537077,0.26034013212537077,45,0.0,68.78717507114315,False,0.23668368548515478,2.1799373038120344,0.1,9,4.0,5.0,0.1,2,52.42561719831909,0.0,0.2378576799512717,0.0,2,0.0,-0.24851190880526278,262144.0,2621440.0,3,,260.34013212537076,0.071875,3.9721322476863863,68.78717507114317,10,2
182.94370754942182,2,1.0,0.0,0.0,0.0,0.0,0.0,0.0,0.0,100000000.0,0.0,0.0,0.0,0.0,0.0,0.0,0.2,1.0,0.0,164.87658023834229,0.30914545500039936,0.30914545500039936,46,0.0,182.94370754942182,False,0.13156762878755957,1.2117826430672358,0.1,6,4.0,5.0,0.1,2,73.36314596318087,0.0,0.5989851362154012,0.0,2,0.0,-0.22035654189397946,262144.0,2621440.0,1,,309.14545500039935,0.0921875,3.8896548986434936,182.94370754942182,10,2
104.21582265268864,2,1.0,0.0,0.0,0.0,0.0,0.0,0.0,0.0,100000000.0,0.0,0.0,0.0,0.0,0.0,0.0,0.0,0.0,0.0,119.72897406667471,0.20643128036033215,0.20643128036033215,46,0.0,104.21582265268864,False,0.12641188528232683,1.1642964905134368,0.1,5,4.0,5.0,0.1,2,65.89946531588885,0.0,0.36766353094475407,0.0,2,0.0,-0.1664215828213295,262144.0,2621440.0,2,,206.43128036033215,0.0828125,3.9226900339126587,104.21582265268864,10,2
68.27214933510507,2,1.0,0.0,0.0,0.0,0.0,0.0,0.0,0.0,100000000.0,0.0,0.0,0.0,0.0,0.0,0.0,0.4,2.0,0.0,209.21198651194572,0.2774841358470508,0.2774841358470508,46,0.0,68.27214933510507,False,0.14850182936565487,1.3677523943188095,0.1,7,4.0,5.0,0.1,2,53.92075299414295,0.0,0.21020864995065758,0.0,2,0.0,-0.21299298260635283,262144.0,2621440.0,3,,277.48413584705077,0.1078125,3.9257943511009215,68.27214933510508,10,2
90.21326331806057,2,1.0,0.0,0.0,0.0,0.0,0.0,0.0,0.0,100000000.0,0.0,0.0,0.0,0.0,0.0,0.0,0.2,1.0,0.0,138.1226470693946,0.20111291162901146,0.20111291162901146,47,0.0,90.21326331806057,False,0.13698685037938285,1.2616955184790908,0.1,6,4.0,5.0,0.1,2,60.13746851213537,0.0,0.3333855100650601,0.0,2,0.0,-0.16904988100419716,262144.0,2621440.0,1,,201.11291162901145,0.0703125,3.9498191475868225,90.21326331806058,10,2
66.2304494996249,2,1.0,0.0,0.0,0.0,0.0,0.0,0.0,0.0,100000000.0,0.0,0.0,0.0,0.0,0.0,0.0,0.0,0.0,0.0,151.8946080468595,0.2094250346068918,0.2094250346068918,47,0.0,66.2304494996249,False,0.1280746536401495,1.1796111530487354,0.1,5,4.0,5.0,0.1,2,52.36679201749156,0.0,0.2093245265112062,0.0,2,0.0,-0.16874984412352065,262144.0,2621440.0,2,,209.42503460689178,0.096875,3.9338875710964203,66.2304494996249,10,2
121.77501159691366,2,1.0,0.0,0.0,0.0,0.0,0.0,0.0,0.0,100000000.0,0.0,0.0,0.0,0.0,0.0,0.0,0.2,1.0,0.0,134.65956086292863,0.2564345724598423,0.2564345724598423,47,0.0,121.77501159691366,False,0.12666140362200265,1.1665946393509015,0.1,6,4.0,5.0,0.1,2,69.335713049307,0.0,0.4306244594842289,0.0,2,0.0,-0.1915479880409225,262144.0,2621440.0,3,,256.4345724598423,0.071875,3.918109107017517,121.77501159691366,10,2
72.3168710359749,2,1.0,0.0,0.0,0.0,0.0,0.0,0.0,0.0,100000000.0,0.0,0.0,0.0,0.0,0.0,0.0,0.2,1.0,0.0,164.2505400814116,0.2365674111173865,0.2365674111173865,48,0.0,72.3168710359749,False,0.1444870080065764,1.3307745230690167,0.1,6,4.0,5.0,0.1,2,58.26422873327556,0.0,0.19432038611997857,0.0,2,0.0,-0.19052720956198144,262144.0,2621440.0,1,,236.56741111738648,0.090625,3.8860331892967226,72.31687103597491,10,2
74.86428152679169,2,1.0,0.0,0.0,0.0,0.0,0.0,0.0,0.0,100000000.0,0.0,0.0,0.0,0.0,0.0,0.0,0.8,4.0,0.0,197.0423781313002,0.2719066596580919,0.2719066596580919,48,0.0,74.86428152679169,False,0.23392603904487003,2.1545384414714435,0.1,9,4.0,5.0,0.1,2,58.759210825873254,0.0,0.21512355922570245,0.0,2,0.0,-0.252916349351481,262144.0,2621440.0,2,,271.9066596580919,0.08125,3.8725860118865967,74.86428152679169,10,2
103.17734132380876,2,1.0,0.0,0.0,0.0,0.0,0.0,0.0,0.0,100000000.0,0.0,0.0,0.0,0.0,0.0,0.0,0.4,2.0,0.0,204.17001517489552,0.3073473564987043,0.3073473564987043,48,0.0,103.17734132380876,False,0.13796355536196356,1.2706913038116643,0.1,7,4.0,5.0,0.1,2,68.5232053998818,0.0,0.3358696345466921,0.0,2,0.0,-0.22265545593033392,262144.0,2621440.0,3,,307.3473564987043,0.0828125,3.911596488952637,103.17734132380878,10,2
99.07622132415106,2,1.0,0.0,0.0,0.0,0.0,0.0,0.0,0.0,100000000.0,0.0,0.0,0.0,0.0,0.0,0.0,0.6,3.0,0.0,172.03005636110902,0.2711062776852601,0.2711062776852601,49,0.0,99.07622132415106,False,0.16929416768518107,1.559256907370929,0.1,8,4.0,5.0,0.1,2,64.67051569370149,0.0,0.3472650164753786,0.0,2,0.0,-0.22020022268522058,262144.0,2621440.0,1,,271.10627768526007,0.1015625,3.9359050512313845,99.07622132415108,10,2
112.52409302821349,2,1.0,0.0,0.0,0.0,0.0,0.0,0.0,0.0,100000000.0,0.0,0.0,0.0,0.0,0.0,0.0,0.0,0.0,0.0,136.8091725744307,0.241670296426918,0.241670296426918,49,0.0,112.52409302821349,False,0.13085937274979703,1.2052593638889357,0.1,5,4.0,5.0,0.1,2,67.6640307913198,0.0,0.39867072934900966,0.0,2,0.0,-0.18626483458835752,262144.0,2621440.0,2,,241.67029642691801,0.0796875,3.959157705307007,112.5240930282135,10,2
83.34804759619927,2,1.0,0.0,0.0,0.0,0.0,0.0,0.0,0.0,100000000.0,0.0,0.0,0.0,0.0,0.0,0.0,0.0,0.0,0.0,134.10173170268536,0.21744977929888462,0.21744977929888462,49,0.0,83.34804759619927,False,0.12310603323643513,1.1338484679513803,0.1,5,4.0,5.0,0.1,2,58.987417897002665,0.0,0.29227594888866315,0.0,2,0.0,-0.17027790626765987,262144.0,2621440.0,3,,217.4497792988846,0.0875,3.9032547175884247,83.34804759619927,10,2
73.12908691073139,2,1.0,0.0,0.0,0.0,0.0,0.0,0.0,0.0,100000000.0,0.0,0.0,0.0,0.0,0.0,0.0,0.0,0.0,0.0,134.72286565229297,0.20143790558630903,0.20143790558630903,50,0.0,73.12908691073139,False,0.1301321983980734,1.19856184059979,0.1,5,4.0,5.0,0.1,2,58.2632360955758,0.0,0.2032823250384942,0.0,2,0.0,-0.16578505199219123,262144.0,2621440.0,1,0.06015625,201.43790558630903,0.078125,3.9767315089702606,73.1290869107314,10,2
68.95699394115515,2,1.0,0.0,0.0,0.0,0.0,0.0,0.0,0.0,100000000.0,0.0,0.0,0.0,0.0,0.0,0.0,0.4,2.0,0.0,159.84696010127664,0.22880395404243178,0.22880395404243178,50,0.0,68.95699394115515,False,0.13294877464105037,1.2245034664812298,0.1,7,4.0,5.0,0.1,2,57.171164677845525,0.0,0.17091564741594054,0.0,2,0.0,-0.1808763643417411,262144.0,2621440.0,2,0.06015625,228.8039540424318,0.1046875,3.8581168830394743,68.95699394115515,10,2
111.07130726470152,2,1.0,0.0,0.0,0.0,0.0,0.0,0.0,0.0,100000000.0,0.0,0.0,0.0,0.0,0.0,0.0,0.0,0.0,0.0,133.83999885991216,0.2449113061246137,0.2449113061246137,50,0.0,111.07130726470152,False,0.13243956688581515,1.2198134897354633,0.1,5,4.0,5.0,0.1,2,70.476344962385,0.0,0.3654855903115638,0.0,2,0.0,-0.18867543650521443,262144.0,2621440.0,3,0.06015625,244.9113061246137,0.1046875,3.875370532274246,111.07130726470153,10,2
76.42583550980486,2,1.0,0.0,0.0,0.0,0.0,0.0,0.0,0.0,100000000.0,0.0,0.0,0.0,0.0,0.0,0.0,0.0,0.0,0.0,130.7797972112894,0.20720563272109427,0.20720563272109427,51,0.0,76.42583550980486,False,0.13324093452979754,1.2271943584996299,0.1,5,4.0,5.0,0.1,2,56.60950711339363,0.0,0.259288344893121,0.0,2,0.0,-0.17022328362544592,262144.0,2621440.0,1,,207.20563272109428,0.078125,4.041950345039368,76.42583550980487,10,2
90.74928021453252,2,1.0,0.0,0.0,0.0,0.0,0.0,0.0,0.0,100000000.0,0.0,0.0,0.0,0.0,0.0,0.0,0.2,1.0,0.0,149.50203010812402,0.20825108854494923,0.20825108854494923,51,0.0,90.74928021453252,False,0.12435158379505414,1.1453204125467664,0.1,6,4.0,5.0,0.1,2,59.95330065328661,0.0,0.33935232861840664,0.0,2,0.0,-0.16630133617000167,262144.0,2621440.0,2,,208.25108854494923,0.09375,3.944427800178528,90.74928021453253,10,2
90.93456856351628,2,1.0,0.0,0.0,0.0,0.0,0.0,0.0,0.0,100000000.0,0.0,0.0,0.0,0.0,0.0,0.0,0.4,2.0,0.0,154.69309408217669,0.24562766264569297,0.24562766264569297,51,0.0,90.93456856351628,False,0.14280766626564992,1.3153072140342168,0.1,7,4.0,5.0,0.1,2,62.591030903704315,0.0,0.31169156138915954,0.0,2,0.0,-0.19421766445567146,262144.0,2621440.0,3,,245.62766264569296,0.071875,4.048972600698471,90.93456856351628,10,2
67.53343899894568,2,1.0,0.0,0.0,0.0,0.0,0.0,0.0,0.0,100000000.0,0.0,0.0,0.0,0.0,0.0,0.0,0.0,0.0,0.0,145.76200488954782,0.20628257849578582,0.20628257849578582,52,0.0,67.53343899894568,False,0.13926085256103532,1.2826398525787266,0.1,5,4.0,5.0,0.1,2,57.43451656916461,0.0,0.14953958482609972,0.0,2,0.0,-0.17277171552841059,262144.0,2621440.0,1,,206.28257849578583,0.0875,3.9701436161994934,67.5334389989457,10,2
74.21566951856204,2,1.0,0.0,0.0,0.0,0.0,0.0,0.0,0.0,100000000.0,0.0,0.0,0.0,0.0,0.0,0.0,0.0,0.0,0.0,119.15012821555138,0.19336579773411341,0.19336579773411341,52,0.0,74.21566951856204,False,0.12663554186230927,1.166356443741507,0.1,5,4.0,5.0,0.1,2,52.69292073165478,0.0,0.2900027571876073,0.0,2,0.0,-0.16000066979821134,262144.0,2621440.0,2,,193.3657977341134,0.0875,3.9406310319900513,74.21566951856204,10,2
197.3724160753242,2,1.0,0.0,0.0,0.0,0.0,0.0,0.0,0.0,100000000.0,0.0,0.0,0.0,0.0,0.0,0.0,0.4,2.0,0.0,203.68195418268442,0.295812095090752,0.295812095090752,52,0.0,197.3724160753242,False,0.13293266264540507,1.2243550695172647,0.1,7,4.0,5.0,0.1,2,81.51174389277891,0.0,0.5870155236805168,0.0,2,0.0,-0.21437237886807853,262144.0,2621440.0,3,,295.812095090752,0.08125,3.890839236974716,197.3724160753242,10,2
65.73859707995926,2,1.0,0.0,0.0,0.0,0.0,0.0,0.0,0.0,100000000.0,0.0,0.0,0.0,0.0,0.0,0.0,0.2,1.0,0.0,115.33259507268667,0.18107119215264594,0.18107119215264594,53,0.0,65.73859707995926,False,0.14530565128499098,1.3383145063064454,0.1,6,4.0,5.0,0.1,2,54.757888372038195,0.0,0.16703594533003177,0.0,2,0.0,-0.16318842171881848,262144.0,2621440.0,1,,181.07119215264595,0.0890625,3.8919443011283876,65.73859707995928,10,2
94.1384714766364,2,1.0,0.0,0.0,0.0,0.0,0.0,0.0,0.0,100000000.0,0.0,0.0,0.0,0.0,0.0,0.0,0.0,0.0,0.0,151.40936383977532,0.23495394277562903,0.23495394277562903,53,0.0,94.1384714766364,False,0.12361568560612755,1.1385425397476319,0.1,5,4.0,5.0,0.1,2,63.0634558282067,0.0,0.33009900374409623,0.0,2,0.0,-0.1792848141908783,262144.0,2621440.0,2,,234.95394277562903,0.13125,3.808552771806717,94.1384714766364,10,2
147.93596380136583,2,1.0,0.0,0.0,0.0,0.0,0.0,0.0,0.0,100000000.0,0.0,0.0,0.0,0.0,0.0,0.0,0.2,1.0,0.0,129.67328261584044,0.24954453586347078,0.24954453586347078,53,0.0,147.93596380136583,False,0.13570361779425838,1.2498765095936837,0.1,6,4.0,5.0,0.1,2,66.42789019668113,0.0,0.5509686185174411,0.0,2,0.0,-0.19262407682886457,262144.0,2621440.0,3,,249.54453586347077,0.103125,3.8110574007034304,147.93596380136583,10,2
73.90021652554,2,1.0,0.0,0.0,0.0,0.0,0.0,0.0,0.0,100000000.0,0.0,0.0,0.0,0.0,0.0,0.0,0.2,1.0,0.0,165.42146541178226,0.23932168193732228,0.23932168193732228,54,0.0,73.90021652554,False,0.14291318285151186,1.3162790577048942,0.1,6,4.0,5.0,0.1,2,59.49805408198147,0.0,0.194886606842094,0.0,2,0.0,-0.19111743239441709,262144.0,2621440.0,1,,239.3216819373223,0.096875,3.8456682443618773,73.90021652554,10,2
125.99372964807249,2,1.0,0.0,0.0,0.0,0.0,0.0,0.0,0.0,100000000.0,0.0,0.0,0.0,0.0,0.0,0.0,0.4,2.0,0.0,153.8908607326448,0.2798845903807173,0.2798845903807173,54,0.0,125.99372964807249,False,0.14322969214514927,1.3191942160301884,0.1,7,4.0,5.0,0.1,2,66.33253809148736,0.0,0.4735250851231376,0.0,2,0.0,-0.2115571412629333,262144.0,2621440.0,2,,279.88459038071727,0.1015625,3.852306866645813,125.99372964807249,10,2
136.71427239936418,2,1.0,0.0,0.0,0.0,0.0,0.0,0.0,0.0,100000000.0,0.0,0.0,0.0,0.0,0.0,0.0,0.6,3.0,0.0,192.8797527216375,0.32959402512100167,0.32959402512100167,54,0.0,136.71427239936418,False,0.17190653306092715,1.5833176816575159,0.1,8,4.0,5.0,0.1,2,66.93095452336627,0.0,0.5104318419085735,0.0,2,0.0,-0.2507502790909644,262144.0,2621440.0,3,,329.59402512100166,0.1125,3.7725918650627137,136.7142723993642,10,2
97.41475725181725,2,1.0,0.0,0.0,0.0,0.0,0.0,0.0,0.0,100000000.0,0.0,0.0,0.0,0.0,0.0,0.0,0.4,2.0,0.0,182.22392257303,0.27963867982484725,0.27963867982484725,55,0.0,97.41475725181725,False,0.14425292327151898,1.3286185229832541,0.1,7,4.0,5.0,0.1,2,64.5876930180133,0.0,0.3369824568668375,0.0,2,0.0,-0.2119458015481831,262144.0,2621440.0,1,,279.63867982484726,0.090625,3.8165205299854277,97.41475725181725,10,2
84.24769982854828,2,1.0,0.0,0.0,0.0,0.0,0.0,0.0,0.0,100000000.0,0.0,0.0,0.0,0.0,0.0,0.0,0.0,0.0,0.0,126.8349289894104,0.20985682483921753,0.20985682483921753,55,0.0,84.24769982854828,False,0.11538807241458716,1.0627634218045836,0.1,5,4.0,5.0,0.1,2,57.62664902000348,0.0,0.3159854911495632,0.0,2,0.0,-0.16262244862690234,262144.0,2621440.0,2,,209.85682483921752,0.1125,3.8615976870059967,84.24769982854829,10,2
112.13674063768848,2,1.0,0.0,0.0,0.0,0.0,0.0,0.0,0.0,100000000.0,0.0,0.0,0.0,0.0,0.0,0.0,0.2,1.0,0.0,153.5432767122984,0.21807369583260877,0.21807369583260877,55,0.0,112.13674063768848,False,0.13418629850707534,1.2359014825057635,0.1,6,4.0,5.0,0.1,2,63.66565212206447,0.0,0.4322498428256721,0.0,2,0.0,-0.17612999716984207,262144.0,2621440.0,3,,218.07369583260876,0.1203125,3.7852967381477356,112.13674063768849,10,2
64.2448411593279,2,1.0,0.0,0.0,0.0,0.0,0.0,0.0,0.0,100000000.0,0.0,0.0,0.0,0.0,0.0,0.0,0.4,2.0,0.0,168.43153722584248,0.22354968898624672,0.22354968898624672,56,0.0,64.2448411593279,False,0.1577243232432838,1.4526947020102383,0.1,7,4.0,5.0,0.1,2,54.93921646198131,0.0,0.1448462558148217,0.0,2,0.0,-0.19063700611476525,262144.0,2621440.0,1,,223.5496889862467,0.0875,3.8736610770225526,64.24484115932792,10,2
95.5779509045463,2,1.0,0.0,0.0,0.0,0.0,0.0,0.0,0.0,100000000.0,0.0,0.0,0.0,0.0,0.0,0.0,0.0,0.0,0.0,133.98327957838774,0.2228567058578413,0.2228567058578413,56,0.0,95.5779509045463,False,0.12574563270614939,1.1581600775131364,0.1,5,4.0,5.0,0.1,2,65.18502490984676,0.0,0.31799097707224283,0.0,2,0.0,-0.17430116928199535,262144.0,2621440.0,2,,222.8567058578413,0.096875,3.794969320297241,95.5779509045463,10,2
128.24422544989784,2,1.0,0.0,0.0,0.0,0.0,0.0,0.0,0.0,100000000.0,0.0,0.0,0.0,0.0,0.0,0.0,0.2,1.0,0.0,152.45360555127263,0.28069783100117046,0.28069783100117046,56,0.0,128.24422544989784,False,0.13281462526962895,1.2232679051097517,0.1,6,4.0,5.0,0.1,2,80.29001345288937,0.0,0.3739288208009265,0.0,2,0.0,-0.2067562281353997,262144.0,2621440.0,3,,280.69783100117047,0.115625,3.7895076155662535,128.24422544989784,10,2
121.66654066242522,2,1.0,0.0,0.0,0.0,0.0,0.0,0.0,0.0,100000000.0,0.0,0.0,0.0,0.0,0.0,0.0,0.4,2.0,0.0,186.18689058348536,0.3078534312459106,0.3078534312459106,57,0.0,121.66654066242522,False,0.14993893365780112,1.3809886139995042,0.1,7,4.0,5.0,0.1,2,72.77213140848649,0.0,0.4018722730812301,0.0,2,0.0,-0.22889618245185583,262144.0,2621440.0,1,,307.8534312459106,0.0765625,3.931818789243698,121.66654066242522,10,2
87.88271916004692,2,1.0,0.0,0.0,0.0,0.0,0.0,0.0,0.0,100000000.0,0.0,0.0,0.0,0.0,0.0,0.0,0.0,0.0,0.0,133.0266622826457,0.20439497862848316,0.20439497862848316,57,0.0,87.88271916004692,False,0.12641188528232683,1.1642964905134368,0.1,5,4.0,5.0,0.1,2,60.90794108170431,0.0,0.30694064016405437,0.0,2,0.0,-0.165403431955405,262144.0,2621440.0,2,,204.39497862848316,0.0984375,3.8907796442508698,87.88271916004692,10,2
271.6191246302229,2,1.0,0.0,0.0,0.0,0.0,0.0,0.0,0.0,100000000.0,0.0,0.0,0.0,0.0,0.0,0.0,0.2,1.0,0.0,156.31594974547625,0.42793507437569916,0.42793507437569916,57,0.0,271.6191246302229,False,0.1215966861515815,1.1199468675604285,0.1,6,4.0,5.0,0.1,2,84.17045296778288,0.0,0.6901158816325216,0.0,2,0.0,-0.27476588026364035,262144.0,2621440.0,3,,427.9350743756992,0.0921875,3.8144447207450867,271.6191246302229,10,2
84.17231453835629,2,1.0,0.0,0.0,0.0,0.0,0.0,0.0,0.0,100000000.0,0.0,0.0,0.0,0.0,0.0,0.0,0.8,4.0,0.0,195.58817148208618,0.27976048602044246,0.27976048602044246,58,0.0,84.17231453835629,False,0.21634463059670783,1.992607685445132,0.1,9,4.0,5.0,0.1,2,59.561610985076086,0.0,0.29238477863247314,0.0,2,0.0,-0.24805255830857514,262144.0,2621440.0,1,,279.76048602044244,0.0921875,3.8770740389823914,84.1723145383563,10,2
71.37737803785319,2,1.0,0.0,0.0,0.0,0.0,0.0,0.0,0.0,100000000.0,0.0,0.0,0.0,0.0,0.0,0.0,0.4,2.0,0.0,199.82562167569995,0.2712029997135531,0.2712029997135531,58,0.0,71.37737803785319,False,0.13442614824090449,1.238110580192458,0.1,7,4.0,5.0,0.1,2,55.80216537722283,0.0,0.21820936953400608,0.0,2,0.0,-0.2028145739772288,262144.0,2621440.0,2,,271.2029997135531,0.103125,3.89795805811882,71.37737803785319,10,2
76.86280563763451,2,1.0,0.0,0.0,0.0,0.0,0.0,0.0,0.0,100000000.0,0.0,0.0,0.0,0.0,0.0,0.0,0.6,3.0,0.0,178.02678234875202,0.2548895879863865,0.2548895879863865,58,0.0,76.86280563763451,False,0.18384959427718484,1.693317340542597,0.1,8,4.0,5.0,0.1,2,58.80147366561479,0.0,0.23498142986308457,0.0,2,0.0,-0.21936959113178567,262144.0,2621440.0,3,,254.8895879863865,0.1,3.7960484266281127,76.86280563763451,10,2
98.23530479806213,2,1.0,0.0,0.0,0.0,0.0,0.0,0.0,0.0,100000000.0,0.0,0.0,0.0,0.0,0.0,0.0,0.2,1.0,0.0,166.75356402993202,0.227294818130576,0.227294818130576,59,0.0,98.23530479806213,False,0.12417239241032821,1.143669998901715,0.1,6,4.0,5.0,0.1,2,57.394226989254356,0.0,0.41574745345131187,0.0,2,0.0,-0.17573360527045212,262144.0,2621440.0,1,,227.294818130576,0.090625,3.879477286338806,98.23530479806215,10,2
240.94563026760866,2,1.0,0.0,0.0,0.0,0.0,0.0,0.0,0.0,100000000.0,0.0,0.0,0.0,0.0,0.0,0.0,0.4,2.0,0.0,172.0222788862884,0.3247159198190754,0.3247159198190754,59,0.0,240.94563026760866,False,0.1354305539076097,1.2473614982543544,0.1,7,4.0,5.0,0.1,2,81.93050403229996,0.0,0.659962689751613,0.0,2,0.0,-0.23007323686334252,262144.0,2621440.0,2,,324.7159198190754,0.115625,3.7207667231559753,240.9456302676087,10,2
99.57784700361805,2,1.0,0.0,0.0,0.0,0.0,0.0,0.0,0.0,100000000.0,0.0,0.0,0.0,0.0,0.0,0.0,0.4,2.0,0.0,206.24912017956376,0.3058269671831818,0.3058269671831818,59,0.0,99.57784700361805,False,0.1508824994146247,1.3896791757831908,0.1,7,4.0,5.0,0.1,2,59.80646680767678,0.0,0.39939988052258474,0.0,2,0.0,-0.22835473329890327,262144.0,2621440.0,3,,305.8269671831818,0.0953125,3.8071738183498383,99.57784700361805,10,2
68.42844803216192,2,1.0,0.0,0.0,0.0,0.0,0.0,0.0,0.0,100000000.0,0.0,0.0,0.0,0.0,0.0,0.0,0.2,1.0,0.0,122.69287183880806,0.19112131987096997,0.19112131987096997,60,0.0,68.42844803216192,False,0.14243652274019497,1.3118888558379216,0.1,6,4.0,5.0,0.1,2,54.94810983329367,0.0,0.19699903456136236,0.0,2,0.0,-0.16677892130558247,262144.0,2621440.0,1,0.05859375,191.12131987096998,0.0953125,3.7986307024955748,68.42844803216192,10,2
71.62788368248309,2,1.0,0.0,0.0,0.0,0.0,0.0,0.0,0.0,100000000.0,0.0,0.0,0.0,0.0,0.0,0.0,0.6,3.0,0.0,217.8835808299482,0.28951146451243126,0.28951146451243126,60,0.0,71.62788368248309,False,0.15856019197457316,1.4603933375317053,0.1,8,4.0,5.0,0.1,2,60.17409568805758,0.0,0.15990683244528947,0.0,2,0.0,-0.2240358282435022,262144.0,2621440.0,2,0.05859375,289.51146451243125,0.109375,3.7991132855415346,71.6278836824831,10,2
122.33277330614831,2,1.0,0.0,0.0,0.0,0.0,0.0,0.0,0.0,100000000.0,0.0,0.0,0.0,0.0,0.0,0.0,0.2,1.0,0.0,127.92667979374528,0.22277629295803814,0.22277629295803814,60,0.0,122.33277330614831,False,0.1307336411372793,1.20410133294213,0.1,6,4.0,5.0,0.1,2,81.00717727662403,0.0,0.3378129581522967,0.0,2,0.0,-0.17675496704765872,262144.0,2621440.0,3,0.05859375,222.77629295803814,0.109375,3.7070359349250794,122.33277330614833,10,2
113.67510385696087,2,1.0,0.0,0.0,0.0,0.0,0.0,0.0,0.0,100000000.0,0.0,0.0,0.0,0.0,0.0,0.0,0.2,1.0,0.0,135.74776519089937,0.24942286904786026,0.24942286904786026,61,0.0,113.67510385696087,False,0.14250995463526386,1.3125651885856653,0.1,6,4.0,5.0,0.1,2,63.524400612871084,0.0,0.4411757855721442,0.0,2,0.0,-0.19596641184156205,262144.0,2621440.0,1,,249.42286904786027,0.0765625,3.983612334728241,113.67510385696087,10,2
86.54462649539593,2,1.0,0.0,0.0,0.0,0.0,0.0,0.0,0.0,100000000.0,0.0,0.0,0.0,0.0,0.0,0.0,0.0,0.0,0.0,136.79589005187154,0.21551326532900816,0.21551326532900816,61,0.0,86.54462649539593,False,0.1280746536401495,1.1796111530487354,0.1,5,4.0,5.0,0.1,2,62.36569675343769,0.0,0.2793810629391824,0.0,2,0.0,-0.17179395948457882,262144.0,2621440.0,2,,215.51326532900816,0.1,3.8682259023189545,86.54462649539595,10,2
162.15945780549012,2,1.0,0.0,0.0,0.0,0.0,0.0,0.0,0.0,100000000.0,0.0,0.0,0.0,0.0,0.0,0.0,0.2,1.0,0.0,152.85561652854085,0.315015074334031,0.315015074334031,61,0.0,162.15945780549012,False,0.12456872450030546,1.147320352350742,0.1,6,4.0,5.0,0.1,2,84.02973382190494,0.0,0.4818079996129587,0.0,2,0.0,-0.2197918994171682,262144.0,2621440.0,3,,315.015074334031,0.0984375,3.932981991767883,162.1594578054901,10,2
83.03370961556226,2,1.0,0.0,0.0,0.0,0.0,0.0,0.0,0.0,100000000.0,0.0,0.0,0.0,0.0,0.0,0.0,0.2,1.0,0.0,154.3883252888918,0.23742203490445407,0.23742203490445407,62,0.0,83.03370961556226,False,0.1361097114655165,1.2536167705288763,0.1,6,4.0,5.0,0.1,2,57.54924043266953,0.0,0.30691714607095444,0.0,2,0.0,-0.18676587318498528,262144.0,2621440.0,1,,237.42203490445408,0.0875,3.8368884444236757,83.03370961556226,10,2
73.0001297350029,2,1.0,0.0,0.0,0.0,0.0,0.0,0.0,0.0,100000000.0,0.0,0.0,0.0,0.0,0.0,0.0,0.2,1.0,0.0,131.97674741968513,0.20497687715468804,0.20497687715468804,62,0.0,73.0001297350029,False,0.12233763255588205,1.1267712361414284,0.1,6,4.0,5.0,0.1,2,54.627978863431565,0.0,0.25167285233963166,0.0,2,0.0,-0.16365725485528504,262144.0,2621440.0,2,,204.97687715468805,0.1265625,3.741130840778351,73.0001297350029,10,2
80.26459016859857,2,1.0,0.0,0.0,0.0,0.0,0.0,0.0,0.0,100000000.0,0.0,0.0,0.0,0.0,0.0,0.0,0.0,0.0,0.0,129.3743676505983,0.20963895781919686,0.20963895781919686,62,0.0,80.26459016859857,False,0.13133671144584272,1.2096558157522317,0.1,5,4.0,5.0,0.1,2,59.947969627162905,0.0,0.25312059151812644,0.0,2,0.0,-0.1704878346325198,262144.0,2621440.0,3,,209.63895781919686,0.11875,3.778209149837494,80.26459016859857,10,2
75.08856209716859,2,1.0,0.0,0.0,0.0,0.0,0.0,0.0,0.0,100000000.0,0.0,0.0,0.0,0.0,0.0,0.0,0.2,1.0,0.0,152.5538437999785,0.22764240589714707,0.22764240589714707,63,0.0,75.08856209716859,False,0.13233812670675957,1.2188791911589671,0.1,6,4.0,5.0,0.1,2,55.75798160519748,0.0,0.2574370843185985,0.0,2,0.0,-0.1799902663019533,262144.0,2621440.0,1,,227.64240589714706,0.075,3.842413866519928,75.08856209716859,10,2
65.81283189259234,2,1.0,0.0,0.0,0.0,0.0,0.0,0.0,0.0,100000000.0,0.0,0.0,0.0,0.0,0.0,0.0,0.2,1.0,0.0,160.08325340226293,0.21939814557570161,0.21939814557570161,63,0.0,65.81283189259234,False,0.13667928025934747,1.2588626929853155,0.1,6,4.0,5.0,0.1,2,55.79092943148315,0.0,0.152278851599413,0.0,2,0.0,-0.17803871291752454,262144.0,2621440.0,2,,219.39814557570162,0.1375,3.7411650657653808,65.81283189259234,10,2
77.91448383070797,2,1.0,0.0,0.0,0.0,0.0,0.0,0.0,0.0,100000000.0,0.0,0.0,0.0,0.0,0.0,0.0,0.2,1.0,0.0,152.7487332932651,0.20866875516979172,0.20866875516979172,63,0.0,77.91448383070797,False,0.12490915281510642,1.1504558130023173,0.1,6,4.0,5.0,0.1,2,57.259081217980395,0.0,0.2651035031895672,0.0,2,0.0,-0.16678895399244908,262144.0,2621440.0,3,,208.66875516979172,0.096875,3.7837706446647643,77.91448383070798,10,2
87.0743169134749,2,1.0,0.0,0.0,0.0,0.0,0.0,0.0,0.0,100000000.0,0.0,0.0,0.0,0.0,0.0,0.0,0.2,1.0,0.0,137.05433113500476,0.22412864804847968,0.22412864804847968,64,0.0,87.0743169134749,False,0.13506070049862168,1.243955022469839,0.1,6,4.0,5.0,0.1,2,58.93201737866916,0.0,0.32319862540834565,0.0,2,0.0,-0.1795946742735507,262144.0,2621440.0,1,,224.12864804847968,0.0890625,3.8195412158966064,87.07431691347492,10,2
159.51355184619845,2,1.0,0.0,0.0,0.0,0.0,0.0,0.0,0.0,100000000.0,0.0,0.0,0.0,0.0,0.0,0.0,0.2,1.0,0.0,165.88569479063153,0.32539924663682995,0.32539924663682995,64,0.0,159.51355184619845,False,0.1350243656447089,1.2436203660979364,0.1,6,4.0,5.0,0.1,2,74.04645025645621,0.0,0.5357983732451074,0.0,2,0.0,-0.23021180614076941,262144.0,2621440.0,2,,325.39924663682996,0.1015625,3.858305549621582,159.51355184619845,10,2
118.56291424269854,2,1.0,0.0,0.0,0.0,0.0,0.0,0.0,0.0,100000000.0,0.0,0.0,0.0,0.0,0.0,0.0,0.4,2.0,0.0,169.01406599208713,0.2875769802347856,0.2875769802347856,64,0.0,118.56291424269854,False,0.1508824994146247,1.3896791757831908,0.1,7,4.0,5.0,0.1,2,66.97342999402888,0.0,0.43512328098705366,0.0,2,0.0,-0.21922973982470517,262144.0,2621440.0,3,,287.5769802347856,0.0859375,3.7771873474121094,118.56291424269851,10,2
75.73782050024693,2,1.0,0.0,0.0,0.0,0.0,0.0,0.0,0.0,100000000.0,0.0,0.0,0.0,0.0,0.0,0.0,0.6,3.0,0.0,214.2046825028956,0.2715283322573771,0.2715283322573771,65,0.0,75.73782050024693,False,0.17816022307030865,1.6409162952247465,0.1,8,4.0,5.0,0.1,2,54.85348615596706,0.0,0.27574511923289075,0.0,2,0.0,-0.22484427766384288,262144.0,2621440.0,1,,271.5283322573771,0.1125,3.6903791785240174,75.73782050024694,10,2
134.04729640900578,2,1.0,0.0,0.0,0.0,0.0,0.0,0.0,0.0,100000000.0,0.0,0.0,0.0,0.0,0.0,0.0,0.4,2.0,0.0,139.92378627881408,0.2739710826878199,0.2739710826878199,65,0.0,134.04729640900578,False,0.13653187508896072,1.2575050411934643,0.1,7,4.0,5.0,0.1,2,70.99480450293656,0.0,0.4703749616380411,0.0,2,0.0,-0.2052514788883903,262144.0,2621440.0,2,,273.9710826878199,0.115625,3.7880762457847594,134.04729640900578,10,2
85.54759599789098,2,1.0,0.0,0.0,0.0,0.0,0.0,0.0,0.0,100000000.0,0.0,0.0,0.0,0.0,0.0,0.0,0.4,2.0,0.0,208.14341865479946,0.2936910146526905,0.2936910146526905,65,0.0,85.54759599789098,False,0.1411216367643251,1.2997783084498218,0.1,7,4.0,5.0,0.1,2,60.81529359012167,0.0,0.28910575591602883,0.0,2,0.0,-0.2174063257085078,262144.0,2621440.0,3,,293.6910146526905,0.090625,3.817559099197388,85.54759599789101,10,2
68.79468658780135,2,1.0,0.0,0.0,0.0,0.0,0.0,0.0,0.0,100000000.0,0.0,0.0,0.0,0.0,0.0,0.0,0.2,1.0,0.0,127.5879330933094,0.19638261968111076,0.19638261968111076,66,0.0,68.79468658780135,False,0.1331113196468517,1.2260005613104248,0.1,6,4.0,5.0,0.1,2,54.7538738245026,0.0,0.2040973432647118,0.0,2,0.0,-0.16474696966398122,262144.0,2621440.0,1,,196.38261968111075,0.10625,3.7618178725242615,68.79468658780137,10,2
105.39791316361801,2,1.0,0.0,0.0,0.0,0.0,0.0,0.0,0.0,100000000.0,0.0,0.0,0.0,0.0,0.0,0.0,0.0,0.0,0.0,147.47938280925155,0.2487437920887925,0.2487437920887925,66,0.0,105.39791316361801,False,0.12057647086302957,1.1105503375001713,0.1,5,4.0,5.0,0.1,2,64.52102713355765,0.0,0.3878339219734242,0.0,2,0.0,-0.18466013147591104,262144.0,2621440.0,2,,248.7437920887925,0.1,3.861826568841934,105.39791316361801,10,2
82.45133549096214,2,1.0,0.0,0.0,0.0,0.0,0.0,0.0,0.0,100000000.0,0.0,0.0,0.0,0.0,0.0,0.0,0.2,1.0,0.0,129.4896868057549,0.1821345210646294,0.1821345210646294,66,0.0,82.45133549096214,False,0.13341902128595995,1.2288345981396267,0.1,6,4.0,5.0,0.1,2,56.46158941699681,0.0,0.3152131608203505,0.0,2,0.0,-0.15777677117529468,262144.0,2621440.0,3,,182.1345210646294,0.1109375,3.782926321029663,82.45133549096214,10,2
110.2990559360627,2,1.0,0.0,0.0,0.0,0.0,0.0,0.0,0.0,100000000.0,0.0,0.0,0.0,0.0,0.0,0.0,0.2,1.0,0.0,168.36253087967634,0.24035530426538354,0.24035530426538354,67,0.0,110.2990559360627,False,0.1331113196468517,1.2260005613104248,0.1,6,4.0,5.0,0.1,2,61.5371200674541,0.0,0.44208842455437286,0.0,2,0.0,-0.18673331195611761,262144.0,2621440.0,1,,240.35530426538355,0.115625,3.763930547237396,110.29905593606271,10,2
87.06844720963117,2,1.0,0.0,0.0,0.0,0.0,0.0,0.0,0.0,100000000.0,0.0,0.0,0.0,0.0,0.0,0.0,0.2,1.0,0.0,141.82360004633665,0.22889204725596785,0.22889204725596785,67,0.0,87.06844720963117,False,0.13590538852900091,1.251734886737766,0.1,6,4.0,5.0,0.1,2,61.974048790053295,0.0,0.2882146084351213,0.0,2,0.0,-0.18239871789248438,262144.0,2621440.0,2,,228.89204725596784,0.0984375,3.8442186951637267,87.06844720963119,10,2
83.7599755170529,2,1.0,0.0,0.0,0.0,0.0,0.0,0.0,0.0,100000000.0,0.0,0.0,0.0,0.0,0.0,0.0,0.2,1.0,0.0,147.3914049565792,0.2311513804736321,0.2311513804736321,67,0.0,83.7599755170529,False,0.13236788450914838,1.2191532706476902,0.1,6,4.0,5.0,0.1,2,59.08399787332006,0.0,0.2946034486209823,0.0,2,0.0,-0.18175963249139024,262144.0,2621440.0,3,,231.1513804736321,0.0953125,3.7686251759529115,83.7599755170529,10,2
120.26628490935164,2,1.0,0.0,0.0,0.0,0.0,0.0,0.0,0.0,100000000.0,0.0,0.0,0.0,0.0,0.0,0.0,0.4,2.0,0.0,172.1177138388157,0.23204550793194778,0.23204550793194778,68,0.0,120.26628490935164,False,0.15408994502447923,1.4192208415745518,0.1,7,4.0,5.0,0.1,2,65.54941024446727,0.0,0.45496437098831266,0.0,2,0.0,-0.19306772647821352,262144.0,2621440.0,1,,232.04550793194778,0.1,3.777761107683182,120.26628490935165,10,2
85.24030626344089,2,1.0,0.0,0.0,0.0,0.0,0.0,0.0,0.0,100000000.0,0.0,0.0,0.0,0.0,0.0,0.0,0.6,3.0,0.0,203.92405055463314,0.28916435681807406,0.28916435681807406,68,0.0,85.24030626344089,False,0.18644494628247052,1.717221415896369,0.1,8,4.0,5.0,0.1,2,63.556756232084524,0.0,0.2543814186253847,0.0,2,0.0,-0.2378046515502723,262144.0,2621440.0,2,,289.16435681807405,0.0984375,3.718810570240021,85.2403062634409,10,2
103.37464641027242,2,1.0,0.0,0.0,0.0,0.0,0.0,0.0,0.0,100000000.0,0.0,0.0,0.0,0.0,0.0,0.0,0.4,2.0,0.0,191.08168128877878,0.29445632769905117,0.29445632769905117,68,0.0,103.37464641027242,False,0.1437938299256877,1.3243901170056385,0.1,7,4.0,5.0,0.1,2,68.656189392703,0.0,0.33585079343129354,0.0,2,0.0,-0.21912507881236942,262144.0,2621440.0,3,,294.45632769905114,0.09375,3.789385807514191,103.37464641027242,10,2
148.32590969878956,2,1.0,0.0,0.0,0.0,0.0,0.0,0.0,0.0,100000000.0,0.0,0.0,0.0,0.0,0.0,0.0,0.2,1.0,0.0,149.09879583865404,0.2974247055374436,0.2974247055374436,69,0.0,148.32590969878956,False,0.1340475784041105,1.2346238231410216,0.1,6,4.0,5.0,0.1,2,69.40418083283609,0.0,0.5320832282520465,0.0,2,0.0,-0.21573614197077706,262144.0,2621440.0,1,,297.42470553744363,0.084375,3.894883763790131,148.32590969878956,10,2
107.27853204761857,2,1.0,0.0,0.0,0.0,0.0,0.0,0.0,0.0,100000000.0,0.0,0.0,0.0,0.0,0.0,0.0,0.2,1.0,0.0,129.53904177993536,0.23681757382755392,0.23681757382755392,69,0.0,107.27853204761857,False,0.12894870964728,1.1876615063785778,0.1,6,4.0,5.0,0.1,2,64.27004951754225,0.0,0.4009048381738279,0.0,2,0.0,-0.18288314173741696,262144.0,2621440.0,2,,236.81757382755393,0.10625,3.799442672729492,107.27853204761857,10,2
147.48396732154276,2,1.0,0.0,0.0,0.0,0.0,0.0,0.0,0.0,100000000.0,0.0,0.0,0.0,0.0,0.0,0.0,0.0,0.0,0.0,134.4082192517817,0.2818921865733245,0.2818921865733245,69,0.0,147.48396732154276,False,0.1187209623207387,1.093460472262563,0.1,5,4.0,5.0,0.1,2,72.74684792933684,0.0,0.5067474163429911,0.0,2,0.0,-0.2003065744470316,262144.0,2621440.0,3,,281.89218657332447,0.10625,3.713016927242279,147.48396732154276,10,2
104.75440313142266,2,1.0,0.0,0.0,0.0,0.0,0.0,0.0,0.0,100000000.0,0.0,0.0,0.0,0.0,0.0,0.0,0.2,1.0,0.0,152.75087300688028,0.21656678141128743,0.21656678141128743,70,0.0,104.75440313142266,False,0.14761815436173742,1.3596134467545222,0.1,6,4.0,5.0,0.1,2,57.75827486752081,0.0,0.4486315310769467,0.0,2,0.0,-0.18209246788651243,262144.0,2621440.0,1,0.0703125,216.56678141128742,0.1359375,3.735450005531311,104.75440313142266,10,2
88.13437292704576,2,1.0,0.0,0.0,0.0,0.0,0.0,0.0,0.0,100000000.0,0.0,0.0,0.0,0.0,0.0,0.0,0.0,0.0,0.0,130.72200724855065,0.21885638017559642,0.21885638017559642,70,0.0,88.13437292704576,False,0.12273549267653867,1.1304356632731114,0.1,5,4.0,5.0,0.1,2,57.774528167088164,0.0,0.34447223882886546,0.0,2,0.0,-0.17079593642606755,262144.0,2621440.0,2,0.0703125,218.85638017559643,0.0984375,3.857939213514328,88.13437292704576,10,2
63.14460922600096,2,1.0,0.0,0.0,0.0,0.0,0.0,0.0,0.0,100000000.0,0.0,0.0,0.0,0.0,0.0,0.0,0.8,4.0,0.0,214.20194813981652,0.2773465573658175,0.2773465573658175,70,0.0,63.14460922600096,False,0.23668368548515478,2.1799373038120344,0.1,9,4.0,5.0,0.1,2,55.500853021472835,0.0,0.12105160358456486,0.0,2,0.0,-0.2570151214254861,262144.0,2621440.0,3,0.0703125,277.3465573658175,0.103125,3.663462394475937,63.14460922600096,10,2
88.99792665078058,2,1.0,0.0,0.0,0.0,0.0,0.0,0.0,0.0,100000000.0,0.0,0.0,0.0,0.0,0.0,0.0,0.0,0.0,0.0,139.58162162452936,0.22857954827530996,0.22857954827530996,71,0.0,88.99792665078058,False,0.12608374206549613,1.161274179795671,0.1,5,4.0,5.0,0.1,2,65.25605941892593,0.0,0.26676876782776626,0.0,2,0.0,-0.17733164517040306,262144.0,2621440.0,1,,228.57954827530997,0.0765625,3.938903033733368,88.99792665078058,10,2
77.61784925470238,2,1.0,0.0,0.0,0.0,0.0,0.0,0.0,0.0,100000000.0,0.0,0.0,0.0,0.0,0.0,0.0,0.4,2.0,0.0,158.12449902296066,0.23574234827766305,0.23574234827766305,71,0.0,77.61784925470238,False,0.13728698101816222,1.2644598238183076,0.1,7,4.0,5.0,0.1,2,55.83880447469345,0.0,0.2805932525718557,0.0,2,0.0,-0.18651466464791264,262144.0,2621440.0,2,,235.74234827766304,0.1046875,3.8760670959949493,77.61784925470239,10,2
65.09573538229,2,1.0,0.0,0.0,0.0,0.0,0.0,0.0,0.0,100000000.0,0.0,0.0,0.0,0.0,0.0,0.0,0.6,3.0,0.0,211.6063917055726,0.2767021270878626,0.2767021270878626,71,0.0,65.09573538229,False,0.16752771452632337,1.542987272526697,0.1,8,4.0,5.0,0.1,2,55.786980235145194,0.0,0.1430009983369411,0.0,2,0.0,-0.222114920807093,262144.0,2621440.0,3,,276.7021270878626,0.096875,3.9103860020637513,65.09573538229,10,2
74.56946193255192,2,1.0,0.0,0.0,0.0,0.0,0.0,0.0,0.0,100000000.0,0.0,0.0,0.0,0.0,0.0,0.0,0.4,2.0,0.0,159.70891900360584,0.23427838093615777,0.23427838093615777,72,0.0,74.56946193255192,False,0.14438905117333337,1.3298723072930874,0.1,7,4.0,5.0,0.1,2,58.868874740545536,0.0,0.21054982542595735,0.0,2,0.0,-0.18933371605474558,262144.0,2621440.0,1,,234.27838093615776,0.0828125,3.7999899327754973,74.56946193255192,10,2
69.63684149948458,2,1.0,0.0,0.0,0.0,0.0,0.0,0.0,0.0,100000000.0,0.0,0.0,0.0,0.0,0.0,0.0,0.2,1.0,0.0,169.88624073565006,0.23952308223513463,0.23952308223513463,72,0.0,69.63684149948458,False,0.12837652793062457,1.1823915180135596,0.1,6,4.0,5.0,0.1,2,53.63128660855372,0.0,0.2298432057842445,0.0,2,0.0,-0.1839498050828796,262144.0,2621440.0,2,,239.52308223513464,0.1125,3.783945858478546,69.63684149948459,10,2
91.1855735542459,2,1.0,0.0,0.0,0.0,0.0,0.0,0.0,0.0,100000000.0,0.0,0.0,0.0,0.0,0.0,0.0,0.2,1.0,0.0,138.88402143493295,0.19458915430516488,0.19458915430516488,72,0.0,91.1855735542459,False,0.12898130731570662,1.1879617420001196,0.1,6,4.0,5.0,0.1,2,59.114992998120734,0.0,0.351706737218103,0.0,2,0.0,-0.16178523081043575,262144.0,2621440.0,3,,194.58915430516487,0.1203125,3.678596568107605,91.1855735542459,10,2
152.2007580287599,2,1.0,0.0,0.0,0.0,0.0,0.0,0.0,0.0,100000000.0,0.0,0.0,0.0,0.0,0.0,0.0,0.0,0.0,0.0,151.0121119208634,0.29501882432027093,0.29501882432027093,73,0.0,152.2007580287599,False,0.13656738972281482,1.2578321430594468,0.1,5,4.0,5.0,0.1,2,69.77105902296513,0.0,0.541585338163814,0.0,2,0.0,-0.21579310702154286,262144.0,2621440.0,1,,295.01882432027094,0.125,3.6301675736904144,152.20075802875988,10,2
127.64345696388871,2,1.0,0.0,0.0,0.0,0.0,0.0,0.0,0.0,100000000.0,0.0,0.0,0.0,0.0,0.0,0.0,0.0,0.0,0.0,111.77407763898373,0.23941753460287246,0.23941753460287246,73,0.0,127.64345696388871,False,0.12351018096290622,1.1375708060727394,0.1,5,4.0,5.0,0.1,2,62.63835709443684,0.0,0.5092709130233154,0.0,2,0.0,-0.18146385778288934,262144.0,2621440.0,2,,239.41753460287245,0.121875,3.748439520597458,127.64345696388874,10,2
84.0706435602862,2,1.0,0.0,0.0,0.0,0.0,0.0,0.0,0.0,100000000.0,0.0,0.0,0.0,0.0,0.0,0.0,0.2,1.0,0.0,167.18803346157074,0.25125867702185695,0.25125867702185695,73,0.0,84.0706435602862,False,0.12199249411081538,1.1235923935869097,0.1,6,4.0,5.0,0.1,2,62.29267834787597,0.0,0.259043636281831,0.0,2,0.0,-0.18662558556633616,262144.0,2621440.0,3,,251.25867702185695,0.1265625,3.681002950668335,84.07064356028621,10,2
88.64934800236563,2,1.0,0.0,0.0,0.0,0.0,0.0,0.0,0.0,100000000.0,0.0,0.0,0.0,0.0,0.0,0.0,0.2,1.0,0.0,143.63565109670162,0.23228499909906725,0.23228499909906725,74,0.0,88.64934800236563,False,0.13299133908776928,1.2248954995232557,0.1,6,4.0,5.0,0.1,2,64.22935415512995,0.0,0.2754672696135793,0.0,2,0.0,-0.18263816909341826,262144.0,2621440.0,1,,232.28499909906725,0.1109375,3.6990944743156433,88.64934800236564,10,2
69.07531875547029,2,1.0,0.0,0.0,0.0,0.0,0.0,0.0,0.0,100000000.0,0.0,0.0,0.0,0.0,0.0,0.0,0.2,1.0,0.0,147.82202523201704,0.21689734398748733,0.21689734398748733,74,0.0,69.07531875547029,False,0.12218186856333886,1.1253365967524076,0.1,6,4.0,5.0,0.1,2,54.972763713472204,0.0,0.20416199731081605,0.0,2,0.0,-0.1695396062754131,262144.0,2621440.0,2,,216.89734398748735,0.109375,3.8538378834724427,69.0753187554703,10,2
105.57426610301412,2,1.0,0.0,0.0,0.0,0.0,0.0,0.0,0.0,100000000.0,0.0,0.0,0.0,0.0,0.0,0.0,0.2,1.0,0.0,142.4433565698564,0.220659437172964,0.220659437172964,74,0.0,105.57426610301412,False,0.1286711861602936,1.1851054206022154,0.1,6,4.0,5.0,0.1,2,60.496327500042575,0.0,0.42697846991412414,0.0,2,0.0,-0.1746653116666288,262144.0,2621440.0,3,,220.65943717296398,0.109375,3.716127300262451,105.57426610301414,10,2
104.75984625521035,2,1.0,0.0,0.0,0.0,0.0,0.0,0.0,0.0,100000000.0,0.0,0.0,0.0,0.0,0.0,0.0,0.4,2.0,0.0,181.48370226845145,0.2862435485236618,0.2862435485236618,75,0.0,104.75984625521035,False,0.14425292327151898,1.3286185229832541,0.1,7,4.0,5.0,0.1,2,70.41194626311201,0.0,0.3278727606035408,0.0,2,0.0,-0.2152482358975904,262144.0,2621440.0,1,,286.2435485236618,0.1328125,3.78193022608757,104.75984625521035,10,2
74.69558574073078,2,1.0,0.0,0.0,0.0,0.0,0.0,0.0,0.0,100000000.0,0.0,0.0,0.0,0.0,0.0,0.0,0.2,1.0,0.0,159.6191213466227,0.23431470708735347,0.23431470708735347,75,0.0,74.69558574073078,False,0.13010265195850146,1.1982897078345522,0.1,6,4.0,5.0,0.1,2,58.95564661041986,0.0,0.21072114200890563,0.0,2,0.0,-0.18220867952292746,262144.0,2621440.0,2,,234.31470708735347,0.1375,3.7535959601402284,74.69558574073078,10,2
124.47497291598884,2,1.0,0.0,0.0,0.0,0.0,0.0,0.0,0.0,100000000.0,0.0,0.0,0.0,0.0,0.0,0.0,0.0,0.0,0.0,133.94948653876781,0.2349230213660416,0.2349230213660416,75,0.0,124.47497291598884,False,0.1326999971454926,1.2222121410702549,0.1,5,4.0,5.0,0.1,2,69.94563271113653,0.0,0.4380747304251713,0.0,2,0.0,-0.1838115092557671,262144.0,2621440.0,3,,234.9230213660416,0.0984375,3.7381230890750885,124.47497291598886,10,2
112.13024636762856,2,1.0,0.0,0.0,0.0,0.0,0.0,0.0,0.0,100000000.0,0.0,0.0,0.0,0.0,0.0,0.0,0.0,0.0,0.0,129.96096396818757,0.24209121033581615,0.24209121033581615,76,0.0,112.13024636762856,False,0.13759325917889667,1.2672807499271745,0.1,5,4.0,5.0,0.1,2,65.20377299176428,0.0,0.4184996902799253,0.0,2,0.0,-0.1898422347573564,262144.0,2621440.0,1,,242.09121033581616,0.1171875,3.8728268444538116,112.13024636762859,10,2
122.29174754634029,2,1.0,0.0,0.0,0.0,0.0,0.0,0.0,0.0,100000000.0,0.0,0.0,0.0,0.0,0.0,0.0,0.0,0.0,0.0,136.1172371543944,0.24361598544805774,0.24361598544805774,76,0.0,122.29174754634029,False,0.12574563270614939,1.1581600775131364,0.1,5,4.0,5.0,0.1,2,67.84444723408427,0.0,0.4452246484712648,0.0,2,0.0,-0.18468080907710355,262144.0,2621440.0,2,,243.61598544805773,0.1109375,3.698421597480774,122.2917475463403,10,2
117.89966729388968,2,1.0,0.0,0.0,0.0,0.0,0.0,0.0,0.0,100000000.0,0.0,0.0,0.0,0.0,0.0,0.0,0.4,2.0,0.0,195.42675418779254,0.3133264214816822,0.3133264214816822,76,0.0,117.89966729388968,False,0.14719972183166252,1.3557595407298253,0.1,7,4.0,5.0,0.1,2,74.24537273644859,0.0,0.3702664779250275,0.0,2,0.0,-0.23026307165667237,262144.0,2621440.0,3,,313.3264214816822,0.1078125,3.7059694588184358,117.89966729388968,10,2
72.10162902571479,2,1.0,0.0,0.0,0.0,0.0,0.0,0.0,0.0,100000000.0,0.0,0.0,0.0,0.0,0.0,0.0,0.4,2.0,0.0,162.30907384306192,0.23441070286877674,0.23441070286877674,77,0.0,72.10162902571479,False,0.1327255582244183,1.2224475673074355,0.1,7,4.0,5.0,0.1,2,59.32072349825545,0.0,0.17726236841196857,0.0,2,0.0,-0.18356813054659754,262144.0,2621440.0,1,,234.41070286877675,0.1140625,3.6941459596157076,72.1016290257148,10,2
74.26766219366631,2,1.0,0.0,0.0,0.0,0.0,0.0,0.0,0.0,100000000.0,0.0,0.0,0.0,0.0,0.0,0.0,0.6,3.0,0.0,215.1285265572369,0.2893961887509032,0.2893961887509032,77,0.0,74.26766219366631,False,0.17004858510904555,1.5662053486272702,0.1,8,4.0,5.0,0.1,2,59.97366963752723,0.0,0.19246590149646722,0.0,2,0.0,-0.22972238692997438,262144.0,2621440.0,2,,289.3961887509032,0.1109375,3.763598906993866,74.26766219366633,10,2
73.42428617500973,2,1.0,0.0,0.0,0.0,0.0,0.0,0.0,0.0,100000000.0,0.0,0.0,0.0,0.0,0.0,0.0,0.6,3.0,0.0,176.03009892627597,0.2494543851012857,0.2494543851012857,77,0.0,73.42428617500973,False,0.17328121783026235,1.5959789962872646,0.1,8,4.0,5.0,0.1,2,57.38815918221947,0.0,0.21840358045248817,0.0,2,0.0,-0.21136780146577402,262144.0,2621440.0,3,,249.4543851012857,0.1140625,3.6666306138038633,73.42428617500973,10,2
85.08101933224928,2,1.0,0.0,0.0,0.0,0.0,0.0,0.0,0.0,100000000.0,0.0,0.0,0.0,0.0,0.0,0.0,0.2,1.0,0.0,165.3043427504599,0.25038536208270923,0.25038536208270923,78,0.0,85.08101933224928,False,0.14600530932115263,1.3447585949634826,0.1,6,4.0,5.0,0.1,2,58.25862899806422,0.0,0.31525704022704687,0.0,2,0.0,-0.19819533570193093,262144.0,2621440.0,1,,250.38536208270924,0.1,3.7565972447395324,85.0810193322493,10,2
127.39978312147113,2,1.0,0.0,0.0,0.0,0.0,0.0,0.0,0.0,100000000.0,0.0,0.0,0.0,0.0,0.0,0.0,0.8,4.0,0.0,197.66034185886383,0.325060124980335,0.325060124980335,78,0.0,127.39978312147113,False,0.19821999307725494,1.8256736047722808,0.1,9,4.0,5.0,0.1,2,66.92539776742018,0.0,0.4746820117926793,0.0,2,0.0,-0.26164005902879495,262144.0,2621440.0,2,,325.060124980335,0.1203125,3.685344386100769,127.39978312147113,10,2
94.4218204156926,2,1.0,0.0,0.0,0.0,0.0,0.0,0.0,0.0,100000000.0,0.0,0.0,0.0,0.0,0.0,0.0,0.4,2.0,0.0,204.8424598760903,0.27778809763212975,0.27778809763212975,78,0.0,94.4218204156926,False,0.14683734461482778,1.3524219232197279,0.1,7,4.0,5.0,0.1,2,65.11890104731019,0.0,0.3103405467017702,0.0,2,0.0,-0.21231272112347876,262144.0,2621440.0,3,,277.78809763212973,0.103125,3.7589785397052764,94.4218204156926,10,2
139.10121202479084,2,1.0,0.0,0.0,0.0,0.0,0.0,0.0,0.0,100000000.0,0.0,0.0,0.0,0.0,0.0,0.0,0.2,1.0,0.0,140.5184892937541,0.23311256628493746,0.23311256628493746,79,0.0,139.10121202479084,False,0.12983212895668145,1.1957980989093413,0.1,6,4.0,5.0,0.1,2,66.83232575787683,0.0,0.5195417438493213,0.0,2,0.0,-0.18147234762080944,262144.0,2621440.0,1,,233.11256628493746,0.13125,3.6875441789627077,139.10121202479084,10,2
78.76550176759613,2,1.0,0.0,0.0,0.0,0.0,0.0,0.0,0.0,100000000.0,0.0,0.0,0.0,0.0,0.0,0.0,0.2,1.0,0.0,169.23639364540577,0.2480018954130019,0.2480018954130019,79,0.0,78.76550176759613,False,0.12683762092794768,1.1682176607180876,0.1,6,4.0,5.0,0.1,2,60.40921983086822,0.0,0.23304976829690735,0.0,2,0.0,-0.1874197581704748,262144.0,2621440.0,2,,248.0018954130019,0.1265625,3.654737889766693,78.76550176759613,10,2
163.02458865750495,2,1.0,0.0,0.0,0.0,0.0,0.0,0.0,0.0,100000000.0,0.0,0.0,0.0,0.0,0.0,0.0,0.6,3.0,0.0,175.45183189213276,0.33847642054963767,0.33847642054963767,79,0.0,163.02458865750495,False,0.16162506994764403,1.4886219068622604,0.1,8,4.0,5.0,0.1,2,69.25106065132778,0.0,0.5752109468785968,0.0,2,0.0,-0.25005074524864085,262144.0,2621440.0,3,,338.4764205496377,0.0953125,3.7102954387664795,163.02458865750495,10,2
75.25775658498789,2,1.0,0.0,0.0,0.0,0.0,0.0,0.0,0.0,100000000.0,0.0,0.0,0.0,0.0,0.0,0.0,0.2,1.0,0.0,173.99309296160936,0.23108814206447872,0.23108814206447872,80,0.0,75.25775658498789,False,0.1371087301443243,1.262818072598658,0.1,6,4.0,5.0,0.1,2,58.03643982554227,0.0,0.22883112041743822,0.0,2,0.0,-0.18409843610440152,262144.0,2621440.0,1,0.0859375,231.08814206447872,0.128125,3.6837064743041994,75.25775658498789,10,2
99.66031899587558,2,1.0,0.0,0.0,0.0,0.0,0.0,0.0,0.0,100000000.0,0.0,0.0,0.0,0.0,0.0,0.0,0.4,2.0,0.0,136.30810659378767,0.19366328051371046,0.19366328051371046,80,0.0,99.66031899587558,False,0.1337666349241833,1.232036238065605,0.1,7,4.0,5.0,0.1,2,59.92502024768563,0.0,0.39870732051173136,0.0,2,0.0,-0.1637149577189469,262144.0,2621440.0,2,0.0859375,193.66328051371045,0.1140625,3.727797544002533,99.66031899587558,10,2
157.1101119497267,2,1.0,0.0,0.0,0.0,0.0,0.0,0.0,0.0,100000000.0,0.0,0.0,0.0,0.0,0.0,0.0,0.2,1.0,0.0,165.12657329440117,0.28221904921694074,0.28221904921694074,80,0.0,157.1101119497267,False,0.11927574121401945,1.098570174700867,0.1,6,4.0,5.0,0.1,2,62.1849837414404,0.0,0.6041948989168894,0.0,2,0.0,-0.2007473952154801,262144.0,2621440.0,3,0.0859375,282.21904921694073,0.13125,3.6268487930297852,157.1101119497267,10,2
91.94485327174911,2,1.0,0.0,0.0,0.0,0.0,0.0,0.0,0.0,100000000.0,0.0,0.0,0.0,0.0,0.0,0.0,0.2,1.0,0.0,165.36726569756866,0.25731211896931777,0.25731211896931777,81,0.0,91.94485327174911,False,0.1507520460315812,1.3884776557226846,0.1,6,4.0,5.0,0.1,2,66.09796319723358,0.0,0.2811129623332296,0.0,2,0.0,-0.2040320825004495,262144.0,2621440.0,1,,257.3121189693178,0.1,3.8184900641441346,91.94485327174912,10,2
106.11630386135508,2,1.0,0.0,0.0,0.0,0.0,0.0,0.0,0.0,100000000.0,0.0,0.0,0.0,0.0,0.0,0.0,0.4,2.0,0.0,164.81445217505097,0.21855296063734325,0.21855296063734325,81,0.0,106.11630386135508,False,0.1282981413904626,1.1816695512980864,0.1,7,4.0,5.0,0.1,2,62.02164529876619,0.0,0.41553142126209197,0.0,2,0.0,-0.17342555101390295,262144.0,2621440.0,2,,218.55296063734326,0.103125,3.8450297892093657,106.11630386135508,10,2
73.52867532076344,2,1.0,0.0,0.0,0.0,0.0,0.0,0.0,0.0,100000000.0,0.0,0.0,0.0,0.0,0.0,0.0,0.0,0.0,0.0,137.8919156268239,0.19828736405374514,0.19828736405374514,81,0.0,73.52867532076344,False,0.12311382608823622,1.1339202427689368,0.1,5,4.0,5.0,0.1,2,56.011067119960146,0.0,0.2382418576750366,0.0,2,0.0,-0.1607005950709907,262144.0,2621440.0,3,,198.28736405374514,0.1,3.811107784509659,73.52867532076344,10,2
67.8494095382116,2,1.0,0.0,0.0,0.0,0.0,0.0,0.0,0.0,100000000.0,0.0,0.0,0.0,0.0,0.0,0.0,0.0,0.0,0.0,133.64230981096625,0.20149171934917787,0.20149171934917787,82,0.0,67.8494095382116,False,0.1418383651439033,1.306379620779992,0.1,5,4.0,5.0,0.1,2,55.06849638395231,0.0,0.18837176684730475,0.0,2,0.0,-0.17166504224654058,262144.0,2621440.0,1,,201.49171934917786,0.11875,3.7204588055610657,67.84940953821162,10,2
97.32661661489544,2,1.0,0.0,0.0,0.0,0.0,0.0,0.0,0.0,100000000.0,0.0,0.0,0.0,0.0,0.0,0.0,0.0,0.0,0.0,136.12993573769927,0.2218866379445666,0.2218866379445666,82,0.0,97.32661661489544,False,0.12641188528232683,1.1642964905134368,0.1,5,4.0,5.0,0.1,2,65.83931947008115,0.0,0.32352195360292935,0.0,2,0.0,-0.1741492616134467,262144.0,2621440.0,2,,221.8866379445666,0.15,3.682221829891205,97.32661661489544,10,2
110.05697175854802,2,1.0,0.0,0.0,0.0,0.0,0.0,0.0,0.0,100000000.0,0.0,0.0,0.0,0.0,0.0,0.0,0.8,4.0,0.0,197.6402229629457,0.3076971947214937,0.3076971947214937,82,0.0,110.05697175854802,False,0.2410106031331408,2.2197896881114962,0.1,9,4.0,5.0,0.1,2,68.3975068283286,0.0,0.3785263601620383,0.0,2,0.0,-0.27435389892731726,262144.0,2621440.0,3,,307.6971947214937,0.1078125,3.6936032295227053,110.05697175854803,10,2
154.13769016013717,2,1.0,0.0,0.0,0.0,0.0,0.0,0.0,0.0,100000000.0,0.0,0.0,0.0,0.0,0.0,0.0,0.2,1.0,0.0,134.25697200000286,0.2684786017795024,0.2684786017795024,83,0.0,154.13769016013717,False,0.12650793384953102,1.165181130509628,0.1,6,4.0,5.0,0.1,2,65.00579366854498,0.0,0.5782615296686425,0.0,2,0.0,-0.1974932678145167,262144.0,2621440.0,1,,268.4786017795024,0.0984375,3.6927261471748354,154.13769016013717,10,2
97.61832118800572,2,1.0,0.0,0.0,0.0,0.0,0.0,0.0,0.0,100000000.0,0.0,0.0,0.0,0.0,0.0,0.0,0.4,2.0,0.0,184.13281021639705,0.2817511314044028,0.2817511314044028,83,0.0,97.61832118800572,False,0.14029150383044367,1.2921325015747867,0.1,7,4.0,5.0,0.1,2,64.46913623328693,0.0,0.3395795435866582,0.0,2,0.0,-0.2110213176174232,262144.0,2621440.0,2,,281.75113140440277,0.1453125,3.636975234746933,97.61832118800572,10,2
75.3983903199469,2,1.0,0.0,0.0,0.0,0.0,0.0,0.0,0.0,100000000.0,0.0,0.0,0.0,0.0,0.0,0.0,0.2,1.0,0.0,146.3774824514985,0.20526749782134032,0.20526749782134032,83,0.0,75.3983903199469,False,0.13505649282081186,1.243916268325035,0.1,6,4.0,5.0,0.1,2,58.795037225160556,0.0,0.2202083230733623,0.0,2,0.0,-0.1701619953210761,262144.0,2621440.0,3,,205.26749782134033,0.1296875,3.5994510293006896,75.39839031994691,10,2
352.8296474772477,2,1.0,0.0,0.0,0.0,0.0,0.0,0.0,0.0,100000000.0,0.0,0.0,0.0,0.0,0.0,0.0,0.6,3.0,0.0,203.37041839957237,0.5562000658768201,0.5562000658768201,84,0.0,352.8296474772477,False,0.18451629397924246,1.6994578717244428,0.1,8,4.0,5.0,0.1,2,87.78426858436015,0.0,0.7511992849466514,0.0,2,0.0,-0.37035817992803133,262144.0,2621440.0,1,,556.2000658768202,0.115625,3.6224808216094972,352.82964747724776,10,2
129.89905375926404,2,1.0,0.0,0.0,0.0,0.0,0.0,0.0,0.0,100000000.0,0.0,0.0,0.0,0.0,0.0,0.0,0.0,0.0,0.0,132.6952171511948,0.2475821905949583,0.2475821905949583,84,0.0,129.89905375926404,False,0.12641188528232683,1.1642964905134368,0.1,5,4.0,5.0,0.1,2,66.04463963706561,0.0,0.49156950935560223,0.0,2,0.0,-0.18699703793864259,262144.0,2621440.0,2,,247.58219059495832,0.153125,3.644343852996826,129.899053759264,10,2
161.9170464906736,2,1.0,0.0,0.0,0.0,0.0,0.0,0.0,0.0,100000000.0,0.0,0.0,0.0,0.0,0.0,0.0,0.0,0.0,0.0,144.3807501345873,0.30501238474211534,0.30501238474211534,84,0.0,161.9170464906736,False,0.13347408917860173,1.229341792174425,0.1,5,4.0,5.0,0.1,2,70.33858804019941,0.0,0.565588740872624,0.0,2,0.0,-0.21924323696035852,262144.0,2621440.0,3,,305.01238474211533,0.10625,3.70659938454628,161.91704649067364,10,2
220.89591075873702,2,1.0,0.0,0.0,0.0,0.0,0.0,0.0,0.0,100000000.0,0.0,0.0,0.0,0.0,0.0,0.0,0.4,2.0,0.0,165.31425714492798,0.386210167903665,0.386210167903665,85,0.0,220.89591075873702,False,0.15220765640351408,1.401884322697165,0.1,7,4.0,5.0,0.1,2,88.21289952677962,0.0,0.6006585218178805,0.0,2,0.0,-0.26920891215358955,262144.0,2621440.0,1,,386.210167903665,0.1265625,3.647891718149185,220.89591075873707,10,2
90.19929136787142,2,1.0,0.0,0.0,0.0,0.0,0.0,0.0,0.0,100000000.0,0.0,0.0,0.0,0.0,0.0,0.0,0.2,1.0,0.0,167.23775397986174,0.2310660629380839,0.2310660629380839,85,0.0,90.19929136787142,False,0.12988424699070797,1.1962781237422437,0.1,6,4.0,5.0,0.1,2,59.09387132336018,0.0,0.3448521554082946,0.0,2,0.0,-0.18047515496439592,262144.0,2621440.0,2,,231.06606293808392,0.1203125,3.674361538887024,90.19929136787142,10,2
99.64377256361826,2,1.0,0.0,0.0,0.0,0.0,0.0,0.0,0.0,100000000.0,0.0,0.0,0.0,0.0,0.0,0.0,0.8,4.0,0.0,190.74610900133848,0.29038988156495676,0.29038988156495676,85,0.0,99.64377256361826,False,0.21105082906239683,1.943849971452438,0.1,9,4.0,5.0,0.1,2,65.28972983887377,0.0,0.3447685875483178,0.0,2,0.0,-0.2507203553136768,262144.0,2621440.0,3,,290.38988156495674,0.1125,3.7203456938266752,99.64377256361827,10,2
80.05238632134625,2,1.0,0.0,0.0,0.0,0.0,0.0,0.0,0.0,100000000.0,0.0,0.0,0.0,0.0,0.0,0.0,0.2,1.0,0.0,165.06730113178492,0.24511968745313117,0.24511968745313117,86,0.0,80.05238632134625,False,0.1361097114655165,1.2536167705288763,0.1,6,4.0,5.0,0.1,2,59.298465533211456,0.0,0.2592542426508613,0.0,2,0.0,-0.19061469945932386,262144.0,2621440.0,1,,245.11968745313118,0.115625,3.688905119895935,80.05238632134626,10,2
90.49430989721546,2,1.0,0.0,0.0,0.0,0.0,0.0,0.0,0.0,100000000.0,0.0,0.0,0.0,0.0,0.0,0.0,0.2,1.0,0.0,140.87481191381812,0.20490999122920642,0.20490999122920642,86,0.0,90.49430989721546,False,0.1324647710165239,1.2200456283580707,0.1,6,4.0,5.0,0.1,2,64.39190773599364,0.0,0.28844246882339064,0.0,2,0.0,-0.16868738112286516,262144.0,2621440.0,2,,204.9099912292064,0.1109375,3.753789722919464,90.49430989721546,10,2
128.78031372480763,2,1.0,0.0,0.0,0.0,0.0,0.0,0.0,0.0,100000000.0,0.0,0.0,0.0,0.0,0.0,0.0,0.4,2.0,0.0,211.94660291075706,0.3407269166355647,0.3407269166355647,86,0.0,128.78031372480763,False,0.14495643383923892,1.3350980947672368,0.1,7,4.0,5.0,0.1,2,65.9116227464558,0.0,0.4881855709149519,0.0,2,0.0,-0.2428416752374018,262144.0,2621440.0,3,,340.7269166355647,0.1453125,3.679454582929611,128.78031372480763,10,2
101.29761457774296,2,1.0,0.0,0.0,0.0,0.0,0.0,0.0,0.0,100000000.0,0.0,0.0,0.0,0.0,0.0,0.0,0.2,1.0,0.0,130.46890124678612,0.23176651582452906,0.23176651582452906,87,0.0,101.29761457774296,False,0.13506070049862168,1.243955022469839,0.1,6,4.0,5.0,0.1,2,65.70709501744699,0.0,0.3513460776806476,0.0,2,0.0,-0.18341360816157537,262144.0,2621440.0,1,,231.76651582452905,0.0953125,3.765910840034485,101.29761457774296,10,2
89.55841589321986,2,1.0,0.0,0.0,0.0,0.0,0.0,0.0,0.0,100000000.0,0.0,0.0,0.0,0.0,0.0,0.0,0.0,0.0,0.0,141.77539478987455,0.22536810285946027,0.22536810285946027,87,0.0,89.55841589321986,False,0.11873932543935707,1.0936296028353292,0.1,5,4.0,5.0,0.1,2,61.60690517034477,0.0,0.3121036749488911,0.0,2,0.0,-0.17205371414940868,262144.0,2621440.0,2,,225.36810285946027,0.1109375,3.755801945924759,89.55841589321986,10,2
111.04296173973565,2,1.0,0.0,0.0,0.0,0.0,0.0,0.0,0.0,100000000.0,0.0,0.0,0.0,0.0,0.0,0.0,0.4,2.0,0.0,166.26188717782497,0.22065770462634482,0.22065770462634482,87,0.0,111.04296173973565,False,0.14507884396075987,1.3362255336514197,0.1,7,4.0,5.0,0.1,2,60.43036324743207,0.0,0.4557929444545097,0.0,2,0.0,-0.18286827429355235,262144.0,2621440.0,3,,220.6577046263448,0.1203125,3.67562854886055,111.04296173973565,10,2
83.67571622387057,2,1.0,0.0,0.0,0.0,0.0,0.0,0.0,0.0,100000000.0,0.0,0.0,0.0,0.0,0.0,0.0,0.4,2.0,0.0,204.13491176441312,0.2878106279882837,0.2878106279882837,88,0.0,83.67571622387057,False,0.14316006512081783,1.318552927437008,0.1,7,4.0,5.0,0.1,2,57.39469931186804,0.0,0.3140817682598481,0.0,2,0.0,-0.21548534655455076,262144.0,2621440.0,1,,287.8106279882837,0.15,3.5828413724899293,83.67571622387057,10,2
72.4796704853034,2,1.0,0.0,0.0,0.0,0.0,0.0,0.0,0.0,100000000.0,0.0,0.0,0.0,0.0,0.0,0.0,0.2,1.0,0.0,140.90004889294505,0.21337971937824846,0.21337971937824846,88,0.0,72.4796704853034,False,0.13333850307585587,1.2280929980184259,0.1,6,4.0,5.0,0.1,2,54.142643428636276,0.0,0.25299545284750297,0.0,2,0.0,-0.17335911122705217,262144.0,2621440.0,2,,213.37971937824847,0.13125,3.686656928062439,72.4796704853034,10,2
84.4216034820771,2,1.0,0.0,0.0,0.0,0.0,0.0,0.0,0.0,100000000.0,0.0,0.0,0.0,0.0,0.0,0.0,0.4,2.0,0.0,181.97445943951607,0.23646324926555232,0.23646324926555232,88,0.0,84.4216034820771,False,0.1418680076659428,1.3066526384974595,0.1,7,4.0,5.0,0.1,2,57.15556490348979,0.0,0.3229746587835891,0.0,2,0.0,-0.18916562846574755,262144.0,2621440.0,3,,236.46324926555232,0.115625,3.6850499331951143,84.4216034820771,10,2
131.11843733939978,2,1.0,0.0,0.0,0.0,0.0,0.0,0.0,0.0,100000000.0,0.0,0.0,0.0,0.0,0.0,0.0,0.6,3.0,0.0,201.57752372324467,0.33269596106264443,0.33269596106264443,89,0.0,131.11843733939978,False,0.17129607725475254,1.5776951759005986,0.1,8,4.0,5.0,0.1,2,71.76496470956971,0.0,0.45267068334710037,0.0,2,0.0,-0.2519960191586985,262144.0,2621440.0,1,,332.6959610626444,0.1375,3.67156697511673,131.11843733939978,10,2
86.60994719770383,2,1.0,0.0,0.0,0.0,0.0,0.0,0.0,0.0,100000000.0,0.0,0.0,0.0,0.0,0.0,0.0,0.2,1.0,0.0,148.9424197934568,0.21170967592145906,0.21170967592145906,89,0.0,86.60994719770383,False,0.1358889694908524,1.2515836618078378,0.1,6,4.0,5.0,0.1,2,65.65435359170063,0.0,0.24195365871968533,0.0,2,0.0,-0.17379932270615572,262144.0,2621440.0,2,,211.70967592145905,0.128125,3.7465869069099424,86.60994719770385,10,2
83.90338037931491,2,1.0,0.0,0.0,0.0,0.0,0.0,0.0,0.0,100000000.0,0.0,0.0,0.0,0.0,0.0,0.0,0.2,1.0,0.0,135.75328653678298,0.2196566669160979,0.2196566669160979,89,0.0,83.90338037931491,False,0.12927994308836394,1.1907122791135418,0.1,6,4.0,5.0,0.1,2,57.16310227810215,0.0,0.3187032272159223,0.0,2,0.0,-0.17446830500223093,262144.0,2621440.0,3,,219.6566669160979,0.1125,3.6700414061546325,83.90338037931491,10,2
78.49522142109515,2,1.0,0.0,0.0,0.0,0.0,0.0,0.0,0.0,100000000.0,0.0,0.0,0.0,0.0,0.0,0.0,0.0,0.0,0.0,135.83376677706838,0.21432898819816354,0.21432898819816354,90,0.0,78.49522142109515,False,0.13418077238601897,1.2358505850498975,0.1,5,4.0,5.0,0.1,2,59.788227541640566,0.0,0.23832016192551544,0.0,2,0.0,-0.17425488029209124,262144.0,2621440.0,1,0.090625,214.32898819816353,0.1328125,3.7093255817890167,78.49522142109515,10,2
69.27456956222426,2,1.0,0.0,0.0,0.0,0.0,0.0,0.0,0.0,100000000.0,0.0,0.0,0.0,0.0,0.0,0.0,0.2,1.0,0.0,147.67579780891538,0.21695036737113965,0.21695036737113965,90,0.0,69.27456956222426,False,0.12389221086232424,1.1410894314786513,0.1,6,4.0,5.0,0.1,2,55.765740043021474,0.0,0.19500416393159678,0.0,2,0.0,-0.17042128911673193,262144.0,2621440.0,2,0.090625,216.95036737113966,0.14375,3.6213446617126466,69.27456956222426,10,2
58.596705379669416,2,1.0,0.0,0.0,0.0,0.0,0.0,0.0,0.0,100000000.0,0.0,0.0,0.0,0.0,0.0,0.0,0.8,4.0,0.0,212.66019297763705,0.2712568983573065,0.2712568983573065,90,0.0,58.596705379669416,False,0.21105082906239683,1.943849971452438,0.1,9,4.0,5.0,0.1,2,52.841296181320395,0.0,0.0982206962158986,0.0,2,0.0,-0.24115386370985165,262144.0,2621440.0,3,0.090625,271.2568983573065,0.1375,3.6436996698379516,58.59670537966942,10,2
210.67937349913697,2,1.0,0.0,0.0,0.0,0.0,0.0,0.0,0.0,100000000.0,0.0,0.0,0.0,0.0,0.0,0.0,0.6,3.0,0.0,179.89881010726094,0.39057818360639796,0.39057818360639796,91,0.0,210.67937349913697,False,0.16929416768518107,1.559256907370929,0.1,8,4.0,5.0,0.1,2,79.44368197899625,0.0,0.6229166592840581,0.0,2,0.0,-0.27993617564578954,262144.0,2621440.0,1,,390.57818360639794,0.0953125,3.82922739982605,210.67937349913697,10,2
236.77419164730208,2,1.0,0.0,0.0,0.0,0.0,0.0,0.0,0.0,100000000.0,0.0,0.0,0.0,0.0,0.0,0.0,0.4,2.0,0.0,197.663564234972,0.43443775588227407,0.43443775588227407,91,0.0,236.77419164730208,False,0.1487710798096764,1.3702322825535536,0.1,7,4.0,5.0,0.1,2,79.283144847049,0.0,0.665152927793968,0.0,2,0.0,-0.29160441784597524,262144.0,2621440.0,2,,434.4377558822741,0.10625,3.771488958597183,236.77419164730205,10,2
214.10972728312856,2,1.0,0.0,0.0,0.0,0.0,0.0,0.0,0.0,100000000.0,0.0,0.0,0.0,0.0,0.0,0.0,0.4,2.0,0.0,151.45691577345133,0.36556664305657993,0.36556664305657993,91,0.0,214.10972728312856,False,0.14280766626564992,1.3153072140342168,0.1,7,4.0,5.0,0.1,2,81.79547837353465,0.0,0.6179740200903054,0.0,2,0.0,-0.2541871546611149,262144.0,2621440.0,3,,365.56664305657995,0.1171875,3.7334493339061736,214.1097272831286,10,2
81.88623629971329,2,1.0,0.0,0.0,0.0,0.0,0.0,0.0,0.0,100000000.0,0.0,0.0,0.0,0.0,0.0,0.0,0.4,2.0,0.0,196.07158424332738,0.27795782054304063,0.27795782054304063,92,0.0,81.88623629971329,False,0.1494379970368628,1.3763748172158747,0.1,7,4.0,5.0,0.1,2,57.22394023934243,0.0,0.301177550401803,0.0,2,0.0,-0.2136979087899517,262144.0,2621440.0,1,,277.9578205430406,0.1359375,3.7243116915225984,81.88623629971327,10,2
140.18293168021427,2,1.0,0.0,0.0,0.0,0.0,0.0,0.0,0.0,100000000.0,0.0,0.0,0.0,0.0,0.0,0.0,0.4,2.0,0.0,161.2694445066154,0.30145237618682963,0.30145237618682963,92,0.0,140.18293168021427,False,0.15188032589077663,1.3988694972607196,0.1,7,4.0,5.0,0.1,2,71.66067033887681,0.0,0.4888060231016615,0.0,2,0.0,-0.22666635103880312,262144.0,2621440.0,2,,301.4523761868296,0.1390625,3.61309375166893,140.18293168021427,10,2
70.85237804722244,2,1.0,0.0,0.0,0.0,0.0,0.0,0.0,0.0,100000000.0,0.0,0.0,0.0,0.0,0.0,0.0,0.4,2.0,0.0,204.89832432940602,0.27575070237662846,0.27575070237662846,92,0.0,70.85237804722244,False,0.14681176131907286,1.3521862923579884,0.1,7,4.0,5.0,0.1,2,57.823724881174186,0.0,0.18388448666274515,0.0,2,0.0,-0.21128123184785066,262144.0,2621440.0,3,,275.75070237662845,0.1421875,3.647372454404831,70.85237804722244,10,2
101.50544780706471,2,1.0,0.0,0.0,0.0,0.0,0.0,0.0,0.0,100000000.0,0.0,0.0,0.0,0.0,0.0,0.0,0.4,2.0,0.0,161.4759098738432,0.2629813576809079,0.2629813576809079,93,0.0,101.50544780706471,False,0.15540339775872278,1.4313181883194377,0.1,7,4.0,5.0,0.1,2,67.91352225949028,0.0,0.3309371691204583,0.0,2,0.0,-0.20919237771981536,262144.0,2621440.0,1,,262.98135768090793,0.1265625,3.592653548717499,101.50544780706473,10,2
81.02427115824032,2,1.0,0.0,0.0,0.0,0.0,0.0,0.0,0.0,100000000.0,0.0,0.0,0.0,0.0,0.0,0.0,0.2,1.0,0.0,165.9148959442973,0.2469391671025376,0.2469391671025376,93,0.0,81.02427115824032,False,0.13231217730516798,1.2186401883378597,0.1,6,4.0,5.0,0.1,2,54.29399247274531,0.0,0.3299045866551617,0.0,2,0.0,-0.1896256722038528,262144.0,2621440.0,2,,246.9391671025376,0.15,3.578283357620239,81.02427115824031,10,2
109.52683118402439,2,1.0,0.0,0.0,0.0,0.0,0.0,0.0,0.0,100000000.0,0.0,0.0,0.0,0.0,0.0,0.0,0.2,1.0,0.0,122.93270975351334,0.2324595409375377,0.2324595409375377,93,0.0,109.52683118402439,False,0.12898130731570662,1.1879617420001196,0.1,6,4.0,5.0,0.1,2,63.72623980020466,0.0,0.41816777577419967,0.0,2,0.0,-0.18072042412662215,262144.0,2621440.0,3,,232.4595409375377,0.13125,3.590091323852539,109.52683118402437,10,2
75.69089600631446,2,1.0,0.0,0.0,0.0,0.0,0.0,0.0,0.0,100000000.0,0.0,0.0,0.0,0.0,0.0,0.0,0.4,2.0,0.0,207.4077595025301,0.28309865550884455,0.28309865550884455,94,0.0,75.69089600631446,False,0.14923040997401682,1.3744628697102443,0.1,7,4.0,5.0,0.1,2,58.06032023910468,0.0,0.2329286175412556,0.0,2,0.0,-0.2161645327414307,262144.0,2621440.0,1,,283.09865550884456,0.1171875,3.63109370470047,75.69089600631446,10,2
84.99323105720272,2,1.0,0.0,0.0,0.0,0.0,0.0,0.0,0.0,100000000.0,0.0,0.0,0.0,0.0,0.0,0.0,0.2,1.0,0.0,135.64800610765815,0.2206412371648609,0.2206412371648609,94,0.0,84.99323105720272,False,0.13154107153076938,1.2115380416928523,0.1,6,4.0,5.0,0.1,2,60.77608452515135,0.0,0.2849302965756483,0.0,2,0.0,-0.17609115434781514,262144.0,2621440.0,2,,220.64123716486088,0.1578125,3.61365727186203,84.99323105720273,10,2
189.14097707218744,2,1.0,0.0,0.0,0.0,0.0,0.0,0.0,0.0,100000000.0,0.0,0.0,0.0,0.0,0.0,0.0,0.6,3.0,0.0,221.2448655627668,0.41038584263495426,0.41038584263495426,94,0.0,189.14097707218744,False,0.16898350656778005,1.5563956127393272,0.1,8,4.0,5.0,0.1,2,74.01429295357963,0.0,0.6086818726471347,0.0,2,0.0,-0.28968467460136715,262144.0,2621440.0,3,,410.38584263495426,0.1296875,3.6704720497131347,189.14097707218744,10,2
105.15968039883934,2,1.0,0.0,0.0,0.0,0.0,0.0,0.0,0.0,100000000.0,0.0,0.0,0.0,0.0,0.0,0.0,0.4,2.0,0.0,162.61891927570105,0.2677785996745404,0.2677785996745404,95,0.0,105.15968039883934,False,0.16296329150129998,1.5009473828645465,0.1,7,4.0,5.0,0.1,2,61.998547146308226,0.0,0.410434237616868,0.0,2,0.0,-0.2153709455879202,262144.0,2621440.0,1,,267.7785996745404,0.1375,3.5054396390914917,105.15968039883933,10,2
80.06640514813495,2,1.0,0.0,0.0,0.0,0.0,0.0,0.0,0.0,100000000.0,0.0,0.0,0.0,0.0,0.0,0.0,0.2,1.0,0.0,168.7080697156489,0.22716482923908693,0.22716482923908693,95,0.0,80.06640514813495,False,0.12291309372092961,1.1320714293423704,0.1,6,4.0,5.0,0.1,2,56.63073704798831,0.0,0.29270288901802327,0.0,2,0.0,-0.17503896148000828,262144.0,2621440.0,2,,227.16482923908694,0.140625,3.619668483734131,80.06640514813496,10,2
61.514347611130695,2,1.0,0.0,0.0,0.0,0.0,0.0,0.0,0.0,100000000.0,0.0,0.0,0.0,0.0,0.0,0.0,0.0,0.0,0.0,128.507646266371,0.1900219938775017,0.1900219938775017,95,0.0,61.514347611130695,False,0.12999948755354762,1.1973395285506552,0.1,5,4.0,5.0,0.1,2,52.74657535901409,0.0,0.14253215050808943,0.0,2,0.0,-0.16001074071552468,262144.0,2621440.0,3,,190.0219938775017,0.1109375,3.7003177404403687,61.5143476111307,10,2
94.93482536153535,2,1.0,0.0,0.0,0.0,0.0,0.0,0.0,0.0,100000000.0,0.0,0.0,0.0,0.0,0.0,0.0,0.0,0.0,0.0,127.64048622921109,0.22180539001227956,0.22180539001227956,96,0.0,94.93482536153535,False,0.14565928270574674,1.3415715720578314,0.1,5,4.0,5.0,0.1,2,62.21641093634368,0.0,0.344640802788564,0.0,2,0.0,-0.18373233635901315,262144.0,2621440.0,1,,221.80539001227956,0.134375,3.637342482805252,94.93482536153536,10,2
81.81648701840604,2,1.0,0.0,0.0,0.0,0.0,0.0,0.0,0.0,100000000.0,0.0,0.0,0.0,0.0,0.0,0.0,0.0,0.0,0.0,134.2209568247199,0.19836439844632114,0.19836439844632114,96,0.0,81.81648701840604,False,0.12093877106242883,1.1138872456534732,0.1,5,4.0,5.0,0.1,2,64.10097358541883,0.0,0.21652742715538242,0.0,2,0.0,-0.159651584754375,262144.0,2621440.0,2,,198.36439844632113,0.1265625,3.634340137243271,81.81648701840604,10,2
140.12939884919024,2,1.0,0.0,0.0,0.0,0.0,0.0,0.0,0.0,100000000.0,0.0,0.0,0.0,0.0,0.0,0.0,0.6,3.0,0.0,178.85568737983704,0.31898508622902727,0.31898508622902727,96,0.0,140.12939884919024,False,0.16037447033528493,1.4771034587633716,0.1,8,4.0,5.0,0.1,2,72.5455637745817,0.0,0.4822959038548611,0.0,2,0.0,-0.2396797782821561,262144.0,2621440.0,3,,318.9850862290273,0.103125,3.6896610021591187,140.12939884919024,10,2
86.34232300538426,2,1.0,0.0,0.0,0.0,0.0,0.0,0.0,0.0,100000000.0,0.0,0.0,0.0,0.0,0.0,0.0,0.6,3.0,0.0,221.280159894377,0.2825370534091671,0.2825370534091671,97,0.0,86.34232300538426,False,0.19929678330804343,1.8355912093070617,0.1,8,4.0,5.0,0.1,2,57.61593350102538,0.0,0.33270345879583896,0.0,2,0.0,-0.2409169183586053,262144.0,2621440.0,1,,282.53705340916713,0.1234375,3.6786945700645446,86.34232300538426,10,2
144.53724172020586,2,1.0,0.0,0.0,0.0,0.0,0.0,0.0,0.0,100000000.0,0.0,0.0,0.0,0.0,0.0,0.0,0.0,0.0,0.0,132.6845120638609,0.27722175378406677,0.27722175378406677,97,0.0,144.53724172020586,False,0.12574563270614939,1.1581600775131364,0.1,5,4.0,5.0,0.1,2,71.06500247327276,0.0,0.5083273928055174,0.0,2,0.0,-0.20148369324510806,262144.0,2621440.0,2,,277.2217537840668,0.1375,3.6755266189575195,144.53724172020586,10,2
125.25548413135546,2,1.0,0.0,0.0,0.0,0.0,0.0,0.0,0.0,100000000.0,0.0,0.0,0.0,0.0,0.0,0.0,0.2,1.0,0.0,145.02087468281388,0.24016402149312635,0.24016402149312635,97,0.0,125.25548413135546,False,0.12699376247285765,1.1696557774929148,0.1,6,4.0,5.0,0.1,2,69.67330099886891,0.0,0.4437504953810844,0.0,2,0.0,-0.183578891982992,262144.0,2621440.0,3,,240.16402149312634,0.125,3.6317381858825684,125.25548413135549,10,2
152.0226351407683,2,1.0,0.0,0.0,0.0,0.0,0.0,0.0,0.0,100000000.0,0.0,0.0,0.0,0.0,0.0,0.0,0.4,2.0,0.0,163.09765772894025,0.31512029286970855,0.31512029286970855,98,0.0,152.0226351407683,False,0.13854263075013534,1.2760247852377606,0.1,7,4.0,5.0,0.1,2,77.55715232251784,0.0,0.4898315487644173,0.0,2,0.0,-0.22683146180992195,262144.0,2621440.0,1,,315.1202928697086,0.134375,3.6376305341720583,152.0226351407683,10,2
101.07878783108018,2,1.0,0.0,0.0,0.0,0.0,0.0,0.0,0.0,100000000.0,0.0,0.0,0.0,0.0,0.0,0.0,0.6,3.0,0.0,219.79894302785397,0.3208777308589341,0.3208777308589341,98,0.0,101.07878783108018,False,0.15354020927152337,1.4141575881751836,0.1,8,4.0,5.0,0.1,2,69.27822580774738,0.0,0.31461162827236255,0.0,2,0.0,-0.23720897006522873,262144.0,2621440.0,2,,320.8777308589341,0.1375,3.6011540055274964,101.07878783108018,10,2
101.15606746158451,2,1.0,0.0,0.0,0.0,0.0,0.0,0.0,0.0,100000000.0,0.0,0.0,0.0,0.0,0.0,0.0,0.2,1.0,0.0,155.48926079645753,0.21794882421802342,0.21794882421802342,98,0.0,101.15606746158451,False,0.13317064228677777,1.2265469430159082,0.1,6,4.0,5.0,0.1,2,69.11255162279514,0.0,0.31677304825000596,0.0,2,0.0,-0.1755597332524006,262144.0,2621440.0,3,,217.94882421802342,0.153125,3.5984238624572753,101.15606746158451,10,2
63.94231470545645,2,1.0,0.0,0.0,0.0,0.0,0.0,0.0,0.0,100000000.0,0.0,0.0,0.0,0.0,0.0,0.0,0.2,1.0,0.0,156.56470181420445,0.22050701651966093,0.22050701651966093,99,0.0,63.94231470545645,False,0.14511325094199012,1.3365424336597227,0.1,6,4.0,5.0,0.1,2,53.93097531026529,0.0,0.15656829818106108,0.0,2,0.0,-0.18281013373082552,262144.0,2621440.0,1,,220.50701651966094,0.1328125,3.6189820766448975,63.942314705456454,10,2
152.8223729179945,2,1.0,0.0,0.0,0.0,0.0,0.0,0.0,0.0,100000000.0,0.0,0.0,0.0,0.0,0.0,0.0,0.2,1.0,0.0,127.23684264346957,0.28005921556146407,0.28005921556146407,99,0.0,152.8223729179945,False,0.12520373942263832,1.1531690559267118,0.1,6,4.0,5.0,0.1,2,71.33148134798202,0.0,0.5332392765144475,0.0,2,0.0,-0.20263147749205118,262144.0,2621440.0,2,,280.05921556146404,0.1546875,3.600731885433197,152.8223729179945,10,2
66.43859736731882,2,1.0,0.0,0.0,0.0,0.0,0.0,0.0,0.0,100000000.0,0.0,0.0,0.0,0.0,0.0,0.0,0.4,2.0,0.0,209.58462776616216,0.276023225133481,0.276023225133481,99,0.0,66.43859736731882,False,0.13540442256508667,1.2471208196953407,0.1,7,4.0,5.0,0.1,2,54.93326241030993,0.0,0.17317245415943067,0.0,2,0.0,-0.20571382384928383,262144.0,2621440.0,3,,276.023225133481,0.14375,3.6004802167415617,66.43859736731882,10,2
85.09913660508556,7,1.0,0.0,0.0,0.0,0.0,0.0,0.0,0.0,100000000.0,0.0,0.0,0.0,0.0,0.0,0.0,0.5099019513592784,0.7284313590846835,0.0,89.808554854244,0.16446386649415562,0.16446386649415562,100,0.0,85.09913660508556,False,0.3552279293826253,11.451195487362044,0.1,3,4.0,5.0,0.1,7,57.7930064021812,0.0,0.3208743506954985,0.0,7,0.0,-0.25984589793839047,262144.0,2621440.0,1,0.1015625,164.4638664941556,0.1671875,3.4904285430908204,85.09913660508558,10,7
493.8272493689936,2,1.0,0.0,0.0,0.0,0.0,0.0,0.0,0.0,20000000.0,0.0,0.0,0.0,0.0,0.0,0.0,0.2,1.0,0.0,147.71689614281058,0.6415441455118042,0.6415441455118042,100,0.0,493.8272493689936,False,0.13727917876719803,1.2643879624312597,0.1,6,4.0,5.0,0.1,2,307.74075010498586,0.0,0.3768250931915701,0.0,2,0.0,-0.38941166213950107,262144.0,2621440.0,2,0.1015625,641.5441455118041,0.1796875,3.5702033400535584,493.8272493689936,10,2
113.88475260753833,2,1.0,0.0,0.0,0.0,0.0,0.0,0.0,0.0,100000000.0,0.0,0.0,0.0,0.0,0.0,0.0,0.0,0.0,0.0,133.9611764997244,0.24207258456443156,0.24207258456443156,100,0.0,113.88475260753833,False,0.1297271544512076,1.1948312479835472,0.1,5,4.0,5.0,0.1,2,62.13229746104645,0.0,0.45442830547156365,0.0,2,0.0,-0.1858998695078196,262144.0,2621440.0,3,0.1015625,242.07258456443157,0.15,3.5469744503498077,113.88475260753836,10,2
94.13918909366689,7,1.0,0.0,0.0,0.0,0.0,0.0,0.0,0.0,100000000.0,0.0,0.0,0.0,0.0,0.0,0.0,0.34641016151377546,0.4948716593053935,0.0,85.54673148319125,0.17539998014207447,0.17539998014207447,101,0.0,94.13918909366689,False,0.34043956141271,10.974474828440718,0.1,2,4.0,5.0,0.1,7,62.29853560609129,0.0,0.3382295279375595,0.0,7,0.0,-0.25791977077739225,262144.0,2621440.0,1,,175.39998014207447,0.10625,3.7148881793022155,94.1391890936669,10,7
432.7095197997969,2,1.0,0.0,0.0,0.0,0.0,0.0,0.0,0.0,20000000.0,0.0,0.0,0.0,0.0,0.0,0.0,0.2,1.0,0.0,135.0505966693163,0.5183456517308933,0.5183456517308933,101,0.0,432.7095197997969,False,0.132833869642135,1.2234451523307777,0.1,6,4.0,5.0,0.1,2,291.37844763985,0.0,0.3266188186137827,0.0,2,0.0,-0.32558976068651413,262144.0,2621440.0,2,,518.3456517308933,0.1359375,3.656082046031952,432.70951979979696,10,2
87.85875617429856,2,1.0,0.0,0.0,0.0,0.0,0.0,0.0,0.0,100000000.0,0.0,0.0,0.0,0.0,0.0,0.0,0.2,1.0,0.0,168.8841124996543,0.22473981924749478,0.22473981924749478,101,0.0,87.85875617429856,False,0.1286711861602936,1.1851054206022154,0.1,6,4.0,5.0,0.1,2,56.39903749926098,0.0,0.35807152348738275,0.0,2,0.0,-0.17670550270389418,262144.0,2621440.0,3,,224.73981924749478,0.125,3.630689525604248,87.85875617429858,10,2
69.03735993378547,7,1.0,0.0,0.0,0.0,0.0,0.0,0.0,0.0,100000000.0,0.0,0.0,0.0,0.0,0.0,0.0,0.34641016151377546,0.4948716593053935,0.0,88.9953626319766,0.151792609885539,0.151792609885539,102,0.0,69.03735993378547,False,0.33348388420405456,10.75025028730812,0.1,2,4.0,5.0,0.1,7,54.12214584420203,0.0,0.2160455455406869,0.0,7,0.0,-0.24263824704479678,262144.0,2621440.0,1,,151.792609885539,0.1734375,3.4819635689258575,69.03735993378547,10,7
1128.6055341943838,2,1.0,0.0,0.0,0.0,0.0,0.0,0.0,0.0,20000000.0,0.0,0.0,0.0,0.0,0.0,0.0,0.8,4.0,0.0,212.92009809985757,1.3415256322942417,1.3415256322942417,102,0.0,1128.6055341943838,False,0.19821999307725494,1.8256736047722808,0.1,9,4.0,5.0,0.1,2,416.91369599799947,0.0,0.6305939645284488,0.0,2,0.0,-0.7698728126857484,262144.0,2621440.0,2,,1341.5256322942416,0.128125,3.6413709938526155,1128.605534194384,10,2
102.90033694785541,2,1.0,0.0,0.0,0.0,0.0,0.0,0.0,0.0,100000000.0,0.0,0.0,0.0,0.0,0.0,0.0,0.4,2.0,0.0,180.67228654399514,0.28357262349185053,0.28357262349185053,102,0.0,102.90033694785541,False,0.14280766626564992,1.3153072140342168,0.1,7,4.0,5.0,0.1,2,63.447179092832805,0.0,0.38341135729240067,0.0,2,0.0,-0.2131901448787502,262144.0,2621440.0,3,,283.57262349185055,0.1359375,3.5904723167419434,102.90033694785541,10,2
80.58314657396357,7,1.0,0.0,0.0,0.0,0.0,0.0,0.0,0.0,100000000.0,0.0,0.0,0.0,0.0,0.0,0.0,0.7348469228349533,1.0497813183356477,0.0,104.25705928355455,0.15580067977646567,0.15580067977646567,103,0.0,80.58314657396357,False,0.35814361687597485,11.545186147174267,0.1,4,4.0,5.0,0.1,7,53.48694095775847,0.0,0.3362515211705557,0.0,7,0.0,-0.2569721483262203,262144.0,2621440.0,1,,155.80067977646567,0.1390625,3.5432403683662415,80.58314657396357,10,7
455.2110663425436,2,1.0,0.0,0.0,0.0,0.0,0.0,0.0,0.0,20000000.0,0.0,0.0,0.0,0.0,0.0,0.0,0.0,0.0,0.0,134.92545811459422,0.5885219678093008,0.5885219678093008,103,0.0,455.2110663425436,False,0.12557921185666576,1.156627284844399,0.1,5,4.0,5.0,0.1,2,290.69940946454165,0.0,0.3613964357233089,0.0,2,0.0,-0.35705058983298327,262144.0,2621440.0,2,,588.5219678093008,0.128125,3.70161634683609,455.2110663425437,10,2
103.84717594088997,2,1.0,0.0,0.0,0.0,0.0,0.0,0.0,0.0,100000000.0,0.0,0.0,0.0,0.0,0.0,0.0,0.0,0.0,0.0,123.25287330895662,0.20173267378659926,0.20173267378659926,103,0.0,103.84717594088997,False,0.12189959150818888,1.1227367289952772,0.1,5,4.0,5.0,0.1,2,62.991229101519,0.0,0.3934237639993817,0.0,2,0.0,-0.16181613264739408,262144.0,2621440.0,3,,201.73267378659926,0.1296875,3.5787933468818665,103.84717594088995,10,2
78.92300327723326,7,1.0,0.0,0.0,0.0,0.0,0.0,0.0,0.0,100000000.0,0.0,0.0,0.0,0.0,0.0,0.0,0.34641016151377546,0.4948716593053935,0.0,89.66544969007373,0.15508095993628024,0.15508095993628024,104,0.0,78.92300327723326,False,0.33576244300186076,10.823702344606865,0.1,2,4.0,5.0,0.1,7,59.38160875714198,0.0,0.247600746406572,0.0,7,0.0,-0.2454217014690705,262144.0,2621440.0,1,,155.08095993628024,0.1515625,3.5758016645908355,78.92300327723326,10,7
740.6458156661466,2,1.0,0.0,0.0,0.0,0.0,0.0,0.0,0.0,20000000.0,0.0,0.0,0.0,0.0,0.0,0.0,0.2,1.0,0.0,151.64938336238265,0.8922951990285293,0.8922951990285293,104,0.0,740.6458156661466,False,0.12689829695745833,1.168776507602301,0.1,6,4.0,5.0,0.1,2,391.48272955287746,0.0,0.4714305795398672,0.0,2,0.0,-0.5095967479929938,262144.0,2621440.0,2,,892.2951990285293,0.128125,3.6694595336914064,740.6458156661466,10,2
73.52984199934069,2,1.0,0.0,0.0,0.0,0.0,0.0,0.0,0.0,100000000.0,0.0,0.0,0.0,0.0,0.0,0.0,0.2,1.0,0.0,154.2808315716684,0.2278106735710091,0.2278106735710091,104,0.0,73.52984199934069,False,0.12936413524923865,1.19148771757185,0.1,6,4.0,5.0,0.1,2,55.544512974130534,0.0,0.2445990435471278,0.0,2,0.0,-0.17858740441012388,262144.0,2621440.0,3,,227.8106735710091,0.1546875,3.5034628748893737,73.5298419993407,10,2
101.50077178871517,7,1.0,0.0,0.0,0.0,0.0,0.0,0.0,0.0,100000000.0,0.0,0.0,0.0,0.0,0.0,0.0,0.34641016151377546,0.4948716593053935,0.0,86.90299978479743,0.17209653029015543,0.17209653029015543,105,0.0,101.50077178871517,False,0.3490214624744806,11.251122632802078,0.1,2,4.0,5.0,0.1,7,62.92003890453399,0.0,0.3801028524639315,0.0,7,0.0,-0.26055899638231805,262144.0,2621440.0,1,,172.0965302901554,0.1703125,3.473468565940857,101.50077178871516,10,7
344.36304068987266,2,1.0,0.0,0.0,0.0,0.0,0.0,0.0,0.0,20000000.0,0.0,0.0,0.0,0.0,0.0,0.0,0.8,4.0,0.0,196.44339615479112,0.5408064368446638,0.5408064368446638,105,0.0,344.36304068987266,False,0.2023327091224252,1.8635531194015869,0.1,9,4.0,5.0,0.1,2,278.19998407484064,0.0,0.19213170055208484,0.0,2,0.0,-0.3715695729835445,262144.0,2621440.0,2,,540.8064368446638,0.1125,3.732925695180893,344.36304068987266,10,2
116.00084879380366,2,1.0,0.0,0.0,0.0,0.0,0.0,0.0,0.0,100000000.0,0.0,0.0,0.0,0.0,0.0,0.0,0.2,1.0,0.0,165.04318360239267,0.28104403239619635,0.28104403239619635,105,0.0,116.00084879380366,False,0.12450346625319515,1.1467193016827777,0.1,6,4.0,5.0,0.1,2,67.52233927086223,0.0,0.4179151275790575,0.0,2,0.0,-0.20277374932469575,262144.0,2621440.0,3,,281.04403239619637,0.146875,3.576944720745087,116.00084879380367,10,2
83.37517480381128,7,1.0,0.0,0.0,0.0,0.0,0.0,0.0,0.0,100000000.0,0.0,0.0,0.0,0.0,0.0,0.0,0.5099019513592785,0.7284313590846836,0.0,100.039626006037,0.15699882431343926,0.15699882431343926,106,0.0,83.37517480381128,False,0.34252936102663684,11.041842008577936,0.1,3,4.0,5.0,0.1,7,61.86348093627493,0.0,0.25801077980532156,0.0,7,0.0,-0.24976409267003805,262144.0,2621440.0,1,,156.99882431343926,0.134375,3.5464530289173126,83.37517480381128,10,7
379.22480674688217,2,1.0,0.0,0.0,0.0,0.0,0.0,0.0,0.0,20000000.0,0.0,0.0,0.0,0.0,0.0,0.0,0.2,1.0,0.0,137.0830787345767,0.4883276132889509,0.4883276132889509,106,0.0,379.22480674688217,False,0.1324647710165239,1.2200456283580707,0.1,6,4.0,5.0,0.1,2,286.04244245002167,0.0,0.24571800852431092,0.0,2,0.0,-0.3103961921527374,262144.0,2621440.0,2,,488.3276132889509,0.1234375,3.634483885765076,379.22480674688217,10,2
149.4698607498774,2,1.0,0.0,0.0,0.0,0.0,0.0,0.0,0.0,100000000.0,0.0,0.0,0.0,0.0,0.0,0.0,0.2,1.0,0.0,150.79756639897823,0.3002674271488557,0.3002674271488557,106,0.0,149.4698607498774,False,0.12571370995279374,1.1578660580891202,0.1,6,4.0,5.0,0.1,2,77.65431482705692,0.0,0.48046840722623324,0.0,2,0.0,-0.2129905685508247,262144.0,2621440.0,3,,300.2674271488557,0.146875,3.4749135732650758,149.46986074987743,10,2
103.63004393636919,7,1.0,0.0,0.0,0.0,0.0,0.0,0.0,0.0,100000000.0,0.0,0.0,0.0,0.0,0.0,0.0,0.34641016151377546,0.4948716593053935,0.0,88.15774833783507,0.19178779227420428,0.19178779227420428,107,0.0,103.63004393636919,False,0.340223919622189,10.967523358428796,0.1,2,4.0,5.0,0.1,7,66.57893418494656,0.0,0.3575325103034088,0.0,7,0.0,-0.26600585594819665,262144.0,2621440.0,1,,191.7877922742043,0.15,3.58145449757576,103.6300439363692,10,7
4731.418391917289,2,1.0,0.0,0.0,0.0,0.0,0.0,0.0,0.0,20000000.0,0.0,0.0,0.0,0.0,0.0,0.0,0.6,3.0,0.0,220.1461372897029,4.951564529206992,4.951564529206992,107,0.0,4731.418391917289,False,0.16777471947352116,1.5452622721639506,0.1,8,4.0,5.0,0.1,2,767.7380757935476,0.0,0.8377361686920185,0.0,2,0.0,-2.559669624340257,262144.0,2621440.0,2,,4951.564529206992,0.121875,3.6960467100143433,4731.418391917289,10,2
136.23809546325083,2,1.0,0.0,0.0,0.0,0.0,0.0,0.0,0.0,100000000.0,0.0,0.0,0.0,0.0,0.0,0.0,0.2,1.0,0.0,135.74599148705602,0.27198408695030685,0.27198408695030685,107,0.0,136.23809546325083,False,0.13418629850707534,1.2359014825057635,0.1,6,4.0,5.0,0.1,2,72.87409832789947,0.0,0.46509749655479665,0.0,2,0.0,-0.20308519272869108,262144.0,2621440.0,3,,271.98408695030685,0.171875,3.467528295516968,136.23809546325086,10,2
71.26048253962476,7,1.0,0.0,0.0,0.0,0.0,0.0,0.0,0.0,100000000.0,0.0,0.0,0.0,0.0,0.0,0.0,0.5099019513592785,0.7284313590846836,0.0,90.21039959043264,0.15075120698179473,0.15075120698179473,108,0.0,71.26048253962476,False,0.3442883808973339,11.098546109633597,0.1,3,4.0,5.0,0.1,7,55.73718282327304,0.0,0.2178388240315369,0.0,7,0.0,-0.2475197939395643,262144.0,2621440.0,1,,150.75120698179472,0.1328125,3.4984130859375,71.26048253962476,10,7
871.4541403319154,2,1.0,0.0,0.0,0.0,0.0,0.0,0.0,0.0,20000000.0,0.0,0.0,0.0,0.0,0.0,0.0,0.6,3.0,0.0,221.37252520769835,1.0928266655396137,1.0928266655396137,108,0.0,871.4541403319154,False,0.1447184336291102,1.3329060318233494,0.1,8,4.0,5.0,0.1,2,374.1945226015041,0.0,0.5706090483901051,0.0,2,0.0,-0.6187725495843619,262144.0,2621440.0,2,,1092.8266655396137,0.14375,3.646140289306641,871.4541403319155,10,2
95.45775680364837,2,1.0,0.0,0.0,0.0,0.0,0.0,0.0,0.0,100000000.0,0.0,0.0,0.0,0.0,0.0,0.0,0.4,2.0,0.0,164.01783609762788,0.25947559290127625,0.25947559290127625,108,0.0,95.45775680364837,False,0.14329465484119785,1.3197925445722771,0.1,7,4.0,5.0,0.1,2,69.69364689511293,0.0,0.2699006426636534,0.0,2,0.0,-0.20138512387123705,262144.0,2621440.0,3,,259.47559290127623,0.1546875,3.4841742873191834,95.45775680364838,10,2
276.48631937259995,7,1.0,0.0,0.0,0.0,0.0,0.0,0.0,0.0,100000000.0,0.0,0.0,0.0,0.0,0.0,0.0,0.34641016151377546,0.4948716593053935,0.0,84.68432491645217,0.3527463398633357,0.3527463398633357,109,0.0,276.48631937259995,False,0.34223000580894375,11.032191936513154,0.1,2,4.0,5.0,0.1,7,91.62468920367985,0.0,0.6686104057097881,0.0,7,0.0,-0.34748817283613975,262144.0,2621440.0,1,,352.7463398633357,0.1625,3.5530229568481446,276.48631937259995,10,7
446.36440469467107,2,1.0,0.0,0.0,0.0,0.0,0.0,0.0,0.0,20000000.0,0.0,0.0,0.0,0.0,0.0,0.0,0.4,2.0,0.0,178.52312652394176,0.6248875312186128,0.6248875312186128,109,0.0,446.36440469467107,False,0.13204537519506374,1.2161828500918381,0.1,7,4.0,5.0,0.1,2,305.45293213271043,0.0,0.3156870733416771,0.0,2,0.0,-0.3784664532068383,262144.0,2621440.0,2,,624.8875312186128,0.140625,3.6171804428100587,446.36440469467107,10,2
88.31057668125247,2,1.0,0.0,0.0,0.0,0.0,0.0,0.0,0.0,100000000.0,0.0,0.0,0.0,0.0,0.0,0.0,0.0,0.0,0.0,135.67102840170264,0.22398160508295512,0.22398160508295512,109,0.0,88.31057668125247,False,0.12015205748289308,1.1066413458106932,0.1,5,4.0,5.0,0.1,2,58.92560503758343,0.0,0.33274577913505127,0.0,2,0.0,-0.1720668312829241,262144.0,2621440.0,3,,223.98160508295513,0.1421875,3.501356393098831,88.31057668125248,10,2
109.3367490933837,7,1.0,0.0,0.0,0.0,0.0,0.0,0.0,0.0,100000000.0,0.0,0.0,0.0,0.0,0.0,0.0,0.5099019513592785,0.7284313590846836,0.0,102.83602634444833,0.18335940027773395,0.18335940027773395,110,0.0,109.3367490933837,False,0.34242171113265246,11.038371786001823,0.1,3,4.0,5.0,0.1,7,58.655356366106666,0.0,0.463534842105013,0.0,7,0.0,-0.2628905557051932,262144.0,2621440.0,1,0.1140625,183.35940027773395,0.128125,3.698034632205963,109.33674909338372,10,7
649.7814512303569,2,1.0,0.0,0.0,0.0,0.0,0.0,0.0,0.0,20000000.0,0.0,0.0,0.0,0.0,0.0,0.0,0.4,2.0,0.0,158.9703648351133,0.7340115515007176,0.7340115515007176,110,0.0,649.7814512303569,False,0.1348823191445785,1.2423120694830874,0.1,7,4.0,5.0,0.1,2,333.45628180109793,0.0,0.4868177890124431,0.0,2,0.0,-0.43444693532264805,262144.0,2621440.0,2,0.1140625,734.0115515007176,0.1359375,3.599425208568573,649.7814512303569,10,2
76.81765290349357,2,1.0,0.0,0.0,0.0,0.0,0.0,0.0,0.0,100000000.0,0.0,0.0,0.0,0.0,0.0,0.0,0.6,3.0,0.0,219.3927951157093,0.2962104480192029,0.2962104480192029,110,0.0,76.81765290349357,False,0.18053647745634696,1.6628024069305605,0.1,8,4.0,5.0,0.1,2,59.07619816531762,0.0,0.2309554388555016,0.0,2,0.0,-0.23837346273777493,262144.0,2621440.0,3,0.1140625,296.2104480192029,0.1375,3.564891052246094,76.81765290349358,10,2
96.99947819974653,7,1.0,0.0,0.0,0.0,0.0,0.0,0.0,0.0,100000000.0,0.0,0.0,0.0,0.0,0.0,0.0,0.5099019513592785,0.7284313590846836,0.0,95.83923127502203,0.16366432760771743,0.16366432760771743,111,0.0,96.99947819974653,False,0.3531879732151023,11.385435070098248,0.1,3,4.0,5.0,0.1,7,55.8015574753941,0.0,0.42472311695858267,0.0,7,0.0,-0.25842615041140987,262144.0,2621440.0,1,,163.66432760771744,0.128125,3.7022788286209107,96.99947819974653,10,7
573.4239092938315,2,1.0,0.0,0.0,0.0,0.0,0.0,0.0,0.0,20000000.0,0.0,0.0,0.0,0.0,0.0,0.0,0.4,2.0,0.0,182.91593529284,0.7563398445866715,0.7563398445866715,111,0.0,573.4239092938315,False,0.14587420219190667,1.3435510536779347,0.1,7,4.0,5.0,0.1,2,342.6537603095993,0.0,0.40244249541046234,0.0,2,0.0,-0.4511070233892891,262144.0,2621440.0,2,,756.3398445866715,0.1609375,3.5593755662441255,573.4239092938315,10,2
167.9986365313219,2,1.0,0.0,0.0,0.0,0.0,0.0,0.0,0.0,100000000.0,0.0,0.0,0.0,0.0,0.0,0.0,0.4,2.0,0.0,184.75230876356363,0.35275094529488554,0.35275094529488554,111,0.0,167.9986365313219,False,0.14020392576359694,1.2913258777700087,0.1,7,4.0,5.0,0.1,2,73.6968139464689,0.0,0.5613249281774453,0.0,2,0.0,-0.24647743552924123,262144.0,2621440.0,3,,352.7509452948855,0.11875,3.6302106738090516,167.99863653132192,10,2
97.5359248422597,7,1.0,0.0,0.0,0.0,0.0,0.0,0.0,0.0,100000000.0,0.0,0.0,0.0,0.0,0.0,0.0,0.34641016151377546,0.4948716593053935,0.0,85.9458171762526,0.16804331247290116,0.16804331247290116,112,0.0,97.5359248422597,False,0.33656115127361647,10.849449657249606,0.1,2,4.0,5.0,0.1,7,66.79219253237848,0.0,0.3152041912721044,0.0,7,0.0,-0.25230223187325884,262144.0,2621440.0,1,,168.04331247290116,0.1609375,3.5205675601959228,97.53592484225969,10,7
509.8595000122459,2,1.0,0.0,0.0,0.0,0.0,0.0,0.0,0.0,20000000.0,0.0,0.0,0.0,0.0,0.0,0.0,0.6,3.0,0.0,178.4107624553144,0.6882702624675603,0.6882702624675603,112,0.0,509.8595000122459,False,0.1536326521972063,1.4150090189857045,0.1,8,4.0,5.0,0.1,2,301.0818313869878,0.0,0.4094807856286754,0.0,2,0.0,-0.42095145733238326,262144.0,2621440.0,2,,688.2702624675603,0.18125,3.488057804107666,509.8595000122459,10,2
87.820774952263,2,1.0,0.0,0.0,0.0,0.0,0.0,0.0,0.0,100000000.0,0.0,0.0,0.0,0.0,0.0,0.0,0.6,3.0,0.0,220.92223726212978,0.30874301221439276,0.30874301221439276,112,0.0,87.820774952263,False,0.16898350656778005,1.5563956127393272,0.1,8,4.0,5.0,0.1,2,67.23411962967438,0.0,0.234416689374228,0.0,2,0.0,-0.2388632593910864,262144.0,2621440.0,3,,308.74301221439276,0.153125,3.537929689884186,87.820774952263,10,2
131.23134640226928,7,1.0,0.0,0.0,0.0,0.0,0.0,0.0,0.0,100000000.0,0.0,0.0,0.0,0.0,0.0,0.0,0.34641016151377546,0.4948716593053935,0.0,87.03830698505044,0.1991808067559716,0.1991808067559716,113,0.0,131.23134640226928,False,0.3384975359780855,10.911871325016975,0.1,2,4.0,5.0,0.1,7,65.28961543405661,0.0,0.5024846027722564,0.0,7,0.0,-0.26883917136702856,262144.0,2621440.0,1,,199.18080675597162,0.165625,3.4986639618873596,131.2313464022693,10,7
477.9174435921358,2,1.0,0.0,0.0,0.0,0.0,0.0,0.0,0.0,20000000.0,0.0,0.0,0.0,0.0,0.0,0.0,0.6,3.0,0.0,173.40801982209086,0.6513254634142267,0.6513254634142267,113,0.0,477.9174435921358,False,0.15469834499571594,1.4248244123919425,0.1,8,4.0,5.0,0.1,2,334.0424925822444,0.0,0.30104561559522636,0.0,2,0.0,-0.40301190420497135,262144.0,2621440.0,2,,651.3254634142266,0.159375,3.5285401225090025,477.91744359213584,10,2
88.28491026664166,2,1.0,0.0,0.0,0.0,0.0,0.0,0.0,0.0,100000000.0,0.0,0.0,0.0,0.0,0.0,0.0,0.8,4.0,0.0,209.01397243142128,0.2972988826980629,0.2972988826980629,113,0.0,88.28491026664166,False,0.23668368548515478,2.1799373038120344,0.1,9,4.0,5.0,0.1,2,56.941866250735316,0.0,0.35502153110019385,0.0,2,0.0,-0.2669912840916089,262144.0,2621440.0,3,,297.2988826980629,0.128125,3.605547773838043,88.28491026664166,10,2
69.02778845837676,7,1.0,0.0,0.0,0.0,0.0,0.0,0.0,0.0,100000000.0,0.0,0.0,0.0,0.0,0.0,0.0,0.34641016151377546,0.4948716593053935,0.0,86.65249682962894,0.14908239245390595,0.14908239245390595,114,0.0,69.02778845837676,False,0.34501115681728367,11.121845652457518,0.1,2,4.0,5.0,0.1,7,59.20983686319876,0.0,0.14223187232918746,0.0,7,0.0,-0.24704677463559482,262144.0,2621440.0,1,,149.08239245390595,0.1375,3.6220969557762146,69.02778845837678,10,7
405.4284312717844,2,1.0,0.0,0.0,0.0,0.0,0.0,0.0,0.0,20000000.0,0.0,0.0,0.0,0.0,0.0,0.0,0.8,4.0,0.0,237.54229303449392,0.6429707243062783,0.6429707243062783,114,0.0,405.4284312717844,False,0.2084757764148819,1.9201328600930672,0.1,9,4.0,5.0,0.1,2,322.4986218721201,0.0,0.20454857874550775,0.0,2,0.0,-0.4257232503605801,262144.0,2621440.0,2,,642.9707243062784,0.159375,3.5691980361938476,405.4284312717844,10,2
71.63705044324668,2,1.0,0.0,0.0,0.0,0.0,0.0,0.0,0.0,100000000.0,0.0,0.0,0.0,0.0,0.0,0.0,0.6,3.0,0.0,160.62067868188024,0.23225772912512693,0.23225772912512693,114,0.0,71.63705044324668,False,0.16452429941232294,1.5153247970484154,0.1,8,4.0,5.0,0.1,2,56.78660799566237,0.0,0.2073011431333195,0.0,2,0.0,-0.19839101426872494,262144.0,2621440.0,3,,232.25772912512693,0.11875,3.530203139781952,71.63705044324668,10,2
116.40996784612568,7,1.0,0.0,0.0,0.0,0.0,0.0,0.0,0.0,100000000.0,0.0,0.0,0.0,0.0,0.0,0.0,0.34641016151377546,0.4948716593053935,0.0,91.535366140306,0.1847614107717577,0.1847614107717577,115,0.0,116.40996784612568,False,0.34213317846939345,11.029070591872156,0.1,2,4.0,5.0,0.1,7,68.12270200242423,0.0,0.41480353218144567,0.0,7,0.0,-0.2634472946205756,262144.0,2621440.0,1,,184.7614107717577,0.16875,3.474683624505997,116.4099678461257,10,7
1170.8420098345491,2,1.0,0.0,0.0,0.0,0.0,0.0,0.0,0.0,20000000.0,0.0,0.0,0.0,0.0,0.0,0.0,0.0,0.0,0.0,130.5255009792745,1.3013675108138236,1.3013675108138236,115,0.0,1170.8420098345491,False,0.12641188528232683,1.1642964905134368,0.1,5,4.0,5.0,0.1,2,376.88345504127534,0.0,0.6781090430001461,0.0,2,0.0,-0.7138896980480752,262144.0,2621440.0,2,,1301.3675108138236,0.1984375,3.43718221783638,1170.8420098345491,10,2
65.10717224956348,2,1.0,0.0,0.0,0.0,0.0,0.0,0.0,0.0,100000000.0,0.0,0.0,0.0,0.0,0.0,0.0,0.2,1.0,0.0,134.94133716449142,0.2000485094140549,0.2000485094140549,115,0.0,65.10717224956348,False,0.12450346625319515,1.1467193016827777,0.1,6,4.0,5.0,0.1,2,53.24902054097382,0.0,0.18213280194593556,0.0,2,0.0,-0.162275987833625,262144.0,2621440.0,3,,200.04850941405488,0.1328125,3.535988450050354,65.10717224956349,10,2
100.03873959842716,7,1.0,0.0,0.0,0.0,0.0,0.0,0.0,0.0,100000000.0,0.0,0.0,0.0,0.0,0.0,0.0,0.34641016151377546,0.4948716593053935,0.0,92.0323352329433,0.17111123420957122,0.17111123420957122,116,0.0,100.03873959842716,False,0.33710306994373523,10.866919051169635,0.1,2,4.0,5.0,0.1,7,62.493931364157966,0.0,0.3753026915870848,0.0,7,0.0,-0.25410715207665324,262144.0,2621440.0,1,,171.11123420957122,0.15,3.494861847162247,100.03873959842716,10,7
865.6048392866325,2,1.0,0.0,0.0,0.0,0.0,0.0,0.0,0.0,20000000.0,0.0,0.0,0.0,0.0,0.0,0.0,0.4,2.0,0.0,162.45170030742884,1.0280565395940613,1.0280565395940613,116,0.0,865.6048392866325,False,0.1476618099111438,1.3600155292236806,0.1,7,4.0,5.0,0.1,2,372.6063126590457,0.0,0.5695422486707442,0.0,2,0.0,-0.5878591747526025,262144.0,2621440.0,2,,1028.0565395940612,0.15,3.5425415217876433,865.6048392866325,10,2
85.08248442525309,2,1.0,0.0,0.0,0.0,0.0,0.0,0.0,0.0,100000000.0,0.0,0.0,0.0,0.0,0.0,0.0,0.4,2.0,0.0,207.47427316382527,0.2925567575890784,0.2925567575890784,116,0.0,85.08248442525309,False,0.15470436551568703,1.4248798634300923,0.1,7,4.0,5.0,0.1,2,65.07637186391737,0.0,0.23513785118618083,0.0,2,0.0,-0.2236305615523827,262144.0,2621440.0,3,,292.5567575890784,0.121875,3.5994056344032286,85.0824844252531,10,2
157.83289104018323,7,1.0,0.0,0.0,0.0,0.0,0.0,0.0,0.0,100000000.0,0.0,0.0,0.0,0.0,0.0,0.0,0.34641016151377546,0.4948716593053935,0.0,85.8881794847548,0.22892339370463005,0.22892339370463005,117,0.0,157.83289104018323,False,0.3444052085140238,11.10231218703456,0.1,2,4.0,5.0,0.1,7,73.47915851426086,0.0,0.5344496446209457,0.0,7,0.0,-0.28666430110932695,262144.0,2621440.0,1,,228.92339370463006,0.1453125,3.571950078010559,157.83289104018323,10,7
497.09675864174136,2,1.0,0.0,0.0,0.0,0.0,0.0,0.0,0.0,20000000.0,0.0,0.0,0.0,0.0,0.0,0.0,0.4,2.0,0.0,184.9573152139783,0.6820540738557197,0.6820540738557197,117,0.0,497.09675864174136,False,0.12619933868202465,1.1623388639797474,0.1,7,4.0,5.0,0.1,2,319.06783147458583,0.0,0.3581373727996109,0.0,2,0.0,-0.40412670626887215,262144.0,2621440.0,2,,682.0540738557197,0.15,3.5677523255348205,497.0967586417414,10,2
109.51207964081722,2,1.0,0.0,0.0,0.0,0.0,0.0,0.0,0.0,100000000.0,0.0,0.0,0.0,0.0,0.0,0.0,0.2,1.0,0.0,151.99118666350842,0.26150326630432563,0.26150326630432563,117,0.0,109.51207964081722,False,0.13600017814320214,1.2526079313482876,0.1,6,4.0,5.0,0.1,2,67.92074195309262,0.0,0.379787671133064,0.0,2,0.0,-0.1987517222237639,262144.0,2621440.0,3,,261.5032663043256,0.1515625,3.5258536338806152,109.51207964081722,10,2
88.03340872015656,7,1.0,0.0,0.0,0.0,0.0,0.0,0.0,0.0,100000000.0,0.0,0.0,0.0,0.0,0.0,0.0,0.34641016151377546,0.4948716593053935,0.0,83.65215873345733,0.16064386690566118,0.16064386690566118,118,0.0,88.03340872015656,False,0.3366806912251119,10.853303169994234,0.1,2,4.0,5.0,0.1,7,65.02062037966213,0.0,0.26140971564157206,0.0,7,0.0,-0.24866227906538654,262144.0,2621440.0,1,,160.64386690566118,0.1421875,3.5088266313076018,88.03340872015656,10,7
324.24392806867354,2,1.0,0.0,0.0,0.0,0.0,0.0,0.0,0.0,20000000.0,0.0,0.0,0.0,0.0,0.0,0.0,0.2,1.0,0.0,161.37009067460895,0.4689746831944159,0.4689746831944159,118,0.0,324.24392806867354,False,0.1261803086031629,1.162163590476125,0.1,6,4.0,5.0,0.1,2,272.16235187756826,0.0,0.16062467692556018,0.0,2,0.0,-0.2975774958987894,262144.0,2621440.0,2,,468.9746831944159,0.1546875,3.575209355354309,324.24392806867354,10,2
121.21209647931286,2,1.0,0.0,0.0,0.0,0.0,0.0,0.0,0.0,100000000.0,0.0,0.0,0.0,0.0,0.0,0.0,0.6,3.0,0.0,176.87374306842685,0.2980858395477397,0.2980858395477397,118,0.0,121.21209647931286,False,0.16900222794629624,1.5565680430076938,0.1,8,4.0,5.0,0.1,2,70.314667548445,0.0,0.4199038743592268,0.0,2,0.0,-0.233544033747018,262144.0,2621440.0,3,,298.0858395477397,0.1109375,3.5815535306930544,121.21209647931289,10,2
251.45413171199215,7,1.0,0.0,0.0,0.0,0.0,0.0,0.0,0.0,100000000.0,0.0,0.0,0.0,0.0,0.0,0.0,0.5099019513592784,0.7284313590846835,0.0,95.10333277285099,0.3247383544563975,0.3247383544563975,119,0.0,251.45413171199215,False,0.3485677209001341,11.23649573260981,0.1,3,4.0,5.0,0.1,7,94.26410416942043,0.0,0.6251240592960801,0.0,7,0.0,-0.3366530376782658,262144.0,2621440.0,1,,324.7383544563975,0.1359375,3.5145988881587984,251.4541317119922,10,7
395.401141835872,2,1.0,0.0,0.0,0.0,0.0,0.0,0.0,0.0,20000000.0,0.0,0.0,0.0,0.0,0.0,0.0,0.8,4.0,0.0,219.5313978008926,0.6149325396367646,0.6149325396367646,119,0.0,395.401141835872,False,0.20361244146699925,1.8753398898801408,0.1,9,4.0,5.0,0.1,2,344.1062230274242,0.0,0.12972880799049363,0.0,2,0.0,-0.409272490551882,262144.0,2621440.0,2,,614.9325396367647,0.18125,3.4507206678390503,395.40114183587207,10,2
94.66446326061599,2,1.0,0.0,0.0,0.0,0.0,0.0,0.0,0.0,100000000.0,0.0,0.0,0.0,0.0,0.0,0.0,0.4,2.0,0.0,168.62901858985424,0.26329348185047025,0.26329348185047025,119,0.0,94.66446326061599,False,0.12728658381849006,1.1723527617543694,0.1,7,4.0,5.0,0.1,2,67.74481054575804,0.0,0.28436914748829034,0.0,2,0.0,-0.19529003283448015,262144.0,2621440.0,3,,263.29348185047024,0.1453125,3.5181739807128904,94.664463260616,10,2
70.30819540428392,7,1.0,0.0,0.0,0.0,0.0,0.0,0.0,0.0,100000000.0,0.0,0.0,0.0,0.0,0.0,0.0,0.5099019513592785,0.7284313590846836,0.0,97.18026500195265,0.15525169896656688,0.15525169896656688,120,0.0,70.30819540428392,False,0.3485956555215309,11.237396238409103,0.1,3,4.0,5.0,0.1,7,58.09846233036239,0.0,0.17366016868607587,0.0,7,0.0,-0.25192367724404885,262144.0,2621440.0,1,0.11953125,155.25169896656686,0.146875,3.553098726272583,70.30819540428394,10,7
466.98123867265537,2,1.0,0.0,0.0,0.0,0.0,0.0,0.0,0.0,20000000.0,0.0,0.0,0.0,0.0,0.0,0.0,0.2,1.0,0.0,130.7456260547042,0.5977268647273595,0.5977268647273595,120,0.0,466.98123867265537,False,0.13727917876719803,1.2643879624312597,0.1,6,4.0,5.0,0.1,2,294.2343798301726,0.0,0.3699224819684349,0.0,2,0.0,-0.3675030217472788,262144.0,2621440.0,2,0.11953125,597.7268647273595,0.1703125,3.4810423016548158,466.9812386726553,10,2
95.6839093641818,2,1.0,0.0,0.0,0.0,0.0,0.0,0.0,0.0,100000000.0,0.0,0.0,0.0,0.0,0.0,0.0,0.2,1.0,0.0,166.6185613721609,0.24063951940599268,0.24063951940599268,120,0.0,95.6839093641818,False,0.12666140362200265,1.1665946393509015,0.1,6,4.0,5.0,0.1,2,62.29056430940233,0.0,0.3489964538100269,0.0,2,0.0,-0.18365046151399766,262144.0,2621440.0,3,0.11953125,240.63951940599267,0.1328125,3.5441015362739563,95.68390936418183,10,2
80.1796724978967,7,1.0,0.0,0.0,0.0,0.0,0.0,0.0,0.0,100000000.0,0.0,0.0,0.0,0.0,0.0,0.0,0.5099019513592784,0.7284313590846835,0.0,91.60597203299403,0.17178564453089074,0.17178564453089074,121,0.0,80.1796724978967,False,0.3600716034689067,11.607337091811548,0.1,3,4.0,5.0,0.1,7,56.65535149800241,0.0,0.2933950746744618,0.0,7,0.0,-0.2659286239998987,262144.0,2621440.0,1,,171.78564453089075,0.153125,3.5465413093566895,80.17967249789672,10,7
480.91819536614594,2,1.0,0.0,0.0,0.0,0.0,0.0,0.0,0.0,20000000.0,0.0,0.0,0.0,0.0,0.0,0.0,0.0,0.0,0.0,147.37219363451004,0.6102254873022752,0.6102254873022752,121,0.0,480.91819536614594,False,0.11776803318915377,1.084683670610294,0.1,5,4.0,5.0,0.1,2,282.00913570187697,0.0,0.41360269081278994,0.0,2,0.0,-0.3639967602457145,262144.0,2621440.0,2,,610.2254873022753,0.1609375,3.6744887828826904,480.91819536614594,10,2
125.79982164489995,2,1.0,0.0,0.0,0.0,0.0,0.0,0.0,0.0,100000000.0,0.0,0.0,0.0,0.0,0.0,0.0,0.4,2.0,0.0,175.57266540825367,0.30137248705315367,0.30137248705315367,121,0.0,125.79982164489995,False,0.13711782607564954,1.2629018492221635,0.1,7,4.0,5.0,0.1,2,65.09818028243707,0.0,0.4825256551937551,0.0,2,0.0,-0.2192451565644016,262144.0,2621440.0,3,,301.3724870531537,0.171875,3.4573174118995667,125.79982164489998,10,2
82.86855516834552,7,1.0,0.0,0.0,0.0,0.0,0.0,0.0,0.0,100000000.0,0.0,0.0,0.0,0.0,0.0,0.0,0.5099019513592785,0.7284313590846836,0.0,94.86475866287947,0.15117471486209327,0.15117471486209327,122,0.0,82.86855516834552,False,0.35543763506311754,11.457955599795492,0.1,3,4.0,5.0,0.1,7,56.528617515604836,0.0,0.317852019975873,0.0,7,0.0,-0.25330617496260543,262144.0,2621440.0,1,,151.17471486209328,0.1703125,3.471759420633316,82.86855516834552,10,7
478.7118152608287,2,1.0,0.0,0.0,0.0,0.0,0.0,0.0,0.0,20000000.0,0.0,0.0,0.0,0.0,0.0,0.0,0.2,1.0,0.0,147.9124091565609,0.5832741131899071,0.5832741131899071,122,0.0,478.7118152608287,False,0.11767680766408035,1.0838434524737557,0.1,6,4.0,5.0,0.1,2,302.98748803294524,0.0,0.3670774809101779,0.0,2,0.0,-0.35047546042699373,262144.0,2621440.0,2,,583.2741131899071,0.18125,3.460220956802368,478.71181526082876,10,2
199.48101846916353,2,1.0,0.0,0.0,0.0,0.0,0.0,0.0,0.0,100000000.0,0.0,0.0,0.0,0.0,0.0,0.0,0.4,2.0,0.0,200.67773573100567,0.29780200414774693,0.29780200414774693,122,0.0,199.48101846916353,False,0.1465962428572463,1.3502012939681207,0.1,7,4.0,5.0,0.1,2,73.58333615850201,0.0,0.6311261255672966,0.0,2,0.0,-0.2221991235024966,262144.0,2621440.0,3,,297.8020041477469,0.165625,3.5215150237083437,199.48101846916353,10,2
81.64180302805448,7,1.0,0.0,0.0,0.0,0.0,0.0,0.0,0.0,100000000.0,0.0,0.0,0.0,0.0,0.0,0.0,0.34641016151377546,0.4948716593053935,0.0,88.20129744708538,0.16025335341504957,0.16025335341504957,123,0.0,81.64180302805448,False,0.3429400952289387,11.055082514897578,0.1,2,4.0,5.0,0.1,7,60.35829495897074,0.0,0.2606937534411155,0.0,7,0.0,-0.25159672432199415,262144.0,2621440.0,1,,160.25335341504956,0.19375,3.398378163576126,81.64180302805448,10,7
456.1401394470662,2,1.0,0.0,0.0,0.0,0.0,0.0,0.0,0.0,20000000.0,0.0,0.0,0.0,0.0,0.0,0.0,0.4,2.0,0.0,162.5608908943832,0.6187010303414494,0.6187010303414494,123,0.0,456.1401394470662,False,0.13294877464105037,1.2245034664812298,0.1,7,4.0,5.0,0.1,2,315.7614140367411,0.0,0.3077535022032755,0.0,2,0.0,-0.3758249024912499,262144.0,2621440.0,2,,618.7010303414494,0.159375,3.5766150891780852,456.1401394470662,10,2
102.06126823379466,2,1.0,0.0,0.0,0.0,0.0,0.0,0.0,0.0,100000000.0,0.0,0.0,0.0,0.0,0.0,0.0,0.2,1.0,0.0,156.81940643116832,0.258880674664963,0.258880674664963,123,0.0,102.06126823379466,False,0.12788871382927686,1.1778985841018974,0.1,6,4.0,5.0,0.1,2,67.28727750403527,0.0,0.34071681972539875,0.0,2,0.0,-0.19338469424711993,262144.0,2621440.0,3,,258.880674664963,0.1484375,3.53634831905365,102.06126823379466,10,2
85.15630626755858,7,1.0,0.0,0.0,0.0,0.0,0.0,0.0,0.0,100000000.0,0.0,0.0,0.0,0.0,0.0,0.0,0.5099019513592785,0.7284313590846836,0.0,89.49718624353409,0.15726669935214427,0.15726669935214427,124,0.0,85.15630626755858,False,0.3489714030365273,11.249508907183747,0.1,3,4.0,5.0,0.1,7,57.48545526631965,0.0,0.3249418887932732,0.0,7,0.0,-0.25311905119433575,262144.0,2621440.0,1,,157.26669935214426,0.1578125,3.422379046678543,85.15630626755859,10,7
450.68526048865726,2,1.0,0.0,0.0,0.0,0.0,0.0,0.0,0.0,20000000.0,0.0,0.0,0.0,0.0,0.0,0.0,0.4,2.0,0.0,179.3208629824221,0.6300061234710794,0.6300061234710794,124,0.0,450.68526048865726,False,0.13294877464105037,1.2245034664812298,0.1,7,4.0,5.0,0.1,2,278.8628474020319,0.0,0.3812470212589741,0.0,2,0.0,-0.3814774490560649,262144.0,2621440.0,2,,630.0061234710794,0.1625,3.579614156484604,450.6852604886573,10,2
155.28073536251853,2,1.0,0.0,0.0,0.0,0.0,0.0,0.0,0.0,100000000.0,0.0,0.0,0.0,0.0,0.0,0.0,0.0,0.0,0.0,138.91777535900474,0.2677558306792862,0.2677558306792862,124,0.0,155.28073536251853,False,0.1227905229297798,1.130942510636218,0.1,5,4.0,5.0,0.1,2,66.37939843708462,0.0,0.572520066432483,0.0,2,0.0,-0.195273176804533,262144.0,2621440.0,3,,267.7558306792862,0.1703125,3.501327931880951,155.28073536251856,10,2
99.63731280279009,7,1.0,0.0,0.0,0.0,0.0,0.0,0.0,0.0,100000000.0,0.0,0.0,0.0,0.0,0.0,0.0,0.34641016151377546,0.4948716593053935,0.0,87.23807241767645,0.17149593167689292,0.17149593167689292,125,0.0,99.63731280279009,False,0.34823457501506677,11.225756378127333,0.1,2,4.0,5.0,0.1,7,59.82295371579516,0.0,0.39959286302510594,0.0,7,0.0,-0.2598652533459799,262144.0,2621440.0,1,,171.49593167689292,0.15,3.535922944545746,99.63731280279009,10,7
370.3622496791927,2,1.0,0.0,0.0,0.0,0.0,0.0,0.0,0.0,20000000.0,0.0,0.0,0.0,0.0,0.0,0.0,0.4,2.0,0.0,202.50777946785092,0.5728700291470437,0.5728700291470437,125,0.0,370.3622496791927,False,0.14029150383044367,1.2921325015747867,0.1,7,4.0,5.0,0.1,2,299.0604447245956,0.0,0.19251909452531576,0.0,2,0.0,-0.35658076648874365,262144.0,2621440.0,2,,572.8700291470436,0.1640625,3.5242849469184874,370.3622496791927,10,2
101.7700631348218,2,1.0,0.0,0.0,0.0,0.0,0.0,0.0,0.0,100000000.0,0.0,0.0,0.0,0.0,0.0,0.0,0.2,1.0,0.0,132.90528254583478,0.23467534568065657,0.23467534568065657,125,0.0,101.7700631348218,False,0.12450346625319515,1.1467193016827777,0.1,6,4.0,5.0,0.1,2,61.21935757792297,0.0,0.39845416528020156,0.0,2,0.0,-0.17958940596692585,262144.0,2621440.0,3,,234.67534568065656,0.153125,3.491105341911316,101.7700631348218,10,2
63.81048451481654,7,1.0,0.0,0.0,0.0,0.0,0.0,0.0,0.0,100000000.0,0.0,0.0,0.0,0.0,0.0,0.0,0.34641016151377546,0.4948716593053935,0.0,85.9261960722506,0.1472685359325622,0.1472685359325622,126,0.0,63.81048451481654,False,0.33692495902215197,10.861177433428516,0.1,2,4.0,5.0,0.1,7,54.55223616397317,0.0,0.14508976732019072,0.0,7,0.0,-0.2420967474773571,262144.0,2621440.0,1,,147.2685359325622,0.14375,3.5023687958717344,63.81048451481655,10,7
1352.2764989310729,2,1.0,0.0,0.0,0.0,0.0,0.0,0.0,0.0,20000000.0,0.0,0.0,0.0,0.0,0.0,0.0,0.4,2.0,0.0,189.21176064759493,1.5414882595786679,1.5414882595786679,126,0.0,1352.2764989310729,False,0.1348823191445785,1.2423120694830874,0.1,7,4.0,5.0,0.1,2,412.11413319147243,0.0,0.6952441800791228,0.0,2,0.0,-0.8381852893616232,262144.0,2621440.0,2,,1541.4882595786678,0.153125,3.5213551104068754,1352.2764989310729,10,2
76.1419758332089,2,1.0,0.0,0.0,0.0,0.0,0.0,0.0,0.0,100000000.0,0.0,0.0,0.0,0.0,0.0,0.0,0.6,3.0,0.0,197.18056498095393,0.27332254081416285,0.27332254081416285,126,0.0,76.1419758332089,False,0.18384959427718484,1.693317340542597,0.1,8,4.0,5.0,0.1,2,59.132230141966424,0.0,0.2233951182000162,0.0,2,0.0,-0.22858606754567384,262144.0,2621440.0,3,,273.32254081416283,0.125,3.612816369533539,76.1419758332089,10,2
83.9616459726242,7,1.0,0.0,0.0,0.0,0.0,0.0,0.0,0.0,100000000.0,0.0,0.0,0.0,0.0,0.0,0.0,0.5099019513592784,0.7284313590846835,0.0,107.72046074271202,0.17547806441750852,0.17547806441750852,127,0.0,83.9616459726242,False,0.35484080589977396,11.438716100711384,0.1,3,4.0,5.0,0.1,7,59.852309111454886,0.0,0.2871470250717832,0.0,7,0.0,-0.26515943515864127,262144.0,2621440.0,1,,175.4780644175085,0.125,3.6715139746665955,83.96164597262421,10,7
1007.1565709712585,2,1.0,0.0,0.0,0.0,0.0,0.0,0.0,0.0,20000000.0,0.0,0.0,0.0,0.0,0.0,0.0,0.0,0.0,0.0,116.13474786281586,1.1232913188340743,1.1232913188340743,127,0.0,1007.1565709712585,False,0.12057647086302957,1.1105503375001713,0.1,5,4.0,5.0,0.1,2,399.7346655216644,0.0,0.6031057364435625,0.0,2,0.0,-0.6219338948485519,262144.0,2621440.0,2,,1123.2913188340742,0.2,3.4102759957313538,1007.1565709712585,10,2
84.48174126797733,2,1.0,0.0,0.0,0.0,0.0,0.0,0.0,0.0,100000000.0,0.0,0.0,0.0,0.0,0.0,0.0,0.2,1.0,0.0,167.63405548408628,0.25211579675206364,0.25211579675206364,127,0.0,84.48174126797733,False,0.13382636186572985,1.2325863435266258,0.1,6,4.0,5.0,0.1,2,65.31504311659006,0.0,0.22687385302097673,0.0,2,0.0,-0.19297107930889673,262144.0,2621440.0,3,,252.11579675206363,0.1703125,3.448132538795471,84.48174126797736,10,2
115.57845340871322,7,1.0,0.0,0.0,0.0,0.0,0.0,0.0,0.0,100000000.0,0.0,0.0,0.0,0.0,0.0,0.0,0.34641016151377546,0.4948716593053935,0.0,85.84482548758388,0.19518623117187128,0.19518623117187128,128,0.0,115.57845340871322,False,0.33604933854465696,10.83295076420811,0.1,2,4.0,5.0,0.1,7,75.75572163477563,0.0,0.3445515197639376,0.0,7,0.0,-0.26561778485826415,262144.0,2621440.0,1,,195.18623117187127,0.15625,3.542418140172958,115.57845340871322,10,7
437.496340878205,2,1.0,0.0,0.0,0.0,0.0,0.0,0.0,0.0,20000000.0,0.0,0.0,0.0,0.0,0.0,0.0,0.0,0.0,0.0,136.2995896488428,0.5601742016597555,0.5601742016597555,128,0.0,437.496340878205,False,0.12641188528232683,1.1642964905134368,0.1,5,4.0,5.0,0.1,2,292.30522442820165,0.0,0.331868184676825,0.0,2,0.0,-0.34329304347104117,262144.0,2621440.0,2,,560.1742016597555,0.2203125,3.4047591984272003,437.49634087820505,10,2
97.07136662379587,2,1.0,0.0,0.0,0.0,0.0,0.0,0.0,0.0,100000000.0,0.0,0.0,0.0,0.0,0.0,0.0,0.6,3.0,0.0,181.8366996012628,0.2789080662250587,0.2789080662250587,128,0.0,97.07136662379587,False,0.18384959427718484,1.693317340542597,0.1,8,4.0,5.0,0.1,2,64.23199783596148,0.0,0.33830129244089796,0.0,2,0.0,-0.23137883025112177,262144.0,2621440.0,3,,278.9080662250587,0.171875,3.5175862908363342,97.0713666237959,10,2
74.66666901722957,7,1.0,0.0,0.0,0.0,0.0,0.0,0.0,0.0,100000000.0,0.0,0.0,0.0,0.0,0.0,0.0,0.34641016151377546,0.4948716593053935,0.0,83.97970907390118,0.1443377778703015,0.1443377778703015,129,0.0,74.66666901722957,False,0.3412155692829357,10.999490366597108,0.1,2,4.0,5.0,0.1,7,56.2601269980225,0.0,0.24651617999672254,0.0,7,0.0,-0.2427766735766186,262144.0,2621440.0,1,,144.3377778703015,0.153125,3.5551466584205627,74.66666901722958,10,7
424.45793824132346,2,1.0,0.0,0.0,0.0,0.0,0.0,0.0,0.0,20000000.0,0.0,0.0,0.0,0.0,0.0,0.0,0.4,2.0,0.0,212.22509490326047,0.636683033144584,0.636683033144584,129,0.0,424.45793824132346,False,0.14029150383044367,1.2921325015747867,0.1,7,4.0,5.0,0.1,2,313.4392353026279,0.0,0.26155407388228985,0.0,2,0.0,-0.3884872684875138,262144.0,2621440.0,2,,636.683033144584,0.203125,3.3819336116313936,424.4579382413235,10,2
95.64195633549397,2,1.0,0.0,0.0,0.0,0.0,0.0,0.0,0.0,100000000.0,0.0,0.0,0.0,0.0,0.0,0.0,0.2,1.0,0.0,131.7182034254074,0.22736015976090135,0.22736015976090135,129,0.0,95.64195633549397,False,0.12997070521783988,1.1970744334420862,0.1,6,4.0,5.0,0.1,2,58.416692978202754,0.0,0.38921478379961194,0.0,2,0.0,-0.1786654324893706,262144.0,2621440.0,3,,227.36015976090135,0.146875,3.4862040877342224,95.64195633549396,10,2
68.25830956714485,7,1.0,0.0,0.0,0.0,0.0,0.0,0.0,0.0,100000000.0,0.0,0.0,0.0,0.0,0.0,0.0,0.34641016151377546,0.4948716593053935,0.0,87.28840481489897,0.1492576723252409,0.1492576723252409,130,0.0,68.25830956714485,False,0.34270405533352066,11.047473487673997,0.1,2,4.0,5.0,0.1,7,54.31974755169396,0.0,0.20420315275665746,0.0,7,0.0,-0.24598086382938078,262144.0,2621440.0,1,0.13515625,149.2576723252409,0.165625,3.4545690596103666,68.25830956714485,10,7
485.1527321206356,2,1.0,0.0,0.0,0.0,0.0,0.0,0.0,0.0,20000000.0,0.0,0.0,0.0,0.0,0.0,0.0,0.4,2.0,0.0,165.1289206929505,0.6502816528135862,0.6502816528135862,130,0.0,485.1527321206356,False,0.13836124083693266,1.2743541223971206,0.1,7,4.0,5.0,0.1,2,345.6736399500785,0.0,0.28749522147568773,0.0,2,0.0,-0.39432144682525944,262144.0,2621440.0,2,0.13515625,650.2816528135862,0.1796875,3.4360540568828584,485.1527321206356,10,2
224.56632288099922,2,1.0,0.0,0.0,0.0,0.0,0.0,0.0,0.0,100000000.0,0.0,0.0,0.0,0.0,0.0,0.0,0.0,0.0,0.0,139.05880833044648,0.3557220051430325,0.3557220051430325,130,0.0,224.56632288099922,False,0.11890414206466003,1.0951476200533299,0.1,5,4.0,5.0,0.1,2,71.4763962869578,0.0,0.681713645349957,0.0,2,0.0,-0.23731307360384626,262144.0,2621440.0,3,0.13515625,355.7220051430325,0.128125,3.580086797475815,224.56632288099925,10,2
72.53953490999342,7,1.0,0.0,0.0,0.0,0.0,0.0,0.0,0.0,100000000.0,0.0,0.0,0.0,0.0,0.0,0.0,0.5099019513592784,0.7284313590846835,0.0,88.73292058706284,0.15955873884593635,0.15955873884593635,131,0.0,72.53953490999342,False,0.3443374346307381,11.100127415167691,0.1,3,4.0,5.0,0.1,7,58.5299699816836,0.0,0.19313006274017055,0.0,7,0.0,-0.25194808673833724,262144.0,2621440.0,1,,159.55873884593635,0.1421875,3.5913506925106047,72.53953490999342,10,7
431.3868822021136,2,1.0,0.0,0.0,0.0,0.0,0.0,0.0,0.0,20000000.0,0.0,0.0,0.0,0.0,0.0,0.0,0.4,2.0,0.0,210.71652509272099,0.5310369532046566,0.5310369532046566,131,0.0,431.3868822021136,False,0.14302645045823467,1.3173222909159303,0.1,7,4.0,5.0,0.1,2,315.2282101882777,0.0,0.2692679745403412,0.0,2,0.0,-0.33703170183144565,262144.0,2621440.0,2,,531.0369532046566,0.15625,3.4912591695785524,431.3868822021136,10,2
98.48796535666487,2,1.0,0.0,0.0,0.0,0.0,0.0,0.0,0.0,100000000.0,0.0,0.0,0.0,0.0,0.0,0.0,0.6,3.0,0.0,186.81727815419436,0.2475791013816427,0.2475791013816427,131,0.0,98.48796535666487,False,0.15924748676427283,1.466723556480725,0.1,8,4.0,5.0,0.1,2,62.60501315780975,0.0,0.3643384455035536,0.0,2,0.0,-0.20341329407295777,262144.0,2621440.0,3,,247.57910138164272,0.1359375,3.5793761014938354,98.48796535666489,10,2
105.77972535366669,7,1.0,0.0,0.0,0.0,0.0,0.0,0.0,0.0,100000000.0,0.0,0.0,0.0,0.0,0.0,0.0,0.34641016151377546,0.4948716593053935,0.0,85.673154797405,0.18387026921237365,0.18387026921237365,132,0.0,105.77972535366669,False,0.33585877096675265,10.826807591310844,0.1,2,4.0,5.0,0.1,7,59.39598156258314,0.0,0.43849370601032417,0.0,7,0.0,-0.2598645200895632,262144.0,2621440.0,1,,183.87026921237364,0.1765625,3.398738205432892,105.7797253536667,10,7
463.03588855719573,2,1.0,0.0,0.0,0.0,0.0,0.0,0.0,0.0,20000000.0,0.0,0.0,0.0,0.0,0.0,0.0,0.0,0.0,0.0,132.19357933849096,0.593723696709484,0.593723696709484,132,0.0,463.03588855719573,False,0.12641188528232683,1.1642964905134368,0.1,5,4.0,5.0,0.1,2,290.7344216225803,0.0,0.37211255367591695,0.0,2,0.0,-0.3600677909959054,262144.0,2621440.0,2,,593.723696709484,0.1765625,3.514747768640518,463.0358885571958,10,2
84.11651672904975,2,1.0,0.0,0.0,0.0,0.0,0.0,0.0,0.0,100000000.0,0.0,0.0,0.0,0.0,0.0,0.0,0.8,4.0,0.0,220.0770634226501,0.30419358015169984,0.30419358015169984,132,0.0,84.11651672904975,False,0.24804298697689983,2.2845603369389034,0.1,9,4.0,5.0,0.1,2,65.81629447686579,0.0,0.21755801314421228,0.0,2,0.0,-0.27611828356429985,262144.0,2621440.0,3,,304.19358015169985,0.14375,3.4822260320186613,84.11651672904976,10,2
71.37954513227737,7,1.0,0.0,0.0,0.0,0.0,0.0,0.0,0.0,100000000.0,0.0,0.0,0.0,0.0,0.0,0.0,0.34641016151377546,0.4948716593053935,0.0,86.92762535065413,0.15571731607115066,0.15571731607115066,133,0.0,71.37954513227737,False,0.3365611512736165,10.849449657249608,0.1,2,4.0,5.0,0.1,7,57.429728518213935,0.0,0.1954315706020858,0.0,7,0.0,-0.2461392336723836,262144.0,2621440.0,1,,155.71731607115066,0.1796875,3.409316825866699,71.37954513227737,10,7
424.44418241786707,2,1.0,0.0,0.0,0.0,0.0,0.0,0.0,0.0,20000000.0,0.0,0.0,0.0,0.0,0.0,0.0,0.0,0.0,0.0,120.29217090457678,0.5380334459390019,0.5380334459390019,133,0.0,424.44418241786707,False,0.1257358935155473,1.1580703762527436,0.1,5,4.0,5.0,0.1,2,296.43130893341623,0.0,0.30160119701775445,0.0,2,0.0,-0.3318846697272746,262144.0,2621440.0,2,,538.0334459390019,0.159375,3.478177160024643,424.44418241786707,10,2
91.1363099125158,2,1.0,0.0,0.0,0.0,0.0,0.0,0.0,0.0,100000000.0,0.0,0.0,0.0,0.0,0.0,0.0,0.0,0.0,0.0,147.56610244512558,0.23580166151569598,0.23580166151569598,133,0.0,91.1363099125158,False,0.12780980277007634,1.1771717863875475,0.1,5,4.0,5.0,0.1,2,65.302288722353,0.0,0.28346573626869,0.0,2,0.0,-0.18180573214288615,262144.0,2621440.0,3,,235.80166151569597,0.1375,3.5058810710906982,91.13630991251581,10,2
109.29251659615902,7,1.0,0.0,0.0,0.0,0.0,0.0,0.0,0.0,100000000.0,0.0,0.0,0.0,0.0,0.0,0.0,0.34641016151377546,0.4948716593053935,0.0,88.178432546556,0.197470949142715,0.197470949142715,134,0.0,109.29251659615902,False,0.3414525654091403,11.007130219059253,0.1,2,4.0,5.0,0.1,7,68.38140127438058,0.0,0.37432677548223114,0.0,7,0.0,-0.2694617572759277,262144.0,2621440.0,1,,197.470949142715,0.1671875,3.429454243183136,109.29251659615903,10,7
909.5225851218892,2,1.0,0.0,0.0,0.0,0.0,0.0,0.0,0.0,20000000.0,0.0,0.0,0.0,0.0,0.0,0.0,0.4,2.0,0.0,177.13441932573915,1.0866570044476282,1.0866570044476282,134,0.0,909.5225851218892,False,0.14029150383044367,1.2921325015747867,0.1,7,4.0,5.0,0.1,2,399.80264845813514,0.0,0.5604258156991717,0.0,2,0.0,-0.613474254139036,262144.0,2621440.0,2,,1086.6570044476282,0.2140625,3.3843216836452483,909.5225851218892,10,2
120.03647154160443,2,1.0,0.0,0.0,0.0,0.0,0.0,0.0,0.0,100000000.0,0.0,0.0,0.0,0.0,0.0,0.0,0.2,1.0,0.0,153.91456289216876,0.27395103443377317,0.27395103443377317,134,0.0,120.03647154160443,False,0.13499958573330684,1.243392134679536,0.1,6,4.0,5.0,0.1,2,71.06939595404886,0.0,0.40793497974974774,0.0,2,0.0,-0.20447531008354,262144.0,2621440.0,3,,273.95103443377315,0.178125,3.4118917346000672,120.03647154160441,10,2
76.50129017578323,7,1.0,0.0,0.0,0.0,0.0,0.0,0.0,0.0,100000000.0,0.0,0.0,0.0,0.0,0.0,0.0,0.5099019513592785,0.7284313590846836,0.0,89.31683469563723,0.15109212038331166,0.15109212038331166,135,0.0,76.50129017578323,False,0.3532016893059232,11.385877224625865,0.1,3,4.0,5.0,0.1,7,56.672590376976814,0.0,0.2591943188571643,0.0,7,0.0,-0.25214690484461744,262144.0,2621440.0,1,,151.09212038331165,0.1765625,3.4492804288864134,76.50129017578323,10,7
722.8575456592513,2,1.0,0.0,0.0,0.0,0.0,0.0,0.0,0.0,20000000.0,0.0,0.0,0.0,0.0,0.0,0.0,0.2,1.0,0.0,163.1637765094638,0.8860213221687151,0.8860213221687151,135,0.0,722.8575456592513,False,0.1261803086031629,1.162163590476125,0.1,6,4.0,5.0,0.1,2,339.663491027392,0.0,0.5301100568610424,0.0,2,0.0,-0.506100815385939,262144.0,2621440.0,2,,886.0213221687151,0.184375,3.402618074417114,722.8575456592513,10,2
100.89741188856551,2,1.0,0.0,0.0,0.0,0.0,0.0,0.0,0.0,100000000.0,0.0,0.0,0.0,0.0,0.0,0.0,0.2,1.0,0.0,133.6668082512915,0.19941496250974722,0.19941496250974722,135,0.0,100.89741188856551,False,0.12102092588495171,1.1146439195321083,0.1,6,4.0,5.0,0.1,2,65.06014312204103,0.0,0.3551852133343556,0.0,2,0.0,-0.16021794419734947,262144.0,2621440.0,3,,199.41496250974723,0.140625,3.5302804827690126,100.8974118885655,10,2
82.74858442968096,7,1.0,0.0,0.0,0.0,0.0,0.0,0.0,0.0,100000000.0,0.0,0.0,0.0,0.0,0.0,0.0,0.34641016151377546,0.4948716593053935,0.0,89.58076778799295,0.1598411971150698,0.1598411971150698,136,0.0,82.74858442968096,False,0.34180861776211263,11.018607990823165,0.1,2,4.0,5.0,0.1,7,61.04753938438543,0.0,0.26225276474350917,0.0,7,0.0,-0.2508249074385912,262144.0,2621440.0,1,,159.8411971150698,0.16875,3.4525669515132904,82.74858442968096,10,7
540.880877122658,2,1.0,0.0,0.0,0.0,0.0,0.0,0.0,0.0,20000000.0,0.0,0.0,0.0,0.0,0.0,0.0,0.4,2.0,0.0,186.44250463694334,0.7273233817596015,0.7273233817596015,136,0.0,540.880877122658,False,0.1412395606892839,1.3008644279366917,0.1,7,4.0,5.0,0.1,2,354.589683125154,0.0,0.34442185308625356,0.0,2,0.0,-0.4342814712244427,262144.0,2621440.0,2,,727.3233817596015,0.1796875,3.4006914675235747,540.8808771226581,10,2
99.78418580661807,2,1.0,0.0,0.0,0.0,0.0,0.0,0.0,0.0,100000000.0,0.0,0.0,0.0,0.0,0.0,0.0,0.4,2.0,0.0,174.23880798742175,0.2740229937940398,0.2740229937940398,136,0.0,99.78418580661807,False,0.14683734461482778,1.3524219232197279,0.1,7,4.0,5.0,0.1,2,66.3642855434888,0.0,0.3349218114371058,0.0,2,0.0,-0.2104301692044338,262144.0,2621440.0,3,,274.02299379403985,0.146875,3.4843439638614653,99.78418580661807,10,2
112.85394614623965,7,1.0,0.0,0.0,0.0,0.0,0.0,0.0,0.0,100000000.0,0.0,0.0,0.0,0.0,0.0,0.0,0.34641016151377546,0.4948716593053935,0.0,86.87929576262832,0.1817708103737432,0.1817708103737432,137,0.0,112.85394614623965,False,0.33846307173153545,10.910760328972112,0.1,2,4.0,5.0,0.1,7,65.08602089824109,0.0,0.4232720864372736,0.0,7,0.0,-0.2601169410526393,262144.0,2621440.0,1,,181.77081037374322,0.153125,3.43318048119545,112.85394614623968,10,7
463.44146253804416,2,1.0,0.0,0.0,0.0,0.0,0.0,0.0,0.0,20000000.0,0.0,0.0,0.0,0.0,0.0,0.0,0.2,1.0,0.0,155.86023312062025,0.5591656382221982,0.5591656382221982,137,0.0,463.44146253804416,False,0.1306483562545802,1.2033158301438873,0.1,6,4.0,5.0,0.1,2,290.40103678515726,0.0,0.3733814078810048,0.0,2,0.0,-0.34490699723838925,262144.0,2621440.0,2,,559.1656382221983,0.196875,3.3909186482429505,463.44146253804416,10,2
109.13172208908256,2,1.0,0.0,0.0,0.0,0.0,0.0,0.0,0.0,100000000.0,0.0,0.0,0.0,0.0,0.0,0.0,0.2,1.0,0.0,157.4786831624806,0.22880541145074423,0.22880541145074423,137,0.0,109.13172208908256,False,0.12666140362200265,1.1665946393509015,0.1,6,4.0,5.0,0.1,2,64.43654157265345,0.0,0.4095525999300654,0.0,2,0.0,-0.17773340753637346,262144.0,2621440.0,3,,228.80541145074423,0.1234375,3.5513579487800597,109.13172208908256,10,2
96.58276914447879,7,1.0,0.0,0.0,0.0,0.0,0.0,0.0,0.0,100000000.0,0.0,0.0,0.0,0.0,0.0,0.0,0.34641016151377546,0.4948716593053935,0.0,84.77443223819137,0.17762570847586132,0.17762570847586132,138,0.0,96.58276914447879,False,0.34294742691330937,11.055318860477517,0.1,2,4.0,5.0,0.1,7,67.80422041140886,0.0,0.2979677326296154,0.0,7,0.0,-0.26028656769458536,262144.0,2621440.0,1,,177.6257084758613,0.1734375,3.414251685142517,96.5827691444788,10,7
456.0411402465715,2,1.0,0.0,0.0,0.0,0.0,0.0,0.0,0.0,20000000.0,0.0,0.0,0.0,0.0,0.0,0.0,0.2,1.0,0.0,143.24007276445627,0.5673399677010192,0.5673399677010192,138,0.0,456.0411402465715,False,0.1219684883854427,1.1233712926853512,0.1,6,4.0,5.0,0.1,2,273.8536862402794,0.0,0.3994978477331833,0.0,2,0.0,-0.344654228043231,262144.0,2621440.0,2,,567.3399677010192,0.18125,3.455459415912628,456.0411402465715,10,2
142.3190607552425,2,1.0,0.0,0.0,0.0,0.0,0.0,0.0,0.0,100000000.0,0.0,0.0,0.0,0.0,0.0,0.0,0.8,4.0,0.0,220.08811915293336,0.36240717990817584,0.36240717990817584,138,0.0,142.3190607552425,False,0.21429877136785724,1.9737646255942694,0.1,9,4.0,5.0,0.1,2,73.85398869687447,0.0,0.48106748101797064,0.0,2,0.0,-0.28835297563801654,262144.0,2621440.0,3,,362.40717990817586,0.1375,3.4665869653224943,142.3190607552425,10,2
94.34846357790111,7,1.0,0.0,0.0,0.0,0.0,0.0,0.0,0.0,100000000.0,0.0,0.0,0.0,0.0,0.0,0.0,0.34641016151377546,0.4948716593053935,0.0,85.84636496379972,0.18019482854170082,0.18019482854170082,139,0.0,94.34846357790111,False,0.340223919622189,10.967523358428796,0.1,2,4.0,5.0,0.1,7,61.40412964158826,0.0,0.34917721695713205,0.0,7,0.0,-0.2602093740819449,262144.0,2621440.0,1,,180.19482854170082,0.165625,3.4214344799518583,94.34846357790113,10,7
671.9954083779659,2,1.0,0.0,0.0,0.0,0.0,0.0,0.0,0.0,20000000.0,0.0,0.0,0.0,0.0,0.0,0.0,0.2,1.0,0.0,156.71998308971524,0.8287153914676813,0.8287153914676813,139,0.0,671.9954083779659,False,0.1261803086031629,1.162163590476125,0.1,6,4.0,5.0,0.1,2,311.3358191272623,0.0,0.5366994844819676,0.0,2,0.0,-0.47744785003542206,262144.0,2621440.0,2,,828.7153914676812,0.16875,3.443919098377228,671.995408377966,10,2
135.9378652011768,2,1.0,0.0,0.0,0.0,0.0,0.0,0.0,0.0,100000000.0,0.0,0.0,0.0,0.0,0.0,0.0,0.6,3.0,0.0,198.34946421906352,0.3342873294202403,0.3342873294202403,139,0.0,135.9378652011768,False,0.15748086942083062,1.4504524094405857,0.1,8,4.0,5.0,0.1,2,64.39524665014979,0.0,0.5262891133765405,0.0,2,0.0,-0.24588409942053546,262144.0,2621440.0,3,,334.2873294202403,0.1484375,3.511433017253876,135.9378652011768,10,2
93.63805880944331,7,1.0,0.0,0.0,0.0,0.0,0.0,0.0,0.0,100000000.0,0.0,0.0,0.0,0.0,0.0,0.0,0.34641016151377546,0.4948716593053935,0.0,90.70040099322796,0.16718538719853626,0.16718538719853626,140,0.0,93.63805880944331,False,0.34270405533352066,11.047473487673997,0.1,2,4.0,5.0,0.1,7,59.5060047476385,0.0,0.3645104831921465,0.0,7,0.0,-0.25494472126602846,262144.0,2621440.0,1,0.13515625,167.18538719853626,0.1875,3.372413468360901,93.63805880944332,10,7
1170.343132125102,2,1.0,0.0,0.0,0.0,0.0,0.0,0.0,0.0,20000000.0,0.0,0.0,0.0,0.0,0.0,0.0,0.4,2.0,0.0,199.07977804541588,1.3694229101705182,1.3694229101705182,140,0.0,1170.343132125102,False,0.12534953453760356,1.154511878560113,0.1,7,4.0,5.0,0.1,2,404.21133495595126,0.0,0.6546215175185531,0.0,2,0.0,-0.7473862223540608,262144.0,2621440.0,2,0.13515625,1369.4229101705182,0.1640625,3.497723561525345,1170.3431321251023,10,2
76.98802428456227,2,1.0,0.0,0.0,0.0,0.0,0.0,0.0,0.0,100000000.0,0.0,0.0,0.0,0.0,0.0,0.0,0.2,1.0,0.0,136.73891639336944,0.19212830190966676,0.19212830190966676,140,0.0,76.98802428456227,False,0.13117568276397573,1.2081726867825862,0.1,6,4.0,5.0,0.1,2,55.3061481327327,0.0,0.2816266082071318,0.0,2,0.0,-0.16165199233682126,262144.0,2621440.0,3,0.13515625,192.12830190966676,0.14375,3.5519835591316222,76.98802428456227,10,2
169.19088877948013,7,1.0,0.0,0.0,0.0,0.0,0.0,0.0,0.0,100000000.0,0.0,0.0,0.0,0.0,0.0,0.0,0.34641016151377546,0.4948716593053935,0.0,84.45262489840388,0.24203764975281444,0.24203764975281444,141,0.0,169.19088877948013,False,0.33856522531051514,10.914053371286276,0.1,2,4.0,5.0,0.1,7,67.16105907702571,0.0,0.6030456512078376,0.0,7,0.0,-0.2903014375316648,262144.0,2621440.0,1,,242.03764975281445,0.1421875,3.5768668591976165,169.19088877948013,10,7
556.901721729764,2,1.0,0.0,0.0,0.0,0.0,0.0,0.0,0.0,20000000.0,0.0,0.0,0.0,0.0,0.0,0.0,0.2,1.0,0.0,148.98368576541543,0.674275850857475,0.674275850857475,141,0.0,556.901721729764,False,0.13312653752918635,1.2261407231864676,0.1,6,4.0,5.0,0.1,2,310.0037726074381,0.0,0.4433420466998176,0.0,2,0.0,-0.40370119419333067,262144.0,2621440.0,2,,674.275850857475,0.128125,3.561174416542053,556.901721729764,10,2
108.10516355937433,2,1.0,0.0,0.0,0.0,0.0,0.0,0.0,0.0,100000000.0,0.0,0.0,0.0,0.0,0.0,0.0,0.0,0.0,0.0,136.26795774325728,0.22220864473288965,0.22220864473288965,141,0.0,108.10516355937433,False,0.11890414206466003,1.0951476200533299,0.1,5,4.0,5.0,0.1,2,65.45482762155937,0.0,0.39452635316896967,0.0,2,0.0,-0.17055639339877485,262144.0,2621440.0,3,,222.20864473288964,0.153125,3.5478226840496063,108.10516355937433,10,2
79.19269525887772,7,1.0,0.0,0.0,0.0,0.0,0.0,0.0,0.0,100000000.0,0.0,0.0,0.0,0.0,0.0,0.0,0.34641016151377546,0.4948716593053935,0.0,83.70879618450999,0.15042024576546953,0.15042024576546953,142,0.0,79.19269525887772,False,0.3475036267437021,11.202193389819817,0.1,2,4.0,5.0,0.1,7,55.41929254179511,0.0,0.30019691386141506,0.0,7,0.0,-0.24896193625458582,262144.0,2621440.0,1,,150.42024576546953,0.1515625,3.383459860086441,79.19269525887773,10,7
389.58688845911377,2,1.0,0.0,0.0,0.0,0.0,0.0,0.0,0.0,20000000.0,0.0,0.0,0.0,0.0,0.0,0.0,0.2,1.0,0.0,172.40084428340197,0.5107434137915945,0.5107434137915945,142,0.0,389.58688845911377,False,0.12077834347272438,1.1124096529472396,0.1,6,4.0,5.0,0.1,2,301.1145652698113,0.0,0.22709266099592426,0.0,2,0.0,-0.31576087863215946,262144.0,2621440.0,2,,510.7434137915945,0.1984375,3.445580077171326,389.5868884591138,10,2
56.2141901164195,2,1.0,0.0,0.0,0.0,0.0,0.0,0.0,0.0,100000000.0,0.0,0.0,0.0,0.0,0.0,0.0,0.4,2.0,0.0,167.24556172266603,0.21852102114060587,0.21852102114060587,142,0.0,56.2141901164195,False,0.1437938299256877,1.3243901170056385,0.1,7,4.0,5.0,0.1,2,50.40201051012339,0.0,0.10339345980541739,0.0,2,0.0,-0.1811574255331468,262144.0,2621440.0,3,,218.52102114060588,0.1296875,3.493491733074188,56.214190116419495,10,2
78.42268679528739,7,1.0,0.0,0.0,0.0,0.0,0.0,0.0,0.0,100000000.0,0.0,0.0,0.0,0.0,0.0,0.0,0.5099019513592785,0.7284313590846836,0.0,94.93294591084123,0.1493463462801209,0.1493463462801209,143,0.0,78.42268679528739,False,0.34697093815201363,11.185021538473798,0.1,3,4.0,5.0,0.1,7,57.67341398916918,0.0,0.26458252903629276,0.0,7,0.0,-0.24815864221606726,262144.0,2621440.0,1,,149.34634628012088,0.2,3.386082911491394,78.42268679528739,10,7
538.0100572916743,2,1.0,0.0,0.0,0.0,0.0,0.0,0.0,0.0,20000000.0,0.0,0.0,0.0,0.0,0.0,0.0,0.2,1.0,0.0,147.84260094165802,0.6858526582333324,0.6858526582333324,143,0.0,538.0100572916743,False,0.13163427130836375,1.2123964433670888,0.1,6,4.0,5.0,0.1,2,327.0075929554767,0.0,0.392190557549012,0.0,2,0.0,-0.4087434647708481,262144.0,2621440.0,2,,685.8526582333324,0.1875,3.3018722891807557,538.0100572916743,10,2
118.68280456601111,2,1.0,0.0,0.0,0.0,0.0,0.0,0.0,0.0,100000000.0,0.0,0.0,0.0,0.0,0.0,0.0,0.2,1.0,0.0,151.1749792844057,0.24421063768877116,0.24421063768877116,143,0.0,118.68280456601111,False,0.12899799450545302,1.1881154366975357,0.1,6,4.0,5.0,0.1,2,63.28740585156326,0.0,0.46675168249531096,0.0,2,0.0,-0.1866043160971121,262144.0,2621440.0,3,,244.21063768877116,0.159375,3.4348112463951113,118.68280456601111,10,2
92.07347775517333,7,1.0,0.0,0.0,0.0,0.0,0.0,0.0,0.0,100000000.0,0.0,0.0,0.0,0.0,0.0,0.0,0.34641016151377546,0.4948716593053935,0.0,89.01076158508658,0.16653979471592534,0.16653979471592534,144,0.0,92.07347775517333,False,0.34081696810136586,10.986640982654851,0.1,2,4.0,5.0,0.1,7,63.12566669866518,0.0,0.31439901872156295,0.0,7,0.0,-0.2536783814086456,262144.0,2621440.0,1,,166.53979471592532,0.1875,3.33183354139328,92.07347775517333,10,7
414.2858505478274,2,1.0,0.0,0.0,0.0,0.0,0.0,0.0,0.0,20000000.0,0.0,0.0,0.0,0.0,0.0,0.0,0.2,1.0,0.0,132.10699800401926,0.5463928485518467,0.5463928485518467,144,0.0,414.2858505478274,False,0.1261803086031629,1.162163590476125,0.1,6,4.0,5.0,0.1,2,294.0128466008879,0.0,0.2903140519713563,0.0,2,0.0,-0.33628657857750477,262144.0,2621440.0,2,,546.3928485518467,0.171875,3.4292110800743103,414.2858505478274,10,2
81.31788283995357,2,1.0,0.0,0.0,0.0,0.0,0.0,0.0,0.0,100000000.0,0.0,0.0,0.0,0.0,0.0,0.0,0.2,1.0,0.0,165.4810057953,0.21522400111267376,0.21522400111267376,144,0.0,81.31788283995357,False,0.13573280724877299,1.2501453544050354,0.1,6,4.0,5.0,0.1,2,56.32539729922212,0.0,0.3073430427341623,0.0,2,0.0,-0.17547840418072336,262144.0,2621440.0,3,,215.22400111267376,0.1390625,3.460584318637848,81.31788283995357,10,2
90.31169090372109,7,1.0,0.0,0.0,0.0,0.0,0.0,0.0,0.0,100000000.0,0.0,0.0,0.0,0.0,0.0,0.0,0.5099019513592784,0.7284313590846835,0.0,97.67061658203602,0.1619373107806314,0.1619373107806314,145,0.0,90.31169090372109,False,0.34976319067493433,11.27503312496593,0.1,3,4.0,5.0,0.1,7,60.40701847040133,0.0,0.3311273671666754,0.0,7,0.0,-0.2558502507277829,262144.0,2621440.0,1,,161.9373107806314,0.1640625,3.3840551674365997,90.31169090372107,10,7
466.92045669478716,2,1.0,0.0,0.0,0.0,0.0,0.0,0.0,0.0,20000000.0,0.0,0.0,0.0,0.0,0.0,0.0,0.4,2.0,0.0,178.45236463472247,0.6453728213295097,0.6453728213295097,145,0.0,466.92045669478716,False,0.13442614824090449,1.238110580192458,0.1,7,4.0,5.0,0.1,2,311.69895791059525,0.0,0.3324367064209736,0.0,2,0.0,-0.3898994847852071,262144.0,2621440.0,2,,645.3728213295096,0.1828125,3.312836968898773,466.9204566947872,10,2
85.9172903875211,2,1.0,0.0,0.0,0.0,0.0,0.0,0.0,0.0,100000000.0,0.0,0.0,0.0,0.0,0.0,0.0,0.4,2.0,0.0,185.89129531756043,0.27180858570508154,0.27180858570508154,145,0.0,85.9172903875211,False,0.13470366588132976,1.2406666121200023,0.1,7,4.0,5.0,0.1,2,62.465956301666075,0.0,0.2729524404235771,0.0,2,0.0,-0.20325612579320565,262144.0,2621440.0,3,,271.80858570508155,0.1421875,3.3953546583652496,85.91729038752112,10,2
77.22223002485082,7,1.0,0.0,0.0,0.0,0.0,0.0,0.0,0.0,100000000.0,0.0,0.0,0.0,0.0,0.0,0.0,0.34641016151377546,0.4948716593053935,0.0,91.003542765975,0.14624292487475543,0.14624292487475543,146,0.0,77.22223002485082,False,0.3417091008475927,11.015399944528925,0.1,2,4.0,5.0,0.1,7,59.25062310208433,0.0,0.2327258215281151,0.0,7,0.0,-0.24397601286117407,262144.0,2621440.0,1,,146.24292487475543,0.1828125,3.337850350141525,77.22223002485082,10,7
361.794802038486,2,1.0,0.0,0.0,0.0,0.0,0.0,0.0,0.0,20000000.0,0.0,0.0,0.0,0.0,0.0,0.0,0.2,1.0,0.0,175.24826433509588,0.5370430663735819,0.5370430663735819,146,0.0,361.794802038486,False,0.12979550661024045,1.1954607946333993,0.1,6,4.0,5.0,0.1,2,288.5083299198788,0.0,0.20256364023386758,0.0,2,0.0,-0.33341928649191116,262144.0,2621440.0,2,,537.043066373582,0.190625,3.4387136340141295,361.794802038486,10,2
139.26030160587632,2,1.0,0.0,0.0,0.0,0.0,0.0,0.0,0.0,100000000.0,0.0,0.0,0.0,0.0,0.0,0.0,0.4,2.0,0.0,138.31086782738566,0.22209106595915162,0.22209106595915162,146,0.0,139.26030160587632,False,0.15023856012617176,1.3837482757576511,0.1,7,4.0,5.0,0.1,2,69.26314262841264,0.0,0.5026354113145913,0.0,2,0.0,-0.1861648130426617,262144.0,2621440.0,3,,222.09106595915162,0.1625,3.4409486830234526,139.26030160587632,10,2
163.49485901396616,7,1.0,0.0,0.0,0.0,0.0,0.0,0.0,0.0,100000000.0,0.0,0.0,0.0,0.0,0.0,0.0,0.34641016151377546,0.4948716593053935,0.0,88.43173133209348,0.23316463654141767,0.23316463654141767,147,0.0,163.49485901396616,False,0.3352402739660596,10.806869603676843,0.1,2,4.0,5.0,0.1,7,69.79900000529625,0.0,0.5730813774435939,0.0,7,0.0,-0.28420245525373866,262144.0,2621440.0,1,,233.16463654141768,0.1703125,3.4095358908176423,163.49485901396616,10,7
325.9903812910215,2,1.0,0.0,0.0,0.0,0.0,0.0,0.0,0.0,20000000.0,0.0,0.0,0.0,0.0,0.0,0.0,0.2,1.0,0.0,143.28895276412368,0.46927933405514516,0.46927933405514516,147,0.0,325.9903812910215,False,0.12491874386987367,1.1505441498812499,0.1,6,4.0,5.0,0.1,2,274.7311838788099,0.0,0.15724144132477025,0.0,2,0.0,-0.29709903896250944,262144.0,2621440.0,2,,469.27933405514517,0.1671875,3.4327266812324524,325.9903812910215,10,2
76.87781977117015,2,1.0,0.0,0.0,0.0,0.0,0.0,0.0,0.0,100000000.0,0.0,0.0,0.0,0.0,0.0,0.0,0.2,1.0,0.0,149.67035548761487,0.226548175258785,0.226548175258785,147,0.0,76.87781977117015,False,0.1235498059728647,1.1379357659017,0.1,6,4.0,5.0,0.1,2,59.79407865748692,0.0,0.22221937568642894,0.0,2,0.0,-0.17504899061582485,262144.0,2621440.0,3,,226.54817525878502,0.1421875,3.5843499064445496,76.87781977117015,10,2
78.47709324380763,7,1.0,0.0,0.0,0.0,0.0,0.0,0.0,0.0,100000000.0,0.0,0.0,0.0,0.0,0.0,0.0,0.34641016151377546,0.4948716593053935,0.0,91.00355673581362,0.1467353596741558,0.1467353596741558,148,0.0,78.47709324380763,False,0.3470658991637758,11.188082719815187,0.1,2,4.0,5.0,0.1,7,56.328396946727864,0.0,0.28223135416432416,0.0,7,0.0,-0.2469006294189658,262144.0,2621440.0,1,,146.7353596741558,0.16875,3.3490086793899536,78.47709324380763,10,7
575.4823955431659,2,1.0,0.0,0.0,0.0,0.0,0.0,0.0,0.0,20000000.0,0.0,0.0,0.0,0.0,0.0,0.0,0.2,1.0,0.0,132.33750453218818,0.7078199000753541,0.7078199000753541,148,0.0,575.4823955431659,False,0.12894870964728,1.1876615063785778,0.1,6,4.0,5.0,0.1,2,328.3009700803345,0.0,0.4295203943285365,0.0,2,0.0,-0.41838430486131706,262144.0,2621440.0,2,,707.8199000753541,0.1515625,3.54955335855484,575.4823955431659,10,2
78.35597346697233,2,1.0,0.0,0.0,0.0,0.0,0.0,0.0,0.0,100000000.0,0.0,0.0,0.0,0.0,0.0,0.0,0.2,1.0,0.0,166.6686898097396,0.2450246632767119,0.2450246632767119,148,0.0,78.35597346697233,False,0.13237260742385795,1.2191967702997133,0.1,6,4.0,5.0,0.1,2,63.2211087431441,0.0,0.193155212731901,0.0,2,0.0,-0.18869863535028492,262144.0,2621440.0,3,,245.02466327671192,0.1703125,3.449895739555359,78.35597346697233,10,2
97.62845486026605,7,1.0,0.0,0.0,0.0,0.0,0.0,0.0,0.0,100000000.0,0.0,0.0,0.0,0.0,0.0,0.0,0.34641016151377546,0.4948716593053935,0.0,85.64766542986035,0.16384924221407968,0.16384924221407968,149,0.0,97.62845486026605,False,0.3415970060749093,11.011786435992757,0.1,2,4.0,5.0,0.1,7,60.89540331849738,0.0,0.37625353790904564,0.0,7,0.0,-0.2527231241444945,262144.0,2621440.0,1,,163.84924221407968,0.171875,3.373312681913376,97.62845486026603,10,7
459.1842489832526,2,1.0,0.0,0.0,0.0,0.0,0.0,0.0,0.0,20000000.0,0.0,0.0,0.0,0.0,0.0,0.0,0.4,2.0,0.0,193.0331508629024,0.6522173998461549,0.6522173998461549,149,0.0,459.1842489832526,False,0.1297716321394489,1.195240902631208,0.1,7,4.0,5.0,0.1,2,286.2575752478603,0.0,0.376595395243401,0.0,2,0.0,-0.3909945159928019,262144.0,2621440.0,2,,652.2173998461549,0.171875,3.3975748002529143,459.18424898325253,10,2
95.76947730023495,2,1.0,0.0,0.0,0.0,0.0,0.0,0.0,0.0,100000000.0,0.0,0.0,0.0,0.0,0.0,0.0,0.2,1.0,0.0,150.9004896506667,0.20735474737654902,0.20735474737654902,149,0.0,95.76947730023495,False,0.1366088324811765,1.2582138449699114,0.1,6,4.0,5.0,0.1,2,61.06836647828018,0.0,0.36233998347059615,0.0,2,0.0,-0.17198178992886276,262144.0,2621440.0,3,,207.35474737654903,0.1796875,3.3037333607673647,95.76947730023497,10,2
110.73433611686252,7,1.0,0.0,0.0,0.0,0.0,0.0,0.0,0.0,100000000.0,0.0,0.0,0.0,0.0,0.0,0.0,0.5099019513592784,0.7284313590846835,0.0,89.15482554584742,0.1775915930434587,0.1775915930434587,150,0.0,110.73433611686252,False,0.3558624450386157,11.471649855432611,0.1,3,4.0,5.0,0.1,7,68.27662922146908,0.0,0.38341952807290114,0.0,7,0.0,-0.2667270190410372,262144.0,2621440.0,1,0.13984375,177.5915930434587,0.178125,3.424399125576019,110.73433611686254,10,7
499.59424171629064,2,1.0,0.0,0.0,0.0,0.0,0.0,0.0,0.0,20000000.0,0.0,0.0,0.0,0.0,0.0,0.0,0.6,3.0,0.0,221.90252784639597,0.7214967695626867,0.7214967695626867,150,0.0,499.59424171629064,False,0.1712361314913311,1.5771430550156291,0.1,8,4.0,5.0,0.1,2,338.45607813760023,0.0,0.32253807214655095,0.0,2,0.0,-0.4463664505270089,262144.0,2621440.0,2,0.13984375,721.4967695626867,0.175,3.3787325382232667,499.59424171629075,10,2
73.6483042677275,2,1.0,0.0,0.0,0.0,0.0,0.0,0.0,0.0,100000000.0,0.0,0.0,0.0,0.0,0.0,0.0,0.6,3.0,0.0,178.47583396360278,0.2521241382313303,0.2521241382313303,150,0.0,73.6483042677275,False,0.18053647745634696,1.6628024069305605,0.1,8,4.0,5.0,0.1,2,55.820902166382865,0.0,0.24206127050173715,0.0,2,0.0,-0.2163303078438386,262144.0,2621440.0,3,0.13984375,252.12413823133028,0.15,3.502239191532135,73.6483042677275,10,2
