actual_bandwidth_tx_delay_ms,available_migs,bandwidth_allocation_sum,bandwidth_alpha_max,bandwidth_alpha_mean,bandwidth_alpha_min,bandwidth_context_score_std,bandwidth_cv,bandwidth_floor_hit_rate,bandwidth_gini,bandwidth_hz,bandwidth_latent_mean,bandwidth_physical_score_std,bandwidth_unused,bandwidth_violation,channel_bandwidth_spearman,channel_permutation_delta_spearman,cluster_load_cv,cluster_size_std,cluster_size_violation,compute_delay_ms,delay,delay_normalized,epoch,equal_bandwidth_improvement,equal_bandwidth_tx_delay_ms,is_warmup,kl_normalized,kl_sum,max_bandwidth_share,max_cluster_size,mean_l1,mean_l2,min_bandwidth_share,nonempty_cluster_count,oracle_bandwidth_tx_delay_ms,oracle_gap_closure,oracle_opportunity,penalty,physical_cluster_count,required_airtime_bandwidth_spearman,reward,smashed_data_bytes_per_client_mean,smashed_data_bytes_total,station_id,test_accuracy,total_delay_ms,train_accuracy,train_loss,tx_delay_ms,vehicle_count,virtual_cluster_count
160.88969832544151,2,1.0,0.0,0.0,0.0,0.0,0.0,0.0,0.0,100000000.0,0.0,0.0,0.0,0.0,0.0,0.0,0.0,0.0,0.0,132.21364375203848,0.28853681836535156,0.28853681836535156,1,0.0,160.88969832544151,True,0.1377038420508053,1.2682992558167636,0.1,5,4.0,5.0,0.1,2,73.7731554679679,0.0,0.5414675008045425,0.0,2,0.0,-0.2131203302080784,262144.0,2621440.0,1,,288.53681836535156,0.028125,4.525474727153778,160.8896983254415,10,2
79.88866270751507,2,1.0,0.0,0.0,0.0,0.0,0.0,0.0,0.0,100000000.0,0.0,0.0,0.0,0.0,0.0,0.0,0.6,3.0,0.0,197.77166889980435,0.25536249289648416,0.25536249289648416,1,0.0,79.88866270751507,True,0.17835947798034718,1.6427515007669888,0.1,8,4.0,5.0,0.1,2,57.776927296463874,0.0,0.27678189447238255,0.0,2,0.0,-0.21686098543841567,262144.0,2621440.0,2,,255.36249289648416,0.0140625,4.703999090194702,79.88866270751508,10,2
76.14598582533208,2,1.0,0.0,0.0,0.0,0.0,0.0,0.0,0.0,100000000.0,0.0,0.0,0.0,0.0,0.0,0.0,0.6,3.0,0.0,202.4773983284831,0.2786233841538152,0.2786233841538152,1,0.0,76.14598582533208,True,0.15581677550238288,1.4351255380407466,0.1,8,4.0,5.0,0.1,2,60.25882996303054,0.0,0.2086407535486425,0.0,2,0.0,-0.21722007982809904,262144.0,2621440.0,3,,278.6233841538152,0.015625,4.62877631187439,76.14598582533209,10,2
72.54034351589955,2,1.0,0.0,0.0,0.0,0.0,0.0,0.0,0.0,100000000.0,0.0,0.0,0.0,0.0,0.0,0.0,0.4,2.0,0.0,185.66202884539962,0.25820237236129917,0.25820237236129917,2,0.0,72.54034351589955,True,0.15285706187875747,1.4078655681635817,0.1,7,4.0,5.0,0.1,2,58.69181799530499,0.0,0.1909079120580566,0.0,2,0.0,-0.20552971712002832,262144.0,2621440.0,1,,258.2023723612992,0.0296875,4.425073099136353,72.54034351589955,10,2
95.38464133900828,2,1.0,0.0,0.0,0.0,0.0,0.0,0.0,0.0,100000000.0,0.0,0.0,0.0,0.0,0.0,0.0,0.2,1.0,0.0,131.7150522954762,0.22709969363448448,0.22709969363448448,2,0.0,95.38464133900828,True,0.12307077235851555,1.1335237032639263,0.1,6,4.0,5.0,0.1,2,62.9352547590407,0.0,0.34019508931882053,0.0,2,0.0,-0.17508523299650003,262144.0,2621440.0,2,,227.09969363448448,0.034375,4.5442968845367435,95.38464133900828,10,2
72.85113522992016,2,1.0,0.0,0.0,0.0,0.0,0.0,0.0,0.0,100000000.0,0.0,0.0,0.0,0.0,0.0,0.0,0.0,0.0,0.0,144.61475564166903,0.21746589087158918,0.21746589087158918,2,0.0,72.85113522992016,True,0.12407802511586331,1.1428008439997108,0.1,5,4.0,5.0,0.1,2,61.188209169341974,0.0,0.16009257815639633,0.0,2,0.0,-0.17077195799372624,262144.0,2621440.0,3,,217.46589087158918,0.0359375,4.427100658416748,72.85113522992016,10,2
88.73518640480452,2,1.0,0.0,0.0,0.0,0.0,0.0,0.0,0.0,100000000.0,0.0,0.0,0.0,0.0,0.0,0.0,0.0,0.0,0.0,118.0637739598751,0.20679896036467962,0.20679896036467962,3,0.0,88.73518640480452,True,0.13800072047137435,1.2710336071192994,0.1,5,4.0,5.0,0.1,2,57.924709069132334,0.0,0.34721826350954693,0.0,2,0.0,-0.17239984041802697,262144.0,2621440.0,1,,206.79896036467963,0.0515625,4.373186230659485,88.73518640480452,10,2
98.97845166093153,2,1.0,0.0,0.0,0.0,0.0,0.0,0.0,0.0,100000000.0,0.0,0.0,0.0,0.0,0.0,0.0,0.4,2.0,0.0,198.875043541193,0.2771894188224888,0.2771894188224888,3,0.0,98.97845166093153,True,0.15415396010731586,1.4198104422764173,0.1,7,4.0,5.0,0.1,2,61.95250060942594,0.0,0.3740809280220369,0.0,2,0.0,-0.21567168946490234,262144.0,2621440.0,2,,277.18941882248885,0.0234375,4.451783788204193,98.97845166093153,10,2
88.11180036478939,2,1.0,0.0,0.0,0.0,0.0,0.0,0.0,0.0,100000000.0,0.0,0.0,0.0,0.0,0.0,0.0,0.2,1.0,0.0,126.80712947621942,0.17949553228762305,0.17949553228762305,3,0.0,88.11180036478939,True,0.13793680062388836,1.2704448835674285,0.1,6,4.0,5.0,0.1,2,57.94691422018188,0.0,0.3423478582859803,0.0,2,0.0,-0.1587161664557557,262144.0,2621440.0,3,,179.49553228762306,0.021875,4.498102164268493,88.1118003647894,10,2
144.98249662007984,2,1.0,0.0,0.0,0.0,0.0,0.0,0.0,0.0,100000000.0,0.0,0.0,0.0,0.0,0.0,0.0,0.2,1.0,0.0,174.48907950893044,0.2695413496055812,0.2695413496055812,4,0.0,144.98249662007984,True,0.1503370626392607,1.3846555174306951,0.1,6,4.0,5.0,0.1,2,65.59834349432839,0.0,0.5475430136492551,0.0,2,0.0,-0.20993920612242095,262144.0,2621440.0,1,,269.54134960558116,0.0203125,4.437864899635315,144.98249662007987,10,2
137.9892493022927,2,1.0,0.0,0.0,0.0,0.0,0.0,0.0,0.0,100000000.0,0.0,0.0,0.0,0.0,0.0,0.0,0.4,2.0,0.0,161.3117945380509,0.2993010438403436,0.2993010438403436,4,0.0,137.9892493022927,True,0.15138802346118688,1.3943352243182472,0.1,7,4.0,5.0,0.1,2,68.2298729486781,0.0,0.5055421107538088,0.0,2,0.0,-0.22534453365076523,262144.0,2621440.0,2,,299.3010438403436,0.021875,4.444874799251556,137.9892493022927,10,2
68.58551501536385,2,1.0,0.0,0.0,0.0,0.0,0.0,0.0,0.0,100000000.0,0.0,0.0,0.0,0.0,0.0,0.0,0.4,2.0,0.0,195.21981058642268,0.26380532560178654,0.26380532560178654,4,0.0,68.58551501536385,True,0.1432274593535485,1.3191736512595655,0.1,7,4.0,5.0,0.1,2,55.72199075766298,0.0,0.18755453326871294,0.0,2,0.0,-0.2035163924776675,262144.0,2621440.0,3,,263.80532560178654,0.0375,4.436562025547028,68.58551501536387,10,2
86.73920615572095,2,1.0,0.0,0.0,0.0,0.0,0.0,0.0,0.0,100000000.0,0.0,0.0,0.0,0.0,0.0,0.0,0.2,1.0,0.0,131.43197167664766,0.2181711778323686,0.2181711778323686,5,0.0,86.73920615572095,True,0.14362471983650463,1.3228325555239273,0.1,6,4.0,5.0,0.1,2,69.07941250884198,0.0,0.20359644075108008,0.0,2,0.0,-0.1808979488344366,262144.0,2621440.0,1,,218.1711778323686,0.03125,4.336416625976563,86.73920615572096,10,2
110.13727995548882,2,1.0,0.0,0.0,0.0,0.0,0.0,0.0,0.0,100000000.0,0.0,0.0,0.0,0.0,0.0,0.0,0.6,3.0,0.0,213.16325711086392,0.32330053706635276,0.32330053706635276,5,0.0,110.13727995548882,True,0.18137790765063855,1.6705522654192442,0.1,8,4.0,5.0,0.1,2,68.17327946304263,0.0,0.3810154064945641,0.0,2,0.0,-0.25233922235849565,262144.0,2621440.0,2,,323.3005370663528,0.028125,4.430715036392212,110.13727995548882,10,2
75.83657645730786,2,1.0,0.0,0.0,0.0,0.0,0.0,0.0,0.0,100000000.0,0.0,0.0,0.0,0.0,0.0,0.0,0.8,4.0,0.0,185.60317577794194,0.2614397522352498,0.2614397522352498,5,0.0,75.83657645730786,True,0.1980763554689007,1.8243506535091216,0.1,9,4.0,5.0,0.1,2,55.790678295385895,0.0,0.26433020975316296,0.0,2,0.0,-0.22975805385207526,262144.0,2621440.0,3,,261.4397522352498,0.0140625,4.424295592308044,75.83657645730786,10,2
103.80768625746104,2,1.0,0.0,0.0,0.0,0.0,0.0,0.0,0.0,100000000.0,0.0,0.0,0.0,0.0,0.0,0.0,0.0,0.0,0.0,128.64663591608405,0.22944306106055712,0.22944306106055712,6,0.0,103.80768625746104,False,0.1355715974947728,1.2486605576994112,0.1,5,4.0,5.0,0.1,2,68.95997232870876,0.0,0.33569492958665814,0.0,2,0.0,-0.18250732927766494,262144.0,2621440.0,1,,229.4430610605571,0.03125,4.501426875591278,103.80768625746106,10,2
69.92208739593977,2,1.0,0.0,0.0,0.0,0.0,0.0,0.0,0.0,100000000.0,0.0,0.0,0.0,0.0,0.0,0.0,0.2,1.0,0.0,154.53222580254078,0.21012082595080953,0.21012082595080953,6,0.0,69.92208739593977,False,0.12965622344200597,1.1941779492458724,0.1,6,4.0,5.0,0.1,2,54.76576578736836,0.0,0.21676014222440834,0.0,2,0.0,-0.16988852469640775,262144.0,2621440.0,2,,210.12082595080952,0.0234375,4.441527247428894,69.92208739593977,10,2
77.33088840407326,2,1.0,0.0,0.0,0.0,0.0,0.0,0.0,0.0,100000000.0,0.0,0.0,0.0,0.0,0.0,0.0,0.2,1.0,0.0,150.8902576752007,0.22822114607927396,0.22822114607927396,6,0.0,77.33088840407326,False,0.13759886835412635,1.267332412340246,0.1,6,4.0,5.0,0.1,2,58.027013751056046,0.0,0.24962696086135253,0.0,2,0.0,-0.18291000721670014,262144.0,2621440.0,3,,228.22114607927395,0.0453125,4.364155101776123,77.33088840407326,10,2
102.6231986969461,2,1.0,0.0,0.0,0.0,0.0,0.0,0.0,0.0,100000000.0,0.0,0.0,0.0,0.0,0.0,0.0,0.6,3.0,0.0,200.6113613024354,0.30323455999938154,0.30323455999938154,7,0.0,102.6231986969461,False,0.1940640505765104,1.7873959597740618,0.1,8,4.0,5.0,0.1,2,66.88282967524148,0.0,0.34826793040478676,0.0,2,0.0,-0.248649305287946,262144.0,2621440.0,1,,303.23455999938153,0.0203125,4.39567654132843,102.6231986969461,10,2
105.90844373981965,2,1.0,0.0,0.0,0.0,0.0,0.0,0.0,0.0,100000000.0,0.0,0.0,0.0,0.0,0.0,0.0,0.0,0.0,0.0,133.51072557270527,0.2394191693125249,0.2394191693125249,7,0.0,105.90844373981965,False,0.11965682168887612,1.1020800555834112,0.1,5,4.0,5.0,0.1,2,59.76312372361142,0.0,0.43570954672482287,0.0,2,0.0,-0.17953799550070051,262144.0,2621440.0,2,,239.4191693125249,0.0375,4.433075487613678,105.90844373981965,10,2
119.14096995758956,2,1.0,0.0,0.0,0.0,0.0,0.0,0.0,0.0,100000000.0,0.0,0.0,0.0,0.0,0.0,0.0,0.0,0.0,0.0,134.0710730291903,0.2521769864441747,0.2521769864441747,7,0.0,119.14096995758956,False,0.12943135247070348,1.1921068110603996,0.1,5,4.0,5.0,0.1,2,67.4864004557929,0.0,0.433558410009454,0.0,2,0.0,-0.19080416945743908,262144.0,2621440.0,3,,252.1769864441747,0.04375,4.372108995914459,119.14096995758956,10,2
80.57831572122706,2,1.0,0.0,0.0,0.0,0.0,0.0,0.0,0.0,100000000.0,0.0,0.0,0.0,0.0,0.0,0.0,0.0,0.0,0.0,117.07191541790962,0.19765023113913668,0.19765023113913668,8,0.0,80.57831572122706,False,0.13457427988674714,1.2394749230705298,0.1,5,4.0,5.0,0.1,2,58.41968189303447,0.0,0.27499499871471317,0.0,2,0.0,-0.1661122555129419,262144.0,2621440.0,1,,197.65023113913668,0.01875,4.375722289085388,80.57831572122706,10,2
67.950778739683,2,1.0,0.0,0.0,0.0,0.0,0.0,0.0,0.0,100000000.0,0.0,0.0,0.0,0.0,0.0,0.0,0.6,3.0,0.0,222.2103732638061,0.29016115200348913,0.29016115200348913,8,0.0,67.950778739683,False,0.18743457713050143,1.7263362528493413,0.1,8,4.0,5.0,0.1,2,57.9253050653499,0.0,0.14754023221338386,0.0,2,0.0,-0.23879786456699528,262144.0,2621440.0,2,,290.1611520034891,0.034375,4.356672549247742,67.95077873968302,10,2
113.34663275652365,2,1.0,0.0,0.0,0.0,0.0,0.0,0.0,0.0,100000000.0,0.0,0.0,0.0,0.0,0.0,0.0,0.6,3.0,0.0,184.06091257929802,0.2974075453358217,0.2974075453358217,8,0.0,113.34663275652365,False,0.1665390594850344,1.5338814230859554,0.1,8,4.0,5.0,0.1,2,73.63075092368123,0.0,0.35039313358478724,0.0,2,0.0,-0.23197330241042804,262144.0,2621440.0,3,,297.4075453358217,0.03125,4.346316456794739,113.34663275652366,10,2
125.33106041660086,2,1.0,0.0,0.0,0.0,0.0,0.0,0.0,0.0,100000000.0,0.0,0.0,0.0,0.0,0.0,0.0,0.2,1.0,0.0,169.1650114953518,0.250483235265664,0.250483235265664,9,0.0,125.33106041660086,False,0.1441131490038895,1.3273311544031428,0.1,6,4.0,5.0,0.1,2,63.32988001738342,0.0,0.49469924050052166,0.0,2,0.0,-0.19729819213477676,262144.0,2621440.0,1,,250.483235265664,0.0515625,4.304929041862488,125.33106041660086,10,2
95.52330873470008,2,1.0,0.0,0.0,0.0,0.0,0.0,0.0,0.0,100000000.0,0.0,0.0,0.0,0.0,0.0,0.0,0.0,0.0,0.0,116.30347557365894,0.1934289496907145,0.1934289496907145,9,0.0,95.52330873470008,False,0.11965682168887612,1.1020800555834112,0.1,5,4.0,5.0,0.1,2,65.49799905960712,0.0,0.31432443110281283,0.0,2,0.0,-0.1565428856897953,262144.0,2621440.0,2,,193.4289496907145,0.0390625,4.355433404445648,95.5233087347001,10,2
84.72557155150373,2,1.0,0.0,0.0,0.0,0.0,0.0,0.0,0.0,100000000.0,0.0,0.0,0.0,0.0,0.0,0.0,0.2,1.0,0.0,172.7597313001752,0.23431358102226563,0.23431358102226563,9,0.0,84.72557155150373,False,0.145647694782887,1.341464843344089,0.1,6,4.0,5.0,0.1,2,60.85194470564022,0.0,0.28177593150081026,0.0,2,0.0,-0.1899806379025763,262144.0,2621440.0,3,,234.31358102226562,0.0515625,4.273569369316101,84.72557155150373,10,2
70.4787209177987,2,1.0,0.0,0.0,0.0,0.0,0.0,0.0,0.0,100000000.0,0.0,0.0,0.0,0.0,0.0,0.0,0.6,3.0,0.0,159.98729784041643,0.23046601875821512,0.23046601875821512,10,0.0,70.4787209177987,False,0.19412263742224126,1.7879355645645634,0.1,8,4.0,5.0,0.1,2,57.05057767237797,0.0,0.19052762409071444,0.0,2,0.0,-0.2122943280902282,262144.0,2621440.0,1,0.00859375,230.4660187582151,0.046875,4.422903037071228,70.4787209177987,10,2
65.01740085288934,2,1.0,0.0,0.0,0.0,0.0,0.0,0.0,0.0,100000000.0,0.0,0.0,0.0,0.0,0.0,0.0,0.6,3.0,0.0,211.11795864999294,0.27613535950288226,0.27613535950288226,10,0.0,65.01740085288934,False,0.15870878594587412,1.4617619385846108,0.1,8,4.0,5.0,0.1,2,52.77743336349807,0.0,0.18825679477846005,0.0,2,0.0,-0.2174220727243782,262144.0,2621440.0,2,0.00859375,276.13535950288224,0.0421875,4.393521738052368,65.01740085288934,10,2
121.57261005750975,2,1.0,0.0,0.0,0.0,0.0,0.0,0.0,0.0,100000000.0,0.0,0.0,0.0,0.0,0.0,0.0,0.2,1.0,0.0,125.36782259121537,0.22108615103325926,0.22108615103325926,10,0.0,121.57261005750975,False,0.13469042228429917,1.2405446340836013,0.1,6,4.0,5.0,0.1,2,64.80707635218428,0.0,0.4669269967838365,0.0,2,0.0,-0.1778882866587792,262144.0,2621440.0,3,0.00859375,221.08615103325926,0.0453125,4.277269411087036,121.57261005750978,10,2
125.77672781094022,2,1.0,0.0,0.0,0.0,0.0,0.0,0.0,0.0,100000000.0,0.0,0.0,0.0,0.0,0.0,0.0,0.4,2.0,0.0,160.76276451349258,0.28653949232443277,0.28653949232443277,11,0.0,125.77672781094022,False,0.14919501476446875,1.3741368677827694,0.1,7,4.0,5.0,0.1,2,73.26349096462266,0.0,0.4175115520993056,0.0,2,0.0,-0.21786725354445075,262144.0,2621440.0,1,,286.5394923244328,0.021875,4.504294693470001,125.77672781094022,10,2
108.69884791017299,2,1.0,0.0,0.0,0.0,0.0,0.0,0.0,0.0,100000000.0,0.0,0.0,0.0,0.0,0.0,0.0,0.0,0.0,0.0,147.81987201422453,0.2304830394887996,0.2304830394887996,11,0.0,108.69884791017299,False,0.12066536028464922,1.1113690393287563,0.1,5,4.0,5.0,0.1,2,65.63508266069171,0.0,0.3961749924439723,0.0,2,0.0,-0.1755741998867244,262144.0,2621440.0,2,,230.48303948879962,0.021875,4.584277093410492,108.69884791017299,10,2
62.51042404984331,2,1.0,0.0,0.0,0.0,0.0,0.0,0.0,0.0,100000000.0,0.0,0.0,0.0,0.0,0.0,0.0,0.8,4.0,0.0,197.99965852871537,0.2605100825785587,0.2605100825785587,11,0.0,62.51042404984331,False,0.21457246038701022,1.9762853946167407,0.1,9,4.0,5.0,0.1,2,54.91331347312124,0.0,0.12153349928748575,0.0,2,0.0,-0.23754127148278445,262144.0,2621440.0,3,,260.5100825785587,0.021875,4.565057384967804,62.51042404984331,10,2
111.14811744948997,2,1.0,0.0,0.0,0.0,0.0,0.0,0.0,0.0,100000000.0,0.0,0.0,0.0,0.0,0.0,0.0,0.0,0.0,0.0,128.3946051262319,0.23557549702411665,0.23557549702411665,12,0.0,111.14811744948997,False,0.12584605766839435,1.1590850255972556,0.1,5,4.0,5.0,0.1,2,65.16443718150562,0.0,0.4137153316058738,0.0,2,0.0,-0.1807107773462555,262144.0,2621440.0,1,,235.57549702411666,0.0296875,4.448013544082642,111.14811744948996,10,2
85.23686068684108,2,1.0,0.0,0.0,0.0,0.0,0.0,0.0,0.0,100000000.0,0.0,0.0,0.0,0.0,0.0,0.0,0.4,2.0,0.0,190.09436341002584,0.27533122409686694,0.27533122409686694,12,0.0,85.23686068684108,False,0.14699541233286303,1.3538777807046543,0.1,7,4.0,5.0,0.1,2,65.92931959226152,0.0,0.22651633271097552,0.0,2,0.0,-0.211163318214865,262144.0,2621440.0,2,,275.33122409686695,0.0265625,4.425003933906555,85.2368606868411,10,2
58.81843312362323,2,1.0,0.0,0.0,0.0,0.0,0.0,0.0,0.0,100000000.0,0.0,0.0,0.0,0.0,0.0,0.0,0.6,3.0,0.0,201.90922869369388,0.2607276618173171,0.2607276618173171,12,0.0,58.81843312362323,False,0.18179930002958225,1.6744334326594723,0.1,8,4.0,5.0,0.1,2,53.66327222061765,0.0,0.08764532867053067,0.0,2,0.0,-0.22126348092344966,262144.0,2621440.0,3,,260.7276618173171,0.0328125,4.424351549148559,58.81843312362324,10,2
78.9744109389962,2,1.0,0.0,0.0,0.0,0.0,0.0,0.0,0.0,100000000.0,0.0,0.0,0.0,0.0,0.0,0.0,0.4,2.0,0.0,167.11409436538815,0.24608850530438436,0.24608850530438436,13,0.0,78.9744109389962,False,0.13769157404090435,1.2681862632698893,0.1,7,4.0,5.0,0.1,2,55.33688473229492,0.0,0.29930614139002676,0.0,2,0.0,-0.19189003967264434,262144.0,2621440.0,1,,246.08850530438437,0.025,4.381882584095001,78.9744109389962,10,2
93.20872704639679,2,1.0,0.0,0.0,0.0,0.0,0.0,0.0,0.0,100000000.0,0.0,0.0,0.0,0.0,0.0,0.0,0.2,1.0,0.0,146.11438708379865,0.2074428141013903,0.2074428141013903,13,0.0,93.20872704639679,False,0.13045708608967452,1.201554166822102,0.1,6,4.0,5.0,0.1,2,62.346250229404234,0.0,0.331111450557951,0.0,2,0.0,-0.1689499500955324,262144.0,2621440.0,2,,207.4428141013903,0.0265625,4.460618162155152,93.20872704639679,10,2
166.73007800665798,2,1.0,0.0,0.0,0.0,0.0,0.0,0.0,0.0,100000000.0,0.0,0.0,0.0,0.0,0.0,0.0,0.2,1.0,0.0,150.60904622077942,0.2804634469324082,0.2804634469324082,13,0.0,166.73007800665798,False,0.1365173465434104,1.2573712283438363,0.1,6,4.0,5.0,0.1,2,78.52205779252911,0.0,0.5290468358720883,0.0,2,0.0,-0.2084903967379093,262144.0,2621440.0,3,,280.4634469324082,0.0109375,4.447862315177917,166.73007800665798,10,2
78.64045448148173,2,1.0,0.0,0.0,0.0,0.0,0.0,0.0,0.0,100000000.0,0.0,0.0,0.0,0.0,0.0,0.0,0.4,2.0,0.0,189.5961556583643,0.268236610139846,0.268236610139846,14,0.0,78.64045448148173,False,0.1520321150998103,1.4002675275407128,0.1,7,4.0,5.0,0.1,2,61.17108726758471,0.0,0.2221422463677484,0.0,2,0.0,-0.21013436261982815,262144.0,2621440.0,1,,268.236610139846,0.0234375,4.416478824615479,78.64045448148173,10,2
64.04527790280818,2,1.0,0.0,0.0,0.0,0.0,0.0,0.0,0.0,100000000.0,0.0,0.0,0.0,0.0,0.0,0.0,0.6,3.0,0.0,198.63261468708515,0.2626778925898933,0.2626778925898933,14,0.0,64.04527790280818,False,0.182334382056786,1.679361720256946,0.1,8,4.0,5.0,0.1,2,53.34969453934425,0.0,0.16700034278397555,0.0,2,0.0,-0.22250613732333968,262144.0,2621440.0,2,,262.6778925898933,0.028125,4.450687408447266,64.04527790280817,10,2
118.33840306367699,2,1.0,0.0,0.0,0.0,0.0,0.0,0.0,0.0,100000000.0,0.0,0.0,0.0,0.0,0.0,0.0,0.2,1.0,0.0,134.43139987066388,0.25276980293434087,0.25276980293434087,14,0.0,118.33840306367699,False,0.13416712275853218,1.2357248673347936,0.1,6,4.0,5.0,0.1,2,71.64499932492758,0.0,0.39457523956634805,0.0,2,0.0,-0.19346846284643654,262144.0,2621440.0,3,,252.76980293434087,0.0359375,4.403214859962463,118.338403063677,10,2
89.81797879963241,2,1.0,0.0,0.0,0.0,0.0,0.0,0.0,0.0,100000000.0,0.0,0.0,0.0,0.0,0.0,0.0,0.2,1.0,0.0,169.04493002220988,0.25886290882184226,0.25886290882184226,15,0.0,89.81797879963241,False,0.13540080721758563,1.247087521114293,0.1,6,4.0,5.0,0.1,2,61.73195620628046,0.0,0.31269933891528295,0.0,2,0.0,-0.19713185801971395,262144.0,2621440.0,1,,258.86290882184227,0.025,4.3576950311660765,89.81797879963241,10,2
107.1238486698141,2,1.0,0.0,0.0,0.0,0.0,0.0,0.0,0.0,100000000.0,0.0,0.0,0.0,0.0,0.0,0.0,0.2,1.0,0.0,131.57331896945834,0.23869716763927246,0.23869716763927246,15,0.0,107.1238486698141,False,0.1329363466924807,1.2243890008447775,0.1,6,4.0,5.0,0.1,2,66.12017025679773,0.0,0.3827689064775973,0.0,2,0.0,-0.1858167571658766,262144.0,2621440.0,2,,238.69716763927246,0.021875,4.432645583152771,107.12384866981412,10,2
90.0743781091927,2,1.0,0.0,0.0,0.0,0.0,0.0,0.0,0.0,100000000.0,0.0,0.0,0.0,0.0,0.0,0.0,0.2,1.0,0.0,166.62201844155788,0.22162667034995853,0.22162667034995853,15,0.0,90.0743781091927,False,0.13685876196387356,1.2605157805745433,0.1,6,4.0,5.0,0.1,2,59.257990353661775,0.0,0.3421215711106408,0.0,2,0.0,-0.17924271615691606,262144.0,2621440.0,3,,221.62667034995854,0.0234375,4.434347558021545,90.0743781091927,10,2
76.55562324348216,2,1.0,0.0,0.0,0.0,0.0,0.0,0.0,0.0,100000000.0,0.0,0.0,0.0,0.0,0.0,0.0,0.6,3.0,0.0,176.2588992714882,0.2528145225149704,0.2528145225149704,16,0.0,76.55562324348216,False,0.19284474832458093,1.7761657710174743,0.1,8,4.0,5.0,0.1,2,61.07377100548102,0.0,0.20223011167660024,0.0,2,0.0,-0.22282963541977566,262144.0,2621440.0,1,,252.81452251497038,0.0375,4.360707068443299,76.55562324348217,10,2
87.41026028242295,2,1.0,0.0,0.0,0.0,0.0,0.0,0.0,0.0,100000000.0,0.0,0.0,0.0,0.0,0.0,0.0,0.8,4.0,0.0,236.2762726843357,0.32368653296675864,0.32368653296675864,16,0.0,87.41026028242295,False,0.18680712463321103,1.72055720178205,0.1,9,4.0,5.0,0.1,2,63.285537600471606,0.0,0.2759941751003172,0.0,2,0.0,-0.25524682879998484,262144.0,2621440.0,2,,323.68653296675865,0.025,4.435954320430755,87.41026028242297,10,2
99.64997813742661,2,1.0,0.0,0.0,0.0,0.0,0.0,0.0,0.0,100000000.0,0.0,0.0,0.0,0.0,0.0,0.0,0.2,1.0,0.0,138.7462466955185,0.2023399381775787,0.2023399381775787,16,0.0,99.64997813742661,False,0.1276887153588449,1.1760565301153445,0.1,6,4.0,5.0,0.1,2,60.10003543688398,0.0,0.39688862395935076,0.0,2,0.0,-0.16501432676821182,262144.0,2621440.0,3,,202.3399381775787,0.028125,4.421780776977539,99.64997813742663,10,2
76.5368974855219,2,1.0,0.0,0.0,0.0,0.0,0.0,0.0,0.0,100000000.0,0.0,0.0,0.0,0.0,0.0,0.0,0.2,1.0,0.0,169.79242023080587,0.24632931771632777,0.24632931771632777,17,0.0,76.5368974855219,False,0.1329160009984242,1.2242016100774131,0.1,6,4.0,5.0,0.1,2,53.21221710418393,0.0,0.3047507953369835,0.0,2,0.0,-0.189622659357376,262144.0,2621440.0,1,,246.32931771632778,0.0328125,4.362429285049439,76.5368974855219,10,2
84.29057162554587,2,1.0,0.0,0.0,0.0,0.0,0.0,0.0,0.0,100000000.0,0.0,0.0,0.0,0.0,0.0,0.0,0.4,2.0,0.0,143.05583387613297,0.22734640550167884,0.22734640550167884,17,0.0,84.29057162554587,False,0.14485515813270086,1.334165311038609,0.1,7,4.0,5.0,0.1,2,58.9722076618872,0.0,0.30037005889737556,0.0,2,0.0,-0.18610078181718986,262144.0,2621440.0,2,,227.34640550167884,0.03125,4.457170033454895,84.29057162554588,10,2
72.33020083915687,2,1.0,0.0,0.0,0.0,0.0,0.0,0.0,0.0,100000000.0,0.0,0.0,0.0,0.0,0.0,0.0,0.2,1.0,0.0,171.12050903961062,0.2434507098787675,0.2434507098787675,17,0.0,72.33020083915687,False,0.1379656702723631,1.2707107828563002,0.1,6,4.0,5.0,0.1,2,62.113774489700134,0.0,0.14124703417007442,0.0,2,0.0,-0.19070819007556528,262144.0,2621440.0,3,,243.4507098787675,0.0328125,4.349711656570435,72.33020083915687,10,2
110.13761882847022,2,1.0,0.0,0.0,0.0,0.0,0.0,0.0,0.0,100000000.0,0.0,0.0,0.0,0.0,0.0,0.0,0.4,2.0,0.0,151.71653125435114,0.26185415008282137,0.26185415008282137,18,0.0,110.13761882847022,False,0.1508817502761446,1.3896722759628033,0.1,7,4.0,5.0,0.1,2,73.69564176599252,0.0,0.3308767472014527,0.0,2,0.0,-0.20636795017948298,262144.0,2621440.0,1,,261.8541500828214,0.0203125,4.3392094373703,110.13761882847022,10,2
85.15183239932031,2,1.0,0.0,0.0,0.0,0.0,0.0,0.0,0.0,100000000.0,0.0,0.0,0.0,0.0,0.0,0.0,0.4,2.0,0.0,202.51072105020285,0.2876625534495232,0.2876625534495232,18,0.0,85.15183239932031,False,0.15415396010731586,1.4198104422764173,0.1,7,4.0,5.0,0.1,2,64.47276954491825,0.0,0.2428492995597253,0.0,2,0.0,-0.22090825677841952,262144.0,2621440.0,2,,287.66255344952316,0.028125,4.4388254404067995,85.15183239932031,10,2
86.67769816893134,2,1.0,0.0,0.0,0.0,0.0,0.0,0.0,0.0,100000000.0,0.0,0.0,0.0,0.0,0.0,0.0,0.6,3.0,0.0,164.9311212822795,0.25160881945121083,0.25160881945121083,18,0.0,86.67769816893134,False,0.181573879874758,1.6723572363068375,0.1,8,4.0,5.0,0.1,2,62.45805616308278,0.0,0.2794218411135636,0.0,2,0.0,-0.21659134966298443,262144.0,2621440.0,3,,251.60881945121082,0.0296875,4.343303561210632,86.67769816893134,10,2
82.48288154996365,2,1.0,0.0,0.0,0.0,0.0,0.0,0.0,0.0,100000000.0,0.0,0.0,0.0,0.0,0.0,0.0,0.2,1.0,0.0,156.58858371898532,0.23907146526894898,0.23907146526894898,19,0.0,82.48288154996365,False,0.13684220458841187,1.2603632815108745,0.1,6,4.0,5.0,0.1,2,58.169030023169476,0.0,0.2947745164803216,0.0,2,0.0,-0.18795683492868043,262144.0,2621440.0,1,,239.071465268949,0.040625,4.278892588615418,82.48288154996366,10,2
66.3898977954683,2,1.0,0.0,0.0,0.0,0.0,0.0,0.0,0.0,100000000.0,0.0,0.0,0.0,0.0,0.0,0.0,0.6,3.0,0.0,197.07749504595995,0.2634673928414283,0.2634673928414283,19,0.0,66.3898977954683,False,0.18137790765063855,1.6705522654192442,0.1,8,4.0,5.0,0.1,2,54.90878125768906,0.0,0.1729346921597903,0.0,2,0.0,-0.22242265024603342,262144.0,2621440.0,2,,263.4673928414283,0.0359375,4.398202896118164,66.3898977954683,10,2
72.25095626866745,2,1.0,0.0,0.0,0.0,0.0,0.0,0.0,0.0,100000000.0,0.0,0.0,0.0,0.0,0.0,0.0,0.0,0.0,0.0,127.4398760870099,0.19969083235567736,0.19969083235567736,19,0.0,72.25095626866745,False,0.13117128497724556,1.2081321816699178,0.1,5,4.0,5.0,0.1,2,57.491363905439776,0.0,0.2042823116187372,0.0,2,0.0,-0.16543105866646146,262144.0,2621440.0,3,,199.69083235567737,0.0265625,4.3944754004478455,72.25095626866747,10,2
93.96458237849767,2,1.0,0.0,0.0,0.0,0.0,0.0,0.0,0.0,100000000.0,0.0,0.0,0.0,0.0,0.0,0.0,0.2,1.0,0.0,135.93003060668707,0.22989461298518477,0.22989461298518477,20,0.0,93.96458237849767,False,0.13784853309513237,1.2696319095837927,0.1,6,4.0,5.0,0.1,2,65.31256675425071,0.0,0.3049235669332739,0.0,2,0.0,-0.18387157304015855,262144.0,2621440.0,1,0.01015625,229.89461298518478,0.040625,4.337537050247192,93.96458237849768,10,2
100.89452615896866,2,1.0,0.0,0.0,0.0,0.0,0.0,0.0,0.0,100000000.0,0.0,0.0,0.0,0.0,0.0,0.0,0.0,0.0,0.0,134.56269865855575,0.2354572248175244,0.2354572248175244,20,0.0,100.89452615896866,False,0.13407620700625958,1.2348875023111887,0.1,5,4.0,5.0,0.1,2,64.8342970718662,0.0,0.35740520779379276,0.0,2,0.0,-0.18476671591189198,262144.0,2621440.0,2,0.01015625,235.4572248175244,0.0359375,4.367374539375305,100.89452615896867,10,2
77.24568208711767,2,1.0,0.0,0.0,0.0,0.0,0.0,0.0,0.0,100000000.0,0.0,0.0,0.0,0.0,0.0,0.0,0.2,1.0,0.0,152.909176889807,0.23015485897692467,0.23015485897692467,20,0.0,77.24568208711767,False,0.1408468210027793,1.2972471617464012,0.1,6,4.0,5.0,0.1,2,60.00349000192867,0.0,0.22321237406827818,0.0,2,0.0,-0.18550083998985198,262144.0,2621440.0,3,0.01015625,230.15485897692466,0.034375,4.379257392883301,77.24568208711767,10,2
87.3060560854996,2,1.0,0.0,0.0,0.0,0.0,0.0,0.0,0.0,100000000.0,0.0,0.0,0.0,0.0,0.0,0.0,0.2,1.0,0.0,155.49283986911178,0.2427988959546114,0.2427988959546114,21,0.0,87.3060560854996,False,0.14943983785768677,1.3763917718022274,0.1,6,4.0,5.0,0.1,2,61.67692073679382,0.0,0.29355506934830433,0.0,2,0.0,-0.1961193669061491,262144.0,2621440.0,1,,242.7988959546114,0.009375,4.502983283996582,87.30605608549962,10,2
86.51762979065956,2,1.0,0.0,0.0,0.0,0.0,0.0,0.0,0.0,100000000.0,0.0,0.0,0.0,0.0,0.0,0.0,0.4,2.0,0.0,161.92721016705036,0.2484448399577099,0.2484448399577099,21,0.0,86.51762979065956,False,0.15415396010731586,1.4198104422764173,0.1,7,4.0,5.0,0.1,2,57.9236717746667,0.0,0.3304986288364531,0.0,2,0.0,-0.2012994000325129,262144.0,2621440.0,2,,248.44483995770992,0.00625,4.549407219886779,86.51762979065956,10,2
116.38726429654099,2,1.0,0.0,0.0,0.0,0.0,0.0,0.0,0.0,100000000.0,0.0,0.0,0.0,0.0,0.0,0.0,0.4,2.0,0.0,199.37593955546618,0.3157632038520072,0.3157632038520072,21,0.0,116.38726429654099,False,0.1587323454114105,1.4619789292811827,0.1,7,4.0,5.0,0.1,2,70.48163452574065,0.0,0.3944214175688349,0.0,2,0.0,-0.23724777463170885,262144.0,2621440.0,3,,315.76320385200717,0.0203125,4.543539822101593,116.38726429654098,10,2
156.86754673211047,2,1.0,0.0,0.0,0.0,0.0,0.0,0.0,0.0,100000000.0,0.0,0.0,0.0,0.0,0.0,0.0,0.4,2.0,0.0,158.3306584507227,0.24191609514368842,0.24191609514368842,22,0.0,156.86754673211047,False,0.1457696278707153,1.3425878885855937,0.1,7,4.0,5.0,0.1,2,76.49754314661239,0.0,0.5123430898218191,0.0,2,0.0,-0.19384286150720187,262144.0,2621440.0,1,,241.9160951436884,0.0421875,4.357050311565399,156.86754673211047,10,2
102.47814329322053,2,1.0,0.0,0.0,0.0,0.0,0.0,0.0,0.0,100000000.0,0.0,0.0,0.0,0.0,0.0,0.0,0.6,3.0,0.0,222.7374673821032,0.32521561067532373,0.32521561067532373,22,0.0,102.47814329322053,False,0.19203676229965272,1.7687239447120855,0.1,8,4.0,5.0,0.1,2,65.0935545966935,0.0,0.3648054843222381,0.0,2,0.0,-0.25862618648748825,262144.0,2621440.0,2,,325.2156106753237,0.03125,4.403796195983887,102.47814329322054,10,2
87.20381295755811,2,1.0,0.0,0.0,0.0,0.0,0.0,0.0,0.0,100000000.0,0.0,0.0,0.0,0.0,0.0,0.0,0.4,2.0,0.0,164.44745613262057,0.21931248086277377,0.21931248086277377,22,0.0,87.20381295755811,False,0.15352333768929338,1.4140021951602317,0.1,7,4.0,5.0,0.1,2,58.792807510069515,0.0,0.32580003653413825,0.0,2,0.0,-0.18641790927603358,262144.0,2621440.0,3,,219.31248086277378,0.0375,4.379998111724854,87.20381295755811,10,2
94.38488382147507,2,1.0,0.0,0.0,0.0,0.0,0.0,0.0,0.0,100000000.0,0.0,0.0,0.0,0.0,0.0,0.0,0.2,1.0,0.0,171.56650964170694,0.22841068640846834,0.22841068640846834,23,0.0,94.38488382147507,False,0.13038172635389958,1.2008600780052725,0.1,6,4.0,5.0,0.1,2,59.04114582981006,0.0,0.3744639666931853,0.0,2,0.0,-0.17939620638118398,262144.0,2621440.0,1,,228.41068640846834,0.0390625,4.3023676633834835,94.38488382147509,10,2
74.17086154886923,2,1.0,0.0,0.0,0.0,0.0,0.0,0.0,0.0,100000000.0,0.0,0.0,0.0,0.0,0.0,0.0,0.2,1.0,0.0,121.21308548375964,0.1953839470326289,0.1953839470326289,23,0.0,74.17086154886923,False,0.12752445015996194,1.1745435917223621,0.1,6,4.0,5.0,0.1,2,58.69883393422092,0.0,0.2085998098384525,0.0,2,0.0,-0.16145419859629542,262144.0,2621440.0,2,,195.3839470326289,0.0328125,4.331390738487244,74.17086154886924,10,2
202.16343847792888,2,1.0,0.0,0.0,0.0,0.0,0.0,0.0,0.0,100000000.0,0.0,0.0,0.0,0.0,0.0,0.0,0.6,3.0,0.0,223.58648665249348,0.28653373021929696,0.28653373021929696,23,0.0,202.16343847792888,False,0.18708210541738643,1.7230898684000584,0.1,8,4.0,5.0,0.1,2,73.44127230143292,0.0,0.6367232727422627,0.0,2,0.0,-0.2368079178183417,262144.0,2621440.0,3,,286.53373021929696,0.0390625,4.352685546875,202.16343847792888,10,2
249.0023116225376,2,1.0,0.0,0.0,0.0,0.0,0.0,0.0,0.0,100000000.0,0.0,0.0,0.0,0.0,0.0,0.0,0.2,1.0,0.0,124.03563177213073,0.3484741489047184,0.3484741489047184,24,0.0,249.0023116225376,False,0.13804687148298972,1.271458673644788,0.1,6,4.0,5.0,0.1,2,83.72893485182328,0.0,0.6637423391524657,0.0,2,0.0,-0.24326051019385406,262144.0,2621440.0,1,,348.4741489047184,0.046875,4.2722468137741085,249.00231162253763,10,2
129.90209873783934,2,1.0,0.0,0.0,0.0,0.0,0.0,0.0,0.0,100000000.0,0.0,0.0,0.0,0.0,0.0,0.0,0.2,1.0,0.0,161.1291873268783,0.2910312860647176,0.2910312860647176,24,0.0,129.90209873783934,False,0.1381561054339236,1.2724647555130646,0.1,6,4.0,5.0,0.1,2,76.25727719545333,0.0,0.412963470672239,0.0,2,0.0,-0.2145936957493206,262144.0,2621440.0,2,,291.0312860647176,0.0390625,4.305636835098267,129.9020987378393,10,2
69.31958974853983,2,1.0,0.0,0.0,0.0,0.0,0.0,0.0,0.0,100000000.0,0.0,0.0,0.0,0.0,0.0,0.0,0.2,1.0,0.0,140.11029712855816,0.19929386490606157,0.19929386490606157,24,0.0,69.31958974853983,False,0.13750941681554285,1.266508533223095,0.1,6,4.0,5.0,0.1,2,55.49708114727928,0.0,0.19940263136874245,0.0,2,0.0,-0.16840164086080223,262144.0,2621440.0,3,,199.29386490606157,0.0359375,4.354067134857178,69.31958974853984,10,2
83.74888552675542,2,1.0,0.0,0.0,0.0,0.0,0.0,0.0,0.0,100000000.0,0.0,0.0,0.0,0.0,0.0,0.0,0.2,1.0,0.0,149.13324359804392,0.23288212912479933,0.23288212912479933,25,0.0,83.74888552675542,False,0.13784853309513237,1.2696319095837927,0.1,6,4.0,5.0,0.1,2,60.818840907433156,0.0,0.27379522097636455,0.0,2,0.0,-0.18536533110996584,262144.0,2621440.0,1,,232.88212912479932,0.059375,4.1872498989105225,83.74888552675542,10,2
87.22414043549529,2,1.0,0.0,0.0,0.0,0.0,0.0,0.0,0.0,100000000.0,0.0,0.0,0.0,0.0,0.0,0.0,0.2,1.0,0.0,142.60175079107285,0.20122344526279798,0.20122344526279798,25,0.0,87.22414043549529,False,0.12903257050535913,1.1884338934253726,0.1,6,4.0,5.0,0.1,2,60.87180752568884,0.0,0.30212201322058013,0.0,2,0.0,-0.16512800788407855,262144.0,2621440.0,2,,201.22344526279798,0.046875,4.257014060020447,87.22414043549529,10,2
88.20150236296725,2,1.0,0.0,0.0,0.0,0.0,0.0,0.0,0.0,100000000.0,0.0,0.0,0.0,0.0,0.0,0.0,0.2,1.0,0.0,149.99027037993073,0.238191772742898,0.238191772742898,25,0.0,88.20150236296725,False,0.13291941772440036,1.2242330792866114,0.1,6,4.0,5.0,0.1,2,63.69911680489751,0.0,0.27780009298750263,0.0,2,0.0,-0.18555559523364917,262144.0,2621440.0,3,,238.191772742898,0.0515625,4.256679391860962,88.20150236296725,10,2
75.50257225958562,2,1.0,0.0,0.0,0.0,0.0,0.0,0.0,0.0,100000000.0,0.0,0.0,0.0,0.0,0.0,0.0,0.4,2.0,0.0,187.43281159549952,0.26293538385508514,0.26293538385508514,26,0.0,75.50257225958562,False,0.13769157404090435,1.2681862632698893,0.1,7,4.0,5.0,0.1,2,58.96125999627648,0.0,0.21908276457705844,0.0,2,0.0,-0.20031347894799473,262144.0,2621440.0,1,,262.93538385508515,0.059375,4.1382460474967955,75.50257225958562,10,2
85.18941946963058,2,1.0,0.0,0.0,0.0,0.0,0.0,0.0,0.0,100000000.0,0.0,0.0,0.0,0.0,0.0,0.0,0.4,2.0,0.0,165.91463005170226,0.2511040495213328,0.2511040495213328,26,0.0,85.18941946963058,False,0.1481113438738749,1.3641558900291972,0.1,7,4.0,5.0,0.1,2,57.80485392293137,0.0,0.32145500834715285,0.0,2,0.0,-0.19960769669760386,262144.0,2621440.0,2,,251.1040495213328,0.059375,4.282022166252136,85.18941946963056,10,2
99.03287249768218,2,1.0,0.0,0.0,0.0,0.0,0.0,0.0,0.0,100000000.0,0.0,0.0,0.0,0.0,0.0,0.0,0.2,1.0,0.0,137.96521304175258,0.21095795477891405,0.21095795477891405,26,0.0,99.03287249768218,False,0.1331066902586831,1.225957923069678,0.1,6,4.0,5.0,0.1,2,59.15487880818804,0.0,0.4026743109004282,0.0,2,0.0,-0.17203232251879857,262144.0,2621440.0,3,,210.95795477891406,0.06875,4.19682080745697,99.03287249768218,10,2
103.24628896599899,2,1.0,0.0,0.0,0.0,0.0,0.0,0.0,0.0,100000000.0,0.0,0.0,0.0,0.0,0.0,0.0,0.2,1.0,0.0,153.2536055892706,0.25649989455526956,0.25649989455526956,27,0.0,103.24628896599899,False,0.13784853309513237,1.2696319095837927,0.1,6,4.0,5.0,0.1,2,62.367596843504124,0.0,0.39593376703308925,0.0,2,0.0,-0.19717421382520095,262144.0,2621440.0,1,,256.4998945552696,0.0515625,4.165250158309936,103.246288965999,10,2
147.45711267350777,2,1.0,0.0,0.0,0.0,0.0,0.0,0.0,0.0,100000000.0,0.0,0.0,0.0,0.0,0.0,0.0,0.6,3.0,0.0,204.79043759405613,0.35224755026756394,0.35224755026756394,27,0.0,147.45711267350777,False,0.18743457713050143,1.7263362528493413,0.1,8,4.0,5.0,0.1,2,65.2481866980904,0.0,0.5575107533635242,0.0,2,0.0,-0.2698410636990327,262144.0,2621440.0,2,,352.24755026756395,0.0640625,4.228038549423218,147.45711267350777,10,2
153.39996105858535,2,1.0,0.0,0.0,0.0,0.0,0.0,0.0,0.0,100000000.0,0.0,0.0,0.0,0.0,0.0,0.0,0.8,4.0,0.0,221.38601168990135,0.3747859727484867,0.3747859727484867,27,0.0,153.39996105858535,False,0.23643967614343744,2.177689894720876,0.1,9,4.0,5.0,0.1,2,64.63918371307662,0.0,0.5786232065053126,0.0,2,0.0,-0.30561282444596205,262144.0,2621440.0,3,,374.7859727484867,0.0515625,4.215032076835632,153.39996105858535,10,2
79.34564066675259,2,1.0,0.0,0.0,0.0,0.0,0.0,0.0,0.0,100000000.0,0.0,0.0,0.0,0.0,0.0,0.0,0.2,1.0,0.0,149.28900031372905,0.20892608433031423,0.20892608433031423,28,0.0,79.34564066675259,False,0.13540080721758563,1.247087521114293,0.1,6,4.0,5.0,0.1,2,58.74748094221656,0.0,0.2596003958307828,0.0,2,0.0,-0.17216344577394993,262144.0,2621440.0,1,,208.92608433031424,0.0640625,4.152460837364197,79.3456406667526,10,2
83.39059541019635,2,1.0,0.0,0.0,0.0,0.0,0.0,0.0,0.0,100000000.0,0.0,0.0,0.0,0.0,0.0,0.0,0.6,3.0,0.0,177.61900229379535,0.2610095977039917,0.2610095977039917,28,0.0,83.39059541019635,False,0.18743457713050143,1.7263362528493413,0.1,8,4.0,5.0,0.1,2,58.92765353760084,0.0,0.2933537259479068,0.0,2,0.0,-0.22422208741724656,262144.0,2621440.0,2,,261.0095977039917,0.0640625,4.174717044830322,83.39059541019635,10,2
79.93798229056145,2,1.0,0.0,0.0,0.0,0.0,0.0,0.0,0.0,100000000.0,0.0,0.0,0.0,0.0,0.0,0.0,0.4,2.0,0.0,189.39776485785842,0.26933574714841985,0.26933574714841985,28,0.0,79.93798229056145,False,0.14285955960894142,1.3157851693889713,0.1,7,4.0,5.0,0.1,2,59.41854663468883,0.0,0.2566919387743343,0.0,2,0.0,-0.20609765337868063,262144.0,2621440.0,3,,269.33574714841984,0.05,4.17950165271759,79.93798229056144,10,2
108.32748888885605,2,1.0,0.0,0.0,0.0,0.0,0.0,0.0,0.0,100000000.0,0.0,0.0,0.0,0.0,0.0,0.0,0.2,1.0,0.0,133.27606162056327,0.24160355050941934,0.24160355050941934,29,0.0,108.32748888885605,False,0.1346761824854483,1.2404134806893563,0.1,6,4.0,5.0,0.1,2,61.77394008973896,0.0,0.4297482502052735,0.0,2,0.0,-0.1881398664974338,262144.0,2621440.0,1,,241.60355050941934,0.0359375,4.143202638626098,108.32748888885607,10,2
86.47618648944434,2,1.0,0.0,0.0,0.0,0.0,0.0,0.0,0.0,100000000.0,0.0,0.0,0.0,0.0,0.0,0.0,0.2,1.0,0.0,165.36587942391634,0.25184206591336067,0.25184206591336067,29,0.0,86.47618648944434,False,0.13183053803533396,1.214204126726178,0.1,6,4.0,5.0,0.1,2,56.84887236254465,0.0,0.34260662188793595,0.0,2,0.0,-0.1918363019743473,262144.0,2621440.0,2,,251.84206591336067,0.0546875,4.125882601737976,86.47618648944434,10,2
95.13230164504638,2,1.0,0.0,0.0,0.0,0.0,0.0,0.0,0.0,100000000.0,0.0,0.0,0.0,0.0,0.0,0.0,0.4,2.0,0.0,158.86603435501456,0.25399833600006094,0.25399833600006094,29,0.0,95.13230164504638,False,0.14772746223591518,1.3606202094810367,0.1,7,4.0,5.0,0.1,2,61.31722303417303,0.0,0.3554531744332513,0.0,2,0.0,-0.20086289911798805,262144.0,2621440.0,3,,253.99833600006093,0.071875,4.126243269443512,95.1323016450464,10,2
86.83922618338313,2,1.0,0.0,0.0,0.0,0.0,0.0,0.0,0.0,100000000.0,0.0,0.0,0.0,0.0,0.0,0.0,0.4,2.0,0.0,204.17317794635892,0.29101240412974205,0.29101240412974205,30,0.0,86.83922618338313,False,0.13769157404090435,1.2681862632698893,0.1,7,4.0,5.0,0.1,2,57.18690376970894,0.0,0.3414623058830092,0.0,2,0.0,-0.2143519890853232,262144.0,2621440.0,1,0.03984375,291.01240412974204,0.06875,4.090286833047867,86.83922618338313,10,2
124.76811375519443,2,1.0,0.0,0.0,0.0,0.0,0.0,0.0,0.0,100000000.0,0.0,0.0,0.0,0.0,0.0,0.0,0.2,1.0,0.0,140.03877621144056,0.2139974972610753,0.2139974972610753,30,0.0,124.76811375519443,False,0.13201312067344168,1.2158857749691636,0.1,6,4.0,5.0,0.1,2,64.57457603486348,0.0,0.4824432774421496,0.0,2,0.0,-0.1730053089672585,262144.0,2621440.0,2,0.03984375,213.9974972610753,0.06875,4.085509777069092,124.76811375519446,10,2
90.57186135205262,2,1.0,0.0,0.0,0.0,0.0,0.0,0.0,0.0,100000000.0,0.0,0.0,0.0,0.0,0.0,0.0,0.6,3.0,0.0,222.72907430306077,0.28554270513336794,0.28554270513336794,30,0.0,90.57186135205262,False,0.1812032431121425,1.6689435455687813,0.1,8,4.0,5.0,0.1,2,58.06665726378238,0.0,0.35888855106910733,0.0,2,0.0,-0.2333729741227552,262144.0,2621440.0,3,0.03984375,285.5427051333679,0.0875,4.128007423877716,90.57186135205264,10,2
69.4584373478104,2,1.0,0.0,0.0,0.0,0.0,0.0,0.0,0.0,100000000.0,0.0,0.0,0.0,0.0,0.0,0.0,0.4,2.0,0.0,209.25878314301372,0.27871722049082415,0.27871722049082415,31,0.0,69.4584373478104,False,0.1526984351495301,1.4064045619953043,0.1,7,4.0,5.0,0.1,2,57.03718992414547,0.0,0.17882992906198023,0.0,2,0.0,-0.2157078278201771,262144.0,2621440.0,1,,278.71722049082416,0.0421875,4.280824601650238,69.4584373478104,10,2
73.62099013718917,2,1.0,0.0,0.0,0.0,0.0,0.0,0.0,0.0,100000000.0,0.0,0.0,0.0,0.0,0.0,0.0,0.4,2.0,0.0,167.703359387815,0.24132434952500417,0.24132434952500417,31,0.0,73.62099013718917,False,0.14928736000769882,1.3749873989046513,0.1,7,4.0,5.0,0.1,2,56.15439118854667,0.0,0.23725025860280252,0.0,2,0.0,-0.19530585476635148,262144.0,2621440.0,2,,241.32434952500418,0.0453125,4.3109442591667175,73.62099013718917,10,2
115.25410663313441,2,1.0,0.0,0.0,0.0,0.0,0.0,0.0,0.0,100000000.0,0.0,0.0,0.0,0.0,0.0,0.0,0.4,2.0,0.0,206.19368692860007,0.3214477935617345,0.3214477935617345,31,0.0,115.25410663313441,False,0.1486168925646429,1.3688121655457774,0.1,7,4.0,5.0,0.1,2,65.60953125160786,0.0,0.43074018646077666,0.0,2,0.0,-0.23503234306318868,262144.0,2621440.0,3,,321.4477935617345,0.0453125,4.3193731784820555,115.25410663313441,10,2
176.07547537881032,2,1.0,0.0,0.0,0.0,0.0,0.0,0.0,0.0,100000000.0,0.0,0.0,0.0,0.0,0.0,0.0,0.4,2.0,0.0,161.21559962630272,0.337291075005113,0.337291075005113,32,0.0,176.07547537881032,False,0.15652384008217987,1.4416378434856452,0.1,7,4.0,5.0,0.1,2,69.36956630265946,0.0,0.6060236886856778,0.0,2,0.0,-0.24690745754364646,262144.0,2621440.0,1,,337.29107500511304,0.0546875,4.105230152606964,176.0754753788103,10,2
81.98839413674236,2,1.0,0.0,0.0,0.0,0.0,0.0,0.0,0.0,100000000.0,0.0,0.0,0.0,0.0,0.0,0.0,0.4,2.0,0.0,210.58558160439134,0.2824746139845895,0.2824746139845895,32,0.0,81.98839413674236,False,0.15415396010731586,1.4198104422764173,0.1,7,4.0,5.0,0.1,2,59.15960503391318,0.0,0.27843927598770546,0.0,2,0.0,-0.21831428704595268,262144.0,2621440.0,2,,282.4746139845895,0.0578125,4.1376352369785305,81.98839413674236,10,2
141.25910236260185,2,1.0,0.0,0.0,0.0,0.0,0.0,0.0,0.0,100000000.0,0.0,0.0,0.0,0.0,0.0,0.0,0.2,1.0,0.0,133.67668027058244,0.2749357826331843,0.2749357826331843,32,0.0,141.25910236260185,False,0.14008079347354296,1.2901917874678306,0.1,6,4.0,5.0,0.1,2,72.00319167288364,0.0,0.49027573821008236,0.0,2,0.0,-0.20750828805336363,262144.0,2621440.0,3,,274.9357826331843,0.0640625,4.101679682731628,141.25910236260185,10,2
83.88749274588126,2,1.0,0.0,0.0,0.0,0.0,0.0,0.0,0.0,100000000.0,0.0,0.0,0.0,0.0,0.0,0.0,0.2,1.0,0.0,165.74085410684347,0.2163576455499492,0.2163576455499492,33,0.0,83.88749274588126,False,0.13871563863950997,1.277618246785938,0.1,6,4.0,5.0,0.1,2,56.07728206578686,0.0,0.3315179625685003,0.0,2,0.0,-0.17753664209472958,262144.0,2621440.0,1,,216.3576455499492,0.059375,4.105998063087464,83.88749274588126,10,2
87.78072741621173,2,1.0,0.0,0.0,0.0,0.0,0.0,0.0,0.0,100000000.0,0.0,0.0,0.0,0.0,0.0,0.0,0.8,4.0,0.0,193.3941887691617,0.28117491618537344,0.28117491618537344,33,0.0,87.78072741621173,False,0.26131386478180874,2.406789638557018,0.1,9,4.0,5.0,0.1,2,65.22388971439139,0.0,0.2569679970281774,0.0,2,0.0,-0.27124439048359106,262144.0,2621440.0,2,,281.17491618537343,0.0515625,4.117884296178818,87.78072741621175,10,2
119.2352843118772,2,1.0,0.0,0.0,0.0,0.0,0.0,0.0,0.0,100000000.0,0.0,0.0,0.0,0.0,0.0,0.0,0.0,0.0,0.0,128.34225362166762,0.2475775379335448,0.2475775379335448,33,0.0,119.2352843118772,False,0.12765338710389382,1.1757311448624972,0.1,5,4.0,5.0,0.1,2,61.623330901310844,0.0,0.4831787313885538,0.0,2,0.0,-0.1876154625187193,262144.0,2621440.0,3,,247.57753793354482,0.0671875,4.127111554145813,119.2352843118772,10,2
104.53154377569547,2,1.0,0.0,0.0,0.0,0.0,0.0,0.0,0.0,100000000.0,0.0,0.0,0.0,0.0,0.0,0.0,0.2,1.0,0.0,151.53490751981735,0.2560664512955128,0.2560664512955128,34,0.0,104.53154377569547,False,0.1556527434900328,1.4336147473751022,0.1,6,4.0,5.0,0.1,2,66.99039979059728,0.0,0.35913698993726,0.0,2,0.0,-0.20585959739277282,262144.0,2621440.0,1,,256.0664512955128,0.05625,4.101794362068176,104.53154377569547,10,2
223.50899775194324,2,1.0,0.0,0.0,0.0,0.0,0.0,0.0,0.0,100000000.0,0.0,0.0,0.0,0.0,0.0,0.0,0.2,1.0,0.0,122.48460482805967,0.3459936025800029,0.3459936025800029,34,0.0,223.50899775194324,False,0.13912146619598334,1.2813560567133853,0.1,6,4.0,5.0,0.1,2,77.44930928678252,0.0,0.6534846021154905,0.0,2,0.0,-0.2425575343879931,262144.0,2621440.0,2,,345.9936025800029,0.0625,4.086049938201905,223.50899775194324,10,2
79.03684755682107,2,1.0,0.0,0.0,0.0,0.0,0.0,0.0,0.0,100000000.0,0.0,0.0,0.0,0.0,0.0,0.0,0.8,4.0,0.0,200.55866008624434,0.2795955076430654,0.2795955076430654,34,0.0,79.03684755682107,False,0.2352215022268131,2.1664700983165024,0.1,9,4.0,5.0,0.1,2,56.302017491433425,0.0,0.2876484926735362,0.0,2,0.0,-0.2574085049349393,262144.0,2621440.0,3,,279.5955076430654,0.059375,4.10162992477417,79.03684755682107,10,2
62.753913649256674,2,1.0,0.0,0.0,0.0,0.0,0.0,0.0,0.0,100000000.0,0.0,0.0,0.0,0.0,0.0,0.0,0.6,3.0,0.0,178.0906175263226,0.23253585780564467,0.23253585780564467,35,0.0,62.753913649256674,False,0.17423928973207298,1.604803164603767,0.1,8,4.0,5.0,0.1,2,51.719953109238276,0.0,0.17582904233972174,0.0,2,0.0,-0.20338757376885883,262144.0,2621440.0,1,,232.53585780564467,0.0671875,4.018411028385162,62.75391364925668,10,2
88.87061639897004,2,1.0,0.0,0.0,0.0,0.0,0.0,0.0,0.0,100000000.0,0.0,0.0,0.0,0.0,0.0,0.0,0.0,0.0,0.0,135.18433785066009,0.21704589273057356,0.21704589273057356,35,0.0,88.87061639897004,False,0.12304266934561216,1.133264864949608,0.1,5,4.0,5.0,0.1,2,62.45337354226978,0.0,0.2972550875320183,0.0,2,0.0,-0.17004428103809285,262144.0,2621440.0,2,,217.04589273057357,0.08125,4.089931130409241,88.87061639897003,10,2
88.36825113767937,2,1.0,0.0,0.0,0.0,0.0,0.0,0.0,0.0,100000000.0,0.0,0.0,0.0,0.0,0.0,0.0,0.2,1.0,0.0,157.48609136790037,0.21327735440552947,0.21327735440552947,35,0.0,88.36825113767937,False,0.13634500498502292,1.2557839039308505,0.1,6,4.0,5.0,0.1,2,61.178856638383536,0.0,0.3076828402650432,0.0,2,0.0,-0.1748111796952762,262144.0,2621440.0,3,,213.27735440552948,0.0625,4.0214059233665465,88.36825113767937,10,2
66.41139682560745,2,1.0,0.0,0.0,0.0,0.0,0.0,0.0,0.0,100000000.0,0.0,0.0,0.0,0.0,0.0,0.0,0.2,1.0,0.0,159.29814474657178,0.22570954157217923,0.22570954157217923,36,0.0,66.41139682560745,False,0.14378624818938812,1.324320286633709,0.1,6,4.0,5.0,0.1,2,55.75642752309013,0.0,0.1604388676012442,0.0,2,0.0,-0.1847478948807837,262144.0,2621440.0,1,,225.70954157217923,0.0625,4.05538786649704,66.41139682560745,10,2
96.33273550422328,2,1.0,0.0,0.0,0.0,0.0,0.0,0.0,0.0,100000000.0,0.0,0.0,0.0,0.0,0.0,0.0,0.0,0.0,0.0,120.02415815368295,0.1973802327469124,0.1973802327469124,36,0.0,96.33273550422328,False,0.13035799010055207,1.2006414590327865,0.1,5,4.0,5.0,0.1,2,68.0497046480717,0.0,0.2935972980328337,0.0,2,0.0,-0.16386911142373223,262144.0,2621440.0,2,,197.3802327469124,0.05,4.087711453437805,96.33273550422328,10,2
104.57958814661805,2,1.0,0.0,0.0,0.0,0.0,0.0,0.0,0.0,100000000.0,0.0,0.0,0.0,0.0,0.0,0.0,0.2,1.0,0.0,173.2732467353344,0.27785283488195245,0.27785283488195245,36,0.0,104.57958814661805,False,0.13759886835412635,1.267332412340246,0.1,6,4.0,5.0,0.1,2,57.45992278480978,0.0,0.45056273596858737,0.0,2,0.0,-0.20772585161803941,262144.0,2621440.0,3,,277.85283488195245,0.0546875,4.137903308868408,104.57958814661805,10,2
84.61648181996893,2,1.0,0.0,0.0,0.0,0.0,0.0,0.0,0.0,100000000.0,0.0,0.0,0.0,0.0,0.0,0.0,0.2,1.0,0.0,126.94754963740706,0.21156403145737596,0.21156403145737596,37,0.0,84.61648181996893,False,0.1383713629263605,1.2744473502860267,0.1,6,4.0,5.0,0.1,2,56.50302487753692,0.0,0.3322456374663099,0.0,2,0.0,-0.17496769719186822,262144.0,2621440.0,1,,211.56403145737596,0.0640625,4.07345061302185,84.61648181996891,10,2
70.75525205303265,2,1.0,0.0,0.0,0.0,0.0,0.0,0.0,0.0,100000000.0,0.0,0.0,0.0,0.0,0.0,0.0,0.4,2.0,0.0,196.52322260662913,0.2672784746596618,0.2672784746596618,37,0.0,70.75525205303265,False,0.12665632362320464,1.1665478508328826,0.1,7,4.0,5.0,0.1,2,53.72304990283755,0.0,0.24071996998087272,0.0,2,0.0,-0.19696739914143324,262144.0,2621440.0,2,,267.2784746596618,0.0734375,4.068303447961807,70.75525205303265,10,2
104.4439242827789,2,1.0,0.0,0.0,0.0,0.0,0.0,0.0,0.0,100000000.0,0.0,0.0,0.0,0.0,0.0,0.0,0.2,1.0,0.0,124.81291778385639,0.20469481150164165,0.20469481150164165,37,0.0,104.4439242827789,False,0.13759886835412635,1.267332412340246,0.1,6,4.0,5.0,0.1,2,62.84304018878356,0.0,0.3983083207536529,0.0,2,0.0,-0.171146839927884,262144.0,2621440.0,3,,204.69481150164165,0.0671875,4.032364368438721,104.4439242827789,10,2
152.4018211193402,2,1.0,0.0,0.0,0.0,0.0,0.0,0.0,0.0,100000000.0,0.0,0.0,0.0,0.0,0.0,0.0,0.4,2.0,0.0,197.69641663879156,0.3500982377581318,0.3500982377581318,38,0.0,152.4018211193402,False,0.1677782122879812,1.5452944421739838,0.1,7,4.0,5.0,0.1,2,73.97492540842934,0.0,0.5146060272435832,0.0,2,0.0,-0.2589382250230565,262144.0,2621440.0,1,,350.0982377581318,0.0765625,3.9820970773696898,152.40182111934024,10,2
115.06281401350212,2,1.0,0.0,0.0,0.0,0.0,0.0,0.0,0.0,100000000.0,0.0,0.0,0.0,0.0,0.0,0.0,0.2,1.0,0.0,137.26252038031816,0.25232533439382027,0.25232533439382027,38,0.0,115.06281401350212,False,0.12404599815487696,1.1425058647879465,0.1,6,4.0,5.0,0.1,2,65.4658133770205,0.0,0.43104282701326624,0.0,2,0.0,-0.18818566627434863,262144.0,2621440.0,2,,252.32533439382027,0.0546875,4.079084992408752,115.06281401350212,10,2
424.7780432606926,2,1.0,0.0,0.0,0.0,0.0,0.0,0.0,0.0,100000000.0,0.0,0.0,0.0,0.0,0.0,0.0,0.2,1.0,0.0,168.85237349197268,0.5389345427657357,0.5389345427657357,38,0.0,424.7780432606926,False,0.13080673640652904,1.2047745652515012,0.1,6,4.0,5.0,0.1,2,99.9993761002275,0.0,0.7645844042865079,0.0,2,0.0,-0.3348706395861324,262144.0,2621440.0,3,,538.9345427657357,0.059375,4.121246635913849,424.77804326069264,10,2
131.36826310444005,2,1.0,0.0,0.0,0.0,0.0,0.0,0.0,0.0,100000000.0,0.0,0.0,0.0,0.0,0.0,0.0,0.6,3.0,0.0,188.6990899220109,0.32006735302645095,0.32006735302645095,39,0.0,131.36826310444005,False,0.18929684680362552,1.743488390403223,0.1,8,4.0,5.0,0.1,2,74.34265415732845,0.0,0.43408969259017494,0.0,2,0.0,-0.2546820999150382,262144.0,2621440.0,1,,320.067353026451,0.0625,4.0215712785720825,131.36826310444005,10,2
94.66259994342066,2,1.0,0.0,0.0,0.0,0.0,0.0,0.0,0.0,100000000.0,0.0,0.0,0.0,0.0,0.0,0.0,0.2,1.0,0.0,149.45066487416625,0.24411326481758694,0.24411326481758694,39,0.0,94.66259994342066,False,0.13463600294310912,1.2400434134284222,0.1,6,4.0,5.0,0.1,2,67.32619600729367,0.0,0.288777235703074,0.0,2,0.0,-0.18937463388034803,262144.0,2621440.0,2,,244.11326481758695,0.06875,4.081960129737854,94.66259994342067,10,2
146.5315798676007,2,1.0,0.0,0.0,0.0,0.0,0.0,0.0,0.0,100000000.0,0.0,0.0,0.0,0.0,0.0,0.0,0.0,0.0,0.0,135.82877768203616,0.276198041942566,0.276198041942566,39,0.0,146.5315798676007,False,0.13600602938809117,1.2526618233053155,0.1,5,4.0,5.0,0.1,2,61.162467342228474,0.0,0.582598731294018,0.0,2,0.0,-0.2061020356653286,262144.0,2621440.0,3,,276.19804194256596,0.0703125,3.9527578949928284,146.53157986760073,10,2
73.21905165373357,2,1.0,0.0,0.0,0.0,0.0,0.0,0.0,0.0,100000000.0,0.0,0.0,0.0,0.0,0.0,0.0,0.6,3.0,0.0,201.11106662079692,0.2572251785066695,0.2572251785066695,40,0.0,73.21905165373357,False,0.17456949250244647,1.6078444445106763,0.1,8,4.0,5.0,0.1,2,56.30712257532129,0.0,0.23097716641280644,0.0,2,0.0,-0.21589733550455797,262144.0,2621440.0,1,0.03828125,257.22517850666947,0.059375,3.950095236301422,73.21905165373357,10,2
117.3469642175847,2,1.0,0.0,0.0,0.0,0.0,0.0,0.0,0.0,100000000.0,0.0,0.0,0.0,0.0,0.0,0.0,0.2,1.0,0.0,150.89665073901415,0.22637030379832918,0.22637030379832918,40,0.0,117.3469642175847,False,0.13453602348760726,1.2391225686130454,0.1,6,4.0,5.0,0.1,2,69.04641206433256,0.0,0.4116046160656809,0.0,2,0.0,-0.1804531636429682,262144.0,2621440.0,2,0.03828125,226.3703037983292,0.0734375,4.039391148090362,117.34696421758468,10,2
85.90193224300786,2,1.0,0.0,0.0,0.0,0.0,0.0,0.0,0.0,100000000.0,0.0,0.0,0.0,0.0,0.0,0.0,0.2,1.0,0.0,138.04056402295828,0.20192728369658036,0.20192728369658036,40,0.0,85.90193224300786,False,0.13759886835412635,1.267332412340246,0.1,6,4.0,5.0,0.1,2,57.880378062650315,0.0,0.3262040032008524,0.0,2,0.0,-0.16976307602535334,262144.0,2621440.0,3,0.03828125,201.92728369658036,0.065625,3.9854474902153014,85.90193224300786,10,2
92.72431882668572,2,1.0,0.0,0.0,0.0,0.0,0.0,0.0,0.0,100000000.0,0.0,0.0,0.0,0.0,0.0,0.0,0.4,2.0,0.0,184.11932419985533,0.2768436430265411,0.2768436430265411,41,0.0,92.72431882668572,False,0.1538846477886343,1.417329984154994,0.1,7,4.0,5.0,0.1,2,60.966061790314335,0.0,0.3425019179243781,0.0,2,0.0,-0.2153641454075877,262144.0,2621440.0,1,,276.8436430265411,0.0578125,4.137601149082184,92.72431882668573,10,2
92.91243247781591,2,1.0,0.0,0.0,0.0,0.0,0.0,0.0,0.0,100000000.0,0.0,0.0,0.0,0.0,0.0,0.0,0.0,0.0,0.0,135.67075319588184,0.22500163104478915,0.22500163104478915,41,0.0,92.91243247781591,False,0.12066536028464922,1.1113690393287563,0.1,5,4.0,5.0,0.1,2,64.62491947653741,0.0,0.30445347567487835,0.0,2,0.0,-0.17283349566471917,262144.0,2621440.0,2,,225.00163104478915,0.0421875,4.241896033287048,92.91243247781593,10,2
148.2673391052009,2,1.0,0.0,0.0,0.0,0.0,0.0,0.0,0.0,100000000.0,0.0,0.0,0.0,0.0,0.0,0.0,0.6,3.0,0.0,178.12801990658045,0.24629634416084234,0.24629634416084234,41,0.0,148.2673391052009,False,0.16530887508875164,1.5225510060758973,0.1,8,4.0,5.0,0.1,2,68.42070227306398,0.0,0.5385315290205817,0.0,2,0.0,-0.205802609624797,262144.0,2621440.0,3,,246.29634416084235,0.05,4.178884327411652,148.2673391052009,10,2
84.35200773022704,2,1.0,0.0,0.0,0.0,0.0,0.0,0.0,0.0,100000000.0,0.0,0.0,0.0,0.0,0.0,0.0,0.4,2.0,0.0,204.6151226386428,0.28896713036886984,0.28896713036886984,42,0.0,84.35200773022704,False,0.16163496468617577,1.4887130407720295,0.1,7,4.0,5.0,0.1,2,60.49757244825865,0.0,0.2827962952376804,0.0,2,0.0,-0.2253010475275228,262144.0,2621440.0,1,,288.96713036886985,0.078125,3.927373969554901,84.35200773022706,10,2
95.10422083306942,2,1.0,0.0,0.0,0.0,0.0,0.0,0.0,0.0,100000000.0,0.0,0.0,0.0,0.0,0.0,0.0,0.2,1.0,0.0,132.70673202350736,0.19574159900415575,0.19574159900415575,42,0.0,95.10422083306942,False,0.12572213596879458,1.1579436645644678,0.1,6,4.0,5.0,0.1,2,64.47724114051599,0.0,0.32203596669290924,0.0,2,0.0,-0.16073186748647517,262144.0,2621440.0,2,,195.74159900415574,0.0515625,4.049029970169068,95.10422083306943,10,2
91.97356497825679,2,1.0,0.0,0.0,0.0,0.0,0.0,0.0,0.0,100000000.0,0.0,0.0,0.0,0.0,0.0,0.0,0.2,1.0,0.0,170.62342539429665,0.26259699037255346,0.26259699037255346,42,0.0,91.97356497825679,False,0.13759886835412635,1.267332412340246,0.1,6,4.0,5.0,0.1,2,61.80760057200837,0.0,0.32798515979433734,0.0,2,0.0,-0.20009792936333992,262144.0,2621440.0,3,,262.5969903725535,0.090625,3.9919737577438354,91.9735649782568,10,2
123.33991140197948,2,1.0,0.0,0.0,0.0,0.0,0.0,0.0,0.0,100000000.0,0.0,0.0,0.0,0.0,0.0,0.0,0.4,2.0,0.0,138.21369595825672,0.2615536073602362,0.2615536073602362,43,0.0,123.33991140197948,False,0.1520321150998103,1.4002675275407128,0.1,7,4.0,5.0,0.1,2,68.62781555250805,0.0,0.4435879288996583,0.0,2,0.0,-0.20679286123002324,262144.0,2621440.0,1,,261.5536073602362,0.0875,3.892155385017395,123.33991140197949,10,2
76.47281639057053,2,1.0,0.0,0.0,0.0,0.0,0.0,0.0,0.0,100000000.0,0.0,0.0,0.0,0.0,0.0,0.0,0.2,1.0,0.0,170.19210429862142,0.24666492068919194,0.24666492068919194,43,0.0,76.47281639057053,False,0.12544798013334527,1.155418596005016,0.1,6,4.0,5.0,0.1,2,59.350574519637746,0.0,0.223899715991682,0.0,2,0.0,-0.18605645041126861,262144.0,2621440.0,2,,246.66492068919194,0.0578125,3.975651216506958,76.47281639057053,10,2
89.22028180610042,2,1.0,0.0,0.0,0.0,0.0,0.0,0.0,0.0,100000000.0,0.0,0.0,0.0,0.0,0.0,0.0,0.4,2.0,0.0,166.8827598914504,0.2561030416975508,0.2561030416975508,43,0.0,89.22028180610042,False,0.14337861963044662,1.3205658888605196,0.1,7,4.0,5.0,0.1,2,59.09495387490373,0.0,0.3376511183484838,0.0,2,0.0,-0.19974083066399873,262144.0,2621440.0,3,,256.10304169755085,0.0796875,3.9976679265499113,89.22028180610043,10,2
107.68898750989582,2,1.0,0.0,0.0,0.0,0.0,0.0,0.0,0.0,100000000.0,0.0,0.0,0.0,0.0,0.0,0.0,0.4,2.0,0.0,202.35278690233827,0.25692778359813084,0.25692778359813084,44,0.0,107.68898750989582,False,0.15191316148303477,1.3991719242417324,0.1,7,4.0,5.0,0.1,2,61.185241069024336,0.0,0.43183381621633443,0.0,2,0.0,-0.20442047254058282,262144.0,2621440.0,1,,256.9277835981308,0.075,3.9551109850406645,107.68898750989585,10,2
70.63045075188106,2,1.0,0.0,0.0,0.0,0.0,0.0,0.0,0.0,100000000.0,0.0,0.0,0.0,0.0,0.0,0.0,0.2,1.0,0.0,127.8797467239201,0.19851019747580118,0.19851019747580118,44,0.0,70.63045075188106,False,0.12404599815487696,1.1425058647879465,0.1,6,4.0,5.0,0.1,2,57.5032811935069,0.0,0.1858570831508469,0.0,2,0.0,-0.16127809781533908,262144.0,2621440.0,2,,198.51019747580116,0.0875,3.9475051522254945,70.63045075188106,10,2
73.28314720171541,2,1.0,0.0,0.0,0.0,0.0,0.0,0.0,0.0,100000000.0,0.0,0.0,0.0,0.0,0.0,0.0,0.0,0.0,0.0,147.19443442299962,0.20452541498917193,0.20452541498917193,44,0.0,73.28314720171541,False,0.12943135247070348,1.1921068110603996,0.1,5,4.0,5.0,0.1,2,57.947473128376885,0.0,0.20926604081462746,0.0,2,0.0,-0.1669783837299377,262144.0,2621440.0,3,,204.52541498917194,0.0921875,3.9350320994853973,73.28314720171541,10,2
123.90154090085267,2,1.0,0.0,0.0,0.0,0.0,0.0,0.0,0.0,100000000.0,0.0,0.0,0.0,0.0,0.0,0.0,0.2,1.0,0.0,149.52585566788912,0.23583571009644505,0.23583571009644505,45,0.0,123.90154090085267,False,0.1346761824854483,1.2404134806893563,0.1,6,4.0,5.0,0.1,2,61.35071050764385,0.0,0.5048430385806311,0.0,2,0.0,-0.18525594629094666,262144.0,2621440.0,1,,235.83571009644504,0.0703125,3.9319300413131715,123.90154090085267,10,2
106.96898323790356,2,1.0,0.0,0.0,0.0,0.0,0.0,0.0,0.0,100000000.0,0.0,0.0,0.0,0.0,0.0,0.0,0.2,1.0,0.0,151.23953577131033,0.21868306088567896,0.21868306088567896,45,0.0,106.96898323790356,False,0.13182190783106706,1.2141246396074004,0.1,6,4.0,5.0,0.1,2,64.43490423925961,0.0,0.39763002050834073,0.0,2,0.0,-0.175252484358373,262144.0,2621440.0,2,,218.68306088567897,0.05625,3.9659566640853883,106.96898323790356,10,2
117.06289652221113,2,1.0,0.0,0.0,0.0,0.0,0.0,0.0,0.0,100000000.0,0.0,0.0,0.0,0.0,0.0,0.0,0.6,3.0,0.0,202.5241800583899,0.31958707658060104,0.31958707658060104,45,0.0,117.06289652221113,False,0.17290841442274668,1.5925453500122129,0.1,8,4.0,5.0,0.1,2,66.50181832843325,0.0,0.4319137805050347,0.0,2,0.0,-0.24624774550167386,262144.0,2621440.0,3,,319.58707658060104,0.090625,3.9876628875732423,117.06289652221113,10,2
135.1639144925654,2,1.0,0.0,0.0,0.0,0.0,0.0,0.0,0.0,100000000.0,0.0,0.0,0.0,0.0,0.0,0.0,0.2,1.0,0.0,151.87895623967052,0.24468947955055836,0.24468947955055836,46,0.0,135.1639144925654,False,0.14436469624778347,1.3296479901390388,0.1,6,4.0,5.0,0.1,2,64.846688755466,0.0,0.5202366770826776,0.0,2,0.0,-0.19452708789917092,262144.0,2621440.0,1,,244.68947955055836,0.071875,3.877124547958374,135.16391449256543,10,2
82.55514465763193,2,1.0,0.0,0.0,0.0,0.0,0.0,0.0,0.0,100000000.0,0.0,0.0,0.0,0.0,0.0,0.0,0.2,1.0,0.0,160.30682437121868,0.22027242366294558,0.22027242366294558,46,0.0,82.55514465763193,False,0.13616338258408844,1.2541110997990685,0.1,6,4.0,5.0,0.1,2,57.116868928921946,0.0,0.30813677129640044,0.0,2,0.0,-0.178217903123517,262144.0,2621440.0,2,,220.27242366294558,0.0671875,3.9186816573143006,82.55514465763193,10,2
130.322791636039,2,1.0,0.0,0.0,0.0,0.0,0.0,0.0,0.0,100000000.0,0.0,0.0,0.0,0.0,0.0,0.0,0.4,2.0,0.0,182.62449372559786,0.31294728536163685,0.31294728536163685,46,0.0,130.322791636039,False,0.1401370969880129,1.2907103620002374,0.1,7,4.0,5.0,0.1,2,62.79946054367558,0.0,0.5181237314263514,0.0,2,0.0,-0.22654219117482488,262144.0,2621440.0,3,,312.94728536163683,0.0796875,3.938762253522873,130.322791636039,10,2
71.29359424876199,2,1.0,0.0,0.0,0.0,0.0,0.0,0.0,0.0,100000000.0,0.0,0.0,0.0,0.0,0.0,0.0,0.4,2.0,0.0,186.29252584651113,0.2575861200952731,0.2575861200952731,47,0.0,71.29359424876199,False,0.16535646285918562,1.5229893056391377,0.1,7,4.0,5.0,0.1,2,54.5904393376098,0.0,0.23428689613923115,0.0,2,0.0,-0.21147129147722937,262144.0,2621440.0,1,,257.5861200952731,0.0609375,3.8841806828975676,71.29359424876199,10,2
94.21309483688732,2,1.0,0.0,0.0,0.0,0.0,0.0,0.0,0.0,100000000.0,0.0,0.0,0.0,0.0,0.0,0.0,0.2,1.0,0.0,132.41355307400227,0.2266266479108896,0.2266266479108896,47,0.0,94.21309483688732,False,0.12228672345912983,1.1263023460323105,0.1,6,4.0,5.0,0.1,2,64.10579373139349,0.0,0.31956599194219326,0.0,2,0.0,-0.17445668568500972,262144.0,2621440.0,2,,226.6266479108896,0.0765625,3.9473223090171814,94.21309483688734,10,2
169.4401007482009,2,1.0,0.0,0.0,0.0,0.0,0.0,0.0,0.0,100000000.0,0.0,0.0,0.0,0.0,0.0,0.0,0.0,0.0,0.0,132.4311508797109,0.30020928647007517,0.30020928647007517,47,0.0,169.4401007482009,False,0.1327360832997409,1.2225445068335974,0.1,5,4.0,5.0,0.1,2,69.4461651232755,0.0,0.5901432729523866,0.0,2,0.0,-0.21647268488490803,262144.0,2621440.0,3,,300.20928647007514,0.096875,3.9744603037834167,169.44010074820093,10,2
71.28647718610034,2,1.0,0.0,0.0,0.0,0.0,0.0,0.0,0.0,100000000.0,0.0,0.0,0.0,0.0,0.0,0.0,0.6,3.0,0.0,178.94256999716163,0.250229047183262,0.250229047183262,48,0.0,71.28647718610034,False,0.16397201627503713,1.5102380813723104,0.1,8,4.0,5.0,0.1,2,55.98936050056676,0.0,0.2145865147130073,0.0,2,0.0,-0.20710053172914955,262144.0,2621440.0,1,,250.229047183262,0.06875,3.8940338134765624,71.28647718610034,10,2
114.28353115457953,2,1.0,0.0,0.0,0.0,0.0,0.0,0.0,0.0,100000000.0,0.0,0.0,0.0,0.0,0.0,0.0,0.2,1.0,0.0,173.80435252562165,0.23874925048563544,0.23874925048563544,48,0.0,114.28353115457953,False,0.12970970843533575,1.1946705642392326,0.1,6,4.0,5.0,0.1,2,65.34002333546604,0.0,0.42826387428397417,0.0,2,0.0,-0.1842294794604856,262144.0,2621440.0,2,,238.74925048563546,0.0890625,3.905690276622772,114.28353115457955,10,2
117.39629079944585,2,1.0,0.0,0.0,0.0,0.0,0.0,0.0,0.0,100000000.0,0.0,0.0,0.0,0.0,0.0,0.0,0.0,0.0,0.0,120.49856130033731,0.21937103887445425,0.21937103887445425,48,0.0,117.39629079944585,False,0.13089118126324265,1.2055523311244962,0.1,5,4.0,5.0,0.1,2,60.920438912223915,0.0,0.48107015564659156,0.0,2,0.0,-0.17513111006884846,262144.0,2621440.0,3,,219.37103887445426,0.09375,3.8904755413532257,117.39629079944586,10,2
127.5738398765405,2,1.0,0.0,0.0,0.0,0.0,0.0,0.0,0.0,100000000.0,0.0,0.0,0.0,0.0,0.0,0.0,0.4,2.0,0.0,207.02163642272353,0.33459547629926406,0.33459547629926406,49,0.0,127.5738398765405,False,0.14674567989619294,1.3515776599609997,0.1,7,4.0,5.0,0.1,2,69.48844764524925,0.0,0.4553080183798132,0.0,2,0.0,-0.24067057809772852,262144.0,2621440.0,1,,334.5954762992641,0.065625,3.955172395706177,127.57383987654053,10,2
78.24160080055124,2,1.0,0.0,0.0,0.0,0.0,0.0,0.0,0.0,100000000.0,0.0,0.0,0.0,0.0,0.0,0.0,0.6,3.0,0.0,161.02515161037445,0.2392667524109257,0.2392667524109257,49,0.0,78.24160080055124,False,0.18743457713050143,1.7263362528493413,0.1,8,4.0,5.0,0.1,2,53.8998106399787,0.0,0.3111105845421435,0.0,2,0.0,-0.21335066477071357,262144.0,2621440.0,2,,239.2667524109257,0.0859375,3.9178292751312256,78.24160080055124,10,2
93.73537847035693,2,1.0,0.0,0.0,0.0,0.0,0.0,0.0,0.0,100000000.0,0.0,0.0,0.0,0.0,0.0,0.0,0.8,4.0,0.0,237.2719021514058,0.33100728062176277,0.33100728062176277,49,0.0,93.73537847035693,False,0.2352215022268131,2.1664700983165024,0.1,9,4.0,5.0,0.1,2,67.73226690561953,0.0,0.2774097890153682,0.0,2,0.0,-0.28311439142428796,262144.0,2621440.0,3,,331.0072806217628,0.0953125,3.8793627619743347,93.73537847035695,10,2
94.3293793632453,2,1.0,0.0,0.0,0.0,0.0,0.0,0.0,0.0,100000000.0,0.0,0.0,0.0,0.0,0.0,0.0,0.2,1.0,0.0,131.45352248102427,0.22578290184426955,0.22578290184426955,50,0.0,94.3293793632453,False,0.14317388090716882,1.318680175531807,0.1,6,4.0,5.0,0.1,2,69.3264625444818,0.0,0.2650596981294853,0.0,2,0.0,-0.1844783913757192,262144.0,2621440.0,1,0.05234375,225.78290184426956,0.0625,3.9082334637641907,94.32937936324528,10,2
144.96055438369774,2,1.0,0.0,0.0,0.0,0.0,0.0,0.0,0.0,100000000.0,0.0,0.0,0.0,0.0,0.0,0.0,0.6,3.0,0.0,213.02458783611655,0.3306929178543292,0.3306929178543292,50,0.0,144.96055438369774,False,0.18743457713050143,1.7263362528493413,0.1,8,4.0,5.0,0.1,2,70.67005516128262,0.0,0.5124876870005253,0.0,2,0.0,-0.25906374749241534,262144.0,2621440.0,2,0.05234375,330.6929178543292,0.0875,3.9510072112083434,144.96055438369774,10,2
104.03871406161062,2,1.0,0.0,0.0,0.0,0.0,0.0,0.0,0.0,100000000.0,0.0,0.0,0.0,0.0,0.0,0.0,0.4,2.0,0.0,169.78159453719854,0.2738203085988092,0.2738203085988092,50,0.0,104.03871406161062,False,0.14089247692878792,1.2976676683649384,0.1,7,4.0,5.0,0.1,2,65.61558515991435,0.0,0.3693156845339563,0.0,2,0.0,-0.20735639276379855,262144.0,2621440.0,3,0.05234375,273.82030859880916,0.0765625,3.97234006524086,104.03871406161063,10,2
103.5169840608302,2,1.0,0.0,0.0,0.0,0.0,0.0,0.0,0.0,100000000.0,0.0,0.0,0.0,0.0,0.0,0.0,0.0,0.0,0.0,118.27883310616016,0.22136791402516398,0.22136791402516398,51,0.0,103.5169840608302,False,0.12584605766839435,1.1590850255972556,0.1,5,4.0,5.0,0.1,2,69.94657304885177,0.0,0.324298580726147,0.0,2,0.0,-0.17360698584677917,262144.0,2621440.0,1,,221.36791402516397,0.071875,3.997571676969528,103.51698406083021,10,2
121.58202936575881,2,1.0,0.0,0.0,0.0,0.0,0.0,0.0,0.0,100000000.0,0.0,0.0,0.0,0.0,0.0,0.0,0.2,1.0,0.0,152.78414823114872,0.27436617759690757,0.27436617759690757,51,0.0,121.58202936575881,False,0.1270060217685729,1.169768689779173,0.1,6,4.0,5.0,0.1,2,71.10021234821068,0.0,0.4152078829485745,0.0,2,0.0,-0.20068609968274023,262144.0,2621440.0,2,,274.36617759690756,0.0546875,4.0890581727027895,121.58202936575884,10,2
69.45239959001138,2,1.0,0.0,0.0,0.0,0.0,0.0,0.0,0.0,100000000.0,0.0,0.0,0.0,0.0,0.0,0.0,0.2,1.0,0.0,149.9412595294416,0.21939365911945297,0.21939365911945297,51,0.0,69.45239959001138,False,0.14075441929456192,1.2963961105627673,0.1,6,4.0,5.0,0.1,2,53.21991204475891,0.0,0.23372104694834803,0.0,2,0.0,-0.18007403920700743,262144.0,2621440.0,3,,219.39365911945296,0.0875,4.0255728483200075,69.45239959001138,10,2
62.38620434280988,2,1.0,0.0,0.0,0.0,0.0,0.0,0.0,0.0,100000000.0,0.0,0.0,0.0,0.0,0.0,0.0,0.2,1.0,0.0,151.59710682928562,0.21398331117209551,0.21398331117209551,52,0.0,62.38620434280988,False,0.1421928147922678,1.3096442226861564,0.1,6,4.0,5.0,0.1,2,52.6970843345817,0.0,0.15530869541264009,0.0,2,0.0,-0.17808806298218166,262144.0,2621440.0,1,,213.9833111720955,0.0875,3.861819660663605,62.38620434280989,10,2
77.0913304780418,2,1.0,0.0,0.0,0.0,0.0,0.0,0.0,0.0,100000000.0,0.0,0.0,0.0,0.0,0.0,0.0,0.0,0.0,0.0,130.35391410812736,0.19228306254565658,0.19228306254565658,52,0.0,77.0913304780418,False,0.12593683039229298,1.1599210732808531,0.1,5,4.0,5.0,0.1,2,58.779044604864474,0.0,0.23754014568983578,0.0,2,0.0,-0.15910994646897478,262144.0,2621440.0,2,,192.28306254565658,0.0921875,3.8826648890972137,77.0913304780418,10,2
106.87777995890002,2,1.0,0.0,0.0,0.0,0.0,0.0,0.0,0.0,100000000.0,0.0,0.0,0.0,0.0,0.0,0.0,0.4,2.0,0.0,173.0818310752511,0.2799596110341511,0.2799596110341511,52,0.0,106.87777995890002,False,0.14227668750864766,1.3104167189519371,0.1,7,4.0,5.0,0.1,2,69.76275874855256,0.0,0.3472660194160104,0.0,2,0.0,-0.21111814927139938,262144.0,2621440.0,3,,279.9596110341511,0.1109375,3.888884437084198,106.87777995890004,10,2
76.04371824764401,2,1.0,0.0,0.0,0.0,0.0,0.0,0.0,0.0,100000000.0,0.0,0.0,0.0,0.0,0.0,0.0,0.6,3.0,0.0,194.50022280216217,0.27054394104980617,0.27054394104980617,53,0.0,76.04371824764401,False,0.18229046652178288,1.6789572432319497,0.1,8,4.0,5.0,0.1,2,63.195653640458886,0.0,0.16895629123952244,0.0,2,0.0,-0.22641720378579452,262144.0,2621440.0,1,,270.54394104980616,0.1015625,3.8021310806274413,76.04371824764401,10,2
210.0866740200321,2,1.0,0.0,0.0,0.0,0.0,0.0,0.0,0.0,100000000.0,0.0,0.0,0.0,0.0,0.0,0.0,0.2,1.0,0.0,156.27030935138464,0.36635698337141676,0.36635698337141676,53,0.0,210.0866740200321,False,0.1329363466924807,1.2243890008447775,0.1,6,4.0,5.0,0.1,2,82.98163979379284,0.0,0.6050123589186794,0.0,2,0.0,-0.2496466650319487,262144.0,2621440.0,2,,366.35698337141673,0.078125,3.9760908246040345,210.08667402003212,10,2
144.745919467061,2,1.0,0.0,0.0,0.0,0.0,0.0,0.0,0.0,100000000.0,0.0,0.0,0.0,0.0,0.0,0.0,0.6,3.0,0.0,200.72284620255232,0.3454687656696133,0.3454687656696133,53,0.0,144.745919467061,False,0.17703473221173194,1.6305501413317072,0.1,8,4.0,5.0,0.1,2,66.65013915635541,0.0,0.5395370080085565,0.0,2,0.0,-0.2612517489406726,262144.0,2621440.0,3,,345.46876566961333,0.1015625,3.7867196559906007,144.74591946706101,10,2
64.6471691003597,2,1.0,0.0,0.0,0.0,0.0,0.0,0.0,0.0,100000000.0,0.0,0.0,0.0,0.0,0.0,0.0,0.4,2.0,0.0,162.81367698684335,0.22746084608720307,0.22746084608720307,54,0.0,64.6471691003597,False,0.16630248736571557,1.5317025133445092,0.1,7,4.0,5.0,0.1,2,54.60593122634804,0.0,0.15532370579790475,0.0,2,0.0,-0.19688166672645932,262144.0,2621440.0,1,,227.46084608720307,0.0828125,3.8569322884082795,64.64716910035972,10,2
68.87295927816824,2,1.0,0.0,0.0,0.0,0.0,0.0,0.0,0.0,100000000.0,0.0,0.0,0.0,0.0,0.0,0.0,0.6,3.0,0.0,220.80167289823294,0.28967463217640116,0.28967463217640116,54,0.0,68.87295927816824,False,0.15270819363503757,1.406494440968343,0.1,8,4.0,5.0,0.1,2,56.07895777911669,0.0,0.18576233159052108,0.0,2,0.0,-0.22119141290571936,262144.0,2621440.0,2,,289.67463217640113,0.071875,3.9538338780403137,68.87295927816824,10,2
95.90170651684552,2,1.0,0.0,0.0,0.0,0.0,0.0,0.0,0.0,100000000.0,0.0,0.0,0.0,0.0,0.0,0.0,0.0,0.0,0.0,137.01735204085708,0.20932293895642312,0.20932293895642312,54,0.0,95.90170651684552,False,0.1298370043403084,1.1958430028519893,0.1,5,4.0,5.0,0.1,2,62.349051565298815,0.0,0.34986504589105566,0.0,2,0.0,-0.16957997164836575,262144.0,2621440.0,3,,209.32293895642312,0.0890625,3.933431476354599,95.90170651684552,10,2
83.55171165721686,2,1.0,0.0,0.0,0.0,0.0,0.0,0.0,0.0,100000000.0,0.0,0.0,0.0,0.0,0.0,0.0,0.6,3.0,0.0,220.35456402227283,0.3039062756794897,0.3039062756794897,55,0.0,83.55171165721686,False,0.17423928973207298,1.604803164603767,0.1,8,4.0,5.0,0.1,2,61.88906407143443,0.0,0.2592723375274058,0.0,2,0.0,-0.23907278270578133,262144.0,2621440.0,1,,303.9062756794897,0.090625,3.8039656043052674,83.55171165721686,10,2
145.5450698492626,2,1.0,0.0,0.0,0.0,0.0,0.0,0.0,0.0,100000000.0,0.0,0.0,0.0,0.0,0.0,0.0,0.6,3.0,0.0,173.81278239190578,0.3193578522411684,0.3193578522411684,55,0.0,145.5450698492626,False,0.16989638875943847,1.5648035684440167,0.1,8,4.0,5.0,0.1,2,73.48624863506491,0.0,0.49509627010263707,0.0,2,0.0,-0.24462712050030344,262144.0,2621440.0,2,,319.3578522411684,0.084375,3.8975982069969177,145.5450698492626,10,2
110.24123019631061,2,1.0,0.0,0.0,0.0,0.0,0.0,0.0,0.0,100000000.0,0.0,0.0,0.0,0.0,0.0,0.0,0.0,0.0,0.0,147.36660616472363,0.2504939945330754,0.2504939945330754,55,0.0,110.24123019631061,False,0.1348353748725944,1.2418796967595993,0.1,5,4.0,5.0,0.1,2,68.71627773401882,0.0,0.3766735221327518,0.0,2,0.0,-0.1926646847028349,262144.0,2621440.0,3,,250.4939945330754,0.0796875,3.872628927230835,110.24123019631062,10,2
101.5976156661291,2,1.0,0.0,0.0,0.0,0.0,0.0,0.0,0.0,100000000.0,0.0,0.0,0.0,0.0,0.0,0.0,0.4,2.0,0.0,156.45426325500011,0.21837378812339264,0.21837378812339264,56,0.0,101.5976156661291,False,0.1558839099575033,1.435743869223093,0.1,7,4.0,5.0,0.1,2,60.72392650318956,0.0,0.40230953152738336,0.0,2,0.0,-0.18712884904044796,262144.0,2621440.0,1,,218.37378812339264,0.0875,3.762540638446808,101.5976156661291,10,2
73.28965876600246,2,1.0,0.0,0.0,0.0,0.0,0.0,0.0,0.0,100000000.0,0.0,0.0,0.0,0.0,0.0,0.0,0.6,3.0,0.0,218.56910828500986,0.2918587670510123,0.2918587670510123,56,0.0,73.28965876600246,False,0.18137790765063855,1.6705522654192442,0.1,8,4.0,5.0,0.1,2,58.22076209547499,0.0,0.20560740661433693,0.0,2,0.0,-0.23661833735082544,262144.0,2621440.0,2,,291.8587670510123,0.1,3.8058629035949707,73.28965876600246,10,2
72.25239902162619,2,1.0,0.0,0.0,0.0,0.0,0.0,0.0,0.0,100000000.0,0.0,0.0,0.0,0.0,0.0,0.0,0.2,1.0,0.0,126.40517391264439,0.1871469839379809,0.1871469839379809,56,0.0,72.25239902162619,False,0.13759886835412635,1.267332412340246,0.1,6,4.0,5.0,0.1,2,56.23258354623283,0.0,0.22172018773519755,0.0,2,0.0,-0.16237292614605364,262144.0,2621440.0,3,,187.1469839379809,0.0796875,3.823336088657379,72.25239902162619,10,2
75.06613077796368,2,1.0,0.0,0.0,0.0,0.0,0.0,0.0,0.0,100000000.0,0.0,0.0,0.0,0.0,0.0,0.0,0.4,2.0,0.0,200.34541003406048,0.2754115408120241,0.2754115408120241,57,0.0,75.06613077796368,False,0.15540472034538913,1.4313303697928061,0.1,7,4.0,5.0,0.1,2,58.42049480284433,0.0,0.22174628960636159,0.0,2,0.0,-0.2154081305787066,262144.0,2621440.0,1,,275.4115408120241,0.0765625,3.7729228138923645,75.06613077796368,10,2
82.62936962189616,2,1.0,0.0,0.0,0.0,0.0,0.0,0.0,0.0,100000000.0,0.0,0.0,0.0,0.0,0.0,0.0,0.2,1.0,0.0,139.10766365006566,0.22173703327196181,0.22173703327196181,57,0.0,82.62936962189616,False,0.13121599035602158,1.208543933424903,0.1,6,4.0,5.0,0.1,2,58.393115108587835,0.0,0.2933128332481662,0.0,2,0.0,-0.1764765118139917,262144.0,2621440.0,2,,221.73703327196182,0.090625,3.8778406620025634,82.62936962189616,10,2
88.77192830533484,2,1.0,0.0,0.0,0.0,0.0,0.0,0.0,0.0,100000000.0,0.0,0.0,0.0,0.0,0.0,0.0,0.2,1.0,0.0,167.55952313542366,0.25633145144075853,0.25633145144075853,57,0.0,88.77192830533484,False,0.13267773314821407,1.2220070820772788,0.1,6,4.0,5.0,0.1,2,60.61967274090042,0.0,0.3171301570424779,0.0,2,0.0,-0.1945045922944863,262144.0,2621440.0,3,,256.33145144075854,0.09375,3.8589358568191527,88.77192830533485,10,2
88.29075907610208,2,1.0,0.0,0.0,0.0,0.0,0.0,0.0,0.0,100000000.0,0.0,0.0,0.0,0.0,0.0,0.0,0.0,0.0,0.0,120.48192415386438,0.20877268322996645,0.20877268322996645,58,0.0,88.29075907610208,False,0.13044935415409534,1.2014829530636835,0.1,5,4.0,5.0,0.1,2,61.576380361860274,0.0,0.302572760657946,0.0,2,0.0,-0.16961101869203088,262144.0,2621440.0,1,,208.77268322996645,0.1234375,3.8111519813537598,88.29075907610208,10,2
124.9986199307519,2,1.0,0.0,0.0,0.0,0.0,0.0,0.0,0.0,100000000.0,0.0,0.0,0.0,0.0,0.0,0.0,0.4,2.0,0.0,180.7701368816197,0.3057687568123716,0.3057687568123716,58,0.0,124.9986199307519,False,0.14434315873737183,1.3294496223373826,0.1,7,4.0,5.0,0.1,2,64.7996541869656,0.0,0.48159704304844314,0.0,2,0.0,-0.2250559577748717,262144.0,2621440.0,2,,305.7687568123716,0.1140625,3.7560006737709046,124.9986199307519,10,2
104.34562105332104,2,1.0,0.0,0.0,0.0,0.0,0.0,0.0,0.0,100000000.0,0.0,0.0,0.0,0.0,0.0,0.0,0.2,1.0,0.0,137.48236326500773,0.2178561338001916,0.2178561338001916,58,0.0,104.34562105332104,False,0.13383406951925417,1.2326573336390538,0.1,6,4.0,5.0,0.1,2,63.82953943544038,0.0,0.3882873206262942,0.0,2,0.0,-0.1758451016597229,262144.0,2621440.0,3,,217.8561338001916,0.11875,3.878902018070221,104.34562105332107,10,2
69.56703627478754,2,1.0,0.0,0.0,0.0,0.0,0.0,0.0,0.0,100000000.0,0.0,0.0,0.0,0.0,0.0,0.0,0.2,1.0,0.0,146.99262334033847,0.20246206156169577,0.20246206156169577,59,0.0,69.56703627478754,False,0.1346761824854483,1.2404134806893563,0.1,6,4.0,5.0,0.1,2,54.9267826745835,0.0,0.2104481430310688,0.0,2,0.0,-0.16856912202357205,262144.0,2621440.0,1,,202.46206156169578,0.109375,3.7822550415992735,69.56703627478753,10,2
96.09121338605144,2,1.0,0.0,0.0,0.0,0.0,0.0,0.0,0.0,100000000.0,0.0,0.0,0.0,0.0,0.0,0.0,0.6,3.0,0.0,203.9395640604198,0.3000307774464712,0.3000307774464712,59,0.0,96.09121338605144,False,0.18137790765063855,1.6705522654192442,0.1,8,4.0,5.0,0.1,2,59.190463412015916,0.0,0.38401794163827285,0.0,2,0.0,-0.24070434254855488,262144.0,2621440.0,2,,300.03077744647123,0.0796875,3.8603389382362367,96.09121338605144,10,2
60.57432632234807,2,1.0,0.0,0.0,0.0,0.0,0.0,0.0,0.0,100000000.0,0.0,0.0,0.0,0.0,0.0,0.0,0.4,2.0,0.0,160.42902041226625,0.22100334673461433,0.22100334673461433,59,0.0,60.57432632234807,False,0.1477932785040565,1.3612263997126313,0.1,7,4.0,5.0,0.1,2,53.89935862120298,0.0,0.11019466672438175,0.0,2,0.0,-0.18439831261933542,262144.0,2621440.0,3,,221.00334673461433,0.1109375,3.778092956542969,60.57432632234807,10,2
172.70627474303575,2,1.0,0.0,0.0,0.0,0.0,0.0,0.0,0.0,100000000.0,0.0,0.0,0.0,0.0,0.0,0.0,0.4,2.0,0.0,182.01918434351683,0.3547254590865526,0.3547254590865526,60,0.0,172.70627474303575,False,0.14310120748703165,1.318010828596348,0.1,7,4.0,5.0,0.1,2,83.13239280853594,0.0,0.5186486829605581,0.0,2,0.0,-0.24891333328679213,262144.0,2621440.0,1,0.05859375,354.72545908655263,0.0921875,3.714855808019638,172.70627474303578,10,2
74.12403968554581,2,1.0,0.0,0.0,0.0,0.0,0.0,0.0,0.0,100000000.0,0.0,0.0,0.0,0.0,0.0,0.0,0.8,4.0,0.0,181.16433825343847,0.2552883779389843,0.2552883779389843,60,0.0,74.12403968554581,False,0.20743719304391586,1.9105671537417954,0.1,9,4.0,5.0,0.1,2,63.05539823372193,0.0,0.14932593391806545,0.0,2,0.0,-0.23136278549145006,262144.0,2621440.0,2,0.05859375,255.2883779389843,0.090625,3.8320946037769317,74.12403968554581,10,2
95.38419029545959,2,1.0,0.0,0.0,0.0,0.0,0.0,0.0,0.0,100000000.0,0.0,0.0,0.0,0.0,0.0,0.0,0.4,2.0,0.0,178.61767997965217,0.27400187027511175,0.27400187027511175,60,0.0,95.38419029545959,False,0.1445248981156845,1.3311235038706337,0.1,7,4.0,5.0,0.1,2,60.68441067939301,0.0,0.36378963336147685,0.0,2,0.0,-0.20926338419539814,262144.0,2621440.0,3,0.05859375,274.00187027511174,0.0984375,3.869142138957977,95.38419029545958,10,2
77.4029417204319,2,1.0,0.0,0.0,0.0,0.0,0.0,0.0,0.0,100000000.0,0.0,0.0,0.0,0.0,0.0,0.0,0.4,2.0,0.0,103.80891943350434,0.18121186115393625,0.18121186115393625,61,0.0,77.4029417204319,False,0.13638348993605615,1.2561383634290655,0.1,7,4.0,5.0,0.1,2,55.71603671280532,0.0,0.2801819223609938,0.0,2,0.0,-0.1587976755449962,262144.0,2621440.0,1,,181.21186115393624,0.071875,3.965501123666763,77.40294172043191,10,2
149.11357205642625,2,1.0,0.0,0.0,0.0,0.0,0.0,0.0,0.0,100000000.0,0.0,0.0,0.0,0.0,0.0,0.0,0.4,2.0,0.0,96.33914614096284,0.24545271819738912,0.24545271819738912,61,0.0,149.11357205642625,False,0.13857809283360384,1.2763514030968048,0.1,7,4.0,5.0,0.1,2,76.10377723095858,0.0,0.48962541651030894,0.0,2,0.0,-0.19201540551549648,262144.0,2621440.0,2,,245.45271819738912,0.0796875,4.006178110837936,149.11357205642628,10,2
127.51678290876728,2,1.0,0.0,0.0,0.0,0.0,0.0,0.0,0.0,100000000.0,0.0,0.0,0.0,0.0,0.0,0.0,0.2,1.0,0.0,107.465751003474,0.1979510845347045,0.1979510845347045,61,0.0,127.51678290876728,False,0.13469042228429917,1.2405446340836013,0.1,6,4.0,5.0,0.1,2,69.0851553596781,0.0,0.4582269581792576,0.0,2,0.0,-0.16632075340950184,262144.0,2621440.0,3,,197.9510845347045,0.0734375,3.9789217114448547,127.51678290876728,10,2
67.29764523373892,2,1.0,0.0,0.0,0.0,0.0,0.0,0.0,0.0,100000000.0,0.0,0.0,0.0,0.0,0.0,0.0,0.0,0.0,0.0,65.85438828915358,0.13022275999577693,0.13022275999577693,62,0.0,67.29764523373892,False,0.13592517394409603,1.2519171171451928,0.1,5,4.0,5.0,0.1,2,53.836932396770734,0.0,0.2000175903661457,0.0,2,0.0,-0.13307396696993648,262144.0,2621440.0,1,,130.22275999577693,0.1015625,3.8436926007270813,67.29764523373892,10,2
85.4287827316188,2,1.0,0.0,0.0,0.0,0.0,0.0,0.0,0.0,100000000.0,0.0,0.0,0.0,0.0,0.0,0.0,0.0,0.0,0.0,101.20066022500396,0.17032995539936058,0.17032995539936058,62,0.0,85.4287827316188,False,0.11810894935369055,1.0878236245239865,0.1,5,4.0,5.0,0.1,2,66.69394530191015,0.0,0.21930357463438996,0.0,2,0.0,-0.14421945237652556,262144.0,2621440.0,2,,170.32995539936059,0.0984375,3.8564262092113495,85.4287827316188,10,2
93.8211011023811,2,1.0,0.0,0.0,0.0,0.0,0.0,0.0,0.0,100000000.0,0.0,0.0,0.0,0.0,0.0,0.0,0.2,1.0,0.0,79.28221952170134,0.15775737699806608,0.15775737699806608,62,0.0,93.8211011023811,False,0.13416712275853218,1.2357248673347936,0.1,6,4.0,5.0,0.1,2,62.90607877220625,0.0,0.3295103336768477,0.0,2,0.0,-0.14596224987829914,262144.0,2621440.0,3,,157.7573769980661,0.10625,3.7685909628868104,93.82110110238112,10,2
77.7330193699715,2,1.0,0.0,0.0,0.0,0.0,0.0,0.0,0.0,100000000.0,0.0,0.0,0.0,0.0,0.0,0.0,0.4,2.0,0.0,113.4551465511322,0.19118816592110371,0.19118816592110371,63,0.0,77.7330193699715,False,0.13769157404090435,1.2681862632698893,0.1,7,4.0,5.0,0.1,2,58.5834381181434,0.0,0.24635066805632974,0.0,2,0.0,-0.16443986998100402,262144.0,2621440.0,1,,191.18816592110372,0.103125,3.7786387860774995,77.7330193699715,10,2
106.87314041567667,2,1.0,0.0,0.0,0.0,0.0,0.0,0.0,0.0,100000000.0,0.0,0.0,0.0,0.0,0.0,0.0,0.4,2.0,0.0,124.79669135063887,0.21284321475206885,0.21284321475206885,63,0.0,106.87314041567667,False,0.14699541233286303,1.3538777807046543,0.1,7,4.0,5.0,0.1,2,68.11882949668347,0.0,0.36261974494490035,0.0,2,0.0,-0.17991931354246593,262144.0,2621440.0,2,,212.84321475206886,0.109375,3.7758246064186096,106.87314041567669,10,2
71.01131522114443,2,1.0,0.0,0.0,0.0,0.0,0.0,0.0,0.0,100000000.0,0.0,0.0,0.0,0.0,0.0,0.0,0.2,1.0,0.0,82.54048647359014,0.14332732337544726,0.14332732337544726,63,0.0,71.01131522114443,False,0.13501292630735337,1.2435150059072622,0.1,6,4.0,5.0,0.1,2,58.706890221091655,0.0,0.17327414598270938,0.0,2,0.0,-0.13917012484140032,262144.0,2621440.0,3,,143.32732337544726,0.1140625,3.7460899233818052,71.01131522114443,10,2
89.47354616622313,2,1.0,0.0,0.0,0.0,0.0,0.0,0.0,0.0,100000000.0,0.0,0.0,0.0,0.0,0.0,0.0,0.4,2.0,0.0,98.78144832327962,0.18825499448950278,0.18825499448950278,64,0.0,89.47354616622313,False,0.15593541143947187,1.4362182154016847,0.1,7,4.0,5.0,0.1,2,58.000659334364606,0.0,0.35175633670971845,0.0,2,0.0,-0.17209520296448733,262144.0,2621440.0,1,,188.2549944895028,0.09375,3.8201795339584352,89.47354616622314,10,2
245.39233122599984,2,1.0,0.0,0.0,0.0,0.0,0.0,0.0,0.0,100000000.0,0.0,0.0,0.0,0.0,0.0,0.0,0.4,2.0,0.0,97.38721419125795,0.31828090951425697,0.31828090951425697,64,0.0,245.39233122599984,False,0.15079079455023653,1.3888345427684097,0.1,7,4.0,5.0,0.1,2,73.87383991409567,0.0,0.6989561998738264,0.0,2,0.0,-0.23453585203224675,262144.0,2621440.0,2,,318.28090951425696,0.0890625,3.788379353284836,245.39233122599984,10,2
203.45622969655233,2,1.0,0.0,0.0,0.0,0.0,0.0,0.0,0.0,100000000.0,0.0,0.0,0.0,0.0,0.0,0.0,0.8,4.0,0.0,94.94974091649055,0.2984059706130429,0.2984059706130429,64,0.0,203.45622969655233,False,0.21457246038701022,1.9762853946167407,0.1,9,4.0,5.0,0.1,2,83.31799816118168,0.0,0.5904868664604299,0.0,2,0.0,-0.25648921550002657,262144.0,2621440.0,3,,298.40597061304294,0.1015625,3.817696970701218,203.45622969655236,10,2
161.8132504605463,2,1.0,0.0,0.0,0.0,0.0,0.0,0.0,0.0,100000000.0,0.0,0.0,0.0,0.0,0.0,0.0,0.2,1.0,0.0,91.68500220403075,0.24196209078363684,0.24196209078363684,65,0.0,161.8132504605463,False,0.13628441088351007,1.255225811631383,0.1,6,4.0,5.0,0.1,2,67.80126367010108,0.0,0.5809906575813298,0.0,2,0.0,-0.18912325083357345,262144.0,2621440.0,1,,241.96209078363685,0.0828125,3.754524028301239,161.8132504605463,10,2
127.73218304946865,2,1.0,0.0,0.0,0.0,0.0,0.0,0.0,0.0,100000000.0,0.0,0.0,0.0,0.0,0.0,0.0,0.4,2.0,0.0,95.09091870859265,0.20309946333154882,0.20309946333154882,65,0.0,127.73218304946865,False,0.15029684627741555,1.3842851110495789,0.1,7,4.0,5.0,0.1,2,69.85481108237984,0.0,0.45311503009913967,0.0,2,0.0,-0.1766981548044822,262144.0,2621440.0,2,,203.09946333154883,0.1,3.841702288389206,127.73218304946865,10,2
58.86431162851341,2,1.0,0.0,0.0,0.0,0.0,0.0,0.0,0.0,100000000.0,0.0,0.0,0.0,0.0,0.0,0.0,0.6,3.0,0.0,91.82928828522563,0.15069359991373904,0.15069359991373904,65,0.0,58.86431162851341,False,0.1743844642995142,1.6061402717832551,0.1,8,4.0,5.0,0.1,2,52.380900903962406,0.0,0.11014162138626779,0.0,2,0.0,-0.16253903210662662,262144.0,2621440.0,3,,150.69359991373904,0.0984375,3.745131266117096,58.86431162851341,10,2
110.7468193905828,2,1.0,0.0,0.0,0.0,0.0,0.0,0.0,0.0,100000000.0,0.0,0.0,0.0,0.0,0.0,0.0,0.4,2.0,0.0,98.70152967050672,0.1828934623437402,0.1828934623437402,66,0.0,110.7468193905828,False,0.1507088437921054,1.3880797483922804,0.1,7,4.0,5.0,0.1,2,68.98750918325048,0.0,0.3770700633853441,0.0,2,0.0,-0.1668011530679228,262144.0,2621440.0,1,,182.8934623437402,0.1046875,3.6432115137577057,110.7468193905828,10,2
99.63160197173883,2,1.0,0.0,0.0,0.0,0.0,0.0,0.0,0.0,100000000.0,0.0,0.0,0.0,0.0,0.0,0.0,0.2,1.0,0.0,89.5767598412931,0.1892083618130319,0.1892083618130319,66,0.0,99.63160197173883,False,0.12348437222060493,1.137333098771572,0.1,6,4.0,5.0,0.1,2,66.4932646933943,0.0,0.33260869666377985,0.0,2,0.0,-0.15634636701681842,262144.0,2621440.0,2,,189.2083618130319,0.1,3.754944550991058,99.63160197173883,10,2
92.1504410391598,2,1.0,0.0,0.0,0.0,0.0,0.0,0.0,0.0,100000000.0,0.0,0.0,0.0,0.0,0.0,0.0,0.2,1.0,0.0,113.7850652448833,0.2059355062840431,0.2059355062840431,66,0.0,92.1504410391598,False,0.13590894020208796,1.2517675988557877,0.1,6,4.0,5.0,0.1,2,61.220412904987235,0.0,0.3356470982165858,0.0,2,0.0,-0.17092222324306555,262144.0,2621440.0,3,,205.9355062840431,0.128125,3.7512635350227357,92.1504410391598,10,2
151.9158459298093,2,1.0,0.0,0.0,0.0,0.0,0.0,0.0,0.0,100000000.0,0.0,0.0,0.0,0.0,0.0,0.0,0.6,3.0,0.0,166.40477906912565,0.22611053800506187,0.22611053800506187,67,0.0,151.9158459298093,False,0.16397201627503713,1.5102380813723104,0.1,8,4.0,5.0,0.1,2,64.3161440320016,0.0,0.5766330784102798,0.0,2,0.0,-0.19504127714004948,262144.0,2621440.0,1,,226.11053800506187,0.0703125,3.82355819940567,151.91584592980934,10,2
85.85477883030838,2,1.0,0.0,0.0,0.0,0.0,0.0,0.0,0.0,100000000.0,0.0,0.0,0.0,0.0,0.0,0.0,0.6,3.0,0.0,172.75025928393006,0.233273846745897,0.233273846745897,67,0.0,85.85477883030838,False,0.1764329366167255,1.625007399067342,0.1,8,4.0,5.0,0.1,2,58.917493239627206,0.0,0.3137540618900504,0.0,2,0.0,-0.20485339168131123,262144.0,2621440.0,2,,233.273846745897,0.090625,3.851832866668701,85.85477883030838,10,2
158.41734186179445,2,1.0,0.0,0.0,0.0,0.0,0.0,0.0,0.0,100000000.0,0.0,0.0,0.0,0.0,0.0,0.0,0.0,0.0,0.0,112.81490698456764,0.2661713581568699,0.2661713581568699,67,0.0,158.41734186179445,False,0.13207293094368316,1.2164366479158275,0.1,5,4.0,5.0,0.1,2,84.76364925015734,0.0,0.4649345314472808,0.0,2,0.0,-0.19912214455027652,262144.0,2621440.0,3,,266.17135815686987,0.103125,3.8183996379375458,158.41734186179448,10,2
196.5490174884452,2,1.0,0.0,0.0,0.0,0.0,0.0,0.0,0.0,100000000.0,0.0,0.0,0.0,0.0,0.0,0.0,0.4,2.0,0.0,133.63319169729948,0.3301822091857447,0.3301822091857447,68,0.0,196.5490174884452,False,0.13769157404090435,1.2681862632698893,0.1,7,4.0,5.0,0.1,2,75.30758505058107,0.0,0.6168508700125744,0.0,2,0.0,-0.23393689161332454,262144.0,2621440.0,1,,330.1822091857447,0.0875,3.869231504201889,196.5490174884452,10,2
68.11148519083778,2,1.0,0.0,0.0,0.0,0.0,0.0,0.0,0.0,100000000.0,0.0,0.0,0.0,0.0,0.0,0.0,0.6,3.0,0.0,141.6842141188681,0.19807704732377096,0.19807704732377096,68,0.0,68.11148519083778,False,0.18137790765063855,1.6705522654192442,0.1,8,4.0,5.0,0.1,2,54.85189639308085,0.0,0.19467478591320736,0.0,2,0.0,-0.18972747748720475,262144.0,2621440.0,2,,198.07704732377096,0.09375,3.8800097584724424,68.11148519083778,10,2
145.95123728575226,2,1.0,0.0,0.0,0.0,0.0,0.0,0.0,0.0,100000000.0,0.0,0.0,0.0,0.0,0.0,0.0,0.2,1.0,0.0,136.8017215281725,0.2827529588139248,0.2827529588139248,68,0.0,145.95123728575226,False,0.13759886835412635,1.267332412340246,0.1,6,4.0,5.0,0.1,2,77.81933435621495,0.0,0.4668127807381619,0.0,2,0.0,-0.2101759135840256,262144.0,2621440.0,3,,282.7529588139248,0.11875,3.732761824131012,145.95123728575228,10,2
77.86687382987193,2,1.0,0.0,0.0,0.0,0.0,0.0,0.0,0.0,100000000.0,0.0,0.0,0.0,0.0,0.0,0.0,0.0,0.0,0.0,85.74332296848297,0.16221142060613686,0.16221142060613686,69,0.0,77.86687382987193,False,0.13634162715781992,1.2557527929925933,0.1,5,4.0,5.0,0.1,2,63.58199446807236,0.0,0.18345258592260952,0.0,2,0.0,-0.14927652388197837,262144.0,2621440.0,1,,162.21142060613687,0.096875,3.7806025743484497,77.86687382987195,10,2
161.9707981377562,2,1.0,0.0,0.0,0.0,0.0,0.0,0.0,0.0,100000000.0,0.0,0.0,0.0,0.0,0.0,0.0,0.4,2.0,0.0,89.79118801653385,0.22780617627051672,0.22780617627051672,69,0.0,161.9707981377562,False,0.12710288417965973,1.170660825554533,0.1,7,4.0,5.0,0.1,2,68.41082299739679,0.0,0.5776348342791189,0.0,2,0.0,-0.17745453022508823,262144.0,2621440.0,2,,227.80617627051672,0.0890625,3.74331681728363,161.9707981377562,10,2
66.36639302877353,2,1.0,0.0,0.0,0.0,0.0,0.0,0.0,0.0,100000000.0,0.0,0.0,0.0,0.0,0.0,0.0,0.0,0.0,0.0,101.13119380548596,0.16749758683425953,0.16749758683425953,69,0.0,66.36639302877353,False,0.128867248744578,1.186911223737684,0.1,5,4.0,5.0,0.1,2,52.52286181604484,0.0,0.2085924905806882,0.0,2,0.0,-0.14818241778941876,262144.0,2621440.0,3,,167.49758683425952,0.1265625,3.750258296728134,66.36639302877354,10,2
98.82600981232147,2,1.0,0.0,0.0,0.0,0.0,0.0,0.0,0.0,100000000.0,0.0,0.0,0.0,0.0,0.0,0.0,0.0,0.0,0.0,141.33727364242077,0.22312037277456742,0.22312037277456742,70,0.0,98.82600981232147,False,0.12602993572051913,1.1607786050442606,0.1,5,4.0,5.0,0.1,2,58.625559045831174,0.0,0.40678006572191056,0.0,2,0.0,-0.17457515424754327,262144.0,2621440.0,1,0.0875,223.12037277456741,0.10625,3.724973052740097,98.82600981232147,10,2
83.00766311059601,2,1.0,0.0,0.0,0.0,0.0,0.0,0.0,0.0,100000000.0,0.0,0.0,0.0,0.0,0.0,0.0,0.4,2.0,0.0,175.41022645309567,0.2323181671067078,0.2323181671067078,70,0.0,83.00766311059601,False,0.13690511345505338,1.2609426935850578,0.1,7,4.0,5.0,0.1,2,56.97340033401236,0.0,0.31363685954990284,0.0,2,0.0,-0.1846116402808806,262144.0,2621440.0,2,0.0875,232.3181671067078,0.1015625,3.7997856378555297,83.00766311059603,10,2
78.74603235810294,2,1.0,0.0,0.0,0.0,0.0,0.0,0.0,0.0,100000000.0,0.0,0.0,0.0,0.0,0.0,0.0,0.2,1.0,0.0,123.65209171548486,0.17877927623644885,0.17877927623644885,70,0.0,78.74603235810294,False,0.1408468210027793,1.2972471617464012,0.1,6,4.0,5.0,0.1,2,56.98774803807135,0.0,0.27630959514359166,0.0,2,0.0,-0.15981304861961407,262144.0,2621440.0,3,0.0875,178.77927623644885,0.103125,3.845557928085327,78.74603235810295,10,2
75.45514185314236,2,1.0,0.0,0.0,0.0,0.0,0.0,0.0,0.0,100000000.0,0.0,0.0,0.0,0.0,0.0,0.0,0.0,0.0,0.0,109.05287461355329,0.173241623811025,0.173241623811025,71,0.0,75.45514185314236,False,0.13592517394409603,1.2519171171451928,0.1,5,4.0,5.0,0.1,2,55.58216124347752,0.0,0.26337476971872165,0.0,2,0.0,-0.1545833988775605,262144.0,2621440.0,1,,173.24162381102502,0.08125,3.9155938923358917,75.45514185314236,10,2
100.08892325066576,2,1.0,0.0,0.0,0.0,0.0,0.0,0.0,0.0,100000000.0,0.0,0.0,0.0,0.0,0.0,0.0,0.4,2.0,0.0,207.50940218567848,0.30759832543634424,0.30759832543634424,71,0.0,100.08892325066576,False,0.15415396010731586,1.4198104422764173,0.1,7,4.0,5.0,0.1,2,69.32338034982268,0.0,0.3073820948577187,0.0,2,0.0,-0.23087614277183005,262144.0,2621440.0,2,,307.5983254363442,0.103125,3.899340432882309,100.08892325066576,10,2
91.65256119583722,2,1.0,0.0,0.0,0.0,0.0,0.0,0.0,0.0,100000000.0,0.0,0.0,0.0,0.0,0.0,0.0,0.2,1.0,0.0,131.1940187588334,0.22284657995467064,0.22284657995467064,71,0.0,91.65256119583722,False,0.14047356408355371,1.2938093384741385,0.1,6,4.0,5.0,0.1,2,59.439229836130025,0.0,0.35147224408574745,0.0,2,0.0,-0.18166007201911216,262144.0,2621440.0,3,,222.84657995467063,0.096875,3.8836691975593567,91.65256119583722,10,2
131.15228766236785,2,1.0,0.0,0.0,0.0,0.0,0.0,0.0,0.0,100000000.0,0.0,0.0,0.0,0.0,0.0,0.0,0.0,0.0,0.0,145.97322093322873,0.2655451074953783,0.2655451074953783,72,0.0,131.15228766236785,False,0.13015227560619103,1.1987467585202722,0.1,5,4.0,5.0,0.1,2,66.14620183283529,0.0,0.4956534650533974,0.0,2,0.0,-0.19784869155078466,262144.0,2621440.0,1,,265.5451074953783,0.109375,3.7429248094558716,131.15228766236785,10,2
63.395911204650005,2,1.0,0.0,0.0,0.0,0.0,0.0,0.0,0.0,100000000.0,0.0,0.0,0.0,0.0,0.0,0.0,0.2,1.0,0.0,144.40258545801044,0.20779849666266043,0.20779849666266043,72,0.0,63.395911204650005,False,0.12241800896739022,1.1275115302492966,0.1,6,4.0,5.0,0.1,2,52.19132783133776,0.0,0.17673984268705337,0.0,2,0.0,-0.16510825281502534,262144.0,2621440.0,2,,207.79849666266043,0.0859375,3.7976850152015684,63.395911204650005,10,2
67.97043650627757,2,1.0,0.0,0.0,0.0,0.0,0.0,0.0,0.0,100000000.0,0.0,0.0,0.0,0.0,0.0,0.0,0.2,1.0,0.0,123.60444525256753,0.19157488175884513,0.19157488175884513,72,0.0,67.97043650627757,False,0.13416712275853218,1.2357248673347936,0.1,6,4.0,5.0,0.1,2,51.27605031603391,0.0,0.24561246106903858,0.0,2,0.0,-0.16287100225868867,262144.0,2621440.0,3,,191.57488175884512,0.1203125,3.765230321884155,67.97043650627758,10,2
95.20606487593564,2,1.0,0.0,0.0,0.0,0.0,0.0,0.0,0.0,100000000.0,0.0,0.0,0.0,0.0,0.0,0.0,0.8,4.0,0.0,235.4062725789845,0.33061233745492014,0.33061233745492014,73,0.0,95.20606487593564,False,0.2194713827808153,2.0214061373195817,0.1,9,4.0,5.0,0.1,2,72.82610372176966,0.0,0.23506865012569964,0.0,2,0.0,-0.2750418601178677,262144.0,2621440.0,1,,330.6123374549201,0.115625,3.7889516174793245,95.20606487593564,10,2
83.99856069311804,2,1.0,0.0,0.0,0.0,0.0,0.0,0.0,0.0,100000000.0,0.0,0.0,0.0,0.0,0.0,0.0,0.4,2.0,0.0,155.023701954633,0.22534949305829155,0.22534949305829155,73,0.0,83.99856069311804,False,0.15415396010731586,1.4198104422764173,0.1,7,4.0,5.0,0.1,2,61.05336260805008,0.0,0.2731618005800883,0.0,2,0.0,-0.1897517265828037,262144.0,2621440.0,2,,225.34949305829156,0.109375,3.750285279750824,83.99856069311805,10,2
195.89442036527282,2,1.0,0.0,0.0,0.0,0.0,0.0,0.0,0.0,100000000.0,0.0,0.0,0.0,0.0,0.0,0.0,0.0,0.0,0.0,132.08928192034364,0.3249070837483097,0.3249070837483097,73,0.0,195.89442036527282,False,0.1348353748725944,1.2418796967595993,0.1,5,4.0,5.0,0.1,2,90.27021361506512,0.0,0.5391894600839394,0.0,2,0.0,-0.22987122931045204,262144.0,2621440.0,3,,324.9070837483097,0.1109375,3.7270945012569427,195.89442036527285,10,2
236.38473156852558,2,1.0,0.0,0.0,0.0,0.0,0.0,0.0,0.0,100000000.0,0.0,0.0,0.0,0.0,0.0,0.0,0.2,1.0,0.0,129.60978411138058,0.36599451567990615,0.36599451567990615,74,0.0,236.38473156852558,False,0.143468322932787,1.3213920868075646,0.1,6,4.0,5.0,0.1,2,86.31857999628056,0.0,0.634838597977477,0.0,2,0.0,-0.2547314193063466,262144.0,2621440.0,1,,365.99451567990616,0.1015625,3.7460028767585754,236.38473156852558,10,2
83.27988862314724,2,1.0,0.0,0.0,0.0,0.0,0.0,0.0,0.0,100000000.0,0.0,0.0,0.0,0.0,0.0,0.0,0.2,1.0,0.0,160.02343175932765,0.24330332038247487,0.24330332038247487,74,0.0,83.27988862314724,False,0.13085957741129078,1.2052612488909542,0.1,6,4.0,5.0,0.1,2,63.50896442625431,0.0,0.2374033457988763,0.0,2,0.0,-0.18708144889688283,262144.0,2621440.0,2,,243.30332038247488,0.121875,3.75762825012207,83.27988862314724,10,2
91.75510480804635,2,1.0,0.0,0.0,0.0,0.0,0.0,0.0,0.0,100000000.0,0.0,0.0,0.0,0.0,0.0,0.0,0.0,0.0,0.0,116.40077643096447,0.20815588123901085,0.20815588123901085,74,0.0,91.75510480804635,False,0.12801752664319194,1.1790849939623274,0.1,5,4.0,5.0,0.1,2,56.78430287894867,0.0,0.38113194903168984,0.0,2,0.0,-0.1680867039411014,262144.0,2621440.0,3,,208.15588123901085,0.1265625,3.7239973545074463,91.75510480804637,10,2
68.32542144712554,2,1.0,0.0,0.0,0.0,0.0,0.0,0.0,0.0,100000000.0,0.0,0.0,0.0,0.0,0.0,0.0,0.2,1.0,0.0,169.86560681834817,0.2381910282654737,0.2381910282654737,75,0.0,68.32542144712554,False,0.14833693428366643,1.366233654488031,0.1,6,4.0,5.0,0.1,2,54.74387979906484,0.0,0.19877728318984358,0.0,2,0.0,-0.19326398127457006,262144.0,2621440.0,1,,238.1910282654737,0.0921875,3.6938998341560363,68.32542144712554,10,2
77.50896267038493,2,1.0,0.0,0.0,0.0,0.0,0.0,0.0,0.0,100000000.0,0.0,0.0,0.0,0.0,0.0,0.0,0.6,3.0,0.0,148.61492114141583,0.22612388381180076,0.22612388381180076,75,0.0,77.50896267038493,False,0.18137790765063855,1.6705522654192442,0.1,8,4.0,5.0,0.1,2,57.01866218300477,0.0,0.26436040144824713,0.0,2,0.0,-0.20375089573121966,262144.0,2621440.0,2,,226.12388381180077,0.1296875,3.658089649677277,77.50896267038493,10,2
72.94064468238156,2,1.0,0.0,0.0,0.0,0.0,0.0,0.0,0.0,100000000.0,0.0,0.0,0.0,0.0,0.0,0.0,0.0,0.0,0.0,151.4451066032052,0.21156283082905808,0.21156283082905808,75,0.0,72.94064468238156,False,0.13111636752780467,1.2076263732682064,0.1,5,4.0,5.0,0.1,2,55.9358607463993,0.0,0.23313180202929673,0.0,2,0.0,-0.1713395991784314,262144.0,2621440.0,3,,211.56283082905807,0.09375,3.8977083265781403,72.94064468238156,10,2
84.8958643404282,2,1.0,0.0,0.0,0.0,0.0,0.0,0.0,0.0,100000000.0,0.0,0.0,0.0,0.0,0.0,0.0,0.6,3.0,0.0,178.09095326811075,0.262986817608539,0.262986817608539,76,0.0,84.8958643404282,False,0.1680430999500668,1.5477341477021294,0.1,8,4.0,5.0,0.1,2,62.368988274303035,0.0,0.2653471549072581,0.0,2,0.0,-0.21551495877930288,262144.0,2621440.0,1,,262.98681760853896,0.1015625,3.656474769115448,84.89586434042822,10,2
66.65481205737015,2,1.0,0.0,0.0,0.0,0.0,0.0,0.0,0.0,100000000.0,0.0,0.0,0.0,0.0,0.0,0.0,0.4,2.0,0.0,200.99215069785714,0.2676469627552273,0.2676469627552273,76,0.0,66.65481205737015,False,0.13031559697996611,1.2002510039627596,0.1,7,4.0,5.0,0.1,2,53.92461587757855,0.0,0.19098690382375777,0.0,2,0.0,-0.19898127986759673,262144.0,2621440.0,2,,267.6469627552273,0.1078125,3.7169844686985014,66.65481205737015,10,2
81.89160645328779,2,1.0,0.0,0.0,0.0,0.0,0.0,0.0,0.0,100000000.0,0.0,0.0,0.0,0.0,0.0,0.0,0.2,1.0,0.0,131.96725631132722,0.21385886276461502,0.21385886276461502,76,0.0,81.89160645328779,False,0.1405390257247899,1.294412262471232,0.1,6,4.0,5.0,0.1,2,56.66553556947922,0.0,0.3080422033019697,0.0,2,0.0,-0.17719894424470245,262144.0,2621440.0,3,,213.85886276461503,0.0796875,3.8478060603141784,81.89160645328779,10,2
67.20576104517406,2,1.0,0.0,0.0,0.0,0.0,0.0,0.0,0.0,100000000.0,0.0,0.0,0.0,0.0,0.0,0.0,0.2,1.0,0.0,149.06216692179441,0.21626792796696848,0.21626792796696848,77,0.0,67.20576104517406,False,0.1502048845518086,1.3834381122555446,0.1,6,4.0,5.0,0.1,2,56.92474832932901,0.0,0.15297814586065628,0.0,2,0.0,-0.18323640625938853,262144.0,2621440.0,1,,216.26792796696847,0.1109375,3.6894574642181395,67.20576104517407,10,2
79.81579899276433,2,1.0,0.0,0.0,0.0,0.0,0.0,0.0,0.0,100000000.0,0.0,0.0,0.0,0.0,0.0,0.0,0.0,0.0,0.0,128.5168477334082,0.20833264672617255,0.20833264672617255,77,0.0,79.81579899276433,False,0.12304266934561216,1.133264864949608,0.1,5,4.0,5.0,0.1,2,57.52536938851022,0.0,0.27927340057417493,0.0,2,0.0,-0.16568765803589236,262144.0,2621440.0,2,,208.33264672617256,0.096875,3.835099905729294,79.81579899276434,10,2
71.81449631789451,2,1.0,0.0,0.0,0.0,0.0,0.0,0.0,0.0,100000000.0,0.0,0.0,0.0,0.0,0.0,0.0,0.4,2.0,0.0,180.60956383123994,0.2418657805168816,0.2418657805168816,77,0.0,71.81449631789451,False,0.14285955960894142,1.3157851693889713,0.1,7,4.0,5.0,0.1,2,57.879943509627545,0.0,0.19403537618065556,0.0,2,0.0,-0.19236267006291152,262144.0,2621440.0,3,,241.86578051688159,0.1015625,3.775001049041748,71.81449631789451,10,2
179.7007150954057,2,1.0,0.0,0.0,0.0,0.0,0.0,0.0,0.0,100000000.0,0.0,0.0,0.0,0.0,0.0,0.0,0.2,1.0,0.0,134.35298576951027,0.314053700864916,0.314053700864916,78,0.0,179.7007150954057,False,0.13784853309513237,1.2696319095837927,0.1,6,4.0,5.0,0.1,2,87.3586409266994,0.0,0.5138659249056442,0.0,2,0.0,-0.22595111698002418,262144.0,2621440.0,1,,314.05370086491604,0.0953125,3.666381096839905,179.7007150954057,10,2
87.95363076445207,2,1.0,0.0,0.0,0.0,0.0,0.0,0.0,0.0,100000000.0,0.0,0.0,0.0,0.0,0.0,0.0,0.0,0.0,0.0,132.37976375967264,0.21783607399505123,0.21783607399505123,78,0.0,87.95363076445207,False,0.12375711489272481,1.1398451516157584,0.1,5,4.0,5.0,0.1,2,59.39364561247656,0.0,0.3247163863929823,0.0,2,0.0,-0.170796594443888,262144.0,2621440.0,2,,217.83607399505124,0.1125,3.756472408771515,87.95363076445207,10,2
141.02291975593258,2,1.0,0.0,0.0,0.0,0.0,0.0,0.0,0.0,100000000.0,0.0,0.0,0.0,0.0,0.0,0.0,0.0,0.0,0.0,131.95666205137968,0.2681230908115773,0.2681230908115773,78,0.0,141.02291975593258,False,0.12173024086410869,1.1211769519210852,0.1,5,4.0,5.0,0.1,2,67.98588718883053,0.0,0.5179089519172255,0.0,2,0.0,-0.19492666583784302,262144.0,2621440.0,3,,268.1230908115773,0.1203125,3.676156669855118,141.02291975593258,10,2
65.18006036552626,2,1.0,0.0,0.0,0.0,0.0,0.0,0.0,0.0,100000000.0,0.0,0.0,0.0,0.0,0.0,0.0,0.4,2.0,0.0,189.75813360884786,0.2549381939743741,0.2549381939743741,79,0.0,65.18006036552626,False,0.15285527409844754,1.4078491020984167,0.1,7,4.0,5.0,0.1,2,54.59770567681747,0.0,0.16235570555417592,0.0,2,0.0,-0.20389673403641084,262144.0,2621440.0,1,,254.93819397437412,0.1171875,3.5502029359340668,65.18006036552626,10,2
353.6072804505767,2,1.0,0.0,0.0,0.0,0.0,0.0,0.0,0.0,100000000.0,0.0,0.0,0.0,0.0,0.0,0.0,0.4,2.0,0.0,177.5267249904573,0.44472201009344475,0.44472201009344475,79,0.0,353.6072804505767,False,0.14726674909779666,1.3563768846651238,0.1,7,4.0,5.0,0.1,2,89.62668903388159,0.0,0.7465360755025274,0.0,2,0.0,-0.2959943795956207,262144.0,2621440.0,2,,444.72201009344474,0.1203125,3.665491980314255,353.6072804505767,10,2
95.33675893413896,2,1.0,0.0,0.0,0.0,0.0,0.0,0.0,0.0,100000000.0,0.0,0.0,0.0,0.0,0.0,0.0,0.0,0.0,0.0,138.70938820764422,0.20781064073759192,0.20781064073759192,79,0.0,95.33675893413896,False,0.12750739215286733,1.1743864816709533,0.1,5,4.0,5.0,0.1,2,60.16626894327168,0.0,0.3689079677563188,0.0,2,0.0,-0.16765901644522962,262144.0,2621440.0,3,,207.8106407375919,0.1265625,3.6735720336437225,95.33675893413896,10,2
63.10826351491229,2,1.0,0.0,0.0,0.0,0.0,0.0,0.0,0.0,100000000.0,0.0,0.0,0.0,0.0,0.0,0.0,0.2,1.0,0.0,162.80289506539702,0.22591115858030933,0.22591115858030933,80,0.0,63.10826351491229,False,0.13784853309513237,1.2696319095837927,0.1,6,4.0,5.0,0.1,2,52.90711340638188,0.0,0.161645235352101,0.0,2,0.0,-0.18187984583772085,262144.0,2621440.0,1,0.08671875,225.91115858030932,0.13125,3.64572252035141,63.1082635149123,10,2
76.22155453897236,2,1.0,0.0,0.0,0.0,0.0,0.0,0.0,0.0,100000000.0,0.0,0.0,0.0,0.0,0.0,0.0,0.6,3.0,0.0,197.2631379030645,0.25891024882077235,0.25891024882077235,80,0.0,76.22155453897236,False,0.18743457713050143,1.7263362528493413,0.1,8,4.0,5.0,0.1,2,56.39562645483119,0.0,0.26010920669433596,0.0,2,0.0,-0.2231724129756369,262144.0,2621440.0,2,0.08671875,258.9102488207723,0.1359375,3.701994204521179,76.22155453897236,10,2
105.95036820741653,2,1.0,0.0,0.0,0.0,0.0,0.0,0.0,0.0,100000000.0,0.0,0.0,0.0,0.0,0.0,0.0,0.2,1.0,0.0,156.22980566695333,0.22951699291589023,0.22951699291589023,80,0.0,105.95036820741653,False,0.1408468210027793,1.2972471617464012,0.1,6,4.0,5.0,0.1,2,63.34685458722674,0.0,0.40210821671507463,0.0,2,0.0,-0.18518190695933476,262144.0,2621440.0,3,0.08671875,229.51699291589023,0.1296875,3.6783893704414368,105.95036820741656,10,2
139.07569550704986,2,1.0,0.0,0.0,0.0,0.0,0.0,0.0,0.0,100000000.0,0.0,0.0,0.0,0.0,0.0,0.0,0.2,1.0,0.0,154.8118437640369,0.2631797622589472,0.2631797622589472,81,0.0,139.07569550704986,False,0.14124003536858185,1.3008687998945934,0.1,6,4.0,5.0,0.1,2,60.48814695297087,0.0,0.5650703256781147,0.0,2,0.0,-0.2022098988137645,262144.0,2621440.0,1,,263.17976225894716,0.1078125,3.7990835666656495,139.07569550704986,10,2
83.89923325412892,2,1.0,0.0,0.0,0.0,0.0,0.0,0.0,0.0,100000000.0,0.0,0.0,0.0,0.0,0.0,0.0,0.0,0.0,0.0,117.87111079320312,0.17942097945743224,0.17942097945743224,81,0.0,83.89923325412892,False,0.1285526139688731,1.1840133303605813,0.1,5,4.0,5.0,0.1,2,55.445794598491204,0.0,0.33913824420126554,0.0,2,0.0,-0.15398679671315268,262144.0,2621440.0,2,,179.42097945743225,0.0671875,3.8617213368415833,83.89923325412892,10,2
144.56719007776525,2,1.0,0.0,0.0,0.0,0.0,0.0,0.0,0.0,100000000.0,0.0,0.0,0.0,0.0,0.0,0.0,0.4,2.0,0.0,200.30272705480456,0.3448699171325698,0.3448699171325698,81,0.0,144.56719007776525,False,0.1367518905846053,1.2595314587954598,0.1,7,4.0,5.0,0.1,2,69.32250936366182,0.0,0.5204824184078557,0.0,2,0.0,-0.24081090385858755,262144.0,2621440.0,3,,344.8699171325698,0.1265625,3.7719443500041963,144.56719007776525,10,2
103.48414317204018,2,1.0,0.0,0.0,0.0,0.0,0.0,0.0,0.0,100000000.0,0.0,0.0,0.0,0.0,0.0,0.0,0.0,0.0,0.0,111.39726545661688,0.21488140862865707,0.21488140862865707,82,0.0,103.48414317204018,False,0.1351697880665403,1.2449597561007206,0.1,5,4.0,5.0,0.1,2,62.89557088221113,0.0,0.3922202092580639,0.0,2,0.0,-0.17502559834759868,262144.0,2621440.0,1,,214.88140862865706,0.1234375,3.6492346227169037,103.48414317204019,10,2
78.25981014189865,2,1.0,0.0,0.0,0.0,0.0,0.0,0.0,0.0,100000000.0,0.0,0.0,0.0,0.0,0.0,0.0,0.2,1.0,0.0,142.13457284495234,0.220394382986851,0.220394382986851,82,0.0,78.25981014189865,False,0.1382135690321062,1.2729940148113248,0.1,6,4.0,5.0,0.1,2,54.317935404116284,0.0,0.3059280963545859,0.0,2,0.0,-0.1793039760094786,262144.0,2621440.0,2,,220.39438298685099,0.1171875,3.7055285573005676,78.25981014189864,10,2
102.33702332569577,2,1.0,0.0,0.0,0.0,0.0,0.0,0.0,0.0,100000000.0,0.0,0.0,0.0,0.0,0.0,0.0,0.0,0.0,0.0,130.7212677784264,0.23305829110412218,0.23305829110412218,82,0.0,102.33702332569577,False,0.1316080586736423,1.212155016079258,0.1,5,4.0,5.0,0.1,2,63.12066603915531,0.0,0.3832079145172247,0.0,2,0.0,-0.18233317488888223,262144.0,2621440.0,3,,233.0582911041222,0.1421875,3.6467204093933105,102.33702332569578,10,2
131.8218468258134,2,1.0,0.0,0.0,0.0,0.0,0.0,0.0,0.0,100000000.0,0.0,0.0,0.0,0.0,0.0,0.0,0.4,2.0,0.0,190.07186964154243,0.3218937164673558,0.3218937164673558,83,0.0,131.8218468258134,False,0.1582104739919721,1.4571723158777488,0.1,7,4.0,5.0,0.1,2,66.08519042498317,0.0,0.4986780111470692,0.0,2,0.0,-0.24005209522966398,262144.0,2621440.0,1,,321.89371646735583,0.134375,3.598836386203766,131.8218468258134,10,2
107.15112808101891,2,1.0,0.0,0.0,0.0,0.0,0.0,0.0,0.0,100000000.0,0.0,0.0,0.0,0.0,0.0,0.0,0.2,1.0,0.0,152.4604270234704,0.2596115551044893,0.2596115551044893,83,0.0,107.15112808101891,False,0.1204508739039219,1.1093935467571043,0.1,6,4.0,5.0,0.1,2,66.36461118553714,0.0,0.3806447736569077,0.0,2,0.0,-0.1900312145042056,262144.0,2621440.0,2,,259.6115551044893,0.1359375,3.632502830028534,107.15112808101891,10,2
111.9936047288225,2,1.0,0.0,0.0,0.0,0.0,0.0,0.0,0.0,100000000.0,0.0,0.0,0.0,0.0,0.0,0.0,0.2,1.0,0.0,150.45140963047743,0.21378361883317185,0.21378361883317185,83,0.0,111.9936047288225,False,0.13779592802990745,1.2691473990277813,0.1,6,4.0,5.0,0.1,2,68.074498496013,0.0,0.3921572695079663,0.0,2,0.0,-0.17578977343153965,262144.0,2621440.0,3,,213.78361883317186,0.1328125,3.676859200000763,111.9936047288225,10,2
78.92461073190833,2,1.0,0.0,0.0,0.0,0.0,0.0,0.0,0.0,100000000.0,0.0,0.0,0.0,0.0,0.0,0.0,0.4,2.0,0.0,191.83280738070607,0.25263110961126994,0.25263110961126994,84,0.0,78.92461073190833,False,0.13769157404090435,1.2681862632698893,0.1,7,4.0,5.0,0.1,2,59.59670065654202,0.0,0.24489078750124588,0.0,2,0.0,-0.19516134182608713,262144.0,2621440.0,1,,252.63110961126995,0.1171875,3.7097759544849396,78.92461073190834,10,2
107.57500867038854,2,1.0,0.0,0.0,0.0,0.0,0.0,0.0,0.0,100000000.0,0.0,0.0,0.0,0.0,0.0,0.0,0.2,1.0,0.0,146.93429600447416,0.22253040366485605,0.22253040366485605,84,0.0,107.57500867038854,False,0.128465560312052,1.183211536550634,0.1,6,4.0,5.0,0.1,2,59.83036561000191,0.0,0.4438265323006102,0.0,2,0.0,-0.175497981988454,262144.0,2621440.0,2,,222.53040366485604,0.10625,3.7659459114074707,107.57500867038854,10,2
92.49124435475366,2,1.0,0.0,0.0,0.0,0.0,0.0,0.0,0.0,100000000.0,0.0,0.0,0.0,0.0,0.0,0.0,0.2,1.0,0.0,152.04902226105332,0.24454026661580697,0.24454026661580697,84,0.0,92.49124435475366,False,0.1357701144846147,1.2504889667454753,0.1,6,4.0,5.0,0.1,2,57.04448823812535,0.0,0.383244450476533,0.0,2,0.0,-0.19015519055021085,262144.0,2621440.0,3,,244.54026661580696,0.1296875,3.6795068860054014,92.49124435475366,10,2
94.83873863959634,2,1.0,0.0,0.0,0.0,0.0,0.0,0.0,0.0,100000000.0,0.0,0.0,0.0,0.0,0.0,0.0,0.2,1.0,0.0,131.3392659649253,0.22617800460452164,0.22617800460452164,85,0.0,94.83873863959634,False,0.14124003536858185,1.3008687998945934,0.1,6,4.0,5.0,0.1,2,66.35696690385903,0.0,0.3003179095830553,0.0,2,0.0,-0.18370901998655176,262144.0,2621440.0,1,,226.17800460452165,0.1140625,3.6291611194610596,94.83873863959634,10,2
67.87423050669112,2,1.0,0.0,0.0,0.0,0.0,0.0,0.0,0.0,100000000.0,0.0,0.0,0.0,0.0,0.0,0.0,0.2,1.0,0.0,158.32164697349072,0.22619587748018183,0.22619587748018183,85,0.0,67.87423050669112,False,0.1329363466924807,1.2243890008447775,0.1,6,4.0,5.0,0.1,2,55.07878236431247,0.0,0.18851702696087663,0.0,2,0.0,-0.17956611208633128,262144.0,2621440.0,2,,226.19587748018182,0.1171875,3.7392388701438906,67.87423050669112,10,2
125.59050614374287,2,1.0,0.0,0.0,0.0,0.0,0.0,0.0,0.0,100000000.0,0.0,0.0,0.0,0.0,0.0,0.0,0.2,1.0,0.0,132.94317107647657,0.2275630991383136,0.2275630991383136,85,0.0,125.59050614374287,False,0.13723637543722658,1.2639937291931687,0.1,6,4.0,5.0,0.1,2,66.61433398077315,0.0,0.46959100630958006,0.0,2,0.0,-0.1823997372877701,262144.0,2621440.0,3,,227.5630991383136,0.1421875,3.7306005477905275,125.59050614374287,10,2
118.14634246053295,2,1.0,0.0,0.0,0.0,0.0,0.0,0.0,0.0,100000000.0,0.0,0.0,0.0,0.0,0.0,0.0,0.8,4.0,0.0,233.45327796414495,0.3515996204246779,0.3515996204246779,86,0.0,118.14634246053295,False,0.27533667746975987,2.5359445163855145,0.1,9,4.0,5.0,0.1,2,71.91031165945962,0.0,0.39134542668147837,0.0,2,0.0,-0.31346814894721886,262144.0,2621440.0,1,,351.5996204246779,0.115625,3.705501937866211,118.14634246053296,10,2
81.45946527105093,2,1.0,0.0,0.0,0.0,0.0,0.0,0.0,0.0,100000000.0,0.0,0.0,0.0,0.0,0.0,0.0,0.0,0.0,0.0,116.17350159212947,0.18295692356508492,0.18295692356508492,86,0.0,81.45946527105093,False,0.11697184410173257,1.0773504981146917,0.1,5,4.0,5.0,0.1,2,56.29662951316801,0.0,0.3089000851424112,0.0,2,0.0,-0.14996438383340874,262144.0,2621440.0,2,,182.9569235650849,0.115625,3.6956977248191833,81.45946527105093,10,2
182.88932688957655,2,1.0,0.0,0.0,0.0,0.0,0.0,0.0,0.0,100000000.0,0.0,0.0,0.0,0.0,0.0,0.0,0.2,1.0,0.0,159.56153580918908,0.3424508626987656,0.3424508626987656,86,0.0,182.88932688957655,False,0.1408468210027793,1.2972471617464012,0.1,6,4.0,5.0,0.1,2,79.3811466017532,0.0,0.5659607482197071,0.0,2,0.0,-0.24164884185077246,262144.0,2621440.0,3,,342.4508626987656,0.1078125,3.688562738895416,182.88932688957655,10,2
121.70364901364103,2,1.0,0.0,0.0,0.0,0.0,0.0,0.0,0.0,100000000.0,0.0,0.0,0.0,0.0,0.0,0.0,0.2,1.0,0.0,136.82908844202757,0.2585327374556686,0.2585327374556686,87,0.0,121.70364901364103,False,0.1441131490038895,1.3273311544031428,0.1,6,4.0,5.0,0.1,2,68.67351593909534,0.0,0.43573166050758155,0.0,2,0.0,-0.20132294322977906,262144.0,2621440.0,1,,258.5327374556686,0.1203125,3.6777796149253845,121.70364901364105,10,2
123.36827769319113,2,1.0,0.0,0.0,0.0,0.0,0.0,0.0,0.0,100000000.0,0.0,0.0,0.0,0.0,0.0,0.0,0.2,1.0,0.0,169.25721429288387,0.24779039156998095,0.24779039156998095,87,0.0,123.36827769319113,False,0.13463600294310912,1.2400434134284222,0.1,6,4.0,5.0,0.1,2,67.01446788106398,0.0,0.4567933577890696,0.0,2,0.0,-0.19121319725654504,262144.0,2621440.0,2,,247.79039156998095,0.1421875,3.6113972544670103,123.36827769319116,10,2
90.66572987671186,2,1.0,0.0,0.0,0.0,0.0,0.0,0.0,0.0,100000000.0,0.0,0.0,0.0,0.0,0.0,0.0,0.0,0.0,0.0,114.67574071139097,0.20513018562655141,0.20513018562655141,87,0.0,90.66572987671186,False,0.13136937001060078,1.2099566122497136,0.1,5,4.0,5.0,0.1,2,57.9191920490976,0.0,0.36117878135590287,0.0,2,0.0,-0.16824977781857609,262144.0,2621440.0,3,,205.13018562655142,0.134375,3.708160310983658,90.66572987671186,10,2
91.4604599509355,2,1.0,0.0,0.0,0.0,0.0,0.0,0.0,0.0,100000000.0,0.0,0.0,0.0,0.0,0.0,0.0,0.2,1.0,0.0,164.6420587785542,0.21949570292175583,0.21949570292175583,88,0.0,91.4604599509355,False,0.14400562909100023,1.3263408594086674,0.1,6,4.0,5.0,0.1,2,61.00188680607549,0.0,0.33302449125228206,0.0,2,0.0,-0.18175066600637801,262144.0,2621440.0,1,,219.49570292175582,0.103125,3.646305274963379,91.4604599509355,10,2
132.3751112854309,2,1.0,0.0,0.0,0.0,0.0,0.0,0.0,0.0,100000000.0,0.0,0.0,0.0,0.0,0.0,0.0,0.0,0.0,0.0,131.37926161289215,0.26375437289832304,0.26375437289832304,88,0.0,132.3751112854309,False,0.12387235327153256,1.1409065363084925,0.1,5,4.0,5.0,0.1,2,64.0603176118579,0.0,0.5160697733146432,0.0,2,0.0,-0.1938133630849278,262144.0,2621440.0,2,,263.754372898323,0.103125,3.7194567024707794,132.37511128543093,10,2
102.7497704217004,2,1.0,0.0,0.0,0.0,0.0,0.0,0.0,0.0,100000000.0,0.0,0.0,0.0,0.0,0.0,0.0,0.8,4.0,0.0,211.0644169151783,0.3138141873368787,0.3138141873368787,88,0.0,102.7497704217004,False,0.22779580005170674,2.098076853782849,0.1,9,4.0,5.0,0.1,2,67.86618253873779,0.0,0.33950039732249676,0.0,2,0.0,-0.27080499369429273,262144.0,2621440.0,3,,313.8141873368787,0.1234375,3.7648920476436616,102.74977042170042,10,2
107.52968843980602,2,1.0,0.0,0.0,0.0,0.0,0.0,0.0,0.0,100000000.0,0.0,0.0,0.0,0.0,0.0,0.0,0.0,0.0,0.0,131.73503102734685,0.22924764994486146,0.22924764994486146,89,0.0,107.52968843980602,False,0.1351697880665403,1.2449597561007206,0.1,5,4.0,5.0,0.1,2,67.40534850459323,0.0,0.3731466213414537,0.0,2,0.0,-0.18220871900570088,262144.0,2621440.0,1,,229.24764994486145,0.1140625,3.5463278889656067,107.52968843980602,10,2
70.44212195074142,2,1.0,0.0,0.0,0.0,0.0,0.0,0.0,0.0,100000000.0,0.0,0.0,0.0,0.0,0.0,0.0,0.6,3.0,0.0,167.45838429778814,0.23790050624852957,0.23790050624852957,89,0.0,70.44212195074142,False,0.1575823788172729,1.4513873455327733,0.1,8,4.0,5.0,0.1,2,58.55051039260063,0.0,0.1688139316197251,0.0,2,0.0,-0.19774144253290124,262144.0,2621440.0,2,,237.90050624852958,0.1125,3.7230679512023928,70.44212195074142,10,2
97.50270327118672,2,1.0,0.0,0.0,0.0,0.0,0.0,0.0,0.0,100000000.0,0.0,0.0,0.0,0.0,0.0,0.0,0.6,3.0,0.0,194.27814800292253,0.29178085127410924,0.29178085127410924,89,0.0,97.50270327118672,False,0.1628845122464823,1.500221799113425,0.1,8,4.0,5.0,0.1,2,65.17350932027475,0.0,0.33157228329345884,0.0,2,0.0,-0.22733268176029575,262144.0,2621440.0,3,,291.78085127410924,0.1296875,3.6520983815193175,97.50270327118672,10,2
103.71115029220272,2,1.0,0.0,0.0,0.0,0.0,0.0,0.0,0.0,100000000.0,0.0,0.0,0.0,0.0,0.0,0.0,0.2,1.0,0.0,125.8502397686243,0.21721551351611307,0.21721551351611307,90,0.0,103.71115029220272,False,0.14595419777574825,1.3442878402333707,0.1,6,4.0,5.0,0.1,2,67.87466431340614,0.0,0.34554130272230577,0.0,2,0.0,-0.18158485564593066,262144.0,2621440.0,1,0.08984375,217.21551351611308,0.121875,3.6381107211112975,103.71115029220272,10,2
72.89489335599113,2,1.0,0.0,0.0,0.0,0.0,0.0,0.0,0.0,100000000.0,0.0,0.0,0.0,0.0,0.0,0.0,0.6,3.0,0.0,196.95644034072757,0.25311784140199367,0.25311784140199367,90,0.0,72.89489335599113,False,0.15443028208832263,1.4223554617737484,0.1,8,4.0,5.0,0.1,2,55.42382052276737,0.0,0.23967485277605988,0.0,2,0.0,-0.20377406174515816,262144.0,2621440.0,2,0.08984375,253.11784140199367,0.1265625,3.611847794055939,72.89489335599113,10,2
68.86636896769926,2,1.0,0.0,0.0,0.0,0.0,0.0,0.0,0.0,100000000.0,0.0,0.0,0.0,0.0,0.0,0.0,0.6,3.0,0.0,177.85151675343513,0.2467178857211344,0.2467178857211344,90,0.0,68.86636896769926,False,0.1665390594850344,1.5338814230859554,0.1,8,4.0,5.0,0.1,2,55.71327152318085,0.0,0.19099449617690284,0.0,2,0.0,-0.2066284726030844,262144.0,2621440.0,3,0.08984375,246.7178857211344,0.140625,3.6424533486366273,68.86636896769926,10,2
148.66882301336597,2,1.0,0.0,0.0,0.0,0.0,0.0,0.0,0.0,100000000.0,0.0,0.0,0.0,0.0,0.0,0.0,0.4,2.0,0.0,164.16922956705093,0.23714575841492483,0.23714575841492483,91,0.0,148.66882301336597,False,0.1616738524834823,1.489071210621539,0.1,7,4.0,5.0,0.1,2,59.68572164988605,0.0,0.5985323591045041,0.0,2,0.0,-0.19940980544920356,262144.0,2621440.0,1,,237.14575841492484,0.121875,3.742459851503372,148.66882301336597,10,2
83.20923591722959,2,1.0,0.0,0.0,0.0,0.0,0.0,0.0,0.0,100000000.0,0.0,0.0,0.0,0.0,0.0,0.0,0.6,3.0,0.0,208.94841337576509,0.2921576492929947,0.2921576492929947,91,0.0,83.20923591722959,False,0.1466323004170251,1.3505333963666666,0.1,8,4.0,5.0,0.1,2,60.34977588006807,0.0,0.27472262886658905,0.0,2,0.0,-0.21939497485500992,262144.0,2621440.0,2,,292.1576492929947,0.103125,3.832318091392517,83.2092359172296,10,2
75.86899131187167,2,1.0,0.0,0.0,0.0,0.0,0.0,0.0,0.0,100000000.0,0.0,0.0,0.0,0.0,0.0,0.0,0.6,3.0,0.0,177.9163866303861,0.25378537794225775,0.25378537794225775,91,0.0,75.86899131187167,False,0.17521518806347533,1.6137915204044264,0.1,8,4.0,5.0,0.1,2,58.575521609507106,0.0,0.22793857415708849,0.0,2,0.0,-0.21450028300286655,262144.0,2621440.0,3,,253.78537794225775,0.10625,3.7003710746765135,75.86899131187167,10,2
92.8102442252209,2,1.0,0.0,0.0,0.0,0.0,0.0,0.0,0.0,100000000.0,0.0,0.0,0.0,0.0,0.0,0.0,0.4,2.0,0.0,211.53884893283248,0.2712235109412502,0.2712235109412502,92,0.0,92.8102442252209,False,0.14310120748703165,1.318010828596348,0.1,7,4.0,5.0,0.1,2,60.93526098855929,0.0,0.3434425100672203,0.0,2,0.0,-0.20716235921414092,262144.0,2621440.0,1,,271.2235109412502,0.1140625,3.6153088569641114,92.81024422522093,10,2
112.85433503362233,2,1.0,0.0,0.0,0.0,0.0,0.0,0.0,0.0,100000000.0,0.0,0.0,0.0,0.0,0.0,0.0,0.0,0.0,0.0,118.63020993769169,0.2083302862432867,0.2083302862432867,92,0.0,112.85433503362233,False,0.13108147222077676,1.207304975613095,0.1,5,4.0,5.0,0.1,2,65.26767642681241,0.0,0.42166442780095753,0.0,2,0.0,-0.16970587923203173,262144.0,2621440.0,2,,208.3302862432867,0.1296875,3.6769446432590485,112.85433503362233,10,2
101.36590480043064,2,1.0,0.0,0.0,0.0,0.0,0.0,0.0,0.0,100000000.0,0.0,0.0,0.0,0.0,0.0,0.0,0.4,2.0,0.0,212.19698200002313,0.27282024400195715,0.27282024400195715,92,0.0,101.36590480043064,False,0.14772746223591518,1.3606202094810367,0.1,7,4.0,5.0,0.1,2,61.186159692230405,0.0,0.39638323346796134,0.0,2,0.0,-0.21027385311893615,262144.0,2621440.0,3,,272.8202440019571,0.1515625,3.577631402015686,101.36590480043064,10,2
105.117990130506,2,1.0,0.0,0.0,0.0,0.0,0.0,0.0,0.0,100000000.0,0.0,0.0,0.0,0.0,0.0,0.0,0.2,1.0,0.0,122.66327254474163,0.2051531723308782,0.2051531723308782,93,0.0,105.117990130506,False,0.13554626475841378,1.248427234574991,0.1,6,4.0,5.0,0.1,2,65.24617288432886,0.0,0.3793053614959297,0.0,2,0.0,-0.17034971854464598,262144.0,2621440.0,1,,205.15317233087822,0.140625,3.5102158069610594,105.117990130506,10,2
58.93778615903981,2,1.0,0.0,0.0,0.0,0.0,0.0,0.0,0.0,100000000.0,0.0,0.0,0.0,0.0,0.0,0.0,0.6,3.0,0.0,221.55048325657845,0.2804882694156183,0.2804882694156183,93,0.0,58.93778615903981,False,0.18137790765063855,1.6705522654192442,0.1,8,4.0,5.0,0.1,2,51.57747681272256,0.0,0.12488269115599165,0.0,2,0.0,-0.2309330885331284,262144.0,2621440.0,2,,280.4882694156183,0.1296875,3.6349977612495423,58.93778615903982,10,2
108.37684774566922,2,1.0,0.0,0.0,0.0,0.0,0.0,0.0,0.0,100000000.0,0.0,0.0,0.0,0.0,0.0,0.0,0.0,0.0,0.0,124.93235990405083,0.22013590967078242,0.22013590967078242,93,0.0,108.37684774566922,False,0.13599288372974894,1.2525407473175698,0.1,5,4.0,5.0,0.1,2,63.839894589020176,0.0,0.41094527182747626,0.0,2,0.0,-0.1780643967002657,262144.0,2621440.0,3,,220.1359096707824,0.134375,3.6516363322734833,108.37684774566922,10,2
92.20241350450227,2,1.0,0.0,0.0,0.0,0.0,0.0,0.0,0.0,100000000.0,0.0,0.0,0.0,0.0,0.0,0.0,0.2,1.0,0.0,143.19653483107686,0.23539894833557912,0.23539894833557912,94,0.0,92.20241350450227,False,0.14116753437017518,1.30020104102196,0.1,6,4.0,5.0,0.1,2,55.217867950970785,0.0,0.401123399570506,0.0,2,0.0,-0.18828324135287716,262144.0,2621440.0,1,,235.39894833557912,0.1140625,3.6270371675491333,92.20241350450227,10,2
71.10164610185245,2,1.0,0.0,0.0,0.0,0.0,0.0,0.0,0.0,100000000.0,0.0,0.0,0.0,0.0,0.0,0.0,0.4,2.0,0.0,181.53198435902596,0.2526336304608784,0.2526336304608784,94,0.0,71.10164610185245,False,0.14169358459726428,1.3050461426662059,0.1,7,4.0,5.0,0.1,2,56.338259896065566,0.0,0.20763775545559762,0.0,2,0.0,-0.19716360752907133,262144.0,2621440.0,2,,252.63363046087838,0.165625,3.5409666419029238,71.10164610185245,10,2
88.0028202939829,2,1.0,0.0,0.0,0.0,0.0,0.0,0.0,0.0,100000000.0,0.0,0.0,0.0,0.0,0.0,0.0,0.8,4.0,0.0,218.8388337381184,0.3068416540321013,0.3068416540321013,94,0.0,88.0028202939829,False,0.21457246038701022,1.9762853946167407,0.1,9,4.0,5.0,0.1,2,68.40995733591697,0.0,0.22263903466518292,0.0,2,0.0,-0.2607070572095558,262144.0,2621440.0,3,,306.8416540321013,0.1078125,3.747331178188324,88.00282029398291,10,2
230.6544356297782,2,1.0,0.0,0.0,0.0,0.0,0.0,0.0,0.0,100000000.0,0.0,0.0,0.0,0.0,0.0,0.0,0.4,2.0,0.0,175.22855382412672,0.32460897641890557,0.32460897641890557,95,0.0,230.6544356297782,False,0.13769157404090435,1.2681862632698893,0.1,7,4.0,5.0,0.1,2,73.83994692026164,0.0,0.6798676482476946,0.0,2,0.0,-0.23115027522990494,262144.0,2621440.0,1,,324.60897641890557,0.14375,3.57534806728363,230.65443562977822,10,2
69.38835376502031,2,1.0,0.0,0.0,0.0,0.0,0.0,0.0,0.0,100000000.0,0.0,0.0,0.0,0.0,0.0,0.0,0.6,3.0,0.0,201.68457552790642,0.27107292929292676,0.27107292929292676,95,0.0,69.38835376502031,False,0.18137790765063855,1.6705522654192442,0.1,8,4.0,5.0,0.1,2,54.850421877479214,0.0,0.20951544601811672,0.0,2,0.0,-0.22622541847178265,262144.0,2621440.0,2,,271.07292929292674,0.140625,3.6519899368286133,69.38835376502033,10,2
85.75261448607651,2,1.0,0.0,0.0,0.0,0.0,0.0,0.0,0.0,100000000.0,0.0,0.0,0.0,0.0,0.0,0.0,0.2,1.0,0.0,148.3477596193552,0.20818237298999576,0.20818237298999576,95,0.0,85.75261448607651,False,0.1379656702723631,1.2707107828563002,0.1,6,4.0,5.0,0.1,2,61.725152630025086,0.0,0.28019509375953444,0.0,2,0.0,-0.1730740216311794,262144.0,2621440.0,3,,208.18237298999577,0.1125,3.5960283637046815,85.75261448607651,10,2
190.10680449767793,2,1.0,0.0,0.0,0.0,0.0,0.0,0.0,0.0,100000000.0,0.0,0.0,0.0,0.0,0.0,0.0,0.6,3.0,0.0,194.8270951397717,0.26554191672815763,0.26554191672815763,96,0.0,190.10680449767793,False,0.15207586448560334,1.4006704742749316,0.1,8,4.0,5.0,0.1,2,69.0596949084336,0.0,0.6367321249183527,0.0,2,0.0,-0.2088088906068805,262144.0,2621440.0,1,,265.5419167281576,0.11875,3.5186551928520204,190.10680449767796,10,2
76.02672697135452,2,1.0,0.0,0.0,0.0,0.0,0.0,0.0,0.0,100000000.0,0.0,0.0,0.0,0.0,0.0,0.0,0.4,2.0,0.0,177.6584149338305,0.25368514190518504,0.25368514190518504,96,0.0,76.02672697135452,False,0.14155423591924923,1.3037626939113025,0.1,7,4.0,5.0,0.1,2,58.407038973216,0.0,0.23175649801124948,0.0,2,0.0,-0.19761968891221715,262144.0,2621440.0,2,,253.68514190518505,0.115625,3.6240825712680818,76.02672697135452,10,2
103.28865926722447,2,1.0,0.0,0.0,0.0,0.0,0.0,0.0,0.0,100000000.0,0.0,0.0,0.0,0.0,0.0,0.0,0.0,0.0,0.0,129.720329772681,0.23300898903990547,0.23300898903990547,96,0.0,103.28865926722447,False,0.13089118126324265,1.2055523311244962,0.1,5,4.0,5.0,0.1,2,65.54611787236702,0.0,0.3654083774793841,0.0,2,0.0,-0.18195008515157407,262144.0,2621440.0,3,,233.00898903990546,0.146875,3.5302670001983643,103.28865926722447,10,2
79.44302829984174,2,1.0,0.0,0.0,0.0,0.0,0.0,0.0,0.0,100000000.0,0.0,0.0,0.0,0.0,0.0,0.0,0.2,1.0,0.0,155.89164569973946,0.2353346739995812,0.2353346739995812,97,0.0,79.44302829984174,False,0.1346761824854483,1.2404134806893563,0.1,6,4.0,5.0,0.1,2,63.8587375984038,0.0,0.19616939377761602,0.0,2,0.0,-0.18500542824251476,262144.0,2621440.0,1,,235.33467399958118,0.115625,3.621462643146515,79.44302829984174,10,2
90.80318534073253,2,1.0,0.0,0.0,0.0,0.0,0.0,0.0,0.0,100000000.0,0.0,0.0,0.0,0.0,0.0,0.0,0.8,4.0,0.0,190.0288751348853,0.2808320604756178,0.2808320604756178,97,0.0,90.80318534073253,False,0.22878131878235183,2.1071538167350483,0.1,9,4.0,5.0,0.1,2,65.4669577502666,0.0,0.27902355512522514,0.0,2,0.0,-0.25480668962898484,262144.0,2621440.0,2,,280.8320604756178,0.128125,3.66024135351181,90.80318534073254,10,2
126.97091640671623,2,1.0,0.0,0.0,0.0,0.0,0.0,0.0,0.0,100000000.0,0.0,0.0,0.0,0.0,0.0,0.0,0.6,3.0,0.0,221.24002128839493,0.3482109376951112,0.3482109376951112,97,0.0,126.97091640671623,False,0.17082210078960897,1.5733296913283201,0.1,8,4.0,5.0,0.1,2,66.53611678952772,0.0,0.47597356408456826,0.0,2,0.0,-0.2595165192423601,262144.0,2621440.0,3,,348.21093769511117,0.1171875,3.715517747402191,126.97091640671626,10,2
89.15785046103423,2,1.0,0.0,0.0,0.0,0.0,0.0,0.0,0.0,100000000.0,0.0,0.0,0.0,0.0,0.0,0.0,0.2,1.0,0.0,131.6359657794237,0.22079381624045796,0.22079381624045796,98,0.0,89.15785046103423,False,0.13805663215981384,1.271548572800599,0.1,6,4.0,5.0,0.1,2,61.02495793174117,0.0,0.31554027361380066,0.0,2,0.0,-0.1794252242001359,262144.0,2621440.0,1,,220.79381624045797,0.1390625,3.5495834231376646,89.15785046103424,10,2
89.70582299658143,2,1.0,0.0,0.0,0.0,0.0,0.0,0.0,0.0,100000000.0,0.0,0.0,0.0,0.0,0.0,0.0,0.4,2.0,0.0,192.55113322287798,0.2822569562194594,0.2822569562194594,98,0.0,89.70582299658143,False,0.12225559983484385,1.1260156868590272,0.1,7,4.0,5.0,0.1,2,56.029218418113814,0.0,0.3754115781285568,0.0,2,0.0,-0.20225627802715163,262144.0,2621440.0,2,,282.2569562194594,0.15,3.616010773181915,89.70582299658143,10,2
71.1002883324122,2,1.0,0.0,0.0,0.0,0.0,0.0,0.0,0.0,100000000.0,0.0,0.0,0.0,0.0,0.0,0.0,0.2,1.0,0.0,119.24194963648915,0.19034223796890137,0.19034223796890137,98,0.0,71.1002883324122,False,0.12376631157191048,1.1399298561613502,0.1,6,4.0,5.0,0.1,2,55.04983397225098,0.0,0.22574387160177478,0.0,2,0.0,-0.15705427477040593,262144.0,2621440.0,3,,190.34223796890137,0.1328125,3.695127856731415,71.1002883324122,10,2
107.56991669843151,2,1.0,0.0,0.0,0.0,0.0,0.0,0.0,0.0,100000000.0,0.0,0.0,0.0,0.0,0.0,0.0,0.6,3.0,0.0,221.51426877826452,0.32908418547669605,0.32908418547669605,99,0.0,107.56991669843151,False,0.17435868732822296,1.6059028571039042,0.1,8,4.0,5.0,0.1,2,70.41169303616056,0.0,0.34543322894302064,0.0,2,0.0,-0.2517214364024595,262144.0,2621440.0,1,,329.08418547669606,0.1265625,3.6053086280822755,107.5699166984315,10,2
108.74892725088755,2,1.0,0.0,0.0,0.0,0.0,0.0,0.0,0.0,100000000.0,0.0,0.0,0.0,0.0,0.0,0.0,0.4,2.0,0.0,158.42356579378247,0.22754754217353496,0.22754754217353496,99,0.0,108.74892725088755,False,0.14598057661938688,1.3445307983619015,0.1,7,4.0,5.0,0.1,2,62.16293088412614,0.0,0.42838120379142586,0.0,2,0.0,-0.1867640593964609,262144.0,2621440.0,2,,227.54754217353496,0.1203125,3.6910351693630217,108.74892725088755,10,2
65.18772213545608,2,1.0,0.0,0.0,0.0,0.0,0.0,0.0,0.0,100000000.0,0.0,0.0,0.0,0.0,0.0,0.0,0.4,2.0,0.0,193.75736871734262,0.2589450908527987,0.2589450908527987,99,0.0,65.18772213545608,False,0.139664474995876,1.2863573525853749,0.1,7,4.0,5.0,0.1,2,55.820424611986795,0.0,0.14369726716335657,0.0,2,0.0,-0.19930478292433734,262144.0,2621440.0,3,,258.9450908527987,0.1296875,3.6347671508789063,65.18772213545608,10,2
179.43640099932946,7,1.0,0.0,0.0,0.0,0.0,0.0,0.0,0.0,100000000.0,0.0,0.0,0.0,0.0,0.0,0.0,0.34641016151377546,0.4948716593053935,0.0,86.75308199599385,0.2450163341136793,0.2450163341136793,100,0.0,179.43640099932946,False,0.329587265493293,10.624638141117382,0.1,2,4.0,5.0,0.1,7,69.75918647273981,0.0,0.6112316894218108,0.0,7,0.0,-0.28730179980348614,262144.0,2621440.0,1,0.1109375,245.01633411367928,0.1296875,3.5929992496967316,179.43640099932944,10,7
392.55922910175855,2,1.0,0.0,0.0,0.0,0.0,0.0,0.0,0.0,20000000.0,0.0,0.0,0.0,0.0,0.0,0.0,0.6,3.0,0.0,211.92891104146838,0.6044881401432269,0.6044881401432269,100,0.0,392.55922910175855,False,0.15443028208832263,1.4223554617737484,0.1,8,4.0,5.0,0.1,2,275.46504366298007,0.0,0.2982841231543827,0.0,2,0.0,-0.3794592111157748,262144.0,2621440.0,2,0.1109375,604.4881401432269,0.1296875,3.5140899181365968,392.5592291017586,10,2
93.80241526181906,2,1.0,0.0,0.0,0.0,0.0,0.0,0.0,0.0,100000000.0,0.0,0.0,0.0,0.0,0.0,0.0,0.6,3.0,0.0,195.49801340326667,0.28930042866508576,0.28930042866508576,100,0.0,93.80241526181906,False,0.15688612569712931,1.4449746173112004,0.1,8,4.0,5.0,0.1,2,65.42533841138895,0.0,0.3025196821555681,0.0,2,0.0,-0.22309327718110755,262144.0,2621440.0,3,0.1109375,289.30042866508575,0.128125,3.647799849510193,93.80241526181906,10,2
106.66208599557817,7,1.0,0.0,0.0,0.0,0.0,0.0,0.0,0.0,100000000.0,0.0,0.0,0.0,0.0,0.0,0.0,0.5099019513592784,0.7284313590846835,0.0,98.68019446730614,0.20534228046288433,0.20534228046288433,101,0.0,106.66208599557817,False,0.3561668346789544,11.481462218108891,0.1,3,4.0,5.0,0.1,7,69.73608045591973,0.0,0.34619616891037785,0.0,7,0.0,-0.2807545575709194,262144.0,2621440.0,1,,205.34228046288433,0.1234375,3.6809210598468782,106.6620859955782,10,7
502.21932704870795,2,1.0,0.0,0.0,0.0,0.0,0.0,0.0,0.0,20000000.0,0.0,0.0,0.0,0.0,0.0,0.0,0.2,1.0,0.0,128.41788679361343,0.6306372138423214,0.6306372138423214,101,0.0,502.21932704870795,False,0.13762078604528105,1.2675342817359487,0.1,6,4.0,5.0,0.1,2,288.39102054484823,0.0,0.42576678153830094,0.0,2,0.0,-0.38412899994380123,262144.0,2621440.0,2,,630.6372138423214,0.134375,3.692768728733063,502.21932704870795,10,2
109.12724318840253,2,1.0,0.0,0.0,0.0,0.0,0.0,0.0,0.0,100000000.0,0.0,0.0,0.0,0.0,0.0,0.0,0.4,2.0,0.0,208.62401043996215,0.31775125362836465,0.31775125362836465,101,0.0,109.12724318840253,False,0.14935784033062136,1.3756365466682945,0.1,7,4.0,5.0,0.1,2,62.85825635049458,0.0,0.42399116376491747,0.0,2,0.0,-0.23355454697949302,262144.0,2621440.0,3,,317.7512536283646,0.11875,3.721461516618729,109.12724318840253,10,2
107.56776099229508,7,1.0,0.0,0.0,0.0,0.0,0.0,0.0,0.0,100000000.0,0.0,0.0,0.0,0.0,0.0,0.0,0.34641016151377546,0.4948716593053935,0.0,87.41141995415092,0.17770139443824345,0.17770139443824345,102,0.0,107.56776099229508,False,0.3433712412318923,11.068981019927847,0.1,2,4.0,5.0,0.1,7,59.58788098817199,0.0,0.44604330852958646,0.0,7,0.0,-0.26053631783506787,262144.0,2621440.0,1,,177.70139443824345,0.1515625,3.486505550146103,107.56776099229509,10,7
394.77286036945327,2,1.0,0.0,0.0,0.0,0.0,0.0,0.0,0.0,20000000.0,0.0,0.0,0.0,0.0,0.0,0.0,0.4,2.0,0.0,187.99640843644738,0.5827692688059007,0.5827692688059007,102,0.0,394.77286036945327,False,0.1368212361959522,1.2601701554792677,0.1,7,4.0,5.0,0.1,2,284.6487149928198,0.0,0.27895571461921764,0.0,2,0.0,-0.3597952525009265,262144.0,2621440.0,2,,582.7692688059008,0.1515625,3.5197720766067504,394.7728603694533,10,2
109.74643803887486,2,1.0,0.0,0.0,0.0,0.0,0.0,0.0,0.0,100000000.0,0.0,0.0,0.0,0.0,0.0,0.0,0.4,2.0,0.0,194.04379092156887,0.2626611738164809,0.2626611738164809,102,0.0,109.74643803887486,False,0.14285955960894142,1.3157851693889713,0.1,7,4.0,5.0,0.1,2,62.729905048231004,0.0,0.4284105601130257,0.0,2,0.0,-0.20276036671271117,262144.0,2621440.0,3,,262.6611738164809,0.1609375,3.548600786924362,109.74643803887486,10,2
68.44836624825923,7,1.0,0.0,0.0,0.0,0.0,0.0,0.0,0.0,100000000.0,0.0,0.0,0.0,0.0,0.0,0.0,0.5099019513592785,0.7284313590846836,0.0,89.77464213967323,0.15175876824671952,0.15175876824671952,103,0.0,68.44836624825923,False,0.3435899899087954,11.076032644123536,0.1,3,4.0,5.0,0.1,7,57.202474410909474,0.0,0.16429744716713027,0.0,7,0.0,-0.24767437907775747,262144.0,2621440.0,1,,151.7587682467195,0.1578125,3.441731572151184,68.44836624825923,10,7
611.2423755238798,2,1.0,0.0,0.0,0.0,0.0,0.0,0.0,0.0,20000000.0,0.0,0.0,0.0,0.0,0.0,0.0,0.0,0.0,0.0,147.11140049621463,0.7510965193632094,0.7510965193632094,103,0.0,611.2423755238798,False,0.1314036962569791,1.2102727686625503,0.1,5,4.0,5.0,0.1,2,404.02880949518874,0.0,0.33900392761724646,0.0,2,0.0,-0.44125010781009427,262144.0,2621440.0,2,,751.0965193632094,0.19375,3.4323238134384155,611.2423755238799,10,2
62.418370514574136,2,1.0,0.0,0.0,0.0,0.0,0.0,0.0,0.0,100000000.0,0.0,0.0,0.0,0.0,0.0,0.0,0.6,3.0,0.0,180.08155608549714,0.24249992660007127,0.24249992660007127,103,0.0,62.418370514574136,False,0.15962927462764012,1.4702399526522272,0.1,8,4.0,5.0,0.1,2,52.67341687307088,0.0,0.15612316632373308,0.0,2,0.0,-0.2010646006138557,262144.0,2621440.0,3,,242.49992660007126,0.1578125,3.4750848054885863,62.418370514574136,10,2
59.404622574014226,7,1.0,0.0,0.0,0.0,0.0,0.0,0.0,0.0,100000000.0,0.0,0.0,0.0,0.0,0.0,0.0,0.5099019513592785,0.7284313590846836,0.0,95.7606635056436,0.14850777746209315,0.14850777746209315,104,0.0,59.404622574014226,False,0.3386500182648245,10.916786773182446,0.1,3,4.0,5.0,0.1,7,54.23673128217756,0.0,0.08699476687016777,0.0,7,0.0,-0.24357889786345882,262144.0,2621440.0,1,,148.50777746209315,0.1484375,3.474833345413208,59.404622574014226,10,7
386.5682895793079,2,1.0,0.0,0.0,0.0,0.0,0.0,0.0,0.0,20000000.0,0.0,0.0,0.0,0.0,0.0,0.0,0.2,1.0,0.0,154.65847728773952,0.5412267668670474,0.5412267668670474,104,0.0,386.5682895793079,False,0.12908528087030977,1.1889193738276989,0.1,6,4.0,5.0,0.1,2,282.22360493473985,0.0,0.2699256184673699,0.0,2,0.0,-0.3351560238686786,262144.0,2621440.0,2,,541.2267668670474,0.146875,3.5337187886238097,386.5682895793079,10,2
267.1737971970181,2,1.0,0.0,0.0,0.0,0.0,0.0,0.0,0.0,100000000.0,0.0,0.0,0.0,0.0,0.0,0.0,0.6,3.0,0.0,187.00428819283843,0.45417808538985655,0.45417808538985655,104,0.0,267.1737971970181,False,0.1665390594850344,1.5338814230859554,0.1,8,4.0,5.0,0.1,2,83.70121219332646,0.0,0.6867162383757122,0.0,2,0.0,-0.31035857243744547,262144.0,2621440.0,3,,454.17808538985656,0.140625,3.5545145630836488,267.17379719701813,10,2
123.9410103812925,7,1.0,0.0,0.0,0.0,0.0,0.0,0.0,0.0,100000000.0,0.0,0.0,0.0,0.0,0.0,0.0,0.34641016151377546,0.4948716593053935,0.0,85.41668811812997,0.20137998932526627,0.20137998932526627,105,0.0,123.9410103812925,False,0.3336058794850238,10.754182950523376,0.1,2,4.0,5.0,0.1,7,72.37720881725075,0.0,0.4160350267067431,0.0,7,0.0,-0.26749293440514504,262144.0,2621440.0,1,,201.37998932526628,0.1171875,3.505863493680954,123.94101038129249,10,7
377.0120250820879,2,1.0,0.0,0.0,0.0,0.0,0.0,0.0,0.0,20000000.0,0.0,0.0,0.0,0.0,0.0,0.0,0.6,3.0,0.0,196.35066716000438,0.5733626922420922,0.5733626922420922,105,0.0,377.0120250820879,False,0.18217644062005406,1.6779070258658058,0.1,8,4.0,5.0,0.1,2,296.0111268026385,0.0,0.21484964110047375,0.0,2,0.0,-0.3777695664310732,262144.0,2621440.0,2,,573.3626922420923,0.15,3.5174046754837036,377.0120250820879,10,2
134.36539977948775,2,1.0,0.0,0.0,0.0,0.0,0.0,0.0,0.0,100000000.0,0.0,0.0,0.0,0.0,0.0,0.0,0.0,0.0,0.0,142.34274299815297,0.27014012582759966,0.27014012582759966,105,0.0,134.36539977948775,False,0.1353651046289771,1.246758688121048,0.1,5,4.0,5.0,0.1,2,64.60641575140347,0.0,0.5191737169134943,0.0,2,0.0,-0.20275261522828839,262144.0,2621440.0,3,,270.14012582759966,0.1515625,3.627215266227722,134.36539977948775,10,2
87.71447949843332,7,1.0,0.0,0.0,0.0,0.0,0.0,0.0,0.0,100000000.0,0.0,0.0,0.0,0.0,0.0,0.0,0.5099019513592784,0.7284313590846835,0.0,100.61559919267893,0.1546519083975427,0.1546519083975427,106,0.0,87.71447949843332,False,0.33771584900636226,10.886672714258289,0.1,3,4.0,5.0,0.1,7,56.66958141977898,0.0,0.353931280857784,0.0,7,0.0,-0.24618387870195246,262144.0,2621440.0,1,,154.65190839754268,0.121875,3.5724416077136993,87.71447949843333,10,7
468.49493957849563,2,1.0,0.0,0.0,0.0,0.0,0.0,0.0,0.0,20000000.0,0.0,0.0,0.0,0.0,0.0,0.0,0.8,4.0,0.0,174.0445662289858,0.6425395058074814,0.6425395058074814,106,0.0,468.49493957849563,False,0.26131386478180874,2.406789638557018,0.1,9,4.0,5.0,0.1,2,313.68228449035064,0.0,0.3304468031766358,0.0,2,0.0,-0.4519266852946451,262144.0,2621440.0,2,,642.5395058074814,0.1421875,3.6099661231040954,468.4949395784957,10,2
69.32548594736238,2,1.0,0.0,0.0,0.0,0.0,0.0,0.0,0.0,100000000.0,0.0,0.0,0.0,0.0,0.0,0.0,0.4,2.0,0.0,180.0872809253633,0.24941276687272568,0.24941276687272568,106,0.0,69.32548594736238,False,0.1563872371379714,1.440379683873671,0.1,7,4.0,5.0,0.1,2,53.17829575404756,0.0,0.2329185287727387,0.0,2,0.0,-0.20290000200534852,262144.0,2621440.0,3,,249.41276687272568,0.1578125,3.573053294420242,69.3254859473624,10,2
104.25376459314813,7,1.0,0.0,0.0,0.0,0.0,0.0,0.0,0.0,100000000.0,0.0,0.0,0.0,0.0,0.0,0.0,0.34641016151377546,0.4948716593053935,0.0,88.45397364348173,0.17664535050570362,0.17664535050570362,107,0.0,104.25376459314813,False,0.3330090260564606,10.734942669221008,0.1,2,4.0,5.0,0.1,7,66.77556720671855,0.0,0.3594901108145956,0.0,7,0.0,-0.2548271882810821,262144.0,2621440.0,1,,176.64535050570362,0.1421875,3.52432444691658,104.25376459314815,10,7
694.3048579880749,2,1.0,0.0,0.0,0.0,0.0,0.0,0.0,0.0,20000000.0,0.0,0.0,0.0,0.0,0.0,0.0,0.8,4.0,0.0,219.87837413325906,0.9141832321213341,0.9141832321213341,107,0.0,694.3048579880749,False,0.18680712463321103,1.72055720178205,0.1,9,4.0,5.0,0.1,2,322.5562617248737,0.0,0.5354256015728269,0.0,2,0.0,-0.5504951783772726,262144.0,2621440.0,2,,914.1832321213341,0.125,3.6176342964172363,694.304857988075,10,2
152.04207024618287,2,1.0,0.0,0.0,0.0,0.0,0.0,0.0,0.0,100000000.0,0.0,0.0,0.0,0.0,0.0,0.0,0.4,2.0,0.0,153.906577732414,0.3059486479785969,0.3059486479785969,107,0.0,152.04207024618287,False,0.14163103368163,1.3044700274426353,0.1,7,4.0,5.0,0.1,2,65.16654670480092,0.0,0.5713913484650347,0.0,2,0.0,-0.22378984083011344,262144.0,2621440.0,3,,305.9486479785969,0.140625,3.582629507780075,152.0420702461829,10,2
76.66853148587278,7,1.0,0.0,0.0,0.0,0.0,0.0,0.0,0.0,100000000.0,0.0,0.0,0.0,0.0,0.0,0.0,0.34641016151377546,0.4948716593053935,0.0,89.98348191380501,0.16128151849009326,0.16128151849009326,108,0.0,76.66853148587278,False,0.33201403546703145,10.702867962236562,0.1,2,4.0,5.0,0.1,7,59.88415433250364,0.0,0.21892133353906595,0.0,7,0.0,-0.24664777697856236,262144.0,2621440.0,1,,161.28151849009325,0.1421875,3.550825023651123,76.66853148587278,10,7
1463.130988684292,2,1.0,0.0,0.0,0.0,0.0,0.0,0.0,0.0,20000000.0,0.0,0.0,0.0,0.0,0.0,0.0,0.0,0.0,0.0,147.36913051456213,1.6043828698255076,1.6043828698255076,108,0.0,1463.130988684292,False,0.12419340307973925,1.1438635143184337,0.1,5,4.0,5.0,0.1,2,395.49375274316435,0.0,0.7296935436390363,0.0,2,0.0,-0.8642881364526234,262144.0,2621440.0,2,,1604.3828698255077,0.134375,3.494211792945862,1463.130988684292,10,2
78.99743014721606,2,1.0,0.0,0.0,0.0,0.0,0.0,0.0,0.0,100000000.0,0.0,0.0,0.0,0.0,0.0,0.0,0.6,3.0,0.0,169.7118068113923,0.2487092369586084,0.2487092369586084,108,0.0,78.99743014721606,False,0.1743844642995142,1.6061402717832551,0.1,8,4.0,5.0,0.1,2,62.494339855834674,0.0,0.20890667279463357,0.0,2,0.0,-0.2115468506290613,262144.0,2621440.0,3,,248.7092369586084,0.1625,3.469162142276764,78.99743014721608,10,2
83.92230863772225,7,1.0,0.0,0.0,0.0,0.0,0.0,0.0,0.0,100000000.0,0.0,0.0,0.0,0.0,0.0,0.0,0.34641016151377546,0.4948716593053935,0.0,85.94137290492654,0.16216638661079003,0.16216638661079003,109,0.0,83.92230863772225,False,0.3364426162488501,10.845628539515259,0.1,2,4.0,5.0,0.1,7,62.52587216585985,0.0,0.25495528923336735,0.0,7,0.0,-0.24930450142982005,262144.0,2621440.0,1,,162.16638661079003,0.128125,3.561337858438492,83.92230863772225,10,7
369.95686438365016,2,1.0,0.0,0.0,0.0,0.0,0.0,0.0,0.0,20000000.0,0.0,0.0,0.0,0.0,0.0,0.0,0.2,1.0,0.0,160.75101727619767,0.4820855072369996,0.4820855072369996,109,0.0,369.95686438365016,False,0.12352935048922681,1.1377473639349216,0.1,6,4.0,5.0,0.1,2,273.9420760390379,0.0,0.25952968464194703,0.0,2,0.0,-0.3028074288631132,262144.0,2621440.0,2,,482.0855072369996,0.1453125,3.542348861694336,369.95686438365016,10,2
84.97370422072022,2,1.0,0.0,0.0,0.0,0.0,0.0,0.0,0.0,100000000.0,0.0,0.0,0.0,0.0,0.0,0.0,0.4,2.0,0.0,186.99410930275917,0.2719678135234794,0.2719678135234794,109,0.0,84.97370422072022,False,0.14357097386205264,1.322337536805601,0.1,7,4.0,5.0,0.1,2,63.06370612986822,0.0,0.2578444507249032,0.0,2,0.0,-0.207769393692766,262144.0,2621440.0,3,,271.9678135234794,0.15625,3.5605286717414857,84.97370422072022,10,2
117.73685972074824,7,1.0,0.0,0.0,0.0,0.0,0.0,0.0,0.0,100000000.0,0.0,0.0,0.0,0.0,0.0,0.0,0.34641016151377546,0.4948716593053935,0.0,86.2444662488997,0.1865298287091668,0.1865298287091668,110,0.0,117.73685972074824,False,0.3353162718399263,10.809319485677348,0.1,2,4.0,5.0,0.1,7,67.51358874057752,0.0,0.42657219751989106,0.0,7,0.0,-0.26092305027454654,262144.0,2621440.0,1,0.115625,186.5298287091668,0.1203125,3.652288520336151,117.73685972074823,10,7
550.0480606153675,2,1.0,0.0,0.0,0.0,0.0,0.0,0.0,0.0,20000000.0,0.0,0.0,0.0,0.0,0.0,0.0,0.2,1.0,0.0,125.50955871120095,0.6555724310621687,0.6555724310621687,110,0.0,550.0480606153675,False,0.13204826041800283,1.2162094239771561,0.1,6,4.0,5.0,0.1,2,355.5290704704449,0.0,0.35363998907168964,0.0,2,0.0,-0.3938103457400858,262144.0,2621440.0,2,0.115625,655.5724310621687,0.1609375,3.5638339638710024,550.0480606153675,10,2
145.2654988261792,2,1.0,0.0,0.0,0.0,0.0,0.0,0.0,0.0,100000000.0,0.0,0.0,0.0,0.0,0.0,0.0,0.8,4.0,0.0,237.22916515544057,0.3824946639816198,0.3824946639816198,110,0.0,145.2654988261792,False,0.21457246038701022,1.9762853946167407,0.1,9,4.0,5.0,0.1,2,72.30128608138972,0.0,0.5022817760196211,0.0,2,0.0,-0.29853356218431504,262144.0,2621440.0,3,0.115625,382.4946639816198,0.1265625,3.5332621693611146,145.2654988261792,10,2
62.7649863733393,7,1.0,0.0,0.0,0.0,0.0,0.0,0.0,0.0,100000000.0,0.0,0.0,0.0,0.0,0.0,0.0,0.5099019513592784,0.7284313590846835,0.0,102.52228286117315,0.15988471163955392,0.15988471163955392,111,0.0,62.7649863733393,False,0.35483256547969416,11.438450460953284,0.1,3,4.0,5.0,0.1,7,53.46464438798575,0.0,0.1481772326059813,0.0,7,0.0,-0.25735863855962404,262144.0,2621440.0,1,,159.88471163955393,0.13125,3.6204599857330324,62.7649863733393,10,7
631.0486153629073,2,1.0,0.0,0.0,0.0,0.0,0.0,0.0,0.0,20000000.0,0.0,0.0,0.0,0.0,0.0,0.0,0.2,1.0,0.0,138.41251377016306,0.7454823560942361,0.7454823560942361,111,0.0,631.0486153629073,False,0.12360344550986006,1.1384298042948224,0.1,6,4.0,5.0,0.1,2,298.9399895472674,0.0,0.5262805713069332,0.0,2,0.0,-0.43454290080204805,262144.0,2621440.0,2,,745.482356094236,0.1234375,3.6655213475227355,631.0486153629073,10,2
98.41908775914871,2,1.0,0.0,0.0,0.0,0.0,0.0,0.0,0.0,100000000.0,0.0,0.0,0.0,0.0,0.0,0.0,0.6,3.0,0.0,195.55407762527466,0.24861817312097956,0.24861817312097956,111,0.0,98.41908775914871,False,0.17521518806347533,1.6137915204044264,0.1,8,4.0,5.0,0.1,2,58.336777037737974,0.0,0.4072615549892131,0.0,2,0.0,-0.21191668059222746,262144.0,2621440.0,3,,248.61817312097955,0.14375,3.579094982147217,98.41908775914872,10,2
91.91456345075545,7,1.0,0.0,0.0,0.0,0.0,0.0,0.0,0.0,100000000.0,0.0,0.0,0.0,0.0,0.0,0.0,0.5099019513592784,0.7284313590846835,0.0,95.86803428828716,0.1650666527085027,0.1650666527085027,112,0.0,91.91456345075545,False,0.347616718345688,11.205839032336074,0.1,3,4.0,5.0,0.1,7,64.78127433022006,0.0,0.295201196653373,0.0,7,0.0,-0.25634168552709535,262144.0,2621440.0,1,,165.06665270850272,0.1421875,3.401230049133301,91.91456345075548,10,7
364.7207683422643,2,1.0,0.0,0.0,0.0,0.0,0.0,0.0,0.0,20000000.0,0.0,0.0,0.0,0.0,0.0,0.0,0.2,1.0,0.0,140.45466296374798,0.5051754313060123,0.5051754313060123,112,0.0,364.7207683422643,False,0.13081455022918695,1.204846533217787,0.1,6,4.0,5.0,0.1,2,281.96252486501106,0.0,0.2269085027798323,0.0,2,0.0,-0.31799499076759963,262144.0,2621440.0,2,,505.1754313060123,0.1828125,3.5715229868888856,364.7207683422643,10,2
229.57889191378553,2,1.0,0.0,0.0,0.0,0.0,0.0,0.0,0.0,100000000.0,0.0,0.0,0.0,0.0,0.0,0.0,0.0,0.0,0.0,145.6372388638556,0.3676624816427072,0.3676624816427072,112,0.0,229.57889191378553,False,0.12715347894452084,1.1711268205599439,0.1,5,4.0,5.0,0.1,2,74.93729186996924,0.0,0.6735880583563811,0.0,2,0.0,-0.24740798029361402,262144.0,2621440.0,3,,367.66248164270723,0.121875,3.579443871974945,229.57889191378555,10,2
81.41293698711515,7,1.0,0.0,0.0,0.0,0.0,0.0,0.0,0.0,100000000.0,0.0,0.0,0.0,0.0,0.0,0.0,0.34641016151377546,0.4948716593053935,0.0,87.13659411296248,0.15687348014112748,0.15687348014112748,113,0.0,81.41293698711515,False,0.33724004659035917,10.8713346565541,0.1,2,4.0,5.0,0.1,7,61.42899313355745,0.0,0.24546398389632426,0.0,7,0.0,-0.24705676336574334,262144.0,2621440.0,1,,156.8734801411275,0.1515625,3.4778660774230956,81.41293698711515,10,7
611.2049668992399,2,1.0,0.0,0.0,0.0,0.0,0.0,0.0,0.0,20000000.0,0.0,0.0,0.0,0.0,0.0,0.0,0.4,2.0,0.0,203.6913027986884,0.7003855900804044,0.7003855900804044,113,0.0,611.2049668992399,False,0.15115970914998977,1.3922323718003287,0.1,7,4.0,5.0,0.1,2,329.73236163434206,0.0,0.46052080808973533,0.0,2,0.0,-0.42577264961519706,262144.0,2621440.0,2,,700.3855900804043,0.1453125,3.5042069494724273,611.20496689924,10,2
124.89962746065264,2,1.0,0.0,0.0,0.0,0.0,0.0,0.0,0.0,100000000.0,0.0,0.0,0.0,0.0,0.0,0.0,0.4,2.0,0.0,173.86832553893328,0.2987679529995859,0.2987679529995859,113,0.0,124.89962746065264,False,0.15063997089351974,1.387445405553902,0.1,7,4.0,5.0,0.1,2,63.548976779759336,0.0,0.4911996290799243,0.0,2,0.0,-0.22470396194655284,262144.0,2621440.0,3,,298.76795299958593,0.1734375,3.4773958742618563,124.89962746065265,10,2
84.32123634123893,7,1.0,0.0,0.0,0.0,0.0,0.0,0.0,0.0,100000000.0,0.0,0.0,0.0,0.0,0.0,0.0,0.34641016151377546,0.4948716593053935,0.0,87.72924169898033,0.15386816543617937,0.15386816543617937,114,0.0,84.32123634123893,False,0.32583773930083126,10.503767697485639,0.1,2,4.0,5.0,0.1,7,56.45364093876235,0.0,0.33049320208849214,0.0,7,0.0,-0.23985295236850532,262144.0,2621440.0,1,,153.86816543617937,0.146875,3.54756446480751,84.32123634123893,10,7
501.77384461752473,2,1.0,0.0,0.0,0.0,0.0,0.0,0.0,0.0,20000000.0,0.0,0.0,0.0,0.0,0.0,0.0,0.4,2.0,0.0,207.7598418109119,0.7095336864284366,0.7095336864284366,114,0.0,501.77384461752473,False,0.14436497870210196,1.3296505916394517,0.1,7,4.0,5.0,0.1,2,313.08794553626376,0.0,0.3760377331446722,0.0,2,0.0,-0.4269493325652693,262144.0,2621440.0,2,,709.5336864284366,0.1734375,3.5029777109622957,501.77384461752473,10,2
138.77244034885786,2,1.0,0.0,0.0,0.0,0.0,0.0,0.0,0.0,100000000.0,0.0,0.0,0.0,0.0,0.0,0.0,0.0,0.0,0.0,119.49026817455888,0.2467605548176112,0.2467605548176112,114,0.0,138.77244034885786,False,0.1320620169482903,1.2163361263034413,0.1,5,4.0,5.0,0.1,2,67.93372946641587,0.0,0.5104667086949085,0.0,2,0.0,-0.18941128588295075,262144.0,2621440.0,3,,246.7605548176112,0.1328125,3.5593042373657227,138.77244034885786,10,2
119.63681883720348,7,1.0,0.0,0.0,0.0,0.0,0.0,0.0,0.0,100000000.0,0.0,0.0,0.0,0.0,0.0,0.0,0.5099019513592784,0.7284313590846835,0.0,92.37517463043332,0.18815590541420169,0.18815590541420169,115,0.0,119.63681883720348,False,0.35698689397868216,11.507897806573832,0.1,3,4.0,5.0,0.1,7,60.66123305947388,0.0,0.49295514834760845,0.0,7,0.0,-0.27257139969644195,262144.0,2621440.0,1,,188.1559054142017,0.1296875,3.479429453611374,119.63681883720346,10,7
357.15514120262543,2,1.0,0.0,0.0,0.0,0.0,0.0,0.0,0.0,20000000.0,0.0,0.0,0.0,0.0,0.0,0.0,0.4,2.0,0.0,156.4906882122159,0.5136458294148413,0.5136458294148413,115,0.0,357.15514120262543,False,0.15415396010731586,1.4198104422764173,0.1,7,4.0,5.0,0.1,2,269.11372485640686,0.0,0.24650748705384,0.0,2,0.0,-0.33389989476107856,262144.0,2621440.0,2,,513.6458294148413,0.1703125,3.4901442885398866,357.1551412026254,10,2
74.15664899677384,2,1.0,0.0,0.0,0.0,0.0,0.0,0.0,0.0,100000000.0,0.0,0.0,0.0,0.0,0.0,0.0,0.4,2.0,0.0,178.53355081751943,0.25269019981429325,0.25269019981429325,115,0.0,74.15664899677384,False,0.1401081896158128,1.290444115263015,0.1,7,4.0,5.0,0.1,2,58.53913586705579,0.0,0.21060165664170563,0.0,2,0.0,-0.19639919471505302,262144.0,2621440.0,3,,252.69019981429324,0.1375,3.5530410766601563,74.15664899677384,10,2
67.11660764644917,7,1.0,0.0,0.0,0.0,0.0,0.0,0.0,0.0,100000000.0,0.0,0.0,0.0,0.0,0.0,0.0,0.34641016151377546,0.4948716593053935,0.0,85.59830626472831,0.14556204895263153,0.14556204895263153,116,0.0,67.11660764644917,False,0.3437524018514545,11.08126818657681,0.1,2,4.0,5.0,0.1,7,55.06543656180298,0.0,0.17955572409333115,0.0,7,0.0,-0.24465722540204302,262144.0,2621440.0,1,,145.56204895263153,0.1421875,3.4673262357711794,67.11660764644918,10,7
346.88869281306967,2,1.0,0.0,0.0,0.0,0.0,0.0,0.0,0.0,20000000.0,0.0,0.0,0.0,0.0,0.0,0.0,0.4,2.0,0.0,135.01204270869493,0.48190073552176466,0.48190073552176466,116,0.0,346.88869281306967,False,0.13625885902792953,1.2549904703443509,0.1,7,4.0,5.0,0.1,2,263.74831513456303,0.0,0.23967451058806655,0.0,2,0.0,-0.3090797972748471,262144.0,2621440.0,2,,481.90073552176466,0.1953125,3.4358283460140226,346.8886928130697,10,2
79.80976769901591,2,1.0,0.0,0.0,0.0,0.0,0.0,0.0,0.0,100000000.0,0.0,0.0,0.0,0.0,0.0,0.0,0.4,2.0,0.0,208.66128988564014,0.2685113081529659,0.2685113081529659,116,0.0,79.80976769901591,False,0.1473405059434796,1.357056210318627,0.1,7,4.0,5.0,0.1,2,61.48327061520503,0.0,0.2296272450375375,0.0,2,0.0,-0.20792590704822278,262144.0,2621440.0,3,,268.5113081529659,0.153125,3.5504328668117524,79.80976769901591,10,2
68.25784851674437,7,1.0,0.0,0.0,0.0,0.0,0.0,0.0,0.0,100000000.0,0.0,0.0,0.0,0.0,0.0,0.0,0.34641016151377546,0.4948716593053935,0.0,83.48452905192971,0.14841560629816802,0.14841560629816802,117,0.0,68.25784851674437,False,0.3409356910384905,10.990468157967927,0.1,2,4.0,5.0,0.1,7,57.930691123729076,0.0,0.15129626288297005,0.0,7,0.0,-0.24467564866832925,262144.0,2621440.0,1,,148.41560629816803,0.13125,3.467465561628342,68.25784851674437,10,7
533.4087189530825,2,1.0,0.0,0.0,0.0,0.0,0.0,0.0,0.0,20000000.0,0.0,0.0,0.0,0.0,0.0,0.0,0.2,1.0,0.0,130.98301272839308,0.6643917316814756,0.6643917316814756,117,0.0,533.4087189530825,False,0.11944516917174816,1.1001306638600772,0.1,6,4.0,5.0,0.1,2,335.33976963767134,0.0,0.3713267936530166,0.0,2,0.0,-0.3919184504266119,262144.0,2621440.0,2,,664.3917316814756,0.1765625,3.4590322852134703,533.4087189530825,10,2
100.0062841959131,2,1.0,0.0,0.0,0.0,0.0,0.0,0.0,0.0,100000000.0,0.0,0.0,0.0,0.0,0.0,0.0,0.6,3.0,0.0,168.9013484865427,0.22775859664488113,0.22775859664488113,117,0.0,100.0062841959131,False,0.16287066188959184,1.5000942326121907,0.1,8,4.0,5.0,0.1,2,62.66344356537164,0.0,0.37340494080738507,0.0,2,0.0,-0.19531462926723647,262144.0,2621440.0,3,,227.75859664488112,0.15,3.55860059261322,100.00628419591311,10,2
131.7896905439207,7,1.0,0.0,0.0,0.0,0.0,0.0,0.0,0.0,100000000.0,0.0,0.0,0.0,0.0,0.0,0.0,0.5099019513592784,0.7284313590846835,0.0,89.22982914373279,0.20040418832472057,0.20040418832472057,118,0.0,131.7896905439207,False,0.347616718345688,11.205839032336074,0.1,3,4.0,5.0,0.1,7,64.47437126198352,0.0,0.5107783393686887,0.0,7,0.0,-0.2740104533352043,262144.0,2621440.0,1,,200.40418832472056,0.153125,3.4963959097862243,131.7896905439207,10,7
531.8859869982086,2,1.0,0.0,0.0,0.0,0.0,0.0,0.0,0.0,20000000.0,0.0,0.0,0.0,0.0,0.0,0.0,0.4,2.0,0.0,207.5247187167406,0.7394107057149493,0.7394107057149493,118,0.0,531.8859869982086,False,0.15415396010731586,1.4198104422764173,0.1,7,4.0,5.0,0.1,2,306.38037152833044,0.0,0.4239735976925403,0.0,2,0.0,-0.44678233291113256,262144.0,2621440.0,2,,739.4107057149492,0.1265625,3.6327255070209503,531.8859869982086,10,2
77.63903037929121,2,1.0,0.0,0.0,0.0,0.0,0.0,0.0,0.0,100000000.0,0.0,0.0,0.0,0.0,0.0,0.0,0.6,3.0,0.0,153.6434981971979,0.23128252857648912,0.23128252857648912,118,0.0,77.63903037929121,False,0.17290841442274668,1.5925453500122129,0.1,8,4.0,5.0,0.1,2,59.75070852182685,0.0,0.23040372567862127,0.0,2,0.0,-0.2020954714996179,262144.0,2621440.0,3,,231.2825285764891,0.1359375,3.5090684056282044,77.63903037929121,10,2
158.37534612838567,7,1.0,0.0,0.0,0.0,0.0,0.0,0.0,0.0,100000000.0,0.0,0.0,0.0,0.0,0.0,0.0,0.5099019513592785,0.7284313590846836,0.0,100.14984663575888,0.22679363519747198,0.22679363519747198,119,0.0,158.37534612838567,False,0.3500646868134774,11.284752212164793,0.1,3,4.0,5.0,0.1,7,75.25474012447489,0.0,0.5248329871780028,0.0,7,0.0,-0.28842916100547467,262144.0,2621440.0,1,,226.79363519747199,0.1265625,3.4386636197566984,158.37534612838567,10,7
450.58979642019983,2,1.0,0.0,0.0,0.0,0.0,0.0,0.0,0.0,20000000.0,0.0,0.0,0.0,0.0,0.0,0.0,0.4,2.0,0.0,178.71587770059705,0.629305674120797,0.629305674120797,119,0.0,450.58979642019983,False,0.15415396010731586,1.4198104422764173,0.1,7,4.0,5.0,0.1,2,299.202973526657,0.0,0.335974813669252,0.0,2,0.0,-0.3917298171140564,262144.0,2621440.0,2,,629.305674120797,0.1609375,3.4933002650737763,450.5897964201999,10,2
130.86444582377263,2,1.0,0.0,0.0,0.0,0.0,0.0,0.0,0.0,100000000.0,0.0,0.0,0.0,0.0,0.0,0.0,0.2,1.0,0.0,138.73419724404812,0.24006070127297827,0.24006070127297827,119,0.0,130.86444582377263,False,0.12394984162964455,1.1416202304615695,0.1,6,4.0,5.0,0.1,2,61.55351647979963,0.0,0.5296391155571002,0.0,2,0.0,-0.1820052714513114,262144.0,2621440.0,3,,240.06070127297826,0.15,3.6126519441604614,130.86444582377263,10,2
67.90799365613044,7,1.0,0.0,0.0,0.0,0.0,0.0,0.0,0.0,100000000.0,0.0,0.0,0.0,0.0,0.0,0.0,0.34641016151377546,0.4948716593053935,0.0,86.80166024714708,0.14998103321288642,0.14998103321288642,120,0.0,67.90799365613044,False,0.3405499025016878,10.978031804893469,0.1,2,4.0,5.0,0.1,7,54.72530397414652,0.0,0.19412574237928235,0.0,7,0.0,-0.24526546785728712,262144.0,2621440.0,1,0.11015625,149.98103321288642,0.1296875,3.4675771296024323,67.90799365613046,10,7
618.9621235914235,2,1.0,0.0,0.0,0.0,0.0,0.0,0.0,0.0,20000000.0,0.0,0.0,0.0,0.0,0.0,0.0,0.4,2.0,0.0,168.16805955022573,0.701053963575483,0.701053963575483,120,0.0,618.9621235914235,False,0.15415396010731586,1.4198104422764173,0.1,7,4.0,5.0,0.1,2,331.9650393839867,0.0,0.46367471169671026,0.0,2,0.0,-0.4276039618413994,262144.0,2621440.0,2,0.11015625,701.053963575483,0.171875,3.432197254896164,618.9621235914236,10,2
152.42174854191703,2,1.0,0.0,0.0,0.0,0.0,0.0,0.0,0.0,100000000.0,0.0,0.0,0.0,0.0,0.0,0.0,0.4,2.0,0.0,209.13649909198284,0.3615582476338999,0.3615582476338999,120,0.0,152.42174854191703,False,0.13456886037047344,1.2394250074809976,0.1,7,4.0,5.0,0.1,2,71.62266665880219,0.0,0.5301020533883624,0.0,2,0.0,-0.24806355400218666,262144.0,2621440.0,3,0.11015625,361.5582476338999,0.153125,3.5251426815986635,152.42174854191703,10,2
88.6731025842913,7,1.0,0.0,0.0,0.0,0.0,0.0,0.0,0.0,100000000.0,0.0,0.0,0.0,0.0,0.0,0.0,0.34641016151377546,0.4948716593053935,0.0,85.27912385761738,0.15752971955444298,0.15752971955444298,121,0.0,88.6731025842913,False,0.3376902085981811,10.885846165155101,0.1,2,4.0,5.0,0.1,7,55.18174602663987,0.0,0.3776946512705479,0.0,7,0.0,-0.24760996407631203,262144.0,2621440.0,1,,157.52971955444298,0.1234375,3.607457625865936,88.67310258429131,10,7
366.6363515316564,2,1.0,0.0,0.0,0.0,0.0,0.0,0.0,0.0,20000000.0,0.0,0.0,0.0,0.0,0.0,0.0,0.2,1.0,0.0,133.06141644716263,0.49969776797881904,0.49969776797881904,121,0.0,366.6363515316564,False,0.13093846791415054,1.2059878572744087,0.1,6,4.0,5.0,0.1,2,289.08532726862336,0.0,0.21152028144251553,0.0,2,0.0,-0.3153181179464848,262144.0,2621440.0,2,,499.69776797881906,0.146875,3.6540794491767885,366.63635153165643,10,2
570.949310003278,2,1.0,0.0,0.0,0.0,0.0,0.0,0.0,0.0,100000000.0,0.0,0.0,0.0,0.0,0.0,0.0,0.2,1.0,0.0,149.15378810837865,0.7201030981116566,0.7201030981116566,121,0.0,570.949310003278,False,0.12877787666156162,1.1860880764333506,0.1,6,4.0,5.0,0.1,2,112.9812836132758,0.0,0.8021167875434911,0.0,2,0.0,-0.4244404873866091,262144.0,2621440.0,3,,720.1030981116567,0.1109375,3.663671875,570.949310003278,10,2
78.71738801407848,7,1.0,0.0,0.0,0.0,0.0,0.0,0.0,0.0,100000000.0,0.0,0.0,0.0,0.0,0.0,0.0,0.34641016151377546,0.4948716593053935,0.0,85.74770949780941,0.15585465104016696,0.15585465104016696,122,0.0,78.71738801407848,False,0.3284144212901413,10.58683011101724,0.1,2,4.0,5.0,0.1,7,58.320333953311824,0.0,0.25911751615943696,0.0,7,0.0,-0.24213453616515412,262144.0,2621440.0,1,,155.85465104016697,0.16875,3.4526489675045013,78.7173880140785,10,7
528.7015323299647,2,1.0,0.0,0.0,0.0,0.0,0.0,0.0,0.0,20000000.0,0.0,0.0,0.0,0.0,0.0,0.0,0.6,3.0,0.0,161.19841439649463,0.6898999467264595,0.6898999467264595,122,0.0,528.7015323299647,False,0.1478108196363571,1.3613879595116298,0.1,8,4.0,5.0,0.1,2,325.06127714967,0.0,0.3851705408964127,0.0,2,0.0,-0.4188553831814083,262144.0,2621440.0,2,,689.8999467264595,0.184375,3.3881346821784972,528.7015323299648,10,2
134.5014604396286,2,1.0,0.0,0.0,0.0,0.0,0.0,0.0,0.0,100000000.0,0.0,0.0,0.0,0.0,0.0,0.0,0.2,1.0,0.0,167.4766233190894,0.258857700473732,0.258857700473732,122,0.0,134.5014604396286,False,0.12876949361503995,1.1860108657215318,0.1,6,4.0,5.0,0.1,2,65.25567904989379,0.0,0.5148329331399045,0.0,2,0.0,-0.193813597044386,262144.0,2621440.0,3,,258.857700473732,0.16875,3.4654179215431213,134.50146043962863,10,2
68.92482255006963,7,1.0,0.0,0.0,0.0,0.0,0.0,0.0,0.0,100000000.0,0.0,0.0,0.0,0.0,0.0,0.0,0.34641016151377546,0.4948716593053935,0.0,85.14430793002248,0.14344956066670622,0.14344956066670622,123,0.0,68.92482255006963,False,0.34108539486683925,10.995294039217207,0.1,2,4.0,5.0,0.1,7,55.81068039804193,0.0,0.19026733282484823,0.0,7,0.0,-0.24226747776677274,262144.0,2621440.0,1,,143.44956066670622,0.15625,3.327928841114044,68.92482255006963,10,7
467.5064455752785,2,1.0,0.0,0.0,0.0,0.0,0.0,0.0,0.0,20000000.0,0.0,0.0,0.0,0.0,0.0,0.0,0.2,1.0,0.0,155.7503743097186,0.5768883811344916,0.5768883811344916,123,0.0,467.5064455752785,False,0.1288764461674655,1.1869959351330226,0.1,6,4.0,5.0,0.1,2,319.2464414752795,0.0,0.31712932624396517,0.0,2,0.0,-0.35288241365097855,262144.0,2621440.0,2,,576.8883811344916,0.18125,3.392988443374634,467.50644557527846,10,2
97.24564562291917,2,1.0,0.0,0.0,0.0,0.0,0.0,0.0,0.0,100000000.0,0.0,0.0,0.0,0.0,0.0,0.0,0.0,0.0,0.0,133.3488691598177,0.22120825984255488,0.22120825984255488,123,0.0,97.24564562291917,False,0.13226620923216206,1.2182168067392314,0.1,5,4.0,5.0,0.1,2,62.114396846861624,0.0,0.36126294962638095,0.0,2,0.0,-0.17673723453735846,262144.0,2621440.0,3,,221.20825984255487,0.1609375,3.42489817738533,97.24564562291916,10,2
91.50158127421037,7,1.0,0.0,0.0,0.0,0.0,0.0,0.0,0.0,100000000.0,0.0,0.0,0.0,0.0,0.0,0.0,0.34641016151377546,0.4948716593053935,0.0,85.21873783320189,0.16030792638310687,0.16030792638310687,124,0.0,91.50158127421037,False,0.33556465066155505,10.817326272886717,0.1,2,4.0,5.0,0.1,7,57.99279156309288,0.0,0.36620995227064895,0.0,7,0.0,-0.24793628852233096,262144.0,2621440.0,1,,160.30792638310686,0.16875,3.4331113159656526,91.50158127421037,10,7
526.3264803492598,2,1.0,0.0,0.0,0.0,0.0,0.0,0.0,0.0,20000000.0,0.0,0.0,0.0,0.0,0.0,0.0,0.4,2.0,0.0,206.43912022933364,0.6240415401102177,0.6240415401102177,124,0.0,526.3264803492598,False,0.1394382824092345,1.2842740418727892,0.1,7,4.0,5.0,0.1,2,320.9522090541317,0.0,0.39020318939462406,0.0,2,0.0,-0.3817399112597261,262144.0,2621440.0,2,,624.0415401102177,0.165625,3.470585948228836,526.3264803492598,10,2
67.8887369646055,2,1.0,0.0,0.0,0.0,0.0,0.0,0.0,0.0,100000000.0,0.0,0.0,0.0,0.0,0.0,0.0,0.2,1.0,0.0,122.24391894415021,0.19013265590875572,0.19013265590875572,124,0.0,67.8887369646055,False,0.13749505275359458,1.2663762353234274,0.1,6,4.0,5.0,0.1,2,54.14481236166632,0.0,0.20244778762204282,0.0,2,0.0,-0.16381385433117515,262144.0,2621440.0,3,,190.1326559087557,0.178125,3.4227897047996523,67.88873696460551,10,2
118.92570147229083,7,1.0,0.0,0.0,0.0,0.0,0.0,0.0,0.0,100000000.0,0.0,0.0,0.0,0.0,0.0,0.0,0.5099019513592784,0.7284313590846835,0.0,94.20060971751809,0.20833205071369587,0.20833205071369587,125,0.0,118.92570147229083,False,0.3498653987072941,11.278327922649671,0.1,3,4.0,5.0,0.1,7,74.87193280665858,0.0,0.3704310180242795,0.0,7,0.0,-0.279098724710495,262144.0,2621440.0,1,,208.33205071369588,0.1609375,3.4731479823589324,118.92570147229084,10,7
462.656531838797,2,1.0,0.0,0.0,0.0,0.0,0.0,0.0,0.0,20000000.0,0.0,0.0,0.0,0.0,0.0,0.0,0.6,3.0,0.0,196.99174305424094,0.6596482748930379,0.6596482748930379,125,0.0,462.656531838797,False,0.18137790765063855,1.6705522654192442,0.1,8,4.0,5.0,0.1,2,320.61666947255435,0.0,0.30700930948000416,0.0,2,0.0,-0.4205130912718382,262144.0,2621440.0,2,,659.6482748930379,0.184375,3.424373209476471,462.656531838797,10,2
99.7935377308964,2,1.0,0.0,0.0,0.0,0.0,0.0,0.0,0.0,100000000.0,0.0,0.0,0.0,0.0,0.0,0.0,0.8,4.0,0.0,225.6201240234077,0.28752502895716453,0.28752502895716453,125,0.0,99.7935377308964,False,0.21315695103372306,1.96324807167325,0.1,9,4.0,5.0,0.1,2,57.10250130355354,0.0,0.4277935966401318,0.0,2,0.0,-0.2503409899954438,262144.0,2621440.0,3,,287.5250289571645,0.15,3.4658664405345916,99.7935377308964,10,2
85.04700978667262,7,1.0,0.0,0.0,0.0,0.0,0.0,0.0,0.0,100000000.0,0.0,0.0,0.0,0.0,0.0,0.0,0.34641016151377546,0.4948716593053935,0.0,86.97312418371439,0.16329782774121288,0.16329782774121288,126,0.0,85.04700978667262,False,0.33043113364356197,10.651841236243047,0.1,2,4.0,5.0,0.1,7,56.42703116639664,0.0,0.33651951658341445,0.0,7,0.0,-0.24686448069238742,262144.0,2621440.0,1,,163.29782774121287,0.1390625,3.481418859958649,85.04700978667263,10,7
408.06019561965496,2,1.0,0.0,0.0,0.0,0.0,0.0,0.0,0.0,20000000.0,0.0,0.0,0.0,0.0,0.0,0.0,0.2,1.0,0.0,117.50555178150535,0.5255657474011602,0.5255657474011602,126,0.0,408.06019561965496,False,0.13188095604015088,1.214668493711418,0.1,6,4.0,5.0,0.1,2,319.86619682144647,0.0,0.2161298743296502,0.0,2,0.0,-0.3287233517206556,262144.0,2621440.0,2,,525.5657474011603,0.153125,3.5211356401443483,408.0601956196549,10,2
101.47163773828184,2,1.0,0.0,0.0,0.0,0.0,0.0,0.0,0.0,100000000.0,0.0,0.0,0.0,0.0,0.0,0.0,0.6,3.0,0.0,220.61294596642256,0.3220845837047044,0.3220845837047044,126,0.0,101.47163773828184,False,0.15688612569712931,1.4449746173112004,0.1,8,4.0,5.0,0.1,2,62.85322089991973,0.0,0.38058336003177257,0.0,2,0.0,-0.23948535470091686,262144.0,2621440.0,3,,322.0845837047044,0.1671875,3.3808210253715516,101.47163773828184,10,2
116.15251782659918,7,1.0,0.0,0.0,0.0,0.0,0.0,0.0,0.0,100000000.0,0.0,0.0,0.0,0.0,0.0,0.0,0.5099019513592785,0.7284313590846836,0.0,88.96071976050735,0.1856992639166537,0.1856992639166537,127,0.0,116.15251782659918,False,0.3432120648221909,11.06384977873396,0.1,3,4.0,5.0,0.1,7,62.445503397751935,0.0,0.4623835577031996,0.0,7,0.0,-0.2644556643694223,262144.0,2621440.0,1,,185.6992639166537,0.1296875,3.4304519295692444,116.1525178265992,10,7
316.80055228624286,2,1.0,0.0,0.0,0.0,0.0,0.0,0.0,0.0,20000000.0,0.0,0.0,0.0,0.0,0.0,0.0,0.4,2.0,0.0,186.59448204562068,0.5033950343318636,0.5033950343318636,127,0.0,316.80055228624286,False,0.13191758086263064,1.2150058207925198,0.1,7,4.0,5.0,0.1,2,277.825616113339,0.0,0.12302673051430904,0.0,2,0.0,-0.3176563075972471,262144.0,2621440.0,2,,503.3950343318636,0.159375,3.498717391490936,316.80055228624286,10,2
74.8838488775347,2,1.0,0.0,0.0,0.0,0.0,0.0,0.0,0.0,100000000.0,0.0,0.0,0.0,0.0,0.0,0.0,0.6,3.0,0.0,200.74379350990057,0.27562764238743526,0.27562764238743526,127,0.0,74.8838488775347,False,0.1700175405908151,1.565919418047684,0.1,8,4.0,5.0,0.1,2,57.30359511271898,0.0,0.23476696281419146,0.0,2,0.0,-0.2228225914891252,262144.0,2621440.0,3,,275.62764238743523,0.1921875,3.4583819270133973,74.8838488775347,10,2
121.26186181225792,7,1.0,0.0,0.0,0.0,0.0,0.0,0.0,0.0,100000000.0,0.0,0.0,0.0,0.0,0.0,0.0,0.34641016151377546,0.4948716593053935,0.0,83.07549636811018,0.1959764665774347,0.1959764665774347,128,0.0,121.26186181225792,False,0.3323051820086669,10.712253417849613,0.1,2,4.0,5.0,0.1,7,70.76059271748667,0.0,0.4164645696514141,0.0,7,0.0,-0.2641408242930508,262144.0,2621440.0,1,,195.9764665774347,0.1296875,3.481939697265625,121.26186181225792,10,7
840.600852260897,2,1.0,0.0,0.0,0.0,0.0,0.0,0.0,0.0,20000000.0,0.0,0.0,0.0,0.0,0.0,0.0,0.0,0.0,0.0,144.05062329024076,0.9846514755511379,0.9846514755511379,128,0.0,840.600852260897,False,0.12419340307973925,1.1438635143184337,0.1,5,4.0,5.0,0.1,2,410.20843489012896,0.0,0.5120056876140154,0.0,2,0.0,-0.5544224393154386,262144.0,2621440.0,2,,984.6514755511379,0.20625,3.463293343782425,840.6008522608971,10,2
74.89534072639523,2,1.0,0.0,0.0,0.0,0.0,0.0,0.0,0.0,100000000.0,0.0,0.0,0.0,0.0,0.0,0.0,0.2,1.0,0.0,136.78011298179626,0.19347908970478106,0.19347908970478106,128,0.0,74.89534072639523,False,0.13027596643058095,1.1998859931137937,0.1,6,4.0,5.0,0.1,2,57.71739796586057,0.0,0.22935929784054868,0.0,2,0.0,-0.16187752806768102,262144.0,2621440.0,3,,193.47908970478105,0.1671875,3.499372363090515,74.89534072639525,10,2
95.22508054658124,7,1.0,0.0,0.0,0.0,0.0,0.0,0.0,0.0,100000000.0,0.0,0.0,0.0,0.0,0.0,0.0,0.34641016151377546,0.4948716593053935,0.0,88.69740087538958,0.16431037353038142,0.16431037353038142,129,0.0,95.22508054658124,False,0.3441734638583719,11.09484162198177,0.1,2,4.0,5.0,0.1,7,66.63856253516568,0.0,0.3001994626555543,0.0,7,0.0,-0.2542419186943766,262144.0,2621440.0,1,,164.3103735303814,0.13125,3.485088014602661,95.22508054658124,10,7
316.3752971797723,2,1.0,0.0,0.0,0.0,0.0,0.0,0.0,0.0,20000000.0,0.0,0.0,0.0,0.0,0.0,0.0,0.0,0.0,0.0,146.2901309132576,0.4470394809379715,0.4470394809379715,129,0.0,316.3752971797723,False,0.1256682985372115,1.1574478034948348,0.1,5,4.0,5.0,0.1,2,266.276208453666,0.0,0.15835335177145246,0.0,2,0.0,-0.2863538897375915,262144.0,2621440.0,2,,447.0394809379715,0.15,3.5210140347480774,316.3752971797723,10,2
61.0001516946945,2,1.0,0.0,0.0,0.0,0.0,0.0,0.0,0.0,100000000.0,0.0,0.0,0.0,0.0,0.0,0.0,0.4,2.0,0.0,178.58517402783036,0.23958532572252486,0.23958532572252486,129,0.0,61.0001516946945,False,0.14922690148262838,1.3744305553103646,0.1,7,4.0,5.0,0.1,2,51.184724296757146,0.0,0.16090824572147827,0.0,2,0.0,-0.19440611360257662,262144.0,2621440.0,3,,239.58532572252486,0.1703125,3.475160676240921,61.0001516946945,10,2
194.38449700914913,7,1.0,0.0,0.0,0.0,0.0,0.0,0.0,0.0,100000000.0,0.0,0.0,0.0,0.0,0.0,0.0,0.34641016151377546,0.4948716593053935,0.0,85.7860455289483,0.2728379609770387,0.2728379609770387,130,0.0,194.38449700914913,False,0.33200907307668354,10.702707993671993,0.1,2,4.0,5.0,0.1,7,79.32155863799369,0.0,0.5919347486118698,0.0,7,0.0,-0.3024235170268611,262144.0,2621440.0,1,0.12109375,272.83796097703873,0.159375,3.3646683990955353,194.3844970091492,10,7
426.3375502793314,2,1.0,0.0,0.0,0.0,0.0,0.0,0.0,0.0,20000000.0,0.0,0.0,0.0,0.0,0.0,0.0,0.8,4.0,0.0,217.07299957051873,0.6434105498498501,0.6434105498498501,130,0.0,426.3375502793314,False,0.2085354797912006,1.9206827485103184,0.1,9,4.0,5.0,0.1,2,314.83146234232595,0.0,0.261544139998806,0.0,2,0.0,-0.42597301482052535,262144.0,2621440.0,2,0.12109375,643.4105498498501,0.15,3.4761711239814757,426.33755027933137,10,2
72.0179233494566,2,1.0,0.0,0.0,0.0,0.0,0.0,0.0,0.0,100000000.0,0.0,0.0,0.0,0.0,0.0,0.0,0.2,1.0,0.0,156.10817587003112,0.22812609921948773,0.22812609921948773,130,0.0,72.0179233494566,False,0.1408468210027793,1.2972471617464012,0.1,6,4.0,5.0,0.1,2,55.248222500120434,0.0,0.23285454605464825,0.0,2,0.0,-0.1844864601111335,262144.0,2621440.0,3,0.12109375,228.12609921948774,0.1453125,3.5902957677841187,72.01792334945661,10,2
118.44053931759667,7,1.0,0.0,0.0,0.0,0.0,0.0,0.0,0.0,100000000.0,0.0,0.0,0.0,0.0,0.0,0.0,0.34641016151377546,0.4948716593053935,0.0,88.58119929209352,0.18913704829515887,0.18913704829515887,131,0.0,118.44053931759667,False,0.3319159694357647,10.699706686892426,0.1,2,4.0,5.0,0.1,7,62.463868519048255,0.0,0.4726141160878012,0.0,7,0.0,-0.2605265088654618,262144.0,2621440.0,1,,189.13704829515888,0.140625,3.603963202238083,118.44053931759667,10,7
389.33463822777486,2,1.0,0.0,0.0,0.0,0.0,0.0,0.0,0.0,20000000.0,0.0,0.0,0.0,0.0,0.0,0.0,0.2,1.0,0.0,166.7405995540321,0.556075237781807,0.556075237781807,131,0.0,389.33463822777486,False,0.12985105672450328,1.195972430093462,0.1,6,4.0,5.0,0.1,2,298.39141997762147,0.0,0.23358625028618263,0.0,2,0.0,-0.34296314725315513,262144.0,2621440.0,2,,556.075237781807,0.153125,3.5093883752822874,389.33463822777486,10,2
122.93434760623194,2,1.0,0.0,0.0,0.0,0.0,0.0,0.0,0.0,100000000.0,0.0,0.0,0.0,0.0,0.0,0.0,0.0,0.0,0.0,119.6401440538466,0.23444258201025941,0.23444258201025941,131,0.0,122.93434760623194,False,0.13469893448947862,1.2406230343906202,0.1,5,4.0,5.0,0.1,2,73.72638565011509,0.0,0.4002783836599816,0.0,2,0.0,-0.18457075824986902,262144.0,2621440.0,3,,234.44258201025943,0.11875,3.6101591885089874,122.93434760623194,10,2
99.35885838954641,7,1.0,0.0,0.0,0.0,0.0,0.0,0.0,0.0,100000000.0,0.0,0.0,0.0,0.0,0.0,0.0,0.34641016151377546,0.4948716593053935,0.0,87.2844448313117,0.16741996476217108,0.16741996476217108,132,0.0,99.35885838954641,False,0.33324748105006086,10.742629550011602,0.1,2,4.0,5.0,0.1,7,65.2419589807516,0.0,0.34337048514623697,0.0,7,0.0,-0.250333722906116,262144.0,2621440.0,1,,167.41996476217108,0.1796875,3.3192021429538725,99.35885838954644,10,7
482.1508206575438,2,1.0,0.0,0.0,0.0,0.0,0.0,0.0,0.0,20000000.0,0.0,0.0,0.0,0.0,0.0,0.0,0.6,3.0,0.0,202.28803157806396,0.6844388522356077,0.6844388522356077,132,0.0,482.1508206575438,False,0.16976518904357654,1.563595174404222,0.1,8,4.0,5.0,0.1,2,305.766482932046,0.0,0.36582813959530297,0.0,2,0.0,-0.42710202063959213,262144.0,2621440.0,2,,684.4388522356078,0.175,3.420381259918213,482.1508206575438,10,2
101.03457863141959,2,1.0,0.0,0.0,0.0,0.0,0.0,0.0,0.0,100000000.0,0.0,0.0,0.0,0.0,0.0,0.0,0.0,0.0,0.0,132.53560615703464,0.22857467666899034,0.22857467666899034,132,0.0,101.03457863141959,False,0.12626446784940865,1.1629387257794974,0.1,5,4.0,5.0,0.1,2,65.15942541563443,0.0,0.3550779713414745,0.0,2,0.0,-0.1774195722591995,262144.0,2621440.0,3,,228.57467666899035,0.1578125,3.411165773868561,101.0345786314196,10,2
128.52925013870285,7,1.0,0.0,0.0,0.0,0.0,0.0,0.0,0.0,100000000.0,0.0,0.0,0.0,0.0,0.0,0.0,0.5099019513592785,0.7284313590846836,0.0,107.01924376189709,0.2097606537689297,0.2097606537689297,133,0.0,128.52925013870285,False,0.344405734330255,11.10232913734718,0.1,3,4.0,5.0,0.1,7,69.47991407680976,0.0,0.45942332969475635,0.0,7,0.0,-0.27708319404959236,262144.0,2621440.0,1,,209.7606537689297,0.1703125,3.309137797355652,128.52925013870285,10,7
702.1047305860025,2,1.0,0.0,0.0,0.0,0.0,0.0,0.0,0.0,20000000.0,0.0,0.0,0.0,0.0,0.0,0.0,0.2,1.0,0.0,140.45066526159644,0.8425553958475989,0.8425553958475989,133,0.0,702.1047305860025,False,0.12883060134459495,1.1865736887100922,0.1,6,4.0,5.0,0.1,2,321.1918445313558,0.0,0.5425300093573259,0.0,2,0.0,-0.48569299859609694,262144.0,2621440.0,2,,842.5553958475989,0.1796875,3.41510351896286,702.1047305860025,10,2
66.27854360451035,2,1.0,0.0,0.0,0.0,0.0,0.0,0.0,0.0,100000000.0,0.0,0.0,0.0,0.0,0.0,0.0,0.8,4.0,0.0,233.4604924544692,0.29973903605897956,0.29973903605897956,133,0.0,66.27854360451035,False,0.22460813912561217,2.0687174116630693,0.1,9,4.0,5.0,0.1,2,53.69003159155793,0.0,0.18993344343938998,0.0,2,0.0,-0.26217358759229586,262144.0,2621440.0,3,,299.73903605897954,0.16875,3.4548040688037873,66.27854360451033,10,2
63.146104387175576,7,1.0,0.0,0.0,0.0,0.0,0.0,0.0,0.0,100000000.0,0.0,0.0,0.0,0.0,0.0,0.0,0.5099019513592784,0.7284313590846835,0.0,90.32906172797084,0.1506768592131274,0.1506768592131274,134,0.0,63.146104387175576,False,0.33856312477216044,10.913985657930036,0.1,3,4.0,5.0,0.1,7,56.759415039882015,0.0,0.10114146247461378,0.0,7,0.0,-0.24461999199264392,262144.0,2621440.0,1,,150.67685921312741,0.175,3.36605219244957,63.14610438717556,10,7
881.9203933443143,2,1.0,0.0,0.0,0.0,0.0,0.0,0.0,0.0,20000000.0,0.0,0.0,0.0,0.0,0.0,0.0,0.2,1.0,0.0,147.26463332772255,1.029185026672037,1.029185026672037,134,0.0,881.9203933443143,False,0.12062671700734688,1.1110131215917132,0.1,6,4.0,5.0,0.1,2,357.4947598398727,0.0,0.5946405565198201,0.0,2,0.0,-0.574905871839692,262144.0,2621440.0,2,,1029.185026672037,0.153125,3.472004842758179,881.9203933443144,10,2
135.6401343715058,2,1.0,0.0,0.0,0.0,0.0,0.0,0.0,0.0,100000000.0,0.0,0.0,0.0,0.0,0.0,0.0,0.6,3.0,0.0,176.9326189532876,0.3125727533247934,0.3125727533247934,134,0.0,135.6401343715058,False,0.16287066188959184,1.5000942326121907,0.1,8,4.0,5.0,0.1,2,71.71328350370307,0.0,0.4712974604751792,0.0,2,0.0,-0.23772170760719263,262144.0,2621440.0,3,,312.5727533247934,0.184375,3.435812830924988,135.6401343715058,10,2
829.769587211165,7,1.0,0.0,0.0,0.0,0.0,0.0,0.0,0.0,100000000.0,0.0,0.0,0.0,0.0,0.0,0.0,0.5099019513592785,0.7284313590846836,0.0,109.04368432238698,0.8973334283305736,0.8973334283305736,135,0.0,829.769587211165,False,0.3416128147011832,11.012296045893544,0.1,3,4.0,5.0,0.1,7,134.65603596151826,0.0,0.837718761886545,0.0,7,0.0,-0.6194731215158784,262144.0,2621440.0,1,,897.3334283305736,0.175,3.228652286529541,829.769587211165,10,7
487.2345312861164,2,1.0,0.0,0.0,0.0,0.0,0.0,0.0,0.0,20000000.0,0.0,0.0,0.0,0.0,0.0,0.0,0.8,4.0,0.0,242.32857674360275,0.6045497716466718,0.6045497716466718,135,0.0,487.2345312861164,False,0.26131386478180874,2.406789638557018,0.1,9,4.0,5.0,0.1,2,304.74172554370597,0.0,0.37454817757004594,0.0,2,0.0,-0.43293181821424026,262144.0,2621440.0,2,,604.5497716466717,0.2171875,3.2885036528110505,487.2345312861164,10,2
94.783028232254,2,1.0,0.0,0.0,0.0,0.0,0.0,0.0,0.0,100000000.0,0.0,0.0,0.0,0.0,0.0,0.0,0.2,1.0,0.0,125.4971856251359,0.22028021385738988,0.22028021385738988,135,0.0,94.783028232254,False,0.12271913020286832,1.1302849593212798,0.1,6,4.0,5.0,0.1,2,62.527495307576146,0.0,0.3403091621597032,0.0,2,0.0,-0.1714996720301291,262144.0,2621440.0,3,,220.2802138573899,0.18125,3.4029166460037232,94.78302823225398,10,2
73.04301762125446,7,1.0,0.0,0.0,0.0,0.0,0.0,0.0,0.0,100000000.0,0.0,0.0,0.0,0.0,0.0,0.0,0.5099019513592784,0.7284313590846835,0.0,92.82551798969507,0.1601838593460463,0.1601838593460463,136,0.0,73.04301762125446,False,0.34802365253289697,11.218957040642232,0.1,3,4.0,5.0,0.1,7,59.0189243000101,0.0,0.19199772651730584,0.0,7,0.0,-0.25410375593947165,262144.0,2621440.0,1,,160.1838593460463,0.153125,3.4191436529159547,73.04301762125446,10,7
420.4533519317629,2,1.0,0.0,0.0,0.0,0.0,0.0,0.0,0.0,20000000.0,0.0,0.0,0.0,0.0,0.0,0.0,0.4,2.0,0.0,159.70094315707684,0.5801542950888398,0.5801542950888398,136,0.0,420.4533519317629,False,0.13788740504865585,1.2699899335066676,0.1,7,4.0,5.0,0.1,2,309.0613085323158,0.0,0.26493317959687784,0.0,2,0.0,-0.3590208500687478,262144.0,2621440.0,2,,580.1542950888397,0.1578125,3.415692400932312,420.45335193176294,10,2
106.1924422361585,2,1.0,0.0,0.0,0.0,0.0,0.0,0.0,0.0,100000000.0,0.0,0.0,0.0,0.0,0.0,0.0,0.6,3.0,0.0,197.65680376440287,0.30384924600056135,0.30384924600056135,136,0.0,106.1924422361585,False,0.17816682043568388,1.6409770592054105,0.1,8,4.0,5.0,0.1,2,65.41551076656361,0.0,0.38399090002009906,0.0,2,0.0,-0.2410080332181226,262144.0,2621440.0,3,,303.8492460005613,0.16875,3.4045008540153505,106.1924422361585,10,2
218.20063532986552,7,1.0,0.0,0.0,0.0,0.0,0.0,0.0,0.0,100000000.0,0.0,0.0,0.0,0.0,0.0,0.0,0.34641016151377546,0.4948716593053935,0.0,86.8530129082501,0.2897521952884725,0.2897521952884725,137,0.0,218.20063532986552,False,0.3338865800768669,10.763231668500591,0.1,2,4.0,5.0,0.1,7,79.2659581176898,0.0,0.6367290223611897,0.0,7,0.0,-0.3118193876826697,262144.0,2621440.0,1,,289.75219528847254,0.165625,3.2570698618888856,218.20063532986552,10,7
544.9660905875553,2,1.0,0.0,0.0,0.0,0.0,0.0,0.0,0.0,20000000.0,0.0,0.0,0.0,0.0,0.0,0.0,0.4,2.0,0.0,136.78363477811217,0.6817497253656675,0.6817497253656675,137,0.0,544.9660905875553,False,0.14296958927644368,1.3167985800776825,0.1,7,4.0,5.0,0.1,2,328.2487317913359,0.0,0.3976712726521489,0.0,2,0.0,-0.41235965732105556,262144.0,2621440.0,2,,681.7497253656675,0.1703125,3.3851621031761168,544.9660905875553,10,2
85.29321038006675,2,1.0,0.0,0.0,0.0,0.0,0.0,0.0,0.0,100000000.0,0.0,0.0,0.0,0.0,0.0,0.0,0.4,2.0,0.0,197.9605657979846,0.28325377617805136,0.28325377617805136,137,0.0,85.29321038006675,False,0.1401370969880129,1.2907103620002374,0.1,7,4.0,5.0,0.1,2,56.806425369564835,0.0,0.33398654926417626,0.0,2,0.0,-0.21169543658303214,262144.0,2621440.0,3,,283.25377617805134,0.1796875,3.458079069852829,85.29321038006675,10,2
103.72567124577327,7,1.0,0.0,0.0,0.0,0.0,0.0,0.0,0.0,100000000.0,0.0,0.0,0.0,0.0,0.0,0.0,0.5099019513592785,0.7284313590846836,0.0,103.17218070849776,0.1718228062978582,0.1718228062978582,138,0.0,103.72567124577327,False,0.3515947926598128,11.334076996939443,0.1,3,4.0,5.0,0.1,7,61.31572671021966,0.0,0.4088664264708895,0.0,7,0.0,-0.2617087994788355,262144.0,2621440.0,1,,171.8228062978582,0.1515625,3.337776404619217,103.72567124577328,10,7
1078.3760845056038,2,1.0,0.0,0.0,0.0,0.0,0.0,0.0,0.0,20000000.0,0.0,0.0,0.0,0.0,0.0,0.0,0.0,0.0,0.0,131.44083647057414,1.1979865617444974,1.1979865617444974,138,0.0,1078.3760845056038,False,0.12304266934561216,1.133264864949608,0.1,5,4.0,5.0,0.1,2,388.21970076411395,0.0,0.6399960029324107,0.0,2,0.0,-0.6605146155450548,262144.0,2621440.0,2,,1197.9865617444973,0.1625,3.4484171867370605,1078.3760845056038,10,2
76.95545625198186,2,1.0,0.0,0.0,0.0,0.0,0.0,0.0,0.0,100000000.0,0.0,0.0,0.0,0.0,0.0,0.0,0.0,0.0,0.0,132.41647696122527,0.20937193321320713,0.20937193321320713,138,0.0,76.95545625198186,False,0.12352692429678498,1.1377250178767244,0.1,5,4.0,5.0,0.1,2,57.69636597807714,0.0,0.25026283010840744,0.0,2,0.0,-0.16644942875499605,262144.0,2621440.0,3,,209.37193321320711,0.1859375,3.320282995700836,76.95545625198186,10,2
119.00726355032278,7,1.0,0.0,0.0,0.0,0.0,0.0,0.0,0.0,100000000.0,0.0,0.0,0.0,0.0,0.0,0.0,0.5099019513592784,0.7284313590846835,0.0,99.18885258957744,0.19393099412550574,0.19393099412550574,139,0.0,119.00726355032278,False,0.3391848647850491,10.934028187925572,0.1,3,4.0,5.0,0.1,7,74.26492087729979,0.0,0.3759631247558556,0.0,7,0.0,-0.26655792945527745,262144.0,2621440.0,1,,193.93099412550575,0.1609375,3.3074976444244384,119.00726355032278,10,7
515.6180300425391,2,1.0,0.0,0.0,0.0,0.0,0.0,0.0,0.0,20000000.0,0.0,0.0,0.0,0.0,0.0,0.0,0.6,3.0,0.0,223.4149668365717,0.739032996879111,0.739032996879111,139,0.0,515.6180300425391,False,0.1756307612941752,1.617619091308654,0.1,8,4.0,5.0,0.1,2,333.7387130330128,0.0,0.3527404132755425,0.0,2,0.0,-0.4573318790866431,262144.0,2621440.0,2,,739.0329968791109,0.15,3.425862193107605,515.6180300425392,10,2
113.67200646833416,2,1.0,0.0,0.0,0.0,0.0,0.0,0.0,0.0,100000000.0,0.0,0.0,0.0,0.0,0.0,0.0,0.4,2.0,0.0,134.14894323796034,0.24782094970629448,0.24782094970629448,139,0.0,113.67200646833416,False,0.1470529091650705,1.3544073460995953,0.1,7,4.0,5.0,0.1,2,65.24479962345995,0.0,0.4260257942958424,0.0,2,0.0,-0.19743692943568247,262144.0,2621440.0,3,,247.82094970629447,0.1609375,3.384803628921509,113.67200646833416,10,2
156.6854645971592,7,1.0,0.0,0.0,0.0,0.0,0.0,0.0,0.0,100000000.0,0.0,0.0,0.0,0.0,0.0,0.0,0.5099019513592784,0.7284313590846835,0.0,97.0573271624744,0.22697017206888753,0.22697017206888753,140,0.0,156.6854645971592,False,0.33969723399681373,10.950545019853228,0.1,3,4.0,5.0,0.1,7,65.48692695804411,0.0,0.5820484872262273,0.0,7,0.0,-0.28333370303285066,262144.0,2621440.0,1,0.1265625,226.97017206888754,0.1796875,3.321558618545532,156.6854645971592,10,7
437.5994698107249,2,1.0,0.0,0.0,0.0,0.0,0.0,0.0,0.0,20000000.0,0.0,0.0,0.0,0.0,0.0,0.0,0.0,0.0,0.0,132.61916115880013,0.553545362219215,0.553545362219215,140,0.0,437.5994698107249,False,0.12585460154363365,1.159163717596305,0.1,5,4.0,5.0,0.1,2,313.10840310404546,0.0,0.2844863289265995,0.0,2,0.0,-0.33969998188142436,262144.0,2621440.0,2,0.1265625,553.545362219215,0.2140625,3.340315341949463,437.5994698107249,10,2
85.16691597293938,2,1.0,0.0,0.0,0.0,0.0,0.0,0.0,0.0,100000000.0,0.0,0.0,0.0,0.0,0.0,0.0,0.6,3.0,0.0,179.0077080950141,0.26417462406795345,0.26417462406795345,140,0.0,85.16691597293938,False,0.17816682043568388,1.6409770592054105,0.1,8,4.0,5.0,0.1,2,63.528286142575745,0.0,0.25407318772983406,0.0,2,0.0,-0.22117072225181866,262144.0,2621440.0,3,0.1265625,264.17462406795346,0.171875,3.379622983932495,85.16691597293938,10,2
91.70345657645542,7,1.0,0.0,0.0,0.0,0.0,0.0,0.0,0.0,100000000.0,0.0,0.0,0.0,0.0,0.0,0.0,0.5099019513592784,0.7284313590846835,0.0,98.11275824904442,0.15850950985356052,0.15850950985356052,141,0.0,91.70345657645542,False,0.3351202323481945,10.80299991911915,0.1,3,4.0,5.0,0.1,7,56.017242183966786,0.0,0.3891479746211765,0.0,7,0.0,-0.24681487110087752,262144.0,2621440.0,1,,158.50950985356053,0.1734375,3.446112722158432,91.70345657645542,10,7
421.0865398210059,2,1.0,0.0,0.0,0.0,0.0,0.0,0.0,0.0,20000000.0,0.0,0.0,0.0,0.0,0.0,0.0,0.2,1.0,0.0,167.70549397915602,0.588792033800162,0.588792033800162,141,0.0,421.0865398210059,False,0.13321752652320207,1.2269787627914561,0.1,6,4.0,5.0,0.1,2,290.57090792859526,0.0,0.3099496648548534,0.0,2,0.0,-0.361004780161682,262144.0,2621440.0,2,,588.792033800162,0.1765625,3.4890809059143066,421.0865398210059,10,2
72.8364916765942,2,1.0,0.0,0.0,0.0,0.0,0.0,0.0,0.0,100000000.0,0.0,0.0,0.0,0.0,0.0,0.0,0.4,2.0,0.0,141.5830636397004,0.21441955531629464,0.21441955531629464,141,0.0,72.8364916765942,False,0.1540164265411934,1.4185437113198578,0.1,7,4.0,5.0,0.1,2,54.48905208371669,0.0,0.2518990024168531,0.0,2,0.0,-0.18421799092874402,262144.0,2621440.0,3,,214.41955531629463,0.1640625,3.5682812094688416,72.83649167659422,10,2
168.75873747307938,7,1.0,0.0,0.0,0.0,0.0,0.0,0.0,0.0,100000000.0,0.0,0.0,0.0,0.0,0.0,0.0,0.34641016151377546,0.4948716593053935,0.0,88.0534895695746,0.24098081336382912,0.24098081336382912,142,0.0,168.75873747307938,False,0.33845596605915457,10.910531269157913,0.1,2,4.0,5.0,0.1,7,68.92845627109607,0.0,0.5915562221950634,0.0,7,0.0,-0.28971838971149183,262144.0,2621440.0,1,,240.98081336382913,0.1953125,3.2847236156463624,168.75873747307944,10,7
311.494148878217,2,1.0,0.0,0.0,0.0,0.0,0.0,0.0,0.0,20000000.0,0.0,0.0,0.0,0.0,0.0,0.0,0.2,1.0,0.0,154.45502242073417,0.41340937035612063,0.41340937035612063,142,0.0,311.494148878217,False,0.1382135690321062,1.2729940148113248,0.1,6,4.0,5.0,0.1,2,261.2370762064123,0.0,0.16134194768279062,0.0,2,0.0,-0.2758114696941134,262144.0,2621440.0,2,,413.40937035612063,0.19375,3.3621710181236266,311.494148878217,10,2
103.58963919319903,2,1.0,0.0,0.0,0.0,0.0,0.0,0.0,0.0,100000000.0,0.0,0.0,0.0,0.0,0.0,0.0,0.2,1.0,0.0,141.97559421882033,0.24556523341201936,0.24556523341201936,142,0.0,103.58963919319903,False,0.1408468210027793,1.2972471617464012,0.1,6,4.0,5.0,0.1,2,67.68674757036362,0.0,0.3465876694084725,0.0,2,0.0,-0.19320602720739932,262144.0,2621440.0,3,,245.56523341201935,0.1734375,3.4007909178733824,103.58963919319903,10,2
85.49216826270045,7,1.0,0.0,0.0,0.0,0.0,0.0,0.0,0.0,100000000.0,0.0,0.0,0.0,0.0,0.0,0.0,0.5099019513592784,0.7284313590846835,0.0,105.20229581743479,0.17038943709850124,0.17038943709850124,143,0.0,85.49216826270045,False,0.34040737971127266,10.973437412956763,0.1,3,4.0,5.0,0.1,7,64.96451366135888,0.0,0.24011152154036117,0.0,7,0.0,-0.2553984084048869,262144.0,2621440.0,1,,170.38943709850125,0.1546875,3.3083010256290435,85.49216826270046,10,7
330.3638296447036,2,1.0,0.0,0.0,0.0,0.0,0.0,0.0,0.0,20000000.0,0.0,0.0,0.0,0.0,0.0,0.0,0.6,3.0,0.0,179.75844256579876,0.5101222722105024,0.5101222722105024,143,0.0,330.3638296447036,False,0.18137790765063855,1.6705522654192442,0.1,8,4.0,5.0,0.1,2,275.7185079585007,0.0,0.1654095175763409,0.0,2,0.0,-0.3457500899305705,262144.0,2621440.0,2,,510.12227221050244,0.1890625,3.3971374869346618,330.3638296447037,10,2
253.37791586106627,2,1.0,0.0,0.0,0.0,0.0,0.0,0.0,0.0,100000000.0,0.0,0.0,0.0,0.0,0.0,0.0,0.0,0.0,0.0,151.70015394687653,0.4050780698079428,0.4050780698079428,143,0.0,253.37791586106627,False,0.1295445544797014,1.1931494400940619,0.1,5,4.0,5.0,0.1,2,79.71791711956314,0.0,0.6853793794591216,0.0,2,0.0,-0.2673113121438221,262144.0,2621440.0,3,,405.0780698079428,0.1765625,3.3765015304088593,253.37791586106627,10,2
142.95723989039215,7,1.0,0.0,0.0,0.0,0.0,0.0,0.0,0.0,100000000.0,0.0,0.0,0.0,0.0,0.0,0.0,0.34641016151377546,0.4948716593053935,0.0,86.00088721141219,0.21446753713666944,0.21446753713666944,144,0.0,142.95723989039215,False,0.34127188208953046,11.001305677003243,0.1,2,4.0,5.0,0.1,7,67.02275295275898,0.0,0.5311692293153777,0.0,7,0.0,-0.2778697096131,262144.0,2621440.0,1,,214.46753713666945,0.15625,3.4347936034202577,142.95723989039212,10,7
574.5557427210873,2,1.0,0.0,0.0,0.0,0.0,0.0,0.0,0.0,20000000.0,0.0,0.0,0.0,0.0,0.0,0.0,0.4,2.0,0.0,173.67031704634428,0.6685558284437425,0.6685558284437425,144,0.0,574.5557427210873,False,0.15415396010731586,1.4198104422764173,0.1,7,4.0,5.0,0.1,2,300.9183366177153,0.0,0.4762591090072992,0.0,2,0.0,-0.4113548942755292,262144.0,2621440.0,2,,668.5558284437425,0.1921875,3.4569692432880403,574.5557427210874,10,2
97.2814444911727,2,1.0,0.0,0.0,0.0,0.0,0.0,0.0,0.0,100000000.0,0.0,0.0,0.0,0.0,0.0,0.0,0.0,0.0,0.0,131.90330285578966,0.22460950692119686,0.22460950692119686,144,0.0,97.2814444911727,False,0.13600602938809117,1.2526618233053155,0.1,5,4.0,5.0,0.1,2,61.589353957789626,0.0,0.36689515374765813,0.0,2,0.0,-0.180307768154644,262144.0,2621440.0,3,,224.60950692119687,0.1703125,3.365045040845871,97.28144449117272,10,2
158.17480512998796,7,1.0,0.0,0.0,0.0,0.0,0.0,0.0,0.0,100000000.0,0.0,0.0,0.0,0.0,0.0,0.0,0.5099019513592784,0.7284313590846835,0.0,101.86622990295291,0.22528458225644926,0.22528458225644926,145,0.0,158.17480512998796,False,0.3418946552530352,11.021381511839682,0.1,3,4.0,5.0,0.1,7,67.07455900842415,0.0,0.5759466309865069,0.0,7,0.0,-0.2835896187547422,262144.0,2621440.0,1,,225.28458225644926,0.16875,3.3475617945194243,158.174805129988,10,7
473.60397904143423,2,1.0,0.0,0.0,0.0,0.0,0.0,0.0,0.0,20000000.0,0.0,0.0,0.0,0.0,0.0,0.0,0.6,3.0,0.0,215.70549719035625,0.6893094762317905,0.6893094762317905,145,0.0,473.60397904143423,False,0.15642051965401765,1.4406862271748928,0.1,8,4.0,5.0,0.1,2,317.40887627965833,0.0,0.32980107784970886,0.0,2,0.0,-0.4228649979429041,262144.0,2621440.0,2,,689.3094762317905,0.1828125,3.4889281153678895,473.60397904143423,10,2
92.65231608558949,2,1.0,0.0,0.0,0.0,0.0,0.0,0.0,0.0,100000000.0,0.0,0.0,0.0,0.0,0.0,0.0,0.0,0.0,0.0,118.40976402163506,0.21106208010722455,0.21106208010722455,145,0.0,92.65231608558949,False,0.13600602938809117,1.2526618233053155,0.1,5,4.0,5.0,0.1,2,55.354347530308964,0.0,0.4025584047011384,0.0,2,0.0,-0.17353405474765787,262144.0,2621440.0,3,,211.06208010722455,0.19375,3.2865010499954224,92.6523160855895,10,2
136.81308525829283,7,1.0,0.0,0.0,0.0,0.0,0.0,0.0,0.0,100000000.0,0.0,0.0,0.0,0.0,0.0,0.0,0.5099019513592785,0.7284313590846836,0.0,101.13526415079832,0.20419339436321227,0.20419339436321227,146,0.0,136.81308525829283,False,0.33788405073757505,10.892094897442977,0.1,3,4.0,5.0,0.1,7,68.60993145210884,0.0,0.49851338179693533,0.0,7,0.0,-0.27103872255039363,262144.0,2621440.0,1,,204.19339436321226,0.1921875,3.2362501084804536,136.81308525829283,10,7
384.0006138974391,2,1.0,0.0,0.0,0.0,0.0,0.0,0.0,0.0,20000000.0,0.0,0.0,0.0,0.0,0.0,0.0,0.2,1.0,0.0,153.46378786489367,0.5374644017623329,0.5374644017623329,146,0.0,384.0006138974391,False,0.13360165587233896,1.2305167248438724,0.1,6,4.0,5.0,0.1,2,297.50193790962845,0.0,0.2252566086024882,0.0,2,0.0,-0.33553302881733593,262144.0,2621440.0,2,,537.464401762333,0.1609375,3.4723976254463196,384.00061389743917,10,2
135.94138935362295,2,1.0,0.0,0.0,0.0,0.0,0.0,0.0,0.0,100000000.0,0.0,0.0,0.0,0.0,0.0,0.0,0.0,0.0,0.0,132.81479151919484,0.26875618087281783,0.26875618087281783,146,0.0,135.94138935362295,False,0.13600602938809117,1.2526618233053155,0.1,5,4.0,5.0,0.1,2,71.80314895767023,0.0,0.4718080394861242,0.0,2,0.0,-0.2023811051304545,262144.0,2621440.0,3,,268.7561808728178,0.184375,3.4413141906261444,135.94138935362295,10,2
75.10954697621075,7,1.0,0.0,0.0,0.0,0.0,0.0,0.0,0.0,100000000.0,0.0,0.0,0.0,0.0,0.0,0.0,0.5099019513592784,0.7284313590846835,0.0,93.68325397372246,0.1515462095277256,0.1515462095277256,147,0.0,75.10954697621075,False,0.33487058989011864,10.794952397083538,0.1,3,4.0,5.0,0.1,7,57.29160214225575,0.0,0.23722609909494508,0.0,7,0.0,-0.2432083997089221,262144.0,2621440.0,1,,151.5462095277256,0.1859375,3.271636927127838,75.10954697621077,10,7
378.2254573789125,2,1.0,0.0,0.0,0.0,0.0,0.0,0.0,0.0,20000000.0,0.0,0.0,0.0,0.0,0.0,0.0,0.4,2.0,0.0,164.8838589899242,0.5431093163688367,0.5431093163688367,147,0.0,378.2254573789125,False,0.1463757024953141,1.3481700421689664,0.1,7,4.0,5.0,0.1,2,291.1118454910817,0.0,0.23032191564133397,0.0,2,0.0,-0.3447425094320754,262144.0,2621440.0,2,,543.1093163688367,0.1734375,3.4203879594802857,378.2254573789125,10,2
123.15912237506251,2,1.0,0.0,0.0,0.0,0.0,0.0,0.0,0.0,100000000.0,0.0,0.0,0.0,0.0,0.0,0.0,0.0,0.0,0.0,143.37981771677732,0.2625549870554719,0.2625549870554719,147,0.0,123.15912237506251,False,0.12352692429678498,1.1377250178767244,0.1,5,4.0,5.0,0.1,2,71.49696026190001,0.0,0.41947491275419435,0.0,2,0.0,-0.19304095567612845,262144.0,2621440.0,3,,262.55498705547194,0.1265625,3.554259866476059,123.15912237506251,10,2
84.55067288481825,7,1.0,0.0,0.0,0.0,0.0,0.0,0.0,0.0,100000000.0,0.0,0.0,0.0,0.0,0.0,0.0,0.5099019513592784,0.7284313590846835,0.0,87.36389642581344,0.15534217257403965,0.15534217257403965,148,0.0,84.55067288481825,False,0.34022692808358207,10.967620339765787,0.1,3,4.0,5.0,0.1,7,58.199648267578276,0.0,0.31165954945311275,0.0,7,0.0,-0.24778455032881086,262144.0,2621440.0,1,,155.34217257403964,0.165625,3.4242643892765043,84.55067288481825,10,7
1697.2873183105692,2,1.0,0.0,0.0,0.0,0.0,0.0,0.0,0.0,20000000.0,0.0,0.0,0.0,0.0,0.0,0.0,0.8,4.0,0.0,182.96327954158187,1.7686242824558722,1.7686242824558722,148,0.0,1697.2873183105692,False,0.26131386478180874,2.406789638557018,0.1,9,4.0,5.0,0.1,2,449.5319789324421,0.0,0.7351467991996232,0.0,2,0.0,-1.0149690736188406,262144.0,2621440.0,2,,1768.6242824558722,0.18125,3.3124021112918856,1697.2873183105694,10,2
180.4210149903374,2,1.0,0.0,0.0,0.0,0.0,0.0,0.0,0.0,100000000.0,0.0,0.0,0.0,0.0,0.0,0.0,0.0,0.0,0.0,132.3567945510149,0.307727602984436,0.307727602984436,148,0.0,180.4210149903374,False,0.13499931215195737,1.243389614902188,0.1,5,4.0,5.0,0.1,2,74.02921877313398,0.0,0.5896862747551959,0.0,2,0.0,-0.2213634575681967,262144.0,2621440.0,3,,307.72760298443603,0.1734375,3.40343514084816,180.4210149903374,10,2
76.57969872139982,7,1.0,0.0,0.0,0.0,0.0,0.0,0.0,0.0,100000000.0,0.0,0.0,0.0,0.0,0.0,0.0,0.34641016151377546,0.4948716593053935,0.0,88.52512296289206,0.15538605458575144,0.15538605458575144,149,0.0,76.57969872139982,False,0.3404757710808286,10.975642090229169,0.1,2,4.0,5.0,0.1,7,60.12572151069703,0.0,0.21486082454519764,0.0,7,0.0,-0.24793091283329002,262144.0,2621440.0,1,,155.38605458575145,0.1625,3.292930543422699,76.57969872139982,10,7
400.4797015974662,2,1.0,0.0,0.0,0.0,0.0,0.0,0.0,0.0,20000000.0,0.0,0.0,0.0,0.0,0.0,0.0,0.2,1.0,0.0,159.8799298517406,0.522591019299104,0.522591019299104,149,0.0,400.4797015974662,False,0.13183053803533396,1.214204126726178,0.1,6,4.0,5.0,0.1,2,292.77784362721565,0.0,0.2689321269982987,0.0,2,0.0,-0.327210778667219,262144.0,2621440.0,2,,522.591019299104,0.1921875,3.370807147026062,400.47970159746626,10,2
107.10036295169958,2,1.0,0.0,0.0,0.0,0.0,0.0,0.0,0.0,100000000.0,0.0,0.0,0.0,0.0,0.0,0.0,0.0,0.0,0.0,119.99105708673596,0.20671139291191468,0.20671139291191468,149,0.0,107.10036295169958,False,0.134462254230526,1.2384431286463389,0.1,5,4.0,5.0,0.1,2,58.02755767661963,0.0,0.45819457490737864,0.0,2,0.0,-0.17058682357122035,262144.0,2621440.0,3,,206.7113929119147,0.16875,3.3481087684631348,107.10036295169958,10,2
73.21948337064144,7,1.0,0.0,0.0,0.0,0.0,0.0,0.0,0.0,100000000.0,0.0,0.0,0.0,0.0,0.0,0.0,0.34641016151377546,0.4948716593053935,0.0,91.7094205506146,0.1549434661260359,0.1549434661260359,150,0.0,73.21948337064144,False,0.3384142780217952,10.909187405610593,0.1,2,4.0,5.0,0.1,7,58.285293156175136,0.0,0.20396470347746826,0.0,7,0.0,-0.24667887207391553,262144.0,2621440.0,1,0.13515625,154.9434661260359,0.2140625,3.2045000433921813,73.21948337064144,10,7
394.05785132566575,2,1.0,0.0,0.0,0.0,0.0,0.0,0.0,0.0,20000000.0,0.0,0.0,0.0,0.0,0.0,0.0,0.2,1.0,0.0,150.67404601722956,0.5447318973428953,0.5447318973428953,150,0.0,394.05785132566575,False,0.1329363466924807,1.2243890008447775,0.1,6,4.0,5.0,0.1,2,273.220262365874,0.0,0.30664936265900333,0.0,2,0.0,-0.338834122017688,262144.0,2621440.0,2,0.13515625,544.7318973428953,0.228125,3.200402331352234,394.05785132566575,10,2
74.76178417729436,2,1.0,0.0,0.0,0.0,0.0,0.0,0.0,0.0,100000000.0,0.0,0.0,0.0,0.0,0.0,0.0,0.8,4.0,0.0,213.70698232203722,0.28846876649933156,0.28846876649933156,150,0.0,74.76178417729436,False,0.2352215022268131,2.1664700983165024,0.1,9,4.0,5.0,0.1,2,56.01580910763168,0.0,0.2507427461229042,0.0,2,0.0,-0.26184513436307233,262144.0,2621440.0,3,0.13515625,288.46876649933154,0.1640625,3.408974438905716,74.76178417729436,10,2
