actual_bandwidth_tx_delay_ms,available_migs,bandwidth_allocation_sum,bandwidth_alpha_max,bandwidth_alpha_mean,bandwidth_alpha_min,bandwidth_context_score_std,bandwidth_cv,bandwidth_floor_hit_rate,bandwidth_gini,bandwidth_hz,bandwidth_latent_mean,bandwidth_physical_score_std,bandwidth_unused,bandwidth_violation,channel_bandwidth_spearman,channel_permutation_delta_spearman,cluster_load_cv,cluster_size_std,cluster_size_violation,compute_delay_ms,delay,delay_normalized,epoch,equal_bandwidth_improvement,equal_bandwidth_tx_delay_ms,is_warmup,kl_normalized,kl_sum,max_bandwidth_share,max_cluster_size,mean_l1,mean_l2,min_bandwidth_share,nonempty_cluster_count,oracle_bandwidth_tx_delay_ms,oracle_gap_closure,oracle_opportunity,penalty,physical_cluster_count,required_airtime_bandwidth_spearman,reward,smashed_data_bytes_per_client_mean,smashed_data_bytes_total,station_id,test_accuracy,total_delay_ms,train_accuracy,train_loss,tx_delay_ms,vehicle_count,virtual_cluster_count
149.7958730310479,2,1.0,0.0,0.0,0.0,0.0,0.0,0.0,0.0,100000000.0,0.0,0.0,0.0,0.0,0.0,0.0,0.0,0.0,0.0,115.18220650032163,0.26497807953136954,0.26497807953136954,1,0.0,149.7958730310479,True,0.1383919273477493,1.2746367556065703,0.1,5,3.0,4.0,0.1,2,113.22085403647856,0.0,0.244165732035812,0.0,2,0.0,-0.20168500343955942,524288.0,5242880.0,1,,264.97807953136953,0.0203125,4.612365126609802,149.7958730310479,10,2
160.72582327222082,2,1.0,0.0,0.0,0.0,0.0,0.0,0.0,0.0,100000000.0,0.0,0.0,0.0,0.0,0.0,0.0,0.0,0.0,0.0,148.63844448700547,0.300683984667264,0.300683984667264,1,0.0,160.72582327222082,True,0.11277587956395072,1.038704236532979,0.1,5,3.0,4.0,0.1,2,120.44684561108059,0.0,0.2506067590204211,0.0,2,0.0,-0.20672993211560736,524288.0,5242880.0,2,,300.683984667264,0.01875,4.644689977169037,160.72582327222085,10,2
329.6726349821935,2,1.0,0.0,0.0,0.0,0.0,0.0,0.0,0.0,100000000.0,0.0,0.0,0.0,0.0,0.0,0.0,0.0,0.0,0.0,114.23973925411701,0.43146214113446574,0.43146214113446574,1,0.0,329.6726349821935,True,0.12065261009561556,1.1112516057479493,0.1,5,3.0,4.0,0.1,2,144.35460267772677,0.0,0.5621274338237878,0.0,2,0.0,-0.2760573756150406,524288.0,5242880.0,3,,431.46214113446575,0.0296875,4.533079147338867,329.67263498219353,10,2
261.5434250249263,2,1.0,0.0,0.0,0.0,0.0,0.0,0.0,0.0,100000000.0,0.0,0.0,0.0,0.0,0.0,0.0,0.0,0.0,0.0,141.71905117109418,0.4032624761960205,0.4032624761960205,2,0.0,261.5434250249263,True,0.1383919273477493,1.2746367556065703,0.1,5,3.0,4.0,0.1,2,139.8942756797434,0.0,0.46512027336794715,0.0,2,0.0,-0.2708272017718849,524288.0,5242880.0,1,,403.2624761960205,0.0328125,4.425392270088196,261.5434250249263,10,2
218.4860808078032,2,1.0,0.0,0.0,0.0,0.0,0.0,0.0,0.0,100000000.0,0.0,0.0,0.0,0.0,0.0,0.0,0.0,0.0,0.0,119.79638691991568,0.33828246772771886,0.33828246772771886,2,0.0,218.4860808078032,True,0.11277587956395072,1.038704236532979,0.1,5,3.0,4.0,0.1,2,135.0395916892699,0.0,0.3819304589565095,0.0,2,0.0,-0.2255291736458348,524288.0,5242880.0,2,,338.2824677277189,0.028125,4.553670763969421,218.48608080780315,10,2
195.3204569244896,2,1.0,0.0,0.0,0.0,0.0,0.0,0.0,0.0,100000000.0,0.0,0.0,0.0,0.0,0.0,0.0,0.0,0.0,0.0,147.55062339827418,0.3428710803227638,0.3428710803227638,2,0.0,195.3204569244896,True,0.12065261009561556,1.1112516057479493,0.1,5,3.0,4.0,0.1,2,125.65285519246103,0.0,0.3566835897735069,0.0,2,0.0,-0.2317618452091897,524288.0,5242880.0,3,,342.8710803227638,0.03125,4.452929079532623,195.3204569244896,10,2
161.25279421989316,2,1.0,0.0,0.0,0.0,0.0,0.0,0.0,0.0,100000000.0,0.0,0.0,0.0,0.0,0.0,0.0,0.0,0.0,0.0,129.70272777602077,0.2909555219959139,0.2909555219959139,3,0.0,161.25279421989316,True,0.1383919273477493,1.2746367556065703,0.1,5,3.0,4.0,0.1,2,118.97890847031519,0.0,0.26215908973292573,0.0,2,0.0,-0.2146737246718316,524288.0,5242880.0,1,,290.9555219959139,0.021875,4.429440557956696,161.25279421989313,10,2
161.81020375514274,2,1.0,0.0,0.0,0.0,0.0,0.0,0.0,0.0,100000000.0,0.0,0.0,0.0,0.0,0.0,0.0,0.0,0.0,0.0,133.0577856861055,0.29486798944124826,0.29486798944124826,3,0.0,161.81020375514274,True,0.11277587956395072,1.038704236532979,0.1,5,3.0,4.0,0.1,2,122.5741420277439,0.0,0.2424819993847379,0.0,2,0.0,-0.2038219345025995,524288.0,5242880.0,2,,294.86798944124826,0.034375,4.5066768527030945,161.81020375514274,10,2
163.54498024212467,2,1.0,0.0,0.0,0.0,0.0,0.0,0.0,0.0,100000000.0,0.0,0.0,0.0,0.0,0.0,0.0,0.0,0.0,0.0,131.30743382498622,0.2798807056538974,0.2798807056538974,3,0.0,163.54498024212467,True,0.12065261009561556,1.1112516057479493,0.1,5,3.0,4.0,0.1,2,111.83077418775989,0.0,0.31620784678198655,0.0,2,0.0,-0.20026665787475648,524288.0,5242880.0,3,,279.8807056538974,0.0328125,4.45136421918869,163.54498024212467,10,2
188.9567013785082,2,1.0,0.0,0.0,0.0,0.0,0.0,0.0,0.0,100000000.0,0.0,0.0,0.0,0.0,0.0,0.0,0.0,0.0,0.0,128.77713702619076,0.30010071415005507,0.30010071415005507,4,0.0,188.9567013785082,True,0.1383919273477493,1.2746367556065703,0.1,5,3.0,4.0,0.1,2,119.47585596590706,0.0,0.36770776006203,0.0,2,0.0,-0.21924632074890218,524288.0,5242880.0,1,,300.10071415005507,0.025,4.371953785419464,188.95670137850823,10,2
200.8263316318297,2,1.0,0.0,0.0,0.0,0.0,0.0,0.0,0.0,100000000.0,0.0,0.0,0.0,0.0,0.0,0.0,0.0,0.0,0.0,133.70745070278645,0.33453378233461617,0.33453378233461617,4,0.0,200.8263316318297,True,0.11277587956395072,1.038704236532979,0.1,5,3.0,4.0,0.1,2,119.1525307367883,0.0,0.40668870576579624,0.0,2,0.0,-0.22365483094928346,524288.0,5242880.0,2,,334.53378233461615,0.0390625,4.495631277561188,200.82633163182973,10,2
132.03450575418034,2,1.0,0.0,0.0,0.0,0.0,0.0,0.0,0.0,100000000.0,0.0,0.0,0.0,0.0,0.0,0.0,0.0,0.0,0.0,136.43402745947242,0.25220375558308517,0.25220375558308517,4,0.0,132.03450575418034,True,0.12065261009561556,1.1112516057479493,0.1,5,3.0,4.0,0.1,2,106.47529253645999,0.0,0.19357980000550828,0.0,2,0.0,-0.18642818283935036,524288.0,5242880.0,3,,252.20375558308515,0.0140625,4.393149375915527,132.03450575418032,10,2
116.15525788674012,2,1.0,0.0,0.0,0.0,0.0,0.0,0.0,0.0,100000000.0,0.0,0.0,0.0,0.0,0.0,0.0,0.0,0.0,0.0,145.58779913932085,0.261666512954797,0.261666512954797,5,0.0,116.15525788674012,True,0.1383919273477493,1.2746367556065703,0.1,5,3.0,4.0,0.1,2,105.5192454950848,0.0,0.09156720569658766,0.0,2,0.0,-0.20002922015127314,524288.0,5242880.0,1,,261.666512954797,0.021875,4.391446888446808,116.15525788674012,10,2
130.03515380129696,2,1.0,0.0,0.0,0.0,0.0,0.0,0.0,0.0,100000000.0,0.0,0.0,0.0,0.0,0.0,0.0,0.0,0.0,0.0,114.0092988498509,0.24373381047204615,0.24373381047204615,5,0.0,130.03515380129696,True,0.11277587956395072,1.038704236532979,0.1,5,3.0,4.0,0.1,2,111.92694215285195,0.0,0.13925627892989345,0.0,2,0.0,-0.17825484501799843,524288.0,5242880.0,2,,243.73381047204614,0.0265625,4.4733715653419495,130.03515380129696,10,2
202.60759333122328,2,1.0,0.0,0.0,0.0,0.0,0.0,0.0,0.0,100000000.0,0.0,0.0,0.0,0.0,0.0,0.0,0.0,0.0,0.0,145.72088653221726,0.34832847986344057,0.34832847986344057,5,0.0,202.60759333122328,True,0.12065261009561556,1.1112516057479493,0.1,5,3.0,4.0,0.1,2,121.40248015823286,0.0,0.40079994948775755,0.0,2,0.0,-0.23449054497952806,524288.0,5242880.0,3,,348.3284798634406,0.0265625,4.392164051532745,202.6075933312233,10,2
150.1740218535349,2,1.0,0.0,0.0,0.0,0.0,0.0,0.0,0.0,100000000.0,0.0,0.0,0.0,0.0,0.0,0.0,0.0,0.0,0.0,120.96603447571397,0.2486577612743065,0.2486577612743065,6,0.0,150.1740218535349,False,0.1383919273477493,1.2746367556065703,0.1,5,3.0,4.0,0.1,2,113.74083343732705,0.0,0.24260646393116667,0.0,2,0.0,-0.1935248443110279,524288.0,5242880.0,1,,248.6577612743065,0.03125,4.356253206729889,150.1740218535349,10,2
136.79481451038419,2,1.0,0.0,0.0,0.0,0.0,0.0,0.0,0.0,100000000.0,0.0,0.0,0.0,0.0,0.0,0.0,0.0,0.0,0.0,150.3190235234797,0.28645644182619634,0.28645644182619634,6,0.0,136.79481451038419,False,0.11277587956395072,1.038704236532979,0.1,5,3.0,4.0,0.1,2,115.48675625343232,0.0,0.1557665642021421,0.0,2,0.0,-0.19961616069507354,524288.0,5242880.0,2,,286.45644182619634,0.0265625,4.486975073814392,136.79481451038419,10,2
680.2953671081066,2,1.0,0.0,0.0,0.0,0.0,0.0,0.0,0.0,100000000.0,0.0,0.0,0.0,0.0,0.0,0.0,0.0,0.0,0.0,112.43432527408004,0.7927296923821866,0.7927296923821866,6,0.0,680.2953671081066,False,0.12065261009561556,1.1112516057479493,0.1,5,3.0,4.0,0.1,2,199.22774726653324,0.0,0.707145224120167,0.0,2,0.0,-0.4566911512389011,524288.0,5242880.0,3,,792.7296923821866,0.0390625,4.391589045524597,680.2953671081066,10,2
223.8164439171889,2,1.0,0.0,0.0,0.0,0.0,0.0,0.0,0.0,100000000.0,0.0,0.0,0.0,0.0,0.0,0.0,0.0,0.0,0.0,146.21670451015234,0.36232793166566285,0.36232793166566285,7,0.0,223.8164439171889,False,0.1383919273477493,1.2746367556065703,0.1,5,3.0,4.0,0.1,2,128.85536998117277,0.0,0.4242810415268295,0.0,2,0.0,-0.25035992950670605,524288.0,5242880.0,1,,362.32793166566285,0.0359375,4.301074922084808,223.81644391718896,10,2
194.70904162365812,2,1.0,0.0,0.0,0.0,0.0,0.0,0.0,0.0,100000000.0,0.0,0.0,0.0,0.0,0.0,0.0,0.0,0.0,0.0,121.03185523301363,0.3157408968566717,0.3157408968566717,7,0.0,194.70904162365812,False,0.11277587956395072,1.038704236532979,0.1,5,3.0,4.0,0.1,2,115.23988480163578,0.0,0.40814312555460924,0.0,2,0.0,-0.21425838821031123,524288.0,5242880.0,2,,315.7408968566717,0.0265625,4.471808135509491,194.70904162365812,10,2
144.13612606811805,2,1.0,0.0,0.0,0.0,0.0,0.0,0.0,0.0,100000000.0,0.0,0.0,0.0,0.0,0.0,0.0,0.0,0.0,0.0,146.83892112225294,0.290975047190371,0.290975047190371,7,0.0,144.13612606811805,False,0.12065261009561556,1.1112516057479493,0.1,5,3.0,4.0,0.1,2,122.12301312525732,0.0,0.15272446640100087,0.0,2,0.0,-0.20581382864299327,524288.0,5242880.0,3,,290.97504719037096,0.025,4.362425684928894,144.13612606811805,10,2
146.3768211793814,2,1.0,0.0,0.0,0.0,0.0,0.0,0.0,0.0,100000000.0,0.0,0.0,0.0,0.0,0.0,0.0,0.0,0.0,0.0,128.5969582386315,0.2732912418101643,0.2732912418101643,8,0.0,146.3768211793814,False,0.1383919273477493,1.2746367556065703,0.1,5,3.0,4.0,0.1,2,117.91763711809492,0.0,0.19442411600406617,0.0,2,0.0,-0.2058415845789568,524288.0,5242880.0,1,,273.2912418101643,0.034375,4.328758597373962,146.3768211793814,10,2
266.01332579606685,2,1.0,0.0,0.0,0.0,0.0,0.0,0.0,0.0,100000000.0,0.0,0.0,0.0,0.0,0.0,0.0,0.0,0.0,0.0,132.75940949097276,0.39877273528703955,0.39877273528703955,8,0.0,266.01332579606685,False,0.11277587956395072,1.038704236532979,0.1,5,3.0,4.0,0.1,2,140.16677675633892,0.0,0.4730836271571047,0.0,2,0.0,-0.2557743074254951,524288.0,5242880.0,2,,398.77273528703955,0.0390625,4.373133361339569,266.0133257960668,10,2
165.34197753420952,2,1.0,0.0,0.0,0.0,0.0,0.0,0.0,0.0,100000000.0,0.0,0.0,0.0,0.0,0.0,0.0,0.0,0.0,0.0,132.47576216235757,0.2978177396965671,0.2978177396965671,8,0.0,165.34197753420952,False,0.12065261009561556,1.1112516057479493,0.1,5,3.0,4.0,0.1,2,118.87277753922335,0.0,0.28104901542847227,0.0,2,0.0,-0.20923517489609134,524288.0,5242880.0,3,,297.8177396965671,0.0390625,4.388075768947601,165.34197753420952,10,2
148.4608166125385,2,1.0,0.0,0.0,0.0,0.0,0.0,0.0,0.0,100000000.0,0.0,0.0,0.0,0.0,0.0,0.0,0.0,0.0,0.0,134.22703417018056,0.28212992429926675,0.28212992429926675,9,0.0,148.4608166125385,False,0.1383919273477493,1.2746367556065703,0.1,5,3.0,4.0,0.1,2,103.75470212261797,0.0,0.3011307327414014,0.0,2,0.0,-0.21026092582350803,524288.0,5242880.0,1,,282.12992429926675,0.046875,4.27997100353241,148.46081661253854,10,2
271.99008099262574,2,1.0,0.0,0.0,0.0,0.0,0.0,0.0,0.0,100000000.0,0.0,0.0,0.0,0.0,0.0,0.0,0.0,0.0,0.0,125.75885280966759,0.39774893380229337,0.39774893380229337,9,0.0,271.99008099262574,False,0.11277587956395072,1.038704236532979,0.1,5,3.0,4.0,0.1,2,152.90789340160416,0.0,0.43781812614795373,0.0,2,0.0,-0.25526240668312206,524288.0,5242880.0,2,,397.7489338022934,0.0203125,4.404450476169586,271.9900809926258,10,2
173.63543955576262,2,1.0,0.0,0.0,0.0,0.0,0.0,0.0,0.0,100000000.0,0.0,0.0,0.0,0.0,0.0,0.0,0.0,0.0,0.0,136.1874812282622,0.3098229207840248,0.3098229207840248,9,0.0,173.63543955576262,False,0.12065261009561556,1.1112516057479493,0.1,5,3.0,4.0,0.1,2,126.93749976752292,0.0,0.2689424457801586,0.0,2,0.0,-0.21523776543982018,524288.0,5242880.0,3,,309.8229207840248,0.0578125,4.290205121040344,173.63543955576262,10,2
263.34429845874894,2,1.0,0.0,0.0,0.0,0.0,0.0,0.0,0.0,100000000.0,0.0,0.0,0.0,0.0,0.0,0.0,0.0,0.0,0.0,132.99438636749983,0.39006845361282816,0.39006845361282816,10,0.0,263.34429845874894,False,0.1383919273477493,1.2746367556065703,0.1,5,3.0,4.0,0.1,2,135.33121138464773,0.0,0.486105405825422,0.0,2,0.0,-0.26423019048028873,524288.0,5242880.0,1,0.009375,390.06845361282814,0.0484375,4.230559945106506,263.34429845874894,10,2
200.37926767952797,2,1.0,0.0,0.0,0.0,0.0,0.0,0.0,0.0,100000000.0,0.0,0.0,0.0,0.0,0.0,0.0,0.0,0.0,0.0,116.38324288651347,0.31633334874175545,0.31633334874175545,10,0.0,200.37926767952797,False,0.11277587956395072,1.038704236532979,0.1,5,3.0,4.0,0.1,2,138.56204593967962,0.0,0.30850108624368416,0.0,2,0.0,-0.2145546141528531,524288.0,5242880.0,2,0.009375,316.33334874175546,0.0375,4.379326105117798,200.37926767952797,10,2
199.86094288896146,2,1.0,0.0,0.0,0.0,0.0,0.0,0.0,0.0,100000000.0,0.0,0.0,0.0,0.0,0.0,0.0,0.0,0.0,0.0,142.8435300476849,0.3427044729366464,0.3427044729366464,10,0.0,199.86094288896146,False,0.12065261009561556,1.1112516057479493,0.1,5,3.0,4.0,0.1,2,141.91769369208455,0.0,0.28991782165797625,0.0,2,0.0,-0.231678541516131,524288.0,5242880.0,3,0.009375,342.7044729366464,0.0640625,4.266750395298004,199.8609428889615,10,2
185.0308078647651,2,1.0,0.0,0.0,0.0,0.0,0.0,0.0,0.0,100000000.0,0.0,0.0,0.0,0.0,0.0,0.0,0.0,0.0,0.0,146.42091747373343,0.33145172533849854,0.33145172533849854,11,0.0,185.0308078647651,False,0.1383919273477493,1.2746367556065703,0.1,5,3.0,4.0,0.1,2,124.86610720803743,0.0,0.3251604495003919,0.0,2,0.0,-0.23492182634312392,524288.0,5242880.0,1,,331.45172533849853,0.0296875,4.48895800113678,185.0308078647651,10,2
158.3702971276442,2,1.0,0.0,0.0,0.0,0.0,0.0,0.0,0.0,100000000.0,0.0,0.0,0.0,0.0,0.0,0.0,0.0,0.0,0.0,120.39271369576454,0.27310247226176654,0.27310247226176654,11,0.0,158.3702971276442,False,0.11277587956395072,1.038704236532979,0.1,5,3.0,4.0,0.1,2,113.83125077107746,0.0,0.2812335846075284,0.0,2,0.0,-0.19293917591285864,524288.0,5242880.0,2,,273.10247226176654,0.0125,4.621387779712677,158.3702971276442,10,2
294.3190114784021,2,1.0,0.0,0.0,0.0,0.0,0.0,0.0,0.0,100000000.0,0.0,0.0,0.0,0.0,0.0,0.0,0.0,0.0,0.0,138.903453014791,0.4332224644931931,0.4332224644931931,11,0.0,294.3190114784021,False,0.12065261009561556,1.1112516057479493,0.1,5,3.0,4.0,0.1,2,140.2550583347703,0.0,0.523459060186934,0.0,2,0.0,-0.27693753729440435,524288.0,5242880.0,3,,433.2224644931931,0.00625,4.576001286506653,294.3190114784021,10,2
185.9478692193348,2,1.0,0.0,0.0,0.0,0.0,0.0,0.0,0.0,100000000.0,0.0,0.0,0.0,0.0,0.0,0.0,0.0,0.0,0.0,131.3903913833201,0.3049038180750627,0.3049038180750627,12,0.0,185.9478692193348,False,0.1383919273477493,1.2746367556065703,0.1,5,3.0,4.0,0.1,2,109.22239135955489,0.0,0.41261821488945577,0.0,2,0.0,-0.221647872711406,524288.0,5242880.0,1,,304.9038180750627,0.040625,4.375143587589264,185.9478692193348,10,2
209.8579838400595,2,1.0,0.0,0.0,0.0,0.0,0.0,0.0,0.0,100000000.0,0.0,0.0,0.0,0.0,0.0,0.0,0.0,0.0,0.0,121.28423247486353,0.331142216314923,0.331142216314923,12,0.0,209.8579838400595,False,0.11277587956395072,1.038704236532979,0.1,5,3.0,4.0,0.1,2,121.70467815749079,0.0,0.4200617201666894,0.0,2,0.0,-0.22195904793943688,524288.0,5242880.0,2,,331.142216314923,0.034375,4.453312337398529,209.8579838400595,10,2
189.20805797160202,2,1.0,0.0,0.0,0.0,0.0,0.0,0.0,0.0,100000000.0,0.0,0.0,0.0,0.0,0.0,0.0,0.0,0.0,0.0,134.91472182795405,0.3232537505979889,0.3232537505979889,12,0.0,189.20805797160202,False,0.12065261009561556,1.1112516057479493,0.1,5,3.0,4.0,0.1,2,135.52817921393859,0.0,0.28370820636888605,0.0,2,0.0,-0.22195318034680223,524288.0,5242880.0,3,,323.25375059798887,0.0390625,4.367486476898193,189.20805797160205,10,2
156.6397874497846,2,1.0,0.0,0.0,0.0,0.0,0.0,0.0,0.0,100000000.0,0.0,0.0,0.0,0.0,0.0,0.0,0.0,0.0,0.0,116.89848499372602,0.2612420079180077,0.2612420079180077,13,0.0,156.6397874497846,False,0.1383919273477493,1.2746367556065703,0.1,5,3.0,4.0,0.1,2,120.80292924603307,0.0,0.22878515597603238,0.0,2,0.0,-0.1998169676328785,524288.0,5242880.0,1,,261.24200791800774,0.01875,4.368324875831604,156.63978744978462,10,2
370.6629366197102,2,1.0,0.0,0.0,0.0,0.0,0.0,0.0,0.0,100000000.0,0.0,0.0,0.0,0.0,0.0,0.0,0.0,0.0,0.0,146.063560154289,0.5167264967739992,0.5167264967739992,13,0.0,370.6629366197102,False,0.11277587956395072,1.038704236532979,0.1,5,3.0,4.0,0.1,2,141.3407832683473,0.0,0.6186810999844881,0.0,2,0.0,-0.31475118816897496,524288.0,5242880.0,2,,516.7264967739992,0.0234375,4.473221004009247,370.6629366197102,10,2
152.69398401188516,2,1.0,0.0,0.0,0.0,0.0,0.0,0.0,0.0,100000000.0,0.0,0.0,0.0,0.0,0.0,0.0,0.0,0.0,0.0,99.15979020297527,0.2499276822495725,0.2499276822495725,13,0.0,152.69398401188516,False,0.12065261009561556,1.1112516057479493,0.1,5,3.0,4.0,0.1,2,116.55796107260706,0.0,0.23665649418424634,0.0,2,0.0,-0.18529014617259404,524288.0,5242880.0,3,,249.9276822495725,0.0328125,4.419296562671661,152.69398401188516,10,2
214.9391258780931,2,1.0,0.0,0.0,0.0,0.0,0.0,0.0,0.0,100000000.0,0.0,0.0,0.0,0.0,0.0,0.0,0.0,0.0,0.0,146.31460653617978,0.36125373241427283,0.36125373241427283,14,0.0,214.9391258780931,False,0.1383919273477493,1.2746367556065703,0.1,5,3.0,4.0,0.1,2,145.04416513067397,0.0,0.32518491206231764,0.0,2,0.0,-0.24982282988101107,524288.0,5242880.0,1,,361.2537324142728,0.03125,4.310932874679565,214.93912587809308,10,2
164.21597750387292,2,1.0,0.0,0.0,0.0,0.0,0.0,0.0,0.0,100000000.0,0.0,0.0,0.0,0.0,0.0,0.0,0.0,0.0,0.0,125.84764650091529,0.29006362400478825,0.29006362400478825,14,0.0,164.21597750387292,False,0.11277587956395072,1.038704236532979,0.1,5,3.0,4.0,0.1,2,123.64653372837894,0.0,0.2470493090389891,0.0,2,0.0,-0.2014197517843695,524288.0,5242880.0,2,,290.06362400478827,0.0203125,4.508270859718323,164.21597750387295,10,2
198.06492955492484,2,1.0,0.0,0.0,0.0,0.0,0.0,0.0,0.0,100000000.0,0.0,0.0,0.0,0.0,0.0,0.0,0.0,0.0,0.0,127.61896476149559,0.3256838943164204,0.3256838943164204,14,0.0,198.06492955492484,False,0.12065261009561556,1.1112516057479493,0.1,5,3.0,4.0,0.1,2,136.81719316466524,0.0,0.3092305968951216,0.0,2,0.0,-0.223168252206018,524288.0,5242880.0,3,,325.68389431642044,0.021875,4.412423551082611,198.06492955492484,10,2
163.85133710607568,2,1.0,0.0,0.0,0.0,0.0,0.0,0.0,0.0,100000000.0,0.0,0.0,0.0,0.0,0.0,0.0,0.0,0.0,0.0,132.91172636672854,0.28045402240857165,0.28045402240857165,15,0.0,163.85133710607568,False,0.1383919273477493,1.2746367556065703,0.1,5,3.0,4.0,0.1,2,120.85333984657717,0.0,0.262420789594546,0.0,2,0.0,-0.20942297487816047,524288.0,5242880.0,1,,280.45402240857163,0.0265625,4.322160124778748,163.85133710607568,10,2
163.25394928303075,2,1.0,0.0,0.0,0.0,0.0,0.0,0.0,0.0,100000000.0,0.0,0.0,0.0,0.0,0.0,0.0,0.0,0.0,0.0,133.1470301374793,0.2703005022167833,0.2703005022167833,15,0.0,163.25394928303075,False,0.11277587956395072,1.038704236532979,0.1,5,3.0,4.0,0.1,2,113.70846170066635,0.0,0.3034872222078266,0.0,2,0.0,-0.191538190890367,524288.0,5242880.0,2,,270.3005022167833,0.0296875,4.548550963401794,163.25394928303078,10,2
140.47197351078063,2,1.0,0.0,0.0,0.0,0.0,0.0,0.0,0.0,100000000.0,0.0,0.0,0.0,0.0,0.0,0.0,0.0,0.0,0.0,132.7809072099626,0.269195755532333,0.269195755532333,15,0.0,140.47197351078063,False,0.12065261009561556,1.1112516057479493,0.1,5,3.0,4.0,0.1,2,111.16618976837309,0.0,0.20862370628087215,0.0,2,0.0,-0.19492418281397428,524288.0,5242880.0,3,,269.195755532333,0.0296875,4.417712330818176,140.47197351078066,10,2
186.45457617077278,2,1.0,0.0,0.0,0.0,0.0,0.0,0.0,0.0,100000000.0,0.0,0.0,0.0,0.0,0.0,0.0,0.0,0.0,0.0,136.57908188179135,0.32303365805256423,0.32303365805256423,16,0.0,186.45457617077278,False,0.1383919273477493,1.2746367556065703,0.1,5,3.0,4.0,0.1,2,126.24117911856744,0.0,0.3229386925695844,0.0,2,0.0,-0.23071279270015677,524288.0,5242880.0,1,,323.03365805256425,0.021875,4.289772987365723,186.45457617077284,10,2
170.86471624259156,2,1.0,0.0,0.0,0.0,0.0,0.0,0.0,0.0,100000000.0,0.0,0.0,0.0,0.0,0.0,0.0,0.0,0.0,0.0,132.93594866991043,0.2986951126489441,0.2986951126489441,16,0.0,170.86471624259156,False,0.11277587956395072,1.038704236532979,0.1,5,3.0,4.0,0.1,2,117.99796782422065,0.0,0.309407053609075,0.0,2,0.0,-0.20573549610644742,524288.0,5242880.0,2,,298.69511264894413,0.0359375,4.410208702087402,170.86471624259156,10,2
226.21519581196455,2,1.0,0.0,0.0,0.0,0.0,0.0,0.0,0.0,100000000.0,0.0,0.0,0.0,0.0,0.0,0.0,0.0,0.0,0.0,122.2054548561573,0.3484206506681219,0.3484206506681219,16,0.0,226.21519581196455,False,0.12065261009561556,1.1112516057479493,0.1,5,3.0,4.0,0.1,2,141.84856769996767,0.0,0.3729485448984799,0.0,2,0.0,-0.23453663038186873,524288.0,5242880.0,3,,348.4206506681219,0.021875,4.411837875843048,226.21519581196455,10,2
195.93340165049875,2,1.0,0.0,0.0,0.0,0.0,0.0,0.0,0.0,100000000.0,0.0,0.0,0.0,0.0,0.0,0.0,0.0,0.0,0.0,147.77635969221592,0.3396836640972003,0.3396836640972003,17,0.0,195.93340165049875,False,0.1383919273477493,1.2746367556065703,0.1,5,3.0,4.0,0.1,2,116.78681825682132,0.0,0.4039463548683608,0.0,2,0.0,-0.2390377957224748,524288.0,5242880.0,1,,339.6836640972003,0.0296875,4.34254914522171,195.93340165049875,10,2
144.36183179275758,2,1.0,0.0,0.0,0.0,0.0,0.0,0.0,0.0,100000000.0,0.0,0.0,0.0,0.0,0.0,0.0,0.0,0.0,0.0,121.00661732256413,0.2629625692549744,0.2629625692549744,17,0.0,144.36183179275758,False,0.11277587956395072,1.038704236532979,0.1,5,3.0,4.0,0.1,2,117.8356397761902,0.0,0.1837479594651289,0.0,2,0.0,-0.18786922440946258,524288.0,5242880.0,2,,262.9625692549744,0.0125,4.487124443054199,144.36183179275756,10,2
236.69261885876253,2,1.0,0.0,0.0,0.0,0.0,0.0,0.0,0.0,100000000.0,0.0,0.0,0.0,0.0,0.0,0.0,0.0,0.0,0.0,150.06654104217887,0.37972246976638635,0.37972246976638635,17,0.0,236.69261885876253,False,0.12065261009561556,1.1112516057479493,0.1,5,3.0,4.0,0.1,2,131.52350142258715,0.0,0.4443278288239783,0.0,2,0.0,-0.25018753993100096,524288.0,5242880.0,3,,379.7224697663863,0.034375,4.383163928985596,236.69261885876256,10,2
198.43232115679575,2,1.0,0.0,0.0,0.0,0.0,0.0,0.0,0.0,100000000.0,0.0,0.0,0.0,0.0,0.0,0.0,0.0,0.0,0.0,110.29167287051678,0.30872399402731254,0.30872399402731254,18,0.0,198.43232115679575,False,0.1383919273477493,1.2746367556065703,0.1,5,3.0,4.0,0.1,2,125.87730751684286,0.0,0.36564110734068317,0.0,2,0.0,-0.22355796068753092,524288.0,5242880.0,1,,308.72399402731253,0.0484375,4.274152517318726,198.43232115679575,10,2
176.30062797696442,2,1.0,0.0,0.0,0.0,0.0,0.0,0.0,0.0,100000000.0,0.0,0.0,0.0,0.0,0.0,0.0,0.0,0.0,0.0,148.47247255966067,0.3247731005366251,0.3247731005366251,18,0.0,176.30062797696442,False,0.11277587956395072,1.038704236532979,0.1,5,3.0,4.0,0.1,2,116.02222393396166,0.0,0.34190691624126707,0.0,2,0.0,-0.21877449005028793,524288.0,5242880.0,2,,324.7731005366251,0.0234375,4.403450012207031,176.30062797696445,10,2
212.45910592009872,2,1.0,0.0,0.0,0.0,0.0,0.0,0.0,0.0,100000000.0,0.0,0.0,0.0,0.0,0.0,0.0,0.0,0.0,0.0,129.29371930658817,0.3285896022953615,0.3285896022953615,18,0.0,212.45910592009872,False,0.12065261009561556,1.1112516057479493,0.1,5,3.0,4.0,0.1,2,138.92628392604408,0.0,0.346103414469365,0.0,2,0.0,-0.22462110619548853,524288.0,5242880.0,3,,328.5896022953615,0.03125,4.362133979797363,212.45910592009872,10,2
192.4369523543452,2,1.0,0.0,0.0,0.0,0.0,0.0,0.0,0.0,100000000.0,0.0,0.0,0.0,0.0,0.0,0.0,0.0,0.0,0.0,126.55942002311349,0.3178297590706085,0.3178297590706085,19,0.0,192.4369523543452,False,0.1383919273477493,1.2746367556065703,0.1,5,3.0,4.0,0.1,2,135.81874467075332,0.0,0.2942169213911554,0.0,2,0.0,-0.2281108432091789,524288.0,5242880.0,1,,317.82975907060853,0.053125,4.24532026052475,192.43695235434524,10,2
1106.307416833132,2,1.0,0.0,0.0,0.0,0.0,0.0,0.0,0.0,100000000.0,0.0,0.0,0.0,0.0,0.0,0.0,0.0,0.0,0.0,131.3500707037747,1.2376574875369066,1.2376574875369066,19,0.0,1106.307416833132,False,0.11277587956395072,1.038704236532979,0.1,5,3.0,4.0,0.1,2,208.04052405215555,0.0,0.8119505294037679,0.0,2,0.0,-0.6752166835504286,524288.0,5242880.0,2,,1237.6574875369067,0.0265625,4.382376790046692,1106.307416833132,10,2
189.71952800277006,2,1.0,0.0,0.0,0.0,0.0,0.0,0.0,0.0,100000000.0,0.0,0.0,0.0,0.0,0.0,0.0,0.0,0.0,0.0,132.35204992815852,0.31084029194536933,0.31084029194536933,19,0.0,189.71952800277006,False,0.12065261009561556,1.1112516057479493,0.1,5,3.0,4.0,0.1,2,120.40583510211326,0.0,0.36534822551131774,0.0,2,0.0,-0.21574645102049245,524288.0,5242880.0,3,,310.8402919453693,0.021875,4.287800908088684,189.71952800277006,10,2
267.94931140427735,2,1.0,0.0,0.0,0.0,0.0,0.0,0.0,0.0,100000000.0,0.0,0.0,0.0,0.0,0.0,0.0,0.0,0.0,0.0,133.88722762465477,0.3979020145412281,0.3979020145412281,20,0.0,267.94931140427735,False,0.1383919273477493,1.2746367556065703,0.1,5,3.0,4.0,0.1,2,146.16890217516914,0.0,0.45449047280949345,0.0,2,0.0,-0.2681469709444887,524288.0,5242880.0,1,0.015625,397.9020145412281,0.0671875,4.2021854519844055,267.94931140427735,10,2
162.15159866490208,2,1.0,0.0,0.0,0.0,0.0,0.0,0.0,0.0,100000000.0,0.0,0.0,0.0,0.0,0.0,0.0,0.0,0.0,0.0,130.90196531265974,0.2930535639775619,0.2930535639775619,20,0.0,162.15159866490208,False,0.11277587956395072,1.038704236532979,0.1,5,3.0,4.0,0.1,2,106.72550497604614,0.0,0.34181651087756426,0.0,2,0.0,-0.2029147217707563,524288.0,5242880.0,2,0.015625,293.0535639775619,0.03125,4.370678722858429,162.1515986649021,10,2
153.64413957238767,2,1.0,0.0,0.0,0.0,0.0,0.0,0.0,0.0,100000000.0,0.0,0.0,0.0,0.0,0.0,0.0,0.0,0.0,0.0,135.30720444396138,0.28528444810897685,0.28528444810897685,20,0.0,153.64413957238767,False,0.12065261009561556,1.1112516057479493,0.1,5,3.0,4.0,0.1,2,121.89234196095423,0.0,0.20665804566189758,0.0,2,0.0,-0.2029685291022962,524288.0,5242880.0,3,0.015625,285.28444810897685,0.0453125,4.298165440559387,153.6441395723877,10,2
211.04636967433495,2,1.0,0.0,0.0,0.0,0.0,0.0,0.0,0.0,100000000.0,0.0,0.0,0.0,0.0,0.0,0.0,0.0,0.0,0.0,143.11367459595203,0.34744948700321726,0.34744948700321726,21,0.0,211.04636967433495,False,0.1383919273477493,1.2746367556065703,0.1,5,3.0,4.0,0.1,2,143.2991898781358,0.0,0.32100613671175515,0.0,2,0.0,-0.24292070717548328,524288.0,5242880.0,1,,347.44948700321726,0.028125,4.4841161370277405,211.04636967433504,10,2
329.4866007740259,2,1.0,0.0,0.0,0.0,0.0,0.0,0.0,0.0,100000000.0,0.0,0.0,0.0,0.0,0.0,0.0,0.0,0.0,0.0,116.03922722861171,0.44552582800263757,0.44552582800263757,21,0.0,329.4866007740259,False,0.11277587956395072,1.038704236532979,0.1,5,3.0,4.0,0.1,2,133.94155607940533,0.0,0.5934840574252443,0.0,2,0.0,-0.27915085378329413,524288.0,5242880.0,2,,445.5258280026376,0.0234375,4.592574656009674,329.4866007740259,10,2
270.14591096256584,2,1.0,0.0,0.0,0.0,0.0,0.0,0.0,0.0,100000000.0,0.0,0.0,0.0,0.0,0.0,0.0,0.0,0.0,0.0,146.41147758811712,0.4148283132194421,0.4148283132194421,21,0.0,270.14591096256584,False,0.12065261009561556,1.1112516057479493,0.1,5,3.0,4.0,0.1,2,142.5085547313988,0.0,0.47247561799613463,0.0,2,0.0,-0.26774046165752885,524288.0,5242880.0,3,,414.82831321944207,0.021875,4.507558286190033,270.14591096256584,10,2
183.25059739428957,2,1.0,0.0,0.0,0.0,0.0,0.0,0.0,0.0,100000000.0,0.0,0.0,0.0,0.0,0.0,0.0,0.0,0.0,0.0,109.20813353732228,0.2924587309316119,0.2924587309316119,22,0.0,183.25059739428957,False,0.1383919273477493,1.2746367556065703,0.1,5,3.0,4.0,0.1,2,119.03286568536974,0.0,0.3504366840930198,0.0,2,0.0,-0.2154253291396806,524288.0,5242880.0,1,,292.4587309316119,0.05,4.252929151058197,183.2505973942896,10,2
186.34972824974253,2,1.0,0.0,0.0,0.0,0.0,0.0,0.0,0.0,100000000.0,0.0,0.0,0.0,0.0,0.0,0.0,0.0,0.0,0.0,149.28522193804383,0.33563495018778633,0.33563495018778633,22,0.0,186.34972824974253,False,0.11277587956395072,1.038704236532979,0.1,5,3.0,4.0,0.1,2,127.87920470880107,0.0,0.31376768879737954,0.0,2,0.0,-0.22420541487586854,524288.0,5242880.0,2,,335.63495018778633,0.0390625,4.39095664024353,186.34972824974253,10,2
429.2445646931885,2,1.0,0.0,0.0,0.0,0.0,0.0,0.0,0.0,100000000.0,0.0,0.0,0.0,0.0,0.0,0.0,0.0,0.0,0.0,119.32612163946033,0.5417879403901755,0.5417879403901755,22,0.0,429.2445646931885,False,0.12065261009561556,1.1112516057479493,0.1,5,3.0,4.0,0.1,2,155.5677245134295,0.0,0.6375778814470843,0.0,2,0.0,-0.33122027524289555,524288.0,5242880.0,3,,541.7879403901755,0.06875,4.278067469596863,429.24456469318864,10,2
290.12660172870227,2,1.0,0.0,0.0,0.0,0.0,0.0,0.0,0.0,100000000.0,0.0,0.0,0.0,0.0,0.0,0.0,0.0,0.0,0.0,150.7641701027751,0.4286991618863291,0.4286991618863291,23,0.0,290.12660172870227,False,0.1383919273477493,1.2746367556065703,0.1,5,3.0,4.0,0.1,2,132.52850597579692,0.0,0.5432045693633965,0.0,2,0.0,-0.2835455446170392,524288.0,5242880.0,1,,428.69916188632914,0.0515625,4.197407424449921,290.12660172870227,10,2
176.6724357183067,2,1.0,0.0,0.0,0.0,0.0,0.0,0.0,0.0,100000000.0,0.0,0.0,0.0,0.0,0.0,0.0,0.0,0.0,0.0,121.31260242313147,0.2917769950616149,0.2917769950616149,23,0.0,176.6724357183067,False,0.11277587956395072,1.038704236532979,0.1,5,3.0,4.0,0.1,2,130.40642853077546,0.0,0.2618745080375726,0.0,2,0.0,-0.20227643731278283,524288.0,5242880.0,2,,291.7769950616149,0.0421875,4.362338900566101,176.67243571830673,10,2
199.5280258091075,2,1.0,0.0,0.0,0.0,0.0,0.0,0.0,0.0,100000000.0,0.0,0.0,0.0,0.0,0.0,0.0,0.0,0.0,0.0,131.57547870650887,0.3311035045156164,0.3311035045156164,23,0.0,199.5280258091075,False,0.12065261009561556,1.1112516057479493,0.1,5,3.0,4.0,0.1,2,131.28804918292315,0.0,0.34200697545853,0.0,2,0.0,-0.22587805730561597,524288.0,5242880.0,3,,331.10350451561635,0.0453125,4.273547530174255,199.5280258091075,10,2
151.12762898156527,2,1.0,0.0,0.0,0.0,0.0,0.0,0.0,0.0,100000000.0,0.0,0.0,0.0,0.0,0.0,0.0,0.0,0.0,0.0,133.7817390449345,0.2843329784560691,0.2843329784560691,24,0.0,151.12762898156527,False,0.1383919273477493,1.2746367556065703,0.1,5,3.0,4.0,0.1,2,129.22913365393492,0.0,0.14490067418646219,0.0,2,0.0,-0.2113624529019092,524288.0,5242880.0,1,,284.3329784560691,0.0453125,4.132565915584564,151.12762898156527,10,2
189.43552619226185,2,1.0,0.0,0.0,0.0,0.0,0.0,0.0,0.0,100000000.0,0.0,0.0,0.0,0.0,0.0,0.0,0.0,0.0,0.0,132.26865231990814,0.2968449447269232,0.2968449447269232,24,0.0,189.43552619226185,False,0.11277587956395072,1.038704236532979,0.1,5,3.0,4.0,0.1,2,123.60650688345358,0.0,0.34750091829130875,0.0,2,0.0,-0.20481041214543694,524288.0,5242880.0,2,,296.8449447269232,0.0375,4.388189911842346,189.43552619226185,10,2
288.4107281061954,2,1.0,0.0,0.0,0.0,0.0,0.0,0.0,0.0,100000000.0,0.0,0.0,0.0,0.0,0.0,0.0,0.0,0.0,0.0,124.73063543438911,0.4085841302367992,0.4085841302367992,24,0.0,288.4107281061954,False,0.12065261009561556,1.1112516057479493,0.1,5,3.0,4.0,0.1,2,140.98619372785296,0.0,0.5111617565212742,0.0,2,0.0,-0.2646183701662074,524288.0,5242880.0,3,,408.5841302367992,0.04375,4.269803702831268,288.4107281061954,10,2
230.84501802934753,2,1.0,0.0,0.0,0.0,0.0,0.0,0.0,0.0,100000000.0,0.0,0.0,0.0,0.0,0.0,0.0,0.0,0.0,0.0,138.78147304058075,0.3452124932968472,0.3452124932968472,25,0.0,230.84501802934753,False,0.1383919273477493,1.2746367556065703,0.1,5,3.0,4.0,0.1,2,119.93420190685588,0.0,0.4804557493564426,0.0,2,0.0,-0.24180221032229826,524288.0,5242880.0,1,,345.21249329684724,0.05625,4.167445540428162,230.84501802934756,10,2
153.93136578389507,2,1.0,0.0,0.0,0.0,0.0,0.0,0.0,0.0,100000000.0,0.0,0.0,0.0,0.0,0.0,0.0,0.0,0.0,0.0,138.88542260974646,0.29281678839364156,0.29281678839364156,25,0.0,153.93136578389507,False,0.11277587956395072,1.038704236532979,0.1,5,3.0,4.0,0.1,2,110.03844465878292,0.0,0.2851460513040183,0.0,2,0.0,-0.20279633397879615,524288.0,5242880.0,2,,292.81678839364156,0.0359375,4.300143837928772,153.93136578389507,10,2
176.16312875972812,2,1.0,0.0,0.0,0.0,0.0,0.0,0.0,0.0,100000000.0,0.0,0.0,0.0,0.0,0.0,0.0,0.0,0.0,0.0,134.26593458279967,0.30859833275120807,0.30859833275120807,25,0.0,176.16312875972812,False,0.12065261009561556,1.1112516057479493,0.1,5,3.0,4.0,0.1,2,127.47235607875626,0.0,0.2763959349710576,0.0,2,0.0,-0.21462547142341182,524288.0,5242880.0,3,,308.5983327512081,0.04375,4.168967604637146,176.16312875972815,10,2
410.47836879538005,2,1.0,0.0,0.0,0.0,0.0,0.0,0.0,0.0,100000000.0,0.0,0.0,0.0,0.0,0.0,0.0,0.0,0.0,0.0,142.67492573708296,0.544645931034252,0.544645931034252,26,0.0,410.47836879538005,False,0.1383919273477493,1.2746367556065703,0.1,5,3.0,4.0,0.1,2,147.01421414046317,0.0,0.6418466225835435,0.0,2,0.0,-0.34151892919100063,524288.0,5242880.0,1,,544.6459310342519,0.0515625,4.108091771602631,410.47836879538,10,2
180.87717021574304,2,1.0,0.0,0.0,0.0,0.0,0.0,0.0,0.0,100000000.0,0.0,0.0,0.0,0.0,0.0,0.0,0.0,0.0,0.0,117.99058457836509,0.2802211443590097,0.2802211443590097,26,0.0,180.87717021574304,False,0.11277587956395072,1.038704236532979,0.1,5,3.0,4.0,0.1,2,121.7877014901204,0.0,0.3266828459066619,0.0,2,0.0,-0.19649851196148022,524288.0,5242880.0,2,,280.2211443590097,0.053125,4.239978313446045,180.87717021574304,10,2
193.61271376539466,2,1.0,0.0,0.0,0.0,0.0,0.0,0.0,0.0,100000000.0,0.0,0.0,0.0,0.0,0.0,0.0,0.0,0.0,0.0,145.43687039986253,0.3390495841652572,0.3390495841652572,26,0.0,193.61271376539466,False,0.12065261009561556,1.1112516057479493,0.1,5,3.0,4.0,0.1,2,130.51816840465494,0.0,0.3258801766354711,0.0,2,0.0,-0.2298510971304364,524288.0,5242880.0,3,,339.0495841652572,0.059375,4.149588167667389,193.61271376539466,10,2
297.2121377864841,2,1.0,0.0,0.0,0.0,0.0,0.0,0.0,0.0,100000000.0,0.0,0.0,0.0,0.0,0.0,0.0,0.0,0.0,0.0,116.20924575254321,0.4134213835390273,0.4134213835390273,27,0.0,297.2121377864841,False,0.1383919273477493,1.2746367556065703,0.1,5,3.0,4.0,0.1,2,134.08509203910157,0.0,0.5488572807365367,0.0,2,0.0,-0.2759066554433883,524288.0,5242880.0,1,,413.4213835390273,0.065625,4.0787034034729,297.2121377864841,10,2
211.17272300772467,2,1.0,0.0,0.0,0.0,0.0,0.0,0.0,0.0,100000000.0,0.0,0.0,0.0,0.0,0.0,0.0,0.0,0.0,0.0,151.2644891627133,0.3528093376954654,0.3528093376954654,27,0.0,211.17272300772467,False,0.11277587956395072,1.038704236532979,0.1,5,3.0,4.0,0.1,2,131.15501111502928,0.0,0.37892068044113986,0.0,2,0.0,-0.23279260862970808,524288.0,5242880.0,2,,352.8093376954654,0.0390625,4.214518368244171,211.17272300772464,10,2
209.58681612445514,2,1.0,0.0,0.0,0.0,0.0,0.0,0.0,0.0,100000000.0,0.0,0.0,0.0,0.0,0.0,0.0,0.0,0.0,0.0,118.84365370497108,0.3284304698294262,0.3284304698294262,27,0.0,209.58681612445514,False,0.12065261009561556,1.1112516057479493,0.1,5,3.0,4.0,0.1,2,127.80542577836037,0.0,0.3902029328864465,0.0,2,0.0,-0.22454153996252088,524288.0,5242880.0,3,,328.4304698294262,0.059375,4.177318811416626,209.5868161244551,10,2
163.9924723419698,2,1.0,0.0,0.0,0.0,0.0,0.0,0.0,0.0,100000000.0,0.0,0.0,0.0,0.0,0.0,0.0,0.0,0.0,0.0,146.7273635789752,0.2955623426239344,0.2955623426239344,28,0.0,163.9924723419698,False,0.1383919273477493,1.2746367556065703,0.1,5,3.0,4.0,0.1,2,122.91319626078445,0.0,0.25049488854295504,0.0,2,0.0,-0.21697713498584184,524288.0,5242880.0,1,,295.5623426239344,0.06875,4.087912559509277,163.99247234196983,10,2
182.66346625035263,2,1.0,0.0,0.0,0.0,0.0,0.0,0.0,0.0,100000000.0,0.0,0.0,0.0,0.0,0.0,0.0,0.0,0.0,0.0,123.227602802217,0.3053481545576976,0.3053481545576976,28,0.0,182.66346625035263,False,0.11277587956395072,1.038704236532979,0.1,5,3.0,4.0,0.1,2,121.848870676663,0.0,0.33293245125623044,0.0,2,0.0,-0.20906201706082417,524288.0,5242880.0,2,,305.34815455769757,0.0515625,4.183571815490723,182.66346625035266,10,2
147.34173166158783,2,1.0,0.0,0.0,0.0,0.0,0.0,0.0,0.0,100000000.0,0.0,0.0,0.0,0.0,0.0,0.0,0.0,0.0,0.0,148.13401363790035,0.29547574529948817,0.29547574529948817,28,0.0,147.34173166158783,False,0.12065261009561556,1.1112516057479493,0.1,5,3.0,4.0,0.1,2,113.49385954309108,0.0,0.229723593830416,0.0,2,0.0,-0.20806417769755187,524288.0,5242880.0,3,,295.47574529948815,0.0640625,4.127551376819611,147.34173166158783,10,2
148.9165296867997,2,1.0,0.0,0.0,0.0,0.0,0.0,0.0,0.0,100000000.0,0.0,0.0,0.0,0.0,0.0,0.0,0.0,0.0,0.0,125.42343977838755,0.2717723629527301,0.2717723629527301,29,0.0,148.9165296867997,False,0.1383919273477493,1.2746367556065703,0.1,5,3.0,4.0,0.1,2,113.39848457630558,0.0,0.23850975566779214,0.0,2,0.0,-0.2050821451502397,524288.0,5242880.0,1,,271.77236295273013,0.0609375,4.038788080215454,148.91652968679972,10,2
212.09786215023937,2,1.0,0.0,0.0,0.0,0.0,0.0,0.0,0.0,100000000.0,0.0,0.0,0.0,0.0,0.0,0.0,0.0,0.0,0.0,134.95556032285094,0.32498830265523737,0.32498830265523737,29,0.0,212.09786215023937,False,0.11277587956395072,1.038704236532979,0.1,5,3.0,4.0,0.1,2,138.51497099109994,0.0,0.3469289620044215,0.0,2,0.0,-0.21888209110959406,524288.0,5242880.0,2,,324.98830265523736,0.075,4.161387920379639,212.0978621502394,10,2
268.39412194917577,2,1.0,0.0,0.0,0.0,0.0,0.0,0.0,0.0,100000000.0,0.0,0.0,0.0,0.0,0.0,0.0,0.0,0.0,0.0,135.50219777971506,0.39099868345315236,0.39099868345315236,29,0.0,268.39412194917577,False,0.12065261009561556,1.1112516057479493,0.1,5,3.0,4.0,0.1,2,125.36036164153202,0.0,0.5329243400298059,0.0,2,0.0,-0.25582564677438396,524288.0,5242880.0,3,,390.99868345315235,0.0765625,4.118224024772644,268.39412194917577,10,2
220.85992337538403,2,1.0,0.0,0.0,0.0,0.0,0.0,0.0,0.0,100000000.0,0.0,0.0,0.0,0.0,0.0,0.0,0.0,0.0,0.0,134.64284827932715,0.35546828664241836,0.35546828664241836,30,0.0,220.85992337538403,False,0.1383919273477493,1.2746367556065703,0.1,5,3.0,4.0,0.1,2,135.9151754055479,0.0,0.3846091525869996,0.0,2,0.0,-0.24693010699508383,524288.0,5242880.0,1,0.03984375,355.4682866424184,0.0734375,4.06839257478714,220.85992337538408,10,2
537.7373516246076,2,1.0,0.0,0.0,0.0,0.0,0.0,0.0,0.0,100000000.0,0.0,0.0,0.0,0.0,0.0,0.0,0.0,0.0,0.0,131.46274210885167,0.6692000937334593,0.6692000937334593,30,0.0,537.7373516246076,False,0.11277587956395072,1.038704236532979,0.1,5,3.0,4.0,0.1,2,157.77443713969,0.0,0.7065957262164826,0.0,2,0.0,-0.39098798664870504,524288.0,5242880.0,2,0.03984375,669.2000937334593,0.065625,4.210686206817627,537.7373516246076,10,2
139.08124011324594,2,1.0,0.0,0.0,0.0,0.0,0.0,0.0,0.0,100000000.0,0.0,0.0,0.0,0.0,0.0,0.0,0.0,0.0,0.0,137.73235166445374,0.2768135917776997,0.2768135917776997,30,0.0,139.08124011324594,False,0.12065261009561556,1.1112516057479493,0.1,5,3.0,4.0,0.1,2,110.60263932689811,0.0,0.20476234439065488,0.0,2,0.0,-0.19873310093665764,524288.0,5242880.0,3,0.03984375,276.8135917776997,0.0640625,4.110979467630386,139.08124011324597,10,2
154.56596440842674,2,1.0,0.0,0.0,0.0,0.0,0.0,0.0,0.0,100000000.0,0.0,0.0,0.0,0.0,0.0,0.0,0.0,0.0,0.0,119.01735700666904,0.27209088583683894,0.27209088583683894,31,0.0,154.56596440842674,False,0.1383919273477493,1.2746367556065703,0.1,5,3.0,4.0,0.1,2,116.85240862205625,0.0,0.24399650939139353,0.0,2,0.0,-0.20524140659229412,524288.0,5242880.0,1,,272.09088583683894,0.0390625,4.2850406765937805,154.56596440842677,10,2
351.79706650094425,2,1.0,0.0,0.0,0.0,0.0,0.0,0.0,0.0,100000000.0,0.0,0.0,0.0,0.0,0.0,0.0,0.0,0.0,0.0,150.2597569487989,0.4940263865167026,0.4940263865167026,31,0.0,351.79706650094425,False,0.11277587956395072,1.038704236532979,0.1,5,3.0,4.0,0.1,2,152.43057413957814,0.0,0.566708797046865,0.0,2,0.0,-0.3034011330403267,524288.0,5242880.0,2,,494.0263865167026,0.0359375,4.390687525272369,351.7970665009443,10,2
228.1337721292896,2,1.0,0.0,0.0,0.0,0.0,0.0,0.0,0.0,100000000.0,0.0,0.0,0.0,0.0,0.0,0.0,0.0,0.0,0.0,117.26742377504706,0.32775805667238667,0.32775805667238667,31,0.0,228.1337721292896,False,0.12065261009561556,1.1112516057479493,0.1,5,3.0,4.0,0.1,2,132.842656682926,0.0,0.41769841684097325,0.0,2,0.0,-0.22420533338400112,524288.0,5242880.0,3,,327.75805667238666,0.040625,4.305021047592163,228.1337721292896,10,2
206.12598531229173,2,1.0,0.0,0.0,0.0,0.0,0.0,0.0,0.0,100000000.0,0.0,0.0,0.0,0.0,0.0,0.0,0.0,0.0,0.0,147.15423295274377,0.34585376218242325,0.34585376218242325,32,0.0,206.12598531229173,False,0.1383919273477493,1.2746367556065703,0.1,5,3.0,4.0,0.1,2,125.73806416473987,0.0,0.3899941146467289,0.0,2,0.0,-0.24212284476508628,524288.0,5242880.0,1,,345.8537621824232,0.0765625,4.030768811702728,206.12598531229173,10,2
141.6440719461011,2,1.0,0.0,0.0,0.0,0.0,0.0,0.0,0.0,100000000.0,0.0,0.0,0.0,0.0,0.0,0.0,0.0,0.0,0.0,114.87796064466238,0.25652203259076345,0.25652203259076345,32,0.0,141.6440719461011,False,0.11277587956395072,1.038704236532979,0.1,5,3.0,4.0,0.1,2,116.54340791282883,0.0,0.17720942139268392,0.0,2,0.0,-0.1846489560773571,524288.0,5242880.0,2,,256.52203259076344,0.0609375,4.117002785205841,141.6440719461011,10,2
140.51949837805762,2,1.0,0.0,0.0,0.0,0.0,0.0,0.0,0.0,100000000.0,0.0,0.0,0.0,0.0,0.0,0.0,0.0,0.0,0.0,145.2565905638039,0.28197933034600753,0.28197933034600753,32,0.0,140.51949837805762,False,0.12065261009561556,1.1112516057479493,0.1,5,3.0,4.0,0.1,2,112.14636704516586,0.0,0.20191597365766212,0.0,2,0.0,-0.20131597022081155,524288.0,5242880.0,3,,281.97933034600754,0.065625,4.127118229866028,140.51949837805762,10,2
145.5749061407416,2,1.0,0.0,0.0,0.0,0.0,0.0,0.0,0.0,100000000.0,0.0,0.0,0.0,0.0,0.0,0.0,0.0,0.0,0.0,120.60021562501788,0.2661751217657595,0.2661751217657595,33,0.0,145.5749061407416,False,0.1383919273477493,1.2746367556065703,0.1,5,3.0,4.0,0.1,2,113.80821520237863,0.0,0.21821543135772997,0.0,2,0.0,-0.2022835245567544,524288.0,5242880.0,1,,266.1751217657595,0.05,4.105394244194031,145.5749061407416,10,2
195.44935179088782,2,1.0,0.0,0.0,0.0,0.0,0.0,0.0,0.0,100000000.0,0.0,0.0,0.0,0.0,0.0,0.0,0.0,0.0,0.0,140.98523510619998,0.3302516265049086,0.3302516265049086,33,0.0,195.44935179088782,False,0.11277587956395072,1.038704236532979,0.1,5,3.0,4.0,0.1,2,134.84624221906844,0.0,0.31007066033485203,0.0,2,0.0,-0.22151375303442966,524288.0,5242880.0,2,,330.2516265049086,0.05625,4.25647497177124,195.44935179088782,10,2
229.1318623883039,2,1.0,0.0,0.0,0.0,0.0,0.0,0.0,0.0,100000000.0,0.0,0.0,0.0,0.0,0.0,0.0,0.0,0.0,0.0,133.34555504843593,0.35279222983618674,0.35279222983618674,33,0.0,229.1318623883039,False,0.12065261009561556,1.1112516057479493,0.1,5,3.0,4.0,0.1,2,138.9661354170882,0.0,0.39351020862569586,0.0,2,0.0,-0.23672241996590115,524288.0,5242880.0,3,,352.7922298361867,0.0640625,4.148343503475189,229.1318623883039,10,2
153.3003504044777,2,1.0,0.0,0.0,0.0,0.0,0.0,0.0,0.0,100000000.0,0.0,0.0,0.0,0.0,0.0,0.0,0.0,0.0,0.0,133.828682359308,0.2871290327637857,0.2871290327637857,34,0.0,153.3003504044777,False,0.1383919273477493,1.2746367556065703,0.1,5,3.0,4.0,0.1,2,109.78997804018144,0.0,0.28382435036512077,0.0,2,0.0,-0.2127604800557675,524288.0,5242880.0,1,,287.1290327637857,0.0546875,4.069194078445435,153.3003504044777,10,2
349.65939299596187,2,1.0,0.0,0.0,0.0,0.0,0.0,0.0,0.0,100000000.0,0.0,0.0,0.0,0.0,0.0,0.0,0.0,0.0,0.0,134.44512244313955,0.48410451543910155,0.48410451543910155,34,0.0,349.65939299596187,False,0.11277587956395072,1.038704236532979,0.1,5,3.0,4.0,0.1,2,149.17656345837486,0.0,0.5733660629557358,0.0,2,0.0,-0.2984401975015261,524288.0,5242880.0,2,,484.10451543910153,0.0765625,4.063024818897247,349.659392995962,10,2
157.6385343077761,2,1.0,0.0,0.0,0.0,0.0,0.0,0.0,0.0,100000000.0,0.0,0.0,0.0,0.0,0.0,0.0,0.0,0.0,0.0,130.30641758814454,0.2740585200824554,0.2740585200824554,34,0.0,157.6385343077761,False,0.12065261009561556,1.1112516057479493,0.1,5,3.0,4.0,0.1,2,114.73795274998467,0.0,0.2721452704833681,0.0,2,0.0,-0.19735556508903548,524288.0,5242880.0,3,,274.0585200824554,0.0859375,4.031512588262558,157.6385343077761,10,2
247.97961858182188,2,1.0,0.0,0.0,0.0,0.0,0.0,0.0,0.0,100000000.0,0.0,0.0,0.0,0.0,0.0,0.0,0.0,0.0,0.0,131.9641866721213,0.3762012216922545,0.3762012216922545,35,0.0,247.97961858182188,False,0.1383919273477493,1.2746367556065703,0.1,5,3.0,4.0,0.1,2,128.69555703269046,0.0,0.48102365118274093,0.0,2,0.0,-0.2572965745200019,524288.0,5242880.0,1,,376.2012216922545,0.0609375,3.9410483837127686,247.97961858182188,10,2
1397.8165972712643,2,1.0,0.0,0.0,0.0,0.0,0.0,0.0,0.0,100000000.0,0.0,0.0,0.0,0.0,0.0,0.0,0.0,0.0,0.0,136.4663215354085,1.5342829188066731,1.5342829188066731,35,0.0,1397.8165972712643,False,0.11277587956395072,1.038704236532979,0.1,5,3.0,4.0,0.1,2,251.02154915173102,0.0,0.8204188234409574,0.0,2,0.0,-0.8235293991853119,524288.0,5242880.0,2,,1534.282918806673,0.10625,4.106165707111359,1397.8165972712645,10,2
173.41619826298722,2,1.0,0.0,0.0,0.0,0.0,0.0,0.0,0.0,100000000.0,0.0,0.0,0.0,0.0,0.0,0.0,0.0,0.0,0.0,140.92278108000755,0.3063246552218176,0.3063246552218176,35,0.0,173.41619826298722,False,0.12065261009561556,1.1112516057479493,0.1,5,3.0,4.0,0.1,2,111.90919816838209,0.0,0.35467851740890555,0.0,2,0.0,-0.2134886326587166,524288.0,5242880.0,3,,306.32465522181764,0.090625,3.9939953684806824,173.41619826298722,10,2
186.54613395199493,2,1.0,0.0,0.0,0.0,0.0,0.0,0.0,0.0,100000000.0,0.0,0.0,0.0,0.0,0.0,0.0,0.0,0.0,0.0,113.8434624299407,0.30038959638193563,0.30038959638193563,36,0.0,186.54613395199493,False,0.1383919273477493,1.2746367556065703,0.1,5,3.0,4.0,0.1,2,120.68857514237675,0.0,0.3530363101846202,0.0,2,0.0,-0.21939076186484247,524288.0,5242880.0,1,,300.38959638193563,0.0703125,3.9553878009319305,186.54613395199496,10,2
244.55714135125382,2,1.0,0.0,0.0,0.0,0.0,0.0,0.0,0.0,100000000.0,0.0,0.0,0.0,0.0,0.0,0.0,0.0,0.0,0.0,146.7083659954369,0.3912655073466907,0.3912655073466907,36,0.0,244.55714135125382,False,0.11277587956395072,1.038704236532979,0.1,5,3.0,4.0,0.1,2,134.98445472431112,0.0,0.448045336241337,0.0,2,0.0,-0.2520206934553207,524288.0,5242880.0,2,,391.2655073466907,0.059375,4.131038129329681,244.5571413512538,10,2
157.19247918680682,2,1.0,0.0,0.0,0.0,0.0,0.0,0.0,0.0,100000000.0,0.0,0.0,0.0,0.0,0.0,0.0,0.0,0.0,0.0,122.72327672690153,0.2799157559137083,0.2799157559137083,36,0.0,157.19247918680682,False,0.12065261009561556,1.1112516057479493,0.1,5,3.0,4.0,0.1,2,117.64607702269436,0.0,0.2515794799388315,0.0,2,0.0,-0.20028418300466194,524288.0,5242880.0,3,,279.9157559137083,0.0625,4.1016188859939575,157.19247918680682,10,2
159.8357860572678,2,1.0,0.0,0.0,0.0,0.0,0.0,0.0,0.0,100000000.0,0.0,0.0,0.0,0.0,0.0,0.0,0.0,0.0,0.0,146.78891515359282,0.2989805359035772,0.2989805359035772,37,0.0,159.8357860572678,False,0.1383919273477493,1.2746367556065703,0.1,5,3.0,4.0,0.1,2,110.04096900318979,0.0,0.31153734894034907,0.0,2,0.0,-0.21868623162566325,524288.0,5242880.0,1,,298.9805359035772,0.0796875,3.8728793263435364,159.8357860572678,10,2
167.7089299739727,2,1.0,0.0,0.0,0.0,0.0,0.0,0.0,0.0,100000000.0,0.0,0.0,0.0,0.0,0.0,0.0,0.0,0.0,0.0,112.5188167206943,0.27564158930568183,0.27564158930568183,37,0.0,167.7089299739727,False,0.11277587956395072,1.038704236532979,0.1,5,3.0,4.0,0.1,2,120.62190942951409,0.0,0.2807663286133075,0.0,2,0.0,-0.1942087344348163,524288.0,5242880.0,2,,275.6415893056818,0.065625,4.038910537958145,167.7089299739727,10,2
202.40556300340683,2,1.0,0.0,0.0,0.0,0.0,0.0,0.0,0.0,100000000.0,0.0,0.0,0.0,0.0,0.0,0.0,0.0,0.0,0.0,146.14836312830448,0.3485539261317113,0.3485539261317113,37,0.0,202.40556300340683,False,0.12065261009561556,1.1112516057479493,0.1,5,3.0,4.0,0.1,2,124.86182158132851,0.0,0.3831107222125763,0.0,2,0.0,-0.23460326811366344,524288.0,5242880.0,3,,348.5539261317113,0.075,4.042156100273132,202.40556300340685,10,2
122.4905430175396,2,1.0,0.0,0.0,0.0,0.0,0.0,0.0,0.0,100000000.0,0.0,0.0,0.0,0.0,0.0,0.0,0.0,0.0,0.0,126.64012657478452,0.24758291748653422,0.24758291748653422,38,0.0,122.4905430175396,False,0.1383919273477493,1.2746367556065703,0.1,5,3.0,4.0,0.1,2,106.63776852258458,0.0,0.12942039527643392,0.0,2,0.0,-0.19298742241714176,524288.0,5242880.0,1,,247.58291748653423,0.0796875,3.8793658018112183,122.49054301753958,10,2
213.86549741998195,2,1.0,0.0,0.0,0.0,0.0,0.0,0.0,0.0,100000000.0,0.0,0.0,0.0,0.0,0.0,0.0,0.0,0.0,0.0,149.9539278447628,0.34350574742108464,0.34350574742108464,38,0.0,213.86549741998195,False,0.11277587956395072,1.038704236532979,0.1,5,3.0,4.0,0.1,2,128.59095330036385,0.0,0.3987297864702261,0.0,2,0.0,-0.2281408134925177,524288.0,5242880.0,2,,343.50574742108466,0.0875,4.042732447385788,213.86549741998198,10,2
184.68900373447198,2,1.0,0.0,0.0,0.0,0.0,0.0,0.0,0.0,100000000.0,0.0,0.0,0.0,0.0,0.0,0.0,0.0,0.0,0.0,130.63505105674267,0.3137685318874146,0.3137685318874146,38,0.0,184.68900373447198,False,0.12065261009561556,1.1112516057479493,0.1,5,3.0,4.0,0.1,2,118.84907018057051,0.0,0.3564908154930532,0.0,2,0.0,-0.21721057099151508,524288.0,5242880.0,3,,313.7685318874146,0.071875,3.9852592647075653,184.68900373447198,10,2
140.34168275676808,2,1.0,0.0,0.0,0.0,0.0,0.0,0.0,0.0,100000000.0,0.0,0.0,0.0,0.0,0.0,0.0,0.0,0.0,0.0,135.44670026749372,0.2757883830242618,0.2757883830242618,39,0.0,140.34168275676808,False,0.1383919273477493,1.2746367556065703,0.1,5,3.0,4.0,0.1,2,115.08115372670026,0.0,0.1799930607490854,0.0,2,0.0,-0.20709015518600554,524288.0,5242880.0,1,,275.7883830242618,0.0796875,3.829091727733612,140.34168275676808,10,2
153.57396169810147,2,1.0,0.0,0.0,0.0,0.0,0.0,0.0,0.0,100000000.0,0.0,0.0,0.0,0.0,0.0,0.0,0.0,0.0,0.0,136.48915709927678,0.2790796228621907,0.2790796228621907,39,0.0,153.57396169810147,False,0.11277587956395072,1.038704236532979,0.1,5,3.0,4.0,0.1,2,121.29378691031,0.0,0.2101930199029991,0.0,2,0.0,-0.1959277512130707,524288.0,5242880.0,2,,279.07962286219066,0.084375,4.013639688491821,153.57396169810147,10,2
159.71559157480218,2,1.0,0.0,0.0,0.0,0.0,0.0,0.0,0.0,100000000.0,0.0,0.0,0.0,0.0,0.0,0.0,0.0,0.0,0.0,130.41105726733804,0.2869167380209706,0.2869167380209706,39,0.0,159.71559157480218,False,0.12065261009561556,1.1112516057479493,0.1,5,3.0,4.0,0.1,2,121.68391259660103,0.0,0.23812126670419115,0.0,2,0.0,-0.2037846740582931,524288.0,5242880.0,3,,286.9167380209706,0.096875,3.934169054031372,159.71559157480218,10,2
279.2510205421408,2,1.0,0.0,0.0,0.0,0.0,0.0,0.0,0.0,100000000.0,0.0,0.0,0.0,0.0,0.0,0.0,0.0,0.0,0.0,132.13514536619186,0.4031595873188039,0.4031595873188039,40,0.0,279.2510205421408,False,0.1383919273477493,1.2746367556065703,0.1,5,3.0,4.0,0.1,2,149.9874459310566,0.0,0.46289383064789,0.0,2,0.0,-0.27077575733327663,524288.0,5242880.0,1,0.05,403.1595873188039,0.0984375,3.8977957367897034,279.25102054214085,10,2
175.00741939879146,2,1.0,0.0,0.0,0.0,0.0,0.0,0.0,0.0,100000000.0,0.0,0.0,0.0,0.0,0.0,0.0,0.0,0.0,0.0,137.1680572628975,0.312175476661689,0.312175476661689,40,0.0,175.00741939879146,False,0.11277587956395072,1.038704236532979,0.1,5,3.0,4.0,0.1,2,137.37590451201615,0.0,0.21502811147122813,0.0,2,0.0,-0.21247567811281987,524288.0,5242880.0,2,0.05,312.175476661689,0.075,4.01092055439949,175.00741939879148,10,2
221.5619011790412,2,1.0,0.0,0.0,0.0,0.0,0.0,0.0,0.0,100000000.0,0.0,0.0,0.0,0.0,0.0,0.0,0.0,0.0,0.0,143.47133552655578,0.35534626562231353,0.35534626562231353,40,0.0,221.5619011790412,False,0.12065261009561556,1.1112516057479493,0.1,5,3.0,4.0,0.1,2,121.52026476096769,0.0,0.4515290575035787,0.0,2,0.0,-0.23799943785896455,524288.0,5242880.0,3,0.05,355.3462656223135,0.078125,3.912742018699646,221.5619011790412,10,2
512.7420431738575,2,1.0,0.0,0.0,0.0,0.0,0.0,0.0,0.0,100000000.0,0.0,0.0,0.0,0.0,0.0,0.0,0.0,0.0,0.0,133.93998984247446,0.6453550878716489,0.6453550878716489,41,0.0,512.7420431738575,False,0.1383919273477493,1.2746367556065703,0.1,5,3.0,4.0,0.1,2,160.27371410815587,0.0,0.6874184275662933,0.0,2,0.0,-0.3918735076096991,524288.0,5242880.0,1,,645.3550878716488,0.05625,4.0901893973350525,512.7420431738575,10,2
192.93919731921147,2,1.0,0.0,0.0,0.0,0.0,0.0,0.0,0.0,100000000.0,0.0,0.0,0.0,0.0,0.0,0.0,0.0,0.0,0.0,120.07849104702473,0.2998230332980175,0.2998230332980175,41,0.0,192.93919731921147,False,0.11277587956395072,1.038704236532979,0.1,5,3.0,4.0,0.1,2,131.4562128485389,0.0,0.318665078558148,0.0,2,0.0,-0.20629945643098413,524288.0,5242880.0,2,,299.8230332980175,0.0734375,4.165246367454529,192.93919731921147,10,2
184.38498917183978,2,1.0,0.0,0.0,0.0,0.0,0.0,0.0,0.0,100000000.0,0.0,0.0,0.0,0.0,0.0,0.0,0.0,0.0,0.0,147.07276038825512,0.3282988123517404,0.3282988123517404,41,0.0,184.38498917183978,False,0.12065261009561556,1.1112516057479493,0.1,5,3.0,4.0,0.1,2,124.96674717670355,0.0,0.32225097206671577,0.0,2,0.0,-0.224475711223678,524288.0,5242880.0,3,,328.2988123517404,0.0578125,4.1442261934280396,184.38498917183978,10,2
1418.787189523065,2,1.0,0.0,0.0,0.0,0.0,0.0,0.0,0.0,100000000.0,0.0,0.0,0.0,0.0,0.0,0.0,0.0,0.0,0.0,118.10449371114373,1.536891683234209,1.536891683234209,42,0.0,1418.787189523065,False,0.1383919273477493,1.2746367556065703,0.1,5,3.0,4.0,0.1,2,241.85856862152352,0.0,0.8295314685616622,0.0,2,0.0,-0.8376418052909791,524288.0,5242880.0,1,,1536.891683234209,0.0828125,3.8848500549793243,1418.7871895230653,10,2
158.03626411765129,2,1.0,0.0,0.0,0.0,0.0,0.0,0.0,0.0,100000000.0,0.0,0.0,0.0,0.0,0.0,0.0,0.0,0.0,0.0,149.08067928627133,0.30540090705438766,0.30540090705438766,42,0.0,158.03626411765129,False,0.11277587956395072,1.038704236532979,0.1,5,3.0,4.0,0.1,2,120.70347880674545,0.0,0.23622923206482002,0.0,2,0.0,-0.20908839330916917,524288.0,5242880.0,2,,305.4009070543877,0.059375,4.061983823776245,158.0362641176513,10,2
272.38586242245754,2,1.0,0.0,0.0,0.0,0.0,0.0,0.0,0.0,100000000.0,0.0,0.0,0.0,0.0,0.0,0.0,0.0,0.0,0.0,112.35852725803852,0.3847443896804961,0.3847443896804961,42,0.0,272.38586242245754,False,0.12065261009561556,1.1112516057479493,0.1,5,3.0,4.0,0.1,2,148.8547434062945,0.0,0.4535151638104189,0.0,2,0.0,-0.2526984998880558,524288.0,5242880.0,3,,384.7443896804961,0.0875,3.9865690767765045,272.3858624224576,10,2
150.78324840320658,2,1.0,0.0,0.0,0.0,0.0,0.0,0.0,0.0,100000000.0,0.0,0.0,0.0,0.0,0.0,0.0,0.0,0.0,0.0,149.88298760727048,0.3006662360104771,0.3006662360104771,43,0.0,150.78324840320658,False,0.1383919273477493,1.2746367556065703,0.1,5,3.0,4.0,0.1,2,112.86147651331937,0.0,0.25149857355825983,0.0,2,0.0,-0.2195290816791132,524288.0,5242880.0,1,,300.6662360104771,0.078125,3.7847535610198975,150.7832484032066,10,2
195.62571518844908,2,1.0,0.0,0.0,0.0,0.0,0.0,0.0,0.0,100000000.0,0.0,0.0,0.0,0.0,0.0,0.0,0.0,0.0,0.0,123.04679490625858,0.31813450134149734,0.31813450134149734,43,0.0,195.62571518844908,False,0.11277587956395072,1.038704236532979,0.1,5,3.0,4.0,0.1,2,122.50394142183262,0.0,0.37378405848217444,0.0,2,0.0,-0.21545519045272404,524288.0,5242880.0,2,,318.13450134149736,0.0828125,4.005046188831329,195.62571518844908,10,2
145.46337385215108,2,1.0,0.0,0.0,0.0,0.0,0.0,0.0,0.0,100000000.0,0.0,0.0,0.0,0.0,0.0,0.0,0.0,0.0,0.0,145.77026944607496,0.28519911434909806,0.28519911434909806,43,0.0,145.46337385215108,False,0.12065261009561556,1.1112516057479493,0.1,5,3.0,4.0,0.1,2,118.35936407167418,0.0,0.18632875797329856,0.0,2,0.0,-0.2029258622223568,524288.0,5242880.0,3,,285.19911434909807,0.09375,3.997736096382141,145.46337385215108,10,2
194.19927736375914,2,1.0,0.0,0.0,0.0,0.0,0.0,0.0,0.0,100000000.0,0.0,0.0,0.0,0.0,0.0,0.0,0.0,0.0,0.0,126.66403409093618,0.3208633114546953,0.3208633114546953,44,0.0,194.19927736375914,False,0.1383919273477493,1.2746367556065703,0.1,5,3.0,4.0,0.1,2,136.10506453699963,0.0,0.29914742019323737,0.0,2,0.0,-0.2296276194012223,524288.0,5242880.0,1,,320.86331145469535,0.0875,3.8417247235774994,194.19927736375914,10,2
214.17602498217065,2,1.0,0.0,0.0,0.0,0.0,0.0,0.0,0.0,100000000.0,0.0,0.0,0.0,0.0,0.0,0.0,0.0,0.0,0.0,132.39954924210906,0.34657557422427976,0.34657557422427976,44,0.0,214.17602498217065,False,0.11277587956395072,1.038704236532979,0.1,5,3.0,4.0,0.1,2,124.92832784486015,0.0,0.416702556435717,0.0,2,0.0,-0.22967572689411525,524288.0,5242880.0,2,,346.57557422427976,0.078125,4.006558984518051,214.1760249821707,10,2
417.8660687329067,2,1.0,0.0,0.0,0.0,0.0,0.0,0.0,0.0,100000000.0,0.0,0.0,0.0,0.0,0.0,0.0,0.0,0.0,0.0,137.83274265006185,0.5556988113829685,0.5556988113829685,44,0.0,417.8660687329067,False,0.12065261009561556,1.1112516057479493,0.1,5,3.0,4.0,0.1,2,149.37791240210123,0.0,0.6425220337821178,0.0,2,0.0,-0.33817571073929203,524288.0,5242880.0,3,,555.6988113829685,0.0765625,3.9249646961688995,417.8660687329067,10,2
173.20457182753347,2,1.0,0.0,0.0,0.0,0.0,0.0,0.0,0.0,100000000.0,0.0,0.0,0.0,0.0,0.0,0.0,0.0,0.0,0.0,136.41987834125757,0.30962445016879103,0.30962445016879103,45,0.0,173.20457182753347,False,0.1383919273477493,1.2746367556065703,0.1,5,3.0,4.0,0.1,2,116.04286928248516,0.0,0.3300242132290044,0.0,2,0.0,-0.22400818875827017,524288.0,5242880.0,1,,309.62445016879104,0.065625,3.9028515815734863,173.2045718275335,10,2
159.33397862812078,2,1.0,0.0,0.0,0.0,0.0,0.0,0.0,0.0,100000000.0,0.0,0.0,0.0,0.0,0.0,0.0,0.0,0.0,0.0,125.742272939533,0.28507625156765376,0.28507625156765376,45,0.0,159.33397862812078,False,0.11277587956395072,1.038704236532979,0.1,5,3.0,4.0,0.1,2,115.686600619204,0.0,0.2739364094509184,0.0,2,0.0,-0.19892606556580222,524288.0,5242880.0,2,,285.07625156765374,0.0875,3.984819620847702,159.33397862812078,10,2
208.24014409181598,2,1.0,0.0,0.0,0.0,0.0,0.0,0.0,0.0,100000000.0,0.0,0.0,0.0,0.0,0.0,0.0,0.0,0.0,0.0,136.66435377672315,0.34490449786853916,0.34490449786853916,45,0.0,208.24014409181598,False,0.12065261009561556,1.1112516057479493,0.1,5,3.0,4.0,0.1,2,120.6726984690207,0.0,0.42051183744948606,0.0,2,0.0,-0.23277855398207736,524288.0,5242880.0,3,,344.9044978685392,0.0875,3.886978805065155,208.240144091816,10,2
171.1543450112496,2,1.0,0.0,0.0,0.0,0.0,0.0,0.0,0.0,100000000.0,0.0,0.0,0.0,0.0,0.0,0.0,0.0,0.0,0.0,146.81203942745924,0.3041239707711194,0.3041239707711194,46,0.0,171.1543450112496,False,0.1383919273477493,1.2746367556065703,0.1,5,3.0,4.0,0.1,2,120.59817260124731,0.0,0.2953835171796505,0.0,2,0.0,-0.22125794905943436,524288.0,5242880.0,1,,304.1239707711194,0.0875,3.8566824793815613,171.15434501124963,10,2
136.7793443126863,2,1.0,0.0,0.0,0.0,0.0,0.0,0.0,0.0,100000000.0,0.0,0.0,0.0,0.0,0.0,0.0,0.0,0.0,0.0,131.93688867613673,0.24974471097863943,0.24974471097863943,46,0.0,136.7793443126863,False,0.11277587956395072,1.038704236532979,0.1,5,3.0,4.0,0.1,2,103.69442706854629,0.0,0.24188533298204587,0.0,2,0.0,-0.18126029527129506,524288.0,5242880.0,2,,249.74471097863943,0.078125,4.027914494276047,136.7793443126863,10,2
158.91376891032357,2,1.0,0.0,0.0,0.0,0.0,0.0,0.0,0.0,100000000.0,0.0,0.0,0.0,0.0,0.0,0.0,0.0,0.0,0.0,143.6971677467227,0.2983875769083252,0.2983875769083252,46,0.0,158.91376891032357,False,0.12065261009561556,1.1112516057479493,0.1,5,3.0,4.0,0.1,2,115.70736964529448,0.0,0.2718858130500375,0.0,2,0.0,-0.20952009350197037,524288.0,5242880.0,3,,298.3875769083252,0.0703125,4.033716440200806,158.91376891032357,10,2
157.35899843292202,2,1.0,0.0,0.0,0.0,0.0,0.0,0.0,0.0,100000000.0,0.0,0.0,0.0,0.0,0.0,0.0,0.0,0.0,0.0,113.56076737865806,0.27091976581158006,0.27091976581158006,47,0.0,157.35899843292202,False,0.1383919273477493,1.2746367556065703,0.1,5,3.0,4.0,0.1,2,113.33491668461595,0.0,0.27976844150461716,0.0,2,0.0,-0.20465584657966468,524288.0,5242880.0,1,,270.9197658115801,0.08125,3.8783678710460663,157.35899843292202,10,2
194.11854729417246,2,1.0,0.0,0.0,0.0,0.0,0.0,0.0,0.0,100000000.0,0.0,0.0,0.0,0.0,0.0,0.0,0.0,0.0,0.0,148.19205878302455,0.3264175225457875,0.3264175225457875,47,0.0,194.11854729417246,False,0.11277587956395072,1.038704236532979,0.1,5,3.0,4.0,0.1,2,137.11955360847347,0.0,0.2936298178623869,0.0,2,0.0,-0.21959670105486911,524288.0,5242880.0,2,,326.4175225457875,0.103125,3.9528133273124695,194.11854729417246,10,2
115.20584830763386,2,1.0,0.0,0.0,0.0,0.0,0.0,0.0,0.0,100000000.0,0.0,0.0,0.0,0.0,0.0,0.0,0.0,0.0,0.0,117.01750615611672,0.2322233544637506,0.2322233544637506,47,0.0,115.20584830763386,False,0.12065261009561556,1.1112516057479493,0.1,5,3.0,4.0,0.1,2,101.96072329458075,0.0,0.1149692069250225,0.0,2,0.0,-0.17643798227968308,524288.0,5242880.0,3,,232.22335446375058,0.090625,3.9008924663066864,115.20584830763386,10,2
156.05962310038737,2,1.0,0.0,0.0,0.0,0.0,0.0,0.0,0.0,100000000.0,0.0,0.0,0.0,0.0,0.0,0.0,0.0,0.0,0.0,145.87761042639613,0.2965158893359475,0.2965158893359475,48,0.0,156.05962310038737,False,0.1383919273477493,1.2746367556065703,0.1,5,3.0,4.0,0.1,2,118.85785947064144,0.0,0.23838173443373895,0.0,2,0.0,-0.2174539083418484,524288.0,5242880.0,1,,296.5158893359475,0.1109375,3.774798423051834,156.05962310038737,10,2
158.44602471059687,2,1.0,0.0,0.0,0.0,0.0,0.0,0.0,0.0,100000000.0,0.0,0.0,0.0,0.0,0.0,0.0,0.0,0.0,0.0,116.791773121804,0.2752377978324009,0.2752377978324009,48,0.0,158.44602471059687,False,0.11277587956395072,1.038704236532979,0.1,5,3.0,4.0,0.1,2,118.23933745440023,0.0,0.25375636485443254,0.0,2,0.0,-0.1940068386981758,524288.0,5242880.0,2,,275.2377978324009,0.0765625,3.970312178134918,158.44602471059687,10,2
348.30999213160504,2,1.0,0.0,0.0,0.0,0.0,0.0,0.0,0.0,100000000.0,0.0,0.0,0.0,0.0,0.0,0.0,0.0,0.0,0.0,126.98130402714014,0.47304722738341914,0.47304722738341914,48,0.0,348.30999213160504,False,0.12065261009561556,1.1112516057479493,0.1,5,3.0,4.0,0.1,2,135.79088402390457,0.0,0.6101435873461892,0.0,2,0.0,-0.2968499187395174,524288.0,5242880.0,3,,473.04722738341917,0.090625,3.9089263677597046,348.30999213160504,10,2
217.30085342276917,2,1.0,0.0,0.0,0.0,0.0,0.0,0.0,0.0,100000000.0,0.0,0.0,0.0,0.0,0.0,0.0,0.0,0.0,0.0,133.32198932766914,0.3490581002188109,0.3490581002188109,49,0.0,217.30085342276917,False,0.1383919273477493,1.2746367556065703,0.1,5,3.0,4.0,0.1,2,115.78898948843319,0.0,0.46714894274639507,0.0,2,0.0,-0.2437250137832801,524288.0,5242880.0,1,,349.0581002188109,0.09375,3.7730994820594788,217.30085342276917,10,2
259.00069570919766,2,1.0,0.0,0.0,0.0,0.0,0.0,0.0,0.0,100000000.0,0.0,0.0,0.0,0.0,0.0,0.0,0.0,0.0,0.0,132.89999309927225,0.36199878009787095,0.36199878009787095,49,0.0,259.00069570919766,False,0.11277587956395072,1.038704236532979,0.1,5,3.0,4.0,0.1,2,139.21316029203695,0.0,0.462498894410911,0.0,2,0.0,-0.23738732983091082,524288.0,5242880.0,2,,361.99878009787096,0.0765625,4.033982455730438,259.00069570919766,10,2
169.22520435746864,2,1.0,0.0,0.0,0.0,0.0,0.0,0.0,0.0,100000000.0,0.0,0.0,0.0,0.0,0.0,0.0,0.0,0.0,0.0,128.2483423128724,0.29747354667034104,0.29747354667034104,49,0.0,169.22520435746864,False,0.12065261009561556,1.1112516057479493,0.1,5,3.0,4.0,0.1,2,122.21032674682135,0.0,0.2778243216733472,0.0,2,0.0,-0.2090630783829783,524288.0,5242880.0,3,,297.473546670341,0.1125,3.8876474797725677,169.22520435746864,10,2
177.85175647248684,2,1.0,0.0,0.0,0.0,0.0,0.0,0.0,0.0,100000000.0,0.0,0.0,0.0,0.0,0.0,0.0,0.0,0.0,0.0,136.2505373544991,0.29032731419091284,0.29032731419091284,50,0.0,177.85175647248684,False,0.1383919273477493,1.2746367556065703,0.1,5,3.0,4.0,0.1,2,121.84315180118514,0.0,0.3149173546675997,0.0,2,0.0,-0.21435962076933107,524288.0,5242880.0,1,0.059375,290.32731419091283,0.1046875,3.657667189836502,177.85175647248684,10,2
165.4455744708279,2,1.0,0.0,0.0,0.0,0.0,0.0,0.0,0.0,100000000.0,0.0,0.0,0.0,0.0,0.0,0.0,0.0,0.0,0.0,137.08948390558362,0.3025350583764115,0.3025350583764115,50,0.0,165.4455744708279,False,0.11277587956395072,1.038704236532979,0.1,5,3.0,4.0,0.1,2,108.96511885993196,0.0,0.3413839009689245,0.0,2,0.0,-0.2076554689701811,524288.0,5242880.0,2,0.059375,302.5350583764115,0.090625,3.968410551548004,165.4455744708279,10,2
121.71947996821307,2,1.0,0.0,0.0,0.0,0.0,0.0,0.0,0.0,100000000.0,0.0,0.0,0.0,0.0,0.0,0.0,0.0,0.0,0.0,113.60819730907679,0.234534384158813,0.234534384158813,50,0.0,121.71947996821307,False,0.12065261009561556,1.1112516057479493,0.1,5,3.0,4.0,0.1,2,100.81521971831394,0.0,0.17174128788061083,0.0,2,0.0,-0.17759349712721428,524288.0,5242880.0,3,0.059375,234.534384158813,0.0765625,3.905937135219574,121.7194799682131,10,2
153.84190930652326,2,1.0,0.0,0.0,0.0,0.0,0.0,0.0,0.0,100000000.0,0.0,0.0,0.0,0.0,0.0,0.0,0.0,0.0,0.0,102.32588276267052,0.2561677920691938,0.2561677920691938,51,0.0,153.84190930652326,False,0.1383919273477493,1.2746367556065703,0.1,5,3.0,4.0,0.1,2,111.45856210505688,0.0,0.27549935770115414,0.0,2,0.0,-0.19727985970847156,524288.0,5242880.0,1,,256.1677920691938,0.0765625,3.945567697286606,153.8419093065233,10,2
166.48865204853308,2,1.0,0.0,0.0,0.0,0.0,0.0,0.0,0.0,100000000.0,0.0,0.0,0.0,0.0,0.0,0.0,0.0,0.0,0.0,152.3369885981083,0.3066486613134791,0.3066486613134791,51,0.0,166.48865204853308,False,0.11277587956395072,1.038704236532979,0.1,5,3.0,4.0,0.1,2,120.53705412063061,0.0,0.2760043844580297,0.0,2,0.0,-0.20971227043871493,524288.0,5242880.0,2,,306.6486613134791,0.0765625,4.1651537120342255,166.4886520485331,10,2
126.85637982522019,2,1.0,0.0,0.0,0.0,0.0,0.0,0.0,0.0,100000000.0,0.0,0.0,0.0,0.0,0.0,0.0,0.0,0.0,0.0,120.9304966032505,0.2477868764284707,0.2477868764284707,51,0.0,126.85637982522019,False,0.12065261009561556,1.1112516057479493,0.1,5,3.0,4.0,0.1,2,115.62180853859708,0.0,0.08856134237869509,0.0,2,0.0,-0.18421974326204313,524288.0,5242880.0,3,,247.7868764284707,0.0765625,4.10298290848732,126.85637982522019,10,2
132.4266852588735,2,1.0,0.0,0.0,0.0,0.0,0.0,0.0,0.0,100000000.0,0.0,0.0,0.0,0.0,0.0,0.0,0.0,0.0,0.0,149.06620979309082,0.2814928950519643,0.2814928950519643,52,0.0,132.4266852588735,False,0.1383919273477493,1.2746367556065703,0.1,5,3.0,4.0,0.1,2,104.22072871553428,0.0,0.21299299675288988,0.0,2,0.0,-0.2099424111998568,524288.0,5242880.0,1,,281.4928950519643,0.078125,3.833627313375473,132.4266852588735,10,2
178.55937977150484,2,1.0,0.0,0.0,0.0,0.0,0.0,0.0,0.0,100000000.0,0.0,0.0,0.0,0.0,0.0,0.0,0.0,0.0,0.0,115.64510501921177,0.28715205251068276,0.28715205251068276,52,0.0,178.55937977150484,False,0.11277587956395072,1.038704236532979,0.1,5,3.0,4.0,0.1,2,118.58431004434028,0.0,0.33588305360330106,0.0,2,0.0,-0.19996396603731675,524288.0,5242880.0,2,,287.1520525106828,0.0953125,3.9433370232582092,178.5593797715048,10,2
153.05419141716018,2,1.0,0.0,0.0,0.0,0.0,0.0,0.0,0.0,100000000.0,0.0,0.0,0.0,0.0,0.0,0.0,0.0,0.0,0.0,130.8331275358796,0.28388731895303976,0.28388731895303976,52,0.0,153.05419141716018,False,0.12065261009561556,1.1112516057479493,0.1,5,3.0,4.0,0.1,2,119.688880217104,0.0,0.21799671666041884,0.0,2,0.0,-0.20226996452432766,524288.0,5242880.0,3,,283.88731895303977,0.1046875,3.8753886222839355,153.05419141716018,10,2
159.1619672987131,2,1.0,0.0,0.0,0.0,0.0,0.0,0.0,0.0,100000000.0,0.0,0.0,0.0,0.0,0.0,0.0,0.0,0.0,0.0,135.7740294188261,0.2775924495223431,0.2775924495223431,53,0.0,159.1619672987131,False,0.1383919273477493,1.2746367556065703,0.1,5,3.0,4.0,0.1,2,114.10972654415325,0.0,0.2830590845236689,0.0,2,0.0,-0.2079921884350462,524288.0,5242880.0,1,,277.5924495223431,0.08125,3.745715767145157,159.1619672987131,10,2
223.50694044924407,2,1.0,0.0,0.0,0.0,0.0,0.0,0.0,0.0,100000000.0,0.0,0.0,0.0,0.0,0.0,0.0,0.0,0.0,0.0,127.95491889119148,0.3514618593404356,0.3514618593404356,53,0.0,223.50694044924407,False,0.11277587956395072,1.038704236532979,0.1,5,3.0,4.0,0.1,2,137.3184936916983,0.0,0.3856186594667212,0.0,2,0.0,-0.23211886945219318,524288.0,5242880.0,2,,351.46185934043564,0.0953125,3.827135533094406,223.50694044924413,10,2
294.24632189154664,2,1.0,0.0,0.0,0.0,0.0,0.0,0.0,0.0,100000000.0,0.0,0.0,0.0,0.0,0.0,0.0,0.0,0.0,0.0,126.98633084073663,0.41249032912135164,0.41249032912135164,53,0.0,294.24632189154664,False,0.12065261009561556,1.1112516057479493,0.1,5,3.0,4.0,0.1,2,129.82257573417573,0.0,0.5587962666801805,0.0,2,0.0,-0.2665714696084836,524288.0,5242880.0,3,,412.49032912135164,0.090625,3.86884605884552,294.24632189154664,10,2
201.3611896483042,2,1.0,0.0,0.0,0.0,0.0,0.0,0.0,0.0,100000000.0,0.0,0.0,0.0,0.0,0.0,0.0,0.0,0.0,0.0,134.70190111547709,0.33606309076378127,0.33606309076378127,54,0.0,201.3611896483042,False,0.1383919273477493,1.2746367556065703,0.1,5,3.0,4.0,0.1,2,128.49864580446862,0.0,0.3618499869368903,0.0,2,0.0,-0.23722750905576528,524288.0,5242880.0,1,,336.06309076378125,0.1046875,3.701984167098999,201.3611896483042,10,2
232.01707979586658,2,1.0,0.0,0.0,0.0,0.0,0.0,0.0,0.0,100000000.0,0.0,0.0,0.0,0.0,0.0,0.0,0.0,0.0,0.0,140.3290000744164,0.372346079870283,0.372346079870283,54,0.0,232.01707979586658,False,0.11277587956395072,1.038704236532979,0.1,5,3.0,4.0,0.1,2,142.56935555080324,0.0,0.3855221534714655,0.0,2,0.0,-0.24256097971711688,524288.0,5242880.0,2,,372.346079870283,0.1,3.9763020277023315,232.0170797958666,10,2
217.9434005949271,2,1.0,0.0,0.0,0.0,0.0,0.0,0.0,0.0,100000000.0,0.0,0.0,0.0,0.0,0.0,0.0,0.0,0.0,0.0,128.66982771083713,0.34661322830576424,0.34661322830576424,54,0.0,217.9434005949271,False,0.12065261009561556,1.1112516057479493,0.1,5,3.0,4.0,0.1,2,130.63890452545277,0.0,0.4005833433412366,0.0,2,0.0,-0.2336329192006899,524288.0,5242880.0,3,,346.61322830576427,0.1078125,3.889842301607132,217.94340059492714,10,2
155.70770932367157,2,1.0,0.0,0.0,0.0,0.0,0.0,0.0,0.0,100000000.0,0.0,0.0,0.0,0.0,0.0,0.0,0.0,0.0,0.0,145.67428641021252,0.29823805747559384,0.29823805747559384,55,0.0,155.70770932367157,False,0.1383919273477493,1.2746367556065703,0.1,5,3.0,4.0,0.1,2,114.47999144412657,0.0,0.2647763431792861,0.0,2,0.0,-0.21831499241167157,524288.0,5242880.0,1,,298.23805747559385,0.1234375,3.6463020145893097,155.7077093236716,10,2
253.5795534952788,2,1.0,0.0,0.0,0.0,0.0,0.0,0.0,0.0,100000000.0,0.0,0.0,0.0,0.0,0.0,0.0,0.0,0.0,0.0,108.42503001913428,0.348386172949454,0.348386172949454,55,0.0,253.5795534952788,False,0.11277587956395072,1.038704236532979,0.1,5,3.0,4.0,0.1,2,123.59137821917291,0.0,0.5126129985023656,0.0,2,0.0,-0.23058102625670235,524288.0,5242880.0,2,,348.386172949454,0.0921875,3.955653429031372,253.5795534952788,10,2
151.8493861410108,2,1.0,0.0,0.0,0.0,0.0,0.0,0.0,0.0,100000000.0,0.0,0.0,0.0,0.0,0.0,0.0,0.0,0.0,0.0,146.92167146131396,0.2987710576023248,0.2987710576023248,55,0.0,151.8493861410108,False,0.12065261009561556,1.1112516057479493,0.1,5,3.0,4.0,0.1,2,115.09481326968019,0.0,0.2420462394046129,0.0,2,0.0,-0.20971183384897019,524288.0,5242880.0,3,,298.7710576023248,0.115625,3.793941915035248,151.84938614101083,10,2
129.34387730461933,2,1.0,0.0,0.0,0.0,0.0,0.0,0.0,0.0,100000000.0,0.0,0.0,0.0,0.0,0.0,0.0,0.0,0.0,0.0,115.02161948010325,0.23681508136226054,0.23681508136226054,56,0.0,129.34387730461933,False,0.1383919273477493,1.2746367556065703,0.1,5,3.0,4.0,0.1,2,110.7705249709692,0.0,0.1435966875332475,0.0,2,0.0,-0.18760350435500492,524288.0,5242880.0,1,,236.81508136226054,0.0984375,3.700304329395294,129.34387730461933,10,2
146.60202964568487,2,1.0,0.0,0.0,0.0,0.0,0.0,0.0,0.0,100000000.0,0.0,0.0,0.0,0.0,0.0,0.0,0.0,0.0,0.0,147.84733951091766,0.29017240218808915,0.29017240218808915,56,0.0,146.60202964568487,False,0.11277587956395072,1.038704236532979,0.1,5,3.0,4.0,0.1,2,115.53958872938072,0.0,0.2118827480859399,0.0,2,0.0,-0.20147414087601995,524288.0,5242880.0,2,,290.17240218808917,0.1046875,3.8485845029354095,146.6020296456849,10,2
246.31581835613295,2,1.0,0.0,0.0,0.0,0.0,0.0,0.0,0.0,100000000.0,0.0,0.0,0.0,0.0,0.0,0.0,0.0,0.0,0.0,117.12063895538449,0.35786278553471607,0.35786278553471607,56,0.0,246.31581835613295,False,0.12065261009561556,1.1112516057479493,0.1,5,3.0,4.0,0.1,2,133.9870553601364,0.0,0.4560355227920737,0.0,2,0.0,-0.23925769781516582,524288.0,5242880.0,3,,357.86278553471607,0.11875,3.8111176192760468,246.31581835613295,10,2
152.388446405074,2,1.0,0.0,0.0,0.0,0.0,0.0,0.0,0.0,100000000.0,0.0,0.0,0.0,0.0,0.0,0.0,0.0,0.0,0.0,128.6997850984335,0.2799651929172784,0.2799651929172784,57,0.0,152.388446405074,False,0.1383919273477493,1.2746367556065703,0.1,5,3.0,4.0,0.1,2,123.91874114631706,0.0,0.18682325288020663,0.0,2,0.0,-0.20917856013251385,524288.0,5242880.0,1,,279.9651929172784,0.0890625,3.795803278684616,152.388446405074,10,2
196.73982209746552,2,1.0,0.0,0.0,0.0,0.0,0.0,0.0,0.0,100000000.0,0.0,0.0,0.0,0.0,0.0,0.0,0.0,0.0,0.0,133.3448518998921,0.31556234176491216,0.31556234176491216,57,0.0,196.73982209746552,False,0.11277587956395072,1.038704236532979,0.1,5,3.0,4.0,0.1,2,123.1683327408109,0.0,0.3739532168541206,0.0,2,0.0,-0.21416911066443145,524288.0,5242880.0,2,,315.56234176491216,0.084375,3.825368046760559,196.73982209746552,10,2
308.930919618651,2,1.0,0.0,0.0,0.0,0.0,0.0,0.0,0.0,100000000.0,0.0,0.0,0.0,0.0,0.0,0.0,0.0,0.0,0.0,131.51680724695325,0.42677420202766336,0.42677420202766336,57,0.0,308.930919618651,False,0.12065261009561556,1.1112516057479493,0.1,5,3.0,4.0,0.1,2,151.321690055853,0.0,0.5101762871691614,0.0,2,0.0,-0.27371340606163946,524288.0,5242880.0,3,,426.77420202766336,0.1125,3.7494066953659058,308.93091961865105,10,2
346.5528537960662,2,1.0,0.0,0.0,0.0,0.0,0.0,0.0,0.0,100000000.0,0.0,0.0,0.0,0.0,0.0,0.0,0.0,0.0,0.0,125.85082044824958,0.4724036742443158,0.4724036742443158,58,0.0,346.5528537960662,False,0.1383919273477493,1.2746367556065703,0.1,5,3.0,4.0,0.1,2,129.41256721158325,0.0,0.626571918845782,0.0,2,0.0,-0.3053978007960325,524288.0,5242880.0,1,,472.40367424431577,0.084375,3.7664837539196014,346.5528537960662,10,2
163.37272181216713,2,1.0,0.0,0.0,0.0,0.0,0.0,0.0,0.0,100000000.0,0.0,0.0,0.0,0.0,0.0,0.0,0.0,0.0,0.0,135.90048905462027,0.2832331941711729,0.2832331941711729,58,0.0,163.37272181216713,False,0.11277587956395072,1.038704236532979,0.1,5,3.0,4.0,0.1,2,119.05146526220473,0.0,0.271289209473534,0.0,2,0.0,-0.1980045368675618,524288.0,5242880.0,2,,283.2331941711729,0.1109375,3.7977258265018463,163.37272181216713,10,2
172.4502125899518,2,1.0,0.0,0.0,0.0,0.0,0.0,0.0,0.0,100000000.0,0.0,0.0,0.0,0.0,0.0,0.0,0.0,0.0,0.0,136.60165667533875,0.3019665883067274,0.3019665883067274,58,0.0,172.4502125899518,False,0.12065261009561556,1.1112516057479493,0.1,5,3.0,4.0,0.1,2,117.11037745866632,0.0,0.3209032583965048,0.0,2,0.0,-0.21130959920117148,524288.0,5242880.0,3,,301.9665883067274,0.121875,3.775292158126831,172.45021258995178,10,2
299.0130275972872,2,1.0,0.0,0.0,0.0,0.0,0.0,0.0,0.0,100000000.0,0.0,0.0,0.0,0.0,0.0,0.0,0.0,0.0,0.0,114.17919769883156,0.4131922252961188,0.4131922252961188,59,0.0,299.0130275972872,False,0.1383919273477493,1.2746367556065703,0.1,5,3.0,4.0,0.1,2,138.08770458107995,0.0,0.5381883334960997,0.0,2,0.0,-0.27579207632193403,524288.0,5242880.0,1,,413.1922252961188,0.09375,3.6871319711208344,299.01302759728725,10,2
180.00826907103422,2,1.0,0.0,0.0,0.0,0.0,0.0,0.0,0.0,100000000.0,0.0,0.0,0.0,0.0,0.0,0.0,0.0,0.0,0.0,142.63143111020327,0.32066788400282625,0.32066788400282625,59,0.0,180.00826907103422,False,0.11277587956395072,1.038704236532979,0.1,5,3.0,4.0,0.1,2,133.2523439871355,0.0,0.2597432069381661,0.0,2,0.0,-0.21672188178338847,524288.0,5242880.0,2,,320.66788400282627,0.109375,3.764651298522949,180.00826907103422,10,2
265.354431316796,2,1.0,0.0,0.0,0.0,0.0,0.0,0.0,0.0,100000000.0,0.0,0.0,0.0,0.0,0.0,0.0,0.0,0.0,0.0,98.94380206242204,0.36429823337921813,0.36429823337921813,59,0.0,265.354431316796,False,0.12065261009561556,1.1112516057479493,0.1,5,3.0,4.0,0.1,2,126.86912126873487,0.0,0.5218880625465384,0.0,2,0.0,-0.24247542173741685,524288.0,5242880.0,3,,364.2982333792181,0.1078125,3.707055240869522,265.3544313167961,10,2
275.8660091360812,2,1.0,0.0,0.0,0.0,0.0,0.0,0.0,0.0,100000000.0,0.0,0.0,0.0,0.0,0.0,0.0,0.0,0.0,0.0,147.18874683603644,0.4230547559721176,0.4230547559721176,60,0.0,275.8660091360812,False,0.1383919273477493,1.2746367556065703,0.1,5,3.0,4.0,0.1,2,134.6286241672226,0.0,0.5119782078668053,0.0,2,0.0,-0.28072334165993346,524288.0,5242880.0,1,0.08046875,423.0547559721176,0.1265625,3.708339810371399,275.8660091360812,10,2
155.49194397520463,2,1.0,0.0,0.0,0.0,0.0,0.0,0.0,0.0,100000000.0,0.0,0.0,0.0,0.0,0.0,0.0,0.0,0.0,0.0,119.75627159699798,0.27524821557220264,0.27524821557220264,60,0.0,155.49194397520463,False,0.11277587956395072,1.038704236532979,0.1,5,3.0,4.0,0.1,2,132.12742532501304,0.0,0.15026192388409135,0.0,2,0.0,-0.19401204756807666,524288.0,5242880.0,2,0.08046875,275.24821557220264,0.1140625,3.8280290961265564,155.49194397520466,10,2
225.27446233096234,2,1.0,0.0,0.0,0.0,0.0,0.0,0.0,0.0,100000000.0,0.0,0.0,0.0,0.0,0.0,0.0,0.0,0.0,0.0,148.52212741971016,0.3569080918877076,0.3569080918877076,60,0.0,225.27446233096234,False,0.12065261009561556,1.1112516057479493,0.1,5,3.0,4.0,0.1,2,127.69287477216109,0.0,0.43316755281137503,0.0,2,0.0,-0.2387803509916616,524288.0,5242880.0,3,0.08046875,356.9080918877076,0.109375,3.8012936115264893,225.2744623309623,10,2
192.46593677403257,2,1.0,0.0,0.0,0.0,0.0,0.0,0.0,0.0,100000000.0,0.0,0.0,0.0,0.0,0.0,0.0,0.0,0.0,0.0,132.35024875029922,0.31077959761919305,0.31077959761919305,61,0.0,192.46593677403257,False,0.1383919273477493,1.2746367556065703,0.1,5,3.0,4.0,0.1,2,123.84315690591639,0.0,0.35654506464010693,0.0,2,0.0,-0.22458576248347117,524288.0,5242880.0,1,,310.77959761919305,0.075,3.8074983060359955,192.46593677403257,10,2
162.08450044636038,2,1.0,0.0,0.0,0.0,0.0,0.0,0.0,0.0,100000000.0,0.0,0.0,0.0,0.0,0.0,0.0,0.0,0.0,0.0,135.7385190203786,0.29782301946673895,0.29782301946673895,61,0.0,162.08450044636038,False,0.11277587956395072,1.038704236532979,0.1,5,3.0,4.0,0.1,2,126.62419908244782,0.0,0.21877663358470023,0.0,2,0.0,-0.20529944951534485,524288.0,5242880.0,2,,297.82301946673897,0.0734375,3.9855911433696747,162.08450044636038,10,2
961.4645713137132,2,1.0,0.0,0.0,0.0,0.0,0.0,0.0,0.0,100000000.0,0.0,0.0,0.0,0.0,0.0,0.0,0.0,0.0,0.0,131.03595515713096,1.0907551855908375,1.0907551855908375,61,0.0,961.4645713137132,False,0.12065261009561556,1.1112516057479493,0.1,5,3.0,4.0,0.1,2,210.70650417403098,0.0,0.780848394771189,0.0,2,0.0,-0.6057038978432265,524288.0,5242880.0,3,,1090.7551855908375,0.0734375,3.9886312186717987,961.4645713137132,10,2
212.08569708866236,2,1.0,0.0,0.0,0.0,0.0,0.0,0.0,0.0,100000000.0,0.0,0.0,0.0,0.0,0.0,0.0,0.0,0.0,0.0,125.09536650031805,0.3311955856497323,0.3311955856497323,62,0.0,212.08569708866236,False,0.1383919273477493,1.2746367556065703,0.1,5,3.0,4.0,0.1,2,139.95858803490822,0.0,0.3400847395362141,0.0,2,0.0,-0.2347937564987408,524288.0,5242880.0,1,,331.19558564973227,0.1234375,3.7734582126140594,212.08569708866236,10,2
254.03444766322676,2,1.0,0.0,0.0,0.0,0.0,0.0,0.0,0.0,100000000.0,0.0,0.0,0.0,0.0,0.0,0.0,0.0,0.0,0.0,137.14620796963573,0.3911806556328624,0.3911806556328624,62,0.0,254.03444766322676,False,0.11277587956395072,1.038704236532979,0.1,5,3.0,4.0,0.1,2,144.52986102950473,0.0,0.43106195888398624,0.0,2,0.0,-0.2519782675984066,524288.0,5242880.0,2,,391.1806556328624,0.090625,3.8197225630283356,254.0344476632267,10,2
264.0763464693247,2,1.0,0.0,0.0,0.0,0.0,0.0,0.0,0.0,100000000.0,0.0,0.0,0.0,0.0,0.0,0.0,0.0,0.0,0.0,138.7143167667091,0.3981672650512575,0.3981672650512575,62,0.0,264.0763464693247,False,0.12065261009561556,1.1112516057479493,0.1,5,3.0,4.0,0.1,2,131.10292840888016,0.0,0.5035415698463201,0.0,2,0.0,-0.25940993757343656,524288.0,5242880.0,3,,398.1672650512575,0.1078125,3.8169709742069244,264.07634646932473,10,2
154.87458039120224,2,1.0,0.0,0.0,0.0,0.0,0.0,0.0,0.0,100000000.0,0.0,0.0,0.0,0.0,0.0,0.0,0.0,0.0,0.0,117.32724355533719,0.2703979179803898,0.2703979179803898,63,0.0,154.87458039120224,False,0.1383919273477493,1.2746367556065703,0.1,5,3.0,4.0,0.1,2,113.51648473357955,0.0,0.2670425033801872,0.0,2,0.0,-0.20439492266406956,524288.0,5242880.0,1,,270.3979179803898,0.11875,3.64356192946434,154.87458039120224,10,2
180.24705523655746,2,1.0,0.0,0.0,0.0,0.0,0.0,0.0,0.0,100000000.0,0.0,0.0,0.0,0.0,0.0,0.0,0.0,0.0,0.0,142.520846799016,0.31936312453852034,0.31936312453852034,63,0.0,180.24705523655746,False,0.11277587956395072,1.038704236532979,0.1,5,3.0,4.0,0.1,2,127.14452472360236,0.0,0.294609698023987,0.0,2,0.0,-0.21606950205123554,524288.0,5242880.0,2,,319.3631245385203,0.096875,3.816587954759598,180.2470552365575,10,2
210.3109164298292,2,1.0,0.0,0.0,0.0,0.0,0.0,0.0,0.0,100000000.0,0.0,0.0,0.0,0.0,0.0,0.0,0.0,0.0,0.0,103.04294852539897,0.30533362926400864,0.30533362926400864,63,0.0,210.3109164298292,False,0.12065261009561556,1.1112516057479493,0.1,5,3.0,4.0,0.1,2,147.72571672336,0.0,0.29758417094507283,0.0,2,0.0,-0.2129931196798121,524288.0,5242880.0,3,,305.33362926400866,0.0859375,3.943208009004593,210.31091642982923,10,2
134.23651491510455,2,1.0,0.0,0.0,0.0,0.0,0.0,0.0,0.0,100000000.0,0.0,0.0,0.0,0.0,0.0,0.0,0.0,0.0,0.0,149.99315468594432,0.2842296696010489,0.2842296696010489,64,0.0,134.23651491510455,False,0.1383919273477493,1.2746367556065703,0.1,5,3.0,4.0,0.1,2,108.93388393327481,0.0,0.18849290744647182,0.0,2,0.0,-0.2113107984743991,524288.0,5242880.0,1,,284.2296696010489,0.11875,3.6289247274398804,134.23651491510458,10,2
273.07534644267855,2,1.0,0.0,0.0,0.0,0.0,0.0,0.0,0.0,100000000.0,0.0,0.0,0.0,0.0,0.0,0.0,0.0,0.0,0.0,116.68772483244538,0.38976307127512394,0.38976307127512394,64,0.0,273.07534644267855,False,0.11277587956395072,1.038704236532979,0.1,5,3.0,4.0,0.1,2,137.35189440912228,0.0,0.4970183277311929,0.0,2,0.0,-0.2512694754195373,524288.0,5242880.0,2,,389.76307127512393,0.1203125,3.804242491722107,273.07534644267855,10,2
284.15965363412556,2,1.0,0.0,0.0,0.0,0.0,0.0,0.0,0.0,100000000.0,0.0,0.0,0.0,0.0,0.0,0.0,0.0,0.0,0.0,149.3410710245371,0.4261281176473146,0.4261281176473146,64,0.0,284.15965363412556,False,0.12065261009561556,1.1112516057479493,0.1,5,3.0,4.0,0.1,2,147.68985706026643,0.0,0.4802574708567637,0.0,2,0.0,-0.2733903638714651,524288.0,5242880.0,3,,426.12811764731464,0.1015625,3.846910685300827,284.15965363412556,10,2
143.88087607758254,2,1.0,0.0,0.0,0.0,0.0,0.0,0.0,0.0,100000000.0,0.0,0.0,0.0,0.0,0.0,0.0,0.0,0.0,0.0,116.34878348559141,0.260229659563174,0.260229659563174,65,0.0,143.88087607758254,False,0.1383919273477493,1.2746367556065703,0.1,5,3.0,4.0,0.1,2,115.20036839248644,0.0,0.19933509210516048,0.0,2,0.0,-0.19931079345546165,524288.0,5242880.0,1,,260.229659563174,0.1,3.777260571718216,143.88087607758257,10,2
154.31054772096456,2,1.0,0.0,0.0,0.0,0.0,0.0,0.0,0.0,100000000.0,0.0,0.0,0.0,0.0,0.0,0.0,0.0,0.0,0.0,128.65280220285058,0.28296334992381517,0.28296334992381517,65,0.0,154.31054772096456,False,0.11277587956395072,1.038704236532979,0.1,5,3.0,4.0,0.1,2,109.88033782037805,0.0,0.28792723865466674,0.0,2,0.0,-0.19786961474388293,524288.0,5242880.0,2,,282.96334992381514,0.115625,3.8157209157943726,154.3105477209646,10,2
145.34787479087572,2,1.0,0.0,0.0,0.0,0.0,0.0,0.0,0.0,100000000.0,0.0,0.0,0.0,0.0,0.0,0.0,0.0,0.0,0.0,135.77739614993334,0.2811252709408091,0.2811252709408091,65,0.0,145.34787479087572,False,0.12065261009561556,1.1112516057479493,0.1,5,3.0,4.0,0.1,2,118.08410097594187,0.0,0.1875760058697834,0.0,2,0.0,-0.20088894051821232,524288.0,5242880.0,3,,281.12527094080906,0.1109375,3.7555434703826904,145.34787479087572,10,2
152.83693790855298,2,1.0,0.0,0.0,0.0,0.0,0.0,0.0,0.0,100000000.0,0.0,0.0,0.0,0.0,0.0,0.0,0.0,0.0,0.0,131.85368897393346,0.27433521868188204,0.27433521868188204,66,0.0,152.83693790855298,False,0.1383919273477493,1.2746367556065703,0.1,5,3.0,4.0,0.1,2,113.64281243903584,0.0,0.2564440638883265,0.0,2,0.0,-0.20636357301481567,524288.0,5242880.0,1,,274.33521868188205,0.109375,3.6748653054237366,152.83693790855298,10,2
184.7230420885903,2,1.0,0.0,0.0,0.0,0.0,0.0,0.0,0.0,100000000.0,0.0,0.0,0.0,0.0,0.0,0.0,0.0,0.0,0.0,123.60065383836627,0.30483614573910056,0.30483614573910056,66,0.0,184.7230420885903,False,0.11277587956395072,1.038704236532979,0.1,5,3.0,4.0,0.1,2,118.3975915617872,0.0,0.35905347690730666,0.0,2,0.0,-0.20880601265152565,524288.0,5242880.0,2,,304.8361457391006,0.1078125,3.818286657333374,184.7230420885903,10,2
170.37728325993362,2,1.0,0.0,0.0,0.0,0.0,0.0,0.0,0.0,100000000.0,0.0,0.0,0.0,0.0,0.0,0.0,0.0,0.0,0.0,135.6897195801139,0.28577673798025194,0.28577673798025194,66,0.0,170.37728325993362,False,0.12065261009561556,1.1112516057479493,0.1,5,3.0,4.0,0.1,2,122.21842774821583,0.0,0.28266007410298316,0.0,2,0.0,-0.20321467403793375,524288.0,5242880.0,3,,285.77673798025194,0.103125,3.781571090221405,170.37728325993365,10,2
181.9768012608343,2,1.0,0.0,0.0,0.0,0.0,0.0,0.0,0.0,100000000.0,0.0,0.0,0.0,0.0,0.0,0.0,0.0,0.0,0.0,143.1485554203391,0.3251253566811735,0.3251253566811735,67,0.0,181.9768012608343,False,0.1383919273477493,1.2746367556065703,0.1,5,3.0,4.0,0.1,2,117.67808191364928,0.0,0.3533347047628516,0.0,2,0.0,-0.2317586420144614,524288.0,5242880.0,1,,325.12535668117346,0.1015625,3.691710501909256,181.97680126083435,10,2
146.83721155451155,2,1.0,0.0,0.0,0.0,0.0,0.0,0.0,0.0,100000000.0,0.0,0.0,0.0,0.0,0.0,0.0,0.0,0.0,0.0,133.4512629546225,0.2791243231771134,0.2791243231771134,67,0.0,146.83721155451155,False,0.11277587956395072,1.038704236532979,0.1,5,3.0,4.0,0.1,2,129.3217608701275,0.0,0.11928482228009121,0.0,2,0.0,-0.19595010137053204,524288.0,5242880.0,2,,279.1243231771134,0.1171875,3.850936859846115,146.83721155451155,10,2
459.8464459172756,2,1.0,0.0,0.0,0.0,0.0,0.0,0.0,0.0,100000000.0,0.0,0.0,0.0,0.0,0.0,0.0,0.0,0.0,0.0,144.48554161936045,0.5986566414117188,0.5986566414117188,67,0.0,459.8464459172756,False,0.12065261009561556,1.1112516057479493,0.1,5,3.0,4.0,0.1,2,151.586640874374,0.0,0.6703537839202006,0.0,2,0.0,-0.3596546257536672,524288.0,5242880.0,3,,598.6566414117189,0.1234375,3.7690897583961487,459.8464459172756,10,2
379.08964497532486,2,1.0,0.0,0.0,0.0,0.0,0.0,0.0,0.0,100000000.0,0.0,0.0,0.0,0.0,0.0,0.0,0.0,0.0,0.0,110.84688687697053,0.47306974311854477,0.47306974311854477,68,0.0,379.08964497532486,False,0.1383919273477493,1.2746367556065703,0.1,5,3.0,4.0,0.1,2,148.36557296314876,0.0,0.6086266799168151,0.0,2,0.0,-0.30573083523314704,524288.0,5242880.0,1,,473.06974311854475,0.1390625,3.654487580060959,379.0896449753248,10,2
375.10741585720143,2,1.0,0.0,0.0,0.0,0.0,0.0,0.0,0.0,100000000.0,0.0,0.0,0.0,0.0,0.0,0.0,0.0,0.0,0.0,149.85760441049933,0.5173736376673337,0.5173736376673337,68,0.0,375.10741585720143,False,0.11277587956395072,1.038704236532979,0.1,5,3.0,4.0,0.1,2,127.12629425717716,0.0,0.6610936257640597,0.0,2,0.0,-0.3150747586156422,524288.0,5242880.0,2,,517.3736376673337,0.1046875,3.791197717189789,375.1074158572015,10,2
190.70877052635905,2,1.0,0.0,0.0,0.0,0.0,0.0,0.0,0.0,100000000.0,0.0,0.0,0.0,0.0,0.0,0.0,0.0,0.0,0.0,115.18871271982789,0.2928689002224898,0.2928689002224898,68,0.0,190.70877052635905,False,0.12065261009561556,1.1112516057479493,0.1,5,3.0,4.0,0.1,2,119.60439809768086,0.0,0.3728426974408627,0.0,2,0.0,-0.20676075515905268,524288.0,5242880.0,3,,292.8689002224898,0.0984375,3.869844436645508,190.70877052635907,10,2
203.8174902925659,2,1.0,0.0,0.0,0.0,0.0,0.0,0.0,0.0,100000000.0,0.0,0.0,0.0,0.0,0.0,0.0,0.0,0.0,0.0,150.77412873506546,0.34358006882466563,0.34358006882466563,69,0.0,203.8174902925659,False,0.1383919273477493,1.2746367556065703,0.1,5,3.0,4.0,0.1,2,119.82428411438845,0.0,0.41210009041722095,0.0,2,0.0,-0.24098599808620746,524288.0,5242880.0,1,,343.5800688246656,0.1125,3.6276016533374786,203.8174902925659,10,2
235.33783194290737,2,1.0,0.0,0.0,0.0,0.0,0.0,0.0,0.0,100000000.0,0.0,0.0,0.0,0.0,0.0,0.0,0.0,0.0,0.0,114.71463600173593,0.3500524679446433,0.3500524679446433,69,0.0,235.33783194290737,False,0.11277587956395072,1.038704236532979,0.1,5,3.0,4.0,0.1,2,149.598579362186,0.0,0.36432413723230683,0.0,2,0.0,-0.23141417375429701,524288.0,5242880.0,2,,350.0524679446433,0.1125,3.7534868717193604,235.33783194290734,10,2
244.45261875430003,2,1.0,0.0,0.0,0.0,0.0,0.0,0.0,0.0,100000000.0,0.0,0.0,0.0,0.0,0.0,0.0,0.0,0.0,0.0,131.37718616053462,0.3758298049148347,0.3758298049148347,69,0.0,244.45261875430003,False,0.12065261009561556,1.1112516057479493,0.1,5,3.0,4.0,0.1,2,131.33589779474042,0.0,0.4627347480914227,0.0,2,0.0,-0.24824120750522513,524288.0,5242880.0,3,,375.8298049148347,0.0984375,3.76093390583992,244.4526187543001,10,2
137.86572396379944,2,1.0,0.0,0.0,0.0,0.0,0.0,0.0,0.0,100000000.0,0.0,0.0,0.0,0.0,0.0,0.0,0.0,0.0,0.0,135.4020037688315,0.27326772773263097,0.27326772773263097,70,0.0,137.86572396379944,False,0.1383919273477493,1.2746367556065703,0.1,5,3.0,4.0,0.1,2,109.84769876014195,0.0,0.20322691092540465,0.0,2,0.0,-0.20582982754019014,524288.0,5242880.0,1,0.07890625,273.267727732631,0.103125,3.6070365607738495,137.86572396379944,10,2
217.72105276230334,2,1.0,0.0,0.0,0.0,0.0,0.0,0.0,0.0,100000000.0,0.0,0.0,0.0,0.0,0.0,0.0,0.0,0.0,0.0,128.60656762495637,0.3463276203872597,0.3463276203872597,70,0.0,217.72105276230334,False,0.11277587956395072,1.038704236532979,0.1,5,3.0,4.0,0.1,2,122.01697489074338,0.0,0.4395719966320609,0.0,2,0.0,-0.22955174997560523,524288.0,5242880.0,2,0.07890625,346.32762038725974,0.096875,3.842736691236496,217.72105276230334,10,2
139.96836373591793,2,1.0,0.0,0.0,0.0,0.0,0.0,0.0,0.0,100000000.0,0.0,0.0,0.0,0.0,0.0,0.0,0.0,0.0,0.0,129.14548115804791,0.25676941096791994,0.25676941096791994,70,0.0,139.96836373591793,False,0.12065261009561556,1.1112516057479493,0.1,5,3.0,4.0,0.1,2,106.75676367353685,0.0,0.23727933352884145,0.0,2,0.0,-0.18871101053176775,524288.0,5242880.0,3,0.07890625,256.76941096791995,0.0890625,3.7514924705028534,139.96836373591796,10,2
201.4444885576073,2,1.0,0.0,0.0,0.0,0.0,0.0,0.0,0.0,100000000.0,0.0,0.0,0.0,0.0,0.0,0.0,0.0,0.0,0.0,145.1270063407719,0.33240830486509243,0.33240830486509243,71,0.0,201.4444885576073,False,0.1383919273477493,1.2746367556065703,0.1,5,3.0,4.0,0.1,2,127.05877549838316,0.0,0.36926159455562363,0.0,2,0.0,-0.23540011610642086,524288.0,5242880.0,1,,332.4083048650924,0.084375,3.837223172187805,201.44448855760731,10,2
176.5625163446456,2,1.0,0.0,0.0,0.0,0.0,0.0,0.0,0.0,100000000.0,0.0,0.0,0.0,0.0,0.0,0.0,0.0,0.0,0.0,132.34106497839093,0.3089035813230365,0.3089035813230365,71,0.0,176.5625163446456,False,0.11277587956395072,1.038704236532979,0.1,5,3.0,4.0,0.1,2,115.3027621421792,0.0,0.3469578677893834,0.0,2,0.0,-0.21083973044349363,524288.0,5242880.0,2,,308.9035813230365,0.090625,3.935527741909027,176.5625163446456,10,2
223.01756443821975,2,1.0,0.0,0.0,0.0,0.0,0.0,0.0,0.0,100000000.0,0.0,0.0,0.0,0.0,0.0,0.0,0.0,0.0,0.0,142.06950180232525,0.365087066240545,0.365087066240545,71,0.0,223.01756443821975,False,0.12065261009561556,1.1112516057479493,0.1,5,3.0,4.0,0.1,2,127.07157857313956,0.0,0.43021717193785924,0.0,2,0.0,-0.24286983816808028,524288.0,5242880.0,3,,365.08706624054497,0.0875,3.919982224702835,223.01756443821978,10,2
142.69607604588728,2,1.0,0.0,0.0,0.0,0.0,0.0,0.0,0.0,100000000.0,0.0,0.0,0.0,0.0,0.0,0.0,0.0,0.0,0.0,111.89797753468156,0.23916526601757268,0.23916526601757268,72,0.0,142.69607604588728,False,0.1383919273477493,1.2746367556065703,0.1,5,3.0,4.0,0.1,2,109.37224443689091,0.0,0.23353011892408523,0.0,2,0.0,-0.188778596682661,524288.0,5242880.0,1,,239.1652660175727,0.128125,3.6178720593452454,142.69607604588728,10,2
151.09440351320453,2,1.0,0.0,0.0,0.0,0.0,0.0,0.0,0.0,100000000.0,0.0,0.0,0.0,0.0,0.0,0.0,0.0,0.0,0.0,147.91380381211638,0.28341455517752123,0.28341455517752123,72,0.0,151.09440351320453,False,0.11277587956395072,1.038704236532979,0.1,5,3.0,4.0,0.1,2,114.77500065615287,0.0,0.24037556661638768,0.0,2,0.0,-0.198095217370736,524288.0,5242880.0,2,,283.4145551775212,0.1296875,3.7808065712451935,151.09440351320455,10,2
191.9988545726091,2,1.0,0.0,0.0,0.0,0.0,0.0,0.0,0.0,100000000.0,0.0,0.0,0.0,0.0,0.0,0.0,0.0,0.0,0.0,114.73099002614617,0.3067298445987553,0.3067298445987553,72,0.0,191.9988545726091,False,0.12065261009561556,1.1112516057479493,0.1,5,3.0,4.0,0.1,2,122.08127893750186,0.0,0.36415621223753797,0.0,2,0.0,-0.21369122734718543,524288.0,5242880.0,3,,306.7298445987553,0.1453125,3.732676923274994,191.99885457260913,10,2
233.37528282508853,2,1.0,0.0,0.0,0.0,0.0,0.0,0.0,0.0,100000000.0,0.0,0.0,0.0,0.0,0.0,0.0,0.0,0.0,0.0,139.77100187912583,0.37314628470421435,0.37314628470421435,73,0.0,233.37528282508853,False,0.1383919273477493,1.2746367556065703,0.1,5,3.0,4.0,0.1,2,138.12054835701687,0.0,0.40816119562868935,0.0,2,0.0,-0.2557691060259818,524288.0,5242880.0,1,,373.14628470421434,0.125,3.6053606271743774,233.3752828250885,10,2
186.50239789407607,2,1.0,0.0,0.0,0.0,0.0,0.0,0.0,0.0,100000000.0,0.0,0.0,0.0,0.0,0.0,0.0,0.0,0.0,0.0,117.45712906122208,0.30395952695529815,0.30395952695529815,73,0.0,186.50239789407607,False,0.11277587956395072,1.038704236532979,0.1,5,3.0,4.0,0.1,2,127.44996166518082,0.0,0.3166309757713359,0.0,2,0.0,-0.20836770325962445,524288.0,5242880.0,2,,303.95952695529814,0.1078125,3.81405508518219,186.50239789407607,10,2
1297.5110750915007,2,1.0,0.0,0.0,0.0,0.0,0.0,0.0,0.0,100000000.0,0.0,0.0,0.0,0.0,0.0,0.0,0.0,0.0,0.0,138.4032447822392,1.422561529026319,1.422561529026319,73,0.0,1297.5110750915007,False,0.12065261009561556,1.1112516057479493,0.1,5,3.0,4.0,0.1,2,233.65069908775598,0.0,0.8199239269913138,0.0,2,0.0,-0.7716070695609673,524288.0,5242880.0,3,,1422.561529026319,0.1265625,3.7565758228302,1297.5110750915005,10,2
199.97194984083916,2,1.0,0.0,0.0,0.0,0.0,0.0,0.0,0.0,100000000.0,0.0,0.0,0.0,0.0,0.0,0.0,0.0,0.0,0.0,128.16396029666066,0.3258589191091612,0.3258589191091612,74,0.0,199.97194984083916,False,0.1383919273477493,1.2746367556065703,0.1,5,3.0,4.0,0.1,2,123.18462468655918,0.0,0.38399048074190517,0.0,2,0.0,-0.23212542322845525,524288.0,5242880.0,1,,325.8589191091612,0.1421875,3.59561350941658,199.9719498408392,10,2
363.10791052922224,2,1.0,0.0,0.0,0.0,0.0,0.0,0.0,0.0,100000000.0,0.0,0.0,0.0,0.0,0.0,0.0,0.0,0.0,0.0,135.90334309265018,0.4927859210041127,0.4927859210041127,74,0.0,363.10791052922224,False,0.11277587956395072,1.038704236532979,0.1,5,3.0,4.0,0.1,2,155.3659467088596,0.0,0.5721218342987434,0.0,2,0.0,-0.3027809002840317,524288.0,5242880.0,2,,492.7859210041127,0.1125,3.8666789829730988,363.10791052922224,10,2
289.8431271085129,2,1.0,0.0,0.0,0.0,0.0,0.0,0.0,0.0,100000000.0,0.0,0.0,0.0,0.0,0.0,0.0,0.0,0.0,0.0,128.51382559165359,0.4183569527001665,0.4183569527001665,74,0.0,289.8431271085129,False,0.12065261009561556,1.1112516057479493,0.1,5,3.0,4.0,0.1,2,136.62589180821283,0.0,0.5286212470476757,0.0,2,0.0,-0.269504781397891,524288.0,5242880.0,3,,418.35695270016646,0.1265625,3.6977773010730743,289.8431271085129,10,2
194.15460973811585,2,1.0,0.0,0.0,0.0,0.0,0.0,0.0,0.0,100000000.0,0.0,0.0,0.0,0.0,0.0,0.0,0.0,0.0,0.0,128.37030924856663,0.30510050796312466,0.30510050796312466,75,0.0,194.15460973811585,False,0.1383919273477493,1.2746367556065703,0.1,5,3.0,4.0,0.1,2,122.7074301615841,0.0,0.3679911575259676,0.0,2,0.0,-0.22174621765543698,524288.0,5242880.0,1,,305.10050796312464,0.121875,3.6176756024360657,194.15460973811588,10,2
178.8146459877385,2,1.0,0.0,0.0,0.0,0.0,0.0,0.0,0.0,100000000.0,0.0,0.0,0.0,0.0,0.0,0.0,0.0,0.0,0.0,136.039518751204,0.3148541647389425,0.3148541647389425,75,0.0,178.8146459877385,False,0.11277587956395072,1.038704236532979,0.1,5,3.0,4.0,0.1,2,118.02329159287555,0.0,0.33996854149761013,0.0,2,0.0,-0.2138150221514466,524288.0,5242880.0,2,,314.85416473894253,0.1453125,3.656893491744995,178.8146459877385,10,2
157.30805707788173,2,1.0,0.0,0.0,0.0,0.0,0.0,0.0,0.0,100000000.0,0.0,0.0,0.0,0.0,0.0,0.0,0.0,0.0,0.0,133.87797912582755,0.2911860362037093,0.2911860362037093,75,0.0,157.30805707788173,False,0.12065261009561556,1.1112516057479493,0.1,5,3.0,4.0,0.1,2,130.64149726035296,0.0,0.16951808008363115,0.0,2,0.0,-0.20591932314966244,524288.0,5242880.0,3,,291.1860362037093,0.109375,3.8151941299438477,157.30805707788173,10,2
154.61652578233728,2,1.0,0.0,0.0,0.0,0.0,0.0,0.0,0.0,100000000.0,0.0,0.0,0.0,0.0,0.0,0.0,0.0,0.0,0.0,135.9300217591226,0.2905465475414599,0.2905465475414599,76,0.0,154.61652578233728,False,0.1383919273477493,1.2746367556065703,0.1,5,3.0,4.0,0.1,2,107.48782053259463,0.0,0.30481027180812803,0.0,2,0.0,-0.2144692374446046,524288.0,5242880.0,1,,290.5465475414599,0.0984375,3.637945741415024,154.61652578233728,10,2
632.3665065668279,2,1.0,0.0,0.0,0.0,0.0,0.0,0.0,0.0,100000000.0,0.0,0.0,0.0,0.0,0.0,0.0,0.0,0.0,0.0,114.29296992719173,0.7466594764940198,0.7466594764940198,76,0.0,632.3665065668279,False,0.11277587956395072,1.038704236532979,0.1,5,3.0,4.0,0.1,2,189.79993207234827,0.0,0.6998577089371979,0.0,2,0.0,-0.42971767802898525,524288.0,5242880.0,2,,746.6594764940197,0.1203125,3.7716192305088043,632.366506566828,10,2
178.90500365596117,2,1.0,0.0,0.0,0.0,0.0,0.0,0.0,0.0,100000000.0,0.0,0.0,0.0,0.0,0.0,0.0,0.0,0.0,0.0,147.04338321462274,0.3259483868705839,0.3259483868705839,76,0.0,178.90500365596117,False,0.12065261009561556,1.1112516057479493,0.1,5,3.0,4.0,0.1,2,115.25056043660034,0.0,0.3558002398958607,0.0,2,0.0,-0.22330049848309974,524288.0,5242880.0,3,,325.94838687058393,0.1203125,3.77045938372612,178.90500365596117,10,2
191.75972885108226,2,1.0,0.0,0.0,0.0,0.0,0.0,0.0,0.0,100000000.0,0.0,0.0,0.0,0.0,0.0,0.0,0.0,0.0,0.0,117.41519067436457,0.3042988931073868,0.3042988931073868,77,0.0,191.75972885108226,False,0.1383919273477493,1.2746367556065703,0.1,5,3.0,4.0,0.1,2,123.29300541173461,0.0,0.3570443275528298,0.0,2,0.0,-0.22134541022756804,524288.0,5242880.0,1,,304.2988931073868,0.1203125,3.596315860748291,191.75972885108226,10,2
145.25421697697485,2,1.0,0.0,0.0,0.0,0.0,0.0,0.0,0.0,100000000.0,0.0,0.0,0.0,0.0,0.0,0.0,0.0,0.0,0.0,150.42201522737741,0.2862742593330785,0.2862742593330785,77,0.0,145.25421697697485,False,0.11277587956395072,1.038704236532979,0.1,5,3.0,4.0,0.1,2,115.61967167284975,0.0,0.20401848511442988,0.0,2,0.0,-0.1995250694485146,524288.0,5242880.0,2,,286.2742593330785,0.125,3.858733505010605,145.25421697697485,10,2
139.19729851548792,2,1.0,0.0,0.0,0.0,0.0,0.0,0.0,0.0,100000000.0,0.0,0.0,0.0,0.0,0.0,0.0,0.0,0.0,0.0,109.60069578140974,0.24879799429689767,0.24879799429689767,77,0.0,139.19729851548792,False,0.12065261009561556,1.1112516057479493,0.1,5,3.0,4.0,0.1,2,116.70322796602828,0.0,0.16159847058351368,0.0,2,0.0,-0.1847253021962566,524288.0,5242880.0,3,,248.79799429689766,0.121875,3.7916736006736755,139.19729851548792,10,2
491.8735059755167,2,1.0,0.0,0.0,0.0,0.0,0.0,0.0,0.0,100000000.0,0.0,0.0,0.0,0.0,0.0,0.0,0.0,0.0,0.0,147.0575057901442,0.638931011765661,0.638931011765661,78,0.0,491.8735059755167,False,0.1383919273477493,1.2746367556065703,0.1,5,3.0,4.0,0.1,2,144.3784056063896,0.0,0.7064724896697808,0.0,2,0.0,-0.38866146955670516,524288.0,5242880.0,1,,638.9310117656611,0.1046875,3.753324657678604,491.87350597551676,10,2
191.64923404874682,2,1.0,0.0,0.0,0.0,0.0,0.0,0.0,0.0,100000000.0,0.0,0.0,0.0,0.0,0.0,0.0,0.0,0.0,0.0,130.03360154107213,0.321682835589819,0.321682835589819,78,0.0,191.64923404874682,False,0.11277587956395072,1.038704236532979,0.1,5,3.0,4.0,0.1,2,125.73490814905816,0.0,0.34393211236588117,0.0,2,0.0,-0.21722935757688489,524288.0,5242880.0,2,,321.68283558981904,0.11875,3.7902389764785767,191.64923404874688,10,2
145.84387303147878,2,1.0,0.0,0.0,0.0,0.0,0.0,0.0,0.0,100000000.0,0.0,0.0,0.0,0.0,0.0,0.0,0.0,0.0,0.0,131.89110765233636,0.27393378200758667,0.27393378200758667,78,0.0,145.84387303147878,False,0.12065261009561556,1.1112516057479493,0.1,5,3.0,4.0,0.1,2,115.21474361630975,0.0,0.21001313787489773,0.0,2,0.0,-0.19729319605160112,524288.0,5242880.0,3,,273.9337820075867,0.1203125,3.727306514978409,145.8438730314788,10,2
173.74624419459533,2,1.0,0.0,0.0,0.0,0.0,0.0,0.0,0.0,100000000.0,0.0,0.0,0.0,0.0,0.0,0.0,0.0,0.0,0.0,128.05523118004203,0.3018014753746373,0.3018014753746373,79,0.0,173.74624419459533,False,0.1383919273477493,1.2746367556065703,0.1,5,3.0,4.0,0.1,2,121.69141996514196,0.0,0.299602586926438,0.0,2,0.0,-0.2200967013611933,524288.0,5242880.0,1,,301.80147537463733,0.1375,3.591078996658325,173.7462441945953,10,2
189.00639215265008,2,1.0,0.0,0.0,0.0,0.0,0.0,0.0,0.0,100000000.0,0.0,0.0,0.0,0.0,0.0,0.0,0.0,0.0,0.0,129.24685468897223,0.3182532468416224,0.3182532468416224,79,0.0,189.00639215265008,False,0.11277587956395072,1.038704236532979,0.1,5,3.0,4.0,0.1,2,126.87085017688479,0.0,0.328748362783317,0.0,2,0.0,-0.21551456320278656,524288.0,5242880.0,2,,318.2532468416224,0.0921875,3.865226686000824,189.0063921526501,10,2
210.37082566423055,2,1.0,0.0,0.0,0.0,0.0,0.0,0.0,0.0,100000000.0,0.0,0.0,0.0,0.0,0.0,0.0,0.0,0.0,0.0,133.43688566237688,0.3438077113266075,0.3438077113266075,79,0.0,210.37082566423055,False,0.12065261009561556,1.1112516057479493,0.1,5,3.0,4.0,0.1,2,142.94969728932213,0.0,0.3204870645063597,0.0,2,0.0,-0.23223016071111152,524288.0,5242880.0,3,,343.8077113266075,0.1328125,3.672901064157486,210.37082566423058,10,2
128.19112871431432,2,1.0,0.0,0.0,0.0,0.0,0.0,0.0,0.0,100000000.0,0.0,0.0,0.0,0.0,0.0,0.0,0.0,0.0,0.0,135.22543339058757,0.24844232008783695,0.24844232008783695,80,0.0,128.19112871431432,False,0.1383919273477493,1.2746367556065703,0.1,5,3.0,4.0,0.1,2,107.00163107272584,0.0,0.16529613128542783,0.0,2,0.0,-0.19341712371779313,524288.0,5242880.0,1,0.08515625,248.44232008783695,0.1515625,3.5712320506572723,128.1911287143143,10,2
148.10412321627712,2,1.0,0.0,0.0,0.0,0.0,0.0,0.0,0.0,100000000.0,0.0,0.0,0.0,0.0,0.0,0.0,0.0,0.0,0.0,139.9160041473806,0.28200255884245606,0.28200255884245606,80,0.0,148.10412321627712,False,0.11277587956395072,1.038704236532979,0.1,5,3.0,4.0,0.1,2,118.83453637942327,0.0,0.19762844005437533,0.0,2,0.0,-0.1973892192032034,524288.0,5242880.0,2,0.08515625,282.00255884245604,0.090625,3.7252648770809174,148.10412321627712,10,2
288.4317347437581,2,1.0,0.0,0.0,0.0,0.0,0.0,0.0,0.0,100000000.0,0.0,0.0,0.0,0.0,0.0,0.0,0.0,0.0,0.0,115.0295427069068,0.397806078161343,0.397806078161343,80,0.0,288.4317347437581,False,0.12065261009561556,1.1112516057479493,0.1,5,3.0,4.0,0.1,2,141.6501431762481,0.0,0.5088954296166832,0.0,2,0.0,-0.2592293441284793,524288.0,5242880.0,3,0.08515625,397.806078161343,0.1296875,3.669734299182892,288.4317347437581,10,2
185.2000354500395,2,1.0,0.0,0.0,0.0,0.0,0.0,0.0,0.0,100000000.0,0.0,0.0,0.0,0.0,0.0,0.0,0.0,0.0,0.0,115.61886686831713,0.3008189023183566,0.3008189023183566,81,0.0,185.2000354500395,False,0.1383919273477493,1.2746367556065703,0.1,5,3.0,4.0,0.1,2,113.31678185782877,0.0,0.3881384440209912,0.0,2,0.0,-0.21960541483305296,524288.0,5242880.0,1,,300.8189023183566,0.109375,3.738092064857483,185.20003545003948,10,2
308.5417370319095,2,1.0,0.0,0.0,0.0,0.0,0.0,0.0,0.0,100000000.0,0.0,0.0,0.0,0.0,0.0,0.0,0.0,0.0,0.0,151.55655331909657,0.4501339485875991,0.4501339485875991,81,0.0,308.5417370319095,False,0.11277587956395072,1.038704236532979,0.1,5,3.0,4.0,0.1,2,142.4090295136912,0.0,0.5384448441769056,0.0,2,0.0,-0.2814549140757749,524288.0,5242880.0,2,,450.1339485875991,0.1203125,3.920956641435623,308.5417370319095,10,2
150.06245874833235,2,1.0,0.0,0.0,0.0,0.0,0.0,0.0,0.0,100000000.0,0.0,0.0,0.0,0.0,0.0,0.0,0.0,0.0,0.0,109.46631478145719,0.25952877352978954,0.25952877352978954,81,0.0,150.06245874833235,False,0.12065261009561556,1.1112516057479493,0.1,5,3.0,4.0,0.1,2,111.56361164549745,0.0,0.2565521545092153,0.0,2,0.0,-0.19009069181270255,524288.0,5242880.0,3,,259.52877352978953,0.0984375,3.8435943722724915,150.06245874833238,10,2
189.27002700031747,2,1.0,0.0,0.0,0.0,0.0,0.0,0.0,0.0,100000000.0,0.0,0.0,0.0,0.0,0.0,0.0,0.0,0.0,0.0,146.90015418455005,0.3361701811848675,0.3361701811848675,82,0.0,189.27002700031747,False,0.1383919273477493,1.2746367556065703,0.1,5,3.0,4.0,0.1,2,135.6231618220076,0.0,0.2834408914530344,0.0,2,0.0,-0.2372810542663084,524288.0,5242880.0,1,,336.17018118486754,0.13125,3.6632573306560516,189.27002700031744,10,2
154.68552627844463,2,1.0,0.0,0.0,0.0,0.0,0.0,0.0,0.0,100000000.0,0.0,0.0,0.0,0.0,0.0,0.0,0.0,0.0,0.0,121.43706157803535,0.2752100924333717,0.2752100924333717,82,0.0,154.68552627844463,False,0.11277587956395072,1.038704236532979,0.1,5,3.0,4.0,0.1,2,108.57486076047236,0.0,0.2980929543140958,0.0,2,0.0,-0.19399298599866122,524288.0,5242880.0,2,,275.2100924333717,0.134375,3.7078181207180023,154.68552627844466,10,2
140.96838642228408,2,1.0,0.0,0.0,0.0,0.0,0.0,0.0,0.0,100000000.0,0.0,0.0,0.0,0.0,0.0,0.0,0.0,0.0,0.0,145.3361790627241,0.2863045654850082,0.2863045654850082,82,0.0,140.96838642228408,False,0.12065261009561556,1.1112516057479493,0.1,5,3.0,4.0,0.1,2,114.63568050210897,0.0,0.18679866166087056,0.0,2,0.0,-0.2034785877903119,524288.0,5242880.0,3,,286.3045654850082,0.1203125,3.714926540851593,140.96838642228408,10,2
180.2338614103172,2,1.0,0.0,0.0,0.0,0.0,0.0,0.0,0.0,100000000.0,0.0,0.0,0.0,0.0,0.0,0.0,0.0,0.0,0.0,123.2798770070076,0.29878152170896266,0.29878152170896266,83,0.0,180.2338614103172,False,0.1383919273477493,1.2746367556065703,0.1,5,3.0,4.0,0.1,2,129.31430557295243,0.0,0.28251936366963926,0.0,2,0.0,-0.21858672452835598,524288.0,5242880.0,1,,298.78152170896266,0.1265625,3.6518259942531586,180.2338614103172,10,2
190.63631812376696,2,1.0,0.0,0.0,0.0,0.0,0.0,0.0,0.0,100000000.0,0.0,0.0,0.0,0.0,0.0,0.0,0.0,0.0,0.0,132.60939717292786,0.3232457152966949,0.3232457152966949,83,0.0,190.63631812376696,False,0.11277587956395072,1.038704236532979,0.1,5,3.0,4.0,0.1,2,129.92094728747412,0.0,0.31848795357490367,0.0,2,0.0,-0.2180107974303228,524288.0,5242880.0,2,,323.24571529669487,0.1265625,3.7087708711624146,190.63631812376698,10,2
162.07542521607593,2,1.0,0.0,0.0,0.0,0.0,0.0,0.0,0.0,100000000.0,0.0,0.0,0.0,0.0,0.0,0.0,0.0,0.0,0.0,128.8061556406319,0.2908815808567079,0.2908815808567079,83,0.0,162.07542521607593,False,0.12065261009561556,1.1112516057479493,0.1,5,3.0,4.0,0.1,2,115.18556817548347,0.0,0.28930886331521133,0.0,2,0.0,-0.20576709547616173,524288.0,5242880.0,3,,290.8815808567079,0.128125,3.672711133956909,162.07542521607596,10,2
288.77808849571164,2,1.0,0.0,0.0,0.0,0.0,0.0,0.0,0.0,100000000.0,0.0,0.0,0.0,0.0,0.0,0.0,0.0,0.0,0.0,132.9507129266858,0.42172880142239744,0.42172880142239744,84,0.0,288.77808849571164,False,0.1383919273477493,1.2746367556065703,0.1,5,3.0,4.0,0.1,2,132.37791166693037,0.0,0.541592949948153,0.0,2,0.0,-0.28006036438507337,524288.0,5242880.0,1,,421.72880142239745,0.103125,3.6287825107574463,288.77808849571164,10,2
336.4152542546926,2,1.0,0.0,0.0,0.0,0.0,0.0,0.0,0.0,100000000.0,0.0,0.0,0.0,0.0,0.0,0.0,0.0,0.0,0.0,135.20721858367324,0.46801189633538715,0.46801189633538715,84,0.0,336.4152542546926,False,0.11277587956395072,1.038704236532979,0.1,5,3.0,4.0,0.1,2,144.69395486631154,0.0,0.5698947861717147,0.0,2,0.0,-0.2903938879496689,524288.0,5242880.0,2,,468.0118963353871,0.121875,3.70550537109375,336.4152542546927,10,2
144.52630921559623,2,1.0,0.0,0.0,0.0,0.0,0.0,0.0,0.0,100000000.0,0.0,0.0,0.0,0.0,0.0,0.0,0.0,0.0,0.0,112.68074531108141,0.2524179940793126,0.2524179940793126,84,0.0,144.52630921559623,False,0.12065261009561556,1.1112516057479493,0.1,5,3.0,4.0,0.1,2,103.48229770245612,0.0,0.2839898959290032,0.0,2,0.0,-0.18653530208746408,524288.0,5242880.0,3,,252.4179940793126,0.1421875,3.6540774405002594,144.52630921559623,10,2
208.83289053683038,2,1.0,0.0,0.0,0.0,0.0,0.0,0.0,0.0,100000000.0,0.0,0.0,0.0,0.0,0.0,0.0,0.0,0.0,0.0,147.98377826809883,0.35681666880492924,0.35681666880492924,85,0.0,208.83289053683038,False,0.1383919273477493,1.2746367556065703,0.1,5,3.0,4.0,0.1,2,120.4637941870657,0.0,0.4231569851023043,0.0,2,0.0,-0.24760429807633927,524288.0,5242880.0,1,,356.81666880492924,0.1234375,3.5908367931842804,208.83289053683038,10,2
489.5643255788558,2,1.0,0.0,0.0,0.0,0.0,0.0,0.0,0.0,100000000.0,0.0,0.0,0.0,0.0,0.0,0.0,0.0,0.0,0.0,120.43045647442341,0.6099947820532792,0.6099947820532792,85,0.0,489.5643255788558,False,0.11277587956395072,1.038704236532979,0.1,5,3.0,4.0,0.1,2,184.5939494340279,0.0,0.6229424004378467,0.0,2,0.0,-0.36138533080861496,524288.0,5242880.0,2,,609.9947820532792,0.11875,3.75994336605072,489.56432557885574,10,2
146.11259119060082,2,1.0,0.0,0.0,0.0,0.0,0.0,0.0,0.0,100000000.0,0.0,0.0,0.0,0.0,0.0,0.0,0.0,0.0,0.0,149.60639085620642,0.29571898204680724,0.29571898204680724,85,0.0,146.11259119060082,False,0.12065261009561556,1.1112516057479493,0.1,5,3.0,4.0,0.1,2,110.2494951840897,0.0,0.24544836084474386,0.0,2,0.0,-0.2081857960712114,524288.0,5242880.0,3,,295.71898204680724,0.140625,3.591527760028839,146.11259119060085,10,2
227.7185502913347,2,1.0,0.0,0.0,0.0,0.0,0.0,0.0,0.0,100000000.0,0.0,0.0,0.0,0.0,0.0,0.0,0.0,0.0,0.0,109.97841274365783,0.3248593737822524,0.3248593737822524,86,0.0,227.7185502913347,False,0.1383919273477493,1.2746367556065703,0.1,5,3.0,4.0,0.1,2,146.6674028158301,0.0,0.3559268551982733,0.0,2,0.0,-0.23162565056500084,524288.0,5242880.0,1,,324.85937378225236,0.1671875,3.509584754705429,227.71855029133474,10,2
163.51044308216964,2,1.0,0.0,0.0,0.0,0.0,0.0,0.0,0.0,100000000.0,0.0,0.0,0.0,0.0,0.0,0.0,0.0,0.0,0.0,141.00534422323108,0.30257107121692695,0.30257107121692695,86,0.0,163.51044308216964,False,0.11277587956395072,1.038704236532979,0.1,5,3.0,4.0,0.1,2,121.32984756179331,0.0,0.25796881670230154,0.0,2,0.0,-0.20767347539043884,524288.0,5242880.0,2,,302.57107121692695,0.1078125,3.6863394379615784,163.51044308216967,10,2
134.11525692001058,2,1.0,0.0,0.0,0.0,0.0,0.0,0.0,0.0,100000000.0,0.0,0.0,0.0,0.0,0.0,0.0,0.0,0.0,0.0,117.67636938020587,0.2504920848566301,0.2504920848566301,86,0.0,134.11525692001058,False,0.12065261009561556,1.1112516057479493,0.1,5,3.0,4.0,0.1,2,107.07953755913,0.0,0.20158571054302418,0.0,2,0.0,-0.18557234747612283,524288.0,5242880.0,3,,250.4920848566301,0.125,3.7041081190109253,134.11525692001058,10,2
162.5284925305342,2,1.0,0.0,0.0,0.0,0.0,0.0,0.0,0.0,100000000.0,0.0,0.0,0.0,0.0,0.0,0.0,0.0,0.0,0.0,144.3457962013781,0.2909468631462252,0.2909468631462252,87,0.0,162.5284925305342,False,0.1383919273477493,1.2746367556065703,0.1,5,3.0,4.0,0.1,2,123.01158478643755,0.0,0.2431383391848824,0.0,2,0.0,-0.21466939524698725,524288.0,5242880.0,1,,290.9468631462252,0.1390625,3.5788955986499786,162.52849253053424,10,2
208.40381159424336,2,1.0,0.0,0.0,0.0,0.0,0.0,0.0,0.0,100000000.0,0.0,0.0,0.0,0.0,0.0,0.0,0.0,0.0,0.0,119.20812726020813,0.32588405095949324,0.32588405095949324,87,0.0,208.40381159424336,False,0.11277587956395072,1.038704236532979,0.1,5,3.0,4.0,0.1,2,128.1521088006632,0.0,0.38507790322869956,0.0,2,0.0,-0.219329965261722,524288.0,5242880.0,2,,325.88405095949327,0.10625,3.7057729959487915,208.40381159424336,10,2
200.56152057571867,2,1.0,0.0,0.0,0.0,0.0,0.0,0.0,0.0,100000000.0,0.0,0.0,0.0,0.0,0.0,0.0,0.0,0.0,0.0,131.06129551306367,0.3181245396166907,0.3181245396166907,87,0.0,200.56152057571867,False,0.12065261009561556,1.1112516057479493,0.1,5,3.0,4.0,0.1,2,128.00699359332492,0.0,0.3617569650156396,0.0,2,0.0,-0.21938857485615312,524288.0,5242880.0,3,,318.1245396166907,0.1328125,3.6944863498210907,200.56152057571867,10,2
182.9213748448576,2,1.0,0.0,0.0,0.0,0.0,0.0,0.0,0.0,100000000.0,0.0,0.0,0.0,0.0,0.0,0.0,0.0,0.0,0.0,125.34174369648099,0.3082631185413386,0.3082631185413386,88,0.0,182.9213748448576,False,0.1383919273477493,1.2746367556065703,0.1,5,3.0,4.0,0.1,2,120.26716155829251,0.0,0.3425199123924388,0.0,2,0.0,-0.22332752294454394,524288.0,5242880.0,1,,308.2631185413386,0.109375,3.585499733686447,182.92137484485764,10,2
234.0283929002871,2,1.0,0.0,0.0,0.0,0.0,0.0,0.0,0.0,100000000.0,0.0,0.0,0.0,0.0,0.0,0.0,0.0,0.0,0.0,131.67523965239525,0.3657036325526824,0.3657036325526824,88,0.0,234.0283929002871,False,0.11277587956395072,1.038704236532979,0.1,5,3.0,4.0,0.1,2,133.8972374458047,0.0,0.42785900554017586,0.0,2,0.0,-0.23923975605831654,524288.0,5242880.0,2,,365.7036325526824,0.1453125,3.69313907623291,234.02839290028714,10,2
179.02617667419386,2,1.0,0.0,0.0,0.0,0.0,0.0,0.0,0.0,100000000.0,0.0,0.0,0.0,0.0,0.0,0.0,0.0,0.0,0.0,132.9063130542636,0.3119324897284575,0.3119324897284575,88,0.0,179.02617667419386,False,0.12065261009561556,1.1112516057479493,0.1,5,3.0,4.0,0.1,2,124.83634267231244,0.0,0.3026922375742873,0.0,2,0.0,-0.21629254991203653,524288.0,5242880.0,3,,311.9324897284575,0.109375,3.7101104259490967,179.0261766741939,10,2
161.39214577327425,2,1.0,0.0,0.0,0.0,0.0,0.0,0.0,0.0,100000000.0,0.0,0.0,0.0,0.0,0.0,0.0,0.0,0.0,0.0,108.77975914627314,0.2700016372668272,0.2700016372668272,89,0.0,161.39214577327425,False,0.1383919273477493,1.2746367556065703,0.1,5,3.0,4.0,0.1,2,123.42749151762683,0.0,0.23523235330782863,0.0,2,0.0,-0.20419678230728824,524288.0,5242880.0,1,,270.0016372668272,0.1375,3.5806071758270264,161.39214577327425,10,2
244.258489478028,2,1.0,0.0,0.0,0.0,0.0,0.0,0.0,0.0,100000000.0,0.0,0.0,0.0,0.0,0.0,0.0,0.0,0.0,0.0,145.6719096750021,0.38775299956986925,0.38775299956986925,89,0.0,244.258489478028,False,0.11277587956395072,1.038704236532979,0.1,5,3.0,4.0,0.1,2,132.15914623322232,0.0,0.4589373474156748,0.0,2,0.0,-0.25026443956690997,524288.0,5242880.0,2,,387.75299956986925,0.1296875,3.6916622817516327,244.25848947802803,10,2
145.38926129138014,2,1.0,0.0,0.0,0.0,0.0,0.0,0.0,0.0,100000000.0,0.0,0.0,0.0,0.0,0.0,0.0,0.0,0.0,0.0,121.33033713325858,0.24257216240188023,0.24257216240188023,89,0.0,145.38926129138014,False,0.12065261009561556,1.1112516057479493,0.1,5,3.0,4.0,0.1,2,105.23357558930034,0.0,0.27619430311020193,0.0,2,0.0,-0.1816123862487479,524288.0,5242880.0,3,,242.57216240188023,0.1015625,3.7570594549179077,145.38926129138014,10,2
245.6670128948128,2,1.0,0.0,0.0,0.0,0.0,0.0,0.0,0.0,100000000.0,0.0,0.0,0.0,0.0,0.0,0.0,0.0,0.0,0.0,146.4862865395844,0.38125079453206423,0.38125079453206423,90,0.0,245.6670128948128,False,0.1383919273477493,1.2746367556065703,0.1,5,3.0,4.0,0.1,2,133.10839981599054,0.0,0.45817552691543684,0.0,2,0.0,-0.25982136093990676,524288.0,5242880.0,1,0.0984375,381.2507945320642,0.165625,3.4835340082645416,245.6670128948128,10,2
525.8870942546774,2,1.0,0.0,0.0,0.0,0.0,0.0,0.0,0.0,100000000.0,0.0,0.0,0.0,0.0,0.0,0.0,0.0,0.0,0.0,109.01561751961708,0.6242102280287791,0.6242102280287791,90,0.0,525.8870942546774,False,0.11277587956395072,1.038704236532979,0.1,5,3.0,4.0,0.1,2,186.0117647121848,0.0,0.6462895424809517,0.0,2,0.0,-0.36849305379636493,524288.0,5242880.0,2,0.0984375,624.2102280287792,0.11875,3.665869653224945,525.8870942546774,10,2
149.7212050609727,2,1.0,0.0,0.0,0.0,0.0,0.0,0.0,0.0,100000000.0,0.0,0.0,0.0,0.0,0.0,0.0,0.0,0.0,0.0,146.7867298051715,0.29650793486614424,0.29650793486614424,90,0.0,149.7212050609727,False,0.12065261009561556,1.1112516057479493,0.1,5,3.0,4.0,0.1,2,113.43536185372494,0.0,0.24235607235775758,0.0,2,0.0,-0.2085802724808799,524288.0,5242880.0,3,0.0984375,296.50793486614424,0.1078125,3.741440623998642,149.72120506097272,10,2
153.33696162860403,2,1.0,0.0,0.0,0.0,0.0,0.0,0.0,0.0,100000000.0,0.0,0.0,0.0,0.0,0.0,0.0,0.0,0.0,0.0,129.49085840955377,0.2791346668877781,0.2791346668877781,91,0.0,153.33696162860403,False,0.1383919273477493,1.2746367556065703,0.1,5,3.0,4.0,0.1,2,118.60926393802887,0.0,0.2264796257975215,0.0,2,0.0,-0.2087632971177637,524288.0,5242880.0,1,,279.1346668877781,0.1203125,3.7542836666107178,153.33696162860403,10,2
124.30660266111003,2,1.0,0.0,0.0,0.0,0.0,0.0,0.0,0.0,100000000.0,0.0,0.0,0.0,0.0,0.0,0.0,0.0,0.0,0.0,130.4315635934472,0.2536194113852933,0.2536194113852933,91,0.0,124.30660266111003,False,0.11277587956395072,1.038704236532979,0.1,5,3.0,4.0,0.1,2,113.30464783791058,0.0,0.08850660051577024,0.0,2,0.0,-0.18319764547462203,524288.0,5242880.0,2,,253.61941138529332,0.109375,3.866354078054428,124.30660266111005,10,2
225.59903321097704,2,1.0,0.0,0.0,0.0,0.0,0.0,0.0,0.0,100000000.0,0.0,0.0,0.0,0.0,0.0,0.0,0.0,0.0,0.0,135.05607657134533,0.3580517535215161,0.3580517535215161,91,0.0,225.59903321097704,False,0.12065261009561556,1.1112516057479493,0.1,5,3.0,4.0,0.1,2,141.15847538685992,0.0,0.3742948567742731,0.0,2,0.0,-0.23935218180856582,524288.0,5242880.0,3,,358.0517535215161,0.1140625,3.72176930308342,225.59903321097704,10,2
225.45753309899152,2,1.0,0.0,0.0,0.0,0.0,0.0,0.0,0.0,100000000.0,0.0,0.0,0.0,0.0,0.0,0.0,0.0,0.0,0.0,124.21588599681854,0.3464297198916334,0.3464297198916334,92,0.0,225.45753309899152,False,0.1383919273477493,1.2746367556065703,0.1,5,3.0,4.0,0.1,2,131.5918374917817,0.0,0.4163342617875459,0.0,2,0.0,-0.24241082361969135,524288.0,5242880.0,1,,346.4297198916334,0.1484375,3.5496685206890106,225.45753309899152,10,2
218.95492723669932,2,1.0,0.0,0.0,0.0,0.0,0.0,0.0,0.0,100000000.0,0.0,0.0,0.0,0.0,0.0,0.0,0.0,0.0,0.0,126.1457628570497,0.345100690093749,0.345100690093749,92,0.0,218.95492723669932,False,0.11277587956395072,1.038704236532979,0.1,5,3.0,4.0,0.1,2,123.75319398894165,0.0,0.43480059777253,0.0,2,0.0,-0.22893828482884987,524288.0,5242880.0,2,,345.100690093749,0.11875,3.6768600940704346,218.95492723669932,10,2
187.85710496676526,2,1.0,0.0,0.0,0.0,0.0,0.0,0.0,0.0,100000000.0,0.0,0.0,0.0,0.0,0.0,0.0,0.0,0.0,0.0,146.5992988087237,0.334456403775489,0.334456403775489,92,0.0,187.85710496676526,False,0.12065261009561556,1.1112516057479493,0.1,5,3.0,4.0,0.1,2,116.87203363693116,0.0,0.3778673760696591,0.0,2,0.0,-0.2275545069355523,524288.0,5242880.0,3,,334.45640377548904,0.1765625,3.575594276189804,187.8571049667653,10,2
156.63578583859731,2,1.0,0.0,0.0,0.0,0.0,0.0,0.0,0.0,100000000.0,0.0,0.0,0.0,0.0,0.0,0.0,0.0,0.0,0.0,98.70296670123935,0.2532064629625611,0.2532064629625611,93,0.0,156.63578583859731,False,0.1383919273477493,1.2746367556065703,0.1,5,3.0,4.0,0.1,2,114.98062490620816,0.0,0.26593642512389853,0.0,2,0.0,-0.1957991951551552,524288.0,5242880.0,1,,253.20646296256112,0.159375,3.4334821105003357,156.63578583859731,10,2
196.41198646710504,2,1.0,0.0,0.0,0.0,0.0,0.0,0.0,0.0,100000000.0,0.0,0.0,0.0,0.0,0.0,0.0,0.0,0.0,0.0,148.04857363924384,0.3444605601063489,0.3444605601063489,93,0.0,196.41198646710504,False,0.11277587956395072,1.038704236532979,0.1,5,3.0,4.0,0.1,2,126.45674490986816,0.0,0.3561658471844484,0.0,2,0.0,-0.2286182198351498,524288.0,5242880.0,2,,344.4605601063489,0.1578125,3.6185800433158875,196.41198646710507,10,2
216.2941608031489,2,1.0,0.0,0.0,0.0,0.0,0.0,0.0,0.0,100000000.0,0.0,0.0,0.0,0.0,0.0,0.0,0.0,0.0,0.0,115.17711076885462,0.3271072113339998,0.3271072113339998,93,0.0,216.2941608031489,False,0.12065261009561556,1.1112516057479493,0.1,5,3.0,4.0,0.1,2,127.49807368893337,0.0,0.4105339080097941,0.0,2,0.0,-0.22387991071480767,524288.0,5242880.0,3,,327.10721133399977,0.146875,3.590654343366623,216.2941608031489,10,2
139.72468115731422,2,1.0,0.0,0.0,0.0,0.0,0.0,0.0,0.0,100000000.0,0.0,0.0,0.0,0.0,0.0,0.0,0.0,0.0,0.0,134.45231365039945,0.26916776247277185,0.26916776247277185,94,0.0,139.72468115731422,False,0.1383919273477493,1.2746367556065703,0.1,5,3.0,4.0,0.1,2,115.3185985836163,0.0,0.17467266607121068,0.0,2,0.0,-0.20377984491026058,524288.0,5242880.0,1,,269.16776247277187,0.159375,3.4266926050186157,139.72468115731422,10,2
212.5490395280807,2,1.0,0.0,0.0,0.0,0.0,0.0,0.0,0.0,100000000.0,0.0,0.0,0.0,0.0,0.0,0.0,0.0,0.0,0.0,114.21476071700454,0.3258579145755076,0.3258579145755076,94,0.0,212.5490395280807,False,0.11277587956395072,1.038704236532979,0.1,5,3.0,4.0,0.1,2,150.1198058087016,0.0,0.29371684698265277,0.0,2,0.0,-0.21931689706972918,524288.0,5242880.0,2,,325.8579145755076,0.153125,3.559258997440338,212.54903952808067,10,2
234.80851523008153,2,1.0,0.0,0.0,0.0,0.0,0.0,0.0,0.0,100000000.0,0.0,0.0,0.0,0.0,0.0,0.0,0.0,0.0,0.0,131.64174696430564,0.34524201549019623,0.34524201549019623,94,0.0,234.80851523008153,False,0.12065261009561556,1.1112516057479493,0.1,5,3.0,4.0,0.1,2,133.18159774382033,0.0,0.4328076321537154,0.0,2,0.0,-0.2329473127929059,524288.0,5242880.0,3,,345.24201549019625,0.1546875,3.5513082146644592,234.80851523008155,10,2
147.7059045071827,2,1.0,0.0,0.0,0.0,0.0,0.0,0.0,0.0,100000000.0,0.0,0.0,0.0,0.0,0.0,0.0,0.0,0.0,0.0,137.33110530301929,0.285037009810202,0.285037009810202,95,0.0,147.7059045071827,False,0.1383919273477493,1.2746367556065703,0.1,5,3.0,4.0,0.1,2,114.17124984257752,0.0,0.2270366562290978,0.0,2,0.0,-0.21171446857897566,524288.0,5242880.0,1,,285.03700981020205,0.1578125,3.391026645898819,147.70590450718274,10,2
151.92688213744,2,1.0,0.0,0.0,0.0,0.0,0.0,0.0,0.0,100000000.0,0.0,0.0,0.0,0.0,0.0,0.0,0.0,0.0,0.0,115.27719674631953,0.252782774814118,0.252782774814118,95,0.0,151.92688213744,False,0.11277587956395072,1.038704236532979,0.1,5,3.0,4.0,0.1,2,123.11129780967109,0.0,0.18966745004153399,0.0,2,0.0,-0.18277932718903434,524288.0,5242880.0,2,,252.78277481411797,0.15,3.5745583176612854,151.92688213744003,10,2
164.05655487236064,2,1.0,0.0,0.0,0.0,0.0,0.0,0.0,0.0,100000000.0,0.0,0.0,0.0,0.0,0.0,0.0,0.0,0.0,0.0,150.8965976536274,0.31336426466791145,0.31336426466791145,95,0.0,164.05655487236064,False,0.12065261009561556,1.1112516057479493,0.1,5,3.0,4.0,0.1,2,124.05915619371802,0.0,0.24380250280009483,0.0,2,0.0,-0.2170084373817635,524288.0,5242880.0,3,,313.36426466791147,0.1484375,3.5892316699028015,164.05655487236064,10,2
127.90592474592479,2,1.0,0.0,0.0,0.0,0.0,0.0,0.0,0.0,100000000.0,0.0,0.0,0.0,0.0,0.0,0.0,0.0,0.0,0.0,108.82668429985642,0.23673260904578125,0.23673260904578125,96,0.0,127.90592474592479,False,0.1383919273477493,1.2746367556065703,0.1,5,3.0,4.0,0.1,2,109.01394857213262,0.0,0.14770211943910827,0.0,2,0.0,-0.18756226819676527,524288.0,5242880.0,1,,236.73260904578126,0.134375,3.541025310754776,127.90592474592482,10,2
183.70717955187058,2,1.0,0.0,0.0,0.0,0.0,0.0,0.0,0.0,100000000.0,0.0,0.0,0.0,0.0,0.0,0.0,0.0,0.0,0.0,126.69817218557,0.3092621653842935,0.3092621653842935,96,0.0,183.70717955187058,False,0.11277587956395072,1.038704236532979,0.1,5,3.0,4.0,0.1,2,111.97503634076291,0.0,0.39047000441729474,0.0,2,0.0,-0.21101902247412213,524288.0,5242880.0,2,,309.2621653842935,0.1515625,3.539410173892975,183.70717955187058,10,2
215.53108921543557,2,1.0,0.0,0.0,0.0,0.0,0.0,0.0,0.0,100000000.0,0.0,0.0,0.0,0.0,0.0,0.0,0.0,0.0,0.0,135.45264909043908,0.3267137490798613,0.3267137490798613,96,0.0,215.53108921543557,False,0.12065261009561556,1.1112516057479493,0.1,5,3.0,4.0,0.1,2,129.79544289498347,0.0,0.3977878394831219,0.0,2,0.0,-0.22368317958773842,524288.0,5242880.0,3,,326.71374907986126,0.159375,3.509569227695465,215.53108921543563,10,2
254.62970155676805,2,1.0,0.0,0.0,0.0,0.0,0.0,0.0,0.0,100000000.0,0.0,0.0,0.0,0.0,0.0,0.0,0.0,0.0,0.0,134.14465775713325,0.3853012441602906,0.3853012441602906,97,0.0,254.62970155676805,False,0.1383919273477493,1.2746367556065703,0.1,5,3.0,4.0,0.1,2,129.86744199024534,0.0,0.48997528098153853,0.0,2,0.0,-0.26184658575402,524288.0,5242880.0,1,,385.3012441602906,0.1765625,3.395715981721878,254.62970155676805,10,2
125.77341494146866,2,1.0,0.0,0.0,0.0,0.0,0.0,0.0,0.0,100000000.0,0.0,0.0,0.0,0.0,0.0,0.0,0.0,0.0,0.0,126.95964518934488,0.2514739827904491,0.2514739827904491,97,0.0,125.77341494146866,False,0.11277587956395072,1.038704236532979,0.1,5,3.0,4.0,0.1,2,112.79081863154231,0.0,0.10322210234943589,0.0,2,0.0,-0.1821249311771999,524288.0,5242880.0,2,,251.47398279044907,0.140625,3.6348667442798615,125.77341494146866,10,2
167.55281521375784,2,1.0,0.0,0.0,0.0,0.0,0.0,0.0,0.0,100000000.0,0.0,0.0,0.0,0.0,0.0,0.0,0.0,0.0,0.0,136.24349189922214,0.30379630711298,0.30379630711298,97,0.0,167.55281521375784,False,0.12065261009561556,1.1112516057479493,0.1,5,3.0,4.0,0.1,2,116.10899641894501,0.0,0.30703046516516397,0.0,2,0.0,-0.21222445860429778,524288.0,5242880.0,3,,303.79630711298,0.1390625,3.6041630506515503,167.55281521375784,10,2
250.71758403682205,2,1.0,0.0,0.0,0.0,0.0,0.0,0.0,0.0,100000000.0,0.0,0.0,0.0,0.0,0.0,0.0,0.0,0.0,0.0,134.77263366803527,0.38549021770485736,0.38549021770485736,98,0.0,250.71758403682205,False,0.1383919273477493,1.2746367556065703,0.1,5,3.0,4.0,0.1,2,157.22605365216305,0.0,0.3728957852869554,0.0,2,0.0,-0.26194107252630333,524288.0,5242880.0,1,,385.49021770485734,0.1421875,3.483389586210251,250.7175840368221,10,2
134.9613074868883,2,1.0,0.0,0.0,0.0,0.0,0.0,0.0,0.0,100000000.0,0.0,0.0,0.0,0.0,0.0,0.0,0.0,0.0,0.0,115.7963564619422,0.2507576639488305,0.2507576639488305,98,0.0,134.9613074868883,False,0.11277587956395072,1.038704236532979,0.1,5,3.0,4.0,0.1,2,112.092714502785,0.0,0.16944555006126497,0.0,2,0.0,-0.1817667717563906,524288.0,5242880.0,2,,250.75766394883047,0.134375,3.637004405260086,134.96130748688827,10,2
228.57162558583732,2,1.0,0.0,0.0,0.0,0.0,0.0,0.0,0.0,100000000.0,0.0,0.0,0.0,0.0,0.0,0.0,0.0,0.0,0.0,143.4220541268587,0.36978777327684875,0.36978777327684875,98,0.0,228.57162558583732,False,0.12065261009561556,1.1112516057479493,0.1,5,3.0,4.0,0.1,2,135.59379267336064,0.0,0.40677766837494,0.0,2,0.0,-0.24522019168623216,524288.0,5242880.0,3,,369.7877732768487,0.134375,3.6459705531597137,228.5716255858373,10,2
164.54602463427378,2,1.0,0.0,0.0,0.0,0.0,0.0,0.0,0.0,100000000.0,0.0,0.0,0.0,0.0,0.0,0.0,0.0,0.0,0.0,100.57322261855006,0.2651192472528239,0.2651192472528239,99,0.0,164.54602463427378,False,0.1383919273477493,1.2746367556065703,0.1,5,3.0,4.0,0.1,2,119.95562177700631,0.0,0.27099045969889446,0.0,2,0.0,-0.2017555873002866,524288.0,5242880.0,1,,265.11924725282387,0.1171875,3.5872215032577515,164.54602463427378,10,2
151.36749515708453,2,1.0,0.0,0.0,0.0,0.0,0.0,0.0,0.0,100000000.0,0.0,0.0,0.0,0.0,0.0,0.0,0.0,0.0,0.0,140.4115855693817,0.29177908072646624,0.29177908072646624,99,0.0,151.36749515708453,False,0.11277587956395072,1.038704236532979,0.1,5,3.0,4.0,0.1,2,115.7040878461621,0.0,0.23560809587231424,0.0,2,0.0,-0.20227748014520847,524288.0,5242880.0,2,,291.77908072646625,0.1140625,3.7580347657203674,151.36749515708453,10,2
146.6038612916903,2,1.0,0.0,0.0,0.0,0.0,0.0,0.0,0.0,100000000.0,0.0,0.0,0.0,0.0,0.0,0.0,0.0,0.0,0.0,118.60667867586017,0.2614166391350166,0.2614166391350166,99,0.0,146.6038612916903,False,0.12065261009561556,1.1112516057479493,0.1,5,3.0,4.0,0.1,2,115.2257603573916,0.0,0.21403325026935863,0.0,2,0.0,-0.1910346246153161,524288.0,5242880.0,3,,261.4166391350166,0.15625,3.5341640412807465,146.6038612916903,10,2
171.77772814524027,7,1.0,0.0,0.0,0.0,0.0,0.0,0.0,0.0,100000000.0,0.0,0.0,0.0,0.0,0.0,0.0,0.0,0.0,0.0,146.99456840753555,0.31877229655277584,0.31877229655277584,100,0.0,171.77772814524027,False,0.1383919273477493,1.2746367556065703,0.1,5,3.0,4.0,0.1,2,128.3992940216878,0.0,0.2525265329325781,0.0,2,0.0,-0.22858211195026257,524288.0,5242880.0,1,0.1046875,318.77229655277586,0.153125,3.473315119743347,171.7777281452403,10,2
1351.5173273229357,2,1.0,0.0,0.0,0.0,0.0,0.0,0.0,0.0,20000000.0,0.0,0.0,0.0,0.0,0.0,0.0,0.0,0.0,0.0,129.19718818739057,1.4728889145956692,1.4728889145956692,100,0.0,1351.5173273229357,False,0.11277587956395072,1.038704236532979,0.1,5,3.0,4.0,0.1,2,680.1194835244021,0.0,0.49677338960087764,0.0,2,0.0,-0.7928323970798099,524288.0,5242880.0,2,0.1046875,1472.8889145956691,0.165625,3.6284114122390747,1351.5173273229357,10,2
163.35667432864784,2,1.0,0.0,0.0,0.0,0.0,0.0,0.0,0.0,100000000.0,0.0,0.0,0.0,0.0,0.0,0.0,0.0,0.0,0.0,130.2090585231781,0.2935657328518259,0.2935657328518259,100,0.0,163.35667432864784,False,0.12065261009561556,1.1112516057479493,0.1,5,3.0,4.0,0.1,2,118.88517938418919,0.0,0.27223555527941895,0.0,2,0.0,-0.20710917147372074,524288.0,5242880.0,3,0.1046875,293.5657328518259,0.15,3.6471318304538727,163.3566743286478,10,2
357.36657184816414,7,1.0,0.0,0.0,0.0,0.0,0.0,0.0,0.0,100000000.0,0.0,0.0,0.0,0.0,0.0,0.0,0.0,0.0,0.0,134.9796187132597,0.4886676126093369,0.4886676126093369,101,0.0,357.36657184816414,False,0.1383919273477493,1.2746367556065703,0.1,5,3.0,4.0,0.1,2,163.87714583084212,0.0,0.541431239683858,0.0,2,0.0,-0.3135297699785431,524288.0,5242880.0,1,,488.6676126093369,0.140625,3.5703417360782623,357.36657184816414,10,2
671.1103681155118,2,1.0,0.0,0.0,0.0,0.0,0.0,0.0,0.0,20000000.0,0.0,0.0,0.0,0.0,0.0,0.0,0.0,0.0,0.0,126.97216542437673,0.7970800444163951,0.7970800444163951,101,0.0,671.1103681155118,False,0.11277587956395072,1.038704236532979,0.1,5,3.0,4.0,0.1,2,583.5986638148477,0.0,0.13039837925079048,0.0,2,0.0,-0.45492796199017294,524288.0,5242880.0,2,,797.0800444163951,0.128125,3.715189278125763,671.1103681155118,10,2
181.25607085666343,2,1.0,0.0,0.0,0.0,0.0,0.0,0.0,0.0,100000000.0,0.0,0.0,0.0,0.0,0.0,0.0,0.0,0.0,0.0,136.1147197894752,0.2939942077404356,0.2939942077404356,101,0.0,181.25607085666343,False,0.12065261009561556,1.1112516057479493,0.1,5,3.0,4.0,0.1,2,136.75918689040552,0.0,0.24549182687208243,0.0,2,0.0,-0.2073234089180256,524288.0,5242880.0,3,,293.9942077404356,0.1328125,3.6813471913337708,181.25607085666343,10,2
152.56527527111467,7,1.0,0.0,0.0,0.0,0.0,0.0,0.0,0.0,100000000.0,0.0,0.0,0.0,0.0,0.0,0.0,0.0,0.0,0.0,135.66589960828424,0.28823117487939887,0.28823117487939887,102,0.0,152.56527527111467,False,0.1383919273477493,1.2746367556065703,0.1,5,3.0,4.0,0.1,2,119.37720885603485,0.0,0.21753355313719502,0.0,2,0.0,-0.21331155111357408,524288.0,5242880.0,1,,288.23117487939885,0.1765625,3.4122234284877777,152.56527527111467,10,2
783.0421489145845,2,1.0,0.0,0.0,0.0,0.0,0.0,0.0,0.0,20000000.0,0.0,0.0,0.0,0.0,0.0,0.0,0.0,0.0,0.0,115.17257476225495,0.8982147236768393,0.8982147236768393,102,0.0,783.0421489145845,False,0.11277587956395072,1.038704236532979,0.1,5,3.0,4.0,0.1,2,588.8266242370064,0.0,0.24802691010540154,0.0,2,0.0,-0.505495301620395,524288.0,5242880.0,2,,898.2147236768393,0.1359375,3.5967555344104767,783.0421489145843,10,2
251.37256841358086,2,1.0,0.0,0.0,0.0,0.0,0.0,0.0,0.0,100000000.0,0.0,0.0,0.0,0.0,0.0,0.0,0.0,0.0,0.0,141.61556353792548,0.3915601508803322,0.3915601508803322,102,0.0,251.37256841358086,False,0.12065261009561556,1.1112516057479493,0.1,5,3.0,4.0,0.1,2,135.2500934613631,0.0,0.46195364786647114,0.0,2,0.0,-0.25610638048797385,524288.0,5242880.0,3,,391.5601508803322,0.14375,3.5849675834178925,251.37256841358086,10,2
183.34743765628178,7,1.0,0.0,0.0,0.0,0.0,0.0,0.0,0.0,100000000.0,0.0,0.0,0.0,0.0,0.0,0.0,0.0,0.0,0.0,106.41020443290472,0.28624377971029125,0.28624377971029125,103,0.0,183.34743765628178,False,0.1383919273477493,1.2746367556065703,0.1,5,3.0,4.0,0.1,2,122.33322040192766,0.0,0.3327792197932779,0.0,2,0.0,-0.21231785352902027,524288.0,5242880.0,1,,286.2437797102912,0.1515625,3.4906376898288727,183.3474376562818,10,2
1804.9614518469573,2,1.0,0.0,0.0,0.0,0.0,0.0,0.0,0.0,20000000.0,0.0,0.0,0.0,0.0,0.0,0.0,0.0,0.0,0.0,150.4423371516168,1.955403788998574,1.955403788998574,103,0.0,1804.9614518469573,False,0.11277587956395072,1.038704236532979,0.1,5,3.0,4.0,0.1,2,688.1703524078482,0.0,0.6187340445948769,0.0,2,0.0,-1.0340898342812623,524288.0,5242880.0,2,,1955.403788998574,0.1265625,3.7120264768600464,1804.9614518469573,10,2
182.66494259451758,2,1.0,0.0,0.0,0.0,0.0,0.0,0.0,0.0,100000000.0,0.0,0.0,0.0,0.0,0.0,0.0,0.0,0.0,0.0,119.17469650506973,0.2974647228044184,0.2974647228044184,103,0.0,182.66494259451758,False,0.12065261009561556,1.1112516057479493,0.1,5,3.0,4.0,0.1,2,128.41229322142976,0.0,0.29700635821247134,0.0,2,0.0,-0.20905866645001697,524288.0,5242880.0,3,,297.4647228044184,0.1578125,3.4919790029525757,182.66494259451758,10,2
125.50499899407336,7,1.0,0.0,0.0,0.0,0.0,0.0,0.0,0.0,100000000.0,0.0,0.0,0.0,0.0,0.0,0.0,0.0,0.0,0.0,150.92545095831156,0.2666086699264259,0.2666086699264259,104,0.0,125.50499899407336,False,0.1383919273477493,1.2746367556065703,0.1,5,3.0,4.0,0.1,2,111.2485843098355,0.0,0.11359240507153895,0.0,2,0.0,-0.2025002986370876,524288.0,5242880.0,1,,266.6086699264259,0.15,3.4809807538986206,125.50499899407336,10,2
1019.6416289557708,2,1.0,0.0,0.0,0.0,0.0,0.0,0.0,0.0,20000000.0,0.0,0.0,0.0,0.0,0.0,0.0,0.0,0.0,0.0,120.23540306836367,1.1398770320241347,1.1398770320241347,104,0.0,1019.6416289557708,False,0.11277587956395072,1.038704236532979,0.1,5,3.0,4.0,0.1,2,610.9664136193754,0.0,0.4008027955419252,0.0,2,0.0,-0.6263264557940427,524288.0,5242880.0,2,,1139.8770320241347,0.14375,3.5792980194091797,1019.641628955771,10,2
334.6134751202257,2,1.0,0.0,0.0,0.0,0.0,0.0,0.0,0.0,100000000.0,0.0,0.0,0.0,0.0,0.0,0.0,0.0,0.0,0.0,125.50142826512456,0.4588077432574423,0.4588077432574423,104,0.0,334.6134751202257,False,0.12065261009561556,1.1112516057479493,0.1,5,3.0,4.0,0.1,2,146.11041269608288,0.0,0.5633457001587105,0.0,2,0.0,-0.2897301766765289,524288.0,5242880.0,3,,458.80774325744227,0.1578125,3.5296901166439056,334.6134751202257,10,2
267.24525162696614,7,1.0,0.0,0.0,0.0,0.0,0.0,0.0,0.0,100000000.0,0.0,0.0,0.0,0.0,0.0,0.0,0.0,0.0,0.0,134.43422643467784,0.40167947806164406,0.40167947806164406,105,0.0,267.24525162696614,False,0.1383919273477493,1.2746367556065703,0.1,5,3.0,4.0,0.1,2,136.75183661997826,0.0,0.48829086471155314,0.0,2,0.0,-0.2700357027046967,524288.0,5242880.0,1,,401.67947806164403,0.184375,3.399247705936432,267.2452516269662,10,2
1120.3404951770722,2,1.0,0.0,0.0,0.0,0.0,0.0,0.0,0.0,20000000.0,0.0,0.0,0.0,0.0,0.0,0.0,0.0,0.0,0.0,131.36588549241424,1.2517063806694864,1.2517063806694864,105,0.0,1120.3404951770722,False,0.11277587956395072,1.038704236532979,0.1,5,3.0,4.0,0.1,2,604.0588864063839,0.0,0.4608256248820935,0.0,2,0.0,-0.6822411301167185,524288.0,5242880.0,2,,1251.7063806694864,0.146875,3.605588525533676,1120.3404951770722,10,2
145.29604693811658,2,1.0,0.0,0.0,0.0,0.0,0.0,0.0,0.0,100000000.0,0.0,0.0,0.0,0.0,0.0,0.0,0.0,0.0,0.0,126.43191870301962,0.2717279656411362,0.2717279656411362,105,0.0,145.29604693811658,False,0.12065261009561556,1.1112516057479493,0.1,5,3.0,4.0,0.1,2,116.31937860066547,0.0,0.1994319112466468,0.0,2,0.0,-0.1961902878683759,524288.0,5242880.0,3,,271.7279656411362,0.159375,3.487143874168396,145.29604693811658,10,2
149.6992911727004,7,1.0,0.0,0.0,0.0,0.0,0.0,0.0,0.0,100000000.0,0.0,0.0,0.0,0.0,0.0,0.0,0.0,0.0,0.0,134.8600503988564,0.27957703820687463,0.27957703820687463,106,0.0,149.6992911727004,False,0.1383919273477493,1.2746367556065703,0.1,5,3.0,4.0,0.1,2,121.99019182191853,0.0,0.18509840049152484,0.0,2,0.0,-0.20898448277731196,524288.0,5242880.0,1,,279.57703820687465,0.1328125,3.575493723154068,149.69929117270044,10,2
1149.7710368810892,2,1.0,0.0,0.0,0.0,0.0,0.0,0.0,0.0,20000000.0,0.0,0.0,0.0,0.0,0.0,0.0,0.0,0.0,0.0,135.02286188304424,1.2847938987641336,1.2847938987641336,106,0.0,1149.7710368810892,False,0.11277587956395072,1.038704236532979,0.1,5,3.0,4.0,0.1,2,650.4108378375421,0.0,0.43431273099218937,0.0,2,0.0,-0.6987848891640421,524288.0,5242880.0,2,,1284.7938987641337,0.1609375,3.5991163849830627,1149.7710368810895,10,2
176.38009721257322,2,1.0,0.0,0.0,0.0,0.0,0.0,0.0,0.0,100000000.0,0.0,0.0,0.0,0.0,0.0,0.0,0.0,0.0,0.0,114.54696580767632,0.2909270630202495,0.2909270630202495,106,0.0,176.38009721257322,False,0.12065261009561556,1.1112516057479493,0.1,5,3.0,4.0,0.1,2,120.55544909139851,0.0,0.3165019693457526,0.0,2,0.0,-0.20578983655793254,524288.0,5242880.0,3,,290.92706302024953,0.1375,3.617388427257538,176.38009721257322,10,2
170.8736044039691,7,1.0,0.0,0.0,0.0,0.0,0.0,0.0,0.0,100000000.0,0.0,0.0,0.0,0.0,0.0,0.0,0.0,0.0,0.0,142.18755206093192,0.3115522658137346,0.3115522658137346,107,0.0,170.8736044039691,False,0.1383919273477493,1.2746367556065703,0.1,5,3.0,4.0,0.1,2,123.876326925322,0.0,0.2750411782005777,0.0,2,0.0,-0.22497209658074194,524288.0,5242880.0,1,,311.55226581373455,0.146875,3.467872977256775,170.8736044039691,10,2
837.405881028255,2,1.0,0.0,0.0,0.0,0.0,0.0,0.0,0.0,20000000.0,0.0,0.0,0.0,0.0,0.0,0.0,0.0,0.0,0.0,105.295498855412,0.9377781475182674,0.9377781475182674,107,0.0,837.405881028255,False,0.11277587956395072,1.038704236532979,0.1,5,3.0,4.0,0.1,2,531.626346361764,0.0,0.36515092811507693,0.0,2,0.0,-0.525277013541109,524288.0,5242880.0,2,,937.7781475182674,0.1828125,3.496007561683655,837.405881028255,10,2
146.925204017447,2,1.0,0.0,0.0,0.0,0.0,0.0,0.0,0.0,100000000.0,0.0,0.0,0.0,0.0,0.0,0.0,0.0,0.0,0.0,140.89226257055998,0.287817466588007,0.287817466588007,107,0.0,146.925204017447,False,0.12065261009561556,1.1112516057479493,0.1,5,3.0,4.0,0.1,2,109.34595058114854,0.0,0.2557713204321024,0.0,2,0.0,-0.20423503834181128,524288.0,5242880.0,3,,287.817466588007,0.159375,3.541873574256897,146.92520401744702,10,2
220.95312424951635,7,1.0,0.0,0.0,0.0,0.0,0.0,0.0,0.0,100000000.0,0.0,0.0,0.0,0.0,0.0,0.0,0.0,0.0,0.0,117.95386439189315,0.33890698864140956,0.33890698864140956,108,0.0,220.95312424951635,False,0.1383919273477493,1.2746367556065703,0.1,5,3.0,4.0,0.1,2,141.34156645730718,0.0,0.36030971755939506,0.0,2,0.0,-0.23864945799457943,524288.0,5242880.0,1,,338.90698864140955,0.15,3.447878122329712,220.95312424951638,10,2
657.7294704048682,2,1.0,0.0,0.0,0.0,0.0,0.0,0.0,0.0,20000000.0,0.0,0.0,0.0,0.0,0.0,0.0,0.0,0.0,0.0,147.45126804336905,0.789449784672891,0.789449784672891,108,0.0,657.7294704048682,False,0.11277587956395072,1.038704236532979,0.1,5,3.0,4.0,0.1,2,544.0641401704422,0.0,0.17281471387386482,0.0,2,0.0,-0.45111283211842085,524288.0,5242880.0,2,,789.4497846728909,0.1609375,3.567750573158264,657.7294704048682,10,2
227.9465724951996,2,1.0,0.0,0.0,0.0,0.0,0.0,0.0,0.0,100000000.0,0.0,0.0,0.0,0.0,0.0,0.0,0.0,0.0,0.0,123.99934884160757,0.35194592133680713,0.35194592133680713,108,0.0,227.9465724951996,False,0.12065261009561556,1.1112516057479493,0.1,5,3.0,4.0,0.1,2,117.57111861483831,0.0,0.4842163348724435,0.0,2,0.0,-0.23629926571621135,524288.0,5242880.0,3,,351.94592133680715,0.159375,3.5761815905570984,227.9465724951996,10,2
267.3604405632493,7,1.0,0.0,0.0,0.0,0.0,0.0,0.0,0.0,100000000.0,0.0,0.0,0.0,0.0,0.0,0.0,0.0,0.0,0.0,134.8584070801735,0.40221884764342286,0.40221884764342286,109,0.0,267.3604405632493,False,0.1383919273477493,1.2746367556065703,0.1,5,3.0,4.0,0.1,2,122.28146377006014,0.0,0.542634416997334,0.0,2,0.0,-0.2703053874955861,524288.0,5242880.0,1,,402.21884764342286,0.1578125,3.4762522280216217,267.36044056324937,10,2
626.1889903333741,2,1.0,0.0,0.0,0.0,0.0,0.0,0.0,0.0,20000000.0,0.0,0.0,0.0,0.0,0.0,0.0,0.0,0.0,0.0,135.55742427706718,0.7617464146104412,0.7617464146104412,109,0.0,626.1889903333741,False,0.11277587956395072,1.038704236532979,0.1,5,3.0,4.0,0.1,2,537.7988277320793,0.0,0.1411557276889157,0.0,2,0.0,-0.437261147087196,524288.0,5242880.0,2,,761.7464146104412,0.146875,3.5216798186302185,626.188990333374,10,2
218.86813825386213,2,1.0,0.0,0.0,0.0,0.0,0.0,0.0,0.0,100000000.0,0.0,0.0,0.0,0.0,0.0,0.0,0.0,0.0,0.0,127.1693678572774,0.33044255523400945,0.33044255523400945,109,0.0,218.86813825386213,False,0.12065261009561556,1.1112516057479493,0.1,5,3.0,4.0,0.1,2,131.03562592650985,0.0,0.40130332824175874,0.0,2,0.0,-0.2255475826648125,524288.0,5242880.0,3,,330.44255523400943,0.1453125,3.5329699218273163,218.86813825386213,10,2
154.38111522564716,7,1.0,0.0,0.0,0.0,0.0,0.0,0.0,0.0,100000000.0,0.0,0.0,0.0,0.0,0.0,0.0,0.0,0.0,0.0,126.09042972326279,0.28047154494890997,0.28047154494890997,110,0.0,154.38111522564716,False,0.1383919273477493,1.2746367556065703,0.1,5,3.0,4.0,0.1,2,123.39715970891876,0.0,0.20069783452102608,0.0,2,0.0,-0.20943173614832963,524288.0,5242880.0,1,0.10625,280.47154494891,0.165625,3.323293536901474,154.3811152256472,10,2
722.4208759508026,2,1.0,0.0,0.0,0.0,0.0,0.0,0.0,0.0,20000000.0,0.0,0.0,0.0,0.0,0.0,0.0,0.0,0.0,0.0,135.68098563700914,0.8581018615878118,0.8581018615878118,110,0.0,722.4208759508026,False,0.11277587956395072,1.038704236532979,0.1,5,3.0,4.0,0.1,2,570.8707679785749,0.0,0.2097809089095985,0.0,2,0.0,-0.48543887057588125,524288.0,5242880.0,2,0.10625,858.1018615878118,0.1515625,3.5686739683151245,722.4208759508026,10,2
159.9321107613448,2,1.0,0.0,0.0,0.0,0.0,0.0,0.0,0.0,100000000.0,0.0,0.0,0.0,0.0,0.0,0.0,0.0,0.0,0.0,137.36340729519725,0.29729551805654203,0.29729551805654203,110,0.0,159.9321107613448,False,0.12065261009561556,1.1112516057479493,0.1,5,3.0,4.0,0.1,2,118.1117586463983,0.0,0.26148815216571497,0.0,2,0.0,-0.2089740640760788,524288.0,5242880.0,3,0.10625,297.29551805654205,0.190625,3.4752821922302246,159.93211076134477,10,2
240.63819753064084,7,1.0,0.0,0.0,0.0,0.0,0.0,0.0,0.0,100000000.0,0.0,0.0,0.0,0.0,0.0,0.0,0.0,0.0,0.0,132.838424295187,0.37347662182582786,0.37347662182582786,111,0.0,240.63819753064084,False,0.1383919273477493,1.2746367556065703,0.1,5,3.0,4.0,0.1,2,136.1714460173043,0.0,0.43412372842443114,0.0,2,0.0,-0.2559342745867886,524288.0,5242880.0,1,,373.47662182582786,0.128125,3.585739254951477,240.63819753064084,10,2
613.285538551792,2,1.0,0.0,0.0,0.0,0.0,0.0,0.0,0.0,20000000.0,0.0,0.0,0.0,0.0,0.0,0.0,0.0,0.0,0.0,121.35536596179008,0.7141056664264049,0.7141056664264049,111,0.0,613.285538551792,False,0.11277587956395072,1.038704236532979,0.1,5,3.0,4.0,0.1,2,518.7689314977965,0.0,0.1541151732962533,0.0,2,0.0,-0.41344077299517784,524288.0,5242880.0,2,,714.1056664264049,0.1359375,3.645185500383377,613.2855385517921,10,2
132.25948698660994,2,1.0,0.0,0.0,0.0,0.0,0.0,0.0,0.0,100000000.0,0.0,0.0,0.0,0.0,0.0,0.0,0.0,0.0,0.0,147.6049954071641,0.277569273298892,0.277569273298892,111,0.0,132.25948698660994,False,0.12065261009561556,1.1112516057479493,0.1,5,3.0,4.0,0.1,2,110.02184599447938,0.0,0.16813645280797074,0.0,2,0.0,-0.1991109416972538,524288.0,5242880.0,3,,277.569273298892,0.121875,3.6648029088974,132.25948698660994,10,2
143.39249225079942,7,1.0,0.0,0.0,0.0,0.0,0.0,0.0,0.0,100000000.0,0.0,0.0,0.0,0.0,0.0,0.0,0.0,0.0,0.0,118.85393969714642,0.26224643194794584,0.26224643194794584,112,0.0,143.39249225079942,False,0.1383919273477493,1.2746367556065703,0.1,5,3.0,4.0,0.1,2,118.49133528558801,0.0,0.17365732734220315,0.0,2,0.0,-0.20031917964784757,524288.0,5242880.0,1,,262.24643194794584,0.171875,3.4201429784297943,143.39249225079942,10,2
1022.9897529847509,2,1.0,0.0,0.0,0.0,0.0,0.0,0.0,0.0,20000000.0,0.0,0.0,0.0,0.0,0.0,0.0,0.0,0.0,0.0,149.7202506288886,1.1727100036136395,1.1727100036136395,112,0.0,1022.9897529847509,False,0.11277587956395072,1.038704236532979,0.1,5,3.0,4.0,0.1,2,640.9611452680705,0.0,0.3734432398780588,0.0,2,0.0,-0.6427429415887951,524288.0,5242880.0,2,,1172.7100036136396,0.1703125,3.4745811223983765,1022.9897529847509,10,2
157.7477857211035,2,1.0,0.0,0.0,0.0,0.0,0.0,0.0,0.0,100000000.0,0.0,0.0,0.0,0.0,0.0,0.0,0.0,0.0,0.0,114.39883057028055,0.2686126466581028,0.2686126466581028,112,0.0,157.7477857211035,False,0.12065261009561556,1.1112516057479493,0.1,5,3.0,4.0,0.1,2,124.24641480961549,0.0,0.2123730026278663,0.0,2,0.0,-0.19463262837685918,524288.0,5242880.0,3,,268.6126466581028,0.1484375,3.504267245531082,157.74778572110347,10,2
199.64672848936087,7,1.0,0.0,0.0,0.0,0.0,0.0,0.0,0.0,100000000.0,0.0,0.0,0.0,0.0,0.0,0.0,0.0,0.0,0.0,145.3502932563424,0.34499702174570335,0.34499702174570335,113,0.0,199.64672848936087,False,0.1383919273477493,1.2746367556065703,0.1,5,3.0,4.0,0.1,2,137.28038120268494,0.0,0.3123835174188664,0.0,2,0.0,-0.24169447454672632,524288.0,5242880.0,1,,344.99702174570336,0.1765625,3.270204871892929,199.6467284893609,10,2
777.0528967879541,2,1.0,0.0,0.0,0.0,0.0,0.0,0.0,0.0,20000000.0,0.0,0.0,0.0,0.0,0.0,0.0,0.0,0.0,0.0,127.2651138715446,0.9043180106594987,0.9043180106594987,113,0.0,777.0528967879541,False,0.11277587956395072,1.038704236532979,0.1,5,3.0,4.0,0.1,2,561.0372411618407,0.0,0.2779935014965406,0.0,2,0.0,-0.5085469451117247,524288.0,5242880.0,2,,904.3180106594987,0.175,3.482906401157379,777.0528967879541,10,2
470.8891196495412,2,1.0,0.0,0.0,0.0,0.0,0.0,0.0,0.0,100000000.0,0.0,0.0,0.0,0.0,0.0,0.0,0.0,0.0,0.0,139.24871711060405,0.6101378367601453,0.6101378367601453,113,0.0,470.8891196495412,False,0.12065261009561556,1.1112516057479493,0.1,5,3.0,4.0,0.1,2,157.47756725532363,0.0,0.6655739946326936,0.0,2,0.0,-0.36539522342788044,524288.0,5242880.0,3,,610.1378367601453,0.1578125,3.5414545834064484,470.8891196495413,10,2
177.31012024526837,7,1.0,0.0,0.0,0.0,0.0,0.0,0.0,0.0,100000000.0,0.0,0.0,0.0,0.0,0.0,0.0,0.0,0.0,0.0,128.00777284428477,0.29743821632658485,0.29743821632658485,114,0.0,177.31012024526837,False,0.1383919273477493,1.2746367556065703,0.1,5,3.0,4.0,0.1,2,107.18786850396674,0.0,0.3954780000391596,0.0,2,0.0,-0.21791507183716707,524288.0,5242880.0,1,,297.43821632658484,0.1671875,3.399344742298126,177.31012024526837,10,2
2074.202779858548,2,1.0,0.0,0.0,0.0,0.0,0.0,0.0,0.0,20000000.0,0.0,0.0,0.0,0.0,0.0,0.0,0.0,0.0,0.0,130.61960972845554,2.187423008672137,2.187423008672137,114,0.0,2074.202779858548,False,0.11277587956395072,1.038704236532979,0.1,5,3.0,4.0,0.1,2,713.1268664437224,0.0,0.656192309947461,0.0,2,0.0,-1.1500994441180439,524288.0,5242880.0,2,,2187.4230086721373,0.1375,3.5786404609680176,2074.2027798585486,10,2
188.79355291761584,2,1.0,0.0,0.0,0.0,0.0,0.0,0.0,0.0,100000000.0,0.0,0.0,0.0,0.0,0.0,0.0,0.0,0.0,0.0,125.95268664881587,0.3147462395664318,0.3147462395664318,114,0.0,188.79355291761584,False,0.12065261009561556,1.1112516057479493,0.1,5,3.0,4.0,0.1,2,134.30313917381383,0.0,0.2886243354272806,0.0,2,0.0,-0.21769942483102367,524288.0,5242880.0,3,,314.74623956643177,0.1890625,3.434330850839615,188.79355291761587,10,2
171.8402113209581,7,1.0,0.0,0.0,0.0,0.0,0.0,0.0,0.0,100000000.0,0.0,0.0,0.0,0.0,0.0,0.0,0.0,0.0,0.0,127.68815690651536,0.297666896654904,0.297666896654904,115,0.0,171.8402113209581,False,0.1383919273477493,1.2746367556065703,0.1,5,3.0,4.0,0.1,2,120.27702990184184,0.0,0.30006469977395495,0.0,2,0.0,-0.21802941200132664,524288.0,5242880.0,1,,297.66689665490395,0.178125,3.385954737663269,171.8402113209581,10,2
736.3494477002079,2,1.0,0.0,0.0,0.0,0.0,0.0,0.0,0.0,20000000.0,0.0,0.0,0.0,0.0,0.0,0.0,0.0,0.0,0.0,135.12931857258081,0.8683805145090575,0.8683805145090575,115,0.0,736.3494477002079,False,0.11277587956395072,1.038704236532979,0.1,5,3.0,4.0,0.1,2,593.4866698149376,0.0,0.19401491823136996,0.0,2,0.0,-0.4905781970365041,524288.0,5242880.0,2,,868.3805145090575,0.1390625,3.7013037502765656,736.349447700208,10,2
324.43223657497504,2,1.0,0.0,0.0,0.0,0.0,0.0,0.0,0.0,100000000.0,0.0,0.0,0.0,0.0,0.0,0.0,0.0,0.0,0.0,114.85008150339127,0.4339593182917807,0.4339593182917807,115,0.0,324.43223657497504,False,0.12065261009561556,1.1112516057479493,0.1,5,3.0,4.0,0.1,2,154.28306182936413,0.0,0.524452121471875,0.0,2,0.0,-0.27730596419369813,524288.0,5242880.0,3,,433.9593182917807,0.1546875,3.5161450803279877,324.432236574975,10,2
159.3663845613234,7,1.0,0.0,0.0,0.0,0.0,0.0,0.0,0.0,100000000.0,0.0,0.0,0.0,0.0,0.0,0.0,0.0,0.0,0.0,144.61141731590033,0.2992783290736012,0.2992783290736012,116,0.0,159.3663845613234,False,0.1383919273477493,1.2746367556065703,0.1,5,3.0,4.0,0.1,2,114.08667142239791,0.0,0.28412336305152286,0.0,2,0.0,-0.21883512821067524,524288.0,5242880.0,1,,299.2783290736012,0.15,3.5278426110744476,159.36638456132337,10,2
696.6780880696665,2,1.0,0.0,0.0,0.0,0.0,0.0,0.0,0.0,20000000.0,0.0,0.0,0.0,0.0,0.0,0.0,0.0,0.0,0.0,119.03700605034828,0.8157150941200149,0.8157150941200149,116,0.0,696.6780880696665,False,0.11277587956395072,1.038704236532979,0.1,5,3.0,4.0,0.1,2,577.2983033218014,0.0,0.17135573343298158,0.0,2,0.0,-0.4642454868419828,524288.0,5242880.0,2,,815.7150941200149,0.165625,3.529289484024048,696.6780880696666,10,2
181.4679183451672,2,1.0,0.0,0.0,0.0,0.0,0.0,0.0,0.0,100000000.0,0.0,0.0,0.0,0.0,0.0,0.0,0.0,0.0,0.0,146.9580363482237,0.3279954522302587,0.3279954522302587,116,0.0,181.4679183451672,False,0.12065261009561556,1.1112516057479493,0.1,5,3.0,4.0,0.1,2,128.57773907006987,0.0,0.2914574639826736,0.0,2,0.0,-0.22432403116293714,524288.0,5242880.0,3,,327.9954522302587,0.1328125,3.5021346509456635,181.46791834516722,10,2
134.79545219020397,7,1.0,0.0,0.0,0.0,0.0,0.0,0.0,0.0,100000000.0,0.0,0.0,0.0,0.0,0.0,0.0,0.0,0.0,0.0,106.75221495330334,0.23640456685434685,0.23640456685434685,117,0.0,134.79545219020397,False,0.1383919273477493,1.2746367556065703,0.1,5,3.0,4.0,0.1,2,105.81982317853623,0.0,0.2149599896796333,0.0,2,0.0,-0.18739824710104808,524288.0,5242880.0,1,,236.40456685434685,0.15,3.566694915294647,134.79545219020395,10,2
1115.1544233794832,2,1.0,0.0,0.0,0.0,0.0,0.0,0.0,0.0,20000000.0,0.0,0.0,0.0,0.0,0.0,0.0,0.0,0.0,0.0,141.3830160163343,1.2550159828748133,1.2550159828748133,117,0.0,1115.1544233794832,False,0.11277587956395072,1.038704236532979,0.1,5,3.0,4.0,0.1,2,598.0946226596626,0.0,0.46366654687416947,0.0,2,0.0,-0.683895931219382,524288.0,5242880.0,2,,1255.0159828748133,0.1765625,3.4221286177635193,1115.1544233794834,10,2
182.7264648397457,2,1.0,0.0,0.0,0.0,0.0,0.0,0.0,0.0,100000000.0,0.0,0.0,0.0,0.0,0.0,0.0,0.0,0.0,0.0,118.50835615769029,0.30098162605436557,0.30098162605436557,117,0.0,182.7264648397457,False,0.12065261009561556,1.1112516057479493,0.1,5,3.0,4.0,0.1,2,127.06036803024637,0.0,0.3046416777028958,0.0,2,0.0,-0.21081711807499057,524288.0,5242880.0,3,,300.98162605436556,0.1296875,3.5942658483982086,182.7264648397457,10,2
148.7216910614655,7,1.0,0.0,0.0,0.0,0.0,0.0,0.0,0.0,100000000.0,0.0,0.0,0.0,0.0,0.0,0.0,0.0,0.0,0.0,145.87496826425195,0.29374523316485857,0.29374523316485857,118,0.0,148.7216910614655,False,0.1383919273477493,1.2746367556065703,0.1,5,3.0,4.0,0.1,2,121.95037482216846,0.0,0.1800094932233702,0.0,2,0.0,-0.21606858025630393,524288.0,5242880.0,1,,293.7452331648586,0.1671875,3.4618671536445618,148.72169106146552,10,2
694.8667619928117,2,1.0,0.0,0.0,0.0,0.0,0.0,0.0,0.0,20000000.0,0.0,0.0,0.0,0.0,0.0,0.0,0.0,0.0,0.0,125.38153026252985,0.8202482922553416,0.8202482922553416,118,0.0,694.8667619928117,False,0.11277587956395072,1.038704236532979,0.1,5,3.0,4.0,0.1,2,534.9243713257804,0.0,0.23017706330970814,0.0,2,0.0,-0.46651208590964616,524288.0,5242880.0,2,,820.2482922553415,0.19375,3.506154626607895,694.8667619928117,10,2
163.64281584469597,2,1.0,0.0,0.0,0.0,0.0,0.0,0.0,0.0,100000000.0,0.0,0.0,0.0,0.0,0.0,0.0,0.0,0.0,0.0,127.01478833332658,0.29065760417802255,0.29065760417802255,118,0.0,163.64281584469597,False,0.12065261009561556,1.1112516057479493,0.1,5,3.0,4.0,0.1,2,119.03239498931306,0.0,0.2726084895637588,0.0,2,0.0,-0.20565510713681906,524288.0,5242880.0,3,,290.65760417802255,0.153125,3.622807413339615,163.642815844696,10,2
195.5194071546125,7,1.0,0.0,0.0,0.0,0.0,0.0,0.0,0.0,100000000.0,0.0,0.0,0.0,0.0,0.0,0.0,0.0,0.0,0.0,134.05618211254478,0.32957558926715724,0.32957558926715724,119,0.0,195.5194071546125,False,0.1383919273477493,1.2746367556065703,0.1,5,3.0,4.0,0.1,2,131.6956667442658,0.0,0.3264317406602827,0.0,2,0.0,-0.23398375830745327,524288.0,5242880.0,1,,329.5755892671572,0.14375,3.541546732187271,195.5194071546125,10,2
792.1060098141052,2,1.0,0.0,0.0,0.0,0.0,0.0,0.0,0.0,20000000.0,0.0,0.0,0.0,0.0,0.0,0.0,0.0,0.0,0.0,127.86334194242954,0.9102018459505953,0.9102018459505953,119,0.0,792.1060098141052,False,0.11277587956395072,1.038704236532979,0.1,5,3.0,4.0,0.1,2,547.89542780526,0.0,0.3083054275350815,0.0,2,0.0,-0.511488862757273,524288.0,5242880.0,2,,910.2018459505953,0.165625,3.4908502995967865,792.1060098141052,10,2
170.29235722340746,2,1.0,0.0,0.0,0.0,0.0,0.0,0.0,0.0,100000000.0,0.0,0.0,0.0,0.0,0.0,0.0,0.0,0.0,0.0,124.4755731895566,0.2947679304129641,0.2947679304129641,119,0.0,170.29235722340746,False,0.12065261009561556,1.1112516057479493,0.1,5,3.0,4.0,0.1,2,132.29935634813893,0.0,0.22310455674428947,0.0,2,0.0,-0.20771027025428984,524288.0,5242880.0,3,,294.7679304129641,0.1421875,3.548560291528702,170.29235722340752,10,2
171.80509007433838,7,1.0,0.0,0.0,0.0,0.0,0.0,0.0,0.0,100000000.0,0.0,0.0,0.0,0.0,0.0,0.0,0.0,0.0,0.0,135.17299247905612,0.29377246507372756,0.29377246507372756,120,0.0,171.80509007433838,False,0.1383919273477493,1.2746367556065703,0.1,5,3.0,4.0,0.1,2,126.48064420268571,0.0,0.26381317254361464,0.0,2,0.0,-0.21608219621073843,524288.0,5242880.0,1,0.12109375,293.7724650737276,0.140625,3.539961278438568,171.80509007433838,10,2
733.1611959308988,2,1.0,0.0,0.0,0.0,0.0,0.0,0.0,0.0,20000000.0,0.0,0.0,0.0,0.0,0.0,0.0,0.0,0.0,0.0,146.02056564763188,0.8700293319345123,0.8700293319345123,120,0.0,733.1611959308988,False,0.11277587956395072,1.038704236532979,0.1,5,3.0,4.0,0.1,2,539.1063446846725,0.0,0.2646823813415735,0.0,2,0.0,-0.4914026057492315,524288.0,5242880.0,2,0.12109375,870.0293319345122,0.1640625,3.554537296295166,733.1611959308988,10,2
143.552322559814,2,1.0,0.0,0.0,0.0,0.0,0.0,0.0,0.0,100000000.0,0.0,0.0,0.0,0.0,0.0,0.0,0.0,0.0,0.0,132.75490468367934,0.2763072272434933,0.2763072272434933,120,0.0,143.552322559814,False,0.12065261009561556,1.1112516057479493,0.1,5,3.0,4.0,0.1,2,110.27341442744253,0.0,0.2318242403810997,0.0,2,0.0,-0.19847991866955444,524288.0,5242880.0,3,0.12109375,276.30722724349334,0.1546875,3.5307578444480896,143.552322559814,10,2
190.13044042437082,7,1.0,0.0,0.0,0.0,0.0,0.0,0.0,0.0,100000000.0,0.0,0.0,0.0,0.0,0.0,0.0,0.0,0.0,0.0,121.17315549403429,0.2907555032513917,0.2907555032513917,121,0.0,190.13044042437082,False,0.1383919273477493,1.2746367556065703,0.1,5,3.0,4.0,0.1,2,116.4809862686506,0.0,0.3873627704818585,0.0,2,0.0,-0.2145737152995705,524288.0,5242880.0,1,,290.7555032513917,0.1453125,3.5161299407482147,190.13044042437082,10,2
1917.1275208754269,2,1.0,0.0,0.0,0.0,0.0,0.0,0.0,0.0,20000000.0,0.0,0.0,0.0,0.0,0.0,0.0,0.0,0.0,0.0,149.92946945130825,2.0670569903267344,2.0670569903267344,121,0.0,1917.1275208754269,False,0.11277587956395072,1.038704236532979,0.1,5,3.0,4.0,0.1,2,747.5828268929292,0.0,0.6100505476278609,0.0,2,0.0,-1.0899164349453425,524288.0,5242880.0,2,,2067.056990326734,0.1125,3.6782020926475525,1917.1275208754264,10,2
158.7986466379033,2,1.0,0.0,0.0,0.0,0.0,0.0,0.0,0.0,100000000.0,0.0,0.0,0.0,0.0,0.0,0.0,0.0,0.0,0.0,119.49868267402053,0.27829732931192386,0.27829732931192386,121,0.0,158.7986466379033,False,0.12065261009561556,1.1112516057479493,0.1,5,3.0,4.0,0.1,2,121.01315712121894,0.0,0.23794591652184416,0.0,2,0.0,-0.1994749697037697,524288.0,5242880.0,3,,278.2973293119239,0.15,3.6283941864967346,158.79864663790332,10,2
162.37369232024324,7,1.0,0.0,0.0,0.0,0.0,0.0,0.0,0.0,100000000.0,0.0,0.0,0.0,0.0,0.0,0.0,0.0,0.0,0.0,149.34368338435888,0.3029205939374424,0.3029205939374424,122,0.0,162.37369232024324,False,0.1383919273477493,1.2746367556065703,0.1,5,3.0,4.0,0.1,2,121.69654869634995,0.0,0.2505156041144113,0.0,2,0.0,-0.22065626064259586,524288.0,5242880.0,1,,302.9205939374424,0.165625,3.4186842143535614,162.37369232024324,10,2
913.3769830788825,2,1.0,0.0,0.0,0.0,0.0,0.0,0.0,0.0,20000000.0,0.0,0.0,0.0,0.0,0.0,0.0,0.0,0.0,0.0,111.68179474771023,1.024005585639492,1.024005585639492,122,0.0,913.3769830788825,False,0.11277587956395072,1.038704236532979,0.1,5,3.0,4.0,0.1,2,588.3241685139699,0.0,0.35588023410574593,0.0,2,0.0,-0.5683907326017213,524288.0,5242880.0,2,,1024.005585639492,0.1609375,3.544404774904251,913.3769830788825,10,2
167.25978251145798,2,1.0,0.0,0.0,0.0,0.0,0.0,0.0,0.0,100000000.0,0.0,0.0,0.0,0.0,0.0,0.0,0.0,0.0,0.0,145.5117599107325,0.3127715424221905,0.3127715424221905,122,0.0,167.25978251145798,False,0.12065261009561556,1.1112516057479493,0.1,5,3.0,4.0,0.1,2,122.12043511074359,0.0,0.26987567915570004,0.0,2,0.0,-0.21671207625890304,524288.0,5242880.0,3,,312.7715424221905,0.1609375,3.5022718608379364,167.259782511458,10,2
143.55763620589966,7,1.0,0.0,0.0,0.0,0.0,0.0,0.0,0.0,100000000.0,0.0,0.0,0.0,0.0,0.0,0.0,0.0,0.0,0.0,128.78038082271814,0.26426597046558853,0.26426597046558853,123,0.0,143.55763620589966,False,0.1383919273477493,1.2746367556065703,0.1,5,3.0,4.0,0.1,2,108.0699343684615,0.0,0.24720177048986364,0.0,2,0.0,-0.20132894890666891,524288.0,5242880.0,1,,264.2659704655885,0.2015625,3.2795134484767914,143.55763620589966,10,2
1004.3782797476723,2,1.0,0.0,0.0,0.0,0.0,0.0,0.0,0.0,20000000.0,0.0,0.0,0.0,0.0,0.0,0.0,0.0,0.0,0.0,148.30275624990463,1.1331536919644551,1.1331536919644551,123,0.0,1004.3782797476723,False,0.11277587956395072,1.038704236532979,0.1,5,3.0,4.0,0.1,2,593.6689327712392,0.0,0.4089189852648096,0.0,2,0.0,-0.6229647857642029,524288.0,5242880.0,2,,1133.1536919644552,0.1875,3.4598802626132965,1004.3782797476725,10,2
186.59584282469086,2,1.0,0.0,0.0,0.0,0.0,0.0,0.0,0.0,100000000.0,0.0,0.0,0.0,0.0,0.0,0.0,0.0,0.0,0.0,128.78737784922123,0.31417465221639806,0.31417465221639806,123,0.0,186.59584282469086,False,0.12065261009561556,1.1112516057479493,0.1,5,3.0,4.0,0.1,2,135.84256440635622,0.0,0.27199576180278556,0.0,2,0.0,-0.21741363115600681,524288.0,5242880.0,3,,314.17465221639804,0.1734375,3.4157385528087616,186.5958428246909,10,2
133.2666204953996,7,1.0,0.0,0.0,0.0,0.0,0.0,0.0,0.0,100000000.0,0.0,0.0,0.0,0.0,0.0,0.0,0.0,0.0,0.0,131.22545834630728,0.25553319456133555,0.25553319456133555,124,0.0,133.2666204953996,False,0.1383919273477493,1.2746367556065703,0.1,5,3.0,4.0,0.1,2,108.96650341434497,0.0,0.18234211230631053,0.0,2,0.0,-0.19696256095454243,524288.0,5242880.0,1,,255.53319456133556,0.19375,3.2638529241085052,133.2666204953996,10,2
1640.0723195993894,2,1.0,0.0,0.0,0.0,0.0,0.0,0.0,0.0,20000000.0,0.0,0.0,0.0,0.0,0.0,0.0,0.0,0.0,0.0,137.79326435178518,1.761163507996648,1.761163507996648,124,0.0,1640.0723195993894,False,0.11277587956395072,1.038704236532979,0.1,5,3.0,4.0,0.1,2,771.9118257821631,0.0,0.5293428121689698,0.0,2,0.0,-0.9369696937802993,524288.0,5242880.0,2,,1761.163507996648,0.19375,3.493091881275177,1640.0723195993894,10,2
174.37471861959577,2,1.0,0.0,0.0,0.0,0.0,0.0,0.0,0.0,100000000.0,0.0,0.0,0.0,0.0,0.0,0.0,0.0,0.0,0.0,131.36005215346813,0.3048492040765393,0.3048492040765393,124,0.0,174.37471861959577,False,0.12065261009561556,1.1112516057479493,0.1,5,3.0,4.0,0.1,2,121.56227895743834,0.0,0.30286752621158075,0.0,2,0.0,-0.21275090708607744,524288.0,5242880.0,3,,304.8492040765393,0.15625,3.5154013335704803,174.3747186195958,10,2
162.63847034713564,7,1.0,0.0,0.0,0.0,0.0,0.0,0.0,0.0,100000000.0,0.0,0.0,0.0,0.0,0.0,0.0,0.0,0.0,0.0,133.19730013608932,0.29583577048322496,0.29583577048322496,125,0.0,162.63847034713564,False,0.1383919273477493,1.2746367556065703,0.1,5,3.0,4.0,0.1,2,120.53185935300019,0.0,0.25889699346202083,0.0,2,0.0,-0.21711384891548713,524288.0,5242880.0,1,,295.83577048322496,0.2,3.1959910690784454,162.63847034713564,10,2
1172.9347343370057,2,1.0,0.0,0.0,0.0,0.0,0.0,0.0,0.0,20000000.0,0.0,0.0,0.0,0.0,0.0,0.0,0.0,0.0,0.0,135.15780540183187,1.3080925397388377,1.3080925397388377,125,0.0,1172.9347343370057,False,0.11277587956395072,1.038704236532979,0.1,5,3.0,4.0,0.1,2,665.844503305769,0.0,0.4323260418388637,0.0,2,0.0,-0.7104342096513941,524288.0,5242880.0,2,,1308.0925397388376,0.1703125,3.5794922709465027,1172.9347343370057,10,2
177.23680034509886,2,1.0,0.0,0.0,0.0,0.0,0.0,0.0,0.0,100000000.0,0.0,0.0,0.0,0.0,0.0,0.0,0.0,0.0,0.0,138.6995459906757,0.31593634633577455,0.31593634633577455,125,0.0,177.23680034509886,False,0.12065261009561556,1.1112516057479493,0.1,5,3.0,4.0,0.1,2,119.95061646614282,0.0,0.3232183370914718,0.0,2,0.0,-0.21829447821569506,524288.0,5242880.0,3,,315.93634633577454,0.184375,3.3514877557754517,177.23680034509886,10,2
159.81844989297772,7,1.0,0.0,0.0,0.0,0.0,0.0,0.0,0.0,100000000.0,0.0,0.0,0.0,0.0,0.0,0.0,0.0,0.0,0.0,131.822869181633,0.2760718775884607,0.2760718775884607,126,0.0,159.81844989297772,False,0.1383919273477493,1.2746367556065703,0.1,5,3.0,4.0,0.1,2,127.56131555258854,0.0,0.2018361106742691,0.0,2,0.0,-0.207231902468105,524288.0,5242880.0,1,,276.07187758846067,0.1984375,3.2320291996002197,159.81844989297772,10,2
1275.0510398458625,2,1.0,0.0,0.0,0.0,0.0,0.0,0.0,0.0,20000000.0,0.0,0.0,0.0,0.0,0.0,0.0,0.0,0.0,0.0,144.66712391003966,1.4147206123147096,1.4147206123147096,126,0.0,1275.0510398458625,False,0.11277587956395072,1.038704236532979,0.1,5,3.0,4.0,0.1,2,738.2723501207803,0.0,0.4209860413038618,0.0,2,0.0,-0.7637482459393301,524288.0,5242880.0,2,,1414.7206123147096,0.215625,3.4649571776390076,1275.0510398458625,10,2
428.9453246581421,2,1.0,0.0,0.0,0.0,0.0,0.0,0.0,0.0,100000000.0,0.0,0.0,0.0,0.0,0.0,0.0,0.0,0.0,0.0,121.31248554214835,0.5502578102002904,0.5502578102002904,126,0.0,428.9453246581421,False,0.12065261009561556,1.1112516057479493,0.1,5,3.0,4.0,0.1,2,153.07945035060564,0.0,0.6431259613970479,0.0,2,0.0,-0.335455210147953,524288.0,5242880.0,3,,550.2578102002905,0.1859375,3.3503823578357697,428.9453246581421,10,2
152.43454154145186,7,1.0,0.0,0.0,0.0,0.0,0.0,0.0,0.0,100000000.0,0.0,0.0,0.0,0.0,0.0,0.0,0.0,0.0,0.0,150.31189285218716,0.2952173363187558,0.2952173363187558,127,0.0,152.43454154145186,False,0.1383919273477493,1.2746367556065703,0.1,5,3.0,4.0,0.1,2,110.82871638995714,0.0,0.27294223953946,0.0,2,0.0,-0.21680463183325255,524288.0,5242880.0,1,,295.21733631875577,0.1453125,3.3745851814746857,152.4345415414519,10,2
906.0324612668111,2,1.0,0.0,0.0,0.0,0.0,0.0,0.0,0.0,20000000.0,0.0,0.0,0.0,0.0,0.0,0.0,0.0,0.0,0.0,109.90202939137816,1.0159344906581893,1.0159344906581893,127,0.0,906.0324612668111,False,0.11277587956395072,1.038704236532979,0.1,5,3.0,4.0,0.1,2,654.7788197641611,0.0,0.2773119642439169,0.0,2,0.0,-0.56435518511107,524288.0,5242880.0,2,,1015.9344906581894,0.1703125,3.5242854058742523,906.0324612668111,10,2
223.2371432808155,2,1.0,0.0,0.0,0.0,0.0,0.0,0.0,0.0,100000000.0,0.0,0.0,0.0,0.0,0.0,0.0,0.0,0.0,0.0,151.56892593950033,0.36095253183589515,0.36095253183589515,127,0.0,223.2371432808155,False,0.12065261009561556,1.1112516057479493,0.1,5,3.0,4.0,0.1,2,123.9410935147211,0.0,0.4448007545105854,0.0,2,0.0,-0.24080257096575536,524288.0,5242880.0,3,,360.9525318358952,0.1546875,3.4814738631248474,223.23714328081547,10,2
167.87907483904027,7,1.0,0.0,0.0,0.0,0.0,0.0,0.0,0.0,100000000.0,0.0,0.0,0.0,0.0,0.0,0.0,0.0,0.0,0.0,114.00556238368154,0.28188463722272183,0.28188463722272183,128,0.0,167.87907483904027,False,0.1383919273477493,1.2746367556065703,0.1,5,3.0,4.0,0.1,2,112.46105762072372,0.0,0.3301067585191927,0.0,2,0.0,-0.21013828228523557,524288.0,5242880.0,1,,281.88463722272184,0.1875,3.2935796082019806,167.87907483904027,10,2
821.2520586761229,2,1.0,0.0,0.0,0.0,0.0,0.0,0.0,0.0,20000000.0,0.0,0.0,0.0,0.0,0.0,0.0,0.0,0.0,0.0,146.17523038759828,0.9674272890637213,0.9674272890637213,128,0.0,821.2520586761229,False,0.11277587956395072,1.038704236532979,0.1,5,3.0,4.0,0.1,2,626.066899632742,0.0,0.23766778662086266,0.0,2,0.0,-0.540101584313836,524288.0,5242880.0,2,,967.4272890637213,0.1640625,3.524711102247238,821.252058676123,10,2
151.17976730040576,2,1.0,0.0,0.0,0.0,0.0,0.0,0.0,0.0,100000000.0,0.0,0.0,0.0,0.0,0.0,0.0,0.0,0.0,0.0,128.44705302268267,0.2796268203230884,0.2796268203230884,128,0.0,151.17976730040576,False,0.12065261009561556,1.1112516057479493,0.1,5,3.0,4.0,0.1,2,115.62187073739908,0.0,0.23520274702070693,0.0,2,0.0,-0.20013971520935198,524288.0,5242880.0,3,,279.6268203230884,0.175,3.4117649495601654,151.17976730040576,10,2
152.62894393302068,7,1.0,0.0,0.0,0.0,0.0,0.0,0.0,0.0,100000000.0,0.0,0.0,0.0,0.0,0.0,0.0,0.0,0.0,0.0,130.647043697536,0.28327598763055667,0.28327598763055667,129,0.0,152.62894393302068,False,0.1383919273477493,1.2746367556065703,0.1,5,3.0,4.0,0.1,2,120.98359212758139,0.0,0.2073351946884102,0.0,2,0.0,-0.21083395748915298,524288.0,5242880.0,1,,283.27598763055664,0.2046875,3.3318938612937927,152.62894393302068,10,2
862.0095171004594,2,1.0,0.0,0.0,0.0,0.0,0.0,0.0,0.0,20000000.0,0.0,0.0,0.0,0.0,0.0,0.0,0.0,0.0,0.0,130.22729894146323,0.9922368160419228,0.9922368160419228,129,0.0,862.0095171004594,False,0.11277587956395072,1.038704236532979,0.1,5,3.0,4.0,0.1,2,585.1984792809907,0.0,0.3211229485616096,0.0,2,0.0,-0.5525063478029367,524288.0,5242880.0,2,,992.2368160419228,0.171875,3.5231695473194122,862.0095171004596,10,2
153.9053528610842,2,1.0,0.0,0.0,0.0,0.0,0.0,0.0,0.0,100000000.0,0.0,0.0,0.0,0.0,0.0,0.0,0.0,0.0,0.0,132.9162591136992,0.26361060357133315,0.26361060357133315,129,0.0,153.9053528610842,False,0.12065261009561556,1.1112516057479493,0.1,5,3.0,4.0,0.1,2,115.51514368000994,0.0,0.24944037661721533,0.0,2,0.0,-0.19213160683347436,524288.0,5242880.0,3,,263.6106035713332,0.15625,3.47728568315506,153.9053528610842,10,2
178.65072275119434,7,1.0,0.0,0.0,0.0,0.0,0.0,0.0,0.0,100000000.0,0.0,0.0,0.0,0.0,0.0,0.0,0.0,0.0,0.0,132.31895538046956,0.3109696781316639,0.3109696781316639,130,0.0,178.65072275119434,False,0.1383919273477493,1.2746367556065703,0.1,5,3.0,4.0,0.1,2,120.89056635648299,0.0,0.3233133093738083,0.0,2,0.0,-0.2246808027397066,524288.0,5242880.0,1,0.13828125,310.9696781316639,0.1578125,3.407864362001419,178.65072275119434,10,2
631.4024076008719,2,1.0,0.0,0.0,0.0,0.0,0.0,0.0,0.0,20000000.0,0.0,0.0,0.0,0.0,0.0,0.0,0.0,0.0,0.0,140.74221579357982,0.7471343035021347,0.7471343035021347,130,0.0,631.4024076008719,False,0.11277587956395072,1.038704236532979,0.1,5,3.0,4.0,0.1,2,535.6663729604371,0.0,0.1516244371069178,0.0,2,0.0,-0.42995509153304273,524288.0,5242880.0,2,0.13828125,747.1343035021347,0.16875,3.5026895701885223,631.4024076008719,10,2
270.479092573593,2,1.0,0.0,0.0,0.0,0.0,0.0,0.0,0.0,100000000.0,0.0,0.0,0.0,0.0,0.0,0.0,0.0,0.0,0.0,139.03640490025282,0.40556057003683843,0.40556057003683843,130,0.0,270.479092573593,False,0.12065261009561556,1.1112516057479493,0.1,5,3.0,4.0,0.1,2,129.76912013275876,0.0,0.5202249501134707,0.0,2,0.0,-0.263106590066227,524288.0,5242880.0,3,0.13828125,405.56057003683844,0.175,3.465879201889038,270.47909257359305,10,2
252.16927382035453,7,1.0,0.0,0.0,0.0,0.0,0.0,0.0,0.0,100000000.0,0.0,0.0,0.0,0.0,0.0,0.0,0.0,0.0,0.0,145.29936388134956,0.3939180416321596,0.3939180416321596,131,0.0,252.16927382035453,False,0.1383919273477493,1.2746367556065703,0.1,5,3.0,4.0,0.1,2,130.68176632496835,0.0,0.4817696686628598,0.0,2,0.0,-0.26615498448995445,524288.0,5242880.0,1,,393.9180416321596,0.15,3.4588980674743652,252.1692738203546,10,2
918.7377612395311,2,1.0,0.0,0.0,0.0,0.0,0.0,0.0,0.0,20000000.0,0.0,0.0,0.0,0.0,0.0,0.0,0.0,0.0,0.0,117.07613756880164,1.034212949248972,1.034212949248972,131,0.0,918.7377612395311,False,0.11277587956395072,1.038704236532979,0.1,5,3.0,4.0,0.1,2,611.640973421065,0.0,0.33425945985298466,0.0,2,0.0,-0.5734944144064613,524288.0,5242880.0,2,,1034.212949248972,0.165625,3.520129472017288,918.7377612395312,10,2
151.45625972562956,2,1.0,0.0,0.0,0.0,0.0,0.0,0.0,0.0,100000000.0,0.0,0.0,0.0,0.0,0.0,0.0,0.0,0.0,0.0,145.5598073080182,0.2963413746842847,0.2963413746842847,131,0.0,151.45625972562956,False,0.12065261009561556,1.1112516057479493,0.1,5,3.0,4.0,0.1,2,123.22864494121535,0.0,0.18637469877804932,0.0,2,0.0,-0.20849699238995012,524288.0,5242880.0,3,,296.3413746842847,0.15,3.5535689890384674,151.45625972562954,10,2
231.61368781967377,7,1.0,0.0,0.0,0.0,0.0,0.0,0.0,0.0,100000000.0,0.0,0.0,0.0,0.0,0.0,0.0,0.0,0.0,0.0,107.17273969203234,0.33346596278516866,0.33346596278516866,132,0.0,231.61368781967377,False,0.1383919273477493,1.2746367556065703,0.1,5,3.0,4.0,0.1,2,130.7343055576697,0.0,0.4355501749989196,0.0,2,0.0,-0.23592894506645898,524288.0,5242880.0,1,,333.46596278516864,0.1625,3.3294173777103424,231.6136878196738,10,2
839.5110563678443,2,1.0,0.0,0.0,0.0,0.0,0.0,0.0,0.0,20000000.0,0.0,0.0,0.0,0.0,0.0,0.0,0.0,0.0,0.0,153.01473112776875,0.9793756505777839,0.9793756505777839,132,0.0,839.5110563678443,False,0.11277587956395072,1.038704236532979,0.1,5,3.0,4.0,0.1,2,550.8328624006344,0.0,0.34386467191531683,0.0,2,0.0,-0.5460757650708673,524288.0,5242880.0,2,,979.3756505777839,0.178125,3.5617954432964325,839.5110563678446,10,2
221.55454482819766,2,1.0,0.0,0.0,0.0,0.0,0.0,0.0,0.0,100000000.0,0.0,0.0,0.0,0.0,0.0,0.0,0.0,0.0,0.0,119.82207233086228,0.34137661715906,0.34137661715906,132,0.0,221.55454482819766,False,0.12065261009561556,1.1112516057479493,0.1,5,3.0,4.0,0.1,2,124.46179277268442,0.0,0.438234079697182,0.0,2,0.0,-0.23101461362733777,524288.0,5242880.0,3,,341.37661715906,0.1640625,3.4266152381896973,221.5545448281977,10,2
196.32928828893745,7,1.0,0.0,0.0,0.0,0.0,0.0,0.0,0.0,100000000.0,0.0,0.0,0.0,0.0,0.0,0.0,0.0,0.0,0.0,144.02693370357156,0.34035622199250903,0.34035622199250903,133,0.0,196.32928828893745,False,0.1383919273477493,1.2746367556065703,0.1,5,3.0,4.0,0.1,2,117.65179184288758,0.0,0.4007425337897642,0.0,2,0.0,-0.23937407467012917,524288.0,5242880.0,1,,340.356221992509,0.175,3.311466485261917,196.32928828893745,10,2
1351.1590331520845,2,1.0,0.0,0.0,0.0,0.0,0.0,0.0,0.0,20000000.0,0.0,0.0,0.0,0.0,0.0,0.0,0.0,0.0,0.0,119.32101985439658,1.4704800530064812,1.4704800530064812,133,0.0,1351.1590331520845,False,0.11277587956395072,1.038704236532979,0.1,5,3.0,4.0,0.1,2,807.1790415532639,0.0,0.40260249034474016,0.0,2,0.0,-0.7916279662852159,524288.0,5242880.0,2,,1470.4800530064813,0.1828125,3.563837915658951,1351.1590331520847,10,2
206.10353070041964,2,1.0,0.0,0.0,0.0,0.0,0.0,0.0,0.0,100000000.0,0.0,0.0,0.0,0.0,0.0,0.0,0.0,0.0,0.0,137.51467457041144,0.3436182052708311,0.3436182052708311,133,0.0,206.10353070041964,False,0.12065261009561556,1.1112516057479493,0.1,5,3.0,4.0,0.1,2,119.57316555989739,0.0,0.4198393149620414,0.0,2,0.0,-0.23213540768322333,524288.0,5242880.0,3,,343.6182052708311,0.1765625,3.419504165649414,206.10353070041964,10,2
270.5671210972979,7,1.0,0.0,0.0,0.0,0.0,0.0,0.0,0.0,100000000.0,0.0,0.0,0.0,0.0,0.0,0.0,0.0,0.0,0.0,131.68060220777988,0.3968208805857613,0.3968208805857613,134,0.0,270.5671210972979,False,0.1383919273477493,1.2746367556065703,0.1,5,3.0,4.0,0.1,2,129.98438563238884,0.0,0.5195854355650052,0.0,2,0.0,-0.2676064039667553,524288.0,5242880.0,1,,396.8208805857613,0.165625,3.4144487380981445,270.5671210972979,10,2
698.3040785813071,2,1.0,0.0,0.0,0.0,0.0,0.0,0.0,0.0,20000000.0,0.0,0.0,0.0,0.0,0.0,0.0,0.0,0.0,0.0,132.95178627595305,0.8312558648572602,0.8312558648572602,134,0.0,698.3040785813071,False,0.11277587956395072,1.038704236532979,0.1,5,3.0,4.0,0.1,2,595.0823006535188,0.0,0.1478178075910659,0.0,2,0.0,-0.4720158722106055,524288.0,5242880.0,2,,831.2558648572602,0.159375,3.5506668388843536,698.3040785813072,10,2
195.5028880516179,2,1.0,0.0,0.0,0.0,0.0,0.0,0.0,0.0,100000000.0,0.0,0.0,0.0,0.0,0.0,0.0,0.0,0.0,0.0,134.33899963274598,0.32984188768436384,0.32984188768436384,134,0.0,195.5028880516179,False,0.12065261009561556,1.1112516057479493,0.1,5,3.0,4.0,0.1,2,127.41984042759904,0.0,0.3482457384774957,0.0,2,0.0,-0.2252472488899897,524288.0,5242880.0,3,,329.8418876843638,0.171875,3.390350639820099,195.5028880516179,10,2
135.1940331138478,7,1.0,0.0,0.0,0.0,0.0,0.0,0.0,0.0,100000000.0,0.0,0.0,0.0,0.0,0.0,0.0,0.0,0.0,0.0,130.22210728377104,0.24535029028503164,0.24535029028503164,135,0.0,135.1940331138478,False,0.1383919273477493,1.2746367556065703,0.1,5,3.0,4.0,0.1,2,111.95527449057418,0.0,0.17189189558169413,0.0,2,0.0,-0.19187110881639047,524288.0,5242880.0,1,,245.35029028503163,0.1625,3.4009613692760468,135.1940331138478,10,2
1029.901983286156,2,1.0,0.0,0.0,0.0,0.0,0.0,0.0,0.0,20000000.0,0.0,0.0,0.0,0.0,0.0,0.0,0.0,0.0,0.0,131.00865529850125,1.157916537555768,1.157916537555768,135,0.0,1029.901983286156,False,0.11277587956395072,1.038704236532979,0.1,5,3.0,4.0,0.1,2,594.0320601865042,0.0,0.42321495654266195,0.0,2,0.0,-0.6353462085598593,524288.0,5242880.0,2,,1157.9165375557682,0.18125,3.519540548324585,1029.9019832861563,10,2
192.92308136428477,2,1.0,0.0,0.0,0.0,0.0,0.0,0.0,0.0,100000000.0,0.0,0.0,0.0,0.0,0.0,0.0,0.0,0.0,0.0,136.48131536319852,0.3078417836462963,0.3078417836462963,135,0.0,192.92308136428477,False,0.12065261009561556,1.1112516057479493,0.1,5,3.0,4.0,0.1,2,128.6610970546482,0.0,0.33309640223035114,0.0,2,0.0,-0.21424719687095592,524288.0,5242880.0,3,,307.8417836462963,0.1421875,3.4528437554836273,192.92308136428477,10,2
186.58952332280248,7,1.0,0.0,0.0,0.0,0.0,0.0,0.0,0.0,100000000.0,0.0,0.0,0.0,0.0,0.0,0.0,0.0,0.0,0.0,131.2379795126617,0.3152430924697932,0.3152430924697932,136,0.0,186.58952332280248,False,0.1383919273477493,1.2746367556065703,0.1,5,3.0,4.0,0.1,2,127.63135361520416,0.0,0.31597792125552443,0.0,2,0.0,-0.22681750990877125,524288.0,5242880.0,1,,315.2430924697932,0.184375,3.3034289181232452,186.58952332280245,10,2
2129.0917037477293,2,1.0,0.0,0.0,0.0,0.0,0.0,0.0,0.0,20000000.0,0.0,0.0,0.0,0.0,0.0,0.0,0.0,0.0,0.0,118.85088915005326,2.230482022692779,2.230482022692779,136,0.0,2129.0917037477293,False,0.11277587956395072,1.038704236532979,0.1,5,3.0,4.0,0.1,2,757.3826760854438,0.0,0.6442695846532761,0.0,2,0.0,-1.1716289511283648,524288.0,5242880.0,2,,2230.482022692779,0.184375,3.318443179130554,2129.091703747729,10,2
322.4362709279556,2,1.0,0.0,0.0,0.0,0.0,0.0,0.0,0.0,100000000.0,0.0,0.0,0.0,0.0,0.0,0.0,0.0,0.0,0.0,147.86643255501986,0.4703027034829755,0.4703027034829755,136,0.0,322.4362709279556,False,0.12065261009561556,1.1112516057479493,0.1,5,3.0,4.0,0.1,2,140.66952019778665,0.0,0.563729229987226,0.0,2,0.0,-0.2954776567892955,524288.0,5242880.0,3,,470.30270348297546,0.1625,3.506784498691559,322.4362709279556,10,2
167.64158806574272,7,1.0,0.0,0.0,0.0,0.0,0.0,0.0,0.0,100000000.0,0.0,0.0,0.0,0.0,0.0,0.0,0.0,0.0,0.0,117.50732362270355,0.2851489116884463,0.2851489116884463,137,0.0,167.64158806574272,False,0.1383919273477493,1.2746367556065703,0.1,5,3.0,4.0,0.1,2,127.81253687917699,0.0,0.23758454955071343,0.0,2,0.0,-0.2117704195180978,524288.0,5242880.0,1,,285.14891168844633,0.1984375,3.2727125585079193,167.64158806574275,10,2
873.3942662690548,2,1.0,0.0,0.0,0.0,0.0,0.0,0.0,0.0,20000000.0,0.0,0.0,0.0,0.0,0.0,0.0,0.0,0.0,0.0,149.96829396113753,1.0138223828141362,1.0138223828141362,137,0.0,873.3942662690548,False,0.11277587956395072,1.038704236532979,0.1,5,3.0,4.0,0.1,2,611.9927613090191,0.0,0.2992938184454593,0.0,2,0.0,-0.5632991311890434,524288.0,5242880.0,2,,1013.8223828141362,0.178125,3.4495482444763184,873.394266269055,10,2
213.00508106528204,2,1.0,0.0,0.0,0.0,0.0,0.0,0.0,0.0,100000000.0,0.0,0.0,0.0,0.0,0.0,0.0,0.0,0.0,0.0,113.50107984617352,0.3239181528466789,0.3239181528466789,137,0.0,213.00508106528204,False,0.12065261009561556,1.1112516057479493,0.1,5,3.0,4.0,0.1,2,137.81366700821656,0.0,0.35300291279915863,0.0,2,0.0,-0.22228538147114724,524288.0,5242880.0,3,,323.91815284667894,0.1609375,3.553364634513855,213.00508106528204,10,2
392.4022174159398,7,1.0,0.0,0.0,0.0,0.0,0.0,0.0,0.0,100000000.0,0.0,0.0,0.0,0.0,0.0,0.0,0.0,0.0,0.0,145.767817273736,0.5233838876428416,0.5233838876428416,138,0.0,392.4022174159398,False,0.1383919273477493,1.2746367556065703,0.1,5,3.0,4.0,0.1,2,147.52466319383296,0.0,0.6240473253048433,0.0,2,0.0,-0.33088790749529545,524288.0,5242880.0,1,,523.3838876428416,0.1875,3.258654236793518,392.40221741593984,10,2
825.8039952075429,2,1.0,0.0,0.0,0.0,0.0,0.0,0.0,0.0,20000000.0,0.0,0.0,0.0,0.0,0.0,0.0,0.0,0.0,0.0,127.99005908891559,0.9537940542964585,0.9537940542964585,138,0.0,825.8039952075429,False,0.11277587956395072,1.038704236532979,0.1,5,3.0,4.0,0.1,2,568.745282795767,0.0,0.3112829604889127,0.0,2,0.0,-0.5332849669302046,524288.0,5242880.0,2,,953.7940542964585,0.1765625,3.4556491374969482,825.8039952075429,10,2
155.24970287959582,2,1.0,0.0,0.0,0.0,0.0,0.0,0.0,0.0,100000000.0,0.0,0.0,0.0,0.0,0.0,0.0,0.0,0.0,0.0,144.59310146048665,0.29933234080544135,0.29933234080544135,138,0.0,155.24970287959582,False,0.12065261009561556,1.1112516057479493,0.1,5,3.0,4.0,0.1,2,112.67671460756605,0.0,0.27422267149230756,0.0,2,0.0,-0.20999247545052846,524288.0,5242880.0,3,,299.33234080544133,0.1703125,3.539227217435837,155.24970287959582,10,2
183.05211857496778,7,1.0,0.0,0.0,0.0,0.0,0.0,0.0,0.0,100000000.0,0.0,0.0,0.0,0.0,0.0,0.0,0.0,0.0,0.0,130.90028474107385,0.3139524033160417,0.3139524033160417,139,0.0,183.05211857496778,False,0.1383919273477493,1.2746367556065703,0.1,5,3.0,4.0,0.1,2,127.74484175694367,0.0,0.3021395067622415,0.0,2,0.0,-0.2261721653318955,524288.0,5242880.0,1,,313.9524033160417,0.178125,3.3309754729270935,183.0521185749678,10,2
655.6409262411091,2,1.0,0.0,0.0,0.0,0.0,0.0,0.0,0.0,20000000.0,0.0,0.0,0.0,0.0,0.0,0.0,0.0,0.0,0.0,133.06279107928276,0.788703717320392,0.788703717320392,139,0.0,655.6409262411091,False,0.11277587956395072,1.038704236532979,0.1,5,3.0,4.0,0.1,2,507.407983715399,0.0,0.2260886051997281,0.0,2,0.0,-0.4507397984421714,524288.0,5242880.0,2,,788.703717320392,0.1734375,3.4436892569065094,655.6409262411092,10,2
288.4898770964622,2,1.0,0.0,0.0,0.0,0.0,0.0,0.0,0.0,100000000.0,0.0,0.0,0.0,0.0,0.0,0.0,0.0,0.0,0.0,135.96174120903015,0.42445161830549233,0.42445161830549233,139,0.0,288.4898770964622,False,0.12065261009561556,1.1112516057479493,0.1,5,3.0,4.0,0.1,2,136.4594281786268,0.0,0.5269871180505965,0.0,2,0.0,-0.2725521142005539,524288.0,5242880.0,3,,424.45161830549233,0.1828125,3.406662791967392,288.4898770964622,10,2
168.29592008638315,7,1.0,0.0,0.0,0.0,0.0,0.0,0.0,0.0,100000000.0,0.0,0.0,0.0,0.0,0.0,0.0,0.0,0.0,0.0,130.7445797137916,0.2990404998001748,0.2990404998001748,140,0.0,168.29592008638315,False,0.1383919273477493,1.2746367556065703,0.1,5,3.0,4.0,0.1,2,130.89514483047412,0.0,0.2222322159486213,0.0,2,0.0,-0.21871621357396204,524288.0,5242880.0,1,0.14453125,299.04049980017476,0.190625,3.3472140729427338,168.29592008638315,10,2
670.6300354210492,2,1.0,0.0,0.0,0.0,0.0,0.0,0.0,0.0,20000000.0,0.0,0.0,0.0,0.0,0.0,0.0,0.0,0.0,0.0,128.9488640613854,0.7995788994824345,0.7995788994824345,140,0.0,670.6300354210492,False,0.11277587956395072,1.038704236532979,0.1,5,3.0,4.0,0.1,2,551.2773589499018,0.0,0.17797096784699318,0.0,2,0.0,-0.45617738952319264,524288.0,5242880.0,2,0.14453125,799.5788994824345,0.19375,3.3820927441120148,670.6300354210491,10,2
193.84734074721646,2,1.0,0.0,0.0,0.0,0.0,0.0,0.0,0.0,100000000.0,0.0,0.0,0.0,0.0,0.0,0.0,0.0,0.0,0.0,140.06843557581306,0.3339157763230295,0.3339157763230295,140,0.0,193.84734074721646,False,0.12065261009561556,1.1112516057479493,0.1,5,3.0,4.0,0.1,2,128.2755327605515,0.0,0.33826519225854546,0.0,2,0.0,-0.22728419320932253,524288.0,5242880.0,3,0.14453125,333.9157763230295,0.1765625,3.4183197617530823,193.84734074721646,10,2
217.81733106378766,7,1.0,0.0,0.0,0.0,0.0,0.0,0.0,0.0,100000000.0,0.0,0.0,0.0,0.0,0.0,0.0,0.0,0.0,0.0,133.81734443828464,0.32731233477149463,0.32731233477149463,141,0.0,217.81733106378766,False,0.1383919273477493,1.2746367556065703,0.1,5,3.0,4.0,0.1,2,141.56020301301893,0.0,0.35009669652244924,0.0,2,0.0,-0.23285213105962196,524288.0,5242880.0,1,,327.31233477149465,0.1703125,3.4269358217716217,217.8173310637877,10,2
852.0403586493867,2,1.0,0.0,0.0,0.0,0.0,0.0,0.0,0.0,20000000.0,0.0,0.0,0.0,0.0,0.0,0.0,0.0,0.0,0.0,142.97641022130847,0.995016768870695,0.995016768870695,141,0.0,852.0403586493867,False,0.11277587956395072,1.038704236532979,0.1,5,3.0,4.0,0.1,2,586.685037968492,0.0,0.3114351544350823,0.0,2,0.0,-0.5538963242173228,524288.0,5242880.0,2,,995.016768870695,0.1671875,3.5094700157642365,852.0403586493866,10,2
294.40414861586,2,1.0,0.0,0.0,0.0,0.0,0.0,0.0,0.0,100000000.0,0.0,0.0,0.0,0.0,0.0,0.0,0.0,0.0,0.0,123.84687038138509,0.4182510189972451,0.4182510189972451,141,0.0,294.40414861586,False,0.12065261009561556,1.1112516057479493,0.1,5,3.0,4.0,0.1,2,145.8346812003159,0.0,0.5046446122245317,0.0,2,0.0,-0.2694518145464303,524288.0,5242880.0,3,,418.25101899724507,0.1671875,3.48038312792778,294.40414861586,10,2
239.90968403708462,7,1.0,0.0,0.0,0.0,0.0,0.0,0.0,0.0,100000000.0,0.0,0.0,0.0,0.0,0.0,0.0,0.0,0.0,0.0,147.048176266253,0.38136517278220783,0.38136517278220783,142,0.0,239.90968403708462,False,0.1383919273477493,1.2746367556065703,0.1,5,3.0,4.0,0.1,2,121.3492742285218,0.0,0.49418767851920503,0.0,2,0.0,-0.25987855006497856,524288.0,5242880.0,1,,381.3651727822078,0.19375,3.2774240970611572,239.90968403708465,10,2
905.4587173599793,2,1.0,0.0,0.0,0.0,0.0,0.0,0.0,0.0,20000000.0,0.0,0.0,0.0,0.0,0.0,0.0,0.0,0.0,0.0,119.21740276739001,1.01430700228997,1.01430700228997,142,0.0,905.4587173599793,False,0.11277587956395072,1.038704236532979,0.1,5,3.0,4.0,0.1,2,594.7767101612934,0.0,0.34312111777390886,0.0,2,0.0,-0.5635414409269603,524288.0,5242880.0,2,,1014.3070022899701,0.1625,3.3975393772125244,905.4587173599793,10,2
323.551475890697,2,1.0,0.0,0.0,0.0,0.0,0.0,0.0,0.0,100000000.0,0.0,0.0,0.0,0.0,0.0,0.0,0.0,0.0,0.0,148.90406467020512,0.47245554056090217,0.47245554056090217,142,0.0,323.551475890697,False,0.12065261009561556,1.1112516057479493,0.1,5,3.0,4.0,0.1,2,155.33771111999016,0.0,0.5198979986341747,0.0,2,0.0,-0.29655407532825884,524288.0,5242880.0,3,,472.4555405609022,0.1765625,3.4065277576446533,323.5514758906971,10,2
173.36561286389366,7,1.0,0.0,0.0,0.0,0.0,0.0,0.0,0.0,100000000.0,0.0,0.0,0.0,0.0,0.0,0.0,0.0,0.0,0.0,113.22311218827963,0.2865887250521733,0.2865887250521733,143,0.0,173.36561286389366,False,0.1383919273477493,1.2746367556065703,0.1,5,3.0,4.0,0.1,2,114.72935628956738,0.0,0.3382231089873664,0.0,2,0.0,-0.2124903261999613,524288.0,5242880.0,1,,286.5887250521733,0.1671875,3.389123171567917,173.3656128638937,10,2
1870.5973275758122,2,1.0,0.0,0.0,0.0,0.0,0.0,0.0,0.0,20000000.0,0.0,0.0,0.0,0.0,0.0,0.0,0.0,0.0,0.0,144.73455166444182,2.0031646522514324,2.0031646522514324,143,0.0,1870.5973275758122,False,0.11277587956395072,1.038704236532979,0.1,5,3.0,4.0,0.1,2,715.6569502773856,0.0,0.6174179553625064,0.0,2,0.0,-1.0579702659076915,524288.0,5242880.0,2,,2003.1646522514325,0.1765625,3.3669587671756744,1870.5973275758126,10,2
597.2170975602145,2,1.0,0.0,0.0,0.0,0.0,0.0,0.0,0.0,100000000.0,0.0,0.0,0.0,0.0,0.0,0.0,0.0,0.0,0.0,124.32581000030041,0.7170316764696415,0.7170316764696415,143,0.0,597.2170975602145,False,0.12065261009561556,1.1112516057479493,0.1,5,3.0,4.0,0.1,2,174.40729279728595,0.0,0.7079666782652663,0.0,2,0.0,-0.41884214328262853,524288.0,5242880.0,3,,717.0316764696415,0.1859375,3.365003377199173,597.2170975602146,10,2
191.53047320036933,7,1.0,0.0,0.0,0.0,0.0,0.0,0.0,0.0,100000000.0,0.0,0.0,0.0,0.0,0.0,0.0,0.0,0.0,0.0,147.60541776195168,0.33441697768489165,0.33441697768489165,144,0.0,191.53047320036933,False,0.1383919273477493,1.2746367556065703,0.1,5,3.0,4.0,0.1,2,138.6784079732231,0.0,0.27594598574324586,0.0,2,0.0,-0.23640445251632047,524288.0,5242880.0,1,,334.41697768489166,0.196875,3.3218785226345062,191.53047320036933,10,2
722.9374976368139,2,1.0,0.0,0.0,0.0,0.0,0.0,0.0,0.0,20000000.0,0.0,0.0,0.0,0.0,0.0,0.0,0.0,0.0,0.0,130.53830480203032,0.8462641065479707,0.8462641065479707,144,0.0,722.9374976368139,False,0.11277587956395072,1.038704236532979,0.1,5,3.0,4.0,0.1,2,558.7137111301937,0.0,0.22716180450377216,0.0,2,0.0,-0.4795199930559607,524288.0,5242880.0,2,,846.2641065479706,0.1640625,3.469264715909958,722.937497636814,10,2
123.6631154689422,2,1.0,0.0,0.0,0.0,0.0,0.0,0.0,0.0,100000000.0,0.0,0.0,0.0,0.0,0.0,0.0,0.0,0.0,0.0,133.44556279480457,0.2524423071753889,0.2524423071753889,144,0.0,123.6631154689422,False,0.12065261009561556,1.1112516057479493,0.1,5,3.0,4.0,0.1,2,107.01922938158545,0.0,0.13459054483822083,0.0,2,0.0,-0.18654745863550223,524288.0,5242880.0,3,,252.4423071753889,0.165625,3.3912720382213593,123.66311546894218,10,2
286.76526466461706,7,1.0,0.0,0.0,0.0,0.0,0.0,0.0,0.0,100000000.0,0.0,0.0,0.0,0.0,0.0,0.0,0.0,0.0,0.0,136.29935029894114,0.41719753280359195,0.41719753280359195,145,0.0,286.76526466461706,False,0.1383919273477493,1.2746367556065703,0.1,5,3.0,4.0,0.1,2,134.11341557973168,0.0,0.5323233595373468,0.0,2,0.0,-0.2777947300756706,524288.0,5242880.0,1,,417.19753280359197,0.1953125,3.315728038549423,286.76526466461706,10,2
827.6409860117883,2,1.0,0.0,0.0,0.0,0.0,0.0,0.0,0.0,20000000.0,0.0,0.0,0.0,0.0,0.0,0.0,0.0,0.0,0.0,129.8564220778644,0.9535225424333066,0.9535225424333066,145,0.0,827.6409860117883,False,0.11277587956395072,1.038704236532979,0.1,5,3.0,4.0,0.1,2,614.4192747774313,0.0,0.2576258484512994,0.0,2,0.0,-0.5331492109986287,524288.0,5242880.0,2,,953.5225424333066,0.190625,3.394144058227539,827.6409860117883,10,2
134.13830221104382,2,1.0,0.0,0.0,0.0,0.0,0.0,0.0,0.0,100000000.0,0.0,0.0,0.0,0.0,0.0,0.0,0.0,0.0,0.0,128.20405280217528,0.26234235501321906,0.26234235501321906,145,0.0,134.13830221104382,False,0.12065261009561556,1.1112516057479493,0.1,5,3.0,4.0,0.1,2,108.85311827363876,0.0,0.18850084965011044,0.0,2,0.0,-0.19149748255441731,524288.0,5242880.0,3,,262.34235501321905,0.1671875,3.4202232360839844,134.1383022110438,10,2
218.99185409503224,7,1.0,0.0,0.0,0.0,0.0,0.0,0.0,0.0,100000000.0,0.0,0.0,0.0,0.0,0.0,0.0,0.0,0.0,0.0,131.85738865286112,0.3326473770263994,0.3326473770263994,146,0.0,218.99185409503224,False,0.1383919273477493,1.2746367556065703,0.1,5,3.0,4.0,0.1,2,132.13063001732218,0.0,0.3966413473992341,0.0,2,0.0,-0.23551965218707435,524288.0,5242880.0,1,,332.6473770263994,0.1875,3.3349217772483826,218.99185409503224,10,2
887.3375903636487,2,1.0,0.0,0.0,0.0,0.0,0.0,0.0,0.0,20000000.0,0.0,0.0,0.0,0.0,0.0,0.0,0.0,0.0,0.0,134.76252369582653,1.0221001140594754,1.0221001140594754,146,0.0,887.3375903636487,False,0.11277587956395072,1.038704236532979,0.1,5,3.0,4.0,0.1,2,592.8194592580531,0.0,0.33191215418350095,0.0,2,0.0,-0.567437996811713,524288.0,5242880.0,2,,1022.1001140594755,0.1875,3.417749971151352,887.3375903636489,10,2
247.5820627645203,2,1.0,0.0,0.0,0.0,0.0,0.0,0.0,0.0,100000000.0,0.0,0.0,0.0,0.0,0.0,0.0,0.0,0.0,0.0,115.89615372940898,0.36316702297186343,0.36316702297186343,146,0.0,247.5820627645203,False,0.12065261009561556,1.1112516057479493,0.1,5,3.0,4.0,0.1,2,127.98173487891249,0.0,0.48307347693181557,0.0,2,0.0,-0.2419098165337395,524288.0,5242880.0,3,,363.16702297186345,0.1921875,3.3226029872894287,247.58206276452032,10,2
292.96552602469643,7,1.0,0.0,0.0,0.0,0.0,0.0,0.0,0.0,100000000.0,0.0,0.0,0.0,0.0,0.0,0.0,0.0,0.0,0.0,140.00142784789205,0.43197033673792806,0.43197033673792806,147,0.0,292.96552602469643,False,0.1383919273477493,1.2746367556065703,0.1,5,3.0,4.0,0.1,2,127.87392823600749,0.0,0.563518855029967,0.0,2,0.0,-0.2851811320428387,524288.0,5242880.0,1,,431.97033673792805,0.1640625,3.452841281890869,292.9655260246965,10,2
890.7839132000478,2,1.0,0.0,0.0,0.0,0.0,0.0,0.0,0.0,20000000.0,0.0,0.0,0.0,0.0,0.0,0.0,0.0,0.0,0.0,109.41345198079944,1.0001973651808471,1.0001973651808471,147,0.0,890.7839132000478,False,0.11277587956395072,1.038704236532979,0.1,5,3.0,4.0,0.1,2,591.4188043320199,0.0,0.3360692805874661,0.0,2,0.0,-0.5564866223723989,524288.0,5242880.0,2,,1000.1973651808471,0.1921875,3.3507523834705353,890.7839132000477,10,2
237.26243798345965,2,1.0,0.0,0.0,0.0,0.0,0.0,0.0,0.0,100000000.0,0.0,0.0,0.0,0.0,0.0,0.0,0.0,0.0,0.0,149.81048041954637,0.37720160552025483,0.37720160552025483,147,0.0,237.26243798345965,False,0.12065261009561556,1.1112516057479493,0.1,5,3.0,4.0,0.1,2,145.27810627672733,0.0,0.38769024076682906,0.0,2,0.0,-0.2489271078079352,524288.0,5242880.0,3,,377.2016055202548,0.1734375,3.3710456490516663,237.26243798345968,10,2
305.4580705832358,7,1.0,0.0,0.0,0.0,0.0,0.0,0.0,0.0,100000000.0,0.0,0.0,0.0,0.0,0.0,0.0,0.0,0.0,0.0,120.12923834845424,0.4159369844603952,0.4159369844603952,148,0.0,305.4580705832358,False,0.1383919273477493,1.2746367556065703,0.1,5,3.0,4.0,0.1,2,149.91502605295938,0.0,0.5092124239287098,0.0,2,0.0,-0.27716445590407224,524288.0,5242880.0,1,,415.9369844603952,0.1765625,3.308808773756027,305.45807058323584,10,2
700.6619353919003,2,1.0,0.0,0.0,0.0,0.0,0.0,0.0,0.0,20000000.0,0.0,0.0,0.0,0.0,0.0,0.0,0.0,0.0,0.0,144.73676588386297,0.8437115373230253,0.8437115373230253,148,0.0,700.6619353919003,False,0.11277587956395072,1.038704236532979,0.1,5,3.0,4.0,0.1,2,569.2260274554183,0.0,0.1875881952442103,0.0,2,0.0,-0.478243708443488,524288.0,5242880.0,2,,843.7115373230253,0.1890625,3.3301234543323517,700.6619353919003,10,2
153.0252389171148,2,1.0,0.0,0.0,0.0,0.0,0.0,0.0,0.0,100000000.0,0.0,0.0,0.0,0.0,0.0,0.0,0.0,0.0,0.0,116.28238763660192,0.2693076265537167,0.2693076265537167,148,0.0,153.0252389171148,False,0.12065261009561556,1.1112516057479493,0.1,5,3.0,4.0,0.1,2,118.19721197525129,0.0,0.22759661862529673,0.0,2,0.0,-0.19498011832466614,524288.0,5242880.0,3,,269.3076265537167,0.1890625,3.249830424785614,153.0252389171148,10,2
167.914653815652,7,1.0,0.0,0.0,0.0,0.0,0.0,0.0,0.0,100000000.0,0.0,0.0,0.0,0.0,0.0,0.0,0.0,0.0,0.0,127.36478913575411,0.29442763204159844,0.29442763204159844,149,0.0,167.914653815652,False,0.1383919273477493,1.2746367556065703,0.1,5,3.0,4.0,0.1,2,123.38769806065685,0.0,0.2651761162184204,0.0,2,0.0,-0.21640977969467387,524288.0,5242880.0,1,,294.42763204159843,0.1625,3.333075225353241,167.914653815652,10,2
817.3681458553757,2,1.0,0.0,0.0,0.0,0.0,0.0,0.0,0.0,20000000.0,0.0,0.0,0.0,0.0,0.0,0.0,0.0,0.0,0.0,133.5003860294819,0.9477059178149786,0.9477059178149786,149,0.0,817.3681458553757,False,0.11277587956395072,1.038704236532979,0.1,5,3.0,4.0,0.1,2,600.4430627367759,0.0,0.26539458898485413,0.0,2,0.0,-0.5302408986894647,524288.0,5242880.0,2,,947.7059178149786,0.165625,3.340936064720154,817.3681458553758,10,2
184.34215569411927,2,1.0,0.0,0.0,0.0,0.0,0.0,0.0,0.0,100000000.0,0.0,0.0,0.0,0.0,0.0,0.0,0.0,0.0,0.0,132.30301113799214,0.3166451668321114,0.3166451668321114,149,0.0,184.34215569411927,False,0.12065261009561556,1.1112516057479493,0.1,5,3.0,4.0,0.1,2,121.87021704836735,0.0,0.33889122328271026,0.0,2,0.0,-0.2186488884638635,524288.0,5242880.0,3,,316.6451668321114,0.1734375,3.3497417271137238,184.3421556941193,10,2
157.52843217473279,7,1.0,0.0,0.0,0.0,0.0,0.0,0.0,0.0,100000000.0,0.0,0.0,0.0,0.0,0.0,0.0,0.0,0.0,0.0,125.00290386378765,0.27966864462490926,0.27966864462490926,150,0.0,157.52843217473279,False,0.1383919273477493,1.2746367556065703,0.1,5,3.0,4.0,0.1,2,113.6329620755002,0.0,0.2786510948737374,0.0,2,0.0,-0.20903028598632928,524288.0,5242880.0,1,0.16171875,279.66864462490923,0.225,3.2604773342609406,157.5284321747328,10,2
1105.586990158499,2,1.0,0.0,0.0,0.0,0.0,0.0,0.0,0.0,20000000.0,0.0,0.0,0.0,0.0,0.0,0.0,0.0,0.0,0.0,133.89773992821574,1.228212442624808,1.228212442624808,150,0.0,1105.586990158499,False,0.11277587956395072,1.038704236532979,0.1,5,3.0,4.0,0.1,2,654.3763803773286,0.0,0.40811859563984554,0.0,2,0.0,-0.6704941610943793,524288.0,5242880.0,2,0.16171875,1228.212442624808,0.2109375,3.251460373401642,1105.586990158499,10,2
209.29230011994036,2,1.0,0.0,0.0,0.0,0.0,0.0,0.0,0.0,100000000.0,0.0,0.0,0.0,0.0,0.0,0.0,0.0,0.0,0.0,133.10905173420906,0.34045767419034634,0.34045767419034634,150,0.0,209.29230011994036,False,0.12065261009561556,1.1112516057479493,0.1,5,3.0,4.0,0.1,2,138.46532549737802,0.0,0.33841175514805427,0.0,2,0.0,-0.23055514214298095,524288.0,5242880.0,3,0.16171875,340.4576741903463,0.215625,3.265572339296341,209.2923001199404,10,2
