available_migs,bandwidth_allocation_sum,bandwidth_hz,bandwidth_unused,bandwidth_violation,cluster_size_violation,compute_delay_ms,delay,epoch,is_warmup,kl_sum,max_bandwidth_share,mean_l1,mean_l2,min_bandwidth_share,penalty,reward,smashed_data_bytes_per_client_mean,smashed_data_bytes_total,station_id,test_accuracy,total_delay_ms,train_accuracy,train_loss,tx_delay_ms,vehicle_count
2,1.0,100000000.0,0.0,8.195638656616211e-08,0.0,314.0554000856355,2.6871102634207378,1,True,1.4906858237123026,0.6345909833908081,3.4,5.4,0.010042905807495117,8.195638656616211e-08,-2.0888981255229067,498073.6,4980736.0,1,,2687.1102634207377,0.028125,4.587361752986908,2414.8426634231614,10
2,1.0,100000000.0,0.0,6.51925802230835e-09,0.0,227.63989999657497,3.231287647145248,1,True,1.2399082181696786,0.3761736750602722,1.7,4.1,0.010001599788665771,6.51925802230835e-09,-2.2355979391767216,1048576.0,10485760.0,2,,3231.2876471452482,0.01875,4.6642149686813354,3141.1212471331537,10
2,0.9999999403953552,100000000.0,5.960464477539063e-08,0.0,0.0,227.46710001956671,3.6092475922390292,1,True,1.1873657082290694,0.6264379024505615,2.4,4.0,0.010055124759674072,0.0,-2.3983066502340495,681574.4,6815744.0,3,,3609.2475922390295,0.0296875,4.5597719073295595,3519.7162922898715,10
2,1.0,100000000.0,0.0,3.725290298461914e-09,0.0,188.85439989389852,2.186687223561276,2,True,1.3915229180063657,0.742621660232544,3.4,4.4,0.01000356674194336,3.725290298461914e-09,-1.7891050745091113,419430.4,4194304.0,1,,2186.6872235612764,0.028125,4.451355290412903,1997.8328236673779,10
2,1.0,100000000.0,0.0,8.381903171539307e-09,0.0,227.64519997872412,0.9725906690042572,2,True,1.2750640937557072,0.7498099207878113,4.0,5.7,0.01002037525177002,8.381903171539307e-09,-1.1238273897618853,262144.0,2621440.0,2,,972.5906690042572,0.0203125,4.52146714925766,744.945469025533,10
2,1.0,100000000.0,0.0,5.21540641784668e-08,0.0,227.3642999934964,2.6901300751545953,2,True,1.25259672121255,0.8205335736274719,3.4,5.4,0.01000346802175045,5.21540641784668e-08,-1.9713634503376367,498073.6,4980736.0,3,,2690.1300751545955,0.03125,4.441501557826996,2599.6352752030384,10
2,1.0,100000000.0,0.0,2.2351741790771484e-08,0.0,293.0639000260271,2.9861625357762733,3,True,2.127558012528432,0.5716466903686523,2.0,5.0,0.010012984275817871,2.2351741790771484e-08,-2.5568602965040945,1048576.0,10485760.0,1,,2986.162535776273,0.0203125,4.411448669433594,2693.098635750246,10
2,0.9999999403953552,100000000.0,5.960464477539063e-08,0.0,0.0,330.029999895487,0.6801319867400886,3,True,0.23262930172816065,0.4331534802913666,5.0,6.0,0.010002315044403076,0.0,-0.4563806442341246,131072.0,1310720.0,2,,680.1319867400886,0.01875,4.4934539794921875,350.10198684460164,10
2,1.0,100000000.0,0.0,5.774199962615967e-08,0.0,263.8800000422634,1.627406402358087,3,True,1.6248645830697528,0.7067881226539612,3.0,4.0,0.010006487369537354,5.774199962615967e-08,-1.6261355504559196,524288.0,5242880.0,3,,1627.406402358087,0.0328125,4.405026435852051,1363.5264023158236,10
2,1.0,100000000.0,0.0,0.0,0.0,228.29220001585782,3.959591986622871,4,True,1.414110605450928,0.728196918964386,2.0,4.0,0.010003983974456787,0.0,-2.6868512960368998,1048576.0,10485760.0,1,,3959.591986622871,0.0390625,4.440757989883423,3731.299786607013,10
2,1.0,100000000.0,0.0,3.91155481338501e-08,0.0,190.5752999591641,2.279003640501482,4,True,1.0747193311106313,0.4874210059642792,0.4,4.4,0.010026991367340088,3.91155481338501e-08,-1.6768615249216048,448921.6,4489216.0,2,,2279.003640501482,0.0390625,4.531938219070435,2157.2042404834197,10
2,1.0,100000000.0,0.0,0.0,0.0,263.8340000412427,0.5489600388961642,4,True,1.3924119055332518,0.6797745227813721,5.0,6.0,0.010028362274169922,0.0,-0.970685972214708,131072.0,1310720.0,3,,548.9600388961642,0.021875,4.415939736366272,327.0219423587052,10
2,1.0,100000000.0,0.0,2.7939677238464355e-08,0.0,188.71640000725165,2.5098868358326154,5,True,1.2294470861629998,0.7356081008911133,2.4,4.4,0.01000833511352539,2.7939677238464355e-08,-1.8696669889374848,838860.8,8388608.0,1,,2509.8868358326154,0.034375,4.4412017345428465,2321.1704358253637,10
2,1.0,100000000.0,0.0,0.0,0.0,160.08829994825646,2.403693435994588,5,True,1.054030011123141,0.6687002182006836,3.5,5.0,0.010007262229919434,0.0,-1.7288617235588646,589824.0,5898240.0,2,,2403.693435994588,0.0296875,4.513475656509399,2246.0681359415466,10
2,1.0,100000000.0,0.0,0.0,0.0,191.18280004477128,2.4904576424337885,5,True,1.2366190229957992,0.44766613841056824,2.6,4.2,0.010088324546813965,0.0,-1.8635383327147939,734003.2,7340032.0,3,,2490.4576424337884,0.03125,4.403333902359009,2369.1125424407383,10
2,1.0,100000000.0,0.0,4.6566128730773926e-08,0.0,190.5517999548465,3.190144746140509,6,False,1.3560370202811947,0.6973094344139099,2.6,4.2,0.010012960061430931,4.6566128730773926e-08,-2.2730909297769806,681574.4,6815744.0,1,,3190.144746140509,0.021875,4.345803618431091,2999.5929461856626,10
2,0.9999999403953552,100000000.0,5.960464477539063e-08,0.0,0.0,266.6150000295602,0.8637755981789108,6,False,1.3005533666561093,0.7216956615447998,3.2,5.0,0.010029494762420654,0.0,-1.08216448241751,219545.6,2195456.0,2,,863.7755981789109,0.0234375,4.478081560134887,597.1605981493507,10
2,1.0,100000000.0,0.0,0.0,0.0,264.13169997977093,4.701680955039536,6,False,1.6924747620935985,0.772784411907196,2.2,5.2,0.010003268718719482,0.0,-3.1970778585665673,943718.4,9437184.0,3,,4701.680955039536,0.046875,4.3821798920631405,4437.549255059765,10
2,1.0,100000000.0,0.0,1.862645149230957e-09,0.0,161.21200006455183,0.8446261968303884,7,False,1.290497407144311,0.43167632818222046,4.5,5.5,0.010007500648498535,1.862645149230957e-09,-1.0675618038499948,196608.0,1966080.0,1,,844.6261968303884,0.0265625,4.350550532341003,683.4141967658366,10
2,0.9999999403953552,100000000.0,5.960464477539063e-08,0.0,0.0,191.1140000447631,0.8393963292663341,7,False,1.0684209816840056,0.750402569770813,4.0,5.6,0.010000288486480713,0.0,-0.9539086554751699,262144.0,2621440.0,2,,839.3963292663341,0.021875,4.524417161941528,648.282329221571,10
2,1.0,100000000.0,0.0,0.0,0.0,264.2507999553345,2.2382311273104594,7,False,1.6901180056439342,0.5642725825309753,4.4,5.4,0.010004639625549316,0.0,-1.9641745664771968,314572.8,3145728.0,3,,2238.231127310459,0.0328125,4.4402930498123165,2166.474527373825,10
2,1.0,100000000.0,0.0,0.0,0.0,330.4805000079796,3.0197445005334558,8,False,0.34417205811550006,0.8156511783599854,2.0,4.0,0.01000446081161499,0.0,-1.6819582793244778,1048576.0,10485760.0,1,,3019.7445005334557,0.0453125,4.29863715171814,2689.264000525476,10
2,1.0,100000000.0,0.0,0.0,0.0,191.81199988815933,5.508534291183321,8,False,1.0884116125531316,0.7536895871162415,0.6,3.2,0.01000666618347168,0.0,-3.2984729518682263,648806.4,6488064.0,2,,5508.534291183321,0.0375,4.434583568572998,5316.722291295162,10
2,1.0,100000000.0,0.0,2.7939677238464355e-09,0.0,190.83989993669093,2.2298721557056465,8,False,1.3145082695137533,0.6326426863670349,2.2,4.8,0.010016798973083496,2.7939677238464355e-09,-1.7721902154036675,734003.2,7340032.0,3,,2229.8721557056465,0.05625,4.335914826393127,2107.755255714704,10
2,1.0,100000000.0,0.0,0.0,0.0,161.57630004454404,1.906422476965954,9,False,1.3279160996905475,0.5395220518112183,3.0,5.0,0.010001599788665771,0.0,-1.6171692883282507,655360.0,6553600.0,1,,1906.4224769659538,0.0484375,4.273374497890472,1744.8461769214098,10
2,1.0,100000000.0,0.0,0.0,0.0,264.14630003273487,4.371603373274125,9,False,1.4426058584963457,0.7229847311973572,1.6,4.2,0.010010957717895508,0.0,-2.907104615885235,848691.2,8486912.0,2,,4371.603373274125,0.040625,4.371978282928467,4107.45707324139,10
2,1.0,100000000.0,0.0,4.6566128730773926e-08,0.0,161.85230005066842,3.0165149193627707,9,False,1.1442493132431564,0.7646156549453735,3.0,5.5,0.010006964206695557,4.6566128730773926e-08,-2.080382162869092,589824.0,5898240.0,3,,3016.514919362771,0.0515625,4.336668372154236,2854.6626193121024,10
2,1.0,100000000.0,0.0,5.122274160385132e-08,0.0,188.86320007732138,2.7737743694467265,10,False,1.3181334467686743,0.5868175029754639,2.2,5.0,0.010012209415435791,5.122274160385132e-08,-2.045953959330442,734003.2,7340032.0,1,0.01171875,2773.7743694467267,0.0359375,4.256233048439026,2648.6500694897754,10
2,1.0,100000000.0,0.0,7.450580596923828e-09,0.0,292.57430002326146,4.046411150262784,10,False,1.7447246344426217,0.832385778427124,3.8,5.9,0.010005474090576172,7.450580596923828e-09,-2.8955678998032837,340787.2,3407872.0,2,0.01171875,4046.4111502627843,0.0515625,4.405026161670685,3989.3178503374575,10
2,1.0,100000000.0,0.0,0.0,0.0,166.00570001173764,4.096734252354536,10,False,1.1500491122355458,0.5344578623771667,2.0,4.0,0.0101470947265625,0.0,-2.6233916822950407,786432.0,7864320.0,3,0.01171875,4096.734252354536,0.0546875,4.311576962471008,3938.4124524113126,10
2,1.0,100000000.0,0.0,2.9802322387695312e-08,0.0,161.72530001495034,1.7670772987228638,11,False,1.3296980384539183,0.5402089953422546,4.0,6.0,0.010007023811340332,2.9802322387695312e-08,-1.5483876983907134,327680.0,3276800.0,1,,1767.0772987228638,0.01875,4.505591511726379,1608.2872987652017,10
2,1.0,100000000.0,0.0,7.264316082000732e-08,0.0,189.1749000060372,3.3517496109903218,11,False,1.0894700440324456,0.7634792923927307,2.8,5.0,0.010014533996582031,7.264316082000732e-08,-2.2206099001545443,734003.2,7340032.0,2,,3351.749610990322,0.0125,4.603369951248169,3162.5747109842846,10
2,1.0,100000000.0,0.0,2.1420419216156006e-08,0.0,291.45699995569885,1.5165738923884056,11,False,1.717022053777259,0.649465799331665,4.8,5.9,0.010066092014312744,2.1420419216156006e-08,-1.6167979945032513,170393.6,1703936.0,3,,1516.5738923884055,0.0171875,4.524147307872772,1459.5757924312784,10
2,1.0,100000000.0,0.0,6.426125764846802e-08,0.0,190.84350008051842,2.1807287449100574,12,False,1.2642511175587225,0.6412687301635742,1.8,4.0,0.010091066360473633,6.426125764846802e-08,-1.7224899954956476,838860.8,8388608.0,1,,2180.7287449100572,0.025,4.35308940410614,1989.8852448295393,10
2,1.0,100000000.0,0.0,7.450580596923828e-08,0.0,190.95760001800954,0.7064616485619086,12,False,1.000012906325527,0.5640259385108948,5.0,6.0,0.0100020170211792,7.450580596923828e-08,-0.8532373519495238,131072.0,1310720.0,2,,706.4616485619086,0.028125,4.509286904335022,515.5040485438991,10
2,1.0,100000000.0,0.0,8.381903171539307e-09,0.0,227.39399987040088,1.1657170636030463,12,False,1.2947319122898282,0.6291624307632446,4.0,5.0,0.010082244873046875,8.381903171539307e-09,-1.2302244963283404,262144.0,2621440.0,3,,1165.7170636030462,0.034375,4.395570468902588,938.3230637326454,10
2,1.0,100000000.0,0.0,2.9802322387695312e-08,0.0,365.140599955339,0.8039221188333813,13,False,1.2567797134173708,0.6222483515739441,4.4,6.0,0.016405276954174042,2.9802322387695312e-08,-1.0303509459276985,209715.2,2097152.0,1,,803.9221188333813,0.021875,4.359343791007996,438.7815188780423,10
2,1.0000001192092896,100000000.0,-1.1920928955078125e-07,1.043081283569336e-07,0.0,261.59719994757324,0.3912663059324813,13,False,1.4426058584963457,0.27822455763816833,4.6,5.8,0.020922981202602386,1.043081283569336e-07,-0.9169361865225418,209715.2,2097152.0,2,,391.2663059324813,0.015625,4.4225012302398685,317.2211760012675,10
2,0.9999999403953552,100000000.0,5.960464477539063e-08,0.0,0.0,227.02419996494427,0.3994672673684644,13,False,1.252132350484546,0.23993463814258575,4.4,5.7,0.028584156185388565,0.0,-0.8257998089265053,249036.8,2490368.0,3,,399.4672673684644,0.0171875,4.421048367023468,309.60076736985764,10
2,1.0,100000000.0,0.0,3.725290298461914e-08,0.0,261.61440002033487,1.2319698664152163,14,False,1.661025643253524,0.3064481317996979,2.6,3.6,0.021264217793941498,3.725290298461914e-08,-1.446497792087273,629145.6,6291456.0,1,,1231.9698664152163,0.01875,4.368363666534424,970.3554663948813,10
2,1.0,100000000.0,0.0,0.0,0.0,188.27789998613298,1.6054955883050428,14,False,1.1283409684329309,0.4856956899166107,2.2,5.4,0.012794362381100655,0.0,-1.3669182783689868,734003.2,7340032.0,2,,1605.4955883050427,0.025,4.482655882835388,1417.2176883189097,10
2,0.9999998807907104,100000000.0,1.1920928955078125e-07,0.0,0.0,225.33050004858524,1.6841975131788078,14,False,1.252132350484546,0.263484388589859,1.9,6.0,0.01467682421207428,0.0,-1.468164931831677,812646.4,8126464.0,3,,1684.1975131788079,0.0234375,4.41522707939148,1458.8670131302226,10
2,1.0,100000000.0,0.0,2.60770320892334e-08,0.0,188.69409995386377,0.27949484078644377,15,False,1.2998518994611032,0.28461116552352905,4.6,6.0,0.028088761493563652,2.60770320892334e-08,-0.7896733962008056,183500.8,1835008.0,1,,279.4948407864438,0.03125,4.356755948066711,144.72687996180423,10
2,1.0,100000000.0,0.0,2.0489096641540527e-08,0.0,263.17740010563284,1.0703636361250017,15,False,1.3176264639924544,0.4066135585308075,3.6,4.6,0.016528844833374023,2.0489096641540527e-08,-1.1939950705478246,419430.4,4194304.0,2,,1070.3636361250017,0.034375,4.4356348514556885,996.8209362087135,10
2,1.0,100000000.0,0.0,3.725290298461914e-08,0.0,191.2163000088185,0.7460430527089563,15,False,1.234810368861952,0.3752988576889038,3.8,4.8,0.0201251320540905,3.725290298461914e-08,-0.9904267480383572,367001.6,3670016.0,3,,746.0430527089563,0.028125,4.442988920211792,554.8267527001378,10
2,1.0,100000000.0,0.0,6.146728992462158e-08,0.0,188.58230003388599,1.5701582060623287,16,False,1.315258644237341,0.3015032112598419,1.6,4.8,0.016628524288535118,6.146728992462158e-08,-1.442708486617125,1048576.0,10485760.0,1,,1570.1582060623286,0.0296875,4.2971186399459835,1446.563105991513,10
2,0.9999999403953552,100000000.0,5.960464477539063e-08,0.0,0.0,160.86490004090592,0.3707627250370729,16,False,0.9787110271948178,0.2810862958431244,4.5,6.0,0.02334274724125862,0.0,-0.6747368761159453,196608.0,1966080.0,2,,370.7627250370729,0.0453125,4.37995707988739,212.87092499203715,10
2,0.9999999403953552,100000000.0,5.960464477539063e-08,0.0,0.0,190.79190003685653,1.1523495848217307,16,False,1.1945417280698856,0.2240072339773178,3.8,4.8,0.02785261534154415,0.0,-1.173445656445808,498073.6,4980736.0,3,,1152.3495848217306,0.03125,4.375886154174805,1027.6849848144946,10
2,1.0,100000000.0,0.0,3.5390257835388184e-08,0.0,188.5819000308402,1.479528006328032,17,False,1.2755662146788063,0.22706496715545654,1.6,4.8,0.01615794189274311,3.5390257835388184e-08,-1.377547145893677,1048576.0,10485760.0,1,,1479.528006328032,0.0328125,4.366961145401001,1290.9461062971918,10
2,1.0,100000000.0,0.0,0.0,0.0,225.33100005239248,1.2649364615253802,17,False,1.1103361448451379,0.25614383816719055,1.4,2.4,0.020197752863168716,0.0,-1.187636303185259,748748.8,7487488.0,2,,1264.9364615253803,0.0375,4.391304922103882,1039.6054614729878,10
2,1.0,100000000.0,0.0,2.2351741790771484e-08,0.0,188.95880004856735,1.1520592303548998,17,False,1.1709407222569324,0.3222821354866028,3.4,5.6,0.017506182193756104,2.2351741790771484e-08,-1.161499998657658,498073.6,4980736.0,3,,1152.0592303548997,0.03125,4.3698735475540165,1027.167530364642,10
2,1.0,100000000.0,0.0,5.774199962615967e-08,0.0,190.82640000851825,1.3354767029225034,18,False,1.39973668135162,0.4713442623615265,2.4,5.2,0.01741357333958149,5.774199962615967e-08,-1.3676067498790614,838860.8,8388608.0,1,,1335.4767029225034,0.0453125,4.261223387718201,1144.6503029139851,10
2,1.0,100000000.0,0.0,1.862645149230957e-09,0.0,227.60209999978542,1.3479980137776164,18,False,1.1445092245475832,0.35914015769958496,2.7,4.6,0.01684844121336937,1.862645149230957e-09,-1.2462536210252448,681574.4,6815744.0,2,,1347.9980137776165,0.0265625,4.359008300304413,1257.4326137541375,10
2,0.9999998807907104,100000000.0,1.1920928955078125e-07,0.0,0.0,190.55479991948232,0.23208918477773172,18,False,1.1713699440084069,0.4796638488769531,0.0,4.0,0.017076043412089348,0.0,-0.7017295643930693,49152.0,491520.0,3,,232.0891847777317,0.0359375,4.3465887069702145,56.59176501824925,10
2,0.9999999403953552,100000000.0,5.960464477539063e-08,0.0,0.0,397.2803999786265,0.6711147410995006,19,False,1.2696166056846576,0.22932133078575134,3.8,5.4,0.022000649943947792,0.0,-0.9703656733920791,367001.6,3670016.0,1,,671.1147410995006,0.034375,4.264617872238159,457.1935410811245,10
2,1.0,100000000.0,0.0,0.0,0.0,160.09409993421286,0.8439967509332675,19,False,1.028612542484408,0.3234463930130005,3.0,5.0,0.03587934747338295,0.0,-0.9363046467088377,524288.0,5242880.0,2,,843.9967509332675,0.040625,4.382729887962341,686.1968509477194,10
2,1.0,100000000.0,0.0,0.0,0.0,160.31619993736967,0.27741086613201016,19,False,1.1501241023516124,0.35664495825767517,5.0,6.0,0.02803174965083599,0.0,-0.7137674842418114,131072.0,1310720.0,3,,277.41086613201014,0.0359375,4.347368597984314,119.7897661109496,10
2,1.0,100000000.0,0.0,2.0489096641540527e-08,0.0,160.15700000571087,1.9070424268100497,20,False,1.2159955320832982,0.48054903745651245,2.0,5.0,0.012125091627240181,2.0489096641540527e-08,-1.5615189999357706,786432.0,7864320.0,1,0.021875,1907.0424268100496,0.046875,4.238928020000458,1748.076426851013,10
2,0.9999999403953552,100000000.0,5.960464477539063e-08,0.0,0.0,190.55980001576245,1.0072215632959898,20,False,1.0109378433753053,0.20753240585327148,2.8,3.8,0.028180718421936035,0.0,-1.0090797033356476,734003.2,7340032.0,2,0.021875,1007.2215632959898,0.046875,4.314983677864075,816.6617632802274,10
2,1.0,100000000.0,0.0,2.60770320892334e-08,0.0,159.82800006167963,1.875773806100329,20,False,1.2032995593188613,0.4725388288497925,2.0,4.0,0.017888467758893967,2.60770320892334e-08,-1.5395367087866272,1048576.0,10485760.0,3,0.021875,1875.773806100329,0.0328125,4.292294889688492,1717.8010061370112,10
2,1.0,100000000.0,0.0,0.0,0.0,190.45270001515746,0.7900310133329845,21,False,1.3856420478742983,0.2596789598464966,0.6,5.2,0.020272471010684967,0.0,-1.0878365306036415,648806.4,6488064.0,1,,790.0310133329846,0.034375,4.444769930839539,599.5783133178271,10
2,0.9999999403953552,100000000.0,5.960464477539063e-08,0.0,0.0,225.55739991366863,0.6305791797178606,21,False,1.1445092245475832,0.23076306283473969,4.7,6.0,0.020337585359811783,0.0,-0.8875442021327219,170393.6,1703936.0,2,,630.5791797178606,0.03125,4.572784841060638,405.021779804192,10
2,1.0000001192092896,100000000.0,-1.1920928955078125e-07,7.636845111846924e-08,0.0,190.40880003012717,2.15976950682561,21,False,1.1520073391571053,0.4102077782154083,2.6,4.4,0.015897447243332863,7.636845111846924e-08,-1.6558884993598089,734003.2,7340032.0,3,,2159.7695068256103,0.0359375,4.463326716423035,2038.590306815236,10
2,0.9999999403953552,100000000.0,5.960464477539063e-08,3.725290298461914e-09,0.0,160.71439994266257,0.8962756120459804,22,False,1.2114154690954426,0.5303308367729187,3.0,5.0,0.01417684555053711,3.725290298461914e-09,-1.0538455442960017,524288.0,5242880.0,1,,896.2756120459804,0.0578125,4.238568603992462,738.5833121230522,10
2,0.9999999403953552,100000000.0,5.960464477539063e-08,0.0,0.0,229.29439996369183,0.6714400290799251,22,False,1.1784690909389552,0.25385305285453796,1.6,4.7,0.050688691437244415,0.0,-0.9249545600094402,891289.6,8912896.0,2,,671.440029079925,0.0421875,4.372407841682434,442.14562911623324,10
2,1.0,100000000.0,0.0,1.862645149230957e-09,0.0,160.05239996593446,0.5534686394656934,22,False,1.0954096319629476,0.22108027338981628,4.0,6.0,0.02642718330025673,1.862645149230957e-09,-0.8244391375769656,327680.0,3276800.0,3,,553.4686394656934,0.059375,4.27521425485611,395.41373951750995,10
2,1.0,100000000.0,0.0,4.470348358154297e-08,0.0,263.7118999264203,0.43181562496553016,23,False,1.6701542835913499,0.16727973520755768,3.4,4.8,0.035661861300468445,4.470348358154297e-08,-1.0509849989819235,419430.4,4194304.0,1,,431.81562496553016,0.046875,4.183888947963714,168.66475536978987,10
2,1.0,100000000.0,0.0,0.0,0.0,159.92569999070838,1.2075664411652454,23,False,1.1071165239165306,0.44948098063468933,0.5,4.0,0.02589767426252365,0.0,-1.1573414825408879,548864.0,5488640.0,2,,1207.5664411652454,0.053125,4.311480283737183,1047.640741174537,10
2,0.9999999403953552,100000000.0,5.960464477539063e-08,0.0,0.0,160.1539000403136,0.2530421314814649,23,False,1.150089737545819,0.2599470913410187,5.0,6.0,0.026265887543559074,0.0,-0.701565934513642,131072.0,1310720.0,3,,253.04213148146493,0.0390625,4.236888229846954,92.88823144115129,10
2,0.9999999403953552,100000000.0,5.960464477539063e-08,0.0,0.0,193.4204999706708,0.41561019387778564,24,False,1.3650592328022837,0.43771207332611084,1.6,3.6,0.022790517657995224,0.0,-0.8903347133400347,134348.8,1343488.0,1,,415.61019387778566,0.053125,4.1315861463546755,294.7672938670285,10
2,1.0,100000000.0,0.0,0.0,0.0,160.34100006800145,0.5843459094987702,24,False,1.0878197844044994,0.2086978405714035,4.0,5.0,0.022544100880622864,0.0,-0.8360828469516348,327680.0,3276800.0,2,,584.3459094987702,0.0359375,4.320830225944519,424.0049094307688,10
2,1.0,100000000.0,0.0,4.6566128730773926e-08,0.0,191.0755999851972,3.9183673454362156,24,False,1.1937342898698007,0.4034063518047333,1.6,4.2,0.011713655665516853,4.6566128730773926e-08,-2.556050864219137,1048576.0,10485760.0,3,,3918.3673454362156,0.0421875,4.2835039615631105,3797.453645468429,10
2,1.0,100000000.0,0.0,9.313225746154785e-09,0.0,475.8823999436572,1.4226010171214158,25,False,1.7282062781735412,0.22079290449619293,3.4,6.0,0.023339683189988136,9.313225746154785e-09,-1.5754036569607042,419430.4,4194304.0,1,,1422.601017121416,0.0515625,4.189254260063171,1322.3440170504193,10
2,1.0,100000000.0,0.0,0.0,0.0,161.42040002159774,0.8645375779428959,25,False,1.0464361893840766,0.20133066177368164,3.0,6.0,0.02693682722747326,0.0,-0.9554868836634862,589824.0,5898240.0,2,,864.5375779428958,0.040625,4.294445872306824,703.1171779212981,10
2,1.0,100000000.0,0.0,7.450580596923828e-09,0.0,227.69989998778328,0.2612510454504616,25,False,1.4227795795793696,0.20441219210624695,0.9,6.0,0.044277168810367584,7.450580596923828e-09,-0.8420153199654963,191692.8,1916928.0,3,,261.2510454504616,0.040625,4.156380885839463,171.25544540014636,10
2,1.0,100000000.0,0.0,2.2351741790771484e-08,0.0,188.68299998575822,1.53795102850992,26,False,1.3239621306191363,0.13992851972579956,2.8,3.8,0.05600745975971222,2.2351741790771484e-08,-1.4309566019162698,734003.2,7340032.0,1,,1537.95102850992,0.059375,4.156179571151734,1349.2680285241618,10
2,1.0,100000000.0,0.0,1.4901161193847656e-08,0.0,188.3426000131294,0.7479251913196513,26,False,1.0799488554844896,0.22868606448173523,3.4,5.2,0.022253014147281647,1.4901161193847656e-08,-0.9139370383032317,498073.6,4980736.0,2,,747.9251913196513,0.0421875,4.254871726036072,623.9542912976922,10
2,1.0,100000000.0,0.0,0.0,0.0,190.74609997915104,0.5154126298006123,26,False,1.1943777698862583,0.17703106999397278,4.2,6.0,0.039659202098846436,0.0,-0.8548951998434353,288358.4,2883584.0,3,,515.4126298006123,0.0453125,4.244956541061401,393.7182298835797,10
2,0.9999999403953552,100000000.0,5.960464477539063e-08,0.0,0.0,264.4367999746464,0.3700121650991793,27,False,1.705840263275657,0.3286362588405609,4.8,6.0,0.02783624827861786,0.0,-1.0379262141874182,157286.4,1572864.0,1,,370.0121650991793,0.0578125,4.059176993370056,120.26771260653324,10
2,1.0,100000000.0,0.0,0.0,0.0,227.3311000317335,0.8035624116535118,27,False,1.1977423709254662,0.24339373409748077,3.6,4.6,0.020478317514061928,0.0,-1.000652391289489,406323.2,4063232.0,2,,803.5624116535118,0.0578125,4.246931970119476,576.2313116217783,10
2,1.0,100000000.0,0.0,0.0,0.0,190.38340006954968,0.30860551351743604,27,False,1.2392640016837149,0.21396002173423767,5.0,6.0,0.03201088681817055,0.0,-0.7739347576005755,131072.0,1310720.0,3,,308.605513517436,0.0640625,4.213191652297974,118.22211344788633,10
2,1.0,100000000.0,0.0,0.0,0.0,187.88089993176982,0.22555972760102078,28,False,1.3712612956774208,0.5328763127326965,2.0,5.4,0.026422638446092606,0.0,-0.7984105116392208,81920.0,819200.0,1,,225.55972760102077,0.059375,4.077442145347595,86.40523982894129,10
2,1.000000238418579,100000000.0,-2.384185791015625e-07,1.1920928955078125e-07,0.0,160.04199994495139,0.34656836032522964,28,False,1.073140649568237,0.23754680156707764,4.0,5.5,0.03440578281879425,1.1920928955078125e-07,-0.7098546241560229,262144.0,2621440.0,2,,346.56836032522966,0.0546875,4.19930773973465,186.52636038027822,10
2,1.0,100000000.0,0.0,7.450580596923828e-09,0.0,161.33510001236573,0.7574650542727455,28,False,1.1674992391721764,0.2252095490694046,3.0,5.0,0.037594325840473175,7.450580596923828e-09,-0.9624821541730415,655360.0,6553600.0,3,,757.4650542727454,0.0515625,4.149963855743408,596.1299542603797,10
2,1.0,100000000.0,0.0,7.636845111846924e-08,0.0,190.85319997975603,0.9850409015007707,29,False,1.4576648077743795,0.3663291037082672,3.4,4.8,0.02029578760266304,7.636845111846924e-08,-1.2213529310060263,498073.6,4980736.0,1,,985.0409015007707,0.0484375,4.089994013309479,863.3813014412689,10
2,1.0,100000000.0,0.0,5.587935447692871e-09,0.0,225.22269998444244,2.0285629461689676,29,False,1.1688748316566575,0.21948935091495514,2.2,4.6,0.014557002112269402,5.587935447692871e-09,-1.598718894500748,773324.8,7733248.0,2,,2028.5629461689675,0.065625,4.205817949771881,1803.340246184525,10
2,1.0,100000000.0,0.0,5.21540641784668e-08,0.0,224.93349999422207,0.7661044398517473,29,False,1.2181729041117628,0.19060051441192627,1.9,3.9,0.02303687483072281,5.21540641784668e-08,-0.9921387241358193,812646.4,8126464.0,3,,766.1044398517472,0.0765625,4.092722654342651,541.1709398575251,10
2,1.0,100000000.0,0.0,6.332993507385254e-08,0.0,189.9517999845557,0.5367574933208346,30,False,1.2374062064073201,0.3456454575061798,3.6,5.4,0.025899065658450127,6.332993507385254e-08,-0.8870819131940124,367001.6,3670016.0,1,0.03828125,536.7574933208346,0.0578125,4.00654753446579,415.6653932751908,10
2,1.0,100000000.0,0.0,0.0,0.0,190.55349990958348,1.388716254273743,30,False,1.000012906325527,0.21265119314193726,2.2,4.8,0.04254703223705292,0.0,-1.194364580299635,734003.2,7340032.0,2,0.03828125,1388.716254273743,0.0640625,4.2311633110046385,1198.1627543641596,10
2,1.0,100000000.0,0.0,0.0,0.0,227.9907000483945,0.5782406637430747,30,False,1.2923970168216792,0.2534870207309723,3.6,6.0,0.035473667085170746,0.0,-0.9353188402823769,406323.2,4063232.0,3,0.03828125,578.2406637430747,0.078125,4.0673537909984585,350.2499636946802,10
2,1.0,100000000.0,0.0,0.0,0.0,576.2421000399627,1.2847309179104616,31,False,1.3813950029933302,0.3934980034828186,1.0,5.3,0.03808344155550003,0.0,-1.3330629604518958,1048576.0,10485760.0,1,,1284.7309179104616,0.059375,4.225097167491913,708.4888178704988,10
2,1.0,100000000.0,0.0,5.587935447692871e-08,0.0,190.24310004897416,0.6666791177143742,31,False,0.970850872914182,0.344035267829895,2.8,4.2,0.018402259796857834,5.587935447692871e-08,-0.8187650511936326,576716.8,5767168.0,2,,666.6791177143741,0.0421875,4.345810532569885,544.770317736401,10
2,1.0,100000000.0,0.0,2.9802322387695312e-08,0.0,225.4333999590017,0.6895846432207243,31,False,1.405811107539782,0.2227802872657776,2.7,4.3,0.03414313122630119,2.9802322387695312e-08,-1.0476979051825754,681574.4,6815744.0,3,,689.5846432207243,0.0453125,4.270897781848907,597.3798432286919,10
2,1.0,100000000.0,0.0,2.60770320892334e-08,0.0,227.41459996905178,0.4802233710012576,32,False,1.4228148878634728,0.4342857599258423,0.6,2.3,0.033917926251888275,2.60770320892334e-08,-0.9515191555093973,348979.2,3489792.0,1,,480.2233710012576,0.059375,3.9858254909515383,390.92097099061965,10
2,1.0,100000000.0,0.0,0.0,0.0,227.87470003822818,0.40398783675866645,32,False,1.1301293546490672,0.3819199800491333,3.7,5.7,0.03714562579989433,0.0,-0.7670585957038668,340787.2,3407872.0,2,,403.98783675866645,0.0609375,4.143837857246399,227.39160373036384,10
2,1.0,100000000.0,0.0,0.0,0.0,160.9696000814438,0.6292422032682309,32,False,1.149449318125426,0.4451972246170044,3.5,4.5,0.02629898302257061,0.0,-0.8893457606968285,589824.0,5898240.0,3,,629.2422032682309,0.075,4.115866452455521,468.2726031867871,10
2,1.0,100000000.0,0.0,0.0,0.0,190.32570003764704,0.9285048385506266,33,False,1.2966668242684394,0.3958946466445923,1.0,4.0,0.028406193479895592,0.0,-1.112585831409533,1048576.0,10485760.0,1,,928.5048385506266,0.0984375,3.954266345500946,807.1649385971718,10
2,1.0,100000000.0,0.0,5.587935447692871e-09,0.0,160.5762999970466,1.7652235059111974,33,False,1.0093372423307145,0.2623450756072998,0.5,3.5,0.019237369298934937,5.587935447692871e-09,-1.3872803797088915,548864.0,5488640.0,2,,1765.2235059111974,0.075,4.08744490146637,1604.6472059141508,10
2,1.0,100000000.0,0.0,3.166496753692627e-08,0.0,261.81449997238815,0.6741893577480231,33,False,1.6901180056439342,0.3539336919784546,3.2,4.4,0.023895667865872383,3.166496753692627e-08,-1.1821537133609463,471859.2,4718592.0,3,,674.1893577480231,0.065625,4.054859554767608,412.37485777563495,10
2,1.0,100000000.0,0.0,0.0,0.0,161.0474999761209,0.7560675948699713,34,False,1.310182616483836,0.47766435146331787,2.5,3.5,0.03183537721633911,0.0,-1.0331251056769037,655360.0,6553600.0,1,,756.0675948699713,0.0828125,4.011810004711151,597.5369948502407,10
2,0.9999999403953552,100000000.0,5.960464477539063e-08,0.0,0.0,188.22810001438484,0.38560396660045704,34,False,1.093148919098614,0.30416226387023926,2.4,4.4,0.020421266555786133,0.0,-0.7393764428495355,176947.2,1769472.0,2,,385.60396660045706,0.0671875,4.13851010799408,197.37586658607222,10
2,1.0,100000000.0,0.0,0.0,0.0,188.3300999761559,0.301976754858996,34,False,1.211893344132498,0.24819904565811157,3.0,5.2,0.02402941882610321,0.0,-0.756935049495747,98304.0,983040.0,3,,301.976754858996,0.0703125,4.137715220451355,113.64665488284012,10
2,0.9999999403953552,100000000.0,5.960464477539063e-08,0.0,0.0,188.64569999277592,0.48195515429816604,35,False,1.357747939361714,0.4437912106513977,3.6,5.4,0.034820232540369034,0.0,-0.91985154682994,367001.6,3670016.0,1,,481.95515429816606,0.0671875,3.936933994293213,352.7232467698353,10
2,0.9999999403953552,100000000.0,5.960464477539063e-08,0.0,0.0,227.31880005449057,2.611955005141791,35,False,1.1447401433503968,0.41407591104507446,0.9,2.6,0.039209939539432526,0.0,-1.878347574246094,191692.8,1916928.0,2,,2611.955005141791,0.0375,4.250649452209473,2522.173405032955,10
2,1.0,100000000.0,0.0,1.30385160446167e-08,0.0,165.31140002189204,0.7345734607780607,35,False,1.1480020510809616,0.3970428705215454,0.5,5.0,0.03026646375656128,1.30385160446167e-08,-0.9412877689680272,548864.0,5488640.0,3,,734.5734607780607,0.0921875,4.015121310949326,569.2620607561687,10
2,1.0,100000000.0,0.0,3.725290298461914e-09,0.0,188.36570013081655,0.6382980470716759,36,False,1.2880849806571222,0.47071874141693115,0.6,4.0,0.01883969083428383,3.725290298461914e-09,-0.9631915175896893,648806.4,6488064.0,1,,638.2980470716759,0.0796875,3.888316571712494,449.9323469408594,10
2,1.0,100000000.0,0.0,7.450580596923828e-09,0.0,190.82859996706247,0.38459027566379156,36,False,1.0950885662994443,0.41406798362731934,1.8,3.4,0.03260039538145065,7.450580596923828e-09,-0.7398394284321985,334233.6,3342336.0,2,,384.59027566379154,0.0703125,4.111288166046142,193.76167569672907,10
2,1.0,100000000.0,0.0,0.0,0.0,188.3952000644058,0.7973444102865163,36,False,1.223928552581047,0.42824071645736694,3.2,4.2,0.03371315822005272,0.0,-1.0106364814337816,681574.4,6815744.0,3,,797.3444102865162,0.0703125,4.026890742778778,608.9492102221104,10
2,1.0,100000000.0,0.0,2.9802322387695312e-08,0.0,418.94650005269796,0.9693326901539022,37,False,1.2559257429718511,0.3461904525756836,3.0,5.0,0.0390150249004364,2.9802322387695312e-08,-1.112629246365199,655360.0,6553600.0,1,,969.3326901539023,0.053125,3.98376926779747,550.3861901012043,10
2,1.0,100000000.0,0.0,3.166496753692627e-08,0.0,189.88089996855706,0.43648836721732565,37,False,1.0480202879359712,0.48732805252075195,4.4,6.0,0.02829366736114025,3.166496753692627e-08,-0.742254359241616,209715.2,2097152.0,2,,436.4883672173256,0.090625,4.069522666931152,246.60746724876861,10
2,1.0,100000000.0,0.0,0.0,0.0,190.14529994456097,0.9123723572076174,37,False,1.3002027370797862,0.4222838878631592,2.6,6.0,0.03822605311870575,0.0,-1.106287547143702,734003.2,7340032.0,3,,912.3723572076175,0.0765625,4.035218286514282,791.6340572366367,10
2,1.0,100000000.0,0.0,0.0,0.0,190.57450001128018,0.5663450239816192,38,False,1.2918343281196725,0.4081007242202759,3.4,6.0,0.029869532212615013,0.0,-0.9290896760506459,419430.4,4194304.0,1,,566.3450239816192,0.0703125,3.972472381591797,375.77052397033907,10
2,1.0,100000000.0,0.0,5.587935447692871e-09,0.0,227.79670008458197,0.5235796043222487,38,False,1.1784690909389552,0.4557921290397644,4.3,6.0,0.02552073448896408,5.587935447692871e-09,-0.8510243532185374,222822.4,2228224.0,2,,523.5796043222487,0.075,4.065780174732208,295.7829042376667,10
2,1.0,100000000.0,0.0,0.0,0.0,230.67369998898357,0.30139034933196884,38,False,1.4535602211047136,0.49871253967285156,4.7,6.0,0.03631224110722542,0.0,-0.8774752852183412,170393.6,1703936.0,3,,301.3903493319688,0.059375,4.076785320043564,158.12402968200024,10
2,0.9999999403953552,100000000.0,5.960464477539063e-08,0.0,0.0,160.44079995481297,1.701355332476164,39,False,1.2288284329378036,0.35723596811294556,2.0,4.0,0.015444709919393063,0.0,-1.4650918827069839,1048576.0,10485760.0,1,,1701.355332476164,0.0734375,3.9649882912635803,1543.3891325048942,10
2,1.0,100000000.0,0.0,0.0,0.0,160.48360004788265,0.49664107875030256,39,False,1.0092709908590094,0.39053642749786377,3.5,6.0,0.03465128317475319,0.0,-0.752956034804656,393216.0,3932160.0,2,,496.64107875030254,0.0734375,4.041343539953232,338.5365787736862,10
2,0.9999999403953552,100000000.0,5.960464477539063e-08,0.0,0.0,188.296300068032,1.117485971694102,39,False,1.264794196780665,0.37732839584350586,2.4,3.8,0.027732431888580322,0.0,-1.1911400842373836,838860.8,8388608.0,3,,1117.4859716941019,0.08125,3.935626244544983,929.1896716260699,10
2,0.9999999403953552,100000000.0,5.960464477539063e-08,3.725290298461914e-09,0.0,160.03180004190654,0.30952776889660766,40,False,1.3353202590255964,0.35933244228363037,5.0,6.0,0.03510462865233421,3.725290298461914e-09,-0.8224240176863923,131072.0,1310720.0,1,0.05625,309.52776889660765,0.078125,3.908808559179306,149.49596885470112,10
2,1.0,100000000.0,0.0,1.862645149230957e-09,0.0,188.00429994007573,1.0254286159611374,40,False,0.960502496721716,0.353901743888855,2.2,3.6,0.026971928775310516,1.862645149230957e-09,-0.9929655582040718,734003.2,7340032.0,2,0.05625,1025.4286159611374,0.0609375,4.083079838752747,837.4243160210618,10
2,0.9999999403953552,100000000.0,5.960464477539063e-08,0.0,0.0,225.70230008568615,0.2929027034200108,40,False,1.4007627750241676,0.4242631196975708,3.5,6.0,0.03184627741575241,0.0,-0.8468327392220891,106496.0,1064960.0,3,0.05625,292.90270342001077,0.075,4.0265112817287445,67.20040333432466,10
2,1.0,100000000.0,0.0,0.0,0.0,159.62600003695115,2.9895030325683543,41,False,1.2304357387375302,0.4524102210998535,0.5,4.0,0.028559502214193344,0.0,-2.109969385652942,548864.0,5488640.0,1,,2989.5030325683542,0.0640625,4.0907295644283295,2829.877032531403,10
2,1.0,100000000.0,0.0,0.0,0.0,225.27970001101494,0.8445313309606399,41,False,1.2147692136527528,0.3383494019508362,2.0,3.0,0.030121348798274994,0.0,-1.0296502723066965,1048576.0,10485760.0,2,,844.5313309606399,0.040625,4.205648303031921,690.6314262012575,10
2,1.0,100000000.0,0.0,9.313225746154785e-09,0.0,190.82389998948202,0.33710224353447193,41,False,1.1919904127189558,0.4851718544960022,4.4,6.0,0.026153014972805977,9.313225746154785e-09,-0.7645463374399396,209715.2,2097152.0,3,,337.10224353447194,0.0765625,4.159985971450806,146.27834354498995,10
2,1.0,100000000.0,0.0,0.0,0.0,190.93069998780265,1.783391452552791,42,False,1.2872640302782625,0.42888766527175903,4.0,5.4,0.025553777813911438,0.0,-1.5353277414155269,262144.0,2621440.0,1,,1783.391452552791,0.09375,3.9119141340255736,1592.4607525649883,10
2,0.9999999403953552,100000000.0,5.960464477539063e-08,0.0,0.0,188.44840000383556,0.8995162629115413,42,False,0.982897471633877,0.38620853424072266,0.4,3.0,0.02701714262366295,0.0,-0.9412068672727092,448921.6,4489216.0,2,,899.5162629115413,0.1,3.9718451261520387,776.3993628731015,10
2,1.0,100000000.0,0.0,0.0,0.0,191.1242000060156,1.135920388540348,42,False,1.238998474693739,0.42377346754074097,2.0,6.0,0.022156603634357452,0.0,-1.1874594316170435,1048576.0,10485760.0,3,,1135.9203885403479,0.0921875,4.008239614963531,944.7961885343325,10
2,1.0,100000000.0,0.0,0.0,0.0,408.55270001338795,0.5321541982784292,43,False,1.3579579402449644,0.3549191951751709,3.0,4.0,0.0295230932533741,0.0,-0.9450560692616968,98304.0,983040.0,1,,532.1541982784292,0.096875,3.8351062893867494,123.60149826504124,10
2,1.0,100000000.0,0.0,6.51925802230835e-08,0.0,188.48189996788278,0.4057588976373784,43,False,1.1292600821363694,0.46626007556915283,3.6,5.4,0.02514900080859661,6.51925802230835e-08,-0.7675095550794542,367001.6,3670016.0,2,,405.75889763737837,0.096875,4.016413486003875,274.58231394531646,10
2,1.0,100000000.0,0.0,0.0,0.0,188.67879995377734,0.6884209093412452,43,False,1.2360628216283183,0.44355499744415283,2.4,6.0,0.025906212627887726,0.0,-0.9622418654847817,838860.8,8388608.0,3,,688.4209093412452,0.1015625,3.967319595813751,499.74210938746796,10
2,1.0,100000000.0,0.0,4.842877388000488e-08,0.0,190.3993000742048,0.30328116236359554,44,False,1.3364815363421856,0.35016191005706787,5.0,6.0,0.0340208075940609,4.842877388000488e-08,-0.8198813977816645,131072.0,1310720.0,1,,303.2811623635955,0.0828125,3.842543601989746,112.88186228939075,10
2,1.0,100000000.0,0.0,1.1175870895385742e-08,0.0,230.1422999589704,0.9351915695220788,44,False,1.2208237046327874,0.36155200004577637,3.3,5.3,0.02233869582414627,1.1175870895385742e-08,-1.078007648253304,445644.8,4456448.0,2,,935.1915695220788,0.071875,4.032215923070908,705.0492695631084,10
2,1.0,100000000.0,0.0,0.0,0.0,188.39319999096915,0.4487649745021408,44,False,1.2794997599290914,0.41372150182724,1.2,6.0,0.022803962230682373,0.0,-0.864132367215616,239206.4,2392064.0,3,,448.76497450214083,0.084375,3.9593764424324034,325.4226744936241,10
2,1.0,100000000.0,0.0,0.0,0.0,190.5390999163501,1.268331292924155,45,False,1.291261263640398,0.4156872630119324,2.4,5.6,0.020741190761327744,0.0,-1.2797962782822765,838860.8,8388608.0,1,,1268.331292924155,0.0828125,3.802047514915466,1077.7921930078048,10
2,1.0,100000000.0,0.0,3.725290298461914e-08,0.0,190.85499993525445,0.7317716114169593,45,False,1.1128216366528383,0.4789363145828247,2.0,5.6,0.04613794386386871,3.725290298461914e-08,-0.9222966612878019,1048576.0,10485760.0,2,,731.7716114169593,0.078125,3.9951048851013184,610.9502115117061,10
2,0.9999999403953552,100000000.0,5.960464477539063e-08,0.0,0.0,194.60220006294549,1.416264218301578,45,False,1.2183653303264603,0.44654154777526855,2.6,6.0,0.024311281740665436,0.0,-1.3173147743140192,681574.4,6815744.0,3,,1416.2642183015778,0.0875,3.9087449312210083,1221.6620182386323,10
2,1.0,100000000.0,0.0,0.0,0.0,190.57259999681264,0.9066089382319752,46,False,1.2872640302782625,0.3802461624145508,3.2,5.0,0.03787051886320114,0.0,-1.0969364842551188,576716.8,5767168.0,1,,906.6089382319752,0.1078125,3.783739674091339,785.7641382649582,10
2,1.0,100000000.0,0.0,0.0,0.0,160.85970000131056,0.6225939914246132,46,False,1.0831345840958315,0.45764845609664917,3.0,4.5,0.02207610011100769,0.0,-0.8528642877602224,524288.0,5242880.0,2,,622.5939914246133,0.0828125,4.032116085290909,464.89689134872015,10
2,0.9999999403953552,100000000.0,5.960464477539063e-08,0.0,0.0,190.72169990977272,0.26482272911676946,46,False,1.3213764218933275,0.44631075859069824,3.0,4.0,0.03487212583422661,0.0,-0.7930995755050485,98304.0,983040.0,3,,264.82272911676944,0.0953125,3.9667384028434753,74.10102920699676,10
2,1.0,100000000.0,0.0,2.60770320892334e-08,0.0,190.64019998768345,0.5419958531631112,47,False,1.233072596689225,0.3035362958908081,1.8,4.0,0.018745414912700653,2.60770320892334e-08,-0.8875342510032003,334233.6,3342336.0,1,,541.9958531631112,0.0953125,3.8084991455078123,351.35565317542773,10
2,1.0,100000000.0,0.0,3.5390257835388184e-08,0.0,189.00839996058494,1.1160375799291504,47,False,1.0359515174371694,0.4551597237586975,2.8,5.4,0.02575213648378849,3.5390257835388184e-08,-1.0759945840734177,734003.2,7340032.0,2,,1116.0375799291505,0.090625,3.964000201225281,927.0291799685654,10
2,1.0,100000000.0,0.0,2.0489096641540527e-08,0.0,190.84350008051842,0.666169940264788,47,False,1.2411208239249956,0.35370391607284546,3.8,6.0,0.025170793756842613,2.0489096641540527e-08,-0.9536454025839884,498073.6,4980736.0,3,,666.169940264788,0.0921875,3.8760608792304994,545.3027402436217,10
2,1.0,100000000.0,0.0,3.725290298461914e-09,0.0,161.09599999617785,0.8867110101917318,48,False,1.263371649570837,0.4398579001426697,3.0,5.5,0.03156300261616707,3.725290298461914e-09,-1.0750413336065747,655360.0,6553600.0,1,,886.7110101917318,0.103125,3.8063922226428986,725.615010195554,10
2,1.0,100000000.0,0.0,0.0,0.0,188.58169991290197,0.7344854951341077,48,False,1.1236523574727664,0.40143442153930664,3.4,5.4,0.02515484392642975,0.0,-0.9290689263034371,419430.4,4194304.0,2,,734.4854951341076,0.0875,4.01286655664444,545.9037952212057,10
2,0.9999999403953552,100000000.0,5.960464477539063e-08,0.0,0.0,261.9443999719806,0.32146113402667,48,False,1.6252645116189415,0.4292827844619751,1.0,6.0,0.021497786045074463,0.0,-0.9733628228228057,65536.0,655360.0,3,,321.46113402667,0.109375,3.879644978046417,66.74547442932152,10
2,1.0,100000000.0,0.0,0.0,0.0,484.17230002814904,0.8593679515630159,49,False,1.4904326976961801,0.39837294816970825,0.6,6.0,0.018831955268979073,0.0,-1.174900324629598,348979.2,3489792.0,1,,859.3679515630159,0.096875,3.808068495988846,759.8481515756961,10
2,1.0,100000000.0,0.0,4.0978193283081055e-08,0.0,188.82519990438595,0.22328748030280685,49,False,1.1243462069780437,0.43751782178878784,0.0,3.6,0.03689514100551605,4.0978193283081055e-08,-0.6738168846186186,49152.0,491520.0,2,,223.28748030280684,0.075,3.9799477100372314,34.46426254606254,10
2,1.0,100000000.0,0.0,0.0,0.0,190.5940999276936,0.9019911237325855,49,False,1.1110005915087844,0.5266659259796143,2.6,6.0,0.02672334387898445,0.0,-1.0064958576206848,681574.4,6815744.0,3,,901.9911237325855,0.1140625,3.856740963459015,711.3970238048919,10
2,1.0,100000000.0,0.0,0.0,0.0,225.72829999262467,0.2718607933632977,50,False,1.590181991711572,0.3403133153915405,0.0,4.1,0.025707833468914032,0.0,-0.9310213925374349,49152.0,491520.0,1,0.06484375,271.8607933632977,0.0828125,3.8386632323265077,46.13249337067307,10
2,0.9999999403953552,100000000.0,5.960464477539063e-08,0.0,0.0,188.45739995595068,0.21323435898321244,50,False,1.1137213904047023,0.47750604152679443,2.0,6.0,0.02968662790954113,0.0,-0.6634778746939574,81920.0,819200.0,2,0.06484375,213.23435898321245,0.059375,4.025116968154907,87.81187587951626,10
2,1.0,100000000.0,0.0,3.3527612686157227e-08,0.0,161.89910005778074,0.5520436363971064,50,False,1.1910492399283492,0.3730884790420532,4.0,6.0,0.024289721623063087,3.3527612686157227e-08,-0.8715464716903405,327680.0,3276800.0,3,0.06484375,552.0436363971064,0.1046875,3.8425955772399902,394.0398363141547,10
2,1.0,100000000.0,0.0,0.0,0.0,225.62169999582693,0.8221288919565611,51,False,1.5128220117460607,0.526802659034729,2.4,5.7,0.02628537081182003,0.0,-1.1674754518513109,681574.4,6815744.0,1,,822.1288919565611,0.08125,3.9402088701725004,728.210491954849,10
2,1.0,100000000.0,0.0,2.2351741790771484e-08,0.0,262.0034000137821,0.37432029851777715,51,False,1.4421603040869355,0.49754220247268677,4.0,5.0,0.025329213589429855,2.2351741790771484e-08,-0.9082403236540981,114688.0,1146880.0,2,,374.32029851777713,0.0703125,4.05755615234375,112.31689850399506,10
2,1.0,100000000.0,0.0,1.30385160446167e-08,0.0,227.69489989150316,0.2682197809512704,51,False,1.1608699221069516,0.5691689252853394,1.5,6.0,0.024522051215171814,1.30385160446167e-08,-0.7145448645676271,73728.0,737280.0,3,,268.2197809512704,0.075,4.008937895298004,79.22133082897324,10
2,0.9999999403953552,100000000.0,5.960464477539063e-08,0.0,0.0,225.9694000822492,0.29997180379816973,52,False,1.494645892493935,0.448300838470459,3.5,4.5,0.02319476380944252,0.0,-0.8973088481460524,106496.0,1064960.0,1,,299.97180379816973,0.0984375,3.746423053741455,74.00240371592054,10
2,1.0,100000000.0,0.0,0.0,0.0,225.97070003394037,0.5798043390808478,52,False,1.1321727016796401,0.379829466342926,0.3,6.0,0.03526057302951813,0.0,-0.855988520380244,348979.2,3489792.0,2,,579.8043390808479,0.084375,3.932712972164154,485.655839015063,10
2,1.0,100000000.0,0.0,0.0,0.0,189.6959000150673,0.7166130532668357,52,False,1.317334469727094,0.36154210567474365,2.4,6.0,0.03260435909032822,0.0,-1.0169737614969647,838860.8,8388608.0,3,,716.6130532668357,0.096875,3.8816696882247923,526.9171532517684,10
2,1.0,100000000.0,0.0,1.862645149230957e-08,0.0,225.31159996287897,0.3649818323795038,53,False,1.4602529869146803,0.4691305160522461,4.4,6.0,0.02905436046421528,1.862645149230957e-08,-0.9126174282735435,249036.8,2490368.0,1,,364.9818323795038,0.0953125,3.753385305404663,271.7488322998683,10
2,1.0,100000000.0,0.0,0.0,0.0,264.44480003556237,0.9764844358333602,53,False,1.3552211823380724,0.44515693187713623,1.6,6.0,0.03475646674633026,0.0,-1.1658528090857163,848691.2,8486912.0,2,,976.4844358333602,0.0875,3.9990859508514403,712.0396357977978,10
2,0.9999999403953552,100000000.0,5.960464477539063e-08,0.0,0.0,189.02989994967356,0.20774117571655293,53,False,1.2688942409699289,0.3884667158126831,0.0,1.6,0.03630639612674713,0.0,-0.7383177083432408,49152.0,491520.0,3,,207.74117571655293,0.0890625,3.867169404029846,36.35539476067442,10
2,1.0,100000000.0,0.0,7.450580596923828e-09,0.0,191.4531000657007,0.25381877034838,54,False,1.2698388412792065,0.3028372526168823,0.0,2.8,0.0193069688975811,7.450580596923828e-09,-0.7618288132643739,49152.0,491520.0,1,,253.81877034838,0.0921875,3.821758532524109,62.365670282679325,10
2,1.0,100000000.0,0.0,0.0,0.0,188.91179998172447,1.1918214595370022,54,False,1.022482861288069,0.3370424509048462,0.4,2.8,0.037052348256111145,0.0,-1.1071521604125356,448921.6,4489216.0,2,,1191.8214595370023,0.090625,3.8759571313858032,1066.8647595174639,10
2,0.9999999403953552,100000000.0,5.960464477539063e-08,0.0,0.0,189.22649999149144,0.2359529791545863,54,False,1.1655041033379097,0.4812617301940918,2.0,6.0,0.022232752293348312,0.0,-0.700728541246248,81920.0,819200.0,3,,235.9529791545863,0.10625,3.8813462138175963,64.52497444631175,10
2,0.9999999403953552,100000000.0,5.960464477539063e-08,0.0,0.0,513.5653999750502,0.6234633970557651,55,False,1.3314867502437868,0.49547791481018066,2.5,4.5,0.021379679441452026,0.0,-0.9774750736497759,90112.0,901120.0,1,,623.4633970557652,0.10625,3.727553427219391,109.8979970807149,10
2,1.0,100000000.0,0.0,0.0,0.0,227.7602999820374,0.534078861124396,55,False,1.257997391824431,0.6347389817237854,5.0,6.0,0.02069573849439621,0.0,-0.8960381264744135,131072.0,1310720.0,2,,534.078861124396,0.0734375,3.8464767038822174,306.31856114235853,10
2,1.0,100000000.0,0.0,0.0,0.0,159.60939991055056,0.2867568933582909,55,False,1.1531274444503448,0.5667537450790405,2.5,6.0,0.022604096680879593,0.0,-0.7199421689043178,90112.0,901120.0,3,,286.7568933582909,0.1,3.868022531270981,129.18329334967282,10
2,1.0,100000000.0,0.0,0.0,0.0,188.10520000988618,0.22635942045817295,56,False,1.2567797134173708,0.5620574355125427,0.0,4.8,0.029993141070008278,0.0,-0.7415695669377719,49152.0,491520.0,1,,226.35942045817296,0.103125,3.7859513998031615,38.25422044828677,10
2,1.0,100000000.0,0.0,0.0,0.0,192.848100035917,0.3005893971744463,56,False,1.0455259759042486,0.39783990383148193,3.0,6.0,0.02968136966228485,0.0,-0.6730576865393474,98304.0,983040.0,2,,300.58939717444633,0.0984375,3.9477893233299257,107.74129713852929,10
2,1.0,100000000.0,0.0,0.0,0.0,188.2911000866443,1.396493170965472,56,False,1.183057273981666,0.5746232271194458,3.8,6.0,0.02052660658955574,0.0,-1.289775222473569,498073.6,4980736.0,3,,1396.493170965472,0.1078125,3.807491588592529,1272.9406711026186,10
2,1.0,100000000.0,0.0,5.029141902923584e-08,0.0,159.13260006345809,0.39657769420112166,57,False,1.2800549377892598,0.40644359588623047,5.0,6.0,0.01583407260477543,5.029141902923584e-08,-0.8383163662866098,131072.0,1310720.0,1,,396.57769420112163,0.1,3.725104808807373,239.58359423952794,10
2,1.0,100000000.0,0.0,1.1175870895385742e-08,0.0,190.3433999978006,1.656513378643661,57,False,1.0875460547772429,0.5870581269264221,2.8,6.0,0.0200779028236866,1.1175870895385742e-08,-1.3720297278863227,734003.2,7340032.0,2,,1656.513378643661,0.1046875,3.8822986483573914,1466.1699786458605,10
2,1.0,100000000.0,0.0,8.195638656616211e-08,0.0,188.95510002039373,0.39761816970292824,57,False,1.160697669059953,0.32254236936569214,4.4,6.0,0.026716798543930054,8.195638656616211e-08,-0.7791580013378272,209715.2,2097152.0,3,,397.61816970292824,0.09375,3.9477269411087037,208.6630696825345,10
2,1.0,100000000.0,0.0,3.725290298461914e-09,0.0,225.44790001120418,1.0554487865442734,58,False,1.3944829544907626,0.44890296459198,4.1,6.0,0.024204358458518982,3.725290298461914e-09,-1.2249658742428085,406323.2,4063232.0,1,,1055.4487865442734,0.1,3.764527463912964,963.7971865736272,10
2,1.0,100000000.0,0.0,0.0,0.0,225.2250001183711,0.6905264459889774,58,False,1.2625302819653963,0.4055814743041992,3.6,6.0,0.020494919270277023,0.0,-0.9765283639771869,406323.2,4063232.0,2,,690.5264459889773,0.084375,4.025187623500824,465.3014458706063,10
2,1.0,100000000.0,0.0,0.0,0.0,229.70720008015633,0.27013024915920403,58,False,1.4510978533988215,0.4194377660751343,0.0,6.0,0.02353406697511673,0.0,-0.8606140512790128,49152.0,491520.0,3,,270.130249159204,0.1078125,3.8596546232700346,40.42304907904767,10
2,1.0,100000000.0,0.0,0.0,0.0,261.85629999963567,0.524099176427111,59,False,1.6565378641361796,0.4572424292564392,0.2,6.0,0.03188731521368027,0.0,-1.0903185202816452,249036.8,2490368.0,1,,524.099176427111,0.115625,3.714636981487274,447.63057640869545,10
2,0.9999999403953552,100000000.0,5.960464477539063e-08,0.0,0.0,190.69199997466058,0.8309531070726823,59,False,1.0504363227681521,0.4681442975997925,1.8,6.0,0.029375795274972916,0.0,-0.9406947149204172,838860.8,8388608.0,2,,830.9531070726823,0.096875,3.958125138282776,640.2611070980217,10
2,1.0,100000000.0,0.0,3.725290298461914e-09,0.0,161.52389999479055,0.3615112145892926,59,False,1.1112516057479493,0.47584521770477295,2.5,6.0,0.031614746898412704,3.725290298461914e-09,-0.7363814138939113,90112.0,901120.0,3,,361.5112145892926,0.1140625,3.745903819799423,199.987314594502,10
2,1.0,100000000.0,0.0,0.0,0.0,191.99030002346262,0.41586786517083946,60,False,1.4274252524608526,0.49833226203918457,4.2,6.0,0.03565108776092529,0.0,-0.921646558815846,288358.4,2883584.0,1,0.07734375,415.8678651708395,0.078125,3.8151081681251524,293.7342652273581,10
2,1.0,100000000.0,0.0,0.0,0.0,225.70900002028793,1.0642161233635201,60,False,1.1681244331194864,0.48057055473327637,1.4,4.5,0.026640411466360092,0.0,-1.1161702782415033,748748.8,7487488.0,2,0.07734375,1064.2161233635202,0.1078125,3.873982238769531,838.5071233432321,10
2,1.0,100000000.0,0.0,0.0,0.0,161.8101000203751,0.2600949180986256,60,False,1.1358821274564543,0.4363575577735901,5.0,6.0,0.03927476704120636,0.0,-0.69798852277754,131072.0,1310720.0,3,0.07734375,260.0949180986256,0.0890625,3.84426486492157,101.82151817469753,10
2,1.0,100000000.0,0.0,2.9802322387695312e-08,0.0,318.27639997936785,0.353404165820925,61,False,1.3026272767869527,0.44329899549484253,0.0,6.0,0.024984590709209442,2.9802322387695312e-08,-0.8280157511062612,49152.0,491520.0,1,,353.40416582092496,0.1,3.831594467163086,37.680793476697616,10
2,1.0,100000000.0,0.0,0.0,0.0,160.3401000611484,0.5421263935946274,61,False,0.9542025077354055,0.5053085088729858,1.5,2.5,0.03536844998598099,0.0,-0.7481644506650165,286720.0,2867200.0,2,,542.1263935946274,0.0953125,3.991164267063141,381.786293533479,10
2,1.0,100000000.0,0.0,0.0,0.0,227.42889990331605,0.836275133109757,61,False,1.1835136555361365,0.42119574546813965,2.2,6.0,0.02308187447488308,0.0,-1.0098943943229468,773324.8,7733248.0,3,,836.275133109757,0.0796875,4.046330547332763,608.846233206441,10
2,0.9999999403953552,100000000.0,5.960464477539063e-08,0.0,0.0,227.68630005884916,0.2832052203236697,62,False,1.3818659544214313,0.34448981285095215,0.0,4.0,0.02831954136490822,0.0,-0.8325355873725505,49152.0,491520.0,1,,283.20522032366966,0.103125,3.759784072637558,55.51892026482054,10
2,1.0,100000000.0,0.0,0.0,0.0,188.6403000098653,1.5504849372756462,62,False,1.0347133601881533,0.3314620852470398,2.6,6.0,0.01930169016122818,0.0,-1.2925991487318997,681574.4,6815744.0,2,,1550.4849372756462,0.090625,3.876640570163727,1361.8446372657809,10
2,1.0,100000000.0,0.0,2.9802322387695312e-08,0.0,160.36999999778345,0.4179112032369774,62,False,1.1708169399584096,0.4374158978462219,1.5,6.0,0.019293516874313354,2.9802322387695312e-08,-0.7943641014000159,286720.0,2867200.0,3,,417.91120323697737,0.1390625,3.717614233493805,260.03300323729104,10
2,1.0,100000000.0,0.0,3.3527612686157227e-08,0.0,187.96460004523396,0.2756896565905205,63,False,1.3694403065683307,0.4554976224899292,4.6,6.0,0.031687650829553604,3.3527612686157227e-08,-0.8225650151070383,183500.8,1835008.0,1,,275.68965659052054,0.1296875,3.596438729763031,151.65505660738714,10
2,1.0,100000000.0,0.0,3.91155481338501e-08,0.0,159.7832000697963,0.34293600794956247,63,False,0.9787110271948178,0.5095367431640625,5.0,6.0,0.01921216771006584,3.91155481338501e-08,-0.6608235566877383,131072.0,1310720.0,2,,342.93600794956245,0.0859375,3.841417282819748,183.15280787976621,10
2,1.0,100000000.0,0.0,0.0,0.0,190.47289999434724,0.511410225417497,63,False,1.2029313493901026,0.34545373916625977,4.2,6.0,0.028661269694566727,0.0,-0.8571707874037998,288358.4,2883584.0,3,,511.41022541749703,0.128125,3.694928002357483,389.6778254439444,10
2,0.9999999403953552,100000000.0,5.960464477539063e-08,0.0,0.0,188.67150007281452,0.23318338786498333,64,False,1.3650592328022837,0.3643813729286194,2.0,6.0,0.027251720428466797,0.0,-0.7991213103336335,81920.0,819200.0,1,,233.18338786498333,0.109375,3.6830092072486877,44.51188779216881,10
2,1.0,100000000.0,0.0,4.470348358154297e-08,0.0,190.48140000086278,0.3170337065748029,64,False,1.0612813774391927,0.5586944818496704,3.0,5.2,0.025615647435188293,4.470348358154297e-08,-0.6891575867104813,98304.0,983040.0,2,,317.0337065748029,0.0984375,3.89177782535553,126.55230657394014,10
2,1.0,100000000.0,0.0,3.725290298461914e-09,0.0,160.81829997710884,0.23329017797631801,64,False,1.118008870053473,0.45636624097824097,0.0,6.0,0.036759041249752045,3.725290298461914e-09,-0.6756495277401857,49152.0,491520.0,3,,233.290177976318,0.1375,3.76270192861557,72.47187799920917,10
2,1.0,100000000.0,0.0,2.0489096641540527e-08,0.0,191.21930008986965,0.33785682914975057,65,False,1.4030045113036043,0.3184581995010376,1.6,6.0,0.026627065613865852,2.0489096641540527e-08,-0.8704306907157741,134348.8,1343488.0,1,,337.8568291497506,0.1359375,3.627924120426178,216.73892914048355,10
2,1.0,100000000.0,0.0,1.862645149230957e-08,0.0,160.14799993718043,0.43478322782485296,65,False,1.0046023593736013,0.4690065383911133,1.5,6.0,0.04107218608260155,1.862645149230957e-08,-0.7196928122256786,286720.0,2867200.0,2,,434.783227824853,0.10625,3.9336175322532654,276.72692786600925,10
2,0.9999999403953552,100000000.0,5.960464477539063e-08,0.0,0.0,160.33639997476712,0.20468418859434648,65,False,1.2134258577482475,0.4979511499404907,0.0,6.0,0.02909136563539505,0.0,-0.709055023171297,49152.0,491520.0,3,,204.68418859434647,0.1015625,3.770550698041916,46.839888619960824,10
2,1.0,100000000.0,0.0,0.0,0.0,188.36769997142255,0.3336604251918046,66,False,1.3428532827301436,0.3499755859375,2.4,4.0,0.04174022376537323,0.0,-0.838256853960974,176947.2,1769472.0,1,,333.6604251918046,0.1203125,3.6403065800666807,145.29272522038207,10
2,1.0,100000000.0,0.0,0.0,0.0,227.21300000557676,0.7463014707027068,66,False,1.195364424835292,0.46669232845306396,3.0,6.0,0.021362394094467163,0.0,-0.9708329477689994,524288.0,5242880.0,2,,746.3014707027068,0.103125,3.9081375002861023,551.9393136266915,10
2,0.9999998807907104,100000000.0,1.1920928955078125e-07,0.0,0.0,188.49770002998412,0.4185025736745559,66,False,1.2521987870861753,0.4040640592575073,1.2,5.2,0.038476236164569855,0.0,-0.8353506803803656,239206.4,2392064.0,3,,418.5025736745559,0.1140625,3.7687791705131533,295.29177373602244,10
2,0.9999999403953552,100000000.0,5.960464477539063e-08,0.0,0.0,393.33210000768304,0.6131169709387593,67,False,1.4258455696740122,0.4801673889160156,1.2,6.0,0.026354117318987846,0.0,-1.0194812703063858,239206.4,2392064.0,1,,613.1169709387593,0.121875,3.5515851020812987,469.25267106959444,10
2,1.0,100000000.0,0.0,0.0,0.0,190.9283000859432,0.2198170708496449,67,False,1.159974485616484,0.5045467019081116,0.0,5.2,0.041508644819259644,0.0,-0.6898957782330645,49152.0,491520.0,2,,219.81707084964492,0.0953125,3.8937249183654785,28.888770763701736,10
2,1.0,100000000.0,0.0,0.0,0.0,190.30149996979162,0.4860249357642802,67,False,1.1484386663865962,0.44769054651260376,2.4,6.0,0.03210984170436859,0.0,-0.8172318010754382,176947.2,1769472.0,3,,486.0249357642802,0.1265625,3.7284186601638796,295.7234357944886,10
2,1.0,100000000.0,0.0,1.862645149230957e-09,0.0,188.2162000401877,0.6119401087352923,68,False,1.2056416262171967,0.395066499710083,3.4,6.0,0.02984616346657276,1.862645149230957e-09,-0.9087908693388896,419430.4,4194304.0,1,,611.9401087352923,0.1265625,3.695943999290466,423.72390869510457,10
2,1.0,100000000.0,0.0,2.2351741790771484e-08,0.0,261.9369000312872,0.8538106449910591,68,False,1.398856025275202,0.5479099750518799,2.4,3.4,0.024081803858280182,2.2351741790771484e-08,-1.1263333574848724,429260.8,4292608.0,2,,853.8106449910591,0.103125,3.899202024936676,591.8737449597719,10
2,1.0,100000000.0,0.0,3.166496753692627e-08,0.0,188.47039999673143,0.5063222681977009,68,False,1.2143850663279987,0.5131792426109314,1.2,5.2,0.02593897469341755,3.166496753692627e-08,-0.8603536989278173,239206.4,2392064.0,3,,506.32226819770085,0.1140625,3.750808501243591,383.3255682014083,10
2,1.0,100000000.0,0.0,2.2351741790771484e-08,0.0,225.34700005780905,0.5115695256112174,69,False,1.4539343453203193,0.4815911054611206,3.0,4.6,0.03081032633781433,2.2351741790771484e-08,-0.9827519578175101,524288.0,5242880.0,1,,511.5695256112174,0.1203125,3.6094842493534087,402.129849007274,10
2,1.0,100000000.0,0.0,0.0,0.0,225.36039998522028,0.596651621989517,69,False,1.2297713413723999,0.397489070892334,3.3,6.0,0.03775224834680557,0.0,-0.9132114816809584,445644.8,4456448.0,2,,596.651621989517,0.090625,3.882699501514435,371.2912220042967,10
2,1.0,100000000.0,0.0,5.587935447692871e-09,0.0,161.57549998024479,0.6515801012447981,69,False,1.1708169399584096,0.44296491146087646,1.5,5.0,0.029088979586958885,5.587935447692871e-09,-0.9111985261895393,286720.0,2867200.0,3,,651.5801012447981,0.1,3.8088042438030243,490.00460126455334,10
2,1.0,100000000.0,0.0,2.0489096641540527e-08,0.0,224.8858999228105,0.2704646666933279,70,False,1.6060229719609116,0.55356764793396,1.2,2.5,0.026125207543373108,2.0489096641540527e-08,-0.9382438398162164,113049.6,1130496.0,1,0.08671875,270.4646666933279,0.1046875,3.68836105465889,131.19052580113552,10
2,1.0,100000000.0,0.0,0.0,0.0,190.7762000337243,0.24928868196229534,70,False,1.091522870717207,0.5275299549102783,0.0,3.0,0.022371359169483185,0.0,-0.6704057763397512,49152.0,491520.0,2,0.08671875,249.28868196229533,0.1109375,3.8765254735946657,68.5991069921148,10
2,1.0,100000000.0,0.0,0.0,0.0,161.355999938678,0.5975204726043234,70,False,1.1399268999862242,0.4680280089378357,3.0,5.0,0.026020292192697525,0.0,-0.8687236862952739,524288.0,5242880.0,3,0.08671875,597.5204726043233,0.125,3.680246978998184,439.0319726723323,10
2,1.0,100000000.0,0.0,2.9802322387695312e-08,0.0,227.3932999232784,0.4869430952522426,71,False,1.4373467667989086,0.5174741744995117,2.8,4.5,0.02982202172279358,2.9802322387695312e-08,-0.962144960827898,198246.4,1982464.0,1,,486.9430952522426,0.0875,3.802364706993103,259.5497953289642,10
2,0.9999999403953552,100000000.0,5.960464477539063e-08,0.0,0.0,190.57899992913008,0.8365011572061896,71,False,1.0972464793133068,0.4519023895263672,1.8,2.8,0.022195307537913322,0.0,-0.9668738182597482,334233.6,3342336.0,2,,836.5011572061895,0.09375,3.979832661151886,645.9221572770595,10
2,1.0,100000000.0,0.0,3.725290298461914e-09,0.0,190.41359989205375,1.2052781346332784,71,False,1.194917781300494,0.4614138603210449,0.6,5.2,0.018927644938230515,3.725290298461914e-09,-1.2000979616921765,648806.4,6488064.0,3,,1205.2781346332783,0.090625,3.9722637295722962,1014.8645347412246,10
2,1.0,100000000.0,0.0,3.725290298461914e-09,0.0,160.38339998340234,0.7173902469164799,72,False,1.28698106120432,0.4969863295555115,1.5,6.0,0.019577886909246445,3.725290298461914e-09,-1.0021856577856902,286720.0,2867200.0,1,,717.3902469164799,0.1078125,3.6830747425556183,557.0068469330776,10
2,1.0,100000000.0,0.0,2.9802322387695312e-08,0.0,188.01709997933358,0.4100530496713581,72,False,1.0813899147029815,0.44687092304229736,1.2,5.2,0.023261509835720062,2.9802322387695312e-08,-0.7457215119894922,239206.4,2392064.0,2,,410.0530496713581,0.1046875,3.7497887134552004,286.2675496641422,10
2,1.0,100000000.0,0.0,0.0,0.0,160.52070003934205,1.257350171503861,72,False,1.1624099224498494,0.5103675127029419,1.0,3.5,0.023721538484096527,0.0,-1.2098800469768554,548864.0,5488640.0,3,,1257.350171503861,0.1109375,3.8006940484046936,1098.894371471618,10
2,1.0,100000000.0,0.0,0.0,0.0,459.23079998465255,1.0708173083029444,73,False,1.463452723428849,0.47450244426727295,2.1,5.4,0.032993339002132416,0.0,-1.2671350158658967,381747.2,3817472.0,1,,1070.8173083029444,0.134375,3.6823088109493254,611.586508318292,10
2,0.9999999403953552,100000000.0,5.960464477539063e-08,0.0,0.0,160.83850007271394,1.7753495163265944,73,False,1.0537093075183415,0.3347706198692322,3.5,5.0,0.023060213774442673,0.0,-1.414529411922468,589824.0,5898240.0,2,,1775.3495163265945,0.1046875,3.805776834487915,1617.5253162724296,10
2,0.9999999403953552,100000000.0,5.960464477539063e-08,0.0,0.0,188.08729999000207,2.3654297609228703,73,False,1.1675703210377115,0.38382863998413086,3.0,4.8,0.02304159104824066,0.0,-1.766500040980291,524288.0,5242880.0,3,,2365.42976092287,0.103125,3.837524652481079,2177.342460932868,10
2,1.0,100000000.0,0.0,4.0978193283081055e-08,0.0,231.59399995347485,0.6643435335491328,74,False,1.4122049731805717,0.44782447814941406,3.3,6.0,0.02756926789879799,4.0978193283081055e-08,-1.0382742943430454,445644.8,4456448.0,1,,664.3435335491328,0.109375,3.673236298561096,432.74953359565785,10
2,1.0,100000000.0,0.0,5.21540641784668e-08,0.0,160.6311000068672,0.24892028234168834,74,False,1.0456064156934763,0.42387688159942627,0.0,5.0,0.014616575092077255,5.21540641784668e-08,-0.6472634011716465,49152.0,491520.0,2,,248.92028234168833,0.1296875,3.7360660433769226,90.99748235164157,10
2,1.0,100000000.0,0.0,2.9802322387695312e-08,0.0,225.309900008142,0.5723100457457758,74,False,1.1955657796298849,0.47602248191833496,2.1,4.3,0.03467348963022232,2.9802322387695312e-08,-0.8839379424901528,381747.2,3817472.0,3,,572.3100457457758,0.1296875,3.6558987200260162,347.00014573763383,10
2,0.9999999403953552,100000000.0,5.960464477539063e-08,0.0,0.0,227.0778000820428,0.8720522896895759,75,False,1.4989953219700853,0.39875519275665283,3.0,5.4,0.020812423899769783,0.0,-1.1855238058298307,524288.0,5242880.0,1,,872.0522896895759,0.109375,3.6641068339347838,644.9744896075331,10
2,1.0,100000000.0,0.0,0.0,0.0,226.97499999776483,0.4974033448155739,75,False,1.1633492919108965,0.35847723484039307,0.9,4.6,0.03168133646249771,0.0,-0.8303763183632352,191692.8,1916928.0,2,,497.4033448155739,0.10625,3.8389892637729646,404.6302448035919,10
2,1.0,100000000.0,0.0,9.313225746154785e-09,0.0,190.45850000111386,1.1659745034446036,75,False,1.3351954929195027,0.5734824538230896,1.2,5.2,0.023942748084664345,9.313225746154785e-09,-1.250585007495279,648806.4,6488064.0,3,,1165.9745034446037,0.1140625,3.7155855298042297,975.5160034434897,10
2,1.0,100000000.0,0.0,0.0,0.0,160.64319998258725,0.19355858772041074,76,False,1.35559692121992,0.326208233833313,0.0,6.0,0.02484886161983013,0.0,-0.7745777544701653,49152.0,491520.0,1,,193.55858772041074,0.096875,3.728169858455658,32.9153877378235,10
2,1.0,100000000.0,0.0,2.421438694000244e-08,0.0,190.9666999708861,0.26048309552724747,76,False,1.0814989146146825,0.46802568435668945,2.0,6.0,0.029015617445111275,2.421438694000244e-08,-0.6709910292853519,81920.0,819200.0,2,,260.4830955272475,0.1171875,3.8262009501457213,138.59559553684008,10
2,1.0,100000000.0,0.0,1.4901161193847656e-08,0.0,188.20360000245273,0.873355504782452,76,False,1.1555514600438102,0.4818580150604248,3.8,6.0,0.017005804926156998,1.4901161193847656e-08,-1.0144534973142922,367001.6,3670016.0,3,,873.355504782452,0.11875,3.7175637245178224,685.1519047799993,10
2,0.9999999403953552,100000000.0,5.960464477539063e-08,0.0,0.0,161.18569998070598,1.3844652897677145,77,False,1.2991173152118334,0.5693032741546631,1.0,6.0,0.030155915766954422,0.0,-1.3417913024897739,548864.0,5488640.0,1,,1384.4652897677145,0.1296875,3.636896073818207,1226.2249897465801,10
2,1.0,100000000.0,0.0,0.0,0.0,190.45549997827038,0.5403156681232355,77,False,1.049150190216777,0.41321802139282227,3.0,6.0,0.034726254642009735,0.0,-0.7947329291700063,524288.0,5242880.0,2,,540.3156681232355,0.1140625,3.7456438660621645,418.28356807951025,10
2,1.0,100000000.0,0.0,3.3527612686157227e-08,0.0,161.95039998274297,0.21806198841921337,77,False,1.1815309505764606,0.498740553855896,2.5,6.0,0.0340157076716423,3.3527612686157227e-08,-0.6997965030254497,90112.0,901120.0,3,,218.06198841921338,0.121875,3.702766865491867,59.922488408920394,10
2,1.0,100000000.0,0.0,3.725290298461914e-09,0.0,190.411799994763,1.4654040881300352,78,False,1.3606137781002103,0.4827221632003784,1.8,4.8,0.021218106150627136,3.725290298461914e-09,-1.413008936840413,334233.6,3342336.0,1,,1465.4040881300352,0.1375,3.626690113544464,1274.9922881352722,10
2,1.0,100000000.0,0.0,1.862645149230957e-08,0.0,191.0542999394238,1.0199518404765437,78,False,1.1115109938212988,0.4883132576942444,1.8,5.2,0.01857791095972061,1.862645149230957e-08,-1.0657314357753727,334233.6,3342336.0,2,,1019.9518404765438,0.090625,3.7220942854881285,828.8975405371199,10
2,1.0,100000000.0,0.0,3.725290298461914e-09,0.0,225.07409995887429,0.6052492832783044,78,False,1.4025217674062707,0.6111313104629517,2.1,5.4,0.024753734469413757,3.725290298461914e-09,-1.0038855290675779,381747.2,3817472.0,3,,605.2492832783045,0.1390625,3.726736605167389,380.1751833194301,10
2,0.9999999403953552,100000000.0,5.960464477539063e-08,0.0,0.0,400.10150003945455,0.4236059745085876,79,False,1.300173115207023,0.3904734253883362,0.0,6.0,0.03378913551568985,0.0,-0.8618895448578053,49152.0,491520.0,1,,423.6059745085876,0.1296875,3.628196746110916,32.653449525339774,10
2,1.0,100000000.0,0.0,1.1175870895385742e-08,0.0,160.0958998897113,0.315536857521998,79,False,0.9751560283849523,0.4791996479034424,2.0,5.0,0.03427780419588089,1.1175870895385742e-08,-0.6453464541293461,155648.0,1556480.0,2,,315.536857521998,0.11875,3.7563112676143646,155.44095763228674,10
2,1.0,100000000.0,0.0,3.725290298461914e-09,0.0,190.35960000474006,0.3979954628850275,79,False,1.2020542547937638,0.46879929304122925,4.4,6.0,0.019355621188879013,3.725290298461914e-09,-0.800024862564686,209715.2,2097152.0,3,,397.9954628850275,0.1171875,3.743789279460907,216.6579164378471,10
2,1.0,100000000.0,0.0,0.0,0.0,188.21810011286288,0.2097340155050328,80,False,1.3694403065683307,0.529323160648346,0.0,4.8,0.02936594933271408,0.0,-0.7895871610366818,49152.0,491520.0,1,0.0828125,209.7340155050328,0.1328125,3.6432185888290407,31.014429121086636,10
2,1.0,100000000.0,0.0,0.0,0.0,190.51400007447228,0.33185307853804075,80,False,1.0909893815328404,0.4100639820098877,4.4,6.0,0.03242156654596329,0.0,-0.7114212300354406,209715.2,2097152.0,2,0.0828125,331.85307853804073,0.1421875,3.723689949512482,141.33907846356846,10
2,1.0,100000000.0,0.0,0.0,0.0,261.64879999123514,0.6145470816411607,80,False,1.533766170993489,0.4156789183616638,3.2,6.0,0.023753320798277855,0.0,-1.074156626317325,219545.6,2195456.0,3,0.0828125,614.5470816411607,0.153125,3.5643866777420046,352.89828164992554,10
2,1.0,100000000.0,0.0,0.0,0.0,190.71919994894415,0.5293205750360037,81,False,1.3239988564074114,0.42533648014068604,3.4,4.8,0.03528764471411705,0.0,-0.9266597157217076,419430.4,4194304.0,1,,529.3205750360037,0.10625,3.7765477776527403,338.60137508705964,10
2,1.0,100000000.0,0.0,0.0,0.0,227.35060000559315,0.9047502512864037,81,False,1.141331637023037,0.49853605031967163,2.1,4.3,0.04005269706249237,0.0,-1.0230409441547204,381747.2,3817472.0,2,,904.7502512864038,0.103125,3.791046839952469,677.3996512808106,10
2,1.0,100000000.0,0.0,0.0,0.0,188.52790002711117,0.22218528144013863,81,False,1.2165028956739374,0.45915400981903076,0.0,5.4,0.019690921530127525,0.0,-0.719344088557038,49152.0,491520.0,3,,222.18528144013862,0.10625,3.790659260749817,50.61881651953014,10
2,1.0,100000000.0,0.0,0.0,0.0,188.65510006435215,0.23487697821479248,82,False,1.4041982036061071,0.4783661365509033,0.0,4.0,0.03252306208014488,0.0,-0.8195375909104499,49152.0,491520.0,1,,234.87697821479247,0.1296875,3.6584648370742796,46.22187815044032,10
2,1.0,100000000.0,0.0,0.0,0.0,190.96939993323758,0.22753273991218567,82,False,1.0813899147029815,0.49126410484313965,0.0,5.4,0.024111876264214516,0.0,-0.6544613273075836,49152.0,491520.0,2,,227.53273991218566,0.1390625,3.7190637588500977,36.56333997894809,10
2,1.0,100000000.0,0.0,2.2351741790771484e-08,0.0,188.2832000264898,0.22844168830918132,82,False,1.2734026694571643,0.3829843997955322,0.0,6.0,0.02867341786623001,2.2351741790771484e-08,-0.7509222012349146,49152.0,491520.0,3,,228.44168830918133,0.1328125,3.7285744309425355,40.15848828269152,10
2,0.9999999403953552,100000000.0,5.960464477539063e-08,0.0,0.0,190.66820002626628,0.32161823144966417,83,False,1.2860494395517412,0.49232494831085205,2.4,5.6,0.029711605980992317,0.0,-0.8038338355007026,176947.2,1769472.0,1,,321.61823144966417,0.1375,3.5983731865882875,130.95003142339786,10
2,1.0,100000000.0,0.0,0.0,0.0,227.38880006363615,0.2638559352350225,83,False,1.1642867625075388,0.42064499855041504,0.0,4.6,0.036065857857465744,0.0,-0.7140713488712807,49152.0,491520.0,2,,263.8559352350225,0.1078125,3.686260187625885,36.46713517138631,10
2,1.0,100000000.0,0.0,0.0,0.0,188.4074000408873,0.32829085233794897,83,False,1.238977273525629,0.43388181924819946,3.0,6.0,0.01962333172559738,0.0,-0.783634062931789,98304.0,983040.0,3,,328.290852337949,0.13125,3.6902029633522035,139.88345229706164,10
2,1.0,100000000.0,0.0,2.7939677238464355e-08,0.0,160.18070001155138,1.0189735780780314,84,False,1.2560478912565793,0.4249354600906372,1.5,5.5,0.02884642407298088,2.7939677238464355e-08,-1.1375107626069827,286720.0,2867200.0,1,,1018.9735780780313,0.134375,3.558140069246292,858.79287806648,10
2,1.0,100000000.0,0.0,0.0,0.0,160.4869999573566,0.22457693822854746,84,False,0.9860461963091876,0.5296001434326172,0.0,6.0,0.027000797912478447,0.0,-0.6053115672688675,49152.0,491520.0,2,,224.57693822854748,0.125,3.7448211908340454,66.38863819591319,10
2,1.0,100000000.0,0.0,1.862645149230957e-08,0.0,161.03199997451156,0.737554218355906,84,False,1.1767707502378528,0.4779502749443054,2.0,5.5,0.03145234286785126,1.862645149230957e-08,-0.9571625029233308,786432.0,7864320.0,3,,737.554218355906,0.1140625,3.638482928276062,579.2360183236792,10
2,1.0,100000000.0,0.0,3.725290298461914e-08,0.0,329.6244000084698,0.6151391385198517,85,False,1.291261263640398,0.5408567786216736,1.6,3.0,0.026911526918411255,3.725290298461914e-08,-0.9532002383330278,134348.8,1343488.0,1,,615.1391385198517,0.1328125,3.601671743392944,285.51473851138195,10
2,1.0,100000000.0,0.0,2.9802322387695312e-08,0.0,161.62919998168945,2.174119521298138,85,False,1.0675997072463441,0.5310286283493042,0.5,6.0,0.029135726392269135,2.9802322387695312e-08,-1.6208596440745635,548864.0,5488640.0,2,,2174.1195212981384,0.125,3.705892115831375,2012.4903213164487,10
2,1.0,100000000.0,0.0,0.0,0.0,188.17449995549396,0.21673912152798688,85,False,1.1931051297084363,0.468924880027771,2.0,3.0,0.03685569763183594,0.0,-0.7049221256182115,81920.0,819200.0,3,,216.7391215279869,0.1421875,3.6766138315200805,68.62596472830943,10
2,1.0,100000000.0,0.0,3.166496753692627e-08,0.0,161.0067000729032,0.27117567719668834,86,False,1.246799314404286,0.4955630302429199,2.5,5.5,0.027254635468125343,3.166496753692627e-08,-0.7589875274654547,90112.0,901120.0,1,,271.17567719668835,0.134375,3.603232115507126,110.16897712378515,10
2,1.0,100000000.0,0.0,1.4901161193847656e-08,0.0,161.80260002147406,0.46956578837930063,86,False,1.0920395950317583,0.47959309816360474,1.5,6.0,0.02879735827445984,1.4901161193847656e-08,-0.7808027066066907,286720.0,2867200.0,2,,469.5657883793006,0.14375,3.6365445852279663,307.76318835782655,10
2,1.0,100000000.0,0.0,1.30385160446167e-08,0.0,225.2847000490874,0.2645594925553799,86,False,1.380379011378933,0.45136111974716187,1.5,6.0,0.025636812672019005,1.30385160446167e-08,-0.8224692650056724,73728.0,737280.0,3,,264.5594925553799,0.1296875,3.676918077468872,130.78386404327583,10
2,1.0,100000000.0,0.0,9.313225746154785e-09,0.0,161.71349998330697,0.3930119197775459,87,False,1.2437181723013053,0.5294226408004761,2.0,6.0,0.02959604747593403,9.313225746154785e-09,-0.8183650553526514,155648.0,1556480.0,1,,393.0119197775459,0.13125,3.510163366794586,231.2984197942389,10
2,0.9999999403953552,100000000.0,5.960464477539063e-08,0.0,0.0,161.6165000014007,0.33455650044382756,87,False,1.028703643408864,0.36150774359703064,2.0,5.5,0.02172335609793663,0.0,-0.6816300719263458,155648.0,1556480.0,2,,334.5565004438276,0.1140625,3.735625296831131,176.68860046436288,10
2,1.0,100000000.0,0.0,1.30385160446167e-08,0.0,261.89450005767867,0.34670241889970077,87,False,1.4436425926096068,0.5945486426353455,0.0,5.2,0.018373927101492882,1.30385160446167e-08,-0.8951725187931698,49152.0,491520.0,3,,346.7024188997008,0.1375,3.656551146507263,84.8079188420221,10
2,1.0,100000000.0,0.0,0.0,0.0,161.48809995502234,0.41040027304016535,88,False,1.2057096321303444,0.45672154426574707,2.0,6.0,0.03506844863295555,0.0,-0.808054952585255,155648.0,1556480.0,1,,410.40027304016536,0.1453125,3.5178844034671783,252.20647314027434,10
2,1.0,100000000.0,0.0,0.0,0.0,228.26149995671585,0.5132081631728492,88,False,1.2625302819653963,0.4216639995574951,3.5,6.0,0.020532649010419846,0.0,-0.8878692225691227,106496.0,1064960.0,2,,513.2081631728493,0.1390625,3.638263237476349,284.9466632161334,10
2,1.0,100000000.0,0.0,2.60770320892334e-08,0.0,289.6535000181757,0.6586756730594938,88,False,2.0559528346725515,0.6155530214309692,3.9,5.9,0.021637359634041786,2.60770320892334e-08,-1.3573142799430546,288358.4,2883584.0,3,,658.6756730594938,0.153125,3.541665381193161,369.0221730413181,10
2,1.0,100000000.0,0.0,7.450580596923828e-09,0.0,188.80160001572222,0.2599354733991902,89,False,1.264361546511511,0.4457780718803406,2.0,6.0,0.021270476281642914,7.450580596923828e-09,-0.7621485174059313,81920.0,819200.0,1,,259.9354733991902,0.1265625,3.5799965143203734,109.47014860314411,10
2,1.0,100000000.0,0.0,0.0,0.0,162.08700003335252,0.44112081376970536,89,False,1.0472595489980465,0.4387948513031006,2.5,6.0,0.021884309127926826,0.0,-0.7441901813838759,90112.0,901120.0,2,,441.12081376970536,0.1296875,3.699323147535324,279.03381373635284,10
2,0.9999999403953552,100000000.0,5.960464477539063e-08,0.0,0.0,190.88389998069033,0.23334634331155107,89,False,1.3101539911992286,0.4012875556945801,2.0,4.8,0.02433166652917862,0.0,-0.7717501672553898,81920.0,819200.0,3,,233.34634331155107,0.1453125,3.6418240904808044,111.87084325689362,10
2,1.0,100000000.0,0.0,1.862645149230957e-09,0.0,225.24310002336279,0.397901183776196,90,False,1.3778585371119094,0.46267348527908325,1.2,6.0,0.0261391531676054,1.862645149230957e-09,-0.8878798623066979,113049.6,1130496.0,1,0.0984375,397.901183776196,0.153125,3.5267847895622255,304.6369838082342,10
2,1.0,100000000.0,0.0,3.5390257835388184e-08,0.0,188.42539994511753,0.6602207338662792,90,False,1.0235130775098031,0.5621461868286133,2.0,4.8,0.019148044288158417,3.5390257835388184e-08,-0.8418669410782991,81920.0,819200.0,2,0.0984375,660.2207338662793,0.1375,3.7736341834068297,535.4946338564132,10
2,1.0,100000000.0,0.0,1.1175870895385742e-08,0.0,191.7636999860406,0.38252671103655916,90,False,1.2521987870861753,0.4955013394355774,4.6,6.0,0.024779943749308586,1.1175870895385742e-08,-0.8173627602372381,183500.8,1835008.0,3,0.0984375,382.52671103655916,0.1328125,3.5508623242378237,256.952811032176,10
2,1.0,100000000.0,0.0,2.2351741790771484e-08,0.0,470.43679998023435,0.8367707476790553,91,False,1.3577429749923333,0.563921332359314,3.6,6.0,0.020928576588630676,2.2351741790771484e-08,-1.0972568836874361,367001.6,3670016.0,1,,836.7707476790554,0.1125,3.629587209224701,467.24815690174125,10
2,0.9999999403953552,100000000.0,5.960464477539063e-08,0.0,0.0,190.28959999559447,0.2291671142398672,91,False,1.1326575059191606,0.4878298044204712,0.0,6.0,0.025867700576782227,0.0,-0.6809123100795139,49152.0,491520.0,2,,229.16711423986717,0.1,3.856041741371155,41.286157249352755,10
2,1.0,100000000.0,0.0,0.0,0.0,160.15979991061613,0.24605314895268424,91,False,1.1631562090621859,0.32400649785995483,2.5,6.0,0.026374423876404762,0.0,-0.7046046790074351,90112.0,901120.0,3,,246.05314895268424,0.121875,3.7115304470062256,88.1871489294794,10
2,1.0,100000000.0,0.0,0.0,0.0,161.23939998215064,0.25270367066613797,92,False,1.3598324977155343,0.4137360453605652,5.0,6.0,0.039459582418203354,0.0,-0.8062680841908361,131072.0,1310720.0,1,,252.70367066613798,0.171875,3.4452309608459473,91.4642706839873,10
2,1.0,100000000.0,0.0,7.450580596923828e-09,0.0,161.051899951417,0.31573568079101494,92,False,1.0715557125896258,0.5680552124977112,4.5,6.0,0.02818232774734497,7.450580596923828e-09,-0.693645704140901,196608.0,1966080.0,2,,315.73568079101494,0.1328125,3.676232486963272,154.68378083959794,10
2,1.0,100000000.0,0.0,7.450580596923828e-09,0.0,161.54169995570555,1.766277276537676,92,False,1.1291548333806067,0.5060571432113647,3.0,6.0,0.02341284230351448,7.450580596923828e-09,-1.447716062409722,589824.0,5898240.0,3,,1766.277276537676,0.1515625,3.6328239738941193,1604.7355765819705,10
2,1.0,100000000.0,0.0,5.960464477539063e-08,0.0,261.9276000186801,0.45880388439271236,93,False,1.7169700582454939,0.34582453966140747,3.8,6.0,0.028066081926226616,5.960464477539063e-08,-1.0878870309237478,314572.8,3145728.0,1,,458.80388439271235,0.1609375,3.505350983142853,196.87628437403222,10
2,1.0,100000000.0,0.0,7.450580596923828e-09,0.0,225.21800000686198,0.42420790394460806,93,False,1.0768124158158505,0.44039398431777954,5.0,6.0,0.01738625392317772,7.450580596923828e-09,-0.7505101673308099,131072.0,1310720.0,2,,424.20790394460806,0.140625,3.578125309944153,198.98990393774608,10
2,1.0,100000000.0,0.0,0.0,0.0,188.16840008366853,0.9832877239469876,93,False,1.1086063041192737,0.4646516442298889,3.8,6.0,0.03087599016726017,0.0,-1.0459470140331306,498073.6,4980736.0,3,,983.2877239469876,0.1265625,3.574187421798706,856.6223240132881,10
2,1.0,100000000.0,0.0,4.0978193283081055e-08,0.0,161.14239994203672,0.31460251780717013,94,False,1.3313658283635035,0.3686143159866333,5.0,6.0,0.022762376815080643,4.0978193283081055e-08,-0.8229842140635301,131072.0,1310720.0,1,,314.60251780717016,0.134375,3.5864641070365906,153.4601178651334,10
2,1.0,100000000.0,0.0,4.0978193283081055e-08,0.0,191.022899991367,0.34985683833132075,94,False,1.1093726622226014,0.5474448204040527,3.0,6.0,0.01791706681251526,4.0978193283081055e-08,-0.7296147912551544,98304.0,983040.0,2,,349.8568383313208,0.14375,3.661582052707672,158.83393833995376,10
2,1.0,100000000.0,0.0,0.0,0.0,225.3341000759974,0.2718978689525194,94,False,1.1608699221069516,0.33483994007110596,1.5,6.0,0.02365909144282341,0.0,-0.7163838955297355,73728.0,737280.0,3,,271.8978689525194,0.1203125,3.6609240114688872,128.66704159901957,10
2,1.0,100000000.0,0.0,0.0,0.0,262.2359999222681,0.4026660642704273,95,False,1.865229707657601,0.40882837772369385,4.0,5.8,0.022615283727645874,0.0,-1.1339478859640142,114688.0,1146880.0,1,,402.6660642704273,0.1140625,3.6509103059768675,140.4300643481592,10
2,1.0,100000000.0,0.0,0.0,0.0,188.94199997885153,0.39088260461150137,95,False,1.0679254111545466,0.275409996509552,4.0,6.0,0.02757301554083824,0.0,-0.729404007883024,262144.0,2621440.0,2,,390.8826046115014,0.1515625,3.5863492608070375,201.94060463264987,10
2,1.0,100000000.0,0.0,0.0,0.0,160.8231999562122,0.3516588120941757,95,False,1.1399268999862242,0.4594777822494507,5.0,6.0,0.021283719688653946,0.0,-0.7457928560402,131072.0,1310720.0,3,,351.6588120941757,0.1375,3.6286423206329346,190.8356121379635,10
2,1.0,100000000.0,0.0,0.0,0.0,160.8941999147646,0.23431919620396865,96,False,1.2432783193901362,0.43210625648498535,5.0,6.0,0.028437118977308273,0.0,-0.7387987577970524,131072.0,1310720.0,1,,234.31919620396866,0.121875,3.6184459924697876,76.39459614200814,10
2,1.0,100000000.0,0.0,5.587935447692871e-09,0.0,225.19950004061684,0.2830551928139348,96,False,1.177547530044774,0.4317860007286072,0.0,5.7,0.0165159422904253,5.587935447692871e-09,-0.7303013670172899,49152.0,491520.0,2,,283.0551928139348,0.1203125,3.696353626251221,57.85569277331796,10
2,1.0,100000000.0,0.0,3.91155481338501e-08,0.0,225.38899997016415,0.9047199641661717,96,False,1.3076904492487742,0.4674975872039795,2.1,5.3,0.027213310822844505,3.91155481338501e-08,-1.1062052458230212,381747.2,3817472.0,3,,904.7199641661717,0.15,3.584108370542526,679.3309641960076,10
2,1.0,100000000.0,0.0,1.862645149230957e-09,0.0,418.49049989832565,0.5117791616317281,97,False,1.3254837771079462,0.45647627115249634,5.0,6.0,0.021897241473197937,1.862645149230957e-09,-0.9186314712324823,131072.0,1310720.0,1,,511.7791616317281,0.13125,3.6804871439933775,135.0197119932304,10
2,0.9999999403953552,100000000.0,5.960464477539063e-08,1.30385160446167e-08,0.0,188.16460005473346,0.22824560910627364,97,False,1.1060295396832938,0.34052515029907227,2.0,6.0,0.026873484253883362,1.30385160446167e-08,-0.6671375874332998,81920.0,819200.0,2,,228.24560910627363,0.140625,3.6617735743522646,102.62340914156407,10
2,1.0,100000000.0,0.0,7.450580596923828e-09,0.0,161.1640000483021,0.2596547818198758,97,False,1.1291548333806067,0.5411524176597595,2.5,6.0,0.02533278986811638,7.450580596923828e-09,-0.6944048150508219,90112.0,901120.0,3,,259.6547818198758,0.146875,3.5993034839630127,101.39328175372954,10
2,0.9999999403953552,100000000.0,5.960464477539063e-08,0.0,0.0,225.45040003024042,0.2713463912312498,98,False,1.4373467667989086,0.24579286575317383,1.5,5.3,0.02608576975762844,0.0,-0.8543465790150793,73728.0,737280.0,1,,271.3463912312498,0.1453125,3.484251844882965,139.05491752527192,10
2,1.0,100000000.0,0.0,2.60770320892334e-08,0.0,225.63080000691116,0.2563132493399993,98,False,1.2399082181696786,0.41085875034332275,0.0,6.0,0.032780952751636505,2.60770320892334e-08,-0.748110759831871,49152.0,491520.0,2,,256.31324933999935,0.1578125,3.637205708026886,30.682449333088197,10
2,1.0,100000000.0,0.0,0.0,0.0,264.94490006007254,0.4407907344060673,98,False,1.722866670830491,0.44941800832748413,5.0,6.0,0.03076108545064926,0.0,-1.0818287026182791,131072.0,1310720.0,3,,440.7907344060673,0.1421875,3.6229758620262147,175.84583434599477,10
2,1.0,100000000.0,0.0,1.4901161193847656e-08,0.0,161.51960007846355,0.1886298199565869,99,False,1.4138475474208247,0.4707326889038086,0.0,6.0,0.034827105700969696,1.4901161193847656e-08,-0.801238698589867,49152.0,491520.0,1,,188.62981995658689,0.140625,3.5247395634651184,27.110219878123353,10
2,1.0,100000000.0,0.0,0.0,0.0,161.00750002078712,0.20031806371592153,99,False,1.028612542484408,0.47650110721588135,0.0,5.5,0.02482842095196247,0.0,-0.6144653031001648,49152.0,491520.0,2,,200.31806371592154,0.146875,3.6114279329776764,39.310563695134405,10
2,0.9999999403953552,100000000.0,5.960464477539063e-08,0.0,0.0,225.13269999762997,0.28787188226289745,99,False,1.2823355915227173,0.41288530826568604,1.5,2.5,0.020573105663061142,0.0,-0.7851037368928073,73728.0,737280.0,3,,287.87188226289743,0.1625,3.60026638507843,71.17922851090033,10
7,1.0,100000000.0,0.0,0.0,0.0,92.13290002662688,0.15521210149694967,100,False,8.798385930790678,0.48774218559265137,2.0,5.5,0.03279387950897217,0.0,-4.476799016143814,81920.0,819200.0,1,0.1046875,155.21210149694966,0.1453125,3.5291706919670105,82.45170148388284,10
2,0.9999999403953552,20000000.0,5.960464477539063e-08,0.0,0.0,188.58439999166876,1.1286557486873519,100,False,1.0416172881757464,0.4073905348777771,2.0,6.0,0.021308839321136475,0.0,-1.0851365184315491,81920.0,819200.0,2,0.1046875,1128.655748687352,0.11875,3.7444936990737916,1004.2409487195712,10
2,1.0,100000000.0,0.0,4.6566128730773926e-08,0.0,261.9168999954127,0.389491617869842,100,False,1.661074841323126,0.4273805022239685,5.0,6.0,0.025920821353793144,4.6566128730773926e-08,-1.0252832761626127,131072.0,1310720.0,3,0.1046875,389.491617869842,0.1375,3.562309169769287,127.57471787442934,10
7,1.0,100000000.0,0.0,0.0,0.0,92.73669990943745,0.23557831552115027,101,False,6.870589000737369,0.5312713384628296,2.7,6.0,0.018665360286831856,0.0,-3.5530836581292595,137625.6,1376256.0,1,,235.57831552115027,0.1125,3.610015469789505,142.84161561171283,10
2,0.9999999403953552,20000000.0,5.960464477539063e-08,0.0,0.0,160.99329997086897,0.3838964106313525,101,False,1.0695792991406903,0.4701244831085205,0.0,6.0,0.02738060988485813,0.0,-0.7267378548860214,49152.0,491520.0,2,,383.89641063135247,0.1328125,3.7364327907562256,222.9031106604835,10
2,1.0,100000000.0,0.0,4.6566128730773926e-08,0.0,261.663899931591,0.3077366054143077,101,False,1.4848154683048729,0.434174120426178,0.0,6.0,0.02623985894024372,4.6566128730773926e-08,-0.8962760834257191,49152.0,491520.0,3,,307.7366054143077,0.1,3.7321781873703004,46.07270548271669,10
7,1.0,100000000.0,0.0,3.3527612686157227e-08,0.0,72.59889994747937,0.3132722810347434,102,False,8.577010433777248,0.4927085041999817,3.3,5.7,0.025211866945028305,3.3527612686157227e-08,-4.445141390933609,206438.4,2064384.0,1,,313.2722810347434,0.1375,3.4986256062984467,240.67338108726406,10
2,1.0,20000000.0,0.0,0.0,0.0,161.14680003374815,0.6057020723682339,102,False,1.027880500820406,0.5257418751716614,5.0,6.0,0.02834385633468628,0.0,-0.8167912865943199,131072.0,1310720.0,2,,605.7020723682339,0.15625,3.5658560395240784,447.7729724466312,10
2,1.0,100000000.0,0.0,0.0,0.0,160.90870008338243,0.31944669274260046,102,False,1.1238969714684948,0.49809807538986206,5.0,6.0,0.022442789748311043,0.0,-0.7216718321055476,131072.0,1310720.0,3,,319.4466927426005,0.1734375,3.597474217414856,161.73619273929611,10
7,1.0,100000000.0,0.0,0.0,0.0,204.99439991544932,0.27970112981729883,103,False,7.000231268352312,0.5212599635124207,1.5,6.0,0.023008398711681366,0.0,-3.6399661990848053,73728.0,737280.0,1,,279.7011298172988,0.1328125,3.562768703699112,100.46270326785164,10
2,1.0,20000000.0,0.0,0.0,0.0,188.43259999994189,0.8982972972568378,103,False,1.1326575059191606,0.41044342517852783,3.0,6.0,0.03622177243232727,0.0,-1.0154774015879993,98304.0,983040.0,2,,898.2972972568379,0.1359375,3.5796425223350523,709.864697256896,10
2,1.0,100000000.0,0.0,7.450580596923828e-09,0.0,159.54389999387786,0.2647733694867716,103,False,1.1682875609328365,0.3974723219871521,5.0,6.0,0.035711608827114105,7.450580596923828e-09,-0.7165304726603846,131072.0,1310720.0,3,,264.7733694867716,0.1703125,3.4615032076835632,105.22946949289376,10
7,1.0,100000000.0,0.0,3.725290298461914e-08,0.0,227.864500018768,0.2673885809942047,104,False,3.4486879902844354,0.39377593994140625,0.0,5.3,0.02719675377011299,3.725290298461914e-08,-1.858038322892223,49152.0,491520.0,1,,267.3885809942047,0.1546875,3.5040400445461275,39.52408097543669,10
2,1.0,20000000.0,0.0,4.6566128730773926e-08,0.0,188.1741999532096,0.6866975038335117,104,False,1.022482861288069,0.3442607522010803,5.0,6.0,0.025355903431773186,4.6566128730773926e-08,-0.8545902291269191,131072.0,1310720.0,2,,686.6975038335117,0.1203125,3.8058711171150206,562.6268038083258,10
2,0.9999999403953552,100000000.0,5.960464477539063e-08,0.0,0.0,159.97590002370998,0.2876564905554446,104,False,1.2134258577482475,0.26581674814224243,2.5,6.0,0.035334907472133636,0.0,-0.7505411741518461,90112.0,901120.0,3,,287.65649055544463,0.1390625,3.6188449263572693,127.68059053173467,10
7,1.0,100000000.0,0.0,0.0,0.0,72.64480006415397,0.10896608992960721,105,False,10.936358782709354,0.44126343727111816,1.0,5.7,0.029399028047919273,0.0,-5.5226624363194805,65536.0,655360.0,1,,108.96608992960721,0.178125,3.432058888673782,50.579789879419366,10
2,1.0,20000000.0,0.0,1.4901161193847656e-08,0.0,188.81820008391514,0.5038253587494625,105,False,1.1196802848762837,0.3435003161430359,2.0,6.0,0.03674739599227905,1.4901161193847656e-08,-0.8117528367140343,81920.0,819200.0,2,,503.82535874946257,0.14375,3.6275332093238832,377.8255587616956,10
2,1.0,100000000.0,0.0,0.0,0.0,261.8909000302665,0.29620961043773675,105,False,1.3981790377930836,0.3649829626083374,0.0,6.0,0.030685413628816605,0.0,-0.8471943241154102,49152.0,491520.0,3,,296.2096104377367,0.128125,3.643958234786987,34.31871040747028,10
7,1.0,100000000.0,0.0,7.450580596923828e-09,0.0,92.21210004761815,0.13293849099891772,106,False,8.812758571251571,0.39494478702545166,1.0,4.3,0.033609092235565186,7.450580596923828e-09,-4.472848538575825,65536.0,655360.0,1,,132.93849099891773,0.1609375,3.4298249065876005,60.123591036522285,10
2,1.0,20000000.0,0.0,1.6763806343078613e-08,0.0,225.73110001394525,0.4533236519806747,106,False,1.1272673166806115,0.41780561208724976,0.0,6.0,0.025413567200303078,1.6763806343078613e-08,-0.7902955010944495,49152.0,491520.0,2,,453.3236519806747,0.159375,3.6297222793102266,227.59255196672947,10
2,1.0,100000000.0,0.0,0.0,0.0,262.0985000394285,0.32208178104684215,106,False,1.6252645116189415,0.39107513427734375,5.0,6.0,0.022875238209962845,0.0,-0.9736731463328918,131072.0,1310720.0,3,,322.08178104684214,0.14375,3.597162973880768,105.6684427937169,10
7,1.0,100000000.0,0.0,1.4901161193847656e-08,0.0,91.96410002186894,0.1695696389053611,107,False,6.618892649631911,0.47309011220932007,3.0,6.0,0.027498459443449974,1.4901161193847656e-08,-3.394231159169797,98304.0,983040.0,1,,169.56963890536107,0.1578125,3.468186753988266,88.86675794908564,10
2,1.0,20000000.0,0.0,2.60770320892334e-08,0.0,225.705899996683,0.4771650949712162,107,False,1.1989671151488674,0.5239232778549194,0.0,6.0,0.022610411047935486,2.60770320892334e-08,-0.8380661311370738,49152.0,491520.0,2,,477.16509497121615,0.1125,3.791131281852722,251.45919497453318,10
2,1.0000001192092896,100000000.0,-1.1920928955078125e-07,4.7497451305389404e-08,0.0,225.4959999700077,0.27939441658208664,107,False,1.4510978533988215,0.38291633129119873,0.0,6.0,0.014904509298503399,4.7497451305389404e-08,-0.8652461824879054,49152.0,491520.0,3,,279.39441658208665,0.16875,3.578734040260315,53.898416612078925,10
7,0.9999999403953552,100000000.0,5.960464477539063e-08,0.0,0.0,89.05470004538074,0.24871329489960672,108,False,8.839424720165917,0.3593120574951172,0.1,5.7,0.03775070980191231,0.0,-4.544069007532762,149094.4,1490944.0,1,,248.71329489960672,0.15625,3.4620810031890867,188.4518949487746,10
2,1.0,20000000.0,0.0,0.0,0.0,161.8031000252813,0.5889406893913813,108,False,1.0397430408278758,0.508549690246582,2.5,6.0,0.03360181301832199,0.0,-0.8143418651096286,90112.0,901120.0,2,,588.9406893913813,0.146875,3.5807227194309235,427.1375893661001,10
2,1.0,100000000.0,0.0,0.0,0.0,162.28679998312145,0.21320514977970803,108,False,1.2134258577482475,0.48672616481781006,0.0,5.5,0.03362692892551422,0.0,-0.7133155037639778,49152.0,491520.0,3,,213.20514977970802,0.159375,3.5402574241161346,50.91834979658657,10
7,1.0,100000000.0,0.0,0.0,0.0,234.2269000946544,0.3311967867157371,109,False,6.4152875593986245,0.4348107576370239,3.0,6.0,0.02307036891579628,0.0,-3.373242173057181,98304.0,983040.0,1,,331.1967867157371,0.1671875,3.3687255322933196,121.076259291476,10
2,1.0,20000000.0,0.0,0.0,0.0,262.0900999754667,0.7429962169166939,109,False,1.4450050731514252,0.36603599786758423,4.0,6.0,0.023660138249397278,0.0,-1.0940006450340596,114688.0,1146880.0,2,,742.9962169166939,0.159375,3.574156141281128,480.90611694122714,10
2,1.0,100000000.0,0.0,5.587935447692871e-09,0.0,188.3644000045024,0.2193021400132715,109,False,1.2446063577876283,0.45772242546081543,0.0,5.6,0.02813008613884449,5.587935447692871e-09,-0.7319542544883854,49152.0,491520.0,3,,219.3021400132715,0.165625,3.5493354916572573,35.239553464993215,10
7,1.0,100000000.0,0.0,1.6763806343078613e-08,0.0,91.84080007253215,0.16388268302200132,110,False,8.849266640498724,0.46415579319000244,1.0,6.0,0.020090021193027496,1.6763806343078613e-08,-4.506574678524169,65536.0,655360.0,1,0.10859375,163.88268302200132,0.1515625,3.5077564299106596,75.58660530326604,10
2,0.9999999403953552,20000000.0,5.960464477539063e-08,0.0,0.0,225.70479998830706,0.7490013394592528,110,False,1.183003765341193,0.4172212481498718,3.5,6.0,0.03166501969099045,0.0,-0.9660025524002229,106496.0,1064960.0,2,0.10859375,749.0013394592528,0.15625,3.5931858122348785,523.2965394709457,10
2,1.0,100000000.0,0.0,2.9802322387695312e-08,0.0,160.39719997206703,0.2779590976286355,110,False,1.0758878615108585,0.4651549458503723,5.0,6.0,0.030039913952350616,2.9802322387695312e-08,-0.6769235093720694,131072.0,1310720.0,3,0.10859375,277.9590976286355,0.121875,3.5365995168685913,120.35319760689993,10
7,1.0,100000000.0,0.0,0.0,0.0,159.70209997612983,0.309420098061367,111,False,7.301480448834595,0.43731677532196045,3.5,6.0,0.01972568780183792,0.0,-3.805450273447981,106496.0,1064960.0,1,,309.420098061367,0.15,3.550658667087555,149.71799808523716,10
2,1.0,20000000.0,0.0,2.9802322387695312e-08,0.0,225.62640003161505,0.3907560124804661,111,False,1.257997391824431,0.3178766369819641,0.0,6.0,0.03481841832399368,2.9802322387695312e-08,-0.8243767319547709,49152.0,491520.0,2,,390.7560124804661,0.13125,3.673411649465561,165.12961244885105,10
2,1.0,100000000.0,0.0,0.0,0.0,261.8351999553852,0.29024587562059695,111,False,1.3986994409037845,0.3635462522506714,0.0,6.0,0.04029978811740875,0.0,-0.8444726582621908,49152.0,491520.0,3,,290.24587562059696,0.1453125,3.666045665740967,28.920976661476033,10
7,1.0,100000000.0,0.0,1.30385160446167e-08,0.0,191.24680006643757,0.24827242277476974,112,False,5.25639289430355,0.5625948309898376,1.0,6.0,0.021164000034332275,1.30385160446167e-08,-2.752332671577676,65536.0,655360.0,1,,248.27242277476975,0.153125,3.406967878341675,57.025622708332186,10
2,1.0,20000000.0,0.0,0.0,0.0,225.10340000735596,0.3539240336957739,112,False,1.0505212161560564,0.2791569232940674,0.0,6.0,0.04152054339647293,0.0,-0.7022226249259151,49152.0,491520.0,2,,353.9240336957739,0.153125,3.5363795518875123,128.82063368841796,10
2,1.0,100000000.0,0.0,0.0,0.0,290.6129999901168,0.34826433139393703,112,False,1.7368309731549203,0.3991404175758362,0.0,6.0,0.01986456662416458,0.0,-1.0425476522744286,49152.0,491520.0,3,,348.264331393937,0.1703125,3.53483099937439,57.651331403820215,10
7,0.9999999403953552,100000000.0,5.960464477539063e-08,0.0,0.0,90.14789998764172,0.16547588348098322,113,False,8.86548510824119,0.4389384984970093,1.0,5.3,0.021929366514086723,0.0,-4.515480495861087,65536.0,655360.0,1,,165.4758834809832,0.1640625,3.376154989004135,79.95344416516619,10
2,1.0,20000000.0,0.0,2.60770320892334e-08,0.0,329.48950002901256,1.0082507619844423,113,False,0.23262930172816065,0.3548281788825989,5.0,6.0,0.024359080940485,2.60770320892334e-08,-0.6204400579333336,131072.0,1310720.0,2,,1008.2507619844423,0.1796875,3.5323177576065063,678.7612619554297,10
2,1.0,100000000.0,0.0,1.862645149230957e-08,0.0,159.23620009562,0.636215879782645,113,False,1.2283555155778918,0.49480485916137695,2.5,6.0,0.02468077465891838,1.862645149230957e-08,-0.93228571630672,90112.0,901120.0,3,,636.2158797826451,0.1359375,3.596739500761032,476.97967968702505,10
7,1.0,100000000.0,0.0,0.0,0.0,190.57709991466254,0.32680564020540087,114,False,5.404980476022659,0.4826599359512329,3.5,6.0,0.028389545157551765,0.0,-2.86589305811403,106496.0,1064960.0,1,,326.8056402054009,0.1921875,3.332829052209854,136.22854029073832,10
2,1.0,20000000.0,0.0,0.0,0.0,262.60550000006333,0.7050485902062027,114,False,1.4773274732458241,0.3759024143218994,5.0,6.0,0.0398394949734211,0.0,-1.0911880317260134,131072.0,1310720.0,2,,705.0485902062027,0.1375,3.6276115775108337,474.78049153081827,10
2,1.0,100000000.0,0.0,0.0,0.0,226.72570002032444,0.2618929690608685,114,False,1.3117936605175324,0.4195387363433838,0.0,6.0,0.028107596561312675,0.0,-0.7868433147892004,49152.0,491520.0,3,,261.8929690608685,0.1734375,3.5188888788223265,39.519971823042404,10
7,1.0,100000000.0,0.0,7.450580596923828e-09,0.0,278.6451000138186,0.4731738262500836,115,False,3.0530758519766925,0.5879424810409546,5.0,6.0,0.02208416908979416,7.450580596923828e-09,-1.7631248465639686,131072.0,1310720.0,1,,473.1738262500836,0.175,3.3891540646553038,194.528726236265,10
2,0.9999999403953552,20000000.0,5.960464477539063e-08,0.0,0.0,261.5710000391118,0.5952302459299711,115,False,1.4730416209232002,0.4700600504875183,1.0,6.0,0.020689599215984344,0.0,-1.0341359334265856,65536.0,655360.0,2,,595.2302459299711,0.1546875,3.5772920846939087,333.65924589085927,10
2,0.9999999403953552,100000000.0,5.960464477539063e-08,0.0,0.0,261.66889996966347,0.4654523692491825,115,False,1.7210066764119658,0.3724067211151123,5.0,6.0,0.031871333718299866,0.0,-1.0932295228305742,131072.0,1310720.0,3,,465.4523692491825,0.1609375,3.5439566135406495,203.783469279519,10
7,1.0,100000000.0,0.0,6.705522537231445e-08,0.0,91.95490006823093,0.14935696831650253,116,False,6.724389003287819,0.3755418062210083,1.5,6.0,0.021108541637659073,6.705522537231445e-08,-3.4368730528573863,73728.0,737280.0,1,,149.35696831650253,0.16875,3.4377844095230103,57.65746833036806,10
2,1.0,20000000.0,0.0,5.587935447692871e-08,0.0,188.97089990787208,0.7243474683634885,116,False,1.000012906325527,0.3840620517730713,5.0,6.0,0.024742059409618378,5.587935447692871e-08,-0.8621802432238622,131072.0,1310720.0,2,,724.3474683634885,0.1828125,3.4895293951034545,535.3765684556164,10
2,1.0,100000000.0,0.0,0.0,0.0,161.01620002882555,0.24316675891372713,116,False,1.1301333757415186,0.43495285511016846,2.5,6.0,0.030426010489463806,0.0,-0.6866500673276229,90112.0,901120.0,3,,243.16675891372714,0.15,3.432114601135254,82.15055888490157,10
7,1.0,100000000.0,0.0,2.60770320892334e-08,0.0,161.619899852667,0.188091338258017,117,False,3.08058158920901,0.5422195196151733,0.0,5.5,0.031228013336658478,2.60770320892334e-08,-1.6343364898105457,49152.0,491520.0,1,,188.091338258017,0.1515625,3.4065046489238737,26.471438405349986,10
2,0.9999999403953552,20000000.0,5.960464477539063e-08,0.0,0.0,188.86789999669418,0.3970312144522085,117,False,1.1025511013970228,0.4382857084274292,2.0,4.8,0.022204943001270294,0.0,-0.7497911579246157,81920.0,819200.0,2,,397.03121445220853,0.178125,3.5751444458961488,246.56555089181907,10
2,1.0,100000000.0,0.0,0.0,0.0,189.34209999861196,0.22641343470145361,117,False,1.223928552581047,0.3945305347442627,2.0,6.0,0.024662455543875694,0.0,-0.7251709936412504,81920.0,819200.0,3,,226.4134347014536,0.109375,3.6203386068344114,100.60953463375913,10
7,1.0,100000000.0,0.0,9.313225746154785e-08,0.0,124.45490004029125,0.21636864595162464,118,False,6.911884284088401,0.33142638206481934,4.0,6.0,0.022966917604207993,9.313225746154785e-08,-3.5641265581522705,114688.0,1146880.0,1,,216.36864595162464,0.14375,3.4454029977321623,137.78984895766894,10
2,1.0,20000000.0,0.0,4.842877388000488e-08,0.0,289.76949997013435,0.7805656139839995,118,False,1.9340546199809494,0.5026460886001587,5.0,6.0,0.0279277041554451,4.842877388000488e-08,-1.3573101654112483,131072.0,1310720.0,2,,780.5656139839995,0.1875,3.474205195903778,490.7961140138651,10
2,1.0,100000000.0,0.0,2.421438694000244e-08,0.0,188.90680000185966,0.23791651418375565,118,False,1.1649303576164134,0.47777748107910156,3.0,6.0,0.02638520486652851,2.421438694000244e-08,-0.7014234601144714,98304.0,983040.0,3,,237.91651418375565,0.1609375,3.494215154647827,58.14438077341609,10
7,1.0,100000000.0,0.0,1.6763806343078613e-08,0.0,124.21089998679236,0.2575488266130821,119,False,4.796703088724039,0.5065198540687561,3.5,6.0,0.021259404718875885,1.6763806343078613e-08,-2.5271259744323666,106496.0,1064960.0,1,,257.5488266130821,0.146875,3.4518309950828554,133.33792662628977,10
2,1.0,20000000.0,0.0,0.0,0.0,225.50539998337626,0.568355823240799,119,False,1.202562494150706,0.5173623561859131,5.0,6.0,0.02959843911230564,0.0,-0.8854591586957525,131072.0,1310720.0,2,,568.355823240799,0.1484375,3.52281077504158,419.43967187850103,10
2,1.0,100000000.0,0.0,7.450580596923828e-09,0.0,225.30550003284588,0.2529064131995097,119,False,1.4007627750241676,0.36349308490753174,0.0,6.0,0.04095440357923508,7.450580596923828e-09,-0.8268346015624193,49152.0,491520.0,3,,252.90641319950967,0.15625,3.5158702075481414,30.121907782341736,10
7,0.9999999403953552,100000000.0,5.960464477539063e-08,0.0,0.0,90.17129999119788,0.16393364741539096,120,False,8.829186432208475,0.3957520127296448,2.0,6.0,0.02875724993646145,0.0,-4.496560039811933,81920.0,819200.0,1,0.1234375,163.93364741539096,0.1703125,3.3239246129989626,103.53804749043172,10
2,1.0,20000000.0,0.0,2.60770320892334e-08,0.0,225.1784999971278,0.8436120353112905,120,False,1.1976483810993779,0.32084518671035767,5.0,6.0,0.023585326969623566,2.60770320892334e-08,-1.0206302342823663,131072.0,1310720.0,2,0.1234375,843.6120353112905,0.140625,3.562228274345398,618.4335353141627,10
2,1.0,100000000.0,0.0,1.4901161193847656e-08,0.0,225.87390011176467,0.2843110590402621,120,False,1.351435505070278,0.47216737270355225,5.0,6.0,0.023329414427280426,1.4901161193847656e-08,-0.8178732969564313,131072.0,1310720.0,3,0.1234375,284.3110590402621,0.178125,3.482390505075455,107.8748690007653,10
7,1.0,100000000.0,0.0,3.166496753692627e-08,0.0,201.1827999376692,0.3076009110021975,121,False,7.538392881605878,0.5703220367431641,3.9,6.0,0.027695054188370705,3.166496753692627e-08,-3.922996927969005,127795.2,1277952.0,1,,307.6009110021975,0.15625,3.6120086550712585,164.1125240735526,10
2,1.0,20000000.0,0.0,2.9802322387695312e-08,0.0,188.41900007100776,0.7553686232047854,121,False,1.0044760064421636,0.40514135360717773,3.0,6.0,0.023717399686574936,2.9802322387695312e-08,-0.8799223446257969,98304.0,983040.0,2,,755.3686232047854,0.1328125,3.681983196735382,566.9496231337777,10
2,1.0,100000000.0,0.0,5.587935447692871e-09,0.0,261.9381000404246,0.2973380671225661,121,False,1.3669409833981956,0.35081446170806885,1.0,6.0,0.02650836668908596,5.587935447692871e-09,-0.8321395308483163,65536.0,655360.0,3,,297.3380671225661,0.1515625,3.6177049398422243,60.03123678314262,10
7,1.0,100000000.0,0.0,2.1420419216156006e-08,0.0,264.28930001566187,0.5388968501158933,122,False,1.6565378641361796,0.5017937421798706,5.0,6.0,0.0129858935251832,2.1420419216156006e-08,-1.0977173785464558,131072.0,1310720.0,1,,538.8968501158932,0.178125,3.355766201019287,274.6075501002315,10
2,0.9999999403953552,20000000.0,5.960464477539063e-08,7.450580596923828e-09,0.0,161.74169990699738,0.7347354996933132,122,False,1.0898835089320764,0.35458242893218994,2.5,3.5,0.021277502179145813,7.450580596923828e-09,-0.9123095117632753,90112.0,901120.0,2,,734.7354996933132,0.1703125,3.5121908485889435,572.9937997863158,10
2,0.9999999403953552,100000000.0,5.960464477539063e-08,0.0,0.0,225.4149000509642,0.3036781947736584,122,False,1.2615074658812957,0.4636352062225342,5.0,6.0,0.037360720336437225,0.0,-0.7825928303274771,131072.0,1310720.0,3,,303.67819477365845,0.165625,3.488834410905838,78.26329472269424,10
7,1.0,100000000.0,0.0,0.0,0.0,289.63159990962595,0.4383654983258907,123,False,2.127558012528432,0.44805586338043213,5.0,6.0,0.020787518471479416,0.0,-1.2829617554271615,131072.0,1310720.0,1,,438.3654983258907,0.1703125,3.451727557182312,148.73389841626476,10
2,0.9999999403953552,20000000.0,5.960464477539063e-08,0.0,0.0,188.89689998468384,0.9658144396994433,123,False,1.0747070591981225,0.4871622323989868,5.0,6.0,0.02487647905945778,0.0,-1.020260749448783,131072.0,1310720.0,2,,965.8144396994433,0.2125,3.296752631664276,776.9175397147594,10
2,0.9999999403953552,100000000.0,5.960464477539063e-08,0.0,0.0,262.0639000670053,0.4406388270221693,123,False,1.8638153626635021,0.35308802127838135,4.0,6.0,0.023238033056259155,0.0,-1.1522270948428357,114688.0,1146880.0,3,,440.63882702216927,0.1453125,3.54485547542572,178.574926955164,10
7,1.0,100000000.0,0.0,2.60770320892334e-08,0.0,264.32020001811907,0.4340774060586162,124,False,4.158215473969868,0.3196091651916504,5.0,6.0,0.019626062363386154,2.60770320892334e-08,-2.2961464660912743,131072.0,1310720.0,1,,434.07740605861625,0.1546875,3.3950503051280974,169.75720604049715,10
2,1.0,20000000.0,0.0,2.0489096641540527e-08,0.0,161.29720013123006,0.8499586876528789,124,False,1.0106017830356604,0.3624289631843567,2.5,6.0,0.02063453011214733,2.0489096641540527e-08,-0.9302802558333663,90112.0,901120.0,2,,849.9586876528789,0.159375,3.4901629090309143,692.0213876106296,10
2,1.0,100000000.0,0.0,2.9802322387695312e-08,0.0,188.2272000075318,0.2465613603792829,124,False,1.186450237639531,0.3773650527000427,3.0,6.0,0.02935495227575302,2.9802322387695312e-08,-0.7165058288117293,98304.0,983040.0,3,,246.5613603792829,0.1453125,3.472531831264496,58.33416037175109,10
7,1.0,100000000.0,0.0,5.587935447692871e-08,0.0,263.62330006668344,0.38469077391389683,125,False,4.188877973767566,0.29839015007019043,4.5,6.0,0.02106703445315361,5.587935447692871e-08,-2.2867844297200857,122880.0,1228800.0,1,,384.6907739138968,0.1640625,3.412955802679062,121.06747384721338,10
2,1.0,20000000.0,0.0,0.0,0.0,225.5679999361746,0.5971115637805338,125,False,1.2226591062978707,0.38846707344055176,3.5,6.0,0.044162146747112274,0.0,-0.9098853350392022,106496.0,1064960.0,2,,597.1115637805337,0.184375,3.4367906212806703,371.54356384435914,10
2,0.9999999403953552,100000000.0,5.960464477539063e-08,0.0,0.0,261.9538999861106,0.37494411066243255,125,False,1.4041562054957306,0.32494115829467773,5.0,6.0,0.02590997889637947,0.0,-0.8895501580790816,131072.0,1310720.0,3,,374.94411066243254,0.1515625,3.5173360109329224,112.99021067632194,10
7,0.9999999403953552,100000000.0,5.960464477539063e-08,0.0,0.0,264.0583000029437,0.3703672520538296,126,False,4.028515030723168,0.4168405532836914,5.0,6.0,0.03172576427459717,0.0,-2.1994411413884984,131072.0,1310720.0,1,,370.3672520538296,0.1953125,3.290888047218323,106.30895205088589,10
2,1.0,20000000.0,0.0,2.0489096641540527e-08,0.0,225.34750000340864,1.984296405600881,126,False,1.1350673636495454,0.3926076889038086,3.5,6.0,0.018122343346476555,2.0489096641540527e-08,-1.5596819051143098,106496.0,1064960.0,2,,1984.296405600881,0.134375,3.5152618169784544,1758.9489055974723,10
2,1.0,100000000.0,0.0,1.862645149230957e-09,0.0,262.2559000737965,0.39203846613739574,126,False,1.24760231889836,0.39940059185028076,4.0,5.6,0.025372879579663277,1.862645149230957e-09,-0.819820394380523,114688.0,1146880.0,3,,392.03846613739574,0.171875,3.4798842549324034,129.78256606359923,10
7,0.9999999403953552,100000000.0,5.960464477539063e-08,0.0,0.0,232.2897000121884,0.2731302726280076,127,False,5.578134942265906,0.4461706876754761,2.0,6.0,0.020770736038684845,0.0,-2.9256326074469565,81920.0,819200.0,1,,273.1302726280076,0.159375,3.4049720227718354,85.11936502564316,10
2,0.9999999403953552,20000000.0,5.960464477539063e-08,0.0,0.0,262.001600000076,0.919667066152395,127,False,1.3871243308098156,0.3761536478996277,5.0,6.0,0.02810635417699814,0.0,-1.1533956984811053,131072.0,1310720.0,2,,919.667066152395,0.1625,3.429707932472229,657.665466152319,10
2,0.9999999403953552,100000000.0,5.960464477539063e-08,0.0,0.0,225.39499995764345,0.2909928787845277,127,False,1.123785056612227,0.2970033288002014,0.0,6.0,0.03147757798433304,0.0,-0.7073889676983773,49152.0,491520.0,3,,290.99287878452765,0.146875,3.440153455734253,65.59787882688424,10
7,1.0,100000000.0,0.0,3.725290298461914e-09,0.0,161.3216000259854,0.1880627073846252,128,False,7.408477323150553,0.47460758686065674,1.5,6.0,0.027158301323652267,3.725290298461914e-09,-3.7982700189928793,73728.0,737280.0,1,,188.06270738462518,0.1625,3.3675439953804016,87.8023218935433,10
2,1.0,20000000.0,0.0,7.450580596923828e-09,0.0,161.33010009070858,0.6099680407738801,128,False,1.0978080954995268,0.342535138130188,2.5,6.0,0.017161361873149872,7.450580596923828e-09,-0.8538880755872841,90112.0,901120.0,2,,609.9680407738801,0.1796875,3.477257788181305,448.6379406831715,10
2,1.0,100000000.0,0.0,0.0,0.0,225.6987000000663,0.3465299989933813,128,False,1.2844205481128126,0.2964971661567688,3.5,6.0,0.017026711255311966,0.0,-0.815475273553097,106496.0,1064960.0,3,,346.52999899338135,0.1921875,3.3665075063705445,120.83129899331503,10
7,1.0,100000000.0,0.0,0.0,0.0,227.7860000031069,0.2898193517675122,129,False,3.5327856742610884,0.3740951418876648,4.5,5.5,0.040775541216135025,0.0,-1.9113025130143002,122880.0,1228800.0,1,,289.8193517675122,0.1640625,3.3282137751579284,62.033351764405346,10
2,1.0,20000000.0,0.0,0.0,0.0,225.11229995870963,0.4346906232655926,129,False,1.141331637023037,0.3165264129638672,0.0,6.0,0.03555624186992645,0.0,-0.7880111301443149,49152.0,491520.0,2,,434.6906232655926,0.1625,3.5526053071022035,209.57832330688296,10
2,0.9999999403953552,100000000.0,5.960464477539063e-08,0.0,0.0,189.16769995121285,0.24493899170731212,129,False,1.1877884671870755,0.3254026770591736,3.0,6.0,0.03090934455394745,0.0,-0.7163637294471938,98304.0,983040.0,3,,244.9389917073121,0.165625,3.4417479276657104,55.77129175609926,10
7,1.0,100000000.0,0.0,5.587935447692871e-08,0.0,227.2759000188671,0.25130620957018335,130,False,3.366785292186269,0.4781085252761841,1.0,6.0,0.02023826166987419,5.587935447692871e-08,-1.8090458067575808,65536.0,655360.0,1,0.12578125,251.30620957018334,0.1875,3.2872188329696654,138.92363419308452,10
2,1.0,20000000.0,0.0,0.0,0.0,188.8951999717392,0.43482081561116825,130,False,1.1021713382876812,0.43115246295928955,0.0,6.0,0.02406986989080906,0.0,-0.7684960769494247,49152.0,491520.0,2,0.12578125,434.82081561116826,0.1578125,3.6467625379562376,245.92561563942905,10
2,0.9999999403953552,100000000.0,5.960464477539063e-08,0.0,0.0,225.6622000131756,0.28827890660443,130,False,1.348020841629804,0.3232402205467224,0.0,6.0,0.021542124450206757,0.0,-0.818149874117117,49152.0,491520.0,3,0.12578125,288.27890660443,0.153125,3.528304082155228,62.61670659125441,10
7,1.0,100000000.0,0.0,4.470348358154297e-08,0.0,161.2693999777548,0.1989389774760129,131,False,7.49065613726268,0.4249228239059448,0.0,5.0,0.034154102206230164,4.470348358154297e-08,-3.84479760207283,49152.0,491520.0,1,,198.93897747601292,0.16875,3.4273265659809113,39.63428624478187,10
2,1.0,20000000.0,0.0,1.862645149230957e-08,0.0,188.83500003721565,0.8037383976312177,131,False,1.0926532081552118,0.45446598529815674,5.0,6.0,0.029208742082118988,1.862645149230957e-08,-0.9481958215196662,131072.0,1310720.0,2,,803.7383976312177,0.121875,3.669926309585571,614.9033975940021,10
2,0.9999999403953552,100000000.0,5.960464477539063e-08,0.0,0.0,191.07100000837818,0.2820071795448812,131,False,1.2117897147069916,0.43473219871520996,5.0,6.0,0.040504805743694305,0.0,-0.7468984471259363,131072.0,1310720.0,3,,282.0071795448812,0.1421875,3.611937129497528,93.48042593020455,10
7,0.9999999403953552,100000000.0,5.960464477539063e-08,0.0,0.0,161.99329996015877,0.3763402067555541,132,False,5.353526124137099,0.46069812774658203,0.3,4.3,0.022952217608690262,0.0,-2.8649331654463266,96665.6,966656.0,1,,376.34020675555405,0.1609375,3.400759446620941,314.13010675110456,10
2,1.0,20000000.0,0.0,1.1175870895385742e-08,0.0,161.9046000414528,0.31188495791452847,132,False,1.0831345840958315,0.3108605742454529,0.0,6.0,0.030565936118364334,1.1175870895385742e-08,-0.6975097821810509,49152.0,491520.0,2,,311.88495791452846,0.1703125,3.495435804128647,149.9803578730757,10
2,1.0,100000000.0,0.0,5.587935447692871e-09,0.0,188.59979993430898,0.2177108868425922,132,False,1.1741907137354977,0.38504695892333984,0.0,6.0,0.029624251648783684,5.587935447692871e-09,-0.6959508058769803,49152.0,491520.0,3,,217.7108868425922,0.171875,3.4528645157814024,44.568256193821384,10
7,1.0,100000000.0,0.0,0.0,0.0,268.4284999850206,0.31788750887179357,133,False,6.642871751056303,0.4413191080093384,5.0,6.0,0.03229124844074249,0.0,-3.480379629964048,131072.0,1310720.0,1,,317.88750887179356,0.1828125,3.29821754693985,151.99883696756132,10
2,1.0,20000000.0,0.0,0.0,0.0,161.03890002705157,0.9630194439710027,133,False,1.0329194954791066,0.3527897596359253,2.5,3.5,0.04006581008434296,0.0,-0.9979694697250546,90112.0,901120.0,2,,963.0194439710027,0.16875,3.455918997526169,804.891943993876,10
2,1.0,100000000.0,0.0,0.0,0.0,190.4272999963723,0.28206509928941026,133,False,1.1713699440084069,0.2905087471008301,5.0,6.0,0.030362186953425407,0.0,-0.7267175216489086,131072.0,1310720.0,3,,282.0650992894103,0.18125,3.271886873245239,91.63779929303793,10
7,1.0,100000000.0,0.0,0.0,0.0,161.4867000025697,0.3314238568525232,134,False,5.272858250021355,0.47835856676101685,3.5,5.4,0.02947857230901718,0.0,-2.802141053436939,106496.0,1064960.0,1,,331.42385685252316,0.1328125,3.444345223903656,169.93715684995345,10
2,1.0,20000000.0,0.0,7.450580596923828e-09,0.0,161.66630008956417,0.44967652872946107,134,False,1.00935716737864,0.45740777254104614,2.5,6.0,0.03424355387687683,7.450580596923828e-09,-0.7295168555046311,90112.0,901120.0,2,,449.67652872946104,0.1765625,3.4393624365329742,291.24172874070695,10
2,1.0,100000000.0,0.0,4.284083843231201e-08,0.0,161.2492999411188,0.3995966330416134,134,False,1.166284247427459,0.28809791803359985,2.5,6.0,0.020227773115038872,4.284083843231201e-08,-0.7829404830753747,90112.0,901120.0,3,,399.5966330416134,0.153125,3.446573168039322,238.34733310049464,10
7,1.0,100000000.0,0.0,0.0,0.0,93.35290006129071,0.1836883577852872,135,False,8.670200016879045,0.27536219358444214,4.5,6.0,0.0254022479057312,0.0,-4.426944187332166,122880.0,1228800.0,1,,183.6883577852872,0.1578125,3.379172515869141,124.21095780882878,10
2,1.0,20000000.0,0.0,1.4901161193847656e-08,0.0,162.43999998550862,0.8436197796451582,135,False,1.1175261115491324,0.30994176864624023,5.0,6.0,0.03598123788833618,1.4901161193847656e-08,-0.9805729604983064,131072.0,1310720.0,2,,843.6197796451582,0.1625,3.5229113399982452,681.1797796596496,10
2,1.0,100000000.0,0.0,0.0,0.0,188.7798000825569,0.4569003894812578,135,False,1.0638891937217225,0.37532007694244385,5.0,6.0,0.01798846200108528,0.0,-0.7603947916014901,131072.0,1310720.0,3,,456.9003894812578,0.1921875,3.4581334948539735,268.1205893987009,10
7,0.9999999403953552,100000000.0,5.960464477539063e-08,1.30385160446167e-08,0.0,157.97259990358725,0.2568462213086519,136,False,3.365152579127172,0.4006199240684509,5.0,6.0,0.024772820994257927,1.30385160446167e-08,-1.810999413256428,131072.0,1310720.0,1,,256.84622130865193,0.2140625,3.264046257734299,98.87362140506468,10
2,0.9999999403953552,20000000.0,5.960464477539063e-08,0.0,0.0,225.4016999504529,1.4166180833243434,136,False,1.17346229661695,0.41329604387283325,5.0,6.0,0.026332471519708633,0.0,-1.2950401899706465,131072.0,1310720.0,2,,1416.6180833243434,0.171875,3.403581255674362,1191.2163833738905,10
2,1.0,100000000.0,0.0,0.0,0.0,225.15040007419884,0.26423845918588024,136,False,1.3294021312412412,0.20071440935134888,0.0,6.0,0.023899687454104424,0.0,-0.7968202952135607,49152.0,491520.0,3,,264.23845918588023,0.18125,3.4004364728927614,39.08805911168141,10
7,1.0,100000000.0,0.0,7.450580596923828e-09,0.0,191.31059997016564,0.33561251221207233,137,False,7.791626707498489,0.5092476010322571,4.0,6.0,0.02256724238395691,7.450580596923828e-09,-4.063619617305862,114688.0,1146880.0,1,,335.6125122120723,0.1359375,3.5042618215084076,144.3019122419067,10
2,0.9999999403953552,20000000.0,5.960464477539063e-08,0.0,0.0,262.1050999732688,1.2768735333703458,137,False,1.3504957284299561,0.28782570362091064,5.0,6.0,0.021517083048820496,0.0,-1.313684630900151,131072.0,1310720.0,2,,1276.8735333703457,0.1578125,3.5220925331115724,1014.768433397077,10
2,1.0,100000000.0,0.0,2.7939677238464355e-08,0.0,161.43699997337535,0.22110303646603383,137,False,1.1513178204404384,0.4224100112915039,0.0,6.0,0.025348328053951263,2.7939677238464355e-08,-0.6862104563929133,49152.0,491520.0,3,,221.1030364660338,0.178125,3.422650635242462,62.4843364157506,10
7,1.0,100000000.0,0.0,0.0,0.0,125.43610000284389,0.3491822477569311,138,False,8.94859095898809,0.44620609283447266,5.0,6.0,0.031499236822128296,0.0,-4.64888660337251,131072.0,1310720.0,1,,349.1822477569311,0.1578125,3.331346070766449,276.0904477815582,10
2,0.9999999403953552,20000000.0,5.960464477539063e-08,0.0,0.0,262.6241000252776,0.39274240769510566,138,False,1.3194959108002613,0.44914042949676514,1.0,6.0,0.044342875480651855,0.0,-0.8561191592476834,65536.0,655360.0,2,,392.74240769510567,0.1859375,3.4819588661193848,273.5910018795043,10
2,1.0,100000000.0,0.0,9.313225746154785e-09,0.0,162.20119991339743,0.21105091081973487,138,False,1.166284247427459,0.32899248600006104,2.5,6.0,0.026767680421471596,9.313225746154785e-09,-0.6886675884368227,90112.0,901120.0,3,,211.05091081973487,0.159375,3.44509494304657,52.05141083844328,10
7,0.9999999403953552,100000000.0,5.960464477539063e-08,1.4901161193847656e-08,0.0,331.4288998953998,0.4219352493048186,139,False,3.3148372940179645,0.296065092086792,4.5,5.5,0.04191005229949951,1.4901161193847656e-08,-1.8683862865625527,122880.0,1228800.0,1,,421.9352493048186,0.1859375,3.331446558237076,109.19344437155105,10
2,1.0,20000000.0,0.0,0.0,0.0,188.60069999936968,0.6365868007294724,139,False,1.028559923960282,0.4092373847961426,5.0,6.0,0.036588240414857864,0.0,-0.8325733623448772,131072.0,1310720.0,2,,636.5868007294724,0.171875,3.398781418800354,447.9861007301027,10
2,1.0,100000000.0,0.0,3.166496753692627e-08,0.0,190.56429999182,0.28742142243703955,139,False,1.1943777698862583,0.2734236717224121,3.0,4.0,0.0272477176040411,3.166496753692627e-08,-0.7408996278266164,98304.0,983040.0,3,,287.42142243703955,0.171875,3.411567723751068,96.85712244521955,10
7,1.0,100000000.0,0.0,3.3527612686157227e-08,0.0,91.28790005343035,0.3120264264822699,140,False,6.640006391002842,0.2338418960571289,5.0,6.0,0.013321850448846817,3.3527612686157227e-08,-3.476016442270169,131072.0,1310720.0,1,0.1296875,312.0264264822699,0.171875,3.3859003663063048,239.6437264348142,10
2,1.0,20000000.0,0.0,0.0,0.0,190.19190006656572,0.5337206622009204,140,False,1.0810625058124335,0.36156588792800903,5.0,6.0,0.04224630445241928,0.0,-0.807391584006677,131072.0,1310720.0,2,0.1296875,533.7206622009204,0.1859375,3.3293472290039063,343.5287621343547,10
2,1.0,100000000.0,0.0,5.029141902923584e-08,0.0,190.63540000934154,0.3192278647925034,140,False,1.1843246461716248,0.28557610511779785,5.0,6.0,0.02721407078206539,5.029141902923584e-08,-0.7517763057734832,131072.0,1310720.0,3,0.1296875,319.2278647925034,0.14375,3.4538759708404543,128.5924647831619,10
7,1.0,100000000.0,0.0,0.0,0.0,160.47799994703382,0.21810593655135077,141,False,7.099966613051339,0.3988882899284363,2.5,3.5,0.02786325104534626,0.0,-3.6590362748013447,90112.0,901120.0,1,,218.10593655135077,0.159375,3.4169834315776826,123.62367871172117,10
2,1.0,20000000.0,0.0,3.725290298461914e-08,0.0,261.8151999777183,0.4733043476709391,141,False,1.4403269875768712,0.2927069664001465,5.0,6.0,0.05660136789083481,3.725290298461914e-08,-0.9568157048768081,131072.0,1310720.0,2,,473.3043476709391,0.1375,3.588897669315338,285.70610576920166,10
2,0.9999999403953552,100000000.0,5.960464477539063e-08,0.0,0.0,160.28539993567392,0.30295256300482093,141,False,1.1497408861552334,0.3512699007987976,5.0,6.0,0.036611638963222504,0.0,-0.7263467245800271,131072.0,1310720.0,3,,302.95256300482095,0.1421875,3.52783665060997,142.667163069147,10
7,1.0,100000000.0,0.0,2.60770320892334e-08,0.0,123.26669989852235,0.402582582798123,142,False,7.300122501069904,0.2568392753601074,5.0,6.0,0.021472971886396408,2.60770320892334e-08,-3.8513525680110456,131072.0,1310720.0,1,,402.582582798123,0.1921875,3.2811107516288756,279.31588289960064,10
2,0.9999998807907104,20000000.0,1.1920928955078125e-07,0.0,0.0,160.37310002138838,0.6314411343785904,142,False,1.0695792991406903,0.347469687461853,5.0,6.0,0.03147515282034874,0.0,-0.8505102167596403,131072.0,1310720.0,2,,631.4411343785904,0.1828125,3.3518149852752686,471.06803435720195,10
2,1.0,100000000.0,0.0,7.450580596923828e-09,0.0,188.52529994910583,0.38423745917755614,142,False,1.1534398260974545,0.2161242961883545,5.0,6.0,0.027995988726615906,7.450580596923828e-09,-0.7688386500880859,131072.0,1310720.0,3,,384.23745917755616,0.196875,3.3722085833549498,195.7121592284503,10
7,1.0,100000000.0,0.0,0.0,0.0,92.02630002982914,0.18961757411465588,143,False,9.090600341986875,0.2966071367263794,5.0,6.0,0.02526140958070755,0.0,-4.6401089580507655,131072.0,1310720.0,1,,189.61757411465587,0.1890625,3.3444629073143006,97.59127408482674,10
2,1.0,20000000.0,0.0,1.30385160446167e-08,0.0,188.39140003547072,0.7198495656336641,143,False,1.1791930229243732,0.23368620872497559,3.0,6.0,0.028934916481375694,1.30385160446167e-08,-0.9495213073175347,98304.0,983040.0,2,,719.849565633664,0.2,3.30426607131958,531.4581655981933,10
2,0.9999999403953552,100000000.0,5.960464477539063e-08,0.0,0.0,227.35160001320764,0.7492361994588177,143,False,1.3224732448307543,0.41449350118637085,5.0,6.0,0.02860867604613304,0.0,-1.035854722144786,131072.0,1310720.0,3,,749.2361994588177,0.1890625,3.384251767396927,521.8845994456101,10
7,1.0,100000000.0,0.0,3.725290298461914e-08,0.0,91.65770001709461,0.22689111523212244,144,False,6.662750996130724,0.3222445249557495,5.0,6.0,0.03540738672018051,3.725290298461914e-08,-3.444821092934326,131072.0,1310720.0,1,,226.89111523212244,0.171875,3.365422749519348,135.23341521502783,10
2,1.0,20000000.0,0.0,3.725290298461914e-08,0.0,160.00700002769008,0.8108550169806604,144,False,1.0633265392383229,0.27597522735595703,5.0,6.0,0.026175905019044876,3.725290298461914e-08,-0.9370908153623947,131072.0,1310720.0,2,,810.8550169806605,0.159375,3.4145250022411346,650.8480169529704,10
2,1.0,100000000.0,0.0,0.0,0.0,159.5390999573283,0.22180350710756896,144,False,1.2053771403645905,0.21310395002365112,0.0,6.0,0.017476573586463928,0.0,-0.7135903237360798,49152.0,491520.0,3,,221.80350710756898,0.1859375,3.4054711759090424,63.83370705067931,10
7,1.0,100000000.0,0.0,2.2351741790771484e-08,0.0,261.31329993950203,0.32271887834872914,145,False,8.457709074384853,0.41200387477874756,4.0,5.0,0.0323343425989151,2.2351741790771484e-08,-4.390213998718533,114688.0,1146880.0,1,,322.71887834872916,0.1890625,3.271523118019104,145.30969978880486,10
2,1.0,20000000.0,0.0,2.60770320892334e-08,0.0,188.73930000700057,0.6348194518187791,145,False,1.1343067331261885,0.3845996856689453,5.0,6.0,0.03550427034497261,2.60770320892334e-08,-0.8845631185495159,131072.0,1310720.0,2,,634.819451818779,0.184375,3.4156268358230593,446.08015181177853,10
2,1.0,100000000.0,0.0,7.450580596923828e-09,0.0,225.16449994873255,0.3053689849813337,145,False,1.3992332919560868,0.28980982303619385,5.0,6.0,0.041811347007751465,7.450580596923828e-09,-0.8523011459192908,131072.0,1310720.0,3,,305.3689849813337,0.2,3.3337449193000794,80.20448503260116,10
7,1.0,100000000.0,0.0,0.0,0.0,94.02400010731071,0.19334313692230587,146,False,6.367392782819862,0.4234173893928528,5.0,6.0,0.023749522864818573,0.0,-3.280367959871084,131072.0,1310720.0,1,,193.34313692230586,0.1640625,3.389558470249176,118.82673692595068,10
2,1.0,20000000.0,0.0,0.0,0.0,160.66590003902093,0.939872839569337,146,False,1.0346243067861183,0.47312217950820923,5.0,6.0,0.023494891822338104,0.0,-0.9872485731777276,131072.0,1310720.0,2,,939.872839569337,0.171875,3.48076269030571,779.206939530316,10
2,1.0,100000000.0,0.0,1.1175870895385742e-08,0.0,161.70800005784258,0.22949837405195134,146,False,1.1321884724550988,0.3573744297027588,5.0,6.0,0.03564468398690224,1.1175870895385742e-08,-0.680843434429396,131072.0,1310720.0,3,,229.49837405195134,0.2109375,3.291923224925995,71.40437403887184,10
7,1.0,100000000.0,0.0,5.587935447692871e-08,0.0,73.81199992960319,0.16373386343109375,147,False,10.934978381937272,0.29815661907196045,5.0,6.0,0.029806043952703476,5.587935447692871e-08,-5.549356178563538,131072.0,1310720.0,1,,163.73386343109374,0.19375,3.315270960330963,91.02346344950564,10
2,1.0,20000000.0,0.0,3.91155481338501e-08,0.0,188.83379991166294,0.7732783901581471,147,False,1.1025511013970228,0.35805046558380127,5.0,6.0,0.03057083487510681,3.91155481338501e-08,-0.9379147848931331,131072.0,1310720.0,2,,773.2783901581471,0.1875,3.37318149805069,584.4445902464842,10
2,1.0,100000000.0,0.0,0.0,0.0,264.1192000010051,0.4324712994867105,147,False,1.6368083558126696,0.3865567445755005,5.0,6.0,0.018012752756476402,0.0,-1.03463982764969,131072.0,1310720.0,3,,432.4712994867105,0.18125,3.347569525241852,168.35209948570537,10
7,1.0,100000000.0,0.0,0.0,0.0,93.64199999254197,0.21307173757770204,148,False,11.406592649325416,0.3827890157699585,4.5,5.5,0.034545525908470154,0.0,-5.809832193451559,122880.0,1228800.0,1,,213.07173757770204,0.1546875,3.349309802055359,140.25478776833674,10
2,0.9999999403953552,20000000.0,5.960464477539063e-08,0.0,0.0,161.16049996344373,0.7035133899064532,148,False,1.1071165239165306,0.2938728928565979,5.0,6.0,0.02012428641319275,0.0,-0.9053149569114919,131072.0,1310720.0,2,,703.5133899064532,0.184375,3.498773694038391,542.3528899430095,10
2,1.0,100000000.0,0.0,1.862645149230957e-09,0.0,160.9057000023313,0.25006617951882226,148,False,1.1811320241068168,0.424688458442688,5.0,6.0,0.029539836570620537,1.862645149230957e-09,-0.7155991036754648,131072.0,1310720.0,3,,250.06617951882225,0.196875,3.348849445581436,89.16047951649101,10
7,1.0,100000000.0,0.0,1.862645149230957e-09,0.0,92.35120005905628,0.20218081484079597,149,False,6.665036893926783,0.4224197268486023,5.0,6.0,0.02908037044107914,1.862645149230957e-09,-3.4336088562464346,131072.0,1310720.0,1,,202.18081484079596,0.1671875,3.364847403764725,109.82961478173968,10
2,1.0,20000000.0,0.0,3.3527612686157227e-08,0.0,227.40679990965873,0.8461539773927752,149,False,1.1788608846795343,0.353742778301239,5.0,6.0,0.02600627765059471,3.3527612686157227e-08,-1.0125074645637675,131072.0,1310720.0,2,,846.1539773927752,0.1734375,3.4444423973560334,618.7471774831165,10
2,1.0,100000000.0,0.0,0.0,0.0,191.04440009687096,0.2984503696635737,149,False,1.1417434375919076,0.31563329696655273,5.0,6.0,0.02688559889793396,0.0,-0.7200969036277406,131072.0,1310720.0,3,,298.45036966357367,0.1953125,3.3159897208213804,107.40596956670275,10
7,1.0,100000000.0,0.0,1.1175870895385742e-08,0.0,124.82639995869249,0.1914574766352996,150,False,7.202075499334949,0.4753333330154419,5.0,6.0,0.028709322214126587,1.1175870895385742e-08,-3.6967664991609954,131072.0,1310720.0,1,0.1390625,191.4574766352996,0.1890625,3.158923000097275,94.03386540873727,10
2,1.0,20000000.0,0.0,0.0,0.0,225.25619994848967,1.058490464236703,150,False,1.1366588275989267,0.5056842565536499,5.0,6.0,0.03043172135949135,0.0,-1.0975746459178148,131072.0,1310720.0,2,0.1390625,1058.490464236703,0.1984375,3.423828434944153,833.2342642882134,10
2,1.0,100000000.0,0.0,0.0,0.0,227.81430004397407,0.42180275627263586,150,False,1.3272063821490712,0.3064998388290405,5.0,6.0,0.019710231572389603,0.0,-0.8745045692108535,131072.0,1310720.0,3,0.1390625,421.80275627263586,0.221875,3.199758994579315,198.60981591009852,10
