available_migs,bandwidth_allocation_sum,bandwidth_cv,bandwidth_floor_hit_rate,bandwidth_gini,bandwidth_hz,bandwidth_unused,bandwidth_violation,cluster_load_cv,cluster_size_std,cluster_size_violation,compute_delay_ms,delay,delay_normalized,epoch,is_warmup,kl_normalized,kl_sum,max_bandwidth_share,max_cluster_size,mean_l1,mean_l2,min_bandwidth_share,nonempty_cluster_count,penalty,physical_cluster_count,reward,smashed_data_bytes_per_client_mean,smashed_data_bytes_total,station_id,test_accuracy,total_delay_ms,train_accuracy,train_loss,tx_delay_ms,vehicle_count,virtual_cluster_count
2,1.0,0.0,0.0,0.0,100000000.0,0.0,0.0,0.8,4.0,0.0,519.9013000819832,0.5947992365975072,0.5947992365975072,1,True,0.25297861569434227,2.3300191573762485,0.1,9,4.0,5.0,0.1,2,0.0,2,-0.42388892614592477,262144.0,2621440.0,1,,594.7992365975073,0.0203125,4.616959202289581,74.89793651552395,10,2
2,1.0,0.0,0.0,0.0,100000000.0,0.0,0.0,0.4,2.0,0.0,228.24469994520769,0.3086076115813181,0.3086076115813181,1,True,0.13274852577848165,1.2226591062978707,0.1,7,4.0,5.0,0.1,2,0.0,2,-0.22067806867989986,262144.0,2621440.0,2,,308.6076115813181,0.01875,4.6313995003700255,80.36291163611043,10,2
2,1.0,0.0,0.0,0.0,100000000.0,0.0,0.0,0.4,2.0,0.0,225.3111000172794,0.3901474175083761,0.3901474175083761,1,True,0.15824581615332187,1.4574978292132612,0.1,7,4.0,5.0,0.1,2,0.0,2,-0.274196616830849,262144.0,2621440.0,3,,390.1474175083761,0.025,4.556272089481354,164.83631749109676,10,2
2,1.0,0.0,0.0,0.0,100000000.0,0.0,0.0,0.0,0.0,0.0,161.61100001772866,0.2889355124749577,0.2889355124749577,2,True,0.14556763909478346,1.3407275032079427,0.1,5,4.0,5.0,0.1,2,0.0,2,-0.2172515757848706,262144.0,2621440.0,1,,288.9355124749577,0.0296875,4.346933662891388,130.77171251246315,10,2
2,1.0,0.0,0.0,0.0,100000000.0,0.0,0.0,0.0,0.0,0.0,161.42900002887473,0.2676115404116837,0.2676115404116837,2,True,0.11421588906836996,1.0519672142075611,0.1,5,4.0,5.0,0.1,2,0.0,2,-0.19091371474002683,262144.0,2621440.0,2,,267.61154041168373,0.0265625,4.533521115779877,109.24304040390157,10,2
2,1.0,0.0,0.0,0.0,100000000.0,0.0,0.0,0.2,1.0,0.0,193.3002999285236,0.2909605283907684,0.2909605283907684,2,True,0.12676733691517156,1.1675703210377115,0.1,6,4.0,5.0,0.1,2,0.0,2,-0.20886393265296999,262144.0,2621440.0,3,,290.9605283907684,0.0203125,4.436443781852722,97.6602284622448,10,2
2,1.0,0.0,0.0,0.0,100000000.0,0.0,0.0,0.8,4.0,0.0,289.7336999885738,0.37036009709852036,0.37036009709852036,3,True,0.22919659908523476,2.1109786896743774,0.1,9,4.0,5.0,0.1,2,0.0,2,-0.29977834809187753,262144.0,2621440.0,1,,370.3600970985204,0.0140625,4.411824595928192,80.62639710994657,10,2
2,1.0,0.0,0.0,0.0,100000000.0,0.0,0.0,0.2,1.0,0.0,188.72870004270226,0.26963380192027364,0.26963380192027364,3,True,0.11710872542120512,1.0786112216575992,0.1,6,4.0,5.0,0.1,2,0.0,2,-0.19337126367073937,262144.0,2621440.0,2,,269.63380192027364,0.034375,4.558341383934021,80.90510187757137,10,2
2,1.0,0.0,0.0,0.0,100000000.0,0.0,0.0,0.6,3.0,0.0,264.20829992275685,0.3183024799068022,0.3183024799068022,3,True,0.14309587601272958,1.3179617239033417,0.1,8,4.0,5.0,0.1,2,0.0,2,-0.2306991779597659,262144.0,2621440.0,3,,318.3024799068022,0.0265625,4.449360418319702,81.77249012106233,10,2
2,1.0,0.0,0.0,0.0,100000000.0,0.0,0.0,0.2,1.0,0.0,190.95540005946532,0.24690342925802855,0.24690342925802855,4,True,0.14103007271164067,1.2989349723587607,0.1,6,4.0,5.0,0.1,2,0.0,2,-0.19396675098483462,262144.0,2621440.0,1,,246.90342925802855,0.01875,4.413164877891541,94.47835068925411,10,2
2,1.0,0.0,0.0,0.0,100000000.0,0.0,0.0,0.2,1.0,0.0,190.67789992550388,0.24956585772797243,0.24956585772797243,4,True,0.12134752724038886,1.1176520291816332,0.1,6,4.0,5.0,0.1,2,0.0,2,-0.18545669248418065,262144.0,2621440.0,2,,249.56585772797243,0.021875,4.500159859657288,100.41316581591487,10,2
2,1.0,0.0,0.0,0.0,100000000.0,0.0,0.0,0.2,1.0,0.0,189.32549993041903,0.2553427528075092,0.2553427528075092,4,True,0.13680873060104118,1.2600549746935832,0.1,6,4.0,5.0,0.1,2,0.0,2,-0.19607574170427516,262144.0,2621440.0,3,,255.34275280750919,0.0390625,4.388036680221558,66.01725287709016,10,2
2,1.0,0.0,0.0,0.0,100000000.0,0.0,0.0,0.4,2.0,0.0,228.81339996820316,0.2868910289115732,0.2868910289115732,5,True,0.15488973108166804,1.4265871433860213,0.1,7,4.0,5.0,0.1,2,0.0,2,-0.22089037999662062,262144.0,2621440.0,1,,286.8910289115732,0.028125,4.393447411060333,58.07762894337006,10,2
2,1.0,0.0,0.0,0.0,100000000.0,0.0,0.0,0.4,2.0,0.0,225.30380001990125,0.2903213769205497,0.2903213769205497,5,True,0.13843832499776854,1.2750640937557072,0.1,7,4.0,5.0,0.1,2,0.0,2,-0.21437985095915912,262144.0,2621440.0,2,,290.3213769205497,0.0390625,4.4998242378234865,65.01757690064848,10,2
2,1.0,0.0,0.0,0.0,100000000.0,0.0,0.0,0.6,3.0,0.0,262.09630008088425,0.36340009674649587,0.36340009674649587,5,True,0.14309587601272958,1.3179617239033417,0.1,8,4.0,5.0,0.1,2,0.0,2,-0.2532479863796127,262144.0,2621440.0,3,,363.4000967464959,0.03125,4.413544535636902,101.30379666561166,10,2
2,1.0,0.0,0.0,0.0,100000000.0,0.0,0.0,0.4,2.0,0.0,225.73810000903904,0.3008251109358065,0.3008251109358065,6,False,0.14964411263652236,1.3782732120447132,0.1,7,4.0,5.0,0.1,2,0.0,2,-0.22523461178616444,262144.0,2621440.0,1,,300.8251109358065,0.0234375,4.381374835968018,75.08701092676745,10,2
2,1.0,0.0,0.0,0.0,100000000.0,0.0,0.0,0.2,1.0,0.0,192.52820004476234,0.26092560729995445,0.26092560729995445,6,False,0.12096271927114761,1.1141078168070724,0.1,6,4.0,5.0,0.1,2,0.0,2,-0.19094416328555103,262144.0,2621440.0,2,,260.92560729995444,0.0203125,4.476381325721741,68.39740725519209,10,2
2,1.0,0.0,0.0,0.0,100000000.0,0.0,0.0,0.2,1.0,0.0,189.1627999721095,0.5293104835261628,0.5293104835261628,6,False,0.13687548348648454,1.260669791489328,0.1,6,4.0,5.0,0.1,2,0.0,2,-0.33309298350632366,262144.0,2621440.0,3,,529.3104835261628,0.0328125,4.4134949207305905,340.1476835540533,10,2
2,1.0,0.0,0.0,0.0,100000000.0,0.0,0.0,0.4,2.0,0.0,227.96270000981167,0.29734120351908966,0.29734120351908966,7,False,0.1640382179148035,1.5108478210077414,0.1,7,4.0,5.0,0.1,2,0.0,2,-0.23068971071694658,262144.0,2621440.0,1,,297.3412035190897,0.015625,4.334430825710297,111.90822195859448,10,2
2,1.0,0.0,0.0,0.0,100000000.0,0.0,0.0,0.0,0.0,0.0,161.12980002071708,0.2560079207770892,0.2560079207770892,7,False,0.11463321017676747,1.0558108836603126,0.1,5,4.0,5.0,0.1,2,0.0,2,-0.18532056547692835,262144.0,2621440.0,2,,256.0079207770892,0.0234375,4.489639043807983,97.35452081182906,10,2
2,1.0,0.0,0.0,0.0,100000000.0,0.0,0.0,0.6,3.0,0.0,261.9094999390654,0.3339775629731244,0.3339775629731244,7,False,0.20236118182281676,1.8638153626635021,0.1,8,4.0,5.0,0.1,2,0.0,2,-0.26816937239797056,262144.0,2621440.0,3,,333.9775629731244,0.0359375,4.365194582939148,72.06806303405902,10,2
2,1.0,0.0,0.0,0.0,100000000.0,0.0,0.0,0.8,4.0,0.0,289.83640001388267,0.3630248106035734,0.3630248106035734,8,False,0.22919659908523476,2.1109786896743774,0.1,9,4.0,5.0,0.1,2,0.0,2,-0.29611070484440405,262144.0,2621440.0,1,,363.02481060357337,0.028125,4.335612893104553,73.1884105896907,10,2
2,1.0,0.0,0.0,0.0,100000000.0,0.0,0.0,0.4,2.0,0.0,225.45500000705943,0.35846166290509285,0.35846166290509285,8,False,0.12703501799264136,1.1700357548723457,0.1,7,4.0,5.0,0.1,2,0.0,2,-0.24274834044886712,262144.0,2621440.0,2,,358.46166290509285,0.0421875,4.429272294044495,133.0066628980334,10,2
2,1.0,0.0,0.0,0.0,100000000.0,0.0,0.0,0.0,0.0,0.0,161.07889998238534,0.24101138873554262,0.24101138873554262,8,False,0.12816106524809742,1.1804070333700256,0.1,5,4.0,5.0,0.1,2,0.0,2,-0.18458622699182003,262144.0,2621440.0,3,,241.01138873554262,0.046875,4.363641858100891,82.67098876710476,10,2
2,1.0,0.0,0.0,0.0,100000000.0,0.0,0.0,0.8,4.0,0.0,290.0192000088282,0.36424960831509745,0.36424960831509745,9,False,0.23769705345406053,2.189270767727715,0.1,9,4.0,5.0,0.1,2,0.0,2,-0.300973330884579,262144.0,2621440.0,1,,364.2496083150975,0.04375,4.332203769683838,74.23040830626927,10,2
2,1.0,0.0,0.0,0.0,100000000.0,0.0,0.0,0.8,4.0,0.0,289.9248999892734,0.4259199404855863,0.4259199404855863,9,False,0.21776991759655975,2.005735063841521,0.1,9,4.0,5.0,0.1,2,0.0,2,-0.32184492904107304,262144.0,2621440.0,2,,425.91994048558627,0.0328125,4.370760750770569,135.9950404963129,10,2
2,1.0,0.0,0.0,0.0,100000000.0,0.0,0.0,0.4,2.0,0.0,230.0080000422895,0.3168257198201708,0.3168257198201708,9,False,0.14153101091401904,1.3035487837079913,0.1,7,4.0,5.0,0.1,2,0.0,2,-0.22917836536709493,262144.0,2621440.0,3,,316.82571982017083,0.0328125,4.327506422996521,86.81771977788131,10,2
2,1.0,0.0,0.0,0.0,100000000.0,0.0,0.0,0.4,2.0,0.0,227.16129996115342,0.289541603933388,0.289541603933388,10,False,0.16108411072683715,1.48363948831127,0.1,7,4.0,5.0,0.1,2,0.0,2,-0.22531285733011258,262144.0,2621440.0,1,0.0140625,289.541603933388,0.0359375,4.226559448242187,131.67214922937447,10,2
2,1.0,0.0,0.0,0.0,100000000.0,0.0,0.0,0.2,1.0,0.0,188.85160004720092,0.2890412338869649,0.2890412338869649,10,False,0.12174243525674304,1.121289266427877,0.1,6,4.0,5.0,0.1,2,0.0,2,-0.20539183457185398,262144.0,2621440.0,2,0.0140625,289.0412338869649,0.0515625,4.299048185348511,100.18963383976399,10,2
2,1.0,0.0,0.0,0.0,100000000.0,0.0,0.0,0.2,1.0,0.0,188.92210006015375,0.2888525715046345,0.2888525715046345,10,False,0.1297619670845213,1.1951518841856112,0.1,6,4.0,5.0,0.1,2,0.0,2,-0.2093072692945779,262144.0,2621440.0,3,0.0140625,288.8525715046345,0.0734375,4.180259346961975,99.93047144448074,10,2
2,1.0,0.0,0.0,0.0,100000000.0,0.0,0.0,0.8,4.0,0.0,289.43280002567917,0.3819482039580617,0.3819482039580617,11,False,0.23568437247233917,2.170733290825858,0.1,9,4.0,5.0,0.1,2,0.0,2,-0.30881628821520046,262144.0,2621440.0,1,,381.94820395806175,0.01875,4.513165557384491,92.51540393238255,10,2
2,1.0,0.0,0.0,0.0,100000000.0,0.0,0.0,0.0,0.0,0.0,160.94989998964593,0.2379944484938209,0.2379944484938209,11,False,0.11421588906836996,1.0519672142075611,0.1,5,4.0,5.0,0.1,2,0.0,2,-0.17610516878109544,262144.0,2621440.0,2,,237.9944484938209,0.015625,4.58491575717926,79.1851485638221,10,2
2,1.0,0.0,0.0,0.0,100000000.0,0.0,0.0,0.4,2.0,0.0,229.96969992527738,0.37712920566447844,0.37712920566447844,11,False,0.1601393956284988,1.4749383407010288,0.1,7,4.0,5.0,0.1,2,0.0,2,-0.26863430064648863,262144.0,2621440.0,3,,377.12920566447843,0.0328125,4.531279718875885,147.15950573920105,10,2
2,1.0,0.0,0.0,0.0,100000000.0,0.0,0.0,0.6,3.0,0.0,263.6876000324264,0.31440483660091917,0.31440483660091917,12,False,0.18034356779120117,1.661025643253524,0.1,8,4.0,5.0,0.1,2,0.0,2,-0.24737420219606016,262144.0,2621440.0,1,,314.40483660091917,0.0328125,4.406642198562622,92.9739346096674,10,2
2,1.0,0.0,0.0,0.0,100000000.0,0.0,0.0,0.4,2.0,0.0,225.09660001378506,0.3300255919338148,0.3300255919338148,12,False,0.12435788461595422,1.1453784452518792,0.1,7,4.0,5.0,0.1,2,0.0,2,-0.2271917382748845,262144.0,2621440.0,2,,330.02559193381484,0.0421875,4.468078935146332,104.92899192002974,10,2
2,1.0,0.0,0.0,0.0,100000000.0,0.0,0.0,0.4,2.0,0.0,225.28549999697134,0.31988952898277234,0.31988952898277234,12,False,0.13340278181780862,1.2286850271104932,0.1,7,4.0,5.0,0.1,2,0.0,2,-0.22664615540029048,262144.0,2621440.0,3,,319.88952898277233,0.0328125,4.390637362003327,94.60402898580102,10,2
2,1.0,0.0,0.0,0.0,100000000.0,0.0,0.0,0.6,3.0,0.0,261.73369999742135,0.3400535937223137,0.3400535937223137,13,False,0.17314862364766678,1.5947577587342154,0.1,8,4.0,5.0,0.1,2,0.0,2,-0.25660110868499025,262144.0,2621440.0,1,,340.0535937223137,0.025,4.412493181228638,78.31989372489231,10,2
2,1.0,0.0,0.0,0.0,100000000.0,0.0,0.0,0.8,4.0,0.0,291.82699997909367,0.3570362272532187,0.3570362272532187,13,False,0.21776991759655975,2.005735063841521,0.1,9,4.0,5.0,0.1,2,0.0,2,-0.2874030724248892,262144.0,2621440.0,2,,357.0362272532187,0.0109375,4.456955361366272,185.3314683098551,10,2
2,1.0,0.0,0.0,0.0,100000000.0,0.0,0.0,0.4,2.0,0.0,225.2775000524707,0.3016244920584133,0.3016244920584133,13,False,0.13793847376165502,1.2704602937357488,0.1,7,4.0,5.0,0.1,2,0.0,2,-0.21978148291003416,262144.0,2621440.0,3,,301.6244920584133,0.021875,4.43668771982193,76.34699200594258,10,2
2,1.0,0.0,0.0,0.0,100000000.0,0.0,0.0,0.0,0.0,0.0,161.44159995019436,0.26517266294421127,0.26517266294421127,14,False,0.13536951557163474,1.246799314404286,0.1,5,4.0,5.0,0.1,2,0.0,2,-0.200271089257923,262144.0,2621440.0,1,,265.17266294421125,0.0390625,4.3593637347221375,107.46956293904654,10,2
2,1.0,0.0,0.0,0.0,100000000.0,0.0,0.0,0.6,3.0,0.0,261.8658000137657,0.34397378876570217,0.34397378876570217,14,False,0.1432624482386147,1.3194959108002613,0.1,8,4.0,5.0,0.1,2,0.0,2,-0.24361811850215842,262144.0,2621440.0,2,,343.9737887657022,0.0390625,4.480652785301208,82.10798875193647,10,2
2,1.0,0.0,0.0,0.0,100000000.0,0.0,0.0,0.4,2.0,0.0,225.24759994121268,0.3242800647186751,0.3242800647186751,14,False,0.13945418912213617,1.2844205481128126,0.1,7,4.0,5.0,0.1,2,0.0,2,-0.23186712692040562,262144.0,2621440.0,3,,324.2800647186751,0.0265625,4.367943084239959,99.03246477746242,10,2
2,1.0,0.0,0.0,0.0,100000000.0,0.0,0.0,0.8,4.0,0.0,289.7851000307128,0.37171076858375063,0.37171076858375063,15,False,0.23769705345406053,2.189270767727715,0.1,9,4.0,5.0,0.1,2,0.0,2,-0.3047039110189056,262144.0,2621440.0,1,,371.7107685837506,0.0234375,4.4063700318336485,81.92566855303784,10,2
2,1.0,0.0,0.0,0.0,100000000.0,0.0,0.0,0.4,2.0,0.0,225.2281000255607,0.30685507466707607,0.30685507466707607,15,False,0.12915085035751261,1.189523291122853,0.1,7,4.0,5.0,0.1,2,0.0,2,-0.21800296251229434,262144.0,2621440.0,2,,306.85507466707605,0.01875,4.461894905567169,81.62697464151539,10,2
2,1.0,0.0,0.0,0.0,100000000.0,0.0,0.0,0.0,0.0,0.0,160.58000002522022,0.22922258669666262,0.22922258669666262,15,False,0.1250027440835403,1.1513178204404384,0.1,5,4.0,5.0,0.1,2,0.0,2,-0.17711266539010145,262144.0,2621440.0,3,,229.22258669666263,0.0484375,4.3622506856918335,70.23598675539033,10,2
2,1.0,0.0,0.0,0.0,100000000.0,0.0,0.0,0.0,0.0,0.0,161.46140004275367,0.2513849881178479,0.2513849881178479,16,False,0.14635634707141051,1.3479917721267705,0.1,5,4.0,5.0,0.1,2,0.0,2,-0.19887066759462918,262144.0,2621440.0,1,,251.38498811784788,0.021875,4.3566290736198425,93.22728808538642,10,2
2,1.0,0.0,0.0,0.0,100000000.0,0.0,0.0,0.0,0.0,0.0,160.7808000408113,0.2434856581155037,0.2434856581155037,16,False,0.11421588906836996,1.0519672142075611,0.1,5,4.0,5.0,0.1,2,0.0,2,-0.17885077359193685,262144.0,2621440.0,2,,243.48565811550372,0.028125,4.461751580238342,85.43235812129578,10,2
2,1.0,0.0,0.0,0.0,100000000.0,0.0,0.0,0.4,2.0,0.0,225.3698999993503,0.3384774979053326,0.3384774979053326,16,False,0.12891659377125783,1.1873657082290694,0.1,7,4.0,5.0,0.1,2,0.0,2,-0.2336970458382952,262144.0,2621440.0,3,,338.4774979053326,0.04375,4.298385095596314,113.10759790598227,10,2
2,1.0,0.0,0.0,0.0,100000000.0,0.0,0.0,0.2,1.0,0.0,189.12410002667457,0.28709080085192396,0.28709080085192396,17,False,0.13694968088779655,1.2613531748101277,0.1,6,4.0,5.0,0.1,2,0.0,2,-0.21202024086986027,262144.0,2621440.0,1,,287.090800851924,0.028125,4.29310040473938,97.96670082524938,10,2
2,1.0,0.0,0.0,0.0,100000000.0,0.0,0.0,0.8,4.0,0.0,289.7701000329107,0.36195101592928947,0.36195101592928947,17,False,0.22565437185824,2.0783535712388743,0.1,9,4.0,5.0,0.1,2,0.0,2,-0.29380269389376473,262144.0,2621440.0,2,,361.95101592928944,0.021875,4.425379741191864,72.18091589637878,10,2
2,1.0,0.0,0.0,0.0,100000000.0,0.0,0.0,0.8,4.0,0.0,290.00290005933493,0.4083492094887162,0.4083492094887162,17,False,0.186423300815413,1.717022053777259,0.1,9,4.0,5.0,0.1,2,0.0,2,-0.2973862551520646,262144.0,2621440.0,3,,408.3492094887162,0.0296875,4.370825660228729,118.34630942938128,10,2
2,1.0,0.0,0.0,0.0,100000000.0,0.0,0.0,0.4,2.0,0.0,225.63940001418814,0.324855560592586,0.324855560592586,18,False,0.15290776265940284,1.4083325396104502,0.1,7,4.0,5.0,0.1,2,0.0,2,-0.23888166162599445,262144.0,2621440.0,1,,324.855560592586,0.03125,4.318082475662232,99.21616057839788,10,2
2,1.0,0.0,0.0,0.0,100000000.0,0.0,0.0,0.4,2.0,0.0,225.29130009934306,0.3134416140878253,0.3134416140878253,18,False,0.13091182448230423,1.205742462198427,0.1,7,4.0,5.0,0.1,2,0.0,2,-0.22217671928506477,262144.0,2621440.0,2,,313.44161408782526,0.0265625,4.3956458568573,88.15031398848222,10,2
2,1.0,0.0,0.0,0.0,100000000.0,0.0,0.0,0.4,2.0,0.0,228.75039995415136,0.33497995291420074,0.33497995291420074,18,False,0.13574703052918766,1.2502763556588605,0.1,7,4.0,5.0,0.1,2,0.0,2,-0.23536349172169418,262144.0,2621440.0,3,,334.97995291420074,0.025,4.327323830127716,106.22955296004936,10,2
2,1.0,0.0,0.0,0.0,100000000.0,0.0,0.0,0.0,0.0,0.0,161.6721999598667,0.25440267623679513,0.25440267623679513,19,False,0.14781257335988746,1.3614041119022628,0.1,5,4.0,5.0,0.1,2,0.0,2,-0.2011076247983413,262144.0,2621440.0,1,,254.40267623679514,0.03125,4.2589510679244995,96.21847617717262,10,2
2,1.0,0.0,0.0,0.0,100000000.0,0.0,0.0,0.0,0.0,0.0,164.082900097128,0.7143820084306111,0.7143820084306111,19,False,0.11421588906836996,1.0519672142075611,0.1,5,4.0,5.0,0.1,2,0.0,2,-0.4142989487494905,262144.0,2621440.0,2,,714.3820084306111,0.0421875,4.357659816741943,553.153708416566,10,2
2,1.0,0.0,0.0,0.0,100000000.0,0.0,0.0,0.0,0.0,0.0,165.60969996498898,0.260469463966374,0.260469463966374,19,False,0.12019389959980245,1.1070267259493125,0.1,5,4.0,5.0,0.1,2,0.0,2,-0.19033168178308824,262144.0,2621440.0,3,,260.469463966374,0.0625,4.240499019622803,94.85976400138503,10,2
2,1.0,0.0,0.0,0.0,100000000.0,0.0,0.0,0.6,3.0,0.0,266.9248000602238,0.40089945576236247,0.40089945576236247,20,False,0.1729317323273605,1.5927601158504674,0.1,8,4.0,5.0,0.1,2,0.0,2,-0.2869155940448615,262144.0,2621440.0,1,0.0171875,400.8994557623625,0.053125,4.228845798969269,133.97465570213868,10,2
2,1.0,0.0,0.0,0.0,100000000.0,0.0,0.0,0.0,0.0,0.0,163.82699989480898,0.24291389944961667,0.24291389944961667,20,False,0.11384988436043107,1.0485961862696982,0.1,5,4.0,5.0,0.1,2,0.0,2,-0.17838189190502388,262144.0,2621440.0,2,0.0171875,242.91389944961668,0.05,4.347345948219299,81.07579933245106,10,2
2,1.0,0.0,0.0,0.0,100000000.0,0.0,0.0,0.6,3.0,0.0,267.77360000414774,0.3445956697903416,0.3445956697903416,20,False,0.15476616702678356,1.4254490763827938,0.1,8,4.0,5.0,0.1,2,0.0,2,-0.2496809184085626,262144.0,2621440.0,3,0.0171875,344.5956697903416,0.0734375,4.218896484375,76.82206978619385,10,2
2,1.0,0.0,0.0,0.0,100000000.0,0.0,0.0,0.6,3.0,0.0,266.3398999720812,0.3718630848092487,0.3718630848092487,21,False,0.18809951356454332,1.732460543732595,0.1,8,4.0,5.0,0.1,2,0.0,2,-0.279981299186896,262144.0,2621440.0,1,,371.8630848092487,0.0296875,4.46020278930664,105.52318483716752,10,2
2,1.0,0.0,0.0,0.0,100000000.0,0.0,0.0,0.0,0.0,0.0,161.71889996621758,0.323778000403504,0.323778000403504,21,False,0.10935419597934021,1.0071893660735127,0.1,5,4.0,5.0,0.1,2,0.0,2,-0.2165660981914221,262144.0,2621440.0,2,,323.778000403504,0.0203125,4.536831498146057,164.74330038701294,10,2
2,1.0,0.0,0.0,0.0,100000000.0,0.0,0.0,0.0,0.0,0.0,166.15170001750812,0.2986086554280888,0.2986086554280888,21,False,0.1250027440835403,1.1513178204404384,0.1,5,4.0,5.0,0.1,2,0.0,2,-0.21180569975581454,262144.0,2621440.0,3,,298.6086554280888,0.0234375,4.498385965824127,135.07295548128292,10,2
2,1.0,0.0,0.0,0.0,100000000.0,0.0,0.0,0.2,1.0,0.0,194.0158000215888,0.2513766084014089,0.2513766084014089,22,False,0.13787100041849465,1.2698388412792065,0.1,6,4.0,5.0,0.1,2,0.0,2,-0.19462380440995178,262144.0,2621440.0,1,,251.3766084014089,0.034375,4.290240025520324,91.6252986971448,10,2
2,1.0,0.0,0.0,0.0,100000000.0,0.0,0.0,0.6,3.0,0.0,266.6075999732129,0.3597824640980842,0.3597824640980842,22,False,0.15060511064611093,1.3871243308098156,0.1,8,4.0,5.0,0.1,2,0.0,2,-0.2551937873720975,262144.0,2621440.0,2,,359.7824640980842,0.0359375,4.396360969543457,93.17486412487126,10,2
2,1.0,0.0,0.0,0.0,100000000.0,0.0,0.0,0.6,3.0,0.0,267.00590003747493,0.48162818238406924,0.48162818238406924,22,False,0.18705787204917707,1.722866670830491,0.1,8,4.0,5.0,0.1,2,0.0,2,-0.3343430272166231,262144.0,2621440.0,3,,481.62818238406925,0.053125,4.298739576339722,214.62228234659432,10,2
2,1.0,0.0,0.0,0.0,100000000.0,0.0,0.0,0.6,3.0,0.0,266.8255999451503,0.41188890080950147,0.41188890080950147,23,False,0.18809951356454332,1.732460543732595,0.1,8,4.0,5.0,0.1,2,0.0,2,-0.2999942071870224,262144.0,2621440.0,1,,411.8889008095015,0.0515625,4.223038125038147,145.06330086435113,10,2
2,1.0,0.0,0.0,0.0,100000000.0,0.0,0.0,0.8,4.0,0.0,298.89810003805906,0.3872343178972124,0.3872343178972124,23,False,0.19576302645213375,1.803044105872329,0.1,9,4.0,5.0,0.1,2,0.0,2,-0.29149867217467307,262144.0,2621440.0,2,,387.2343178972124,0.0546875,4.299794805049896,88.33621785915336,10,2
2,1.0,0.0,0.0,0.0,100000000.0,0.0,0.0,0.2,1.0,0.0,191.6952000465244,0.29145921295107813,0.29145921295107813,23,False,0.13194691412584367,1.2152759901309325,0.1,6,4.0,5.0,0.1,2,0.0,2,-0.2117030635384609,262144.0,2621440.0,3,,291.45921295107814,0.0421875,4.2149670124053955,99.76401290455375,10,2
2,1.0,0.0,0.0,0.0,100000000.0,0.0,0.0,0.8,4.0,0.0,298.39929996524006,0.3739631144560227,0.3739631144560227,24,False,0.25297861569434227,2.3300191573762485,0.1,9,4.0,5.0,0.1,2,0.0,2,-0.3134708650751825,262144.0,2621440.0,1,,373.9631144560227,0.046875,4.105946677923202,75.56381449078263,10,2
2,1.0,0.0,0.0,0.0,100000000.0,0.0,0.0,0.0,0.0,0.0,163.79029990639538,0.2561053631008039,0.2561053631008039,24,False,0.11237250960356093,1.0349890619019586,0.1,5,4.0,5.0,0.1,2,0.0,2,-0.18423893635218241,262144.0,2621440.0,2,,256.1053631008039,0.046875,4.327109217643738,94.71776309613092,10,2
2,1.0,0.0,0.0,0.0,100000000.0,0.0,0.0,0.6,3.0,0.0,268.84969999082386,0.41305506404392156,0.41305506404392156,24,False,0.1835022309041224,1.6901180056439342,0.1,8,4.0,5.0,0.1,2,0.0,2,-0.298278647474022,262144.0,2621440.0,3,,413.05506404392156,0.0359375,4.3018912196159365,144.2053640530977,10,2
2,1.0,0.0,0.0,0.0,100000000.0,0.0,0.0,0.2,1.0,0.0,193.64010001299903,0.3090626090276728,0.3090626090276728,25,False,0.13445074030902152,1.2383370815102666,0.1,6,4.0,5.0,0.1,2,0.0,2,-0.22175667466834714,262144.0,2621440.0,1,,309.0626090276728,0.0375,4.1471923112869264,115.42250901467378,10,2
2,1.0,0.0,0.0,0.0,100000000.0,0.0,0.0,0.2,1.0,0.0,197.54759996430948,0.25051732198252824,0.25051732198252824,25,False,0.11710872542120512,1.0786112216575992,0.1,6,4.0,5.0,0.1,2,0.0,2,-0.1838130237018667,262144.0,2621440.0,2,,250.51732198252824,0.0484375,4.245048856735229,76.96568289194754,10,2
2,1.0,0.0,0.0,0.0,100000000.0,0.0,0.0,0.6,3.0,0.0,268.4675000491552,0.3565490644290193,0.3565490644290193,25,False,0.15186186225641926,1.3986994409037845,0.1,8,4.0,5.0,0.1,2,0.0,2,-0.25420546334271926,262144.0,2621440.0,3,,356.54906442901927,0.0625,4.256275725364685,88.08156437986408,10,2
2,1.0,0.0,0.0,0.0,100000000.0,0.0,0.0,0.2,1.0,0.0,194.43450000835583,0.3996736844060458,0.3996736844060458,26,False,0.13518985872781086,1.2451446137225133,0.1,6,4.0,5.0,0.1,2,0.0,2,-0.2674317715669283,262144.0,2621440.0,1,,399.67368440604577,0.046875,4.0939771890640255,205.23918439769,10,2
2,1.0,0.0,0.0,0.0,100000000.0,0.0,0.0,0.2,1.0,0.0,191.34550000308082,0.2817840851109523,0.2817840851109523,26,False,0.11317487491216426,1.042379119496861,0.1,6,4.0,5.0,0.1,2,0.0,2,-0.1974794800115583,262144.0,2621440.0,2,,281.78408511095233,0.0671875,4.2453296184539795,90.43858510787152,10,2
2,1.0,0.0,0.0,0.0,100000000.0,0.0,0.0,0.8,4.0,0.0,300.66629993962124,0.3974726568223186,0.3974726568223186,26,False,0.21456214759994624,1.9761904103376977,0.1,9,4.0,5.0,0.1,2,0.0,2,-0.3060174022111324,262144.0,2621440.0,3,,397.4726568223186,0.0609375,4.21020016670227,96.80635688269733,10,2
2,1.0,0.0,0.0,0.0,100000000.0,0.0,0.0,0.4,2.0,0.0,229.96430000057444,0.2902977416323762,0.2902977416323762,27,False,0.15824117495714565,1.4574550822167451,0.1,7,4.0,5.0,0.1,2,0.0,2,-0.22426945829476091,262144.0,2621440.0,1,,290.2977416323762,0.0609375,4.145559531450272,148.60606889324205,10,2
2,1.0,0.0,0.0,0.0,100000000.0,0.0,0.0,0.0,0.0,0.0,166.53140005655587,0.27211776156041817,0.27211776156041817,27,False,0.11421588906836996,1.0519672142075611,0.1,5,4.0,5.0,0.1,2,0.0,2,-0.19316682531439405,262144.0,2621440.0,2,,272.11776156041816,0.059375,4.198352873325348,105.58636150386232,10,2
2,1.0,0.0,0.0,0.0,100000000.0,0.0,0.0,0.0,0.0,0.0,163.0810999777168,0.2657525080637192,0.2657525080637192,27,False,0.12711983408569705,1.1708169399584096,0.1,5,4.0,5.0,0.1,2,0.0,2,-0.19643617107470812,262144.0,2621440.0,3,,265.7525080637192,0.05,4.1237877905368805,104.79340806222756,10,2
2,1.0,0.0,0.0,0.0,100000000.0,0.0,0.0,0.8,4.0,0.0,299.5900000096299,0.3815862361806148,0.3815862361806148,28,False,0.23568437247233917,2.170733290825858,0.1,9,4.0,5.0,0.1,2,0.0,2,-0.308635304326477,262144.0,2621440.0,1,,381.58623618061483,0.0546875,4.137787652015686,81.99623617098491,10,2
2,1.0,0.0,0.0,0.0,100000000.0,0.0,0.0,0.2,1.0,0.0,193.37860005907714,0.2847103331842535,0.2847103331842535,28,False,0.12297672617674779,1.1326575059191606,0.1,6,4.0,5.0,0.1,2,0.0,2,-0.20384352968050062,262144.0,2621440.0,2,,284.7103331842535,0.065625,4.1972068548202515,91.33173312517633,10,2
2,1.0,0.0,0.0,0.0,100000000.0,0.0,0.0,0.0,0.0,0.0,164.53670006012544,0.23622486581123986,0.23622486581123986,28,False,0.12710610291325872,1.1706904711865465,0.1,5,4.0,5.0,0.1,2,0.0,2,-0.18166548436224927,262144.0,2621440.0,3,,236.22486581123985,0.059375,4.086195141077042,73.67086583079391,10,2
2,1.0,0.0,0.0,0.0,100000000.0,0.0,0.0,0.2,1.0,0.0,192.8545000264421,0.26731276486984196,0.26731276486984196,29,False,0.15233702973102445,1.4030758950785907,0.1,6,4.0,5.0,0.1,2,0.0,2,-0.2098248973004332,262144.0,2621440.0,1,,267.31276486984194,0.05,4.044360280036926,74.45826484339986,10,2
2,1.0,0.0,0.0,0.0,100000000.0,0.0,0.0,0.8,4.0,0.0,297.29659989243373,0.40334553096755343,0.40334553096755343,29,False,0.2096852406841227,1.9312724376805182,0.1,9,4.0,5.0,0.1,2,0.0,2,-0.30651538582583804,262144.0,2621440.0,2,,403.34553096755343,0.059375,4.232405984401703,106.0489310751197,10,2
2,1.0,0.0,0.0,0.0,100000000.0,0.0,0.0,0.6,3.0,0.0,271.5184999979101,0.3304281724044985,0.3304281724044985,29,False,0.20236118182281676,1.8638153626635021,0.1,8,4.0,5.0,0.1,2,0.0,2,-0.2663946771136576,262144.0,2621440.0,3,,330.4281724044985,0.06875,4.146636092662812,134.19706097458788,10,2
2,1.0,0.0,0.0,0.0,100000000.0,0.0,0.0,0.6,3.0,0.0,268.0761000374332,0.37850606172512524,0.37850606172512524,30,False,0.17985631336453536,1.6565378641361796,0.1,8,4.0,5.0,0.1,2,0.0,2,-0.2791811875448303,262144.0,2621440.0,1,0.03984375,378.5060617251252,0.0671875,4.059492874145508,110.42996168769204,10,2
2,1.0,0.0,0.0,0.0,100000000.0,0.0,0.0,0.4,2.0,0.0,230.24539998732507,0.4991140757996289,0.4991140757996289,30,False,0.12945941960128823,1.19236531888635,0.1,7,4.0,5.0,0.1,2,0.0,2,-0.31428674770045856,262144.0,2621440.0,2,0.03984375,499.1140757996289,0.0515625,4.25835822224617,268.8686758123038,10,2
2,1.0,0.0,0.0,0.0,100000000.0,0.0,0.0,0.6,3.0,0.0,268.8839000184089,0.3384245200750319,0.3384245200750319,30,False,0.18238879201804986,1.6798628545198122,0.1,8,4.0,5.0,0.1,2,0.0,2,-0.2604066560465409,262144.0,2621440.0,3,0.03984375,338.42452007503186,0.0875,4.058560419082641,69.54062005662298,10,2
2,1.0,0.0,0.0,0.0,100000000.0,0.0,0.0,0.0,0.0,0.0,164.90060003707185,0.23785688206656985,0.23785688206656985,31,False,0.13270394759973256,1.2222485260984288,0.1,5,4.0,5.0,0.1,2,0.0,2,-0.18528041483315122,262144.0,2621440.0,1,,237.85688206656985,0.0421875,4.172839105129242,77.28298220421338,10,2
2,1.0,0.0,0.0,0.0,100000000.0,0.0,0.0,0.2,1.0,0.0,193.6804999713786,0.36957903322185076,0.36957903322185076,31,False,0.12239184832484329,1.1272705818270898,0.1,6,4.0,5.0,0.1,2,0.0,2,-0.24598544077334702,262144.0,2621440.0,2,,369.57903322185075,0.0359375,4.382099986076355,175.89853325047216,10,2
2,1.0,0.0,0.0,0.0,100000000.0,0.0,0.0,0.2,1.0,0.0,193.88629996683449,0.2607758455340983,0.2607758455340983,31,False,0.13288635415744568,1.223928552581047,0.1,6,4.0,5.0,0.1,2,0.0,2,-0.19683109984577202,262144.0,2621440.0,3,,260.7758455340983,0.06875,4.2809779167175295,114.0668860646448,10,2
2,1.0,0.0,0.0,0.0,100000000.0,0.0,0.0,0.8,4.0,0.0,299.035299976822,0.40209829263296787,0.40209829263296787,32,False,0.2302984723898191,2.121127317856393,0.1,9,4.0,5.0,0.1,2,0.0,2,-0.3161983825113935,262144.0,2621440.0,1,,402.09829263296785,0.075,3.999608725309372,103.06299265614587,10,2
2,1.0,0.0,0.0,0.0,100000000.0,0.0,0.0,0.6,3.0,0.0,267.7955000544898,0.33861753602754036,0.33861753602754036,32,False,0.16546967477729754,1.5240320259391127,0.1,8,4.0,5.0,0.1,2,0.0,2,-0.25204360540241894,262144.0,2621440.0,2,,338.6175360275404,0.0625,4.185466456413269,70.82203597305055,10,2
2,1.0,0.0,0.0,0.0,100000000.0,0.0,0.0,0.6,3.0,0.0,265.15919994562864,0.3354189491346575,0.3354189491346575,32,False,0.14309587601272958,1.3179617239033417,0.1,8,4.0,5.0,0.1,2,0.0,2,-0.23925741257369354,262144.0,2621440.0,3,,335.41894913465745,0.0609375,4.106051325798035,70.25974918902881,10,2
2,1.0,0.0,0.0,0.0,100000000.0,0.0,0.0,0.0,0.0,0.0,168.2130999979563,0.23420885298316774,0.23420885298316774,33,False,0.1349872283952712,1.2432783193901362,0.1,5,4.0,5.0,0.1,2,0.0,2,-0.18459804068921948,262144.0,2621440.0,1,,234.20885298316773,0.0578125,4.050593674182892,72.7874530703708,10,2
2,1.0,0.0,0.0,0.0,100000000.0,0.0,0.0,0.2,1.0,0.0,196.2887000408955,0.2940133759363394,0.2940133759363394,33,False,0.11965634708922895,1.1020756843591204,0.1,6,4.0,5.0,0.1,2,0.0,2,-0.20683486151278418,262144.0,2621440.0,2,,294.0133759363394,0.0765625,4.12654185295105,97.72467589544391,10,2
2,1.0,0.0,0.0,0.0,100000000.0,0.0,0.0,0.6,3.0,0.0,267.4801999819465,0.3820461311760984,0.3820461311760984,33,False,0.1567415029527141,1.4436425926096068,0.1,8,4.0,5.0,0.1,2,0.0,2,-0.26939381706440624,262144.0,2621440.0,3,,382.0461311760984,0.0546875,4.11675066947937,114.56593119415194,10,2
2,1.0,0.0,0.0,0.0,100000000.0,0.0,0.0,0.0,0.0,0.0,163.07729994878173,0.23821517527715444,0.23821517527715444,34,False,0.13270394759973256,1.2222485260984288,0.1,5,4.0,5.0,0.1,2,0.0,2,-0.1854595614384435,262144.0,2621440.0,1,,238.21517527715443,0.0734375,4.049592971801758,76.65017520223886,10,2
2,1.0,0.0,0.0,0.0,100000000.0,0.0,0.0,0.6,3.0,0.0,270.1550999772735,0.44498479647525446,0.44498479647525446,34,False,0.14900006055682727,1.3723412731734423,0.1,8,4.0,5.0,0.1,2,0.0,2,-0.29699242851604085,262144.0,2621440.0,2,,444.9847964752545,0.071875,4.081298100948334,174.829696497981,10,2
2,1.0,0.0,0.0,0.0,100000000.0,0.0,0.0,0.0,0.0,0.0,168.33959997165948,0.24236236709883346,0.24236236709883346,34,False,0.12930329707877197,1.1909273773142437,0.1,5,4.0,5.0,0.1,2,0.0,2,-0.18583283208880272,262144.0,2621440.0,3,,242.36236709883346,0.0703125,4.0580145716667175,78.81926715388805,10,2
2,1.0,0.0,0.0,0.0,100000000.0,0.0,0.0,0.2,1.0,0.0,193.8990000053309,0.31788880929624186,0.31788880929624186,35,False,0.14028277953399756,1.2920521478350122,0.1,6,4.0,5.0,0.1,2,0.0,2,-0.22908579441511973,262144.0,2621440.0,1,,317.88880929624185,0.059375,3.9146611213684084,123.98980929091094,10,2
2,1.0,0.0,0.0,0.0,100000000.0,0.0,0.0,0.2,1.0,0.0,193.77360004000366,0.892681898675636,0.892681898675636,35,False,0.12297672617674779,1.1326575059191606,0.1,6,4.0,5.0,0.1,2,0.0,2,-0.5078293124261919,262144.0,2621440.0,2,,892.6818986756359,0.0734375,4.062560248374939,698.9082986356323,10,2
2,1.0,0.0,0.0,0.0,100000000.0,0.0,0.0,0.4,2.0,0.0,228.19869994418696,0.3149067990756806,0.3149067990756806,35,False,0.15512985468072604,1.4287987634646897,0.1,7,4.0,5.0,0.1,2,0.0,2,-0.23501832687820332,262144.0,2621440.0,3,,314.90679907568057,0.0671875,4.090984135866165,86.70809913149361,10,2
2,1.0,0.0,0.0,0.0,100000000.0,0.0,0.0,0.6,3.0,0.0,267.6277000573464,0.33157526339583027,0.33157526339583027,36,False,0.18066203968209701,1.6639588777675816,0.1,8,4.0,5.0,0.1,2,0.0,2,-0.2561186515389636,262144.0,2621440.0,1,,331.5752633958303,0.0984375,3.889506924152374,93.27306697599748,10,2
2,1.0,0.0,0.0,0.0,100000000.0,0.0,0.0,0.0,0.0,0.0,163.74699998414144,0.2855484708103915,0.2855484708103915,36,False,0.11707210454152346,1.0782739308910099,0.1,5,4.0,5.0,0.1,2,0.0,2,-0.20131028767595746,262144.0,2621440.0,2,,285.54847081039145,0.0609375,4.179925709962845,122.2785706756269,10,2
2,1.0,0.0,0.0,0.0,100000000.0,0.0,0.0,0.2,1.0,0.0,193.96700005745515,0.27256323965085855,0.27256323965085855,36,False,0.12062535657087844,1.1110005915087844,0.1,6,4.0,5.0,0.1,2,0.0,2,-0.19659429811086848,262144.0,2621440.0,3,,272.5632396508585,0.0609375,4.0187698125839235,78.59623959340341,10,2
2,1.0,0.0,0.0,0.0,100000000.0,0.0,0.0,0.0,0.0,0.0,166.21779993874952,0.2461356929673834,0.2461356929673834,37,False,0.13220922796186813,1.2176919898449965,0.1,5,4.0,5.0,0.1,2,0.0,2,-0.18917246046462577,262144.0,2621440.0,1,,246.13569296738342,0.078125,3.8551502227783203,79.9178930286339,10,2
2,1.0,0.0,0.0,0.0,100000000.0,0.0,0.0,0.2,1.0,0.0,194.40269994083792,0.27825716492782426,0.27825716492782426,37,False,0.11456302950877734,1.0551644958205908,0.1,6,4.0,5.0,0.1,2,0.0,2,-0.1964100972183008,262144.0,2621440.0,2,,278.25716492782425,0.059375,4.099395668506622,83.85446498698634,10,2
2,1.0,0.0,0.0,0.0,100000000.0,0.0,0.0,0.2,1.0,0.0,195.82289998652413,0.2651673567741938,0.2651673567741938,37,False,0.12212617619377705,1.1248236510726215,0.1,6,4.0,5.0,0.1,2,0.0,2,-0.19364676648398543,262144.0,2621440.0,3,,265.16735677419376,0.0765625,3.9394944667816163,101.20278150170343,10,2
2,1.0,0.0,0.0,0.0,100000000.0,0.0,0.0,0.4,2.0,0.0,229.75130006670952,0.2909965715754793,0.2909965715754793,38,False,0.15223810726673895,1.4021647855120865,0.1,7,4.0,5.0,0.1,2,0.0,2,-0.22161733942110912,262144.0,2621440.0,1,,290.9965715754793,0.0671875,3.8572681844234467,61.24527150876979,10,2
2,1.0,0.0,0.0,0.0,100000000.0,0.0,0.0,0.2,1.0,0.0,196.55709993094206,0.25221485498565455,0.25221485498565455,38,False,0.1152271614921309,1.0612813774391927,0.1,6,4.0,5.0,0.1,2,0.0,2,-0.18372100823889273,262144.0,2621440.0,2,,252.21485498565454,0.09375,4.040028810501099,106.93274870999099,10,2
2,1.0,0.0,0.0,0.0,100000000.0,0.0,0.0,0.0,0.0,0.0,166.99720005271956,0.25468730181110777,0.25468730181110777,38,False,0.1266960340003731,1.1669135969229036,0.1,5,4.0,5.0,0.1,2,0.0,2,-0.19069166790574044,262144.0,2621440.0,3,,254.68730181110777,0.0984375,3.9560861587524414,92.34450186723599,10,2
2,1.0,0.0,0.0,0.0,100000000.0,0.0,0.0,0.2,1.0,0.0,195.8217000355944,0.26599254141397843,0.26599254141397843,39,False,0.14028277953399756,1.2920521478350122,0.1,6,4.0,5.0,0.1,2,0.0,2,-0.203137660473988,262144.0,2621440.0,1,,265.9925414139784,0.1234375,3.8150373697280884,70.17084137838404,10,2
2,1.0,0.0,0.0,0.0,100000000.0,0.0,0.0,0.6,3.0,0.0,268.8623999711126,0.34564938082016333,0.34564938082016333,39,False,0.151878863188534,1.398856025275202,0.1,8,4.0,5.0,0.1,2,0.0,2,-0.24876412200434866,262144.0,2621440.0,2,,345.64938082016334,0.0640625,4.000873076915741,76.78698084905074,10,2
2,1.0,0.0,0.0,0.0,100000000.0,0.0,0.0,0.2,1.0,0.0,192.7009000792168,0.2725586958666179,0.2725586958666179,39,False,0.1194830151367743,1.1004792380796737,0.1,6,4.0,5.0,0.1,2,0.0,2,-0.1960208555016961,262144.0,2621440.0,3,,272.5586958666179,0.1,4.036754131317139,79.85779578740109,10,2
2,1.0,0.0,0.0,0.0,100000000.0,0.0,0.0,0.0,0.0,0.0,164.58199999760836,0.3008944103614333,0.3008944103614333,40,False,0.1344991138538089,1.2387826183227573,0.1,5,4.0,5.0,0.1,2,0.0,2,-0.21769676210762107,262144.0,2621440.0,1,0.04609375,300.8944103614333,0.0921875,3.8417880535125732,139.62551027107043,10,2
2,1.0,0.0,0.0,0.0,100000000.0,0.0,0.0,0.6,3.0,0.0,267.3577000387013,0.35486140973809704,0.35486140973809704,40,False,0.16367466084477608,1.5074993366481506,0.1,8,4.0,5.0,0.1,2,0.0,2,-0.25926803529143655,262144.0,2621440.0,2,0.04609375,354.86140973809705,0.0546875,4.092901945114136,87.50370969939574,10,2
2,1.0,0.0,0.0,0.0,100000000.0,0.0,0.0,0.2,1.0,0.0,194.29629994556308,0.24939782014701378,0.24939782014701378,40,False,0.1431712869165912,1.3186562839956655,0.1,6,4.0,5.0,0.1,2,0.0,2,-0.1962845535318025,262144.0,2621440.0,3,0.04609375,249.3978201470138,0.0625,3.975789821147919,110.7809505895206,10,2
2,1.0,0.0,0.0,0.0,100000000.0,0.0,0.0,0.8,4.0,0.0,300.9426000644453,0.5573136216513741,0.5573136216513741,41,False,0.24350425301402215,2.2427570522829514,0.1,9,4.0,5.0,0.1,2,0.0,2,-0.4004089373326981,262144.0,2621440.0,1,,557.3136216513741,0.05,4.151845324039459,256.37102158692875,10,2
2,1.0,0.0,0.0,0.0,100000000.0,0.0,0.0,0.0,0.0,0.0,163.06459996849298,0.2587174986375617,0.2587174986375617,41,False,0.11170620210719495,1.0288521430680286,0.1,5,4.0,5.0,0.1,2,0.0,2,-0.18521185037237833,262144.0,2621440.0,2,,258.71749863756173,0.0453125,4.192013740539551,96.46959865960574,10,2
2,1.0,0.0,0.0,0.0,100000000.0,0.0,0.0,0.0,0.0,0.0,163.59819995705038,0.25579069454297026,0.25579069454297026,41,False,0.1250027440835403,1.1513178204404384,0.1,5,4.0,5.0,0.1,2,0.0,2,-0.1903967193132553,262144.0,2621440.0,3,,255.79069454297027,0.0640625,4.117159485816956,92.19249458591989,10,2
2,1.0,0.0,0.0,0.0,100000000.0,0.0,0.0,0.2,1.0,0.0,196.04760000947863,0.8381809946714573,0.8381809946714573,42,False,0.1523899190923997,1.4035630240989132,0.1,6,4.0,5.0,0.1,2,0.0,2,-0.49528545688192854,262144.0,2621440.0,1,,838.1809946714574,0.084375,3.8878494262695313,709.3935947615327,10,2
2,1.0,0.0,0.0,0.0,100000000.0,0.0,0.0,0.4,2.0,0.0,232.3529999703169,0.31137113202914257,0.31137113202914257,42,False,0.1232383731553673,1.1350673636495454,0.1,7,4.0,5.0,0.1,2,0.0,2,-0.21730475259225493,262144.0,2621440.0,2,,311.3711320291426,0.084375,3.982976198196411,79.01813205882566,10,2
2,1.0,0.0,0.0,0.0,100000000.0,0.0,0.0,0.2,1.0,0.0,192.82939995173365,0.3290223311629624,0.3290223311629624,42,False,0.13198265403966317,1.2156051669020753,0.1,6,4.0,5.0,0.1,2,0.0,2,-0.23050249260131278,262144.0,2621440.0,3,,329.0223311629624,0.084375,3.913852345943451,136.1929312112288,10,2
2,1.0,0.0,0.0,0.0,100000000.0,0.0,0.0,0.2,1.0,0.0,191.78739993367344,0.2671790241352767,0.2671790241352767,43,False,0.1378551745448246,1.2696930795960215,0.1,6,4.0,5.0,0.1,2,0.0,2,-0.20251709934005066,262144.0,2621440.0,1,,267.17902413527673,0.0890625,3.848429012298584,75.3916242016033,10,2
2,1.0,0.0,0.0,0.0,100000000.0,0.0,0.0,0.4,2.0,0.0,228.69610006455332,0.32650895765877785,0.32650895765877785,43,False,0.12789777947670222,1.1779820818003774,0.1,7,4.0,5.0,0.1,2,0.0,2,-0.22720336856774004,262144.0,2621440.0,2,,326.50895765877783,0.05625,4.083469104766846,97.81285759422454,10,2
2,1.0,0.0,0.0,0.0,100000000.0,0.0,0.0,0.2,1.0,0.0,193.27349995728582,0.2660051868833614,0.2660051868833614,43,False,0.1389150598644701,1.2794549841452172,0.1,6,4.0,5.0,0.1,2,0.0,2,-0.20246012337391572,262144.0,2621440.0,3,,266.0051868833614,0.109375,3.8413325428962706,72.73168692607554,10,2
2,1.0,0.0,0.0,0.0,100000000.0,0.0,0.0,0.4,2.0,0.0,229.86339998897165,0.3269630386708512,0.3269630386708512,44,False,0.14998305678218232,1.3813950029933302,0.1,7,4.0,5.0,0.1,2,0.0,2,-0.23847304772651676,262144.0,2621440.0,1,,326.9630386708512,0.0765625,3.9524462282657624,97.09963868187957,10,2
2,1.0,0.0,0.0,0.0,100000000.0,0.0,0.0,0.2,1.0,0.0,195.62479999149218,0.2554479196584106,0.2554479196584106,44,False,0.12001997050871999,1.1054247798198547,0.1,6,4.0,5.0,0.1,2,0.0,2,-0.1877339450835653,262144.0,2621440.0,2,,255.44791965841063,0.084375,4.017953658103943,107.08801249108535,10,2
2,1.0,0.0,0.0,0.0,100000000.0,0.0,0.0,0.2,1.0,0.0,194.46379999862984,0.33017023435280685,0.33017023435280685,44,False,0.14367268428815247,1.323274324449359,0.1,6,4.0,5.0,0.1,2,0.0,2,-0.23692145932047964,262144.0,2621440.0,3,,330.17023435280686,0.05625,4.0634644508361815,208.93303436645334,10,2
2,1.0,0.0,0.0,0.0,100000000.0,0.0,0.0,0.2,1.0,0.0,187.98290006816387,0.2745851859819306,0.2745851859819306,45,False,0.14585967396056962,1.3434172437223175,0.1,6,4.0,5.0,0.1,2,0.0,2,-0.21022242997125012,262144.0,2621440.0,1,,274.5851859819306,0.05,3.969456362724304,86.60228591376675,10,2
2,1.0,0.0,0.0,0.0,100000000.0,0.0,0.0,0.4,2.0,0.0,223.7464000354521,0.30341338934951245,0.30341338934951245,45,False,0.12660715846830023,1.166095023021772,0.1,7,4.0,5.0,0.1,2,0.0,2,-0.21501027390890634,262144.0,2621440.0,2,,303.41338934951244,0.08125,4.028606361150741,79.66698931406039,10,2
2,1.0,0.0,0.0,0.0,100000000.0,0.0,0.0,0.2,1.0,0.0,187.8126000519842,0.2919326720978922,0.2919326720978922,45,False,0.13746723649655823,1.2661200381282482,0.1,6,4.0,5.0,0.1,2,0.0,2,-0.21469995429722522,262144.0,2621440.0,3,,291.9326720978922,0.090625,3.926504337787628,104.120072045908,10,2
2,1.0,0.0,0.0,0.0,100000000.0,0.0,0.0,0.0,0.0,0.0,159.31779996026307,0.24151367250499522,0.24151367250499522,46,False,0.13270394759973256,1.2222485260984288,0.1,5,4.0,5.0,0.1,2,0.0,2,-0.1871088100523639,262144.0,2621440.0,1,,241.5136725049952,0.09375,3.7970155775547028,85.57717250562482,10,2
2,1.0,0.0,0.0,0.0,100000000.0,0.0,0.0,0.6,3.0,0.0,262.70549988839775,0.3140210514619508,0.3140210514619508,46,False,0.1432624482386147,1.3194959108002613,0.1,8,4.0,5.0,0.1,2,0.0,2,-0.22864174985028274,262144.0,2621440.0,2,,314.02105146195083,0.0828125,4.0034308433532715,68.38967215634315,10,2
2,1.0,0.0,0.0,0.0,100000000.0,0.0,0.0,0.2,1.0,0.0,189.89340000553057,0.24691992698095383,0.24691992698095383,46,False,0.13631250855901064,1.2554846007864047,0.1,6,4.0,5.0,0.1,2,0.0,2,-0.19161621776998222,262144.0,2621440.0,3,,246.91992698095382,0.0921875,3.9270058393478395,79.45688445516178,10,2
2,1.0,0.0,0.0,0.0,100000000.0,0.0,0.0,0.0,0.0,0.0,158.77999988151714,0.23622509924470392,0.23622509924470392,47,False,0.14498055501710932,1.3353202590255964,0.1,5,4.0,5.0,0.1,2,0.0,2,-0.19060282713090662,262144.0,2621440.0,1,,236.22509924470393,0.078125,3.8942455053329468,78.67949921646101,10,2
2,1.0,0.0,0.0,0.0,100000000.0,0.0,0.0,0.6,3.0,0.0,261.12039998406544,0.35817967363115166,0.35817967363115166,47,False,0.14120578763986122,1.3005533666561093,0.1,8,4.0,5.0,0.1,2,0.0,2,-0.24969273063550645,262144.0,2621440.0,2,,358.1796736311517,0.115625,3.8951432585716246,97.05927364708623,10,2
2,1.0,0.0,0.0,0.0,100000000.0,0.0,0.0,0.0,0.0,0.0,159.53319997061044,0.21409162410875135,0.21409162410875135,47,False,0.12710610291325872,1.1706904711865465,0.1,5,4.0,5.0,0.1,2,0.0,2,-0.17059886351100503,262144.0,2621440.0,3,,214.09162410875135,0.0875,3.900386154651642,57.60292415381693,10,2
2,1.0,0.0,0.0,0.0,100000000.0,0.0,0.0,0.6,3.0,0.0,261.15920004667714,0.3391890115968708,0.3391890115968708,48,False,0.17985631336453536,1.6565378641361796,0.1,8,4.0,5.0,0.1,2,0.0,2,-0.2595226624807031,262144.0,2621440.0,1,,339.18901159687084,0.078125,3.883094906806946,78.02981155019368,10,2
2,1.0,0.0,0.0,0.0,100000000.0,0.0,0.0,0.2,1.0,0.0,191.73789996420965,0.24610620142307674,0.24610620142307674,48,False,0.12034184853750145,1.1083893860231926,0.1,6,4.0,5.0,0.1,2,0.0,2,-0.18322402498028909,262144.0,2621440.0,2,,246.10620142307673,0.084375,3.968062329292297,79.22301235529844,10,2
2,1.0,0.0,0.0,0.0,100000000.0,0.0,0.0,0.0,0.0,0.0,159.3797000241466,0.32994059602209147,0.32994059602209147,48,False,0.1250027440835403,1.1513178204404384,0.1,5,4.0,5.0,0.1,2,0.0,2,-0.22747167005281588,262144.0,2621440.0,3,,329.9405960220915,0.0828125,3.9212165474891663,174.15499606580252,10,2
2,1.0,0.0,0.0,0.0,100000000.0,0.0,0.0,0.4,2.0,0.0,226.71359998639673,0.28160280190555576,0.28160280190555576,49,False,0.14562599717654845,1.3412650010044538,0.1,7,4.0,5.0,0.1,2,0.0,2,-0.2136143995410521,262144.0,2621440.0,1,,281.60280190555574,0.10625,3.814783936738968,108.65042671138458,10,2
2,1.0,0.0,0.0,0.0,100000000.0,0.0,0.0,0.4,2.0,0.0,225.01400002511218,0.35451434787971103,0.35451434787971103,49,False,0.12556928621455996,1.156535866302194,0.1,7,4.0,5.0,0.1,2,0.0,2,-0.2400418170471355,262144.0,2621440.0,2,,354.514347879711,0.0875,3.9338268101215363,129.50034785459883,10,2
2,1.0,0.0,0.0,0.0,100000000.0,0.0,0.0,0.2,1.0,0.0,194.0428001107648,0.25310186331996576,0.25310186331996576,49,False,0.13452024827392914,1.238977273525629,0.1,6,4.0,5.0,0.1,2,0.0,2,-0.19381105579694746,262144.0,2621440.0,3,,253.10186331996576,0.1046875,3.88023978471756,84.61260217873432,10,2
2,1.0,0.0,0.0,0.0,100000000.0,0.0,0.0,0.4,2.0,0.0,227.01520001282915,0.28641181462405124,0.28641181462405124,50,False,0.16253972719753645,1.4970462114574654,0.1,7,4.0,5.0,0.1,2,0.0,2,-0.22447577091079385,262144.0,2621440.0,1,0.0546875,286.41181462405126,0.071875,3.713072180747986,88.92587823624342,10,2
2,1.0,0.0,0.0,0.0,100000000.0,0.0,0.0,0.2,1.0,0.0,188.531200052239,0.27125398728765293,0.27125398728765293,50,False,0.11623407940538448,1.0705554341468981,0.1,6,4.0,5.0,0.1,2,0.0,2,-0.1937440333465187,262144.0,2621440.0,2,0.0546875,271.25398728765293,0.090625,3.9239681720733643,82.72278723541395,10,2
2,1.0,0.0,0.0,0.0,100000000.0,0.0,0.0,0.0,0.0,0.0,158.8301999727264,0.21770834000194472,0.21770834000194472,50,False,0.12920812675307106,1.1900508262212264,0.1,5,4.0,5.0,0.1,2,0.0,2,-0.17345823337750788,262144.0,2621440.0,3,0.0546875,217.70834000194472,0.084375,3.8917670845985413,60.85973998410655,10,2
2,1.0,0.0,0.0,0.0,100000000.0,0.0,0.0,0.4,2.0,0.0,226.58830002183095,0.279956935244445,0.279956935244445,51,False,0.1578455862594418,1.453811575663586,0.1,7,4.0,5.0,0.1,2,0.0,2,-0.21890126075194338,262144.0,2621440.0,1,,279.956935244445,0.103125,3.9018489718437195,76.92095465326165,10,2
2,1.0,0.0,0.0,0.0,100000000.0,0.0,0.0,0.2,1.0,0.0,188.0957999965176,0.27134012602078417,0.27134012602078417,51,False,0.11638245016807129,1.0719219793724934,0.1,6,4.0,5.0,0.1,2,0.0,2,-0.19386128809442774,262144.0,2621440.0,2,,271.34012602078417,0.0484375,4.179485130310058,83.24432602426656,10,2
2,1.0,0.0,0.0,0.0,100000000.0,0.0,0.0,0.0,0.0,0.0,159.23669998301193,0.2203600899244513,0.2203600899244513,51,False,0.13401657770339873,1.2343382961356966,0.1,5,4.0,5.0,0.1,2,0.0,2,-0.17718833381392501,262144.0,2621440.0,3,,220.3600899244513,0.071875,4.1236854791641235,63.428189912610094,10,2
2,1.0,0.0,0.0,0.0,100000000.0,0.0,0.0,0.2,1.0,0.0,190.3942000353709,0.24021234891003945,0.24021234891003945,52,False,0.1462312409032235,1.3468395017351344,0.1,6,4.0,5.0,0.1,2,0.0,2,-0.1932217949066315,262144.0,2621440.0,1,,240.21234891003945,0.1109375,3.7244030117988585,66.21334262943675,10,2
2,1.0,0.0,0.0,0.0,100000000.0,0.0,0.0,0.4,2.0,0.0,225.32329999376088,0.3146029898795133,0.3146029898795133,52,False,0.13654160741959442,1.2575946792712134,0.1,7,4.0,5.0,0.1,2,0.0,2,-0.22557229864955386,262144.0,2621440.0,2,,314.6029898795133,0.1,3.9683589398860932,89.2796898857524,10,2
2,1.0,0.0,0.0,0.0,100000000.0,0.0,0.0,0.8,4.0,0.0,288.6010999791324,0.3651281956877125,0.3651281956877125,52,False,0.186423300815413,1.717022053777259,0.1,9,4.0,5.0,0.1,2,0.0,2,-0.27577574825156276,262144.0,2621440.0,3,,365.1281956877125,0.1046875,3.8696906328201295,76.52709570858009,10,2
2,1.0,0.0,0.0,0.0,100000000.0,0.0,0.0,0.0,0.0,0.0,158.94549997756258,0.2369425836153089,0.2369425836153089,53,False,0.13901092448221636,1.2803379299042899,0.1,5,4.0,5.0,0.1,2,0.0,2,-0.18797675404876263,262144.0,2621440.0,1,,236.9425836153089,0.0734375,3.838402807712555,79.58098364935655,10,2
2,1.0,0.0,0.0,0.0,100000000.0,0.0,0.0,0.2,1.0,0.0,187.57550010923296,0.299328970333855,0.299328970333855,53,False,0.12239184832484329,1.1272705818270898,0.1,6,4.0,5.0,0.1,2,0.0,2,-0.21086040932934916,262144.0,2621440.0,2,,299.328970333855,0.0859375,3.939920163154602,111.75347022462206,10,2
2,1.0,0.0,0.0,0.0,100000000.0,0.0,0.0,0.0,0.0,0.0,159.533400030341,0.30374676093837266,0.30374676093837266,53,False,0.1276844612714501,1.1760173485224663,0.1,5,4.0,5.0,0.1,2,0.0,2,-0.2157156111049114,262144.0,2621440.0,3,,303.7467609383727,0.115625,3.7698482275009155,147.12316094577332,10,2
2,1.0,0.0,0.0,0.0,100000000.0,0.0,0.0,0.0,0.0,0.0,158.61149999545887,0.2576185947660264,0.2576185947660264,54,False,0.13536951557163474,1.246799314404286,0.1,5,4.0,5.0,0.1,2,0.0,2,-0.19649405516883056,262144.0,2621440.0,1,,257.6185947660264,0.0828125,3.8649269342422485,100.6805948241521,10,2
2,1.0,0.0,0.0,0.0,100000000.0,0.0,0.0,0.0,0.0,0.0,159.54890009015799,0.2731867398643714,0.2731867398643714,54,False,0.11277587956395072,1.038704236532979,0.1,5,4.0,5.0,0.1,2,0.0,2,-0.19298130971416105,262144.0,2621440.0,2,,273.1867398643714,0.0796875,3.9493780434131622,116.0085398979333,10,2
2,1.0,0.0,0.0,0.0,100000000.0,0.0,0.0,0.2,1.0,0.0,190.6472000409849,0.24756699970924895,0.24756699970924895,54,False,0.13153094470662918,1.211444770195634,0.1,6,4.0,5.0,0.1,2,0.0,2,-0.18954897220793906,262144.0,2621440.0,3,,247.56699970924896,0.0953125,3.8686208486557008,108.97170029746357,10,2
2,1.0,0.0,0.0,0.0,100000000.0,0.0,0.0,0.0,0.0,0.0,159.3593000434339,0.2351339546474912,0.2351339546474912,55,False,0.1434651772028141,1.321363113563796,0.1,5,4.0,5.0,0.1,2,0.0,2,-0.18929956592515265,262144.0,2621440.0,1,,235.1339546474912,0.115625,3.672805994749069,77.8538546618358,10,2
2,1.0,0.0,0.0,0.0,100000000.0,0.0,0.0,0.4,2.0,0.0,225.04549991572276,0.3518352766633621,0.3518352766633621,55,False,0.12552009097931568,1.1560827614409148,0.1,7,4.0,5.0,0.1,2,0.0,2,-0.23867768382133892,262144.0,2621440.0,2,,351.8352766633621,0.103125,3.8974442064762114,126.7897767476394,10,2
2,1.0,0.0,0.0,0.0,100000000.0,0.0,0.0,0.4,2.0,0.0,224.47690000990406,0.3004015930804095,0.3004015930804095,55,False,0.14198068653658175,1.3076904492487742,0.1,7,4.0,5.0,0.1,2,0.0,2,-0.2211911398084956,262144.0,2621440.0,3,,300.4015930804095,0.0890625,3.86339613199234,75.92469307050541,10,2
2,1.0,0.0,0.0,0.0,100000000.0,0.0,0.0,0.2,1.0,0.0,188.58969997381791,0.2532616386261276,0.2532616386261276,56,False,0.14754320042901664,1.3589230955219458,0.1,6,4.0,5.0,0.1,2,0.0,2,-0.20040241952757212,262144.0,2621440.0,1,,253.2616386261276,0.10625,3.7225830435752867,64.67193865230966,10,2
2,1.0,0.0,0.0,0.0,100000000.0,0.0,0.0,0.6,3.0,0.0,260.5125999543816,0.33381361477722404,0.33381361477722404,56,False,0.16043236164130967,1.4776366573964377,0.1,8,4.0,5.0,0.1,2,0.0,2,-0.24712298820926687,262144.0,2621440.0,2,,333.813614777224,0.1015625,3.8330620169639587,73.30101482284245,10,2
2,1.0,0.0,0.0,0.0,100000000.0,0.0,0.0,0.0,0.0,0.0,159.57790001994,0.2798208091206694,0.2798208091206694,56,False,0.13064658967219903,1.2032995593188613,0.1,5,4.0,5.0,0.1,2,0.0,2,-0.2052336993964342,262144.0,2621440.0,3,,279.8208091206694,0.109375,3.8886354565620422,123.15790917806648,10,2
2,1.0,0.0,0.0,0.0,100000000.0,0.0,0.0,0.2,1.0,0.0,188.13050002790987,0.26432472323044687,0.26432472323044687,57,False,0.14826897112909146,1.3656076907016423,0.1,6,4.0,5.0,0.1,2,0.0,2,-0.20629684717976915,262144.0,2621440.0,1,,264.32472323044686,0.1078125,3.7691999673843384,76.194223202537,10,2
2,1.0,0.0,0.0,0.0,100000000.0,0.0,0.0,0.0,0.0,0.0,158.80619996460155,0.25521721099846445,0.25521721099846445,57,False,0.11421588906836996,1.0519672142075611,0.1,5,4.0,5.0,0.1,2,0.0,2,-0.1847165500334172,262144.0,2621440.0,2,,255.21721099846445,0.1046875,3.811578094959259,98.36991104873276,10,2
2,1.0,0.0,0.0,0.0,100000000.0,0.0,0.0,0.2,1.0,0.0,187.60970007861033,0.34207515988793585,0.34207515988793585,57,False,0.13687548348648454,1.260669791489328,0.1,6,4.0,5.0,0.1,2,0.0,2,-0.2394753216872102,262144.0,2621440.0,3,,342.07515988793585,0.1109375,3.818040430545807,154.46545980932552,10,2
2,1.0,0.0,0.0,0.0,100000000.0,0.0,0.0,0.0,0.0,0.0,158.73919997829944,0.3307198269047744,0.3307198269047744,58,False,0.14725830929492287,1.3562991512079838,0.1,5,4.0,5.0,0.1,2,0.0,2,-0.23898906809984866,262144.0,2621440.0,1,,330.71982690477444,0.1140625,3.670060396194458,173.2764268980331,10,2
2,1.0,0.0,0.0,0.0,100000000.0,0.0,0.0,0.4,2.0,0.0,224.72499997820705,0.3064113608842906,0.3064113608842906,58,False,0.13352072689019834,1.2297713413723999,0.1,7,4.0,5.0,0.1,2,0.0,2,-0.21996604388724447,262144.0,2621440.0,2,,306.4113608842906,0.1171875,3.8069652378559113,81.68636090608356,10,2
2,1.0,0.0,0.0,0.0,100000000.0,0.0,0.0,0.0,0.0,0.0,159.5689000096172,0.2428884062988323,0.2428884062988323,58,False,0.1303574334495295,1.2006363320874,0.1,5,4.0,5.0,0.1,2,0.0,2,-0.1866229198741809,262144.0,2621440.0,3,,242.88840629883228,0.096875,3.8694767355918884,86.22510629497589,10,2
2,1.0,0.0,0.0,0.0,100000000.0,0.0,0.0,0.2,1.0,0.0,189.5538999233395,0.2700754138185054,0.2700754138185054,59,False,0.14194370050667213,1.3073497953242985,0.1,6,4.0,5.0,0.1,2,0.0,2,-0.20600955716258879,262144.0,2621440.0,1,,270.0754138185054,0.103125,3.677814614772797,149.50651379864362,10,2
2,1.0,0.0,0.0,0.0,100000000.0,0.0,0.0,0.0,0.0,0.0,159.08509999280795,0.2472184345440078,0.2472184345440078,59,False,0.11103722140319315,1.0226906030818879,0.1,5,4.0,5.0,0.1,2,0.0,2,-0.17912782797360047,262144.0,2621440.0,2,,247.2184345440078,0.103125,3.810282588005066,90.00413453551711,10,2
2,1.0,0.0,0.0,0.0,100000000.0,0.0,0.0,0.0,0.0,0.0,159.49330001603812,0.28979211560850004,0.28979211560850004,59,False,0.13064658967219903,1.2032995593188613,0.1,5,4.0,5.0,0.1,2,0.0,2,-0.21021935264034952,262144.0,2621440.0,3,,289.79211560850007,0.121875,3.786729872226715,132.67721565839804,10,2
2,1.0,0.0,0.0,0.0,100000000.0,0.0,0.0,0.4,2.0,0.0,224.2612999980338,0.3621943045660744,0.3621943045660744,60,False,0.1501568771041306,1.3829959473220401,0.1,7,4.0,5.0,0.1,2,0.0,2,-0.2561755908351025,262144.0,2621440.0,1,0.07578125,362.1943045660744,0.1140625,3.7786279380321504,137.9330045680406,10,2
2,1.0,0.0,0.0,0.0,100000000.0,0.0,0.0,0.6,3.0,0.0,260.8005999936722,0.3385465719812746,0.3385465719812746,60,False,0.16546967477729754,1.5240320259391127,0.1,8,4.0,5.0,0.1,2,0.0,2,-0.2520081233792861,262144.0,2621440.0,2,0.07578125,338.54657198127455,0.096875,3.8411341547966003,77.74597198760233,10,2
2,1.0,0.0,0.0,0.0,100000000.0,0.0,0.0,0.4,2.0,0.0,223.8670999649912,0.3365043311304724,0.3365043311304724,60,False,0.1284983624641225,1.1835136555361365,0.1,7,4.0,5.0,0.1,2,0.0,2,-0.23250134679729745,262144.0,2621440.0,3,0.07578125,336.5043311304724,0.090625,3.8219896376132967,112.63723116548115,10,2
2,1.0,0.0,0.0,0.0,100000000.0,0.0,0.0,0.2,1.0,0.0,187.91800003964454,0.2841509684266608,0.2841509684266608,61,False,0.13726432102394312,1.2642511175587225,0.1,6,4.0,5.0,0.1,2,0.0,2,-0.21070764472530196,262144.0,2621440.0,1,,284.1509684266608,0.078125,3.8454168319702147,96.23296838701629,10,2
2,1.0,0.0,0.0,0.0,100000000.0,0.0,0.0,0.4,2.0,0.0,224.78209994733334,0.3058243501705135,0.3058243501705135,61,False,0.12789777947670222,1.1779820818003774,0.1,7,4.0,5.0,0.1,2,0.0,2,-0.21686106482360787,262144.0,2621440.0,2,,305.8243501705135,0.05625,4.069223648309707,81.04225022318019,10,2
2,1.0,0.0,0.0,0.0,100000000.0,0.0,0.0,0.6,3.0,0.0,263.75749992439523,0.5482763856480664,0.5482763856480664,61,False,0.14309587601272958,1.3179617239033417,0.1,8,4.0,5.0,0.1,2,0.0,2,-0.34568613083039795,262144.0,2621440.0,3,,548.2763856480664,0.084375,4.010644817352295,480.7322856568566,10,2
2,1.0,0.0,0.0,0.0,100000000.0,0.0,0.0,0.0,0.0,0.0,159.5986999454908,0.2624808485206644,0.2624808485206644,62,False,0.14011397570830708,1.290497407144311,0.1,5,4.0,5.0,0.1,2,0.0,2,-0.20129741211448574,262144.0,2621440.0,1,,262.4808485206644,0.1046875,3.729318916797638,106.04284854433118,10,2
2,1.0,0.0,0.0,0.0,100000000.0,0.0,0.0,0.4,2.0,0.0,226.84469999512658,0.29255945808571227,0.29255945808571227,62,False,0.13185365897121845,1.214417078415393,0.1,7,4.0,5.0,0.1,2,0.0,2,-0.21220655852846537,262144.0,2621440.0,2,,292.55945808571227,0.096875,3.8319912910461427,127.01722383161335,10,2
2,1.0,0.0,0.0,0.0,100000000.0,0.0,0.0,0.2,1.0,0.0,187.3077999916859,0.3193459732263483,0.3193459732263483,62,False,0.13517180107700397,1.2449782966122633,0.1,6,4.0,5.0,0.1,2,0.0,2,-0.22725888715167614,262144.0,2621440.0,3,,319.3459732263483,0.1171875,3.8152810454368593,132.03817323466237,10,2
2,1.0,0.0,0.0,0.0,100000000.0,0.0,0.0,0.4,2.0,0.0,224.36320001725107,0.3018004902128522,0.3018004902128522,63,False,0.15110397332253803,1.3917190258585843,0.1,7,4.0,5.0,0.1,2,0.0,2,-0.22645223176769513,262144.0,2621440.0,1,,301.8004902128522,0.121875,3.661324197053909,77.43729019560112,10,2
2,1.0,0.0,0.0,0.0,100000000.0,0.0,0.0,0.2,1.0,0.0,187.34219996258616,0.2774657275808649,0.2774657275808649,63,False,0.11167447482069469,1.028559923960282,0.1,6,4.0,5.0,0.1,2,0.0,2,-0.1945701012007798,262144.0,2621440.0,2,,277.4657275808649,0.09375,3.8690579533576965,90.12352761827874,10,2
2,1.0,0.0,0.0,0.0,100000000.0,0.0,0.0,0.4,2.0,0.0,224.71610002685338,0.329871558241768,0.329871558241768,63,False,0.14241042042832022,1.3116484446610595,0.1,7,4.0,5.0,0.1,2,0.0,2,-0.23614098933504413,262144.0,2621440.0,3,,329.871558241768,0.0796875,3.9059561789035797,105.15545821491462,10,2
2,1.0,0.0,0.0,0.0,100000000.0,0.0,0.0,0.4,2.0,0.0,227.14159998577088,0.28375271428080706,0.28375271428080706,64,False,0.14740524165275296,1.3576524482352559,0.1,7,4.0,5.0,0.1,2,0.0,2,-0.21557897796678,262144.0,2621440.0,1,,283.7527142808071,0.1109375,3.6249052405357363,67.11825745755229,10,2
2,1.0,0.0,0.0,0.0,100000000.0,0.0,0.0,0.4,2.0,0.0,224.20649998821318,0.36074417320955243,0.36074417320955243,64,False,0.13654160741959442,1.2575946792712134,0.1,7,4.0,5.0,0.1,2,0.0,2,-0.24864289031457343,262144.0,2621440.0,2,,360.74417320955246,0.1078125,3.8472179234027863,136.53767322133928,10,2
2,1.0,0.0,0.0,0.0,100000000.0,0.0,0.0,0.2,1.0,0.0,190.60259993420914,0.26262472688700733,0.26262472688700733,64,False,0.13290281727137968,1.2240801834639619,0.1,6,4.0,5.0,0.1,2,0.0,2,-0.1977637720791935,262144.0,2621440.0,3,,262.62472688700734,0.090625,3.976849043369293,142.07982681706278,10,2
2,1.0,0.0,0.0,0.0,100000000.0,0.0,0.0,0.8,4.0,0.0,288.8624999905005,0.3608029380292918,0.3608029380292918,65,False,0.2629020552836275,2.4214174136543085,0.1,9,4.0,5.0,0.1,2,0.0,2,-0.31185249665645964,262144.0,2621440.0,1,,360.8029380292918,0.0984375,3.747261029481888,71.94043803879129,10,2
2,1.0,0.0,0.0,0.0,100000000.0,0.0,0.0,0.2,1.0,0.0,190.1019000215456,0.24117558532741637,0.24117558532741637,65,False,0.11309216012743897,1.0416172881757464,0.1,6,4.0,5.0,0.1,2,0.0,2,-0.17713387272742767,262144.0,2621440.0,2,,241.17558532741637,0.084375,3.8851830840110777,77.1552738604823,10,2
2,1.0,0.0,0.0,0.0,100000000.0,0.0,0.0,0.2,1.0,0.0,189.94930002372712,0.24865256012296116,0.24865256012296116,65,False,0.1280515431385625,1.1793982974629522,0.1,6,4.0,5.0,0.1,2,0.0,2,-0.18835205163076185,262144.0,2621440.0,3,,248.65256012296118,0.084375,3.8450711965560913,72.67393739543786,10,2
2,1.0,0.0,0.0,0.0,100000000.0,0.0,0.0,0.4,2.0,0.0,224.6201999951154,0.3010386689493919,0.3010386689493919,66,False,0.15290879614716815,1.4083420583845392,0.1,7,4.0,5.0,0.1,2,0.0,2,-0.22697373254828002,262144.0,2621440.0,1,,301.03866894939193,0.10625,3.6952206254005433,76.41846895427649,10,2
2,1.0,0.0,0.0,0.0,100000000.0,0.0,0.0,0.2,1.0,0.0,189.43780002882704,0.2529486849300124,0.2529486849300124,66,False,0.12239184832484329,1.1272705818270898,0.1,6,4.0,5.0,0.1,2,0.0,2,-0.18767026662742783,262144.0,2621440.0,2,,252.94868493001238,0.1046875,3.844833993911743,92.36152104429515,10,2
2,1.0,0.0,0.0,0.0,100000000.0,0.0,0.0,0.4,2.0,0.0,226.59549990203232,0.2973220225694368,0.2973220225694368,66,False,0.15591685220578053,1.4360472785423442,0.1,7,4.0,5.0,0.1,2,0.0,2,-0.22661943738760865,262144.0,2621440.0,3,,297.3220225694368,0.1015625,3.819350165128708,85.18864162996682,10,2
2,1.0,0.0,0.0,0.0,100000000.0,0.0,0.0,0.2,1.0,0.0,187.39580002147704,0.27838420065189423,0.27838420065189423,67,False,0.14316187666955035,1.3185696124174349,0.1,6,4.0,5.0,0.1,2,0.0,2,-0.21077303866072228,262144.0,2621440.0,1,,278.3842006518942,0.1140625,3.726341164112091,90.98840063041717,10,2
2,1.0,0.0,0.0,0.0,100000000.0,0.0,0.0,0.2,1.0,0.0,188.20400000549853,0.2616226057827543,0.2616226057827543,67,False,0.1194084157960588,1.099792152760159,0.1,6,4.0,5.0,0.1,2,0.0,2,-0.19051551078940657,262144.0,2621440.0,2,,261.6226057827543,0.1109375,3.8033121466636657,73.41860577725578,10,2
2,1.0,0.0,0.0,0.0,100000000.0,0.0,0.0,0.6,3.0,0.0,261.5780000342056,0.49150122299284343,0.49150122299284343,67,False,0.14683724196590656,1.3524209777882248,0.1,8,4.0,5.0,0.1,2,0.0,2,-0.319169232479375,262144.0,2621440.0,3,,491.50122299284345,0.09375,3.8927818655967714,229.9232229586378,10,2
2,1.0,0.0,0.0,0.0,100000000.0,0.0,0.0,0.2,1.0,0.0,190.01389993354678,0.3098133224320215,0.3098133224320215,68,False,0.13880055862212728,1.278400388730226,0.1,6,4.0,5.0,0.1,2,0.0,2,-0.2243069405270744,262144.0,2621440.0,1,,309.8133224320215,0.1109375,3.7811726093292237,189.5448224876624,10,2
2,1.0,0.0,0.0,0.0,100000000.0,0.0,0.0,0.8,4.0,0.0,289.8800000548363,0.477433707983437,0.477433707983437,68,False,0.21337170106011874,1.9652259925112452,0.1,9,4.0,5.0,0.1,2,0.0,2,-0.34540270452177785,262144.0,2621440.0,2,,477.433707983437,0.1328125,3.7664661169052125,187.55370792860074,10,2
2,1.0,0.0,0.0,0.0,100000000.0,0.0,0.0,0.2,1.0,0.0,187.32999998610467,0.2826843852492842,0.2826843852492842,68,False,0.13821164665224075,1.27297630903844,0.1,6,4.0,5.0,0.1,2,0.0,2,-0.21044801595076246,262144.0,2621440.0,3,,282.68438524928416,0.09375,3.9121358513832094,95.35438526317954,10,2
2,1.0,0.0,0.0,0.0,100000000.0,0.0,0.0,0.2,1.0,0.0,187.41359992418438,0.28932234507046733,0.28932234507046733,69,False,0.13694968088779655,1.2613531748101277,0.1,6,4.0,5.0,0.1,2,0.0,2,-0.21313601297913193,262144.0,2621440.0,1,,289.32234507046735,0.103125,3.6910828828811644,101.90874514628295,10,2
2,1.0,0.0,0.0,0.0,100000000.0,0.0,0.0,0.0,0.0,0.0,159.24540004925802,0.2745027159930127,0.2745027159930127,69,False,0.11759984325784831,1.0831345840958315,0.1,5,4.0,5.0,0.1,2,0.0,2,-0.1960512796254305,262144.0,2621440.0,2,,274.50271599301266,0.125,3.754530131816864,117.66891597145367,10,2
2,1.0,0.0,0.0,0.0,100000000.0,0.0,0.0,0.4,2.0,0.0,224.7776000876911,0.34700390946484116,0.34700390946484116,69,False,0.1484023703419642,1.366836342857554,0.1,7,4.0,5.0,0.1,2,0.0,2,-0.2477031399034027,262144.0,2621440.0,3,,347.0039094648412,0.0921875,3.866027694940567,122.22630937715005,10,2
2,1.0,0.0,0.0,0.0,100000000.0,0.0,0.0,0.0,0.0,0.0,159.47409998625517,0.22628326197898507,0.22628326197898507,70,False,0.1315277633800975,1.2114154690954426,0.1,5,4.0,5.0,0.1,2,0.0,2,-0.1789055126795413,262144.0,2621440.0,1,0.08671875,226.28326197898508,0.103125,3.7091121077537537,68.93286198189972,10,2
2,1.0,0.0,0.0,0.0,100000000.0,0.0,0.0,0.4,2.0,0.0,224.56160001456738,0.33342212639571905,0.33342212639571905,70,False,0.13424488187168093,1.2364410552339167,0.1,7,4.0,5.0,0.1,2,0.0,2,-0.2338335041337,262144.0,2621440.0,2,0.08671875,333.42212639571903,0.103125,3.7907846689224245,108.86052638115167,10,2
2,1.0,0.0,0.0,0.0,100000000.0,0.0,0.0,0.0,0.0,0.0,159.84929993283004,0.22687638181033543,0.22687638181033543,70,False,0.1270000607289722,1.1697137865754799,0.1,5,4.0,5.0,0.1,2,0.0,2,-0.1769382212696538,262144.0,2621440.0,3,0.08671875,226.87638181033543,0.1015625,3.8156351447105408,69.98418186795898,10,2
2,1.0,0.0,0.0,0.0,100000000.0,0.0,0.0,0.6,3.0,0.0,261.79699995554984,0.3625192442343535,0.3625192442343535,71,False,0.1731883162735889,1.5951233413292158,0.1,8,4.0,5.0,0.1,2,0.0,2,-0.2678537802539712,262144.0,2621440.0,1,,362.5192442343535,0.0953125,3.7988479375839233,100.72224427880366,10,2
2,1.0,0.0,0.0,0.0,100000000.0,0.0,0.0,0.2,1.0,0.0,190.27080002706498,0.24476938379269392,0.24476938379269392,71,False,0.11592383541885068,1.0676979814325631,0.1,6,4.0,5.0,0.1,2,0.0,2,-0.1803466096057723,262144.0,2621440.0,2,,244.76938379269393,0.0625,3.996289598941803,88.2812581723228,10,2
2,1.0,0.0,0.0,0.0,100000000.0,0.0,0.0,0.2,1.0,0.0,190.3220999520272,0.24600792554630752,0.24600792554630752,71,False,0.1309691138514021,1.206270116787514,0.1,6,4.0,5.0,0.1,2,0.0,2,-0.18848851969885483,262144.0,2621440.0,3,,246.00792554630752,0.0859375,3.882081484794617,111.50878221910989,10,2
2,1.0,0.0,0.0,0.0,100000000.0,0.0,0.0,0.8,4.0,0.0,290.72750004706904,0.34545178163209855,0.34545178163209855,72,False,0.22946089170133163,2.1134129146264296,0.1,9,4.0,5.0,0.1,2,0.0,2,-0.2874563366667151,262144.0,2621440.0,1,,345.4517816320986,0.1203125,3.631278419494629,71.34803802294364,10,2
2,1.0,0.0,0.0,0.0,100000000.0,0.0,0.0,0.8,4.0,0.0,288.36840006988496,0.36391560182648724,0.36391560182648724,72,False,0.21337170106011874,1.9652259925112452,0.1,9,4.0,5.0,0.1,2,0.0,2,-0.288643651443303,262144.0,2621440.0,2,,363.91560182648726,0.1296875,3.7806563317775725,75.54720175660228,10,2
2,1.0,0.0,0.0,0.0,100000000.0,0.0,0.0,0.4,2.0,0.0,224.50869996100664,0.3205081272473112,0.3205081272473112,72,False,0.14358570817367117,1.3224732448307543,0.1,7,4.0,5.0,0.1,2,0.0,2,-0.23204691771049119,262144.0,2621440.0,3,,320.5081272473112,0.1,3.7715363562107087,95.99942728630457,10,2
2,1.0,0.0,0.0,0.0,100000000.0,0.0,0.0,0.4,2.0,0.0,224.22029997687787,0.34090794138942215,0.34090794138942215,73,False,0.16186308894854867,1.4908141428755899,0.1,7,4.0,5.0,0.1,2,0.0,2,-0.25138551516898544,262144.0,2621440.0,1,,340.90794138942215,0.140625,3.6149903893470765,116.68764141254425,10,2
2,1.0,0.0,0.0,0.0,100000000.0,0.0,0.0,0.2,1.0,0.0,190.5087999184616,0.2499470717828283,0.2499470717828283,73,False,0.11584205141059263,1.066944722879522,0.1,6,4.0,5.0,0.1,2,0.0,2,-0.18289456159671047,262144.0,2621440.0,2,,249.9470717828283,0.1171875,3.7682314276695252,93.25119894703803,10,2
2,1.0,0.0,0.0,0.0,100000000.0,0.0,0.0,0.2,1.0,0.0,189.90889994893223,0.7688471375400893,0.7688471375400893,73,False,0.12487206883931905,1.1501142569629694,0.1,6,4.0,5.0,0.1,2,0.0,2,-0.44685960318970414,262144.0,2621440.0,3,,768.8471375400893,0.121875,3.723940169811249,648.7555375457503,10,2
2,1.0,0.0,0.0,0.0,100000000.0,0.0,0.0,0.4,2.0,0.0,225.58500000741333,0.32557097492783293,0.32557097492783293,74,False,0.15043867320389717,1.3855913853163857,0.1,7,4.0,5.0,0.1,2,0.0,2,-0.23800482406586504,262144.0,2621440.0,1,,325.57097492783294,0.13125,3.584750312566757,99.9859749204196,10,2
2,1.0,0.0,0.0,0.0,100000000.0,0.0,0.0,0.4,2.0,0.0,224.04110000934452,0.4055950552739557,0.4055950552739557,74,False,0.13352072689019834,1.2297713413723999,0.1,7,4.0,5.0,0.1,2,0.0,2,-0.269557891082077,262144.0,2621440.0,2,,405.59505527395567,0.0921875,3.902287799119949,181.55395526461112,10,2
2,1.0,0.0,0.0,0.0,100000000.0,0.0,0.0,0.2,1.0,0.0,188.3536999230273,0.33327526347728376,0.33327526347728376,74,False,0.13406783234841618,1.234810368861952,0.1,6,4.0,5.0,0.1,2,0.0,2,-0.23367154791284997,262144.0,2621440.0,3,,333.2752634772838,0.1078125,3.7865389466285704,144.92156355425644,10,2
2,1.0,0.0,0.0,0.0,100000000.0,0.0,0.0,0.4,2.0,0.0,225.1486000022851,0.32222590487134306,0.32222590487134306,75,False,0.15889899760217355,1.4635138526818459,0.1,7,4.0,5.0,0.1,2,0.0,2,-0.2405624512367583,262144.0,2621440.0,1,,322.22590487134306,0.128125,3.5642745435237884,97.07730486905794,10,2
2,1.0,0.0,0.0,0.0,100000000.0,0.0,0.0,0.2,1.0,0.0,190.2542000170797,0.2439019925139218,0.2439019925139218,75,False,0.12082917178849806,1.1128777990360494,0.1,6,4.0,5.0,0.1,2,0.0,2,-0.18236558215120993,262144.0,2621440.0,2,,243.9019925139218,0.1171875,3.6546265959739683,89.40732299386924,10,2
2,1.0,0.0,0.0,0.0,100000000.0,0.0,0.0,0.4,2.0,0.0,224.6798999258317,0.3033339284647726,0.3033339284647726,75,False,0.137985809018954,1.2708962675670674,0.1,7,4.0,5.0,0.1,2,0.0,2,-0.22065986874186327,262144.0,2621440.0,3,,303.3339284647726,0.090625,3.803656315803528,78.65402853894086,10,2
2,1.0,0.0,0.0,0.0,100000000.0,0.0,0.0,0.2,1.0,0.0,187.60940001811832,0.264917662909287,0.264917662909287,76,False,0.14199738710558643,1.3078442671737132,0.1,6,4.0,5.0,0.1,2,0.0,2,-0.2034575250074367,262144.0,2621440.0,1,,264.917662909287,0.128125,3.6515986800193785,77.30826289116864,10,2
2,1.0,0.0,0.0,0.0,100000000.0,0.0,0.0,0.0,0.0,0.0,158.9229999226518,0.4734028533322615,0.4734028533322615,76,False,0.11298574158303565,1.0406371371599015,0.1,5,4.0,5.0,0.1,2,0.0,2,-0.2931942974576486,262144.0,2621440.0,2,,473.4028533322615,0.115625,3.776951551437378,316.183253283414,10,2
2,1.0,0.0,0.0,0.0,100000000.0,0.0,0.0,0.2,1.0,0.0,190.0712000206113,0.2425366666913388,0.2425366666913388,76,False,0.12381732404262513,1.1403996983798477,0.1,6,4.0,5.0,0.1,2,0.0,2,-0.18317699536698195,262144.0,2621440.0,3,,242.5366666913388,0.1390625,3.6997149348258973,89.45250182798058,10,2
2,1.0,0.0,0.0,0.0,100000000.0,0.0,0.0,0.2,1.0,0.0,189.4024999346584,0.24402620110749734,0.24402620110749734,77,False,0.13985204983046123,1.2880849806571222,0.1,6,4.0,5.0,0.1,2,0.0,2,-0.1919391254689793,262144.0,2621440.0,1,,244.02620110749734,0.125,3.6362131595611573,95.87986442554113,10,2
2,1.0,0.0,0.0,0.0,100000000.0,0.0,0.0,0.8,4.0,0.0,289.5002000150271,0.3621273085035145,0.3621273085035145,77,False,0.19576302645213375,1.803044105872329,0.1,9,4.0,5.0,0.1,2,0.0,2,-0.2789451674778241,262144.0,2621440.0,2,,362.1273085035145,0.128125,3.7770476937294006,72.62710848848742,10,2
2,1.0,0.0,0.0,0.0,100000000.0,0.0,0.0,0.2,1.0,0.0,188.17749997833744,0.2577761492360814,0.2577761492360814,77,False,0.13428661926080382,1.2368254707939759,0.1,6,4.0,5.0,0.1,2,0.0,2,-0.1960313842484426,262144.0,2621440.0,3,,257.7761492360814,0.1375,3.752984654903412,69.59864925774396,10,2
2,1.0,0.0,0.0,0.0,100000000.0,0.0,0.0,0.0,0.0,0.0,159.11299997242168,0.4033073529640335,0.4033073529640335,78,False,0.15707593198427797,1.4467227978205803,0.1,5,4.0,5.0,0.1,2,0.0,2,-0.28019164247415573,262144.0,2621440.0,1,,403.30735296403356,0.1171875,3.6755375266075134,245.93675298775838,10,2
2,1.0,0.0,0.0,0.0,100000000.0,0.0,0.0,0.2,1.0,0.0,187.17749993083999,0.28300211695521343,0.28300211695521343,78,False,0.11824273418063674,1.0890558283167668,0.1,6,4.0,5.0,0.1,2,0.0,2,-0.2006224255679251,262144.0,2621440.0,2,,283.0021169552134,0.10625,3.8014510750770567,95.82461702437344,10,2
2,1.0,0.0,0.0,0.0,100000000.0,0.0,0.0,0.8,4.0,0.0,288.68099994724616,0.3616029364629856,0.3616029364629856,78,False,0.2643251621879603,2.4345247126289236,0.1,9,4.0,5.0,0.1,2,0.0,2,-0.31296404932547295,262144.0,2621440.0,3,,361.60293646298555,0.13125,3.7329513132572174,72.9219365157394,10,2
2,1.0,0.0,0.0,0.0,100000000.0,0.0,0.0,0.6,3.0,0.0,260.56480006081983,0.3474379221581175,0.3474379221581175,79,False,0.18457353007643662,1.6999850356611645,0.1,8,4.0,5.0,0.1,2,0.0,2,-0.266005726117277,262144.0,2621440.0,1,,347.4379221581175,0.1125,3.7267303466796875,86.87312209729765,10,2
2,1.0,0.0,0.0,0.0,100000000.0,0.0,0.0,0.6,3.0,0.0,261.2117000389844,0.3557148961153095,0.3557148961153095,79,False,0.1466282106727606,1.3504957284299561,0.1,8,4.0,5.0,0.1,2,0.0,2,-0.2511715533940351,262144.0,2621440.0,2,,355.7148961153095,0.0953125,3.85922486782074,94.50319607632505,10,2
2,1.0,0.0,0.0,0.0,100000000.0,0.0,0.0,0.4,2.0,0.0,225.00029992079362,0.3301857127529089,0.3301857127529089,79,False,0.14241042042832022,1.3116484446610595,0.1,7,4.0,5.0,0.1,2,0.0,2,-0.23629806659061459,262144.0,2621440.0,3,,330.1857127529089,0.146875,3.6520820260047913,105.18541283211529,10,2
2,1.0,0.0,0.0,0.0,100000000.0,0.0,0.0,0.2,1.0,0.0,188.41959995916113,0.25251516431631826,0.25251516431631826,80,False,0.14028277953399756,1.2920521478350122,0.1,6,4.0,5.0,0.1,2,0.0,2,-0.19639897192515793,262144.0,2621440.0,1,0.0953125,252.51516431631828,0.103125,3.7169553875923156,64.09556435715714,10,2
2,1.0,0.0,0.0,0.0,100000000.0,0.0,0.0,0.4,2.0,0.0,224.97340000700206,0.2990254616151406,0.2990254616151406,80,False,0.12426351017709628,1.1445092245475832,0.1,7,4.0,5.0,0.1,2,0.0,2,-0.21164448589611845,262144.0,2621440.0,2,0.0953125,299.0254616151406,0.08125,3.769102489948273,74.05206160813856,10,2
2,1.0,0.0,0.0,0.0,100000000.0,0.0,0.0,0.2,1.0,0.0,187.95860005775467,0.33217446742963375,0.33217446742963375,80,False,0.1303752576537356,1.2008004990749979,0.1,6,4.0,5.0,0.1,2,0.0,2,-0.23127486254168467,262144.0,2621440.0,3,0.0953125,332.17446742963375,0.10625,3.696578013896942,144.21586737187906,10,2
2,1.0,0.0,0.0,0.0,100000000.0,0.0,0.0,0.4,2.0,0.0,223.8349000690505,0.31643491779407024,0.31643491779407024,81,False,0.15657830636605663,1.442139496498947,0.1,7,4.0,5.0,0.1,2,0.0,2,-0.23650661208006343,262144.0,2621440.0,1,,316.43491779407026,0.1125,3.7644289910793303,92.60001772501974,10,2
2,1.0,0.0,0.0,0.0,100000000.0,0.0,0.0,0.4,2.0,0.0,225.38590006297454,0.37965676857892927,0.37965676857892927,81,False,0.12978504339235541,1.195364424835292,0.1,7,4.0,5.0,0.1,2,0.0,2,-0.25472090598564234,262144.0,2621440.0,2,,379.65676857892925,0.1109375,3.9002003729343415,154.27086851595476,10,2
2,1.0,0.0,0.0,0.0,100000000.0,0.0,0.0,0.6,3.0,0.0,263.20809993194416,0.32285387252178305,0.32285387252178305,81,False,0.14309587601272958,1.3179617239033417,0.1,8,4.0,5.0,0.1,2,0.0,2,-0.23297487426725633,262144.0,2621440.0,3,,322.85387252178305,0.109375,3.904599928855896,75.03122937416619,10,2
2,1.0,0.0,0.0,0.0,100000000.0,0.0,0.0,0.6,3.0,0.0,261.68529997812584,0.3563203134782846,0.3563203134782846,82,False,0.17887858583596764,1.6475326608070198,0.1,8,4.0,5.0,0.1,2,0.0,2,-0.2675994496571261,262144.0,2621440.0,1,,356.32031347828456,0.1203125,3.6551854610443115,94.63501350015872,10,2
2,1.0,0.0,0.0,0.0,100000000.0,0.0,0.0,0.4,2.0,0.0,225.08329997071996,0.3024260631099423,0.3024260631099423,82,False,0.13654160741959442,1.2575946792712134,0.1,7,4.0,5.0,0.1,2,0.0,2,-0.21948383526476836,262144.0,2621440.0,2,,302.4260631099423,0.1296875,3.6988765776157377,77.34276313922233,10,2
2,1.0,0.0,0.0,0.0,100000000.0,0.0,0.0,0.0,0.0,0.0,158.1282999832183,0.22791579318623997,0.22791579318623997,82,False,0.13236920401980293,1.219165423789943,0.1,5,4.0,5.0,0.1,2,0.0,2,-0.18014249860302145,262144.0,2621440.0,3,,227.91579318623997,0.1296875,3.6778727769851685,70.48419321114204,10,2
2,1.0,0.0,0.0,0.0,100000000.0,0.0,0.0,0.4,2.0,0.0,224.77939998498186,0.31489633069014045,0.31489633069014045,83,False,0.1474699284949936,1.3582482360698807,0.1,7,4.0,5.0,0.1,2,0.0,2,-0.23118312959256704,262144.0,2621440.0,1,,314.8963306901405,0.1484375,3.5013631939888,90.1169307051586,10,2
2,1.0,0.0,0.0,0.0,100000000.0,0.0,0.0,0.2,1.0,0.0,188.36529995314777,0.2836834590150313,0.2836834590150313,83,False,0.12049460682101076,1.1097963418089523,0.1,6,4.0,5.0,0.1,2,0.0,2,-0.20208903291802102,262144.0,2621440.0,2,,283.6834590150313,0.1375,3.699270749092102,95.31815906188349,10,2
2,1.0,0.0,0.0,0.0,100000000.0,0.0,0.0,0.6,3.0,0.0,261.3156999577768,0.3423534125658148,0.3423534125658148,83,False,0.14683724196590656,1.3524209777882248,0.1,8,4.0,5.0,0.1,2,0.0,2,-0.2445953272658607,262144.0,2621440.0,3,,342.35341256581484,0.1359375,3.6228219866752625,81.03771260803798,10,2
2,1.0,0.0,0.0,0.0,100000000.0,0.0,0.0,0.2,1.0,0.0,188.11609991826117,0.332505144166117,0.332505144166117,84,False,0.13694968088779655,1.2613531748101277,0.1,6,4.0,5.0,0.1,2,0.0,2,-0.23472741252695678,262144.0,2621440.0,1,,332.50514416611696,0.1296875,3.581342673301697,144.38904424785582,10,2
2,1.0,0.0,0.0,0.0,100000000.0,0.0,0.0,0.2,1.0,0.0,190.00669999513775,0.2929137271013379,0.2929137271013379,84,False,0.11319243295005978,1.0425408350021428,0.1,6,4.0,5.0,0.1,2,0.0,2,-0.20305308002569883,262144.0,2621440.0,2,,292.9137271013379,0.1109375,3.774918723106384,168.20762712734634,10,2
2,1.0,0.0,0.0,0.0,100000000.0,0.0,0.0,0.0,0.0,0.0,159.10719998646528,0.22951775463211457,0.22951775463211457,84,False,0.12710610291325872,1.1706904711865465,0.1,5,4.0,5.0,0.1,2,0.0,2,-0.17831192877268665,262144.0,2621440.0,3,,229.51775463211456,0.125,3.706481009721756,72.26315460779811,10,2
2,1.0,0.0,0.0,0.0,100000000.0,0.0,0.0,0.2,1.0,0.0,190.30990003375337,0.2439963863234632,0.2439963863234632,85,False,0.14858274518230824,1.3684976565316633,0.1,6,4.0,5.0,0.1,2,0.0,2,-0.19628956575288573,262144.0,2621440.0,1,,243.9963863234632,0.1265625,3.588420367240906,104.41644526841519,10,2
2,1.0,0.0,0.0,0.0,100000000.0,0.0,0.0,0.2,1.0,0.0,188.47610004013404,0.4332582628295619,0.4332582628295619,85,False,0.12104223567124692,1.1148401899171412,0.1,6,4.0,5.0,0.1,2,0.0,2,-0.27715024925040443,262144.0,2621440.0,2,,433.25826282956194,0.103125,3.8403422713279722,244.78216278942787,10,2
2,1.0,0.0,0.0,0.0,100000000.0,0.0,0.0,0.6,3.0,0.0,266.1703999619931,0.3392266955572935,0.3392266955572935,85,False,0.1567415029527141,1.4436425926096068,0.1,8,4.0,5.0,0.1,2,0.0,2,-0.2479840992550038,262144.0,2621440.0,3,,339.2266955572935,0.1359375,3.627373957633972,73.05629559530043,10,2
2,1.0,0.0,0.0,0.0,100000000.0,0.0,0.0,0.0,0.0,0.0,159.20269989874214,0.270921375217593,0.270921375217593,86,False,0.14070546603303918,1.2959452343618243,0.1,5,4.0,5.0,0.1,2,0.0,2,-0.2058134206253161,262144.0,2621440.0,1,,270.92137521759304,0.171875,3.4488895535469055,113.85927514566737,10,2
2,1.0,0.0,0.0,0.0,100000000.0,0.0,0.0,0.8,4.0,0.0,289.526000036858,0.37128122157794285,0.37128122157794285,86,False,0.21337170106011874,1.9652259925112452,0.1,9,4.0,5.0,0.1,2,0.0,2,-0.2923264613190308,262144.0,2621440.0,2,,371.28122157794286,0.1171875,3.6878214538097382,81.75522154108484,10,2
2,1.0,0.0,0.0,0.0,100000000.0,0.0,0.0,0.6,3.0,0.0,261.1641999683343,0.3282218284283396,0.3282218284283396,86,False,0.14309587601272958,1.3179617239033417,0.1,8,4.0,5.0,0.1,2,0.0,2,-0.23565885222053456,262144.0,2621440.0,3,,328.22182842833956,0.134375,3.7423613548278807,67.05762846000529,10,2
2,1.0,0.0,0.0,0.0,100000000.0,0.0,0.0,0.2,1.0,0.0,189.55800001276657,0.25037967433043706,0.25037967433043706,87,False,0.13694968088779655,1.2613531748101277,0.1,6,4.0,5.0,0.1,2,0.0,2,-0.19366467760911682,262144.0,2621440.0,1,,250.37967433043707,0.14375,3.4199046015739443,81.26424626526712,10,2
2,1.0,0.0,0.0,0.0,100000000.0,0.0,0.0,0.8,4.0,0.0,289.0272999648005,0.39322920576192216,0.39322920576192216,87,False,0.21337170106011874,1.9652259925112452,0.1,9,4.0,5.0,0.1,2,0.0,2,-0.30330045341102047,262144.0,2621440.0,2,,393.2292057619222,0.1265625,3.650770717859268,104.20190579712168,10,2
2,1.0,0.0,0.0,0.0,100000000.0,0.0,0.0,0.6,3.0,0.0,263.2141000358388,0.3330079183988479,0.3330079183988479,87,False,0.14309587601272958,1.3179617239033417,0.1,8,4.0,5.0,0.1,2,0.0,2,-0.23805189720578873,262144.0,2621440.0,3,,333.0079183988479,0.1328125,3.704882550239563,100.28076028785934,10,2
2,1.0,0.0,0.0,0.0,100000000.0,0.0,0.0,0.2,1.0,0.0,189.38060000073165,0.24324789559675858,0.24324789559675858,88,False,0.13645312362627857,1.2567797134173708,0.1,6,4.0,5.0,0.1,2,0.0,2,-0.18985050961151856,262144.0,2621440.0,1,,243.24789559675858,0.1578125,3.4414833307266237,91.46068742242882,10,2
2,1.0,0.0,0.0,0.0,100000000.0,0.0,0.0,0.6,3.0,0.0,262.133999960497,0.37914819641064057,0.37914819641064057,88,False,0.14120578763986122,1.3005533666561093,0.1,8,4.0,5.0,0.1,2,0.0,2,-0.2601769920252509,262144.0,2621440.0,2,,379.1481964106406,0.1109375,3.738325524330139,117.01419645014357,10,2
2,1.0,0.0,0.0,0.0,100000000.0,0.0,0.0,0.2,1.0,0.0,190.01240003854036,0.26597921385404705,0.26597921385404705,88,False,0.13194691412584367,1.2152759901309325,0.1,6,4.0,5.0,0.1,2,0.0,2,-0.19896306398994534,262144.0,2621440.0,3,,265.97921385404703,0.0984375,3.663596034049988,89.51308833709695,10,2
2,1.0,0.0,0.0,0.0,100000000.0,0.0,0.0,0.2,1.0,0.0,187.65139993047342,0.2683474728171106,0.2683474728171106,89,False,0.14194370050667213,1.3073497953242985,0.1,6,4.0,5.0,0.1,2,0.0,2,-0.20514558666189137,262144.0,2621440.0,1,,268.3474728171106,0.1609375,3.483248233795166,80.69607288663713,10,2
2,1.0,0.0,0.0,0.0,100000000.0,0.0,0.0,0.0,0.0,0.0,159.09219993045554,0.2789868447089673,0.2789868447089673,89,False,0.11634268325739533,1.0715557125896258,0.1,5,4.0,5.0,0.1,2,0.0,2,-0.1976647639831813,262144.0,2621440.0,2,,278.9868447089673,0.14375,3.634883403778076,122.12924473901401,10,2
2,1.0,0.0,0.0,0.0,100000000.0,0.0,0.0,0.4,2.0,0.0,226.38780006673187,0.2792937441981337,0.2792937441981337,89,False,0.13340278181780862,1.2286850271104932,0.1,7,4.0,5.0,0.1,2,0.0,2,-0.20634826300797116,262144.0,2621440.0,3,,279.2937441981337,0.1390625,3.6059259116649627,72.69463064569007,10,2
2,1.0,0.0,0.0,0.0,100000000.0,0.0,0.0,0.4,2.0,0.0,224.35499995481223,0.34718850640221866,0.34718850640221866,90,False,0.14562599717654845,1.3412650010044538,0.1,7,4.0,5.0,0.1,2,0.0,2,-0.24640725178938355,262144.0,2621440.0,1,0.0875,347.18850640221865,0.1515625,3.520527559518814,122.8335064474064,10,2
2,1.0,0.0,0.0,0.0,100000000.0,0.0,0.0,0.0,0.0,0.0,159.32509989943355,0.41984284712377806,0.41984284712377806,90,False,0.11168018780436313,1.028612542484408,0.1,5,4.0,5.0,0.1,2,0.0,2,-0.2657615174640706,262144.0,2621440.0,2,0.0875,419.8428471237781,0.1359375,3.6321094036102295,262.9435471273387,10,2
2,1.0,0.0,0.0,0.0,100000000.0,0.0,0.0,0.4,2.0,0.0,224.73190003074706,0.29959250256123343,0.29959250256123343,90,False,0.16034254150760935,1.4768093833928013,0.1,7,4.0,5.0,0.1,2,0.0,2,-0.2299675220344214,262144.0,2621440.0,3,0.0875,299.59250256123346,0.1578125,3.5470767617225647,74.86060253048636,10,2
2,1.0,0.0,0.0,0.0,100000000.0,0.0,0.0,0.2,1.0,0.0,190.3866000357084,0.24533225280683757,0.24533225280683757,91,False,0.1571942864476516,1.4478128827127943,0.1,6,4.0,5.0,0.1,2,0.0,2,-0.20126326962724458,262144.0,2621440.0,1,,245.33225280683757,0.115625,3.707573413848877,76.66848081430201,10,2
2,1.0,0.0,0.0,0.0,100000000.0,0.0,0.0,0.8,4.0,0.0,288.38039992842823,0.35053370125898325,0.35053370125898325,91,False,0.18943107029477468,1.7447246344426217,0.1,9,4.0,5.0,0.1,2,0.0,2,-0.26998238577687894,262144.0,2621440.0,2,,350.5337012589832,0.109375,3.818929398059845,62.153301330555024,10,2
2,1.0,0.0,0.0,0.0,100000000.0,0.0,0.0,0.4,2.0,0.0,227.0139999454841,0.29513405279051763,0.29513405279051763,91,False,0.15311252212472246,1.410218443980428,0.1,7,4.0,5.0,0.1,2,0.0,2,-0.22412328745762006,262144.0,2621440.0,3,,295.1340527905176,0.1046875,3.806060254573822,112.79951660548852,10,2
2,1.0,0.0,0.0,0.0,100000000.0,0.0,0.0,0.4,2.0,0.0,226.5796999563463,0.2854576467616881,0.2854576467616881,92,False,0.15519136926456506,1.4293653337196874,0.1,7,4.0,5.0,0.1,2,0.0,2,-0.22032450801312659,262144.0,2621440.0,1,,285.4576467616881,0.1625,3.5427292823791503,112.72876654949576,10,2
2,1.0,0.0,0.0,0.0,100000000.0,0.0,0.0,0.2,1.0,0.0,188.08120005996898,0.2975586636783186,0.2975586636783186,92,False,0.1191320228133849,1.0972464793133068,0.1,6,4.0,5.0,0.1,2,0.0,2,-0.20834534324585177,262144.0,2621440.0,2,,297.5586636783186,0.1296875,3.6875940918922425,109.47746361834966,10,2
2,1.0,0.0,0.0,0.0,100000000.0,0.0,0.0,0.2,1.0,0.0,187.85299989394844,0.2817815523773311,0.2817815523773311,92,False,0.13821164665224075,1.27297630903844,0.1,6,4.0,5.0,0.1,2,0.0,2,-0.20999659951478594,262144.0,2621440.0,3,,281.7815523773311,0.1609375,3.6982091426849366,93.92855248338265,10,2
2,1.0,0.0,0.0,0.0,100000000.0,0.0,0.0,0.2,1.0,0.0,188.034399994649,0.26635229291394763,0.26635229291394763,93,False,0.14206596743966055,1.3084759153933596,0.1,6,4.0,5.0,0.1,2,0.0,2,-0.2042091301768041,262144.0,2621440.0,1,,266.3522929139476,0.1390625,3.503130626678467,78.31789291929866,10,2
2,1.0,0.0,0.0,0.0,100000000.0,0.0,0.0,0.6,3.0,0.0,261.09569997061044,0.35930169320416294,0.35930169320416294,93,False,0.15943483651190424,1.468449111425014,0.1,8,4.0,5.0,0.1,2,0.0,2,-0.2593682648580336,262144.0,2621440.0,2,,359.3016932041629,0.1453125,3.6548521876335145,98.20599323355253,10,2
2,1.0,0.0,0.0,0.0,100000000.0,0.0,0.0,0.6,3.0,0.0,261.18809991749004,0.3693351803190645,0.3693351803190645,93,False,0.1511792017773708,1.3924119055332518,0.1,8,4.0,5.0,0.1,2,0.0,2,-0.26025719104821765,262144.0,2621440.0,3,,369.3351803190645,0.153125,3.541184389591217,108.14708040157446,10,2
2,1.0,0.0,0.0,0.0,100000000.0,0.0,0.0,0.6,3.0,0.0,261.57079997938126,0.3314331405580384,0.3314331405580384,94,False,0.19684685437778277,1.8130265299722095,0.1,8,4.0,5.0,0.1,2,0.0,2,-0.2641399974679106,262144.0,2621440.0,1,,331.4331405580384,0.1734375,3.4522321224212646,69.86234057865711,10,2
2,1.0,0.0,0.0,0.0,100000000.0,0.0,0.0,0.6,3.0,0.0,261.83950004633516,0.3681140198103755,0.3681140198103755,94,False,0.14977058252352785,1.379438042750839,0.1,8,4.0,5.0,0.1,2,0.0,2,-0.25894230116695166,262144.0,2621440.0,2,,368.1140198103755,0.1234375,3.712533640861511,106.27451976404033,10,2
2,1.0,0.0,0.0,0.0,100000000.0,0.0,0.0,0.6,3.0,0.0,260.9587000333704,0.3783629576484112,0.3783629576484112,94,False,0.15094409030431713,1.3902464488410708,0.1,8,4.0,5.0,0.1,2,0.0,2,-0.26465352397636416,262144.0,2621440.0,3,,378.3629576484112,0.13125,3.594885861873627,117.40425761504078,10,2
2,1.0,0.0,0.0,0.0,100000000.0,0.0,0.0,0.2,1.0,0.0,187.8160999622196,0.26166905221581094,0.26166905221581094,95,False,0.14113240452808334,1.2998774832190803,0.1,6,4.0,5.0,0.1,2,0.0,2,-0.20140072837194714,262144.0,2621440.0,1,,261.66905221581095,0.1375,3.53621621131897,73.85295225359137,10,2
2,1.0,0.0,0.0,0.0,100000000.0,0.0,0.0,0.2,1.0,0.0,188.51530004758388,0.2644787411163039,0.2644787411163039,95,False,0.11638245016807129,1.0719219793724934,0.1,6,4.0,5.0,0.1,2,0.0,2,-0.1904305956421876,262144.0,2621440.0,2,,264.47874111630387,0.1421875,3.5975876688957213,75.96344106872002,10,2
2,1.0,0.0,0.0,0.0,100000000.0,0.0,0.0,0.4,2.0,0.0,224.21219997340813,0.30624047740958843,0.30624047740958843,95,False,0.14239219800482358,1.3114806099382532,0.1,7,4.0,5.0,0.1,2,0.0,2,-0.224316337707206,262144.0,2621440.0,3,,306.24047740958844,0.115625,3.6378121852874754,82.02827743618032,10,2
2,1.0,0.0,0.0,0.0,100000000.0,0.0,0.0,0.8,4.0,0.0,289.9603000259958,0.35391326239895826,0.35391326239895826,96,False,0.25297861569434227,2.3300191573762485,0.1,9,4.0,5.0,0.1,2,0.0,2,-0.3034459390466503,262144.0,2621440.0,1,,353.91326239895824,0.153125,3.5041254460811615,63.95296237296241,10,2
2,1.0,0.0,0.0,0.0,100000000.0,0.0,0.0,0.2,1.0,0.0,189.14180004503578,0.28099538982097105,0.28099538982097105,96,False,0.1191320228133849,1.0972464793133068,0.1,6,4.0,5.0,0.1,2,0.0,2,-0.200063706317178,262144.0,2621440.0,2,,280.99538982097107,0.1375,3.614331316947937,91.85358977593529,10,2
2,1.0,0.0,0.0,0.0,100000000.0,0.0,0.0,0.2,1.0,0.0,190.70290005765855,0.2604516945080058,0.2604516945080058,96,False,0.12676733691517156,1.1675703210377115,0.1,6,4.0,5.0,0.1,2,0.0,2,-0.1936095157115887,262144.0,2621440.0,3,,260.4516945080058,0.125,3.6840632438659666,107.76554460771781,10,2
2,1.0,0.0,0.0,0.0,100000000.0,0.0,0.0,0.6,3.0,0.0,262.55309995030984,0.32743246403639104,0.32743246403639104,97,False,0.1813346973227005,1.6701542835913499,0.1,8,4.0,5.0,0.1,2,0.0,2,-0.25438358067954575,262144.0,2621440.0,1,,327.432464036391,0.1625,3.536646831035614,127.31485077838403,10,2
2,1.0,0.0,0.0,0.0,100000000.0,0.0,0.0,0.0,0.0,0.0,159.01459992164746,0.21982430746777049,0.21982430746777049,97,False,0.1136899746690845,1.0471233635836186,0.1,5,4.0,5.0,0.1,2,0.0,2,-0.16675714106842748,262144.0,2621440.0,2,,219.8243074677705,0.11875,3.745998650789261,62.88670747073433,10,2
2,1.0,0.0,0.0,0.0,100000000.0,0.0,0.0,0.0,0.0,0.0,163.98610000032932,0.24077460754148444,0.24077460754148444,97,False,0.1250027440835403,1.1513178204404384,0.1,5,4.0,5.0,0.1,2,0.0,2,-0.1828886758125124,262144.0,2621440.0,3,,240.77460754148444,0.1421875,3.6018172204494476,83.77640760687892,10,2
2,1.0,0.0,0.0,0.0,100000000.0,0.0,0.0,0.6,3.0,0.0,260.7260000077076,0.3860847920261187,0.3860847920261187,98,False,0.1729317323273605,1.5927601158504674,0.1,8,4.0,5.0,0.1,2,0.0,2,-0.2795082621767396,262144.0,2621440.0,1,,386.0847920261187,0.1703125,3.3667766213417054,125.35879201841105,10,2
2,1.0,0.0,0.0,0.0,100000000.0,0.0,0.0,0.8,4.0,0.0,289.1572999651544,0.3566379537085985,0.3566379537085985,98,False,0.22565437185824,2.0783535712388743,0.1,9,4.0,5.0,0.1,2,0.0,2,-0.29114616278341926,262144.0,2621440.0,2,,356.6379537085985,0.1390625,3.66271653175354,67.48065374344414,10,2
2,1.0,0.0,0.0,0.0,100000000.0,0.0,0.0,0.2,1.0,0.0,188.51740000536665,0.3028032127982853,0.3028032127982853,98,False,0.13821164665224075,1.27297630903844,0.1,6,4.0,5.0,0.1,2,0.0,2,-0.22050742972526305,262144.0,2621440.0,3,,302.8032127982853,0.1515625,3.51470810174942,114.28581279291865,10,2
2,1.0,0.0,0.0,0.0,100000000.0,0.0,0.0,0.6,3.0,0.0,261.42340002115816,0.34369641233829507,0.34369641233829507,99,False,0.18809951356454332,1.732460543732595,0.1,8,4.0,5.0,0.1,2,0.0,2,-0.2658979629514192,262144.0,2621440.0,1,,343.6964123382951,0.1609375,3.4827432155609133,82.27301231713689,10,2
2,1.0,0.0,0.0,0.0,100000000.0,0.0,0.0,0.2,1.0,0.0,187.73530004546046,0.2634190476240027,0.2634190476240027,99,False,0.12239184832484329,1.1272705818270898,0.1,6,4.0,5.0,0.1,2,0.0,2,-0.192905447974423,262144.0,2621440.0,2,,263.4190476240027,0.1421875,3.7252482175827026,75.68374757854227,10,2
2,1.0,0.0,0.0,0.0,100000000.0,0.0,0.0,0.2,1.0,0.0,187.74059996940196,0.26104253061524707,0.26104253061524707,99,False,0.11551030154746093,1.0638891937217225,0.1,6,4.0,5.0,0.1,2,0.0,2,-0.188276416081354,262144.0,2621440.0,3,,261.0425306152471,0.146875,3.5510542392730713,73.30193064584515,10,2
7,1.0,0.0,0.0,0.0,100000000.0,0.0,0.0,0.5099019513592785,0.7284313590846836,0.0,92.48859999934211,0.15211257333501627,0.15211257333501627,100,False,0.34831225890297934,11.22826061079916,0.1,3,4.0,5.0,0.1,7,0.0,7,-0.2502124161189978,262144.0,2621440.0,1,0.1125,152.11257333501626,0.159375,3.4207701086997986,85.88886407262015,10,7
2,1.0,0.0,0.0,0.0,20000000.0,0.0,0.0,0.6,3.0,0.0,263.52949999272823,0.749452563623122,0.749452563623122,100,False,0.16546967477729754,1.5240320259391127,0.1,8,4.0,5.0,0.1,2,0.0,2,-0.45746111920020976,262144.0,2621440.0,2,0.1125,749.4525636231219,0.1296875,3.690420961380005,675.7586636614678,10,2
2,1.0,0.0,0.0,0.0,100000000.0,0.0,0.0,0.2,1.0,0.0,187.7987000043504,0.2694770371686743,0.2694770371686743,100,False,0.13694214890421239,1.2612838026776414,0.1,6,4.0,5.0,0.1,2,0.0,2,-0.20320959303644337,262144.0,2621440.0,3,0.1125,269.4770371686743,0.1640625,3.534107518196106,81.6783371643239,10,2
7,1.0,0.0,0.0,0.0,100000000.0,0.0,0.0,0.5099019513592785,0.7284313590846836,0.0,90.96930001396686,0.2400297858719131,0.2400297858719131,101,False,0.3414534915640905,11.007160074767402,0.1,3,4.0,5.0,0.1,7,0.0,7,-0.2907416387180018,262144.0,2621440.0,1,,240.0297858719131,0.153125,3.603702712059021,178.68328592408207,10,7
2,1.0,0.0,0.0,0.0,20000000.0,0.0,0.0,0.8,4.0,0.0,289.2158000031486,0.6247709840609046,0.6247709840609046,101,False,0.18943107029477468,1.7447246344426217,0.1,9,4.0,5.0,0.1,2,0.0,2,-0.40710102717783964,262144.0,2621440.0,2,,624.7709840609045,0.1078125,3.7754559934139253,335.5551840577559,10,2
2,1.0,0.0,0.0,0.0,100000000.0,0.0,0.0,0.2,1.0,0.0,187.63399997260422,0.2782620354009359,0.2782620354009359,101,False,0.13821164665224075,1.27297630903844,0.1,6,4.0,5.0,0.1,2,0.0,2,-0.20823684102658835,262144.0,2621440.0,3,,278.26203540093593,0.140625,3.603949558734894,90.62803542833171,10,2
7,1.0,0.0,0.0,0.0,100000000.0,0.0,0.0,0.5099019513592784,0.7284313590846835,0.0,91.35450003668666,0.15523566253257598,0.15523566253257598,102,False,0.3410195165983336,10.99317037475102,0.1,3,4.0,5.0,0.1,7,0.0,7,-0.2481275895654548,262144.0,2621440.0,1,,155.235662532576,0.16875,3.437839370965958,76.28263763555734,10,7
2,1.0,0.0,0.0,0.0,20000000.0,0.0,0.0,0.6,3.0,0.0,260.79079997725785,0.65231187443455,0.65231187443455,102,False,0.151878863188534,1.398856025275202,0.1,8,4.0,5.0,0.1,2,0.0,2,-0.40209536881154195,262144.0,2621440.0,2,,652.31187443455,0.1515625,3.582418704032898,391.5210744572922,10,2
2,1.0,0.0,0.0,0.0,100000000.0,0.0,0.0,0.4,2.0,0.0,224.72179995384067,0.3504080841606311,0.3504080841606311,102,False,0.15591685220578053,1.4360472785423442,0.1,7,4.0,5.0,0.1,2,0.0,2,-0.2531624681832058,262144.0,2621440.0,3,,350.40808416063106,0.15,3.637195920944214,125.68628420679043,10,2
7,1.0,0.0,0.0,0.0,100000000.0,0.0,0.0,0.34641016151377546,0.4948716593053935,0.0,75.95610001590103,0.14911851886882554,0.14911851886882554,103,False,0.33118474766000816,10.676134881845012,0.1,2,4.0,5.0,0.1,7,0.0,7,-0.24015163326441685,262144.0,2621440.0,1,,149.11851886882553,0.1390625,3.497986316680908,91.6737188281409,10,7
2,1.0,0.0,0.0,0.0,20000000.0,0.0,0.0,0.0,0.0,0.0,159.49199994793162,1.0589816258548945,1.0589816258548945,103,False,0.11295955556524023,1.040395955023019,0.1,5,4.0,5.0,0.1,2,0.0,2,-0.5859705907100674,262144.0,2621440.0,2,,1058.9816258548944,0.1296875,3.724772572517395,902.4807259234786,10,2
2,1.0,0.0,0.0,0.0,100000000.0,0.0,0.0,0.4,2.0,0.0,224.64209998724982,0.3159745712845086,0.3159745712845086,103,False,0.13158473756034023,1.2119402206878924,0.1,7,4.0,5.0,0.1,2,0.0,2,-0.22377965442242442,262144.0,2621440.0,3,,315.9745712845086,0.1703125,3.4764754831790925,91.33247129725879,10,2
7,1.0,0.0,0.0,0.0,100000000.0,0.0,0.0,0.34641016151377546,0.4948716593053935,0.0,73.57219990808517,0.13591389064868184,0.13591389064868184,104,False,0.34184933681191276,11.019920617902155,0.1,2,4.0,5.0,0.1,7,0.0,7,-0.23888161373029732,262144.0,2621440.0,1,,135.91389064868184,0.1640625,3.4952794551849364,62.75249949703668,10,7
2,1.0,0.0,0.0,0.0,20000000.0,0.0,0.0,0.0,0.0,0.0,159.04559998307377,0.6664034144493289,0.6664034144493289,104,False,0.11296167870068084,1.040415509823083,0.1,5,4.0,5.0,0.1,2,0.0,2,-0.3896825465750049,262144.0,2621440.0,2,,666.4034144493289,0.1453125,3.6271168291568756,509.8208144778855,10,2
2,1.0,0.0,0.0,0.0,100000000.0,0.0,0.0,0.0,0.0,0.0,159.42390001146123,0.32441903760683244,0.32441903760683244,104,False,0.12710610291325872,1.1706904711865465,0.1,5,4.0,5.0,0.1,2,0.0,2,-0.2257625702600456,262144.0,2621440.0,3,,324.41903760683243,0.1328125,3.540407747030258,167.30673756011285,10,2
7,1.0,0.0,0.0,0.0,100000000.0,0.0,0.0,0.34641016151377546,0.4948716593053935,0.0,73.37499997811392,0.18988172573143508,0.18988172573143508,105,False,0.3339908603916903,10.766593268678262,0.1,2,4.0,5.0,0.1,7,0.0,7,-0.2619362930615627,262144.0,2621440.0,1,,189.88172573143507,0.1484375,3.4982718229293823,133.6226258134831,10,7
2,1.0,0.0,0.0,0.0,20000000.0,0.0,0.0,0.2,1.0,0.0,190.37799997022375,0.6808769476099371,0.6808769476099371,105,False,0.12239184832484329,1.1272705818270898,0.1,6,4.0,5.0,0.1,2,0.0,2,-0.4016343979673902,262144.0,2621440.0,2,,680.8769476099371,0.16875,3.613073670864105,560.1702475885361,10,2
2,1.0,0.0,0.0,0.0,100000000.0,0.0,0.0,0.2,1.0,0.0,187.6907999976538,0.2603388234667121,0.2603388234667121,105,False,0.12212617619377705,1.1248236510726215,0.1,6,4.0,5.0,0.1,2,0.0,2,-0.1912324998302446,262144.0,2621440.0,3,,260.3388234667121,0.15,3.5267900466918944,72.64802346905829,10,2
7,1.0,0.0,0.0,0.0,100000000.0,0.0,0.0,0.34641016151377546,0.4948716593053935,0.0,73.0561000527814,0.14790214561171944,0.14790214561171944,106,False,0.3366722711292842,10.853031738174353,0.1,2,4.0,5.0,0.1,7,0.0,7,-0.24228720837050183,262144.0,2621440.0,1,,147.90214561171945,0.1703125,3.3264420866966247,74.84964558635022,10,7
2,1.0,0.0,0.0,0.0,20000000.0,0.0,0.0,0.6,3.0,0.0,261.08409999869764,0.8359696184392423,0.8359696184392423,106,False,0.14120578763986122,1.3005533666561093,0.1,8,4.0,5.0,0.1,2,0.0,2,-0.4885877030395518,262144.0,2621440.0,2,,835.9696184392424,0.175,3.5126426458358764,574.8855184405447,10,2
2,1.0,0.0,0.0,0.0,100000000.0,0.0,0.0,0.0,0.0,0.0,160.61440005432814,0.24469184860276322,0.24469184860276322,106,False,0.12396008289580575,1.141714556008754,0.1,5,4.0,5.0,0.1,2,0.0,2,-0.18432596574928448,262144.0,2621440.0,3,,244.69184860276323,0.1390625,3.606616884469986,88.19004860628661,10,2
7,1.0,0.0,0.0,0.0,100000000.0,0.0,0.0,0.34641016151377546,0.4948716593053935,0.0,73.27990006888285,0.14126928498189747,0.14126928498189747,107,False,0.34007484103315827,10.962717632513781,0.1,2,4.0,5.0,0.1,7,0.0,7,-0.24067206300752786,262144.0,2621440.0,1,,141.26928498189747,0.1453125,3.5055265545845034,85.43680220198455,10,7
2,1.0,0.0,0.0,0.0,20000000.0,0.0,0.0,0.0,0.0,0.0,158.79560000030324,0.575695940525553,0.575695940525553,107,False,0.1103968779172069,1.0167928216209767,0.1,5,4.0,5.0,0.1,2,0.0,2,-0.3430464092213799,262144.0,2621440.0,2,,575.6959405255529,0.14375,3.557823419570923,418.7029405141275,10,2
2,1.0,0.0,0.0,0.0,100000000.0,0.0,0.0,0.2,1.0,0.0,188.58820002060384,0.26205080202932735,0.26205080202932735,107,False,0.1309691138514021,1.206270116787514,0.1,6,4.0,5.0,0.1,2,0.0,2,-0.19650995794036474,262144.0,2621440.0,3,,262.0508020293274,0.165625,3.559656012058258,73.46260200872351,10,2
7,1.0,0.0,0.0,0.0,100000000.0,0.0,0.0,0.5099019513592785,0.7284313590846836,0.0,90.99460009019822,0.16965406208772882,0.16965406208772882,108,False,0.3444192598975877,11.102765150123183,0.1,3,4.0,5.0,0.1,7,0.0,7,-0.25703666099265826,262144.0,2621440.0,1,,169.65406208772882,0.159375,3.422352111339569,110.47656212475819,10,7
2,1.0,0.0,0.0,0.0,20000000.0,0.0,0.0,0.0,0.0,0.0,158.7137999595143,0.486264435225668,0.486264435225668,108,False,0.1152773823772871,1.0617439288852633,0.1,5,4.0,5.0,0.1,2,0.0,2,-0.30077090880147755,262144.0,2621440.0,2,,486.26443522566797,0.140625,3.6069363951683044,328.8647352024341,10,2
2,1.0,0.0,0.0,0.0,100000000.0,0.0,0.0,0.4,2.0,0.0,227.87910007173195,0.34185238631933174,0.34185238631933174,108,False,0.1656098464274686,1.5253230545476897,0.1,7,4.0,5.0,0.1,2,0.0,2,-0.2537311163734002,262144.0,2621440.0,3,,341.85238631933174,0.140625,3.637065535783768,113.9732862475998,10,2
7,1.0,0.0,0.0,0.0,100000000.0,0.0,0.0,0.34641016151377546,0.4948716593053935,0.0,76.22439996339381,0.19294092029604454,0.19294092029604454,109,False,0.33232448618685223,10.712875711030522,0.1,2,4.0,5.0,0.1,7,0.0,7,-0.2626327032414484,262144.0,2621440.0,1,,192.94092029604454,0.1578125,3.438005518913269,133.68022028162468,10,7
2,1.0,0.0,0.0,0.0,20000000.0,0.0,0.0,0.2,1.0,0.0,187.32690007891506,0.500421395245602,0.500421395245602,109,False,0.10556373069621837,0.9722778906478016,0.1,6,4.0,5.0,0.1,2,0.0,2,-0.3029925629709102,262144.0,2621440.0,2,,500.421395245602,0.165625,3.521289038658142,313.094495166687,10,2
2,1.0,0.0,0.0,0.0,100000000.0,0.0,0.0,0.6,3.0,0.0,261.97809987934306,0.3714121690062741,0.3714121690062741,109,False,0.1737085952197736,1.59991528751195,0.1,8,4.0,5.0,0.1,2,0.0,2,-0.27256038211302386,262144.0,2621440.0,3,,371.4121690062741,0.1390625,3.504929792881012,109.43406912693106,10,2
7,1.0,0.0,0.0,0.0,100000000.0,0.0,0.0,0.34641016151377546,0.4948716593053935,0.0,73.77920002909377,0.14697405754287754,0.14697405754287754,110,False,0.3422171787263504,11.031778440224828,0.1,2,4.0,5.0,0.1,7,0.0,7,-0.24459561813461395,262144.0,2621440.0,1,0.1265625,146.97405754287755,0.1828125,3.3305304110050202,77.1905576128236,10,7
2,1.0,0.0,0.0,0.0,20000000.0,0.0,0.0,0.2,1.0,0.0,189.696800080128,0.4817599379639572,0.4817599379639572,110,False,0.1194084157960588,1.099792152760159,0.1,6,4.0,5.0,0.1,2,0.0,2,-0.300584176880008,262144.0,2621440.0,2,0.1265625,481.7599379639572,0.121875,3.576095199584961,361.2104379754013,10,2
2,1.0,0.0,0.0,0.0,100000000.0,0.0,0.0,0.4,2.0,0.0,224.8420999967493,0.3048081553774217,0.3048081553774217,110,False,0.1484023703419642,1.366836342857554,0.1,7,4.0,5.0,0.1,2,0.0,2,-0.22660526285969296,262144.0,2621440.0,3,0.1265625,304.80815537742166,0.153125,3.551715761423111,79.96605538067239,10,2
7,1.0,0.0,0.0,0.0,100000000.0,0.0,0.0,0.34641016151377546,0.4948716593053935,0.0,75.67210006527603,0.18570969877327914,0.18570969877327914,111,False,0.3288902472304606,10.602168927055788,0.1,2,4.0,5.0,0.1,7,0.0,7,-0.2572999730018699,262144.0,2621440.0,1,,185.70969877327914,0.1484375,3.5925373792648316,120.31909876532042,10,7
2,1.0,0.0,0.0,0.0,20000000.0,0.0,0.0,0.2,1.0,0.0,187.8662999952212,0.49450906927111726,0.49450906927111726,111,False,0.11425684803203282,1.0523444602041794,0.1,6,4.0,5.0,0.1,2,0.0,2,-0.30438295865157505,262144.0,2621440.0,2,,494.50906927111726,0.140625,3.701552987098694,306.64276927589606,10,2
2,1.0,0.0,0.0,0.0,100000000.0,0.0,0.0,0.6,3.0,0.0,261.5220000152476,0.3276517435085526,0.3276517435085526,111,False,0.15115308621435808,1.3921713723088989,0.1,8,4.0,5.0,0.1,2,0.0,2,-0.23940241486145533,262144.0,2621440.0,3,,327.65174350855256,0.1109375,3.671493721008301,66.12974349330497,10,2
7,1.0,0.0,0.0,0.0,100000000.0,0.0,0.0,0.5099019513592785,0.7284313590846836,0.0,91.63089998764917,0.15007419938987623,0.15007419938987623,112,False,0.3444192598975877,11.102765150123183,0.1,3,4.0,5.0,0.1,7,0.0,7,-0.24724672964373196,262144.0,2621440.0,1,,150.07419938987624,0.1671875,3.3956050336360932,71.69624612539971,10,7
2,1.0,0.0,0.0,0.0,20000000.0,0.0,0.0,0.2,1.0,0.0,189.52879996504635,0.6316979764626156,0.6316979764626156,112,False,0.12246140881514563,1.1279112576192158,0.1,6,4.0,5.0,0.1,2,0.0,2,-0.37707969263888064,262144.0,2621440.0,2,,631.6979764626157,0.159375,3.542934775352478,511.49487649237545,10,2
2,1.0,0.0,0.0,0.0,100000000.0,0.0,0.0,0.4,2.0,0.0,224.17189995758235,0.3030457928181341,0.3030457928181341,112,False,0.1284983624641225,1.1835136555361365,0.1,7,4.0,5.0,0.1,2,0.0,2,-0.2157720776411283,262144.0,2621440.0,3,,303.0457928181341,0.1578125,3.5543477118015288,78.87389286055173,10,2
7,1.0,0.0,0.0,0.0,100000000.0,0.0,0.0,0.34641016151377546,0.4948716593053935,0.0,74.80759994359687,0.1701760642597448,0.1701760642597448,113,False,0.33871198503873856,10.918784345960704,0.1,2,4.0,5.0,0.1,7,0.0,7,-0.25444402464924165,262144.0,2621440.0,1,,170.1760642597448,0.1453125,3.4703461587429048,99.82336424468045,10,7
2,1.0,0.0,0.0,0.0,20000000.0,0.0,0.0,0.0,0.0,0.0,159.050100017339,0.5460016484100285,0.5460016484100285,113,False,0.11582940233976216,1.066828220631784,0.1,5,4.0,5.0,0.1,2,0.0,2,-0.3309155253748953,262144.0,2621440.0,2,,546.0016484100286,0.16875,3.5118113458156586,388.52644839397703,10,2
2,1.0,0.0,0.0,0.0,100000000.0,0.0,0.0,0.2,1.0,0.0,188.0389000289142,0.42348345985368485,0.42348345985368485,113,False,0.1303752576537356,1.2008004990749979,0.1,6,4.0,5.0,0.1,2,0.0,2,-0.2769293587537102,262144.0,2621440.0,3,,423.48345985368485,0.1484375,3.5198163032531737,235.44455982477066,10,2
7,1.0,0.0,0.0,0.0,100000000.0,0.0,0.0,0.34641016151377546,0.4948716593053935,0.0,74.05710004968569,0.13777246020073713,0.13777246020073713,114,False,0.33549267315950315,10.815005992361138,0.1,2,4.0,5.0,0.1,7,0.0,7,-0.23663256668012014,262144.0,2621440.0,1,,137.77246020073713,0.1703125,3.424966299533844,88.65506012263418,10,7
2,1.0,0.0,0.0,0.0,20000000.0,0.0,0.0,0.4,2.0,0.0,225.52830004133284,1.1283928899519091,1.1283928899519091,114,False,0.12057595033889269,1.1105455432956988,0.1,7,4.0,5.0,0.1,2,0.0,2,-0.624484420145401,262144.0,2621440.0,2,,1128.3928899519092,0.175,3.4641687154769896,1037.1013899292743,10,2
2,1.0,0.0,0.0,0.0,100000000.0,0.0,0.0,0.2,1.0,0.0,190.4751000693068,0.253365451473818,0.253365451473818,114,False,0.13746723649655823,1.2661200381282482,0.1,6,4.0,5.0,0.1,2,0.0,2,-0.19541634398518812,262144.0,2621440.0,3,,253.365451473818,0.153125,3.4726197004318236,94.39677645880793,10,2
7,1.0,0.0,0.0,0.0,100000000.0,0.0,0.0,0.5099019513592785,0.7284313590846836,0.0,91.20460000121966,0.15622586992506687,0.15622586992506687,115,False,0.34655781131982616,11.171703902879448,0.1,3,4.0,5.0,0.1,7,0.0,7,-0.2513918406224465,262144.0,2621440.0,1,,156.22586992506686,0.140625,3.3922684133052825,85.92010566047905,10,7
2,1.0,0.0,0.0,0.0,20000000.0,0.0,0.0,0.4,2.0,0.0,224.79090001434088,0.5929656238644448,0.5929656238644448,115,False,0.12789777947670222,1.1779820818003774,0.1,7,4.0,5.0,0.1,2,0.0,2,-0.36043170167057353,262144.0,2621440.0,2,,592.9656238644449,0.175,3.5958451628684998,368.174723850104,10,2
2,1.0,0.0,0.0,0.0,100000000.0,0.0,0.0,0.8,4.0,0.0,288.7221000273712,0.4509382183148587,0.4509382183148587,115,False,0.2643251621879603,2.4345247126289236,0.1,9,4.0,5.0,0.1,2,0.0,2,-0.3576316902514095,262144.0,2621440.0,3,,450.9382183148587,0.159375,3.562400096654892,162.2161182874875,10,2
7,1.0,0.0,0.0,0.0,100000000.0,0.0,0.0,0.34641016151377546,0.4948716593053935,0.0,72.6711000315845,0.15109429232224858,0.15109429232224858,116,False,0.3339273603546736,10.764546269337313,0.1,2,4.0,5.0,0.1,7,0.0,7,-0.24251082633846108,262144.0,2621440.0,1,,151.09429232224858,0.134375,3.5151929199695586,79.68319228066169,10,7
2,1.0,0.0,0.0,0.0,20000000.0,0.0,0.0,0.0,0.0,0.0,159.47329998016357,0.5055812440811454,0.5055812440811454,116,False,0.11589053824840843,1.0673913031593663,0.1,5,4.0,5.0,0.1,2,0.0,2,-0.3107358911647769,262144.0,2621440.0,2,,505.58124408114537,0.153125,3.6242400109767914,348.3390440348333,10,2
2,1.0,0.0,0.0,0.0,100000000.0,0.0,0.0,0.4,2.0,0.0,224.08949997043237,0.31482345914301596,0.31482345914301596,116,False,0.15311252212472246,1.410218443980428,0.1,7,4.0,5.0,0.1,2,0.0,2,-0.2339679906338692,262144.0,2621440.0,3,,314.82345914301595,0.1875,3.4639514684677124,90.73395917258361,10,2
7,1.0,0.0,0.0,0.0,100000000.0,0.0,0.0,0.34641016151377546,0.4948716593053935,0.0,73.38119996711612,0.13831802612478583,0.13831802612478583,117,False,0.3437572995316938,11.081426069133942,0.1,2,4.0,5.0,0.1,7,0.0,7,-0.24103766282823982,262144.0,2621440.0,1,,138.31802612478583,0.1375,3.4752431988716124,67.39772609510197,10,7
2,1.0,0.0,0.0,0.0,20000000.0,0.0,0.0,0.2,1.0,0.0,188.50970000494272,0.7460869116946844,0.7460869116946844,117,False,0.11911771911699176,1.0971147374009484,0.1,6,4.0,5.0,0.1,2,0.0,2,-0.4326023154058381,262144.0,2621440.0,2,,746.0869116946844,0.1578125,3.560273087024689,557.5772116897417,10,2
2,1.0,0.0,0.0,0.0,100000000.0,0.0,0.0,0.2,1.0,0.0,188.0661001196131,0.279429332539486,0.279429332539486,117,False,0.12844881146643528,1.183057273981666,0.1,6,4.0,5.0,0.1,2,0.0,2,-0.20393907200296063,262144.0,2621440.0,3,,279.429332539486,0.171875,3.4167162418365478,91.36323241987284,10,2
7,1.0,0.0,0.0,0.0,100000000.0,0.0,0.0,0.5099019513592785,0.7284313590846836,0.0,89.08869995502755,0.15084904212850936,0.15084904212850936,118,False,0.34887520685883283,11.246407908797076,0.1,3,4.0,5.0,0.1,7,0.0,7,-0.2498621244936711,262144.0,2621440.0,1,,150.84904212850935,0.1875,3.304687571525574,74.36084553073276,10,7
2,1.0,0.0,0.0,0.0,20000000.0,0.0,0.0,0.0,0.0,0.0,158.71469996636733,0.5045520810918582,0.5045520810918582,118,False,0.10842327929909891,0.9986153065905403,0.1,5,4.0,5.0,0.1,2,0.0,2,-0.30648768019547856,262144.0,2621440.0,2,,504.5520810918582,0.1484375,3.567991763353348,347.43338099640584,10,2
2,1.0,0.0,0.0,0.0,100000000.0,0.0,0.0,0.0,0.0,0.0,159.24109995830804,0.23909480779877862,0.23909480779877862,118,False,0.12578266281156458,1.1585011373880207,0.1,5,4.0,5.0,0.1,2,0.0,2,-0.1824387353051716,262144.0,2621440.0,3,,239.09480779877862,0.15,3.5375155806541443,81.821407922348,10,2
7,1.0,0.0,0.0,0.0,100000000.0,0.0,0.0,0.5099019513592785,0.7284313590846836,0.0,91.09040000475943,0.15419820358072978,0.15419820358072978,119,False,0.34302964777083295,11.057969347769655,0.1,3,4.0,5.0,0.1,7,0.0,7,-0.24861392567578136,262144.0,2621440.0,1,,154.19820358072977,0.159375,3.362199139595032,97.75970357730625,10,7
2,1.0,0.0,0.0,0.0,20000000.0,0.0,0.0,0.2,1.0,0.0,187.54159996751696,0.5835946048745695,0.5835946048745695,119,False,0.12001997050871999,1.1054247798198547,0.1,6,4.0,5.0,0.1,2,0.0,2,-0.3518072876916447,262144.0,2621440.0,2,,583.5946048745695,0.128125,3.5343319892883303,396.0530049070526,10,2
2,1.0,0.0,0.0,0.0,100000000.0,0.0,0.0,0.6,3.0,0.0,261.4214000059292,0.34656757861763293,0.34656757861763293,119,False,0.20236118182281676,1.8638153626635021,0.1,8,4.0,5.0,0.1,2,0.0,2,-0.27446438022022485,262144.0,2621440.0,3,,346.56757861763293,0.175,3.498159945011139,85.14617861170376,10,2
7,1.0,0.0,0.0,0.0,100000000.0,0.0,0.0,0.34641016151377546,0.4948716593053935,0.0,73.66050005657598,0.1595630450937452,0.1595630450937452,120,False,0.34095749436630596,10.991171014214403,0.1,2,4.0,5.0,0.1,7,0.0,7,-0.2502602697300256,262144.0,2621440.0,1,0.12421875,159.5630450937452,0.1796875,3.3884389817714693,85.90254503716919,10,7
2,1.0,0.0,0.0,0.0,20000000.0,0.0,0.0,0.2,1.0,0.0,188.01190005615354,0.5545924980216029,0.5545924980216029,120,False,0.11202869355336201,1.031822399054278,0.1,6,4.0,5.0,0.1,2,0.0,2,-0.33331059578748246,262144.0,2621440.0,2,0.12421875,554.592498021603,0.1328125,3.5845426321029663,366.5805979654494,10,2
2,1.0,0.0,0.0,0.0,100000000.0,0.0,0.0,0.2,1.0,0.0,189.77339996490628,0.24332512214715957,0.24332512214715957,120,False,0.13517180107700397,1.2449782966122633,0.1,6,4.0,5.0,0.1,2,0.0,2,-0.18924846161208175,262144.0,2621440.0,3,0.12421875,243.32512214715956,0.1453125,3.549579405784607,71.776161279907,10,2
7,1.0,0.0,0.0,0.0,100000000.0,0.0,0.0,0.5099019513592784,0.7284313590846835,0.0,89.85590003430843,0.15319642024076882,0.15319642024076882,121,False,0.34804836779204856,11.21975376646432,0.1,3,4.0,5.0,0.1,7,0.0,7,-0.2506223940164087,262144.0,2621440.0,1,,153.19642024076882,0.1359375,3.5532164573669434,95.06522021218541,10,7
2,1.0,0.0,0.0,0.0,20000000.0,0.0,0.0,0.2,1.0,0.0,190.45509997522458,1.0788187603956918,1.0788187603956918,121,False,0.11580670597197659,1.0666191793592714,0.1,6,4.0,5.0,0.1,2,0.0,2,-0.5973127331838342,262144.0,2621440.0,2,,1078.8187603956917,0.1328125,3.6551939725875853,958.5637604377132,10,2
2,1.0,0.0,0.0,0.0,100000000.0,0.0,0.0,0.6,3.0,0.0,261.6421999409795,0.34104152325993115,0.34104152325993115,121,False,0.20236118182281676,1.8638153626635021,0.1,8,4.0,5.0,0.1,2,0.0,2,-0.27170135254137395,262144.0,2621440.0,3,,341.0415232599311,0.146875,3.6404261469841,79.39932331895166,10,2
7,1.0,0.0,0.0,0.0,100000000.0,0.0,0.0,0.34641016151377546,0.4948716593053935,0.0,71.04449992766604,0.15131994607465005,0.15131994607465005,122,False,0.33411286664289946,10.77052628553227,0.1,2,4.0,5.0,0.1,7,0.0,7,-0.24271640635877476,262144.0,2621440.0,1,,151.31994607465003,0.1640625,3.349730855226517,81.18684616012162,10,7
2,1.0,0.0,0.0,0.0,20000000.0,0.0,0.0,0.0,0.0,0.0,159.48750003008172,0.6134330915220717,0.6134330915220717,122,False,0.11384988436043107,1.0485961862696982,0.1,5,4.0,5.0,0.1,2,0.0,2,-0.3636414879412514,262144.0,2621440.0,2,,613.4330915220717,0.165625,3.5656356811523438,456.68849153944126,10,2
2,1.0,0.0,0.0,0.0,100000000.0,0.0,0.0,0.2,1.0,0.0,189.80479997117072,0.2478523939650617,0.2478523939650617,122,False,0.1325666294111144,1.2209837788419924,0.1,6,4.0,5.0,0.1,2,0.0,2,-0.19020951168808806,262144.0,2621440.0,3,,247.8523939650617,0.15,3.516226899623871,83.629891255729,10,2
7,1.0,0.0,0.0,0.0,100000000.0,0.0,0.0,0.5099019513592784,0.7284313590846835,0.0,90.30229999916628,0.1410128211902459,0.1410128211902459,123,False,0.3477669631045763,11.210682351125707,0.1,3,4.0,5.0,0.1,7,0.0,7,-0.24438989214741108,262144.0,2621440.0,1,,141.01282119024592,0.171875,3.324445980787277,71.77881810294983,10,7
2,1.0,0.0,0.0,0.0,20000000.0,0.0,0.0,0.4,2.0,0.0,226.19479993591085,0.5903265398611539,0.5903265398611539,123,False,0.1277946605543831,1.1770323214270269,0.1,7,4.0,5.0,0.1,2,0.0,2,-0.35906060020776853,262144.0,2621440.0,2,,590.326539861154,0.1859375,3.416072446107864,502.18913987383627,10,2
2,1.0,0.0,0.0,0.0,100000000.0,0.0,0.0,0.4,2.0,0.0,224.936299957335,0.31823422136968044,0.31823422136968044,123,False,0.14239219800482358,1.3114806099382532,0.1,7,4.0,5.0,0.1,2,0.0,2,-0.230313209687252,262144.0,2621440.0,3,,318.2342213696804,0.1640625,3.4950151085853576,93.29792141234545,10,2
7,1.0,0.0,0.0,0.0,100000000.0,0.0,0.0,0.34641016151377546,0.4948716593053935,0.0,75.219499936793,0.13737336804430714,0.13737336804430714,124,False,0.33432211719716726,10.77727172642968,0.1,2,4.0,5.0,0.1,7,0.0,7,-0.2358477426207372,262144.0,2621440.0,1,,137.37336804430714,0.1734375,3.346594923734665,66.6333102476998,10,7
2,1.0,0.0,0.0,0.0,20000000.0,0.0,0.0,0.2,1.0,0.0,190.04630000563338,0.9403382598252777,0.9403382598252777,124,False,0.12054808693943798,1.1102889119028005,0.1,6,4.0,5.0,0.1,2,0.0,2,-0.5304431733823579,262144.0,2621440.0,2,,940.3382598252778,0.1984375,3.446079063415527,820.0361597996947,10,2
2,1.0,0.0,0.0,0.0,100000000.0,0.0,0.0,0.0,0.0,0.0,159.20979995280504,0.24454855921449678,0.24454855921449678,124,False,0.14016970325520364,1.2910106768193237,0.1,5,4.0,5.0,0.1,2,0.0,2,-0.1923591312348502,262144.0,2621440.0,3,,244.54855921449678,0.16875,3.4140001237392426,87.1873593097979,10,2
7,1.0,0.0,0.0,0.0,100000000.0,0.0,0.0,0.34641016151377546,0.4948716593053935,0.0,74.98669985216111,0.14957177462746107,0.14957177462746107,125,False,0.3383506846444801,10.90713739733393,0.1,2,4.0,5.0,0.1,7,0.0,7,-0.24396122963597058,262144.0,2621440.0,1,,149.57177462746108,0.15625,3.290203356742859,81.31923517356782,10,7
2,1.0,0.0,0.0,0.0,20000000.0,0.0,0.0,0.2,1.0,0.0,189.67740004882216,0.7075228670518715,0.7075228670518715,125,False,0.12239184832484329,1.1272705818270898,0.1,6,4.0,5.0,0.1,2,0.0,2,-0.4149573576883574,262144.0,2621440.0,2,,707.5228670518715,0.18125,3.5328193426132204,586.4673671685028,10,2
2,1.0,0.0,0.0,0.0,100000000.0,0.0,0.0,0.6,3.0,0.0,261.7120999493636,0.350330500121913,0.350330500121913,125,False,0.16315447305940556,1.5027082300875436,0.1,8,4.0,5.0,0.1,2,0.0,2,-0.2567424865906593,262144.0,2621440.0,3,,350.330500121913,0.1734375,3.359070122241974,88.61840017254943,10,2
7,1.0,0.0,0.0,0.0,100000000.0,0.0,0.0,0.5099019513592784,0.7284313590846835,0.0,91.1319000297226,0.16725112123330044,0.16725112123330044,126,False,0.35387098419520413,11.40745274271412,0.1,3,4.0,5.0,0.1,7,0.0,7,-0.2605610527142523,262144.0,2621440.0,1,,167.25112123330044,0.1625,3.3204189240932465,79.90922494648886,10,7
2,1.0,0.0,0.0,0.0,20000000.0,0.0,0.0,0.2,1.0,0.0,187.89519992424175,0.825420719847173,0.825420719847173,126,False,0.11725395716866154,1.0799488554844896,0.1,6,4.0,5.0,0.1,2,0.0,2,-0.47133733850791726,262144.0,2621440.0,2,,825.420719847173,0.1890625,3.4525641202926636,637.5255199229313,10,2
2,1.0,0.0,0.0,0.0,100000000.0,0.0,0.0,0.4,2.0,0.0,224.8247000388801,0.43929736236795114,0.43929736236795114,126,False,0.1461258025392673,1.3458683785148335,0.1,7,4.0,5.0,0.1,2,0.0,2,-0.29271158245360923,262144.0,2621440.0,3,,439.29736236795117,0.1984375,3.377821546792984,214.47266232907106,10,2
7,1.0,0.0,0.0,0.0,100000000.0,0.0,0.0,0.34641016151377546,0.4948716593053935,0.0,72.25660001859069,0.13503823044883134,0.13503823044883134,127,False,0.3383156461539306,10.906007889849645,0.1,2,4.0,5.0,0.1,7,0.0,7,-0.23667693830138098,262144.0,2621440.0,1,,135.03823044883134,0.153125,3.3646501660346986,76.21727077072595,10,7
2,1.0,0.0,0.0,0.0,20000000.0,0.0,0.0,0.2,1.0,0.0,187.57549999281764,0.6405917306262232,0.6405917306262232,127,False,0.12239184832484329,1.1272705818270898,0.1,6,4.0,5.0,0.1,2,0.0,2,-0.38149178947553325,262144.0,2621440.0,2,,640.5917306262232,0.15625,3.5818098545074464,453.01623063340554,10,2
2,1.0,0.0,0.0,0.0,100000000.0,0.0,0.0,0.2,1.0,0.0,188.0282000056468,0.2996467716460545,0.2996467716460545,127,False,0.12602114820767607,1.160697669059953,0.1,6,4.0,5.0,0.1,2,0.0,2,-0.2128339599268653,262144.0,2621440.0,3,,299.6467716460545,0.1625,3.4370943307876587,111.61857164040774,10,2
7,1.0,0.0,0.0,0.0,100000000.0,0.0,0.0,0.34641016151377546,0.4948716593053935,0.0,72.61609996203333,0.14036246301792826,0.14036246301792826,128,False,0.3367222639071063,10.85464331492394,0.1,2,4.0,5.0,0.1,7,0.0,7,-0.23854236346251728,262144.0,2621440.0,1,,140.36246301792826,0.171875,3.4350895047187806,83.93953741952014,10,7
2,1.0,0.0,0.0,0.0,20000000.0,0.0,0.0,0.0,0.0,0.0,159.08049995778129,0.5675089294424538,0.5675089294424538,128,False,0.10958020551877376,1.0092709908590094,0.1,5,4.0,5.0,0.1,2,0.0,2,-0.3385445674806138,262144.0,2621440.0,2,,567.5089294424538,0.15,3.5643140077590942,410.6260293380615,10,2
2,1.0,0.0,0.0,0.0,100000000.0,0.0,0.0,0.2,1.0,0.0,188.29969997750595,0.2638895836277088,0.2638895836277088,128,False,0.13809448259899287,1.2718971882286667,0.1,6,4.0,5.0,0.1,2,0.0,2,-0.20099203311335084,262144.0,2621440.0,3,,263.8895836277088,0.1421875,3.464710009098053,75.58988365020288,10,2
7,1.0,0.0,0.0,0.0,100000000.0,0.0,0.0,0.34641016151377546,0.4948716593053935,0.0,74.05860000289977,0.14605717199334659,0.14605717199334659,129,False,0.3380093439633644,10.896133873838357,0.1,2,4.0,5.0,0.1,7,0.0,7,-0.2420332579783555,262144.0,2621440.0,1,,146.05717199334657,0.1765625,3.3898671865463257,76.31447196651034,10,7
2,1.0,0.0,0.0,0.0,20000000.0,0.0,0.0,0.4,2.0,0.0,226.47309995954856,0.5350154723379472,0.5350154723379472,129,False,0.13654160741959442,1.2575946792712134,0.1,7,4.0,5.0,0.1,2,0.0,2,-0.3357785398787708,262144.0,2621440.0,2,,535.0154723379472,0.178125,3.450053423643112,431.0047585502298,10,2
2,1.0,0.0,0.0,0.0,100000000.0,0.0,0.0,0.4,2.0,0.0,224.83510000165552,0.3017877764321976,0.3017877764321976,129,False,0.13574703052918766,1.2502763556588605,0.1,7,4.0,5.0,0.1,2,0.0,2,-0.21876740348069262,262144.0,2621440.0,3,,301.78777643219763,0.203125,3.413356053829193,76.9526764305421,10,2
7,1.0,0.0,0.0,0.0,100000000.0,0.0,0.0,0.34641016151377546,0.4948716593053935,0.0,71.18299993453547,0.14701326140471999,0.14701326140471999,130,False,0.3288902472304606,10.602168927055788,0.1,2,4.0,5.0,0.1,7,0.0,7,-0.2379517543175903,262144.0,2621440.0,1,0.13359375,147.01326140472,0.171875,3.3925623476505278,89.32536137559717,10,7
2,1.0,0.0,0.0,0.0,20000000.0,0.0,0.0,0.0,0.0,0.0,158.589500002563,0.47284840376365544,0.47284840376365544,130,False,0.11421588906836996,1.0519672142075611,0.1,5,4.0,5.0,0.1,2,0.0,2,-0.2935321464160127,262144.0,2621440.0,2,0.13359375,472.8484037636554,0.1671875,3.485575169324875,315.70120380043596,10,2
2,1.0,0.0,0.0,0.0,100000000.0,0.0,0.0,0.2,1.0,0.0,188.11689992435277,0.3233564462111493,0.3233564462111493,130,False,0.13414828069132445,1.2355513254824988,0.1,6,4.0,5.0,0.1,2,0.0,2,-0.22875236345123687,262144.0,2621440.0,3,0.13359375,323.35644621114926,0.178125,3.4008238077163697,135.23954628679653,10,2
7,1.0,0.0,0.0,0.0,100000000.0,0.0,0.0,0.34641016151377546,0.4948716593053935,0.0,73.036499961745,0.1814993369177091,0.1814993369177091,131,False,0.3360724522132758,10.833695860851398,0.1,2,4.0,5.0,0.1,7,0.0,7,-0.25878589456549245,262144.0,2621440.0,1,,181.4993369177091,0.165625,3.4591081500053407,126.0846369101773,10,7
2,1.0,0.0,0.0,0.0,20000000.0,0.0,0.0,0.2,1.0,0.0,187.61469988385215,0.6469835805036177,0.6469835805036177,131,False,0.12207433835985394,1.1243462069780437,0.1,6,4.0,5.0,0.1,2,0.0,2,-0.3845289594317358,262144.0,2621440.0,2,,646.9835805036178,0.1453125,3.5745226621627806,459.3688806197656,10,2
2,1.0,0.0,0.0,0.0,100000000.0,0.0,0.0,0.0,0.0,0.0,159.08519993536174,0.23331852988294102,0.23331852988294102,131,False,0.12402844675421594,1.1423442104138535,0.1,5,4.0,5.0,0.1,2,0.0,2,-0.1786734883185785,262144.0,2621440.0,3,,233.31852988294102,0.1328125,3.639004737138748,75.72812986281477,10,2
7,1.0,0.0,0.0,0.0,100000000.0,0.0,0.0,0.34641016151377546,0.4948716593053935,0.0,72.98189989523962,0.1737378439273979,0.1737378439273979,132,False,0.3310181345150484,10.670763908630676,0.1,2,4.0,5.0,0.1,7,0.0,7,-0.2523779892212232,262144.0,2621440.0,1,,173.7378439273979,0.1890625,3.3168595016002653,115.8068439098369,10,7
2,1.0,0.0,0.0,0.0,20000000.0,0.0,0.0,0.2,1.0,0.0,187.50659993384033,0.6072621281177626,0.6072621281177626,132,False,0.11911771911699176,1.0971147374009484,0.1,6,4.0,5.0,0.1,2,0.0,2,-0.3631899236173772,262144.0,2621440.0,2,,607.2621281177626,0.2046875,3.4606960892677305,419.7555281839223,10,2
2,1.0,0.0,0.0,0.0,100000000.0,0.0,0.0,0.4,2.0,0.0,226.5004999935627,0.28954731003127276,0.28954731003127276,132,False,0.13497381497440125,1.2431547772183715,0.1,7,4.0,5.0,0.1,2,0.0,2,-0.212260562502837,262144.0,2621440.0,3,,289.5473100312728,0.1859375,3.4359235942363737,110.77727241409885,10,2
7,1.0,0.0,0.0,0.0,100000000.0,0.0,0.0,0.34641016151377546,0.4948716593053935,0.0,73.24210013030097,0.14985514414123519,0.14985514414123519,133,False,0.33869513570406573,10.91824118758488,0.1,2,4.0,5.0,0.1,7,0.0,7,-0.24427513992265046,262144.0,2621440.0,1,,149.85514414123517,0.16875,3.3990378260612486,98.16464414446872,10,7
2,1.0,0.0,0.0,0.0,20000000.0,0.0,0.0,0.2,1.0,0.0,187.48000002233312,0.8630595165983754,0.8630595165983754,133,False,0.10857502176230245,1.000012906325527,0.1,6,4.0,5.0,0.1,2,0.0,2,-0.48581726918033896,262144.0,2621440.0,2,,863.0595165983755,0.1703125,3.5274797916412353,675.5795165760424,10,2
2,1.0,0.0,0.0,0.0,100000000.0,0.0,0.0,0.2,1.0,0.0,190.12159999692813,0.24847214607303952,0.24847214607303952,133,False,0.13143352580321976,1.2105475089365685,0.1,6,4.0,5.0,0.1,2,0.0,2,-0.18995283593812964,262144.0,2621440.0,3,,248.4721460730395,0.1546875,3.4701273798942567,103.05176535020982,10,2
7,1.0,0.0,0.0,0.0,100000000.0,0.0,0.0,0.34641016151377546,0.4948716593053935,0.0,71.80380000500008,0.20593136059885916,0.20593136059885916,134,False,0.3378735085026417,10.891755055940916,0.1,2,4.0,5.0,0.1,7,0.0,7,-0.2719024345507504,262144.0,2621440.0,1,,205.93136059885916,0.19375,3.3455315113067625,135.28356054864895,10,7
2,1.0,0.0,0.0,0.0,20000000.0,0.0,0.0,0.0,0.0,0.0,159.27600004943088,0.5059407393762525,0.5059407393762525,134,False,0.11856669253553859,1.0920395950317583,0.1,5,4.0,5.0,0.1,2,0.0,2,-0.31225371595589557,262144.0,2621440.0,2,,505.9407393762525,0.1921875,3.419513761997223,349.1520392906536,10,2
2,1.0,0.0,0.0,0.0,100000000.0,0.0,0.0,0.2,1.0,0.0,189.29549993481487,0.24330236189917545,0.24330236189917545,134,False,0.12910016399562513,1.1890564524776523,0.1,6,4.0,5.0,0.1,2,0.0,2,-0.1862012629474003,262144.0,2621440.0,3,,243.30236189917545,0.1640625,3.415258324146271,97.75144402580895,10,2
7,1.0,0.0,0.0,0.0,100000000.0,0.0,0.0,0.34641016151377546,0.4948716593053935,0.0,71.18350005475804,0.1356543166141861,0.1356543166141861,135,False,0.33709518804614236,10.866664968811008,0.1,2,4.0,5.0,0.1,7,0.0,7,-0.23637475233016422,262144.0,2621440.0,1,,135.6543166141861,0.178125,3.3198926150798798,67.5970165569239,10,7
2,1.0,0.0,0.0,0.0,20000000.0,0.0,0.0,0.0,0.0,0.0,158.9069999754429,0.6715033916173945,0.6715033916173945,135,False,0.11788584547575892,1.0857687618699283,0.1,5,4.0,5.0,0.1,2,0.0,2,-0.3946946185465767,262144.0,2621440.0,2,,671.5033916173945,0.1640625,3.5560959577560425,514.9509916430782,10,2
2,1.0,0.0,0.0,0.0,100000000.0,0.0,0.0,0.0,0.0,0.0,159.29139993386343,0.2532284407763684,0.2532284407763684,135,False,0.12709702048658134,1.1706068189454442,0.1,5,4.0,5.0,0.1,2,0.0,2,-0.19016273063147487,262144.0,2621440.0,3,,253.22844077636842,0.1671875,3.488332152366638,96.46154068214238,10,2
7,1.0,0.0,0.0,0.0,100000000.0,0.0,0.0,0.5099019513592785,0.7284313590846836,0.0,91.6521999752149,0.14911626162329522,0.14911626162329522,136,False,0.3545445189347635,11.429164937427043,0.1,3,4.0,5.0,0.1,7,0.0,7,-0.25183039027902937,262144.0,2621440.0,1,,149.11626162329523,0.1765625,3.3108165204524993,93.29476166140122,10,7
2,1.0,0.0,0.0,0.0,20000000.0,0.0,0.0,0.2,1.0,0.0,187.42639996344224,1.2519722518373066,1.2519722518373066,136,False,0.10944143533315262,1.0079928702159564,0.1,6,4.0,5.0,0.1,2,0.0,2,-0.6807068435852296,262144.0,2621440.0,2,,1251.9722518373067,0.15625,3.5188174486160277,1064.5458518738644,10,2
2,1.0,0.0,0.0,0.0,100000000.0,0.0,0.0,0.2,1.0,0.0,189.89839998539537,0.2815158355724724,0.2815158355724724,136,False,0.12033887063688889,1.1083619585449571,0.1,6,4.0,5.0,0.1,2,0.0,2,-0.20092735310468063,262144.0,2621440.0,3,,281.5158355724724,0.171875,3.4769309401512145,161.2181354639778,10,2
7,1.0,0.0,0.0,0.0,100000000.0,0.0,0.0,0.5099019513592784,0.7284313590846835,0.0,92.17609994811937,0.15988611830621674,0.15988611830621674,137,False,0.33897830164946624,10.927369379171,0.1,3,4.0,5.0,0.1,7,0.0,7,-0.2494322099778415,262144.0,2621440.0,1,,159.88611830621673,0.16875,3.3986832022666933,83.82079403287138,10,7
2,1.0,0.0,0.0,0.0,20000000.0,0.0,0.0,0.2,1.0,0.0,188.02339996909723,0.6247205331036247,0.6247205331036247,137,False,0.12239184832484329,1.1272705818270898,0.1,6,4.0,5.0,0.1,2,0.0,2,-0.373556190714234,262144.0,2621440.0,2,,624.7205331036247,0.221875,3.3026233673095704,436.6971331345275,10,2
2,1.0,0.0,0.0,0.0,100000000.0,0.0,0.0,0.8,4.0,0.0,288.1863000220619,0.39468884055470294,0.39468884055470294,137,False,0.186423300815413,1.717022053777259,0.1,9,4.0,5.0,0.1,2,0.0,2,-0.29055607068505795,262144.0,2621440.0,3,,394.68884055470295,0.1796875,3.4671122431755066,106.50254053264102,10,2
7,1.0,0.0,0.0,0.0,100000000.0,0.0,0.0,0.34641016151377546,0.4948716593053935,0.0,71.53899990953505,0.2506965087586249,0.2506965087586249,138,False,0.34202608408437934,11.02561827678948,0.1,2,4.0,5.0,0.1,7,0.0,7,-0.2963612964215021,262144.0,2621440.0,1,,250.69650875862493,0.1828125,3.289371556043625,196.20110870796992,10,7
2,1.0,0.0,0.0,0.0,20000000.0,0.0,0.0,0.2,1.0,0.0,189.55720000667498,0.532956097661813,0.532956097661813,138,False,0.11309216012743897,1.0416172881757464,0.1,6,4.0,5.0,0.1,2,0.0,2,-0.32302412889462595,262144.0,2621440.0,2,,532.9560976618129,0.19375,3.394237017631531,412.90199760377146,10,2
2,1.0,0.0,0.0,0.0,100000000.0,0.0,0.0,0.2,1.0,0.0,190.78359997365624,0.24325121833829005,0.24325121833829005,138,False,0.13452255016150916,1.238998474693739,0.1,6,4.0,5.0,0.1,2,0.0,2,-0.1888868842498996,262144.0,2621440.0,3,,243.25121833829004,0.153125,3.499036800861359,77.62485143979791,10,2
7,1.0,0.0,0.0,0.0,100000000.0,0.0,0.0,0.5099019513592784,0.7284313590846835,0.0,88.36279989918694,0.17541126002505047,0.17541126002505047,139,False,0.346741803714455,11.177635116910801,0.1,3,4.0,5.0,0.1,7,0.0,7,-0.26107653186975277,262144.0,2621440.0,1,,175.41126002505047,0.18125,3.3967433512210845,91.5260592874839,10,7
2,1.0,0.0,0.0,0.0,20000000.0,0.0,0.0,0.2,1.0,0.0,189.82689996482804,0.44802936313495884,0.44802936313495884,139,False,0.11911771911699176,1.0971147374009484,0.1,6,4.0,5.0,0.1,2,0.0,2,-0.2835735411259753,262144.0,2621440.0,2,,448.0293631349588,0.1953125,3.40716609954834,327.8204631205546,10,2
2,1.0,0.0,0.0,0.0,100000000.0,0.0,0.0,0.4,2.0,0.0,224.365699919872,0.36861063846810305,0.36861063846810305,139,False,0.13683511370550727,1.2602979720657852,0.1,7,4.0,5.0,0.1,2,0.0,2,-0.25272287608680516,262144.0,2621440.0,3,,368.61063846810305,0.1578125,3.401477020978928,144.2449385482311,10,2
7,1.0,0.0,0.0,0.0,100000000.0,0.0,0.0,0.34641016151377546,0.4948716593053935,0.0,70.9148000460118,0.14182886007722062,0.14182886007722062,140,False,0.3348312782617849,10.79368513991218,0.1,2,4.0,5.0,0.1,7,0.0,7,-0.23833006916950275,262144.0,2621440.0,1,0.14140625,141.8288600772206,0.153125,3.373699927330017,84.14796004319157,10,7
2,1.0,0.0,0.0,0.0,20000000.0,0.0,0.0,0.4,2.0,0.0,224.90880003897473,0.5602238177494994,0.5602238177494994,140,False,0.12795065582208243,1.1784690909389552,0.1,7,4.0,5.0,0.1,2,0.0,2,-0.3440872367857909,262144.0,2621440.0,2,0.14140625,560.2238177494994,0.209375,3.3849700152873994,335.31501771052456,10,2
2,1.0,0.0,0.0,0.0,100000000.0,0.0,0.0,0.6,3.0,0.0,260.7989999232814,0.3577226702968896,0.3577226702968896,140,False,0.17771420921564418,1.6368083558126696,0.1,8,4.0,5.0,0.1,2,0.0,2,-0.26771843975626686,262144.0,2621440.0,3,0.14140625,357.7226702968896,0.1625,3.5350173115730286,96.92367037360823,10,2
7,1.0,0.0,0.0,0.0,100000000.0,0.0,0.0,0.34641016151377546,0.4948716593053935,0.0,73.55000003008172,0.16620538801086504,0.16620538801086504,141,False,0.34157451785632875,11.011061501476556,0.1,2,4.0,5.0,0.1,7,0.0,7,-0.2538899529335969,262144.0,2621440.0,1,,166.20538801086505,0.1859375,3.3824939846992494,108.90866553189385,10,7
2,1.0,0.0,0.0,0.0,20000000.0,0.0,0.0,0.2,1.0,0.0,189.95949998497963,0.5465641793295771,0.5465641793295771,141,False,0.12239184832484329,1.1272705818270898,0.1,6,4.0,5.0,0.1,2,0.0,2,-0.3344780138272102,262144.0,2621440.0,2,,546.5641793295771,0.15,3.485839295387268,426.0201793246933,10,2
2,1.0,0.0,0.0,0.0,100000000.0,0.0,0.0,0.2,1.0,0.0,188.35909996414557,0.33556117427207555,0.33556117427207555,141,False,0.13108688162134785,1.2073547980335628,0.1,6,4.0,5.0,0.1,2,0.0,2,-0.2333240279467117,262144.0,2621440.0,3,,335.56117427207556,0.171875,3.4817222476005556,147.20207430793,10,2
7,1.0,0.0,0.0,0.0,100000000.0,0.0,0.0,0.34641016151377546,0.4948716593053935,0.0,73.94119998207316,0.17674454201862355,0.17674454201862355,142,False,0.3348293369277872,10.79362255869805,0.1,2,4.0,5.0,0.1,7,0.0,7,-0.2557869394732054,262144.0,2621440.0,1,,176.74454201862355,0.18125,3.312274771928787,119.95484201854232,10,7
2,1.0,0.0,0.0,0.0,20000000.0,0.0,0.0,0.2,1.0,0.0,188.021200010553,0.6407505586905426,0.6407505586905426,142,False,0.1180711540731132,1.0874755171254147,0.1,6,4.0,5.0,0.1,2,0.0,2,-0.3794108563818279,262144.0,2621440.0,2,,640.7505586905427,0.1671875,3.4156100153923035,452.7293586799897,10,2
2,1.0,0.0,0.0,0.0,100000000.0,0.0,0.0,0.0,0.0,0.0,159.3639999628067,0.3189230379093294,0.3189230379093294,142,False,0.14119931087172108,1.3004937134170282,0.1,5,4.0,5.0,0.1,2,0.0,2,-0.23006117439052526,262144.0,2621440.0,3,,318.9230379093294,0.1828125,3.392758309841156,161.77573794534854,10,2
7,1.0,0.0,0.0,0.0,100000000.0,0.0,0.0,0.34641016151377546,0.4948716593053935,0.0,73.40489997295663,0.14899140642972433,0.14899140642972433,143,False,0.3328610687165453,10.730173088106975,0.1,2,4.0,5.0,0.1,7,0.0,7,-0.2409262375731348,262144.0,2621440.0,1,,148.99140642972432,0.1734375,3.3116496384143828,86.68280643194684,10,7
2,1.0,0.0,0.0,0.0,20000000.0,0.0,0.0,0.2,1.0,0.0,188.4405999444425,1.123739263732349,1.123739263732349,143,False,0.12199900460700064,1.1236523574727664,0.1,6,4.0,5.0,0.1,2,0.0,2,-0.6228691341696748,262144.0,2621440.0,2,,1123.739263732349,0.203125,3.333749997615814,935.2986637879063,10,2
2,1.0,0.0,0.0,0.0,100000000.0,0.0,0.0,0.4,2.0,0.0,224.7587000601925,0.5233672488402998,0.5233672488402998,143,False,0.15222917234853295,1.4020824918742136,0.1,7,4.0,5.0,0.1,2,0.0,2,-0.3377982105944164,262144.0,2621440.0,3,,523.3672488402998,0.1625,3.415987026691437,298.6085487801073,10,2
7,1.0,0.0,0.0,0.0,100000000.0,0.0,0.0,0.34641016151377546,0.4948716593053935,0.0,73.78480001352727,0.16110777999085507,0.16110777999085507,144,False,0.3323930927861908,10.715087326491375,0.1,2,4.0,5.0,0.1,7,0.0,7,-0.24675043638852293,262144.0,2621440.0,1,,161.10777999085508,0.19375,3.2197206139564516,95.76523660018466,10,7
2,1.0,0.0,0.0,0.0,20000000.0,0.0,0.0,0.0,0.0,0.0,159.31569994427264,0.5184433489225564,0.5184433489225564,144,False,0.11589053824840843,1.0673913031593663,0.1,5,4.0,5.0,0.1,2,0.0,2,-0.3171669435854824,262144.0,2621440.0,2,,518.4433489225564,0.1734375,3.4084704518318176,361.468748818407,10,2
2,1.0,0.0,0.0,0.0,100000000.0,0.0,0.0,0.4,2.0,0.0,224.98390002874658,0.28681545776321765,0.28681545776321765,144,False,0.15591685220578053,1.4360472785423442,0.1,7,4.0,5.0,0.1,2,0.0,2,-0.22136615498449908,262144.0,2621440.0,3,,286.81545776321764,0.2015625,3.3072797536849974,61.83155773447109,10,2
7,1.0,0.0,0.0,0.0,100000000.0,0.0,0.0,0.34641016151377546,0.4948716593053935,0.0,72.9060000157915,0.20199063232439973,0.20199063232439973,145,False,0.3337343494217861,10.75832433198139,0.1,2,4.0,5.0,0.1,7,0.0,7,-0.2678624908730929,262144.0,2621440.0,1,,201.99063232439974,0.1703125,3.2152634143829344,143.38263233230853,10,7
2,1.0,0.0,0.0,0.0,20000000.0,0.0,0.0,0.6,3.0,0.0,260.74509997852147,0.6745655929844157,0.6745655929844157,145,False,0.15688943239796715,1.4450050731514252,0.1,8,4.0,5.0,0.1,2,0.0,2,-0.4157275126911914,262144.0,2621440.0,2,,674.5655929844156,0.1609375,3.426403892040253,413.82049300589415,10,2
2,1.0,0.0,0.0,0.0,100000000.0,0.0,0.0,0.4,2.0,0.0,227.1228000172414,0.2812180859020521,0.2812180859020521,145,False,0.13340278181780862,1.2286850271104932,0.1,7,4.0,5.0,0.1,2,0.0,2,-0.20731043385993037,262144.0,2621440.0,3,,281.2180859020521,0.165625,3.4819344520568847,67.0691511055219,10,2
7,1.0,0.0,0.0,0.0,100000000.0,0.0,0.0,0.34641016151377546,0.4948716593053935,0.0,73.01609998103231,0.16894392709114672,0.16894392709114672,146,False,0.34044020036468475,10.974495425818809,0.1,2,4.0,5.0,0.1,7,0.0,7,-0.25469206372791575,262144.0,2621440.0,1,,168.94392709114672,0.1890625,3.300873500108719,109.49592704751612,10,7
2,1.0,0.0,0.0,0.0,20000000.0,0.0,0.0,0.4,2.0,0.0,223.92539988504723,0.6675941950668717,0.6675941950668717,146,False,0.1400447088558772,1.2898594358569362,0.1,7,4.0,5.0,0.1,2,0.0,2,-0.4038194519613744,262144.0,2621440.0,2,,667.5941950668716,0.1734375,3.4450083553791044,443.66879518182446,10,2
2,1.0,0.0,0.0,0.0,100000000.0,0.0,0.0,0.4,2.0,0.0,224.47379998629913,0.3482648313685593,0.3482648313685593,146,False,0.15236600166139494,1.403342736418536,0.1,7,4.0,5.0,0.1,2,0.0,2,-0.25031541651497713,262144.0,2621440.0,3,,348.26483136855927,0.14375,3.4277820885181427,123.79103138226016,10,2
7,1.0,0.0,0.0,0.0,100000000.0,0.0,0.0,0.5099019513592784,0.7284313590846835,0.0,91.63650003029034,0.2021257630702467,0.2021257630702467,147,False,0.34698227987951374,11.185387152571186,0.1,3,4.0,5.0,0.1,7,0.0,7,-0.2745540214748802,262144.0,2621440.0,1,,202.1257630702467,0.184375,3.2669334530830385,146.48276301234824,10,7
2,1.0,0.0,0.0,0.0,20000000.0,0.0,0.0,0.0,0.0,0.0,158.3165999618359,0.6021914565932364,0.6021914565932364,147,False,0.10813113873463369,0.9959245925553544,0.1,5,4.0,5.0,0.1,2,0.0,2,-0.355161297663935,262144.0,2621440.0,2,,602.1914565932364,0.2140625,3.311118721961975,445.39195660002383,10,2
2,1.0,0.0,0.0,0.0,100000000.0,0.0,0.0,0.8,4.0,0.0,288.9859999413602,0.40761721893309005,0.40761721893309005,147,False,0.2643251621879603,2.4345247126289236,0.1,9,4.0,5.0,0.1,2,0.0,2,-0.33597119056052516,262144.0,2621440.0,3,,407.61721893309004,0.15625,3.4816103160381315,118.63121899172984,10,2
7,1.0,0.0,0.0,0.0,100000000.0,0.0,0.0,0.34641016151377546,0.4948716593053935,0.0,74.27690003532916,0.20544643524967338,0.20544643524967338,148,False,0.3344801754906008,10.782366923813656,0.1,2,4.0,5.0,0.1,7,0.0,7,-0.2699633053701371,262144.0,2621440.0,1,,205.44643524967339,0.1734375,3.357336664199829,152.72903529161792,10,7
2,1.0,0.0,0.0,0.0,20000000.0,0.0,0.0,0.6,3.0,0.0,260.5230999761261,0.6108540676720763,0.6108540676720763,148,False,0.14977058252352785,1.379438042750839,0.1,8,4.0,5.0,0.1,2,0.0,2,-0.38031232509780205,262144.0,2621440.0,2,,610.8540676720763,0.1953125,3.4357603669166563,350.33096769595016,10,2
2,1.0,0.0,0.0,0.0,100000000.0,0.0,0.0,0.0,0.0,0.0,158.80929998820648,0.2331773194730741,0.2331773194730741,148,False,0.13128946360557472,1.2092206470615228,0.1,5,4.0,5.0,0.1,2,0.0,2,-0.1822333915393244,262144.0,2621440.0,3,,233.1773194730741,0.2109375,3.3241385221481323,76.5126194585574,10,2
7,1.0,0.0,0.0,0.0,100000000.0,0.0,0.0,0.5099019513592784,0.7284313590846835,0.0,91.61030000541359,0.15600221846874485,0.15600221846874485,149,False,0.3473676212384668,11.197809090334939,0.1,3,4.0,5.0,0.1,7,0.0,7,-0.25168491985360586,262144.0,2621440.0,1,,156.00221846874484,0.2015625,3.348378801345825,83.957326907826,10,7
2,1.0,0.0,0.0,0.0,20000000.0,0.0,0.0,0.6,3.0,0.0,261.94709999253973,0.6706311729202277,0.6706311729202277,149,False,0.14140881619046933,1.3024233287124392,0.1,8,4.0,5.0,0.1,2,0.0,2,-0.4060199945553485,262144.0,2621440.0,2,,670.6311729202276,0.178125,3.344748520851135,408.6840729276879,10,2
2,1.0,0.0,0.0,0.0,100000000.0,0.0,0.0,0.0,0.0,0.0,159.50660005910322,0.2496812778967878,0.2496812778967878,149,False,0.13007927407425213,1.1980743895634391,0.1,5,4.0,5.0,0.1,2,0.0,2,-0.18988027598551996,262144.0,2621440.0,3,,249.68127789678778,0.2015625,3.3230966329574585,92.17107784705965,10,2
7,1.0,0.0,0.0,0.0,100000000.0,0.0,0.0,0.34641016151377546,0.4948716593053935,0.0,72.271799959708,0.1510360160470744,0.1510360160470744,150,False,0.3412490423197291,11.000569409814634,0.1,2,4.0,5.0,0.1,7,0.0,7,-0.24614252918340174,262144.0,2621440.0,1,0.1484375,151.03601604707438,0.2125,3.304286891222,78.7642160873664,10,7
2,1.0,0.0,0.0,0.0,20000000.0,0.0,0.0,0.4,2.0,0.0,224.72889994969591,0.7775223950289454,0.7775223950289454,150,False,0.1307656256449107,1.2043959211440451,0.1,7,4.0,5.0,0.1,2,0.0,2,-0.45414401033692803,262144.0,2621440.0,2,0.1484375,777.5223950289454,0.184375,3.3471004247665403,552.7934950792495,10,2
2,1.0,0.0,0.0,0.0,100000000.0,0.0,0.0,0.0,0.0,0.0,159.26189994206652,0.260878450041609,0.260878450041609,150,False,0.12423529066577206,1.1442493132431564,0.1,5,4.0,5.0,0.1,2,0.0,2,-0.1925568703536905,262144.0,2621440.0,3,0.1484375,260.87845004160897,0.1828125,3.311921626329422,104.6461500599702,10,2
