available_migs,bandwidth_allocation_sum,bandwidth_hz,bandwidth_unused,bandwidth_violation,cluster_size_violation,compute_delay_ms,delay,epoch,is_warmup,kl_sum,max_bandwidth_share,mean_l1,mean_l2,min_bandwidth_share,penalty,physical_cluster_count,reward,smashed_data_bytes_per_client_mean,smashed_data_bytes_total,station_id,test_accuracy,total_delay_ms,train_accuracy,train_loss,tx_delay_ms,vehicle_count,virtual_cluster_count
2,0.9999999403953552,100000000.0,5.960464477539063e-08,0.0,0.0,375.80080004408956,5.423786178692505,1,True,1.6903515909254379,0.6490975022315979,2.6,4.4,0.010151565074920654,0.0,2,-3.5570688848089715,865075.2,8650752.0,1,,5423.786178692505,0.0265625,4.561935496330261,5047.9853786484155,10,2
2,1.0,100000000.0,0.0,1.0244548320770264e-08,0.0,295.9646999370307,0.6883953114837408,1,True,1.9208550815557754,0.34656620025634766,5.0,6.0,0.010178699158132076,1.0244548320770264e-08,2,-1.3046252067643065,131072.0,1310720.0,2,,688.3953114837408,0.0078125,4.720966768264771,392.4306115467101,10,2
2,1.0,100000000.0,0.0,5.4016709327697754e-08,0.0,263.3257999550551,1.0066281231824612,1,True,1.5000942326121907,0.5338254570960999,4.2,6.0,0.01009446382522583,5.4016709327697754e-08,2,-1.2533612319140353,235929.6,2359296.0,3,,1006.6281231824612,0.0171875,4.623363876342774,743.302323227406,10,2
2,1.0,100000000.0,0.0,9.313225746154785e-09,0.0,293.8621999928728,2.2598790976987706,2,True,2.1005953955011574,0.46171900629997253,2.3,4.2,0.010266423225402832,9.313225746154785e-09,2,-2.1802372559131897,956825.6,9568256.0,1,,2259.8790976987707,0.034375,4.39438407421112,1966.016897705898,10,2
2,1.0,100000000.0,0.0,3.725290298461914e-09,0.0,265.6042000162415,0.6804411556312978,2,True,1.6427515007669888,0.6043046116828918,4.8,5.8,0.010028600692749023,3.725290298461914e-09,2,-1.1615963319244336,157286.4,1572864.0,2,,680.4411556312978,0.0328125,4.482362508773804,608.170455621758,10,2
2,0.9999999403953552,100000000.0,5.960464477539063e-08,0.0,0.0,227.3572999984026,2.7293077143242654,2,True,1.3624302024599548,0.7019290924072266,0.7,2.9,0.010137064382433891,0.0,2,-2.04586895839211,748748.8,7487488.0,3,,2729.3077143242654,0.03125,4.445798540115357,2501.9504143258628,10,2
2,1.0,100000000.0,0.0,3.725290298461914e-08,0.0,228.79779996583238,2.455499187983514,3,True,1.45454481828405,0.7420451641082764,1.0,4.7,0.010329127311706543,3.725290298461914e-08,2,-1.9550220403866851,1048576.0,10485760.0,1,,2455.4991879835143,0.0328125,4.394241994619369,2226.701388017682,10,2
2,0.9999998807907104,100000000.0,1.1920928955078125e-07,0.0,0.0,262.67110009212047,2.4753475688434126,3,True,1.6240351926187946,0.5985351800918579,1.4,3.4,0.01010209321975708,0.0,2,-2.0496913807311037,943718.4,9437184.0,2,,2475.347568843413,0.0203125,4.51613564491272,2212.6764687512923,10,2
2,0.9999999403953552,100000000.0,5.960464477539063e-08,0.0,0.0,294.71400001784787,0.5982621875142331,3,True,2.1806295567980563,0.6378763914108276,5.0,6.0,0.01016002893447876,0.0,2,-1.3894458721561447,131072.0,1310720.0,3,,598.2621875142331,0.0296875,4.4270697116851805,318.9774324744355,10,2
2,1.0,100000000.0,0.0,1.955777406692505e-08,0.0,225.76650005066767,2.6663994388786345,4,True,1.3515776599609997,0.6647347211837769,3.8,5.4,0.010109791532158852,1.955777406692505e-08,2,-2.0089885689775913,406323.2,4063232.0,1,,2666.3994388786346,0.034375,4.345629990100861,2572.2262388576023,10,2
2,1.0,100000000.0,0.0,4.284083843231201e-08,0.0,228.47970004659146,0.8699009326929786,4,True,1.2152040688960142,0.6439136266708374,4.1,5.4,0.010037519969046116,4.284083843231201e-08,2,-1.042552543635335,406323.2,4063232.0,2,,869.9009326929786,0.021875,4.466071653366089,641.4212326463871,10,2
2,1.0,100000000.0,0.0,0.0,0.0,195.89649996487424,1.9752801821021668,4,True,1.2242330792866114,0.404647558927536,3.2,4.2,0.01004040241241455,0.0,2,-1.5997566306943891,681574.4,6815744.0,3,,1975.280182102167,0.0296875,4.445252156257629,1779.3836821372927,10,2
2,1.0,100000000.0,0.0,1.3969838619232178e-08,0.0,343.0930999456905,3.021226466371394,5,True,0.3193326949041095,0.6908121705055237,1.0,2.0,0.010023057460784912,1.3969838619232178e-08,1,-1.6702795946075903,1048576.0,10485760.0,1,,3021.226466371394,0.03125,4.388142466545105,2678.1333664257036,10,1
2,0.9999999403953552,100000000.0,5.960464477539063e-08,0.0,0.0,188.55639995308593,3.640080206281611,5,True,1.2436150735648412,0.5450329184532166,3.2,4.8,0.010561585426330566,0.0,2,-2.441847639923226,576716.8,5767168.0,2,,3640.080206281611,0.028125,4.498305153846741,3513.429306225491,10,2
2,0.9999999403953552,100000000.0,5.960464477539063e-08,0.0,0.0,266.2904001190327,0.5364102680861472,5,True,1.5000942326121907,0.598312497138977,5.0,6.0,0.010058439336717129,0.0,2,-1.0182522503491689,131072.0,1310720.0,3,,536.4102680861472,0.040625,4.441618871688843,270.1198679671145,10,2
2,1.0,100000000.0,0.0,9.313225746154785e-09,0.0,266.0745001048781,3.9870051508434954,6,False,1.6497679545552233,0.6395663619041443,1.4,4.2,0.010124027729034424,9.313225746154785e-09,2,-2.818386562012585,943718.4,9437184.0,1,,3987.0051508434954,0.03125,4.399081611633301,3720.9306507386173,10,2
2,1.0,100000000.0,0.0,6.705522537231445e-08,0.0,265.01510001253337,2.0606167460903513,6,False,1.4948350575244018,0.4654868245124817,2.8,6.0,0.010175049304962158,6.705522537231445e-08,2,-1.777725968862602,629145.6,6291456.0,2,,2060.616746090351,0.0203125,4.46244900226593,1987.5251460582936,10,2
2,1.0000001192092896,100000000.0,-1.1920928955078125e-07,6.426125764846802e-08,0.0,264.4301999825984,2.753685978347546,6,False,1.6315311000479549,0.6500812768936157,2.2,5.8,0.010012984275817871,6.426125764846802e-08,2,-2.192608603459008,943718.4,9437184.0,3,,2753.685978347546,0.0265625,4.342078995704651,2489.2557783649477,10,2
2,1.0,100000000.0,0.0,0.0,0.0,227.65369998523965,0.7103862100475609,7,False,1.476269698876279,0.736549437046051,5.0,6.0,0.0100034698843956,0.0,2,-1.0933279544619199,131072.0,1310720.0,1,,710.3862100475609,0.0375,4.374610960483551,482.7325100623212,10,2
2,1.0,100000000.0,0.0,4.284083843231201e-08,0.0,227.7363000321202,2.1559444979879396,7,False,1.270469992112436,0.7519609928131104,3.0,4.3,0.010032979771494865,4.284083843231201e-08,2,-1.7132072878910263,524288.0,5242880.0,2,,2155.9444979879395,0.034375,4.455233788490295,2061.090997967249,10,2
2,1.0,100000000.0,0.0,4.7497451305389404e-08,0.0,266.1804999806918,0.668919599917936,7,False,1.4449746173112004,0.49371224641799927,5.0,6.0,0.010166287422180176,4.7497451305389404e-08,2,-1.0569471561120194,131072.0,1310720.0,3,,668.919599917936,0.0546875,4.381735181808471,402.7390999372442,10,2
2,1.0000001192092896,100000000.0,-1.1920928955078125e-07,1.0803341865539551e-07,0.0,339.57219996955246,0.7226308191085039,8,False,0.3193326949041095,0.44261565804481506,5.0,6.0,0.01015317440032959,1.0803341865539551e-07,1,-0.5209818650397253,131072.0,1310720.0,1,,722.6308191085039,0.03125,4.345203876495361,383.0586191389514,10,1
2,1.0,100000000.0,0.0,1.6763806343078613e-08,0.0,191.70909997774288,0.433600420748954,8,False,1.272498687422891,0.666242241859436,3.0,4.0,0.010123356245458126,1.6763806343078613e-08,2,-0.8530495708497288,98304.0,983040.0,2,,433.600420748954,0.0265625,4.415514135360718,241.8913207712111,10,2
2,1.0,100000000.0,0.0,6.146728992462158e-08,0.0,162.75879996828735,4.597773131187801,8,False,1.2307430685228948,0.36941763758659363,3.5,5.0,0.010052323341369629,6.146728992462158e-08,2,-2.914258161322638,589824.0,5898240.0,3,,4597.7731311878015,0.0484375,4.373660922050476,4435.014331219514,10,2
2,0.9999999403953552,100000000.0,5.960464477539063e-08,0.0,0.0,190.90300000971183,0.9071198969348236,9,False,1.287760950015701,0.6287028789520264,4.0,5.0,0.010050952434539795,0.0,2,-1.0974404234752624,262144.0,2621440.0,1,,907.1198969348236,0.04375,4.31770339012146,783.2492969198986,10,2
2,1.0,100000000.0,0.0,0.0,0.0,227.25990001345053,3.271928237253315,9,False,1.4276386889058337,0.7319359183311462,1.7,5.4,0.01000910997390747,0.0,2,-2.349783463079574,1048576.0,10485760.0,2,,3271.9282372533153,0.0265625,4.466083884239197,3044.6683372398647,10,2
2,1.0,100000000.0,0.0,4.7497451305389404e-08,0.0,191.3353999843821,2.4253202395030105,9,False,1.1953303669502113,0.40360504388809204,1.4,4.8,0.010920524597167969,4.7497451305389404e-08,2,-1.8103253507240622,1048576.0,10485760.0,3,,2425.3202395030103,0.0328125,4.356251287460327,2233.984839518628,10,2
2,1.0,100000000.0,0.0,4.7497451305389404e-08,0.0,192.82619998557493,2.6511806966802647,10,False,1.1865151725894423,0.7262018918991089,3.2,4.8,0.010402879677712917,4.7497451305389404e-08,2,-1.9188479821323048,681574.4,6815744.0,1,0.0078125,2651.1806966802646,0.0203125,4.336065292358398,2458.3544966946897,10,2
2,1.0,100000000.0,0.0,0.0,0.0,266.26810006564483,2.0486395408775464,10,False,1.549250489162683,0.5409359335899353,4.4,5.6,0.010920882225036621,0.0,2,-1.7989450150201147,314572.8,3145728.0,2,0.0078125,2048.6395408775466,0.0375,4.3655195236206055,1974.1193409686714,10,2
2,1.0,100000000.0,0.0,7.450580596923828e-09,0.0,194.40490001579747,1.938634584574831,10,False,1.2679153637736418,0.495071142911911,3.4,5.6,0.010177254676818848,7.450580596923828e-09,2,-1.6032749816248169,498073.6,4980736.0,3,0.0078125,1938.634584574831,0.0484375,4.312190437316895,1815.1389846213733,10,2
2,1.0,100000000.0,0.0,2.3283064365386963e-08,0.0,268.1234000483528,4.31030194348907,11,False,1.710187315534073,0.5588370561599731,1.0,3.6,0.010007798671722412,2.3283064365386963e-08,2,-3.010244652794636,1048576.0,10485760.0,1,,4310.30194348907,0.0203125,4.495315933227539,4042.178543440717,10,2
2,1.0,100000000.0,0.0,0.0,0.0,228.15640008775517,0.7517879073829504,11,False,1.3379311182505833,0.6834571957588196,5.0,6.0,0.01004338264465332,0.0,2,-1.0448595128167668,131072.0,1310720.0,2,,751.7879073829504,0.0125,4.576070499420166,523.6315072951952,10,2
2,0.9999999403953552,100000000.0,5.960464477539063e-08,0.0,0.0,265.1070000138134,0.859898237480211,11,False,1.3843059461184484,0.7072980403900146,3.2,6.0,0.010251522064208984,0.0,2,-1.1221020917993296,219545.6,2195456.0,3,,859.898237480211,0.0140625,4.542096877098084,594.7912374663977,10,2
2,0.9999999403953552,100000000.0,5.960464477539063e-08,0.0,0.0,296.53350001899526,0.4587621940653115,12,False,2.2137707018911508,0.45650753378868103,0.5,2.4,0.010102570988237858,0.0,2,-1.3362664479782311,57344.0,573440.0,1,,458.7621940653115,0.0328125,4.361972081661224,273.352527766424,10,2
2,0.9999999403953552,100000000.0,5.960464477539063e-08,0.0,0.0,339.6017999621108,3.126727306380229,12,False,0.2580888585322012,0.649122416973114,1.0,6.0,0.010009288787841797,0.0,1,-1.692408082456215,1048576.0,10485760.0,2,,3126.727306380229,0.0296875,4.424174427986145,2787.125506418118,10,1
2,0.9999999403953552,100000000.0,5.960464477539063e-08,0.0,0.0,266.076699947007,2.329619812878441,12,False,1.565919418047684,0.5674733519554138,0.2,4.8,0.01043546199798584,0.0,2,-1.9477696154630626,249036.8,2490368.0,3,,2329.6198128784413,0.0296875,4.400923037528992,2254.5598128755914,10,2
2,1.0,100000000.0,0.0,0.0,0.0,303.4373000264168,0.7675672228376702,13,False,1.4860090117578073,0.2836323082447052,0.6,1.6,0.019295671954751015,0.0,2,-1.1267881172977388,348979.2,3489792.0,1,,767.5672228376702,0.025,4.41086962223053,634.2770228673094,10,2
2,0.9999998807907104,100000000.0,1.1920928955078125e-07,0.0,0.0,227.69409994361922,1.0179343468618511,13,False,1.3167985800776825,0.22287055850028992,1.4,5.1,0.030842099338769913,0.0,2,-1.167366463469767,748748.8,7487488.0,2,,1017.9343468618512,0.0296875,4.459224438667297,790.2402469182321,10,2
2,0.9999999403953552,100000000.0,5.960464477539063e-08,0.0,0.0,264.5972999744117,2.5807015071598767,13,False,1.5311526072830866,0.3195642828941345,0.8,3.8,0.02659917064011097,0.0,2,-2.0559270572214814,848691.2,8486912.0,3,,2580.7015071598767,0.025,4.444452142715454,2316.104207185465,10,2
2,1.0,100000000.0,0.0,1.4901161193847656e-08,0.0,227.43349999655038,2.266822943075112,14,False,1.3514976963420138,0.2270756959915161,2.0,5.4,0.014081645756959915,1.4901161193847656e-08,2,-1.8091603346097243,1048576.0,10485760.0,1,,2266.822943075112,0.0296875,4.440658438205719,2170.795043017733,10,2
2,1.0,100000000.0,0.0,1.4901161193847656e-08,0.0,192.69100000383332,0.9236173043408326,14,False,1.1748449368808087,0.20482374727725983,3.2,6.0,0.02275848388671875,1.4901161193847656e-08,2,-1.0492311355119819,681574.4,6815744.0,2,,923.6173043408326,0.0234375,4.409087419509888,730.9263043369992,10,2
2,1.0,100000000.0,0.0,0.0,0.0,229.09719997551292,2.095344595628984,14,False,1.4619789292811827,0.25252199172973633,0.3,1.6,0.012206701561808586,0.0,2,-1.7786617624550831,348979.2,3489792.0,3,,2095.344595628984,0.0203125,4.4365207076072695,2001.8771956271562,10,2
2,1.0,100000000.0,0.0,4.284083843231201e-08,0.0,192.5490999710746,1.4777587363492592,15,False,1.2098959732341308,0.3812846541404724,1.0,4.4,0.020312927663326263,4.284083843231201e-08,2,-1.3438273976325334,1048576.0,10485760.0,1,,1477.7587363492592,0.0296875,4.362047743797302,1350.285036372569,10,2
2,1.0,100000000.0,0.0,5.960464477539063e-08,0.0,163.27539988560602,0.6304932435429559,15,False,1.2186120076081948,0.26611775159835815,3.0,6.0,0.028429947793483734,5.960464477539063e-08,2,-0.9245526851802202,524288.0,5242880.0,2,,630.4932435429558,0.034375,4.455434560775757,469.5662435530589,10,2
2,1.0,100000000.0,0.0,5.029141902923584e-08,0.0,193.33150004968047,0.2145815520508593,15,False,1.3188400673914205,0.27289891242980957,0.0,3.8,0.020201867446303368,5.029141902923584e-08,2,-0.766710860012559,49152.0,491520.0,3,,214.5815520508593,0.0390625,4.387408804893494,43.140990151822784,10,2
2,1.0,100000000.0,0.0,0.0,0.0,299.91019994486123,0.6615204185717781,16,False,1.9772782196825052,0.5094194412231445,3.9,5.8,0.017852362245321274,0.0,2,-1.3193993191271416,288358.4,2883584.0,1,,661.5204185717781,0.028125,4.3521594405174255,361.6102186269169,10,2
2,0.9999999403953552,100000000.0,5.960464477539063e-08,0.0,0.0,194.8283999809064,0.9534115850705618,16,False,1.2842134839656332,0.533214271068573,2.2,5.6,0.02624136209487915,0.0,2,-1.1188125345180975,734003.2,7340032.0,2,,953.4115850705618,0.0328125,4.377031373977661,758.5831850896554,10,2
2,0.9999998807907104,100000000.0,1.1920928955078125e-07,0.0,0.0,229.97490008128807,1.30477638064191,16,False,1.2943093313497867,0.3303188383579254,1.6,5.4,0.019526606425642967,0.0,2,-1.2995428559958482,891289.6,8912896.0,3,,1304.77638064191,0.0296875,4.35839215517044,1074.801480560622,10,2
2,0.9999999403953552,100000000.0,5.960464477539063e-08,0.0,0.0,160.7579999254085,0.896811773214905,17,False,1.3139224789349275,0.38029083609580994,2.5,5.5,0.02074933797121048,0.0,2,-1.1053671260749163,786432.0,7864320.0,1,,896.811773214905,0.046875,4.334742486476898,737.7285732365646,10,2
2,1.0,100000000.0,0.0,0.0,0.0,193.0523999617435,1.137358719947999,17,False,1.2113292717977693,0.27352508902549744,2.2,4.8,0.017852379009127617,0.0,2,-1.174343995872884,734003.2,7340032.0,2,,1137.3587199479991,0.0421875,4.415796065330506,944.3063199862556,10,2
2,1.0,100000000.0,0.0,0.0,0.0,163.37319993181154,0.24131430251521757,17,False,1.1986059257608335,0.4125640094280243,0.0,6.0,0.014581585302948952,0.0,2,-0.7199601141380255,49152.0,491520.0,3,,241.31430251521758,0.03125,4.407380282878876,81.02060251634335,10,2
2,1.0,100000000.0,0.0,0.0,0.0,165.82450008718297,0.873250772987512,18,False,1.3466897492796381,0.5810457468032837,2.0,5.0,0.012669848278164864,0.0,2,-1.109970261133575,155648.0,1556480.0,1,,873.2507729875119,0.04375,4.328324973583221,713.1574729429753,10,2
2,0.9999999403953552,100000000.0,5.960464477539063e-08,0.0,0.0,191.68529997114092,1.6303327632255835,18,False,1.1968294309397023,0.375052809715271,2.2,4.8,0.019795477390289307,0.0,2,-1.413581097082643,734003.2,7340032.0,2,,1630.3327632255834,0.03125,4.378456330299377,1504.9488633291778,10,2
2,0.9999999403953552,100000000.0,5.960464477539063e-08,0.0,0.0,229.90379994735122,0.7185322330493966,18,False,1.279445797560163,0.20672279596328735,2.1,3.7,0.024082638323307037,0.0,2,-0.9989890153047798,381747.2,3817472.0,3,,718.5322330493966,0.0328125,4.388146913051605,488.62843310204545,10,2
2,1.0,100000000.0,0.0,2.2351741790771484e-08,0.0,237.23530006827787,2.394681327763568,19,False,1.2565246678091406,0.3869214355945587,1.8,5.2,0.01320357620716095,2.2351741790771484e-08,2,-1.8256030201380962,838860.8,8388608.0,1,,2394.6813277635683,0.034375,4.292848253250122,2157.4460276952905,10,2
2,1.0,100000000.0,0.0,0.0,0.0,160.66740005044267,0.4383673526947305,19,False,1.21391945769566,0.312806099653244,4.5,6.0,0.0180320143699646,0.0,2,-0.8261434051951952,196608.0,1966080.0,2,,438.36735269473047,0.03125,4.367079794406891,280.70655266241283,10,2
2,1.0,100000000.0,0.0,0.0,0.0,162.6475999946706,1.2448730530811098,19,False,1.1289314573105713,0.28046098351478577,2.0,5.0,0.02290535718202591,0.0,2,-1.1869022551958406,1048576.0,10485760.0,3,,1244.87305308111,0.05,4.356248199939728,1082.2254530864393,10,2
2,1.0,100000000.0,0.0,3.3527612686157227e-08,0.0,191.16099999519065,2.4188624280867264,20,False,1.2538828795697388,0.4098600745201111,2.6,5.4,0.015315411612391472,3.3527612686157227e-08,2,-1.8363726873558452,681574.4,6815744.0,1,0.02109375,2418.862428086726,0.0546875,4.258141136169433,2227.7014280915355,10,2
2,1.0,100000000.0,0.0,2.60770320892334e-08,0.0,229.89550000056624,0.8853685035761893,20,False,1.1198845642889603,0.2646097242832184,2.3,4.7,0.03339965268969536,2.60770320892334e-08,2,-1.002626560009607,891289.6,8912896.0,2,0.02109375,885.3685035761894,0.025,4.316687953472138,655.4730035756231,10,2
2,0.9999999403953552,100000000.0,5.960464477539063e-08,1.862645149230957e-08,0.0,190.82400004845113,0.5685359564014878,20,False,1.2367091709585596,0.3254666030406952,3.8,5.4,0.02799924835562706,1.862645149230957e-08,2,-0.9026225823064752,367001.6,3670016.0,3,0.02109375,568.5359564014879,0.040625,4.292515110969544,377.7119563530366,10,2
2,1.0000001192092896,100000000.0,-1.1920928955078125e-07,6.239861249923706e-08,0.0,163.2244999636896,1.4307342097222744,21,False,1.2140331013289503,0.49477067589759827,4.0,6.0,0.013071100227534771,6.239861249923706e-08,2,-1.3223837179242248,327680.0,3276800.0,1,,1430.7342097222745,0.0328125,4.465125024318695,1270.7601097122706,10,2
2,1.0,100000000.0,0.0,0.0,0.0,163.36889995727688,1.6482738295308348,21,False,1.1840133303605813,0.25410157442092896,2.5,5.5,0.022648394107818604,0.0,2,-1.416143579945708,786432.0,7864320.0,2,,1648.2738295308347,0.021875,4.504780411720276,1484.9049295735579,10,2
2,0.9999999403953552,100000000.0,5.960464477539063e-08,0.0,0.0,230.57429998880252,3.3618222153249544,21,False,1.3156392974757252,0.26201772689819336,2.2,3.9,0.014867844060063362,0.0,2,-2.3387307564003397,773324.8,7733248.0,3,,3361.8222153249544,0.034375,4.5571062684059145,3131.247915336152,10,2
2,1.0,100000000.0,0.0,0.0,0.0,195.133299974259,0.6463647581131557,22,False,1.3340631949804624,0.2881472110748291,4.4,6.0,0.013177286833524704,0.0,2,-0.9902139765468091,209715.2,2097152.0,1,,646.3647581131557,0.04375,4.284055948257446,451.2314581388967,10,2
2,1.0,100000000.0,0.0,0.0,0.0,164.1891000326723,0.30095851261202444,22,False,1.1784328950408671,0.47751083970069885,2.5,3.5,0.01589159481227398,0.0,2,-0.7396957038264458,90112.0,901120.0,2,,300.95851261202444,0.0375,4.3496575355529785,139.64291257351834,10,2
2,1.0,100000000.0,0.0,7.450580596923828e-09,0.0,195.5788000486791,0.9440736547644893,22,False,1.143108664367353,0.23397770524024963,1.6,5.0,0.025968164205551147,7.450580596923828e-09,2,-1.0435911670165017,1048576.0,10485760.0,3,,944.0736547644893,0.0375,4.395501327514649,748.4948547158102,10,2
2,1.0,100000000.0,0.0,4.936009645462036e-08,0.0,191.98440009495243,0.8244971614249287,23,False,1.364230860128953,0.3790869116783142,3.0,4.6,0.015613161958754063,4.936009645462036e-08,2,-1.0943640601370372,524288.0,5242880.0,1,,824.4971614249287,0.059375,4.2181333065032955,632.5127613299762,10,2
2,1.0000001192092896,100000000.0,-1.1920928955078125e-07,1.210719347000122e-07,0.0,192.40510003874078,0.5854611483128274,23,False,1.2813213053071664,0.43600624799728394,2.4,4.2,0.01887030154466629,1.210719347000122e-07,2,-0.9333913478819316,176947.2,1769472.0,2,,585.4611483128274,0.053125,4.309483790397644,393.0560482740866,10,2
2,1.0,100000000.0,0.0,0.0,0.0,163.18680002586916,0.47667894256269533,23,False,1.2406230343906202,0.3937613070011139,2.5,6.0,0.014371929690241814,0.0,2,-0.8586509884766578,90112.0,901120.0,3,,476.67894256269534,0.0578125,4.322644591331482,313.4921425368262,10,2
2,0.9999998807907104,100000000.0,1.1920928955078125e-07,0.0,0.0,193.1803000625223,0.3760284873999148,24,False,1.297203746700319,0.4748993217945099,3.0,6.0,0.01989443227648735,0.0,2,-0.836616117050117,98304.0,983040.0,1,,376.0284873999148,0.0484375,4.234877705574036,234.67839031729955,10,2
2,0.9999999403953552,100000000.0,5.960464477539063e-08,0.0,0.0,163.61250000772998,1.4402416990662676,24,False,1.1635259911644589,0.3967074155807495,2.0,6.0,0.014375952072441578,0.0,2,-1.3018838451153631,786432.0,7864320.0,2,,1440.2416990662678,0.05,4.269604802131653,1279.475699138151,10,2
2,0.9999999403953552,100000000.0,5.960464477539063e-08,0.0,0.0,163.3002000162378,1.772359630414481,24,False,1.1768565970140157,0.2461344301700592,2.5,3.5,0.013673650100827217,0.0,2,-1.4746081137142484,655360.0,6553600.0,3,,1772.359630414481,0.05,4.265239834785461,1613.0040303992207,10,2
2,0.9999999403953552,100000000.0,5.960464477539063e-08,0.0,0.0,210.52440005587414,1.709575141306639,25,False,1.2430062668024227,0.31896814703941345,1.0,6.0,0.02234717831015587,0.0,2,-1.4762907040545308,548864.0,5488640.0,1,,1709.575141306639,0.05,4.2031444907188416,1499.0507412507648,10,2
2,0.9999999403953552,100000000.0,5.960464477539063e-08,0.0,0.0,164.6342001040466,1.839764266701129,25,False,1.21391945769566,0.4912048578262329,3.0,5.0,0.013609420508146286,0.0,2,-1.5268418621983946,655360.0,6553600.0,2,,1839.764266701129,0.04375,4.230174720287323,1675.1300665970823,10,2
2,1.0,100000000.0,0.0,1.1175870895385742e-08,0.0,162.14749997016042,0.22466599523511332,25,False,1.1335798231259078,0.2876124978065491,0.0,4.5,0.023999512195587158,1.1175870895385742e-08,2,-0.6791229203563814,49152.0,491520.0,3,,224.66599523511331,0.0515625,4.25313538312912,65.51479526285631,10,2
2,1.0,100000000.0,0.0,0.0,0.0,162.29659999953583,0.7872571854271612,26,False,1.3037505674061347,0.4814097583293915,0.5,2.0,0.016389071941375732,0.0,2,-1.045503876416648,548864.0,5488640.0,1,,787.2571854271612,0.0625,4.14917516708374,626.2189854054398,10,2
2,1.0,100000000.0,0.0,1.1175870895385742e-08,0.0,163.1480999640189,1.32598802138271,26,False,1.2427821986349197,0.44645261764526367,1.0,5.0,0.01888509839773178,1.1175870895385742e-08,2,-1.2843851211846857,548864.0,5488640.0,2,,1325.98802138271,0.053125,4.188542127609253,1166.5324213627,10,2
2,0.9999999403953552,100000000.0,5.960464477539063e-08,1.862645149230957e-08,0.0,189.56820003222674,1.0692955565364524,26,False,1.2517675988557877,0.5316827893257141,3.2,6.0,0.015744054690003395,1.862645149230957e-08,2,-1.1605315963225715,576716.8,5767168.0,3,,1069.2955565364523,0.040625,4.198580503463745,941.482556479094,10,2
2,1.0000001192092896,100000000.0,-1.1920928955078125e-07,6.891787052154541e-08,0.0,195.80950000090525,0.45327801501094983,27,False,1.3543432242873252,0.32781481742858887,3.0,5.2,0.016938811168074608,6.891787052154541e-08,2,-0.9038106885670081,98304.0,983040.0,1,,453.27801501094984,0.05,4.142296051979065,257.4685150100446,10,2
2,1.0,100000000.0,0.0,7.171183824539185e-08,0.0,193.3055000845343,1.6325470329954053,27,False,1.209356821435462,0.3132944107055664,2.2,5.4,0.014214358292520046,7.171183824539185e-08,2,-1.4209519989272719,734003.2,7340032.0,2,,1632.5470329954053,0.05625,4.1720211744308475,1439.241532910871,10,2
2,1.0,100000000.0,0.0,0.0,0.0,267.4230000702664,0.8314040128533193,27,False,1.5435726885820067,0.23471122980117798,2.4,4.2,0.019814711064100266,0.0,2,-1.187488350717663,429260.8,4292608.0,3,,831.4040128533193,0.05625,4.183156943321228,563.9810127830528,10,2
2,1.0,100000000.0,0.0,4.0978193283081055e-08,0.0,162.3279000632465,0.5015854046950357,28,False,1.3535967916225253,0.5777600407600403,4.0,5.0,0.01949293166399002,4.0978193283081055e-08,2,-0.9275911391369738,262144.0,2621440.0,1,,501.58540469503566,0.05625,4.127751171588898,339.25750463178923,10,2
2,1.0,100000000.0,0.0,1.6763806343078613e-08,0.0,193.07019998086616,1.6322330395123243,28,False,1.2243890008447775,0.29055970907211304,2.4,5.2,0.015784943476319313,1.6763806343078613e-08,2,-1.4283110369423573,838860.8,8388608.0,2,,1632.2330395123242,0.0609375,4.117978405952454,1439.162839531458,10,2
2,1.0,100000000.0,0.0,0.0,0.0,194.52600000659004,1.1170234485830672,28,False,1.2639385310766666,0.4716988205909729,3.2,6.0,0.02412879467010498,0.0,2,-1.190480989829867,576716.8,5767168.0,3,,1117.0234485830672,0.0546875,4.188454365730285,990.4715485240824,10,2
2,0.9999999403953552,100000000.0,5.960464477539063e-08,1.4901161193847656e-08,0.0,230.67440005252138,2.020708978823434,29,False,1.476269698876279,0.36235296726226807,1.3,3.7,0.02253168821334839,1.4901161193847656e-08,2,-1.7484893537510175,1048576.0,10485760.0,1,,2020.7089788234339,0.0578125,4.109647768735885,1923.113578762907,10,2
2,1.0,100000000.0,0.0,0.0,0.0,163.45639998326078,1.2857540246419574,29,False,1.2297444620509181,0.614961564540863,2.5,4.0,0.01492101326584816,0.0,2,-1.2577492433464377,786432.0,7864320.0,2,,1285.7540246419574,0.0625,4.082109153270721,1124.985724579912,10,2
2,1.0,100000000.0,0.0,0.0,0.0,230.96480005187914,0.5564410546975638,29,False,1.3294012131112707,0.19035807251930237,3.4,4.7,0.03302804380655289,0.0,2,-0.9429211339044172,498073.6,4980736.0,3,,556.4410546975638,0.0359375,4.252554661035537,462.28745470936025,10,2
2,0.9999999403953552,100000000.0,5.960464477539063e-08,0.0,0.0,229.39260001294315,0.8273968481864872,30,False,1.3616874439106939,0.5536344051361084,2.1,4.0,0.018628528341650963,0.0,2,-1.0945421460485905,381747.2,3817472.0,1,0.04296875,827.3968481864872,0.046875,4.097521233558655,598.004248173544,10,2
2,1.0,100000000.0,0.0,0.0,0.0,169.2937000771053,1.5207927263395602,30,False,1.144328621939764,0.2188727855682373,3.0,5.0,0.02103627659380436,0.0,2,-1.332560674139662,655360.0,6553600.0,2,0.04296875,1520.7927263395602,0.0578125,4.083691030740738,1351.499026262455,10,2
2,0.9999999403953552,100000000.0,5.960464477539063e-08,0.0,0.0,194.32889996096492,0.4368208510674775,30,False,1.2435150059072622,0.2246432900428772,3.0,4.8,0.01682460308074951,0.0,2,-0.8401679284873698,98304.0,983040.0,3,0.04296875,436.82085106747746,0.0484375,4.216401696205139,242.49195110651257,10,2
2,0.9999999403953552,100000000.0,5.960464477539063e-08,0.0,0.0,291.4051999687217,0.4842208674609456,31,False,1.4860761485080647,0.4483935236930847,4.7,5.7,0.014246388338506222,0.0,2,-0.9851485079845052,170393.6,1703936.0,1,,484.2208674609456,0.0421875,4.205602645874023,350.61337201807083,10,2
2,1.0,100000000.0,0.0,0.0,0.0,263.3143000421114,2.678344760141423,31,False,1.4372864038177138,0.5585084557533264,2.0,5.0,0.01094999723136425,0.0,2,-2.0578155819795683,1048576.0,10485760.0,2,,2678.344760141423,0.05625,4.233454895019531,2415.0304600993118,10,2
2,0.9999999403953552,100000000.0,5.960464477539063e-08,2.7939677238464355e-09,0.0,229.52730004908517,0.349138412928234,31,False,1.3311235038706337,0.2640551030635834,0.0,4.7,0.012259340845048428,2.7939677238464355e-09,2,-0.8401309611934016,49152.0,491520.0,3,,349.138412928234,0.05625,4.3272258877754215,119.61111287914885,10,2
2,1.0,100000000.0,0.0,3.818422555923462e-08,0.0,190.79649989726022,2.6750438230426448,32,False,1.3486049368883295,0.4430364966392517,4.2,6.0,0.012982066720724106,3.818422555923462e-08,2,-2.011824418149713,288358.4,2883584.0,1,,2675.043823042645,0.0421875,4.036604118347168,2546.1698230553816,10,2
2,0.9999999403953552,100000000.0,5.960464477539063e-08,0.0,0.0,299.1734999814071,2.2724196364735856,32,False,1.9208550815557754,0.4273994266986847,1.4,3.3,0.01209387555718422,0.0,2,-2.0966373590146805,956825.6,9568256.0,2,,2272.419636473586,0.06875,4.090302234888076,1973.2461364921785,10,2
2,1.0,100000000.0,0.0,0.0,0.0,299.4685000157915,2.650687795415461,32,False,1.96324807167325,0.2942883372306824,1.4,6.0,0.012217095121741295,0.0,2,-2.306967933544356,956825.6,9568256.0,3,,2650.687795415461,0.078125,4.053496575355529,2351.2192953996696,10,2
2,1.0,100000000.0,0.0,4.470348358154297e-08,0.0,299.1508000413887,0.5654144167996266,33,False,1.9772782196825052,0.4457820951938629,4.6,5.9,0.01575271412730217,4.470348358154297e-08,2,-1.2713463629445494,222822.4,2228224.0,1,,565.4144167996266,0.0796875,4.017424929141998,266.26361675823784,10,2
2,1.0,100000000.0,0.0,9.313225746154785e-09,0.0,230.59029993601143,2.760133862105813,33,False,1.319311471673939,0.33779823780059814,2.0,4.3,0.011943221092224121,9.313225746154785e-09,2,-2.0397226762031018,1048576.0,10485760.0,2,,2760.133862105813,0.046875,4.222960805892944,2529.5435621698016,10,2
2,1.0,100000000.0,0.0,0.0,0.0,193.17620008951053,0.4170733216139483,33,False,1.2756131213811677,0.5317369699478149,5.0,6.0,0.01671987771987915,0.0,2,-0.8463432214975579,131072.0,1310720.0,3,,417.0733216139483,0.0453125,4.194879722595215,223.89712152443778,10,2
2,0.9999998807907104,100000000.0,1.1920928955078125e-07,0.0,0.0,301.2830000370741,0.41826354097552065,34,False,1.9772782196825052,0.48032212257385254,0.5,2.4,0.015189886093139648,0.0,2,-1.197770880329013,57344.0,573440.0,1,,418.26354097552064,0.0640625,4.063030159473419,116.98054093844657,10,2
2,1.0,100000000.0,0.0,0.0,0.0,164.77099992334843,0.579071558042412,34,False,1.159163717596305,0.5602977275848389,5.0,6.0,0.022803284227848053,0.0,2,-0.8691176378193585,131072.0,1310720.0,2,,579.071558042412,0.071875,4.120083034038544,417.811558019818,10,2
2,1.0,100000000.0,0.0,3.818422555923462e-08,0.0,165.9463000833057,0.33548632842707116,34,False,1.154792649343575,0.37846991419792175,5.0,6.0,0.01450894121080637,3.818422555923462e-08,2,-0.7451395270695487,131072.0,1310720.0,3,,335.48632842707116,0.071875,4.023812085390091,173.04972840924412,10,2
2,1.0,100000000.0,0.0,5.029141902923584e-08,0.0,299.5081999688409,0.9745668099891339,35,False,2.046723855564486,0.3586580455303192,3.2,5.1,0.01658698171377182,5.029141902923584e-08,2,-1.510645383068229,484966.4,4849664.0,1,,974.566809989134,0.0859375,4.052482908964157,675.058610020293,10,2
2,0.9999999403953552,100000000.0,5.960464477539063e-08,0.0,0.0,194.24560002516955,2.363448374999582,35,False,1.1735111277210786,0.3834088444709778,2.2,4.4,0.0163877010345459,0.0,2,-1.7684797513603303,734003.2,7340032.0,2,,2363.448374999582,0.059375,4.153033018112183,2169.2027749744125,10,2
2,1.0,100000000.0,0.0,0.0,0.0,230.7575000450015,1.8694562645254478,35,False,1.2394250074809976,0.5188865065574646,2.2,4.6,0.012447528541088104,0.0,2,-1.5544406360032226,773324.8,7733248.0,3,,1869.4562645254478,0.075,4.045332723855973,1638.6987644804462,10,2
2,1.0,100000000.0,0.0,7.82310962677002e-08,0.0,192.99559999490157,0.32767508156327096,36,False,1.2518461143736315,0.40113165974617004,2.0,4.2,0.013309121131896973,7.82310962677002e-08,2,-0.7897606761995475,81920.0,819200.0,1,,327.67508156327096,0.0671875,4.032504057884216,203.05768150798542,10,2
2,1.0,100000000.0,0.0,2.60770320892334e-08,0.0,196.76320004509762,1.5746853207420828,36,False,1.2584936001014007,0.4866407513618469,3.2,5.4,0.011179388500750065,2.60770320892334e-08,2,-1.4165894864987738,681574.4,6815744.0,2,,1574.6853207420827,0.0703125,4.103986656665802,1377.922120696985,10,2
2,0.9999999403953552,100000000.0,5.960464477539063e-08,0.0,0.0,194.01279994053766,0.35483177035795765,36,False,1.2829415571628053,0.26799657940864563,5.0,6.0,0.013811342418193817,0.0,2,-0.8188866637603816,131072.0,1310720.0,3,,354.8317703579577,0.059375,4.095631670951843,175.97600396792296,10,2
2,1.0,100000000.0,0.0,8.195638656616211e-08,0.0,410.5805000872351,0.537509265165151,37,False,2.068074941047718,0.4641580581665039,4.5,5.7,0.018375098705291748,8.195638656616211e-08,2,-1.3027921850628212,122880.0,1228800.0,1,,537.509265165151,0.0703125,3.982841968536377,126.9287650779159,10,2
2,1.0,100000000.0,0.0,3.3527612686157227e-08,0.0,266.3485999801196,0.4220541730681723,37,False,1.460774586651961,0.26823318004608154,5.0,6.0,0.01689457893371582,3.3527612686157227e-08,2,-0.9414144133876794,131072.0,1310720.0,2,,422.0541730681723,0.0765625,3.983623671531677,155.70557308805266,10,2
2,1.0,100000000.0,0.0,2.0489096641540527e-08,0.0,268.23910005623475,0.49059538385775225,37,False,1.5436884727127804,0.29973289370536804,5.0,6.0,0.017763208597898483,2.0489096641540527e-08,2,-1.017141948774363,131072.0,1310720.0,3,,490.59538385775227,0.078125,4.000272011756897,222.35628380151752,10,2
2,1.0,100000000.0,0.0,0.0,0.0,231.39410006115213,0.30152128353459434,38,False,1.417329984154994,0.36053764820098877,1.5,3.9,0.026322245597839355,0.0,2,-0.8594256338447942,73728.0,737280.0,1,,301.5212835345943,0.0625,3.9924155116081237,102.41006909661179,10,2
2,1.0,100000000.0,0.0,4.470348358154297e-08,0.0,163.21379994042218,0.6284272807152884,38,False,1.1681716398115793,0.293708473443985,2.0,4.5,0.014060163870453835,4.470348358154297e-08,2,-0.8982995049669175,155648.0,1556480.0,2,,628.4272807152884,0.08125,4.014125317335129,465.2134807748662,10,2
2,0.9999999403953552,100000000.0,5.960464477539063e-08,0.0,0.0,193.21739993756637,0.5002787155893559,38,False,1.2119860850782738,0.24213732779026031,5.0,6.0,0.029432253912091255,0.0,2,-0.8561324003338149,131072.0,1310720.0,3,,500.2787155893559,0.084375,4.069531393051148,307.0613156517895,10,2
2,0.9999999403953552,100000000.0,5.960464477539063e-08,0.0,0.0,268.5234000091441,0.68413885996144,39,False,1.7914199317896364,0.518693745136261,4.2,5.2,0.016563154757022858,0.0,2,-1.2377793958755383,235929.6,2359296.0,1,,684.13885996144,0.0734375,3.9512503862380983,415.6154599522959,10,2
2,1.0,100000000.0,0.0,0.0,0.0,193.6289999866858,0.4665694058093358,39,False,1.2910500336089203,0.3691161274909973,3.0,4.4,0.017341258004307747,0.0,2,-0.878809719709128,98304.0,983040.0,2,,466.5694058093358,0.0640625,4.018449234962463,272.94040582265,10,2
2,0.9999999403953552,100000000.0,5.960464477539063e-08,3.3527612686157227e-08,0.0,268.38810002664104,0.8802741443983311,39,False,1.563841214801662,0.4603925943374634,4.2,5.2,0.010580204427242279,3.3527612686157227e-08,2,-1.2220577131276094,235929.6,2359296.0,3,,880.274144398331,0.0875,3.9967990636825563,611.88604437169,10,2
2,1.0,100000000.0,0.0,0.0,0.0,233.58559992630035,0.2801045607314924,40,False,1.3964459600594272,0.3983227610588074,1.5,3.9,0.015980282798409462,0.0,2,-0.8382752603954599,73728.0,737280.0,1,0.040625,280.1045607314924,0.084375,3.9272229611873626,166.56001949371674,10,2
2,1.0,100000000.0,0.0,0.0,0.0,298.01960004260764,0.524367809603244,40,False,2.406789638557018,0.5412127375602722,5.0,6.0,0.013043374754488468,0.0,2,-1.4655787240801312,131072.0,1310720.0,2,0.040625,524.367809603244,0.0765625,3.952347469329834,226.3482095606364,10,2
2,0.9999999403953552,100000000.0,5.960464477539063e-08,6.146728992462158e-08,0.0,196.67290011420846,0.44863205731313915,40,False,1.2157621431786825,0.4243442118167877,5.0,6.0,0.013219621032476425,6.146728992462158e-08,2,-0.8321971617132007,131072.0,1310720.0,3,0.040625,448.63205731313917,0.0875,3.9375120043754577,324.90315732945,10,2
2,1.0,100000000.0,0.0,0.0,0.0,191.65400002384558,0.28455264175350103,41,False,1.1633898153849778,0.3064643442630768,2.0,5.4,0.02509244903922081,0.0,2,-0.7239712285692395,81920.0,819200.0,1,,284.552641753501,0.0640625,4.024629426002503,154.64914172694344,10,2
2,0.9999999403953552,100000000.0,5.960464477539063e-08,0.0,0.0,230.4491000249982,0.5639481657207576,41,False,1.2493911130800965,0.6109169721603394,3.5,4.8,0.011341853067278862,0.0,2,-0.906669639400427,106496.0,1064960.0,2,,563.9481657207575,0.071875,4.135626196861267,333.4990656957594,10,2
2,1.0,100000000.0,0.0,7.264316082000732e-08,0.0,300.0746999750845,1.5098530564803205,41,False,2.2325992085394697,0.33079540729522705,1.4,6.0,0.01822858862578869,7.264316082000732e-08,2,-1.871226205153056,956825.6,9568256.0,3,,1509.8530564803204,0.053125,4.145638400316239,1209.778356505236,10,2
2,1.0,100000000.0,0.0,1.4901161193847656e-08,0.0,233.22479997295886,0.31472398904926857,42,False,1.3416203503373447,0.26601603627204895,3.5,5.4,0.047017984092235565,1.4901161193847656e-08,2,-0.8281721845944678,106496.0,1064960.0,1,,314.7239890492686,0.0921875,3.924370014667511,81.49918907630968,10,2
2,1.0,100000000.0,0.0,2.0489096641540527e-08,0.0,162.85580000840127,0.2668740665135695,42,False,1.018769924937943,0.27557623386383057,2.5,4.0,0.029512649402022362,2.0489096641540527e-08,2,-0.6428220162148528,90112.0,901120.0,2,,266.87406651356946,0.071875,3.9865575432777405,106.37476657896991,10,2
2,0.9999999403953552,100000000.0,5.960464477539063e-08,0.0,0.0,165.47619993798435,0.3362313265931739,42,False,1.2587446039738293,0.46795955300331116,5.0,6.0,0.017024237662553787,0.0,2,-0.7974879652835016,131072.0,1310720.0,3,,336.2313265931739,0.0703125,4.0068687200546265,172.56192650142523,10,2
2,1.0,100000000.0,0.0,0.0,0.0,216.31319995503873,0.5034829554240499,43,False,1.2476162444793721,0.40344303846359253,2.5,4.5,0.016476303339004517,0.0,2,-0.875549599951711,90112.0,901120.0,1,,503.48295542404986,0.0765625,3.942100018262863,287.1697554690112,10,2
2,1.0,100000000.0,0.0,3.725290298461914e-09,0.0,159.57299998262897,0.29991443564908216,43,False,1.1355697454116074,0.4521157443523407,2.0,3.5,0.015232544392347336,3.725290298461914e-09,2,-0.7177420942556351,155648.0,1556480.0,2,,299.9144356490822,0.0875,3.92836731672287,140.34143566645315,10,2
2,1.0,100000000.0,0.0,0.0,0.0,227.6238000486046,0.2606608242464113,43,False,1.3247331264343223,0.2536883056163788,1.5,3.9,0.03403974324464798,0.0,2,-0.7926969753403668,73728.0,737280.0,3,,260.66082424641127,0.09375,3.8856156885623934,110.75958882456408,10,2
2,1.0,100000000.0,0.0,3.632158041000366e-08,0.0,194.4616000400856,0.411080785111401,44,False,1.3930425423193182,0.5671355128288269,3.0,4.4,0.01245755422860384,3.632158041000366e-08,2,-0.90206170003694,98304.0,983040.0,1,,411.080785111401,0.0609375,3.939954376220703,216.6191850713154,10,2
2,1.0,100000000.0,0.0,0.0,0.0,229.66559993801638,0.3479254088417778,44,False,1.4678958889711664,0.3946228325366974,3.5,4.8,0.027279555797576904,0.0,2,-0.9079106489064721,106496.0,1064960.0,2,,347.9254088417778,0.078125,3.9786902964115143,118.25980890376141,10,2
2,1.0,100000000.0,0.0,0.0,0.0,193.0032999953255,0.26605657568360064,44,False,1.1833931858699476,0.27881696820259094,0.0,4.6,0.01658680848777294,0.0,2,-0.7247248807767741,49152.0,491520.0,3,,266.0565756836006,0.0984375,3.843591868877411,73.05327568827515,10,2
2,1.0,100000000.0,0.0,1.6763806343078613e-08,0.0,193.65229993127286,0.3436411206210902,45,False,1.279626134058835,0.31746622920036316,5.0,6.0,0.0168391652405262,1.6763806343078613e-08,2,-0.811633644103769,131072.0,1310720.0,1,,343.6411206210902,0.0859375,3.9172476291656495,188.1338946510169,10,2
2,0.9999999403953552,100000000.0,5.960464477539063e-08,0.0,0.0,197.28939997730777,0.40449986302158886,45,False,1.2211845504328698,0.289577841758728,5.0,6.0,0.016706330701708794,0.0,2,-0.8128422067272293,131072.0,1310720.0,2,,404.49986302158885,0.084375,3.910132718086243,207.21046304428108,10,2
2,0.9999999403953552,100000000.0,5.960464477539063e-08,0.0,0.0,163.30029995879158,0.4359781524757695,45,False,1.1798325427341378,0.27549460530281067,2.5,4.0,0.02056064084172249,0.0,2,-0.8079053476049537,90112.0,901120.0,3,,435.9781524757695,0.0859375,3.987994462251663,272.6778525169779,10,2
2,1.0,100000000.0,0.0,5.029141902923584e-08,0.0,229.94180006207898,0.2655756374629238,46,False,1.4255699014097374,0.32079407572746277,0.0,2.9,0.024768125265836716,5.029141902923584e-08,2,-0.8455728197277497,49152.0,491520.0,1,,265.5756374629238,0.096875,3.935544639825821,50.467085250320345,10,2
2,1.0,100000000.0,0.0,4.0046870708465576e-08,0.0,196.00809999974445,0.3166477195071231,46,False,1.2057454928869755,0.3454539179801941,2.0,5.4,0.014984498731791973,4.0046870708465576e-08,2,-0.76119664624392,81920.0,819200.0,2,,316.6477195071231,0.0859375,3.9230239748954774,193.56081952249517,10,2
2,0.9999998807907104,100000000.0,1.1920928955078125e-07,0.0,0.0,166.94550000829622,0.6725148871018036,46,False,1.257625738816723,0.4232299029827118,2.5,5.5,0.010594487190246582,0.0,2,-0.9650703129592633,90112.0,901120.0,3,,672.5148871018037,0.0953125,3.9388322234153748,509.2212871358215,10,2
2,1.0,100000000.0,0.0,9.313225746154785e-09,0.0,164.42259994801134,0.3808165302383975,47,False,1.2091188156384496,0.4592874348163605,2.5,5.5,0.012060863897204399,9.313225746154785e-09,2,-0.7949676822516493,90112.0,901120.0,1,,380.8165302383975,0.0734375,3.9119825065135956,220.66013017904768,10,2
2,1.0,100000000.0,0.0,8.381903171539307e-09,0.0,229.67949998565018,0.42416634080396515,47,False,1.243078674409398,0.23461753129959106,5.0,6.0,0.01330991555005312,8.381903171539307e-09,2,-0.8336225159885847,131072.0,1310720.0,2,,424.16634080396517,0.0734375,3.974713236093521,264.57693248564857,10,2
2,1.0,100000000.0,0.0,0.0,0.0,233.90610003843904,0.43840834492625547,47,False,1.3305524738953574,0.46169042587280273,5.0,6.0,0.010904352180659771,0.0,2,-0.8844804094108064,131072.0,1310720.0,3,,438.4083449262555,0.0921875,3.838388192653656,290.08456297216145,10,2
2,1.0,100000000.0,0.0,0.0,0.0,196.15480006905273,0.6406292016977863,48,False,1.3717587811172378,0.4332197904586792,4.4,5.4,0.011475185863673687,0.0,2,-1.006193991407512,209715.2,2097152.0,1,,640.6292016977862,0.0875,3.8149682521820067,444.4744016287335,10,2
2,1.0,100000000.0,0.0,0.0,0.0,270.7749998662621,0.4878460498367036,48,False,1.4617619385846108,0.3645462095737457,4.8,5.8,0.017033280804753304,0.0,2,-0.9748039942106572,157286.4,1572864.0,2,,487.84604983670357,0.078125,3.894950747489929,230.4156985932332,10,2
2,1.0,100000000.0,0.0,4.284083843231201e-08,0.0,270.8705999539234,0.6049231341968719,48,False,1.6689435455687813,0.5123373866081238,4.0,5.4,0.017571531236171722,4.284083843231201e-08,2,-1.1369333827236652,114688.0,1146880.0,3,,604.923134196872,0.096875,3.8970200419425964,334.0525342429485,10,2
2,1.0,100000000.0,0.0,0.0,0.0,264.45900002727285,0.42238956567273067,49,False,1.3475812643878147,0.26790758967399597,5.0,6.0,0.01704050600528717,0.0,2,-0.8849854150302727,131072.0,1310720.0,1,,422.38956567273067,0.096875,3.862620508670807,248.25496558007376,10,2
2,1.0,100000000.0,0.0,3.91155481338501e-08,0.0,230.3998000570573,1.7499416781878114,49,False,1.3417118860661215,0.3706328868865967,1.4,3.6,0.014275988563895226,3.91155481338501e-08,2,-1.5458268212425146,748748.8,7487488.0,2,,1749.9416781878115,0.10625,3.809067952632904,1519.5418781307542,10,2
2,1.0,100000000.0,0.0,2.3283064365386963e-08,0.0,189.6056000259705,0.4591696535606166,49,False,1.2404952294530485,0.3429849147796631,3.0,4.8,0.012099663726985455,2.3283064365386963e-08,2,-0.8498324647898969,98304.0,983040.0,3,,459.1696535606166,0.0765625,3.9902021050453187,269.5640535346461,10,2
2,1.0000001192092896,100000000.0,-1.1920928955078125e-07,2.7939677238464355e-08,0.0,160.71530000772327,0.8384943187603658,50,False,1.2508727064735066,0.3388218879699707,4.0,5.0,0.015820836648344994,2.7939677238464355e-08,2,-1.0446835405566135,327680.0,3276800.0,1,0.0625,838.4943187603658,0.090625,3.842597931623459,678.8197186443886,10,2
2,1.0,100000000.0,0.0,2.8870999813079834e-08,0.0,297.3870999994688,0.5646362985647846,50,False,1.9986977456474904,0.3091113865375519,4.5,5.7,0.013077497482299805,2.8870999813079834e-08,2,-1.2816670509771373,122880.0,1228800.0,2,0.0625,564.6362985647846,0.0859375,3.8608000576496124,267.2491985653158,10,2
2,0.9999999403953552,100000000.0,5.960464477539063e-08,0.0,0.0,228.0019000172615,1.455474636310222,50,False,1.251511168822491,0.2859777808189392,0.7,3.2,0.021552257239818573,0.0,2,-1.3534929025663565,748748.8,7487488.0,3,0.0625,1455.474636310222,0.0828125,4.09721976518631,1227.4727362929605,10,2
2,1.0,100000000.0,0.0,0.0,0.0,190.41120004840195,0.24292277157407036,51,False,1.3763917718022274,0.23928560316562653,0.0,1.8,0.019716009497642517,0.0,2,-0.8096572716881488,49152.0,491520.0,1,,242.92277157407037,0.0765625,3.937193202972412,52.51157152566841,10,2
2,1.0,100000000.0,0.0,4.470348358154297e-08,0.0,193.49270011298358,0.38579661799619225,51,False,1.1968294309397023,0.19111377000808716,4.6,6.0,0.030746936798095703,4.470348358154297e-08,2,-0.7913130691714308,183500.8,1835008.0,2,,385.79661799619225,0.0859375,3.9912794828414917,259.27941802680743,10,2
2,1.0,100000000.0,0.0,1.955777406692505e-08,0.0,161.80729999905452,0.365244061959466,51,False,1.154792649343575,0.3110034763813019,2.0,4.5,0.014187592081725597,1.955777406692505e-08,2,-0.7600183752092946,155648.0,1556480.0,3,,365.244061959466,0.065625,4.0212900042533875,205.29096205115883,10,2
2,1.0000001192092896,100000000.0,-1.1920928955078125e-07,8.381903171539307e-08,0.0,192.31390004279092,0.2698618535050403,52,False,1.232868217258444,0.24730724096298218,0.0,1.0,0.012130677700042725,8.381903171539307e-08,2,-0.7513651192007739,49152.0,491520.0,1,,269.86185350504024,0.078125,3.882359969615936,92.88392597741645,10,2
2,0.9999999403953552,100000000.0,5.960464477539063e-08,0.0,0.0,191.66880007833242,0.24499530501182498,52,False,1.2321046162315816,0.5061864256858826,0.0,3.0,0.011301109567284584,0.0,2,-0.7385499606217033,49152.0,491520.0,2,,244.995305011825,0.0984375,3.8692166447639464,99.680881257903,10,2
2,0.9999999403953552,100000000.0,5.960464477539063e-08,0.0,0.0,162.46520006097853,0.9133546507655677,52,False,1.2526618233053155,0.2750052511692047,3.0,4.5,0.027162153273820877,0.0,2,-1.0830082370354415,589824.0,5898240.0,3,,913.3546507655676,0.121875,3.7967856526374817,750.8894507045891,10,2
2,0.9999999403953552,100000000.0,5.960464477539063e-08,0.0,0.0,194.9119999189861,0.5188938792237914,53,False,1.350450733943596,0.27337661385536194,2.4,4.4,0.02252909541130066,0.0,2,-0.9346723065836937,176947.2,1769472.0,1,,518.8938792237914,0.096875,3.758191430568695,323.98187930480526,10,2
2,1.0,100000000.0,0.0,4.0046870708465576e-08,0.0,191.84839993249625,1.8370841389009809,53,False,1.2274282536498957,0.4254448711872101,3.8,5.6,0.01314463559538126,4.0046870708465576e-08,2,-1.5322562363223091,498073.6,4980736.0,2,,1837.0841389009809,0.103125,3.8304266571998595,1707.454838808634,10,2
2,1.0,100000000.0,0.0,1.862645149230957e-08,0.0,233.12300007091835,0.2863507220874977,53,False,1.3247331264343223,0.41973352432250977,0.0,5.0,0.014258718118071556,1.862645149230957e-08,2,-0.8055419428873615,49152.0,491520.0,3,,286.3507220874977,0.1,3.8446374356746675,77.48044478284464,10,2
2,0.9999999403953552,100000000.0,5.960464477539063e-08,1.4901161193847656e-08,0.0,229.50239991769195,0.4826504322516604,54,False,1.3969215379758664,0.37481221556663513,1.2,6.0,0.01591193675994873,1.4901161193847656e-08,2,-0.9397860000149245,113049.6,1130496.0,1,,482.6504322516604,0.1078125,3.7790905117988585,385.47053221174167,10,2
2,1.0,100000000.0,0.0,1.862645149230957e-08,0.0,192.2529999865219,0.24471284750984057,54,False,1.2113292717977693,0.29014500975608826,0.0,4.4,0.01658013090491295,1.862645149230957e-08,2,-0.7280210782802564,49152.0,491520.0,2,,244.71284750984057,0.0890625,3.9167210340499876,52.459847523318686,10,2
2,1.0,100000000.0,0.0,0.0,0.0,192.84809997770935,1.6904487666666954,54,False,1.2023591099164237,0.47316083312034607,3.2,4.2,0.013557574711740017,0.0,2,-1.4464039382915597,681574.4,6815744.0,3,,1690.4487666666955,0.1109375,3.8450538396835325,1497.6006666889862,10,2
2,1.0,100000000.0,0.0,0.0,0.0,247.9462000192143,0.2919907595964425,55,False,1.1651956360314475,0.5195057392120361,0.0,4.0,0.021912213414907455,0.0,2,-0.728593197813945,49152.0,491520.0,1,,291.9907595964425,0.0828125,3.891431510448456,44.044559577228185,10,2
2,1.0,100000000.0,0.0,1.1175870895385742e-08,0.0,227.94949996750802,0.5314112550954873,55,False,1.3294496223373826,0.3491542935371399,3.5,5.1,0.013286035507917404,1.1175870895385742e-08,2,-0.9304304498923058,106496.0,1064960.0,2,,531.4112550954873,0.1015625,3.777296942472458,303.46175512797925,10,2
2,0.9999999403953552,100000000.0,5.960464477539063e-08,0.0,0.0,228.96189999300987,0.685686362549009,55,False,1.3334694038425363,0.31017759442329407,4.0,5.3,0.01074280310422182,0.0,2,-1.0095778831957727,262144.0,2621440.0,3,,685.686362549009,0.078125,3.896862345933914,456.72446255599914,10,2
2,1.0,100000000.0,0.0,4.284083843231201e-08,0.0,165.0495999492705,0.2360573270184408,56,False,1.273697088654632,0.30586403608322144,0.0,2.5,0.01489899680018425,4.284083843231201e-08,2,-0.7548772506773748,49152.0,491520.0,1,,236.0573270184408,0.09375,3.7347414791584015,71.0077270691703,10,2
2,0.9999999403953552,100000000.0,5.960464477539063e-08,0.0,0.0,231.15080001298338,0.2722886662444988,56,False,1.4619036875221045,0.25761792063713074,0.0,5.0,0.02080778032541275,0.0,2,-0.8670961768833017,49152.0,491520.0,2,,272.2886662444988,0.0828125,3.9251211524009704,63.554877776416305,10,2
2,1.0,100000000.0,0.0,0.0,0.0,194.00819996371865,0.3923885464184522,56,False,1.2149584332889591,0.334600567817688,4.6,6.0,0.016344746574759483,0.0,2,-0.8036734898537057,183500.8,1835008.0,3,,392.3885464184522,0.078125,3.882583129405975,198.3803464547336,10,2
2,0.9999999403953552,100000000.0,5.960464477539063e-08,0.0,0.0,269.6426000329666,0.30662112234217015,57,False,1.605501503973118,0.2475164234638214,0.0,3.0,0.01959317736327648,0.0,2,-0.9560613131576441,49152.0,491520.0,1,,306.62112234217017,0.0671875,3.822429430484772,71.83571740257295,10,2
2,1.0000001192092896,100000000.0,-1.1920928955078125e-07,8.568167686462402e-08,0.0,230.92989990254864,1.133474634881856,57,False,1.2549904703443509,0.32251110672950745,1.9,3.2,0.02004043385386467,8.568167686462402e-08,2,-1.1942326382947803,812646.4,8126464.0,2,,1133.474634881856,0.075,3.96300687789917,902.5447349793075,10,2
2,1.0,100000000.0,0.0,0.0,0.0,232.50859999097884,0.27744904656785196,57,False,1.329230080133103,0.4296589195728302,1.5,3.2,0.024552272632718086,0.0,2,-0.8033395633504774,73728.0,737280.0,3,,277.44904656785195,0.1109375,3.8490122258663177,44.940446576873114,10,2
2,1.0,100000000.0,0.0,4.6566128730773926e-09,0.0,191.20850000763312,0.706502470693896,58,False,1.281932328781814,0.5091078281402588,4.0,6.0,0.011803674511611462,4.6566128730773926e-09,2,-0.9942174043944679,262144.0,2621440.0,1,,706.502470693896,0.1,3.7455655336380005,515.2939706862629,10,2
2,1.0,100000000.0,0.0,0.0,0.0,229.58730004029348,0.2777380788612558,58,False,1.2128235219702233,0.24104483425617218,0.0,3.9,0.017084121704101562,0.0,2,-0.7452808004157395,49152.0,491520.0,2,,277.7380788612558,0.1046875,3.816009247303009,62.02718515926262,10,2
2,0.9999999403953552,100000000.0,5.960464477539063e-08,0.0,0.0,189.72879997454584,0.41291987839230043,58,False,1.193455430978643,0.25401192903518677,3.0,6.0,0.020063836127519608,0.0,2,-0.8031876546854717,98304.0,983040.0,3,,412.9198783923004,0.121875,3.8357007026672365,223.1910784177546,10,2
2,1.0,100000000.0,0.0,7.82310962677002e-08,0.0,160.64490005373955,0.32969989599732397,59,False,1.2394749230705298,0.5073636174201965,2.5,4.0,0.011759936809539795,7.82310962677002e-08,2,-0.7845874877650232,90112.0,901120.0,1,,329.69989599732395,0.084375,3.7538739442825317,169.0549959435844,10,2
2,1.0,100000000.0,0.0,0.0,0.0,190.58729999233037,0.41890142529296415,59,False,1.1409355207343856,0.2933492362499237,3.0,4.8,0.011757773347198963,0.0,2,-0.7799184730136749,98304.0,983040.0,2,,418.9014252929641,0.128125,3.7688528060913087,228.3141253006338,10,2
2,1.0,100000000.0,0.0,0.0,0.0,188.4742000256665,0.5285629323292841,59,False,1.2288767913797498,0.6420355439186096,4.6,6.0,0.011144453659653664,0.0,2,-0.8787198618545169,183500.8,1835008.0,3,,528.5629323292841,0.096875,3.7808379888534547,404.0504323160593,10,2
2,0.9999999403953552,100000000.0,5.960464477539063e-08,0.0,0.0,191.01640000008047,0.28443594416003415,60,False,1.297496402845272,0.3172178864479065,2.0,4.2,0.020553532987833023,0.0,2,-0.7909661735026531,81920.0,819200.0,1,0.06171875,284.4359441600341,0.0859375,3.802156758308411,93.4195441599537,10,2
2,1.0,100000000.0,0.0,0.0,0.0,162.1887999936007,0.5480801332988665,60,False,1.222320868328768,0.4397001564502716,2.0,4.5,0.018479574471712112,0.0,2,-0.8852005008138173,155648.0,1556480.0,2,0.06171875,548.0801332988665,0.1,3.906559854745865,385.8913333052658,10,2
2,1.0,100000000.0,0.0,8.381903171539307e-08,0.0,227.06990002188832,0.5748388300685534,60,False,1.3719338588550423,0.418565958738327,4.0,5.7,0.014873242005705833,8.381903171539307e-08,2,-0.9733864282808296,262144.0,2621440.0,3,0.06171875,574.8388300685534,0.125,3.6735988736152647,347.76893004666505,10,2
2,1.0,100000000.0,0.0,2.0489096641540527e-08,0.0,267.2541000065394,0.3216475862715155,61,False,1.3213920868075646,0.4235396087169647,0.0,6.0,0.02016266994178295,2.0489096641540527e-08,2,-0.8215198570286367,49152.0,491520.0,1,,321.64758627151554,0.078125,3.854425382614136,54.39348626497614,10,2
2,1.0,100000000.0,0.0,6.332993507385254e-08,0.0,162.41590003482997,0.4476735838010308,61,False,1.1635259911644589,0.22520765662193298,2.5,6.0,0.022742707282304764,6.332993507385254e-08,2,-0.8055998508126799,90112.0,901120.0,2,,447.67358380103076,0.078125,3.9019078612327576,289.576483822554,10,2
2,1.0,100000000.0,0.0,0.0,0.0,167.86009998759255,0.32165531026465655,61,False,1.2004158741744873,0.24833522737026215,2.0,5.5,0.020822152495384216,0.0,2,-0.761035592219572,155648.0,1556480.0,3,,321.6553102646565,0.109375,3.9259800016880035,153.79521027706397,10,2
2,1.0,100000000.0,0.0,0.0,0.0,197.20240001333877,0.8156649943736279,62,False,1.1893516207856427,0.3158256709575653,0.6,1.6,0.02934335544705391,0.0,2,-1.0025083075796353,648806.4,6488064.0,1,,815.6649943736279,0.1015625,3.79184650182724,618.4625943602891,10,2
2,1.0000001192092896,100000000.0,-1.1920928955078125e-07,5.774199962615967e-08,0.0,299.05129998223856,0.34899483317270646,62,False,1.9208550815557754,0.2236463725566864,0.4,5.0,0.029478399083018303,5.774199962615967e-08,2,-1.1349250151062407,70451.2,704512.0,2,,348.9948331727065,0.1171875,3.7844984233379364,82.36832677692519,10,2
2,1.0,100000000.0,0.0,3.725290298461914e-08,0.0,195.73759997729212,0.2627764291278124,62,False,1.2901917874678306,0.3810243606567383,0.0,4.2,0.013608941808342934,3.725290298461914e-08,2,-0.7764841455507245,49152.0,491520.0,3,,262.7764291278124,0.1140625,3.8401097416877747,72.03815904693708,10,2
2,1.0,100000000.0,0.0,1.955777406692505e-08,0.0,163.35049999179319,0.548031691927453,63,False,1.2733011038224702,0.370109885931015,0.5,4.5,0.011206374503672123,1.955777406692505e-08,2,-0.9106664174327357,548864.0,5488640.0,1,,548.031691927453,0.11875,3.70302152633667,388.1485919700837,10,2
2,1.0,100000000.0,0.0,0.0,0.0,190.8071999787353,0.24138387935024536,63,False,1.2100772378114084,0.378834068775177,0.0,4.4,0.027666926383972168,0.0,2,-0.7257305585808269,49152.0,491520.0,2,,241.38387935024537,0.109375,3.7632794618606566,50.57667937151006,10,2
2,0.9999999403953552,100000000.0,5.960464477539063e-08,0.0,0.0,161.59500001231208,0.22228500935979092,63,False,1.1807436017218373,0.2576083838939667,0.0,2.0,0.020176753401756287,0.0,2,-0.7015143055408142,49152.0,491520.0,3,,222.28500935979093,0.1078125,3.762049913406372,60.690009347478835,10,2
2,1.0,100000000.0,0.0,0.0,0.0,164.08889996819198,0.22510692086882217,64,False,1.1834560245811232,0.2943423390388489,0.0,3.5,0.019385159015655518,0.0,2,-0.7042814727249727,49152.0,491520.0,1,,225.10692086882216,0.1015625,3.770904153585434,61.01802090063018,10,2
2,0.9999999403953552,100000000.0,5.960464477539063e-08,0.0,0.0,229.01180002372712,0.34077010563690957,64,False,1.319311471673939,0.23328837752342224,0.0,5.3,0.011936605907976627,0.0,2,-0.8300407886554242,49152.0,491520.0,2,,340.7701056369096,0.1125,3.712457001209259,111.75830561318249,10,2
2,1.0,100000000.0,0.0,0.0,0.0,190.39909995626658,0.2577030968620839,64,False,1.1738650556084176,0.3372560441493988,0.0,4.4,0.019732341170310974,0.0,2,-0.7157840762352508,49152.0,491520.0,3,,257.70309686208395,0.1234375,3.810757267475128,67.30399690581736,10,2
2,1.0,100000000.0,0.0,2.2351741790771484e-08,0.0,226.96220001671463,0.2669403221437125,65,False,1.318010828596348,0.22802616655826569,0.0,1.3,0.023580066859722137,2.2351741790771484e-08,2,-0.7924755977217721,49152.0,491520.0,1,,266.9403221437125,0.09375,3.762501913309097,39.97812212699784,10,2
2,1.0,100000000.0,0.0,1.862645149230957e-08,0.0,159.86059996066615,0.35278194611925573,65,False,1.0878236245239865,0.4527494013309479,2.0,5.0,0.01969889923930168,1.862645149230957e-08,2,-0.7203028039480726,155648.0,1556480.0,2,,352.78194611925574,0.0984375,3.809460073709488,193.60754614496545,10,2
2,1.0,100000000.0,0.0,3.91155481338501e-08,0.0,188.5930999997072,0.4619591717846521,65,False,1.1743268890110303,0.22458556294441223,2.4,4.4,0.021533144637942314,3.91155481338501e-08,2,-0.8181430695133893,176947.2,1769472.0,3,,461.95917178465214,0.1078125,3.836644232273102,273.36607178494495,10,2
2,1.0,100000000.0,0.0,1.862645149230957e-09,0.0,190.09919988457114,0.2278469188134988,66,False,1.248111383485961,0.32970377802848816,2.0,3.6,0.030789589509367943,1.862645149230957e-09,2,-0.737979153012375,81920.0,819200.0,1,,227.8469188134988,0.1015625,3.8335546135902403,101.42368008162484,10,2
2,1.0,100000000.0,0.0,1.4901161193847656e-08,0.0,261.55779999680817,0.2886559080955925,66,False,1.5291766549687995,0.22183416783809662,0.0,5.0,0.03911399096250534,1.4901161193847656e-08,2,-0.9089162964333573,49152.0,491520.0,2,,288.6559080955925,0.1046875,3.8350842714309694,27.0981080987843,10,2
2,1.0,100000000.0,0.0,7.450580596923828e-08,0.0,225.7290999405086,0.29847789529773433,66,False,1.4006916736997885,0.23839189112186432,0.0,4.8,0.023070283234119415,7.450580596923828e-08,2,-0.8495848590045674,49152.0,491520.0,3,,298.47789529773434,0.103125,3.794553983211517,72.74879535722573,10,2
2,0.9999998807907104,100000000.0,1.1920928955078125e-07,0.0,0.0,225.65659997053444,0.2676854793865399,67,False,1.3400426254710143,0.20414289832115173,0.0,4.0,0.04409744590520859,0.0,2,-0.8038640524287771,49152.0,491520.0,1,,267.6854793865399,0.1015625,3.79258531332016,42.02887941600548,10,2
2,1.0,100000000.0,0.0,2.60770320892334e-08,0.0,195.08390000555664,0.2415873060339191,67,False,1.1377473639349216,0.3129282593727112,0.0,3.8,0.013759318739175797,2.60770320892334e-08,2,-0.6896673610614524,49152.0,491520.0,2,,241.5873060339191,0.1265625,3.712395656108856,75.08567028223256,10,2
2,0.9999999403953552,100000000.0,5.960464477539063e-08,0.0,0.0,266.1032000905834,0.3103188100008437,67,False,1.4351255380407466,0.22215448319911957,0.0,5.0,0.04726503789424896,0.0,2,-0.8727221740207951,49152.0,491520.0,3,,310.3188100008437,0.1171875,3.82059508562088,44.2156099102603,10,2
2,1.0,100000000.0,0.0,1.4901161193847656e-08,0.0,162.55680000176653,0.23314819218436245,68,False,1.2928119542993528,0.2950071692466736,2.5,4.0,0.022065211087465286,1.4901161193847656e-08,2,-0.7629800881430189,90112.0,901120.0,1,,233.14819218436244,0.1046875,3.719556301832199,70.59139218259591,10,2
2,0.9999999403953552,100000000.0,5.960464477539063e-08,0.0,0.0,193.36200004909188,0.30478763449489965,68,False,1.2073501249108047,0.24797365069389343,1.6,3.2,0.013760789297521114,0.0,2,-0.7560688797028522,134348.8,1343488.0,2,,304.78763449489963,0.1171875,3.74334032535553,178.90223456332353,10,2
2,1.0,100000000.0,0.0,1.0244548320770264e-08,0.0,191.21300004189834,0.2571032980212453,68,False,1.2517881961722286,0.5303524136543274,0.0,3.6,0.015570311807096004,1.0244548320770264e-08,2,-0.7544457573412853,49152.0,491520.0,3,,257.10329802124534,0.109375,3.6843174576759337,65.890297979347,10,2
2,1.0,100000000.0,0.0,0.0,0.0,191.6179999243468,0.6266822270968305,69,False,1.3263408594086674,0.4248996675014496,2.4,4.2,0.01622926816344261,0.0,2,-0.9765115432527489,176947.2,1769472.0,1,,626.6822270968305,0.09375,3.717382550239563,435.0642271724837,10,2
2,1.0,100000000.0,0.0,2.60770320892334e-08,0.0,190.5246000387706,0.31613270291809153,69,False,1.083611647881467,0.20584934949874878,3.0,4.8,0.02021630108356476,2.60770320892334e-08,2,-0.6998722014768114,98304.0,983040.0,2,,316.1327029180915,0.10625,3.759412336349487,125.60810287932095,10,2
2,1.0,100000000.0,0.0,5.587935447692871e-08,0.0,294.6399000938982,1.2954394024409115,69,False,2.2325992085394697,0.2456965446472168,0.9,5.1,0.02591961994767189,5.587935447692871e-08,2,-1.7640193613695452,948633.6,9486336.0,3,,1295.4394024409114,0.11875,3.7030951380729675,1000.7995023470133,10,2
2,1.0,100000000.0,0.0,3.725290298461914e-08,0.0,226.0147999622859,0.24768837799780596,70,False,1.3560651638682693,0.2673557996749878,0.0,4.8,0.0480874702334404,3.725290298461914e-08,2,-0.8018768081859406,49152.0,491520.0,1,0.07421875,247.68837799780596,0.1390625,3.632137793302536,38.53369027286542,10,2
2,1.0,100000000.0,0.0,0.0,0.0,192.4940999597311,0.6480455312470861,70,False,1.2057454928869755,0.33331361413002014,4.0,5.0,0.013217310421168804,0.0,2,-0.9268955120670308,262144.0,2621440.0,2,0.07421875,648.045531247086,0.121875,3.709584856033325,455.55143128735494,10,2
2,1.0,100000000.0,0.0,5.4016709327697754e-08,0.0,228.77269994933158,0.2763732464903672,70,False,1.2039526302352255,0.4122808277606964,0.0,2.9,0.02779061160981655,5.4016709327697754e-08,2,-0.7401629923795057,49152.0,491520.0,3,0.07421875,276.3732464903672,0.1171875,3.7385739982128143,47.600546541035605,10,2
2,0.9999999403953552,100000000.0,5.960464477539063e-08,1.862645149230957e-09,0.0,228.48249995149672,0.49838229341133533,71,False,1.3881373630365714,0.2044214904308319,0.3,2.9,0.029014309868216515,1.862645149230957e-09,2,-0.9432598300865985,348979.2,3489792.0,1,,498.38229341133535,0.09375,3.7509262204170226,407.55579332056493,10,2
2,1.0,100000000.0,0.0,3.5390257835388184e-08,0.0,191.30850007059053,0.3132522519407032,71,False,1.22222727080098,0.2848086953163147,1.6,5.0,0.02640511654317379,3.5390257835388184e-08,2,-0.7677397967610995,134348.8,1343488.0,2,,313.2522519407032,0.115625,3.8978081226348875,191.83595192937014,10,2
2,0.9999999403953552,100000000.0,5.960464477539063e-08,0.0,0.0,188.4451000369154,0.21705155292243594,71,False,1.197422366507734,0.176283597946167,0.0,2.0,0.047390565276145935,0.0,2,-0.7072369597150849,49152.0,491520.0,3,,217.05155292243595,0.0890625,3.9455692172050476,28.606452885520543,10,2
2,1.0,100000000.0,0.0,6.705522537231445e-08,0.0,190.86389994481578,0.23416799466181173,72,False,1.2526048669002654,0.19951722025871277,0.0,3.8,0.056786902248859406,6.705522537231445e-08,2,-0.743386497836264,49152.0,491520.0,1,,234.16799466181175,0.1078125,3.700464165210724,43.30409471699594,10,2
2,1.0,100000000.0,0.0,2.60770320892334e-08,0.0,190.22769998991862,0.22770195986876868,72,False,1.2207046946757476,0.3541322648525238,0.0,5.0,0.017548976466059685,2.60770320892334e-08,2,-0.7242033533492902,49152.0,491520.0,2,,227.70195986876868,0.0890625,3.830126106739044,50.57560634699086,10,2
2,1.0,100000000.0,0.0,7.078051567077637e-08,0.0,190.94469997799024,0.23314316720080838,72,False,1.1743268890110303,0.27624306082725525,0.0,4.2,0.022633329033851624,7.078051567077637e-08,2,-0.703735098886435,49152.0,491520.0,3,,233.1431672008084,0.1078125,3.7700488805770873,42.19846722281815,10,2
2,1.0,100000000.0,0.0,3.725290298461914e-09,0.0,364.77280006511137,0.42069749518725547,73,False,1.219739697750329,0.22775916755199432,0.0,4.0,0.02113233506679535,3.725290298461914e-09,2,-0.8202186001940825,49152.0,491520.0,1,,420.69749518725547,0.1265625,3.709811210632324,84.47309352143922,10,2
2,1.0,100000000.0,0.0,0.0,0.0,239.77139993803576,0.2754720599007999,73,False,1.3122591351007014,0.19998972117900848,0.0,2.3,0.030583245679736137,0.0,2,-0.7938655975007507,49152.0,491520.0,2,,275.47205990079993,0.1046875,3.7009856402873993,43.11539059659983,10,2
2,1.0,100000000.0,0.0,7.450580596923828e-09,0.0,159.94159993715584,0.8030995505376876,73,False,1.1275523507260374,0.199936181306839,1.0,4.0,0.03595548868179321,7.450580596923828e-09,2,-0.9653259580824431,548864.0,5488640.0,3,,803.0995505376876,0.1265625,3.6996741890907288,646.0396505407215,10,2
2,0.9999999403953552,100000000.0,5.960464477539063e-08,0.0,0.0,159.99659994849935,0.42094743424180614,74,False,1.2928119542993528,0.17954394221305847,2.0,3.5,0.03347022831439972,0.0,2,-0.8568796942705794,155648.0,1556480.0,1,,420.94743424180615,0.1328125,3.56780344247818,263.70743421224597,10,2
2,1.0,100000000.0,0.0,0.0,0.0,159.49530008947477,0.36860518223673144,74,False,1.1262991611188338,0.2502555251121521,2.0,4.0,0.03460664302110672,0.0,2,-0.7474521716777827,155648.0,1556480.0,2,,368.6051822367314,0.128125,3.7014099955558777,209.10988214725668,10,2
2,1.0,100000000.0,0.0,0.0,0.0,190.56949991500005,1.3427947155614666,74,False,1.2285160519916185,0.2616446912288666,1.2,4.2,0.02623629942536354,0.0,2,-1.2856553837765425,648806.4,6488064.0,3,,1342.7947155614665,0.1328125,3.677246618270874,1152.2252156464665,10,2
2,1.0,100000000.0,0.0,0.0,0.0,158.90249994117767,0.18133929630252718,75,False,1.361046605046528,0.19102291762828827,0.0,4.0,0.03865430876612663,0.0,2,-0.7711929506745275,49152.0,491520.0,1,,181.33929630252717,0.1125,3.598225325345993,22.436796361349526,10,2
2,1.0,100000000.0,0.0,3.3527612686157227e-08,0.0,159.51140003744513,0.2143372834388847,75,False,1.1599531918101644,0.4732099175453186,0.0,3.5,0.020564503967761993,3.3527612686157227e-08,2,-0.6871452711521373,49152.0,491520.0,2,,214.3372834388847,0.0875,3.8508373498916626,54.82588340143956,10,2
2,0.9999999403953552,100000000.0,5.960464477539063e-08,0.0,0.0,226.76770004909486,0.3947343172852199,75,False,1.401955980830709,0.48429715633392334,3.5,5.1,0.018427524715662003,0.0,2,-0.8983451490579644,106496.0,1064960.0,3,,394.7343172852199,0.1265625,3.6471287071704865,167.96661723612507,10,2
2,1.0,100000000.0,0.0,1.6763806343078613e-08,0.0,158.76150003168732,0.3278969290408384,76,False,1.322206203653598,0.3003087043762207,5.0,6.0,0.01594332791864872,1.6763806343078613e-08,2,-0.8250515831110246,131072.0,1310720.0,1,,327.8969290408384,0.1140625,3.715013563632965,169.13542900915107,10,2
2,1.0,100000000.0,0.0,7.450580596923828e-09,0.0,196.2863000226207,0.23344585614343122,76,False,1.161200298714058,0.20471476018428802,0.0,4.8,0.03139615058898926,7.450580596923828e-09,2,-0.6973230848793252,49152.0,491520.0,2,,233.44585614343123,0.09375,3.6583025574684145,37.15955612081052,10,2
2,1.0,100000000.0,0.0,0.0,0.0,190.10460004210472,0.9100278975776787,76,False,1.1806123675895968,0.2163887321949005,0.4,4.2,0.021678056567907333,0.0,2,-1.0453201325836377,448921.6,4489216.0,3,,910.0278975776787,0.125,3.736633372306824,787.2344976160134,10,2
2,1.0000001192092896,100000000.0,-1.1920928955078125e-07,8.195638656616211e-08,0.0,187.72899999748915,0.9332719244426566,77,False,1.322752806864576,0.2293873429298401,0.6,2.0,0.03559783846139908,8.195638656616211e-08,2,-1.1280124476100029,648806.4,6488064.0,1,,933.2719244426567,0.1171875,3.627242398262024,745.5429244451675,10,2
2,0.9999999403953552,100000000.0,5.960464477539063e-08,0.0,0.0,227.79689996968955,0.2653190208500494,77,False,1.3037626939113025,0.34083741903305054,0.0,2.3,0.02752743475139141,0.0,2,-0.7845408573806759,49152.0,491520.0,2,,265.31902085004936,0.0875,3.7997073948383333,38.11502653841636,10,2
2,1.0,100000000.0,0.0,0.0,0.0,161.50079999351874,0.3120112553978484,77,False,1.1907285355115895,0.3847315311431885,2.5,4.5,0.020540408790111542,0.0,2,-0.751369895454719,90112.0,901120.0,3,,312.0112553978484,0.109375,3.7285023629665375,150.51045540432966,10,2
2,1.0000001192092896,100000000.0,-1.1920928955078125e-07,8.195638656616211e-08,0.0,228.39040006510913,0.3001554688971735,78,False,1.2386725135501786,0.3349933326244354,0.0,4.4,0.022999193519353867,8.195638656616211e-08,2,-0.7694140731800626,49152.0,491520.0,1,,300.1554688971735,0.115625,3.685636502504349,71.76506883206433,10,2
2,1.0,100000000.0,0.0,0.0,0.0,228.19250001339242,0.2962176703175288,78,False,1.268856647297771,0.2527894377708435,1.2,5.0,0.01844356209039688,0.0,2,-0.7825371588076498,113049.6,1130496.0,2,,296.2176703175288,0.1,3.7389995217323304,99.68790829172153,10,2
2,0.9999999403953552,100000000.0,5.960464477539063e-08,0.0,0.0,192.67040002159774,0.32256597919314667,78,False,1.2963961105627673,0.2580644190311432,0.0,3.2,0.02035619504749775,0.0,2,-0.809481044877957,49152.0,491520.0,3,,322.5659791931467,0.1359375,3.692302882671356,129.89557917154892,10,2
2,0.9999999403953552,100000000.0,5.960464477539063e-08,0.0,0.0,333.06519995676354,1.3952005989943395,79,False,1.3896722759628033,0.23710882663726807,1.4,3.9,0.022285528481006622,0.0,2,-1.3924364374785714,748748.8,7487488.0,1,,1395.2005989943395,0.1359375,3.653589779138565,1062.135399037576,10,2
2,1.0,100000000.0,0.0,0.0,0.0,192.72420002380386,0.6897055358936341,79,False,1.2274282536498957,0.4260692894458771,3.0,5.6,0.03436270356178284,0.0,2,-0.9585668947717649,98304.0,983040.0,2,,689.7055358936342,0.1046875,3.674478459358215,496.9813358698302,10,2
2,1.0,100000000.0,0.0,1.862645149230957e-08,0.0,269.76239995565265,0.48774252254646916,79,False,1.4144627835456278,0.2032536417245865,3.2,4.6,0.02699797973036766,1.862645149230957e-08,2,-0.9511026716725,219545.6,2195456.0,3,,487.74252254646916,0.1234375,3.7044549226760863,217.9801225908165,10,2
2,1.0,100000000.0,0.0,0.0,0.0,192.23929999861866,0.22003570401549982,80,False,1.1426872974220157,0.25815141201019287,0.0,4.2,0.02700892835855484,0.0,2,-0.6813615007187578,49152.0,491520.0,1,0.0953125,220.03570401549982,0.125,3.5487282514572143,42.08139135697659,10,2
2,0.9999999403953552,100000000.0,5.960464477539063e-08,0.0,0.0,192.8286999464035,0.2263753388004594,80,False,1.1775641676445625,0.2019841969013214,0.0,3.8,0.03227858617901802,0.0,2,-0.701969753222511,49152.0,491520.0,2,0.0953125,226.3753388004594,0.1296875,3.626211678981781,33.546638854055885,10,2
2,1.0,100000000.0,0.0,2.421438694000244e-08,0.0,168.33539999788627,0.48820344746871147,80,False,1.1418440228285525,0.31165528297424316,4.0,5.0,0.018217897042632103,2.421438694000244e-08,2,-0.815023759363019,262144.0,2621440.0,3,0.0953125,488.2034474687115,0.1390625,3.700993984937668,324.9433474667766,10,2
2,1.0,100000000.0,0.0,4.470348358154297e-08,0.0,269.9935999698937,0.33480890427259963,81,False,1.5477341477021294,0.19974204897880554,0.0,3.0,0.015097446739673615,4.470348358154297e-08,2,-0.9412715706908481,49152.0,491520.0,1,,334.80890427259965,0.09375,3.789793574810028,64.81530430270593,10,2
2,1.0,100000000.0,0.0,0.0,0.0,195.7268000114709,0.2884301178676474,81,False,1.2074733325686682,0.40458744764328003,1.6,5.6,0.028656957671046257,0.0,2,-0.7479517252181578,134348.8,1343488.0,2,,288.43011786764737,0.103125,3.8589768409729004,159.81771789327513,10,2
2,0.9999999403953552,100000000.0,5.960464477539063e-08,0.0,0.0,195.7117000129074,0.27985816340141734,81,False,1.1998859931137937,0.2500999867916107,2.0,4.2,0.01610187627375126,0.0,2,-0.7398720782576056,81920.0,819200.0,3,,279.85816340141736,0.140625,3.718594527244568,97.1605088151358,10,2
2,0.9999999403953552,100000000.0,5.960464477539063e-08,1.862645149230957e-09,0.0,228.47140004159883,0.2688292431403282,82,False,1.3991719242417324,0.29256099462509155,0.0,4.4,0.020575225353240967,1.862645149230957e-09,2,-0.8340005855536754,49152.0,491520.0,1,,268.8292431403282,0.1,3.6869521737098694,40.35784309872936,10,2
2,1.0,100000000.0,0.0,7.450580596923828e-08,0.0,228.49619999760762,0.27306381140301145,82,False,1.2941376647305447,0.23334446549415588,0.0,3.0,0.03292461484670639,7.450580596923828e-08,2,-0.7836008125725841,49152.0,491520.0,2,,273.06381140301147,0.096875,3.7547556877136232,44.56761140540383,10,2
2,1.0,100000000.0,0.0,0.0,0.0,190.48419990576804,0.4286832154652624,82,False,1.1680535874573512,0.2324846386909485,1.6,3.8,0.022004488855600357,0.0,2,-0.7983684014613068,134348.8,1343488.0,3,,428.6832154652624,0.146875,3.665907859802246,307.31171544581264,10,2
2,1.0,100000000.0,0.0,0.0,0.0,228.8280000211671,0.693563523843616,83,False,1.3903080854059968,0.3257938027381897,2.8,4.4,0.028364917263388634,0.0,2,-1.0419358046248064,198246.4,1982464.0,1,,693.5635238436159,0.1109375,3.618073803186417,464.7355238224489,10,2
2,1.0,100000000.0,0.0,4.470348358154297e-08,0.0,188.14259994542226,2.6751621714556038,83,False,1.083611647881467,0.2850266993045807,3.2,4.2,0.01557222381234169,4.470348358154297e-08,2,-1.879386954372019,681574.4,6815744.0,2,,2675.1621714556036,0.121875,3.708316433429718,2487.0195715101813,10,2
2,1.0,100000000.0,0.0,3.725290298461914e-08,0.0,161.58249997533858,0.45267696354996423,83,False,1.1807436017218373,0.21167705953121185,4.0,5.0,0.03847328573465347,3.725290298461914e-08,2,-0.8167103198888037,262144.0,2621440.0,3,,452.6769635499642,0.13125,3.6838743090629578,291.09446357462565,10,2
2,0.9999998807907104,100000000.0,1.1920928955078125e-07,0.0,0.0,189.57660003798082,0.2504130540352154,84,False,1.3034900987307354,0.30528655648231506,0.0,5.0,0.023486852645874023,0.0,2,-0.7769515763829754,49152.0,491520.0,1,,250.4130540352154,0.1109375,3.6408719182014466,60.83645399723457,10,2
2,0.9999999403953552,100000000.0,5.960464477539063e-08,0.0,0.0,226.1296000215225,0.9709627475345781,84,False,1.3352667062579604,0.21692360937595367,1.4,4.4,0.04331418126821518,0.0,2,-1.1531147268962694,748748.8,7487488.0,2,,970.9627475345782,0.1421875,3.6257776856422423,744.8331475130557,10,2
2,0.9999999403953552,100000000.0,5.960464477539063e-08,0.0,0.0,162.09569992497563,0.2065911115124635,84,False,1.1958430028519893,0.2510226368904114,0.0,3.0,0.020037110894918442,0.0,2,-0.7012170571822264,49152.0,491520.0,3,,206.5911115124635,0.1375,3.6893750727176666,44.49541158748789,10,2
2,1.0,100000000.0,0.0,2.7939677238464355e-08,0.0,224.97750003822148,1.3210623086245725,85,False,1.3442846301469693,0.33302682638168335,2.5,5.5,0.021120307967066765,2.7939677238464355e-08,2,-1.3326734973254482,655360.0,6553600.0,1,,1321.0623086245726,0.09375,3.729817748069763,1096.084808586351,10,2
2,1.0,100000000.0,0.0,0.0,0.0,192.3317999462597,0.22977069158759117,85,False,1.2366220605175882,0.2430146485567093,0.0,4.2,0.015874849632382393,0.0,2,-0.7331963760525897,49152.0,491520.0,2,,229.77069158759116,0.140625,3.610097146034241,73.31731818975234,10,2
2,1.0,100000000.0,0.0,6.705522537231445e-08,0.0,269.20979999704286,1.3697271150139538,85,False,1.4564588808223755,0.2793591320514679,1.6,3.4,0.04186730831861496,6.705522537231445e-08,2,-1.4130930649733902,891289.6,8912896.0,3,,1369.7271150139538,0.121875,3.7697057485580445,1100.517315016911,10,2
2,1.0,100000000.0,0.0,8.009374141693115e-08,0.0,191.69870001496747,0.5166199590642483,86,False,1.297496402845272,0.31680914759635925,2.4,5.0,0.02162015810608864,8.009374141693115e-08,2,-0.9070582610485016,176947.2,1769472.0,1,,516.6199590642483,0.11875,3.643627870082855,324.9212590492808,10,2
2,0.9999999403953552,100000000.0,5.960464477539063e-08,0.0,0.0,231.97210003854707,0.4033745038121049,86,False,1.4122993407395552,0.34544607996940613,1.2,3.6,0.014675259590148926,0.0,2,-0.90783692227583,113049.6,1130496.0,2,,403.3745038121049,0.121875,3.7007419764995575,310.5180038053584,10,2
2,1.0,100000000.0,0.0,0.0,0.0,163.9576000161469,0.3126602105233023,86,False,1.2353156762760051,0.3031623065471649,2.0,4.0,0.0341663584113121,0.0,2,-0.7739879433996537,155648.0,1556480.0,3,,312.6602105233023,0.13125,3.7354574501514435,148.7026105071554,10,2
2,0.9999999403953552,100000000.0,5.960464477539063e-08,0.0,0.0,169.96920004021376,0.5705618089494109,87,False,1.1910461932271679,0.30508244037628174,2.0,5.0,0.018512647598981857,0.0,2,-0.8808040010882894,155648.0,1556480.0,1,,570.5618089494109,0.11875,3.577170252799988,400.5926089091971,10,2
2,1.0,100000000.0,0.0,3.725290298461914e-08,0.0,188.81770002190024,0.4053117886130797,87,False,1.2305167248438724,0.2522549629211426,2.0,4.8,0.02184312790632248,3.725290298461914e-08,2,-0.817914293981379,81920.0,819200.0,2,,405.3117886130797,0.1171875,3.695684885978699,282.3960886514845,10,2
2,0.9999999403953552,100000000.0,5.960464477539063e-08,0.0,0.0,159.05259997816756,0.20523152360179206,87,False,1.1335798231259078,0.2588559091091156,0.0,3.5,0.025717338547110558,0.0,2,-0.6694056733638499,49152.0,491520.0,3,,205.23152360179205,0.125,3.746093213558197,48.189723626232954,10,2
2,1.0,100000000.0,0.0,0.0,0.0,189.60439995862544,0.2253294560092469,88,False,1.1669763209521522,0.32239672541618347,0.0,2.6,0.0246945358812809,0.0,2,-0.6961528884806996,49152.0,491520.0,1,,225.32945600924688,0.1140625,3.6313988089561464,38.01829300311409,10,2
2,1.0,100000000.0,0.0,0.0,0.0,189.82259993208572,0.2517756016147419,88,False,1.2211845504328698,0.20056523382663727,1.6,5.0,0.019655991345643997,0.0,2,-0.7364800760238058,134348.8,1343488.0,2,,251.77560161474187,0.109375,3.6376629948616026,87.73363345902958,10,2
2,0.9999999403953552,100000000.0,5.960464477539063e-08,1.0244548320770264e-08,0.0,158.66940008709207,2.1476815369049183,88,False,1.158185673175169,0.2951105833053589,0.5,3.0,0.014066816307604313,1.0244548320770264e-08,2,-1.652933615284592,548864.0,5488640.0,3,,2147.681536904918,0.128125,3.703365206718445,1990.3026369236507,10,2
2,0.9999999403953552,100000000.0,5.960464477539063e-08,0.0,0.0,226.56709991861135,0.37619338193632557,89,False,1.3270561108633157,0.17875607311725616,2.8,4.4,0.03652729466557503,0.0,2,-0.8516247463998206,198246.4,1982464.0,1,,376.1933819363256,0.1171875,3.65399631857872,149.6262820177142,10,2
2,1.0,100000000.0,0.0,0.0,0.0,224.9214000767097,0.2641595519839434,89,False,1.3608139781016004,0.31645065546035767,1.5,3.9,0.02980370819568634,0.0,2,-0.812486765042772,73728.0,737280.0,2,,264.1595519839434,0.13125,3.6162888646125793,47.371746165459776,10,2
2,1.0,100000000.0,0.0,0.0,0.0,159.30170007050037,0.23273095617719872,89,False,1.2418796967595993,0.27625516057014465,0.0,3.0,0.017345260828733444,0.0,2,-0.737305326468399,49152.0,491520.0,3,,232.73095617719872,0.13125,3.7110108137130737,73.42925610669835,10,2
2,1.0,100000000.0,0.0,7.078051567077637e-08,0.0,189.39680000767112,0.22397667715238706,90,False,1.3442878402333707,0.2353614717721939,0.0,4.2,0.027973126620054245,7.078051567077637e-08,2,-0.7841323294733945,49152.0,491520.0,1,0.10078125,223.97667715238705,0.134375,3.532524275779724,60.32847382187727,10,2
2,0.9999998807907104,100000000.0,1.1920928955078125e-07,0.0,0.0,159.75180000532418,0.32809067870008274,90,False,1.1058017619464682,0.17721426486968994,2.0,3.5,0.02827148698270321,0.0,2,-0.7169462203232755,155648.0,1556480.0,2,0.10078125,328.0906787000827,0.125,3.6565971076488495,171.62297867222205,10,2
2,1.0,100000000.0,0.0,1.4901161193847656e-08,0.0,159.47359998244792,0.3349909918180336,90,False,1.1418440228285525,0.290716290473938,2.0,3.5,0.017355311661958694,1.4901161193847656e-08,2,-0.7384175222244542,155648.0,1556480.0,3,0.10078125,334.9909918180336,0.15,3.5685563683509827,177.87769182190715,10,2
2,1.0,100000000.0,0.0,9.313225746154785e-09,0.0,379.2084000306204,0.40562145702062957,91,False,1.361046605046528,0.2753239870071411,0.0,3.0,0.019512271508574486,9.313225746154785e-09,2,-0.8833340403468045,49152.0,491520.0,1,,405.6214570206296,0.0953125,3.6906718015670776,43.20945723675774,10,2
2,1.0,100000000.0,0.0,1.4901161193847656e-08,0.0,162.3438000679016,0.18200710478103516,91,False,1.0934754203505839,0.16981026530265808,0.0,3.0,0.04368866980075836,1.4901161193847656e-08,2,-0.6377412774669707,49152.0,491520.0,2,,182.00710478103517,0.1328125,3.718476712703705,23.292217250125873,10,2
2,0.9999999403953552,100000000.0,5.960464477539063e-08,0.0,0.0,191.18639995576814,0.20649285181816723,91,False,1.2338241402086512,0.2694915533065796,0.0,2.6,0.016320224851369858,0.0,2,-0.7201584960134092,49152.0,491520.0,3,,206.49285181816722,0.14375,3.7426544308662413,57.91505285782791,10,2
2,1.0,100000000.0,0.0,0.0,0.0,190.4653999954462,0.3426304137295062,92,False,1.3665817577863293,0.4349098205566406,4.0,5.6,0.03229009360074997,0.0,2,-0.8546060857579177,262144.0,2621440.0,1,,342.6304137295062,0.140625,3.609889006614685,152.16501373405995,10,2
2,1.0,100000000.0,0.0,4.6566128730773926e-08,0.0,191.32530002389103,0.38153444851956364,92,False,1.1262955667256782,0.2830140292644501,1.6,3.6,0.01853071339428425,4.6566128730773926e-08,2,-0.7539150541887496,134348.8,1343488.0,2,,381.5344485195636,0.153125,3.569287645816803,260.0904485301397,10,2
2,0.9999999403953552,100000000.0,5.960464477539063e-08,0.0,0.0,188.22839995846152,0.2366881134968732,92,False,1.1621438404222177,0.2719734311103821,0.0,4.2,0.021099627017974854,0.0,2,-0.6994159769595455,49152.0,491520.0,3,,236.6881134968732,0.1484375,3.6605798840522765,48.45971353841168,10,2
2,1.0,100000000.0,0.0,8.754432201385498e-08,0.0,227.51379996770993,0.4936666630939699,93,False,1.4477632623040657,0.2209848165512085,4.0,5.0,0.02881779335439205,8.754432201385498e-08,2,-0.9707150502433398,262144.0,2621440.0,1,,493.6666630939699,0.1296875,3.577109295129776,266.15286312625994,10,2
2,1.0,100000000.0,0.0,7.450580596923828e-09,0.0,227.0456000114791,0.5539905770279805,93,False,1.3291270594271545,0.3691994547843933,2.8,5.0,0.016303028911352158,7.450580596923828e-09,2,-0.9415588256781481,198246.4,1982464.0,2,,553.9905770279805,0.1328125,3.6499725341796876,326.9449770165014,10,2
2,1.0,100000000.0,0.0,0.0,0.0,190.44099998427555,0.4528610738212512,93,False,1.2756131213811677,0.3004090189933777,2.4,4.6,0.024075224995613098,0.0,2,-0.8642370976012095,176947.2,1769472.0,3,,452.8610738212512,0.134375,3.6745107889175417,262.42007383697563,10,2
2,0.9999999403953552,100000000.0,5.960464477539063e-08,0.0,0.0,225.1509000780061,0.3774293139702364,94,False,1.3495214389722836,0.1561015248298645,2.8,5.1,0.03358776867389679,0.0,2,-0.8634753764712599,198246.4,1982464.0,1,,377.42931397023636,0.1390625,3.498814934492111,152.27841389223028,10,2
2,1.0,100000000.0,0.0,0.0,0.0,161.37300000991672,0.336683641670739,94,False,1.1502582245404718,0.22968624532222748,2.0,4.0,0.029339244589209557,0.0,2,-0.7434709331056054,155648.0,1556480.0,2,,336.683641670739,0.1453125,3.52552992105484,175.31064166082228,10,2
2,1.0,100000000.0,0.0,1.4901161193847656e-08,0.0,161.10080009093508,0.20914585013527778,94,False,1.1870435571154587,0.23959006369113922,0.0,2.5,0.034343868494033813,1.4901161193847656e-08,2,-0.6980947185265295,49152.0,491520.0,3,,209.14585013527778,0.14375,3.6374345123767853,48.0450500443427,10,2
2,0.9999999403953552,100000000.0,5.960464477539063e-08,0.0,0.0,195.02689997898415,0.33109341387810276,95,False,1.267520523640869,0.16393403708934784,1.6,5.0,0.03284001350402832,0.0,2,-0.7993069687594859,134348.8,1343488.0,1,,331.09341387810275,0.1359375,3.6301440715789797,210.27861390668986,10,2
2,1.0,100000000.0,0.0,3.725290298461914e-09,0.0,190.81200001528487,0.45050447206089367,95,False,1.2264703519407119,0.19801458716392517,2.4,4.2,0.020305149257183075,3.725290298461914e-09,2,-0.8384874157260931,176947.2,1769472.0,2,,450.50447206089365,0.1296875,3.5756784439086915,259.6924720456088,10,2
2,1.0,100000000.0,0.0,0.0,0.0,160.5868999613449,0.1808131870927724,95,False,1.169382201527847,0.218467578291893,0.0,3.0,0.05192974954843521,0.0,2,-0.6750976943103097,49152.0,491520.0,3,,180.81318709277238,0.128125,3.6133601665496826,20.34865446015216,10,2
2,1.0,100000000.0,0.0,3.725290298461914e-09,0.0,160.97559995250776,0.495369129412064,96,False,1.2275923711905707,0.30301743745803833,2.0,5.0,0.03078620508313179,3.725290298461914e-09,2,-0.8614807540266076,155648.0,1556480.0,1,,495.369129412064,0.1375,3.5775655806064606,337.1930293559112,10,2
2,0.9999999403953552,100000000.0,5.960464477539063e-08,0.0,0.0,161.22499998891726,0.21198785022378785,96,False,1.154107377656134,0.19390231370925903,0.0,2.5,0.026430988684296608,0.0,2,-0.6830476139399608,49152.0,491520.0,2,,211.98785022378786,0.1484375,3.7181893587112427,50.76285023487059,10,2
2,1.0,100000000.0,0.0,7.450580596923828e-09,0.0,261.95200002985075,0.32599862202082786,96,False,1.6723572363068375,0.3419477641582489,0.0,3.8,0.024291250854730606,7.450580596923828e-09,2,-0.9991779366144133,49152.0,491520.0,3,,325.99862202082784,0.11875,3.6537659883499147,64.04662199097707,10,2
2,1.0,100000000.0,0.0,0.0,0.0,379.0417999844067,0.9409591461557114,97,False,1.36844465090009,0.34760355949401855,4.0,5.0,0.012711206451058388,0.0,2,-1.1547018985279007,262144.0,2621440.0,1,,940.9591461557114,0.1421875,3.5629341125488283,561.9173461713048,10,2
2,1.0,100000000.0,0.0,0.0,0.0,227.26579994196072,0.43090348551565527,97,False,1.3842851110495789,0.3863321542739868,4.0,5.7,0.025732554495334625,0.0,2,-0.9075942982826171,262144.0,2621440.0,2,,430.9034855156553,0.1359375,3.7034092605113984,272.73443289436665,10,2
2,0.9999999403953552,100000000.0,5.960464477539063e-08,0.0,0.0,191.41699996544048,0.233572585693277,97,False,1.2557839039308505,0.22078709304332733,1.6,4.2,0.031109385192394257,0.0,2,-0.7446782448120637,134348.8,1343488.0,3,,233.57258569327698,0.1171875,3.6929378628730776,111.67301072147237,10,2
2,1.0,100000000.0,0.0,4.0978193283081055e-08,0.0,227.23270009737462,0.26789307678882524,98,False,1.4860090117578073,0.25627684593200684,1.2,5.0,0.028463806957006454,4.0978193283081055e-08,2,-0.8769510852515096,113049.6,1130496.0,1,,267.8930767888252,0.1484375,3.5399847269058227,101.05709123671652,10,2
2,0.9999999403953552,100000000.0,5.960464477539063e-08,0.0,0.0,191.00100005744025,0.2547941163424305,98,False,1.2499611804384378,0.29625698924064636,1.6,4.2,0.023820873349905014,0.0,2,-0.7523776483904342,134348.8,1343488.0,2,,254.7941163424305,0.1453125,3.5675491809844972,133.1370163019649,10,2
2,1.0,100000000.0,0.0,9.313225746154785e-09,0.0,190.56020001880825,0.3113769466299814,98,False,1.1723875990855168,0.2691631317138672,1.6,3.6,0.025468463078141212,9.313225746154785e-09,2,-0.7418822821709748,134348.8,1343488.0,3,,311.3769466299814,0.11875,3.5992904186248778,190.15534670420632,10,2
2,1.0,100000000.0,0.0,0.0,0.0,263.65039992379025,0.42815920727072565,99,False,1.8656200635739577,0.25174975395202637,0.8,2.6,0.02175202965736389,0.0,2,-1.1468896354223417,91750.4,917504.0,1,,428.15920727072563,0.146875,3.591566562652588,357.422307240556,10,2
2,1.0,100000000.0,0.0,5.029141902923584e-08,0.0,191.05429999763146,0.477732235684317,99,False,1.199261183837296,0.2852892279624939,1.6,4.2,0.01612134836614132,5.029141902923584e-08,2,-0.8384967600522255,134348.8,1343488.0,2,,477.732235684317,0.1453125,3.555290770530701,356.9614356404882,10,2
2,1.0,100000000.0,0.0,0.0,0.0,188.52180003887042,0.34350184627611446,99,False,1.2124492596217002,0.24451613426208496,4.0,6.0,0.02601509727537632,0.0,2,-0.7779755529489074,262144.0,2621440.0,3,,343.50184627611446,0.1234375,3.549343264102936,220.20914629603058,10,2
7,1.0,100000000.0,0.0,0.0,0.0,93.04010000778362,0.2309326927462773,100,False,6.549136493924946,0.3672274649143219,1.6,3.9,0.017513636499643326,0.0,5,-3.3900345933356117,134348.8,1343488.0,1,0.1078125,230.93269274627733,0.15,3.466053766012192,137.8925927384937,10,5
2,1.0,20000000.0,0.0,0.0,0.0,188.58430004911497,1.1406666997394335,100,False,1.2025633318134168,0.18036003410816193,4.0,5.4,0.03375094383955002,0.0,2,-1.1716150157764251,262144.0,2621440.0,2,0.1078125,1140.6666997394334,0.1609375,3.4995482683181764,952.0823996903187,10,2
2,0.9999999403953552,100000000.0,5.960464477539063e-08,0.0,0.0,160.3447000379674,0.21531205468387205,100,False,1.2024035600094045,0.3420203626155853,0.0,4.0,0.019176753237843513,0.0,2,-0.7088578073466383,49152.0,491520.0,3,0.1078125,215.31205468387205,0.15,3.558693587779999,54.967354645904635,10,2
7,1.0,100000000.0,0.0,7.450580596923828e-09,0.0,161.50750004453585,0.25045521036240564,101,False,6.9969162560518905,0.21667568385601044,3.3,5.0,0.03888391703367233,7.450580596923828e-09,5,-3.6236857406577285,132710.4,1327104.0,1,,250.45521036240564,0.1234375,3.6830224990844727,91.60873116132525,10,5
2,0.9999999403953552,20000000.0,5.960464477539063e-08,0.0,0.0,190.15980005497113,0.6135598034353411,101,False,1.1551852495388437,0.3525514304637909,2.0,4.2,0.02224046364426613,0.0,2,-0.8843725264870924,81920.0,819200.0,2,,613.5598034353411,0.1203125,3.6601385712623595,423.40000338037004,10,2
2,1.0,100000000.0,0.0,0.0,0.0,160.54770001210272,0.18661403312646696,101,False,1.25995297639621,0.1857907772064209,0.0,2.5,0.03579491749405861,0.0,2,-0.7232835047613385,49152.0,491520.0,3,,186.61403312646695,0.125,3.6881774365901947,26.066333114364227,10,2
7,1.0,100000000.0,0.0,0.0,0.0,124.18699997942895,0.1666378310731213,102,False,4.650411135503114,0.2667621076107025,0.4,3.2,0.017984746024012566,0.0,4,-2.4085244832881174,70451.2,704512.0,1,,166.6378310731213,0.1234375,3.5093865215778353,56.298963695561724,10,4
2,1.0,20000000.0,0.0,0.0,0.0,264.14770004339516,1.9579279957404234,102,False,1.5291766549687995,0.21918725967407227,2.4,4.6,0.03280634060502052,0.0,2,-1.7435523253546115,429260.8,4292608.0,2,,1957.9279957404235,0.16875,3.557524120807648,1693.7802956970284,10,2
2,1.0,100000000.0,0.0,2.60770320892334e-08,0.0,190.9230999299325,0.2472466754085935,102,False,1.2594322737403316,0.2371242791414261,0.0,3.0,0.020748618990182877,2.60770320892334e-08,2,-0.7533395006514947,49152.0,491520.0,3,,247.2466754085935,0.103125,3.7118165254592896,99.17506867336652,10,2
7,1.0,100000000.0,0.0,0.0,0.0,258.92229995224625,0.48621583478356795,103,False,6.812841973677779,0.30788251757621765,3.6,5.3,0.01903023011982441,0.0,5,-3.6495289042306736,240844.8,2408448.0,1,,486.21583478356797,0.140625,3.454802191257477,274.1944568150669,10,5
2,1.0,20000000.0,0.0,4.470348358154297e-08,0.0,160.84919997956604,0.6689884685197424,103,False,1.1260010353334395,0.283875972032547,0.0,4.5,0.017456432804465294,4.470348358154297e-08,2,-0.8974947966300746,49152.0,491520.0,2,,668.9884685197424,0.1203125,3.6079063415527344,510.88076846055196,10,2
2,1.0,100000000.0,0.0,2.2351741790771484e-08,0.0,190.81480003660545,0.3533324169457318,103,False,1.2006177441126085,0.3001520335674286,1.6,3.6,0.02178068459033966,2.2351741790771484e-08,2,-0.776975102880912,134348.8,1343488.0,3,,353.33241694573184,0.14375,3.5557421445846558,231.39141695540263,10,2
7,0.9999999403953552,100000000.0,5.960464477539063e-08,0.0,0.0,92.29380002943799,0.26380477181173845,104,False,11.359437467964412,0.2946898937225342,2.0,4.2,0.0270307008177042,0.0,7,-5.811621119888075,155648.0,1556480.0,1,,263.8047718117384,0.0953125,3.604065901041031,204.61347180189549,10,7
2,1.0,20000000.0,0.0,4.284083843231201e-08,0.0,191.7892000055872,0.3660922101056971,104,False,1.183211536550634,0.36311963200569153,0.0,2.6,0.02679414115846157,4.284083843231201e-08,2,-0.774651916169004,49152.0,491520.0,2,,366.09221010569706,0.15,3.5800222516059876,204.21688631753065,10,2
2,1.0,100000000.0,0.0,0.0,0.0,191.56110007315874,0.2390852932333889,104,False,1.2405446340836013,0.30998218059539795,0.0,3.0,0.0215209499001503,0.0,2,-0.7398149636584951,49152.0,491520.0,3,,239.08529323338888,0.16875,3.544514799118042,117.77919324626572,10,2
7,0.9999999403953552,100000000.0,5.960464477539063e-08,0.0,0.0,92.5680999062024,0.19975372814684725,105,False,8.64892294994444,0.1724759340286255,2.4,4.9,0.04030187427997589,0.0,6,-4.424338339045644,176947.2,1769472.0,1,,199.75372814684724,0.153125,3.510070025920868,138.05592814338942,10,6
2,1.0,20000000.0,0.0,2.2351741790771484e-08,0.0,190.7690999796614,0.7856285190639853,105,False,1.1889193738276989,0.3371422290802002,2.4,4.8,0.038206808269023895,2.2351741790771484e-08,2,-0.9872739687975839,176947.2,1769472.0,2,,785.6285190639853,0.1328125,3.5756378769874573,594.8594190843239,10,2
2,0.9999999403953552,100000000.0,5.960464477539063e-08,0.0,0.0,190.70019997889176,0.2229664234272069,105,False,1.2768945202378825,0.24327343702316284,1.6,3.6,0.04302670806646347,0.0,2,-0.7499304718325447,134348.8,1343488.0,3,,222.9664234272069,0.15625,3.5504870772361756,84.19211305385483,10,2
7,1.0,100000000.0,0.0,0.0,0.0,92.22780005075037,0.32413414943267793,106,False,8.843504907196174,0.24791279435157776,1.6,4.1,0.02078351564705372,0.0,6,-4.583819528314426,134348.8,1343488.0,1,,324.13414943267793,0.1125,3.6226631581783293,252.30334945491717,10,6
2,1.0,20000000.0,0.0,7.450580596923828e-09,0.0,263.87720002094284,0.446198626764884,106,False,1.529967823099216,0.20127658545970917,0.0,2.6,0.02212807536125183,7.450580596923828e-09,2,-0.9880832323826305,49152.0,491520.0,2,,446.19862676488395,0.13125,3.683985102176666,211.4276890451058,10,2
2,1.0,100000000.0,0.0,3.3527612686157227e-08,0.0,190.1539999525994,0.48680429063837005,106,False,1.2691473990277813,0.2859678566455841,2.4,4.8,0.018101897090673447,3.3527612686157227e-08,2,-0.8779758783606884,176947.2,1769472.0,3,,486.80429063837005,0.1421875,3.5374314427375793,296.65029068577064,10,2
7,1.0,100000000.0,0.0,7.450580596923828e-09,0.0,123.71020001592115,0.3358086135677439,107,False,6.643201307003768,0.21147093176841736,3.8,5.7,0.026712246239185333,7.450580596923828e-09,5,-3.4895049677363366,340787.2,3407872.0,1,,335.80861356774386,0.1203125,3.6340456008911133,265.53681923975034,10,5
2,1.0,20000000.0,0.0,0.0,0.0,190.85779995657504,0.7991169642339907,107,False,1.1335237032639263,0.21274395287036896,1.6,3.6,0.02824263833463192,0.0,2,-0.9663203337489585,134348.8,1343488.0,2,,799.1169642339908,0.1359375,3.575869584083557,677.5250643407442,10,2
2,1.0,100000000.0,0.0,3.5390257835388184e-08,0.0,190.6336999963969,0.2517255142218262,107,False,1.1714733090883267,0.3069358170032501,0.0,3.0,0.014946507290005684,3.5390257835388184e-08,2,-0.7115994470453343,49152.0,491520.0,3,,251.72551422182622,0.134375,3.4726421356201174,61.091814225429324,10,2
7,0.9999999403953552,100000000.0,5.960464477539063e-08,5.587935447692871e-09,0.0,92.37369999755174,0.3492071551593906,108,False,8.928539579666849,0.3471842408180237,2.6,4.5,0.02739187516272068,5.587935447692871e-09,6,-4.638873373001055,150732.8,1507328.0,1,,349.2071551593906,0.1125,3.5320425391197205,279.89515515248763,10,6
2,1.0,20000000.0,0.0,0.0,0.0,263.9985000132583,2.7857380677426793,108,False,1.406494440968343,0.3009330630302429,4.8,5.8,0.03404856473207474,0.0,2,-2.096116254355511,157286.4,1572864.0,2,,2785.7380677426795,0.1390625,3.575928258895874,2715.292367776167,10,2
2,1.0,100000000.0,0.0,2.9802322387695312e-08,0.0,161.45899990806356,0.39351917255970276,108,False,1.1711268205599439,0.2517743706703186,2.5,4.5,0.01693524420261383,2.9802322387695312e-08,2,-0.7823230263621457,90112.0,901120.0,3,,393.5191725597028,0.171875,3.486194610595703,232.0601726516392,10,2
7,1.0,100000000.0,0.0,0.0,0.0,386.04490004945546,0.4400452321568724,109,False,6.639783295718992,0.2794530391693115,0.8,2.9,0.029139511287212372,0.0,5,-3.5399142639379324,91750.4,917504.0,1,,440.04523215687243,0.1171875,3.565722608566284,125.26291528298376,10,5
2,1.0,20000000.0,0.0,6.705522537231445e-08,0.0,227.73930005496368,2.183553298958287,109,False,1.4619036875221045,0.23350515961647034,4.0,6.0,0.016760818660259247,6.705522537231445e-08,2,-1.822728560295421,262144.0,2621440.0,2,,2183.553298958287,0.1453125,3.5761916995048524,1955.8139989033232,10,2
2,1.0,100000000.0,0.0,9.220093488693237e-08,0.0,227.13689994998276,0.3218594275187501,109,False,1.3237736262146282,0.36311033368110657,0.0,5.1,0.013698083348572254,9.220093488693237e-08,2,-0.822816619067624,49152.0,491520.0,3,,321.85942751875007,0.1578125,3.5106232523918153,94.7225275687673,10,2
7,1.0,100000000.0,0.0,3.725290298461914e-09,0.0,72.51210004324093,0.20156152185460116,110,False,8.7456632574257,0.25486716628074646,1.2,3.2,0.030714955180883408,3.725290298461914e-09,6,-4.473612393365441,113049.6,1130496.0,1,0.11640625,201.56152185460115,0.140625,3.5201175987720488,129.44172188814292,10,6
2,1.0,20000000.0,0.0,2.60770320892334e-08,0.0,263.87700001941994,0.4564092629840796,110,False,1.4513873455327733,0.24782554805278778,0.0,2.2,0.033651165664196014,2.60770320892334e-08,2,-0.9538983303354585,49152.0,491520.0,2,0.11640625,456.4092629840796,0.1546875,3.651848793029785,192.53226296465962,10,2
2,1.0,100000000.0,0.0,4.0978193283081055e-08,0.0,228.06940006557852,0.4684712089841878,110,False,1.3557888297009764,0.44713228940963745,2.8,5.1,0.02676941640675068,4.0978193283081055e-08,2,-0.9121300603207754,198246.4,1982464.0,3,0.11640625,468.4712089841878,0.1375,3.617015928030014,240.4018089186093,10,2
7,1.0,100000000.0,0.0,2.2351741790771484e-08,0.0,124.70289994962513,0.18325754199481764,111,False,8.891612897654404,0.5095535516738892,0.0,2.9,0.016748296096920967,2.2351741790771484e-08,6,-4.537435242176353,49152.0,491520.0,1,,183.25754199481764,0.146875,3.56548872590065,58.554642045192494,10,6
2,1.0,20000000.0,0.0,5.587935447692871e-09,0.0,160.87110002990812,0.6000440215126437,111,False,1.222320868328768,0.3042241632938385,0.0,2.5,0.017392143607139587,5.587935447692871e-09,2,-0.9111824505086413,49152.0,491520.0,2,,600.0440215126437,0.125,3.7521259486675262,441.62482146805263,10,2
2,1.0,100000000.0,0.0,9.313225746154785e-09,0.0,263.5805998579599,0.31077600176015374,111,False,1.6409770592054105,0.2645496428012848,0.0,2.0,0.023762693628668785,9.313225746154785e-09,2,-0.9758765397960079,49152.0,491520.0,3,,310.77600176015375,0.1375,3.6487716674804687,47.19540190219387,10,2
7,1.0,100000000.0,0.0,3.3527612686157227e-08,0.0,92.76680008042604,0.59219576354137,112,False,8.970569640121356,0.30655786395072937,1.4,3.8,0.030210379511117935,3.3527612686157227e-08,6,-4.781382735358976,312934.4,3129344.0,1,,592.1957635413701,0.1453125,3.459517550468445,519.3355635250764,10,6
2,1.0,20000000.0,0.0,5.21540641784668e-08,0.0,160.6364999897778,0.6552679842526943,112,False,1.1195059486243384,0.18884487450122833,2.0,4.0,0.04362276941537857,5.21540641784668e-08,2,-0.8873870185925805,155648.0,1556480.0,2,,655.2679842526943,0.171875,3.5079989433288574,496.7687841810204,10,2
2,1.0,100000000.0,0.0,2.9802322387695312e-08,0.0,227.23359998781234,0.273386905381681,112,False,1.3507636123426239,0.25345325469970703,1.2,3.9,0.02654481679201126,2.9802322387695312e-08,2,-0.8120752886644749,113049.6,1130496.0,3,,273.386905381681,0.1453125,3.5335691034793855,179.95981226835892,10,2
7,1.0,100000000.0,0.0,2.2351741790771484e-08,0.0,93.95349997794256,0.3352423826220652,113,False,4.697053108174916,0.22094637155532837,1.2,3.8,0.03017977625131607,2.2351741790771484e-08,4,-2.5161477677502324,113049.6,1130496.0,1,,335.2423826220652,0.153125,3.456550085544586,241.28888264412265,10,4
2,1.0,20000000.0,0.0,2.9802322387695312e-08,0.0,190.427900000941,0.41629189499184727,113,False,1.2305167248438724,0.20790593326091766,0.0,2.0,0.02582933008670807,2.9802322387695312e-08,2,-0.8234043397201822,49152.0,491520.0,2,,416.29189499184724,0.1671875,3.4639582872390746,225.86399499090624,10,2
2,1.0,100000000.0,0.0,3.91155481338501e-08,0.0,191.24170008581132,0.23490004665779457,113,False,1.251074734314836,0.24056215584278107,0.0,3.0,0.027554774656891823,3.91155481338501e-08,2,-0.7429874296018635,49152.0,491520.0,3,,234.90004665779458,0.15625,3.5063188910484313,43.65834657198324,10,2
7,1.0,100000000.0,0.0,0.0,0.0,91.9488999643363,0.14589015455828988,114,False,8.540248414632542,0.20126163959503174,1.2,3.8,0.027557373046875,0.0,6,-4.3430692845954155,113049.6,1130496.0,1,,145.89015455828988,0.1234375,3.4873321890830993,72.97895461931833,10,6
2,1.0,20000000.0,0.0,4.470348358154297e-08,0.0,227.03990008449182,1.5483660462621849,114,False,1.3608139781016004,0.24578826129436493,4.0,6.0,0.021304093301296234,4.470348358154297e-08,2,-1.4545900568853762,262144.0,2621440.0,2,,1548.366046262185,0.1390625,3.4570118308067324,1321.326146177693,10,2
2,1.0,100000000.0,0.0,0.0,0.0,227.12989995488897,0.25430266056554307,114,False,1.3157851693889713,0.1976241022348404,1.2,3.2,0.041727907955646515,0.0,2,-0.7850439149772572,113049.6,1130496.0,3,,254.30266056554308,0.1765625,3.4165298700332642,86.07476454324949,10,2
7,1.0,100000000.0,0.0,9.313225746154785e-09,0.0,157.59929997147992,0.19437080987824013,115,False,8.93295491306817,0.28850260376930237,2.0,3.6,0.022493677213788033,9.313225746154785e-09,6,-4.56366287078643,81920.0,819200.0,1,,194.37080987824012,0.1296875,3.580443835258484,71.75400080880324,10,6
2,1.0,20000000.0,0.0,0.0,0.0,190.84519997704774,0.30701285280600865,115,False,1.1887592380795158,0.1495145559310913,0.0,3.0,0.0553542822599411,0.0,2,-0.7478860454427623,49152.0,491520.0,2,,307.01285280600865,0.1484375,3.5229421615600587,116.1676528289609,10,2
2,0.9999999403953552,100000000.0,5.960464477539063e-08,0.0,0.0,190.19049999769777,0.24044985848182268,115,False,1.2175025876964944,0.26653116941452026,0.0,2.6,0.02449001371860504,0.0,2,-0.7289762230891585,49152.0,491520.0,3,,240.44985848182267,0.153125,3.545930099487305,50.25935848412492,10,2
7,1.0,100000000.0,0.0,0.0,0.0,93.67609996115789,0.10983161465018303,116,False,7.113981410281507,0.21598023176193237,0.4,2.6,0.033892445266246796,0.0,5,-3.611906512465845,70451.2,704512.0,1,,109.83161465018303,0.15625,3.3861277639865874,36.226259397260165,10,5
2,0.9999999403953552,20000000.0,5.960464477539063e-08,1.862645149230957e-09,0.0,227.14929992798716,0.4123823945101416,116,False,1.2152040688960142,0.20428450405597687,1.2,3.9,0.025285668671131134,1.862645149230957e-09,2,-0.813793233565723,113049.6,1130496.0,2,,412.3823945101416,0.159375,3.520175874233246,302.932239133463,10,2
2,1.0,100000000.0,0.0,2.1420419216156006e-08,0.0,161.26280004391447,0.40166706521188517,116,False,1.1790849939623274,0.25057491660118103,2.0,4.0,0.015530639328062534,2.1420419216156006e-08,2,-0.7903760510075255,155648.0,1556480.0,3,,401.6670652118852,0.1890625,3.4055472910404205,243.34346525495548,10,2
7,1.0,100000000.0,0.0,0.0,0.0,93.77469995524734,0.11238738060853148,117,False,4.253515656119555,0.22694039344787598,0.0,2.0,0.031934693455696106,0.0,4,-2.1829515183640433,49152.0,491520.0,1,,112.38738060853149,0.171875,3.4724546551704405,38.00568357227017,10,4
2,1.0,20000000.0,0.0,4.0978193283081055e-08,0.0,225.25200003292412,1.5220876222985245,117,False,1.4678958889711664,0.2156689316034317,2.8,4.8,0.03649390488862991,4.0978193283081055e-08,2,-1.4949917966130388,198246.4,1982464.0,2,,1522.0876222985244,0.184375,3.368772900104523,1296.8356222656003,10,2
2,1.0,100000000.0,0.0,0.0,0.0,161.452200030908,0.35828688848765544,117,False,1.2055523311244962,0.24209430813789368,4.5,6.0,0.02834566868841648,0.0,2,-0.7819196098060759,196608.0,1966080.0,3,,358.28688848765546,0.1578125,3.4560605883598328,196.83468845674747,10,2
7,1.0,100000000.0,0.0,1.1175870895385742e-08,0.0,93.5139000066556,0.15778435390335893,118,False,6.483983452315644,0.41532307863235474,0.4,2.8,0.036505669355392456,1.1175870895385742e-08,5,-3.320883914285372,70451.2,704512.0,1,,157.78435390335892,0.1453125,3.4044519782066347,102.82075389647311,10,5
2,1.0,20000000.0,0.0,5.4016709327697754e-08,0.0,227.3892000084743,0.36144918397040293,118,False,1.2297122346882363,0.2754308581352234,0.0,2.7,0.025662416592240334,5.4016709327697754e-08,2,-0.795580763346029,49152.0,491520.0,2,,361.44918397040294,0.159375,3.498941481113434,238.2711907475352,10,2
2,0.9999999403953552,100000000.0,5.960464477539063e-08,7.450580596923828e-09,0.0,188.33949998952448,0.2142235695990947,118,False,1.1422607178109894,0.2028169333934784,0.0,2.6,0.03955826163291931,7.450580596923828e-09,2,-0.6782421511556226,49152.0,491520.0,3,,214.2235695990947,0.1625,3.4977144241333007,25.884069609570215,10,2
7,0.9999999403953552,100000000.0,5.960464477539063e-08,0.0,0.0,92.949099955149,0.35052150189545495,119,False,6.6335783729738225,0.23237231373786926,1.6,3.7,0.02705102227628231,0.0,5,-3.4920499374346385,134348.8,1343488.0,1,,350.52150189545495,0.15,3.498174786567688,295.0342019753952,10,5
2,1.0,20000000.0,0.0,3.725290298461914e-09,0.0,161.00749996257946,1.4831254720837208,119,False,1.1091855138573739,0.34790894389152527,4.0,6.0,0.021353643387556076,3.725290298461914e-09,2,-1.2961554966958375,262144.0,2621440.0,2,,1483.1254720837208,0.16875,3.449630081653595,1322.1179721211413,10,2
2,1.0,100000000.0,0.0,0.0,0.0,161.52769996551797,0.25184766635514516,119,False,1.2022066052090614,0.23272396624088287,0.0,3.0,0.026186669245362282,0.0,2,-0.7270271357821033,49152.0,491520.0,3,,251.84766635514515,0.1625,3.521812617778778,93.70066640415882,10,2
7,1.0,100000000.0,0.0,4.470348358154297e-08,0.0,93.51489995606244,0.2484099827495215,120,False,9.228327293446707,0.215627059340477,1.3,3.7,0.0385751910507679,4.470348358154297e-08,6,-4.738368682801598,99942.4,999424.0,1,0.11171875,248.4099827495215,0.1625,3.4559201657772065,175.98508278818778,10,6
2,1.0,20000000.0,0.0,1.1175870895385742e-08,0.0,191.69340003281832,1.5719762289169854,120,False,1.2116804216000436,0.19620724022388458,4.4,5.4,0.02943122759461403,1.1175870895385742e-08,2,-1.3918283364343855,209715.2,2097152.0,2,0.11171875,1571.9762289169855,0.175,3.4609034657478333,1380.2828288841672,10,2
2,0.9999999403953552,100000000.0,5.960464477539063e-08,0.0,0.0,227.32629999518394,0.2487026774137392,120,False,1.2591400064467737,0.24095501005649567,1.5,3.9,0.047923073172569275,0.0,2,-0.7539213419302564,73728.0,737280.0,3,0.11171875,248.7026774137392,0.1484375,3.5115380704402925,90.10766030740217,10,2
7,1.0,100000000.0,0.0,0.0,0.0,264.3503000144847,0.287254852756378,121,False,8.618125737955658,0.19952897727489471,0.4,2.5,0.04727187752723694,0.0,6,-4.452690295356018,70451.2,704512.0,1,,287.254852756378,0.1265625,3.585248905420303,76.34543439999582,10,6
2,1.0,20000000.0,0.0,2.2351741790771484e-08,0.0,225.2601000946015,0.4965633741778196,121,False,1.3608139781016004,0.42371052503585815,0.0,2.0,0.024858810007572174,2.2351741790771484e-08,2,-0.9286886984914517,49152.0,491520.0,2,,496.5633741778196,0.1625,3.5286283075809477,271.30327408321807,10,2
2,1.000000238418579,100000000.0,-2.384185791015625e-07,1.2759119272232056e-07,0.0,190.21949998568743,0.9056746098423059,121,False,1.2490221406632371,0.4967772364616394,1.6,4.2,0.014962922781705856,1.2759119272232056e-07,2,-1.0773485028439642,134348.8,1343488.0,3,,905.6746098423058,0.128125,3.6590816497802736,715.4551098566184,10,2
7,1.0,100000000.0,0.0,0.0,0.0,161.52710001915693,0.5319714719030849,122,False,5.193743572537967,0.1968003213405609,3.2,5.2,0.01392667181789875,0.0,4,-2.862857522220526,219545.6,2195456.0,1,,531.9714719030849,0.1703125,3.3970198571681975,370.444371883928,10,4
2,1.0,20000000.0,0.0,0.0,0.0,188.94180009374395,0.38741620801564947,122,False,1.22222727080098,0.22890493273735046,0.0,4.4,0.015904270112514496,0.0,2,-0.8048217394083148,49152.0,491520.0,2,,387.4162080156495,0.16875,3.4271504044532777,262.5035080401105,10,2
2,1.0,100000000.0,0.0,0.0,0.0,191.53090007603168,0.26792924933976553,122,False,1.185140154186893,0.16478291153907776,0.0,2.6,0.024807073175907135,0.0,2,-0.7265347017633292,49152.0,491520.0,3,,267.92924933976553,0.14375,3.5927181959152223,76.39834926373385,10,2
7,1.0,100000000.0,0.0,2.2351741790771484e-08,0.0,90.65480000572279,0.2138329993346367,123,False,6.395350724355509,0.27255991101264954,1.6,3.8,0.04479805380105972,2.2351741790771484e-08,5,-3.3045918841968147,134348.8,1343488.0,1,,213.8329993346367,0.159375,3.44119508266449,123.1781993289139,10,5
2,1.0,20000000.0,0.0,2.421438694000244e-08,0.0,188.4905999759212,1.5095135064760887,123,False,1.2813560567133853,0.235886812210083,1.6,4.2,0.02576913870871067,2.421438694000244e-08,2,-1.395434805809124,134348.8,1343488.0,2,,1509.5135064760887,0.190625,3.391848564147949,1384.3301064765744,10,2
2,1.0,100000000.0,0.0,0.0,0.0,162.87699999520555,0.20926091250898451,123,False,1.1629387257794974,0.21336406469345093,0.0,3.0,0.01892998069524765,0.0,2,-0.686099819144241,49152.0,491520.0,3,,209.26091250898452,0.153125,3.469224691390991,51.26661249837042,10,2
7,1.0,100000000.0,0.0,0.0,0.0,73.63939995411783,0.13964414699735223,124,False,10.714089891203376,0.18046492338180542,1.2,3.2,0.05928964912891388,0.0,7,-5.426867019100364,113049.6,1130496.0,1,,139.64414699735224,0.1546875,3.3936861038208006,78.61434695810183,10,7
2,1.0,20000000.0,0.0,2.2351741790771484e-08,0.0,227.42379998089746,0.940941285192863,124,False,1.2395576147199947,0.19800356030464172,2.8,5.1,0.048005491495132446,2.2351741790771484e-08,2,-1.0902494723081706,198246.4,1982464.0,2,,940.941285192863,0.2,3.405195426940918,713.5174852119655,10,2
2,1.0,100000000.0,0.0,4.284083843231201e-08,0.0,191.52229995233938,0.37183709991912983,124,False,1.2559909043747868,0.28919538855552673,2.4,4.8,0.03097846917808056,4.284083843231201e-08,2,-0.8139140449877967,176947.2,1769472.0,3,,371.83709991912986,0.1375,3.514137637615204,180.31479996679045,10,2
7,1.0,100000000.0,0.0,0.0,0.0,93.87889999197796,0.1811632197268864,125,False,6.903728121220453,0.28482213616371155,1.9,3.8,0.047626249492168427,0.0,5,-3.5424456704736698,95027.2,950272.0,1,,181.1632197268864,0.1609375,3.468424159288406,87.28431973490844,10,5
2,1.0,20000000.0,0.0,0.0,0.0,263.69159994646907,0.7602085962235707,125,False,1.4503785179184385,0.15980063378810883,3.2,5.4,0.0225418321788311,0.0,2,-1.1052935570710045,219545.6,2195456.0,2,,760.2085962235707,0.1828125,3.4242004990577697,496.51699627710167,10,2
2,0.9999999403953552,100000000.0,5.960464477539063e-08,0.0,0.0,191.01549993501976,0.670703761426702,125,False,1.1723875990855168,0.27423524856567383,4.0,6.0,0.02080383151769638,0.0,2,-0.9215456802561094,262144.0,2621440.0,3,,670.7037614267019,0.1671875,3.498940634727478,479.68826149168217,10,2
7,0.9999999403953552,100000000.0,5.960464477539063e-08,2.2351741790771484e-08,0.0,124.41669998224825,0.1639488194604663,126,False,9.21404577554349,0.2283516824245453,1.2,3.4,0.023876428604125977,2.2351741790771484e-08,6,-4.68899731985372,113049.6,1130496.0,1,,163.9488194604663,0.1375,3.576333683729172,91.18441941694148,10,6
2,1.0,20000000.0,0.0,2.9802322387695312e-08,0.0,161.5561000071466,0.5204598076638982,126,False,1.21391945769566,0.3098980784416199,0.0,2.0,0.012747328728437424,2.9802322387695312e-08,2,-0.8671896624821015,49152.0,491520.0,2,,520.4598076638982,0.1828125,3.4407821595668793,358.9037076567516,10,2
2,1.0,100000000.0,0.0,0.0,0.0,190.97489991690964,0.34639564153455216,126,False,1.2435150059072622,0.2670031785964966,2.4,4.4,0.035625945776700974,0.0,2,-0.7949553237209072,176947.2,1769472.0,3,,346.39564153455217,0.134375,3.500649106502533,155.4207416176425,10,2
7,1.0,100000000.0,0.0,2.2351741790771484e-08,0.0,163.90939999837428,0.2579719806810535,127,False,8.682141556869691,0.285438597202301,3.8,5.4,0.03265005350112915,2.2351741790771484e-08,6,-4.4700567911271145,140902.4,1409024.0,1,,257.9719806810535,0.178125,3.418369489908218,94.06258068267921,10,6
2,1.0,20000000.0,0.0,5.587935447692871e-09,0.0,227.8163999435492,1.1631836521071364,127,False,1.2128235219702233,0.32529979944229126,4.0,6.0,0.030572785064578056,5.587935447692871e-09,2,-1.1880035926266153,262144.0,2621440.0,2,,1163.1836521071364,0.19375,3.310621792078018,935.3672521635872,10,2
2,1.0,100000000.0,0.0,0.0,0.0,227.76199993677437,0.3408617574648533,127,False,1.3156392974757252,0.24463818967342377,5.0,6.0,0.026345795020461082,0.0,2,-0.8282505274702893,131072.0,1310720.0,3,,340.8617574648533,0.1375,3.604544299840927,113.09975752807895,10,2
7,1.0,100000000.0,0.0,0.0,0.0,125.01109996810555,0.17164648039555838,128,False,6.840345060358382,0.3756560981273651,0.5,3.3,0.022933822125196457,0.0,5,-3.50599577037697,57344.0,573440.0,1,,171.64648039555837,0.1515625,3.4333136320114135,46.63538042745283,10,5
2,0.9999999403953552,20000000.0,5.960464477539063e-08,0.0,0.0,161.5557999466546,2.796154748503016,128,False,1.1600020340705024,0.24447402358055115,4.5,6.0,0.025627288967370987,0.0,2,-1.9780783912867592,196608.0,1966080.0,2,,2796.154748503016,0.159375,3.49111607670784,2637.760148412911,10,2
2,0.9999999403953552,100000000.0,5.960464477539063e-08,0.0,0.0,227.75860002730042,0.5812459260261928,128,False,1.2901933172367428,0.21857547760009766,4.0,6.0,0.015667114406824112,0.0,2,-0.9357196216314678,262144.0,2621440.0,3,,581.2459260261928,0.1390625,3.4248534977436065,353.4873259988925,10,2
7,1.0,100000000.0,0.0,0.0,0.0,94.2339000175707,0.32324029197215903,129,False,6.431662035852382,0.2524053752422333,2.4,4.8,0.023271825164556503,0.0,5,-3.37745116391227,176947.2,1769472.0,1,,323.240291972159,0.1625,3.455604147911072,229.00639195458834,10,5
2,0.9999999403953552,20000000.0,5.960464477539063e-08,0.0,0.0,227.06890007248148,1.0496558150755724,129,False,1.3409199178844116,0.2167842835187912,1.2,3.9,0.025382081046700478,0.0,2,-1.195287866479992,113049.6,1130496.0,2,,1049.6558150755723,0.1828125,3.3978105545043946,958.3724150564071,10,2
2,0.9999998807907104,100000000.0,1.1920928955078125e-07,0.0,0.0,191.25400006305426,0.2906098654440475,129,False,1.1940089801757372,0.18945415318012238,4.4,6.0,0.04421374201774597,0.0,2,-0.7423094228098923,209715.2,2097152.0,3,,290.6098654440475,0.15625,3.3736260414123533,99.35586538099322,10,2
7,1.0,100000000.0,0.0,0.0,0.0,92.9554000031203,0.22842843464918594,130,False,8.920058624406273,0.26456037163734436,2.4,4.5,0.048315756022930145,0.0,6,-4.574243529527729,103219.2,1032192.0,1,0.12734375,228.42843464918593,0.1265625,3.4915624082088472,150.58620194526202,10,6
2,0.9999999403953552,20000000.0,5.960464477539063e-08,0.0,0.0,161.59690008498728,1.7230536473687594,130,False,1.0901740024752433,0.277476042509079,4.0,6.0,0.02012612298130989,0.0,2,-1.4066138249220015,262144.0,2621440.0,2,0.12734375,1723.0536473687594,0.20625,3.310933381319046,1561.456747283772,10,2
2,1.0,100000000.0,0.0,3.3527612686157227e-08,0.0,227.19149995828047,0.5114651216500093,130,False,1.2701308142598862,0.21069061756134033,3.5,5.1,0.012667007744312286,3.3527612686157227e-08,2,-0.8907980014825605,106496.0,1064960.0,3,0.12734375,511.46512165000934,0.1734375,3.4894397079944612,284.27362169172886,10,2
7,1.0,100000000.0,0.0,7.450580596923828e-09,0.0,92.82130002975464,0.2737733989821724,131,False,6.544641329665628,0.2427210956811905,2.0,4.5,0.031428053975105286,7.450580596923828e-09,5,-3.4092073717744804,155648.0,1556480.0,1,,273.7733989821724,0.1734375,3.475045996904373,200.50409893579553,10,5
2,1.0,20000000.0,0.0,0.0,0.0,227.47320006601512,1.283888231291168,131,False,1.2740185849287489,0.21274207532405853,2.8,5.1,0.027430476620793343,0.0,2,-1.2789534081099583,198246.4,1982464.0,2,,1283.8882312911678,0.159375,3.562297409772873,1056.4150312251527,10,2
2,1.0,100000000.0,0.0,3.5390257835388184e-08,0.0,227.28649992495775,0.28925312424914496,131,False,1.3683865835700209,0.19579017162322998,1.2,3.9,0.02933649905025959,3.5390257835388184e-08,2,-0.8288198892998407,113049.6,1130496.0,3,,289.25312424914495,0.121875,3.7288168013095855,158.4021743655135,10,2
7,1.0,100000000.0,0.0,2.2351741790771484e-08,0.0,120.84659998072311,0.24068750622492804,132,False,4.767828632519436,0.24134302139282227,1.7,4.2,0.02355380356311798,2.2351741790771484e-08,4,-2.5042580917239237,121241.6,1212416.0,1,,240.68750622492806,0.1609375,3.354672682285309,146.79030615181253,10,4
2,1.0,20000000.0,0.0,0.0,0.0,227.4547999841161,0.4819263859661068,132,False,1.378496370754454,0.347731351852417,0.0,3.0,0.02494581788778305,0.0,2,-0.9302113783602803,49152.0,491520.0,2,,481.9263859661068,0.18125,3.38852818608284,254.4715859819907,10,2
2,1.0,100000000.0,0.0,0.0,0.0,227.56630001822487,0.32262816431733177,132,False,1.3187358605619077,0.2906457781791687,1.2,3.9,0.01866338774561882,0.0,2,-0.8206820124396197,113049.6,1130496.0,3,,322.62816431733177,0.184375,3.3443580746650694,232.71476431085128,10,2
7,1.0,100000000.0,0.0,5.587935447692871e-09,0.0,382.87170010153204,0.6170371699078148,133,False,4.617977462381795,0.2041979283094406,2.8,5.1,0.017546072602272034,5.587935447692871e-09,4,-2.6175073217327403,198246.4,1982464.0,1,,617.0371699078148,0.1625,3.3909876883029937,277.1177169281142,10,4
2,0.9999999403953552,20000000.0,5.960464477539063e-08,0.0,0.0,227.25579992402345,0.6574661832800148,133,False,1.3980253542353491,0.31152501702308655,3.5,5.1,0.023785658180713654,0.0,2,-1.0277457687576819,106496.0,1064960.0,2,,657.4661832800148,0.1953125,3.3257463753223417,430.2103833559914,10,2
2,1.0,100000000.0,0.0,0.0,0.0,227.6484000030905,0.2614717910408235,133,False,1.2701308142598862,0.21331191062927246,1.2,3.9,0.028221700340509415,0.0,2,-0.7658013026503548,113049.6,1130496.0,3,,261.4717910408235,0.1859375,3.3915697157382967,128.05278960638796,10,2
7,1.0,100000000.0,0.0,2.2351741790771484e-08,0.0,124.07249992247671,0.23389912004797012,134,False,6.983508434451801,0.20881158113479614,3.6,5.7,0.038614049553871155,2.2351741790771484e-08,5,-3.6087037996016273,240844.8,2408448.0,1,,233.89912004797011,0.16875,3.3806546092033387,140.08582003163397,10,5
2,0.9999998807907104,20000000.0,1.1920928955078125e-07,0.0,0.0,190.97350002266467,1.5763840355854972,134,False,1.1335237032639263,0.25029247999191284,4.0,6.0,0.026249434798955917,0.0,2,-1.3549538694247119,262144.0,2621440.0,2,,1576.3840355854973,0.1875,3.3144885778427122,1385.4105355628326,10,2
2,1.0000001192092896,100000000.0,-1.1920928955078125e-07,6.705522537231445e-08,0.0,161.74299997510388,0.3319864225095267,134,False,1.1477509375170014,0.20674097537994385,2.5,4.5,0.0380980521440506,6.705522537231445e-08,2,-0.7398687470684895,90112.0,901120.0,3,,331.9864225095267,0.1796875,3.4112136363983154,170.2434225344228,10,2
7,1.0,100000000.0,0.0,5.587935447692871e-08,0.0,124.25970006734133,0.36438628804933637,135,False,9.216400309689204,0.22867727279663086,2.0,4.5,0.019012099131941795,5.587935447692871e-08,6,-4.790393354748625,155648.0,1556480.0,1,,364.3862880493364,0.1515625,3.34124413728714,293.34928800415605,10,6
2,1.0,20000000.0,0.0,9.313225746154785e-09,0.0,264.2254999955185,1.298989367716618,135,False,1.406494440968343,0.20522822439670563,4.0,6.0,0.028785793110728264,9.313225746154785e-09,2,-1.3527419136557062,262144.0,2621440.0,2,,1298.989367716618,0.1859375,3.4252965092658996,1034.7638677210996,10,2
2,0.9999999403953552,100000000.0,5.960464477539063e-08,0.0,0.0,264.46509995730594,0.862437728316105,135,False,1.6613452531000452,0.22717905044555664,4.0,6.0,0.015850730240345,0.0,2,-1.2618914907080752,262144.0,2621440.0,3,,862.437728316105,0.1703125,3.390503633022308,597.972628358799,10,2
7,0.9999999403953552,100000000.0,5.960464477539063e-08,0.0,0.0,125.59340003645048,0.24991348440166394,136,False,6.906227098903433,0.2063748836517334,2.4,4.8,0.03204794228076935,0.0,5,-3.5780702916525486,176947.2,1769472.0,1,,249.91348440166394,0.1703125,3.3776228427886963,191.19078440930525,10,5
2,1.0,20000000.0,0.0,2.2351741790771484e-08,0.0,264.0387999708764,1.0335737056365595,136,False,1.7687239447120855,0.19089417159557343,4.0,6.0,0.04235740751028061,2.2351741790771484e-08,2,-1.4011488475260643,262144.0,2621440.0,2,,1033.5737056365595,0.19375,3.4512603640556336,769.5349056656831,10,2
2,1.0,100000000.0,0.0,1.6763806343078613e-08,0.0,263.6920999502763,0.3061055354802236,136,False,1.6595523850040634,0.20773425698280334,0.0,3.0,0.024982672184705734,1.6763806343078613e-08,2,-0.9828289770059498,49152.0,491520.0,3,,306.10553548022364,0.1796875,3.427508771419525,42.4134355299473,10,2
7,0.9999999403953552,100000000.0,5.960464477539063e-08,0.0,0.0,91.28330001840368,0.26326466708388585,137,False,11.015640497194331,0.2175482213497162,2.1,4.5,0.026569798588752747,0.0,7,-5.639452582139109,142540.8,1425408.0,1,,263.26466708388585,0.16875,3.350406122207642,193.1671670911874,10,7
2,0.9999999403953552,20000000.0,5.960464477539063e-08,0.0,0.0,191.14100001752377,1.2952386274752965,137,False,1.2316384149835873,0.27703195810317993,1.6,3.6,0.023156635463237762,0.0,2,-1.263438521229442,134348.8,1343488.0,2,,1295.2386274752964,0.1625,3.443397355079651,1174.1664274647658,10,2
2,1.0,100000000.0,0.0,3.725290298461914e-09,0.0,227.49220003606752,0.2464125066329965,137,False,1.2893518342620822,0.2288188934326172,0.0,3.0,0.036929357796907425,3.725290298461914e-09,2,-0.7678821741728297,49152.0,491520.0,3,,246.4125066329965,0.1546875,3.4726723194122315,31.481177046367645,10,2
7,0.9999999403953552,100000000.0,5.960464477539063e-08,0.0,0.0,92.80869999201968,0.33433142700289104,138,False,6.833957542573034,0.26703447103500366,2.8,5.1,0.0281016007065773,0.0,5,-3.584144484787963,198246.4,1982464.0,1,,334.331427002891,0.1609375,3.3995170533657073,262.41162692951696,10,5
2,0.9999999403953552,20000000.0,5.960464477539063e-08,0.0,0.0,189.19860001187772,2.071206944930326,138,False,1.1651176820972993,0.25533828139305115,4.0,6.0,0.04282652586698532,0.0,2,-1.6181623135138126,262144.0,2621440.0,2,,2071.2069449303262,0.1796875,3.3938485741615296,1882.008344918448,10,2
2,1.0,100000000.0,0.0,2.9802322387695312e-08,0.0,264.1418000566773,0.3021102011557085,138,False,1.500221799113425,0.28551656007766724,0.8,3.6,0.02755669504404068,2.9802322387695312e-08,2,-0.9011660299368891,91750.4,917504.0,3,,302.1102011557085,0.1671875,3.4372955441474913,47.427994264923925,10,2
7,1.0,100000000.0,0.0,4.0978193283081055e-08,0.0,373.98059997940436,0.4642460653459248,139,False,8.596035161519062,0.17046993970870972,3.8,5.5,0.034116338938474655,4.0978193283081055e-08,6,-4.530140654410687,214630.4,2146304.0,1,,464.24606534592476,0.1765625,3.3077235519886017,288.94877664268034,10,6
2,1.0,20000000.0,0.0,6.332993507385254e-08,0.0,264.6703000064008,2.27201264606373,139,False,1.4513873455327733,0.21860435605049133,4.0,6.0,0.017980996519327164,6.332993507385254e-08,2,-1.8617000591281867,262144.0,2621440.0,2,,2272.0126460637302,0.153125,3.4520410299301147,2007.3423460573295,10,2
2,1.0,100000000.0,0.0,0.0,0.0,190.33339997986332,0.3729067543978697,139,False,1.1988600109927756,0.209452822804451,4.0,6.0,0.027502061799168587,0.0,2,-0.7858833826953227,262144.0,2621440.0,3,,372.9067543978697,0.190625,3.3177966117858886,251.4606543342477,10,2
7,0.9999999403953552,100000000.0,5.960464477539063e-08,0.0,0.0,92.78449992416427,0.42519617764971057,140,False,4.202459261323061,0.20263464748859406,4.0,6.0,0.04335973411798477,0.0,4,-2.313827719486386,262144.0,2621440.0,1,0.14296875,425.1961776497106,0.1546875,3.3903363049030304,332.79097764513295,10,4
2,0.9999999403953552,20000000.0,5.960464477539063e-08,1.4901161193847656e-08,0.0,264.47200000984594,1.018468780479309,140,False,1.6705522654192442,0.26960593461990356,4.0,6.0,0.04082120954990387,1.4901161193847656e-08,2,-1.3445105378504378,262144.0,2621440.0,2,0.14296875,1018.4687804793091,0.1625,3.444067668914795,753.996780469463,10,2
2,1.0,100000000.0,0.0,8.568167686462402e-08,0.0,263.7154999538325,0.5483280872791555,140,False,1.6046244289741098,0.2670201063156128,4.0,6.0,0.02842455729842186,8.568167686462402e-08,2,-1.0764763438083096,262144.0,2621440.0,3,0.14296875,548.3280872791555,0.1703125,3.3885469794273377,284.61258732532303,10,2
7,0.9999999403953552,100000000.0,5.960464477539063e-08,0.0,0.0,92.1057999948971,0.3276715532869465,141,False,6.800027938341108,0.49523064494132996,4.0,5.9,0.02284485287964344,0.0,5,-3.5638497458140272,262144.0,2621440.0,1,,327.6715532869465,0.1484375,3.510247606039047,235.56575329204946,10,5
2,1.0,20000000.0,0.0,2.2351741790771484e-08,0.0,191.3854000158608,0.2984600182923643,141,False,1.0993910121135142,0.17399105429649353,0.0,3.0,0.039389580488204956,2.2351741790771484e-08,2,-0.698925537554681,49152.0,491520.0,2,,298.4600182923643,0.165625,3.5236079335212707,117.1014695094356,10,2
2,0.9999999403953552,100000000.0,5.960464477539063e-08,0.0,0.0,292.27149998769164,0.47372007404861294,141,False,1.9804091543472744,0.3038358688354492,4.1,6.0,0.030369317159056664,0.0,2,-1.2270646141979435,249036.8,2490368.0,3,,473.72007404861296,0.1421875,3.4854368567466736,181.44857406092126,10,2
7,1.0,100000000.0,0.0,0.0,0.0,188.6174000101164,0.8971725487198322,142,False,3.1657691065001696,0.31215542554855347,4.0,6.0,0.023400643840432167,0.0,3,-2.031470827610001,262144.0,2621440.0,1,,897.1725487198322,0.165625,3.359734147787094,708.5551487097158,10,3
2,1.0,20000000.0,0.0,2.2351741790771484e-08,0.0,264.533500012476,0.6829402138255787,142,False,1.4985739847448043,0.21470777690410614,4.0,6.0,0.04783231019973755,2.2351741790771484e-08,2,-1.0907571216369334,262144.0,2621440.0,2,,682.9402138255787,0.184375,3.2789698123931883,489.84014231479046,10,2
2,1.0,100000000.0,0.0,0.0,0.0,161.4481998840347,0.2849050532051683,142,False,1.1711268205599439,0.23885905742645264,4.0,6.0,0.052632302045822144,0.0,2,-0.7280159368825561,262144.0,2621440.0,3,,284.9050532051683,0.2078125,3.346979558467865,126.24555325166736,10,2
7,0.9999998807907104,100000000.0,1.1920928955078125e-07,0.0,0.0,164.68029998941347,0.4144475632786496,143,False,4.663213421440395,0.23188577592372894,4.0,5.8,0.023641400039196014,0.0,4,-2.5388304923595224,262144.0,2621440.0,1,,414.4475632786496,0.1671875,3.351847434043884,249.76726328923613,10,4
2,1.0,20000000.0,0.0,0.0,0.0,227.73109993431717,0.8331622353195685,143,False,1.3641558900291972,0.2953309416770935,4.0,6.0,0.04539737105369568,0.0,2,-1.0986590626743828,262144.0,2621440.0,2,,833.1622353195685,0.1984375,3.2710581600666044,688.2729292064784,10,2
2,1.0,100000000.0,0.0,0.0,0.0,227.31460008071736,0.8759024991269204,143,False,1.2595314587954598,0.23378540575504303,4.0,6.0,0.028066134080290794,0.0,2,-1.0677169789611902,262144.0,2621440.0,3,,875.9024991269205,0.1984375,3.2580204546451568,648.5878990462031,10,2
7,1.0,100000000.0,0.0,0.0,0.0,72.09779997356236,0.2339527488544464,144,False,11.086711917637555,0.23018789291381836,4.1,5.8,0.03371249884366989,0.0,7,-5.660332333246,249036.8,2490368.0,1,,233.95274885444638,0.1921875,3.244169384241104,162.08984886509103,10,7
2,1.0,20000000.0,0.0,9.313225746154785e-09,0.0,191.29689992405474,1.9150958453369094,144,False,1.1627382923011722,0.32216623425483704,4.4,6.0,0.018210019916296005,9.313225746154785e-09,2,-1.5389170781322665,209715.2,2097152.0,2,,1915.0958453369094,0.18125,3.345113289356232,1723.7989454128547,10,2
2,0.9999999403953552,100000000.0,5.960464477539063e-08,0.0,0.0,188.5416999575682,0.4494649054187867,144,False,1.257091642526489,0.2869407832622528,4.0,6.0,0.022257281467318535,0.0,2,-0.8532782739726379,262144.0,2621440.0,3,,449.4649054187867,0.1828125,3.352344822883606,260.9232054612185,10,2
7,1.0000001192092896,100000000.0,-1.1920928955078125e-07,8.195638656616211e-08,0.0,209.07889999216422,0.6435907784320094,145,False,4.960214826819816,0.22250579297542572,4.0,6.0,0.014933090656995773,8.195638656616211e-08,4,-2.801902884582299,262144.0,2621440.0,1,,643.5907784320094,0.159375,3.416591238975525,576.6838784615189,10,4
2,1.0,20000000.0,0.0,0.0,0.0,236.49280006065965,1.0113100056880193,145,False,1.405267050774239,0.23154914379119873,4.0,6.0,0.041828565299510956,0.0,2,-1.208288528231129,262144.0,2621440.0,2,,1011.3100056880194,0.175,3.3473690688610076,774.8172056273597,10,2
2,1.0,100000000.0,0.0,1.4901161193847656e-08,0.0,191.34979997761548,0.3380274535435842,145,False,1.174482583441398,0.22686272859573364,4.0,6.0,0.04125148057937622,1.4901161193847656e-08,2,-0.7562550333936524,262144.0,2621440.0,3,,338.0274535435842,0.1765625,3.399712359905243,146.67765356596874,10,2
7,1.0,100000000.0,0.0,9.313225746154785e-09,0.0,92.0756000559777,0.29303740984934995,146,False,4.466208085249674,0.19058960676193237,4.0,6.0,0.030321622267365456,9.313225746154785e-09,4,-2.3796227568627377,262144.0,2621440.0,1,,293.03740984934996,0.1796875,3.359313488006592,203.6437098420007,10,4
2,1.0,20000000.0,0.0,1.1175870895385742e-08,0.0,194.29279997712,1.1343091299364523,146,False,1.1884718603830595,0.2914363145828247,4.0,6.0,0.03588872030377388,1.1175870895385742e-08,2,-1.1613905063356267,262144.0,2621440.0,2,,1134.3091299364523,0.1953125,3.358365607261658,940.0163299593321,10,2
2,1.0,100000000.0,0.0,0.0,0.0,193.6487999628298,0.5729959622493739,146,False,1.2006177441126085,0.2375839352607727,4.0,6.0,0.033414002507925034,0.0,2,-0.8868068531809912,262144.0,2621440.0,3,,572.9959622493739,0.1734375,3.4816720604896547,379.34716228654406,10,2
7,1.0,100000000.0,0.0,0.0,0.0,68.94610001472756,0.27907998137368084,147,False,8.977267121777121,0.1860349327325821,4.0,6.0,0.0252186618745327,0.0,6,-4.628173551575401,262144.0,2621440.0,1,,279.0799813736808,0.16875,3.354407197237015,212.36718142597198,10,6
2,1.0,20000000.0,0.0,0.0,0.0,228.84320002049208,0.9447633883503579,147,False,1.2941376647305447,0.2095031887292862,4.0,6.0,0.03317325562238693,0.0,2,-1.1194505265404513,262144.0,2621440.0,2,,944.7633883503579,0.2046875,3.334094500541687,817.2218300511389,10,2
2,1.0,100000000.0,0.0,5.4016709327697754e-08,0.0,229.7885000007227,0.5639919598300206,147,False,1.3507636123426239,0.2012866884469986,4.0,6.0,0.0211584884673357,5.4016709327697754e-08,2,-0.9573778401030315,262144.0,2621440.0,3,,563.9919598300206,0.1828125,3.3201154470443726,334.2034598292979,10,2
7,1.0,100000000.0,0.0,0.0,0.0,159.4100000220351,0.3033306332721606,148,False,7.4979491736024935,0.2509812116622925,4.0,6.0,0.029355863109230995,0.0,5,-3.900639903437327,262144.0,2621440.0,1,,303.3306332721606,0.1734375,3.3470861196517943,160.74175842029308,10,5
2,1.0,20000000.0,0.0,0.0,0.0,231.27139994176105,1.6592331354214944,148,False,1.3161674084580772,0.17569832503795624,4.0,6.0,0.02482512965798378,0.0,2,-1.4877002719397858,262144.0,2621440.0,2,,1659.2331354214944,0.1859375,3.3714015185832977,1427.9617354797333,10,2
2,1.0,100000000.0,0.0,4.0978193283081055e-08,0.0,232.95189999043941,0.2966745073370814,148,False,1.3187358605619077,0.33924204111099243,1.2,3.9,0.0254843607544899,4.0978193283081055e-08,2,-0.8077052249276878,113049.6,1130496.0,3,,296.6745073370814,0.165625,3.4120626568794252,192.8430518078239,10,2
7,1.0,100000000.0,0.0,4.0978193283081055e-08,0.0,122.24069994408637,0.29965152006643675,149,False,9.025087493212343,0.1943558156490326,4.0,6.0,0.023634489625692368,4.0978193283081055e-08,6,-4.662369547617583,262144.0,2621440.0,1,,299.6515200664368,0.1578125,3.388424414396286,232.08772004163674,10,6
2,0.9999999403953552,20000000.0,5.960464477539063e-08,0.0,0.0,268.5208999319002,1.4051972038338034,149,False,1.4372864038177138,0.19302630424499512,4.0,6.0,0.023708239197731018,0.0,2,-1.4212418038257586,262144.0,2621440.0,2,,1405.1972038338033,0.159375,3.470488131046295,1158.7398959799166,10,2
2,0.9999999403953552,100000000.0,5.960464477539063e-08,2.60770320892334e-08,0.0,268.870199972298,0.392361803230126,149,False,1.5311526072830866,0.18039751052856445,4.0,6.0,0.03314228728413582,2.60770320892334e-08,2,-0.9617572313336383,262144.0,2621440.0,3,,392.361803230126,0.1921875,3.260984420776367,323.1532031374467,10,2
7,1.0,100000000.0,0.0,7.450580596923828e-09,0.0,89.54310009721667,0.35071992790226575,150,False,6.29406536310756,0.25477588176727295,4.0,6.0,0.02477838099002838,7.450580596923828e-09,5,-3.3223926529554935,262144.0,2621440.0,1,0.14296875,350.71992790226574,0.178125,3.3270501613616945,284.1210278905251,10,5
2,1.0000001192092896,20000000.0,-1.1920928955078125e-07,1.1175870895385742e-07,0.0,268.8404999789782,0.8032279821203208,150,False,1.625007399067342,0.21096418797969818,4.0,6.0,0.04546145349740982,1.1175870895385742e-07,2,-1.2141178023525403,262144.0,2621440.0,2,0.14296875,803.2279821203208,0.184375,3.378050446510315,630.6108870608209,10,2
2,1.0000001192092896,100000000.0,-1.1920928955078125e-07,7.264316082000732e-08,0.0,299.81180001050234,0.6728268914920554,150,False,1.9804091543472744,0.25684502720832825,4.0,6.0,0.02004256285727024,7.264316082000732e-08,2,-1.3266180955628257,262144.0,2621440.0,3,0.14296875,672.8268914920554,0.1828125,3.3429815977811814,373.01509148155304,10,2
