algorithm,compute_delay_ms_ci95,compute_delay_ms_mean,compute_delay_ms_std,epoch,is_warmup,kl_sum_ci95,kl_sum_mean,kl_sum_std,max_bandwidth_share_ci95,max_bandwidth_share_mean,max_bandwidth_share_std,mean_l1_ci95,mean_l1_mean,mean_l1_std,mean_l2_ci95,mean_l2_mean,mean_l2_std,min_bandwidth_share_ci95,min_bandwidth_share_mean,min_bandwidth_share_std,reward_ci95,reward_mean,reward_std,seed_count,smashed_data_bytes_total_ci95,smashed_data_bytes_total_mean,smashed_data_bytes_total_std,test_accuracy_ci95,test_accuracy_mean,test_accuracy_std,total_delay_ms_ci95,total_delay_ms_mean,total_delay_ms_std,train_accuracy_ci95,train_accuracy_mean,train_accuracy_std,train_loss_ci95,train_loss_mean,train_loss_std,tx_delay_ms_ci95,tx_delay_ms_mean,tx_delay_ms_std
MAT-RL,49.25058763016532,261.4507222056596,43.522714325545714,1,True,0.26402720984454775,1.4344465900046697,0.23332068470990122,0.11371477356694648,0.4706975354088678,0.10048967621894983,1.0482782591668949,2.8777777777777778,0.926362859870876,0.6109433305032631,5.122222222222222,0.5398902494780593,0.002036265383736079,0.011125832899577089,0.00179944648077787,0.5852624965447255,-1.8410253346196879,0.5171961121326883,3,1953492.050420812,5494101.333333333,1726299.7364850764,,,,1104.6168209513871,2247.604028736326,976.1492126443959,0.005282531667477371,0.02013888888888889,0.004668170020746096,0.0179095964632046,4.619438321060605,0.015826699498635834,1145.4692659941713,2029.31571765475,1012.250493474762
MAT-RL,27.845256588412184,239.29782222128577,24.606836306592818,2,True,0.2274805088012876,1.5249734929900314,0.20102438723237206,0.1341151661806377,0.6362010174327426,0.1185174907604121,0.5806953685979518,3.033333333333333,0.5131601439446885,0.4908461829419093,4.7444444444444445,0.433760473243181,0.0039022355964436627,0.012067138734791013,0.0034484032225225846,0.23205677150387916,-1.6037186595709896,0.20506842779853077,3,1319400.137038863,4926122.666666667,1165953.0984003316,,,,465.1278141547375,1682.4638000749155,411.0331663925815,0.005932945784263696,0.027256944444444445,0.005242940580049133,0.01759378317691966,4.457734817928738,0.015547615489681338,450.00697590837274,1508.264011204936,397.6708908335333
MAT-RL,51.3658471498263,253.65276669617742,45.39196787618171,3,True,0.2957454241752036,1.4527571417397123,0.26135005141707224,0.11393022930822246,0.5628597074084812,0.10068007432643576,1.0378202227817757,3.3666666666666667,0.9171210994798401,0.6434587097173454,5.166666666666667,0.5686240703077325,0.001899693812492658,0.011069853997064961,0.001678758266357912,0.2790977915991336,-1.5495429784239596,0.24663854863773957,3,2389744.761074943,5228316.444444444,2111815.9914813004,,,,310.5754554887952,1646.3287790970671,274.45534106655083,0.004715027198381945,0.0234375,0.0041666666666666675,0.02181563389473922,4.452049082517624,0.019278462400515325,213.89270716444065,1423.762639628835,189.01685519248102
MAT-RL,11.252678839720787,216.66220001255473,9.943985444720207,4,True,0.042929714201406156,1.2586007660606346,0.03793696232206461,0.03570646629730677,0.5964629583888583,0.03155378254371484,0.8284147586479123,2.8555555555555556,0.7320696182235168,0.11523716821525776,4.888888888888889,0.10183501544346314,0.0008527091952125601,0.010476055555045605,0.0007535385970353684,0.12912464141557647,-1.670369489062973,0.11410736706167904,3,1305758.0360994225,5858190.222222221,1153897.5820997735,,,,248.50290272017062,2082.138160325168,219.60186394881717,0.004449709338197769,0.029166666666666664,0.003932205435036847,0.03293509117562452,4.451947727468279,0.029104720034742376,254.5124353871598,1923.0835051479364,224.91248431053663
MAT-RL,50.14732049918068,217.18325554522582,44.31515661633735,5,True,0.11370887033285794,1.1350243772767532,0.10048445953457721,0.10502397869916197,0.560799111922582,0.09280962608162248,0.1644186165903405,2.9000000000000004,0.14529663145135552,0.4404282988407449,4.611111111111111,0.38920621973637703,0.0008245913298195974,0.010541999402145544,0.0007286908564940449,0.18241780844318334,-1.6777212831809154,0.16120250634130637,3,914763.252544035,6276892.444444444,808375.7297465452,,,,418.8118388201834,2220.418170665587,370.10376716729854,0.002357513599190973,0.03125,0.0020833333333333346,0.014064741741919568,4.441279820601145,0.01242900372058137,415.9529899958076,2025.7581484445989,367.5774042004733
MAT-RL,20.168676366199147,244.97967779300075,17.823047034525796,6,False,0.17220130058758223,1.4432120697048247,0.15217418456486367,0.10491245030981565,0.624659342898263,0.09271106851180913,0.6416133984623604,2.111111111111111,0.5669933698743588,0.9425023692539893,4.611111111111111,0.8328887703071186,0.0006278536265856415,0.010378937443925276,0.0005548338678381166,0.5879673852727911,-1.9238848691543418,0.519586420656071,3,2009061.6816525955,6473500.444444444,1775406.5857969716,,,,1020.3023265848511,2404.5576199681254,901.6405452682121,0.0024537779513574363,0.02673611111111111,0.0021684020827772207,0.00576274259703178,4.4047257569101115,0.005092532127041053,1013.6163049435565,2188.4236532754016,895.7321120114634
MAT-RL,30.146371089586903,233.53173334099765,26.640329791321452,7,False,0.2677949410157731,1.237519913104326,0.2366502264536886,0.07818260968656968,0.5886266132195791,0.06908992461503333,0.6862592102869753,3.9666666666666663,0.606446846622008,0.5240260100980286,5.2,0.46308146631499336,0.0005968377432495588,0.010339818894863129,0.0005274251506035636,0.6438230451670606,-1.635828681178235,0.5689460333229903,3,1955459.2285331576,3597198.222222222,1728038.1305861578,,,,1554.9584142223102,2034.1374155175708,1374.1158046376395,0.00891891359280523,0.0359375,0.00788163851584456,0.020208086883729257,4.418227830198076,0.01785787408489046,1499.1258885038123,1837.1384710632622,1324.776635627775
MAT-RL,10.601037783034226,228.64092219646815,9.368130639373781,8,False,0.2233254915701161,1.041987570472347,0.1973526010330286,0.202992202584698,0.5367171830601162,0.17938408592704658,1.2647996376726196,2.6888888888888887,1.1177026703284103,0.8318426964306039,4.811111111111111,0.7350988847565816,0.001447700700193448,0.01079751830548048,0.001279332228004128,0.7249419119192031,-1.555752551439169,0.6406307265205008,3,3674032.271696006,4365425.777777777,3246740.083278155,,,,1635.4718576496346,2069.5174775614396,1445.2654856113375,0.009002903766817012,0.03715277777777778,0.007955860581520558,0.012101570106900023,4.3665687666998965,0.01069415014107529,1602.0458866931829,1871.9831981363798,1415.726975412921
MAT-RL,14.375495907590087,205.34684445010498,12.703616987726786,9,False,0.010980287325585248,1.3098388874281774,0.009703273229397059,0.14952361590840793,0.5599226554234823,0.1321339284106003,0.2273666750829408,2.3444444444444446,0.20092379244472355,0.09492713254821933,4.988888888888888,0.08388704928078629,0.0019050244597797444,0.011134226496020952,0.0016834689561224339,0.4793259541362286,-1.768985737647063,0.423580054056315,3,2620830.205594897,6109411.555555555,2316026.058215075,,,,967.5667030155606,2228.1325607541135,855.0381068034989,0.008342012262978227,0.03888888888888889,0.007371831161653529,0.030982207514688456,4.3488738205697794,0.027378957931674837,978.0896429899597,2032.2401703217827,864.3372224568951
MAT-RL,12.52352002881548,208.90622223184133,11.067027030364725,10,False,0.09704535187924518,1.324196414706141,0.08575891841492474,0.12950478740091992,0.5558580160140991,0.11444330183765261,0.5674772416168656,3.1888888888888887,0.5014792931731893,0.2640415231093885,5.233333333333333,0.233333333333333,0.0011200538333335417,0.010834435207976235,0.0009897908910948864,0.6991831951956612,-1.863397051499196,0.617867764223078,3,1573385.8550771421,4871509.333333333,1390400.1229101084,0.0035729166666666674,0.008333333333333333,0.0031573842846307665,1304.0861769175574,2402.597663043062,1152.42016115789,0.008383549510319315,0.043923611111111115,0.0074085376018582835,0.033026192744007615,4.314794790744782,0.029185226435297848,1325.5921771309497,2271.1667519682032,1171.4250004625753
MAT-RL,23.413611884247423,232.85963335850587,20.690594577660722,11,False,0.06072622410003657,1.4159620690305232,0.05366372729238621,0.14831254821082135,0.5747888386249542,0.1310637086230363,0.9242094786864218,3.0555555555555554,0.8167233540416469,0.687640014923111,5.088888888888889,0.6076670628389026,0.0005691596107214268,0.01035470815582408,0.0005029660017273649,0.1227145237444611,-1.7010144927092934,0.10844274997552245,3,546136.3819624538,4613006.222222222,482620.38848000666,,,,248.20861428918852,1986.0668634061567,219.34180144139845,0.0061249999999999985,0.01875,0.00541265877365274,0.003633322686557445,4.5403500093354126,0.0032107650476582376,286.58779793478396,1794.6696522797945,253.25746267975958
MAT-RL,60.057472928279594,240.17183331307024,53.072752288761556,12,False,0.09032089559627646,1.2651145901644718,0.07981652048871167,0.14775973651897398,0.5108219418260785,0.13057518926727213,1.7733851844271395,2.3111111111111113,1.567139408580464,0.39200000000000035,4.6,0.3464101615137758,0.002791718135673913,0.01154433780660232,0.002467039618060552,0.38563780952311816,-1.302215478289366,0.34078789766000495,3,752000.0851414934,3946723.5555555555,664542.0177353,,,,721.5569548157617,1339.3163155019593,637.6394419875407,0.0020698289165598117,0.02899305555555556,0.0018291065543147122,0.02406784616660814,4.417876405186124,0.021268741014957723,696.8848201007887,1153.2078529647015,615.836691550032
MAT-RL,33.33151423318952,238.71049999595724,29.455038849535427,13,False,0.14269053842208024,1.3180978157832342,0.12609554199306225,0.05891567116010454,0.3265170802672704,0.0520637427608783,2.077810005691831,2.988888888888889,1.836159437925117,1.4044556258345335,4.9111111111111105,1.241116582102733,0.006436000316373486,0.020689489630361397,0.005687489564024616,0.33838540198584227,-1.1065411805981482,0.2990309738668864,3,2412016.071111111,4405475.555555556,2131497.1346107707,,,,566.690128833714,894.9845098158439,500.78372208558443,0.004942820231044192,0.024305555555555556,0.004367967231044835,0.02395351426509538,4.425604454676311,0.021167705983148506,524.4759332192494,728.4815381662739,463.47906310349055
MAT-RL,17.18370096399252,211.95453332944047,15.185226087604764,14,False,0.037032486931265665,1.320115393629204,0.032725586171215605,0.07836339145551742,0.30791808664798737,0.06924968135426786,0.7951126017003601,2.4222222222222225,0.7026405223894387,0.4468426408468786,4.788888888888889,0.3948745698648193,0.00024215272045255087,0.01617432716819975,0.00021399021174226598,0.14705067410088804,-1.4196561292212937,0.12994859123979127,3,2274826.5281591816,5934648.888888889,2010262.818967967,,,,268.13339689939306,1519.1968122453982,236.94931971213268,0.001020833333333331,0.02395833333333333,0.0009021097956087882,0.010882110488574036,4.43107467227512,0.009616514418259392,279.27288770283565,1358.6947867009724,246.79328095805556
MAT-RL,18.48313752866568,193.6421777871955,16.333537389251024,15,False,0.03558184378496903,1.2515197204221946,0.03144365370538022,0.02731116455691462,0.3325545324219598,0.024134859503291053,1.5704178888687599,2.8888888888888893,1.387777332977422,0.24250707002548513,4.977777777777778,0.21430335024428765,0.0059843376369787355,0.019281634129583836,0.005288355529027472,0.08521966587337029,-0.9579832771914673,0.07530856688608209,3,1717495.3935157324,3708245.3333333335,1517749.6343544647,,,,145.9245333434701,664.4467842902027,128.9534213375862,0.004449709338197768,0.030208333333333334,0.003932205435036846,0.006619989995876111,4.407987938986884,0.005850081131864851,169.10868052726832,507.80068442449283,149.44123809906242
MAT-RL,37.38532850765054,204.51328888561366,33.03739205760402,16,False,0.2260702507344773,1.2882165463927755,0.19977814303670918,0.10904255754166747,0.3753732095162074,0.09636084175990862,0.7019744992026875,2.644444444444444,0.6203344378759046,0.41549351883937985,5.222222222222221,0.3671713698190726,0.005103540172552958,0.019320711493492126,0.004509995345576816,0.34733434349209513,-1.342907108546646,0.3069391480315761,3,1421221.443673436,6801180.444444444,1255932.5251269287,,,,777.242771719453,1397.5976599385674,686.8489645070158,0.0027008711300451015,0.03229166666666667,0.0023867581744561653,0.03206998181222161,4.372970875104269,0.028340223416621242,793.4563841850459,1215.7776043975541,701.1769239787704
MAT-RL,41.217806680734085,205.8282110762472,36.42415068754252,17,False,0.10368579550907694,1.2638508238219834,0.09162707441067254,0.04952046001883128,0.31141388416290283,0.043761200391223984,0.40684246352053355,1.9777777777777779,0.3595264374969651,0.6644899278375339,4.888888888888889,0.5872093449655029,0.0006478640866264685,0.017498205415904522,0.0005725170992021673,0.14540373511175916,-1.1460246969443924,0.12849319225706815,3,1528355.2616376833,6094848.0,1350606.6148835164,,,,304.70329379151303,1028.1985365391888,269.2661153471872,0.003789172969148212,0.036284722222222225,0.0033484898475670006,0.017328263145544583,4.372865686151717,0.015312975599493118,300.8406120666165,845.7154810073656,265.8526658568869
MAT-RL,19.633921260875056,208.8914333467579,17.350484273286934,18,False,0.15476146521244077,1.3347114803079119,0.13676261265395445,0.06628264146033416,0.38126055896282196,0.058573929933250064,1.0482782591668949,2.422222222222222,0.9263628598708761,0.21448623657244814,4.655555555555556,0.1895413567692439,0.0009797674190273834,0.017946228591932192,0.0008658198721204357,0.046944962992793306,-1.150739579477789,0.04148523523620342,3,600496.933632102,4627569.777777777,530658.7749184269,,,,121.60066654862648,966.7676658161105,107.45843504921542,0.003585048846456837,0.0375,0.0031681054845303243,0.02930336034352568,4.354635014798905,0.025895361707900747,142.7526388018742,790.6543993129184,126.15042006090533
MAT-RL,23.975442503416833,199.40930002162023,21.1870839540124,19,False,0.03366636237094713,1.1837788043946602,0.029750943945155837,0.03377125972677471,0.33182931939760846,0.029843641674682876,0.45733333333333287,3.0,0.4041451884327376,0.7375564594417141,4.855555555555555,0.6517781944916646,0.00835161387055985,0.020868819103472765,0.0073803160964319514,0.22672431989432568,-1.080638408307442,0.20035614355534248,3,2288252.157821148,4704028.444444445,2022127.0397323193,,,,425.11029026862633,977.4979886267188,375.6697048804153,0.007796743369890146,0.04114583333333333,0.006889977372564039,0.026066102989457322,4.3238586544990545,0.02303459935360361,425.4820104091525,787.4167997317036,375.99819374245
MAT-RL,17.146562420489396,196.92672223189018,15.152406779305519,20,False,0.03320999926611283,1.177820007493005,0.02934765614705742,0.04000124072223003,0.3467772603034973,0.03534907209015081,0.8324126469575139,2.9666666666666663,0.7356025496904636,0.5347763810956669,4.8,0.472581562625261,0.005548589305108074,0.020437173545360565,0.004903284993255344,0.22837481400057605,-1.1761659741456072,0.201814684192903,3,3648657.598335773,5754424.888888888,3224316.4998672428,0.0017681351993932286,0.021093750000000005,0.0015624999999999997,470.7198648494539,1174.5119093402025,415.97485818939253,0.0063569134925083376,0.04409722222222221,0.005617600585890081,0.003119897689503075,4.29021872414483,0.0027570516901204464,481.5663324739773,993.4729648885468,425.55987503037494
MAT-RL,18.407964629097844,201.93165555570485,16.26710714363686,21,False,0.015470905254258555,1.23992777770101,0.013671629560949038,0.0306745339478432,0.3056957572698593,0.02710706698783712,0.15244444444444444,2.777777777777778,0.13471506281091267,0.4154935188393804,4.955555555555556,0.36717136981907317,0.0027494075514971155,0.01651312369439337,0.0024296497805645655,0.4261689005483301,-1.284112008094497,0.3766051981405489,3,2603655.4979626588,4445525.333333333,2300848.7795292703,,,,859.5970279841721,1328.2961904731312,759.6253706652001,0.002657654403607126,0.03211805555555556,0.002348567579595258,0.02418008548809253,4.4923227681054,0.021367926835068957,853.7418006337991,1149.0656015838645,754.4511098178975
MAT-RL,7.825741887399234,186.80152222643503,6.915603344844609,22,False,0.03309217996250253,1.1860889934223469,0.029243539300136286,0.06344707156164602,0.36525088383091814,0.05606813853889252,0.1860694148980259,2.9444444444444446,0.1644294287438746,0.5496462611040659,5.344444444444444,0.48572206654209765,0.00911022962128285,0.021694873770078022,0.00805070437381677,0.0029081490181466886,-0.9273961280259773,0.0025699295180671477,3,1755371.3216667087,4341760.0,1551220.569018403,,,,38.899427958011934,668.7032584903965,34.375400820735685,0.007729625248450373,0.04583333333333334,0.006830665129481251,0.03506312983113414,4.309294895331065,0.0309852664999532,47.776970401934065,495.12611992093207,42.220479677481755
MAT-RL,17.559332292130225,196.5577333402406,15.517171263752255,23,False,0.1384461106957853,1.3341335202303999,0.12234474379357403,0.06405322401949481,0.35430795616573757,0.056603795097120504,0.2676098136199027,2.888888888888889,0.23648662948658633,0.6862592102869757,5.3,0.6064468466220083,0.008854112905533137,0.01992468039194743,0.007824374187925861,0.07024541577282382,-1.0333594129251527,0.06207583118231176,3,655234.2680457198,3293184.0,579030.1240384649,,,,180.3145513624491,732.5852491196691,159.34385933864783,0.0070314926227001305,0.049652777777777775,0.006213725752837941,0.022974049287015505,4.259990391466353,0.020302153377909384,196.40081585489375,543.159249103083,173.55928148400767
MAT-RL,31.91146040190705,201.67887779340768,28.200138142768036,24,False,0.08000101632628011,1.2713328708500902,0.07069684945625734,0.015217248380842976,0.3596927556726668,0.013447473136232279,0.11523716821525759,2.3888888888888893,0.10183501544346299,0.6035234813928887,4.633333333333334,0.5333333333333332,0.002870198064788914,0.016434979314605396,0.0025363922836736056,0.12311872757958085,-1.278360302911775,0.10879994465870695,3,1042041.7135789145,4618467.555555555,920851.6283289875,,,,269.07919937275574,1285.3877047572162,237.78512478243294,0.006190811559266334,0.044097222222222225,0.005470816408537752,0.00045444270682187127,4.256641884644826,0.0004015907435431677,307.23734339886613,1120.3415717401456,271.5054534435319
MAT-RL,44.1056167056969,209.49277782347053,38.97610664970698,25,False,0.14778868529720088,1.2502920813335032,0.1306007712849793,0.13120040283026446,0.3348983261320326,0.1159417161609804,1.6333333333333335,2.1666666666666665,1.4433756729740645,0.47463566274109537,5.555555555555556,0.4194352464039304,0.008923794303193134,0.022530437136689823,0.007885951596645008,0.24620257095555845,-1.0608868176997392,0.21756906216791266,3,2151150.3911216683,3886648.8888888885,1900970.2919104039,,,,443.40298572529264,871.4815420622627,391.83494872650226,0.008314205478064727,0.049479166666666664,0.00734725832274265,0.00737601146882414,4.227421438031726,0.00651817684755824,454.15832360010427,693.4340642642438,401.33943426310617
MAT-RL,13.999903639282126,182.01107776904894,12.371706328727075,26,False,0.047904164390986964,1.2186885679906803,0.04233288092822512,0.17507683702377516,0.3380046023262872,0.15471529436409923,1.1127996946862573,2.6888888888888887,0.9833804131855776,0.4716284371367462,4.811111111111111,0.4167777629669126,0.014908922539732338,0.022683026372558545,0.013175005778023078,0.049056117372126354,-1.1257505096626081,0.043350861076829124,3,1401207.465615299,4684003.555555556,1238246.1848931217,,,,59.54871810837949,1032.812415323396,52.62316596393373,0.007848549543595398,0.05555555555555556,0.0069357584567493625,0.03999069806118806,4.182749356163872,0.03533975554700199,54.15928999470457,866.1066819642257,47.86053161871688
MAT-RL,11.935937587209768,217.1463111234415,10.547780784193058,27,False,0.1539729552503634,1.2965368799785262,0.1360658068801829,0.05146483430422503,0.3013399922185474,0.04547944276430174,0.905547130158487,3.4444444444444446,0.8002314480013707,0.2720043572635754,5.133333333333334,0.24037008503093324,0.007641530415749037,0.01961219735029671,0.006752815779418499,0.19326917094746443,-0.9762895812229186,0.17079184878455264,3,1698682.923670054,2750691.5555555555,1501125.0661970298,,,,369.4557197886866,656.0422470770534,326.4877948065997,0.004577969293795916,0.057465277777777775,0.004045548679767723,0.02885374950623237,4.158221669991811,0.025498040884520342,371.84180219149636,443.49178774232297,328.5963743743102
MAT-RL,9.949964781434353,182.62886667960427,8.792777823961867,28,False,0.07994042585992232,1.222796694409003,0.07064330569799919,0.08026596274329255,0.36504167318344116,0.07093098244378228,1.4148853114102378,2.6333333333333337,1.250333288900737,0.5240260100980286,5.1,0.46308146631499336,0.009688214957570706,0.022761884455879528,0.008561469663857764,0.20103299359228946,-0.9771418817790308,0.17765273413240504,3,1931124.3406068212,3708245.3333333335,1706533.4049305918,,,,352.4607297077998,731.4869956780558,311.46933241158695,0.0066245013497406744,0.052256944444444446,0.005854067812530333,0.02338662166127266,4.151167885462443,0.020666743334038323,341.9780077809748,577.4352076887453,302.2057574223639
MAT-RL,3.2493084859645824,205.81208888648283,2.871411932222123,29,False,0.08384357294764906,1.2734073330570952,0.0740925144048141,0.09081008161174757,0.3450990352365706,0.08024881387297093,0.7640866087551935,2.611111111111111,0.6752228712994887,0.8620809735391873,4.522222222222223,0.7618204318409761,0.004872406061957835,0.019044441170990467,0.004305742272662021,0.07313169655993082,-1.277979336365138,0.0646264357579134,3,3471335.28987579,6138538.666666667,3067616.883761074,,,,79.86330510618,1282.551310698701,70.57515413483607,0.010695770119855327,0.060763888888888895,0.009451845547789025,0.05522217139320804,4.11622725394037,0.04879979926393518,113.44733222946986,1123.9513890661567,100.25333847172857
MAT-RL,20.62955675795127,210.20274445699116,18.230326756325248,30,False,0.06609488319600608,1.2394957646153901,0.058408008069292326,0.042244420245712476,0.31040214333269334,0.03733136847033945,0.294604317184429,2.566666666666667,0.260341655863555,0.5658032638058332,5.1000000000000005,0.5,0.011480998620339054,0.02319141715351078,0.010145751495946645,0.1450701860316259,-0.9496378698881222,0.12819843513788004,3,983125.0016412471,3296824.8888888885,868786.96583361,0.009356092043868178,0.039843750000000004,0.00826797284707685,265.1266425586929,659.7799443237294,234.29225273051483,0.010382655122461462,0.06163194444444444,0.009175146015085976,0.01895440523987226,4.1236087501049035,0.016749996378932912,231.8210171119696,498.96833297840635,204.86009178582933
MAT-RL,28.12582627403122,233.98671114248123,24.854775567080466,31,False,0.1316734309320189,1.2838890222763686,0.11635973080671842,0.09505845084323648,0.4013388355573018,0.0840030951782011,0.8186243202945891,2.6,0.7234178138070236,0.30875328758183695,5.066666666666666,0.2728450923957482,0.011447268500169923,0.018028045383592445,0.010115944209274022,0.20357064849823892,-1.0884773972022623,0.1798952582289259,3,3280536.2723255665,4742257.777777778,2899007.908030863,,,,278.23412456802123,893.0657632288513,245.87532660778612,0.003281520050615658,0.04895833333333333,0.002899877272307303,0.029805023210992963,4.280222478177812,0.02633868087867831,275.42178429074465,691.6135748040952,243.39006321573746
MAT-RL,43.58144194155325,219.137088880719,38.51289372953237,32,False,0.3483441770787077,1.3896591676759542,0.3078315373576998,0.00561284409571658,0.3845397929350535,0.0049600669126245445,0.7628441906833001,2.8333333333333335,0.6741249472052228,1.056390593681974,5.077777777777778,0.9335317249464433,0.013009543044710657,0.02125459723174572,0.011496525273823043,0.7857807730306328,-1.349292415841249,0.6943939910713286,3,2208774.355459396,5120910.222222223,1951892.5541382006,,,,1225.7986504122875,1308.9256310998132,1083.2375216140013,0.009702392972774703,0.06770833333333333,0.008573998767267868,0.025636975590571213,4.082312266694175,0.022655379732281867,1162.9264504794417,1125.9892806309354,1027.677396783737
MAT-RL,23.860843027010077,216.65762223872457,21.085812466432152,33,False,0.15404007872725364,1.372342193459766,0.13612512385587403,0.07273821014451143,0.3981494704882304,0.06427871205199782,1.6096415059813094,3.1999999999999997,1.4224392195567912,0.9845867968309479,5.111111111111111,0.870078753353417,0.005924503753753073,0.017239401323927775,0.005235480362822885,0.26155550095290886,-1.1876633146358602,0.23113643706610612,3,2826729.884698141,4494677.333333333,2497979.479372701,,,,392.0169041663165,1002.9844109766855,346.4250997152651,0.012599471118015388,0.06979166666666668,0.011134144961683315,0.05135759376333275,4.092948342031902,0.04538467436355858,384.08917422587456,794.641910958626,339.4193695899945
MAT-RL,23.264610232675267,191.0596000056507,20.55892190881651,34,False,0.14073064485452405,1.316484365171336,0.1243635852397792,0.09141405784402766,0.41137251257896423,0.08078254730198783,1.57041788886876,3.055555555555556,1.3877773329774221,1.4813692031527397,4.622222222222222,1.3090850635859015,0.006675463756355053,0.018236987189286288,0.0058991032602507855,0.1281017451101991,-0.9254796850531183,0.11320343421892999,3,1058911.8956770038,2111715.5555555555,935759.7979855331,,,,191.14277618749122,534.4749836179614,168.9127550288272,0.0032815200506156636,0.07239583333333333,0.0028998772723073077,0.03730536690524919,4.059182918071746,0.03296673003820925,189.06826077682638,344.4422613835459,167.07950702252307
MAT-RL,29.77804995876028,211.86481112252093,26.314844632090363,35,False,0.15527215004580866,1.3370858336914992,0.13721390453050958,0.022866409401310073,0.3992097344663408,0.020207032076397794,1.0570638113352324,2.577777777777778,0.9341266469770533,0.7584797009743394,4.888888888888888,0.6702680503046964,0.01332508008585747,0.021689697893129453,0.011775365165117038,0.23879864569287484,-1.367841268578774,0.2110262179177031,3,1765903.2427784002,4871509.333333333,1560527.6212973609,,,,331.57258528222764,1398.5966734567655,293.0104918907055,0.008748514534401943,0.06493055555555556,0.007731056971601502,0.02609129648175576,4.071743261814118,0.023056862827420442,278.6315929875281,1216.4760461229187,246.22656920829118
MAT-RL,3.7049158403856155,191.32684444129052,3.274031874140118,36,False,0.04726632354731137,1.2172539583476019,0.04176922136272066,0.09196753939839804,0.35660000311003787,0.08127165861485604,1.0480520201960575,2.9333333333333336,0.9261629326299871,0.9177725046929495,4.8,0.8110350040397624,0.01042994874549265,0.017967971766160593,0.00921693936098599,0.09690806446147819,-0.915625830577295,0.0856375976073674,3,2438525.364843092,3265877.3333333335,2154923.3813539124,,,,147.1885413156381,613.9976734185867,130.07042441358982,0.011198189596157107,0.07552083333333333,0.009895833333333326,0.05925212503618436,4.023200870884789,0.05236106684647714,150.7150855791385,439.3554438081481,133.18682943375475
MAT-RL,66.92302998333196,252.44003335117466,59.139840881421584,37,False,0.2769676153107501,1.4481168658161385,0.2447561131476586,0.08234602338760354,0.32663240697648793,0.07276913076968589,1.2282743892586223,3.711111111111111,1.0854253305263093,0.5798780629591312,5.311111111111111,0.5124378914488977,0.017133351942739305,0.02321185337172614,0.015140732688154798,0.2126190837190321,-1.0943057929455404,0.18789135492862463,3,2273891.715827985,3020117.3333333335,2009436.7258796128,,,,379.01561580950147,740.4946459830571,334.93586910411346,0.006831028715933007,0.07413194444444444,0.006036575920386711,0.02991598702760122,4.011089466677771,0.026436739535906504,416.6036457212298,503.49904596140595,368.15238826918085
MAT-RL,20.93000327082103,204.183044422987,18.495831156961636,38,False,0.07500159292291018,1.3119112842467455,0.06627886203626468,0.14181495200540636,0.35967470705509186,0.1253217868093396,0.8386565388306807,2.4222222222222225,0.741120273140102,0.3852882198376676,4.655555555555555,0.34047896546765677,0.011841800303318762,0.023932845642169315,0.01046459172369012,0.47728559623076355,-1.0952885504902319,0.42177699101657506,3,2864467.8438889184,3011015.1111111105,2531328.49095045,,,,880.7179864801458,878.6657709954314,778.2899488384551,0.0034534422686772165,0.07829861111111111,0.003051804831813708,0.023775588411189964,4.012964724169837,0.021010473014299397,836.7766142554361,696.8820051927538,739.458984936673
MAT-RL,39.083318099873786,204.353899992485,34.537904427223324,39,False,0.22411348959831892,1.3227964886573387,0.19804895441114664,0.1442010424518476,0.37841364575756925,0.12743037348520234,0.7544043517411112,3.1333333333333333,0.6666666666666667,0.6209531502575819,4.633333333333334,0.5487359211051444,0.009234793998718294,0.01785679968694846,0.008160781838373592,0.025104154750499943,-1.1378426245031459,0.022184526280070147,3,3794812.632383309,4403655.111111111,3353473.614536779,,,,271.3642591182947,952.8887433781861,239.80443068937367,0.0027008711300451,0.07447916666666667,0.0023867581744561645,0.009295884875038893,3.9837490439414975,0.008214767808611441,318.9178422628995,755.9251211498919,281.82750318345865
MAT-RL,23.428863705845423,219.60906666936353,20.70407260312792,40,False,0.27542128957702516,1.3922015661454683,0.2433896260375245,0.10785320646271379,0.37408388157685596,0.0953098129350185,0.5712257558947523,3.255555555555556,0.5047918529600245,0.23556268333031427,5.133333333333333,0.20816659994661352,0.013379838054306105,0.01994786463263962,0.011823754748521266,0.14643617596905942,-1.0311736171251087,0.1294055596145447,3,1406526.2098132146,2546801.7777777775,1242946.355904985,0.005521000390554236,0.046093749999999996,0.00487890468624875,391.1973351724906,670.1456519618238,345.70084709403324,0.003924274771797705,0.0798611111111111,0.003467879228374687,0.02118712636891499,3.95997831887669,0.018723050682317888,374.60620713165497,471.9793696056874,331.0392773381107
MAT-RL,41.45966467147902,200.31665556598455,36.63788044682147,41,False,0.23753292791412328,1.3077957044374748,0.2099077038866618,0.10054235204160343,0.3754756185743544,0.08884921533088447,0.6751111111111111,2.6444444444444444,0.5965952781626133,0.6666277025650528,5.01111111111111,0.5890984951916249,0.010670687652029803,0.020613394160237577,0.00942968018623136,0.20045995569179248,-1.1300919009444832,0.1771463408883625,3,1912326.3445037277,4181560.8888888895,1689921.6272106736,,,,400.650360237735,952.3880682700511,354.05447959312784,0.004423611111111109,0.06076388888888889,0.003909142447638089,0.024775341163118088,4.126007400618659,0.021893953912945473,415.5711995048159,766.8040827043511,367.2400161758589
MAT-RL,6.766043628919276,184.7596000233251,5.979148638528514,42,False,0.04935902834863581,1.191299013339262,0.04361854332248457,0.12838900200375977,0.34729002250565427,0.11345728296100731,0.8136849270410672,2.8444444444444446,0.7190528749939303,0.43501077040732083,4.766666666666667,0.3844187531556936,0.01086636235618653,0.02335773894770278,0.009602597803249454,0.1697993138241638,-0.9291797133910517,0.15005155032335923,3,2797577.094389036,2763434.6666666665,2472217.1763126133,,,,355.0826821658836,667.060375776017,313.78635020364374,0.013611111111111107,0.08506944444444443,0.0120281306081172,0.010528170071556773,3.967233914136886,0.009303737487072649,377.9136936097053,505.1151646569986,333.96210112654455
MAT-RL,2.3376247744076575,203.3111444195836,2.0657575909723453,43,False,0.06850582913232917,1.1929877245868428,0.060538559526441965,0.04551007083691373,0.35002464056015015,0.04021722191101696,1.2636742039889715,3.111111111111111,1.1167081252668654,0.9000310557056173,4.877777777777777,0.7953568963632569,0.009069570574962332,0.020316673649681937,0.008014773999319609,0.05812626847449979,-0.851370669039987,0.051366148087868733,3,2700351.011015676,3180316.4444444445,2386298.5455862936,,,,177.6956509382077,509.7536110096044,157.0295386270408,0.006518784437310645,0.0920138888888889,0.005760645841332312,0.0076202061829394084,3.9113293343120152,0.006733971567857935,181.1323106412823,342.29972569392544,160.0665127158417
MAT-RL,1.920641111628005,203.92079998661453,1.6972693818598328,44,False,0.034046175882650645,1.3213522075379929,0.03008658491437606,0.09359853799072035,0.37569164898660445,0.08271297107861908,0.7275212100764563,2.9,0.6429100507328638,0.7100357146294706,5.011111111111112,0.6274581290442446,0.007837395795041242,0.018980291879011527,0.006925901895937809,0.35740049660868506,-1.0817764976063222,0.31583460141662795,3,2391589.99353625,3018296.8888888885,2113446.622284749,,,,748.3661887743923,842.2007721526085,661.3307457264945,0.006237394695912121,0.08125,0.005511981898051235,0.01612417246775174,3.9310509542624157,0.01424892140007615,750.1076960917621,638.2799721659939,662.8697146833504
MAT-RL,20.97340080914744,192.7947555280601,18.534181535178348,45,False,0.04963368784689989,1.2613632637090795,0.043861259754002305,0.12625106919931023,0.3740600579314762,0.1115679930423977,1.2557679269752648,3.4444444444444446,1.109721353079899,0.2946043171844292,5.633333333333333,0.26034165586355523,0.013385964100124888,0.02132355732222398,0.011829168331484343,0.2524397538255175,-0.9508519156642011,0.22308085687549803,3,5150533.822142381,3788344.8888888895,4551523.605128841,,,,456.07664016325924,640.340541956212,403.0346494428946,0.006465277777777771,0.08350694444444444,0.005713362038855665,0.020532628550243886,3.9202838043371835,0.018144671358143728,439.1197458496665,467.1683724079816,388.04985225426276
MAT-RL,6.011870992403982,195.64885557499818,5.312686738465931,46,False,0.03456420627511295,1.261464573369091,0.030544368057034005,0.17996277519271336,0.4253512488471138,0.15903299495146708,1.2060642654293674,2.6555555555555554,1.0657982576106635,0.47112536666062743,4.933333333333334,0.4163331998932261,0.013411687011302176,0.020264933196206886,0.011851899652442325,0.15371633980323574,-0.9561681806849568,0.13583903596567673,3,2152611.7123534274,2517674.6666666665,1902261.6605938661,,,,326.2034272052221,650.8717441251812,288.26577016456145,0.006518784437310638,0.08732638888888888,0.005760645841332305,0.00397569242631262,3.9290392061074577,0.003513316978387879,338.682972438178,500.50822926542315,299.2939366945786
MAT-RL,7.606209476201583,208.01118890004645,6.721602686629081,47,False,0.02830128724346744,1.2460894836674024,0.025009830319023745,0.09690175109491728,0.369793090555403,0.08563201848917847,0.490846182941909,3.7222222222222228,0.4337604732431808,0.48501414005097027,5.522222222222222,0.4286067004885753,0.007884224186961714,0.015831288571159046,0.006967284117388323,0.21891495198689453,-1.005732371290061,0.193455009886634,3,2021339.8399690837,3233109.3333333335,1786256.786831427,,,,464.843460622705,765.3752549804686,410.7818833493203,0.01202582299036864,0.09131944444444445,0.010627212460279782,0.023986252714715398,3.8852164102925197,0.021196636931160192,487.7915980380466,597.0790116129841,431.06113842199574
MAT-RL,28.650124039333495,216.71741108487672,25.318097183304122,48,False,0.15466148949929517,1.3464349635639419,0.13667426417707124,0.0844107559637251,0.3970267375310262,0.07459373369105586,1.5626978255015138,2.8111111111111113,1.3809551176765436,0.5708104699395354,4.966666666666668,0.5044248650140524,0.009362024761662154,0.017671116731233064,0.00827321558618202,0.07430236036320338,-1.0112907213939675,0.06566095064865313,3,1542228.3137137939,2603235.5555555555,1362866.2225630432,,,,143.2720997320757,676.1464697038067,126.60946736889309,0.0015593486739780384,0.08645833333333335,0.0013779954745128159,0.06168441282398533,3.9105590820312504,0.05451047808479378,172.42503961206438,480.3810974638514,152.37190260467946
MAT-RL,16.070751677481447,225.1775777549483,14.201713480214606,49,False,0.056007873994216216,1.2543210610241273,0.04949412417443782,0.14378254263137186,0.4009809692700704,0.12706054544845619,0.7705764396753355,3.4222222222222225,0.6809579309353139,0.6914230092915464,5.333333333333333,0.6110100926607788,0.010735415624132306,0.018678884332378704,0.00948688025579893,0.10552706895671152,-1.0538862426124753,0.09325420663614734,3,1236700.8591235215,3569891.5555555555,1092871.796819398,,,,184.75915878440534,853.4513844643934,163.27155621340597,0.005104166666666667,0.09583333333333333,0.004510548978043951,0.018310274453609596,3.8913120918803745,0.01618077839499096,227.91653267768785,673.876228904104,201.4097012666774
MAT-RL,33.55600529187414,199.61139998243502,29.653421461518434,50,False,0.1744910914738403,1.3340853566490776,0.15419767137797954,0.06627523031169665,0.323754413260354,0.05856738070570791,0.811057776024238,3.788888888888889,0.716731263238673,0.779449758435992,5.366666666666666,0.6887992773257277,0.009341309148872937,0.01820245488650269,0.008254909211763221,0.22826611552399315,-0.9987622236786828,0.20171862741527702,3,1399216.2542363566,2597774.222222222,1236486.5526089699,0.004678046021934083,0.0609375,0.00413398642353842,324.27144601725365,663.4390517997001,286.5584795641386,0.005238509802768706,0.08802083333333334,0.004629267925685213,0.02760422588860237,3.905409330791897,0.02439383762380992,278.7520398964747,481.94818232610083,246.3330080684494
MAT-RL,46.715577663519724,193.32952224390786,41.28252756027854,51,False,0.13119323579142875,1.2517450838044215,0.11593538265312156,0.1062240778560723,0.355525952246454,0.09387015297646394,1.1359986958782295,3.066666666666667,1.0038813564250402,0.6493284660248024,4.7555555555555555,0.5738111703855712,0.010140043198488699,0.02097178830040826,0.008960750005472272,0.14964342636476194,-0.8997764684695945,0.13223980483798967,3,2483641.4960566084,3165752.8888888895,2194792.4790593996,,,,223.68252210564538,547.8078026363877,197.66810870006444,0.0049075559027148725,0.07256944444444445,0.004336804165554441,0.028922408585109343,4.012441900703642,0.02555871487075289,206.91764241105767,377.1265693125876,182.85299471342887
MAT-RL,17.190452710638727,198.07831113899337,15.19119260200837,52,False,0.07347758180815578,1.2464638947508633,0.06493209434133901,0.09151765081915927,0.3540695011615753,0.08087409235108742,1.1113070049537432,2.1333333333333333,0.9820613241770821,1.5061344848385065,4.355555555555555,1.3309701279448316,0.011857124330473656,0.01982134694440497,0.010478133557164019,0.12067638764914632,-0.9598509641252875,0.10664165034806058,3,1430235.8359245236,2940017.7777777775,1263898.53807501,,,,283.70875665213873,673.2380136314968,250.7132556498464,0.007031492622700143,0.09756944444444444,0.0062137257528379515,0.030909290701869215,3.8486755218770767,0.027314521388547834,272.6202248622996,507.6773830086672,240.91432685324233
MAT-RL,20.54339766279259,199.24781110603362,18.15418801635127,53,False,0.09861455179706004,1.255334407588162,0.0871456194276228,0.03860516645013551,0.3520126077863905,0.03411536210524905,1.1089572902528477,2.3444444444444446,0.9799848827254279,0.18985426509643855,4.977777777777778,0.1677740985615725,0.016687685961410938,0.022263148799538612,0.014746897931590628,0.07834224963115831,-1.0108987822132893,0.06923099833694404,3,1525378.5687223591,3183957.3333333335,1347976.1131652144,,,,140.48483733272056,766.4631214481584,124.14636528230663,0.004800208770858542,0.09704861111111111,0.004241941570441197,0.05278957672956353,3.86361836526129,0.046650116839622315,158.80499976798654,578.5366195610328,140.33588168067166
MAT-RL,8.978391280608685,199.2988666623003,7.934198912371244,54,False,0.07285178873461369,1.2265446186997166,0.06437908138297187,0.09267673050717351,0.38992013533910114,0.08189837036622095,1.0130763806773997,2.488888888888889,0.8952549812659416,0.37150105926771904,4.766666666666667,0.3282952600598705,0.00926203742487973,0.017564178651405703,0.008184856837498011,0.032216849477571835,-1.0052987608374386,0.02847001028313942,3,1081643.5583052514,2592312.8888888885,955847.7544205535,,,,67.54985953906996,784.0528793816557,59.69376977847467,0.0035526042981709536,0.09965277777777777,0.0031394342569488086,0.03167069198801798,3.8542956855561994,0.027987371241893735,91.09832328861364,607.0467571717478,80.50353286745609
MAT-RL,20.76761355710825,213.76168888269197,18.35232746574883,55,False,0.035298880364711904,1.2457672678946807,0.031193599103049204,0.0492524253516525,0.43880232506328154,0.0435243383189059,1.1191743870559114,3.244444444444444,0.9890137249543849,0.34226464383537086,5.144444444444445,0.3024590575292491,0.006734320959755231,0.016852664347324107,0.005951115335087788,0.06334079285446023,-0.9468680627957419,0.05597422011001062,3,440869.80380537367,1829546.6666666667,389596.3774050152,,,,161.86133216019033,647.9688270666385,143.03676075624077,0.004125648798584197,0.09166666666666667,0.0036458333333333304,0.03341485356099751,3.8456563731034596,0.029528685762817093,208.09402060359807,450.96944930803403,183.8925594064881
MAT-RL,4.760201944726221,192.10052222479135,4.206587562527546,56,False,0.09307982492467816,1.2234616533230709,0.08225458465773393,0.05216328000314394,0.35020894805590314,0.04609665880351374,1.8572499515994207,2.611111111111111,1.6412506523086912,0.6883293785197125,5.2,0.6082762530298221,0.01119052809957862,0.019599236237506073,0.009889062873468041,0.07355070660762912,-0.861790121056862,0.0649967146821457,3,898218.9390674444,1802240.0,793755.5299925649,,,,214.21839218530388,500.1185761660583,189.30466284727655,0.007972963210821372,0.09166666666666666,0.007045702738785769,0.023879484602414812,3.8679698440763683,0.021102286015276094,228.57580214421034,326.5428957152115,201.99229729315482
MAT-RL,43.32704797845793,202.52884443875192,38.28808593911405,57,False,0.11745361783466444,1.2866161141927979,0.10379369062368206,0.15685384787231313,0.41050894889566636,0.13861164993751315,1.4613846300810192,2.5999999999999996,1.2914247085207011,1.6243069101224699,4.611111111111112,1.435399028274149,0.006711550943049619,0.017779737297031615,0.005930993485177934,0.13226178743910436,-1.0448629860233507,0.11687966109408361,3,410514.29579964565,3218545.777777778,362771.2334481353,,,,295.18316927704115,803.109831983832,260.8531871056325,0.008258311026056507,0.09253472222222221,0.007297864429508233,0.026415612988750878,3.858406960301929,0.02334346112734331,313.73579009909383,604.9223203291141,277.24812683897716
MAT-RL,7.443767674565069,198.4515333186007,6.578052965349761,58,False,0.09286597988467286,1.2408039764651468,0.082065609925981,0.022473293479583788,0.3167321135600408,0.01985963577553341,1.1204449733349715,3.122222222222222,0.990136541276187,0.4805936657977697,5.51111111111111,0.42470033008036434,0.007117415422776955,0.01734794241686662,0.006289655678991841,0.09366486276139815,-0.9414702572336413,0.08277158223811619,3,1176852.4110866191,2459420.4444444445,1039983.759699979,,,,182.15044273140163,642.136496816982,160.96623542446568,0.00913694941003862,0.10069444444444446,0.00807431663488437,0.057357311854678454,3.834400386280484,0.050686621590752934,189.1851116155378,452.7263086504283,167.18276803760227
MAT-RL,22.344684080726406,190.65477778591836,19.74598372800694,59,False,0.05803756528215752,1.2507901991596835,0.05128776113076141,0.10031612740428554,0.43918787439664203,0.08864930075651793,0.7933211328037886,3.3222222222222224,0.701057402415438,0.6281671555475039,5.377777777777777,0.5551109331909686,0.01716795140536829,0.02121148072183132,0.015171308212230299,0.22352187289893238,-0.9559391157528024,0.19752614309382846,3,1134719.5432606703,2350193.777777778,1002750.970035118,,,,448.78406338434377,661.0879938512551,396.59020378004834,0.012984172463730643,0.10243055555555557,0.01147410530684604,0.052216919961912,3.82056085202429,0.046144060402443426,441.4423703490245,514.2609938261127,390.10235411129963
MAT-RL,12.523851759463906,191.39194443899518,11.06732018053692,60,False,0.050837555703559426,1.2553935387911959,0.04492511704651933,0.029969082772131294,0.3615357544687059,0.02648366021304517,0.9619271808378053,3.522222222222222,0.8500544644860071,0.6876400149231114,5.455555555555556,0.607667062838903,0.01769414531098242,0.02352292297614945,0.01563630544649396,0.051947067889806874,-0.9361592921567388,0.0459055922904976,3,2255046.3476487314,3045603.5555555555,1992783.0854848125,0.00849502637372467,0.06302083333333335,0.007507049638228942,147.23760485731435,616.9250146851563,130.1137818355197,0.007145833333333326,0.09999999999999999,0.006314768569261525,0.03820648420850874,3.8220797777175903,0.033763046850875056,181.55588807388597,456.62140357731306,160.44082783533617
MAT-RL,31.962904232302492,223.93036666714275,28.245599024390923,61,False,0.17876587880236952,1.267182628582174,0.15797529833949192,0.0644681610867737,0.3567586458391614,0.05697047473103411,1.9827348116511532,3.3000000000000003,1.7521415467935233,0.5847647622424711,5.622222222222223,0.5167562646325993,0.010045729487541042,0.0209891309754716,0.008877405036486707,0.12774280278500796,-0.8631568733353756,0.11288623710453309,3,1294285.5202163185,1800419.5555555553,1143759.3267935605,,,,103.53797223649867,459.1310802147923,91.49644307462832,0.005476252569667526,0.08315972222222223,0.004839361064154988,0.054942397979090445,3.947740578651428,0.048552563668088904,101.41415254078758,260.93314688050424,89.61962490162472
MAT-RL,30.91833430542581,199.67538887997054,27.322513215508824,62,False,0.18230722624752108,1.2836455662377813,0.16110478492227598,0.047765280390951424,0.3112241658899519,0.042210149221888406,2.367776307419117,2.211111111111111,2.0924024823508858,1.1784172687377161,4.8,1.0413666234542203,0.005658342390507289,0.020218472617367905,0.005000273728050695,0.10457471824770681,-0.9605173327101532,0.09241261489399408,3,1490595.6040244321,3029219.555555556,1317238.4284230287,,,,287.52870126670905,637.3890555138445,254.08893838175194,0.0021250340411216808,0.10885416666666668,0.0018778912893041642,0.011854888674984637,3.7943392647637264,0.010476157909768509,302.44660631402775,446.0852548684192,267.2718819962643
MAT-RL,5.769977711995939,173.36966666496463,5.098925793733157,63,False,0.022268191407358827,1.1992529476774887,0.01967838719908887,0.036216092484317335,0.35213790006107754,0.032004138895128056,3.0355597527220053,3.255555555555556,2.6825223066968014,1.5462222222222224,5.211111111111111,1.3663956370821144,0.008765352578429125,0.019658834880424872,0.00774593674086434,0.029788361093091097,-0.7925981756929721,0.026323956575225387,3,511729.0717520441,1825905.7777777778,452214.6693798979,,,,68.04111481173574,385.94337659662034,60.127891764057956,0.006906884537354439,0.10746527777777777,0.0061036096636274215,0.022916906511014096,3.7585217237472537,0.020251656341521648,66.72524331407378,228.07030990467993,58.96505692212822
MAT-RL,9.461451101362949,188.00921113385508,8.361078582086295,64,False,0.03344355870367739,1.2148601612300354,0.029554052479939582,0.06430468578099112,0.3519278069337209,0.05682601170276967,2.8531382418593902,2.6888888888888887,2.5213165285296957,0.9700282801019414,5.377777777777777,0.8572134009771514,0.014248740730409803,0.022743976778454248,0.012591603514768292,0.059361825482709754,-0.7716995491656052,0.05245800906433173,3,633430.6109610997,1121393.7777777778,559762.2455377653,,,,95.18364742331784,328.53891267982766,84.1137313198515,0.005663350915816446,0.11163194444444445,0.0050046997588192935,0.021901557492010452,3.780443047814899,0.019354393031149435,89.41274162195931,148.36853488579536,79.01398537411326
MAT-RL,21.026876997062928,180.24114445627978,18.58143840990525,65,False,0.062425319279965245,1.219610550480021,0.055165216669188166,0.09971718876835112,0.36504805584748584,0.08812001904832689,2.198477183398983,2.766666666666667,1.9427929494530405,1.589777777777778,5.188888888888889,1.4048856550280895,0.012792481466417807,0.022956247337990333,0.011304708089142274,0.07182026029102347,-0.8028821098111578,0.0634675203249358,3,459007.0744894321,1525532.4444444447,405624.27247410646,,,,81.43365805395726,386.1536289919438,71.96287407941045,0.009702392972774703,0.1046875,0.008573998767267868,0.040278618718747494,3.8141114956802795,0.03559419085692117,83.79594578555587,214.10091786642877,74.05042631064791
MAT-RL,21.76033590235915,204.69183329259977,19.229595598291425,66,False,0.12143808621331478,1.2732848063478694,0.10731476290581163,0.0706576234405488,0.3172865543100569,0.06244009884750008,2.3884176486112163,2.888888888888889,2.110643223004498,0.8487747450891995,5.322222222222222,0.7500617258550082,0.014199202507424739,0.02698764867252774,0.012547826617254614,0.012837702723122901,-0.8367831747496187,0.011344670086180713,3,1763793.2279478547,1906005.3333333333,1558663.0024753052,,,,126.338565828803,400.2814953434757,111.64531376064897,0.008500136164486707,0.10104166666666665,0.007511565157216643,0.037849704369643765,3.8343754476971093,0.03344776072432895,163.8526927748885,233.36387820773498,144.79652491993917
MAT-RL,10.401862680603715,224.43767777359528,9.19211972253073,67,False,0.045733771631017495,1.2903060972969878,0.04041490616667064,0.10160393516874781,0.3448214944865969,0.0897873356944926,1.933690082027969,1.8,1.7088007490635062,0.9118103549844072,5.011111111111111,0.8057662559695955,0.01581209602434445,0.029266069746679734,0.013973139636899203,0.12184658463859144,-0.8649761630041984,0.10767575271570502,3,1042811.1312225615,1549198.2222222222,921531.5622325776,,,,220.8584710714589,439.6461964255598,195.17249651925914,0.009527777777777786,0.1074652777777778,0.008419691425682049,0.007153162186186222,3.769196881850561,0.006321245072068877,210.3151935385437,229.10405911047698,185.85540857777517
MAT-RL,17.067447890705353,198.76601109151832,15.082493317467316,68,False,0.01266444397768086,1.2623244530916853,0.011191561438241295,0.005960252294409268,0.361018020245764,0.005267071326451951,1.1942088243056086,2.477777777777778,1.0553216115022492,0.9865116995420447,4.6000000000000005,0.8717797887081348,0.009595449061946332,0.021134066291981276,0.00847949249833172,0.14506062636031292,-0.8979323314212125,0.12818998726215672,3,1616092.0222507734,2339271.111111111,1428139.5368597307,,,,281.18399073889873,533.5401789136145,248.48212154834144,0.01584759500243211,0.10156249999999999,0.014004510062238285,0.07562010568672196,3.7831083012951745,0.06682544138935236,256.75964710316964,349.5275122649985,226.89834393680863
MAT-RL,14.505534425398888,210.80113333624067,12.818531946801171,69,False,0.17351489874847495,1.3704920512492407,0.15333501046047346,0.07087449079257789,0.3420066270563338,0.06263174439454974,1.2837810666778404,2.988888888888889,1.1344765475923408,0.35048016445872127,5.055555555555556,0.3097191081059189,0.013039760101091733,0.022484946995973587,0.01152322806816345,0.1528064360484777,-1.075647012525724,0.13503495457116724,3,1018776.4680158849,3615402.6666666665,900292.1449791234,,,,277.2700892786443,780.8019290987239,245.02340920906664,0.011290865849011334,0.1015625,0.009977731281597927,0.07787150595415272,3.784683383835686,0.06881500243596676,267.96363120764767,582.0734781857093,236.79929787361988
MAT-RL,26.841762343561953,195.59382221066497,23.720049052927735,70,False,0.07873900015639194,1.217536483133934,0.06958160653471664,0.06804858952240699,0.39622175362375045,0.060134497161330645,1.6260578702896353,2.611111111111111,1.4369463507086182,0.8604289484371398,5.111111111111112,0.7603605382633611,0.009460009354201056,0.0242246620150076,0.008359804510996466,0.03531903099360147,-0.8071345263421197,0.03121140620153961,3,971275.8829176058,1802240.0,858315.9068263334,0.009535370238762511,0.07057291666666667,0.008426400878835125,8.477055383064119,396.73253829925903,7.491168684715463,0.01718655440720958,0.10850694444444446,0.015187747673639692,0.05985965191203688,3.7535840517944763,0.05289793797705886,32.072565624071515,211.07366189453114,28.34250672958106
MAT-RL,6.918822720674337,198.82477779174224,6.114159428964226,71,False,0.026333995998737304,1.2450904358653283,0.02327133624292272,0.11070330397256752,0.33050666583908933,0.09782844237052472,1.7925373422768047,2.1888888888888887,1.5840641588203614,1.3176905348673535,4.644444444444445,1.1644423240014619,0.009878864253476467,0.025382950074142884,0.008729946330661851,0.07369483363823678,-0.8577221212278131,0.06512407965140923,3,660208.8666389891,2231864.8888888885,583426.1737888745,,,,157.31433682479013,470.35378506639864,139.01858374466332,0.009430054396763893,0.09114583333333333,0.008333333333333338,0.02866066383294506,3.893944785992305,0.02532741119250643,119.84820494544658,300.439337722127,105.9097857966536
MAT-RL,18.157802691945175,175.8134110714309,16.046039191969374,72,False,0.044130971772918894,1.198006631868342,0.03899851290718546,0.05195690156803438,0.3226219216982524,0.0459142823059646,2.019118301647871,1.622222222222222,1.7842936147685176,0.774260491463936,4.911111111111111,0.6842135252595848,0.010291928091706811,0.02390128777672847,0.009094970593204896,0.11978108600166254,-0.8334426835074117,0.10585047282686567,3,1853368.243619608,1997027.5555555553,1637820.3893284968,,,,274.65580500999533,468.8786796810479,242.7131677913482,0.013623865551933505,0.10798611111111112,0.012039401699712364,0.03375174153639353,3.772665078772439,0.029826393461717563,290.44739966681385,297.54877772566914,256.6681903822374
MAT-RL,32.68325353716892,222.50769997481257,28.882171266852954,73,False,0.006793319517426626,1.2215689908852676,0.006003252324608266,0.08335052130894131,0.268697053194046,0.0736568049716524,2.16039507132319,2.4555555555555553,1.9091398101801802,1.441452011422707,4.888888888888889,1.2738102655390213,0.009745889699240156,0.024205984340773687,0.00861243679798271,0.37132993879375825,-1.0775878999580046,0.32814404100113814,3,1831526.0395107095,2796202.6666666665,1618518.4468458937,,,,736.310219071083,933.6067899903688,650.6768926343296,0.007692084350241781,0.11388888888888889,0.006797490260573571,0.04694529005122953,3.749432169066535,0.04148552425754453,736.4178869559511,725.4334485267627,650.7720386786842
MAT-RL,13.871424665573477,184.16917775498908,12.258169537825195,74,False,0.06056960919069013,1.2257948542081694,0.05352532679227864,0.11770320675171124,0.31981253292825484,0.1040142521978306,1.2681699461608755,2.477777777777778,1.120681009889043,1.06977445413323,4.977777777777778,0.9453590342847019,0.011248530548351671,0.02666841312828991,0.00994031960216107,0.10694114383727313,-0.8683334905042797,0.0945038237478002,3,995383.1293888142,2268273.777777778,879619.4658664959,,,,201.11945622815907,510.8721207985334,177.72914111112058,0.005981537470354861,0.12552083333333333,0.005285881023485529,0.06534856510000135,3.701848375134998,0.05774848722190035,205.33129615854077,350.35526524584424,181.45114149518614
MAT-RL,22.4700791238012,191.43046666997384,19.856795251283895,75,False,0.07888280489533672,1.2804813925386245,0.06970868669503374,0.05588302004767201,0.3618907945023642,0.04938379081783575,1.6181636291995312,2.2444444444444445,1.4299702146600168,0.7327178561971331,4.9111111111111105,0.6475023237481535,0.007099822809973795,0.02278309243006839,0.006274109097760738,0.16150681371923312,-0.8873305448159771,0.14272347302564997,3,2345493.195574152,2184533.3333333335,2072710.9099701613,,,,288.881175976365,494.1796712232581,255.28411945985204,0.007578345938296412,0.11371527777777778,0.006696979695133991,0.03234598137195843,3.7306969662507377,0.02858412405964717,294.7618907914351,325.41675013287926,260.48090356420124
MAT-RL,14.086109822707117,187.34370001928053,12.447886680573346,76,False,0.042223812312976526,1.229863097775481,0.03731315725271821,0.05355791161836764,0.28751807577080196,0.04732909391341644,0.816013071790724,2.6,0.7211102550927978,0.7414046062194763,5.2555555555555555,0.6551787994580253,0.00661951347384628,0.02035594245211946,0.005849660029636996,0.11731301353985443,-0.8733580017820831,0.10366943869389975,3,431766.09162847255,1927850.6666666667,381551.4324928335,,,,192.473876670893,516.852887162234,170.08904771619015,0.014149173908726352,0.12013888888888889,0.01250361637502141,0.01687650255246771,3.704497305552165,0.01491375503823465,220.35962920162405,374.5812631841064,194.73167026237311
MAT-RL,20.425852190483933,179.79134443966257,18.050313153984806,77,False,0.051179679376852256,1.2242590166424898,0.0452274515284659,0.014219307857698898,0.3294913669427236,0.01256559370306013,2.1533586513819483,2.4333333333333336,1.9029217301589447,1.9415227827788637,4.911111111111111,1.715722501951788,0.013446596167184757,0.025111496345036555,0.011882748852257615,0.04982963147962412,-0.9211522468301997,0.04403441502303189,3,2122660.468373915,3289543.1111111115,1875793.7645110057,,,,147.24248731836033,618.0454374884406,130.1180964633756,0.009690451561514008,0.11111111111111112,0.008563446149401749,0.04067182096495372,3.717512059874005,0.03594166344267596,168.38104443313946,438.9870714578556,148.79822652536234
MAT-RL,16.974133417611828,199.11801112660518,15.000031374365527,78,False,0.06390172235659741,1.2341547559896713,0.056469913169789145,0.06622493532592007,0.3126972946855757,0.058522935057375776,2.1589676545361525,2.2,1.9078784028338915,0.9865116995420443,5.199999999999999,0.8717797887081343,0.004495851922999892,0.022706692417462666,0.003972981609154109,0.11771467929783479,-0.8469770432975742,0.10402439047986027,3,1222016.1726235321,1632938.6666666667,1079894.9482932743,,,,212.07970547804234,459.79930452844496,187.41470670521065,0.0024537779513574436,0.11649305555555556,0.002168402082777227,0.018997582808643804,3.704491113291846,0.016788152370187815,215.9175089451882,271.8978309736751,190.8061712942722
MAT-RL,48.73582354142854,215.58673333816435,43.067817613502854,79,False,0.1106711378301818,1.232927169316313,0.09780001717006781,0.01307587694704252,0.30215331746472257,0.011555144502957276,0.8743716756394238,3.4222222222222225,0.7726817178094981,0.55222879495306,5.222222222222222,0.48800425013328336,0.012547552189682587,0.02677064782215489,0.011088264236302225,0.22304968790120874,-0.9577718155062666,0.1971088734986095,3,1141096.8108426218,2799843.5555555555,1008386.557517466,,,,368.6978684740562,682.6164244433169,325.81808206092484,0.007274308041633097,0.12309027777777777,0.006428301590824175,0.024857615320083435,3.697801874081294,0.021966659535401535,346.5915904171075,471.27800793953094,306.28277759108806
MAT-RL,16.836478133175806,196.04742222387964,14.87838548325658,80,False,0.12679456613604875,1.238682844251206,0.11204828095473911,0.08887084890487161,0.32798842920197374,0.07853511510970129,1.29737809674972,2.6333333333333333,1.1464922347946558,0.7628441906833008,5.1000000000000005,0.6741249472052233,0.009493619385779308,0.0265051434851355,0.008389505675454387,0.13065146978070574,-0.8660292364823267,0.11545662435904701,3,1062943.8946357034,2193635.5555555555,939322.8730123356,0.012471308217097079,0.08515624999999999,0.011020887484113963,198.3956179622275,493.37562002110326,175.3220868926544,0.00926280863683325,0.12760416666666666,0.008185538357032144,0.03796697820448427,3.662528339359495,0.033551395540830066,191.34105797618616,307.0802852785302,169.0879765248656
MAT-RL,17.067245414215947,204.13455554646336,15.082314389116808,81,False,0.07463999626449089,1.2452746054870232,0.0659593192892089,0.079965493810504,0.3462171024746365,0.0706654582306773,0.7843024108116322,1.988888888888889,0.6930875632778086,0.1742222222222225,4.4444444444444455,0.15396007178390045,0.012263742519387822,0.023180788900289268,0.010837461803327782,0.042237283308045825,-0.8513605968111227,0.03732506156286542,3,1164946.5307885369,1915107.5555555553,1029462.5405239016,,,,159.1010736844732,457.4465531588855,140.59752202054452,0.010803484520180413,0.10416666666666667,0.009547032697824668,0.009085352125339627,3.795823789967431,0.008028720145786794,171.45054470613505,275.7805573521925,151.51074204917606
MAT-RL,28.053901631886976,187.72818888666936,24.791215804575348,82,False,0.057024828451375645,1.2343938493977245,0.050392806209531564,0.03151799831598426,0.27925607065359753,0.027852435936813802,1.9129766605224705,1.7333333333333334,1.6904963110807956,1.1334909694293018,4.766666666666667,1.0016652800877814,0.009606841710041222,0.021851163771417405,0.008489560174522078,0.2476778444929427,-0.8962631651003751,0.21887276049536744,3,1960050.2932497584,1714858.6666666667,1732095.251683091,,,,537.9078391420361,558.1324485171763,475.34883019571083,0.012681911285078147,0.12604166666666666,0.011206997287161461,0.040180233854992926,3.6856896917025246,0.03550724821267696,548.8175273857506,378.3967485252738,484.98971505941006
MAT-RL,6.605866089482283,199.4098555490685,5.837599844377372,83,False,0.05952241061505894,1.2541811229962077,0.0525999180480914,0.03989612448837685,0.31076026128398054,0.03525618093824571,0.7702686400067044,2.566666666666667,0.6806859285554047,0.6883293785197125,4.833333333333335,0.6082762530298221,0.01056002858019672,0.02611127185324828,0.009331890831775588,0.2759761958006307,-0.9875811691890156,0.24387999632972907,3,1437401.3331458233,2382961.7777777775,1270230.6836101043,,,,568.2051719530459,720.9811710922609,502.12256476841117,0.0020698289165598043,0.12152777777777778,0.001829106554314706,0.020410475860395662,3.658045091231664,0.0180367251004405,559.3158336893538,537.2585044593594,494.2670619529107
MAT-RL,19.59273409123347,173.31686668330804,17.31408719653225,84,False,0.09776997521731862,1.181938100766218,0.08639926761793154,0.0973000613464834,0.3419332289033466,0.08598400501616218,2.6579597113501348,2.3777777777777778,2.348837379862011,1.2195555555555553,5.377777777777777,1.0777205024873011,0.010257985926290299,0.025272623118427068,0.009064975922276168,0.032281730894769635,-0.8623260344638245,0.02852734595204435,3,2080644.421439722,3034680.8888888885,1838664.2093971171,,,,72.81320629076848,542.7139549159542,64.34498610081877,0.00294689199898872,0.12760416666666666,0.0026041666666666713,0.005717219280581762,3.653679168224335,0.005052303199989794,93.60619625708253,373.74006154520913,82.71973868394419
MAT-RL,40.10048212542201,238.0689777653768,35.436771657774756,85,False,0.2164311787349085,1.3767917038283766,0.19126010097493992,0.10570711458593736,0.3818252268764708,0.09341331284915746,1.2741395934919002,2.6666666666666665,1.125956383603636,0.5708104699395349,4.933333333333333,0.5044248650140519,0.011107109368540608,0.02421274864011341,0.009815345791600307,0.25779989527596103,-1.0301714923612182,0.22781761061423486,3,2617797.263827752,2672412.4444444445,2313345.84942064,,,,368.4502581516814,683.5512423993937,325.5992689696842,0.007242403028026687,0.12604166666666664,0.006400107149710666,0.024588609827065483,3.687043499946594,0.021728939544879998,350.2395444001663,478.16183423513445,309.5064723065631
MAT-RL,20.72193690122288,178.17216664682041,18.31196303273184,86,False,0.10812431782101714,1.2057047473415572,0.09554939387741157,0.08050228578181576,0.34653883179028827,0.07113982096915027,1.5684536380826863,2.933333333333333,1.386041525752786,0.9349238299996607,5.144444444444445,0.8261916197787246,0.005156147337128701,0.02344076128469573,0.004556484264907083,0.07038759849863786,-0.8121950516290836,0.06220147797061203,3,400149.27251748805,1804060.4444444443,353611.6686795989,,,,85.41351156927566,418.6853095574417,75.4798682096212,0.01890609791031573,0.12760416666666666,0.016707307221193173,0.05344286142530826,3.6790980445014108,0.04722742412780447,97.52278768355217,256.56383179422147,86.18082814472687
MAT-RL,13.780356401984385,177.41390000123326,12.17769256869592,87,False,0.0075146138739421945,1.1778121932189365,0.006640659708637688,0.12312237781122583,0.36047749386893374,0.10880317036619087,1.3549558600618876,2.3444444444444446,1.197373669204273,0.7861144326588639,5.188888888888889,0.6946888458818036,0.0014819748249789455,0.02265006210654974,0.0013096202512252694,0.05561167319550653,-0.7934307936294491,0.04914400176965998,3,501171.12093066005,1350769.7777777778,442884.61466232105,,,,109.48855113915309,409.04937727615544,96.75496603067164,0.004250068082243348,0.11927083333333333,0.0037557825786083167,0.04129889902098042,3.670100737280316,0.03649581193928299,104.25805628096009,250.58797062942403,92.13278090663182
MAT-RL,20.671749284342837,199.57404443994164,18.26761226622825,88,False,0.08665779872809382,1.247108753216042,0.07657944401486537,0.10991570356535783,0.3810199151436488,0.0971324403698364,2.303817165242111,3.0444444444444443,2.035881827320735,1.4496542627404239,4.966666666666667,1.2810585900383757,0.006378325667341751,0.020263950547410384,0.00563652251176356,0.06940823494119551,-0.9583803295234655,0.06133601499072859,3,364903.965279658,2126279.111111111,322465.4121161822,,,,215.76003894415598,669.651881202581,190.66701515016214,0.009155938587591833,0.12621527777777777,0.008091097359535449,0.04759063331819294,3.6418442447980244,0.04205581370994408,241.99966416228762,473.8331777442645,213.8549559916772
MAT-RL,15.401365687299982,210.6629666587752,13.610177487934454,89,False,0.007879065891377575,1.3168008473723036,0.006962725734718839,0.07029807467159876,0.3104788313309352,0.06212236581912239,1.459111111111111,2.6444444444444444,1.289415601190164,1.0644411041469277,4.844444444444445,0.9406459561465272,0.007743002340686082,0.02207709807488653,0.0068424864577515485,0.1545560321459362,-0.8962207822776908,0.1365810715780664,3,1272061.1380464185,1632938.6666666667,1124119.6537909615,,,,308.34950617059815,475.64069855662655,272.4882710082903,0.010872926668400722,0.13472222222222222,0.009608398681959516,0.039523489721834795,3.6375259637832644,0.03492688382175723,285.7215419422081,274.4556068958796,252.49195278613587
MAT-RL,19.910680006226073,184.14748889497582,17.595055808178248,90,False,0.017037130152266166,1.2130405692474924,0.015055701550453408,0.13466720877950916,0.3691634949710634,0.11900533046918135,1.7024317248505967,2.9,1.5044378795195676,1.2205273905616014,4.966666666666666,1.078579312490896,0.0060190343830375335,0.02109362671358718,0.005319017022410714,0.0765773924102639,-0.8246227385132169,0.06767139508454918,3,581978.5401548506,1605632.0,514294.08186885976,0.01071875,0.09218749999999999,0.009472152853892298,138.09824083068995,436.2048721817229,122.03733140542747,0.00657185547135814,0.1298611111111111,0.005807544681832556,0.05468707395217069,3.641588403118982,0.04832693398083478,124.98605101430857,263.17524958566304,110.45009724192757
MAT-RL,28.615785990446057,218.09404442319646,25.287752670392987,91,False,0.04223844390061594,1.206913570400408,0.03732608717781355,0.10440773840411596,0.34474271535873413,0.09226505490780058,2.114127622670465,1.822222222222222,1.8682532939541066,1.848290661765722,4.7,1.6333333333333333,0.008843334115940479,0.021402782864040803,0.007814848978120464,0.1940035907882629,-0.9276188786857132,0.17144085515105753,3,1814359.7744599024,2033436.4444444447,1603348.6288641633,,,,423.5853446653263,648.3241807622014,374.3221113785304,0.007129611216306179,0.11909722222222223,0.006300433094313899,0.017834512826186914,3.73352161248525,0.01576034813428293,461.5948975671778,470.2667755659775,407.91113015352215
MAT-RL,13.458699343109025,203.01698887487873,11.893444421458522,92,False,0.04275272856256466,1.261499636317265,0.037780560220695474,0.05552104136784937,0.38650914695527816,0.049063910478698236,1.064441104146928,2.9444444444444446,0.9406459561465276,0.8686576560744692,5.2555555555555555,0.7676322421962615,0.008672518748266283,0.02402103092107508,0.007663899541627981,0.24897721685463958,-0.9388606813980779,0.22002101506088262,3,2246357.9399145995,2601415.1111111115,1985105.1448560418,,,,465.8893972905068,616.2217024714645,411.7061769463264,0.009648540236932405,0.14010416666666667,0.008526409137367132,0.017172456201650293,3.6304714739322663,0.015175289097964062,447.70846072514644,429.74781358550376,395.6396943644943
MAT-RL,27.083975408418503,187.71517776703047,23.934092590983102,93,False,0.12865081754940355,1.2264281805549244,0.11368864919940853,0.11783028196605515,0.3800937036673228,0.10412654848743588,1.0934526583484918,3.3555555555555556,0.9662834489443065,0.6412436989799447,5.433333333333334,0.5666666666666669,0.00816654799211363,0.02044253040932947,0.007216773492240003,0.11458945086846005,-1.030026549481172,0.10126262801815837,3,3175641.4198524584,3839317.3333333335,2806312.3907166463,,,,357.0242823971819,833.6248840519646,315.502141146805,0.009187499999999987,0.13697916666666665,0.0081189881604791,0.04186230801947411,3.592578885290358,0.03699369612848328,402.84516595956376,660.6572507289451,355.99402807422484
MAT-RL,17.54565691814166,199.0416666958481,15.50508634407843,94,False,0.039383834284627724,1.2359638963875679,0.034803470396861366,0.1062591739944243,0.31647492448488873,0.0939011674125737,1.4393117696907685,2.4,1.2719189352225946,1.2265355807575244,5.044444444444444,1.083888746511751,0.00930461113644452,0.02373186478184329,0.008222479200506684,0.16814766344607576,-0.9071265210408962,0.14859198788907924,3,2242279.337456997,2714282.6666666665,1981500.8863456114,,,,355.300425556341,578.2891291373785,313.97876990531944,0.007384890182613387,0.13593750000000002,0.006526022961532137,0.07357499682779907,3.628301328420639,0.06501817993493213,391.01873834045466,401.87589576484055,345.54302118221835
MAT-RL,12.347777654202694,180.53784445186872,10.911723600838119,95,False,0.02925850859499021,1.2118672739468213,0.025855726245007003,0.12344328286538826,0.30640760395261973,0.10908675396732097,1.8091291677707848,2.788888888888889,1.5987263449152034,1.2031113573861754,5.288888888888889,1.0631887745693944,0.00814973925237024,0.02778702850143115,0.007201919619154925,0.1539410200750349,-0.8636281356752464,0.13603758578517397,3,2313945.6965791974,2395704.8888888885,2044832.4043012895,,,,335.8176004014823,515.3889663595861,296.7618091689949,0.003924274771797705,0.13506944444444446,0.003467879228374687,0.03354780169778256,3.6379868520630727,0.02964617195041063,338.2827153636003,343.56606272509663,298.94022976128394
MAT-RL,4.487805992276671,196.13891109798308,3.965871425069008,96,False,0.09277841258778957,1.283992360611977,0.08198822675899971,0.056692838627131474,0.3374604781468709,0.05009942700382403,1.4265691209296951,2.011111111111111,1.2606582642648478,1.2771139531704736,4.977777777777778,1.128584823442041,0.007673429066385664,0.023221495871742565,0.006781004597579483,0.1633504819689684,-0.9403312047260055,0.1443527215362842,3,4371682.208927256,3278620.4444444445,3863252.908370891,,,,417.98036729660333,596.6700355945576,369.36899628776416,0.0034534422686772013,0.13715277777777776,0.003051804831813695,0.026599844961503635,3.624112543794844,0.023506266809581275,427.4372726906145,408.45255780566754,377.7260578310292
MAT-RL,43.96337269708562,221.04974444179484,38.85040570583606,97,False,0.1080488526040519,1.225992251561832,0.09548270531109117,0.06889499364481064,0.3874368717273076,0.06088246396936068,1.1038132781799737,3.4555555555555553,0.9754391223861597,0.5968064806188373,5.544444444444444,0.5273975238358146,0.00531775535955553,0.020628709966937702,0.004699297176006061,0.07923257211480676,-0.8992311413419002,0.07001777577408692,3,192113.3782040922,2117176.8888888885,169770.47544039952,,,,149.98217769538164,572.4700075284632,132.53915918276766,0.007274308041633081,0.1300347222222222,0.006428301590824161,0.05780290870152426,3.6549135519398583,0.05108039525321693,149.2662713683105,390.5731822553574,131.9065131970803
MAT-RL,19.57894926802879,198.59581112784022,17.301905556652727,98,False,0.06655350530985324,1.2618785029205923,0.05881329215228105,0.05219147178205953,0.32685891124937266,0.04612157186139004,1.390200269789737,2.4111111111111114,1.2285191326386657,0.981692365883818,5.155555555555556,0.8675209464863616,0.006064125718283852,0.02362364199426439,0.005358864207935073,0.06303772410030113,-0.8520302167747772,0.05570639843634217,3,421440.4049376331,1470919.1111111112,372426.62944611325,,,,183.97723898722313,442.18189668742815,162.58057416434295,0.005401742260090204,0.13333333333333333,0.0047735163489123315,0.033405281058839525,3.6025299145115746,0.029520226548483835,160.16212623630398,281.5761543364501,141.5351735150708
MAT-RL,31.67671410599152,184.14091110591676,27.992692983883188,99,False,0.1589861640086286,1.2768952415342083,0.14049597640990977,0.09100240513971064,0.31977840264638263,0.08041877005762549,2.0298945055602533,2.6666666666666665,1.7938165396098282,1.040786407328138,5.311111111111111,0.9197423149588836,0.007651003891008066,0.02156389659891526,0.006761187483741399,0.17604344436776415,-0.9397999523795738,0.15556948468591458,3,2773224.5964358808,3102037.3333333335,2450696.8886870616,,,,340.13797150979866,602.7046334226168,300.57971848897273,0.0060489100895619935,0.13715277777777776,0.0053454181660905,0.020093746505061037,3.5817318128214946,0.01775683156182412,309.6909449685132,455.05551119516787,273.67369965789896
MAT-RL,5.426641410681975,152.8473888886058,4.7955197131420535,100,False,0.6964335326045631,3.0348507511149063,0.6154378890641732,0.06470170255608976,0.3373168889019224,0.057176855185386,1.1472156308661872,2.533333333333333,1.0137937550497031,0.7924238795860907,5.122222222222223,0.7002645002928323,0.005919400976383878,0.022334037866029475,0.005230971041566172,0.31087070279668483,-2.010766997674205,0.2747162509329094,3,1166126.2127189748,2368398.222222222,1030505.0247281309,0.0076221462669826745,0.10182291666666667,0.006735686018946655,552.2074172359102,986.683229539302,487.985358657644,0.010025209350974378,0.1449652777777778,0.008859271404286852,0.0725815771335725,3.5818199614683786,0.06414029555552397,569.3029660151468,857.7940073238548,503.0926847132102
MAT-RL,9.111806195992378,164.97001113990942,8.052097591928417,101,False,0.16062835021922978,3.0766494760965357,0.14194717536513948,0.12236770121391809,0.3757368740108278,0.1081362631162826,1.6034420383569752,2.5,1.4169607537888191,1.2142942064232567,5.0777777777777775,1.0730710514600055,0.010322780544864206,0.02339261076930496,0.00912223488728997,0.29363963990116254,-1.991595662405774,0.25948917113522596,3,1652278.9218499851,2200917.3333333335,1460117.8780200514,,,,574.4358898067,906.5418387809053,507.62864634502097,0.005012604675487197,0.11840277777777779,0.004429635702143433,0.025086501420553742,3.7024656931559243,0.02216892604313668,601.9014411501151,773.1267966297415,531.8999373576163
MAT-RL,31.75100849752507,161.3290555542335,28.05834689248193,102,False,1.0776597545875155,3.4880375122266263,0.9523272694988695,0.13086616473180362,0.3378420439031389,0.11564635015671539,1.8267389009778277,2.777777777777778,1.6142880554368007,1.3008462962317084,4.844444444444445,1.1495570805668947,0.004478816465621807,0.023060839830173385,0.003957927385833181,0.5177024519970067,-2.1037933782669227,0.45749334186826707,3,650260.7699837798,2211840.0,574635.0468269212,,,,84.52305283356883,719.5492136770541,74.69297036661723,0.007729625248450345,0.1390625,0.006830665129481227,0.01732269712312405,3.5754339151912267,0.015308056908866368,64.2127254578153,580.1056170415354,56.74474642112632
MAT-RL,31.088279016180103,188.05854441598058,27.47269325301088,103,False,0.5963631717671002,3.592120953813465,0.5270057720732362,0.12170555106749029,0.42123822040028047,0.1075511214347254,1.1113070049537432,2.6,0.9820613241770823,0.8686576560744687,5.211111111111111,0.767632242196261,0.010722437502417574,0.02214722438818879,0.009475411497535292,0.3592548130151646,-2.1328580931291885,0.3174732596968989,3,240864.6218016056,1594709.3333333333,212851.91974808325,,,,200.89462950903402,673.5952009869052,177.53046187621058,0.009212671280046712,0.14357638888888888,0.008141232005342607,0.037644555556460596,3.571892486015955,0.03326647084292808,211.9269626700829,534.2717460381424,187.27972797874307
MAT-RL,18.91070715638578,161.53997781091473,16.71138040914109,104,False,1.6281805577671422,3.455989521733159,1.4388221683410833,0.03186066452180448,0.34348713358243305,0.028155249854424757,2.3200233715297878,2.733333333333334,2.0502032419575706,1.6669605074306149,4.966666666666667,1.4730919862656235,0.009598786507600843,0.02346486329204506,0.008482441797026164,0.11204523637091404,-2.556002118809495,0.09901430721453439,3,3458256.174709502,2981888.0,3056058.8776457394,,,,1776.9457035700448,1656.014668077938,1570.2858371808893,0.001020833333333348,0.13854166666666667,0.0009021097956088031,0.037521812601774986,3.61343017021815,0.03315800296854716,1737.733534121249,1516.8814654234322,1535.6340668950145
MAT-RL,1.4171207897820388,156.8134111003019,1.25230877977787,105,False,0.47042585643051216,3.2301047576269597,0.41571504312844354,0.08577633339355926,0.33466936979028916,0.0758004936350059,1.801510641820523,2.9333333333333336,1.5919938581679403,0.9564883302612357,5.3999999999999995,0.8452481555403981,0.014894385403141345,0.028908157100280125,0.013162159319261766,0.25360222775294694,-1.9601599691377631,0.2241081343779378,3,107220.38846652697,1567402.6666666667,94750.59205678407,,,,492.19191727298613,690.2151624360364,434.94969785283143,0.0124933392747723,0.1373263888888889,0.01104035631637823,0.059168545197390225,3.586369259489907,0.05228720739378334,477.18588968831045,553.4407141750888,421.68888040566907
MAT-RL,20.89535051605363,161.35330000219662,18.465208538655837,106,False,0.08524971188149007,3.7959145953021474,0.07533511852517805,0.11335848277572204,0.3374475654628542,0.10017482226350613,1.7412691837766983,2.6999999999999997,1.5387585183445052,1.2659240708219506,5.0777777777777775,1.118696331218388,0.006392966627391551,0.019793019216093753,0.0056494607192522535,0.20987187455513812,-2.26579751206239,0.18546364786184746,3,1094019.712001727,2159047.1111111115,966784.5539126846,,,,483.9311786024057,735.6804108170622,427.64968811533436,0.015372874802937475,0.14027777777777778,0.013585000110756683,0.0644052713799747,3.5643714812066825,0.05691489913539688,487.97423433750987,590.0256732930544,431.22253400871864
MAT-RL,14.960933478183707,153.13438887500925,13.22096781268997,107,False,0.9932846055665465,3.484185017021254,0.8777650016414646,0.14916787339291268,0.3854970451858309,0.13181955896608494,1.590225203400721,2.6444444444444444,1.405281044778878,1.094753098044948,5.155555555555556,0.9674326467128993,0.00699334438592815,0.01901242561224434,0.006180014179211289,0.8072157373973214,-2.3764491800489496,0.7133360560414986,3,593963.2848251553,2179072.0,524884.9934426905,,,,799.1751482682749,1268.7133149300073,706.2305923199199,0.018733829189348305,0.14201388888888888,0.016555073457279662,0.0612251674691209,3.581190764904022,0.05410464324409724,794.1947767785189,1135.5225711245296,701.8294410643969
MAT-RL,11.342521490434818,164.1558333261249,10.023379340497435,108,False,0.08353666775469676,3.7734387321572416,0.07382130247251811,0.10497885673286081,0.37056241432825726,0.09276975182745359,0.9624200976935408,3.266666666666667,0.8504900548115382,0.6132677903787621,5.411111111111111,0.5419443732558754,0.008585316985625214,0.022457532584667206,0.007586839397034159,0.12420331246147626,-2.5201246317860018,0.10975839165899466,3,1060581.7542040136,2168149.3333333335,937235.4509499378,,,,316.8992755064916,1266.8105152718379,280.0436969688831,0.007848549543595405,0.14913194444444444,0.0069357584567493686,0.006538921445582051,3.5370111948914,0.005778440903290735,305.02578866227793,1134.657493065346,269.5511038682817
MAT-RL,71.6678847765423,207.38533335841362,63.332866175491496,109,False,0.10699780953520928,3.03593747679601,0.09455389919059191,0.08919821735396997,0.36537007490793866,0.07882441040900405,1.3819883331947562,2.8777777777777778,1.2212622492656857,0.7572280834533082,5.3,0.6691619966628243,0.005675188899340026,0.01867968330366744,0.005015160977657051,0.35353343972115375,-2.049609805597424,0.31241728559776905,3,636558.2863463353,1470919.111111111,562526.1703728728,,,,737.1002620555695,1063.2820687923365,651.3750531390715,0.010298674327370225,0.14774305555555556,0.009100932237556357,0.04011124827762381,3.552129258049859,0.035446285699925535,789.8578338353079,885.5307891342558,697.9968872240047
MAT-RL,17.847645016344774,174.43264447178487,15.771953042736026,110,False,0.961291982292607,2.8702867148990916,0.8494931399180596,0.08430009705366714,0.3966779758532842,0.07449594447956066,1.338049068099513,2.611111111111111,1.1824331474329313,1.4542273159378327,4.922222222222222,1.2850997943667573,0.010070864840406204,0.02523530916207366,0.008899617132521723,0.4387907153356316,-1.7033219097131163,0.38775908818918675,3,358142.63834190805,1247004.4444444445,316490.4316147705,0.00985778320703719,0.10651041666666666,0.008711317022748816,367.0207789398598,536.3570643767895,324.33603905986865,0.006797043287614372,0.14479166666666665,0.006006543018057699,0.053108750531171846,3.565528738498688,0.04693217053392359,390.8146487944128,376.63783559423297,345.36266737454577
MAT-RL,14.023806603933979,180.85389996930542,12.392829364047756,111,False,0.893084769518039,3.37842424048825,0.7892184674852979,0.07085483972516389,0.3817754454082913,0.06261437875823136,2.7832136323783683,2.8111111111111113,2.459524193672276,2.18071579595234,4.677777777777778,1.9270972221721723,0.007718850717796118,0.01922742649912834,0.006821143683297129,0.17252376256402072,-2.0726475004562683,0.1524591440172619,3,1030153.480543116,1525532.4444444447,910346.004027854,,,,562.930107946494,766.8707331054917,497.4609939150817,0.01095250513933503,0.12534722222222222,0.009678722128309957,0.03002398531311313,3.6769996854994034,0.026532177555109032,599.5029953602743,613.5468417117346,529.7804322723082
MAT-RL,20.69377806684498,165.83176666042868,18.287079087923455,112,False,0.4440975104991929,4.266592256384841,0.3924486998466607,0.13634201965947537,0.3833909084399541,0.12048535982488064,1.2601036994364128,2.533333333333333,1.1135528725660042,1.2352051461544433,5.122222222222222,1.0915500361785901,0.011444402690116089,0.022106184727615785,0.010113411694672959,0.2383294757849727,-2.399792079695077,0.21061161275552506,3,605427.1266556777,1436330.6666666667,535015.583493914,,,,98.57087244686878,532.9918570600672,87.10702001243259,0.005149337163685113,0.15920138888888888,0.004550466118778179,0.02255770376160759,3.5216939018832307,0.019934229090404043,114.71329337472208,387.49152412803465,101.37206756559843
MAT-RL,24.73953048265757,158.20031112525612,21.862308036409132,113,False,0.45449400362899284,2.83194276749832,0.4016360745004129,0.16871804511561148,0.39467328786849976,0.1490960338234373,2.2471247801975256,2.566666666666667,1.9857828011475305,1.8110942603169737,4.7555555555555555,1.6004628960027412,0.008635669242350406,0.020471249603562888,0.007631335655668742,0.5053920782498943,-1.829107062661718,0.4466146720773687,3,760451.3028673005,1223338.6666666667,672010.3536980166,,,,749.9383429374641,826.2713375429802,662.7200574039288,0.01307747310664177,0.1605902777777778,0.011556555028224056,0.011041585964802664,3.473174430264367,0.009757442799580426,766.9321934666675,671.2647264117967,677.7375127778121
MAT-RL,9.933085872424252,171.95058887591586,8.777861942338484,114,False,0.5496303867930726,3.472278307293266,0.4857080384231305,0.14535501672111564,0.34603753354814315,0.12845013984489592,1.0561660924375555,3.1999999999999997,0.9333333333333335,0.9492713254821913,5.111111111111111,0.8388704928078612,0.011832922409198865,0.02368470715979735,0.01045674633405753,0.506608710251223,-2.425235737889203,0.44768980903676436,3,838033.4930809505,2293760.0,740569.687990116,,,,829.9323856058481,1378.1931368201724,733.410744242946,0.006779986690370773,0.15225694444444446,0.005991470113450478,0.035845465321397194,3.4880977325969273,0.031676615896738876,828.4226291704015,1229.9576823844334,732.0765733994522
MAT-RL,7.641723285923358,184.70940000325857,6.752986218674207,115,False,0.8363982451487121,3.0910073032875824,0.7391246203872543,0.11757248210595284,0.34053906963931185,0.10389873090790458,1.6503762683583685,2.255555555555555,1.4584365042870522,1.6619740753575232,4.577777777777778,1.468685479276294,0.01279316554250902,0.021748391704426873,0.0113053126067679,0.11733383171407827,-1.8939810488496107,0.10368783570179592,3,689136.7038741556,1265208.888888889,608989.6859543803,,,,651.8831600905904,696.9547693694102,576.0687519772749,0.014157354987125295,0.15364583333333334,0.012510845989025325,0.04265082087960954,3.537161454889509,0.03769050446326695,654.8224067664146,534.995807152857,578.6661624765123
MAT-RL,10.026827759690335,150.47528887710845,8.860701591084531,116,False,0.8123635251364324,3.850541891364907,0.7178851529347232,0.13798380782366004,0.36423252522945404,0.12193620702673426,1.7904194418565103,2.9333333333333336,1.5821925715074423,1.5196145710160998,5.033333333333334,1.3428824718989125,0.007337687193918201,0.022894449635512296,0.0064843097091397085,0.6030892656115019,-2.3087594846835326,0.5329496171114914,3,596156.242664914,1596529.777777778,526822.9089515264,,,,449.91981782057036,766.9770711724597,397.5938692843678,0.010695770119855334,0.16440972222222225,0.00945184554778903,0.0476948621268911,3.484293201234605,0.04214792064477958,436.48235671687263,639.551723665452,385.7191930821561
MAT-RL,2.5807065678120606,157.55912224994972,2.2805688239169313,117,False,0.5056147279768266,2.581916316634972,0.44681142750560243,0.13150537434842594,0.3584257082806693,0.11621121930604013,0.03772021758705567,2.466666666666667,0.03333333333333344,0.9845867968309483,5.088888888888889,0.8700787533534174,0.01090902023301351,0.025249975112577278,0.009640294543049118,0.223959750787938,-1.5639238495388195,0.19791309551794517,3,327544.26382154855,1190570.6666666667,289450.6666666666,,,,116.2023501183555,545.931360918767,102.68794610403013,0.01588408502311684,0.1590277777777778,0.014036756271317464,0.0900331088926917,3.4817696703804866,0.07956220355383843,108.1416004171601,401.1459111035704,95.56466649710866
MAT-RL,18.9975686484539,164.66422223149695,16.788139856836615,118,False,0.46820761941741756,2.783579920761006,0.41375478842951,0.07843921534884084,0.3773190014892154,0.06931668688266777,2.580735582764757,2.766666666666667,2.2805944644129768,1.9418891654428168,4.622222222222223,1.7160462740890223,0.010325653655553005,0.02391247689310047,0.00912477385345771,0.49520032865961255,-1.719281705262043,0.4376082291649262,3,982302.3542461103,1370794.6666666667,868059.9928310126,,,,660.1448522586943,654.983462444285,583.3696043199534,0.011569444444444441,0.14982638888888888,0.01022391101689962,0.09853873622220147,3.5466307739416756,0.08707862125024521,677.6892704217013,515.4726076377635,598.8735959768729
MAT-RL,23.59723736936514,161.95227775541653,20.852864307144582,119,False,0.3933505815925795,2.779812754627328,0.34760366964546674,0.09990921331696956,0.3577323142025206,0.0882897110251165,1.761309333394119,2.911111111111111,1.5564679863693287,1.0697744541332295,5.311111111111111,0.9453590342847016,0.006265360150260198,0.02150604035705328,0.005536694953044917,0.3176670503910624,-1.6914354152318507,0.280722179167277,3,504210.2379006612,1345308.4444444445,445570.2804797632,,,,243.6159807211368,603.0580536915924,215.28329395139235,0.009797400311048754,0.15121527777777777,0.008657956694299777,0.034078610327793045,3.502334296041065,0.03011524721381583,252.9790722378416,474.86178332484843,223.55745222835657
MAT-RL,9.017102493481607,165.24217777704408,7.968407987635792,120,False,0.918842256319295,3.3251972059579296,0.811980342901145,0.1512680452490773,0.3641729040278328,0.13367547955766826,0.8784303621998549,2.9444444444444446,0.7762683766537143,0.9432568742734913,5.155555555555556,0.8335555259338242,0.015008054211912742,0.02462483280234867,0.013262608376418855,0.6170983719737144,-2.093350143182609,0.5453294558808731,3,486397.5902578801,1760369.777777778,429829.2545947536,0.003187551061682507,0.11406250000000001,0.0028168369339562336,474.16250570975274,861.5030555720197,419.01711782319364,0.007321904894278798,0.16545138888888888,0.006470362900550055,0.04221850718649367,3.4621879325972666,0.03730846911567286,472.4026726471784,734.8804981122512,417.46195441644966
MAT-RL,32.710531738361745,193.60938888793396,28.906276996651457,121,False,0.4599000051195063,3.2733695805710656,0.406413354728659,0.05442318407677909,0.4132144633266661,0.04809373465849739,1.8860108793527777,2.3333333333333335,1.6666666666666667,1.7904194418565105,4.633333333333334,1.5821925715074425,0.011284480310754073,0.022777348549829587,0.00997208838532484,0.285764788034232,-2.009767150706815,0.2525301693313472,3,1150806.6516564367,1447253.3333333333,1016967.1379373301,,,,530.2781162354945,746.164632677361,468.60644870499544,0.010614267000883727,0.13940972222222223,0.009379821291138951,0.013951873401270179,3.604329624440935,0.012329262036616708,515.6119003869017,582.2028801732783,455.6459226822737
MAT-RL,19.5283132703888,162.17318892530685,17.25715855634436,122,False,0.7039610254434215,3.077674419016929,0.622089929906272,0.15247233886515907,0.3356791867150201,0.1347397130935277,1.6221155520484758,2.6444444444444444,1.4334625264773457,1.1416209398790695,5.2,1.0088497300281036,0.00495064792007631,0.01812584843072626,0.004374884555080283,0.5826116659284896,-1.9759888811374422,0.5148535747298414,3,379576.36209898954,1439971.5555555557,335431.4002589854,,,,487.9826765345299,874.3033267011097,431.22999437308914,0.0149451301603318,0.1703125,0.013207002430318715,0.023182259852025506,3.4677445630232495,0.020486148927536908,495.7469804016101,726.9908711233338,438.0913049767557
MAT-RL,25.549939139061966,164.70583336194977,22.578465673034664,123,False,0.40869699015816446,2.823316732470627,0.3611652815583766,0.13490179973487454,0.37550875213411117,0.11921263835371652,1.6609749925648871,2.5,1.4678025904202665,1.3209259004834077,4.811111111111111,1.167301414628027,0.010522493943640686,0.02441046656005912,0.009298721496286463,0.3717511711186138,-1.7710736530974873,0.3285162837503423,3,409753.78169656417,1310720.0,362099.1675979262,,,,359.0558073750139,718.8305412315375,317.2973985337694,0.008001955899985251,0.16336805555555556,0.0070713235605612225,0.054067900778703396,3.453756144311693,0.047779771024136296,361.83904169436835,583.9563007442524,319.75694100850984
MAT-RL,11.507580730251583,167.20044443435555,10.169242090304236,124,False,0.7246864586036487,3.769341779354827,0.6404049825809589,0.1428218038970986,0.36160335938135785,0.12621154121347625,0.8493333333333334,2.8666666666666667,0.7505553499465135,0.9247225009178176,5.2,0.8171767114754173,0.019919158114962015,0.026738622743222445,0.01760254790771026,0.35408845560805363,-2.2719775675603517,0.3129077527993601,3,438872.7466666666,1403562.6666666667,387831.5792265159,,,,378.78637588551055,774.6133307236478,334.7332899227484,0.009472932422870537,0.15798611111111113,0.008371224618917508,0.04125054851774393,3.4563697271876865,0.03645308462898854,403.02575940473923,638.0473132293748,356.15361839185647
MAT-RL,7.441855790843334,177.27936663302694,6.576363434868021,125,False,0.34009606352570765,3.3599961056603935,0.3005426844289276,0.14921594259244506,0.38576022287209827,0.1318620376884672,1.1814318995749746,1.833333333333333,1.0440306508910548,0.8309870376787621,5.111111111111111,0.7343427396381474,0.011033251552882602,0.02016820427444246,0.009750077684837183,0.22770485445354818,-1.9310328323500812,0.20122264134878665,3,721879.9572455968,1201493.3333333333,637924.8790382767,,,,147.35989791718762,502.0695449664497,130.22185213812864,0.009174888463512852,0.16267361111111112,0.008107843353358067,0.025732577140933507,3.489863868554433,0.022739862764174647,153.94617037380615,326.6908338872025,136.04213710106475
MAT-RL,13.2690571414245,164.25003333198322,11.725857723205042,126,False,0.9476241524255388,3.393781706384189,0.8374148869798098,0.10020410546571405,0.37054535415437484,0.08855030703755458,1.5645177381820956,2.744444444444444,1.3825633734051692,1.5277076185910818,4.722222222222222,1.3500342931172498,0.007200465028440812,0.01948424770186345,0.0063630465649910034,0.7602881778424033,-2.1252312363959973,0.6718662002127576,3,969334.0114877879,1563761.7777777778,856599.8762252053,,,,867.9337908814701,856.6807289479416,766.9925629655955,0.011629338431126629,0.1564236111111111,0.01027683929649217,0.06825824864918852,3.482644769218233,0.06031977280411439,882.0190597323236,728.45179148641,779.4397064798535
MAT-RL,52.633939283092936,212.14768888118365,46.512580122863454,127,False,0.9412592230196983,2.9171332017721494,0.831790202736185,0.10478230193919402,0.3904122395647897,0.09259605647587088,1.2123397641353286,3.566666666666667,1.0713439119992132,0.5065381903386996,5.611111111111112,0.4476274906329706,0.008815917066461001,0.023754247360759314,0.007790620548175522,0.6319155597022207,-1.9193021836824975,0.5584233956620257,3,916904.0280709628,1714858.6666666667,810267.5317772793,,,,754.992213603532,921.4711428271822,667.1861598368428,0.017427405370494226,0.1685763888888889,0.015400587523364647,0.07384279650298482,3.463328038321601,0.06525483434496894,793.7627238845577,714.944151334585,701.447636184857
MAT-RL,21.218123551285508,174.07884443592695,18.75044287352055,128,False,0.5556139802100812,2.5433367900621104,0.4909957362854232,0.1385389951843211,0.41643858287069535,0.12242682575958376,1.4155555555555555,3.0555555555555554,1.250925583244189,0.514895938186051,5.51111111111111,0.45501322732096133,0.00620220728540611,0.019168587091068428,0.0054808868047945035,0.35086700322781433,-2.154764889343272,0.3100609572908202,3,407994.53888543637,2111715.5555555555,360544.5257960264,,,,1000.667590708354,1766.1929718606273,884.2893411195956,0.014488802415918678,0.15659722222222225,0.012803745880202983,0.030999275416097448,3.4812324153052434,0.027394040825766137,977.03506679341,1599.4752267631657,863.4052941135907
MAT-RL,5.205268407972949,176.160233353989,4.599892525327709,129,False,0.7096963322048511,2.380264091390424,0.6271582170020829,0.1147291959440987,0.33661684725019664,0.10138612065648168,0.4137777777777776,2.788888888888889,0.3656551704867628,0.718666666666667,5.266666666666667,0.6350852961085887,0.01066142640662878,0.022519440907571048,0.009421496029304862,0.5216919184923731,-1.5787929653637673,0.4610188309830978,3,736346.4928225656,1587427.5555555557,650708.9477264466,,,,627.0932358755244,777.3218316795695,554.1619110301951,0.010276163536896313,0.16093750000000004,0.009081039465709751,0.07617368184075954,3.4551943421363833,0.06731463629988892,646.7553880218376,648.3851497457491,571.5373429197685
MAT-RL,63.01648467495523,211.74729999620467,55.68762916908571,130,False,1.1070313683994202,2.6652537507473846,0.9782829467552526,0.13663625737451873,0.38427400257852345,0.12074537751465517,1.0170478702452364,2.866666666666667,0.898764584180851,0.5457495468630594,5.444444444444444,0.4822785425380158,0.008762310428163701,0.022833278920087546,0.007743248394525578,0.5233341373088053,-1.795737857562133,0.4624700587520805,3,874497.761750745,1567402.6666666667,772793.140029364,0.0005104166666666559,0.12760416666666666,0.0004510548978043855,674.0488619272747,926.2219424390615,595.6565692051116,0.017414112153174302,0.1640625,0.015388840315306402,0.04268038864102747,3.4388083338737494,0.037716633476043454,704.7579273198708,733.1795171978097,622.7941516096685
MAT-RL,5.624947773420358,184.02722222445948,4.970762925247698,131,False,0.3588987153936619,2.7044564208888957,0.3171585764454208,0.16070768621846834,0.3808649943934547,0.1420172845393999,0.7656367962054227,2.6,0.676592771006148,0.905547130158487,5.088888888888889,0.8002314480013707,0.009982091803607712,0.020623230168388948,0.008821168453910922,0.19835636919269803,-1.718364488582819,0.17528740277889948,3,307330.8709791826,1343488.0000000002,271588.103709357,,,,410.89351950229167,732.2725301997103,363.1063532034503,0.00913694941003861,0.15138888888888888,0.008074316634884364,0.04396448804472332,3.56682372490565,0.038851391337864936,430.16890502768587,572.1319691006825,380.13999966541985
MAT-RL,20.30972929581656,194.58322221827174,17.947695422614466,132,False,0.39889317768941296,2.2783882477579556,0.352501658444216,0.13087564221853273,0.4210157858000862,0.11565472540597198,1.489988383416478,1.9777777777777779,1.3167018279412024,1.321284896522237,4.966666666666667,1.167618659209133,0.008191158281007619,0.01987012258420388,0.007238521589563135,0.2590072970265723,-1.5369794864306572,0.22888459080668705,3,984677.7342872382,1339847.111111111,870159.114728216,,,,916.2458522613892,795.5707143414094,809.6859022147823,0.006246669637386153,0.16961805555555556,0.005520178158189119,0.06320761371858576,3.421374541521072,0.05585652978866229,902.1332467460044,630.5606276697638,797.2146013067093
MAT-RL,69.12290723393343,209.33763334889792,61.08387106940969,133,False,0.8411541474339783,3.096719583544884,0.743327408343333,0.10903898879182539,0.3524833271900813,0.09635768805784434,0.8870268274367992,3.033333333333333,0.7838650677536567,0.7362692744128636,5.366666666666667,0.6506407098647712,0.008282493177959238,0.020342746956480875,0.007319234182432661,0.5066622889873724,-1.986990373483066,0.44773715653330315,3,738694.1351111202,1512789.3333333333,652783.557788576,,,,669.8408742593526,877.2611481061653,591.937973063038,0.012423634401568132,0.1746527777777778,0.010978758162334984,0.07774737272767183,3.397451919979519,0.06870530597924618,737.3537331409915,708.699820516349,651.5990453830514
MAT-RL,5.71966828573565,160.1233889038364,5.054467384354351,134,False,0.8379067460511704,3.0626087830425255,0.7404576817170101,0.11933167981033405,0.33294742968347335,0.10545333284899988,1.3654163024559016,3.011111111111111,1.2066175557839054,0.41549351883938107,5.577777777777778,0.3671713698190737,0.013383767162015576,0.024430272997253474,0.011827226898613723,0.1346284834564463,-2.03726146611238,0.11897110892475052,3,1066871.162094355,1787676.4444444447,942793.3968762624,,,,921.7709419252282,1011.9141239330448,814.568420589345,0.014157354987125283,0.16458333333333333,0.012510845989025314,0.08413705799145849,3.433558785253101,0.07435186695947711,913.0729332690312,883.1641572469707,806.8819956315862
MAT-RL,41.6441550785594,177.22797779909646,36.800914507317536,135,False,0.6522544151954087,3.42922805521755,0.5763968298875375,0.1643667616217438,0.3833580497238371,0.14525080724715433,0.9303470744901312,2.777777777777778,0.8221471437193746,0.4404282988407456,5.577777777777778,0.38920621973637765,0.005827805192539878,0.019810352991852496,0.005150027903108568,0.42325536799173313,-2.061939525987253,0.37403051119282843,3,834501.5821020526,1520071.111111111,737448.5404068193,,,,327.76729132323186,694.6509514325916,289.6477559342179,0.007321904894278826,0.16527777777777777,0.006470362900550079,0.07067999898450308,3.441482355197271,0.06245987210207959,310.70718371251655,549.0152643905723,274.5717492177122
MAT-RL,36.997852011444124,196.59103330923244,32.694979313640616,136,False,0.983941399557568,2.5818445191492985,0.8695084161755801,0.11377338202501427,0.31624421311749357,0.10054146847768793,0.9000310557056173,2.6888888888888887,0.7953568963632569,0.8066601775068037,5.222222222222222,0.7128451081042415,0.012159932503144236,0.027236332392526996,0.010745724955129599,0.2284789875456308,-1.8574145580451147,0.20190674229129046,3,868347.1210425246,1636579.5555555553,767357.8225774562,,,,1061.9671606584277,1132.984566103805,938.4597337908456,0.010614267000883732,0.1748263888888889,0.009379821291138957,0.026927297532941315,3.401158830192354,0.0237956364477441,1087.2901526492428,959.226317039972,960.8376464070454
MAT-RL,4.3571325215066885,166.66296669023316,3.8503953584491213,137,False,1.025631798648634,3.465808217693485,0.9063501964886157,0.11068813770455647,0.34660311539967853,0.09781503994871028,1.3500465835584259,2.1999999999999997,1.1930353445448854,1.3068481355470178,4.911111111111111,1.154860902318415,0.007427139349898689,0.022763567873173293,0.006563358524958474,0.50936021664501,-2.1058057703323216,0.45012131356298357,3,715502.800851306,1294336.0,632289.389812397,,,,508.00921411402203,745.803312623129,448.9274334482768,0.004603192456006706,0.16458333333333333,0.0040678383728680505,0.025645104857048504,3.4319036437405486,0.022662563560122143,482.1247780235557,608.2275871102818,426.0533730227884
MAT-RL,12.489499690319834,180.43437779932802,11.036963277933525,138,False,0.4173682832048311,2.942670916701474,0.3688280979482467,0.11839765456516918,0.3878632154729631,0.10462793530809297,1.0977814664805325,2.9,0.9701088140570167,0.6224788359732145,5.444444444444444,0.5500841686438475,0.009887301880791732,0.02304847486731079,0.00873740265678704,0.18654688273633235,-1.8442527261263295,0.1648513667821026,3,1006670.419056119,1769472.0,889594.0368784954,,,,375.00232596341294,745.834507404547,331.38932730874325,0.004449709338197772,0.1729166666666667,0.00393220543503685,0.023674436097818212,3.409197848372989,0.02092108477651215,362.5643821215456,582.030262178694,320.3979239027214
MAT-RL,51.55048970852999,231.1188888981835,45.555136392974724,139,False,0.5981059407670716,3.179035388232739,0.5285458559782394,0.13396543833348534,0.31951876150237196,0.11838517635297545,2.2293254917459113,1.9000000000000001,1.9700535807716275,0.9520152504225118,5.433333333333333,0.8412952976082645,0.011740895736061721,0.024998329165909026,0.01037542241899372,0.5138313399821093,-1.978687985522453,0.45407244253582174,3,1117672.2906973246,1441792.0,987686.3233161519,,,,487.18945631587223,778.3405314859457,430.5290261484432,0.005347885059927681,0.16909722222222223,0.004725922773894527,0.0792532526754436,3.4307486375172935,0.07003605117293998,525.1068839853768,595.7445349185554,464.03663391165753
MAT-RL,16.12213982141084,192.3046333184983,14.247125151741328,140,False,0.4846891591475089,2.676115651316817,0.4283195150618994,0.13627359336059666,0.3853646367788315,0.12042489154619095,2.177777777777778,2.8888888888888893,1.9245008972987527,1.1106666666666667,5.433333333333334,0.9814954576223639,0.014645924831291797,0.028251217471228707,0.012942594863077564,0.21559547477320987,-1.5810662356611749,0.19052158989241513,3,1075020.2127085421,1538275.5555555553,949994.7079462737,0.009314230124519155,0.13437500000000002,0.008230979494416207,175.44339499078654,486.01679330761857,155.03922141653948,0.009436191757906116,0.17100694444444445,0.008338756915640852,0.0278826483899732,3.4348234547509087,0.024639879418883744,158.6625983659724,299.3970933103086,140.2100416483464
MAT-RL,19.783103993213484,175.51438888767734,17.48231696309413,141,False,0.6170068662388352,2.6647565605016115,0.545248592318631,0.03831851139404035,0.3419498801231384,0.03386204520657388,1.1484551943081338,2.9,1.014889156509222,0.6644899278375337,5.322222222222222,0.5872093449655027,0.013661707340881808,0.02760897462980615,0.012072842465583671,0.31257413137610424,-1.6635565289079441,0.2762215697322049,3,1024253.9510936434,1769472.0,905132.5934425298,,,,638.9658595064174,662.3564923472231,564.6537413097102,0.0033513474464444966,0.1529513888888889,0.002961583699519431,0.028603815755315117,3.531797142823537,0.025277174580890266,630.6493893118311,502.8328241831789,557.3044816583553
MAT-RL,20.38421883046805,184.55449997499173,18.013521779067805,142,False,1.0768935253328857,2.955621190940869,0.9516501531727142,0.0975672715916921,0.35140906274318695,0.08622013854728687,1.512732789962312,2.7222222222222228,1.3368010461684405,0.4573333333333334,5.766666666666667,0.4041451884327381,0.01610797081721007,0.02638646856778198,0.01423460401134929,0.6943612562747404,-1.8251729180712457,0.6136066197322471,3,1081661.2134201762,1674808.8888888888,955863.3562348713,,,,477.2097035492931,694.72461912459,421.70992470013147,0.00770712265267224,0.18125000000000002,0.006810779599282317,0.05764412435816461,3.375527827607261,0.05094007762559173,470.7556092612647,553.3671750115401,416.0064455043634
MAT-RL,17.294409207007543,195.77237776765185,15.283058894604101,143,False,0.5118462680828856,2.713996761279759,0.4523182357061622,0.11813231862261897,0.37327014406522113,0.10439345809708729,1.903656831819573,2.1,1.6822603841260724,1.33058479670954,5.188888888888889,1.1758369753467497,0.01288371962531976,0.02480950320346488,0.011385335194656164,0.16733510804715565,-1.6096127981391761,0.1478739331773986,3,1176538.6486877769,1425408.0,1039706.4880590099,,,,224.2050725623702,505.2288165791024,198.12988622076122,0.007509276028090168,0.19131944444444446,0.006635942657505708,0.042417622202891324,3.335338799821006,0.037484426934525236,192.7678791984137,348.853864541454,170.348857570894
MAT-RL,24.68577764044001,165.52779996224368,21.814806682443802,144,False,0.3658863886306523,4.132499829834168,0.323333579033766,0.0726550045746031,0.3538382252057393,0.06420518334049069,2.1750538520366023,2.0,1.9220937657784662,0.7631549848256236,5.577777777777778,0.6743995957997121,0.006924106126690036,0.021152894323070843,0.006118828371645964,0.3218406318959719,-2.446223451334791,0.2844103706040285,3,1051976.0461313878,1392640.0,929630.591961727,,,,505.65731002898167,759.9470637291489,446.84905723918564,0.010565063334954753,0.1795138888888889,0.009336340041492202,0.0336995364287844,3.3433212538560233,0.02978025983988409,517.8485723837886,613.0367673885794,457.62246836516897
MAT-RL,24.86050380792755,191.52826668384174,21.96921209035207,145,False,0.3464248283449701,2.866176873664528,0.3061354100493955,0.14821847882015052,0.37821577820512986,0.13098057955973072,2.3680767421665463,1.6444444444444446,2.0926679763544094,0.8700215408146407,5.266666666666667,0.7688375063113864,0.01106644087325865,0.023743982737263043,0.00977940706706167,0.2348049693163084,-1.737021389612252,0.20749700853341702,3,1260953.5036688426,1367153.7777777778,1114303.844049196,,,,352.52978771199554,607.8658664444279,311.530358927881,0.003924274771797705,0.17413194444444446,0.003467879228374687,0.03047048533871271,3.400322513447867,0.026926749356088256,334.1073481488949,435.50092892736205,295.25046029387215
MAT-RL,6.889049864362831,161.57769999699667,6.087849173955054,146,False,0.1501715550261908,2.3227307274763542,0.13270651181478973,0.1291058760241021,0.36756136351161534,0.11409078409664969,2.3047433643051547,1.7777777777777777,2.0367003088692623,1.3066666666666669,5.333333333333333,1.1547005383792517,0.01264128600078272,0.0256582654805647,0.011171096748145332,0.15043869731975335,-1.3831937904415728,0.13294258529708605,3,1325959.748178616,1274311.1111111112,1171749.822773774,,,,238.08208143385104,443.656831055049,210.39299051794944,0.001894586484574098,0.18472222222222223,0.0016742449237834931,0.01887710950318402,3.381221814288034,0.016681690183446944,231.7503031179944,286.13647379156225,204.79760187237463
MAT-RL,14.70649300831292,185.9935333227946,12.99611892426247,147,False,0.7459254662909228,3.170330207085648,0.6591738807527471,0.10800503877948958,0.3031028558810552,0.09544398706098105,1.8464935872894968,2.1888888888888887,1.631745259712003,1.0235555555555556,5.477777777777778,0.9045154217304137,0.010933174016535136,0.02322790471629964,0.009661639226852422,0.31320181110204187,-1.9503683858214071,0.2767762499241462,3,1136199.5689849323,1554659.5555555553,1004058.8678672255,,,,584.157125778268,730.4065426193455,516.2192966588589,0.010382655122461452,0.17795138888888892,0.009175146015085968,0.05625607015990631,3.3865260495079887,0.049713454975059766,584.6392450668444,603.1805121353076,516.6453451808605
MAT-RL,44.46347042261325,181.5807888762922,39.29234176163376,148,False,1.007238840807598,3.0720835809007148,0.8900963508344591,0.09878365689154647,0.35606977840264636,0.08729505749673977,1.7943884545788646,1.3,1.585699985635506,1.067111111111111,5.144444444444445,0.9430054396763885,0.007831623868134156,0.02071847269932429,0.00692080124764156,0.5259476590684597,-1.7796559851898763,0.4647796263410644,3,1025167.1242556843,1081344.0,905939.5640102661,,,,270.09771581343716,487.22836298808437,238.68518714141476,0.006694051826891613,0.1791666666666667,0.0059155295268752735,0.006585396882679304,3.3784191071987153,0.005819511218778701,262.82339851767705,328.3244737837852,232.25687737272415
MAT-RL,47.91045491453826,181.3209111052048,42.33843986006035,149,False,0.7881579264348183,3.2090554542350684,0.6964946800883871,0.1311851872999241,0.30521946483188206,0.11592827020607549,2.2383487741118233,1.7555555555555555,1.9780274499087702,1.2195555555555553,5.377777777777777,1.0777205024873011,0.00726674243629654,0.022464849675695103,0.006421615869991047,0.5048528068134364,-1.8346994096165579,0.4461381182370545,3,1291700.880168588,1303438.2222222222,1141475.2819558328,,,,247.06178286738134,460.34334016277836,218.32834721166043,0.013323080910724202,0.17552083333333335,0.011773598495268033,0.025023145457251914,3.368848594029745,0.02211293841691156,252.77698695188224,324.5834863339474,223.3788695840996
MAT-RL,10.864151617490874,211.72068892822912,9.600644174809077,150,False,0.9815348814249708,2.8827966313941196,0.8673817775658892,0.12406758749536297,0.3625446044736438,0.10963845158901314,1.9817777777777779,2.1222222222222222,1.7512958165418648,1.1265659389555565,5.266666666666667,0.9955456348712051,0.010809448538528083,0.023888958618044853,0.009552303097210094,0.48961075345843896,-1.70769329477708,0.4326687249602529,3,1200691.7151014886,1396280.888888889,1061050.5381544866,0.004449709338197771,0.14348958333333334,0.003932205435036848,85.2458667351278,532.5898964857902,75.33172057167704,0.012451563176570396,0.17013888888888892,0.011003438803813086,0.03642014455490125,3.384019755323728,0.0321844595857612,86.61781082497642,356.47327369926234,76.5441067292085
Adapted-CPSL,53.42418486393001,197.20003335452122,47.21091966187702,1,True,0.050220487789441284,1.1659039672362213,0.0443798145062269,0.0,0.10000000000000002,0.0,0.0,3.0,0.0,0.0,4.0,0.0,0.0,0.10000000000000002,0.0,0.035868346860323023,-0.787482315452079,0.031696836298766885,3,0.0,5242880.0,0.0,,,,36.662959995999195,409.0606636679368,32.39903544333462,0.0020698289165598117,0.021006944444444443,0.001829106554314712,0.027022413699196016,4.624214993582831,0.023879690545996302,25.27127072845644,225.21954294062178,22.332206568119744
Adapted-CPSL,1.281903555411855,159.773333340935,1.132817392028836,2,True,0.050220487789441284,1.1659039672362213,0.0443798145062269,0.0,0.10000000000000002,0.0,0.0,3.0,0.0,0.0,4.0,0.0,0.0,0.10000000000000002,0.0,0.023125553856054977,-0.7537953586879067,0.020436037873396727,3,0.0,5242880.0,0.0,,,,40.283089552954486,341.6867501395921,35.598141730389905,0.0012268889756787188,0.03159722222222222,0.0010842010413886108,0.014120041698204919,4.468169185850354,0.01247787225830717,41.13219271288056,183.1915898915063,36.34849367623646
Adapted-CPSL,0.44155661020293036,159.36860001723593,0.3902033078006946,3,True,0.050220487789441284,1.1659039672362213,0.0443798145062269,0.0,0.10000000000000002,0.0,0.0,3.0,0.0,0.0,4.0,0.0,0.0,0.10000000000000002,0.0,0.028050501176464914,-0.753216962530176,0.02478821082418765,3,0.0,5242880.0,0.0,,,,22.25968188905174,340.5299578241304,19.670867342937946,0.003864812624225182,0.026041666666666668,0.0034153325647406215,0.018118923019183476,4.471899244520398,0.016011681248803603,22.870738381455684,182.89136892976487,20.210857593518792
Adapted-CPSL,1.1232489089005668,159.57516667226122,0.9926143774296362,4,True,0.050220487789441284,1.1659039672362213,0.0443798145062269,0.0,0.10000000000000002,0.0,0.0,3.0,0.0,0.0,4.0,0.0,0.0,0.10000000000000002,0.0,0.043642630935170706,-0.7603496480586996,0.03856696640596576,3,0.0,5242880.0,0.0,,,,37.23020170630528,354.79532888117757,32.900306597631754,0.0038347358042336663,0.02309027777777778,0.0033887536972123516,0.033252711746517526,4.443788084718917,0.0293854011400055,37.52085633748445,196.27328441747355,33.1571579183754
Adapted-CPSL,0.16427821894416786,159.06126668495642,0.14517256213684834,5,True,0.050220487789441284,1.1659039672362213,0.0443798145062269,0.0,0.10000000000000002,0.0,0.0,3.0,0.0,0.0,4.0,0.0,0.0,0.10000000000000002,0.0,0.030559391440086518,-0.7536882203119565,0.027005315623783308,3,0.0,5242880.0,0.0,,,,39.08726700721108,341.4724733876913,34.541394074234844,0.0038347358042336663,0.024826388888888887,0.0033887536972123516,0.05228707920821781,4.441195302539402,0.04620606008572015,39.14355092455448,183.378725738399,34.59113213774901
Adapted-CPSL,0.44749642739962164,158.99136665070225,0.3954523206437256,6,False,0.050220487789441284,1.1659039672362213,0.0443798145062269,0.0,0.10000000000000002,0.0,0.0,3.0,0.0,0.0,4.0,0.0,0.0,0.10000000000000002,0.0,0.023489768386063856,-0.7872067440722401,0.020757894031983564,3,0.0,5242880.0,0.0,,,,88.32075898521448,408.50952090825854,78.04900098236577,0.0017681351993932286,0.030729166666666665,0.0015624999999999997,0.010152288551702795,4.4175846974054975,0.008971571216657702,88.5210842678069,250.93552048170204,78.22602831271814
Adapted-CPSL,0.2461991968295305,159.5188111015078,0.21756608045479453,7,False,0.050220487789441284,1.1659039672362213,0.0443798145062269,0.0,0.10000000000000002,0.0,0.0,3.0,0.0,0.0,4.0,0.0,0.0,0.10000000000000002,0.0,0.05025992336692257,-0.7909664105616853,0.04441466370205516,3,0.0,5242880.0,0.0,,,,108.21538090316066,416.0288538871492,95.62986626770055,0.005138081768448148,0.029687500000000002,0.004540519732854867,0.028045860233839013,4.401166955629985,0.024784109626012615,108.61807199885337,257.69617611565667,95.98572414397368
Adapted-CPSL,0.30867575187439733,159.4490778192671,0.27277657413825523,8,False,0.050220487789441284,1.1659039672362213,0.0443798145062269,0.0,0.10000000000000002,0.0,0.0,3.0,0.0,0.0,4.0,0.0,0.0,0.10000000000000002,0.0,0.018517059412866486,-0.7564316394310083,0.016363514137681775,3,0.0,5242880.0,0.0,,,,13.291709590306915,346.95931162579546,11.745875678501063,0.002966472892131849,0.03819444444444444,0.002621470290024567,0.018268199097195518,4.381034877565172,0.01614359642812578,13.2479771366166,187.90560894226402,11.707229335781022
Adapted-CPSL,0.2061972033060358,159.43926667872196,0.18221634311462412,9,False,0.050220487789441284,1.1659039672362213,0.0443798145062269,0.0,0.10000000000000002,0.0,0.0,3.0,0.0,0.0,4.0,0.0,0.0,0.10000000000000002,0.0,0.024214712427913843,-0.7664673867272347,0.0213985266407226,3,0.0,5242880.0,0.0,,,,15.369656871123215,367.0308062182478,13.582156426370156,0.0033513474464445065,0.03819444444444444,0.00296158369951944,0.02592569324528963,4.352997230158913,0.022910519348105556,15.480229525589639,208.59968400940582,13.679869413851588
Adapted-CPSL,0.1846388649217497,159.23324443348167,0.16316525260016193,10,False,0.050220487789441284,1.1659039672362213,0.0443798145062269,0.0,0.10000000000000002,0.0,0.0,3.0,0.0,0.0,4.0,0.0,0.0,0.10000000000000002,0.0,0.01808947690611181,-0.758078394122883,0.015985659736596693,3,0.0,5242880.0,0.0,0.0018403334635180776,0.009895833333333333,0.001626301562082916,28.527505224400493,350.2528210095447,25.20973901114706,0.010711996329113372,0.043923611111111115,0.009466184639038604,0.018229941814611086,4.313002831406063,0.01610978849078101,29.136599851060662,192.52053214546564,25.7479955621637
Adapted-CPSL,0.2122343251477755,159.27913332254522,0.1875513440132858,11,False,0.050220487789441284,1.1659039672362213,0.0443798145062269,0.0,0.10000000000000002,0.0,0.0,3.0,0.0,0.0,4.0,0.0,0.0,0.10000000000000002,0.0,0.02317185900382772,-0.7631609238288023,0.020476957704312224,3,0.0,5242880.0,0.0,,,,10.389783308399103,360.417880421383,9.181445188662403,0.004263668334867651,0.019444444444444445,0.0037678011135782474,0.01778021394068919,4.549861841731602,0.01571236424220312,9.93928005557446,202.45458464873764,8.783335738219888
Adapted-CPSL,0.10472885520071476,159.0514333543575,0.09254882562559286,12,False,0.050220487789441284,1.1659039672362213,0.0443798145062269,0.0,0.10000000000000002,0.0,0.0,3.0,0.0,0.0,4.0,0.0,0.0,0.10000000000000002,0.0,0.019113129137078945,-0.753917281656655,0.0168902605903295,3,0.0,5242880.0,0.0,,,,13.284132473574411,341.9305960770885,11.73917978505434,0.00834201226297822,0.028993055555555553,0.007371831161653522,0.020025498030498558,4.415517489115397,0.01769652042637448,14.296461995002492,183.8604849666443,12.633774767256035
Adapted-CPSL,0.14845437247282642,159.1574888960976,0.13118903863708667,13,False,0.050220487789441284,1.1659039672362213,0.0443798145062269,0.0,0.10000000000000002,0.0,0.0,3.0,0.0,0.0,4.0,0.0,0.0,0.10000000000000002,0.0,0.030657051822742913,-0.7705857489271662,0.02709161804452183,3,0.0,5242880.0,0.0,,,,17.809771356251183,375.2675306181114,15.73848411235302,0.004139657833119621,0.02048611111111111,0.0036582131086294223,0.015474280955294418,4.430221094025505,0.01367461266590071,18.508044883194813,216.86328617181218,16.355548003295205
Adapted-CPSL,0.2575617995344714,159.3672444513585,0.22760720555233388,14,False,0.050220487789441284,1.1659039672362213,0.0443798145062269,0.0,0.10000000000000002,0.0,0.0,3.0,0.0,0.0,4.0,0.0,0.0,0.10000000000000002,0.0,0.027346722461047048,-0.7489613849651109,0.02416628200154005,3,0.0,5242880.0,0.0,,,,21.120681162465267,332.0188026940002,18.664333093802416,0.003834735804233664,0.026909722222222224,0.00338875369721235,0.01530225651087803,4.42604132493337,0.013522594769026735,20.7907671279117,174.02795827172153,18.372788262181597
Adapted-CPSL,0.34196762215246496,159.28654443834805,0.30219657964876817,15,False,0.050220487789441284,1.1659039672362213,0.0443798145062269,0.0,0.10000000000000002,0.0,0.0,3.0,0.0,0.0,4.0,0.0,0.0,0.10000000000000002,0.0,0.031861125808794966,-0.7527974232264478,0.02815565749345761,3,0.0,5242880.0,0.0,,,,25.817654427542358,339.6908792166742,22.815045510591297,0.00834201226297822,0.02829861111111111,0.007371831161653523,0.015487580208450884,4.4229311611917295,0.013686365207824038,25.954834565408774,181.993579236271,22.93627151496575
Adapted-CPSL,0.18397239230720172,159.12319997247928,0.16257629115615665,16,False,0.050220487789441284,1.1659039672362213,0.0443798145062269,0.0,0.10000000000000002,0.0,0.0,3.0,0.0,0.0,4.0,0.0,0.0,0.10000000000000002,0.0,0.020270569196527668,-0.7554360993962854,0.017913089666697222,3,0.0,5242880.0,0.0,,,,10.41488727696599,344.96823155634956,9.203629550412126,0.005149337163685113,0.030381944444444448,0.004550466118778179,0.03699080822035799,4.38686199982961,0.03268875471974312,11.007756310541104,186.60752047089466,9.727547554690881
Adapted-CPSL,0.24048027416072085,159.11758887038255,0.21251227197166406,17,False,0.050220487789441284,1.1659039672362213,0.0443798145062269,0.0,0.10000000000000002,0.0,0.0,3.0,0.0,0.0,4.0,0.0,0.0,0.10000000000000002,0.0,0.02510353990145306,-0.7440859311052145,0.022183982938341482,3,0.0,5242880.0,0.0,,,,27.544641100212363,322.2678949742074,24.341182582560055,0.006134444878393594,0.029861111111111116,0.005421005206943055,0.023071961892054443,4.389977872371674,0.020388678687413907,27.744024408026,164.55883941987872,24.51737749037351
Adapted-CPSL,0.3958113339910053,158.94805556551242,0.34977823504287514,18,False,0.050220487789441284,1.1659039672362213,0.0443798145062269,0.0,0.10000000000000002,0.0,0.0,3.0,0.0,0.0,4.0,0.0,0.0,0.10000000000000002,0.0,0.02672197952393049,-0.7554897446374991,0.023614197048093265,3,0.0,5242880.0,0.0,,,,12.242114930569615,345.0755220387766,10.818349516246997,0.0046031924560067045,0.0328125,0.004067838372868049,0.020875519124071634,4.363516198264228,0.018447683549626438,11.780181167003782,186.27629982100737,10.410138930416624
Adapted-CPSL,0.14197187824061328,159.40439997939393,0.1254604624279207,19,False,0.050220487789441284,1.1659039672362213,0.0443798145062269,0.0,0.10000000000000002,0.0,0.0,3.0,0.0,0.0,4.0,0.0,0.0,0.10000000000000002,0.0,0.08617262109735328,-0.8105482658104167,0.07615069283775389,3,0.0,5242880.0,0.0,,,,203.7921482230996,455.1925643846118,180.09099740102855,0.004763888888888893,0.03142361111111111,0.004209845712841024,0.04583220814297601,4.340641299883525,0.040501894452401266,203.30163386355756,296.8043088325335,179.65753015992198
Adapted-CPSL,0.246937191344673,159.08306667632942,0.2182182457588425,20,False,0.050220487789441284,1.1659039672362213,0.0443798145062269,0.0,0.10000000000000002,0.0,0.0,3.0,0.0,0.0,4.0,0.0,0.0,0.10000000000000002,0.0,0.01902548506579848,-0.7593385393908806,0.01681280957786014,3,0.0,5242880.0,0.0,0.001350435565022552,0.015104166666666667,0.0011933790872280838,15.349544214648763,352.77311154553973,13.564382884079885,0.011141174606159727,0.03993055555555556,0.009845449221359603,0.04744960547444689,4.323047949208154,0.04193118749022467,15.674309686516725,195.0267004551852,13.85137793398774
Adapted-CPSL,0.17128645770289427,159.03327777697186,0.15136573846423998,21,False,0.050220487789441284,1.1659039672362213,0.0443798145062269,0.0,0.10000000000000002,0.0,0.0,3.0,0.0,0.0,4.0,0.0,0.0,0.10000000000000002,0.0,0.028551042224831603,-0.7693211040172615,0.025230538644108517,3,0.0,5242880.0,0.0,,,,53.226647044628024,372.7382407983013,47.03635561113855,0.007031492622700136,0.02170138888888889,0.006213725752837945,0.014246815981544547,4.527935928768581,0.01258990261536705,53.6429932514495,215.78322969986263,47.40428050080864
Adapted-CPSL,0.11987039061283464,159.26649999002822,0.10592939125742704,22,False,0.050220487789441284,1.1659039672362213,0.0443798145062269,0.0,0.10000000000000002,0.0,0.0,3.0,0.0,0.0,4.0,0.0,0.0,0.10000000000000002,0.0,0.06811384500855161,-0.8276821749156648,0.060192163394736306,3,0.0,5242880.0,0.0,,,,162.0226232496219,489.4603825951079,143.17929359384465,0.014828460693132577,0.036458333333333336,0.013103901693134508,0.04746527129901006,4.3420223991076154,0.041945031369860324,162.71730530203192,331.05040482355906,143.79318370092648
Adapted-CPSL,0.9623421010105532,159.31816667499436,0.8504211291902339,23,False,0.050220487789441284,1.1659039672362213,0.0443798145062269,0.0,0.10000000000000002,0.0,0.0,3.0,0.0,0.0,4.0,0.0,0.0,0.10000000000000002,0.0,0.028642624484728763,-0.7853116833190953,0.025311469831462523,3,0.0,5242880.0,0.0,,,,26.257898863178603,404.71939940196916,23.204089250525715,0.010968351550041998,0.04600694444444445,0.009692725591811014,0.02705512913336607,4.28975988096661,0.023908601155268855,26.758819657480704,246.2099549760001,23.646752651698673
Adapted-CPSL,0.3706571037509157,158.78993336163046,0.3275494570831197,24,False,0.050220487789441284,1.1659039672362213,0.0443798145062269,0.0,0.10000000000000002,0.0,0.0,3.0,0.0,0.0,4.0,0.0,0.0,0.10000000000000002,0.0,0.053947323051465955,-0.7820907367630214,0.047673216559934034,3,0.0,5242880.0,0.0,,,,57.70176765177626,398.2775062898216,50.991016969087134,0.0024537779513574376,0.043576388888888894,0.0021684020827772215,0.016046581066879662,4.272383206420475,0.014180353926330803,57.26219564176264,240.41271623844173,50.60256745126634
Adapted-CPSL,0.09862110123128472,158.92614443631223,0.0871514071586626,25,False,0.050220487789441284,1.1659039672362213,0.0443798145062269,0.0,0.10000000000000002,0.0,0.0,3.0,0.0,0.0,4.0,0.0,0.0,0.10000000000000002,0.0,0.027790667790450228,-0.747570922669731,0.024558596219044746,3,0.0,5242880.0,0.0,,,,18.034516328631764,329.2378781032406,15.93709110771467,0.0032460431159326624,0.04913194444444444,0.0028685263267115117,0.038742236038863634,4.237005167537266,0.034236490417417255,17.74248013469188,171.8099925858015,15.679018900799916
Adapted-CPSL,0.2488076578366299,158.89286666384172,0.21987117585982432,26,False,0.050220487789441284,1.1659039672362213,0.0443798145062269,0.0,0.10000000000000002,0.0,0.0,3.0,0.0,0.0,4.0,0.0,0.0,0.10000000000000002,0.0,0.012126363914707143,-0.7716104477690046,0.010716060413950306,3,0.0,5242880.0,0.0,,,,50.419674375944155,377.316928301788,44.555835571537706,0.005814669215563321,0.05503472222222223,0.005138419648246092,0.0557679859869767,4.214996741877663,0.04928213528838409,50.20128116011325,219.2035498674562,44.362841619574695
Adapted-CPSL,0.33049864819083524,158.83796666619472,0.29206145433640734,27,False,0.050220487789441284,1.1659039672362213,0.0443798145062269,0.0,0.10000000000000002,0.0,0.0,3.0,0.0,0.0,4.0,0.0,0.0,0.10000000000000002,0.0,0.044819036831100154,-0.7787483825030685,0.039606555580492996,3,0.0,5242880.0,0.0,,,,44.08901347501367,391.59279776991565,38.96143438485334,0.0027852936515399317,0.059201388888888894,0.002461362305339901,0.04369101395232597,4.182203223307927,0.03860972244879045,44.515195219375904,233.37651997929765,39.338050933064416
Adapted-CPSL,0.28332202420776526,159.131222197579,0.2503715004240351,28,False,0.050220487789441284,1.1659039672362213,0.0443798145062269,0.0,0.10000000000000002,0.0,0.0,3.0,0.0,0.0,4.0,0.0,0.0,0.10000000000000002,0.0,0.025534955944422382,-0.7582420020417663,0.022565225033047188,3,0.0,5242880.0,0.0,,,,56.43283660462246,350.58003684731085,49.86966337471369,0.004139657833119627,0.06284722222222222,0.0036582131086294275,0.034406187323680844,4.170527451568179,0.03040472680578953,56.152822743087484,191.86165909456395,49.622215295630966
Adapted-CPSL,0.40111815961650654,158.42206666194318,0.3544678736195469,29,False,0.050220487789441284,1.1659039672362213,0.0443798145062269,0.0,0.10000000000000002,0.0,0.0,3.0,0.0,0.0,4.0,0.0,0.0,0.10000000000000002,0.0,0.04795140980114712,-0.7921525982409038,0.04237463166844033,3,0.0,5242880.0,0.0,,,,116.23216136073093,418.40122924558597,102.71429028078065,0.006302032636771911,0.06319444444444444,0.005569102407064393,0.02135929097778433,4.133958237038718,0.01887519244243366,116.44239312719601,260.7645959281341,102.90007196490436
Adapted-CPSL,0.03906608137031813,158.91345557368672,0.034522672339801524,30,False,0.050220487789441284,1.1659039672362213,0.0443798145062269,0.0,0.10000000000000002,0.0,0.0,3.0,0.0,0.0,4.0,0.0,0.0,0.10000000000000002,0.0,0.026526469837950976,-0.7804639574827777,0.023441425257537986,3,0.0,5242880.0,0.0,0.003187551061682515,0.0328125,0.002816836933956241,60.231620500756954,395.023947729334,53.226646392611336,0.005138081768448155,0.06666666666666667,0.004540519732854873,0.035044834719131134,4.110374344719781,0.030969099120606587,61.02235073627276,237.1986810391853,53.92541422066965
Adapted-CPSL,0.13453523115958796,159.18183331895207,0.11888870192674995,31,False,0.050220487789441284,1.1659039672362213,0.0443798145062269,0.0,0.10000000000000002,0.0,0.0,3.0,0.0,0.0,4.0,0.0,0.0,0.10000000000000002,0.0,0.02402522643772746,-0.7607333956235589,0.02123107798647499,3,0.0,5242880.0,0.0,,,,45.24117965704173,355.56282401089635,39.97960293895295,0.008045249034157053,0.04253472222222222,0.007109581676890027,0.038060878137430754,4.304806550343831,0.033634374854447736,46.476964944033604,197.4393017900961,41.07166564523663
Adapted-CPSL,0.15905032986619733,158.82787776515923,0.14055267973920582,32,False,0.050220487789441284,1.1659039672362213,0.0443798145062269,0.0,0.10000000000000002,0.0,0.0,3.0,0.0,0.0,4.0,0.0,0.0,0.10000000000000002,0.0,0.05257836141867,-0.7822612312859983,0.04646346599788554,3,0.0,5242880.0,0.0,,,,79.05543151631444,398.6184953357753,69.86123673496863,0.0021250340411216816,0.0625,0.001877891289304165,0.006959326222590419,4.109628402524525,0.0061499523489658165,78.2845260542267,241.0114731479475,69.17998804712764
Adapted-CPSL,0.32716924032410744,159.04748890574817,0.2891192586301359,33,False,0.050220487789441284,1.1659039672362213,0.0443798145062269,0.0,0.10000000000000002,0.0,0.0,3.0,0.0,0.0,4.0,0.0,0.0,0.10000000000000002,0.0,0.030807093363543824,-0.7542413800540292,0.027224209662844837,3,0.0,5242880.0,0.0,,,,15.3400803221763,342.5787928718369,13.556019648059644,0.0035362703987864533,0.06562499999999999,0.003124999999999996,0.04242668384035173,4.124157862530814,0.037492434698036044,14.60300331362157,184.62817459997692,12.904665144025117
Adapted-CPSL,0.10819263670873225,158.77968887151735,0.09560976723692134,34,False,0.050220487789441284,1.1659039672362213,0.0443798145062269,0.0,0.10000000000000002,0.0,0.0,3.0,0.0,0.0,4.0,0.0,0.0,0.10000000000000002,0.0,0.051124761480270356,-0.7729288697194372,0.045178920616667596,3,0.0,5242880.0,0.0,,,,55.01284638537218,379.95377220265283,48.614818881860444,0.011062953363103251,0.06388888888888888,0.009776325156459088,0.03600920104428209,4.088749918672774,0.03182130905543819,55.70375150081536,221.51496908144819,49.2253713120425
Adapted-CPSL,0.3083115278126959,158.89537777467112,0.2724547095565175,35,False,0.050220487789441284,1.1659039672362213,0.0443798145062269,0.0,0.10000000000000002,0.0,0.0,3.0,0.0,0.0,4.0,0.0,0.0,0.10000000000000002,0.0,0.13696814734387272,-0.815444252175982,0.12103866847865699,3,0.0,5242880.0,0.0,,,,293.60221365109396,464.98453711574257,259.45609758080985,0.016463959715742892,0.07430555555555556,0.014549191184405072,0.0708721563230243,4.07110255294376,0.06262968142522547,293.78075775032374,306.65092601674485,259.613876892676
Adapted-CPSL,0.17103693454485863,158.95694446387805,0.15114523500128957,36,False,0.050220487789441284,1.1659039672362213,0.0443798145062269,0.0,0.10000000000000002,0.0,0.0,3.0,0.0,0.0,4.0,0.0,0.0,0.10000000000000002,0.0,0.019406762229631887,-0.7573863457215305,0.01714974397557709,3,0.0,5242880.0,0.0,,,,11.408305162327752,348.86872420683966,10.081512331327536,0.0022313506089638767,0.07256944444444445,0.001971843175625096,0.024340844190633582,4.069056146674686,0.02150998920270159,12.544048404123782,190.94016862387923,11.085167943135552
Adapted-CPSL,0.36211235477853987,158.97744447122227,0.3199984676147131,37,False,0.050220487789441284,1.1659039672362213,0.0443798145062269,0.0,0.10000000000000002,0.0,0.0,3.0,0.0,0.0,4.0,0.0,0.0,0.10000000000000002,0.0,0.028269990063867916,-0.7660006593056878,0.024982173020452327,3,0.0,5242880.0,0.0,,,,65.56399414873877,366.09735137515423,57.93886174120618,0.0034534422686772134,0.07152777777777779,0.0030518048318137056,0.06543057613300411,4.033586846457587,0.05782096032187076,65.06924305161962,208.11400691297152,57.501650497680274
Adapted-CPSL,0.39594425435386144,159.13541112483168,0.3498956966866646,38,False,0.050220487789441284,1.1659039672362213,0.0443798145062269,0.0,0.10000000000000002,0.0,0.0,3.0,0.0,0.0,4.0,0.0,0.0,0.10000000000000002,0.0,0.11349587941963053,-0.803419437754588,0.10029623959413826,3,0.0,5242880.0,0.0,,,,177.24770255996216,440.9349082729544,156.6336869177095,0.005104166666666667,0.078125,0.004510548978043951,0.026301550264522494,3.9983129666911235,0.02324266396733653,176.56954574079325,282.7669971486422,156.03440014918917
Adapted-CPSL,0.12747618733986438,159.03766667340986,0.11265062919786406,39,False,0.050220487789441284,1.1659039672362213,0.0443798145062269,0.0,0.10000000000000002,0.0,0.0,3.0,0.0,0.0,4.0,0.0,0.0,0.10000000000000002,0.0,0.05492460764797928,-0.7560634959558304,0.04853684236330931,3,0.0,5242880.0,0.0,,,,60.00098290372522,346.22302467543955,53.02283208843044,0.00746287429009448,0.08159722222222221,0.006594937469868957,0.04896608518974979,3.9630312489138704,0.043271299692037024,59.743746540984,187.86053578573498,52.79551247117431
Adapted-CPSL,0.23683405133435464,158.86305554562972,0.20929010707830506,40,False,0.050220487789441284,1.1659039672362213,0.0443798145062269,0.0,0.10000000000000002,0.0,0.0,3.0,0.0,0.0,4.0,0.0,0.0,0.10000000000000002,0.0,0.011334742480409108,-0.7678903787907929,0.010016505034070334,3,0.0,5242880.0,0.0,0.006188473197876303,0.0453125,0.005468750000000001,27.580255897747485,369.8767903453641,24.372655357474397,0.004125648798584194,0.07760416666666665,0.0036458333333333273,0.05042801886186921,3.9473818143208823,0.04456320958867303,26.598735680307577,211.451979231014,23.50528653846319
Adapted-CPSL,1.0588661103530697,159.659377771378,0.9357193375226277,41,False,0.050220487789441284,1.1659039672362213,0.0443798145062269,0.0,0.10000000000000002,0.0,0.0,3.0,0.0,0.0,4.0,0.0,0.0,0.10000000000000002,0.0,0.037501346219715924,-0.7797878011819606,0.03313991683917297,3,0.0,5242880.0,0.0,,,,62.81517074209529,393.6716351276995,55.50972816909339,0.004678046021934082,0.06302083333333335,0.004133986423538419,0.005760762541170192,4.136960691875881,0.0050907823528807995,63.98560380921607,234.98102403962022,56.54403915843619
Adapted-CPSL,0.1366398221997003,158.84309999334315,0.12074852774849935,42,False,0.050220487789441284,1.1659039672362213,0.0443798145062269,0.0,0.10000000000000002,0.0,0.0,3.0,0.0,0.0,4.0,0.0,0.0,0.10000000000000002,0.0,0.10631209548659298,-0.8829196227457082,0.09394793410300661,3,0.0,5242880.0,0.0,,,,261.4260564551581,599.9352782551949,231.02204704219565,0.0017681351993932227,0.075,0.0015624999999999944,0.014696283076269141,3.98713994357321,0.012987096413526933,261.1448935489854,442.84560049300643,230.77358355306563
Adapted-CPSL,0.41553592467595224,159.20261112559174,0.3672088438310526,43,False,0.050220487789441284,1.1659039672362213,0.0443798145062269,0.0,0.10000000000000002,0.0,0.0,3.0,0.0,0.0,4.0,0.0,0.0,0.10000000000000002,0.0,0.03290891516274017,-0.7501441406057413,0.02908158830808152,3,0.0,5242880.0,0.0,,,,16.55042722508229,334.3843139752612,14.625602469802917,0.008466012637869594,0.0798611111111111,0.007481410217505282,0.03163823455784641,3.968254811233944,0.02795868863059767,16.459221237058387,177.00823619243286,14.545003793674383
Adapted-CPSL,0.2861471802920869,159.2540555413709,0.25286808913697256,44,False,0.050220487789441284,1.1659039672362213,0.0443798145062269,0.0,0.10000000000000002,0.0,0.0,3.0,0.0,0.0,4.0,0.0,0.0,0.10000000000000002,0.0,0.012368534000685685,-0.7757279076228819,0.010930065971597324,3,0.0,5242880.0,0.0,,,,62.1321902753591,385.55184800954225,54.906178746152484,0.00834201226297821,0.08090277777777777,0.007371831161653512,0.022606247175459237,3.957594868209627,0.019977126875691746,61.78535058393446,226.81679248137502,54.59967672185198
Adapted-CPSL,0.18294169061748128,158.67729999849368,0.1616654607000123,45,False,0.050220487789441284,1.1659039672362213,0.0443798145062269,0.0,0.10000000000000002,0.0,0.0,3.0,0.0,0.0,4.0,0.0,0.0,0.10000000000000002,0.0,0.04399815342177346,-0.7588968503973902,0.0388811414110827,3,0.0,5242880.0,0.0,,,,37.963666924827585,351.8897335585586,33.54846936501198,0.007369194330261654,0.07847222222222222,0.006512152546358005,0.026936381642210846,3.934072716368569,0.023803664069578966,37.91070890370875,193.80255578084396,33.50167039396804
Adapted-CPSL,0.3004904731819997,158.98091111254567,0.26554324833756965,46,False,0.050220487789441284,1.1659039672362213,0.0443798145062269,0.0,0.10000000000000002,0.0,0.0,3.0,0.0,0.0,4.0,0.0,0.0,0.10000000000000002,0.0,0.04337558263343921,-0.7659236846701849,0.03833097598419334,3,0.0,5242880.0,0.0,,,,51.687190580192656,365.94340210414833,45.67593887009651,0.010225333067562776,0.07604166666666667,0.009036120610884109,0.031659834075310665,3.9655772745609283,0.027977776111040048,51.60723459761806,208.19939098679592,45.60528181693922
Adapted-CPSL,0.3415027894057416,158.9974222329652,0.30178580723328513,47,False,0.050220487789441284,1.1659039672362213,0.0443798145062269,0.0,0.10000000000000002,0.0,0.0,3.0,0.0,0.0,4.0,0.0,0.0,0.10000000000000002,0.0,0.043060868210028004,-0.7559822404315502,0.03805286303969184,3,0.0,5242880.0,0.0,,,,38.44646745305551,346.0605136268789,33.975119898079264,0.014820650073315912,0.08090277777777777,0.01309699945315437,0.03342864363881735,3.940338979164759,0.029540872046196834,38.41246388721678,188.11271361462525,33.94507096763478
Adapted-CPSL,0.20790166378138714,158.7140666605491,0.18372257379972692,48,False,0.050220487789441284,1.1659039672362213,0.0443798145062269,0.0,0.10000000000000002,0.0,0.0,3.0,0.0,0.0,4.0,0.0,0.0,0.10000000000000002,0.0,0.03200500115925065,-0.7600497683913509,0.02828280005312395,3,0.0,5242880.0,0.0,,,,30.394191210837388,354.19556954648016,26.859328281700904,0.009844560151846975,0.09218749999999999,0.008699631816921908,0.02000450671601348,3.889421370294359,0.017677970414534783,31.021669775095912,196.60724733288794,27.413830707188726
Adapted-CPSL,0.3724611752117334,159.08047780653254,0.32914371393547753,49,False,0.050220487789441284,1.1659039672362213,0.0443798145062269,0.0,0.10000000000000002,0.0,0.0,3.0,0.0,0.0,4.0,0.0,0.0,0.10000000000000002,0.0,0.023889556836706318,-0.7635414344943973,0.02111118684259172,3,0.0,5242880.0,0.0,,,,10.682064327948646,361.17890175257315,9.439733747819464,0.005444444444444453,0.0935763888888889,0.004811252243246888,0.02151694333354731,3.868680695692698,0.01901450973330836,11.247460039887272,203.8361239646067,9.93937359448236
Adapted-CPSL,0.2536987627056614,158.89532225103014,0.2241934422569213,50,False,0.050220487789441284,1.1659039672362213,0.0443798145062269,0.0,0.10000000000000002,0.0,0.0,3.0,0.0,0.0,4.0,0.0,0.0,0.10000000000000002,0.0,0.046543580692918814,-0.7540012882265676,0.04113053394199859,3,0.0,5242880.0,0.0,0.010195564931421569,0.053906249999999996,0.009009814527086558,43.42526518730148,342.0986092169137,38.374880426815395,0.016043655179782994,0.08489583333333334,0.01417776832168354,0.04513127624504893,3.8783414330747394,0.03988248136063831,44.459068163689686,184.22098697353456,39.28845148810126
Adapted-CPSL,0.30502217809159,159.49677774915472,0.2695479132091614,51,False,0.050220487789441284,1.1659039672362213,0.0443798145062269,0.0,0.10000000000000002,0.0,0.0,3.0,0.0,0.0,4.0,0.0,0.0,0.10000000000000002,0.0,0.03751240387837122,-0.7482853356045388,0.03314968848539936,3,0.0,5242880.0,0.0,,,,27.84672631966871,330.6667039728561,24.608135107210053,0.016818812207128123,0.07256944444444445,0.014862774115155897,0.04986910606853323,4.056471738550399,0.04406929869323519,26.768774928593537,172.5010150876872,23.655550118724467
Adapted-CPSL,0.19551974895505894,159.08854445054507,0.17278068320065,52,False,0.050220487789441284,1.1659039672362213,0.0443798145062269,0.0,0.10000000000000002,0.0,0.0,3.0,0.0,0.0,4.0,0.0,0.0,0.10000000000000002,0.0,0.02577576447261184,-0.7530715989080163,0.022778027382904343,3,0.0,5242880.0,0.0,,,,44.444635546867346,340.23923057981096,39.27569739339592,0.009797400311048744,0.09982638888888888,0.008657956694299768,0.024081008988785582,3.8672061595651837,0.021280372992907887,43.86130555666296,181.66599279918955,38.76020903594049
Adapted-CPSL,0.12474328686380258,159.173144467382,0.11023556670981906,53,False,0.050220487789441284,1.1659039672362213,0.0443798145062269,0.0,0.10000000000000002,0.0,0.0,3.0,0.0,0.0,4.0,0.0,0.0,0.10000000000000002,0.0,0.048854083868341946,-0.7813126679527431,0.04317232419244863,3,0.0,5242880.0,0.0,,,,48.128953749833315,396.7213686692648,42.53152714787956,0.006190811559266336,0.09340277777777777,0.005470816408537755,0.0354406872368081,3.84830864932802,0.03131891374964769,48.329866120524876,239.36599086943343,42.70907328762797
Adapted-CPSL,0.24338519717842616,158.8447555809075,0.2150793506751038,54,False,0.050220487789441284,1.1659039672362213,0.0443798145062269,0.0,0.10000000000000002,0.0,0.0,3.0,0.0,0.0,4.0,0.0,0.0,0.10000000000000002,0.0,0.003241069526676148,-0.7610091490160035,0.002864131168911378,3,0.0,5242880.0,0.0,,,,44.40510147469314,356.1143307957855,39.240761157867446,0.006246669637386151,0.09600694444444442,0.005520178158189116,0.025394278727312168,3.8768360349867077,0.022440908661872552,44.49356289581096,198.15353077508868,39.31893446189082
Adapted-CPSL,1.0720679696427082,159.14832223077408,0.9473858125450915,55,False,0.050220487789441284,1.1659039672362213,0.0443798145062269,0.0,0.10000000000000002,0.0,0.0,3.0,0.0,0.0,4.0,0.0,0.0,0.10000000000000002,0.0,0.03731482736852923,-0.7637590373900224,0.032975090243854234,3,0.0,5242880.0,0.0,,,,24.815788781563995,361.61410754382314,21.92969744875847,0.013963832526464956,0.09305555555555556,0.012339830308275603,0.06990889755954034,3.869806233379576,0.061778450241965176,23.257842281695453,203.04567420018324,20.55294107465316
Adapted-CPSL,0.45568072611394833,158.8888333386017,0.402684780438386,56,False,0.050220487789441284,1.1659039672362213,0.0443798145062269,0.0,0.10000000000000002,0.0,0.0,3.0,0.0,0.0,4.0,0.0,0.0,0.10000000000000002,0.0,0.01963900339436881,-0.7505097357099683,0.01735497535156348,3,0.0,5242880.0,0.0,,,,15.491728762679847,335.11550418371525,13.69003128267226,0.017267211343386057,0.09513888888888888,0.01525902415906852,0.05316538005782819,3.8299339612325034,0.046982214012177344,15.69317397064416,176.96390080461074,13.868048290394439
Adapted-CPSL,0.17791335670918354,159.0703999843552,0.1572219250844036,57,False,0.050220487789441284,1.1659039672362213,0.0443798145062269,0.0,0.10000000000000002,0.0,0.0,3.0,0.0,0.0,4.0,0.0,0.0,0.10000000000000002,0.0,0.02983439159174267,-0.7792724066354678,0.0263646336988796,3,0.0,5242880.0,0.0,,,,90.24529478432147,392.6408460347145,79.74971209718132,0.005893783997977425,0.09999999999999999,0.005208333333333329,0.02205064397482141,3.8275476462311215,0.019486140665307766,89.81703749438121,234.8145349374411,79.37126139060567
Adapted-CPSL,0.3064618916232844,158.86259998660535,0.2708201871812222,58,False,0.050220487789441284,1.1659039672362213,0.0443798145062269,0.0,0.10000000000000002,0.0,0.0,3.0,0.0,0.0,4.0,0.0,0.0,0.10000000000000002,0.0,0.0379964377017729,-0.7607439549894193,0.03357742888066137,3,0.0,5242880.0,0.0,,,,42.55594585231505,355.5839427426169,37.60666345936719,0.005401742260090218,0.10364583333333334,0.004773516348912344,0.007017886926995129,3.790136933326721,0.006201702407820908,43.172433194883226,198.052309416247,38.15145294893413
Adapted-CPSL,0.6753530387842384,159.11441111368023,0.5968090695001711,59,False,0.050220487789441284,1.1659039672362213,0.0443798145062269,0.0,0.10000000000000002,0.0,0.0,3.0,0.0,0.0,4.0,0.0,0.0,0.10000000000000002,0.0,0.01860245379193889,-0.7772623471786932,0.01643897709851555,3,0.0,5242880.0,0.0,,,,82.75042852502784,388.6207271211649,73.12650334359445,0.0023819444444444344,0.09965277777777777,0.0021049228564205017,0.05652885686629267,3.7876882983578573,0.04995451642153454,82.00831120375956,230.4842715655633,72.47069471828141
Adapted-CPSL,0.4020341897063874,158.99497776990756,0.35527736885267724,60,False,0.050220487789441284,1.1659039672362213,0.0443798145062269,0.0,0.10000000000000002,0.0,0.0,3.0,0.0,0.0,4.0,0.0,0.0,0.10000000000000002,0.0,0.03761958287207566,-0.7658238522206434,0.03324440249693008,3,0.0,5242880.0,0.0,0.010246543073899498,0.07135416666666666,0.009054863880580057,32.07881794421702,365.7437372050653,28.34803190108984,0.005814669215563328,0.10659722222222222,0.005138419648246098,0.03815964938274801,3.784129490454992,0.033721658943843824,32.1716676597553,207.31551499243525,28.430083138222805
Adapted-CPSL,0.21919314986836122,159.08469998976216,0.1937008531852352,61,False,0.050220487789441284,1.1659039672362213,0.0443798145062269,0.0,0.10000000000000002,0.0,0.0,3.0,0.0,0.0,4.0,0.0,0.0,0.10000000000000002,0.0,0.05686226072072517,-0.8148327601782875,0.05024914520485923,3,0.0,5242880.0,0.0,,,,129.9135835380709,463.76155312035354,114.8045547353482,0.004181403337810981,0.0782986111111111,0.0036951035857279123,0.0027271356314349507,3.950991613997353,0.002409968098355493,130.6180474671497,305.42666424678345,115.42708908089111
Adapted-CPSL,0.8252578938524343,159.69302223270967,0.7292798987243365,62,False,0.050220487789441284,1.1659039672362213,0.0443798145062269,0.0,0.10000000000000002,0.0,0.0,3.0,0.0,0.0,4.0,0.0,0.0,0.10000000000000002,0.0,0.028837078617514823,-0.7564011063009984,0.025483308830302934,3,0.0,5242880.0,0.0,,,,54.987451367827816,346.8982453657754,48.5923773203064,0.00290733460778165,0.09809027777777778,0.0025692098241230366,0.029629352754140737,3.801644225915273,0.026183441002832958,54.00599891764612,188.4320453772243,47.72506838718004
Adapted-CPSL,0.2562654159788195,158.98113334939504,0.22646159219290235,63,False,0.050220487789441284,1.1659039672362213,0.0443798145062269,0.0,0.10000000000000002,0.0,0.0,3.0,0.0,0.0,4.0,0.0,0.0,0.10000000000000002,0.0,0.02939580189783072,-0.7451097534932796,0.02597705225320022,3,0.0,5242880.0,0.0,,,,21.59591767058134,324.3155397503377,19.08429930689867,0.007669471608467333,0.10451388888888889,0.006777507394424703,0.027078510066542816,3.7849415242671967,0.02392926287169258,20.779194465089304,166.03325085690133,18.36256150708606
Adapted-CPSL,0.40286202240791485,159.38559999146187,0.3560089241073776,64,False,0.050220487789441284,1.1659039672362213,0.0443798145062269,0.0,0.10000000000000002,0.0,0.0,3.0,0.0,0.0,4.0,0.0,0.0,0.10000000000000002,0.0,0.06506982825566443,-0.8009034277772947,0.057502167642138634,3,0.0,5242880.0,0.0,,,,80.16018963659349,435.90288831836807,70.83751081374291,0.014484806056053403,0.11145833333333333,0.012800214299421358,0.056485255347572774,3.7749334507518344,0.049915985785968196,79.98984166481185,277.60192168602254,70.68697441471632
Adapted-CPSL,0.22350534662259092,158.8735999798195,0.1975115388334798,65,False,0.050220487789441284,1.1659039672362213,0.0443798145062269,0.0,0.10000000000000002,0.0,0.0,3.0,0.0,0.0,4.0,0.0,0.0,0.10000000000000002,0.0,0.04647807253488535,-0.7580243455290591,0.04107264442259848,3,0.0,5242880.0,0.0,,,,47.778955174677996,350.14472382189643,42.22223361994807,0.01245156317657037,0.10538194444444443,0.011003438803813062,0.06606292762517957,3.7963603271378408,0.05837976895079416,47.976804823170575,192.33602385341854,42.397073233952554
Adapted-CPSL,0.7831822004721047,159.66985554486098,0.6920976340822853,66,False,0.050220487789441284,1.1659039672362213,0.0443798145062269,0.0,0.10000000000000002,0.0,0.0,3.0,0.0,0.0,4.0,0.0,0.0,0.10000000000000002,0.0,0.036105842786806466,-0.7527968146476244,0.03190671130451177,3,0.0,5242880.0,0.0,,,,22.103029324729558,339.6896620590271,19.53243356715123,0.014536673038908307,0.09913194444444444,0.012846049120615233,0.07905356034086503,3.779841019047631,0.06985958317836237,20.5927972122171,180.698095393867,18.19784236812385
Adapted-CPSL,0.10833031649823172,158.99685554904863,0.09573143478313996,67,False,0.050220487789441284,1.1659039672362213,0.0443798145062269,0.0,0.10000000000000002,0.0,0.0,3.0,0.0,0.0,4.0,0.0,0.0,0.10000000000000002,0.0,0.043991581886805034,-0.7809743779544429,0.038875334149629105,3,0.0,5242880.0,0.0,,,,50.03687353911534,396.04478867266425,44.21755470492169,0.014548616083266174,0.10451388888888889,0.012856603181648333,0.03625954547894383,3.79652206103007,0.032042538280043414,49.71559960081519,238.14348325577103,43.93364512110352
Adapted-CPSL,0.28164728454965815,159.13445554906502,0.24889153400704936,68,False,0.050220487789441284,1.1659039672362213,0.0443798145062269,0.0,0.10000000000000002,0.0,0.0,3.0,0.0,0.0,4.0,0.0,0.0,0.10000000000000002,0.0,0.04316829699766625,-0.7944269045481372,0.03814779779396988,3,0.0,5242880.0,0.0,,,,62.092894121471,422.949841860053,54.871452758868685,0.012083455060050988,0.10451388888888889,0.010678141885195688,0.01881012049664491,3.8001179330878787,0.01662249203912332,62.30813660021875,264.8768651616762,55.061662406388166
Adapted-CPSL,0.21203402652008782,159.05921110081383,0.18737434023785657,69,False,0.050220487789441284,1.1659039672362213,0.0443798145062269,0.0,0.10000000000000002,0.0,0.0,3.0,0.0,0.0,4.0,0.0,0.0,0.10000000000000002,0.0,0.015556234219628432,-0.7787098663413284,0.01374703471573369,3,0.0,5242880.0,0.0,,,,36.98268963502077,391.51576544643535,32.681580330819834,0.014488802415918675,0.10850694444444446,0.012803745880202978,0.035285528240186395,3.7457110484441123,0.031181799838729218,36.97057518162448,233.57698767983095,32.67087479572376
Adapted-CPSL,0.1959994307211386,158.8596111202302,0.17320457768550424,70,False,0.050220487789441284,1.1659039672362213,0.0443798145062269,0.0,0.10000000000000002,0.0,0.0,3.0,0.0,0.0,4.0,0.0,0.0,0.10000000000000002,0.0,0.026912213744021734,-0.7472197348217483,0.023782306912652592,3,0.0,5242880.0,0.0,0.012882334244626531,0.07942708333333333,0.0113841109345804,4.726089583185205,328.5355024072755,4.176442489387139,0.007129611216306191,0.10190972222222222,0.006300433094313909,0.020070509986922273,3.7461382945378623,0.017736297464881604,4.896099446587555,169.86459128811114,4.326680102244647
Adapted-CPSL,0.3332985109841966,158.95120000156263,0.29453569138351127,71,False,0.050220487789441284,1.1659039672362213,0.0443798145062269,0.0,0.10000000000000002,0.0,0.0,3.0,0.0,0.0,4.0,0.0,0.0,0.10000000000000002,0.0,0.029190085510448886,-0.7510052083261715,0.02579526080682529,3,0.0,5242880.0,0.0,,,,26.506178515005967,336.1064494161214,23.42349382779638,0.014972222222222213,0.09357638888888888,0.013230943668928916,0.046477153449202495,3.8814544346597457,0.0410718322271397,25.956101690091845,177.64898272392327,22.937391272277285
Adapted-CPSL,0.03414866738281941,159.47377778098192,0.030177156590721087,72,False,0.050220487789441284,1.1659039672362213,0.0443798145062269,0.0,0.10000000000000002,0.0,0.0,3.0,0.0,0.0,4.0,0.0,0.0,0.10000000000000002,0.0,0.030556674184878584,-0.7442934813273515,0.02700291438700919,3,0.0,5242880.0,0.0,,,,10.989295681471162,322.6829954184812,9.71123390801291,0.013283914493072415,0.11874999999999998,0.011738987155817341,0.042291325226444416,3.7180740402804475,0.037372818373276065,10.567286078042663,164.62337320565075,9.338304278206708
Adapted-CPSL,1.2393071496507742,159.7275888715457,1.0951749741727075,73,False,0.050220487789441284,1.1659039672362213,0.0443798145062269,0.0,0.10000000000000002,0.0,0.0,3.0,0.0,0.0,4.0,0.0,0.0,0.10000000000000002,0.0,0.09741378883464559,-0.839360292772699,0.08608450592826121,3,0.0,5242880.0,0.0,,,,212.88916555567934,512.8166183091764,188.13002608335654,0.0030244550447810054,0.11961805555555555,0.002672709083045258,0.03569038855048431,3.7127485937542386,0.03153957464862926,213.1100614704318,355.04628497613203,188.3252316688339
Adapted-CPSL,0.9663970427165517,159.7829999971307,0.8540044787088664,74,False,0.050220487789441284,1.1659039672362213,0.0443798145062269,0.0,0.10000000000000002,0.0,0.0,3.0,0.0,0.0,4.0,0.0,0.0,0.10000000000000002,0.0,0.05103466133714526,-0.7841549582204866,0.04509929917500337,3,0.0,5242880.0,0.0,,,,68.8037508472129,402.40594920475183,60.80183276463414,0.012112168261073978,0.1173611111111111,0.010703515723471075,0.04736105294291165,3.749358710315492,0.041852933671980855,68.02761861450809,244.70670035552362,60.11596518277873
Adapted-CPSL,0.08627828227445351,159.26759999193666,0.07624406555567488,75,False,0.050220487789441284,1.1659039672362213,0.0443798145062269,0.0,0.10000000000000002,0.0,0.0,3.0,0.0,0.0,4.0,0.0,0.0,0.10000000000000002,0.0,0.011943233255173337,-0.7495381991809232,0.010554227961533902,3,0.0,5242880.0,0.0,,,,33.16228180514313,333.1724311256251,29.305488255829005,0.010904827744293624,0.11128472222222223,0.009636589643317995,0.04977001319240985,3.74210814303822,0.0439817303788914,32.163092375244936,175.0764644697089,28.422505164518057
Adapted-CPSL,1.322031760516395,159.73379997821112,1.168278662466391,76,False,0.050220487789441284,1.1659039672362213,0.0443798145062269,0.0,0.10000000000000002,0.0,0.0,3.0,0.0,0.0,4.0,0.0,0.0,0.10000000000000002,0.0,0.029301967837586755,-0.7814323917445612,0.025894131151249698,3,0.0,5242880.0,0.0,,,,94.2441959851324,396.9608162529009,83.28353865547352,0.006624501349740678,0.10538194444444443,0.005854067812530336,0.02111955295614839,3.754484030935499,0.018663336098566574,94.14733705733111,237.49065823589066,83.19794447990289
Adapted-CPSL,0.276534501126741,159.4209777863903,0.24437337040674914,77,False,0.050220487789441284,1.1659039672362213,0.0443798145062269,0.0,0.10000000000000002,0.0,0.0,3.0,0.0,0.0,4.0,0.0,0.0,0.10000000000000002,0.0,0.022788772140300426,-0.7370262564926507,0.02013842407607678,3,0.0,5242880.0,0.0,,,,7.7558785023156185,308.14854574908003,6.853865113949929,0.01663189225229574,0.10451388888888889,0.014697593064789483,0.011351862392117973,3.770094166199366,0.010031633889631991,8.192405172475011,150.38561242711032,7.2396234667942805
Adapted-CPSL,0.30411144014459884,159.22198890216853,0.26874309463948304,78,False,0.050220487789441284,1.1659039672362213,0.0443798145062269,0.0,0.10000000000000002,0.0,0.0,3.0,0.0,0.0,4.0,0.0,0.0,0.10000000000000002,0.0,0.041379832281988646,-0.7876389497336582,0.036567332612797515,3,0.0,5242880.0,0.0,,,,45.71459157115551,409.3739322310948,40.39795675943943,0.00991487933239361,0.11770833333333332,0.008761772833989961,0.03759549381768391,3.7189256217744617,0.03322311501421946,45.69269059606677,251.16959889179432,40.3786028810777
Adapted-CPSL,0.40873216131344803,158.93495553690528,0.36119636228690316,79,False,0.050220487789441284,1.1659039672362213,0.0443798145062269,0.0,0.10000000000000002,0.0,0.0,3.0,0.0,0.0,4.0,0.0,0.0,0.10000000000000002,0.0,0.06701377665475865,-0.7930554650749463,0.05922003365975259,3,0.0,5242880.0,0.0,,,,87.01234390544202,420.20696291367085,76.89275537238863,0.008500136164486702,0.12135416666666665,0.007511565157216639,0.022203253980712486,3.684940808349186,0.01962100203466834,86.25412029971632,262.57269626797154,76.22271363329936
Adapted-CPSL,0.08771230264480648,159.19417776684796,0.07751130848452185,80,False,0.050220487789441284,1.1659039672362213,0.0443798145062269,0.0,0.10000000000000002,0.0,0.0,3.0,0.0,0.0,4.0,0.0,0.0,0.10000000000000002,0.0,0.014365770422781714,-0.7576535132988774,0.012695022582718448,3,0.0,5242880.0,0.0,0.012821520368061317,0.08567708333333333,0.011330369748857863,33.025840071962676,349.4030593615334,29.184914779226293,0.01034914458279905,0.12569444444444444,0.009145532771573553,0.028685139812657717,3.680553022358153,0.02534904060088773,32.836049529207784,191.03819269534802,29.017196992059183
Adapted-CPSL,0.09466818539049104,159.2263111055622,0.08365821783504092,81,False,0.050220487789441284,1.1659039672362213,0.0443798145062269,0.0,0.10000000000000002,0.0,0.0,3.0,0.0,0.0,4.0,0.0,0.0,0.10000000000000002,0.0,0.04221912055120406,-0.7686129410535032,0.03730901114569427,3,0.0,5242880.0,0.0,,,,37.03897749157186,371.3219148707851,32.73132187540945,0.009914879332393607,0.10416666666666667,0.008761772833989958,0.062261191266574346,3.825022512012058,0.05502017684360736,36.20771131937093,213.56312597954494,31.996732464763877
Adapted-CPSL,0.38926990891316954,159.2038222394573,0.34399758168128497,82,False,0.050220487789441284,1.1659039672362213,0.0443798145062269,0.0,0.10000000000000002,0.0,0.0,3.0,0.0,0.0,4.0,0.0,0.0,0.10000000000000002,0.0,0.03121915392688412,-0.7509701718952227,0.027588347331977923,3,0.0,5242880.0,0.0,,,,15.949638602240555,336.03637655422403,14.094685929307394,0.011703774896862128,0.12569444444444444,0.010342618755976736,0.03993721618262882,3.687517397933536,0.03529249364345667,16.540702455727725,178.17243208929173,14.61700869704067
Adapted-CPSL,0.062380646807845365,159.13368887009304,0.055125739632753815,83,False,0.050220487789441284,1.1659039672362213,0.0443798145062269,0.0,0.10000000000000002,0.0,0.0,3.0,0.0,0.0,4.0,0.0,0.0,0.10000000000000002,0.0,0.03862946644059447,-0.7669866929072232,0.034136835992033925,3,0.0,5242880.0,0.0,,,,33.12562014021618,368.069418578225,29.273090364837397,0.00993820849248614,0.11788194444444444,0.008782388798570658,0.025847205213136784,3.6866094536251492,0.022841159521842888,32.867096548366185,209.90972970640544,29.044633224000975
Adapted-CPSL,0.019397465497754028,158.96924443465346,0.0171415284592726,84,False,0.050220487789441284,1.1659039672362213,0.0443798145062269,0.0,0.10000000000000002,0.0,0.0,3.0,0.0,0.0,4.0,0.0,0.0,0.10000000000000002,0.0,0.054919376981047194,-0.8073193877898496,0.048532220026123674,3,0.0,5242880.0,0.0,,,,141.5307942830327,448.73480834347765,125.0706768029548,0.007729625248450385,0.12395833333333334,0.006830665129481261,0.02792997931128699,3.682972692781025,0.0246817057252534,141.94048427413512,290.77698610383027,125.43271959884349
Adapted-CPSL,0.7985652589943069,159.52119996331427,0.7056916335395607,85,False,0.050220487789441284,1.1659039672362213,0.0443798145062269,0.0,0.10000000000000002,0.0,0.0,3.0,0.0,0.0,4.0,0.0,0.0,0.10000000000000002,0.0,0.0038547356498526615,-0.7867349117961925,0.003406427548618287,3,0.0,5242880.0,0.0,,,,55.27141201809203,407.5658563561635,48.84331317418798,0.0035526042981709463,0.12638888888888888,0.003139434256948802,0.04094165195110904,3.6552343004279666,0.03618011292098077,56.00408943034783,249.17718969631127,49.49077975764979
Adapted-CPSL,0.159557009168929,158.92269999151017,0.14100043193077463,86,False,0.050220487789441284,1.1659039672362213,0.0443798145062269,0.0,0.10000000000000002,0.0,0.0,3.0,0.0,0.0,4.0,0.0,0.0,0.10000000000000002,0.0,0.047403939679477605,-0.7669016357989208,0.04189083265499261,3,0.0,5242880.0,0.0,,,,45.894403216414275,367.89930436161984,40.55685620096021,0.008173752712829878,0.12534722222222222,0.00722314029955372,0.028900290200236132,3.663016067610846,0.025539168867496888,46.3186979541277,209.88761549139716,40.931805202543764
Adapted-CPSL,0.13902596597570951,158.93234447058703,0.12285716155166884,87,False,0.050220487789441284,1.1659039672362213,0.0443798145062269,0.0,0.10000000000000002,0.0,0.0,3.0,0.0,0.0,4.0,0.0,0.0,0.10000000000000002,0.0,0.034327561745482016,-0.7646745682003967,0.030335245430169702,3,0.0,5242880.0,0.0,,,,19.44747738271268,363.4451691645717,17.185723931584167,0.005012604675487197,0.11857638888888888,0.004429635702143433,0.03245858860329327,3.6723506682448916,0.028683635001469424,19.245985648167323,205.19634692099794,17.007665808350627
Adapted-CPSL,0.42592975593342147,158.86180000638385,0.3763938661898456,88,False,0.050220487789441284,1.1659039672362213,0.0443798145062269,0.0,0.10000000000000002,0.0,0.0,3.0,0.0,0.0,4.0,0.0,0.0,0.10000000000000002,0.0,0.03925205970564152,-0.7579203007383382,0.0346870212815807,3,0.0,5242880.0,0.0,,,,32.923043910699185,349.9366342404551,29.094073874057205,0.004942820231044189,0.11909722222222223,0.004367967231044832,0.04714079176754801,3.660680555635029,0.04165828900531521,33.04381042175077,192.2556231242194,29.200795166401175
Adapted-CPSL,0.16315170137475873,159.0346444605125,0.1441770592461159,89,False,0.050220487789441284,1.1659039672362213,0.0443798145062269,0.0,0.10000000000000002,0.0,0.0,3.0,0.0,0.0,4.0,0.0,0.0,0.10000000000000002,0.0,0.02295096375174056,-0.7564460366080482,0.020281752704431767,3,0.0,5242880.0,0.0,,,,11.527843129334386,346.98810597987494,10.187147960046406,0.0046031924560066976,0.12708333333333333,0.004067838372868043,0.04007374064875698,3.659644603729248,0.035413140231114935,11.383054355024314,189.47249485544307,10.059198208275657
Adapted-CPSL,0.8404955917617707,159.25755555508658,0.7427454430964573,90,False,0.050220487789441284,1.1659039672362213,0.0443798145062269,0.0,0.10000000000000002,0.0,0.0,3.0,0.0,0.0,4.0,0.0,0.0,0.10000000000000002,0.0,0.049585948298216324,-0.7637123964029908,0.043819072343874575,3,0.0,5242880.0,0.0,0.015540490209047466,0.09140625000000001,0.01373312174316168,104.57531305783418,361.52082556976023,92.41314052734177,0.008131143807251077,0.1310763888888889,0.007185486835616277,0.09209057354111241,3.6467795835600962,0.08138038381192084,103.29150978921842,202.77257001869188,91.27864435991039
Adapted-CPSL,0.9583840963918515,159.2607555600504,0.8469234429166709,91,False,0.050220487789441284,1.1659039672362213,0.0443798145062269,0.0,0.10000000000000002,0.0,0.0,3.0,0.0,0.0,4.0,0.0,0.0,0.10000000000000002,0.0,0.07672894765436078,-0.7977014907234988,0.06780532436155393,3,0.0,5242880.0,0.0,,,,167.05356642358458,429.49901421077647,147.62513501593406,0.007958427258511086,0.10746527777777777,0.007032857326572598,0.024571930603063393,3.7804310884740615,0.021714200124776713,167.67148595689443,271.31814253830674,148.17119013158808
Adapted-CPSL,0.13363710433095666,159.2412000043421,0.11809502779469376,92,False,0.050220487789441284,1.1659039672362213,0.0443798145062269,0.0,0.10000000000000002,0.0,0.0,3.0,0.0,0.0,4.0,0.0,0.0,0.10000000000000002,0.0,0.025664163850381092,-0.7641453239260425,0.022679405980934975,3,0.0,5242880.0,0.0,,,,8.734643949909058,362.38668061586367,7.718799544523771,0.01011146166593163,0.14548611111111112,0.008935492522540115,0.05533093224450064,3.6090141567918987,0.04889591116205417,8.823654359631332,203.5748472750338,7.797457989442905
Adapted-CPSL,0.15965394134357236,159.33465554068485,0.14108609083453505,93,False,0.050220487789441284,1.1659039672362213,0.0443798145062269,0.0,0.10000000000000002,0.0,0.0,3.0,0.0,0.0,4.0,0.0,0.0,0.10000000000000002,0.0,0.021293873337673973,-0.7565140618114073,0.01881738291366714,3,0.0,5242880.0,0.0,,,,8.322614611563175,347.12415638659314,7.354689468899252,0.014797193477122033,0.13350694444444444,0.013076270873368438,0.05030624365020428,3.600849115186268,0.04445559690821073,7.477249271566663,188.70225349754892,6.607640632250427
Adapted-CPSL,0.10852606411064865,159.03830001156567,0.09590441682914323,94,False,0.050220487789441284,1.1659039672362213,0.0443798145062269,0.0,0.10000000000000002,0.0,0.0,3.0,0.0,0.0,4.0,0.0,0.0,0.10000000000000002,0.0,0.013955808163899193,-0.7608448346440321,0.012332739183958125,3,0.0,5242880.0,0.0,,,,37.42271062398825,355.7857020518424,33.070426611069,0.01842534256009343,0.13940972222222223,0.01628246401068522,0.09280412008434713,3.6060931550131907,0.0820109444580676,37.28703890976381,198.81624488750677,32.95053359974926
Adapted-CPSL,0.2842127546273571,159.2454555340939,0.251158638353923,95,False,0.050220487789441284,1.1659039672362213,0.0443798145062269,0.0,0.10000000000000002,0.0,0.0,3.0,0.0,0.0,4.0,0.0,0.0,0.10000000000000002,0.0,0.05704331675397488,-0.7578000184853332,0.05040914431129054,3,0.0,5242880.0,0.0,,,,64.09087917658745,349.6960697344446,56.637070936534506,0.02182292412489928,0.1328125,0.019284904772472515,0.0682977714124611,3.582251409689585,0.060354699045973376,64.05702750462302,192.08455728832703,56.60715623461433
Adapted-CPSL,0.2309966039414585,159.21187775933905,0.20413155836860777,96,False,0.050220487789441284,1.1659039672362213,0.0443798145062269,0.0,0.10000000000000002,0.0,0.0,3.0,0.0,0.0,4.0,0.0,0.0,0.10000000000000002,0.0,0.04378691137427427,-0.7673538945751645,0.038694466942223775,3,0.0,5242880.0,0.0,,,,40.93786727230056,368.80382191410746,36.17676840262025,0.015971320928676817,0.13506944444444444,0.014113846587987955,0.06688219933537141,3.59483594695727,0.059103758862659526,39.92723528628131,211.08333304933424,35.28367353142659
Adapted-CPSL,0.3181286963405235,159.14337778748532,0.2811301354119581,97,False,0.050220487789441284,1.1659039672362213,0.0443798145062269,0.0,0.10000000000000002,0.0,0.0,3.0,0.0,0.0,4.0,0.0,0.0,0.10000000000000002,0.0,0.02550635839005664,-0.7652765830401375,0.022539953391652455,3,0.0,5242880.0,0.0,,,,31.655390319153202,364.64919884405344,27.973849166427204,0.01259947111801537,0.13593750000000002,0.0111341449616833,0.07113713678380533,3.6172483298513627,0.06286384449720801,31.949070606113313,206.0733655022741,28.233374257343694
Adapted-CPSL,0.23587595448274296,158.9112333410109,0.20844343747342584,98,False,0.050220487789441284,1.1659039672362213,0.0443798145062269,0.0,0.10000000000000002,0.0,0.0,3.0,0.0,0.0,4.0,0.0,0.0,0.10000000000000002,0.0,0.011216511030802545,-0.7631579014864003,0.009912023973983044,3,0.0,5242880.0,0.0,,,,39.12954547597402,360.411835736579,34.578755531359135,0.009738129347798,0.13802083333333334,0.008605578980134546,0.015027978804772094,3.6000039014551373,0.013280215727006875,39.40032912968889,202.52149128405213,34.81804688140674
Adapted-CPSL,0.04964590437971214,158.97591111327833,0.043872055496616165,99,False,0.050220487789441284,1.1659039672362213,0.0443798145062269,0.0,0.10000000000000002,0.0,0.0,3.0,0.0,0.0,4.0,0.0,0.0,0.10000000000000002,0.0,0.031879218420767096,-0.7503794160217033,0.028171645923650138,3,0.0,5242880.0,0.0,,,,23.221063071832805,334.8548648071851,20.52043930927339,0.009485147685743758,0.13020833333333331,0.008382019239287011,0.014758792233030966,3.6264579229884677,0.013042335717327835,22.26444961658149,176.8818981371265,19.675080580855383
Adapted-CPSL,0.26188193292125644,159.29722221335396,0.23142490479793915,100,False,0.050220487789441284,1.1659039672362213,0.0443798145062269,0.0,0.10000000000000002,0.0,0.0,3.0,0.0,0.0,4.0,0.0,0.0,0.10000000000000002,0.0,0.029314223188814457,-0.9070427501496443,0.02590496119767367,3,0.0,5242880.0,0.0,0.008586537377310164,0.10208333333333335,0.007587917856423683,72.46796631615008,648.1815330630674,64.03989774528671,0.009600417541717051,0.14236111111111113,0.008483883140882364,0.04437060221247831,3.587923947307799,0.039210274180836974,72.16336493283185,489.31889974287486,63.77072168816276
Adapted-CPSL,0.3235136036527256,158.80506666144356,0.2858887747276638,101,False,0.050220487789441284,1.1659039672362213,0.0443798145062269,0.0,0.10000000000000002,0.0,0.0,3.0,0.0,0.0,4.0,0.0,0.0,0.10000000000000002,0.0,0.048756795266559246,-0.8769139588117939,0.04308635031424202,3,0.0,5242880.0,0.0,,,,47.4034073161216,587.9239503873663,41.890362205818796,0.008925402435855488,0.12274305555555554,0.007887372702500369,0.02753504626328349,3.6963720387882657,0.024332703631003347,47.28248646251421,430.5739170468046,41.783504521052166
Adapted-CPSL,0.3946273135917699,158.97910001998147,0.348731916936409,102,False,0.050220487789441284,1.1659039672362213,0.0443798145062269,0.0,0.10000000000000002,0.0,0.0,3.0,0.0,0.0,4.0,0.0,0.0,0.10000000000000002,0.0,0.14112593792632014,-0.940521637713131,0.12471290548683574,3,0.0,5242880.0,0.0,,,,304.18925609494335,715.1393081900404,268.8118605474605,0.007669471608467317,0.14496527777777776,0.00677750739442469,0.04421049587050765,3.585589071114858,0.03906878830384351,303.9918848133159,556.9156192836195,268.6374436659637
Adapted-CPSL,0.1213216076831966,159.05732221047705,0.10721183089960977,103,False,0.050220487789441284,1.1659039672362213,0.0443798145062269,0.0,0.10000000000000002,0.0,0.0,3.0,0.0,0.0,4.0,0.0,0.0,0.10000000000000002,0.0,0.08521096546913606,-0.9360653410824641,0.07530087834415349,3,0.0,5242880.0,0.0,,,,177.1711593693284,706.2267149287067,156.56604574671402,0.01314371094271626,0.13454861111111108,0.011615089363665097,0.020318555979093617,3.574668281608158,0.017955495557256396,176.16760024103226,548.274981598442,155.67920115558726
Adapted-CPSL,0.49076914561855794,158.95978889117637,0.4336923954074037,104,False,0.050220487789441284,1.1659039672362213,0.0443798145062269,0.0,0.10000000000000002,0.0,0.0,3.0,0.0,0.0,4.0,0.0,0.0,0.10000000000000002,0.0,0.02884599947748989,-0.922528416063099,0.025491192188835596,3,0.0,5242880.0,0.0,,,,73.85561447730242,679.1528648899767,65.26616158107517,0.008045249034157041,0.1480902777777778,0.0071095816768900165,0.04758443432231479,3.52005390657319,0.042050335661057925,73.25451340795061,521.3612048506881,64.73496893178877
Adapted-CPSL,0.0941783045083143,159.1050555644971,0.08322531039749663,105,False,0.050220487789441284,1.1659039672362213,0.0443798145062269,0.0,0.10000000000000002,0.0,0.0,3.0,0.0,0.0,4.0,0.0,0.0,0.10000000000000002,0.0,0.043522706997693644,-0.8802710939971797,0.038460989695376986,3,0.0,5242880.0,0.0,,,,78.38136751494541,594.6382207581379,69.26556678704804,0.015949556683823352,0.14253472222222222,0.014094613538051949,0.08472900697160514,3.5727119081550174,0.07487497191310087,78.18191467916155,436.3608874191861,69.08931043740961
Adapted-CPSL,0.2734272185579028,158.86493333123835,0.24162746669108542,106,False,0.050220487789441284,1.1659039672362213,0.0443798145062269,0.0,0.10000000000000002,0.0,0.0,3.0,0.0,0.0,4.0,0.0,0.0,0.10000000000000002,0.0,0.02841622561729483,-0.8813782791721171,0.02511140129004843,3,0.0,5242880.0,0.0,,,,52.42257540520532,596.8525911080127,46.325797992564404,0.02095680195605494,0.1329861111111111,0.018519513138798974,0.07076181214205175,3.6054499016867747,0.06253217033963158,52.13261896781378,439.0066577684542,46.06956366524613
Adapted-CPSL,0.3571729293080032,158.84885555391926,0.3156335003314635,107,False,0.050220487789441284,1.1659039672362213,0.0443798145062269,0.0,0.10000000000000002,0.0,0.0,3.0,0.0,0.0,4.0,0.0,0.0,0.10000000000000002,0.0,0.9075685017577995,-1.3840138801603568,0.8020177328539145,3,0.0,5242880.0,0.0,,,,1837.5382297546223,1602.1237930844925,1623.8314157067239,0.018936695272801382,0.1451388888888889,0.016734346091806823,0.11395260581641593,3.5913790100150638,0.10069984843311285,1837.8561527780641,1444.3310153042557,1624.1123640891203
Adapted-CPSL,0.37897211091937716,159.09185556746604,0.33489742385917826,108,False,0.050220487789441284,1.1659039672362213,0.0443798145062269,0.0,0.10000000000000002,0.0,0.0,3.0,0.0,0.0,4.0,0.0,0.0,0.10000000000000002,0.0,0.22342320220052622,-1.018564444423195,0.19743894785767652,3,0.0,5242880.0,0.0,,,,402.1501653038557,871.2249216101686,355.3798564176024,0.014001097082786214,0.14548611111111112,0.012372760974025567,0.0946717142640732,3.5723842018180423,0.08366133629847856,402.4430392317318,713.3964252371915,355.6386689294869
Adapted-CPSL,0.27689883162836365,159.0169555339445,0.24469532904938054,109,False,0.050220487789441284,1.1659039672362213,0.0443798145062269,0.0,0.10000000000000002,0.0,0.0,3.0,0.0,0.0,4.0,0.0,0.0,0.10000000000000002,0.0,0.04780960262076085,-0.8738903405573638,0.04224931674940609,3,0.0,5242880.0,0.0,,,,115.04809028523084,581.8767138785059,101.6679273917302,0.009262808636833268,0.1390625,0.00818553835703216,0.0715793826089605,3.5702968570921154,0.0632546568638427,115.01219107461714,423.6051027924131,101.63620328115134
Adapted-CPSL,0.11524888575069382,158.9222666613447,0.10184537022239924,110,False,0.050220487789441284,1.1659039672362213,0.0443798145062269,0.0,0.10000000000000002,0.0,0.0,3.0,0.0,0.0,4.0,0.0,0.0,0.10000000000000002,0.0,0.08064679006122959,-0.9026578306661395,0.07126751931295429,3,0.0,5242880.0,0.0,0.008586537377310162,0.11067708333333333,0.0075879178564236816,133.52742291941044,639.4116940960574,117.9981023980387,0.020698289165598134,0.14704861111111112,0.018291065543147137,0.08794527140200498,3.5356533924738565,0.07771718283352388,133.61406762257928,481.63407185742807,118.07467026951583
Adapted-CPSL,0.0855634937964871,159.06111110234633,0.07561240741256127,111,False,0.050220487789441284,1.1659039672362213,0.0443798145062269,0.0,0.10000000000000002,0.0,0.0,3.0,0.0,0.0,4.0,0.0,0.0,0.10000000000000002,0.0,0.08315742037121757,-0.8980718086205538,0.0734861617904653,3,0.0,5242880.0,0.0,,,,141.6007012679212,630.2396500048861,125.13245356297054,0.004423611111111104,0.12899305555555554,0.003909142447638085,0.05087798985046856,3.6389106810092926,0.04496084867754348,141.42883020887064,471.94362778995924,124.98057121265101
Adapted-CPSL,0.061063905096860965,159.09203335306503,0.053962135783840466,112,False,0.050220487789441284,1.1659039672362213,0.0443798145062269,0.0,0.10000000000000002,0.0,0.0,3.0,0.0,0.0,4.0,0.0,0.0,0.10000000000000002,0.0,0.027289873743724245,-0.8890458517233828,0.024116044824627692,3,0.0,5242880.0,0.0,,,,11.754436722397415,612.1877362105444,10.387388580380463,0.0105486111111111,0.1529513888888889,0.009321801221290824,0.07546581947210444,3.5299371613396544,0.06668909875536,12.932483012600477,454.1100975537557,11.428427370329308
Adapted-CPSL,0.2034977714820288,158.98504443854713,0.17983085685403816,113,False,0.050220487789441284,1.1659039672362213,0.0443798145062269,0.0,0.10000000000000002,0.0,0.0,3.0,0.0,0.0,4.0,0.0,0.0,0.10000000000000002,0.0,0.04828290197667531,-0.9106320896193386,0.04266757110228032,3,0.0,5242880.0,0.0,,,,46.7796215793528,655.3602120024557,41.33912312973699,0.0200850381557031,0.15086805555555557,0.017749135998794525,0.11438854980650402,3.546236392524507,0.10108509187193267,47.612261076365805,497.4990231269962,42.074926146683474
Adapted-CPSL,0.16175537357153374,159.01876667824885,0.14294312521590838,114,False,0.050220487789441284,1.1659039672362213,0.0443798145062269,0.0,0.10000000000000002,0.0,0.0,3.0,0.0,0.0,4.0,0.0,0.0,0.10000000000000002,0.0,0.12753986472780218,-0.9386910578471331,0.11270690086684444,3,0.0,5242880.0,0.0,,,,262.2274616711666,711.4781484580445,231.7302483440209,0.012926077440943155,0.1572916666666667,0.011422766770552773,0.06963448043012055,3.51263173090087,0.06153594799164769,263.4346055399053,553.5808928870546,232.7970006464192
Adapted-CPSL,0.08860102903687064,158.88166666263714,0.07829667545650272,115,False,0.050220487789441284,1.1659039672362213,0.0443798145062269,0.0,0.10000000000000002,0.0,0.0,3.0,0.0,0.0,4.0,0.0,0.0,0.10000000000000002,0.0,0.15465121258515235,-0.9418393732552554,0.13666518247429552,3,0.0,5242880.0,0.0,,,,335.9305320388016,717.7747792742892,296.8616067881882,0.01535780335342893,0.1484375,0.013571681479995198,0.09365261069627777,3.541568222973082,0.08276075509562325,335.7308509916852,559.9152681699803,296.6851487683341
Adapted-CPSL,0.22311551791913062,158.75288887440948,0.19716704744539718,116,False,0.050220487789441284,1.1659039672362213,0.0443798145062269,0.0,0.10000000000000002,0.0,0.0,3.0,0.0,0.0,4.0,0.0,0.0,0.10000000000000002,0.0,0.10679748005175055,-0.8912779754986789,0.09437686814793653,3,0.0,5242880.0,0.0,,,,237.49343941433432,616.6519837611364,209.8728079234224,0.00939930747957948,0.14652777777777778,0.00830616230132338,0.0586337339193044,3.5527421600288815,0.05181459499270911,237.3206005535572,458.5105171015391,209.72007032730596
Adapted-CPSL,0.1604362108586561,158.93051111035876,0.14177738192909486,117,False,0.050220487789441284,1.1659039672362213,0.0443798145062269,0.0,0.10000000000000002,0.0,0.0,3.0,0.0,0.0,4.0,0.0,0.0,0.10000000000000002,0.0,0.018489255970777507,-0.9045164448601822,0.016338944252822892,3,0.0,5242880.0,0.0,,,,24.206305207622847,643.128922484143,21.39109718526626,0.015715529408306093,0.14322916666666666,0.013887803777055617,0.08411139014210417,3.5591874751779766,0.07432918429661858,24.771120806949746,484.98950026515513,21.890224386767105
Adapted-CPSL,0.03450451177002059,158.9780666658448,0.030491616059201018,118,False,0.050220487789441284,1.1659039672362213,0.0443798145062269,0.0,0.10000000000000002,0.0,0.0,3.0,0.0,0.0,4.0,0.0,0.0,0.10000000000000002,0.0,0.07394172098604758,-0.859409846108031,0.06534225385046749,3,0.0,5242880.0,0.0,,,,97.96894189311197,552.9157249798405,86.57509434828215,0.023310890537895652,0.15190972222222224,0.020599819786383606,0.04845804984393729,3.5057755046420627,0.0428223491660227,97.6774669788416,395.2043945864555,86.31751814386986
Adapted-CPSL,0.9439902236707909,159.91285553900525,0.8342035863500604,119,False,0.050220487789441284,1.1659039672362213,0.0443798145062269,0.0,0.10000000000000002,0.0,0.0,3.0,0.0,0.0,4.0,0.0,0.0,0.10000000000000002,0.0,0.052554235166344165,-0.8916213238660333,0.04644214564338321,3,0.0,5242880.0,0.0,,,,71.74611333571049,617.3386804958451,63.40199670563549,0.005035651255281166,0.14427083333333332,0.0044500019506862115,0.024490619371430666,3.5370620588461557,0.02164234543885126,70.43908955327454,457.84626939486697,62.24698058426819
Adapted-CPSL,0.2790827840693076,158.97486664794596,0.24662528649276264,120,False,0.050220487789441284,1.1659039672362213,0.0443798145062269,0.0,0.10000000000000002,0.0,0.0,3.0,0.0,0.0,4.0,0.0,0.0,0.10000000000000002,0.0,0.08401192621540104,-0.8836825795543891,0.07424128808510322,3,0.0,5242880.0,0.0,0.015337999601344136,0.1203125,0.013554180916326137,120.24696817567333,601.4611918725565,106.26217262060412,0.015372874802937475,0.13819444444444443,0.013585000110756683,0.054353381683100895,3.5402154260211525,0.048032050325670574,120.71710786461546,443.6721141140261,106.67763477769718
Adapted-CPSL,0.0702912504414558,158.95318889266085,0.0621163352510968,121,False,0.050220487789441284,1.1659039672362213,0.0443798145062269,0.0,0.10000000000000002,0.0,0.0,3.0,0.0,0.0,4.0,0.0,0.0,0.10000000000000002,0.0,0.09889297771563646,-0.9781090844708675,0.08739166424247913,3,0.0,5242880.0,0.0,,,,176.0665891808087,790.3142017055139,155.58993774312117,0.009600417541717062,0.1439236111111111,0.008483883140882375,0.05012101005628849,3.616680155197779,0.04429190609396035,175.73956884566954,632.4855016882265,155.30095007191235
Adapted-CPSL,0.31641285618233367,158.94502219614677,0.2796138485080541,122,False,0.050220487789441284,1.1659039672362213,0.0443798145062269,0.0,0.10000000000000002,0.0,0.0,3.0,0.0,0.0,4.0,0.0,0.0,0.10000000000000002,0.0,0.04398807063181361,-0.8979060723453406,0.038872231255729375,3,0.0,5242880.0,0.0,,,,56.16326998494456,629.9081774544595,49.631447516904146,0.0032815200506156636,0.16041666666666665,0.0028998772723073077,0.041009288907140944,3.5026133259137473,0.036239883657876976,57.07448999045858,472.1082219194004,50.436692081405916
Adapted-CPSL,1.1764887418808163,159.84202219664846,1.0396623854440614,123,False,0.050220487789441284,1.1659039672362213,0.0443798145062269,0.0,0.10000000000000002,0.0,0.0,3.0,0.0,0.0,4.0,0.0,0.0,0.10000000000000002,0.0,0.022088932594802838,-0.8777050731656817,0.0195199762954912,3,0.0,5242880.0,0.0,,,,12.994895082960946,589.5061790951421,11.483580878936397,0.014702992879485384,0.16440972222222225,0.012993025862546996,0.04535936278971049,3.445142007536358,0.040084041301391704,13.489024721510509,431.2857786325142,11.920242939902462
Adapted-CPSL,0.10725435081547553,159.2797222223857,0.09478060456388779,124,False,0.050220487789441284,1.1659039672362213,0.0443798145062269,0.0,0.10000000000000002,0.0,0.0,3.0,0.0,0.0,4.0,0.0,0.0,0.10000000000000002,0.0,0.0540608014861061,-0.9230033091759209,0.04777349738358716,3,0.0,5242880.0,0.0,,,,123.26569699276283,680.1026511156205,108.92982143972213,0.015202459545565903,0.16128472222222223,0.013434404251495209,0.05300247799640398,3.4660634266005625,0.04683825755960365,124.34051151514768,522.3768733475562,109.8796343792545
Adapted-CPSL,0.20976325277555127,159.01487777915057,0.18536765886131026,125,False,0.050220487789441284,1.1659039672362213,0.0443798145062269,0.0,0.10000000000000002,0.0,0.0,3.0,0.0,0.0,4.0,0.0,0.0,0.10000000000000002,0.0,0.04577693856034797,-0.8847735946310259,0.04045305275585795,3,0.0,5242880.0,0.0,,,,70.28515356406535,603.6432220258303,62.11094744425609,0.013662057431866013,0.17309027777777777,0.012073151840773422,0.04471064031880404,3.4253265659014382,0.039510765648523544,70.05076376941865,446.5667553718686,61.90381732532562
Adapted-CPSL,0.3372694895083236,158.78317778697237,0.2980448426894055,126,False,0.050220487789441284,1.1659039672362213,0.0443798145062269,0.0,0.10000000000000002,0.0,0.0,3.0,0.0,0.0,4.0,0.0,0.0,0.10000000000000002,0.0,0.15170339402849864,-0.9973450513600101,0.134060197009184,3,0.0,5242880.0,0.0,,,,342.2466636279484,828.7861354837986,302.44316843088876,0.03146051623527693,0.16909722222222223,0.02780163905706387,0.09194605789013625,3.4314013686445026,0.08125267541907409,342.06040649809404,670.8256021382664,302.2785731185522
Adapted-CPSL,0.16825581041396953,158.932399981293,0.14868755729881217,127,False,0.050220487789441284,1.1659039672362213,0.0443798145062269,0.0,0.10000000000000002,0.0,0.0,3.0,0.0,0.0,4.0,0.0,0.0,0.10000000000000002,0.0,0.11788456534073263,-0.9198688058665616,0.10417451867261328,3,0.0,5242880.0,0.0,,,,266.73412117361903,673.8336444969017,235.71278060456203,0.020024414833622807,0.15399305555555556,0.017695563205954383,0.06967518612335165,3.4893586966726513,0.061571919587991346,266.6432209016562,516.5086556103947,235.63245208953072
Adapted-CPSL,0.5417449935319597,159.2027777676574,0.47873972119562597,128,False,0.050220487789441284,1.1659039672362213,0.0443798145062269,0.0,0.10000000000000002,0.0,0.0,3.0,0.0,0.0,4.0,0.0,0.0,0.10000000000000002,0.0,0.1191219733574818,-0.9128508798435465,0.10526801538419624,3,0.0,5242880.0,0.0,,,,188.71185463388687,659.7977924508715,166.76455113083895,0.01081954919005066,0.1625,0.009561229036815529,0.03343574325244465,3.4540281759368052,0.02954714597044,188.24498992956023,501.5688146928998,166.35198307565815
Adapted-CPSL,0.0921967809970804,159.12032219865876,0.0814742392761449,129,False,0.050220487789441284,1.1659039672362213,0.0443798145062269,0.0,0.10000000000000002,0.0,0.0,3.0,0.0,0.0,4.0,0.0,0.0,0.10000000000000002,0.0,0.0015574754934934182,-0.8458423219362845,0.0013763401460581686,3,0.0,5242880.0,0.0,,,,50.7326449508719,525.7806766363476,44.83240747819531,0.016021989193963467,0.16093749999999998,0.014158622103196046,0.08333135375694613,3.4742196765210895,0.07363986661761547,51.07822070309929,367.03088888052827,45.137792560196154
Adapted-CPSL,0.49194664714595954,159.5573777643343,0.4347329527907963,130,False,0.050220487789441284,1.1659039672362213,0.0443798145062269,0.0,0.10000000000000002,0.0,0.0,3.0,0.0,0.0,4.0,0.0,0.0,0.10000000000000002,0.0,0.054679675192134534,-0.8857067165727127,0.0483203957010921,3,0.0,5242880.0,0.0,0.012750204246730058,0.12421875,0.011267347735824962,90.77577638449826,605.5094659092041,80.21849836452144,0.008355880954619812,0.17447916666666666,0.0073840869160197165,0.02751769232902388,3.451536632246441,0.024317367969855976,90.85292730837634,446.8852103710103,80.28667658901517
Adapted-CPSL,0.19295849804922696,159.0358888950302,0.17051730733338835,131,False,0.050220487789441284,1.1659039672362213,0.0443798145062269,0.0,0.10000000000000002,0.0,0.0,3.0,0.0,0.0,4.0,0.0,0.0,0.10000000000000002,0.0,0.027904399706175198,-0.8721520234766743,0.024659101043778314,3,0.0,5242880.0,0.0,,,,22.688003930892336,578.4000797171274,20.049375270728536,0.011629338431126618,0.1513888888888889,0.010276839296492162,0.08104727716213077,3.5432400570975413,0.07162142952037102,22.17220948193703,420.95679000291847,19.593568029987424
Adapted-CPSL,0.9457973421101515,158.98081111825175,0.835800535815503,132,False,0.050220487789441284,1.1659039672362213,0.0443798145062269,0.0,0.10000000000000002,0.0,0.0,3.0,0.0,0.0,4.0,0.0,0.0,0.10000000000000002,0.0,0.033135838770301365,-0.8822433872602505,0.02928212056202683,3,0.0,5242880.0,0.0,,,,16.284010441058697,598.5828072842797,14.390170119844768,0.004250068082243357,0.17604166666666665,0.0037557825786083245,0.05439242208396175,3.403484655751122,0.04806655030415979,14.547532591026954,440.4035628502845,12.855645700215714
Adapted-CPSL,0.5899707534604048,159.31844442254967,0.5213567959046496,133,False,0.050220487789441284,1.1659039672362213,0.0443798145062269,0.0,0.10000000000000002,0.0,0.0,3.0,0.0,0.0,4.0,0.0,0.0,0.10000000000000002,0.0,0.08268264593521622,-0.9244819741319912,0.07306660391021572,3,0.0,5242880.0,0.0,,,,131.2703889649465,683.0599810277605,116.00356286562051,0.007321904894278835,0.1732638888888889,0.006470362900550087,0.057386319447675235,3.3851468629307218,0.05071225558303646,130.84079608155108,524.5929973027993,115.62393189592109
Adapted-CPSL,0.33911399195526226,158.90902227127094,0.29967482837960085,134,False,0.050220487789441284,1.1659039672362213,0.0443798145062269,0.0,0.10000000000000002,0.0,0.0,3.0,0.0,0.0,4.0,0.0,0.0,0.10000000000000002,0.0,0.12725341709236396,-0.9734946502181084,0.11245376726567763,3,0.0,5242880.0,0.0,,,,230.71298974439588,781.0853331999956,203.88092867520967,0.006492086231865303,0.16944444444444443,0.0057370526534230035,0.022668084328473035,3.4416915310753713,0.020031772330189355,230.83992701628665,622.6100553839467,203.99310306515304
Adapted-CPSL,0.19367977163907335,159.1319555364963,0.17115469636592484,135,False,0.050220487789441284,1.1659039672362213,0.0443798145062269,0.0,0.10000000000000002,0.0,0.0,3.0,0.0,0.0,4.0,0.0,0.0,0.10000000000000002,0.0,0.1652633477961751,-0.9943574550848141,0.14604311990403127,3,0.0,5242880.0,0.0,,,,282.5984464803426,822.8109429334067,249.73207522652422,0.003062500000000007,0.171875,0.002706329386826377,0.05535535831435661,3.4320267306433787,0.04891749646512548,283.5424800658995,664.6784318522845,250.56631713174667
Adapted-CPSL,0.12219582034810123,158.9243555273343,0.10798437209972968,136,False,0.050220487789441284,1.1659039672362213,0.0443798145062269,0.0,0.10000000000000002,0.0,0.0,3.0,0.0,0.0,4.0,0.0,0.0,0.10000000000000002,0.0,0.13107965460067234,-0.955551478963419,0.11583501102395104,3,0.0,5242880.0,0.0,,,,289.6833188300645,745.1989906906166,255.99297261165597,0.00425006808224334,0.1734375,0.003755782578608309,0.020860651396340642,3.405346029334598,0.018434544947675834,290.1587994463751,587.1469351438615,256.41315454301525
Adapted-CPSL,0.23528744693003348,158.82560000237493,0.2079233737071346,137,False,0.050220487789441284,1.1659039672362213,0.0443798145062269,0.0,0.10000000000000002,0.0,0.0,3.0,0.0,0.0,4.0,0.0,0.0,0.10000000000000002,0.0,0.06780339035454028,-0.9021239652653844,0.0599178148058619,3,0.0,5242880.0,0.0,,,,86.7190751965664,638.3439632945473,76.633593992775,0.017085197786695185,0.1720486111111111,0.01509817888975479,0.05143924597365656,3.4113830824693046,0.0454568303721459,86.5794569316915,480.2016743935319,76.51021341704646
Adapted-CPSL,0.25180849314413817,158.92067779269482,0.22252301219541154,138,False,0.050220487789441284,1.1659039672362213,0.0443798145062269,0.0,0.10000000000000002,0.0,0.0,3.0,0.0,0.0,4.0,0.0,0.0,0.10000000000000002,0.0,0.1488068254910816,-0.9552592234048838,0.13150050115489229,3,0.0,5242880.0,0.0,,,,247.43420339987793,744.6144795735463,218.65745500965326,0.012035447500104763,0.16614583333333333,0.010635717633678205,0.042720648545542625,3.4354228178660073,0.037752211129170044,247.51153712782454,586.8284755335981,218.72579477799113
Adapted-CPSL,0.8139868935886355,159.40046666138286,0.719319722648305,139,False,0.050220487789441284,1.1659039672362213,0.0443798145062269,0.0,0.10000000000000002,0.0,0.0,3.0,0.0,0.0,4.0,0.0,0.0,0.10000000000000002,0.0,0.06913820010186193,-0.9084268834119964,0.061097385367494185,3,0.0,5242880.0,0.0,,,,127.78134607668896,650.9497995877714,112.92029778794249,0.0036011615067268257,0.16944444444444443,0.0031823442326082414,0.03547400519558588,3.4356442756123013,0.031348356809549525,127.92977633893108,492.0378884832244,113.05146552038337
Adapted-CPSL,0.2771526540676791,158.93407780418383,0.24491963178458226,140,False,0.050220487789441284,1.1659039672362213,0.0443798145062269,0.0,0.10000000000000002,0.0,0.0,3.0,0.0,0.0,4.0,0.0,0.0,0.10000000000000002,0.0,0.15730378926962055,-0.943871062923562,0.13900926287657692,3,0.0,5242880.0,0.0,0.009697916666666676,0.14244791666666667,0.008570043058283515,329.10774081317464,721.8381586109026,290.8323103329734,0.016043655179782988,0.18333333333333335,0.014177768321683533,0.09269448401664372,3.3921704524093204,0.08191405913173884,329.4326242755777,563.7350474949457,291.1194096510454
Adapted-CPSL,0.16056378039920788,159.16375555227407,0.1418901150544693,141,False,0.050220487789441284,1.1659039672362213,0.0443798145062269,0.0,0.10000000000000002,0.0,0.0,3.0,0.0,0.0,4.0,0.0,0.0,0.10000000000000002,0.0,0.030163340341577964,-0.8952749370914251,0.026655325508982145,3,0.0,5242880.0,0.0,,,,93.69668268958716,624.6459069466288,82.7997014892981,0.01724708247156208,0.16163194444444448,0.01524123628728374,0.04482409543100662,3.5054435564412016,0.039611025862152774,94.53919594032902,467.101151401598,83.54422993640775
Adapted-CPSL,0.5172844373104226,159.41722220870565,0.45712394254404576,142,False,0.050220487789441284,1.1659039672362213,0.0443798145062269,0.0,0.10000000000000002,0.0,0.0,3.0,0.0,0.0,4.0,0.0,0.0,0.10000000000000002,0.0,0.04359075410386602,-0.8670942322907432,0.0385211228817028,3,0.0,5242880.0,0.0,,,,82.52128206321937,568.2844973452649,72.92400675470317,0.01425922243261237,0.17829861111111112,0.012600866188627808,0.06738550822698909,3.3979827761650085,0.059548532623977385,81.4994482461205,409.621386227286,72.02101283219945
Adapted-CPSL,0.10750859056562176,158.90039998986242,0.0950052760764168,143,False,0.050220487789441284,1.1659039672362213,0.0443798145062269,0.0,0.10000000000000002,0.0,0.0,3.0,0.0,0.0,4.0,0.0,0.0,0.10000000000000002,0.0,0.12312320878306245,-0.9650087093316678,0.10880390469549733,3,0.0,5242880.0,0.0,,,,270.59515694666396,764.1134514271142,239.12477556821244,0.005903598799110942,0.17777777777777778,0.005217006667123858,0.019124770214500705,3.370984113878674,0.016900547803364876,270.4981512328202,605.5421069825342,239.03905167790535
Adapted-CPSL,0.32914724197062695,159.04924442293122,0.2908672174817822,144,False,0.050220487789441284,1.1659039672362213,0.0443798145062269,0.0,0.10000000000000002,0.0,0.0,3.0,0.0,0.0,4.0,0.0,0.0,0.10000000000000002,0.0,0.08313992981318388,-0.8754943259935651,0.0734707053949719,3,0.0,5242880.0,0.0,,,,117.23288874309233,585.0846847509087,103.59863245974766,0.005012604675487185,0.17430555555555557,0.004429635702143423,0.03253477557102707,3.383924037218094,0.028750961378504903,116.76844118475654,427.0082625330376,103.18820043500843
Adapted-CPSL,0.31449875611923483,159.0031777612037,0.27792235944680005,145,False,0.050220487789441284,1.1659039672362213,0.0443798145062269,0.0,0.10000000000000002,0.0,0.0,3.0,0.0,0.0,4.0,0.0,0.0,0.10000000000000002,0.0,0.04523381741023827,-0.8829004296897969,0.0399730969259318,3,0.0,5242880.0,0.0,,,,40.784027433455186,599.8968921433724,36.04082023062617,0.012423634401568134,0.16701388888888888,0.010978758162334986,0.040655756167718576,3.407473537656996,0.03592746699113281,40.15015021350454,442.6339588192813,35.48066331699605
Adapted-CPSL,0.3335952389402145,159.17918886730652,0.2947979096977199,146,False,0.050220487789441284,1.1659039672362213,0.0443798145062269,0.0,0.10000000000000002,0.0,0.0,3.0,0.0,0.0,4.0,0.0,0.0,0.10000000000000002,0.0,0.03658157974105507,-0.8742816364809275,0.032327119761550865,3,0.0,5242880.0,0.0,,,,38.434054879355024,582.6593057256334,33.96415091425174,0.010722800160734004,0.17864583333333336,0.009475731978468887,0.03683164074540759,3.3767261803150177,0.03254809851896428,39.325933920854794,424.8862612867042,34.75230388062084
Adapted-CPSL,0.24665566328788527,159.01657777269267,0.2179694595863361,147,False,0.050220487789441284,1.1659039672362213,0.0443798145062269,0.0,0.10000000000000002,0.0,0.0,3.0,0.0,0.0,4.0,0.0,0.0,0.10000000000000002,0.0,0.030261939617532197,-0.8679840625219436,0.026742457629156755,3,0.0,5242880.0,0.0,,,,61.05592161554522,570.0641578076658,53.95508078625876,0.004125648798584187,0.1786458333333333,0.0036458333333333204,0.02625955329494237,3.381808065705829,0.02320555127086883,60.69632999381556,411.8584723134323,53.63730988890577
Adapted-CPSL,0.1521430123869143,159.09481108085149,0.1344486874850595,148,False,0.050220487789441284,1.1659039672362213,0.0443798145062269,0.0,0.10000000000000002,0.0,0.0,3.0,0.0,0.0,4.0,0.0,0.0,0.10000000000000002,0.0,0.3106698030000224,-1.0255620714814107,0.27453871590482287,3,0.0,5242880.0,0.0,,,,571.5048713335676,885.2201757265997,505.03850710349644,0.02075694444444444,0.18194444444444444,0.01834289917737873,0.09346521599968552,3.365088082022137,0.08259515451625248,571.8823821159307,727.5882424190659,505.37211315219946
Adapted-CPSL,0.18205742401408773,158.83925557136536,0.1608840348405664,149,False,0.050220487789441284,1.1659039672362213,0.0443798145062269,0.0,0.10000000000000002,0.0,0.0,3.0,0.0,0.0,4.0,0.0,0.0,0.10000000000000002,0.0,0.021100099995474336,-0.8642386249730508,0.01864614552905377,3,0.0,5242880.0,0.0,,,,29.159841222565525,562.5732827098799,25.768533948022885,0.014392583515906573,0.18142361111111113,0.01271871729680025,0.03556516336598988,3.358879430426492,0.03142891322927644,29.660639395887056,404.7898715770873,26.211088989109914
Adapted-CPSL,0.3126322364035924,159.32074442712795,0.2762729171096461,150,False,0.050220487789441284,1.1659039672362213,0.0443798145062269,0.0,0.10000000000000002,0.0,0.0,3.0,0.0,0.0,4.0,0.0,0.0,0.10000000000000002,0.0,0.015901432539559678,-0.8803213738582366,0.014052086261044061,3,0.0,5242880.0,0.0,0.004869064673899,0.15442708333333333,0.004302789490067273,75.89189776543913,594.7387804802515,67.06562388396098,0.01717644565950208,0.19600694444444444,0.015178814579440569,0.10142284948910289,3.320803036292394,0.08962731038955987,75.80039115098862,436.0488582669041,66.98475954444216
Adapted-ClusterSFL,25.115675489802175,246.2518333599696,22.194707150382506,1,True,0.12713292473874582,1.5482145647605747,0.1123472882460908,0.0,0.10000000000000002,0.0,0.0,4.0,0.0,0.0,5.0,0.0,0.0,0.10000000000000002,0.0,0.061031181125798244,-0.9522993159781589,0.05393321763052105,3,0.0,2621440.0,0.0,,,,9.893875493725131,356.3840671957432,8.74321175453701,0.0012268889756787164,0.020486111111111108,0.0010842010413886088,0.02447454410290965,4.621865999698639,0.021628139733839164,12.63563536422822,112.60977147031089,11.166103284059872
Adapted-ClusterSFL,14.297879274880811,175.88756666130698,12.635027216622255,2,True,0.05377582632118208,1.1826994539221942,0.04752166500371791,0.0,0.10000000000000002,0.0,0.0,4.0,0.0,0.0,5.0,0.0,0.0,0.10000000000000002,0.0,0.033976794776676096,-0.7244004744347462,0.030025272873236655,3,0.0,2621440.0,0.0,,,,17.815340311318113,266.101494947298,15.743405394557609,0.004501451883408506,0.028993055555555553,0.003977930290760279,0.019401079592885676,4.458449686898125,0.017144722232941684,20.56609635644028,91.59579494575316,18.17424683811823
Adapted-ClusterSFL,35.86117433335428,209.38140001898216,31.69049794104825,3,True,0.1360222400402878,1.366160679465773,0.12020277076995313,0.0,0.10000000000000002,0.0,0.0,4.0,0.0,0.0,5.0,0.0,0.0,0.10000000000000002,0.0,0.08213086521105663,-0.8267856165039246,0.07257899561997001,3,0.0,2621440.0,0.0,,,,31.207870761228634,287.41055354207634,27.578376405352657,0.0038347358042336603,0.028993055555555553,0.0033887536972123464,0.02640082044796763,4.466854287518395,0.023330388968052687,11.435369190727842,91.44568446488243,10.105428796759396
Adapted-ClusterSFL,26.790959062103983,212.8441555283239,23.67515422401119,4,True,0.07997964260476813,1.3002652450541918,0.07067796151156062,0.0,0.10000000000000002,0.0,0.0,4.0,0.0,0.0,5.0,0.0,0.0,0.10000000000000002,0.0,0.059598892549549996,-0.7972872530944022,0.05266750508707082,3,0.0,2621440.0,0.0,,,,45.477330791166175,294.30926113461265,40.18828955250834,0.0018005807533634033,0.02621527777777778,0.0015911721163041122,0.00699772032415694,4.43364558617274,0.006183881193161823,18.760428168742227,98.13664220873677,16.5785789591877
Adapted-ClusterSFL,6.242743209357349,239.71395554771232,5.516708376128838,5,True,0.15141929479258645,1.4645157715806116,0.1338091386872496,0.0,0.10000000000000002,0.0,0.0,4.0,0.0,0.0,5.0,0.0,0.0,0.10000000000000002,0.0,0.08252498642894944,-0.8979595449987618,0.07292728030044515,3,0.0,2621440.0,0.0,,,,20.288201632216712,331.4033184169118,17.928671439388353,0.005282531667477369,0.029861111111111113,0.004668170020746094,0.02850837712059608,4.4258289893468215,0.025192835517452317,19.57177546227724,91.6893628691995,17.295566068874503
Adapted-ClusterSFL,14.201388825585106,193.46306667042276,12.54975866528281,6,False,0.00932683680561459,1.246240798570663,0.00824212001083055,0.0,0.10000000000000002,0.0,0.0,4.0,0.0,0.0,5.0,0.0,0.0,0.10000000000000002,0.0,0.03351124942197068,-0.775779834969135,0.02961387072651346,3,0.0,2621440.0,0.0,,,,59.31894598390462,305.3188713676073,52.4201164773248,0.0041256487985842005,0.030208333333333334,0.003645833333333333,0.006838104978190996,4.429790140522851,0.006042829209039017,44.26054213390345,125.46776024085102,39.11301415635907
Adapted-ClusterSFL,18.581748804165173,211.25442224891026,16.420680113416484,7,False,0.07864402949267853,1.3967013532072314,0.06949768101697165,0.0,0.10000000000000002,0.0,0.0,4.0,0.0,0.0,5.0,0.0,0.0,0.10000000000000002,0.0,0.0319661943484718,-0.8618389862774851,0.028248506498048095,3,0.0,2621440.0,0.0,,,,57.202096961812764,326.9766193477387,50.54945828435766,0.004423611111111112,0.030034722222222227,0.0039091424476380915,0.0027803318663530458,4.3964647412300115,0.0024569775787889165,54.30903599942668,128.84808805782833,47.99286207198684
Adapted-ClusterSFL,1.475518945106237,225.48865555371674,1.3039151941094058,8,False,0.0711125720581853,1.4574244674300878,0.06284213666412236,0.0,0.10000000000000002,0.0,0.0,4.0,0.0,0.0,5.0,0.0,0.0,0.10000000000000002,0.0,0.033472326371682,-0.8882508359501623,0.029579474450653488,3,0.0,2621440.0,0.0,,,,5.450636997187382,319.0772044702369,4.81672459833837,0.006492086231865324,0.035243055555555555,0.005737052653423023,0.022466552724458366,4.35743392308553,0.019853678974330036,6.6239885683083,93.95280447113201,5.853614667890511
Adapted-ClusterSFL,50.22504745779199,219.9997110939067,44.383843882374386,9,False,0.35579865469846034,1.471998328169029,0.3144190546950961,0.0,0.10000000000000002,0.0,0.0,4.0,0.0,0.0,5.0,0.0,0.0,0.10000000000000002,0.0,0.20727829014339774,-0.8917799676901369,0.18317169889508578,3,0.0,2621440.0,0.0,,,,65.20510987822493,311.5616072112446,57.62171592969228,0.0058047040510580995,0.042187499999999996,0.005129613438435467,0.024746985276557654,4.319192540645599,0.021868895833243265,7.7401147627948195,104.29984200470291,6.839934706925794
Adapted-ClusterSFL,32.513297085672576,206.0243111013228,28.73198085406429,10,False,0.16425391007561246,1.3306073702748134,0.14515108040449506,0.0,0.10000000000000002,0.0,0.0,4.0,0.0,0.0,5.0,0.0,0.0,0.10000000000000002,0.0,0.0906235471768517,-0.8092477038543424,0.08008397350633788,3,0.0,2621440.0,0.0,0.0035362703987864563,0.01171875,0.0031249999999999984,18.369691386613166,287.8880374338713,16.23328510253795,0.0063569134925083376,0.049305555555555554,0.005617600585890081,0.0738672774932191,4.307759385638767,0.06527646818114516,14.568299925530331,96.26026607273282,12.87399778108185
Adapted-ClusterSFL,0.2086168413523967,224.10928888712078,0.18435457578412603,11,False,0.09540782021352366,1.4835082797042063,0.08431183267817342,0.0,0.10000000000000002,0.0,0.0,4.0,0.0,0.0,5.0,0.0,0.0,0.10000000000000002,0.0,0.049627550734615396,-0.9041752415687886,0.04385583639161022,3,0.0,2621440.0,0.0,,,,4.704438196083966,324.8422034333709,4.157309171778114,0.0006805555555555532,0.022743055555555558,0.0006014065304058581,0.010330072360125763,4.542652061250475,0.00912867866000039,4.96964002778723,101.22729232436882,4.391667869109944
Adapted-ClusterSFL,13.48133072441764,226.69415556851564,11.913443759352393,12,False,0.0349514020331622,1.360255419745697,0.030886532712858714,0.0,0.10000000000000002,0.0,0.0,4.0,0.0,0.0,5.0,0.0,0.0,0.10000000000000002,0.0,0.015838642982347585,-0.8336827730047225,0.01399659916753585,3,0.0,2621440.0,0.0,,,,14.98423025989779,307.1101262637478,13.241555164517333,0.006302032636771908,0.030381944444444448,0.005569102407064389,0.00706183998415384,4.425879842705196,0.006240543697691758,7.148230997501246,91.93024248332215,6.316887383628018
Adapted-ClusterSFL,34.614718514345476,224.41185553584037,30.589005692112984,13,False,0.2447042415676073,1.3740809131703655,0.2162449893993387,0.0,0.10000000000000002,0.0,0.0,4.0,0.0,0.0,5.0,0.0,0.0,0.10000000000000002,0.0,0.13556274522855402,-0.8401519876547384,0.11979671548437294,3,0.0,2621440.0,0.0,,,,29.529523886207347,306.2230621391109,26.095222292974434,0.0009002903766817,0.019965277777777776,0.0007955860581520547,0.016206567742974676,4.4406238132052955,0.014321734054662756,9.254022441597407,108.43164308590609,8.177774001647602
Adapted-ClusterSFL,13.720892198421923,213.184077745407,12.125144088184797,14,False,0.11536639120804566,1.3227287947919633,0.10194920972357271,0.0,0.10000000000000002,0.0,0.0,4.0,0.0,0.0,5.0,0.0,0.0,0.10000000000000002,0.0,0.06535152736957661,-0.8113053591693097,0.05775110497772181,3,0.0,2621440.0,0.0,,,,21.341476633735606,299.88192354665586,18.859449917435754,0.003402777777777776,0.03194444444444445,0.0030070326520292992,0.013431248582279629,4.409006039301555,0.011869186200814168,10.39538356395585,87.01397913586077,9.186394131090799
Adapted-ClusterSFL,22.161641496002044,201.61348887874433,19.584229107246063,15,False,0.15543135809425762,1.3572522127408648,0.13735459658606441,0.0,0.10000000000000002,0.0,0.0,4.0,0.0,0.0,5.0,0.0,0.0,0.10000000000000002,0.0,0.08558620112775418,-0.8226713274942753,0.07563247386738724,3,0.0,2621440.0,0.0,,,,17.020684993990944,288.09044224768576,15.041168974090553,0.0032460431159326624,0.025347222222222226,0.0028685263267115117,0.0086638057244917,4.413607096672057,0.00765619984781924,12.977417282704387,90.9967896181355,11.468135757482875
Adapted-ClusterSFL,37.479452514968195,213.14717776840553,33.12056938560717,16,False,0.21554852061185784,1.3422623723560356,0.19048009652859446,0.0,0.10000000000000002,0.0,0.0,4.0,0.0,0.0,5.0,0.0,0.0,0.10000000000000002,0.0,0.1186267335212519,-0.8216269367062908,0.10483037224221549,3,0.0,2621440.0,0.0,,,,25.03653806873392,300.9915010565458,22.124773459530367,0.0033513474464445065,0.028819444444444443,0.00296158369951944,0.02447520609577855,4.396841165754529,0.021628724736534665,5.503878155270552,93.30376023544733,4.863773777345441
Adapted-ClusterSFL,44.43674355034795,211.38123331022345,39.26872324087309,17,False,0.2798786840249921,1.4007455532766675,0.2473286227993889,0.0,0.10000000000000002,0.0,0.0,4.0,0.0,0.0,5.0,0.0,0.0,0.10000000000000002,0.0,0.17057676682981066,-0.8455977215998152,0.15073858507145999,3,0.0,2621440.0,0.0,,,,62.83378449613525,290.4498899229627,55.526177132214215,0.006641957246536208,0.03333333333333333,0.0058694935779086705,0.017246228665398787,4.380351396401724,0.01524048177929668,13.872012204013,82.27941970993936,12.258688745186754
Adapted-ClusterSFL,21.07777426861944,241.1414555519716,18.626416297814696,18,False,0.134876876950642,1.4257447714769018,0.11919061410445284,0.0,0.10000000000000002,0.0,0.0,4.0,0.0,0.0,5.0,0.0,0.0,0.10000000000000002,0.0,0.07355257965866611,-0.8800121884696884,0.06499836989620755,3,0.0,2621440.0,0.0,,,,15.18778898727988,334.2796054624753,13.421439888063171,0.007848549543595405,0.030555555555555558,0.006935758456749369,0.02236636568793882,4.350660747951932,0.019765143751109826,5.890090583501891,93.13814991050369,5.205069465208312
Adapted-ClusterSFL,25.35128431329415,184.11018890199352,22.40291452436191,19,False,0.12839503161110244,1.2492341743542956,0.11346261132134772,0.0,0.10000000000000002,0.0,0.0,4.0,0.0,0.0,5.0,0.0,0.0,0.10000000000000002,0.0,0.048282564154744065,-0.7864772255020167,0.0426672725692452,3,0.0,2621440.0,0.0,,,,80.09387637092881,323.72027664973785,70.7789098212189,0.009022175077702496,0.04305555555555555,0.007972890627225717,0.049255338575488916,4.304845954312218,0.04352691273303778,101.65081693177878,148.40215441626674,89.82876507996099
Adapted-ClusterSFL,28.77940712350957,205.81148888838166,25.432344566136862,20,False,0.06827077910127821,1.2877042325029355,0.060330845957002735,0.0,0.10000000000000002,0.0,0.0,4.0,0.0,0.0,5.0,0.0,0.0,0.10000000000000002,0.0,0.04454952513248655,-0.7944962119169411,0.03936838825639455,3,0.0,2621440.0,0.0,0.007017069032901127,0.017187499999999998,0.006200979635307632,33.5361752596868,301.2881913309468,29.635897674138736,0.013392427278521765,0.04756944444444444,0.011834879838301574,0.057503349580475024,4.303856962256961,0.05081567504019246,7.837154843258363,97.5133502275926,6.92568896699387
Adapted-ClusterSFL,12.430848467894716,206.09346667899646,10.985133228358869,21,False,0.07003555571210149,1.3635051485169143,0.06189037797432677,0.0,0.10000000000000002,0.0,0.0,4.0,0.0,0.0,5.0,0.0,0.0,0.10000000000000002,0.0,0.029957891002256657,-0.8356099993777054,0.02647377005281584,3,0.0,2621440.0,0.0,,,,22.00970685985895,307.71485023849635,19.449964561720897,0.010548611111111111,0.022222222222222223,0.009321801221290832,0.03618877928555524,4.498480725288392,0.031980002237998885,26.82149662572475,107.89161484993132,23.70214025040432
Adapted-ClusterSFL,8.10326383940176,233.67770000024595,7.160849324989541,22,False,0.1221289828661263,1.4234728899933715,0.10792530785757123,0.0,0.10000000000000002,0.0,0.0,4.0,0.0,0.0,5.0,0.0,0.0,0.10000000000000002,0.0,0.032568187264576574,-0.8933606901821963,0.02878048727176749,3,0.0,2621440.0,0.0,,,,60.17893869148008,363.2484903710213,53.18009150980409,0.0078485495435954,0.042361111111111106,0.006935758456749364,0.0475261153012652,4.3338600767983335,0.041998799177636714,81.35865265101596,165.52520241177953,71.89659185046324
Adapted-ClusterSFL,18.811137987709774,232.10715556827685,16.623391195358316,23,False,0.13147934925346394,1.4512086790330434,0.11618822094545543,0.0,0.10000000000000002,0.0,0.0,4.0,0.0,0.0,5.0,0.0,0.0,0.10000000000000002,0.0,0.08394634667003367,-0.8933905781576691,0.07418333548075957,3,0.0,2621440.0,0.0,,,,56.727786226676656,335.57247728229476,50.130310176280574,0.00868208597620112,0.04635416666666667,0.007672354095133457,0.04771569653561389,4.282229107618332,0.04216633199909261,13.379409828740352,123.10497748800005,11.823376325849337
Adapted-ClusterSFL,26.716083749479235,213.29924448056974,23.608986955797583,24,False,0.2546301573357744,1.4272696558556932,0.22501651512490728,0.0,0.10000000000000002,0.0,0.0,4.0,0.0,0.0,5.0,0.0,0.0,0.10000000000000002,0.0,0.1355229678654454,-0.8756775113278369,0.11976156425279373,3,0.0,2621440.0,0.0,,,,16.67321047053951,324.0853667999804,14.734105949114191,0.0010208333333333298,0.04114583333333333,0.0009021097956087871,0.03550902030429192,4.276243360175027,0.03137929963981045,28.63109782088132,120.20635811922087,25.30128372563317
Adapted-ClusterSFL,15.708524348991807,204.57898886201693,13.881613410401341,25,False,0.035108761190226316,1.250613952540771,0.031025590904221606,0.0,0.10000000000000002,0.0,0.0,4.0,0.0,0.0,5.0,0.0,0.0,0.10000000000000002,0.0,0.023755000593607408,-0.7674882163664255,0.020992279572426976,3,0.0,2621440.0,0.0,,,,19.96038361503552,284.36248019207983,17.638978857044314,0.009527777777777776,0.04878472222222222,0.00841969142568204,0.021386463142653703,4.228871273994446,0.01889920446799764,8.87124006734594,85.90499629290075,7.839509450399958
Adapted-ClusterSFL,25.91222177140647,204.42956663383586,22.898614614830826,26,False,0.12535438680243585,1.302988135413609,0.11077559535380634,0.0,0.10000000000000002,0.0,0.0,4.0,0.0,0.0,5.0,0.0,0.0,0.10000000000000002,0.0,0.08813758228511856,-0.8019703716933203,0.07788712784393263,3,0.0,2621440.0,0.0,,,,51.6137596045003,300.95260797303143,45.61104796155135,0.009472932422870518,0.05486111111111111,0.00837122461891749,0.02714428973476342,4.2087610337469314,0.02398739232447988,25.100640580056623,109.6017749337281,22.181420809787348
Adapted-ClusterSFL,39.51312177950251,205.98511110680798,34.917721677425874,27,False,0.3134599909933703,1.4054624941771248,0.27700440333704085,0.0,0.10000000000000002,0.0,0.0,4.0,0.0,0.0,5.0,0.0,0.0,0.10000000000000002,0.0,0.19051622312955263,-0.8588287144547841,0.16835907047271123,3,0.0,2621440.0,0.0,,,,67.6669588072253,312.19493473244364,59.79725033050231,0.004125648798584194,0.05572916666666666,0.0036458333333333273,0.02318963122170327,4.176411056518555,0.020492663002436528,22.257597609687952,116.68825998964883,19.669025466532208
Adapted-ClusterSFL,7.9297731212560585,217.36024444301924,7.007535682913026,28,False,0.0886999536111249,1.418936336321093,0.07838409504258716,0.0,0.10000000000000002,0.0,0.0,4.0,0.0,0.0,5.0,0.0,0.0,0.10000000000000002,0.0,0.031213141334570982,-0.8647311909064247,0.027583034007808763,3,0.0,2621440.0,0.0,,,,27.79244400596488,310.5260454917561,24.56016585961443,0.0003402777777777766,0.05902777777777778,0.00030070326520292905,0.013884562221456247,4.1553115453985,0.01226977918796613,28.076411371543742,95.93082954728197,24.811107647815483
Adapted-ClusterSFL,33.46074390799526,212.89913334314608,29.56923903454009,29,False,0.32008269988288535,1.4075702108120118,0.2828568871535603,0.0,0.10000000000000002,0.0,0.0,4.0,0.0,0.0,5.0,0.0,0.0,0.10000000000000002,0.0,0.16689620464498522,-0.8596687716975046,0.14748607450792206,3,0.0,2621440.0,0.0,,,,16.753471521582963,311.7673325829972,14.805032591091814,0.0044627012179277534,0.05607638888888889,0.003943686351250192,0.004130714996237683,4.137299166123072,0.0036503103291175257,58.221196563598006,130.38229796406705,51.45003598245218
Adapted-ClusterSFL,15.78259008974916,232.95377778898305,13.94706526044826,30,False,0.1073405162680346,1.488097136996493,0.09485674892189262,0.0,0.10000000000000002,0.0,0.0,4.0,0.0,0.0,5.0,0.0,0.0,0.10000000000000002,0.0,0.07359876904133385,-0.9142914811614841,0.06503918742557019,3,0.0,2621440.0,0.0,0.0031875510616825135,0.0375,0.0028168369339562397,60.24101312165917,340.4858253264751,53.234946645988316,0.0049428202310441835,0.06736111111111111,0.004367967231044828,0.013020700377185099,4.126195309559503,0.011506385001742772,30.51117536813638,118.59934051959264,26.962707110334826
Adapted-ClusterSFL,26.111924165484595,201.9760777798688,23.07509149898208,31,False,0.10990762157969937,1.2792523979152834,0.09712529832402697,0.0,0.10000000000000002,0.0,0.0,4.0,0.0,0.0,5.0,0.0,0.0,0.10000000000000002,0.0,0.06269160234294,-0.787147249925363,0.055400530849936805,3,0.0,2621440.0,0.0,,,,15.82127389664245,295.04210193544236,13.981250117065281,0.003246043115932659,0.04618055555555556,0.0028685263267115083,0.02303532881920991,4.290456683105893,0.02035630606322814,23.238482472016802,98.71965089504805,20.535832822618314
Adapted-ClusterSFL,32.728867063650306,240.394522196665,28.92247991245405,32,False,0.19349807662894355,1.458719109788148,0.17099413259601337,0.0,0.10000000000000002,0.0,0.0,4.0,0.0,0.0,5.0,0.0,0.0,0.10000000000000002,0.0,0.10045005175171251,-0.901632253073474,0.08876764962086182,3,0.0,2621440.0,0.0,,,,7.460827904496378,344.54539635880036,6.593129080160901,0.008166666666666668,0.05781250000000001,0.007216878364870323,0.016471575318766644,4.11877941025628,0.014555921088163955,39.14226302711335,120.50573657397375,34.58999402356382
Adapted-ClusterSFL,27.278352717232206,221.92041110247374,24.10586370052588,33,False,0.209496350580898,1.4698248840073402,0.18513179755427397,0.0,0.10000000000000002,0.0,0.0,4.0,0.0,0.0,5.0,0.0,0.0,0.10000000000000002,0.0,0.10873992058159557,-0.8896753578044284,0.09609340166241233,3,0.0,2621440.0,0.0,,,,23.82611753296066,309.5258316015165,21.055125568467087,0.009356092043868173,0.06979166666666665,0.008267972847076845,0.021751206762986447,4.10236856871181,0.019221528183381784,7.301501656810785,92.31408729998846,6.452332572012558
Adapted-ClusterSFL,18.93264486822574,212.2305333161623,16.730766751747527,34,False,0.20697454112222968,1.4500048602396645,0.1829032760698754,0.0,0.10000000000000002,0.0,0.0,4.0,0.0,0.0,5.0,0.0,0.0,0.10000000000000002,0.0,0.11926570331214702,-0.8841243698018856,0.105395029457691,3,0.0,2621440.0,0.0,,,,38.53034750433638,318.24387936410653,34.049244648364954,0.007031492622700129,0.06597222222222222,0.006213725752837939,0.018808436042394985,4.081047275331286,0.016621003487927454,27.85187575040768,110.75748454072409,24.61268565602125
Adapted-ClusterSFL,2.1627879310788614,202.424333372619,1.9112543788904912,35,False,0.03220541190690018,1.3172537079838376,0.028459902908895305,0.0,0.10000000000000002,0.0,0.0,4.0,0.0,0.0,5.0,0.0,0.0,0.10000000000000002,0.0,0.058944829561466086,-0.8339803598798409,0.05208951002242202,3,0.0,2621440.0,0.0,,,,149.8110861827232,350.70701177584425,132.38796571712058,0.0023575135991909715,0.06822916666666667,0.002083333333333333,0.01830076886694454,4.037852785984675,0.01617237831383809,146.89037887516187,153.32546300837242,129.806938446338
Adapted-ClusterSFL,15.941340140056754,194.29086667433796,14.087352583324213,36,False,0.02845819447622346,1.2875373035229574,0.025148489145150513,0.0,0.10000000000000002,0.0,0.0,4.0,0.0,0.0,5.0,0.0,0.0,0.10000000000000002,0.0,0.017131741359440553,-0.7823228078230705,0.015139309416673543,3,0.0,2621440.0,0.0,,,,14.009172218611125,277.1083121231838,12.379896966641265,0.00825831102605651,0.06475694444444445,0.007297864429508236,0.0445078030937871,4.069231204854117,0.03933151851617884,6.272024202061891,95.47008431193962,5.542583971567776
Adapted-ClusterSFL,14.374538694905754,193.37338886948092,12.702771099459992,37,False,0.05868484998749948,1.1826191779623143,0.051859766231074945,0.0,0.10000000000000002,0.0,0.0,4.0,0.0,0.0,5.0,0.0,0.0,0.10000000000000002,0.0,0.036980229955752085,-0.7316755541352219,0.03267940671374652,3,0.0,2621440.0,0.0,,,,34.61950682338717,280.73193030812973,30.5932371179,0.0012268889756787205,0.06961805555555556,0.0010842010413886125,0.055290587316600255,4.027917229466968,0.048860258373813775,32.53462152580981,104.05700345648576,28.750825248840137
Adapted-ClusterSFL,7.641023915858577,193.0596666643396,6.752368185773446,38,False,0.049683235937950924,1.2513905075995981,0.043905045371919874,0.0,0.10000000000000002,0.0,0.0,4.0,0.0,0.0,5.0,0.0,0.0,0.10000000000000002,0.0,0.068420732585419,-0.7861711589958538,0.06046335975970876,3,0.0,2621440.0,0.0,,,,87.85184323577917,320.95181039210917,77.63462041987026,0.010071302510562334,0.0734375,0.008900003901372425,0.04864288857081642,4.007828065421846,0.042985691036513,88.28477287039662,141.3834985743211,78.01720007459458
Adapted-ClusterSFL,14.255923479814175,213.77680000538626,12.597950906047073,39,False,0.09134074375901759,1.3563643081863053,0.0807177596896675,0.0,0.10000000000000002,0.0,0.0,4.0,0.0,0.0,5.0,0.0,0.0,0.10000000000000002,0.0,0.05600753352936398,-0.8317637602635153,0.04949382330585503,3,0.0,2621440.0,0.0,,,,21.805672243438153,307.1632123407251,19.269659295321073,0.009022175077702501,0.07951388888888888,0.00797289062722572,0.039571341809983174,3.9847932166523403,0.03496917068294155,29.871873270492,93.93026789286749,26.397756235587156
Adapted-ClusterSFL,13.518917738601997,202.49593335514268,11.946659380919801,40,False,0.13633537832182863,1.2938097683086855,0.12047949087884269,0.0,0.10000000000000002,0.0,0.0,4.0,0.0,0.0,5.0,0.0,0.0,0.10000000000000002,0.0,0.0630552532258255,-0.7928239472269482,0.05572188891390363,3,0.0,2621440.0,0.0,0.005027021169666758,0.04401041666666666,0.004442375549279158,14.78217987243486,291.83812614521065,13.063003360040408,0.014726599519593587,0.07222222222222223,0.013013887036048732,0.04594704220487331,3.9762274695767297,0.04060337324303679,13.299367840153788,105.725989615507,11.752643269231594
Adapted-ClusterSFL,12.683861388448099,214.08583333767535,11.208720592323077,41,False,0.08136374983562165,1.4334376311920354,0.07190109622939826,0.0,0.10000000000000002,0.0,0.0,4.0,0.0,0.0,5.0,0.0,0.0,0.10000000000000002,0.0,0.052265543365017916,-0.8775693874520473,0.04618702887418645,3,0.0,2621440.0,0.0,,,,28.513987357731292,321.70114371205915,25.19779328059553,0.00979740031104876,0.05277777777777778,0.00865795669429978,0.04241126192171355,4.152649394008848,0.03747880635791793,31.992801904608037,117.49051201981011,28.272019579218096
Adapted-ClusterSFL,7.472928505883671,196.85531112675866,6.603822374245049,42,False,0.05062617012352358,1.2572801603384745,0.04473831573804509,0.0,0.10000000000000002,0.0,0.0,4.0,0.0,0.0,5.0,0.0,0.0,0.10000000000000002,0.0,0.04495056058107684,-0.8241142967651726,0.03972278303833055,3,0.0,2621440.0,0.0,,,,117.98625209419384,390.94843319187044,104.26437919478244,0.011524319678776788,0.0767361111111111,0.010184034288932265,0.0423777019130235,3.964425736003452,0.037449149398655866,130.5724467744927,221.42280024650321,115.38679177653282
Adapted-ClusterSFL,20.968609707382832,216.33778890180918,18.529947641463792,43,False,0.08300141928175778,1.3070728412372103,0.07334830372261812,0.0,0.10000000000000002,0.0,0.0,4.0,0.0,0.0,5.0,0.0,0.0,0.10000000000000002,0.0,0.052907352902551455,-0.8059573741176179,0.046754195572038686,3,0.0,2621440.0,0.0,,,,23.8901837209286,304.84190699802565,21.111740819797568,0.01114117460615972,0.07569444444444445,0.009845449221359596,0.03361219473234539,3.957463275061714,0.02970307603587816,8.229610618529193,88.50411809621643,7.272501896837191
Adapted-ClusterSFL,11.853256087838748,201.49382221279666,10.474715193500925,44,False,0.051317438979675556,1.2824447386411484,0.04534918960567021,0.0,0.10000000000000002,0.0,0.0,4.0,0.0,0.0,5.0,0.0,0.0,0.10000000000000002,0.0,0.04614011139412667,-0.789094479448572,0.04077398836811993,3,0.0,2621440.0,0.0,,,,42.355200287321736,295.7442202559957,37.429264725712834,0.0047272899686322326,0.07638888888888888,0.004177503269276383,0.03187579928187726,3.9797433886263107,0.02816862443269334,30.89267529196723,113.40839624068751,27.29983836092599
Adapted-ClusterSFL,8.253730761478923,208.20474442249784,7.293816852487579,45,False,0.14446431175902258,1.3727086772758332,0.12766302441178423,0.0,0.10000000000000002,0.0,0.0,4.0,0.0,0.0,5.0,0.0,0.0,0.10000000000000002,0.0,0.07388806404672893,-0.8327695183889943,0.0652948372458356,3,0.0,2621440.0,0.0,,,,3.339411476204742,292.8303595021548,2.9510358898802043,0.0005893783997977409,0.07812499999999999,0.0005208333333333315,0.008316654624920641,3.9714089141951674,0.007349422632329202,18.955354451854376,96.90127789042198,16.75083519698402
Adapted-ClusterSFL,7.263057118074874,198.58455556418957,6.418359156520647,46,False,0.024774863100088397,1.2683922241692134,0.021893531448936982,0.0,0.10000000000000002,0.0,0.0,4.0,0.0,0.0,5.0,0.0,0.0,0.10000000000000002,0.0,0.014427004046485026,-0.7741456696417545,0.012749134698731556,3,0.0,2621440.0,0.0,,,,11.950254855074164,279.89911511429545,10.560432945094439,0.011924296637900365,0.08246527777777778,0.010537493684370498,0.011097669567081643,3.9161175727844237,0.009807003844794037,25.80361729880903,104.09969549339796,22.80264090846961
Adapted-ClusterSFL,8.580795852035138,187.57772221902596,7.58284407403119,47,False,0.05185419873089776,1.254033507361336,0.04582352387126965,0.0,0.10000000000000002,0.0,0.0,4.0,0.0,0.0,5.0,0.0,0.0,0.10000000000000002,0.0,0.036316970506411306,-0.7658964988102192,0.03209328474188,3,0.0,2621440.0,0.0,,,,23.833926891584742,277.75949025910205,21.062026693932108,0.010630617614428505,0.08159722222222222,0.009394270318381031,0.025429871470042106,3.9196376674705085,0.02247236194696897,19.20623194360839,94.05635680731262,16.97253548381739
Adapted-ClusterSFL,20.249565767246377,213.32267777244041,17.894528949019477,48,False,0.18351395788809663,1.3980789239653306,0.1621711729388973,0.0,0.10000000000000002,0.0,0.0,4.0,0.0,0.0,5.0,0.0,0.0,0.10000000000000002,0.0,0.09942529508240558,-0.8501295040681307,0.08786207277564005,3,0.0,2621440.0,0.0,,,,18.746096489145387,302.180084170931,16.565914062647124,0.004715027198381951,0.08541666666666665,0.004166666666666673,0.02599469537582103,3.896855668889152,0.022971496488876416,15.510834887547956,98.30362366644397,13.706915353594363
Adapted-ClusterSFL,37.84777155588498,221.5164000000287,33.44605269798621,49,False,0.31221896905962854,1.431058543463374,0.27590771300921013,0.0,0.10000000000000002,0.0,0.0,4.0,0.0,0.0,5.0,0.0,0.0,0.10000000000000002,0.0,0.17729603844003491,-0.8726859769680924,0.15667640130552304,3,0.0,2621440.0,0.0,,,,42.88376552576853,314.313410472811,37.89635750535805,0.0047638888888889,0.08975694444444444,0.00420984571284103,0.011847620818116458,3.8987990174028613,0.01046973530907574,5.623730019943636,101.91806198230336,4.96968679724118
Adapted-ClusterSFL,25.992019035991056,199.02602219695436,22.96913140899691,50,False,0.14156916236423336,1.3048017072653513,0.12510458265296934,0.0,0.10000000000000002,0.0,0.0,4.0,0.0,0.0,5.0,0.0,0.0,0.10000000000000002,0.0,0.09301772274616261,-0.7944655288223531,0.08219970500036167,3,0.0,2621440.0,0.0,0.009697916666666665,0.05755208333333334,0.008570043058283506,45.31784676040035,284.12935037935506,40.04735361154799,0.004501451883408506,0.08663194444444444,0.003977930290760279,0.04488158333467759,3.8876627829339765,0.03966182788765213,22.229534081844843,92.11049348676728,19.64422574405063
Adapted-ClusterSFL,8.594689739288237,187.1757555313201,7.595122093743945,51,False,0.025449407466877582,1.230349295799065,0.022489625895487107,0.0,0.10000000000000002,0.0,0.0,4.0,0.0,0.0,5.0,0.0,0.0,0.10000000000000002,0.0,0.007601077281484645,-0.7483571864792206,0.006717067369280064,3,0.0,2621440.0,0.0,,,,10.299246586103111,266.3650771593761,9.101437942250456,0.010915440717846194,0.07447916666666667,0.009645968321589645,0.0421540156828576,4.044723502132627,0.03725147801314522,13.384387464296768,86.2505075438436,11.827775059362233
Adapted-ClusterSFL,31.834281198475452,202.3671999793603,28.131934927650068,52,False,0.13108380272120518,1.308309957282228,0.11583867671554225,0.0,0.10000000000000002,0.0,0.0,4.0,0.0,0.0,5.0,0.0,0.0,0.10000000000000002,0.0,0.08110839589894818,-0.7923072966420622,0.07167544011091297,3,0.0,2621440.0,0.0,,,,31.870109871263427,276.3046360018966,28.163596703995236,0.013784400360082293,0.09375,0.012181266212006764,0.03796990549524832,3.8945180303520623,0.033553982385897345,21.93065277833148,90.83299639959478,19.380104517970246
Adapted-ClusterSFL,41.683742696387185,194.73374443542627,36.8358980611075,53,False,0.19325895700926057,1.3160284223677823,0.17078282273357587,0.0,0.10000000000000002,0.0,0.0,4.0,0.0,0.0,5.0,0.0,0.0,0.10000000000000002,0.0,0.13237475531270887,-0.8110107644635683,0.11697949073526016,3,0.0,2621440.0,0.0,,,,74.06145636562302,305.9931065593544,65.44806393255332,0.00954598953911349,0.09600694444444445,0.00843578514809468,0.01838477453383476,3.855642445882161,0.01624661407056134,24.164933060262438,119.68299543471672,21.354536643813987
Adapted-ClusterSFL,33.56319947307349,202.81901110299964,29.659778955067477,54,False,0.14883364748215858,1.3166421370767045,0.13152420373208895,0.0,0.10000000000000002,0.0,0.0,4.0,0.0,0.0,5.0,0.0,0.0,0.10000000000000002,0.0,0.09412617706263623,-0.8060800456386268,0.0831792454054644,3,0.0,2621440.0,0.0,,,,43.98718447137034,295.517954200549,38.87144815628478,0.01352149316429126,0.08888888888888889,0.011948935283034557,0.07128908590852505,3.881250317891439,0.06299812184627952,22.24678144790548,99.07676538754434,19.65946723094541
Adapted-ClusterSFL,20.554354833811388,207.0383444337899,18.163870861714425,55,False,0.1564522543706928,1.31376735348383,0.13825676200445403,0.0,0.10000000000000002,0.0,0.0,4.0,0.0,0.0,5.0,0.0,0.0,0.10000000000000002,0.0,0.09780295802004668,-0.8076805234295916,0.08642841450063615,3,0.0,2621440.0,0.0,,,,39.66757611930256,301.59369337535344,35.05421288353975,0.015244292533965339,0.10104166666666668,0.013471372037893302,0.030554166691995996,3.829630086157057,0.027000698517074363,11.628921140847726,101.52283710009162,10.27647053732658
Adapted-ClusterSFL,18.761544212744017,206.9502111343253,16.579565206593095,56,False,0.10270202787189114,1.3608456159836617,0.09075771954819918,0.0,0.10000000000000002,0.0,0.0,4.0,0.0,0.0,5.0,0.0,0.0,0.10000000000000002,0.0,0.052724694432186865,-0.8246396349082169,0.04659278039290385,3,0.0,2621440.0,0.0,,,,2.933005547223613,288.43365383277217,2.591895217690131,0.010915440717846212,0.10052083333333334,0.00964596832158966,0.020926475391886308,3.8139247602886623,0.018492713572493324,7.84658698532208,88.48195040230537,6.9340241451972195
Adapted-ClusterSFL,12.551532668405278,189.62728887951621,11.091781782927809,57,False,0.041481595227837224,1.2450397837518765,0.03665726046613303,0.0,0.10000000000000002,0.0,0.0,4.0,0.0,0.0,5.0,0.0,0.0,0.10000000000000002,0.0,0.01899305446865738,-0.7757896367139301,0.01678415067889678,3,0.0,2621440.0,0.0,,,,43.149410557553196,306.5394896759837,38.13110785833217,0.0076619191973706586,0.09479166666666666,0.006770833333333333,0.032220329526554334,3.8403639766905044,0.02847308560030805,44.908518747190605,117.40726746872055,39.685630695302834
Adapted-ClusterSFL,47.61851591830023,210.09283332386985,42.08045354669559,58,False,0.25024009333257197,1.3860369266542323,0.22113701823611862,0.0,0.10000000000000002,0.0,0.0,4.0,0.0,0.0,5.0,0.0,0.0,0.10000000000000002,0.0,0.14136705793911283,-0.8444299393628154,0.12492598309544727,3,0.0,2621440.0,0.0,,,,33.129564817180494,302.82295207139845,29.276576273470884,0.011473972912559463,0.10572916666666667,0.010139542882256143,0.037438421990295456,3.8232452266746098,0.033084310735916146,21.586216597441613,99.0261547081235,19.075726474467064
Adapted-ClusterSFL,33.60957038311017,202.66676666344415,29.7007569000556,59,False,0.14186085773236756,1.2873603084983933,0.12536235367232695,0.0,0.10000000000000002,0.0,0.0,4.0,0.0,0.0,5.0,0.0,0.0,0.10000000000000002,0.0,0.07758834963325863,-0.7881489861006973,0.06856477736746021,3,0.0,2621440.0,0.0,,,,19.633917219539484,288.93766370300136,17.350480701961146,0.0099031941434987,0.10590277777777778,0.008751446639672601,0.024414524640179534,3.788672325346205,0.021575100571139393,41.00415560187978,115.24213578278165,36.235347359140704
Adapted-ClusterSFL,19.71715148882472,231.70421110181553,17.424034775090174,60,False,0.11660804158811973,1.4029585157019806,0.10304645540904489,0.0,0.10000000000000002,0.0,0.0,4.0,0.0,0.0,5.0,0.0,0.0,0.10000000000000002,0.0,0.077348030193293,-0.8665407106717485,0.0683524072245689,3,0.0,2621440.0,0.0,0.016874655989291887,0.06432291666666667,0.014912123231479594,45.838825873036704,330.1229056415166,40.507742536429774,0.002125034041121685,0.09531249999999998,0.0018778912893041679,0.023722754782194832,3.7976626899507315,0.020963783968499492,16.08583382987765,103.65775749621763,14.215041569111403
Adapted-ClusterSFL,26.544363620068882,206.02265559136868,23.4572379819093,61,False,0.027789175688442042,1.2414140019841173,0.02455727764940788,0.0,0.10000000000000002,0.0,0.0,4.0,0.0,0.0,5.0,0.0,0.0,0.10000000000000002,0.0,0.034287125940002376,-0.7856473012793762,0.03029951233346781,3,0.0,2621440.0,0.0,,,,49.81390136823039,329.88060057463525,44.020514333163185,0.004907555902714866,0.08055555555555555,0.004336804165554435,0.019354854924301935,3.9664403306113347,0.017103873521436542,65.30902373357485,152.71333212339172,57.713544540445554
Adapted-ClusterSFL,12.579001417696718,179.44993333528853,11.116055899965128,62,False,0.036502652188732304,1.2128224681776085,0.03225737153158144,0.0,0.10000000000000002,0.0,0.0,4.0,0.0,0.0,5.0,0.0,0.0,0.10000000000000002,0.0,0.03097664907497961,-0.7392366139998275,0.02737404594188579,3,0.0,2621440.0,0.0,,,,25.508537266822493,265.6507598220467,22.541878863724847,0.005724358251540102,0.10590277777777778,0.005058611904282449,0.02188500680487369,3.8049104895856645,0.01933976719899584,27.00299945882306,94.21602268861216,23.86253419359002
Adapted-ClusterSFL,15.486204390928666,204.75205556593008,13.685149398716678,63,False,0.04488878159132836,1.2473004601675923,0.039668188982675115,0.0,0.10000000000000002,0.0,0.0,4.0,0.0,0.0,5.0,0.0,0.0,0.10000000000000002,0.0,0.03466653999914657,-0.7649057362094541,0.030634800306704388,3,0.0,2621440.0,0.0,,,,30.124639650108335,282.5110122513161,26.621125731475285,0.005622311600354568,0.10312500000000001,0.004968433340713263,0.026898068122595223,3.7914118640952634,0.023769806435603943,10.389597232544652,83.01662542845067,9.18128075354303
Adapted-ClusterSFL,27.414784831008923,220.05207779067052,24.22642867646735,64,False,0.20549925929842738,1.3908800031231368,0.181599570419718,0.0,0.10000000000000002,0.0,0.0,4.0,0.0,0.0,5.0,0.0,0.0,0.10000000000000002,0.0,0.12540818987128846,-0.8627697962630884,0.1108231410930185,3,0.0,2621440.0,0.0,,,,46.11873918172655,334.65958940303966,40.75510175702444,0.005804704051058101,0.09843750000000001,0.005129613438435468,0.004384245833127488,3.8127919362650977,0.003874355375433138,39.994920832405924,138.80096084301127,35.34348720735816
Adapted-ClusterSFL,8.670608643211724,228.39513334393916,7.6622115829533435,65,False,0.09201345939386263,1.4540315376250286,0.08131223808691115,0.0,0.10000000000000002,0.0,0.0,4.0,0.0,0.0,5.0,0.0,0.0,0.10000000000000002,0.0,0.03628469762337357,-0.8786068418365994,0.03206476521477383,3,0.0,2621440.0,0.0,,,,26.846167457051944,303.1821460481702,23.72394184903884,0.006881692169386644,0.09756944444444444,0.006081347183380895,0.02119737575794074,3.786924927102195,0.018732108061164387,23.988402411585287,96.16801192670927,21.198536616976277
Adapted-ClusterSFL,19.899658672659204,197.6047666652852,17.5853162624104,66,False,0.07664699200427899,1.2571362068582042,0.06773290020343709,0.0,0.10000000000000002,0.0,0.0,4.0,0.0,0.0,5.0,0.0,0.0,0.10000000000000002,0.0,0.047772070383071075,-0.7664402853115374,0.04221614953379362,3,0.0,2621440.0,0.0,,,,22.93451051574843,275.74436376487114,20.267212989795393,0.003601161506726814,0.10590277777777778,0.003182344232608231,0.04580270280992063,3.757959049277835,0.04047582060753077,10.29639860610855,90.3490476969335,9.098921184061926
Adapted-ClusterSFL,22.74974114778569,209.64007778739972,20.103932411737308,67,False,0.13527303367006685,1.313261510001909,0.11954069755639349,0.0,0.10000000000000002,0.0,0.0,4.0,0.0,0.0,5.0,0.0,0.0,0.10000000000000002,0.0,0.0764691288642202,-0.8118133588701362,0.06757572265477609,3,0.0,2621440.0,0.0,,,,42.32772503071969,310.3652077383633,37.404984858169094,0.014062985245400273,0.09652777777777778,0.012427451505675893,0.029192689622365466,3.802270988623301,0.025797562058941678,24.857799800407594,119.07174162788552,21.96682256055176
Adapted-ClusterSFL,9.535567395598022,228.05961108274968,8.426575106210718,68,False,0.06244636484339238,1.4648340006428722,0.055183814620784956,0.0,0.10000000000000002,0.0,0.0,4.0,0.0,0.0,5.0,0.0,0.0,0.10000000000000002,0.0,0.0288782877457093,-0.9048478308988162,0.02551972531181745,3,0.0,2621440.0,0.0,,,,23.92181837871557,344.86166115475993,21.139696347637916,0.00413965783311963,0.10451388888888889,0.003658213108629431,0.04180062557482824,3.8016795112027064,0.03693918738967629,31.154068300109376,132.4384325808381,27.530831203194083
Adapted-ClusterSFL,7.155013568120278,183.29462224695212,6.322881137157654,69,False,0.036886308533736284,1.2044883050922761,0.032596408410251375,0.0,0.10000000000000002,0.0,0.0,4.0,0.0,0.0,5.0,0.0,0.0,0.10000000000000002,0.0,0.024655564232409603,-0.7466471973790217,0.021788107112148663,3,0.0,2621440.0,0.0,,,,37.35366817489416,288.8060896657674,33.009413840808826,0.008023631666736496,0.10243055555555557,0.007090478422452124,0.033972633028335315,3.7739090263843535,0.030021595138759846,18.48528759081224,116.78849383991547,16.33543739786188
Adapted-ClusterSFL,17.94918672476568,194.67422219976368,15.861685388691312,70,False,0.21898832763009618,1.3340583539022475,0.1935198518978908,0.0,0.10000000000000002,0.0,0.0,4.0,0.0,0.0,5.0,0.0,0.0,0.10000000000000002,0.0,0.11580691968561206,-0.8009210165824876,0.102338504471188,3,0.0,2621440.0,0.0,0.009356092043868178,0.078125,0.00826797284707685,12.765871170157835,267.7836792627276,11.281192586526595,0.00602012843496357,0.10711805555555555,0.005319983835432149,0.028106596776659734,3.7621895313262943,0.024837782471952192,2.4480497232937775,84.93229564405557,2.1633400511223235
Adapted-ClusterSFL,15.003670439942265,206.67275557449707,13.258734439795557,71,False,0.02135886630974342,1.311483290398413,0.01887481716354427,0.0,0.10000000000000002,0.0,0.0,4.0,0.0,0.0,5.0,0.0,0.0,0.10000000000000002,0.0,0.011936268000890086,-0.7982596280556198,0.010548072770561337,3,0.0,2621440.0,0.0,,,,7.006413061618022,285.03596571282645,6.191562959967666,0.010819549190050669,0.09010416666666667,0.009561229036815538,0.011732163811054182,3.89391492207845,0.010367706022176916,12.978050845045923,88.82449136196163,11.468695636138643
Adapted-ClusterSFL,53.04582799651457,215.68035556184543,46.87656592832797,72,False,0.38634912076338884,1.4070356528199508,0.3414164829702823,0.0,0.10000000000000002,0.0,0.0,4.0,0.0,0.0,5.0,0.0,0.0,0.10000000000000002,0.0,0.2184705574315595,-0.8495221309871658,0.19306229868844663,3,0.0,2621440.0,0.0,,,,50.634760173074504,292.00860915438085,44.7459067596072,0.009136949410038602,0.11319444444444444,0.008074316634884357,0.02803991345626166,3.7481926023960113,0.024778854462285425,5.283643039021332,82.31168660282538,4.669152139103354
Adapted-ClusterSFL,32.13374027533304,198.43043337136302,28.39656673168324,73,False,0.23565658762597522,1.3233294157547528,0.2082495831155593,0.0,0.10000000000000002,0.0,0.0,4.0,0.0,0.0,5.0,0.0,0.0,0.10000000000000002,0.0,0.12571737101495367,-0.8427943459789967,0.11109636428157482,3,0.0,2621440.0,0.0,,,,94.50026677238174,362.25927620324063,83.5098282543766,0.01014575728163755,0.11909722222222223,0.00896579953727456,0.036022550617775796,3.7134461124738056,0.03183310606541292,106.5550307352159,177.52314248806601,94.16261583441695
Adapted-ClusterSFL,19.99109337713053,192.8465111219945,17.66611705512437,74,False,0.059445610932977226,1.2323609935654958,0.052532050215759435,0.0,0.10000000000000002,0.0,0.0,4.0,0.0,0.0,5.0,0.0,0.0,0.10000000000000002,0.0,0.05731533824922083,-0.7705943032926147,0.05064952954114607,3,0.0,2621440.0,0.0,,,,55.225333015998366,308.82761301973375,48.802593188071505,0.009206384912013414,0.11041666666666666,0.008135676745736103,0.015524276351006963,3.750129163927502,0.013718793566675528,34.01380930725404,122.35335017776181,30.057982591389365
Adapted-ClusterSFL,12.974432890182971,202.1621777676046,11.465498451627356,75,False,0.09892227121467734,1.3156467315942784,0.08741755088975989,0.0,0.10000000000000002,0.0,0.0,4.0,0.0,0.0,5.0,0.0,0.0,0.10000000000000002,0.0,0.04428686689290879,-0.8004089579977066,0.03913627732987655,3,0.0,2621440.0,0.0,,,,10.428881682320661,285.17118440113467,9.215996397910088,0.008801296398090293,0.10989583333333335,0.007777700272431297,0.060128759025179994,3.728324859009849,0.053135747769223175,16.081546187622468,87.53823223485445,14.211252582259029
Adapted-ClusterSFL,29.06108886899453,194.80532221496105,25.681266553251472,76,False,0.10444876922731311,1.2569420983355244,0.09230131382129743,0.0,0.10000000000000002,0.0,0.0,4.0,0.0,0.0,5.0,0.0,0.0,0.10000000000000002,0.0,0.04544395514878166,-0.7827736562111832,0.040158795517638325,3,0.0,2621440.0,0.0,,,,18.07218084722391,308.60521408684195,15.970375219880085,0.01209303370211009,0.11302083333333335,0.010686606525355831,0.02855615897878945,3.7369735002517697,0.02523506031646812,47.07366852866556,118.74532911794533,41.59897223995144
Adapted-ClusterSFL,32.74911486019201,221.0790110920142,28.940372877939534,77,False,0.11457284797441158,1.3938971795710577,0.10124795605078867,0.0,0.10000000000000002,0.0,0.0,4.0,0.0,0.0,5.0,0.0,0.0,0.10000000000000002,0.0,0.07344319613833403,-0.8420544849493026,0.0649017077458372,3,0.0,2621440.0,0.0,,,,35.44811712534018,290.2117903275473,31.32547953762327,0.013763384338773306,0.11493055555555558,0.012162694366761808,0.02846961127448882,3.7301180846161315,0.025158578162831822,4.0962025862375055,75.19280621355516,3.6198117333971402
Adapted-ClusterSFL,37.729897566475515,204.96226666081282,33.34188752525762,78,False,0.2779232713526043,1.4470901638713773,0.24560062581044004,0.0,0.10000000000000002,0.0,0.0,4.0,0.0,0.0,5.0,0.0,0.0,0.10000000000000002,0.0,0.1519736145515475,-0.8872718215086385,0.13429899072100465,3,0.0,2621440.0,0.0,,,,26.276758341706966,327.45347914589917,23.22075536022744,0.0070807218769969055,0.11024305555555557,0.006257229614909748,0.026616986711224238,3.7219974795977273,0.02352141496338062,22.846345298033384,125.58479944589716,20.18930144053885
Adapted-ClusterSFL,26.595112285698445,221.87692223168497,23.50208454685151,79,False,0.1028800901355807,1.3503754826307068,0.09091507306229155,0.0,0.10000000000000002,0.0,0.0,4.0,0.0,0.0,5.0,0.0,0.0,0.10000000000000002,0.0,0.058917094167035305,-0.8401981431563046,0.05206500027123729,3,0.0,2621440.0,0.0,,,,15.708207179599185,330.0208036819021,13.881333128002042,0.0023819444444444513,0.11788194444444444,0.0021049228564205165,0.05252687509084652,3.6954376452498967,0.04641796756131135,43.12706014985816,131.28634813398577,38.11135681664968
Adapted-ClusterSFL,7.813847482795099,205.69387778070652,6.90509226673229,80,False,0.1478470111406517,1.280444631222473,0.13065231379735234,0.0,0.10000000000000002,0.0,0.0,4.0,0.0,0.0,5.0,0.0,0.0,0.10000000000000002,0.0,0.07237705208008272,-0.7804106357592273,0.06395955689018468,3,0.0,2621440.0,0.0,0.002841879726861156,0.08489583333333334,0.002511367385675248,13.89489445966036,280.3766402959814,12.278909780581145,0.01721348204519849,0.1171875,0.01521154361094817,0.016231644912757748,3.7021779053741035,0.014343894734343528,16.418024764603892,95.51909634767401,14.508598496029592
Adapted-ClusterSFL,30.462857970516314,206.41495555173606,26.920009055453463,81,False,0.05092737734715943,1.2671051871197692,0.04500449237832267,0.0,0.10000000000000002,0.0,0.0,4.0,0.0,0.0,5.0,0.0,0.0,0.10000000000000002,0.0,0.04722107499801266,-0.7823026165994245,0.04172923524723385,3,0.0,2621440.0,0.0,,,,43.98298563044428,297.5000460790798,38.86773764311293,0.002657654403607124,0.10277777777777779,0.002348567579595256,0.03571661192730276,3.838335533274545,0.03156274823076986,18.103855659685465,106.78156298977247,15.998366232381938
Adapted-ClusterSFL,26.86345964339923,195.10364441278702,23.739222943593663,82,False,0.1820899962192024,1.3938741500293783,0.16091281887840986,0.0,0.10000000000000002,0.0,0.0,4.0,0.0,0.0,5.0,0.0,0.0,0.10000000000000002,0.0,0.09942354426082751,-0.8384592719178063,0.08786052557567668,3,0.0,2621440.0,0.0,,,,21.060295598718483,283.0443938062345,18.61097040785695,0.0037891729691482074,0.12569444444444447,0.0033484898475669963,0.01795858630787371,3.6880603856510583,0.015869991794565327,8.270351227863863,89.08621604464587,7.308504348520335
Adapted-ClusterSFL,15.146784088816277,208.76964446829842,13.385203884237578,83,False,0.027776447213071546,1.2619343019710156,0.024546029503466765,0.0,0.10000000000000002,0.0,0.0,4.0,0.0,0.0,5.0,0.0,0.0,0.10000000000000002,0.0,0.022347918305343634,-0.7803019961738947,0.01974884181033354,3,0.0,2621440.0,0.0,,,,18.126922245636607,298.66969037677376,16.018750160353637,0.007848549543595406,0.13159722222222223,0.00693575845674937,0.013184484118964232,3.6361843387285866,0.011651120594709713,16.433548274183092,104.95486485320272,14.522316612000488
Adapted-ClusterSFL,12.690010159735333,191.12881106816022,11.214154257768795,84,False,0.118009415742893,1.2521741557752355,0.1042848488970455,0.0,0.10000000000000002,0.0,0.0,4.0,0.0,0.0,5.0,0.0,0.0,0.10000000000000002,0.0,0.09886800170011778,-0.7859807213280249,0.08736959295276027,3,0.0,2621440.0,0.0,,,,84.93180509687966,319.7872868808142,75.05418449302698,0.005893783997977433,0.121875,0.005208333333333336,0.031789388016239685,3.693715900844998,0.02809226284982058,70.97024213706756,145.38849305191513,62.716359799421745
Adapted-ClusterSFL,25.797006958292098,211.72575556880068,22.796799354576414,85,False,0.15118566732490157,1.3620271540980884,0.13360268223619154,0.0,0.10000000000000002,0.0,0.0,4.0,0.0,0.0,5.0,0.0,0.0,0.10000000000000002,0.0,0.1000226179265136,-0.8417397561240113,0.0883899266095771,3,0.0,2621440.0,0.0,,,,56.54598059637161,321.4523581499339,49.9696486513875,0.005035651255281159,0.11979166666666667,0.004450001950686205,0.002443168205785855,3.692541242308087,0.0021590262570704054,28.002044715173916,124.58859484815564,24.745389878824895
Adapted-ClusterSFL,20.506026999214697,216.38682221398793,18.12116358368317,86,False,0.21322372288536104,1.4776039578530227,0.18842567419205716,0.0,0.10000000000000002,0.0,0.0,4.0,0.0,0.0,5.0,0.0,0.0,0.10000000000000002,0.0,0.12004053946930225,-0.8976784644365141,0.10607975169837176,3,0.0,2621440.0,0.0,,,,26.874606081553683,317.75297102000565,23.74907304420945,0.015145228349015646,0.12795138888888888,0.013383829077922247,0.046814139712543335,3.6797051502598657,0.04136962678303721,23.15934897706385,104.94380774569858,20.465902601271882
Adapted-ClusterSFL,41.10987037093751,205.71796667839712,36.32876743624192,87,False,0.17941897834514667,1.3328535811402868,0.15855244200810928,0.0,0.10000000000000002,0.0,0.0,4.0,0.0,0.0,5.0,0.0,0.0,0.10000000000000002,0.0,0.10729732489029031,-0.8110375431035303,0.0948185807276569,3,0.0,2621440.0,0.0,,,,35.44855646228978,289.22150506677355,31.325867779418346,0.015663869862158657,0.12847222222222224,0.013842152267553929,0.08087488564567771,3.6668260329299507,0.07146908724216157,9.622992824083662,102.59817346049897,8.503832904175313
Adapted-ClusterSFL,0.5960396809825839,212.85004442324862,0.5267199034637655,88,False,0.1645547627849421,1.3545813204063684,0.14541694376069592,0.0,0.10000000000000002,0.0,0.0,4.0,0.0,0.0,5.0,0.0,0.0,0.10000000000000002,0.0,0.08825201698813542,-0.8250914050911682,0.07798825372136849,3,0.0,2621440.0,0.0,,,,14.489054952086537,295.6014897759682,12.803969046260882,0.011807197598221887,0.12065972222222222,0.010434013334247719,0.04972813663017681,3.6532924698458777,0.04394472408632307,16.521905210875385,96.1278115621097,14.600397583200587
Adapted-ClusterSFL,20.35745013616152,210.29885554324008,17.989866300194752,89,False,0.11401134337784566,1.3137945058437015,0.10075175478041333,0.0,0.10000000000000002,0.0,0.0,4.0,0.0,0.0,5.0,0.0,0.0,0.10000000000000002,0.0,0.06939185897318728,-0.8068383445380721,0.06132154355776259,3,0.0,2621440.0,0.0,,,,24.77237960328402,299.8821832324427,21.891336784321872,0.01770425742853054,0.1345486111111111,0.01564524151861919,0.07863963228161247,3.6372666637102764,0.06949379520422777,5.691527177512157,94.73624742772154,5.029599104137828
Adapted-ClusterSFL,20.359265897272575,217.57124443926537,17.99147088718391,90,False,0.10111471008794966,1.385333515550636,0.08935500778822761,0.0,0.10000000000000002,0.0,0.0,4.0,0.0,0.0,5.0,0.0,0.0,0.10000000000000002,0.0,0.028848925136606494,-0.8482448408621703,0.02549377759201702,3,0.0,2621440.0,0.0,0.0005104166666666649,0.08619791666666667,0.00045105489780439354,44.82474881446782,311.1561661737046,39.611603256719924,0.00838354951031932,0.1373263888888889,0.007408537601858287,0.058849364355659045,3.6163549681504565,0.052005147478129767,51.64575489460921,101.38628500934594,45.639322179955194
Adapted-ClusterSFL,9.31862021809942,240.67603334292974,8.23485901744223,91,False,0.06781902971617204,1.4778831658319085,0.05993163530022116,0.0,0.10000000000000002,0.0,0.0,4.0,0.0,0.0,5.0,0.0,0.0,0.10000000000000002,0.0,0.019234333258142035,-0.9180364456912219,0.0169973685983744,3,0.0,2621440.0,0.0,,,,98.11135674559249,358.18972555053523,86.70094626677637,0.003585048846456837,0.10781250000000002,0.0031681054845303243,0.016249365116707902,3.7741147365834977,0.014359554067793604,83.83574297844721,135.65907126915337,74.08559506579404
Adapted-ClusterSFL,14.607187911800017,209.70322218878815,12.908363070889571,92,False,0.06409779229426162,1.3125505269551665,0.05664318005441734,0.0,0.10000000000000002,0.0,0.0,4.0,0.0,0.0,5.0,0.0,0.0,0.10000000000000002,0.0,0.043716181226060115,-0.8047996894587987,0.03863196275327796,3,0.0,2621440.0,0.0,,,,24.84537181699361,297.04885196243094,21.955839959169797,0.011372610741477102,0.13871527777777778,0.010049969193337706,0.020434675078329387,3.6444539792007866,0.018058109934606135,4.411827179815666,101.7874236375169,3.8987289947214525
Adapted-ClusterSFL,22.98069737440293,213.4957666728749,20.308028288689066,93,False,0.0724141267140869,1.3531974775912052,0.06399231972169858,0.0,0.10000000000000002,0.0,0.0,4.0,0.0,0.0,5.0,0.0,0.0,0.10000000000000002,0.0,0.04137270322219131,-0.8275067878209108,0.03656103266699181,3,0.0,2621440.0,0.0,,,,31.67236544919944,301.8160980506164,27.988850078521683,0.00637510212336503,0.13854166666666667,0.005633673867912482,0.02184061565722104,3.589148451222314,0.019300538768822022,3.7386246357833315,94.35112674877446,3.3038203161252135
Adapted-ClusterSFL,21.50866940205768,239.76571109637413,19.007198065084697,94,False,0.09576265131183996,1.4785155693346053,0.08462539670388225,0.0,0.10000000000000002,0.0,0.0,4.0,0.0,0.0,5.0,0.0,0.0,0.10000000000000002,0.0,0.04840977116536286,-0.9088447014373665,0.04277968532713841,3,0.0,2621440.0,0.0,,,,23.46457736500562,339.17383354012753,20.735632742000195,0.006563040101231327,0.13489583333333333,0.005799754544614615,0.03299855915423227,3.62226903239886,0.029160806648825192,18.643519454881904,99.40812244375338,16.47526679987463
Adapted-ClusterSFL,20.381913434960804,205.73552219947385,18.01148450246062,95,False,0.1024014233185634,1.3025653027592037,0.09049207548730623,0.0,0.10000000000000002,0.0,0.0,4.0,0.0,0.0,5.0,0.0,0.0,0.10000000000000002,0.0,0.059457005409806855,-0.7916410880949938,0.05254211950800156,3,0.0,2621440.0,0.0,,,,19.877422809109714,280.7168734307841,17.565666443319643,0.0010208333333333298,0.1265625,0.0009021097956087871,0.009193309000712236,3.603148749139574,0.008124121570874417,32.02851375231151,96.04227864416352,28.303578117307165
Adapted-ClusterSFL,17.378321772275292,210.5757666350756,15.357212377480215,96,False,0.14674863812443592,1.3819315259458527,0.12968168223115417,0.0,0.10000000000000002,0.0,0.0,4.0,0.0,0.0,5.0,0.0,0.0,0.10000000000000002,0.0,0.07431084952144855,-0.8390279378751414,0.06566845251262973,3,0.0,2621440.0,0.0,,,,3.224594209510257,296.12434980443027,2.8495719411551863,0.007524679687411831,0.13072916666666667,0.006649554861876933,0.04159094238984705,3.603442831171883,0.03675389048667614,19.963617643140655,105.54166652466712,17.641836765713293
Adapted-ClusterSFL,31.326144268734183,214.68905558059407,27.682894631979693,97,False,0.20475995206204126,1.4392110578534716,0.1809462450647057,0.0,0.10000000000000002,0.0,0.0,4.0,0.0,0.0,5.0,0.0,0.0,0.10000000000000002,0.0,0.12572447723002098,-0.8699896613623747,0.11110264403950651,3,0.0,2621440.0,0.0,,,,46.89069586892539,300.76826487127784,41.43727941185655,0.009073365134343004,0.13125,0.008018127249135762,0.018936715371268543,3.6563461667961548,0.016734363852810026,15.974535303056657,103.03668275113705,14.116687128671847
Adapted-ClusterSFL,26.005110542253824,223.7042111163545,22.980700365116665,98,False,0.2745123777197427,1.3775903809308456,0.24258642118221072,0.0,0.10000000000000002,0.0,0.0,4.0,0.0,0.0,5.0,0.0,0.0,0.10000000000000002,0.0,0.1540561039121558,-0.8491278630646121,0.1361392853020226,3,0.0,2621440.0,0.0,,,,37.97893772533004,320.6653451983785,33.56196416212551,0.010247955513505626,0.14704861111111112,0.009056112052600688,0.05717104929221155,3.586586697896322,0.05052202147761995,19.700164564844446,101.26074564202607,17.40902344070337
Adapted-ClusterSFL,21.62310963612283,216.56577775461804,19.10832883030455,99,False,0.0952916948096366,1.3219159596238181,0.08420921272940718,0.0,0.10000000000000002,0.0,0.0,4.0,0.0,0.0,5.0,0.0,0.0,0.10000000000000002,0.0,0.0552627322391678,-0.8112599570639922,0.048835642858833274,3,0.0,2621440.0,0.0,,,,17.395131930777445,300.60395450416627,15.37206750432155,0.011594437872675549,0.1390625,0.010245997694221867,0.029328607430758068,3.6138663007153404,0.025917672543528104,11.132224808290745,88.44094906856326,9.837540290427691
Adapted-ClusterSFL,30.430206455406637,175.0863111164007,26.891154931415677,100,False,0.10419419932456135,4.601773261932788,0.09207635055311175,0.0,0.10000000000000002,0.0,0.0,4.0,0.0,0.0,5.0,0.0,0.0,0.10000000000000002,0.0,0.04204067487328968,-2.4954922964085156,0.03715131880868469,3,0.0,2621440.0,0.0,0.005886412157696572,0.10911458333333333,0.005201818842562043,26.983830306761355,389.2113308842423,23.84559442557528,0.019674412659672614,0.1486111111111111,0.017386266497770045,0.026383682539697577,3.5604369017812942,0.023315244208940853,36.08168246641593,244.65944987143743,31.88536084408138
Adapted-ClusterSFL,21.74171492982386,169.29113333915464,19.21314025619068,101,False,0.15181230281860073,4.614724385126146,0.13415643964073895,0.0,0.10000000000000002,0.0,0.0,4.0,0.0,0.0,5.0,0.0,0.0,0.10000000000000002,0.0,0.10094897544019538,-2.4922321968562584,0.08920854818083732,3,0.0,2621440.0,0.0,,,,50.6332754129174,369.74000858637055,44.744594677959675,0.004577969293795925,0.12361111111111112,0.004045548679767732,0.016542171630020985,3.683943361706204,0.014618307005469806,23.641243231257103,215.2869585234023,20.891752260526083
Adapted-ClusterSFL,13.014675125753831,187.15422223451444,11.501060490718624,102,False,0.048253691397101735,4.596026792164363,0.04264175773088237,0.0,0.10000000000000002,0.0,0.0,4.0,0.0,0.0,5.0,0.0,0.0,0.10000000000000002,0.0,0.10303459490271309,-2.526612209631223,0.09105160883100832,3,0.0,2621440.0,0.0,,,,166.99429697221254,457.1976270980836,147.57275863781513,0.005012604675487189,0.15243055555555554,0.004429635702143426,0.035813727323050576,3.5534030887815686,0.03164856904690883,151.99594240665795,278.4578096418098,134.31872183298185
Adapted-ClusterSFL,13.948009773105973,155.96578891725383,12.325847750758568,103,False,0.1881787440397171,4.501062953778686,0.16629344162310666,0.0,0.10000000000000002,0.0,0.0,4.0,0.0,0.0,5.0,0.0,0.0,0.10000000000000002,0.0,0.05338837979875667,-2.4618032778611045,0.04717927874756654,3,0.0,2621440.0,0.0,,,,90.6453480000347,422.5436019435228,80.10323888052145,0.017497029068803877,0.14756944444444445,0.015462113943202998,0.09587166844713295,3.548038960165448,0.08472173508001646,88.08380012051613,274.137490799221,77.83960057779363
Adapted-ClusterSFL,28.08636196275416,153.18423330447536,24.819900979214356,104,False,0.09451746353118727,4.450508970976545,0.08352502501967082,0.0,0.10000000000000002,0.0,0.0,4.0,0.0,0.0,5.0,0.0,0.0,0.10000000000000002,0.0,0.05116699947999409,-2.4307883749991164,0.04521624631132657,3,0.0,2621440.0,0.0,,,,38.40721839018635,411.0677790216887,33.940435525100256,0.0027222222222222036,0.1440972222222222,0.002405626121623424,0.04165808350988956,3.5626592715581253,0.03681322305361017,36.627256703975306,260.68060242534403,32.367484465894385
Adapted-ClusterSFL,19.124401709357613,165.83431112424782,16.900222155594115,105,False,0.2345283215272859,4.55099235777496,0.20725253505056573,0.0,0.10000000000000002,0.0,0.0,4.0,0.0,0.0,5.0,0.0,0.0,0.10000000000000002,0.0,0.11452676256834764,-2.4611449118385367,0.10120723040548754,3,0.0,2621440.0,0.0,,,,6.991978396575358,371.2974659021126,6.178807055251271,0.006571855471358122,0.14496527777777776,0.0058075446818325405,0.030990932097126243,3.5674328830507065,0.027386667839867217,39.090957339580775,218.18044370959305,34.544655218704804
Adapted-ClusterSFL,27.20533819677579,173.84991113148217,24.041340813219353,106,False,0.3006485576445726,4.605432821394814,0.26568294748096943,0.0,0.10000000000000002,0.0,0.0,4.0,0.0,0.0,5.0,0.0,0.0,0.10000000000000002,0.0,0.1600063883349069,-2.492145030483579,0.14139754802635454,3,0.0,2621440.0,0.0,,,,50.1274733575054,378.8572395723448,44.29761770931358,0.016251603968797716,0.14340277777777777,0.014361532540023293,0.047777390632400864,3.5455242726537914,0.0422208510348896,26.06630948390689,219.5033288842271,23.034781832623064
Adapted-ClusterSFL,31.93166365319141,169.87832225600468,28.21799174363671,107,False,0.12383539011137236,4.521604175829609,0.10943325890204564,0.0,0.10000000000000002,0.0,0.0,4.0,0.0,0.0,5.0,0.0,0.0,0.10000000000000002,0.0,0.5029559712714947,-2.704735161187905,0.44446188582264357,3,0.0,2621440.0,0.0,,,,929.1771640671435,887.8661465462013,821.1132945903341,0.007129611216306188,0.1451388888888889,0.006300433094313907,0.02486026207841233,3.5721857196754883,0.021968998474126537,918.9280763890321,722.1655076521279,812.0561820445602
Adapted-ClusterSFL,20.302759559672705,171.2922666532298,17.941536271024415,108,False,0.05943141903734231,4.543772063102623,0.05251950884622096,0.0,0.10000000000000002,0.0,0.0,4.0,0.0,0.0,5.0,0.0,0.0,0.10000000000000002,0.0,0.08666713803353551,-2.532068925992037,0.07658769715340231,3,0.0,2621440.0,0.0,,,,211.27003304818479,520.3657888814502,186.69919967153666,0.0010208333333333298,0.1453125,0.0009021097956087871,0.04133115165469359,3.5386562923590343,0.03652431357207335,201.2215196158659,356.69821261859573,177.81933446474346
Adapted-ClusterSFL,12.296314768405978,162.98620000533344,10.866245879968716,109,False,0.013556181055283745,4.438422051317971,0.011979588951201084,0.0,0.10000000000000002,0.0,0.0,4.0,0.0,0.0,5.0,0.0,0.0,0.10000000000000002,0.0,0.0351441424233922,-2.40130557913615,0.031056857278444944,3,0.0,2621440.0,0.0,,,,58.94214452590249,364.1891069543288,52.087137258128,0.009002903766817009,0.14704861111111112,0.007955860581520554,0.04539168172828596,3.5395278162426416,0.040112601527748544,57.50609553730857,211.80255139620655,50.81810164057567
Adapted-ClusterSFL,17.490096007045583,179.76067781758806,15.455987200745152,110,False,0.103863876116194,4.6048563891699175,0.09178444413484065,0.0,0.10000000000000002,0.0,0.0,4.0,0.0,0.0,5.0,0.0,0.0,0.10000000000000002,0.0,0.08776945018069407,-2.494871357003827,0.07756180972721811,3,0.0,2621440.0,0.0,0.010718750000000016,0.11562499999999999,0.009472152853892312,71.75543269727298,384.8863248377354,63.410232219778514,0.015949556683823352,0.14461805555555554,0.014094613538051949,0.08111610996571593,3.564238554239273,0.07168225702702251,66.80703381128964,240.81703592871403,59.03733513475792
Adapted-ClusterSFL,4.454486102155697,177.9786666544775,3.9364266584403653,111,False,0.23281242906194607,4.584185394085289,0.20573620192286513,0.0,0.10000000000000002,0.0,0.0,4.0,0.0,0.0,5.0,0.0,0.0,0.10000000000000002,0.0,0.14455998448227858,-2.4905976901001394,0.1277475703391199,3,0.0,2621440.0,0.0,,,,63.6074383678289,397.0099861149908,56.20985458795185,0.002381944444444418,0.1293402777777778,0.002104922856420487,0.021365387027586582,3.643946778774262,0.01888057951793518,70.71441510443532,235.97181389497962,62.49028560632551
Adapted-ClusterSFL,30.074622959244614,171.02504442057884,26.57692601218833,112,False,0.07709057521103388,4.5352063042629975,0.06812489441337781,0.0,0.10000000000000002,0.0,0.0,4.0,0.0,0.0,5.0,0.0,0.0,0.10000000000000002,0.0,0.05857638208957491,-2.4600081993211576,0.051763913215669054,3,0.0,2621440.0,0.0,,,,41.779991487243834,384.81009437931726,36.920953059031376,0.010077049331292791,0.1560763888888889,0.00890508236335566,0.014283630548003544,3.516875453127755,0.012622435625349501,6.466241506300238,227.05504877687784,5.714213685164654
Adapted-ClusterSFL,38.424127747523166,174.09344443715074,33.95537831389143,113,False,0.2546527616509742,4.594895393421862,0.22503649054449731,0.0,0.10000000000000002,0.0,0.0,4.0,0.0,0.0,5.0,0.0,0.0,0.10000000000000002,0.0,0.14305617599408377,-2.4993763033239493,0.126418655692994,3,0.0,2621440.0,0.0,,,,31.483830645915695,403.85721322603484,27.82224198756125,0.0027852936515399213,0.15486111111111112,0.0024613623053398918,0.03492951452173338,3.515357659922706,0.030867190732325064,23.806130538182902,248.7495115634981,21.037463073341737
Adapted-ClusterSFL,33.653249934910754,174.5640333586683,29.739356493407875,114,False,0.31400029630585297,4.533192144312513,0.2774818708129691,0.0,0.10000000000000002,0.0,0.0,4.0,0.0,0.0,5.0,0.0,0.0,0.10000000000000002,0.0,0.14482986825313088,-2.4802325793648277,0.1279860664632293,3,0.0,2621440.0,0.0,,,,78.55329001026914,427.27301441714195,69.41749459157086,0.01444077310447535,0.15034722222222222,0.012761302406900741,0.0631014898184096,3.5227759944068064,0.055762748162640624,131.71730276995265,276.7904464435273,116.3985003232096
Adapted-ClusterSFL,35.90321901818229,174.106855579238,31.727652803451488,115,False,0.2744741784791685,4.704716605054487,0.24255266453655505,0.0,0.10000000000000002,0.0,0.0,4.0,0.0,0.0,5.0,0.0,0.0,0.10000000000000002,0.0,0.08991383750413917,-2.5750720620284206,0.07945680350033726,3,0.0,2621440.0,0.0,,,,137.29473141986153,445.427519002355,121.32727062792003,0.012083455060050992,0.15486111111111112,0.010678141885195691,0.02405247920348678,3.5089161184098985,0.02125516123899638,167.8654254958426,279.95763408499016,148.34257438416705
Adapted-ClusterSFL,14.422507310926367,166.77485553858182,12.745160936254107,116,False,0.09405965938083767,4.5096983697267,0.08312046377052724,0.0,0.10000000000000002,0.0,0.0,4.0,0.0,0.0,5.0,0.0,0.0,0.10000000000000002,0.0,0.09396222011337012,-2.450086106029019,0.0830343567491466,3,0.0,2621440.0,0.0,,,,125.44990693427899,390.47384233133835,110.86000643620328,0.015145228349015657,0.15503472222222223,0.013383829077922255,0.04697200242167414,3.521771666076448,0.04150912996305508,118.6603002767786,229.25525855076955,104.86003516365298
Adapted-ClusterSFL,13.213510583089693,162.49496665032996,11.676771263398168,117,False,0.044125503916053056,4.49661667970215,0.038993680965399666,0.0,0.10000000000000002,0.0,0.0,4.0,0.0,0.0,5.0,0.0,0.0,0.10000000000000002,0.0,0.024945884872910936,-2.447271839493163,0.02204466328553348,3,0.0,2621440.0,0.0,,,,12.949090804266596,397.92699928417716,11.443103665720756,0.001894586484574098,0.1482638888888889,0.0016742449237834931,0.04048894774928997,3.518040145105786,0.0357800584932509,12.385560403474873,242.49475013257756,10.945112193383553
Adapted-ClusterSFL,32.399201997523434,167.46553333036397,28.631155094080434,118,False,0.1622120319730103,4.577083775653155,0.14334667396746992,0.0,0.10000000000000002,0.0,0.0,4.0,0.0,0.0,5.0,0.0,0.0,0.10000000000000002,0.0,0.11787162188693422,-2.466539162336385,0.1041630805503662,3,0.0,2621440.0,0.0,,,,74.04551102342276,355.99454901961434,65.43397304335184,0.013649338678978431,0.14704861111111112,0.012061912286584544,0.05470323942060785,3.523066022660997,0.04834121939545789,48.8387334894208,197.60219729322776,43.15875907193493
Adapted-ClusterSFL,18.741258217175407,183.49948886963023,16.561638484650775,119,False,0.08302127650028793,4.684175639933346,0.07336585153455241,0.0,0.10000000000000002,0.0,0.0,4.0,0.0,0.0,5.0,0.0,0.0,0.10000000000000002,0.0,0.06055297653099151,-2.5392261428708296,0.053510628521021994,3,0.0,2621440.0,0.0,,,,44.116005914047115,394.27664580831294,38.98528758680544,0.002381944444444436,0.15555555555555556,0.002104922856420503,0.017626935856467418,3.4795488946967654,0.015576912492428159,35.21954477663727,228.92313469743348,31.123490292134093
Adapted-ClusterSFL,14.07746658217277,160.09222221327946,12.440248654171544,120,False,0.08401721595173545,4.508179756080344,0.07424596262188374,0.0,0.10000000000000002,0.0,0.0,4.0,0.0,0.0,5.0,0.0,0.0,0.10000000000000002,0.0,0.06392485860814075,-2.4340276805104004,0.056490358661202285,3,0.0,2621440.0,0.0,0.003572916666666677,0.12005208333333335,0.0031573842846307747,50.83920175069335,359.8756049404578,44.92657165737015,0.0050126046754871804,0.15086805555555557,0.004429635702143418,0.05182496641125322,3.4982196569442743,0.04579769128818422,60.35855393230773,221.83605705701305,53.33881738884859
Adapted-ClusterSFL,17.892431942384597,162.6048333516034,15.811531222029803,121,False,0.17267091234074913,4.598114779888218,0.15258918018543333,0.0,0.10000000000000002,0.0,0.0,4.0,0.0,0.0,5.0,0.0,0.0,0.10000000000000002,0.0,0.09380750206064652,-2.531658687594788,0.08289763250008261,3,0.0,2621440.0,0.0,,,,80.46098575485203,465.20259530135746,71.10332416044868,0.018321359463128285,0.14305555555555555,0.016190574211158694,0.0429147171242286,3.6078945762581296,0.03792370941408677,87.86978442283477,316.24275084411323,77.65047503595618
Adapted-ClusterSFL,20.825091411437295,160.86487776677436,18.403120610650845,122,False,0.1761713289483204,4.451815059236859,0.15568249621194932,0.0,0.10000000000000002,0.0,0.0,4.0,0.0,0.0,5.0,0.0,0.0,0.10000000000000002,0.0,0.08369219950897053,-2.4058338835150046,0.07395874578914693,3,0.0,2621440.0,0.0,,,,37.55631128599661,359.85270779314993,33.18848943480539,0.011504207412700983,0.16666666666666666,0.010166261091637041,0.041948102023005106,3.4654200845294523,0.03706951223720798,28.53724499522929,236.0541109597002,25.218346040702958
Adapted-ClusterSFL,22.638624240769346,161.355611085633,20.005738468608627,123,False,0.059816653873459566,4.506354069895683,0.05285994063652737,0.0,0.10000000000000002,0.0,0.0,4.0,0.0,0.0,5.0,0.0,0.0,0.10000000000000002,0.0,0.03490153844812298,-2.428625061094264,0.030842468293095726,3,0.0,2621440.0,0.0,,,,27.426646963806014,350.89605229284484,24.23691123600342,0.005814669215563335,0.16788194444444446,0.005138419648246104,0.07707624012988416,3.435006033711963,0.06811222651088703,6.744512360755254,215.6428893162571,5.960121469951231
Adapted-ClusterSFL,13.431496785331756,153.363822254404,11.86940553770033,124,False,0.08058307813044431,4.46127808328177,0.07121121711848061,0.0,0.10000000000000002,0.0,0.0,4.0,0.0,0.0,5.0,0.0,0.0,0.10000000000000002,0.0,0.034202687496469146,-2.423664496969444,0.03022489413228843,3,0.0,2621440.0,0.0,,,,58.067078640894124,386.0509106571178,51.31384206792151,0.006779986690370788,0.17361111111111108,0.005991470113450492,0.046359506528237976,3.4498396853605904,0.04096786771465777,62.17025575757384,261.1884366737781,54.93981718962725
Adapted-ClusterSFL,30.646207857664034,183.25786665728728,27.082035239178907,125,False,0.28657514593441236,4.679316961152847,0.25324628211472844,0.0,0.10000000000000002,0.0,0.0,4.0,0.0,0.0,5.0,0.0,0.0,0.10000000000000002,0.0,0.16010275799154966,-2.5352808442083954,0.14148270983330005,3,0.0,2621440.0,0.0,,,,46.36368405257524,391.24472726394316,40.971559390373066,0.005401742260090218,0.16302083333333336,0.004773516348912344,0.06428993540393774,3.4562426050504054,0.056812976803541484,35.025381884709326,223.2833776859343,30.95190866266281
Adapted-ClusterSFL,10.823375063905939,175.99772221486396,9.564609959213842,126,False,0.10987830197779273,4.549062351937034,0.09709938860965962,0.0,0.10000000000000002,0.0,0.0,4.0,0.0,0.0,5.0,0.0,0.0,0.10000000000000002,0.0,0.1344007919936179,-2.529439873813915,0.11876989811757276,3,0.0,2621440.0,0.0,,,,178.66942434184503,509.8173956907953,157.89006159140772,0.023773219035019992,0.15989583333333332,0.02100837919801948,0.09603440428589784,3.4620442860656317,0.08486554464172724,171.03020324904702,335.4128010691332,151.1392865592761
Adapted-ClusterSFL,28.809081691526128,162.96054444198185,25.458567963839585,127,False,0.1353990605386602,4.535622660005448,0.11965206742349677,0.0,0.10000000000000002,0.0,0.0,4.0,0.0,0.0,5.0,0.0,0.0,0.10000000000000002,0.0,0.10413274816027546,-2.474842330447492,0.09202204619661816,3,0.0,2621440.0,0.0,,,,115.28815617114763,414.06200088953557,101.88007346906281,0.007321904894278826,0.15850694444444444,0.006470362900550079,0.036640950728926786,3.4797699312369033,0.03237958586741279,133.3216104508281,258.25432780519736,117.81622604476536
Adapted-ClusterSFL,15.135442065079769,148.3251666650176,13.375180944761922,128,False,0.1303749656545972,4.431375446061955,0.11521227783102535,0.0,0.10000000000000002,0.0,0.0,4.0,0.0,0.0,5.0,0.0,0.0,0.10000000000000002,0.0,0.06855823871168028,-2.412050908571645,0.06058487383982944,3,0.0,2621440.0,0.0,,,,87.82377253338059,392.72637108133364,77.60981435723838,0.013444202319330299,0.1673611111111111,0.011880633410365007,0.02745465345970687,3.4876142349508075,0.02426166055939232,94.12249496478012,250.7844073464499,83.17599153782908
Adapted-ClusterSFL,12.597811704573466,162.79427779631484,11.132678539034247,129,False,0.04240381770462345,4.502158021241043,0.037472227907804335,0.0,0.10000000000000002,0.0,0.0,4.0,0.0,0.0,5.0,0.0,0.0,0.10000000000000002,0.0,0.017230449047389632,-2.4152992813347782,0.015226537340462044,3,0.0,2621440.0,0.0,,,,29.185758774886832,328.44054142851434,25.79143727324142,0.016558631332478493,0.16440972222222222,0.014632852434517696,0.029791153727915774,3.4654809011353382,0.02632642442492096,25.539110351549645,183.51544444026413,22.568896280098077
Adapted-ClusterSFL,25.238065390345422,158.00875554689102,22.30286303103261,130,False,0.1944553910632056,4.469700066755446,0.17184011077915667,0.0,0.10000000000000002,0.0,0.0,4.0,0.0,0.0,5.0,0.0,0.0,0.10000000000000002,0.0,0.12644004794524483,-2.424273371978829,0.11173499344520861,3,0.0,2621440.0,0.0,0.002224854669098886,0.12942708333333333,0.001966102717518425,63.74450408826523,378.84667720221205,56.33097948171295,0.007202323013453617,0.16024305555555554,0.0063646884652164525,0.03608799677708842,3.4748554170131682,0.03189094079658114,45.42646365418817,223.44260518550516,40.143338294507586
Adapted-ClusterSFL,35.013709859424814,157.42711112963863,30.941594101019952,131,False,0.16691804949633607,4.457873521353794,0.14750537878977077,0.0,0.10000000000000002,0.0,0.0,4.0,0.0,0.0,5.0,0.0,0.0,0.10000000000000002,0.0,0.07913330887353288,-2.4008120104659176,0.06993005690816329,3,0.0,2621440.0,0.0,,,,9.566132286743377,343.750499578041,8.453585281920702,0.00472728996863224,0.13993055555555556,0.004177503269276389,0.008521606500135817,3.5681141250663333,0.00753053847976757,11.086104740968516,210.47839500145923,9.796784014993712
Adapted-ClusterSFL,6.48830304187657,166.98598890151413,5.733709450731589,132,False,0.24150851001287543,4.528429032467612,0.2134209233686516,0.0,0.10000000000000002,0.0,0.0,4.0,0.0,0.0,5.0,0.0,0.0,0.10000000000000002,0.0,0.12932150477798454,-2.4531083812580863,0.11428133509527068,3,0.0,2621440.0,0.0,,,,20.223645797414335,377.78773004856026,17.87162348744818,0.015213879949990267,0.17777777777777778,0.013444496455937037,0.04627630551619968,3.420281887716717,0.04089434303093762,7.273766295513477,220.20178142514226,6.427822850107857
Adapted-ClusterSFL,33.463720300852906,156.79532220302565,29.571869271097604,133,False,0.26173591336878277,4.519012628939691,0.23129586740825403,0.0,0.10000000000000002,0.0,0.0,4.0,0.0,0.0,5.0,0.0,0.0,0.10000000000000002,0.0,0.1677878982875945,-2.4644100071714448,0.14827406363740442,3,0.0,2621440.0,0.0,,,,90.19627330952422,409.80738540319857,79.70639184972684,0.007669471608467333,0.16336805555555556,0.006777507394424703,0.04872800089293077,3.4506016638543873,0.04306090474378455,65.42039804077554,262.29649865139965,57.811965947960545
Adapted-ClusterSFL,22.288417877134982,160.38417777357003,19.696261318124616,134,False,0.07869248582585459,4.471177663433093,0.06954050184911931,0.0,0.10000000000000002,0.0,0.0,4.0,0.0,0.0,5.0,0.0,0.0,0.10000000000000002,0.0,0.11144828932912917,-2.468645929506419,0.09848678547688167,3,0.0,2621440.0,0.0,,,,144.2338210988127,466.1141955797443,127.45933995558342,0.00590359879911093,0.17621527777777776,0.005217006667123847,0.009780102750149846,3.415190647708045,0.008642670850256958,115.41996350814333,311.30502769197335,101.99655153257652
Adapted-ClusterSFL,33.94823335199539,158.60579998439383,30.00003315962261,135,False,0.27164865707364566,4.592788436448036,0.24005575298949436,0.0,0.10000000000000002,0.0,0.0,4.0,0.0,0.0,5.0,0.0,0.0,0.10000000000000002,0.0,0.2085188436633932,-2.528675802563727,0.1842679752859738,3,0.0,2621440.0,0.0,,,,145.66397590307668,464.56316867941723,128.7231668860293,0.02540031729776541,0.17152777777777775,0.022446244942908318,0.09763377425040476,3.416449765364329,0.08627890690633215,141.77124003294975,332.33921592614223,125.28315856587334
Adapted-ClusterSFL,20.317876996870567,173.588844449518,17.95489554107897,136,False,0.11598482147804776,4.594148682391317,0.10249571617693096,0.0,0.10000000000000002,0.0,0.0,4.0,0.0,0.0,5.0,0.0,0.0,0.10000000000000002,0.0,0.040084233739961464,-2.5237850676813713,0.03542241296942852,3,0.0,2621440.0,0.0,,,,105.76412755428191,453.42145297142537,93.46369517459782,0.0015593486739780118,0.16197916666666667,0.0013779954745127923,0.023704499560684968,3.439559986193975,0.020947651840357392,145.07939972318755,293.57346757193073,128.20657727150763
Adapted-ClusterSFL,21.761647744648325,171.32823336093375,19.23075487252427,137,False,0.09859381323597573,4.491452602646751,0.0871272927738096,0.0,0.10000000000000002,0.0,0.0,4.0,0.0,0.0,5.0,0.0,0.0,0.10000000000000002,0.0,0.06396044281158557,-2.4421224952784564,0.05652180440013765,3,0.0,2621440.0,0.0,,,,66.20407354598929,392.7923879101625,58.50449951514291,0.013288272018035629,0.17048611111111112,0.011742837897976288,0.04023982956958989,3.4171724187003245,0.035559912909409255,43.28972846584575,240.10083719676595,38.25510670852323
Adapted-ClusterSFL,27.903493801235175,156.89456667233674,24.65830049613395,138,False,0.16187673732421134,4.562639522020209,0.14305037429031392,0.0,0.10000000000000002,0.0,0.0,4.0,0.0,0.0,5.0,0.0,0.0,0.10000000000000002,0.0,0.10350702710026913,-2.493720055823753,0.09146909687656878,3,0.0,2621440.0,0.0,,,,118.23934996613974,424.8005896272978,104.48804163024053,0.008547680245374209,0.1684027777777778,0.007553579832571908,0.03068630924423477,3.406281530857086,0.027117472810094457,123.75576856391227,293.41423776679903,109.36289738899556
Adapted-ClusterSFL,14.417829300103268,177.94435557961052,12.741026980935757,139,False,0.07636210201995682,4.557915756672984,0.06748114309761388,0.0,0.10000000000000002,0.0,0.0,4.0,0.0,0.0,5.0,0.0,0.0,0.10000000000000002,0.0,0.06560724543506838,-2.4853073492863604,0.0579770828766223,3,0.0,2621440.0,0.0,,,,83.16248083729786,412.69894189973564,73.49063372126176,0.009250299774088056,0.1673611111111111,0.008174484282634398,0.024395751193781845,3.4056955489847396,0.02155851048797921,63.96488816946554,246.0189442416122,56.52573276019169
Adapted-ClusterSFL,13.540334265930447,172.99161108288294,11.965585153090496,140,False,0.06452396778856116,4.52997849292616,0.05701979107945183,0.0,0.10000000000000002,0.0,0.0,4.0,0.0,0.0,5.0,0.0,0.0,0.10000000000000002,0.0,0.0503189479809093,-2.4872237728476922,0.04446682371752565,3,0.0,2621440.0,0.0,0.010195564931421567,0.13125,0.009009814527086556,150.13093891458456,444.4690527692251,132.67061938167345,0.01209303370211009,0.17708333333333334,0.010686606525355831,0.0667649423788073,3.416734645101759,0.059000138961480986,164.71631213778886,281.86752374747283,145.5597048255227
Adapted-ClusterSFL,15.460114327939648,152.92214443777792,13.662093625926039,141,False,0.04021442250745382,4.4477278876770825,0.03553746070405685,0.0,0.10000000000000002,0.0,0.0,4.0,0.0,0.0,5.0,0.0,0.0,0.10000000000000002,0.0,0.012454705071472338,-2.405328899596862,0.011006215294426457,3,0.0,2621440.0,0.0,,,,24.53815318019585,362.9299115166405,21.68435103673828,0.015507858733060719,0.16215277777777778,0.013704285327684635,0.061568646065132245,3.505451043446859,0.054408175070425856,47.26959797016451,233.550575700799,41.77211496820387
Adapted-ClusterSFL,13.44428469863042,150.95802223206394,11.880706208902408,142,False,0.08762124185019185,4.477928599414315,0.07743083811572077,0.0,0.10000000000000002,0.0,0.0,4.0,0.0,0.0,5.0,0.0,0.0,0.10000000000000002,0.0,0.024348082152732688,-2.407984264808213,0.02151638538540511,3,0.0,2621440.0,0.0,,,,41.16183655132526,338.0399302021125,36.37468991823523,0.009885640462088393,0.17465277777777777,0.008735934462089678,0.044013985917787324,3.392387186818653,0.03889513257817792,40.74972412306025,204.810693113643,36.01050641609972
Adapted-ClusterSFL,8.043902253693183,162.68993334637744,7.108391527813464,143,False,0.10994953546802821,4.519842274940272,0.09716233760164346,0.0,0.10000000000000002,0.0,0.0,4.0,0.0,0.0,5.0,0.0,0.0,0.10000000000000002,0.0,0.03550052917591917,-2.4857334451218835,0.03137179603483331,3,0.0,2621440.0,0.0,,,,143.7553052500141,451.6246153034952,127.03647579112109,0.005315308807214231,0.17795138888888887,0.0046971351591904974,0.010422858948822026,3.3637199302514396,0.009210674111981473,135.2490756164101,302.7710534912671,119.51952583895267
Adapted-ClusterSFL,1.8125636459507428,151.54232223802762,1.6017613911933535,144,False,0.08647418901630978,4.47680597536823,0.07641718822426688,0.0,0.10000000000000002,0.0,0.0,4.0,0.0,0.0,5.0,0.0,0.0,0.10000000000000002,0.0,0.057639160389001,-2.409914645304499,0.05093569096906185,3,0.0,2621440.0,0.0,,,,29.197685819162345,343.02331524076703,25.801977195011478,0.01414917390872637,0.1762152777777778,0.012503616375021426,0.0655979591410911,3.3815155963102974,0.0579688765842842,58.38422059237827,213.5041312665188,51.59410021750421
Adapted-ClusterSFL,9.33611515797884,178.78739999529594,8.250319285170045,145,False,0.06623591119370843,4.544506034649065,0.05853263442506282,0.0,0.10000000000000002,0.0,0.0,4.0,0.0,0.0,5.0,0.0,0.0,0.10000000000000002,0.0,0.03521496367443383,-2.467284231365943,0.031119441974903978,3,0.0,2621440.0,0.0,,,,9.265122076502523,390.06242808282065,8.187582742260423,0.013478608523563616,0.171875,0.011911038152113834,0.015944434101689758,3.3731690545876822,0.014090086715336984,20.07507510675227,221.31697940964065,17.740331658498025
Adapted-ClusterSFL,16.140985497832535,160.6594999967557,14.263779064529786,146,False,0.05740456943556855,4.51528667317849,0.05072838308623479,0.0,0.10000000000000002,0.0,0.0,4.0,0.0,0.0,5.0,0.0,0.0,0.10000000000000002,0.0,0.03981989739907386,-2.4359095513856333,0.03518881910580393,3,0.0,2621440.0,0.0,,,,39.545323395324296,356.53242959277605,34.946178225736666,0.009454579937264434,0.1758680555555556,0.008355006538552739,0.023704496242337943,3.3951241917080353,0.02094764890793615,19.662966960427397,212.4431306433521,17.37615194031042
Adapted-ClusterSFL,17.922142368996845,162.09219998887014,15.83778630795172,147,False,0.3128916356654548,4.554670381593832,0.27650214807953977,0.0,0.10000000000000002,0.0,0.0,4.0,0.0,0.0,5.0,0.0,0.0,0.10000000000000002,0.0,0.17820068875886638,-2.457476959352595,0.15747584024190034,3,0.0,2621440.0,0.0,,,,43.52950289291952,360.2835371113577,38.46699522385359,0.018740008912158435,0.16979166666666667,0.016560534474567335,0.06760134424761828,3.413764574130376,0.059739266784096384,30.34816499690778,205.92923615671614,26.818654944452884
Adapted-ClusterSFL,17.805818194242985,164.40125556093537,15.734990705491413,148,False,0.2507199788909631,4.620418467038277,0.22156109281211453,0.0,0.10000000000000002,0.0,0.0,4.0,0.0,0.0,5.0,0.0,0.0,0.10000000000000002,0.0,0.24878930821461376,-2.5579653497003423,0.21985496031001225,3,0.0,2621440.0,0.0,,,,247.327648999329,495.51223236240776,218.56329295071407,0.013926468257699647,0.1751736111111111,0.012306811526699494,0.04772179017390324,3.3991243600845333,0.04217171694354164,285.94119105796534,363.79412120953293,252.68605657609973
Adapted-ClusterSFL,17.930898605486576,157.42121109764818,15.84552418881055,149,False,0.0552216887606916,4.510204148645154,0.04879937276187402,0.0,0.10000000000000002,0.0,0.0,4.0,0.0,0.0,5.0,0.0,0.0,0.10000000000000002,0.0,0.03977237561357906,-2.426101386753035,0.035146824132873636,3,0.0,2621440.0,0.0,,,,34.088329672330396,341.99862486091644,30.123836192670403,0.012604065273543798,0.18211805555555552,0.011138204814128765,0.016139066262649625,3.3415939430395762,0.014262083037566278,14.830319697943528,202.39493578854365,13.105544494554957
Adapted-ClusterSFL,29.900166950591146,179.9246111121546,26.42275934347737,150,False,0.26357116192994273,4.706761829594723,0.23291767544521663,0.0,0.10000000000000002,0.0,0.0,4.0,0.0,0.0,5.0,0.0,0.0,0.10000000000000002,0.0,0.13643927800500724,-2.549688593629756,0.12057130696565681,3,0.0,2621440.0,0.0,0.009356092043868176,0.14765625000000002,0.008267972847076848,32.10612099870931,392.6153576647889,28.372159593733954,0.024188460997912428,0.18559027777777778,0.021375328268001283,0.10343133251769576,3.3397097150484716,0.09140220562000001,37.90019557549431,218.02442913345206,33.49237977222108
Adapted-PCSFL,32.39209342734546,405.01342215187225,28.624873254938887,1,True,0.06056400704411604,1.2769364296862056,0.05352037617875936,0.0,0.10000000000000002,0.0,0.500888888888889,2.1222222222222222,0.4426352063787132,0.5008888888888884,3.1222222222222222,0.4426352063787127,0.0,0.10000000000000002,0.0,0.05330639263117668,-1.0218710989825812,0.047106826737455726,3,1290206.8171412516,5197368.888888889,1140154.9793675386,,,,126.21539037771505,766.8057682789569,111.53646368946043,0.004250068082243356,0.019270833333333334,0.003755782578608324,0.011082026379635054,4.629438612196181,0.009793179969564539,127.00200007244932,374.4377757362802,112.23159019813697
Adapted-PCSFL,37.6325531220422,393.26140000614237,33.255864298934625,2,True,0.06264608099424258,1.267036130124331,0.055360303661787326,0.0,0.10000000000000002,0.0,0.36635892809856696,1.988888888888889,0.3237511618740771,0.366358928098567,2.988888888888889,0.32375116187407715,0.0,0.10000000000000002,0.0,0.03140079615581962,-0.9608429832934836,0.02774886445918014,3,1423714.0275269654,5789013.333333333,1258135.2199618465,,,,21.88503388948184,654.6498364626365,19.339791133647584,0.0032460431159326624,0.030034722222222227,0.0028685263267115117,0.025358081457216363,4.4558753377861455,0.022408921156310702,12.401514641377789,264.59542969795467,10.959210943712069
Adapted-PCSFL,29.67270567344,398.6410111344109,26.221751951242528,3,True,0.07584065079091504,1.3115952533692667,0.06702033696375183,0.0,0.10000000000000002,0.0,0.5444444444444445,2.0444444444444443,0.4811252243246881,0.5444444444444443,3.0444444444444447,0.48112522432468796,0.0,0.10000000000000002,0.0,0.04498842711927452,-1.0078890254059263,0.03975624567509847,3,1441390.3264212816,5275648.0,1273755.7545407899,,,,56.584297003981064,704.182797442586,50.003508837480915,0.0014832364460659244,0.022222222222222223,0.0013107351450122836,0.004631096059035801,4.440546858310699,0.004092496769888778,56.745910634824455,319.42422235254554,50.1463267047342
Adapted-PCSFL,47.66298961597238,392.18935557356514,42.11975492627141,4,True,0.135798081852555,1.2923983366147649,0.12000468231582777,0.0,0.10000000000000002,0.0,0.5321091505961427,2.3000000000000003,0.47022453265552977,0.5321091505961424,3.3000000000000003,0.47022453265552944,0.0,0.10000000000000002,0.0,0.05650509723621046,-1.0002026320034116,0.049933520050885846,3,1139036.498189894,5064476.444444444,1006565.8604797102,,,,97.42994209465816,708.0069273920584,86.09878055430694,0.007707122652672222,0.02291666666666667,0.006810779599282301,0.020014464951040544,4.456036386887233,0.017686770500769777,142.9965009248607,328.5683307986681,126.36592087062688
Adapted-PCSFL,51.63180249907614,396.50886663002893,45.62699245651102,5,True,0.06479988780314058,1.2584260599824715,0.05726362142847056,0.0,0.10000000000000002,0.0,0.3815774924128118,2.211111111111111,0.33719979789985605,0.3815774924128118,3.211111111111111,0.33719979789985605,0.0,0.10000000000000002,0.0,0.0490846777345786,-0.9672199194249376,0.04337609985175253,3,1313471.870447035,4447345.777777778,1160714.2928197912,,,,69.06716312909262,676.0137788674037,61.03461003787564,0.004125648798584197,0.02760416666666667,0.0036458333333333304,0.041314114280105264,4.443836136658987,0.036509257654514904,35.80990739294621,310.4124478232331,31.645193376999583
Adapted-PCSFL,86.09498222975905,411.4361333453821,76.08208341769506,6,False,0.23865680677932277,1.3359130773545083,0.21090087495608953,0.0,0.10000000000000002,0.0,0.5185672569686599,1.8666666666666665,0.4582575694955841,0.5185672569686599,2.866666666666667,0.45825756949558416,0.0,0.10000000000000002,0.0,0.19591573731534354,-1.0240063109995383,0.1731306178737208,3,2476619.208775607,5514126.222222222,2188586.88806142,,,,153.2088426670318,712.099544644568,135.39056105516607,0.0003402777777777766,0.02777777777777778,0.00030070326520292905,0.029705271686274803,4.437745079067018,0.02625053051697203,47.648056005292766,328.84322731177036,42.1065581035992
Adapted-PCSFL,46.28026740448184,391.7993000165249,40.89784414920222,7,False,0.074613809546974,1.2914629568740894,0.06593617810287078,0.0,0.10000000000000002,0.0,0.556080107915895,2.211111111111111,0.4914076530554665,0.5560801079158949,3.2111111111111117,0.4914076530554664,0.0,0.10000000000000002,0.0,0.1269179384500749,-1.0566095607804453,0.11215730499358637,3,2273362.5648950804,5554176.0,2008969.1155221318,,,,276.3265119452699,821.7561646868012,244.18957049362027,0.003743055555555556,0.03315972222222222,0.003307735917232231,0.021345609930337843,4.3808632089032065,0.018863102509128524,288.4996538433886,439.94882634906776,254.94696858305244
Adapted-PCSFL,51.2353645016051,412.7891333450356,45.27666043933209,8,False,0.04914704367860742,1.2992440914947945,0.0434312125985484,0.0,0.10000000000000002,0.0,0.5920191855416366,2.0444444444444443,0.5231669940886023,0.5920191855416364,3.0444444444444443,0.5231669940886021,0.0,0.10000000000000002,0.0,0.02441187868259787,-0.9945268503457738,0.021572762340034232,3,1338673.5205377182,5135473.777777778,1182984.9756726667,,,,4.569573506281095,689.8096091967532,4.0381293274487335,0.002657654403607128,0.03767361111111111,0.0023485675795952596,0.021821328479458495,4.3627305063936435,0.01928349470156726,61.11952850088939,288.3545475585406,54.011290152140035
Adapted-PCSFL,79.31136319626965,373.2080555249316,70.0874034048405,9,False,0.1513396653822319,1.2673669910125611,0.1337387702257645,0.0,0.10000000000000002,0.0,0.816884415415148,2.2333333333333334,0.7218802609235905,0.8168844154151479,3.233333333333333,0.7218802609235904,0.0,0.10000000000000002,0.0,0.09209008593046297,-0.9584011878693257,0.08137995291068657,3,1659697.7795056142,5539612.444444445,1466673.918016822,,,,50.77813907199104,649.4353847260901,44.87261060535043,0.003924274771797701,0.04357638888888888,0.003467879228374683,0.0320322390456767,4.3134959916273745,0.02830687015678758,48.99346283137065,305.72285143874825,43.295493297281276
Adapted-PCSFL,66.55439768892444,375.7295777387399,58.81408074712336,10,False,0.27861802510416633,1.3304748975558045,0.24621457927801887,0.0,0.10000000000000002,0.0,0.8057777777777779,2.011111111111111,0.7120653320005386,0.8057777777777778,3.011111111111111,0.7120653320005385,0.0,0.10000000000000002,0.0,0.17412436508274867,-1.0034523529637889,0.15387359548928206,3,1312870.7834952166,5155498.666666667,1160183.1126461604,0.0022248546690988857,0.009895833333333333,0.0019661027175184244,97.26440716961942,676.429808371773,85.95249744175888,0.008045249034157053,0.045138888888888895,0.007109581676890028,0.023438264503505366,4.314811254209943,0.020712380082300724,59.02741609429912,304.128922530788,52.16249169124231
Adapted-PCSFL,70.27968933570007,373.83506666325655,62.10611870897404,11,False,0.09660809889469213,1.2364111333189658,0.08537251821849258,0.0,0.10000000000000002,0.0,0.43501077040732045,2.1666666666666665,0.3844187531556933,0.43501077040732,3.1666666666666665,0.3844187531556929,0.0,0.10000000000000002,0.0,0.08887895949411591,-0.9556270358404056,0.07854228243248214,3,1599964.6229961524,5574200.888888889,1413887.7639500613,,,,93.29308739692087,674.8429383618453,82.4430445747095,0.004678046021934088,0.017187499999999998,0.004133986423538424,0.007275666153372429,4.556815358002981,0.006429501753341971,35.21666668128093,302.2016272377228,31.12094692101867
Adapted-PCSFL,22.142065225548677,375.02076668897644,19.566929568956294,12,False,0.07290120231899451,1.2732455458818814,0.06442274813742681,0.0,0.10000000000000002,0.0,0.7275212100764558,2.0666666666666664,0.6429100507328632,0.7275212100764558,3.0666666666666664,0.6429100507328632,0.0,0.10000000000000002,0.0,0.024963538658224895,-0.932091477339215,0.02206026392487516,3,2582674.7707627267,4975274.666666666,2282308.1236670134,,,,56.49977330897665,590.9374087965485,49.92881529962831,0.004011815833368251,0.029513888888888895,0.0035452392112260652,0.016982496328511537,4.4235480209191635,0.015007421673639745,89.32133094490327,233.96402002543422,78.93320581441156
Adapted-PCSFL,69.21159210943316,406.6787666589435,61.16224183993441,13,False,0.0421949605448084,1.2793626421010822,0.03728766096274097,0.0,0.10000000000000002,0.0,0.26404152310938883,1.9000000000000001,0.2333333333333333,0.26404152310938894,2.9,0.23333333333333342,0.0,0.10000000000000002,0.0,0.013696908933890873,-1.0167228401008632,0.012103950091909723,3,2393447.101345166,5455872.0,2115087.7473256546,,,,42.24419262525582,754.0830381006448,37.331167322280386,0.004907555902714876,0.021006944444444443,0.004336804165554445,0.02082543038925187,4.417878319157494,0.018403420165139354,76.57707744603347,363.25391587633936,67.67111675085037
Adapted-PCSFL,70.80867134359627,409.6283777422893,62.57357978752813,14,False,0.21322563857089774,1.325695205742466,0.18842736708220048,0.0,0.10000000000000002,0.0,0.26404152310938883,2.066666666666667,0.23333333333333334,0.26404152310938894,3.066666666666667,0.23333333333333342,0.0,0.10000000000000002,0.0,0.13899948015306207,-1.0055042008773982,0.1228337560463088,3,1661959.11106552,5526869.333333333,1468672.2553405548,,,,64.88934614418963,685.3131960123304,57.34267571003065,0.009399307479579492,0.025694444444444447,0.00830616230132339,0.015301514715181054,4.4105808218320215,0.013521939244620614,46.65922455125214,297.53257485918397,41.232728349251964
Adapted-PCSFL,48.56340876586526,373.8803999601967,42.91545478123185,15,False,0.07271327072879302,1.2480408647187309,0.06425667310550019,0.0,0.10000000000000002,0.0,0.4573333333333331,1.8666666666666665,0.40414518843273783,0.4573333333333333,2.8666666666666667,0.404145188432738,0.0,0.10000000000000002,0.0,0.029197705214214716,-0.9451426646049806,0.02580199433440746,3,2120878.396305108,5867292.444444444,1874218.9485079832,,,,17.334872864919237,642.2444644912302,15.318816604483256,0.0068310287159329955,0.028819444444444443,0.0060365759203867015,0.03365605746927728,4.4207346710893844,0.02974183750981952,77.49203383300144,277.8886599324962,68.47966315336986
Adapted-PCSFL,37.68218808906546,386.3743777037598,33.299726689096,16,False,0.055276946210984,1.2764631826220771,0.0488482037370797,0.0,0.10000000000000002,0.0,0.021777777777777847,2.4444444444444446,0.019245008972987587,0.0217777777777777,3.4444444444444446,0.01924500897298746,0.0,0.10000000000000002,0.0,0.016452960464841924,-0.9639174465877721,0.014539471153075646,3,1432663.8629268825,5710734.222222221,1266044.1840598234,,,,38.42562773735471,651.3717105534671,33.95670385399299,0.009472932422870523,0.03194444444444444,0.008371224618917494,0.018844759793719572,4.3871373441484245,0.01665310276487423,59.047138853252356,293.65005009616874,52.17992068133029
Adapted-PCSFL,84.40481899716934,412.5617110985331,74.58848719732248,17,False,0.3547762218755625,1.4187825802979204,0.31351553143153227,0.0,0.10000000000000002,0.0,0.4562951178435962,2.3555555555555556,0.4032277180360902,0.45629511784359583,3.3555555555555556,0.40322771803608987,0.0,0.10000000000000002,0.0,0.1968534818314579,-1.0376876417442074,0.17395930213210303,3,1945305.6943581563,4875150.222222223,1719065.458612949,,,,39.16542662543947,656.592703190494,34.61046368131227,0.00494282023104419,0.034548611111111106,0.004367967231044834,0.016363207615525493,4.36215222477913,0.014460156614738843,35.739257608928106,264.1700265225181,31.58276020584493
Adapted-PCSFL,81.50608640253766,405.82558885216713,72.02687896698676,18,False,0.36334867134009413,1.4009240560943497,0.3210909998080044,0.0,0.10000000000000002,0.0,0.3926044722171899,2.788888888888889,0.3469443332443554,0.3926044722171903,3.788888888888889,0.34694433324435575,0.0,0.10000000000000002,0.0,0.2293091710462478,-1.0056660915094753,0.20264037494571596,3,1325542.01945974,3966748.4444444445,1171380.6761590424,,,,104.08964779161636,610.408126924601,91.98395842705567,0.007031492622700134,0.03940972222222222,0.006213725752837944,0.010948751144741994,4.3266571627722845,0.009675404725571959,39.95994500989204,239.5664071722584,35.31257909428134
Adapted-PCSFL,57.40051502221295,350.09092214750126,50.72480020361909,19,False,0.06902338350928995,1.1989844050920075,0.06099592201449081,0.0,0.10000000000000002,0.0,0.2649381013196559,2.611111111111111,0.23412563895228314,0.2649381013196559,3.611111111111111,0.23412563895228314,0.0,0.10000000000000002,0.0,0.12829551847774084,-0.9786657059703053,0.11337467162593817,3,1392293.1690459915,4727694.222222222,1230368.6264381332,,,,209.95466228842366,758.347006848603,185.53680733138526,0.001361111111111111,0.03923611111111111,0.00120281306081172,0.019771434095946377,4.319200696547826,0.017472004281978957,182.02323409807653,429.40914706973354,160.85382123258788
Adapted-PCSFL,30.79511738258941,377.5732111535035,27.213626495761407,20,False,0.08627873462047007,1.2509012906878534,0.07624446529357451,0.0,0.10000000000000002,0.0,0.19356512286598382,2.5555555555555554,0.17105338131489603,0.19356512286598382,3.5555555555555554,0.17105338131489603,0.0,0.10000000000000002,0.0,0.0910901709758918,-0.9627566790653995,0.0804963286736635,3,770728.1378733045,4472832.0,681091.9865405684,0.0023390230109670445,0.017187499999999998,0.0020669932117692125,97.52342024523081,674.6120674429457,86.18138713909747,0.0070807218769969125,0.04652777777777778,0.006257229614909755,0.04038962199442928,4.285269964403576,0.03569228438410863,56.71338936663055,306.2279145758835,50.117587679816644
Adapted-PCSFL,14.769828510972225,348.3306443861996,13.05208846943024,21,False,0.06843392797789738,1.1950534762852278,0.06047502052001404,0.0,0.10000000000000002,0.0,0.3715010592677189,2.533333333333333,0.32829526005987036,0.3715010592677189,3.533333333333333,0.32829526005987036,0.0,0.10000000000000002,0.0,0.010896220685093777,-0.9356038121708768,0.00962898359033948,3,840763.5475262236,5313877.333333333,742982.2354424845,,,,71.27107527016355,676.1541480565256,62.98220585611684,0.008748514534401937,0.02951388888888889,0.007731056971601496,0.026388777320776262,4.488869374328189,0.02331974646388051,76.22788710769203,331.3007481206746,67.36253746129958
Adapted-PCSFL,4.408417394799719,356.7640888892735,3.8957157697773157,22,False,0.017093977625094663,1.216797318472402,0.015105937627606904,0.0,0.10000000000000002,0.0,0.6821000252488224,2.033333333333333,0.6027713773341706,0.6821000252488224,3.033333333333333,0.6027713773341706,0.0,0.10000000000000002,0.0,0.18311719044896582,-1.061399118991717,0.16182054979432406,3,620793.1058270456,5415822.222222221,548594.4899392478,,,,349.38188422277744,906.000919511032,308.74855852959064,0.009136949410038613,0.036631944444444446,0.008074316634884365,0.006728124904944039,4.3241580016083185,0.0059456398852207135,336.005783997044,561.2082910483513,296.92810689790497
Adapted-PCSFL,29.51972773671462,347.9334221531947,26.08656544162752,23,False,0.04064229882440842,1.180597720472715,0.03591557474503685,0.0,0.10000000000000002,0.0,0.9154441140375121,2.133333333333333,0.8089774066341063,0.9154441140375118,3.1333333333333333,0.808977406634106,0.0,0.10000000000000002,0.0,0.06998460884252254,-0.9397079517604771,0.061845356256675074,3,1345342.6200834846,6029312.0,1188878.4548838923,,,,99.3298804733687,698.8181830482391,87.77775494368281,0.0061532911436196595,0.04270833333333334,0.005437659640057577,0.03759531228135709,4.264925993813409,0.033222954590677894,118.55011672085645,383.2521105781935,104.76266602231841
Adapted-PCSFL,19.06192331077812,401.29696673506663,16.84501003278023,24,False,0.05180224037835422,1.2705467110998334,0.045777608306737515,0.0,0.10000000000000002,0.0,0.6673387723166077,1.5999999999999999,0.5897268670984711,0.6673387723166075,2.5999999999999996,0.589726867098471,0.0,0.10000000000000002,0.0,0.041248338652673175,-1.0299722832512128,0.03645113177256996,3,2054096.7341077968,6615495.111111112,1815204.0342530624,,,,54.70412286822454,789.3978554025922,48.34200009757929,0.001483236446065922,0.04600694444444445,0.0013107351450122814,0.045163239790499306,4.274104525645574,0.03991072752630672,34.777349874894725,389.59715537054353,30.732722926488165
Adapted-PCSFL,56.348736103830085,410.6713778843793,49.7953438133288,25,False,0.12274315561722472,1.3436559978607325,0.10846805194406452,0.0,0.10000000000000002,0.0,0.47112536666062804,1.7,0.4163331998932266,0.47112536666062843,2.6999999999999997,0.4163331998932269,0.0,0.10000000000000002,0.0,0.09578387436303108,-1.029006247960274,0.0846441515013081,3,1321819.8627680142,6522652.444444445,1168091.4085550618,,,,83.97643808374109,714.3564980598153,74.20992724474569,0.0032460431159326616,0.052256944444444446,0.002868526326711511,0.0072150195987383935,4.247504766119852,0.00637590842990822,49.70317979123119,335.765278350663,43.92266974293015
Adapted-PCSFL,24.580513461358663,371.55689993718016,21.721784791430576,26,False,0.009322920591593776,1.21674474805711,0.008238659254882914,0.0,0.10000000000000002,0.0,0.35651758739711126,1.7555555555555555,0.3150543750835073,0.35651758739711126,2.755555555555556,0.3150543750835073,0.0,0.10000000000000002,0.0,0.05296171021883171,-0.9957682395034203,0.046802231099365474,3,879636.2750458035,6482602.666666667,777334.0411020219,,,,105.48201969065407,774.7917309497308,93.21439662713959,0.0020698289165598073,0.056597222222222215,0.0018291065543147083,0.028833885684066946,4.1935190459092455,0.025480487236957575,83.00631272402073,403.2348310125507,73.35262805456881
Adapted-PCSFL,59.11560875570234,384.92975556032934,52.24042749246941,27,False,0.12235379016952659,1.2901654383385157,0.10812396993481709,0.0,0.10000000000000002,0.0,0.2847813976446574,1.7333333333333334,0.2516611478423583,0.2847813976446574,2.733333333333334,0.2516611478423583,0.0,0.10000000000000002,0.0,0.09060224639221814,-1.0363769132189427,0.08006515001591624,3,862942.258209778,6719260.444444444,762581.548580386,,,,66.78344947935643,782.5883880993697,59.01649367497685,0.008362806675621963,0.057118055555555554,0.007390207171455826,0.03017442300942956,4.1842862923940025,0.026665119255820092,39.077337472795314,401.42572810264505,34.53261935071259
Adapted-PCSFL,25.063413757301497,367.8542778555614,22.14852348916682,28,False,0.013196776584508664,1.2172197100476856,0.011661983439032795,0.0,0.10000000000000002,0.0,0.2676098136199026,1.877777777777778,0.23648662948658622,0.2676098136199024,2.8777777777777778,0.23648662948658605,0.0,0.10000000000000002,0.0,0.01823936030448079,-0.9394760164587243,0.016118111604548815,3,853410.7083262261,6761130.666666667,754158.5237471262,,,,28.77408274425169,661.7323228697629,25.427639415425936,0.010247955513505618,0.06753472222222222,0.00905611205260068,0.06105547121475507,4.1264898750517105,0.05395468276735452,4.6894443647926165,304.12458647073964,4.144059132187945
Adapted-PCSFL,43.29493807722257,358.59302224384413,38.25971043892749,29,False,0.11825011050699775,1.2300841616025966,0.10449755071365022,0.0,0.10000000000000002,0.0,0.340179763661712,1.8888888888888886,0.3006166501881929,0.3401797636617119,2.888888888888889,0.3006166501881928,0.0,0.10000000000000002,0.0,0.032626528829061426,-0.9784144575794403,0.028832043676808722,3,1478977.3116910108,6220458.666666667,1306971.3505563582,,,,111.84427082092317,726.7447535562841,98.83671408027152,0.014062985245400271,0.06336805555555557,0.01242745150567589,0.04068005138489048,4.106126777993308,0.03594893665976683,131.48913370869568,369.8761868439196,116.19686746259103
Adapted-PCSFL,46.46516452537598,375.0989333493635,41.06123762244807,30,False,0.1780481158718539,1.3040635592289578,0.1573410116744702,0.0,0.10000000000000002,0.0,0.4547333501658815,2.0444444444444443,0.401847584889447,0.4547333501658816,3.0444444444444443,0.4018475848894471,0.0,0.10000000000000002,0.0,0.11254542637516866,-0.9789068167245732,0.09945632481698699,3,52802.63050657729,5952853.333333333,46661.65245442766,0.0017681351993932305,0.0390625,0.0015625000000000014,48.25736318088965,653.7500742201886,42.6450024839819,0.0037891729691482082,0.06597222222222222,0.003348489847566997,0.02549797502208946,4.08493974937333,0.022532545014480158,37.64653873958413,319.42849370873813,33.26822338064782
Adapted-PCSFL,49.73239473363699,347.23561116132055,43.94848696976026,31,False,0.05688273852656729,1.2032653549588475,0.050267241429423556,0.0,0.10000000000000002,0.0,0.5440087145271492,2.266666666666666,0.4807401700618651,0.5440087145271496,3.266666666666666,0.4807401700618654,0.0,0.10000000000000002,0.0,0.07964573513993792,-0.9367703084322913,0.07038288768803387,3,1076866.0876569333,6085745.777777777,951625.9065151677,,,,115.24915072489783,670.2752619057351,101.84560437994212,0.0034027777777777793,0.050173611111111106,0.0030070326520293023,0.029150479566115703,4.262389798296822,0.025760261057913653,76.83567329057337,326.8146385109057,67.8996377413449
Adapted-PCSFL,82.96947955088423,379.2428665716822,73.32007860187677,32,False,0.1897594925797802,1.1409914148643672,0.16769034814625952,0.0,0.10000000000000002,0.0,0.5649644149178396,2.1222222222222222,0.49925870974802156,0.5649644149178398,3.1222222222222222,0.4992587097480217,0.0,0.10000000000000002,0.0,0.08538436936679215,-0.9109774692687873,0.07545411526301615,3,831567.2769250326,5550535.111111111,734855.4967070689,,,,69.11122667269576,680.9635236732075,61.07354896455021,0.007524679687411826,0.07447916666666667,0.0066495548618769286,0.0690007659887812,4.072509115272099,0.06097593492537735,59.8132901785236,306.4762654821336,52.85696814135888
Adapted-PCSFL,22.90083715254042,364.4199888415945,20.237455859214784,33,False,0.07176702018910928,1.251142639530489,0.06342047207926461,0.0,0.10000000000000002,0.0,0.41377777777777763,2.0777777777777775,0.3656551704867629,0.41377777777777786,3.0777777777777775,0.36565517048676305,0.0,0.10000000000000002,0.0,0.03416270592018781,-0.9428096714360242,0.030189562437652737,3,1100262.617602174,5657941.333333333,972301.4057937205,,,,33.24035453101011,634.4767033415596,29.374481076179517,0.008801296398090281,0.06979166666666668,0.007777700272431287,0.030850548515872375,4.086460841364331,0.02726261095452019,51.74911113363471,307.94042857293147,45.730658025501825
Adapted-PCSFL,34.51864782825539,371.43809997036846,30.504108085262967,34,False,0.027709294910904427,1.2657216829862439,0.02448668705489602,0.0,0.10000000000000002,0.0,1.1725670056402104,2.2555555555555555,1.0361967495141566,1.17256700564021,3.255555555555555,1.0361967495141562,0.0,0.10000000000000002,0.0,0.09096254941727751,-0.9729282058933361,0.08038354957995889,3,2136672.882837583,5723477.333333333,1888176.5266476308,,,,155.1741853168061,680.1347288004282,137.1273331590901,0.005282531667477369,0.06961805555555556,0.004668170020746094,0.021279848023707984,4.066515584786733,0.018804988752248158,147.70998538403677,344.52464471586296,130.53122421959588
Adapted-PCSFL,62.842239871863654,416.99947788017903,55.5336491426013,35,False,0.18725717873116535,1.386042774830264,0.16547905492060436,0.0,0.10000000000000002,0.0,0.47162843713674624,2.277777777777778,0.41677776296691266,0.4716284371367462,3.277777777777778,0.4167777629669126,0.0,0.10000000000000002,0.0,0.13572559075728705,-1.0675906851493961,0.11994062197904183,3,1089033.5223744113,5945571.555555555,962378.2611725398,,,,109.23122843217584,749.1385954685287,96.52757011106667,0.006624501349740678,0.07361111111111111,0.005854067812530336,0.04626779220112013,4.038977194494671,0.040886819819581185,71.15328684022214,335.71656026200776,62.87811629223812
Adapted-PCSFL,98.76158009893109,389.8410443669288,87.27554824853671,36,False,0.23394551891566967,1.2960596647868663,0.2067375127372478,0.0,0.10000000000000002,0.0,0.3772021758705553,2.233333333333333,0.33333333333333315,0.37720217587055543,3.233333333333333,0.33333333333333326,0.0,0.10000000000000002,0.0,0.14661971713369096,-1.0182644729691097,0.12956775483006622,3,1044250.7373350565,5805397.333333333,922803.7412783572,,,,64.98774227180103,740.4692811513528,57.429628308138284,0.008383549510319313,0.07951388888888888,0.007408537601858282,0.025406315875626927,3.997404209110472,0.022451545882515106,49.7716003309505,351.6892273291274,43.983132932254186
Adapted-PCSFL,49.93872361324312,409.89435555982504,44.130819675141176,37,False,0.05380480393406509,1.3060215846635375,0.047547272502593135,0.0,0.10000000000000002,0.0,0.45316620012780257,2.222222222222222,0.40046269535422446,0.45316620012780245,3.222222222222222,0.40046269535422435,0.0,0.10000000000000002,0.0,0.06499381729104514,-1.012740871227064,0.05743499679894837,3,1423973.3276299043,6724721.777777777,1258364.3633050597,,,,81.62402573404007,719.4601577905913,72.13110188248314,0.006518784437310645,0.08055555555555556,0.005760645841332312,0.02738563188458998,3.9656117624706693,0.024200666235453097,46.13303451014287,339.4454002861424,40.7677345300489
Adapted-PCSFL,25.69590280467321,371.35071109514683,22.707453675533475,38,False,0.07353448001223618,1.235641081108984,0.06498237524966895,0.0,0.10000000000000002,0.0,0.4903628286317221,2.2333333333333334,0.43333333333333324,0.4903628286317219,3.233333333333333,0.4333333333333331,0.0,0.10000000000000002,0.0,0.04620937646231218,-0.9860107446595597,0.04083519786673575,3,972304.2879549821,6448014.222222223,859224.7077321984,,,,76.18174640313977,736.3804082101356,67.32176294875798,0.010968351550042004,0.07934027777777779,0.009692725591811021,0.03617049698861059,3.961898840135998,0.03196384618331154,97.0147437846034,373.11850887159926,85.73187006031124
Adapted-PCSFL,38.581489933774364,341.0034999898117,34.0944391821451,39,False,0.035973477610591865,1.1960470535601015,0.03178974027881967,0.0,0.10000000000000002,0.0,0.7951126017003607,2.611111111111111,0.7026405223894392,0.7951126017003599,3.6111111111111107,0.7026405223894385,0.0,0.10000000000000002,0.0,0.03901820701405612,-0.9033473168995446,0.034480365800298736,3,1116578.2427369102,5641557.333333333,986719.5137991343,,,,57.53756418909204,610.6475802389879,50.84591046901172,0.0010208333333333252,0.07916666666666666,0.0009021097956087831,0.004408881550153818,3.953905228111479,0.0038961259435813488,41.83445051013859,291.1872416443745,36.96907846443152
Adapted-PCSFL,20.24771879686684,336.048711078345,17.89289678241875,40,False,0.045369790658481304,1.1899818910039013,0.04009325640268033,0.0,0.10000000000000002,0.0,0.9211253450180209,2.4555555555555557,0.8139979069952162,0.9211253450180206,3.4555555555555557,0.8139979069952159,0.0,0.10000000000000002,0.0,0.021094377134126163,-0.9153235306911832,0.01864108823996208,3,1382971.6589495654,5614250.666666667,1222131.2136369718,0.005614583333333341,0.05104166666666667,0.004961603875848353,49.808692513085695,640.665170378465,44.0159112710408,0.005149337163685113,0.08559027777777778,0.004550466118778179,0.01016299887814475,3.9396272540092467,0.008981035925618474,82.58892333308741,337.08740024791183,72.98378130373374
Adapted-PCSFL,32.93513288546185,334.19386671933654,29.104756893700245,41,False,0.05214941926860239,1.1960212292626802,0.046084410080832014,0.0,0.10000000000000002,0.0,0.6845292876707408,2.511111111111111,0.6049181150584975,0.6845292876707414,3.5111111111111115,0.6049181150584979,0.0,0.10000000000000002,0.0,0.03742068259390483,-0.961883815420161,0.03306863444211811,3,1240370.5264214296,5976519.111111111,1096114.679577995,,,,126.55998423464791,727.7464015776417,111.84098107118687,0.00795842725851109,0.06579861111111111,0.007032857326572601,0.034957836218195204,4.105531522300509,0.030892218598257932,147.68619048556397,437.4531930512203,130.51019668229188
Adapted-PCSFL,14.772785673656825,352.4032555481729,13.054701712295532,42,False,0.027603649576761556,1.1977148721831152,0.02439332833738681,0.0,0.10000000000000002,0.0,0.16441861659034107,2.1,0.14529663145135605,0.16441861659034107,3.1,0.14529663145135605,0.0,0.10000000000000002,0.0,0.2819165552253451,-1.1913230545944469,0.24912948833933418,3,1134618.5621130713,6000184.888888889,1002661.73305642,,,,573.0082304594252,1184.9312370057785,506.3670246483984,0.003118697347956055,0.07604166666666666,0.002755990949025613,0.01848749573150043,3.945674102173911,0.016337388730444637,564.6785758387049,849.8853877518195,499.0061139276899
Adapted-PCSFL,26.42416744822804,344.1283332714293,23.351020697978885,43,False,0.023135154192178226,1.2029923674267813,0.02044452168458816,0.0,0.10000000000000002,0.0,0.49229339841547404,1.988888888888889,0.4350393766767086,0.492293398415474,2.988888888888889,0.43503937667670856,0.0,0.10000000000000002,0.0,0.03003641534993231,-0.9133707568944383,0.026543161971083917,3,1515724.83940347,6233201.777777777,1339445.118439279,,,,72.89965987673322,623.7491463620951,64.42138508213891,0.012845204421120368,0.08020833333333333,0.011351299332137167,0.05697307287342876,3.9414134489165416,0.050347069836787134,64.10027806283206,286.3966897712085,56.64537672659075
Adapted-PCSFL,70.22905332702987,364.84056674978797,62.061371698918286,44,False,0.0387806892984119,1.2356472590173275,0.03427047153948574,0.0,0.10000000000000002,0.0,0.7733411238432629,2.1888888888888887,0.6834010806525238,0.7733411238432625,3.1888888888888887,0.6834010806525234,0.0,0.10000000000000002,0.0,0.04780492418432788,-0.9789070054590533,0.042245182417976555,3,1346553.3539616263,6178588.444444445,1189948.3796754158,,,,118.11657998489349,722.1667519007791,104.37954987250441,0.012423634401568124,0.08350694444444445,0.010978758162334977,0.032130653959062234,3.9168990280893117,0.02839383935587239,176.46232104776317,373.31952810550325,155.93964575319217
Adapted-PCSFL,60.86736743938784,357.83946670643576,53.78845557550168,45,False,0.07457085866896866,1.2594648674536302,0.06589822243810804,0.0,0.10000000000000002,0.0,0.43391914818372995,2.111111111111111,0.383454087260831,0.4339191481837302,3.1111111111111107,0.3834540872608312,0.0,0.10000000000000002,0.0,0.047036785079920436,-0.9566979626954574,0.04156637835873465,3,1294472.3986384864,5903701.333333333,1143924.4711415367,,,,22.06473472433962,653.9310579372847,19.498592652084433,0.0041256487985842005,0.07864583333333335,0.0036458333333333334,0.02907952586172439,3.939669443501366,0.025697559312510092,56.38288836256333,311.4936547991868,49.825524143593704
Adapted-PCSFL,37.050296266360256,364.2645221682162,32.7413242698038,46,False,0.010649559185340307,1.2979574008441455,0.009411008973072057,0.0,0.10000000000000002,0.0,0.2847813976446575,2.1333333333333333,0.25166114784235843,0.2847813976446574,3.1333333333333333,0.2516611478423583,0.0,0.10000000000000002,0.0,0.06644455109494599,-1.0072263966229176,0.05871700937885342,3,831513.6908868883,5270186.666666667,734808.1427577616,,,,143.2650443140423,716.4953924016896,126.60323250026939,0.011125574354018319,0.08402777777777777,0.009831663288033173,0.03668531277220293,3.937975355651643,0.0324187885780668,115.38774283004896,355.81629724209847,101.96807813894705
Adapted-PCSFL,52.354143923755956,383.59541121301135,46.26532513404017,47,False,0.19490960786167788,1.3839588601647126,0.17224150188762877,0.0,0.10000000000000002,0.0,0.7547186214284533,2.1888888888888887,0.6669443865981746,0.7547186214284533,3.1888888888888887,0.6669443865981746,0.0,0.10000000000000002,0.0,0.15765779322633078,-1.0235993101456948,0.13932209595775166,3,340577.94801909773,4762282.666666667,300968.52546256594,,,,120.40756887628835,663.239760126677,106.40409536203083,0.008001955899985255,0.07986111111111112,0.007071323560561225,0.013403655084384122,3.905106855763329,0.01184480184351133,64.6782434459749,289.67788825872566,57.15612438404962
Adapted-PCSFL,44.41372235284713,378.5850777510657,39.24837942264733,48,False,0.054527027530451994,1.2987710522764777,0.048185501055331516,0.0,0.10000000000000002,0.0,0.5185672569686597,1.9333333333333333,0.45825756949558394,0.5185672569686599,2.9333333333333336,0.45825756949558416,0.0,0.10000000000000002,0.0,0.07257304379936073,-1.0022757588756914,0.06413275465327258,3,1034352.9832679137,5239239.111111111,914057.1020308507,,,,98.31311174364895,705.7804654749058,86.8792370358145,0.01595681473047151,0.090625,0.014101027469459251,0.06317451175985278,3.8855977263715533,0.055827277607868646,72.6215797078572,353.213348778921,64.17564580608247
Adapted-PCSFL,67.12894083684706,343.944944447786,59.321804177400175,49,False,0.06014173175581889,1.2464746632924697,0.053147211763396374,0.0,0.10000000000000002,0.0,0.32080669923118044,1.8222222222222222,0.28349668493717955,0.3208066992311801,2.8222222222222224,0.2834966849371793,0.0,0.10000000000000002,0.0,0.04649931238935821,-0.9458356825036888,0.04109141406907418,3,1256791.9546321633,5854549.333333333,1110626.285697299,,,,43.054475666783695,645.1967017149077,38.04721395311596,0.004501451883408496,0.08350694444444444,0.003977930290760269,0.01764633703798157,3.865283685922623,0.015594057304728862,19.360565336984134,328.22657969249144,17.108919809649684
Adapted-PCSFL,28.536318070776016,356.1539667037626,25.217526918127522,50,False,0.013218593738653084,1.2256605542431007,0.01168126324487703,0.0,0.10000000000000002,0.0,0.6097777777777778,2.355555555555556,0.5388602512436507,0.6097777777777776,3.355555555555556,0.5388602512436506,0.0,0.10000000000000002,0.0,0.03002446986812383,-0.9579206019889762,0.026532605756077195,3,1251330.2201192488,5055374.222222223,1105799.754231064,0.009697916666666669,0.059895833333333336,0.00857004305828351,53.41576946181763,690.1806497348516,47.2034829761501,0.006702694892889013,0.08923611111111111,0.00592316739903888,0.005651740768533046,3.8663632286919487,0.004994439878728372,66.69715825086125,336.2370608242273,58.94023816885379
Adapted-PCSFL,60.49189563090177,367.58301115413707,53.45665136677329,51,False,0.03714689708280151,1.2371089610098938,0.032826690352522614,0.0,0.10000000000000002,0.0,0.6247603787566854,2.2111111111111112,0.5521003666135483,0.6247603787566856,3.211111111111111,0.5521003666135484,0.0,0.10000000000000002,0.0,0.05690681930651679,-0.9377362073040777,0.05028852160001458,3,1639345.2144096298,5839985.777777777,1448688.36862366,,,,76.68949261614183,638.3634535982618,67.77045796828364,0.010722800160733986,0.07552083333333333,0.009475731978468871,0.05510712572239405,4.00806828935941,0.0486981334746287,39.93255284021871,282.7687494711798,35.288372650605965
Adapted-PCSFL,47.69576938446911,381.50095556112416,42.14872238774932,52,False,0.09561617604645235,1.278267908798381,0.08449595660097231,0.0,0.10000000000000002,0.0,0.25675621333556803,2.2222222222222223,0.22689530951846812,0.25675621333556803,3.2222222222222228,0.22689530951846815,0.0,0.10000000000000002,0.0,0.09478444539819685,-0.9674014314861376,0.0837609567331199,3,576914.1787133524,5568739.555555555,509818.7087440804,,,,93.97252903589573,656.5349541738939,83.04346673771069,0.010904827744293626,0.08819444444444445,0.009636589643317997,0.03617548330981099,3.8467160615656115,0.031968252592322735,31.81537690756272,285.02164581875917,28.115229217271537
Adapted-PCSFL,55.50755445371202,385.0528222456988,49.05199210088027,53,False,0.03149971364557003,1.2631416635347676,0.027836277784692828,0.0,0.10000000000000002,0.0,0.1644186165903405,2.1999999999999997,0.14529663145135552,0.16441861659034046,3.1999999999999997,0.1452966314513555,0.0,0.10000000000000002,0.0,0.0476085054353663,-0.9816534390805812,0.042071607289017085,3,1042041.7135789152,5452231.111111111,920851.6283289881,,,,64.13314209155294,700.1652146263947,56.67441864877746,0.004824270118466196,0.09739583333333333,0.004263204568683561,0.011330704462521298,3.841237470838758,0.010012936640119539,53.36632788491928,324.0107963188149,47.15979148472445
Adapted-PCSFL,46.816765652588856,351.35539997524273,41.37194732465786,54,False,0.19276286125084616,1.2766599055004777,0.1703444232136814,0.0,0.10000000000000002,0.0,0.3457115046457731,2.1,0.3055050463303893,0.3457115046457735,3.0999999999999996,0.3055050463303896,0.0,0.10000000000000002,0.0,0.12373617263813684,-0.9757265874453592,0.10934558048130966,3,372705.4806331684,4975274.666666667,329359.60648776835,,,,63.236836531706494,674.7932693902409,55.88235397083842,0.001800580753363396,0.09340277777777778,0.0015911721163041057,0.01079387933558031,3.8505890839629706,0.009538544602037189,53.69576182261834,342.9898824597156,47.450912055047034
Adapted-PCSFL,17.19630821919045,354.4652555784624,15.196367111353132,55,False,0.04772164688010823,1.2021088018554245,0.04217159031490216,0.0,0.10000000000000002,0.0,0.7544043517411112,2.4333333333333336,0.6666666666666667,0.7544043517411106,3.4333333333333336,0.6666666666666663,0.0,0.10000000000000002,0.0,0.04908612475874525,-0.8896957894880723,0.04337737858612825,3,455834.1764938731,4376348.444444445,402820.3844457689,,,,54.65126564558041,577.2827771207203,48.295290202086115,0.005012604675487203,0.09826388888888889,0.004429635702143439,0.020990943788831592,3.828899466329151,0.01854968425565238,64.71027526083314,277.31439363456303,57.18443087935224
Adapted-PCSFL,72.08119749183352,372.7124000175132,63.698110370541826,56,False,0.16002840516504355,1.2696200560045316,0.1414170042857516,0.0,0.10000000000000002,0.0,0.37213882979605234,2.6777777777777776,0.3288588574877497,0.37213882979605234,3.6777777777777776,0.3288588574877497,0.0,0.10000000000000002,0.0,0.1136932609073922,-0.9492341849020738,0.10047066549478964,3,307102.9498569324,4818716.444444444,271386.6899522879,,,,74.07410943352151,628.8483137996162,65.4592454409573,0.008588222829751021,0.09704861111111111,0.007589407289720266,0.039289237461972173,3.838623860147264,0.03471987524223178,24.126859524294083,268.4721472109714,21.320891083242053
Adapted-PCSFL,13.140288863666362,352.692222099803,11.612065274490636,57,False,0.03529809252291298,1.235787690630436,0.031192902887730804,0.0,0.10000000000000002,0.0,0.13600217863178743,2.766666666666667,0.12018504251546638,0.13600217863178743,3.766666666666667,0.12018504251546638,0.0,0.10000000000000002,0.0,0.018908589722811456,-0.9199819020282095,0.01670950923437967,3,492251.5870598571,4711310.222222223,435002.4280071872,,,,5.370121795658369,604.1761134259832,4.745573363731279,0.004727289968632232,0.09149305555555554,0.004177503269276382,0.036656382812716985,3.845361762576633,0.032393223190469576,42.37807104289294,287.30642370861455,37.449475598496925
Adapted-PCSFL,5.943779797338011,346.28756663167024,5.252514590811673,58,False,0.03510148281827335,1.2169086300670038,0.031019159011354804,0.0,0.10000000000000002,0.0,0.26760981361990277,2.8444444444444446,0.23648662948658636,0.267609813619903,3.8444444444444446,0.2364866294865866,0.0,0.10000000000000002,0.0,0.023745603538596276,-0.9221029957958891,0.02098397540063065,3,1433596.624487483,5126371.555555555,1266868.4648834497,,,,63.1680213390242,627.2973615247747,55.821542026931084,0.004577969293795917,0.09774305555555556,0.004045548679767724,0.01952440403099513,3.8399160616927674,0.017253703963870486,87.76416814528771,320.16906604221305,77.55714199574301
Adapted-PCSFL,42.64043299325906,342.03697775956243,37.681324694418855,59,False,0.061787342552774106,1.2503681094842147,0.054601437023503695,0.0,0.10000000000000002,0.0,0.44204061039068315,2.755555555555555,0.39063101847215415,0.4420406103906834,3.755555555555556,0.39063101847215437,0.0,0.10000000000000002,0.0,0.04282889117236623,-0.9535463807953105,0.03784786507264107,3,792818.6565313695,5610609.777777777,700613.3644391994,,,,104.71530826403247,656.7246521064061,92.53685420588845,0.008628574921141571,0.09357638888888888,0.00762506640833256,0.04834203791594265,3.829376147853004,0.04271982949583355,86.19407486308842,333.6708037317215,76.16965151748191
Adapted-PCSFL,35.325899113297126,412.47142226590466,31.21747555473621,60,False,0.20975558594323757,1.3651029892483566,0.185360883686259,0.0,0.10000000000000002,0.0,0.3504801644587211,2.8777777777777778,0.30971910810591874,0.3504801644587209,3.8777777777777778,0.3097191081059186,0.0,0.10000000000000002,0.0,0.16294712507260387,-1.057764348261289,0.14399627529236245,3,421440.40493763273,5628814.222222223,372426.62944611296,0.012281859611672542,0.07031250000000001,0.010853471866757653,124.14857322184034,750.4257072742217,109.71001862623083,0.004715027198381943,0.09687499999999999,0.004166666666666666,0.02364825768976177,3.844457254144881,0.020897950933239175,112.38214116099806,352.15235168797426,99.31202977256441
Adapted-PCSFL,54.968107541715625,354.4691666417445,48.57528319293951,61,False,0.03591573208367931,1.2184382450325748,0.03173871059181846,0.0,0.10000000000000002,0.0,0.2728747734315298,2.477777777777778,0.241139271269008,0.2728747734315298,3.477777777777778,0.241139271269008,0.0,0.10000000000000002,0.0,0.046827125879708206,-0.972433819469703,0.041381102651060236,3,408275.27983764926,5492280.888888889,360792.6164046988,,,,82.94798628141294,726.429393906831,73.30108501272115,0.0027222222222222127,0.08263888888888889,0.0024056261216234324,0.023814247016469548,3.933346317874061,0.021044635600265718,46.98020875029828,408.43031838666,41.51638189066764
Adapted-PCSFL,37.544753504256704,359.64752224067024,33.1782758301134,62,False,0.09696946536075259,1.244227638760992,0.0856918575447009,0.0,0.10000000000000002,0.0,0.3598279424226923,2.4333333333333336,0.31797973380564876,0.35982794242269245,3.4333333333333336,0.3179797338056489,0.0,0.10000000000000002,0.0,0.05979262695876161,-0.9476592428191584,0.05283870806662636,3,571827.2293823899,5009863.111111111,505323.37471512356,,,,22.950275385184362,651.0908468773247,20.281144395324844,0.003118697347956055,0.10052083333333334,0.002755990949025613,0.03938129194153846,3.780589496427112,0.0348012237298201,12.731716629055038,303.1449022253405,11.251010239333104
Adapted-PCSFL,44.150233818413405,353.8267110060487,39.01553476507025,63,False,0.04485397375247921,1.2190195697846207,0.03963742931666063,0.0,0.10000000000000002,0.0,0.16441861659034077,2.4333333333333336,0.14529663145135577,0.16441861659034077,3.4333333333333336,0.14529663145135577,0.0,0.10000000000000002,0.0,0.029040019968840702,-0.9161982998758037,0.0256626479790035,3,1216659.9300058,4986197.333333333,1075161.6399506324,,,,47.93326217965448,613.3770299669865,42.35859462636799,0.005903598799110948,0.10798611111111112,0.005217006667123863,0.026918313128509078,3.753579878807068,0.023787696935013293,69.52486049310417,263.0725400104233,61.43907691999724
Adapted-PCSFL,43.40716206223907,383.1717222476275,38.358882706211375,64,False,0.07299780925206978,1.28094092713897,0.06450811962541139,0.0,0.10000000000000002,0.0,0.1728557523228865,2.533333333333333,0.15275252316519458,0.1728557523228865,3.533333333333333,0.15275252316519458,0.0,0.10000000000000002,0.0,0.07420097474725679,-1.004325240539781,0.06557135624152245,3,737538.509932015,5535971.555555556,651762.3325208637,,,,85.80630083445655,727.709553940592,75.82697584429515,0.007578345938296419,0.09878472222222222,0.006696979695133997,0.024890201118088894,3.8146988107098476,0.021995455585274305,60.32393908441028,369.5459515546354,53.308228268820706
Adapted-PCSFL,40.617511153125534,433.6238778196275,35.89366989500457,65,False,0.06807036523923901,1.4387965382447543,0.06015374034904713,0.0,0.10000000000000002,0.0,0.17008988183085594,2.488888888888889,0.1503083250940964,0.1700898818308557,3.488888888888889,0.15030832509409617,0.0,0.10000000000000002,0.0,0.0673027482441199,-1.0967122899046544,0.059475397677465666,3,1127324.1482054836,5748963.555555556,996215.6639240839,,,,107.87693009701638,754.628041564555,95.33077749621864,0.0077818782593810365,0.09965277777777777,0.0068768410834508225,0.023521420759763642,3.79175573653645,0.02078586521536529,99.46700710471316,351.7295860292934,87.89893366437636
Adapted-PCSFL,20.33151876972928,361.7658111033961,17.966950767454787,66,False,0.04670315448411563,1.2160932348073838,0.041271549204197205,0.0,0.10000000000000002,0.0,0.5121251775990556,2.2555555555555555,0.45256470787591785,0.5121251775990558,3.255555555555555,0.452564707875918,0.0,0.10000000000000002,0.0,0.02096967402212648,-0.9391376561588051,0.018530888175755243,3,1009606.5118295874,5931008.0,892188.6602761399,,,,17.95221623447509,662.1820775102261,15.864362564578414,0.004763888888888881,0.10659722222222223,0.004209845712841014,0.02851225796454939,3.7701055645942687,0.02519626501689282,39.66144347673609,326.33863035772,35.048793471034756
Adapted-PCSFL,46.85174772707164,359.2301221797243,41.40286096259579,67,False,0.05252899427290811,1.2146378945829956,0.046419840281209906,0.0,0.10000000000000002,0.0,0.26760981361990266,2.555555555555556,0.23648662948658628,0.26760981361990266,3.555555555555556,0.23648662948658628,0.0,0.10000000000000002,0.0,0.10509682119042048,-0.9901926123619358,0.09287399694683147,3,1495260.2156640089,5515946.666666667,1321360.542891051,,,,157.664874896409,765.7473301408759,139.32835402529142,0.005138081768448151,0.10677083333333333,0.0045405197328548695,0.06334357934019146,3.749338815609614,0.05597668252575605,100.59747769506839,425.53563815846724,88.89792983731394
Adapted-PCSFL,41.68856683793828,343.0452778120525,36.840161152061285,68,False,0.057716277905537135,1.2131776361727404,0.051003839671507824,0.0,0.10000000000000002,0.0,0.22944312617323764,2.5333333333333337,0.20275875100994084,0.22944312617323764,3.5333333333333337,0.20275875100994084,0.0,0.10000000000000002,0.0,0.0778300912212845,-0.9791326525110952,0.06877840426172714,3,1401652.6005321485,6280533.333333333,1238639.550348329,,,,114.64483357665335,745.0876688494496,101.31156968369488,0.007486111111111103,0.10243055555555557,0.0066154718344644545,0.02708349916947542,3.748104200760523,0.023933671738918836,70.22534388057763,404.3279021797646,62.0580936633452
Adapted-PCSFL,49.410604184158885,352.4902222238274,43.66412085695844,69,False,0.049045950402721375,1.218701200885027,0.04334187653215135,0.0,0.10000000000000002,0.0,0.7284984048890748,2.3333333333333335,0.6437735971942657,0.7284984048890744,3.3333333333333335,0.6437735971942653,0.0,0.10000000000000002,0.0,0.05967483128157045,-0.9736567252973591,0.05273461209835745,3,1941660.241956359,6074823.111111112,1715843.9745433128,,,,70.54577420461017,728.6122497096912,62.34125774574832,0.00212503404112167,0.1140625,0.0018778912893041544,0.025107895470193174,3.7573013570573597,0.022187831951787265,33.178903980684204,379.06042744387423,29.320177262241998
Adapted-PCSFL,32.739617706009575,366.1746555719421,28.93198024856643,70,False,0.10967285004953405,1.2550557461397878,0.09691783086565094,0.0,0.10000000000000002,0.0,0.31634049478682846,2.1888888888888887,0.2795499027868696,0.31634049478682835,3.1888888888888887,0.2795499027868695,0.0,0.10000000000000002,0.0,0.08458113827338849,-0.9368798464213066,0.07474430043444766,3,1920298.6130736177,5486819.555555556,1696966.7160956908,0.005377573269685252,0.07265624999999999,0.004752158226795484,62.183396949478755,618.7039467028258,54.951430052918745,0.004250068082243348,0.11041666666666666,0.0037557825786083167,0.04944599473594471,3.715168777439329,0.04369539546604055,28.138891488211296,266.6302956078816,24.866321288902746
Adapted-PCSFL,28.75064149813003,386.2077000343965,25.406924400489487,71,False,0.10191417401727987,1.280091497167793,0.09006149357619626,0.0,0.10000000000000002,0.0,1.0741986849809557,2.1999999999999997,0.9492687243932093,1.0741986849809557,3.1999999999999997,0.9492687243932094,0.0,0.10000000000000002,0.0,0.06348878950517113,-0.9734243773532841,0.05610500466020516,3,330677.6195298673,5647018.666666667,292219.6111998268,,,,25.36471103657315,666.7572575387749,22.41477971155497,0.0036806669270361427,0.08958333333333333,0.003252603124165821,0.029160341202634915,3.8790161059962376,0.025768975780106024,6.656793070486826,280.54955750437836,5.882603986507965
Adapted-PCSFL,39.00436711414176,408.0626111438808,34.46813548916438,72,False,0.0569154272482581,1.2814847634168702,0.05029612843289445,0.0,0.10000000000000002,0.0,0.8168844154151479,1.8666666666666665,0.7218802609235904,0.8168844154151479,2.8666666666666667,0.7218802609235904,0.0,0.10000000000000002,0.0,0.05434253942853478,-0.9812265040347349,0.04802246903190674,3,1071497.1608213785,5577841.777777777,946881.3891369529,,,,51.77253648520745,680.9682446525998,45.751358994435066,0.01080884206304389,0.12430555555555556,0.009551767155193683,0.029778380236100615,3.7003222909238604,0.026315136497975084,7.321203290329284,278.13005855119627,6.469742893566713
Adapted-PCSFL,31.573853146437337,352.11502216730474,27.901794816504044,73,False,0.06880664069512478,1.2224979208630533,0.06080438652147573,0.0,0.10000000000000002,0.0,0.5649644149178394,2.2888888888888888,0.4992587097480214,0.5649644149178398,3.2888888888888883,0.4992587097480217,0.0,0.10000000000000002,0.0,0.023119104398948143,-1.0037856266638903,0.020430338492075158,3,75183.92358444615,5674325.333333333,66439.9875309371,,,,45.657219900498745,785.0733324647271,40.34725744898401,0.005149337163685116,0.11024305555555557,0.004550466118778183,0.02359077683523076,3.71033175057835,0.02084715513706051,75.56310872661345,434.63327696416627,66.77507321038046
Adapted-PCSFL,74.82219314067729,384.393922247303,66.12032655784928,74,False,0.2527884189840099,1.3228815990917742,0.2233889720639357,0.0,0.10000000000000002,0.0,0.6845292876707411,2.2111111111111112,0.6049181150584977,0.684529287670741,3.2111111111111117,0.6049181150584976,0.0,0.10000000000000002,0.0,0.15879904970207903,-1.0288684526985816,0.14033062361104912,3,537785.378417156,5501383.111111112,475240.6117276375,,,,66.72221036128296,734.8553063053893,58.96237670359217,0.0040118158333682374,0.11475694444444444,0.0035452392112260527,0.05249889536544486,3.7280198534329734,0.0463932418949963,31.609467165135698,350.606495885324,27.933266903160813
Adapted-PCSFL,66.75182617482064,385.77096669339676,58.98854817999766,75,False,0.1408497691590105,1.3721894454453176,0.12446885531518068,0.0,0.10000000000000002,0.0,0.1728557523228865,2.5,0.15275252316519458,0.1728557523228865,3.5,0.15275252316519458,0.0,0.10000000000000002,0.0,0.1281955897962113,-1.0343327805486933,0.11328636471086545,3,896097.4579780463,4613006.222222223,791880.7784445373,,,,116.51419979540051,696.476115652069,102.9635274739107,0.005804704051058101,0.10833333333333334,0.005129613438435468,0.02499905334733562,3.7439365102185143,0.02209164823403577,39.26550219303926,317.75971639131376,34.6989003995159
Adapted-PCSFL,106.36780724756186,375.160200023351,93.9971665522807,76,False,0.24615805076016148,1.338159943732632,0.21752971969832569,0.0,0.10000000000000002,0.0,0.38713024573196797,2.522222222222222,0.34210676262979234,0.38713024573196797,3.522222222222222,0.34210676262979234,0.0,0.10000000000000002,0.0,0.19006942920893818,-1.002438566294703,0.16796423895688617,3,207040.38158155317,5130012.444444444,182961.4592437233,,,,134.90765359290782,666.7171888567744,119.21781140449916,0.0036011615067268066,0.11684027777777778,0.0031823442326082245,0.02570353277351426,3.7326540205213754,0.022714196274356366,22.11228291207876,300.56550194400023,19.540610956661993
Adapted-PCSFL,58.08207121738771,419.09829999915223,51.32709099864766,77,False,0.14022642001930083,1.3675196043161968,0.12391800205965436,0.0,0.10000000000000002,0.0,0.251153585395053,2.2444444444444445,0.22194427061597985,0.25115358539505295,3.244444444444444,0.2219442706159798,0.0,0.10000000000000002,0.0,0.10243842524066288,-1.0252325269559945,0.09052477406335419,3,430052.4928790311,5069937.777777777,380037.1263204769,,,,70.42971476610849,682.9454495957924,62.238696090553,0.0021250340411216808,0.10989583333333332,0.0018778912893041642,0.020459260566725236,3.7107158958911897,0.01807983611574415,16.519729469747695,266.9007303870139,14.598474882089732
Adapted-PCSFL,78.33516826993399,404.22417775779553,69.22474054233828,78,False,0.23980819999901268,1.3801557379208653,0.21191836044384119,0.0,0.10000000000000002,0.0,0.12125353501274276,2.3444444444444446,0.10715167512214399,0.12125353501274257,3.344444444444445,0.10715167512214382,0.0,0.10000000000000002,0.0,0.22150535005399813,-1.08289432583598,0.19574414308257873,3,913948.7216604822,4769564.444444444,807655.9293002966,,,,208.53241216396145,785.6329137510946,184.27996576167112,0.005149337163685106,0.11857638888888888,0.004550466118778173,0.04996551069777374,3.7472391691472793,0.04415449140544407,134.6462767804156,418.4197366682254,118.98683287431705
Adapted-PCSFL,42.90977109264634,349.36301112692394,37.91933860898661,79,False,0.04432907341596074,1.227278324539203,0.039173575208619825,0.0,0.10000000000000002,0.0,0.4946960159008233,2.3333333333333335,0.43716256828679956,0.4946960159008233,3.3333333333333335,0.43716256828679956,0.0,0.10000000000000002,0.0,0.10395008493063139,-1.00237572730125,0.09186062681171095,3,1398683.8755555556,5519587.555555556,1236016.089892636,,,,180.13774336138655,777.473130063297,159.1876142156759,0.005282531667477369,0.1190972222222222,0.004668170020746094,0.020501268430721174,3.712207608090507,0.01811695843960048,193.0318661981676,444.7844334822485,170.58214272197125
Adapted-PCSFL,47.43206441235222,455.3982111521893,41.9156864643233,80,False,0.297613792331751,1.5149444920514554,0.2630011272203293,0.0,0.10000000000000002,0.0,0.07852089444343771,2.8222222222222224,0.06938886664887084,0.07852089444343771,3.8222222222222224,0.06938886664887084,0.0,0.10000000000000002,0.0,0.2116050076710392,-1.1041494329656854,0.18699521654196016,3,1552201.1577965203,4387271.111111111,1371679.2188116373,0.003104743374839714,0.09166666666666666,0.0027436598314720655,126.1373035028225,693.3543738799154,111.46745836562464,0.016506103026280836,0.12430555555555557,0.01458643320228817,0.050059511912056535,3.699464491340849,0.044237560221317015,62.020315542779564,264.34472683595214,54.807315113034655
Adapted-PCSFL,70.35163403898312,425.69553336620123,62.16969619949532,81,False,0.254986957473432,1.4542411916667077,0.22533181918948408,0.0,0.10000000000000002,0.0,0.39200000000000007,2.733333333333334,0.3464101615137755,0.3919999999999999,3.733333333333334,0.34641016151377535,0.0,0.10000000000000002,0.0,0.21483296072476668,-1.0888097671244041,0.18984775669170664,3,1164946.530788537,5011683.555555555,1029462.5405239017,,,,176.5498372749703,723.3783425821003,156.01698378993171,0.007929275412344743,0.10625000000000001,0.007007095857850895,0.009541147456382865,3.820144412914912,0.00843150620253147,82.15475186750095,325.00807981333446,72.60010424373762
Adapted-PCSFL,38.97308231043566,365.74738887914765,34.44048912716245,82,False,0.10558542652046575,1.2315337178517687,0.0933057771797332,0.0,0.10000000000000002,0.0,0.09492713254821904,2.9111111111111114,0.08388704928078604,0.09492713254821904,3.9111111111111114,0.08388704928078604,0.0,0.10000000000000002,0.0,0.05277184242567667,-0.9296834158943135,0.046634445046066744,3,912191.8771280722,4487395.555555555,806103.4068558406,,,,8.589544968094772,627.8331139368582,7.590575662570274,0.008362806675621968,0.12465277777777778,0.00739020717145583,0.03118664810086259,3.6892822464307145,0.027559621953298693,43.16203847850447,290.91316722823063,38.1422671443942
Adapted-PCSFL,40.48722471841091,389.56771112538667,35.778535851911336,83,False,0.09504313185989242,1.3160199974582258,0.08398955780193977,0.0,0.10000000000000002,0.0,0.2613333333333333,2.5,0.23094010767585027,0.2613333333333336,3.5,0.23094010767585052,0.0,0.10000000000000002,0.0,0.059030852463802644,-0.9915540306398108,0.05216552840888195,3,911305.1997019355,4849664.0,805319.8505538033,,,,29.072112496300136,667.0880638213957,25.69100812599485,0.011584446972179318,0.11788194444444444,0.010237168741531645,0.03262113899049438,3.640816268655989,0.02882728067974611,13.795306746387785,290.3971415487454,12.190904178949665
Adapted-PCSFL,10.329322707194205,342.7321222455551,9.12801619216085,84,False,0.03964209786834505,1.241259467642293,0.035031697768669136,0.0,0.10000000000000002,0.0,0.49804020860038606,2.2111111111111112,0.4401178293408524,0.49804020860038634,3.211111111111111,0.44011782934085264,0.0,0.10000000000000002,0.0,0.028761133647845855,-0.9285093745249596,0.025416196306810114,3,432134.5116586675,4929763.555555555,381877.0050493763,,,,63.868217997564145,615.7592814076261,56.440305388094934,0.010019432796561619,0.12291666666666667,0.008854166666666656,0.07029836333479578,3.65362812479337,0.06212262091061397,82.26148340865299,316.7476613784797,72.69442284172001
Adapted-PCSFL,15.778255189344247,343.5889889240368,13.94323451159772,85,False,0.029896339891942007,1.197389610374251,0.026419377374077443,0.0,0.10000000000000002,0.0,0.26760981361990244,2.6777777777777776,0.23648662948658608,0.2676098136199025,3.6777777777777776,0.23648662948658614,0.0,0.10000000000000002,0.0,0.021717740262089648,-0.9260757442489286,0.01919195385689974,3,733774.4963204095,5288391.111111112,648436.0759822507,,,,19.984334124740705,654.7618781236059,17.6601439078997,0.005476252569667528,0.12881944444444446,0.00483936106415499,0.0408405402801639,3.6655738294124607,0.036090760598881194,13.642770132213144,325.854719418325,12.056107665804253
Adapted-PCSFL,50.14205515838276,354.83553338821775,44.310503637877574,86,False,0.05108584543411694,1.201760006081743,0.0451445305303577,0.0,0.10000000000000002,0.0,0.3295575784758472,2.511111111111111,0.29122983160180343,0.32955757847584716,3.5111111111111115,0.2912298316018034,0.0,0.10000000000000002,0.0,0.08560636632640271,-0.944664589529646,0.07565029384116477,3,407244.9501842229,5272007.111111111,359882.11471680127,,,,121.11316758572428,687.5691729775493,107.02763251228495,0.019191787332165977,0.12170138888888889,0.016959770789473586,0.06683833706893894,3.680945364634196,0.05906499780449822,67.32122753963576,341.4368242988299,59.49172781967054
Adapted-PCSFL,41.36799051107796,372.7605777740892,36.55686804704808,87,False,0.05757928567102756,1.227627795645349,0.05088277971721549,0.0,0.10000000000000002,0.0,1.1983715699869915,2.611111111111111,1.0590002273283428,1.1983715699869912,3.6111111111111107,1.0590002273283425,0.0,0.10000000000000002,0.0,0.036405495897844045,-0.9407144848363999,0.03217151457643175,3,1445059.989921018,4583879.111111111,1276998.6339429454,,,,34.07648052661902,653.8011740274507,30.11336510981408,0.015552593033869326,0.12482638888888888,0.013743817002093602,0.03393335573445236,3.641059376133813,0.029986885818051118,50.32109597994785,330.8443431727155,44.46872190296921
Adapted-PCSFL,40.77494191314177,369.2717000182408,36.03279136185268,88,False,0.09343733955121172,1.2485877997727677,0.08257052011569574,0.0,0.10000000000000002,0.0,1.0419249990780062,2.6999999999999997,0.920748487795542,1.0419249990780066,3.6999999999999997,0.9207484877955424,0.0,0.10000000000000002,0.0,0.08813810906960175,-0.9348996559740131,0.07788759336305995,3,1606075.965247859,4731335.111111111,1419288.3533798563,,,,119.42356301124686,621.2115121752587,105.53452997774633,0.015037814026461588,0.1317708333333333,0.013288907106430298,0.09123807595827826,3.655511307054095,0.08062703221661552,100.74180899582086,253.62600107969556,89.02547531998016
Adapted-PCSFL,55.5647605376916,375.6646333818531,49.102545082489804,89,False,0.16487762389192934,1.2994384032204156,0.14570225592451727,0.0,0.10000000000000002,0.0,0.9180308502307035,2.8444444444444446,0.8112633038343026,0.9180308502307035,3.8444444444444446,0.8112633038343026,0.0,0.10000000000000002,0.0,0.08751232863878967,-0.9720923884351363,0.07733459157706563,3,699369.243911354,4168817.777777778,618032.1753599468,,,,22.636871113146423,644.746373649857,20.00418923079482,0.015030112200590705,0.1282986111111111,0.013282101007593859,0.06853170210800236,3.6413619498411816,0.060561423459303675,38.77225756072867,269.0817402680039,34.263020418024794
Adapted-PCSFL,75.81415645833165,387.43797780221536,66.9969239381666,90,False,0.2867435087435889,1.3303334628231323,0.25339506422676866,0.0,0.10000000000000002,0.0,0.17008988183085616,2.6555555555555554,0.15030832509409658,0.1700898818308557,3.655555555555555,0.15030832509409617,0.0,0.10000000000000002,0.0,0.1694097335862,-1.0241462004527342,0.14970727850408475,3,564601.4527747395,4809614.222222223,498937.960322984,0.005797218936337765,0.09296875,0.005122998847110926,122.46972824395259,717.9589380823359,108.22642434065256,0.002381944444444454,0.13142361111111112,0.002104922856420519,0.03659741735923172,3.6366774214638604,0.03234111545509824,111.08549971004355,332.9429801104382,98.16618851121082
Adapted-PCSFL,29.64874834317286,361.9797777500935,26.20058087306069,91,False,0.07413649550133694,1.2349143135115312,0.06551437597113116,0.0,0.10000000000000002,0.0,0.09979831513459377,2.4333333333333336,0.08819171036881962,0.09979831513459377,3.4333333333333336,0.08819171036881962,0.0,0.10000000000000002,0.0,0.0920780761062414,-0.97226535522234,0.08136933983632855,3,1580051.3115045642,5353927.111111111,1396290.3826998693,,,,171.8264022005403,709.6163969331488,151.8428870883166,0.018283400804679842,0.10815972222222221,0.016157030167781215,0.06471189058121776,3.7485098905033536,0.05718585833699339,159.5917383040611,350.35123049659074,141.0311220463622
Adapted-PCSFL,12.144424028403433,374.56783337984234,10.732020125436247,92,False,0.04434899759477998,1.2612892396178959,0.03919118219332084,0.0,0.10000000000000002,0.0,0.47263297168725515,2.466666666666667,0.4176654695380554,0.47263297168725515,3.466666666666667,0.4176654695380554,0.0,0.10000000000000002,0.0,0.04180751481105767,-0.9622698205324491,0.036945275403540936,3,1913191.6114338925,5068117.333333333,1690686.2630704467,,,,39.731490748028946,663.2504014470024,35.11069420206067,0.013594086575228743,0.13854166666666667,0.012013086036115396,0.07346306728697956,3.595254092746311,0.06491926786780597,36.903506699434466,292.02370744999956,32.61160641881578
Adapted-PCSFL,31.91577168629286,408.28462222513434,28.203948022156865,93,False,0.04005351415015821,1.3682139500315513,0.035395266086608666,0.0,0.10000000000000002,0.0,0.6427212209824991,2.4555555555555557,0.5679723519614247,0.642721220982499,3.4555555555555557,0.5679723519614246,0.0,0.10000000000000002,0.0,0.02677250656583433,-1.0334583312848462,0.023658847764283886,3,1471157.7339980302,4516522.666666667,1300061.1945063712,,,,57.88791641637529,698.7027125381406,51.15551651911352,0.003118697347956074,0.12395833333333332,0.002755990949025629,0.01463278358463373,3.627538000875049,0.012930981951400746,55.725150609274294,290.9163067877042,49.2442816911688
Adapted-PCSFL,34.66789592636234,368.80841113290643,30.635998538760045,94,False,0.07969606149697456,1.2199041557607793,0.07042736105912943,0.0,0.10000000000000002,0.0,0.8870268274367988,2.6999999999999997,0.7838650677536564,0.8870268274367986,3.6999999999999997,0.7838650677536563,0.0,0.10000000000000002,0.0,0.06231450911078184,-0.9396232999396067,0.05506729379009584,3,1063626.378071298,4001336.8888888895,939925.9832091589,,,,83.57358111543759,659.3424441184342,73.85392278694732,0.012097820179123996,0.13524305555555557,0.010690836332181009,0.0676428022746681,3.610285853015052,0.05977590321737794,96.91214229031112,305.0777774363766,85.64120118222618
Adapted-PCSFL,38.871287639185034,339.71022229201884,34.35053323810845,95,False,0.06190850263708659,1.208475463440029,0.05470850611629888,0.0,0.10000000000000002,0.0,1.0934526583484916,2.5444444444444447,0.9662834489443063,1.0934526583484914,3.5444444444444443,0.9662834489443062,0.0,0.10000000000000002,0.0,0.037884429554680646,-0.9080135421174954,0.03347844734921982,3,630741.7274957702,4327196.444444445,557386.0808553252,,,,34.62461738748291,607.5516207949619,30.597753320282223,0.012984172463730657,0.13350694444444444,0.011474105306846052,0.04858387197464999,3.5913824452294243,0.042933538106385435,60.819397751653625,283.5492318461285,53.74606479163491
Adapted-PCSFL,24.895654100045483,398.4893111693156,22.000274382111844,96,False,0.0687161900760327,1.313023969397598,0.060724455364412705,0.0,0.10000000000000002,0.0,0.5023071707901059,2.488888888888889,0.4438885412319596,0.5023071707901059,3.488888888888889,0.4438885412319596,0.0,0.10000000000000002,0.0,0.04439572156851593,-0.9690044294294567,0.03923247214048522,3,744701.8311145257,3690040.8888888895,658092.555091804,,,,27.02689329962292,624.9848894613152,23.883649166168244,0.00034027777777779475,0.1279513888888889,0.0003007032652029451,0.04746850120946689,3.611397616068522,0.041947885639766,57.56215255264629,272.43023909950057,50.867639190925466
Adapted-PCSFL,66.27592149618471,406.929677824438,58.567991505019506,97,False,0.1342847079094708,1.3455864491244836,0.11866731468303558,0.0,0.10000000000000002,0.0,0.13246905065982792,2.3111111111111113,0.11706281947614156,0.13246905065982817,3.3111111111111113,0.11706281947614179,0.0,0.10000000000000002,0.0,0.10997068282385951,-1.0371463529869391,0.09718102550712587,3,1616068.388897534,4949788.444444444,1428118.652079851,,,,90.52757863390586,728.7062568493944,79.99916616332229,0.013859794178699987,0.13489583333333333,0.012247891683650886,0.05285582116316434,3.6039434823724954,0.04670865700529334,62.32394618222016,365.1881888956521,55.075633324384526
Adapted-PCSFL,12.323255258283409,365.8792776922281,10.89005317448326,98,False,0.06150731440193048,1.21341255529648,0.05435397631696761,0.0,0.10000000000000002,0.0,0.5391924460034287,2.4555555555555557,0.4764840364975903,0.5391924460034287,3.4555555555555557,0.47648403649759025,0.0,0.10000000000000002,0.0,0.045795567350483735,-0.9344423829306043,0.04046951500636748,3,909942.0840747311,4440064.0,804115.2661033394,,,,69.49119841361161,655.4722105647285,61.40932976082912,0.00034027777777777653,0.13454861111111113,0.000300703265202929,0.008538797639158748,3.6085006601280636,0.007545730278863332,93.96699171592881,320.61806807404054,83.03857341142474
Adapted-PCSFL,48.68238964329305,362.71408887114376,43.02059811022882,99,False,0.09102644668092441,1.2374136470533368,0.08044001555296963,0.0,0.10000000000000002,0.0,0.6609116038837178,2.766666666666666,0.5840471822645078,0.6609116038837177,3.766666666666666,0.5840471822645077,0.0,0.10000000000000002,0.0,0.1017105431412747,-0.9190850597254995,0.0898815450949561,3,1737130.3621589206,4319914.666666667,1535101.0441988646,,,,132.7131818999513,600.7564723976619,117.27855810451325,0.0064920862318653344,0.13350694444444444,0.005737052653423031,0.032873165223572684,3.6090141057968137,0.02904999610858888,135.69432495956954,261.64561790659957,119.91299241262044
Adapted-PCSFL,23.08148347994399,343.4988111774955,20.397092908839127,100,False,1.7063292931962775,2.986695951014615,1.5078821582954307,0.0,0.10000000000000002,0.0,0.6232402782590709,2.5,0.55075705472861,0.6232402782590709,3.5,0.55075705472861,0.0,0.10000000000000002,0.0,0.7153370885945161,-1.9965294970663037,0.6321429499918882,3,2421277.387143066,4995299.555555555,2139681.35395378,0.017710796397332845,0.10755208333333334,0.01565102000137159,503.24135063048436,1006.3630431179923,444.7140753885627,0.005347885059927664,0.13871527777777778,0.004725922773894512,0.05999443127920674,3.58672926624616,0.053017042421829357,404.57245637683826,713.9236430806556,357.52043356511587
Adapted-PCSFL,17.871967180889214,357.13312225157597,15.793446524746752,101,False,1.2409246753149492,2.6925095103196326,1.0966043806180634,0.0,0.10000000000000002,0.0,0.49229339841547415,2.5888888888888886,0.4350393766767087,0.49229339841547415,3.5888888888888886,0.4350393766767087,0.0,0.10000000000000002,0.0,0.5753782134622214,-1.7717168787741822,0.5084613771861114,3,2898793.7284906097,4625749.333333333,2561662.2542896722,,,,165.87204345253372,850.9242472287316,146.58102388523517,0.01882631204132028,0.11909722222222223,0.016636800497302276,0.043663594930774895,3.7112539794709947,0.03858549227612704,144.29423852236937,540.6030286625754,127.5127307960235
Adapted-PCSFL,53.911678074252514,337.692322241815,47.64171711525632,102,False,0.7035556957732292,3.128483934134563,0.6217317403233188,0.0,0.10000000000000002,0.0,0.25115358539505284,2.588888888888889,0.2219442706159797,0.25115358539505284,3.588888888888889,0.2219442706159797,0.0,0.10000000000000002,0.0,0.3070719968035327,-1.9869953802328941,0.2713593367578298,3,1200755.3324015692,3881187.555555556,1061106.756723864,,,,157.70933954489797,845.5068263312245,139.3676474081096,0.013104008419229384,0.14670138888888887,0.011580004267814092,0.04778204373652794,3.5615876621670193,0.042224962980175834,138.40341372411743,539.584173783776,122.30701250568725
Adapted-PCSFL,57.22532020270806,337.84095556863275,50.5699806482082,103,False,1.2369580018838768,2.4801148985320243,1.0930990337202824,0.0,0.10000000000000002,0.0,0.13066666666666693,2.6666666666666665,0.11547005383792538,0.13066666666666638,3.6666666666666665,0.11547005383792489,0.0,0.10000000000000002,0.0,0.7276470941215049,-1.732701426264139,0.6430212943868874,3,1103907.2296349122,3919416.8888888885,975522.1472297305,,,,263.9127894558284,985.2879539962533,233.21957148200133,0.010482544003287768,0.13940972222222223,0.009263417758301463,0.02710989575303066,3.5359908521175387,0.02395699838374736,312.72952538429695,670.1894349663825,276.35889132270574
Adapted-PCSFL,57.20648726760173,325.8937889024512,50.55333799491238,104,False,0.32809314552260793,2.6698471943418767,0.28993571309196237,0.0,0.10000000000000002,0.0,0.18985426509643835,2.9777777777777774,0.16777409856157233,0.18985426509643835,3.9777777777777774,0.16777409856157233,0.0,0.10000000000000002,0.0,0.2361968325136791,-1.8664835641246877,0.2087269971941473,3,304521.85719672154,4003157.3333333335,269105.77993875294,,,,476.9333935920355,1063.1199339074985,421.46574975900523,0.00886683190026351,0.15329861111111112,0.007835613955831069,0.03861022635258047,3.5258892145421767,0.0341198335379613,422.3658266161634,748.7798884862676,373.2444240204195
Adapted-PCSFL,63.94255447908499,323.4060999432889,56.50599649158984,105,False,1.2916297671336643,2.4808946953473607,1.1414124394101348,0.0,0.10000000000000002,0.0,0.0997983151345937,2.4333333333333336,0.08819171036881954,0.0997983151345937,3.4333333333333336,0.08819171036881954,0.0,0.10000000000000002,0.0,0.5406942161121269,-1.6722128164932772,0.47781114982899514,3,2112415.623877631,5053553.777777777,1866740.401662431,,,,224.32044267147225,863.5309376391937,198.23183871598548,0.009430054396763901,0.14583333333333334,0.008333333333333345,0.014383602360530863,3.558389275603824,0.012710780655258718,182.56380143595973,566.4634645865832,161.33152026020318
Adapted-PCSFL,19.127390195102972,318.3753332705237,16.902863078629146,106,False,0.7782395370540566,2.4917342171207255,0.6877298054267897,0.0,0.10000000000000002,0.0,0.25115358539505256,2.3222222222222224,0.2219442706159795,0.251153585395053,3.3222222222222224,0.22194427061597985,0.0,0.10000000000000002,0.0,0.3857425947811697,-1.7368409604716553,0.34088049632879547,3,1404673.964351466,5712554.666666667,1241309.5277173126,,,,42.476486516407505,981.9477038225854,37.536445292567414,0.01530493640358891,0.14305555555555557,0.01352496298858494,0.0499738678107883,3.5387949936919743,0.044161876581130716,71.3973712204314,686.0425409403534,63.09381351053219
Adapted-PCSFL,64.03051595282268,350.87863330004944,56.58372799241755,107,False,0.37676958938597027,2.0871299989973853,0.3329510569200837,0.0,0.10000000000000002,0.0,0.3208066992311802,2.6777777777777776,0.2834966849371794,0.3208066992311802,3.6777777777777776,0.2834966849371794,0.0,0.10000000000000002,0.0,1.9723170072515734,-2.4916118431770244,1.742935339383632,3,742030.1235473508,5612430.222222221,655731.5687401136,,,,3920.2604492564074,2896.093687356663,3464.3317739871886,0.02005907916684126,0.14444444444444443,0.01772619605613033,0.0681836192046575,3.5515402436256402,0.06025382280938562,3910.4344596019696,2613.1889322314723,3455.6485529075294
Adapted-PCSFL,39.19565295285858,360.8242666814476,34.637174668463345,108,False,0.393781788765708,1.686558209418579,0.3479847271620212,0.0,0.10000000000000002,0.0,0.2263213055223335,2.6333333333333333,0.20000000000000018,0.2263213055223335,3.6333333333333333,0.20000000000000018,0.0,0.10000000000000002,0.0,0.24406046794140945,-1.4236559655314298,0.21567608703752875,3,633993.1247765807,5390336.0,560259.3386542819,,,,231.10670496356863,1160.7537216442804,204.2288545748629,0.020723447470851978,0.1480902777777778,0.018313297922194067,0.06293007596938523,3.5448698004086814,0.055611269848543095,258.03745939956536,815.1365636920758,228.02754588573399
Adapted-PCSFL,39.17349282262713,365.5418778588582,34.61759177485966,109,False,0.7766204340480382,1.655526419672426,0.6862990050854063,0.0,0.10000000000000002,0.0,0.4588862523464753,3.0,0.4055175020198817,0.45888625234647473,3.9999999999999996,0.4055175020198812,0.0,0.10000000000000002,0.0,0.37452741260478173,-1.3062458661868348,0.33096964666265016,3,1841708.9068627208,5042631.111111111,1627517.0405297803,,,,121.54374002638286,956.965312701244,107.4081291161419,0.014828460693132576,0.14895833333333333,0.013103901693134506,0.023924074948099547,3.5460924559169347,0.021141690476629678,103.24754997050545,616.9379465183384,91.23979709485815
Adapted-PCSFL,57.33035217247985,372.4497555974975,50.66279733599584,110,False,0.6311996234727957,2.1464757350795627,0.5577907232516464,0.0,0.10000000000000002,0.0,0.15704178888687592,2.522222222222222,0.13877773329774212,0.15704178888687564,3.522222222222222,0.13877773329774187,0.0,0.10000000000000002,0.0,0.3330265698170989,-1.5870175953403278,0.2942953771395914,3,1545765.662190741,5956494.222222221,1365992.1752600577,0.010472874394848697,0.11744791666666667,0.009254872731206685,118.70513183865081,1027.5594556010933,104.8996527876047,0.0035526042981709714,0.1559027777777778,0.003139434256948824,0.0348330669508083,3.5025005784299643,0.030781960072575654,116.05995812334858,704.5582362894769,102.56211438467142
Adapted-PCSFL,88.54377556324046,386.974533334271,78.24608059668778,111,False,0.4446867745524404,2.1766770004384517,0.3929694321320171,0.0,0.10000000000000002,0.0,0.17825879369855574,2.1555555555555554,0.15752718754175374,0.17825879369855574,3.1555555555555554,0.15752718754175374,0.0,0.10000000000000002,0.0,0.34131131196771325,-1.6433325244400336,0.3016165987377912,3,807606.7084398759,5641557.333333333,713681.5569139437,,,,237.98045632626437,1109.9880484416155,210.3031844722021,0.0035850488464568404,0.1390625,0.0031681054845303274,0.02916693290233842,3.6353000587887236,0.025774800861123732,250.70115059165263,744.5238870552326,221.5444542554687
Adapted-PCSFL,77.56924919661787,393.603599927802,68.54789832322116,112,False,0.7269403531138017,2.14603416926635,0.6423967477883494,0.0,0.10000000000000002,0.0,0.544008714527149,2.1666666666666665,0.480740170061865,0.5440087145271492,3.166666666666666,0.48074017006186504,0.0,0.10000000000000002,0.0,0.3338597937863492,-1.6050072311299497,0.29503169665429846,3,1000148.8536552779,5230136.888888888,883830.933501383,,,,102.95718106283579,1063.9802929935497,90.98319826780605,0.006153291143619657,0.15208333333333335,0.005437659640057575,0.04854238636105489,3.5261376937230424,0.04289687729489059,105.5362543011962,703.0612577193648,93.26232371948024
Adapted-PCSFL,81.11055720446679,384.32454442631246,71.67735005528485,113,False,1.3112924946162936,2.1784876736819436,1.1587883797240608,0.0,0.10000000000000002,0.0,0.6504231481158542,2.255555555555556,0.5747785402834473,0.6504231481158542,3.255555555555556,0.5747785402834473,0.0,0.10000000000000002,0.0,0.609229618961588,-1.5960452430355385,0.5383758436312743,3,1955221.5787115677,4833280.0,1727828.119583401,,,,235.15105589058834,1013.6028123891332,207.80284502855497,0.010349144582799065,0.1532986111111111,0.009145532771573567,0.006209151119894137,3.5238615565829803,0.00548702306710706,162.34127579463018,651.4565750484879,143.46088665400563
Adapted-PCSFL,97.65169255480781,397.1456333529204,86.29474130103192,114,False,1.197897114375465,2.070614103008196,1.0585809511930877,0.0,0.10000000000000002,0.0,0.6544213163240172,2.3666666666666667,0.5783117190965824,0.6544213163240173,3.3666666666666667,0.5783117190965826,0.0,0.10000000000000002,0.0,0.6655016914019571,-1.7498634204416952,0.5881034398118437,3,1780467.484444444,5566919.111111111,1573398.0327970034,,,,548.7581595482633,1429.112737875195,484.9372517375409,0.005622311600354552,0.15052083333333333,0.00496843334071325,0.0073379830223779,3.528511166572571,0.006484571132569568,573.0778290730658,1044.7702778984785,506.42852890092985
Adapted-PCSFL,84.11576499750188,414.05453329854123,74.33305035367195,115,False,0.5179904289391452,1.8863733227977624,0.45774782691683447,0.0,0.10000000000000002,0.0,0.47162843713674585,2.511111111111111,0.4167777629669123,0.47162843713674585,3.511111111111111,0.4167777629669123,0.0,0.10000000000000002,0.0,0.27538618252685365,-1.4453281606024893,0.2433586019586465,3,1156864.1803743134,5526869.333333333,1022320.1723800189,,,,55.329331082842856,1004.2829984072156,48.894496216471296,0.01293055555555557,0.1486111111111111,0.011426724077711356,0.08191393131351657,3.5326728307538566,0.07238729126669281,56.856294722271215,609.0279715411988,50.24387305565508
Adapted-PCSFL,107.48898994206527,409.5800666190269,94.98795501730463,116,False,0.37367598734393953,2.03017250983063,0.3302172426776367,0.0,0.10000000000000002,0.0,0.0871111111111111,2.6555555555555554,0.07698003589195009,0.08711111111111139,3.6555555555555554,0.07698003589195035,0.0,0.10000000000000002,0.0,0.26482809778607097,-1.5636988728363048,0.23402842889657846,3,2421159.0787420236,5109987.555555556,2139576.8048917553,,,,194.94023272010958,1097.2252358419794,172.2685650563932,0.00669405182689162,0.15416666666666665,0.00591552952687528,0.060766742896643376,3.4848076820373532,0.05369953372829668,116.20837694387461,704.0161589161021,102.69327200607475
Adapted-PCSFL,125.48476606267378,405.47606669780276,110.89081142675803,117,False,0.6170882856301524,2.5990300439477028,0.5453205425852038,0.0,0.10000000000000002,0.0,0.2728747734315298,2.522222222222222,0.241139271269008,0.27287477343152916,3.522222222222222,0.24113927126900736,0.0,0.10000000000000002,0.0,0.38396451948175814,-1.8381587051780535,0.3393092122684567,3,1845582.8421148711,5004401.777777778,1630940.4347552685,,,,170.65293434126315,1077.2873664084045,150.80589425499156,0.018327678262924044,0.15937500000000002,0.016196158130693954,0.06718337265574849,3.474045881297853,0.05936990554264795,179.04536656959363,731.3470245632158,158.2222815093522
Adapted-PCSFL,34.32663054960173,349.53765555595356,30.33442253293682,118,False,0.7608436429281278,2.518896499309666,0.6723570643710766,0.0,0.10000000000000002,0.0,0.13600217863178735,2.3666666666666667,0.12018504251546631,0.13600217863178762,3.3666666666666667,0.12018504251546656,0.0,0.10000000000000002,0.0,0.3482991066483394,-1.7475139966700741,0.30779170864580346,3,1421422.9816886433,4682183.111111111,1256110.624148355,,,,91.48607797019244,976.1314940304824,80.84619144366383,0.009600417541717062,0.15694444444444444,0.008483883140882375,0.05806796867655669,3.500763217608134,0.05131462859189504,68.49583749082646,635.2515285979202,60.52972991892477
Adapted-PCSFL,55.976579106321246,366.66914445555045,49.46646890104431,119,False,0.8110389669486018,2.5614447950953148,0.7167146416699763,0.0,0.10000000000000002,0.0,0.5991857849934956,1.9222222222222223,0.5295001136641713,0.5991857849934956,2.922222222222222,0.5295001136641713,0.0,0.10000000000000002,0.0,0.45262395188841437,-1.7538713711239424,0.3999835109149718,3,539085.8351869562,3888469.3333333335,476389.8245839338,,,,182.68663778338902,946.2979471525697,161.44007066569486,0.005149337163685125,0.1564236111111111,0.00455046611877819,0.030568457425449648,3.5005727926890056,0.027013327229533115,118.85060384998738,594.9353979121014,105.02820631552008
Adapted-PCSFL,65.11522145285424,365.6224666887687,57.54228158287881,120,False,1.1074862881438516,2.7981653275626623,0.9786849590566411,0.0,0.10000000000000002,0.0,0.4686019132338446,1.9111111111111112,0.4141032256352048,0.4686019132338446,2.9111111111111114,0.4141032256352048,0.0,0.10000000000000002,0.0,0.507536483448597,-1.8810681171170263,0.4485096816468421,3,1075588.5116304923,4054129.777777778,950496.9133578576,0.007145833333333332,0.11536458333333333,0.00631476856926153,124.40523939151525,963.9709066713905,109.93683436422117,0.017105517156952306,0.15017361111111113,0.015116135104889045,0.04783092663901427,3.507051211595536,0.04226816077136346,35.97680993207331,626.4952286389566,31.7926850492855
Adapted-PCSFL,67.14090475256374,423.7672110385676,59.332376682440355,121,False,0.9989347589279622,2.9872162679820686,0.8827580387294892,0.0,0.10000000000000002,0.0,0.9177725046929498,2.033333333333333,0.8110350040397627,0.9177725046929497,3.033333333333333,0.8110350040397626,0.0,0.10000000000000002,0.0,0.4697080714248156,-2.06137232225259,0.4150807369555978,3,1180481.6465398523,4110563.555555556,1043190.9128620352,,,,142.0829186857722,1135.5283765231106,125.55858880175249,0.010808842063043894,0.13246527777777775,0.009551767155193687,0.05674381219519578,3.602713341183133,0.050144472314910996,82.09016742263334,728.1685594889026,72.5430310091002
Adapted-PCSFL,100.79204677687157,395.49248887407083,89.06987041653085,122,False,1.4052644710085476,2.232824868243093,1.2418313580909213,0.0,0.10000000000000002,0.0,0.7375564594417143,2.4555555555555553,0.6517781944916649,0.7375564594417142,3.4555555555555557,0.6517781944916647,0.0,0.10000000000000002,0.0,0.9022086475768358,-1.6691724194947863,0.7972812329750424,3,1199890.9091512484,4653056.0,1060342.8664234562,,,,401.4016462075329,1105.5199707464797,354.71839054756845,0.01303756887462129,0.15746527777777775,0.011521291682664624,0.08453023509271916,3.4825116799937352,0.07469931732465881,297.26185045474364,713.7706930032273,262.69011639773345
Adapted-PCSFL,88.2403509127422,404.9743666611094,77.97794441764094,123,False,0.9486937840926751,2.338010189305212,0.8383601198333123,0.0,0.10000000000000002,0.0,0.304888888888889,2.4555555555555557,0.26943012562182544,0.30488888888888926,3.4555555555555557,0.26943012562182567,0.0,0.10000000000000002,0.0,0.4393861216249619,-1.7333416173315133,0.38828524836483275,3,958895.4619760797,4261660.444444445,847375.3363723472,,,,69.95388286198762,1128.6730453578148,61.818203726369546,0.011367518907444625,0.15937499999999996,0.010045469542700991,0.03050555142835382,3.4601807680394914,0.026957737238170486,124.00003617957019,756.4958321765263,109.57875653234414
Adapted-PCSFL,24.18285256392359,358.8047778078665,21.37037209829742,124,False,0.9264333164880929,2.0054211228413896,0.8186885581540381,0.0,0.10000000000000002,0.0,0.5871928616648231,2.7111111111111117,0.5189019746149167,0.5871928616648228,3.711111111111111,0.5189019746149165,0.0,0.10000000000000002,0.0,0.44509448264673956,-1.4318475563512376,0.39332972352690654,3,531594.6998261291,3910314.6666666665,469769.912823052,,,,38.02974787414474,858.2739898610856,33.60686505972101,0.011524319678776797,0.16319444444444445,0.010184034288932272,0.07889637088712642,3.4537213000986315,0.06972067495372498,32.211748560572694,544.4337547131805,28.46550260589059
Adapted-PCSFL,26.42236923662471,346.0944777600364,23.349431619479024,125,False,0.5445067568252369,2.090866440143978,0.48118028973768456,0.0,0.10000000000000002,0.0,0.2929900348029389,2.477777777777778,0.2589151155051346,0.29299003480293867,3.477777777777778,0.25891511550513435,0.0,0.10000000000000002,0.0,0.2687829734040514,-1.5329319953846436,0.2375233500741078,3,1339186.9760365332,4627569.777777777,1183438.7159845917,,,,13.777646235247772,974.9975506253095,12.175297595999595,0.03385892131853788,0.1527777777777778,0.029921108169992147,0.10086013822847559,3.4914403054449292,0.08913004279088763,4.257045503152217,725.1394084486279,3.761948521220538
Adapted-PCSFL,79.32460517432838,404.0765444903324,70.09910533279479,126,False,0.22079626385052084,1.9732889879390942,0.195117524035962,0.0,0.10000000000000002,0.0,0.5871928616648225,2.6555555555555554,0.5189019746149163,0.5871928616648228,3.6555555555555554,0.5189019746149165,0.0,0.10000000000000002,0.0,0.09475951462594481,-1.6068210514903567,0.08373892542484825,3,1522111.7019195699,4307171.555555556,1345089.1849590964,,,,195.38529900582333,1240.3531150416193,172.66186986230755,0.011524319678776812,0.15451388888888892,0.010184034288932286,0.07576236254198573,3.4980950680043965,0.06695115368580226,213.46493347459258,867.5040802198573,188.6388318430126
Adapted-PCSFL,66.08248281674673,368.5028443966682,58.39704986168502,127,False,1.3486764282019872,2.567976450036354,1.19182453908998,0.0,0.10000000000000002,0.0,0.836958278825072,2.6444444444444444,0.7396195218063385,0.8369582788250717,3.6444444444444444,0.7396195218063383,0.0,0.10000000000000002,0.0,0.5924548725294749,-1.6965012431964965,0.5235520104146905,3,1203138.5528878535,3548046.222222222,1063212.807217682,,,,212.06495370821824,825.0260363566391,187.40167057519182,0.022313506089638762,0.16336805555555556,0.01971843175625096,0.07131940847139812,3.4741941524876485,0.06302491787664272,162.95788063597715,497.8873563244285,144.0057799771719
Adapted-PCSFL,23.715095419282658,364.2343999623942,20.95701539415383,128,False,1.3671490219679348,2.531910512989808,1.2081487589625317,0.0,0.10000000000000002,0.0,0.6803595273234241,2.522222222222222,0.6012333003763859,0.6803595273234245,3.522222222222222,0.6012333003763862,0.0,0.10000000000000002,0.0,0.8384206838096293,-1.776664814812151,0.7409118482014891,3,1632411.0560017733,4023182.222222222,1442560.6570572627,,,,319.05727253329843,1021.4191166344939,281.9507176285831,0.013349128014593297,0.1729166666666667,0.011796616305110532,0.06094400380557096,3.4280869364738464,0.053856179085673424,326.75729968796935,766.0212594741316,288.75522694059845
Adapted-PCSFL,55.346025334745235,396.71017772181784,48.90924891672093,129,False,1.275129260820796,2.5752547668427535,1.1268309520200843,0.0,0.10000000000000002,0.0,0.27287477343152955,2.2222222222222223,0.24113927126900775,0.2728747734315297,3.222222222222222,0.2411392712690079,0.0,0.10000000000000002,0.0,0.5984408122824196,-1.742893682268269,0.5288417817326224,3,1373762.98295541,4378168.888888889,1213993.5122633406,,,,179.6722406475857,910.5325976937843,158.77624975069412,0.01112557435401831,0.15902777777777777,0.009831663288033166,0.03015993905690925,3.461709229813682,0.02665231979578969,104.7762150831551,552.2956784348006,92.59067752489243
Adapted-PCSFL,19.089386078779377,370.23302218747426,16.869278864155053,130,False,1.5200490511253482,2.534904692363058,1.3432664217071248,0.0,0.10000000000000002,0.0,0.35048016445872116,2.3777777777777778,0.3097191081059188,0.35048016445872127,3.3777777777777778,0.3097191081059189,0.0,0.10000000000000002,0.0,0.754298239379728,-1.7539314002183843,0.6665728952374694,3,257297.26691225774,4825998.222222223,227373.4382350209,0.007923797501216067,0.12682291666666667,0.007002255031119153,34.80140074124267,972.9581080737098,30.753976662447695,0.014303814281836158,0.17395833333333335,0.012640271978657937,0.09325671456980239,3.418184023433261,0.08241090192951353,68.29134967960157,659.9629043371658,60.34902416455228
Adapted-PCSFL,66.12986864777707,382.18655549765873,58.43892469173778,131,False,1.1182230283223993,2.178196940530403,0.9881730098203709,0.0,0.10000000000000002,0.0,0.27287477343153,2.6222222222222222,0.24113927126900814,0.2728747734315297,3.6222222222222222,0.2411392712690079,0.0,0.10000000000000002,0.0,0.5406148676031788,-1.6282844003000985,0.477741029599912,3,555531.5990788436,5075399.111111111,490922.93612986774,,,,76.15226816263305,1078.3718600697944,67.29571304555627,0.016673611111111125,0.16059027777777776,0.014734459994943588,0.056321596435475844,3.535105187363095,0.04977136050491547,166.44607300694128,730.4574739324038,147.08829345323517
Adapted-PCSFL,69.41895377765746,398.96384441655954,61.34548721998886,132,False,0.8715098064283784,2.496586037735724,0.7701526857288105,0.0,0.10000000000000002,0.0,0.2395555555555553,2.6111111111111107,0.21169509870286254,0.2395555555555553,3.6111111111111107,0.21169509870286254,0.0,0.10000000000000002,0.0,0.3995132869085242,-1.759686884190203,0.35304964858388055,3,737305.4408340419,4940686.222222222,651556.3695007802,,,,72.496110402094,1022.787730644682,64.06476865691296,0.015304936403588931,0.18159722222222222,0.013524962988584957,0.05205548564270718,3.3928025192684594,0.046001400992776054,94.34607759753074,645.8215049635952,83.37357137436688
Adapted-PCSFL,52.1706742817256,359.0607444380617,46.1031931229978,133,False,0.09782943005000001,1.8617912950329807,0.08645180781740078,0.0,0.10000000000000002,0.0,0.4864787054581089,2.3111111111111113,0.4299009360478467,0.48647870545810884,3.3111111111111113,0.4299009360478466,0.0,0.10000000000000002,0.0,0.0871283483594305,-1.5275610004313378,0.07699526843780308,3,637267.8889206743,5248341.333333333,563153.2457361058,,,,189.21182190994574,1193.330705829695,167.20637190852045,0.0076619191973706586,0.1734375,0.006770833333333333,0.06881520942933378,3.40030808713701,0.06081195870668316,205.6529209276034,863.8749832981351,181.73536110793566
Adapted-PCSFL,8.476594415948776,304.720399940076,7.490761328356078,134,False,0.43787430668743776,2.0228320720895723,0.3869492584243055,0.0,0.10000000000000002,0.0,0.39978685679271336,2.255555555555555,0.3532914021241032,0.3997868567927133,3.255555555555555,0.35329140212410315,0.0,0.10000000000000002,0.0,0.5003742204374884,-1.6338313765437815,0.44218039418132604,3,758171.0336573807,5321159.111111111,669995.2811844881,,,,564.0283533175211,1244.8306809979908,498.43151268130435,0.006694051826891648,0.17395833333333333,0.005915529526875305,0.015829474036471333,3.4462230457199943,0.013988496575643238,557.8786153401281,951.1858072076225,492.99699297207957
Adapted-PCSFL,44.86205237591747,344.37766666006706,39.64456839127812,135,False,0.4887544655713846,2.070030703459064,0.4319120238754141,0.0,0.10000000000000002,0.0,0.29299003480293834,2.444444444444444,0.2589151155051341,0.2929900348029385,3.444444444444444,0.25891511550513424,0.0,0.10000000000000002,0.0,0.3959350230492108,-1.673370394980136,0.349887538988361,3,168267.75197159773,4738616.888888888,148698.11004602315,,,,745.1680812703938,1276.7100865012083,658.5045800708859,0.01720675408635433,0.1642361111111111,0.015205598117810762,0.05226899580785029,3.4573768489890626,0.04619007979581702,830.0087386999838,985.6308393856624,733.4782174257817
Adapted-PCSFL,15.33870178252877,329.68156672238064,13.554801433411802,136,False,0.45970660094967525,2.04357710490159,0.4062424435814431,0.0,0.10000000000000002,0.0,0.6270336199071206,2.5444444444444443,0.554109228435186,0.6270336199071203,3.5444444444444443,0.5541092284351857,0.0,0.10000000000000002,0.0,0.26960827531492887,-1.598543285028389,0.23825266887065036,3,345255.82370655733,3954005.3333333335,305102.36136163294,,,,99.71250974851041,1153.5094651551879,88.11588420134031,0.013366464551787697,0.17326388888888888,0.011811936592481965,0.05594309337648602,3.4368304477797618,0.04943687758196108,96.67291583856063,830.5324648772681,85.42979691235563
Adapted-PCSFL,46.226032933596464,352.99334444829987,40.84991718027616,137,False,0.367905551062111,2.0572214930174844,0.3251179116460215,0.0,0.10000000000000002,0.0,0.42003456647880416,3.0333333333333337,0.37118429085533466,0.42003456647880366,4.033333333333333,0.3711842908553342,0.0,0.10000000000000002,0.0,0.225657723523308,-1.5753605562909934,0.1994135929911735,3,52802.63050657697,3904853.3333333335,46661.652454427385,,,,382.84146545285216,1093.4996195645022,338.3167701063597,0.010695770119855341,0.18090277777777775,0.009451845547789037,0.05704519190577602,3.378710492451986,0.05041080138179639,321.0896800078028,760.3437306750516,283.74675487732003
Adapted-PCSFL,57.82294647724694,367.5180444713785,51.09810262343241,138,False,0.17115765015839005,1.8938399543286504,0.15125191131552596,0.0,0.10000000000000002,0.0,0.46860191323384476,2.911111111111111,0.414103225635205,0.4686019132338451,3.9111111111111114,0.4141032256352053,0.0,0.10000000000000002,0.0,0.1097410652097033,-1.466117577634919,0.09697811256119154,3,379022.541976494,4187022.2222222225,334941.989753671,,,,171.3596681274882,1038.3952009411876,151.43043447191363,0.009262808636833235,0.17135416666666667,0.00818553835703213,0.018596403947211192,3.4270783265431723,0.016433630854410308,167.17636838013937,683.3689676013502,147.73365503023086
Adapted-PCSFL,116.7914381575159,436.3862667103401,103.2085228458449,139,False,0.2963477983927549,2.016632123964573,0.2618823691466479,0.0,0.10000000000000002,0.0,0.3288372331806815,2.733333333333333,0.2905932629027115,0.328837233180682,3.733333333333334,0.290593262902712,0.0,0.10000000000000002,0.0,0.2605810168461081,-1.5394679011059476,0.23027528605378614,3,296214.3784163655,4392732.444444445,261764.46599468307,,,,303.2160043048543,1062.303678247322,267.95179853266893,0.009262808636833233,0.17864583333333336,0.008185538357032127,0.042643758096220695,3.395498224099477,0.037684263085883116,239.36069002652687,633.6532688804668,211.52289615341303
Adapted-PCSFL,38.87980016772349,416.88618892415735,34.358055754399,140,False,0.11678601382910091,2.056283957689081,0.10320372937012465,0.0,0.10000000000000002,0.0,0.1131606527611665,2.5666666666666664,0.09999999999999987,0.1131606527611665,3.5666666666666664,0.09999999999999987,0.0,0.10000000000000002,0.0,0.44798335648564974,-1.7294846581976628,0.3958826195808091,3,1018351.4986703035,5293852.444444445,899916.5998269774,0.013300247850395285,0.13776041666666666,0.01175342093374662,780.1588807824555,1402.685358706244,689.4259283118794,0.004727289968632223,0.17013888888888887,0.004177503269276375,0.01502047579350071,3.4195522513654493,0.01327358532051106,747.4000790838472,1000.9820844744713,660.4769951807247
Adapted-PCSFL,117.7018526910682,432.29038891149685,104.01305561526412,141,False,0.5833160334347781,2.4182506997177784,0.5154760238666233,0.0,0.10000000000000002,0.0,0.6015556786930877,2.388888888888889,0.5315943872846972,0.6015556786930881,3.3888888888888893,0.5315943872846977,0.0,0.10000000000000002,0.0,0.38847228464120137,-1.7869350652289253,0.3432927215974079,3,928020.9315877868,4571135.999999999,820091.5326517591,,,,314.78838604445406,1155.6194307400726,278.17830523551027,0.006831028715933004,0.1638888888888889,0.006036575920386709,0.028657721738015268,3.4821043815877704,0.025324811265006894,335.7476092145598,770.0672862988364,296.6999579996929
Adapted-PCSFL,109.47223280320073,410.0768222577042,96.74054552711834,142,False,0.7951896381456796,2.258835756777621,0.7027085994492998,0.0,0.10000000000000002,0.0,0.7166841341540553,2.5,0.6333333333333332,0.7166841341540552,3.5,0.6333333333333331,0.0,0.10000000000000002,0.0,0.3666270684361213,-1.6600057618494766,0.3239881173272418,3,1406023.7634194305,5000760.888888889,1242502.344332478,,,,62.67530298150449,1061.175766921332,55.3861271141525,0.008342012262978236,0.18263888888888888,0.007371831161653536,0.038131729292961436,3.354931030008528,0.03369698597748554,74.45916893887876,702.5395389546643,65.79952229157777
Adapted-PCSFL,63.92065351739485,408.0780889036962,56.486642625068434,143,False,0.45932186177073486,2.5287263307662275,0.40590244980308243,0.0,0.10000000000000002,0.0,0.498040208600386,2.1444444444444444,0.44011782934085236,0.49804020860038606,3.144444444444444,0.4401178293408524,0.0,0.10000000000000002,0.0,0.21821123143061205,-1.8718029225715744,0.19283313245917896,3,217740.05955380318,5454051.555555555,192416.75815829603,,,,217.5005858116467,1214.8795143769214,192.20513535804415,0.014472810355398593,0.17916666666666667,0.012789613706050685,0.0727650704127894,3.3710232423411477,0.06430244845473372,135.03282118530436,832.7250928254102,119.3284219297501
Adapted-PCSFL,91.60206126563722,385.6782222735799,80.94868581128608,144,False,0.439689091915335,2.425265250318534,0.3885529830261134,0.0,0.10000000000000002,0.0,0.6917658920348101,2.077777777777778,0.6113130979323967,0.69176589203481,3.077777777777778,0.6113130979323966,0.0,0.10000000000000002,0.0,0.19158526245471105,-1.696576891098286,0.16930377987396814,3,377052.44323066145,5164600.888888889,333201.01469055377,,,,179.00535330896636,967.8885318780376,158.18692181527928,0.01947625869559597,0.1802083333333333,0.017211157960269067,0.0627452250172287,3.3480499552355876,0.0554479171745826,72.75248654682295,613.648740234508,64.29132810003499
Adapted-PCSFL,70.72463621945843,381.4231221525309,62.49931799945308,145,False,0.30218705919096017,2.812043319785191,0.2670425203615136,0.0,0.10000000000000002,0.0,0.5599049302017242,2.0777777777777775,0.494787646182496,0.5599049302017242,3.0777777777777775,0.494787646182496,0.0,0.10000000000000002,0.0,0.1220718888048046,-1.9129367458450328,0.10787485387031633,3,645880.0077037823,4995299.555555555,570763.7698652698,,,,106.29505352247386,1013.8301719048751,93.93287412968259,0.011125574354018357,0.17795138888888887,0.009831663288033208,0.051993056187268814,3.3653981718752117,0.045946232120986204,19.66653131657725,661.7836496510839,17.37930175967155
Adapted-PCSFL,42.571786970044805,382.637433293793,37.6206622454675,146,False,0.7172835721015559,2.3595500463646037,0.6338630562828514,0.0,0.10000000000000002,0.0,0.7696526713835932,2.6555555555555554,0.6801415974579063,0.7696526713835931,3.655555555555555,0.6801415974579061,0.0,0.10000000000000002,0.0,0.3111862938093814,-1.6943890226244858,0.27499513851882906,3,238474.24222497316,4456448.0,210739.54277048,,,,161.4081491078671,1029.2279988843675,142.63628316861173,0.015774361731624,0.1829861111111111,0.013939793865379052,0.0248670007009035,3.35749908818139,0.021974953390722318,213.7857480833249,685.1601329836325,188.92233551757116
Adapted-PCSFL,22.32296728324184,328.76282225414695,19.72679260728197,147,False,0.4576155998844482,2.6869015719280953,0.404394627212232,0.0,0.10000000000000002,0.0,0.41720220398788127,2.6888888888888887,0.36868133384526797,0.4172022039878815,3.6888888888888887,0.3686813338452682,0.0,0.10000000000000002,0.0,0.23747838060630372,-1.8101168332426454,0.20985950046392732,3,1383017.6863555477,4465550.222222223,1222171.888027636,,,,144.87099530700368,933.3320945571951,128.02241041571568,0.01702409416155833,0.1769097222222222,0.015044181653395772,0.04736685421283313,3.3897355688942805,0.04185806025068107,147.67903376996853,633.4403633229864,130.50387229707422
Adapted-PCSFL,24.957367205219477,358.1854110687143,22.05481021560888,148,False,0.4587992458954045,2.267616991888971,0.4054406144720037,0.0,0.10000000000000002,0.0,0.24734800795041179,2.8333333333333335,0.2185812841433999,0.24734800795041179,3.8333333333333335,0.2185812841433999,0.0,0.10000000000000002,0.0,0.24959285769040085,-1.642900702436398,0.22056505649289931,3,1478245.4451645024,4638492.444444444,1306324.6005521382,,,,148.41790662704736,1018.1844129838256,131.15681379135694,0.03056255207145456,0.1723958333333333,0.027008108671800375,0.08805786381984779,3.385611057281494,0.07781668068467223,99.98326067312667,708.5468348999792,88.35514662870337
Adapted-PCSFL,30.084571051411267,318.78368888929896,26.58571713518375,149,False,0.38982032419895735,2.6589375339699397,0.3444839833344723,0.0,0.10000000000000002,0.0,0.5674772416168659,2.744444444444445,0.5014792931731895,0.5674772416168652,3.744444444444445,0.501479293173189,0.0,0.10000000000000002,0.0,0.2181536828783488,-1.8140963453257035,0.1927822768385555,3,1148935.5191068237,4310812.444444445,1015313.6192416026,,,,71.88461892167679,969.2551566814676,63.52439400768942,0.02452834009044626,0.18177083333333333,0.02167567921529669,0.08513356384518717,3.3656668484210965,0.0752324785761597,48.184341182986635,661.4016719741229,42.580472988860365
Adapted-PCSFL,12.72392745998601,308.5526444612899,11.244126955365603,150,False,0.41491798949659425,2.1383884536419244,0.3666627748889954,0.0,0.10000000000000002,0.0,0.5662222222222222,2.8555555555555556,0.5003702332976756,0.566222222222222,3.8555555555555556,0.5003702332976754,0.0,0.10000000000000002,0.0,0.18825937073808754,-1.54486479748621,0.1663646913874047,3,783343.9889018921,4077795.5555555555,692240.6064192591,0.011042000781108464,0.15078125,0.009757809372497494,117.56373842288583,951.3411413304958,103.89100412049778,0.012376946395752602,0.18072916666666664,0.0109375,0.07507592972550106,3.3977586719724875,0.06634455342348898,125.54039277983219,648.4935024379641,110.93996872286857
