available_migs,bandwidth_allocation_sum,bandwidth_hz,bandwidth_unused,bandwidth_violation,cluster_size_violation,compute_delay_ms,delay,epoch,is_warmup,kl_sum,max_bandwidth_share,mean_l1,mean_l2,min_bandwidth_share,penalty,physical_cluster_count,reward,smashed_data_bytes_per_client_mean,smashed_data_bytes_total,station_id,test_accuracy,total_delay_ms,train_accuracy,train_loss,tx_delay_ms,vehicle_count,virtual_cluster_count
2,1.0,100000000.0,0.0,8.195638656616211e-08,0.0,248.24170005740598,2.6209342633113297,1,True,1.4906858237123026,0.6345909833908081,3.4,5.4,0.010042905807495117,8.195638656616211e-08,2,-2.0558101254682026,498073.6,4980736.0,1,,2620.9342633113297,0.028125,4.587368988990784,2414.8426634231614,10,2
2,1.0,100000000.0,0.0,6.51925802230835e-09,0.0,229.39569992013276,3.232172147069971,1,True,1.2399082181696786,0.3761736750602722,1.7,4.1,0.010001599788665771,6.51925802230835e-09,2,-2.236040189139083,1048576.0,10485760.0,2,,3232.1721470699713,0.01875,4.664200210571289,3141.1212471331537,10,2
2,0.9999999403953552,100000000.0,5.960464477539063e-08,0.0,0.0,228.83019997971132,3.6119946923184614,1,True,1.1873657082290694,0.6264379024505615,2.4,4.0,0.010055124759674072,0.0,2,-2.3996802002737656,681574.4,6815744.0,3,,3611.9946923184616,0.0296875,4.559751200675964,3519.7162922898715,10,2
2,1.0,100000000.0,0.0,3.725290298461914e-09,0.0,187.4857998918742,2.185318623559252,2,True,1.3915229180063657,0.742621660232544,3.4,4.4,0.01000356674194336,3.725290298461914e-09,2,-1.788420774508099,419430.4,4194304.0,1,,2185.318623559252,0.028125,4.451383805274963,1997.8328236673779,10,2
2,1.0,100000000.0,0.0,8.381903171539307e-09,0.0,226.23959998600185,0.9711850690115349,2,True,1.2750640937557072,0.7498099207878113,4.0,5.7,0.01002037525177002,8.381903171539307e-09,2,-1.1231245897655242,262144.0,2621440.0,2,,971.1850690115349,0.0203125,4.521423161029816,744.945469025533,10,2
2,1.0,100000000.0,0.0,5.21540641784668e-08,0.0,226.27560002729297,2.6888909752073253,2,True,1.25259672121255,0.8205335736274719,3.4,5.4,0.01000346802175045,5.21540641784668e-08,2,-1.9707439003640017,498073.6,4980736.0,3,,2688.8909752073255,0.03125,4.441563165187835,2599.6352752030384,10,2
2,1.0,100000000.0,0.0,2.2351741790771484e-08,0.0,291.0352001199499,2.984133835870196,3,True,2.127558012528432,0.5716466903686523,2.0,5.0,0.010012984275817871,2.2351741790771484e-08,2,-2.555845946551056,1048576.0,10485760.0,1,,2984.133835870196,0.01875,4.411369621753693,2693.098635750246,10,2
2,0.9999999403953552,100000000.0,5.960464477539063e-08,0.0,0.0,329.1634999914095,0.6792654868360111,3,True,0.23262930172816065,0.4331534802913666,5.0,6.0,0.010002315044403076,0.0,1,-0.45594739428208586,131072.0,1310720.0,2,,679.2654868360111,0.01875,4.49393892288208,350.10198684460164,10,1
2,1.0,100000000.0,0.0,5.774199962615967e-08,0.0,262.55959999980405,1.6260860023156276,3,True,1.6248645830697528,0.7067881226539612,3.0,4.0,0.010006487369537354,5.774199962615967e-08,2,-1.62547535043469,524288.0,5242880.0,3,,1626.0860023156276,0.0328125,4.404666876792907,1363.5264023158236,10,2
2,1.0,100000000.0,0.0,0.0,0.0,226.9798000343144,3.9582795866413276,4,True,1.414110605450928,0.728196918964386,2.0,4.0,0.010003983974456787,0.0,2,-2.686195096046128,1048576.0,10485760.0,1,,3958.2795866413276,0.0390625,4.4406494975090025,3731.299786607013,10,2
2,1.0,100000000.0,0.0,3.91155481338501e-08,0.0,189.96049999259412,2.278034640457203,4,True,1.0747193311106313,0.4874210059642792,0.4,4.4,0.010026991367340088,3.91155481338501e-08,2,-1.6763770248994654,448921.6,4489216.0,2,,2278.0346404572033,0.0390625,4.531677961349487,2157.2042404834197,10,2
2,1.0,100000000.0,0.0,0.0,0.0,262.7999000251293,0.5479259388800508,4,True,1.3924119055332518,0.6797745227813721,5.0,6.0,0.010028362274169922,0.0,2,-0.9701689222066513,131072.0,1310720.0,3,,547.9259388800508,0.021875,4.415947771072387,327.0219423587052,10,2
2,1.0,100000000.0,0.0,2.7939677238464355e-08,0.0,188.25269996887073,2.5094231357942345,5,True,1.2294470861629998,0.7356081008911133,2.4,4.4,0.01000833511352539,2.7939677238464355e-08,2,-1.8694351389182944,838860.8,8388608.0,1,,2509.4231357942344,0.034375,4.440702891349792,2321.1704358253637,10,2
2,1.0,100000000.0,0.0,0.0,0.0,159.4411000260152,2.4027633359554748,5,True,1.054030011123141,0.6687002182006836,3.5,5.0,0.010007262229919434,0.0,2,-1.728396673539308,589824.0,5898240.0,2,,2402.7633359554748,0.0296875,4.5139999985694885,2246.0681359415466,10,2
2,1.0,100000000.0,0.0,0.0,0.0,190.63659996027127,2.4892748423913456,5,True,1.2366190229957992,0.44766613841056824,2.6,4.2,0.010088324546813965,0.0,2,-1.8629469326935724,734003.2,7340032.0,3,,2489.2748423913454,0.0296875,4.404129934310913,2369.1125424407383,10,2
2,1.0,100000000.0,0.0,4.6566128730773926e-08,0.0,189.4050000119023,3.188997946197565,6,False,1.3560370202811947,0.6973094344139099,2.6,4.2,0.010012960061430931,4.6566128730773926e-08,2,-2.2725175298055085,681574.4,6815744.0,1,,3188.997946197565,0.0203125,4.345984673500061,2999.5929461856626,10,2
2,0.9999999403953552,100000000.0,5.960464477539063e-08,0.0,0.0,262.8374000196345,0.8599979981689851,6,False,1.3005533666561093,0.7216956615447998,3.2,5.0,0.010029494762420654,0.0,2,-1.0802756824125472,219545.6,2195456.0,2,,859.9979981689852,0.0203125,4.478158569335937,597.1605981493507,10,2
2,1.0,100000000.0,0.0,0.0,0.0,262.7226000186056,4.700271855078371,6,False,1.6924747620935985,0.772784411907196,2.2,5.2,0.010003268718719482,0.0,2,-3.1963733085859847,943718.4,9437184.0,3,,4700.27185507837,0.046875,4.383084774017334,4437.549255059765,10,2
2,1.0,100000000.0,0.0,1.862645149230957e-09,0.0,159.4713000813499,0.8428854968471865,7,False,1.290497407144311,0.43167632818222046,4.5,5.5,0.010007500648498535,1.862645149230957e-09,2,-1.0666914538583938,196608.0,1966080.0,1,,842.8854968471865,0.0265625,4.350598037242889,683.4141967658366,10,2
2,0.9999999403953552,100000000.0,5.960464477539063e-08,0.0,0.0,190.05510007264093,0.838337429294212,7,False,1.0684209816840056,0.750402569770813,4.0,5.6,0.010000288486480713,0.0,2,-0.9533792054891088,262144.0,2621440.0,2,,838.3374292942119,0.021875,4.523866105079651,648.282329221571,10,2
2,1.0,100000000.0,0.0,0.0,0.0,262.7519000088796,2.2333141274139368,7,False,1.6901180056439342,0.5642725825309753,4.4,5.4,0.010004639625549316,0.0,2,-1.9617160665289355,314572.8,3145728.0,3,,2233.3141274139366,0.0328125,4.440198922157288,2166.474527373825,10,2
2,1.0,100000000.0,0.0,0.0,0.0,329.6312000020407,3.018895200527517,8,False,0.34417205811550006,0.8156511783599854,2.0,4.0,0.01000446081161499,0.0,1,-1.6815336293215084,1048576.0,10485760.0,1,,3018.895200527517,0.04375,4.299031496047974,2689.264000525476,10,1
2,1.0,100000000.0,0.0,0.0,0.0,189.9866999592632,5.506708991254425,8,False,1.0884116125531316,0.7536895871162415,0.6,3.2,0.01000666618347168,0.0,2,-3.2975603019037782,648806.4,6488064.0,2,,5506.708991254425,0.0390625,4.43398506641388,5316.722291295162,10,2
2,1.0,100000000.0,0.0,2.7939677238464355e-09,0.0,189.45719994371757,2.2281118557478234,8,False,1.3145082695137533,0.6326426863670349,2.2,4.8,0.010016798973083496,2.7939677238464355e-09,2,-1.771310065424756,734003.2,7340032.0,3,,2228.1118557478235,0.0546875,4.3380556344985965,2107.755255714704,10,2
2,1.0,100000000.0,0.0,0.0,0.0,159.54570000758395,1.9043918769289938,9,False,1.3279160996905475,0.5395220518112183,3.0,5.0,0.010001599788665771,0.0,2,-1.6161539883097706,655360.0,6553600.0,1,,1904.3918769289937,0.0484375,4.272400259971619,1744.8461769214098,10,2
2,1.0,100000000.0,0.0,0.0,0.0,263.2216000347398,4.37067867327613,9,False,1.4426058584963457,0.7229847311973572,1.6,4.2,0.010010957717895508,0.0,2,-2.9066422658862376,848691.2,8486912.0,2,,4370.67867327613,0.0421875,4.373562645912171,4107.45707324139,10,2
2,1.0,100000000.0,0.0,4.6566128730773926e-08,0.0,158.85700000217184,3.013519619314274,9,False,1.1442493132431564,0.7646156549453735,3.0,5.5,0.010006964206695557,4.6566128730773926e-08,2,-2.078884512844844,589824.0,5898240.0,3,,3013.519619314274,0.0515625,4.339758455753326,2854.6626193121024,10,2
2,1.0,100000000.0,0.0,5.122274160385132e-08,0.0,187.60670005576685,2.7709903694355655,10,False,1.3181334467686743,0.5868175029754639,2.2,5.0,0.010012209415435791,5.122274160385132e-08,2,-2.0445619593248616,734003.2,7340032.0,1,0.01171875,2770.9903694355658,0.0359375,4.255392026901245,2648.6500694897754,10,2
2,1.0,100000000.0,0.0,7.450580596923828e-09,0.0,290.5232000630349,4.047919450339023,10,False,1.7447246344426217,0.832385778427124,3.8,5.9,0.010005474090576172,7.450580596923828e-09,2,-2.896322049841403,340787.2,3407872.0,2,0.01171875,4047.919450339023,0.046875,4.40501857995987,3989.3178503374575,10,2
2,1.0,100000000.0,0.0,0.0,0.0,158.95589999854565,4.095472852353878,10,False,1.1500491122355458,0.5344578623771667,2.0,4.0,0.0101470947265625,0.0,2,-2.6227609822947118,786432.0,7864320.0,3,0.01171875,4095.4728523538784,0.059375,4.312954664230347,3938.4124524113126,10,2
2,1.0,100000000.0,0.0,2.9802322387695312e-08,0.0,158.48670003470033,1.7646411987414403,11,False,1.3296980384539183,0.5402089953422546,4.0,6.0,0.010007023811340332,2.9802322387695312e-08,2,-1.5471696484000017,327680.0,3276800.0,1,,1764.6411987414403,0.01875,4.504793345928192,1608.2872987652017,10,2
2,1.0,100000000.0,0.0,7.264316082000732e-08,0.0,188.32610012032092,3.3509008111046055,11,False,1.0894700440324456,0.7634792923927307,2.8,5.0,0.010014533996582031,7.264316082000732e-08,2,-2.220185500211686,734003.2,7340032.0,2,,3350.9008111046055,0.0109375,4.602810168266297,3162.5747109842846,10,2
2,1.0,100000000.0,0.0,2.1420419216156006e-08,0.0,290.4576000291854,1.5180424923951796,11,False,1.717022053777259,0.649465799331665,4.8,5.9,0.010066092014312744,2.1420419216156006e-08,2,-1.6175322945066384,170393.6,1703936.0,3,,1518.0424923951796,0.0171875,4.52428959608078,1459.5757924312784,10,2
2,1.0,100000000.0,0.0,6.426125764846802e-08,0.0,189.59590001031756,2.1794811448398566,12,False,1.2642511175587225,0.6412687301635742,1.8,4.0,0.010091066360473633,6.426125764846802e-08,2,-1.7218661954605472,838860.8,8388608.0,1,,2179.4811448398564,0.025,4.353396201133728,1989.8852448295393,10,2
2,1.0,100000000.0,0.0,7.450580596923828e-08,0.0,189.62409993400797,0.7051281484779071,12,False,1.000012906325527,0.5640259385108948,5.0,6.0,0.0100020170211792,7.450580596923828e-08,2,-0.852570601907523,131072.0,1310720.0,2,,705.1281484779071,0.028125,4.510023593902588,515.5040485438991,10,2
2,1.0,100000000.0,0.0,8.381903171539307e-09,0.0,226.1523999623023,1.1644754636949477,12,False,1.2947319122898282,0.6291624307632446,4.0,5.0,0.010082244873046875,8.381903171539307e-09,2,-1.2296036963742911,262144.0,2621440.0,3,,1164.4754636949476,0.034375,4.396128845214844,938.3230637326454,10,2
2,1.0,100000000.0,0.0,3.91155481338501e-08,0.0,244.1483000293374,0.6809406875935322,13,False,1.2567797134173708,0.619922935962677,4.4,6.0,0.016479985788464546,3.91155481338501e-08,2,-0.9688602396209997,209715.2,2097152.0,1,,680.9406875935322,0.0234375,4.360965132713318,436.7923875641948,10,2
2,1.0,100000000.0,0.0,4.6566128730773926e-08,0.0,261.03600003989413,0.3904537234564607,13,False,1.4426058584963457,0.2781449854373932,4.6,5.8,0.020963622257113457,4.6566128730773926e-08,2,-0.9165298375425319,209715.2,2097152.0,2,,390.4537234564607,0.0171875,4.4220328569412235,316.96747861603785,10,2
2,1.0,100000000.0,0.0,3.5390257835388184e-08,0.0,226.43519996199757,0.40265202503729913,13,False,1.252132350484546,0.24024777114391327,4.4,5.7,0.028681619092822075,3.5390257835388184e-08,2,-0.8273922231511804,249036.8,2490368.0,3,,402.65202503729915,0.0171875,4.420498788356781,308.5760249996961,10,2
2,0.9999999403953552,100000000.0,5.960464477539063e-08,0.0,0.0,261.53329998487607,1.2327383051188816,14,False,1.661025643253524,0.3068186640739441,2.6,3.6,0.021245617419481277,0.0,2,-1.4468819741862027,629145.6,6291456.0,1,,1232.7383051188815,0.021875,4.368922209739685,971.2050051340057,10,2
2,1.0000001192092896,100000000.0,-1.1920928955078125e-07,1.434236764907837e-07,0.0,188.43630008632317,1.6072628641088802,14,False,1.1283409684329309,0.48687657713890076,2.2,5.4,0.012779854238033295,1.434236764907837e-07,2,-1.367802059694582,734003.2,7340032.0,2,,1607.2628641088802,0.025,4.483425164222718,1418.826564022557,10,2
2,1.0,100000000.0,0.0,5.029141902923584e-08,0.0,223.27730001416057,1.6815233143499844,14,False,1.252132350484546,0.2638503909111023,1.9,6.0,0.014689801260828972,5.029141902923584e-08,2,-1.4668278827086842,812646.4,8126464.0,3,,1681.5233143499843,0.021875,4.416142046451569,1458.2460143358237,10,2
2,0.9999999403953552,100000000.0,5.960464477539063e-08,0.0,0.0,187.54870007978752,0.2778094371566613,15,False,1.2998518994611032,0.2844844162464142,4.6,6.0,0.028184395283460617,0.0,2,-0.7888306683088823,183500.8,1835008.0,1,,277.80943715666126,0.03125,4.3604240894317625,144.23580041613687,10,2
2,1.0,100000000.0,0.0,5.21540641784668e-08,0.0,259.82160010607913,1.0678547318397724,15,False,1.3176264639924544,0.4049563705921173,3.6,4.6,0.016582569107413292,5.21540641784668e-08,2,-1.1927406500701776,419430.4,4194304.0,2,,1067.8547318397725,0.034375,4.434773945808411,993.5914317333774,10,2
2,1.0,100000000.0,0.0,1.862645149230957e-08,0.0,189.98820008710027,0.7441508560693724,15,False,1.234810368861952,0.3743581175804138,3.8,4.8,0.020149249583482742,1.862645149230957e-08,2,-0.9894806310921137,367001.6,3670016.0,3,,744.1508560693724,0.0234375,4.444233822822571,554.1626559822721,10,2
2,1.0,100000000.0,0.0,1.1175870895385742e-08,0.0,188.04910010658205,1.5660172420578007,16,False,1.315258644237341,0.3015930652618408,1.6,4.8,0.016655458137392998,1.1175870895385742e-08,2,-1.4406379543234418,1048576.0,10485760.0,1,,1566.0172420578008,0.03125,4.2991517066955565,1444.2238420854253,10,2
2,1.0,100000000.0,0.0,0.0,0.0,158.44169998308644,0.3696278637656637,16,False,0.9787110271948178,0.28217387199401855,4.5,6.0,0.023280097171664238,0.0,2,-0.6741694454802407,196608.0,1966080.0,2,,369.6278637656637,0.0453125,4.378359794616699,212.7708638584868,10,2
2,1.0,100000000.0,0.0,0.0,0.0,187.93479993473738,1.1529158584523502,16,False,1.1945417280698856,0.22432421147823334,3.8,4.8,0.02780894935131073,0.0,2,-1.1737287932611178,498073.6,4980736.0,3,,1152.9158584523502,0.028125,4.376490807533264,1030.4235584551025,10,2
2,0.9999999403953552,100000000.0,5.960464477539063e-08,0.0,0.0,187.92349996510893,1.4773613256442935,17,False,1.2755662146788063,0.2269720435142517,1.6,4.8,0.016176842153072357,0.0,2,-1.3764637701615499,1048576.0,10485760.0,1,,1477.3613256442934,0.034375,4.371310377120972,1289.4378256791845,10,2
2,1.0,100000000.0,0.0,4.470348358154297e-08,0.0,224.89690000656992,1.2650969212249694,17,False,1.1103361448451379,0.2545366883277893,1.4,2.4,0.020186208188533783,4.470348358154297e-08,2,-1.1877165777385372,748748.8,7487488.0,2,,1265.0969212249695,0.0390625,4.389040470123291,1040.2000212183996,10,2
2,1.0,100000000.0,0.0,3.5390257835388184e-08,0.0,188.51809995248914,1.1486168122212952,17,False,1.1709407222569324,0.3223210275173187,3.4,5.6,0.017397895455360413,3.5390257835388184e-08,2,-1.1597788026293716,498073.6,4980736.0,3,,1148.6168122212953,0.03125,4.369419288635254,1026.626012259218,10,2
2,1.0,100000000.0,0.0,0.0,0.0,190.21390000125393,1.3355974617884294,18,False,1.39973668135162,0.4713144898414612,2.4,5.2,0.017402425408363342,0.0,2,-1.3676670715700248,838860.8,8388608.0,1,,1335.5974617884294,0.04375,4.269609594345093,1145.3835617871755,10,2
2,0.9999999403953552,100000000.0,5.960464477539063e-08,0.0,0.0,226.93399986019358,1.3345297539127008,18,False,1.1445092245475832,0.35791969299316406,2.7,4.6,0.016941258683800697,0.0,2,-1.239519489230142,681574.4,6815744.0,2,,1334.5297539127007,0.0296875,4.355006635189056,1245.9045538781158,10,2
2,0.9999999403953552,100000000.0,5.960464477539063e-08,0.0,0.0,189.74480003817007,0.23129791892171853,18,False,1.1713699440084069,0.4799741208553314,0.0,4.0,0.017026066780090332,0.0,2,-0.7013339314650627,49152.0,491520.0,3,,231.29791892171852,0.0328125,4.3508848428726195,56.54092050277489,10,2
2,1.0,100000000.0,0.0,2.60770320892334e-08,0.0,244.39769994933158,0.6830434279574522,19,False,1.2696166056846576,0.22663962841033936,3.8,5.4,0.02293093129992485,2.60770320892334e-08,2,-0.976330042898087,367001.6,3670016.0,1,,683.0434279574522,0.0328125,4.277345585823059,438.64572800812056,10,2
2,1.0,100000000.0,0.0,0.0,0.0,159.05929991276935,0.8621832673416127,19,False,1.028612542484408,0.320529043674469,2.0,3.5,0.03747325390577316,0.0,2,-0.9453979049130103,786432.0,7864320.0,2,,862.1832673416127,0.0390625,4.380282282829285,705.4958673870776,10,2
2,1.0,100000000.0,0.0,1.30385160446167e-08,0.0,159.06310005811974,0.27962725513065834,19,False,1.1501241023516124,0.3674239218235016,2.5,3.5,0.02732696197926998,1.30385160446167e-08,2,-0.7148756917796515,90112.0,901120.0,3,,279.62725513065834,0.0359375,4.348949313163757,122.87925518034628,10,2
2,1.0,100000000.0,0.0,1.6763806343078613e-08,0.0,159.03159999288619,1.8005942128019967,20,False,1.2159955320832982,0.4562155306339264,2.0,5.0,0.012704232707619667,1.6763806343078613e-08,2,-1.5082948892064538,786432.0,7864320.0,1,0.02265625,1800.5942128019967,0.04375,4.245254099369049,1644.0663127814048,10,2
2,0.9999999403953552,100000000.0,5.960464477539063e-08,0.0,0.0,189.86119999317452,1.0019511954170368,20,False,1.0109378433753053,0.23737472295761108,2.8,3.8,0.028339365497231483,0.0,2,-1.006444519396171,734003.2,7340032.0,2,0.02265625,1001.9511954170368,0.046875,4.317890477180481,812.0899954238622,10,2
2,1.0,100000000.0,0.0,1.6763806343078613e-08,0.0,189.714600041043,1.7570951622769662,20,False,1.2105475089365685,0.4670500159263611,2.0,4.0,0.01876695640385151,1.6763806343078613e-08,2,-1.4838213523705737,1048576.0,10485760.0,3,0.02265625,1757.0951622769662,0.034375,4.301409673690796,1637.3900622570382,10,2
2,0.9999999403953552,100000000.0,5.960464477539063e-08,0.0,0.0,190.14260009862483,0.8112735011393054,21,False,1.3856420478742983,0.24603132903575897,0.6,5.2,0.019710741937160492,0.0,2,-1.0984577745068018,648806.4,6488064.0,1,,811.2735011393054,0.0375,4.451950407028198,621.1309010406806,10,2
2,1.0,100000000.0,0.0,7.264316082000732e-08,0.0,225.0782999326475,0.6278040762490555,21,False,1.1445092245475832,0.23172195255756378,4.7,6.0,0.02045353315770626,7.264316082000732e-08,2,-0.8861567230414802,170393.6,1703936.0,2,,627.8040762490556,0.03125,4.57724574804306,402.72577631640803,10,2
2,1.0000001192092896,100000000.0,-1.1920928955078125e-07,6.51925802230835e-08,0.0,190.22779999068007,2.1360938848092133,21,False,1.1520073391571053,0.39616453647613525,2.6,4.4,0.016083339229226112,6.51925802230835e-08,2,-1.6440506771757395,734003.2,7340032.0,3,,2136.0938848092133,0.034375,4.469984316825867,2015.0281848481768,10,2
2,1.0,100000000.0,0.0,0.0,0.0,159.20559997903183,0.8807352809392021,22,False,1.2114154690954426,0.5293278098106384,3.0,5.5,0.014486677013337612,0.0,2,-1.0460753750173224,524288.0,5242880.0,1,,880.7352809392021,0.0609375,4.247275471687317,722.7869809296087,10,2
2,0.9999999403953552,100000000.0,5.960464477539063e-08,0.0,0.0,225.1724000670947,0.67524753453022,22,False,1.1784690909389552,0.2513750195503235,1.6,4.7,0.05051928758621216,0.0,2,-0.9268583127345876,891289.6,8912896.0,2,,675.24753453022,0.0421875,4.3779177069664,450.07513446312527,10,2
2,1.0,100000000.0,0.0,0.0,0.0,158.58629997819662,0.5351553052568341,22,False,1.0954096319629476,0.2169443815946579,4.0,6.0,0.02763262949883938,0.0,2,-0.8152824686098908,327680.0,3276800.0,3,,535.155305256834,0.05625,4.282684803009033,378.1642052598761,10,2
2,0.9999999403953552,100000000.0,5.960464477539063e-08,0.0,0.0,290.97259987611324,0.45832049881114323,23,False,2.170733290825858,0.17051538825035095,3.7,4.9,0.035822927951812744,0.0,2,-1.3145268948185005,340787.2,3407872.0,1,,458.32049881114324,0.0453125,4.188887119293213,167.34789893503,10,2
2,1.0,100000000.0,0.0,6.146728992462158e-08,0.0,188.94550006370991,1.2468598201904844,23,False,1.0926532081552118,0.45382165908813477,0.6,4.0,0.02432432770729065,6.146728992462158e-08,2,-1.169756575640138,648806.4,6488064.0,2,,1246.8598201904845,0.053125,4.316685366630554,1057.9143201267746,10,2
2,1.0,100000000.0,0.0,1.6763806343078613e-08,0.0,159.7505999961868,0.25326995081642883,23,False,1.150089737545819,0.25220149755477905,5.0,6.0,0.026570402085781097,1.6763806343078613e-08,2,-0.7016798609449303,131072.0,1310720.0,3,,253.26995081642883,0.0375,4.241260826587677,93.51935082024204,10,2
2,1.0,100000000.0,0.0,7.82310962677002e-08,0.0,189.91810001898557,0.4071098625721064,24,False,1.3650592328022837,0.4157351553440094,1.6,3.6,0.02336404100060463,7.82310962677002e-08,2,-0.8860846259182913,134348.8,1343488.0,1,,407.1098625721064,0.0546875,4.134482717514038,287.53156252816586,10,2
2,1.0,100000000.0,0.0,0.0,0.0,189.35240001883358,0.6188419339682635,24,False,1.0647786373111865,0.2125358283519745,3.8,4.8,0.022256210446357727,0.0,2,-0.8418102856397249,367001.6,3670016.0,2,,618.8419339682634,0.03125,4.326402425765991,429.4895339494299,10,2
2,0.9999999403953552,100000000.0,5.960464477539063e-08,0.0,0.0,226.4568000100553,3.638659625582039,24,False,1.3252566099709138,0.4089725911617279,1.7,3.9,0.011882486753165722,0.0,2,-2.4819581177764762,1048576.0,10485760.0,3,,3638.659625582039,0.046875,4.307950329780579,3549.870825524084,10,2
2,1.0,100000000.0,0.0,2.9802322387695312e-08,0.0,372.1186001203023,1.5134639916761847,25,False,1.7282062781735412,0.2170305699110031,1.0,6.0,0.021719031035900116,2.9802322387695312e-08,2,-1.6208351647271853,1048576.0,10485760.0,1,,1513.4639916761848,0.0484375,4.183645331859589,1421.0159916949528,10,2
2,1.0,100000000.0,0.0,0.0,0.0,162.00969996862113,0.8755008701981791,25,False,1.0464361893840766,0.20056594908237457,3.0,6.0,0.026228386908769608,0.0,2,-0.9609685297911279,589824.0,5898240.0,2,,875.5008701981791,0.040625,4.296138286590576,713.491170229558,10,2
2,0.9999999403953552,100000000.0,5.960464477539063e-08,7.450580596923828e-09,0.0,226.17969999555498,0.2567441749818743,25,False,1.4227795795793696,0.20219990611076355,0.0,4.5,0.04617650806903839,7.450580596923828e-09,2,-0.8397618847312025,49152.0,491520.0,3,,256.7441749818743,0.0390625,4.181170696020127,30.564474986319322,10,2
2,1.0,100000000.0,0.0,0.0,0.0,188.05050000082701,1.588082215437535,26,False,1.3239621306191363,0.1369503140449524,2.8,3.8,0.05316002666950226,0.0,2,-1.4560221730283356,734003.2,7340032.0,1,,1588.0822154375348,0.0546875,4.159049129486084,1400.0317154367078,10,2
2,1.0,100000000.0,0.0,7.450580596923828e-08,0.0,187.9689999623224,0.7563160730522385,26,False,1.0799488554844896,0.21309472620487213,3.4,5.2,0.022189581766724586,7.450580596923828e-08,2,-0.91813253877417,498073.6,4980736.0,2,,756.3160730522385,0.04375,4.256476879119873,633.7419729559941,10,2
2,0.9999999403953552,100000000.0,5.960464477539063e-08,0.0,0.0,159.91459996439517,0.5719239018929423,26,False,1.1501241023516124,0.1832151859998703,4.0,6.0,0.0378849059343338,0.0,2,-0.8610240021222774,327680.0,3276800.0,3,,571.9239018929422,0.0546875,4.244210124015808,414.3627019205362,10,2
2,1.0,100000000.0,0.0,0.0,0.0,263.89170001493767,0.37249287362072586,27,False,1.705840263275657,0.32775163650512695,4.8,6.0,0.027783727273344994,0.0,2,-1.0391665684481914,157286.4,1572864.0,1,,372.49287362072585,0.0546875,4.070727801322937,120.0345447778209,10,2
2,1.0,100000000.0,0.0,0.0,0.0,226.57709999475628,0.27983689067167544,27,False,1.1977423709254662,0.23595935106277466,1.5,3.2,0.020771265029907227,0.0,2,-0.7387896307985709,73728.0,737280.0,2,,279.83689067167546,0.0546875,4.249627816677093,58.36666883347607,10,2
2,1.0,100000000.0,0.0,1.862645149230957e-08,0.0,189.75429993588477,0.308561941288263,27,False,1.2392640016837149,0.22017385065555573,5.0,6.0,0.03329388052225113,1.862645149230957e-08,2,-0.7739129901124404,131072.0,1310720.0,3,,308.561941288263,0.059375,4.216804456710816,118.80764135237821,10,2
2,1.0,100000000.0,0.0,7.636845111846924e-08,0.0,188.07690002722666,0.2291039057439093,28,False,1.3712612956774208,0.5335484147071838,2.0,3.0,0.024266310036182404,7.636845111846924e-08,2,-0.8001826770791162,81920.0,819200.0,1,,229.10390574390928,0.053125,4.137274765968323,88.74181391816234,10,2
2,1.0,100000000.0,0.0,8.940696716308594e-08,0.0,226.11039999173954,0.4915823734888598,28,False,1.1922903049276623,0.23232053220272064,0.6,5.7,0.0350935272872448,8.940696716308594e-08,2,-0.8419364286152282,348979.2,3489792.0,2,,491.5823734888598,0.0484375,4.206187319755554,402.0778735109396,10,2
2,1.0,100000000.0,0.0,4.470348358154297e-08,0.0,158.9998000417836,0.7554189537732795,28,False,1.1674992391721764,0.22416441142559052,1.0,5.0,0.03787166625261307,4.470348358154297e-08,2,-0.9614591411762115,548864.0,5488640.0,3,,755.4189537732796,0.0359375,4.1794014275074005,596.419153731496,10,2
2,1.0,100000000.0,0.0,4.284083843231201e-08,0.0,158.7422999436967,0.9800377799505399,29,False,1.4467227978205803,0.36075282096862793,3.0,4.5,0.0195060595870018,4.284083843231201e-08,2,-1.2133803317263985,589824.0,5898240.0,1,,980.0377799505399,0.0484375,4.113706171512604,822.8124799164974,10,2
2,1.0,100000000.0,0.0,4.470348358154297e-08,0.0,224.96189997764304,2.0165373500377353,29,False,1.1688748316566575,0.21169421076774597,2.2,4.6,0.015096141025424004,4.470348358154297e-08,2,-1.59270613555068,773324.8,7733248.0,2,,2016.5373500377352,0.06875,4.211510908603668,1791.5754500600924,10,2
2,1.0,100000000.0,0.0,0.0,0.0,224.40639993874356,1.0547668874386522,29,False,1.2181729041117628,0.18496349453926086,1.0,3.0,0.021622782573103905,0.0,2,-1.1364698957752075,1048576.0,10485760.0,3,,1054.7668874386522,0.0609375,4.096372538805008,963.995387417433,10,2
2,1.0,100000000.0,0.0,0.0,0.0,189.52150002587587,0.5402169917930312,30,False,1.2374062064073201,0.33369719982147217,4.2,6.0,0.025642862543463707,0.0,2,-0.8888115991001757,288358.4,2883584.0,1,0.03046875,540.2169917930312,0.046875,4.111561357975006,419.81839173114145,10,2
2,1.0,100000000.0,0.0,4.470348358154297e-08,0.0,189.71659999806434,0.3934859411943219,30,False,1.000012906325527,0.21322883665561676,0.4,4.8,0.041263990104198456,4.470348358154297e-08,2,-0.696749468463408,448921.6,4489216.0,2,0.03046875,393.4859411943219,0.06875,4.237602186203003,273.97554114353653,10,2
2,0.9999999403953552,100000000.0,5.960464477539063e-08,0.0,0.0,226.2215000228025,0.5579080859959062,30,False,1.2923970168216792,0.2549692988395691,3.6,6.0,0.037459008395671844,0.0,2,-0.9251525514087927,406323.2,4063232.0,3,0.03046875,557.9080859959063,0.0859375,4.052843230962753,331.6865859731038,10,2
2,1.0,100000000.0,0.0,3.725290298461914e-08,0.0,304.90730004385114,1.0030221972977649,31,False,1.3813950029933302,0.396941602230072,1.0,5.3,0.03864935785531998,3.725290298461914e-08,2,-1.1922086373984504,1048576.0,10485760.0,1,,1003.0221972977648,0.0671875,4.244828069210053,698.1148972539136,10,2
2,1.0,100000000.0,0.0,0.0,0.0,189.81680000433698,0.6506003058007339,31,False,0.970850872914182,0.3156084418296814,2.8,4.2,0.018719956278800964,0.0,2,-0.810725589357458,576716.8,5767168.0,2,,650.600305800734,0.0390625,4.355072784423828,530.3815058273616,10,2
2,0.9999999403953552,100000000.0,5.960464477539063e-08,0.0,0.0,188.03619995014742,0.7651786165165791,31,False,1.2854049942689696,0.21274548768997192,2.6,4.8,0.03174256160855293,0.0,2,-1.0252918053927744,734003.2,7340032.0,3,,765.1786165165792,0.0421875,4.323716640472412,642.5574164691458,10,2
2,1.0,100000000.0,0.0,1.862645149230957e-08,0.0,226.28719999920577,0.44728655668448275,32,False,1.4228148878634728,0.3940092921257019,0.6,2.3,0.035750146955251694,1.862645149230957e-08,2,-0.9350507409004293,348979.2,3489792.0,1,,447.2865566844828,0.0640625,3.9946700811386107,358.71235663078346,10,2
2,1.0,100000000.0,0.0,7.450580596923828e-09,0.0,189.18580003082752,0.35471293577242735,32,False,1.0000388444522543,0.350943922996521,3.6,5.6,0.03952120989561081,7.450580596923828e-09,2,-0.6773758975629214,367001.6,3670016.0,2,,354.71293577242733,0.0609375,4.1549314737319945,218.31081615276642,10,2
2,0.9999999403953552,100000000.0,5.960464477539063e-08,0.0,0.0,159.31759995874017,0.6172349702485787,32,False,1.149449318125426,0.41446852684020996,3.5,4.5,0.027496110647916794,0.0,2,-0.8833421441870023,589824.0,5898240.0,3,,617.2349702485786,0.0625,4.1666483879089355,457.9173702898384,10,2
2,1.0,100000000.0,0.0,0.0,0.0,196.0825000423938,0.9332122282988312,33,False,1.2966668242684394,0.37636619806289673,1.0,4.0,0.028238236904144287,0.0,2,-1.1149395262836352,1048576.0,10485760.0,1,,933.2122282988312,0.1046875,3.9690013766288756,811.9658282424243,10,2
2,1.0,100000000.0,0.0,0.0,0.0,159.6069000661373,1.8393943484439284,33,False,1.0093372423307145,0.23955154418945312,0.5,4.0,0.018636617809534073,0.0,2,-1.4243657953873214,548864.0,5488640.0,2,,1839.3943484439283,0.071875,4.0871597826480865,1679.787448377791,10,2
2,1.0,100000000.0,0.0,3.5390257835388184e-08,0.0,261.10300002619624,0.6919425254753756,33,False,1.6901180056439342,0.35614311695098877,3.2,4.4,0.022871561348438263,3.5390257835388184e-08,2,-1.1910303009499128,471859.2,4718592.0,3,,691.9425254753756,0.059375,4.158163225650787,430.83952544917935,10,2
2,1.0,100000000.0,0.0,1.6763806343078613e-08,0.0,158.55599998030812,0.7375786687119619,34,False,1.310182616483836,0.4573177099227905,2.5,3.5,0.029979540035128593,1.6763806343078613e-08,2,-1.0238806593617054,655360.0,6553600.0,1,,737.5786687119619,0.075,4.035455614328384,580.1854686800145,10,2
2,1.0000001192092896,100000000.0,-1.1920928955078125e-07,4.0978193283081055e-08,0.0,161.9905999978073,0.31846565778504454,34,False,1.0293613769493708,0.2780492305755615,2.0,4.0,0.020641660317778587,4.0978193283081055e-08,2,-0.673913558345401,155648.0,1556480.0,2,,318.4656577850445,0.0671875,4.127150923013687,156.4750577872373,10,2
2,1.0,100000000.0,0.0,0.0,0.0,188.4501000167802,0.23338964280600807,34,False,1.211893344132498,0.22440922260284424,0.0,2.2,0.022787807509303093,0.0,2,-0.722641493469253,49152.0,491520.0,3,,233.38964280600808,0.0765625,4.095825982093811,44.939542789227886,10,2
2,1.0,100000000.0,0.0,1.4901161193847656e-08,0.0,188.05890006478876,0.48105701052093297,35,False,1.357747939361714,0.4316091537475586,3.6,5.4,0.03472740575671196,1.4901161193847656e-08,2,-0.9194024898424846,367001.6,3670016.0,1,,481.057010520933,0.0625,3.964602530002594,357.350964510361,10,2
2,1.0,100000000.0,0.0,3.3527612686157227e-08,0.0,226.74459998961538,2.5620662848567175,35,False,1.1447401433503968,0.38133347034454346,0.9,2.6,0.041115354746580124,3.3527612686157227e-08,2,-1.85340324763117,191692.8,1916928.0,2,,2562.0662848567176,0.053125,4.231716287136078,2472.9412848581146,10,2
2,0.9999999403953552,100000000.0,5.960464477539063e-08,0.0,0.0,158.93759991740808,0.7180429302246849,35,False,1.1480020510809616,0.37885957956314087,0.5,5.0,0.0300083439797163,0.0,2,-0.9330224906528233,548864.0,5488640.0,3,,718.0429302246849,0.0734375,4.063013106584549,559.1053303072769,10,2
2,1.0,100000000.0,0.0,0.0,0.0,187.66650004545227,0.617364868425161,36,False,1.2880849806571222,0.447390079498291,0.6,4.0,0.018575076013803482,0.0,2,-0.9527249245411415,648806.4,6488064.0,1,,617.364868425161,0.0734375,3.9025546431541445,429.69836837970877,10,2
2,1.0,100000000.0,0.0,0.0,0.0,188.93090001074597,0.37481844191392283,36,False,1.0950885662994443,0.3827706575393677,1.8,3.4,0.03344103693962097,0.0,2,-0.7349535041066836,334233.6,3342336.0,2,,374.8184419139228,0.0765625,4.096506333351135,185.88754190317687,10,2
2,0.9999999403953552,100000000.0,5.960464477539063e-08,0.0,0.0,187.5302999978885,0.7937755837476003,36,False,1.223928552581047,0.42882442474365234,3.2,4.2,0.03381352871656418,0.0,2,-1.0088520681643236,681574.4,6815744.0,3,,793.7755837476003,0.0765625,4.059035778045654,606.2452837497118,10,2
2,1.0,100000000.0,0.0,5.21540641784668e-08,0.0,211.62630000617355,0.7386960612550496,37,False,1.2559257429718511,0.18799889087677002,3.0,4.5,0.04020235687494278,5.21540641784668e-08,2,-0.9973109542675145,655360.0,6553600.0,1,,738.6960612550496,0.05625,4.008773624897003,527.069761248876,10,2
2,0.9999999403953552,100000000.0,5.960464477539063e-08,0.0,0.0,191.20030000340194,0.36671337408507493,37,False,1.0480202879359712,0.30266427993774414,2.4,4.4,0.035498347133398056,0.0,2,-0.7073668310105231,176947.2,1769472.0,2,,366.7133740850749,0.0921875,4.041849625110626,175.51307408167298,10,2
2,1.0,100000000.0,0.0,0.0,0.0,189.7703999420628,0.7511163161221006,37,False,1.3002027370797862,0.24955004453659058,2.6,6.0,0.045322611927986145,0.0,2,-1.0256595266009434,734003.2,7340032.0,3,,751.1163161221007,0.0546875,4.070411491394043,631.2979161125654,10,2
2,0.9999999403953552,100000000.0,5.960464477539063e-08,0.0,0.0,188.01559990970418,0.22104822490859927,38,False,1.3338066277105796,0.22201699018478394,2.0,4.2,0.03129573166370392,0.0,2,-0.7774274263095894,81920.0,819200.0,1,,221.04822490859928,0.0671875,4.0001157283782955,60.76264684164369,10,2
2,1.0,100000000.0,0.0,1.862645149230957e-08,0.0,158.7079000310041,0.2885428762383061,38,False,1.0587387268321793,0.2783832550048828,2.5,4.5,0.02777263894677162,1.862645149230957e-08,2,-0.6736408201616941,90112.0,901120.0,2,,288.5428762383061,0.078125,4.064082324504852,132.18247621257328,10,2
2,1.0,100000000.0,0.0,3.725290298461914e-08,0.0,226.9975999952294,0.6409411211416055,38,False,1.4535602211047136,0.3288698196411133,4.1,6.0,0.045068830251693726,3.725290298461914e-08,2,-1.0472507083760625,406323.2,4063232.0,3,,640.9411211416055,0.0859375,4.010294771194458,553.1766212579724,10,2
2,1.0,100000000.0,0.0,1.1175870895385742e-08,0.0,159.21579994028434,1.5835306021877056,39,False,1.2288284329378036,0.2387275993824005,2.0,3.0,0.016709592193365097,1.1175870895385742e-08,2,-1.4061795287386256,1048576.0,10485760.0,1,,1583.5306021877057,0.065625,3.989978104829788,1426.5577022129162,10,2
2,1.0,100000000.0,0.0,0.0,0.0,187.32849991647527,0.6569855614240847,39,False,1.0445529949495724,0.2386460304260254,2.2,4.8,0.03611820191144943,0.0,2,-0.8507692781868286,734003.2,7340032.0,2,,656.9855614240847,0.084375,4.01204172372818,533.9266614198319,10,2
2,0.9999999403953552,100000000.0,5.960464477539063e-08,0.0,0.0,188.16039996454492,1.093311675052052,39,False,1.264794196780665,0.21652531623840332,3.2,4.2,0.02846893109381199,0.0,2,-1.1790529359163586,681574.4,6815744.0,3,,1093.311675052052,0.0796875,3.9207956552505494,905.1512750875071,10,2
2,1.0,100000000.0,0.0,1.1175870895385742e-08,0.0,159.0808000182733,0.31447548696537664,40,False,1.3353202590255964,0.2954505681991577,2.5,6.0,0.03752274811267853,1.1175870895385742e-08,2,-0.8248978841713575,90112.0,901120.0,1,0.04765625,314.47548696537666,0.075,3.95316019654274,155.3946869471033,10,2
2,0.9999998807907104,100000000.0,1.1920928955078125e-07,0.0,0.0,187.72980000358075,0.9432599785953372,40,False,0.960502496721716,0.24122513830661774,2.2,3.6,0.02637341059744358,0.0,2,-0.9518812376585266,734003.2,7340032.0,2,0.04765625,943.2599785953372,0.0828125,4.019099962711334,755.5301785917565,10,2
2,1.0,100000000.0,0.0,0.0,0.0,261.78770000115037,0.32798910001668585,40,False,1.490033096451339,0.2699092626571655,4.0,6.0,0.036776989698410034,0.0,2,-0.9090110982340125,114688.0,1146880.0,3,0.04765625,327.9891000166858,0.084375,3.9529626607894897,66.20140001553547,10,2
2,1.0,100000000.0,0.0,0.0,0.0,158.88570004608482,2.894733656281988,41,False,1.2304357387375302,0.2894545793533325,0.5,4.0,0.03413023799657822,0.0,2,-2.062584697509759,548864.0,5488640.0,1,,2894.733656281988,0.0625,4.11412987112999,2735.847956235903,10,2
2,0.9999999403953552,100000000.0,5.960464477539063e-08,0.0,0.0,224.6223000693135,0.8715511241034403,41,False,1.2147692136527528,0.21821165084838867,2.0,3.0,0.02881317213177681,0.0,2,-1.0431601688780965,1048576.0,10485760.0,2,,871.5511241034403,0.0515625,4.190472638607025,714.8717540717122,10,2
2,1.0,100000000.0,0.0,0.0,0.0,189.36829996528104,0.31063625975101905,41,False,1.1919904127189558,0.3130788803100586,4.4,6.0,0.030083147808909416,0.0,2,-0.7513133362349874,209715.2,2097152.0,3,,310.63625975101905,0.075,4.129787755012512,121.26795978573804,10,2
2,0.9999999403953552,100000000.0,5.960464477539063e-08,0.0,0.0,187.8026999766007,0.8472694990168881,42,False,1.2880759070955983,0.24924564361572266,4.6,5.6,0.025776054710149765,0.0,2,-1.0676727030562432,183500.8,1835008.0,1,,847.2694990168881,0.0796875,3.9381718158721926,659.4667990402874,10,2
2,1.0,100000000.0,0.0,2.60770320892334e-08,0.0,187.12120002601296,0.8189310317369847,42,False,0.982897471633877,0.22239148616790771,0.4,3.0,0.0283147431910038,2.60770320892334e-08,2,-0.9009142777624629,448921.6,4489216.0,2,,818.9310317369847,0.1203125,3.9660961031913757,697.0963316829612,10,2
2,1.0,100000000.0,0.0,0.0,0.0,158.92230003373697,0.9535889677653787,42,False,1.1554514304612908,0.24717289209365845,2.0,4.5,0.024646196514368057,0.0,2,-1.0545201991133348,1048576.0,10485760.0,3,,953.5889677653787,0.096875,4.0135683715343475,794.6666677316417,10,2
2,1.0,100000000.0,0.0,0.0,0.0,264.08519997494295,0.4848588192108744,43,False,1.3579579402449644,0.23675018548965454,3.4,4.8,0.030345525592565536,0.0,2,-0.9214083797279194,498073.6,4980736.0,1,,484.8588192108744,0.0984375,3.8279918909072874,323.7721192273037,10,2
2,1.0,100000000.0,0.0,7.450580596923828e-09,0.0,159.06299999915063,0.40880167376441073,43,False,1.0636846499461117,0.35516226291656494,3.5,5.5,0.02580508589744568,7.450580596923828e-09,2,-0.7362431693058418,393216.0,3932160.0,2,,408.80167376441074,0.1,3.9517323076725006,249.7386737652601,10,2
2,0.9999999403953552,100000000.0,5.960464477539063e-08,0.0,0.0,187.2655000188388,0.6240410923677513,43,False,1.2360628216283183,0.3193470239639282,2.4,6.0,0.0260826013982296,0.0,2,-0.9300519569980348,838860.8,8388608.0,3,,624.0410923677513,0.09375,3.9367374897003176,470.7151081459411,10,2
2,1.0,100000000.0,0.0,7.450580596923828e-09,0.0,189.26600000122562,0.3067277616513753,44,False,1.3364815363421856,0.233465313911438,5.0,6.0,0.032694317400455475,7.450580596923828e-09,2,-0.821604656447361,131072.0,1310720.0,1,,306.72776165137526,0.0828125,3.853918671607971,117.46176165014967,10,2
2,1.0,100000000.0,0.0,1.6763806343078613e-08,0.0,262.5938000273891,0.9751717538250259,44,False,1.4776366573964377,0.32367247343063354,3.0,5.2,0.021858491003513336,1.6763806343078613e-08,2,-1.2264042223745382,524288.0,5242880.0,2,,975.1717538250258,0.0734375,4.005497443675995,712.5779537976367,10,2
2,0.9999999403953552,100000000.0,5.960464477539063e-08,0.0,0.0,159.2955999658443,0.49705359453758513,44,False,1.1673662620034613,0.28534674644470215,1.5,6.0,0.023467380553483963,0.0,2,-0.8322099282705232,286720.0,2867200.0,3,,497.0535945375851,0.10625,3.982517898082733,337.7579945717408,10,2
2,1.0,100000000.0,0.0,1.862645149230957e-09,0.0,225.58999998727813,1.2532754154750314,45,False,1.414110605450928,0.29874444007873535,2.3,5.7,0.02175246737897396,1.862645149230957e-09,2,-1.3336930123256248,891289.6,8912896.0,1,,1253.2754154750314,0.0859375,3.8234339535236357,1027.6854154877533,10,2
2,1.0,100000000.0,0.0,7.450580596923828e-09,0.0,189.6917999838479,0.688059197674565,45,False,1.1128216366528383,0.3612973690032959,2.0,5.6,0.05573238432407379,7.450580596923828e-09,2,-0.9004404246142823,1048576.0,10485760.0,2,,688.059197674565,0.0921875,3.9418467044830323,567.7251976389102,10,2
2,1.0,100000000.0,0.0,1.6763806343078613e-08,0.0,226.69550002319738,1.3751063185940808,45,False,1.4052571624960657,0.31936490535736084,2.2,6.0,0.02586197294294834,1.6763806343078613e-08,2,-1.3901817573088797,773324.8,7733248.0,3,,1375.106318594081,0.0859375,3.94122656583786,1148.4108185708835,10,2
2,1.0,100000000.0,0.0,0.0,0.0,189.6097999997437,0.9214558958511346,46,False,1.2872640302782625,0.25397032499313354,2.6,5.0,0.037090785801410675,0.0,2,-1.1043599630646985,734003.2,7340032.0,1,,921.4558958511346,0.090625,3.8377166628837585,802.2826957486117,10,2
2,1.0,100000000.0,0.0,0.0,0.0,189.20929997693747,0.500418054102128,46,False,1.1093726622226014,0.3375821113586426,3.0,4.6,0.026949778199195862,0.0,2,-0.8048953581623648,524288.0,5242880.0,2,,500.41805410212805,0.0859375,3.9910069823265077,380.82355405124804,10,2
2,1.0,100000000.0,0.0,1.4901161193847656e-08,0.0,190.0706000160426,0.26113295527905794,46,False,1.3213764218933275,0.32888442277908325,3.0,4.8,0.036363281309604645,1.4901161193847656e-08,2,-0.7912547034873539,98304.0,983040.0,3,,261.13295527905797,0.0875,3.9476148009300234,71.06235526301536,10,2
2,1.0,100000000.0,0.0,0.0,0.0,227.372000052128,0.5854571558406005,47,False,1.3995947999497496,0.23104336857795715,2.1,5.7,0.018193639814853668,0.0,2,-0.992525977895175,381747.2,3817472.0,1,,585.4571558406005,0.115625,3.7704224944114686,358.0851557884726,10,2
2,0.9999999403953552,100000000.0,5.960464477539063e-08,0.0,0.0,187.6942000235431,1.0853426328701894,47,False,1.0359515174371694,0.3363223075866699,2.8,5.4,0.02659502439200878,0.0,2,-1.0606470751536794,734003.2,7340032.0,2,,1085.3426328701894,0.1078125,3.917245161533356,897.6484328466463,10,2
2,1.0,100000000.0,0.0,0.0,0.0,226.84890002710745,0.32254412164466595,47,False,1.3448667075247533,0.26514652371406555,5.0,6.0,0.026821119710803032,0.0,2,-0.8337054145847096,131072.0,1310720.0,3,,322.54412164466595,0.078125,3.9125810623168946,95.69522161755847,10,2
2,1.0,100000000.0,0.0,0.0,0.0,189.94179996661842,0.8846696787357359,48,False,1.278400388730226,0.3258736729621887,2.4,4.2,0.03391291946172714,0.0,2,-1.081535033732981,838860.8,8388608.0,1,,884.6696787357358,0.078125,3.9205899357795717,694.7278787691174,10,2
2,1.0,100000000.0,0.0,0.0,0.0,188.26899997657165,0.7381947539409914,48,False,1.1236523574727664,0.2884155511856079,1.8,4.2,0.024970870465040207,0.0,2,-0.9309235557068789,334233.6,3342336.0,2,,738.1947539409914,0.084375,4.024394154548645,549.9257539644198,10,2
2,1.0,100000000.0,0.0,0.0,0.0,225.39639996830374,0.27205685921572464,48,False,1.3206357845227412,0.3186512589454651,1.5,6.0,0.0216786228120327,0.0,2,-0.7963463218692329,73728.0,737280.0,3,,272.05685921572467,0.0984375,3.9718336522579194,150.18436025912976,10,2
2,1.0,100000000.0,0.0,0.0,0.0,252.58289999328554,1.3501270318091028,49,False,1.409939661694188,0.27047860622406006,2.0,6.0,0.018599573522806168,0.0,2,-1.3800333467516452,1048576.0,10485760.0,1,,1350.1270318091028,0.1109375,3.777822506427765,1097.5441318158173,10,2
2,1.0,100000000.0,0.0,0.0,0.0,186.87129992758855,0.3362041175930315,49,False,1.1243462069780437,0.3068726062774658,2.4,6.0,0.04083381965756416,0.0,2,-0.7302751622855376,176947.2,1769472.0,2,,336.20411759303147,0.065625,4.001498115062714,149.3328176654429,10,2
2,1.0000001192092896,100000000.0,-1.1920928955078125e-07,8.195638656616211e-08,0.0,189.71559993224218,0.35252575396138475,49,False,1.1110005915087844,0.4068613052368164,4.4,6.0,0.02919183298945427,8.195638656616211e-08,2,-0.7317632546914712,209715.2,2097152.0,3,,352.52575396138474,0.103125,3.9480466723442076,162.81015402914252,10,2
2,1.0,100000000.0,0.0,1.4901161193847656e-08,0.0,224.7569000464864,0.3529992179708,50,False,1.590181991711572,0.22099149227142334,4.7,6.0,0.024660948663949966,1.4901161193847656e-08,2,-0.9715906197423472,170393.6,1703936.0,1,0.05625,352.99921797080003,0.0890625,3.803938162326813,150.37099289305993,10,2
2,1.0,100000000.0,0.0,0.0,0.0,187.52129998756573,0.28818763794358615,50,False,1.1137213904047023,0.35202860832214355,4.6,6.0,0.031268034130334854,0.0,2,-0.7009545141741442,183500.8,1835008.0,2,0.05625,288.18763794358614,0.0609375,4.01384197473526,166.74143787920266,10,2
2,1.0,100000000.0,0.0,2.9802322387695312e-08,0.0,189.8450999869965,0.49833448481538584,50,False,1.2143850663279987,0.24422049522399902,4.2,6.0,0.02525845542550087,2.9802322387695312e-08,2,-0.8563598053740147,288358.4,2883584.0,3,0.05625,498.33448481538585,0.103125,3.852470135688782,378.9272847937166,10,2
2,1.0,100000000.0,0.0,1.1175870895385742e-08,0.0,224.69850006746128,0.6885771723587842,51,False,1.5128220117460607,0.4050292372703552,2.4,5.1,0.031228680163621902,1.1175870895385742e-08,2,-1.1006996032282934,681574.4,6815744.0,1,,688.5771723587842,0.075,3.9540880978107453,597.4956723053784,10,2
2,1.0,100000000.0,0.0,1.6763806343078613e-08,0.0,260.5572000029497,0.47807231116467713,51,False,1.4421603040869355,0.3686784505844116,3.2,6.0,0.026158170774579048,1.6763806343078613e-08,2,-0.9601163243896127,219545.6,2195456.0,2,,478.07231116467716,0.0734375,4.056834697723389,217.51511116172745,10,2
2,1.0,100000000.0,0.0,3.725290298461914e-09,0.0,232.1088999742642,0.9894013601640242,51,False,1.1608699221069516,0.45485633611679077,2.9,3.9,0.03150114417076111,3.725290298461914e-09,2,-1.0751356448607783,773324.8,7733248.0,3,,989.4013601640243,0.0734375,4.058836710453034,757.29246018976,10,2
2,1.0,100000000.0,0.0,5.587935447692871e-09,0.0,224.76620005909353,0.7691220716936739,52,False,1.494645892493935,0.3145293593406677,4.1,6.0,0.02653825841844082,5.587935447692871e-09,2,-1.13188398768174,406323.2,4063232.0,1,,769.1220716936739,0.0984375,3.7806016862392426,678.484971589897,10,2
2,0.9999999403953552,100000000.0,5.960464477539063e-08,0.0,0.0,224.80119997635484,0.251611262756978,52,False,1.1321727016796401,0.25787419080734253,1.5,3.9,0.03696277737617493,0.0,2,-0.691891982218309,73728.0,737280.0,2,,251.611262756978,0.075,3.9449898838996886,57.9612386249855,10,2
2,1.0,100000000.0,0.0,0.0,0.0,187.64640000881627,0.743997710790105,52,False,1.317334469727094,0.26580020785331726,2.4,6.0,0.03087940253317356,0.0,2,-1.0306660902585993,838860.8,8388608.0,3,,743.997710790105,0.0984375,3.9011857390403746,556.3513107812887,10,2
2,0.9999999403953552,100000000.0,5.960464477539063e-08,0.0,0.0,187.14940000791103,0.7116614974641674,53,False,1.3067200926492064,0.35155272483825684,3.0,6.0,0.03001018427312374,0.0,2,-1.009190795056687,524288.0,5242880.0,1,,711.6614974641674,0.090625,3.7626664996147157,524.5120974562564,10,2
2,1.0,100000000.0,0.0,0.0,0.0,262.7616000827402,0.9845013731155897,53,False,1.3552211823380724,0.3137362599372864,1.6,6.0,0.037012577056884766,0.0,2,-1.1698612777268311,848691.2,8486912.0,2,,984.5013731155897,0.0953125,3.994235396385193,721.7397730328495,10,2
2,1.0,100000000.0,0.0,2.9802322387695312e-08,0.0,187.73830001009628,0.20702292214874954,53,False,1.2688942409699289,0.27263736724853516,0.0,2.4,0.04995784908533096,2.9802322387695312e-08,2,-0.7379586113616616,49152.0,491520.0,3,,207.02292214874953,0.090625,3.8818033218383787,33.02178261084204,10,2
2,1.0,100000000.0,0.0,7.264316082000732e-08,0.0,194.37619991367683,0.8935394578227032,54,False,1.2698388412792065,0.3121463656425476,3.8,4.8,0.01877899467945099,7.264316082000732e-08,2,-1.0816892221941157,367001.6,3670016.0,1,,893.5394578227032,0.1046875,3.7554868698120116,699.1632579090264,10,2
2,1.0,100000000.0,0.0,0.0,0.0,187.68690002616495,1.189582894001841,54,False,1.022482861288069,0.2766116261482239,0.4,2.4,0.03702704608440399,0.0,2,-1.1060328776449548,448921.6,4489216.0,2,,1189.582894001841,0.0890625,3.8803492903709413,1067.5937940527083,10,2
2,1.0,100000000.0,0.0,0.0,0.0,188.5797000140883,0.40602518169453683,54,False,1.1655041033379097,0.3526614308357239,4.4,6.0,0.02407907322049141,0.0,2,-0.7857646425162232,209715.2,2097152.0,3,,406.02518169453685,0.10625,3.8562942504882813,217.44548168044852,10,2
2,1.0,100000000.0,0.0,0.0,0.0,221.4310999843292,0.32314977662377453,55,False,1.3314867502437868,0.36808979511260986,2.5,4.5,0.023098845034837723,0.0,2,-0.8273182634337807,90112.0,901120.0,1,,323.1497766237745,0.1046875,3.783243089914322,101.71867663944532,10,2
2,1.0,100000000.0,0.0,3.5390257835388184e-08,0.0,230.01199995633215,1.3568552315798006,55,False,1.257997391824431,0.5271018743515015,3.6,5.3,0.022503534331917763,3.5390257835388184e-08,2,-1.3074263470923735,406323.2,4063232.0,2,,1356.8552315798006,0.08125,3.865465396642685,1126.8432316234685,10,2
2,1.0,100000000.0,0.0,4.470348358154297e-08,0.0,158.4693001350388,0.2755544881242139,55,False,1.1531274444503448,0.4365648031234741,2.5,6.0,0.024663936346769333,4.470348358154297e-08,2,-0.7143410109907629,90112.0,901120.0,3,,275.5544881242139,0.09375,3.788902223110199,118.39438812097515,10,2
2,1.0,100000000.0,0.0,0.0,0.0,187.45240004500374,0.5357859533034469,56,False,1.2567797134173708,0.43702030181884766,1.8,4.8,0.03513457626104355,0.0,2,-0.8962828333604089,334233.6,3342336.0,1,,535.785953303447,0.0796875,3.880223333835602,348.33355325844315,10,2
2,1.0,100000000.0,0.0,0.0,0.0,189.82790008885786,0.37632639259557604,56,False,1.0455259759042486,0.27693527936935425,2.4,6.0,0.034294210374355316,0.0,2,-0.7109261842499123,176947.2,1769472.0,2,,376.32639259557607,0.090625,3.970676863193512,186.49849250671818,10,2
2,0.9999999403953552,100000000.0,5.960464477539063e-08,0.0,0.0,188.29889997141436,0.6581254645891168,56,False,1.183057273981666,0.4538309574127197,1.2,6.0,0.021828245371580124,0.0,2,-0.9205913692853914,239206.4,2392064.0,3,,658.1254645891169,0.103125,3.818010914325714,536.7174645827764,10,2
2,1.0,100000000.0,0.0,1.4901161193847656e-08,0.0,159.2429000302218,0.3196977929641982,57,False,1.2800549377892598,0.2840697765350342,2.0,6.0,0.016589626669883728,1.4901161193847656e-08,2,-0.7998763802778902,155648.0,1556480.0,1,,319.6977929641982,0.08125,3.7928023636341095,160.45489293397642,10,2
2,1.0,100000000.0,0.0,0.0,0.0,189.27990010706708,1.5560538282451597,57,False,1.0875460547772429,0.46741294860839844,2.8,6.0,0.021538030356168747,0.0,2,-1.3217999415112014,734003.2,7340032.0,2,,1556.0538282451596,0.109375,3.9228450536727903,1366.7739281380925,10,2
2,1.0,100000000.0,0.0,1.4901161193847656e-08,0.0,159.13939999882132,0.37600729092669405,57,False,1.2034328424137086,0.23181293904781342,4.5,6.0,0.024899553507566452,1.4901161193847656e-08,2,-0.7897200815713625,196608.0,1966080.0,3,,376.00729092669405,0.1046875,3.877638965845108,219.1625908803447,10,2
2,1.0,100000000.0,0.0,6.891787052154541e-08,0.0,187.5681000528857,1.001844742802992,58,False,1.4035630240989132,0.31622564792633057,3.8,6.0,0.023215003311634064,6.891787052154541e-08,2,-1.202703952368823,498073.6,4980736.0,1,,1001.844742802992,0.0984375,3.805634391307831,879.476842763457,10,2
2,1.0,100000000.0,0.0,5.960464477539063e-08,0.0,188.11389995971695,0.5976312924373779,58,False,1.1292600821363694,0.28327715396881104,1.8,6.0,0.025200922042131424,5.960464477539063e-08,2,-0.8634457468915184,334233.6,3342336.0,2,,597.6312924373779,0.0734375,4.050382208824158,409.517392477661,10,2
2,1.0,100000000.0,0.0,0.0,0.0,226.81309992913157,0.43952926253194075,58,False,1.4510978533988215,0.2867605686187744,2.8,6.0,0.023851972073316574,0.0,2,-0.9453135579653811,198246.4,1982464.0,3,,439.52926253194073,0.10625,3.821419882774353,212.7161626028092,10,2
2,1.0,100000000.0,0.0,3.725290298461914e-08,0.0,260.8560000080615,0.3929703623057537,59,False,1.6565378641361796,0.3235014081001282,0.2,6.0,0.04074632376432419,3.725290298461914e-08,2,-1.0247541504738698,249036.8,2490368.0,1,,392.9703623057537,0.109375,3.8044500589370727,321.9058622257978,10,2
2,1.0000001192092896,100000000.0,-1.1920928955078125e-07,5.21540641784668e-08,0.0,190.0801999727264,0.5674581641676069,59,False,1.0504363227681521,0.33912086486816406,3.0,6.0,0.039475053548812866,5.21540641784668e-08,2,-0.8089472956219437,524288.0,5242880.0,2,,567.4581641676068,0.1015625,3.9700856447219848,447.1960641555652,10,2
2,1.0,100000000.0,0.0,3.725290298461914e-09,0.0,189.39409998711199,0.3552867259330744,59,False,1.2081481435372388,0.3495015501976013,4.6,6.0,0.03587251901626587,3.725290298461914e-09,2,-0.7817174384604468,183500.8,1835008.0,3,,355.2867259330744,0.1296875,3.7865167379379274,165.8926259459624,10,2
2,1.0,100000000.0,0.0,0.0,0.0,189.6588000236079,0.3657917983771382,60,False,1.4274252524608526,0.37377238273620605,4.2,6.0,0.04441679269075394,0.0,2,-0.8966085254189954,288358.4,2883584.0,1,0.07109375,365.7917983771382,0.0828125,3.880186414718628,245.51339841560332,10,2
2,1.0,100000000.0,0.0,0.0,0.0,224.4387999526225,0.9087502285556278,60,False,1.1681244331194864,0.34842127561569214,2.6,6.0,0.034879885613918304,0.0,2,-1.0384373308375572,812646.4,8126464.0,2,0.07109375,908.7502285556278,0.09375,3.8862517058849333,684.3114286030053,10,2
2,1.0,100000000.0,0.0,0.0,0.0,189.8076999350451,0.7279409218274425,60,False,1.187459930540642,0.3060884475708008,3.8,6.0,0.04423758387565613,0.0,2,-0.9577004261840423,498073.6,4980736.0,3,0.07109375,727.9409218274425,0.1015625,3.812311565876007,607.9417218381907,10,2
2,1.0,100000000.0,0.0,5.587935447692871e-09,0.0,305.385000014212,0.4454000395688186,61,False,1.3026272767869527,0.3521026372909546,2.8,5.1,0.02729026786983013,5.587935447692871e-09,2,-0.8740136637658211,198246.4,1982464.0,1,,445.40003956881856,0.0859375,3.8683140575885773,140.01503955460663,10,2
2,1.0,100000000.0,0.0,5.960464477539063e-08,0.0,158.5857000318356,0.5055359338317311,61,False,0.9542025077354055,0.4117567539215088,3.0,4.0,0.03891967236995697,5.960464477539063e-08,2,-0.7298692803882131,524288.0,5242880.0,2,,505.53593383173114,0.0828125,4.034177511930466,346.9502337998956,10,2
2,1.0,100000000.0,0.0,1.4901161193847656e-08,0.0,189.7756999824196,0.4521136528625049,61,False,1.1397089970473873,0.3110758662223816,4.4,6.0,0.02300146222114563,1.4901161193847656e-08,2,-0.7959113398561073,209715.2,2097152.0,3,,452.11365286250486,0.0765625,4.063581418991089,331.8069528601028,10,2
2,1.0,100000000.0,0.0,0.0,0.0,190.0911999400705,0.804726151380845,62,False,1.2860494395517412,0.26014626026153564,1.8,4.0,0.027285926043987274,0.0,2,-1.0453877954662931,334233.6,3342336.0,1,,804.7261513808451,0.11875,3.722808074951172,614.6349514407746,10,2
2,1.0,100000000.0,0.0,3.5390257835388184e-08,0.0,188.1540000322275,1.5576211224829493,62,False,1.0347133601881533,0.22951358556747437,2.2,6.0,0.019194256514310837,3.5390257835388184e-08,2,-1.296167276725809,734003.2,7340032.0,2,,1557.6211224829492,0.0875,3.891859543323517,1369.4671224507217,10,2
2,0.9999999403953552,100000000.0,5.960464477539063e-08,0.0,0.0,158.91040000133216,0.42844603022198274,62,False,1.1708169399584096,0.3244854211807251,1.5,6.0,0.019289039075374603,0.0,2,-0.7996314850901962,286720.0,2867200.0,3,,428.44603022198277,0.11875,3.76384773850441,271.7972301539135,10,2
2,1.0,100000000.0,0.0,0.0,0.0,188.60159994801506,0.2746746388561366,63,False,1.3694403065683307,0.34718525409698486,4.6,6.0,0.032800883054733276,0.0,2,-0.8220574727122336,183500.8,1835008.0,1,,274.6746388561366,0.115625,3.5956631183624266,152.2564387828385,10,2
2,1.0,100000000.0,0.0,2.9802322387695312e-08,0.0,158.6891000624746,0.3283887134566449,63,False,0.9787110271948178,0.4046507477760315,5.0,6.0,0.0207352414727211,2.9802322387695312e-08,2,-0.6535499001280538,131072.0,1310720.0,2,,328.3887134566449,0.0921875,3.8844487965106964,169.69961339417029,10,2
2,1.0,100000000.0,0.0,5.21540641784668e-08,0.0,189.82069991761819,0.4992901717109577,63,False,1.2029313493901026,0.24375426769256592,4.2,6.0,0.02864132821559906,5.21540641784668e-08,2,-0.8511108127045943,288358.4,2883584.0,3,,499.2901717109577,0.121875,3.774124038219452,379.2880716414162,10,2
2,0.9999999403953552,100000000.0,5.960464477539063e-08,0.0,0.0,186.9219000218436,0.2966005511961828,64,False,1.3650592328022837,0.26632416248321533,5.0,6.0,0.02949283830821514,0.0,2,-0.8308298919992332,131072.0,1310720.0,1,,296.6005511961828,0.125,3.646820843219757,109.67865117433917,10,2
2,1.0,100000000.0,0.0,0.0,0.0,189.68520005000755,0.34746875355338314,64,False,1.0612813774391927,0.47728264331817627,4.2,5.2,0.03246518224477768,0.0,2,-0.7043750654962879,288358.4,2883584.0,2,,347.4687535533831,0.096875,3.9423558115959167,227.17115350385762,10,2
2,0.9999999403953552,100000000.0,5.960464477539063e-08,0.0,0.0,159.11580005194992,0.21284168430830594,64,False,1.118008870053473,0.3660123348236084,0.0,6.0,0.04958497732877731,0.0,2,-0.6654252771808894,49152.0,491520.0,3,,212.84168430830593,0.1265625,3.734530508518219,53.72588425635601,10,2
2,1.0,100000000.0,0.0,1.6763806343078613e-08,0.0,158.8128000148572,0.3838778372978223,65,False,1.3293173471119357,0.21912848949432373,4.0,6.0,0.025433668866753578,1.6763806343078613e-08,2,-0.8565976089686853,262144.0,2621440.0,1,,383.87783729782234,0.140625,3.6015730798244476,226.90873729376023,10,2
2,1.0,100000000.0,0.0,0.0,0.0,158.91860000556335,0.4117995288846118,65,False,1.0046023593736013,0.36927616596221924,1.5,6.0,0.044697076082229614,0.0,2,-0.7082009441291066,286720.0,2867200.0,2,,411.7995288846118,0.0859375,3.9475760459899902,254.86102893893025,10,2
2,1.0,100000000.0,0.0,5.21540641784668e-08,0.0,158.69099996052682,0.19577951356211284,65,False,1.2134258577482475,0.3945729732513428,0.0,6.0,0.03449798375368118,5.21540641784668e-08,2,-0.7046027378092443,49152.0,491520.0,3,,195.77951356211284,0.1171875,3.807339608669281,39.499013504493774,10,2
2,0.9999999403953552,100000000.0,5.960464477539063e-08,0.0,0.0,224.5552999083884,0.3541342018669663,66,False,1.4083325396104502,0.24032896757125854,2.8,5.7,0.03918078541755676,0.0,2,-0.8812333707387083,198246.4,1982464.0,1,,354.1342018669663,0.1296875,3.6358368039131164,129.57890195857794,10,2
2,1.0,100000000.0,0.0,5.774199962615967e-08,0.0,189.1635000356473,0.6644450432548351,66,False,1.0666191793592714,0.36419641971588135,3.0,6.0,0.023361273109912872,5.774199962615967e-08,2,-0.865532169049053,524288.0,5242880.0,2,,664.4450432548351,0.0953125,3.977215588092804,543.7279432706587,10,2
2,1.0,100000000.0,0.0,0.0,0.0,186.64079997688532,0.35252662242152377,66,False,1.2521987870861753,0.304110050201416,3.6,5.2,0.04859325289726257,0.0,2,-0.8023627047538495,367001.6,3670016.0,3,,352.52662242152377,0.096875,3.8158453464508058,230.61602242984455,10,2
2,1.0,100000000.0,0.0,1.4901161193847656e-08,0.0,254.9011999508366,0.5582566504334974,67,False,1.4258455696740122,0.36674070358276367,3.6,5.6,0.03092975914478302,1.4901161193847656e-08,2,-0.992051124954916,367001.6,3670016.0,1,,558.2566504334974,0.13125,3.559463679790497,399.8330503554027,10,2
2,1.0,100000000.0,0.0,0.0,0.0,197.73060001898557,0.22150549247263573,67,False,1.159974485616484,0.39844489097595215,0.0,6.0,0.05180170387029648,0.0,2,-0.6907399890445598,49152.0,491520.0,2,,221.50549247263572,0.096875,3.935131144523621,23.77489245365017,10,2
2,1.0,100000000.0,0.0,2.9802322387695312e-08,0.0,188.95299994619563,0.3941093127903772,67,False,1.1484386663865962,0.33215510845184326,2.4,6.0,0.035547733306884766,2.9802322387695312e-08,2,-0.7712740193908091,176947.2,1769472.0,3,,394.1093127903772,0.0984375,3.7931856751441955,205.15631284418154,10,2
2,1.0,100000000.0,0.0,3.725290298461914e-08,0.0,187.29739997070283,0.509515014194931,68,False,1.2056416262171967,0.28243595361709595,3.4,6.0,0.03331506997346878,3.725290298461914e-08,2,-0.8575783574589668,419430.4,4194304.0,1,,509.5150141949309,0.103125,3.718586039543152,322.21761422422804,10,2
2,1.0,100000000.0,0.0,0.0,0.0,261.0457999398932,0.7935973455157973,68,False,1.398856025275202,0.42029768228530884,3.2,4.4,0.027754994109272957,0.0,2,-1.0962266853954996,471859.2,4718592.0,2,,793.5973455157973,0.1078125,3.9125140428543093,532.5515455759041,10,2
2,1.0,100000000.0,0.0,3.725290298461914e-09,0.0,187.846299901139,0.4376789599793054,68,False,1.2143850663279987,0.3718089461326599,1.2,5.2,0.03155167028307915,3.725290298461914e-09,2,-0.8260320168789423,239206.4,2392064.0,3,,437.6789599793054,0.115625,3.72153480052948,315.13615994677167,10,2
2,1.0,100000000.0,0.0,0.0,0.0,224.61089998250827,0.45242848041280925,69,False,1.4539343453203193,0.3642318844795227,3.0,4.6,0.03342829644680023,0.0,2,-0.9531814128665643,524288.0,5242880.0,1,,452.4284804128093,0.109375,3.6295919358730315,318.2083825188047,10,2
2,1.0,100000000.0,0.0,4.470348358154297e-08,0.0,225.24370002793148,0.6108977038534321,69,False,1.2297713413723999,0.28190213441848755,3.3,6.0,0.039168670773506165,4.470348358154297e-08,2,-0.9203345673163996,445644.8,4456448.0,2,,610.8977038534321,0.103125,3.8782796382904055,385.65400382550064,10,2
2,0.9999999403953552,100000000.0,5.960464477539063e-08,0.0,0.0,159.05370004475117,0.601640015062626,69,False,1.1708169399584096,0.3185654878616333,1.5,5.0,0.03169022873044014,0.0,2,-0.8862284775105178,286720.0,2867200.0,3,,601.6400150626259,0.1125,3.792295068502426,442.5863150178748,10,2
2,1.0,100000000.0,0.0,0.0,0.0,224.49840005720034,0.43784984594253235,70,False,1.6060229719609116,0.4295400381088257,4.0,6.0,0.03230953589081764,0.0,2,-1.021936408951722,262144.0,2621440.0,1,0.0765625,437.84984594253234,0.084375,3.7578598320484162,213.351445885332,10,2
2,1.0,100000000.0,0.0,0.0,0.0,189.88979991991073,0.24678872815970163,70,False,1.091522870717207,0.40555596351623535,0.0,5.4,0.022588614374399185,0.0,2,-0.6691557994384544,49152.0,491520.0,2,0.0765625,246.78872815970163,0.0921875,3.9048389196395874,56.89892823979089,10,2
2,0.9999999403953552,100000000.0,5.960464477539063e-08,0.0,0.0,190.2947000344284,0.49849185467236157,70,False,1.0828004326441347,0.3445320129394531,3.0,5.2,0.03022257797420025,0.0,2,-0.7906461436582481,524288.0,5242880.0,3,0.0765625,498.49185467236157,0.1234375,3.715859842300415,377.9869546741661,10,2
2,0.9999999403953552,100000000.0,5.960464477539063e-08,0.0,0.0,226.0015000938438,0.4128695702131263,71,False,1.4373467667989086,0.4056042432785034,2.8,6.0,0.03320526331663132,0.0,2,-0.9251081685060174,198246.4,1982464.0,1,,412.86957021312634,0.09375,3.8233070850372313,186.8680701192825,10,2
2,0.9999999403953552,100000000.0,5.960464477539063e-08,0.0,0.0,189.97039989335462,0.7927396364709814,71,False,1.0972464793133068,0.3302593231201172,1.8,4.8,0.02110804058611393,0.0,2,-0.9449930578921442,334233.6,3342336.0,2,,792.7396364709814,0.06875,4.004957175254821,602.7692365776268,10,2
2,1.0,100000000.0,0.0,1.30385160446167e-08,0.0,189.87580004613847,0.6501696012706919,71,False,1.194917781300494,0.3385121822357178,1.8,5.2,0.020866015926003456,1.30385160446167e-08,2,-0.922543704324109,334233.6,3342336.0,3,,650.1696012706919,0.0859375,3.9025383234024047,460.2938012245535,10,2
2,1.0,100000000.0,0.0,9.313225746154785e-09,0.0,158.98019989253953,0.6366306149417768,72,False,1.28698106120432,0.38274312019348145,1.5,6.0,0.02283054031431675,9.313225746154785e-09,2,-0.9618058473862741,286720.0,2867200.0,1,,636.6306149417768,0.121875,3.6921554803848267,477.6504150492372,10,2
2,1.0,100000000.0,0.0,3.5390257835388184e-08,0.0,158.89650001190603,0.42905871252754374,72,False,1.0104339273930867,0.3277825117111206,1.5,5.0,0.024439482018351555,3.5390257835388184e-08,2,-0.7197463553505731,286720.0,2867200.0,2,,429.0587125275437,0.1234375,3.755833387374878,270.1622125156377,10,2
2,0.9999999403953552,100000000.0,5.960464477539063e-08,0.0,0.0,158.53099996456876,1.084549034022713,72,False,1.1624099224498494,0.3948514461517334,1.0,6.0,0.028101880103349686,0.0,2,-1.1234794782362814,548864.0,5488640.0,3,,1084.5490340227132,0.1203125,3.7904767096042633,927.6057340986897,10,2
2,1.0,100000000.0,0.0,0.0,0.0,293.6031999415718,0.6919291279114934,73,False,1.463452723428849,0.3102138638496399,2.1,5.4,0.042218416929244995,0.0,2,-1.0776909256701712,381747.2,3817472.0,1,,691.9291279114934,0.128125,3.7105777502059936,398.32592796992157,10,2
2,1.0,100000000.0,0.0,5.960464477539063e-08,0.0,158.70600001653656,1.823657855361752,73,False,1.0537093075183415,0.21397757530212402,3.5,6.0,0.022388413548469543,5.960464477539063e-08,2,-1.4386836410446915,589824.0,5898240.0,2,,1823.657855361752,0.1109375,3.793082535266876,1666.061755472846,10,2
2,1.0,100000000.0,0.0,0.0,0.0,188.0935999797657,2.529714448736785,73,False,1.1675703210377115,0.21312689781188965,3.4,6.0,0.022791948169469833,0.0,2,-1.8486423848872482,419430.4,4194304.0,3,,2529.714448736785,0.109375,3.84879869222641,2341.6208487570193,10,2
2,1.0,100000000.0,0.0,0.0,0.0,226.1070999666117,0.4435356031669221,74,False,1.4122049731805717,0.3018907308578491,4.0,6.0,0.03810536861419678,0.0,2,-0.9278702881737468,262144.0,2621440.0,1,,443.5356031669221,0.128125,3.6491765141487122,217.4285032003104,10,2
2,1.0,100000000.0,0.0,0.0,0.0,159.2283000354655,0.2500406359859968,74,False,1.0456064156934763,0.2722203731536865,0.0,5.0,0.01422931533306837,0.0,2,-0.6478235258397366,49152.0,491520.0,2,,250.0406359859968,0.1171875,3.7367438971996307,93.47403601996996,10,2
2,1.0,100000000.0,0.0,0.0,0.0,187.34219996258616,0.4186304496849521,74,False,1.075957333450321,0.31074392795562744,1.8,6.0,0.0476413369178772,0.0,2,-0.7472938915676366,334233.6,3342336.0,3,,418.6304496849521,0.128125,3.6941294193267824,231.28824972236598,10,2
2,0.9999999403953552,100000000.0,5.960464477539063e-08,0.0,0.0,226.49979998823255,0.8134662069724429,75,False,1.4989953219700853,0.2574728727340698,3.0,5.4,0.022869251668453217,0.0,2,-1.1562307644712642,524288.0,5242880.0,1,,813.4662069724428,0.10625,3.683600050210953,586.9664069842103,10,2
2,1.0,100000000.0,0.0,0.0,0.0,226.59709997242317,0.5384937708554878,75,False,1.1633492919108965,0.22510170936584473,0.9,4.6,0.028533384203910828,0.0,2,-0.8509215313831922,191692.8,1916928.0,2,,538.4937708554878,0.1140625,3.873806416988373,449.2711708122021,10,2
2,1.0,100000000.0,0.0,0.0,0.0,189.7224999847822,0.9533493322697985,75,False,1.3351954929195027,0.4338810443878174,1.2,5.2,0.029311444610357285,0.0,2,-1.1442724125946506,648806.4,6488064.0,3,,953.3493322697984,0.14375,3.7039867401123048,763.6268322850162,10,2
2,1.0,100000000.0,0.0,3.5390257835388184e-08,0.0,158.87479996308684,0.34669764626237864,76,False,1.35559692121992,0.3477867841720581,2.0,6.0,0.02258264645934105,3.5390257835388184e-08,2,-0.8511473191314072,155648.0,1556480.0,1,,346.69764626237867,0.1109375,3.707284390926361,189.1247462590907,10,2
2,1.0,100000000.0,0.0,1.4901161193847656e-08,0.0,189.49550000252202,0.24780169250295017,76,False,1.0814989146146825,0.33153945207595825,2.0,6.0,0.03249862790107727,1.4901161193847656e-08,2,-0.6646503184599776,81920.0,819200.0,2,,247.80169250295017,0.10625,3.779168725013733,124.23917679810387,10,2
2,0.9999999403953552,100000000.0,5.960464477539063e-08,0.0,0.0,187.7362000523135,0.4900155905912569,76,False,1.1555514600438102,0.3260456919670105,4.4,6.0,0.018153827637434006,0.0,2,-0.8227835253175335,209715.2,2097152.0,3,,490.01559059125685,0.128125,3.673445975780487,302.27939053894335,10,2
2,0.9999999403953552,100000000.0,5.960464477539063e-08,0.0,0.0,159.28309998707846,1.0999082241592661,77,False,1.2991173152118334,0.4387611746788025,1.0,6.0,0.03576438128948212,0.0,2,-1.1995127696855499,548864.0,5488640.0,1,,1099.9082241592662,0.13125,3.6384819746017456,942.4516241684289,10,2
2,0.9999999403953552,100000000.0,5.960464477539063e-08,0.0,0.0,159.388099971693,0.5600085762575019,77,False,1.0673913031593663,0.2594047784805298,3.0,6.0,0.03603891283273697,0.0,2,-0.8136999397084341,524288.0,5242880.0,2,,560.0085762575019,0.109375,3.7179801166057587,403.04827632044737,10,2
2,1.0,100000000.0,0.0,1.4901161193847656e-08,0.0,158.64420001162216,0.618701242580312,77,False,1.1815309505764606,0.3311183452606201,1.0,6.0,0.03427606821060181,1.4901161193847656e-08,2,-0.9001161114795475,548864.0,5488640.0,3,,618.701242580312,0.121875,3.686820685863495,461.80664256145303,10,2
2,1.0,100000000.0,0.0,0.0,0.0,189.80369996279478,0.6351239850097058,78,False,1.3606137781002103,0.33827048540115356,2.4,6.0,0.02655208297073841,0.0,2,-0.9978688815549581,176947.2,1769472.0,1,,635.1239850097058,0.1234375,3.6078323125839233,445.320285046911,10,2
2,1.0,100000000.0,0.0,1.6763806343078613e-08,0.0,159.47899996535853,0.8307364855411049,78,False,1.033439197078088,0.33112800121307373,1.5,6.0,0.022940801456570625,1.6763806343078613e-08,2,-0.9320878580734029,286720.0,2867200.0,2,,830.7364855411049,0.1015625,3.7463557422161102,671.2574855757464,10,2
2,1.0,100000000.0,0.0,0.0,0.0,224.32580002350733,0.540127439147357,78,False,1.4025217674062707,0.4711570143699646,2.1,5.4,0.032375190407037735,0.0,2,-0.9713246032768138,381747.2,3817472.0,3,,540.127439147357,0.1296875,3.707277548313141,315.80163912384967,10,2
2,1.0,100000000.0,0.0,0.0,0.0,215.10710002621636,0.2646699725524463,79,False,1.300173115207023,0.2540498971939087,5.0,6.0,0.04910123348236084,0.0,2,-0.7824215438797346,131072.0,1310720.0,1,,264.66997255244627,0.146875,3.579893559217453,59.92147258854808,10,2
2,1.0,100000000.0,0.0,0.0,0.0,158.2588999881409,0.2628659330942818,79,False,0.9751560283849523,0.3502610921859741,2.0,5.0,0.04221784323453903,0.0,2,-0.619010980739617,155648.0,1556480.0,2,,262.8659330942818,0.11875,3.8042643666267395,104.60703310614089,10,2
2,0.9999999403953552,100000000.0,5.960464477539063e-08,0.0,0.0,189.54710010439157,0.39254900786749813,79,False,1.2020542547937638,0.3221600651741028,4.4,6.0,0.020464960485696793,0.0,2,-0.7973016313306309,209715.2,2097152.0,3,,392.5490078674981,0.125,3.70015664100647,204.35935920534305,10,2
2,1.0,100000000.0,0.0,0.0,0.0,187.96500004827976,0.6763162043218816,80,False,1.3694403065683307,0.40000611543655396,0.8,4.8,0.03504890948534012,0.0,2,-1.0228782554451061,448921.6,4489216.0,1,0.08671875,676.3162043218815,0.125,3.6807038307189943,554.3602042755426,10,2
2,1.0,100000000.0,0.0,0.0,0.0,189.68660006066784,0.32636773205343006,80,False,1.0909893815328404,0.27490103244781494,4.4,6.0,0.0473160445690155,0.0,2,-0.7086785567931353,209715.2,2097152.0,2,0.08671875,326.3677320534301,0.128125,3.7683785200119018,136.6811319927622,10,2
2,1.0,100000000.0,0.0,0.0,0.0,260.8329000067897,0.5190007128531497,80,False,1.6368083558126696,0.26767873764038086,4.0,6.0,0.023263733834028244,0.0,2,-1.0779045343329097,262144.0,2621440.0,3,0.08671875,519.0007128531497,0.146875,3.566367733478546,258.1678128463601,10,2
2,1.0,100000000.0,0.0,0.0,0.0,189.0016999677755,0.45330284502147444,81,False,1.3239988564074114,0.2996528744697571,3.4,4.8,0.042308516800403595,0.0,2,-0.8886508507144429,419430.4,4194304.0,1,,453.30284502147447,0.1171875,3.7590373039245604,264.301145053699,10,2
2,1.0,100000000.0,0.0,2.2351741790771484e-08,0.0,226.14189999876544,0.7919996965954063,81,False,1.141331637023037,0.37202298641204834,2.1,4.0,0.04269540309906006,2.2351741790771484e-08,2,-0.9666656891609635,381747.2,3817472.0,2,,791.9996965954062,0.103125,3.7962939381599425,565.8577965966408,10,2
2,1.0,100000000.0,0.0,1.6763806343078613e-08,0.0,188.38060001144186,0.24866457501446995,81,False,1.2165028956739374,0.31948262453079224,2.0,4.8,0.020793111994862556,1.6763806343078613e-08,2,-0.7325837521080101,81920.0,819200.0,3,,248.66457501446996,0.0984375,3.8255517721176147,127.82837499652224,10,2
2,1.0,100000000.0,0.0,0.0,0.0,187.5784998992458,0.3114347187884824,82,False,1.4041982036061071,0.3371204137802124,3.0,5.2,0.0323660671710968,0.0,2,-0.8578164611972947,98304.0,983040.0,1,,311.43471878848237,0.1375,3.656919765472412,123.8562188892366,10,2
2,1.0,100000000.0,0.0,4.284083843231201e-08,0.0,159.35940004419535,0.19346865361760737,82,False,1.0104339273930867,0.35416507720947266,0.0,6.0,0.02584667317569256,4.284083843231201e-08,2,-0.6019513333461854,49152.0,491520.0,2,,193.46865361760737,0.13125,3.7323859333992004,34.109253573412026,10,2
2,1.0,100000000.0,0.0,0.0,0.0,188.45580000197515,0.23218555607173175,82,False,1.2734026694571643,0.23367083072662354,0.0,6.0,0.02633175253868103,0.0,2,-0.752794112764448,49152.0,491520.0,3,,232.18555607173175,0.1109375,3.7396016359329223,43.729756069756604,10,2
2,1.0,100000000.0,0.0,7.450580596923828e-09,0.0,189.2303999629803,0.3032374555430577,83,False,1.2860494395517412,0.353668212890625,4.0,6.0,0.03917624056339264,7.450580596923828e-09,2,-0.7946434549979801,262144.0,2621440.0,1,,303.2374555430577,0.1265625,3.58234179019928,183.7418556049668,10,2
2,1.0,100000000.0,0.0,6.705522537231445e-08,0.0,226.74809995805845,0.2639441175384684,83,False,1.1642867625075388,0.2860439419746399,0.0,4.6,0.04280874878168106,6.705522537231445e-08,2,-0.714115507078229,49152.0,491520.0,2,,263.9441175384684,0.1140625,3.686064577102661,37.19601758040997,10,2
2,1.0,100000000.0,0.0,0.0,0.0,188.04879998788238,0.3123533528157881,83,False,1.238977273525629,0.3011167645454407,3.0,6.0,0.022082693874835968,0.0,2,-0.7756653131707085,98304.0,983040.0,3,,312.35335281578807,0.1296875,3.64351772069931,124.30455282790571,10,2
2,1.0,100000000.0,0.0,0.0,0.0,159.02449999703094,0.9273011629278268,84,False,1.3066905769095913,0.27792614698410034,3.5,6.0,0.02879028394818306,0.0,2,-1.116995869918709,393216.0,3932160.0,1,,927.3011629278268,0.1359375,3.5465267300605774,768.2766629307959,10,2
2,1.0,100000000.0,0.0,3.5390257835388184e-08,0.0,158.87219994328916,0.21645249720076865,84,False,0.9860461963091876,0.39655911922454834,0.0,6.0,0.03038162551820278,3.5390257835388184e-08,2,-0.6012493821452359,49152.0,491520.0,2,,216.45249720076865,0.1265625,3.757922410964966,59.0009972487653,10,2
2,0.9999999403953552,100000000.0,5.960464477539063e-08,0.0,0.0,159.41990009741858,0.6693873208265526,84,False,1.1767707502378528,0.3408619165420532,1.5,6.0,0.036601077765226364,0.0,2,-0.9230790355322027,1048576.0,10485760.0,3,,669.3873208265526,0.1203125,3.6736166775226593,509.96742072913406,10,2
2,1.0,100000000.0,0.0,2.7939677238464355e-08,0.0,247.28469992987812,0.31706510057218923,85,False,1.291261263640398,0.5015982389450073,2.0,4.8,0.02894672565162182,2.7939677238464355e-08,2,-0.8041632100459708,81920.0,819200.0,1,,317.06510057218924,0.1234375,3.613268506526947,135.1176005346942,10,2
2,1.0,100000000.0,0.0,0.0,0.0,189.70610003452748,0.41222747258698417,85,False,1.1244151206615118,0.4935954809188843,3.0,5.2,0.029465075582265854,0.0,2,-0.768321296624248,98304.0,983040.0,2,,412.22747258698416,0.11875,3.7343570470809935,222.52137255245668,10,2
2,1.0,100000000.0,0.0,2.60770320892334e-08,0.0,187.48919991776347,0.26465148628835483,85,False,1.1931051297084363,0.41952401399612427,5.0,6.0,0.0400627963244915,2.60770320892334e-08,2,-0.7288783340754277,131072.0,1310720.0,3,,264.6514862883548,0.14375,3.6394015669822695,77.16228637059136,10,2
2,0.9999999403953552,100000000.0,5.960464477539063e-08,0.0,0.0,189.53169992892072,0.27497084884550255,86,False,1.233072596689225,0.44151604175567627,3.0,5.2,0.02589859999716282,0.0,2,-0.7540217227673638,98304.0,983040.0,1,,274.97084884550253,0.146875,3.5954240202903747,85.43914891658183,10,2
2,0.9999999403953552,100000000.0,5.960464477539063e-08,0.0,0.0,189.70819987589493,0.49674719947756335,86,False,1.0971147374009484,0.4298518896102905,1.8,6.0,0.028019100427627563,0.0,2,-0.7969309684392559,334233.6,3342336.0,2,,496.74719947756336,0.1671875,3.606204330921173,307.0389996016684,10,2
2,0.9999999403953552,100000000.0,5.960464477539063e-08,0.0,0.0,158.75890001188964,0.27050762211134505,86,False,1.084450162463613,0.40886402130126953,2.5,6.0,0.030003756284713745,0.0,2,-0.677478892287479,90112.0,901120.0,3,,270.50762211134503,0.1234375,3.6775888800621033,111.7487220994554,10,2
2,1.0,100000000.0,0.0,1.1175870895385742e-08,0.0,158.58980000484735,0.4080321894952833,87,False,1.2437181723013053,0.48462146520614624,4.5,6.0,0.02674364671111107,1.1175870895385742e-08,2,-0.8258751920741652,196608.0,1966080.0,1,,408.0321894952833,0.11875,3.528755784034729,249.44238949043594,10,2
2,0.9999999403953552,100000000.0,5.960464477539063e-08,0.0,0.0,190.51230000331998,0.27566289811027683,87,False,1.0887549168710402,0.4093601405620575,1.6,6.0,0.020448636263608932,0.0,2,-0.6822089074906585,134348.8,1343488.0,2,,275.66289811027684,0.1125,3.763558101654053,156.29459821018838,10,2
2,1.0,100000000.0,0.0,0.0,0.0,224.67869997490197,0.2789615203874466,87,False,1.1835136555361365,0.5519741177558899,0.0,5.4,0.018119653686881065,0.0,2,-0.7312375879617916,49152.0,491520.0,3,,278.96152038744657,0.1359375,3.604434162378311,80.49686040582735,10,2
2,1.0,100000000.0,0.0,1.1175870895385742e-08,0.0,158.8211000780575,0.3657135107032991,88,False,1.2057096321303444,0.41718679666519165,4.5,6.0,0.03586859256029129,1.1175870895385742e-08,2,-0.7857115825926927,196608.0,1966080.0,1,,365.7135107032991,0.13125,3.5295788943767548,208.41631064564353,10,2
2,1.0,100000000.0,0.0,3.166496753692627e-08,0.0,224.34359998442233,0.46673656637948996,88,False,1.2625302819653963,0.3862103223800659,3.5,6.0,0.022945508360862732,3.166496753692627e-08,2,-0.8646334558374107,106496.0,1064960.0,2,,466.73656637948994,0.1359375,3.641772538423538,242.39296639506765,10,2
2,1.0,100000000.0,0.0,0.0,0.0,261.57829992007464,0.6618308689916896,88,False,1.526354520710852,0.5776538252830505,4.2,6.0,0.019949067384004593,0.0,2,-1.0940926948512708,235929.6,2359296.0,3,,661.8308689916896,0.13125,3.6112815856933596,400.25256907161497,10,2
2,1.0,100000000.0,0.0,3.725290298461914e-09,0.0,190.141299914103,0.3037827528818141,89,False,1.424930840614655,0.39109891653060913,3.0,6.0,0.025191254913806915,3.725290298461914e-09,2,-0.8643568004735249,98304.0,983040.0,1,,303.78275288181413,0.1265625,3.6111534357070925,113.64145296771107,10,2
2,1.0,100000000.0,0.0,1.30385160446167e-08,0.0,189.48990001808852,0.4810660519605957,89,False,1.1413304346596012,0.3864012360572815,3.0,5.2,0.020942941308021545,1.30385160446167e-08,2,-0.8111982563486144,98304.0,983040.0,2,,481.0660519605957,0.1296875,3.6829076647758483,291.5761519425072,10,2
2,1.0,100000000.0,0.0,1.1175870895385742e-08,0.0,226.48660000413656,0.2570285335200635,89,False,1.4052571624960657,0.35857832431793213,1.5,4.6,0.025271784514188766,1.1175870895385742e-08,2,-0.8311428591839355,73728.0,737280.0,3,,257.0285335200635,0.140625,3.6703978180885315,107.70921423995544,10,2
2,1.0,100000000.0,0.0,2.9802322387695312e-08,0.0,188.56440001400188,0.3904301548425881,90,False,1.2998518994611032,0.4174187183380127,1.6,6.0,0.02598314732313156,2.9802322387695312e-08,2,-0.8451410569541681,134348.8,1343488.0,1,0.08203125,390.4301548425881,0.1421875,3.5959131956100463,267.81595484845616,10,2
2,1.0,100000000.0,0.0,2.60770320892334e-08,0.0,189.96680004056543,0.6646698337739066,90,False,1.1391351217570507,0.5189746618270874,3.0,5.2,0.02001875266432762,2.60770320892334e-08,2,-0.9019025038425108,98304.0,983040.0,2,0.08203125,664.6698337739067,0.115625,3.7709619402885437,474.7030337333412,10,2
2,1.0,100000000.0,0.0,0.0,0.0,159.13200000068173,0.43680228331641163,90,False,1.242964917183887,0.4433969259262085,4.5,6.0,0.025339346379041672,0.0,2,-0.8398836002501493,196608.0,1966080.0,3,0.08203125,436.80228331641166,0.125,3.6504209637641907,277.67028331572993,10,2
2,1.0,100000000.0,0.0,0.0,0.0,265.99209988489747,0.9310035400986928,91,False,1.3577429749923333,0.519582986831665,2.8,6.0,0.02283328026533127,0.0,2,-1.144373257545513,576716.8,5767168.0,1,,931.0035400986928,0.1203125,3.662341797351837,756.7631400153298,10,2
2,1.0,100000000.0,0.0,0.0,0.0,192.9616999696009,0.8366506125935993,91,False,1.1326575059191606,0.41947275400161743,0.4,6.0,0.02389666438102722,0.0,2,-0.9846540592563799,448921.6,4489216.0,2,,836.6506125935992,0.096875,3.836801290512085,711.9908125647052,10,2
2,1.0,100000000.0,0.0,3.725290298461914e-09,0.0,189.8442999809049,0.23533729825274446,91,False,1.1919904127189558,0.25748777389526367,2.0,6.0,0.029155515134334564,3.725290298461914e-09,2,-0.7136638592111404,81920.0,819200.0,3,,235.33729825274446,0.11875,3.7470678210258486,78.8427379793717,10,2
2,0.9999999403953552,100000000.0,5.960464477539063e-08,0.0,0.0,263.94239999353886,0.3454485520730536,92,False,1.6135059576672994,0.31824004650115967,5.0,6.0,0.039948754012584686,0.0,2,-0.9794772548701765,131072.0,1310720.0,1,,345.4485520730536,0.1734375,3.5110568761825562,81.50615207951469,10,2
2,1.0,100000000.0,0.0,5.960464477539063e-08,0.0,163.62909995950758,1.1833273784617635,92,False,1.0715557125896258,0.5037912130355835,2.5,6.0,0.030793391168117523,5.960464477539063e-08,2,-1.1274416051303393,655360.0,6553600.0,2,,1183.3273784617636,0.109375,3.7755569517612457,1026.6362785372626,10,2
2,1.0,100000000.0,0.0,0.0,0.0,189.57300001056865,1.730418229906109,92,False,1.1806979728383171,0.4131127595901489,2.6,6.0,0.02438364364206791,0.0,2,-1.4555581013722132,681574.4,6815744.0,3,,1730.418229906109,0.14375,3.6390676498413086,1540.8452298955403,10,2
2,1.0,100000000.0,0.0,4.6566128730773926e-08,0.0,187.6872000284493,0.9442980754647075,93,False,1.2585194279826402,0.2924496531486511,2.8,6.0,0.028186572715640068,4.6566128730773926e-08,2,-1.1014087982898024,576716.8,5767168.0,1,,944.2980754647075,0.1421875,3.5377084255218505,822.2670754875659,10,2
2,1.0,100000000.0,0.0,0.0,0.0,187.37829994643107,1.3884370885147372,93,False,0.99469428875515,0.3645740747451782,3.4,6.0,0.02185196429491043,0.0,2,-1.1915656886349435,498073.6,4980736.0,2,,1388.4370885147373,0.153125,3.577945423126221,1266.591488552339,10,2
2,1.0,100000000.0,0.0,0.0,0.0,158.5719999857247,1.0495522400035096,93,False,1.130572810465964,0.3826616406440735,1.5,6.0,0.02790481224656105,0.0,2,-1.0900625252347367,1048576.0,10485760.0,3,,1049.5522400035095,0.14375,3.5716666281223297,890.9802400177848,10,2
2,1.0,100000000.0,0.0,0.0,0.0,189.8761000484228,0.5948459548968443,94,False,1.3453795274483222,0.3165102005004883,3.4,6.0,0.02077500894665718,0.0,2,-0.9701127411725833,498073.6,4980736.0,1,,594.8459548968443,0.1390625,3.5963902354240416,474.56865482727,10,2
2,1.0,100000000.0,0.0,0.0,0.0,189.3306000274606,1.1326831695627257,94,False,1.1093726622226014,0.4571995735168457,1.2,6.0,0.021665479987859726,0.0,2,-1.1210279158926637,648806.4,6488064.0,2,,1132.6831695627257,0.1328125,3.729130005836487,943.3525695352653,10,2
2,1.0,100000000.0,0.0,0.0,0.0,224.614099948667,1.0402092521547865,94,False,1.1608699221069516,0.31320178508758545,0.6,6.0,0.025644294917583466,0.0,2,-1.1005395871308692,348979.2,3489792.0,3,,1040.2092521547866,0.1171875,3.697551077604294,949.6522521370616,10,2
2,0.9999999403953552,100000000.0,5.960464477539063e-08,0.0,0.0,158.93400000641122,0.3155368217779432,95,False,1.3415705080552953,0.3244335651397705,2.5,6.0,0.02331259287893772,0.0,2,-0.8285536649166192,90112.0,901120.0,1,,315.5368217779432,0.1203125,3.647418111562729,158.39712175541712,10,2
2,1.0,100000000.0,0.0,0.0,0.0,158.98400003788993,0.8202464566701477,95,False,0.9542025077354055,0.229783296585083,2.5,6.0,0.03375796228647232,0.0,2,-0.8872244822027766,655360.0,6553600.0,2,,820.2464566701477,0.153125,3.613115578889847,661.2624566322578,10,2
2,1.0,100000000.0,0.0,2.0489096641540527e-08,0.0,188.8205999857746,1.4350848371171747,95,False,1.2521987870861753,0.3894718885421753,2.6,6.0,0.026072748005390167,2.0489096641540527e-08,2,-1.3436418325907717,681574.4,6815744.0,3,,1435.0848371171746,0.134375,3.666567802429199,1246.2642371314,10,2
2,1.0,100000000.0,0.0,3.725290298461914e-09,0.0,226.3696999871172,0.7163918954284165,96,False,1.3295587970655611,0.3338131904602051,2.2,6.0,0.03949950262904167,3.725290298461914e-09,2,-1.0229753499722791,773324.8,7733248.0,1,,716.3918954284165,0.121875,3.623451054096222,490.0221954412994,10,2
2,1.0,100000000.0,0.0,0.0,0.0,187.6003000070341,1.4547136917579477,96,False,1.0794702160128333,0.37739020586013794,1.0,6.0,0.01608765311539173,0.0,2,-1.2670919538853904,1048576.0,10485760.0,2,,1454.7136917579478,0.15,3.6161108374595643,1267.1133917509137,10,2
2,1.0,100000000.0,0.0,5.587935447692871e-09,0.0,187.88879999192432,0.8908237196798845,96,False,1.1690746468155555,0.38489145040512085,3.4,6.0,0.025723185390233994,5.587935447692871e-09,2,-1.0299491888356553,498073.6,4980736.0,3,,890.8237196798844,0.1359375,3.6166553020477297,768.9752196371963,10,2
2,1.0,100000000.0,0.0,0.0,0.0,247.34310008352622,0.8809586056288286,97,False,1.2880849806571222,0.4512750506401062,3.4,6.0,0.022169165313243866,0.0,2,-1.0845217931429754,498073.6,4980736.0,1,,880.9586056288285,0.121875,3.683951938152313,713.2165056666313,10,2
2,0.9999999403953552,100000000.0,5.960464477539063e-08,0.0,0.0,188.014299958013,0.24990912841847038,97,False,1.1060295396832938,0.32050657272338867,2.0,6.0,0.022434648126363754,0.0,2,-0.6779693340508821,81920.0,819200.0,2,,249.90912841847037,0.1078125,3.7995293378829955,126.43732847161462,10,2
2,1.0,100000000.0,0.0,5.587935447692871e-09,0.0,159.36869999859482,0.2569186297164715,97,False,1.1291548333806067,0.5265803933143616,2.5,6.0,0.025885174050927162,5.587935447692871e-09,2,-0.6930367371364745,90112.0,901120.0,3,,256.9186297164715,0.1390625,3.6371573209762573,100.53662981730396,10,2
2,1.0,100000000.0,0.0,3.91155481338501e-08,0.0,225.02660000463948,0.677116345930066,98,False,1.4373467667989086,0.23794341087341309,0.9,6.0,0.028647849336266518,3.91155481338501e-08,2,-1.0572315954800353,191692.8,1916928.0,1,,677.116345930066,0.14375,3.497039520740509,586.1992459061221,10,2
2,1.0,100000000.0,0.0,2.0489096641540527e-08,0.0,190.26250002207235,0.21941780143411882,98,False,1.0564138697511587,0.36201828718185425,0.0,6.0,0.028550254181027412,2.0489096641540527e-08,2,-0.6379158560817354,49152.0,491520.0,2,,219.41780143411881,0.1265625,3.7092456102371214,35.22910568554001,10,2
2,1.0,100000000.0,0.0,7.450580596923828e-09,0.0,224.66389992041513,0.4396335742540495,98,False,1.3713521526764718,0.4746394753456116,5.0,6.0,0.02516265958547592,7.450580596923828e-09,2,-0.9054928709158412,131072.0,1310720.0,3,,439.63357425404945,0.1328125,3.6667784452438354,214.96967433363432,10,2
2,1.0,100000000.0,0.0,0.0,0.0,158.60540000721812,0.18279863501218763,99,False,1.4138475474208247,0.4297148585319519,0.0,6.0,0.04010985791683197,0.0,2,-0.7983230912165062,49152.0,491520.0,1,,182.79863501218762,0.1328125,3.5527165234088898,24.19323500496952,10,2
2,1.0,100000000.0,0.0,0.0,0.0,189.63609996717423,0.9273778042218158,99,False,1.116341214982433,0.4500734806060791,1.0,6.0,0.02748977579176426,0.0,2,-1.0218595096021243,1048576.0,10485760.0,2,,927.3778042218158,0.1359375,3.5843806862831116,737.7417042546416,10,2
2,1.0,100000000.0,0.0,2.2351741790771484e-08,0.0,188.2467000395991,1.738222837504833,99,False,1.2446063577876283,0.3541794419288635,2.6,6.0,0.017765294760465622,2.2351741790771484e-08,2,-1.4914146199979723,681574.4,6815744.0,3,,1738.222837504833,0.15625,3.6003873467445375,1549.976137465234,10,2
7,1.0,100000000.0,0.0,4.470348358154297e-08,0.0,89.97209998778999,0.2925126144085127,100,False,8.798385930790678,0.4044734239578247,2.3,5.5,0.03694417327642441,4.470348358154297e-08,6,-4.5454493173030786,129433.6,1294336.0,1,0.09453125,292.51261440851266,0.14375,3.5750730276107787,232.6692144391174,10,6
2,0.9999999403953552,20000000.0,5.960464477539063e-08,0.0,0.0,188.1639999919571,1.2643166427134056,100,False,1.0416172881757464,0.4025859236717224,2.0,6.0,0.01873750612139702,0.0,2,-1.152966965444576,81920.0,819200.0,2,0.09453125,1264.3166427134056,0.15625,3.6749114990234375,1142.0521427627173,10,2
2,1.0,100000000.0,0.0,0.0,0.0,187.70609999774024,1.235953549358816,100,False,1.1814840891324594,0.4009586572647095,1.8,6.0,0.025008495897054672,0.0,2,-1.2087188192456377,838860.8,8388608.0,3,0.09453125,1235.953549358816,0.1359375,3.5876028299331666,1048.2474493610757,10,2
7,1.0,100000000.0,0.0,5.587935447692871e-09,0.0,90.17989999847487,0.3998819631744934,101,False,6.436674699738336,0.4576414227485657,3.7,6.0,0.019418004900217056,5.587935447692871e-09,5,-3.41827833704435,332595.2,3325952.0,1,,399.8819631744934,0.1234375,3.6315619111061097,327.06646314932163,10,5
2,1.0,20000000.0,0.0,0.0,0.0,190.20420010201633,2.091871109918432,101,False,1.0779739926101946,0.43374311923980713,0.8,6.0,0.02638549543917179,0.0,2,-1.5849225512643133,448921.6,4489216.0,2,,2091.871109918432,0.1203125,3.7988409996032715,1971.6502098708615,10,2
2,1.0,100000000.0,0.0,3.166496753692627e-08,0.0,224.81889999471605,0.5827670164716239,101,False,1.2286850271104932,0.4586033821105957,0.3,6.0,0.025584649294614792,3.166496753692627e-08,2,-0.9057260534560261,348979.2,3489792.0,3,,582.7670164716238,0.1109375,3.7242143034934996,492.10771643163594,10,2
7,1.0,100000000.0,0.0,4.470348358154297e-08,0.0,73.36169999325648,1.0068346005852522,102,False,8.577010433777248,0.4172295331954956,1.8,5.6,0.025954052805900574,4.470348358154297e-08,6,-4.791922561884734,599654.4,5996544.0,1,,1006.8346005852522,0.15,3.5019817113876344,935.1642006064952,10,6
2,1.0,20000000.0,0.0,7.450580596923828e-09,0.0,190.25729998247698,0.6312940841349006,102,False,1.0647786373111865,0.48795264959335327,5.0,6.0,0.028077691793441772,7.450580596923828e-09,2,-0.8480363681736242,131072.0,1310720.0,2,,631.2940841349006,0.1125,3.627553427219391,452.01766922119947,10,2
2,1.0,100000000.0,0.0,5.4016709327697754e-08,0.0,189.40820003626868,0.28692505038841115,102,False,1.1951518841856112,0.4925152063369751,5.0,6.0,0.025669166818261147,5.4016709327697754e-08,2,-0.7410385213037205,131072.0,1310720.0,3,,286.92505038841114,0.1578125,3.5774611949920656,156.9652696262579,10,2
7,1.0,100000000.0,0.0,1.30385160446167e-08,0.0,235.0866999477148,0.8981236578498196,103,False,9.916396073605917,0.5128514766693115,3.2,6.0,0.022559262812137604,1.30385160446167e-08,6,-5.407259878766384,298188.8,2981888.0,1,,898.1236578498197,0.1484375,3.5413754999637606,841.3276578017671,10,6
2,0.9999999403953552,20000000.0,5.960464477539063e-08,0.0,0.0,187.831099901814,0.8684258757451102,103,False,1.0551644958205908,0.4830739498138428,2.0,6.0,0.03582590073347092,0.0,2,-0.9617951857828505,81920.0,819200.0,2,,868.4258757451103,0.15,3.6482882380485533,745.9502757586092,10,2
2,1.0,100000000.0,0.0,0.0,0.0,190.00580004649237,0.2156498124660151,103,False,1.323274324449359,0.4330404996871948,2.0,6.0,0.039674311876297,0.0,2,-0.769462068457687,81920.0,819200.0,3,,215.6498124660151,0.1546875,3.521053445339203,68.2749961204007,10,2
7,1.0,100000000.0,0.0,4.284083843231201e-08,0.0,190.0574000319466,0.7627065284944373,104,False,3.2609326132719403,0.37639057636260986,2.1,5.6,0.02981310896575451,4.284083843231201e-08,3,-2.011819613724027,673382.4,6733824.0,1,,762.7065284944373,0.1515625,3.5147288858890535,572.6491284624907,10,3
2,1.0,20000000.0,0.0,2.7939677238464355e-08,0.0,189.7423000773415,7.859292267242428,104,False,1.1138161507275652,0.34484970569610596,3.2,6.0,0.026589347049593925,2.7939677238464355e-08,2,-4.486554236924674,681574.4,6815744.0,2,,7859.292267242428,0.1203125,3.795575165748596,7669.549967165087,10,2
2,1.0,100000000.0,0.0,0.0,0.0,158.83600001689047,1.4924209512868463,104,False,1.141714556008754,0.27583467960357666,3.0,6.0,0.03660000488162041,0.0,2,-1.3170677536478002,589824.0,5898240.0,3,,1492.4209512868463,0.1421875,3.609057277441025,1333.5849512699558,10,2
7,0.9999998807907104,100000000.0,1.1920928955078125e-07,0.0,0.0,90.64919996308163,0.6850539953443853,105,False,6.456760409129667,0.4180217981338501,0.7,6.0,0.0289557334035635,0.0,5,-3.5709072022370263,257228.8,2572288.0,1,,685.0539953443853,0.1671875,3.505212354660034,612.4488952914884,10,5
2,1.0,20000000.0,0.0,0.0,0.0,187.9220000701025,0.4686714099713691,105,False,1.073146560550959,0.3809698224067688,2.0,6.0,0.030874576419591904,0.0,2,-0.770908985261164,81920.0,819200.0,2,,468.6714099713691,0.13125,3.588994789123535,346.39021000993404,10,2
2,1.0,100000000.0,0.0,4.0978193283081055e-08,0.0,187.97049997374415,0.27803844078162004,105,False,1.264794196780665,0.39703381061553955,3.0,6.0,0.034990306943655014,4.0978193283081055e-08,2,-0.7714163597593359,98304.0,983040.0,3,,278.03844078162007,0.11875,3.611140275001526,90.06794080787587,10,2
7,1.0,100000000.0,0.0,2.0489096641540527e-08,0.0,90.97799996379763,0.39747286000625615,106,False,8.946340151182326,0.44490957260131836,2.6,6.0,0.03080320917069912,2.0489096641540527e-08,6,-4.671906526083388,176947.2,1769472.0,1,,397.47286000625616,0.1625,3.3937049925327303,329.83526000158315,10,6
2,0.9999999403953552,20000000.0,5.960464477539063e-08,0.0,0.0,187.8397999680601,0.6510701807981367,106,False,1.1326575059191606,0.4599999785423279,2.0,6.0,0.025538872927427292,0.0,2,-0.8918638433586487,81920.0,819200.0,2,,651.0701807981367,0.1703125,3.513343667984009,529.8044807693931,10,2
2,1.0,100000000.0,0.0,0.0,0.0,187.07040004665032,0.6489606306204326,106,False,1.2298564681315496,0.42683273553848267,2.6,6.0,0.019108932465314865,0.0,2,-0.9394085493759912,681574.4,6815744.0,3,,648.9606306204327,0.1328125,3.6007611632347105,461.89023057378233,10,2
7,1.0,100000000.0,0.0,9.313225746154785e-09,0.0,88.98110000882298,0.20844574802292395,107,False,6.66243147207426,0.4475191831588745,2.5,6.0,0.02391720376908779,9.313225746154785e-09,5,-3.435438619361818,90112.0,901120.0,1,,208.44574802292396,0.175,3.40858678817749,135.72984799945613,10,5
2,1.0,20000000.0,0.0,0.0,0.0,188.42509994283319,4.178009524666605,107,False,1.1025511013970228,0.5967563390731812,0.6,6.0,0.025461960583925247,0.0,2,-2.6402803130318135,648806.4,6488064.0,2,,4178.009524666605,0.1375,3.653797686100006,3989.584424723772,10,2
2,0.9999999403953552,100000000.0,5.960464477539063e-08,0.0,0.0,159.2267999658361,0.3157252345275612,107,False,1.1513178204404384,0.4687666893005371,2.5,6.0,0.01604560576379299,0.0,2,-0.7335215274839998,90112.0,901120.0,3,,315.72523452756116,0.1703125,3.5582231879234314,159.37183449692216,10,2
7,1.0,100000000.0,0.0,0.0,0.0,72.99939991207793,0.8953476700522573,108,False,8.530275359398123,0.39422619342803955,3.2,6.0,0.028977500274777412,0.0,6,-4.712811514725191,298188.8,2981888.0,1,,895.3476700522574,0.1671875,3.4449001491069793,822.3482701401795,10,6
2,1.0,20000000.0,0.0,0.0,0.0,159.68129999237135,3.5158602694623435,108,False,1.0700532917402672,0.5053591728210449,0.5,6.0,0.02620963379740715,0.0,2,-2.2929567806013056,548864.0,5488640.0,2,,3515.8602694623437,0.1421875,3.5979523062705994,3358.946369471148,10,2
2,0.9999999403953552,100000000.0,5.960464477539063e-08,0.0,0.0,226.5690000494942,0.3316472919350611,108,False,1.4749383407010288,0.5273152589797974,3.5,6.0,0.027353711426258087,0.0,2,-0.9032928163180449,106496.0,1064960.0,3,,331.6472919350611,0.1484375,3.585948592424393,105.07829188556687,10,2
7,1.0,100000000.0,0.0,0.0,0.0,141.98200008831918,0.2625718442816132,109,False,6.776299085570745,0.47687047719955444,4.0,6.0,0.021411515772342682,0.0,5,-3.519435464926179,114688.0,1146880.0,1,,262.57184428161315,0.1671875,3.3873815059661867,120.589844193294,10,5
2,0.9999999403953552,20000000.0,5.960464477539063e-08,0.0,0.0,225.7701000198722,0.8927838073867562,109,False,1.1127347428597103,0.38568568229675293,5.0,6.0,0.01948811113834381,0.0,2,-1.0027592751232333,131072.0,1310720.0,2,,892.7838073867563,0.165625,3.605797380208969,667.0137073668841,10,2
2,1.0,100000000.0,0.0,0.0,0.0,159.36850005527958,0.21405477894898436,109,False,1.1291548333806067,0.48359572887420654,0.0,6.0,0.028086069971323013,0.0,2,-0.6716048061647956,49152.0,491520.0,3,,214.05477894898436,0.140625,3.558847427368164,57.209478898066344,10,2
7,0.9999999403953552,100000000.0,5.960464477539063e-08,0.0,0.0,122.35809996491298,0.18195502748024497,110,False,4.825862494287031,0.4584062099456787,3.0,6.0,0.02147628366947174,0.0,4,-2.503908760883638,98304.0,983040.0,1,0.1,181.95502748024498,0.1484375,3.504999727010727,61.07016877495537,10,4
2,1.0,20000000.0,0.0,0.0,0.0,190.0258000823669,0.493054982892086,110,False,1.1272705818270898,0.4263577461242676,3.0,6.0,0.04135023057460785,0.0,2,-0.8101627823595879,98304.0,983040.0,2,0.1,493.054982892086,0.153125,3.584081244468689,303.0291828097191,10,2
2,1.0,100000000.0,0.0,1.1175870895385742e-08,0.0,159.21870002057403,0.2967139657386987,110,False,1.1291548333806067,0.5070540904998779,2.5,6.0,0.028278976678848267,1.1175870895385742e-08,2,-0.7129344107355235,90112.0,901120.0,3,0.1,296.7139657386987,0.1515625,3.4454586803913116,137.49526571812464,10,2
7,1.0,100000000.0,0.0,0.0,0.0,90.58809996349737,0.8280612268080061,111,False,8.707117120653356,0.4438289403915405,3.6,6.0,0.021143630146980286,0.0,6,-4.767589173730681,432537.6,4325376.0,1,,828.061226808006,0.125,3.599487340450287,737.4731268445087,10,6
2,1.0,20000000.0,0.0,0.0,0.0,187.4426999129355,0.7136200099470729,111,False,1.1244151206615118,0.3927299976348877,3.0,6.0,0.02479250729084015,0.0,2,-0.9190175653042923,98304.0,983040.0,2,,713.6200099470728,0.109375,3.743632674217224,526.1773100341373,10,2
2,1.0,100000000.0,0.0,3.725290298461914e-09,0.0,224.4970001047477,0.2966408682591234,111,False,1.4013729780010848,0.5209240913391113,5.0,6.0,0.032098252326250076,3.725290298461914e-09,2,-0.8490069268553944,131072.0,1310720.0,3,,296.6408682591234,0.128125,3.6635770440101623,95.9688453574655,10,2
7,1.0,100000000.0,0.0,0.0,0.0,72.37989990971982,0.169948995035098,112,False,10.938660178067249,0.5483876466751099,2.0,6.0,0.01862330175936222,0.0,7,-5.554304586551173,81920.0,819200.0,1,,169.948995035098,0.146875,3.433793580532074,97.56909512537817,10,7
2,1.0,20000000.0,0.0,0.0,0.0,261.29400002537295,0.9452972871917268,112,False,1.3213106087686433,0.3899204730987549,5.0,6.0,0.018687402829527855,0.0,2,-1.133303947980185,131072.0,1310720.0,2,,945.2972871917268,0.1703125,3.6314270853996278,684.0032871663539,10,2
2,1.0,100000000.0,0.0,3.166496753692627e-08,0.0,225.13350006192923,0.2703812305259332,112,False,1.25259672121255,0.5118162631988525,0.0,6.0,0.019084284082055092,3.166496753692627e-08,2,-0.7614890075342091,49152.0,491520.0,3,,270.38123052593323,0.171875,3.509392786026001,61.38562726356546,10,2
7,1.0,100000000.0,0.0,0.0,0.0,119.80749992653728,0.20892027849905143,113,False,7.136698163570215,0.5180116891860962,1.5,5.8,0.02198316901922226,0.0,5,-3.6728092210346333,73728.0,737280.0,1,,208.92027849905142,0.190625,3.3167278587818148,117.85607851916875,10,5
2,0.9999999403953552,20000000.0,5.960464477539063e-08,0.0,0.0,260.7980000320822,1.1843775938304377,113,False,1.3213106087686433,0.42824888229370117,5.0,6.0,0.02103372849524021,0.0,2,-1.2528441012995404,131072.0,1310720.0,2,,1184.3775938304377,0.1703125,3.4503982305526733,923.5795937983555,10,2
2,1.0,100000000.0,0.0,0.0,0.0,159.06530001666397,0.32095020682792896,113,False,1.084450162463613,0.5331750512123108,2.5,6.0,0.01981835626065731,0.0,2,-0.702700184645771,90112.0,901120.0,3,,320.950206827929,0.1578125,3.6201644837856293,161.88490681126498,10,2
7,1.0,100000000.0,0.0,1.30385160446167e-08,0.0,88.28739996533841,0.1962504515362571,114,False,8.942543186680906,0.5685940980911255,4.0,6.0,0.024472560733556747,1.30385160446167e-08,6,-4.569396832147097,114688.0,1146880.0,1,,196.2504515362571,0.1578125,3.3772827446460725,135.05105148615715,10,6
2,1.0,20000000.0,0.0,0.0,0.0,189.94369998108596,5.78911073836845,114,False,1.063760279095368,0.44613754749298096,2.6,6.0,0.035721033811569214,0.0,2,-3.4264355087319087,681574.4,6815744.0,2,,5789.11073836845,0.1390625,3.6065705180168153,5599.167038387364,10,2
2,1.0,100000000.0,0.0,0.0,0.0,225.0154999201186,0.3633919520461236,114,False,1.2923970168216792,0.40009886026382446,5.0,6.0,0.027510173618793488,0.0,2,-0.8278944844339013,131072.0,1310720.0,3,,363.3919520461236,0.159375,3.5003847181797028,138.37645212600503,10,2
7,1.0,100000000.0,0.0,4.842877388000488e-08,0.0,198.7572999787517,0.30366944900598736,115,False,7.316778484627511,0.47441548109054565,3.6,6.0,0.020905960351228714,4.842877388000488e-08,5,-3.810224015245523,206438.4,2064384.0,1,,303.66944900598736,0.2015625,3.3337982475757597,142.57259813379565,10,5
2,1.0,20000000.0,0.0,7.450580596923828e-09,0.0,190.11630001477897,0.90177007932952,115,False,1.069692251521635,0.41955262422561646,5.0,6.0,0.018746569752693176,7.450580596923828e-09,2,-0.9857311728761581,131072.0,1310720.0,2,,901.7700793295201,0.1453125,3.574443054199219,711.6537793147411,10,2
2,1.0,100000000.0,0.0,2.421438694000244e-08,0.0,188.18000005558133,0.28644741120957695,115,False,1.1629865143234248,0.43367934226989746,2.0,6.0,0.017926691100001335,2.421438694000244e-08,2,-0.7247169869808878,81920.0,819200.0,3,,286.44741120957696,0.15625,3.5761064171791075,164.29381123022102,10,2
7,1.0,100000000.0,0.0,0.0,0.0,88.21180002996698,0.36501181466099253,116,False,9.14255514166725,0.3858482241630554,3.6,6.0,0.02240728959441185,0.0,6,-4.753783478164121,193331.2,1933312.0,1,,365.0118146609925,0.175,3.3910580813884734,291.8691146472879,10,6
2,1.0,20000000.0,0.0,7.450580596923828e-09,0.0,187.05789995146915,2.362282412248991,116,False,1.0193906934221302,0.46901935338974,3.8,6.0,0.032027870416641235,7.450580596923828e-09,2,-1.690836560286141,367001.6,3670016.0,2,,2362.282412248991,0.178125,3.58088538646698,2175.224512297522,10,2
2,0.9999999403953552,100000000.0,5.960464477539063e-08,0.0,0.0,159.61080003762618,0.28513268400851677,116,False,1.18385734690233,0.46727561950683594,2.5,6.0,0.02997547946870327,0.0,2,-0.7344950154554233,90112.0,901120.0,3,,285.1326840085168,0.1609375,3.5187211334705353,125.52188397089056,10,2
7,1.0,100000000.0,0.0,3.725290298461914e-08,0.0,121.38420005794615,0.14479798625177925,117,False,7.089819767342954,0.40448451042175293,2.5,6.0,0.035306140780448914,3.725290298461914e-08,5,-3.6173089140502697,90112.0,901120.0,1,,144.79798625177926,0.165625,3.421919268369675,51.49020359671541,10,5
2,1.0,20000000.0,0.0,0.0,0.0,158.42199994949624,1.0679430974062591,117,False,0.9473595659037852,0.5345810651779175,5.0,6.0,0.03065224178135395,0.0,2,-1.0076513316550222,131072.0,1310720.0,2,,1067.943097406259,0.1796875,3.4140100181102753,909.521097456763,10,2
2,1.0,100000000.0,0.0,1.1175870895385742e-08,0.0,187.89290002314374,0.22752615092313894,117,False,1.2554846007864047,0.41596537828445435,0.0,6.0,0.021749358624219894,1.1175870895385742e-08,2,-0.7415053870306427,49152.0,491520.0,3,,227.52615092313894,0.140625,3.482047998905182,41.04898237177905,10,2
7,1.0,100000000.0,0.0,0.0,0.0,122.59820004692301,0.23612868193134645,118,False,4.449657915684924,0.31369274854660034,3.8,6.0,0.014726251363754272,0.0,4,-2.3428932988081352,140902.4,1409024.0,1,,236.12868193134645,0.146875,3.5078577399253845,113.53048188442342,10,4
2,1.0,20000000.0,0.0,2.0489096641540527e-08,0.0,224.88420002628118,0.6117520435145636,118,False,1.2073781676941455,0.47957515716552734,3.5,6.0,0.027065327391028404,2.0489096641540527e-08,2,-0.9095651260934512,106496.0,1064960.0,2,,611.7520435145636,0.15625,3.5932336330413817,386.86784348828246,10,2
2,1.0,100000000.0,0.0,0.0,0.0,187.48730001971126,0.3452107802638915,118,False,1.2794997599290914,0.48282742500305176,5.0,6.0,0.023603105917572975,0.0,2,-0.8123552700964914,131072.0,1310720.0,3,,345.21078026389154,0.1640625,3.498566508293152,157.72348024418025,10,2
7,1.0,100000000.0,0.0,7.450580596923828e-09,0.0,122.18319991370663,0.22385895374337472,119,False,4.738205225493287,0.45080262422561646,4.5,6.0,0.02651003934442997,7.450580596923828e-09,4,-2.4810320970689115,122880.0,1228800.0,1,,223.8589537433747,0.1390625,3.4480360090732574,133.94605385711677,10,4
2,0.9999999403953552,20000000.0,5.960464477539063e-08,0.0,0.0,188.01040010293946,0.5972241241187777,119,False,1.0779739926101946,0.48245054483413696,2.0,6.0,0.0214135330170393,0.0,2,-0.8375990583644861,81920.0,819200.0,2,,597.2241241187777,0.1578125,3.498973381519318,475.7635240611608,10,2
2,1.0,100000000.0,0.0,2.9802322387695312e-08,0.0,224.96889997273684,0.25004975999429135,119,False,1.3191312723998303,0.409254789352417,0.0,6.0,0.02569274604320526,2.9802322387695312e-08,2,-0.7845905459993832,49152.0,491520.0,3,,250.04975999429135,0.153125,3.4943410634994505,48.57302650322264,10,2
7,1.0,100000000.0,0.0,0.0,0.0,122.46859993319958,0.7492631246941874,120,False,4.721655893263166,0.5593246221542358,1.3,6.0,0.019675862044095993,0.0,4,-2.7354595089786766,365363.2,3653632.0,1,0.1171875,749.2631246941875,0.1984375,3.265244734287262,659.326524627466,10,4
2,1.0,20000000.0,0.0,1.4901161193847656e-08,0.0,224.8989000217989,0.6462042633618089,120,False,1.255295579996393,0.38817232847213745,1.5,6.0,0.027522830292582512,1.4901161193847656e-08,2,-0.9507499365802621,73728.0,737280.0,2,0.1171875,646.2042633618089,0.15,3.6117416858673095,554.7636633097986,10,2
2,1.0,100000000.0,0.0,4.0978193283081055e-08,0.0,158.9174999971874,0.27162019792008407,120,False,1.211810284780195,0.4905874729156494,5.0,6.0,0.021667178720235825,4.0978193283081055e-08,2,-0.7417152823283328,131072.0,1310720.0,3,0.1171875,271.6201979200841,0.1703125,3.3827680945396423,114.38139801607662,10,2
7,1.0,100000000.0,0.0,7.450580596923828e-09,0.0,120.05489994771779,0.19312868681810563,121,False,6.794159628763628,0.4569619297981262,3.5,6.0,0.02465631812810898,7.450580596923828e-09,5,-3.4936441652414474,106496.0,1064960.0,1,,193.12868681810562,0.1453125,3.624860942363739,93.14605197091815,10,5
2,1.0,20000000.0,0.0,5.774199962615967e-08,0.0,236.08910001348704,0.7807281791148971,121,False,1.1736669703474258,0.4127146005630493,1.5,6.0,0.01998067833483219,5.774199962615967e-08,2,-0.977197632473161,73728.0,737280.0,2,,780.7281791148971,0.1546875,3.5762199461460114,691.105479051851,10,2
2,1.0,100000000.0,0.0,0.0,0.0,188.1889999494888,0.21615743817232724,121,False,1.1512777485797094,0.3293602466583252,2.0,6.0,0.03943369537591934,0.0,2,-0.6837175933760183,81920.0,819200.0,3,,216.15743817232723,0.146875,3.6448185324668883,71.98341898247206,10,2
7,1.0,100000000.0,0.0,4.284083843231201e-08,0.0,121.3078000000678,0.2953095372724778,122,False,6.591166185754201,0.27587658166885376,2.5,6.0,0.013518085703253746,4.284083843231201e-08,5,-3.4432379043541776,90112.0,901120.0,1,,295.30953727247777,0.20625,3.393066769838333,223.7291372805333,10,5
2,1.0,20000000.0,0.0,2.0489096641540527e-08,0.0,159.06939993146807,2.4492514385509088,122,False,1.0106017830356604,0.3594942092895508,4.0,6.0,0.021270785480737686,2.0489096641540527e-08,2,-1.7299266312823813,327680.0,3276800.0,2,,2449.251438550909,0.178125,3.481216609477997,2292.698938575831,10,2
2,1.0,100000000.0,0.0,1.1175870895385742e-08,0.0,159.12160003790632,0.23846100851412153,122,False,1.2283555155778918,0.3975735306739807,2.5,6.0,0.0325811542570591,1.1175870895385742e-08,2,-0.7334082732218775,90112.0,901120.0,3,,238.46100851412152,0.171875,3.4618128836154938,79.33940847621521,10,2
7,1.0,100000000.0,0.0,0.0,0.0,158.8269000640139,0.2516994680556879,123,False,4.858211594291328,0.357069730758667,5.0,6.0,0.03231387585401535,0.0,4,-2.554955531173508,131072.0,1310720.0,1,,251.69946805568787,0.14375,3.4448887765407563,92.87256799167396,10,4
2,1.0000001192092896,20000000.0,-1.1920928955078125e-07,5.21540641784668e-08,0.0,224.68140005366877,0.84206981435667,123,False,1.1736669703474258,0.5198591947555542,5.0,6.0,0.03338618576526642,5.21540641784668e-08,2,-1.0078684445061121,131072.0,1310720.0,2,,842.06981435667,0.1953125,3.3561939656734467,752.0912143193858,10,2
2,1.0,100000000.0,0.0,1.4901161193847656e-08,0.0,187.18060001265258,0.24272793916671453,123,False,1.2181117720289967,0.38082897663116455,2.0,6.0,0.023476749658584595,1.4901161193847656e-08,2,-0.7304198704990168,81920.0,819200.0,3,,242.72793916671452,0.1625,3.4557626247406006,58.86937494039535,10,2
7,1.0,100000000.0,0.0,0.0,0.0,122.0026999944821,0.22918919155041384,124,False,6.9833244728075385,0.42015862464904785,4.0,6.0,0.019673213362693787,0.0,5,-3.606256832178976,114688.0,1146880.0,1,,229.18919155041385,0.15,3.3660434544086457,107.18649155593175,10,5
2,1.0,20000000.0,0.0,3.166496753692627e-08,0.0,225.24580004392192,1.5216561025418789,124,False,1.1779820818003774,0.45589470863342285,1.5,6.0,0.0254810880869627,3.166496753692627e-08,2,-1.3498191238360957,73728.0,737280.0,2,,1521.656102541879,0.165625,3.4327952325344087,1429.6392025254183,10,2
2,1.0,100000000.0,0.0,0.0,0.0,188.3524000295438,0.3462148726102585,124,False,1.2064842974296992,0.5307139754295349,3.0,6.0,0.022176463156938553,0.0,2,-0.7763495850199789,98304.0,983040.0,3,,346.2148726102585,0.1296875,3.500336527824402,157.8624725807147,10,2
7,1.0,100000000.0,0.0,0.0,0.0,158.92790007637814,0.208031007094523,125,False,7.22975856769858,0.46887481212615967,1.0,5.6,0.022176671773195267,0.0,5,-3.7188947873965517,65536.0,655360.0,1,,208.03100709452298,0.16875,3.3911280393600465,49.10310701814484,10,5
2,1.0,20000000.0,0.0,0.0,0.0,190.01999992178753,0.46515389750365366,125,False,1.1243462069780437,0.43825751543045044,0.0,6.0,0.020734520629048347,0.0,2,-0.7947500522408486,49152.0,491520.0,2,,465.15389750365364,0.153125,3.5744779109954834,275.1338975818661,10,2
2,1.0,100000000.0,0.0,0.0,0.0,187.89039994589984,0.40033544364005097,125,False,1.238977273525629,0.3583301305770874,3.0,6.0,0.014984501525759697,0.0,2,-0.81965635858284,98304.0,983040.0,3,,400.335443640051,0.16875,3.533626878261566,212.44504369415114,10,2
7,1.0,100000000.0,0.0,0.0,0.0,121.52930005686358,0.1858080313573498,126,False,4.895726351854513,0.3982751965522766,3.0,5.8,0.014978351071476936,0.0,4,-2.540767191605932,98304.0,983040.0,1,,185.8080313573498,0.1890625,3.242886471748352,79.08409434161175,10,4
2,0.9999999403953552,20000000.0,5.960464477539063e-08,0.0,0.0,224.03520002262667,0.9733631130577686,126,False,1.2043959211440451,0.3670719265937805,1.5,6.0,0.017688822001218796,0.0,2,-1.088879517100907,73728.0,737280.0,2,,973.3631130577686,0.1546875,3.547003298997879,882.4537130342486,10,2
2,1.0,100000000.0,0.0,0.0,0.0,187.49320006463677,0.3049745261872078,126,False,1.1806979728383171,0.4865403175354004,5.0,6.0,0.03377427160739899,0.0,2,-0.7428362495127625,131072.0,1310720.0,3,,304.9745261872078,0.1609375,3.452574133872986,117.48132612257102,10,2
7,1.0,100000000.0,0.0,0.0,0.0,368.7978000380099,0.41490977432270837,127,False,4.020876963292368,0.45148372650146484,0.5,5.8,0.023294366896152496,0.0,3,-2.2178933688075384,57344.0,573440.0,1,,414.90977432270836,0.19375,3.346639519929886,96.698250781975,10,3
2,1.0,20000000.0,0.0,1.862645149230957e-08,0.0,189.51410002773628,0.6563056143725549,127,False,1.017390136830436,0.4739711880683899,3.0,6.0,0.0406319685280323,1.862645149230957e-08,2,-0.8368478942279469,98304.0,983040.0,2,,656.3056143725548,0.178125,3.5018675208091734,466.7915143448186,10,2
2,1.0,100000000.0,0.0,4.284083843231201e-08,0.0,225.37180001381785,0.39088892450700957,127,False,1.1831038845571817,0.4520910978317261,3.5,6.0,0.01535654067993164,4.284083843231201e-08,2,-0.7869964473729341,106496.0,1064960.0,3,,390.88892450700956,0.178125,3.3801389157772066,165.51712449319172,10,2
7,1.0,100000000.0,0.0,7.450580596923828e-09,0.0,263.4043999714777,0.30484064651980625,128,False,4.327172806988769,0.4761499762535095,0.0,6.0,0.033046904951334,7.450580596923828e-09,3,-2.3160067342048682,49152.0,491520.0,1,,304.8406465198062,0.184375,3.3739479899406435,41.436246548328555,10,3
2,1.0,20000000.0,0.0,0.0,0.0,159.0161999920383,7.786629445249159,128,False,1.0137862636496826,0.5203471779823303,3.0,6.0,0.018316559493541718,0.0,2,-4.4002078544494205,589824.0,5898240.0,2,,7786.629445249159,0.1640625,3.5094136595726013,7627.613245257121,10,2
2,1.0,100000000.0,0.0,0.0,0.0,159.60399998584762,0.2595024760985123,128,False,1.1399268999862242,0.550017237663269,2.5,6.0,0.01815856248140335,0.0,2,-0.6997146880423682,90112.0,901120.0,3,,259.5024760985123,0.165625,3.6158126294612885,103.58767603154575,10,2
7,1.0,100000000.0,0.0,0.0,0.0,158.9803000097163,0.22757604207849846,129,False,3.009685989850265,0.27254581451416016,2.5,6.0,0.02703321911394596,0.0,3,-1.6186310159643817,90112.0,901120.0,1,,227.57604207849846,0.1640625,3.3548415422439577,138.0654421123375,10,3
2,1.0,20000000.0,0.0,1.6763806343078613e-08,0.0,189.86070004757494,0.5158415522487263,129,False,0.9550096245418077,0.4101486802101135,2.0,6.0,0.024583667516708374,1.6763806343078613e-08,2,-0.7354256051590733,81920.0,819200.0,2,,515.8415522487263,0.18125,3.460348331928253,343.04521486199064,10,2
2,1.0,100000000.0,0.0,0.0,0.0,188.10480000684038,0.3643392728379826,129,False,1.2434957544737015,0.5011211633682251,3.0,6.0,0.0211322158575058,0.0,2,-0.8039175136558421,98304.0,983040.0,3,,364.3392728379826,0.15,3.4572270154953,176.23447283114223,10,2
7,1.0,100000000.0,0.0,0.0,0.0,262.4025999684818,0.36967094932688627,130,False,3.9456671429694903,0.4986974596977234,4.0,6.0,0.026419173926115036,0.0,3,-2.157669046148188,114688.0,1146880.0,1,0.128125,369.6709493268863,0.19375,3.3220065116882322,107.26834935840444,10,3
2,1.0,20000000.0,0.0,4.470348358154297e-08,0.0,262.370300013572,0.42458856532369027,130,False,1.393374016041435,0.3893125057220459,1.0,6.0,0.03130556270480156,4.470348358154297e-08,2,-0.9089813353860462,65536.0,655360.0,2,0.128125,424.58856532369026,0.15,3.47960524559021,245.87357083020444,10,2
2,1.0,100000000.0,0.0,2.0489096641540527e-08,0.0,288.4047999395989,0.3763375260269588,130,False,1.7368309731549203,0.5704910755157471,0.5,6.0,0.02497374452650547,2.0489096641540527e-08,2,-1.056584270080036,57344.0,573440.0,3,0.128125,376.3375260269588,0.1859375,3.4159135043621065,87.93272608735991,10,2
7,1.0,100000000.0,0.0,0.0,0.0,190.35049999365583,0.32661573202551164,131,False,5.501096423949241,0.5859588384628296,5.0,6.0,0.016493167728185654,0.0,4,-2.913856077987376,131072.0,1310720.0,1,,326.61573202551165,0.171875,3.423887050151825,136.26523203185585,10,4
2,1.0,20000000.0,0.0,0.0,0.0,188.0581999430433,0.751373324473591,131,False,1.1122932560279801,0.46677982807159424,3.0,6.0,0.028180858120322227,0.0,2,-0.9318332902507855,98304.0,983040.0,2,,751.373324473591,0.146875,3.565673363208771,563.3151245305477,10,2
2,1.0,100000000.0,0.0,2.7939677238464355e-08,0.0,190.3172000311315,0.24745685786511565,131,False,1.1649303576164134,0.3569216728210449,2.0,6.0,0.017469866201281548,2.7939677238464355e-08,2,-0.7061936356804418,81920.0,819200.0,3,,247.45685786511564,0.159375,3.576338231563568,57.139657833984145,10,2
7,1.0,100000000.0,0.0,0.0,0.0,122.03360005514696,0.24996678166868894,132,False,5.0034754152250525,0.5368260145187378,2.5,6.0,0.022965125739574432,0.0,4,-2.6267210984468705,90112.0,901120.0,1,,249.96678166868892,0.165625,3.371431350708008,127.93318161354198,10,4
2,0.9999999403953552,20000000.0,5.960464477539063e-08,0.0,0.0,223.89449999900535,0.36971258006650903,132,False,1.170489460824043,0.4403330087661743,0.0,6.0,0.036292992532253265,0.0,2,-0.7701010204452761,49152.0,491520.0,2,,369.712580066509,0.1640625,3.563081496953964,147.19250004781665,10,2
2,1.0,100000000.0,0.0,1.6763806343078613e-08,0.0,188.35389998275787,0.3045390868243417,132,False,1.2521987870861753,0.3766592741012573,2.0,6.0,0.01728302799165249,1.6763806343078613e-08,2,-0.7783689537190648,81920.0,819200.0,3,,304.5390868243417,0.1640625,3.486436915397644,116.18518684158383,10,2
7,1.0,100000000.0,0.0,0.0,0.0,160.56660003960133,0.2740476065974069,133,False,9.269840798147543,0.5252489447593689,4.0,6.0,0.02397744730114937,0.0,6,-4.771944202372475,114688.0,1146880.0,1,,274.0476065974069,0.1765625,3.300486075878143,118.10444414131004,10,6
2,1.0,20000000.0,0.0,2.60770320892334e-08,0.0,159.40010000485927,1.1395973583077559,133,False,1.020509857965357,0.371010422706604,2.5,6.0,0.028433896601200104,2.60770320892334e-08,2,-1.0800536342135887,90112.0,901120.0,2,,1139.597358307756,0.1609375,3.4449372589588165,983.2391582405672,10,2
2,1.0,100000000.0,0.0,0.0,0.0,227.26380004314706,0.2650702104323562,133,False,1.4020824918742136,0.3770785927772522,1.5,6.0,0.025033555924892426,0.0,2,-0.8335763511532849,73728.0,737280.0,3,,265.0702104323562,0.2046875,3.296123719215393,66.44247887074532,10,2
7,1.0,100000000.0,0.0,0.0,0.0,91.73260000534356,0.4086315108329475,134,False,9.121948052334139,0.4949963092803955,1.0,6.0,0.019953150302171707,0.0,6,-4.765289781583543,65536.0,655360.0,1,,408.6315108329475,0.1609375,3.4369858384132383,339.0030108025715,10,6
2,1.0,20000000.0,0.0,0.0,0.0,187.66150006558746,0.5429503185370864,134,False,1.1060295396832938,0.46612805128097534,2.0,6.0,0.035156115889549255,0.0,2,-0.8244899291101901,81920.0,819200.0,2,,542.9503185370864,0.165625,3.440988039970398,421.17031843391453,10,2
2,1.0,100000000.0,0.0,2.421438694000244e-08,0.0,187.92379996739328,0.2129290400747859,134,False,1.1417434375919076,0.33428680896759033,2.0,6.0,0.02781425602734089,2.421438694000244e-08,2,-0.6773362630477336,81920.0,819200.0,3,,212.92904007478592,0.1546875,3.373459577560425,90.82874009382884,10,2
7,1.0,100000000.0,0.0,3.91155481338501e-08,0.0,121.13949994090945,0.2687425055023861,135,False,6.981504423684752,0.5393733978271484,4.0,6.0,0.017677677795290947,3.91155481338501e-08,5,-3.6251235037091174,114688.0,1146880.0,1,,268.7425055023861,0.2,3.279540079832077,178.48710556930124,10,5
2,1.0,20000000.0,0.0,0.0,0.0,159.87040003528818,0.558627282359365,135,False,1.091959297792089,0.5536243915557861,0.0,6.0,0.024213578552007675,0.0,2,-0.8252932900757269,49152.0,491520.0,2,,558.627282359365,0.14375,3.5520216822624207,398.75688232407674,10,2
2,1.0,100000000.0,0.0,0.0,0.0,224.09400006290525,0.25550418953228615,135,False,1.2365177173807633,0.4042699933052063,1.5,6.0,0.030443156138062477,0.0,2,-0.7460109534565247,73728.0,737280.0,3,,255.50418953228615,0.1625,3.457871276140213,142.8116060557034,10,2
7,0.9999999403953552,100000000.0,5.960464477539063e-08,0.0,0.0,190.3545000241138,0.22028812391069844,136,False,5.158998694529829,0.4150305390357971,2.0,6.0,0.029009006917476654,0.0,4,-2.6896434092202637,81920.0,819200.0,1,,220.28812391069843,0.1765625,3.335756367444992,99.00213521602713,10,4
2,1.0,20000000.0,0.0,0.0,0.0,224.77629996137694,1.500548741690211,136,False,1.1484060351015093,0.42933279275894165,3.5,6.0,0.023444965481758118,0.0,2,-1.3244773883958603,106496.0,1064960.0,2,,1500.548741690211,0.1671875,3.506754469871521,1275.772441728834,10,2
2,1.0,100000000.0,0.0,5.960464477539063e-08,0.0,224.055300001055,0.24377622041605895,136,False,1.4768093833928013,0.32486414909362793,1.5,6.0,0.04878494143486023,5.960464477539063e-08,2,-0.8602928615090749,73728.0,737280.0,3,,243.77622041605895,0.19375,3.2797716856002808,58.27248864278824,10,2
7,0.9999999403953552,100000000.0,5.960464477539063e-08,0.0,0.0,73.06409999728203,0.2883757896146785,137,False,6.425990685728779,0.4098127484321594,1.0,6.0,0.018724454566836357,0.0,5,-3.357183237671729,65536.0,655360.0,1,,288.3757896146785,0.1640625,3.332463026046753,219.5756896639291,10,5
2,1.0,20000000.0,0.0,0.0,0.0,226.2913000304252,0.5729175848417902,137,False,1.141331637023037,0.45484334230422974,1.5,6.0,0.019572792574763298,0.0,2,-0.8571246109324137,73728.0,737280.0,2,,572.9175848417902,0.171875,3.4608212232589723,483.4906848144705,10,2
2,0.9999999403953552,100000000.0,5.960464477539063e-08,0.0,0.0,187.95529997441918,0.29871214049625033,137,False,1.2128029983081774,0.43835097551345825,3.0,6.0,0.03241874277591705,0.0,2,-0.7557575694022138,98304.0,983040.0,3,,298.71214049625036,0.1515625,3.580141842365265,110.75684052183114,10,2
7,1.0,100000000.0,0.0,0.0,0.0,121.63070007227361,0.18926753839285143,138,False,6.946716769937697,0.4623200297355652,1.5,6.0,0.01967870630323887,0.0,5,-3.567992154165274,73728.0,737280.0,1,,189.26753839285143,0.1828125,3.25460569858551,118.51693837477856,10,5
2,1.0,20000000.0,0.0,0.0,0.0,225.1653000130318,0.5372649434747555,138,False,1.1974981482412943,0.6457052230834961,0.0,6.0,0.02295813336968422,0.0,2,-0.867381545858025,49152.0,491520.0,2,,537.2649434747555,0.1765625,3.389261615276337,312.0996434617237,10,2
2,1.0,100000000.0,0.0,4.6566128730773926e-08,0.0,159.2403000104241,0.36892955202135946,138,False,1.2896123114299232,0.2936723232269287,5.0,6.0,0.018279358744621277,4.6566128730773926e-08,2,-0.82927097829177,131072.0,1310720.0,3,,368.9295520213595,0.1578125,3.5194854140281677,212.32925214797018,10,2
7,1.0,100000000.0,0.0,4.6566128730773926e-08,0.0,243.49700001766905,0.2816378915623951,139,False,5.528161017323721,0.4295666217803955,0.0,6.0,0.031150320544838905,4.6566128730773926e-08,4,-2.904899501009187,49152.0,491520.0,1,,281.6378915623951,0.1578125,3.4561536610126495,38.14089154472606,10,4
2,0.9999999403953552,20000000.0,5.960464477539063e-08,0.0,0.0,227.20189997926354,0.313388081397746,139,False,1.2399082181696786,0.3744851350784302,0.0,6.0,0.04830079525709152,0.0,2,-0.7766481497837123,49152.0,491520.0,2,,313.38808139774596,0.1671875,3.5004520058631896,107.27700572738536,10,2
2,1.0,100000000.0,0.0,5.587935447692871e-09,0.0,224.71020004013553,0.24896574683888428,139,False,1.3458683785148335,0.5045770406723022,0.0,6.0,0.024111459031701088,5.587935447692871e-09,2,-0.7974170682647943,49152.0,491520.0,3,,248.9657468388843,0.1671875,3.54085134267807,35.10684221179168,10,2
7,1.0,100000000.0,0.0,0.0,0.0,122.54259997280315,0.22624326812874146,140,False,7.004398949817811,0.46260523796081543,2.0,6.0,0.030682802200317383,0.0,5,-3.6153211089732764,81920.0,819200.0,1,0.1265625,226.24326812874145,0.175,3.4128528237342834,103.70066815593833,10,5
2,0.9999999403953552,20000000.0,5.960464477539063e-08,0.0,0.0,226.43180011073127,0.5910118518984304,140,False,1.1977423709254662,0.4533594250679016,5.0,6.0,0.04186810553073883,0.0,2,-0.8943771114119483,131072.0,1310720.0,2,0.1265625,591.0118518984305,0.2109375,3.381159770488739,364.5800517876992,10,2
2,1.0,100000000.0,0.0,0.0,0.0,225.17149994382635,0.32369046449737676,140,False,1.2947319122898282,0.4341604709625244,5.0,6.0,0.028703827410936356,0.0,2,-0.8092111883936025,131072.0,1310720.0,3,0.1265625,323.69046449737675,0.1515625,3.5293073832988737,98.51896455355043,10,2
7,1.0,100000000.0,0.0,0.0,0.0,122.08780000219122,0.15111374750490292,141,False,4.719723526790277,0.30430084466934204,1.0,6.0,0.02557796984910965,0.0,4,-2.43541863714759,65536.0,655360.0,1,,151.1137475049029,0.1578125,3.449976217746735,62.84314755107269,10,4
2,0.9999999403953552,20000000.0,5.960464477539063e-08,0.0,0.0,190.02799998270348,0.5592551071357517,141,False,1.1364971722334336,0.3419606685638428,5.0,6.0,0.033844783902168274,0.0,2,-0.8478761396845926,131072.0,1310720.0,2,,559.2551071357517,0.1390625,3.60077041387558,438.1393423115346,10,2
2,0.9999999403953552,100000000.0,5.960464477539063e-08,0.0,0.0,159.26009992836043,0.21062810883494454,141,False,1.2910106768193237,0.3152676224708557,0.0,6.0,0.05373069643974304,0.0,2,-0.7508193928271341,49152.0,491520.0,3,,210.62810883494453,0.171875,3.5451826751232147,51.36800890658411,10,2
7,0.9999999403953552,100000000.0,5.960464477539063e-08,1.1175870895385742e-08,0.0,90.90629999991506,0.23085887937901917,142,False,6.610888958866408,0.30424171686172485,3.0,6.0,0.018509186804294586,1.1175870895385742e-08,5,-3.420873930298584,98304.0,983040.0,1,,230.85887937901916,0.2,3.2482069969177245,139.9525793791041,10,5
2,0.9999999403953552,20000000.0,5.960464477539063e-08,0.0,0.0,261.55960001051426,0.49585900088943613,142,False,1.4141297754543185,0.6391347646713257,1.0,6.0,0.022463783621788025,0.0,2,-0.9549943881718773,65536.0,655360.0,2,,495.8590008894361,0.1859375,3.4516409397125245,417.0112753953283,10,2
2,0.9999999403953552,100000000.0,5.960464477539063e-08,0.0,0.0,159.08839995972812,0.2162217348732688,142,False,1.2356096388684472,0.32202768325805664,0.0,6.0,0.03385171666741371,0.0,2,-0.7259156868708581,49152.0,491520.0,3,,216.2217348732688,0.1671875,3.4051832258701324,57.13333491354067,10,2
7,1.0,100000000.0,0.0,2.2351741790771484e-08,0.0,122.23259994061664,0.15722378622735309,143,False,6.736889053759025,0.4241071939468384,0.5,6.0,0.033613137900829315,2.2351741790771484e-08,5,-3.447056442344931,57344.0,573440.0,1,,157.2237862273531,0.1859375,3.3306950330734253,34.99118628673644,10,5
2,1.0,20000000.0,0.0,3.725290298461914e-09,0.0,223.94060000078753,0.3833680273465028,143,False,1.2898594358569362,0.538648784160614,0.0,5.4,0.03538554534316063,3.725290298461914e-09,2,-0.8366137353270098,49152.0,491520.0,2,,383.3680273465028,0.19375,3.4122032105922697,281.5252638325469,10,2
2,1.0,100000000.0,0.0,0.0,0.0,261.19410002138466,0.3951203599069063,143,False,1.6798628545198122,0.3755021095275879,4.0,6.0,0.02203744277358055,0.0,2,-1.0374916072133593,114688.0,1146880.0,3,,395.1203599069063,0.2171875,3.29549640417099,254.0635203073212,10,2
7,1.0,100000000.0,0.0,0.0,0.0,119.87799993949011,0.18427186546604163,144,False,9.343854078872692,0.3708362579345703,0.5,6.0,0.02788461558520794,0.0,6,-4.764062972169366,57344.0,573440.0,1,,184.27186546604162,0.1609375,3.432105892896652,96.82499813936252,10,6
2,1.0,20000000.0,0.0,0.0,0.0,189.7332999506034,0.30521261074878114,144,False,1.0334663241620499,0.3833998441696167,0.0,6.0,0.028381040319800377,0.0,2,-0.6693394674554155,49152.0,491520.0,2,,305.2126107487811,0.184375,3.3803698301315306,184.5853107498943,10,2
2,1.0,100000000.0,0.0,2.0489096641540527e-08,0.0,262.0966999675147,0.3191887539036467,144,False,1.6013789713048887,0.41035526990890503,1.0,6.0,0.017667675390839577,2.0489096641540527e-08,2,-0.9602838830933643,65536.0,655360.0,3,,319.1887539036467,0.2078125,3.2155117988586426,57.09205393613198,10,2
7,0.9999999403953552,100000000.0,5.960464477539063e-08,7.450580596923828e-09,0.0,121.82090006535873,0.17195483218236607,145,False,6.770796977473268,0.37186598777770996,0.0,6.0,0.019760526716709137,7.450580596923828e-09,5,-3.471375912278398,49152.0,491520.0,1,,171.95483218236606,0.1796875,3.335757148265839,80.43189459631802,10,5
2,1.0,20000000.0,0.0,0.0,0.0,158.68769999360666,0.3759439332950487,145,False,0.9900119470845535,0.516909658908844,0.0,4.0,0.033043742179870605,0.0,2,-0.6829779401898011,49152.0,491520.0,2,,375.94393329504874,0.190625,3.3628730475902557,217.25623330144202,10,2
2,0.9999999403953552,100000000.0,5.960464477539063e-08,0.0,0.0,225.10020004119724,0.26801897959627097,145,False,1.3117936605175324,0.47223609685897827,0.0,6.0,0.023003920912742615,0.0,2,-0.7899063200569016,49152.0,491520.0,3,,268.018979596271,0.1609375,3.4469424426555633,42.91877955507375,10,2
7,1.0,100000000.0,0.0,2.60770320892334e-08,0.0,122.46339995181188,0.22324813734735843,146,False,4.438972278393888,0.5233721137046814,4.0,6.0,0.030984768643975258,2.60770320892334e-08,4,-2.3311102339476553,114688.0,1146880.0,1,,223.24813734735844,0.184375,3.2997928977012636,100.78473739554654,10,4
2,1.0,20000000.0,0.0,3.166496753692627e-08,0.0,187.97959998482838,0.3218269532642991,146,False,1.1283409684329309,0.43748003244400024,0.0,6.0,0.028980182483792305,3.166496753692627e-08,2,-0.7250839925135826,49152.0,491520.0,2,,321.8269532642991,0.2015625,3.3283848404884337,165.96843782655873,10,2
2,1.0,100000000.0,0.0,1.4901161193847656e-08,0.0,158.84699998423457,0.20152413736456076,146,False,1.0713983523649144,0.4175769090652466,0.0,6.0,0.032858386635780334,1.4901161193847656e-08,2,-0.6364612597658987,49152.0,491520.0,3,,201.52413736456077,0.171875,3.474271923303604,44.39023738619874,10,2
7,0.9999999403953552,100000000.0,5.960464477539063e-08,0.0,0.0,121.83649989310652,0.22739411124796116,147,False,6.6468104067541445,0.4540936350822449,1.5,6.0,0.02601945772767067,0.0,5,-3.437102259001053,73728.0,737280.0,1,,227.39411124796115,0.18125,3.303383636474609,105.55761135485463,10,5
2,1.0,20000000.0,0.0,1.4901161193847656e-08,0.0,263.7431999319233,0.4613867532123417,147,False,1.4426058584963457,0.3026260733604431,1.0,6.0,0.03241962939500809,1.4901161193847656e-08,2,-0.9519963207555049,65536.0,655360.0,2,,461.38675321234166,0.16875,3.5085696816444396,389.2230531444378,10,2
2,1.0,100000000.0,0.0,2.9802322387695312e-08,0.0,158.84739998728037,0.19538902239817646,147,False,1.119502646275229,0.40237975120544434,0.0,6.0,0.03400806337594986,2.9802322387695312e-08,2,-0.6574458641390252,49152.0,491520.0,3,,195.38902239817645,0.1921875,3.4948753118515015,36.54162241089608,10,2
7,1.0,100000000.0,0.0,0.0,0.0,91.11939993454143,0.20503374941311078,148,False,9.165656075058513,0.4422736167907715,2.5,6.0,0.025988316163420677,0.0,6,-4.685344912235812,90112.0,901120.0,1,,205.03374941311077,0.1953125,3.2239144325256346,134.77144944611237,10,6
2,0.9999999403953552,20000000.0,5.960464477539063e-08,0.0,0.0,159.31170008843765,0.46530504782822935,148,False,0.9787110271948178,0.3656672239303589,0.0,6.0,0.018181264400482178,0.0,2,-0.7220080375115236,49152.0,491520.0,2,,465.30504782822936,0.1796875,3.4582785964012146,309.06854787281736,10,2
2,1.0,100000000.0,0.0,3.5390257835388184e-08,0.0,158.8076999760233,0.20371194114310215,148,False,1.1631562090621859,0.41851359605789185,0.0,6.0,0.02341286651790142,3.5390257835388184e-08,2,-0.6834341104929018,49152.0,491520.0,3,,203.71194114310214,0.1828125,3.4384418427944183,44.904241167078865,10,2
7,1.0,100000000.0,0.0,3.725290298461914e-09,0.0,91.73649997683242,0.1416408251913545,149,False,6.653582062828145,0.3751176595687866,0.5,6.0,0.027390098199248314,3.725290298461914e-09,5,-3.3976114477350396,57344.0,573440.0,1,,141.6408251913545,0.1734375,3.30982421040535,53.31672517939483,10,5
2,0.9999998807907104,20000000.0,1.1920928955078125e-07,0.0,0.0,157.79560012742877,0.38910940923041637,149,False,1.0079344169868336,0.3900315761566162,0.0,6.0,0.025589458644390106,0.0,2,-0.698521913108625,49152.0,491520.0,2,,389.10940923041636,0.196875,3.3400731086730957,231.89270914544326,10,2
2,1.0,100000000.0,0.0,3.3527612686157227e-08,0.0,158.50389999104664,0.2816675239316222,149,False,1.1901440873106965,0.4981999397277832,2.5,6.0,0.02344583347439766,3.3527612686157227e-08,2,-0.7359058391487721,90112.0,901120.0,3,,281.6675239316222,0.1328125,3.5152962803840637,123.16362394057558,10,2
7,1.0,100000000.0,0.0,9.313225746154785e-09,0.0,158.8349999510683,0.19908435624374712,150,False,7.458730343697716,0.6016417145729065,2.0,5.0,0.018458865582942963,9.313225746154785e-09,5,-3.8289073592839573,81920.0,819200.0,1,0.13984375,199.08435624374712,0.1796875,3.276118290424347,139.70645621002356,10,5
2,1.0,20000000.0,0.0,0.0,0.0,224.67180009698495,0.8730265821932472,150,False,1.23209258481546,0.4993487596511841,3.5,6.0,0.03254341706633568,0.0,2,-1.0525595835043537,106496.0,1064960.0,2,0.13984375,873.0265821932472,0.1734375,3.4354964673519133,648.3547820962623,10,2
2,1.0,100000000.0,0.0,0.0,0.0,260.9148000483401,0.3027988827911766,150,False,1.6978689834750347,0.2599415183067322,0.0,6.0,0.03504892438650131,0.0,2,-1.0003339331331056,49152.0,491520.0,3,0.13984375,302.7988827911766,0.153125,3.457588624954224,41.88408274283651,10,2
