available_migs,bandwidth_allocation_sum,bandwidth_cv,bandwidth_floor_hit_rate,bandwidth_gini,bandwidth_hz,bandwidth_unused,bandwidth_violation,cluster_load_cv,cluster_size_std,cluster_size_violation,compute_delay_ms,delay,delay_normalized,epoch,is_warmup,kl_normalized,kl_sum,max_bandwidth_share,max_cluster_size,mean_l1,mean_l2,min_bandwidth_share,nonempty_cluster_count,penalty,physical_cluster_count,ppo_approx_kl,ppo_clip_fraction,ppo_entropy,ppo_grad_norm,ppo_policy_loss,ppo_value_loss,reward,smashed_data_bytes_per_client_mean,smashed_data_bytes_total,station_id,test_accuracy,total_delay_ms,train_accuracy,train_loss,tx_delay_ms,vehicle_count,virtual_cluster_count
2,1.0,0.2721098929575579,0.0,0.15253339221676146,100000000.0,0.0,7.450580596923828e-09,0.4,2.0,0.0,415.79020000062883,0.9889139414446937,0.9889139414446937,1,True,0.14425292327151898,1.3286185229832541,0.15202826261520386,7,2.7,5.7,0.06812699884176254,2,7.450580596923828e-09,2,,,,,,,-0.566583439808687,681574.4,6815744.0,1,,988.9139414446937,0.00625,4.654784297943115,573.1237414440649,10,2
2,1.0,0.18134712370500428,0.0,0.09706026469081247,100000000.0,0.0,1.4901161193847656e-08,0.2,1.0,0.0,188.72139998711646,0.20323988454949143,0.20323988454949143,1,True,0.12763737602446681,1.1755836773712516,0.13763508200645447,6,2.0,5.4,0.07748182117938995,2,1.4901161193847656e-08,2,,,,,,,-0.16543864518814033,81920.0,819200.0,2,,203.23988454949142,0.0171875,4.598296904563904,35.86509439932494,10,2
2,1.0,0.17821394482941424,0.0,0.09340741436238693,100000000.0,0.0,0.0,0.0,0.0,0.0,160.32859997358173,0.17684024035655938,0.17684024035655938,1,True,0.12153353557794044,1.1193652292825087,0.12857423722743988,5,0.0,3.5,0.058203816413879395,2,0.0,2,,,,,,,-0.1491868879672499,49152.0,491520.0,3,,176.84024035655938,0.0171875,4.677312195301056,18.236740305601124,10,2
2,0.9999999403953552,0.21517572398431287,0.0,0.11680710161059393,100000000.0,5.960464477539063e-08,0.0,0.0,0.0,0.0,162.3383000260219,0.2970877338749694,0.2970877338749694,2,True,0.13237480163651566,1.219216979745139,0.12093231081962585,5,1.5,5.0,0.06086895242333412,2,0.0,2,,,,,,,-0.21473126775574253,286720.0,2867200.0,1,,297.0877338749694,0.01875,4.498385965824127,134.7494338489475,10,2
2,1.0,0.22764483657073636,0.0,0.1244715352601759,100000000.0,0.0,1.1175870895385742e-08,0.6,3.0,0.0,266.8458999833092,0.6115031171628598,0.6115031171628598,2,True,0.15614673883516297,1.4381646126459229,0.13853734731674194,8,1.0,4.2,0.05852583423256874,2,1.1175870895385742e-08,2,,,,,,,-0.38382493917488225,1048576.0,10485760.0,2,,611.5031171628598,0.021875,4.43901515007019,358.1220002731684,10,2
2,1.0,0.15321680739063392,0.0,0.08709342955589079,100000000.0,0.0,2.2351741790771484e-08,0.4,2.0,0.0,230.14910001074895,0.27350836426209574,0.27350836426209574,2,True,0.14242070855069822,1.3117432017699495,0.12010642141103745,7,3.5,6.0,0.07763182371854782,2,2.2351741790771484e-08,2,,,,,,,-0.20796455875813877,106496.0,1064960.0,3,,273.5083642620957,0.03125,4.4215127825737,43.35926425134679,10,2
2,1.0,0.18327769578578185,0.0,0.1019803046589999,100000000.0,0.0,2.9802322387695312e-08,0.4,2.0,0.0,227.73280000546947,0.2958826861580869,0.2958826861580869,3,True,0.1584679203442747,1.4595434844099793,0.12296384572982788,7,4.7,5.7,0.06871065497398376,2,2.9802322387695312e-08,2,,,,,,,-0.22717533305350318,170393.6,1703936.0,1,,295.88268615808687,0.0265625,4.385851728916168,104.97626122267708,10,2
2,1.0,0.2569882896513482,0.0,0.14368490343816437,100000000.0,0.0,0.0,0.4,2.0,0.0,229.69870001543313,0.3187504930849767,0.3187504930849767,3,True,0.13951922783678553,1.2850195768120891,0.14641791582107544,7,4.0,5.0,0.054354652762413025,2,0.0,2,,,,,,,-0.2291348604608811,262144.0,2621440.0,2,,318.7504930849767,0.025,4.448771715164185,108.00965758511823,10,2
2,1.0,0.1308235644437205,0.0,0.071603826746202,100000000.0,0.0,3.725290298461914e-08,0.6,3.0,0.0,267.13809999637306,0.5787911335036042,0.5787911335036042,3,True,0.1748622216171216,1.6105405792936214,0.1167178824543953,8,2.2,3.4,0.07561855763196945,2,3.725290298461914e-08,2,,,,,,,-0.3768267148132659,943718.4,9437184.0,3,,578.7911335036042,0.0234375,4.551213884353638,311.65303350723116,10,2
2,1.0,0.17379247466599698,0.0,0.09756840769099581,100000000.0,0.0,1.4901161193847656e-08,0.0,0.0,0.0,165.4395999503322,0.3036736016398024,0.3036736016398024,4,True,0.126009083195041,1.1605865461869918,0.12367714941501617,5,3.5,4.5,0.06487248092889786,2,1.4901161193847656e-08,2,,,,,,,-0.2148413573185829,393216.0,3932160.0,1,,303.67360163980237,0.0265625,4.450989246368408,142.54090165521094,10,2
2,1.0,0.21892306278269902,0.0,0.11703194652450165,100000000.0,0.0,1.4901161193847656e-08,0.0,0.0,0.0,163.99570007342845,0.3314456934246608,0.3314456934246608,4,True,0.11927246153470537,1.0985399677380734,0.14916379749774933,5,4.0,5.5,0.07686880230903625,2,1.4901161193847656e-08,2,,,,,,,-0.22535909238084428,327680.0,3276800.0,2,,331.4456934246608,0.0234375,4.423791885375977,170.00689349578704,10,2
2,1.0,0.21153265663866308,0.0,0.11939168649197791,100000000.0,0.0,3.725290298461914e-08,0.4,2.0,0.0,228.39449997991323,0.36252686307925847,0.36252686307925847,4,True,0.15180060838087137,1.3981352718608857,0.13924579322338104,7,3.4,5.3,0.06259986013174057,2,3.725290298461914e-08,2,,,,,,,-0.2571637729829679,498073.6,4980736.0,3,,362.5268630792585,0.025,4.490348935127258,266.4125631206867,10,2
2,1.0000001192092896,0.16748742238332498,0.0,0.09066109556982167,100000000.0,-1.1920928955078125e-07,5.21540641784668e-08,0.6,3.0,0.0,265.52110008196905,0.3081441963882223,0.3081441963882223,5,True,0.16747125244132227,1.5424672375057256,0.1285768300294876,8,4.0,5.8,0.06412846595048904,2,5.21540641784668e-08,2,,,,,,,-0.23780777656883648,114688.0,1146880.0,1,,308.1441963882223,0.0265625,4.426656937599182,42.623096306253295,10,2
2,1.0,0.25029709358156604,0.0,0.1376556740084412,100000000.0,0.0,3.725290298461914e-08,0.4,2.0,0.0,226.6125999740325,0.5160828763439833,0.5160828763439833,5,True,0.13055938248301827,1.2024963514236233,0.14153346419334412,7,3.4,5.3,0.07083836942911148,2,3.725290298461914e-08,2,,,,,,,-0.32332116666640376,498073.6,4980736.0,2,,516.0828763439833,0.0296875,4.457570481300354,420.4732763285331,10,2
2,1.0,0.19611692687620122,0.0,0.109013033517579,100000000.0,0.0,0.0,0.0,0.0,0.0,162.01500000897795,0.24102649287004088,0.24102649287004088,5,True,0.1220122875725898,1.1237746981069918,0.1300886869430542,5,2.0,5.0,0.06513649225234985,2,0.0,2,,,,,,,-0.18151939022131536,155648.0,1556480.0,3,,241.02649287004087,0.01875,4.433739244937897,82.56059281909903,10,2
2,1.0,0.20343968020538988,0.0,0.1103651506372135,100000000.0,0.0,2.2351741790771484e-08,0.4,2.0,0.0,224.94189999997616,0.3121189550469809,0.3121189550469809,6,False,0.1603316688535381,1.4767092425480586,0.1452539563179016,7,2.8,5.0,0.06846977770328522,2,2.2351741790771484e-08,2,,,,,,,-0.2362253343020013,198246.4,1982464.0,1,,312.1189550469809,0.0359375,4.383645379543305,87.17705504700476,10,2
2,1.0,0.207322280565327,0.0,0.11796594818012532,100000000.0,0.0,2.2351741790771484e-08,0.2,1.0,0.0,188.63589997636154,0.2697779754368572,0.2697779754368572,6,False,0.12008976926201317,1.1060676500952245,0.12850412726402283,6,3.6,5.0,0.06730277836322784,2,2.2351741790771484e-08,2,,,,,,,-0.194933894701177,367001.6,3670016.0,2,,269.7779754368572,0.021875,4.387399196624756,142.69667266641267,10,2
2,1.0,0.21282564762504153,0.0,0.1210210795472321,100000000.0,0.0,2.2351741790771484e-08,0.4,2.0,0.0,224.6279999963008,1.130076278364472,1.130076278364472,6,False,0.14850182936565487,1.3677523943188095,0.13455496728420258,7,2.0,3.0,0.07141102850437164,2,2.2351741790771484e-08,2,,,,,,,-0.6392890762168052,1048576.0,10485760.0,3,,1130.076278364472,0.0328125,4.503359127044678,1037.5580783725716,10,2
2,1.0,0.11759128820575158,0.0,0.06146646824181524,100000000.0,0.0,2.2351741790771484e-08,0.6,3.0,0.0,263.4676001034677,0.9468178588048513,0.9468178588048513,7,False,0.17361800972460484,1.5990809642686816,0.11828365921974182,8,1.8,3.4,0.07325048744678497,2,2.2351741790771484e-08,2,,,,,,,-0.5602179566164698,1048576.0,10485760.0,1,,946.8178588048512,0.0296875,4.345184016227722,874.9497588923158,10,2
2,1.0,0.22841994829369605,0.0,0.1190307855606079,100000000.0,0.0,0.0,0.2,1.0,0.0,189.46909997612238,0.49068739066870487,0.49068739066870487,7,False,0.12179629148098584,1.1217853005843028,0.1542690247297287,6,2.8,5.4,0.07780593633651733,2,0.0,2,,,,,,,-0.30624184107484537,576716.8,5767168.0,2,,490.6873906687049,0.03125,4.3889559507369995,301.2182906925825,10,2
2,0.9999999403953552,0.07613543709631822,0.0,0.04354018125520102,100000000.0,5.960464477539063e-08,0.0,0.2,1.0,0.0,192.85120000131428,0.4053866545542327,0.4053866545542327,7,False,0.1381452273001446,1.2723645641983483,0.11148980259895325,6,3.4,5.6,0.08761917054653168,2,0.0,2,,,,,,,-0.27176594092718864,498073.6,4980736.0,3,,405.3866545542327,0.034375,4.452623510360718,282.59725450661006,10,2
2,1.0,0.22619818324743426,0.0,0.12403223788606146,100000000.0,0.0,4.0978193283081055e-08,0.4,2.0,0.0,225.45600001467392,0.3043748411747306,0.3043748411747306,8,False,0.14617303639940304,1.346303418443766,0.14231622219085693,7,4.1,5.7,0.0576285757124424,2,4.0978193283081055e-08,2,,,,,,,-0.22527397976526012,406323.2,4063232.0,1,,304.37484117473065,0.03125,4.386608755588531,210.26344110040512,10,2
2,1.0,0.14020254743018926,0.0,0.0756632374550161,100000000.0,0.0,7.450580596923828e-09,0.4,2.0,0.0,225.60800006613135,0.7382632368697931,0.7382632368697931,8,False,0.14065119644246932,1.295445392960828,0.12503796815872192,7,3.1,4.4,0.08384107053279877,2,7.450580596923828e-09,2,,,,,,,-0.43945722410671184,498073.6,4980736.0,2,,738.2632368697931,0.0375,4.38024719953537,643.6345368728188,10,2
2,1.0,0.23363644104799103,0.0,0.13231275120028016,100000000.0,0.0,1.1175870895385742e-08,0.6,3.0,0.0,264.4210999715142,0.5708319210381589,0.5708319210381589,8,False,0.15740973386022808,1.449797226714885,0.14086951315402985,8,1.8,4.6,0.05762392655014992,2,1.1175870895385742e-08,2,,,,,,,-0.3641208386250644,1048576.0,10485760.0,3,,570.831921038159,0.034375,4.420825934410095,454.6394888169217,10,2
2,1.0000001192092896,0.23043845285205503,0.0,0.13056232769834777,100000000.0,-1.1920928955078125e-07,5.21540641784668e-08,0.0,0.0,0.0,159.9372000200674,0.20403835358406766,0.20403835358406766,9,False,0.12820609578581055,1.1808217799494964,0.14230282604694366,5,2.5,4.5,0.06769144535064697,2,5.21540641784668e-08,2,,,,,,,-0.16612227683900327,90112.0,901120.0,1,,204.03835358406766,0.040625,4.378512799739838,44.10115356400027,10,2
2,1.0,0.2147628582448662,0.0,0.12123777023064602,100000000.0,0.0,1.1175870895385742e-08,0.6,3.0,0.0,262.0922000496648,0.30891570549207,0.30891570549207,9,False,0.17063492269304317,1.5716057173487705,0.13292020559310913,8,4.6,5.6,0.06075197085738182,2,1.1175870895385742e-08,2,,,,,,,-0.23977532526842749,209715.2,2097152.0,2,,308.91570549207,0.0609375,4.32453408241272,185.65711633663014,10,2
2,1.0,0.2118823492431444,0.0,0.11685792442940457,100000000.0,0.0,3.725290298461914e-08,0.6,3.0,0.0,261.6441000136547,0.8559009211332732,0.8559009211332732,9,False,0.17877407040362875,1.6465700381010544,0.13794028759002686,8,2.4,5.0,0.07061047106981277,2,3.725290298461914e-08,2,,,,,,,-0.517337533021354,891289.6,8912896.0,3,,855.9009211332732,0.0515625,4.339225101470947,594.2568211196185,10,2
2,0.9999998807907104,0.2897500552326895,0.0,0.16196153764054172,100000000.0,1.1920928955078125e-07,0.0,0.8,4.0,0.0,291.66829999303445,0.3174524502390325,0.3174524502390325,10,False,0.21709050126491714,1.999477408172813,0.15571899712085724,9,0.0,5.6,0.05521875619888306,2,0.0,2,,,,,,,-0.26727147575197485,49152.0,491520.0,1,0.00859375,317.4524502390325,0.0375,4.303137493133545,25.784150245998042,10,2
2,1.0,0.2050368128884046,0.0,0.1121617720437182,100000000.0,0.0,0.0,0.6,3.0,0.0,263.42529989778996,0.7608161446144004,0.7608161446144004,10,False,0.18400598218909547,1.6947577264413567,0.1356414556503296,8,0.8,5.0,0.061813972890377045,2,0.0,2,,,,,,,-0.47241106340174793,848691.2,8486912.0,2,0.00859375,760.8161446144004,0.0390625,4.311434209346771,497.3908447166104,10,2
2,1.0,0.20026301614739914,0.0,0.11349103738746763,100000000.0,0.0,7.450580596923828e-09,0.6,3.0,0.0,262.2755000484176,0.6901845416800483,0.6901845416800483,10,False,0.18053647745634696,1.6628024069305605,0.13288474082946777,8,2.2,5.0,0.06471916288137436,2,7.450580596923828e-09,2,,,,,,,-0.4353605170187782,943718.4,9437184.0,3,0.00859375,690.1845416800483,0.05625,4.324847960472107,427.9090416316307,10,2
2,1.0,0.24042550656717443,0.0,0.1374041341302315,100000000.0,0.0,5.960464477539063e-08,0.6,3.0,0.0,262.15340005001053,0.3149686145876676,0.3149686145876676,11,False,0.16658492060898744,1.5343038196474044,0.13685303926467896,8,4.0,5.2,0.06057967245578766,2,5.960464477539063e-08,2,,,,,,,-0.2407768272029723,114688.0,1146880.0,1,,314.9686145876676,0.01875,4.6120329141616825,52.81521453765707,10,2
2,1.0,0.13342048624936592,0.0,0.06931206297779365,100000000.0,0.0,0.0,0.2,1.0,0.0,189.32700000004843,0.4933332516180389,0.4933332516180389,11,False,0.12406104326639177,1.1426444353859322,0.13216674327850342,6,1.2,5.0,0.08665747195482254,2,0.0,2,,,,,,,-0.3086971474422153,648806.4,6488064.0,2,,493.3332516180389,0.0171875,4.5149043798446655,304.0062516179905,10,2
2,1.0,0.147660141941344,0.0,0.0773549846602981,100000000.0,0.0,2.9802322387695312e-08,0.2,1.0,0.0,187.87660007365048,0.7109727452700084,0.7109727452700084,11,False,0.13499958573330684,1.243392134679536,0.13334578275680542,6,1.6,5.0,0.07445040345191956,2,2.9802322387695312e-08,2,,,,,,,-0.42298619530398,1048576.0,10485760.0,3,,710.9727452700084,0.01875,4.527264022827149,523.096145196358,10,2
2,1.0000001192092896,0.15080834871126905,0.0,0.08302652252445725,100000000.0,-1.1920928955078125e-07,7.450580596923828e-09,0.2,1.0,0.0,188.79459996242076,0.601251811111301,0.601251811111301,12,False,0.14725136819549423,1.3562352213196902,0.11881734430789948,6,1.2,5.0,0.07586953788995743,2,7.450580596923828e-09,2,0.0400106185891976,0.2926587462425232,-1.0658275038003922,3.850888560215632,-0.023985185970862705,0.5118041361371676,-0.3742515971039782,648806.4,6488064.0,1,,601.251811111301,0.0359375,4.4000080823898315,412.4572111488802,10,2
2,1.0,0.2958954346304649,0.0,0.16451558124634935,100000000.0,0.0,7.450580596923828e-09,0.4,2.0,0.0,225.55789991747588,0.5788088826103204,0.5788088826103204,12,False,0.13678298799225314,1.2598178765045827,0.16064907610416412,7,1.3,3.2,0.06541691720485687,2,7.450580596923828e-09,2,0.0400106185891976,0.2926587462425232,-1.0658275038003922,3.850888560215632,-0.023985185970862705,0.5118041361371676,-0.3577959427518673,1048576.0,10485760.0,2,,578.8088826103203,0.0234375,4.452293646335602,353.25098269284456,10,2
2,0.9999999403953552,0.16701115093070507,0.0,0.09329709857702255,100000000.0,5.960464477539063e-08,0.0,0.8,4.0,0.0,293.6267000040971,0.6075786203215314,0.6075786203215314,12,False,0.20344167642382227,1.8737670857088455,0.13058985769748688,9,2.2,5.0,0.06957240402698517,2,0.0,2,0.0400106185891976,0.2926587462425232,-1.0658275038003922,3.850888560215632,-0.023985185970862705,0.5118041361371676,-0.40551014837267685,969932.8,9699328.0,3,,607.5786203215314,0.0296875,4.441150361299515,313.95192031743437,10,2
2,1.0,0.2778043189053069,0.0,0.1550439479564738,100000000.0,0.0,2.2351741790771484e-08,0.4,2.0,0.0,304.5894999522716,0.3176838095276684,0.3176838095276684,13,False,0.14617303639940304,1.346303418443766,0.14557208120822906,7,0.0,2.9,0.06633837521076202,2,2.2351741790771484e-08,2,,,,,,,-0.2319284453152775,49152.0,491520.0,1,,317.6838095276684,0.0328125,4.382763254642486,16.980747096507145,10,2
2,1.0,0.20066325223897016,0.0,0.11105009433477836,100000000.0,0.0,2.9802322387695312e-08,0.2,1.0,0.0,195.70139987627044,0.21955340127607664,0.21955340127607664,13,False,0.12398293571193016,1.141925038223718,0.13587741553783417,6,0.0,3.2,0.06546851992607117,2,2.9802322387695312e-08,2,,,,,,,-0.17176819829632578,49152.0,491520.0,2,,219.55340127607664,0.01875,4.453032040596009,23.852001399806195,10,2
2,1.0,0.23842793675117813,0.0,0.1342360741784821,100000000.0,0.0,6.705522537231445e-08,0.6,3.0,0.0,264.08479997189716,0.2888362716658478,0.2888362716658478,13,False,0.18384959427718484,1.693317340542597,0.13517625629901886,8,1.0,2.8,0.053811214864254,2,6.705522537231445e-08,2,,,,,,,-0.2363430000267417,65536.0,655360.0,3,,288.8362716658478,0.01875,4.441902232170105,33.542499420424896,10,2
2,1.0,0.2596585218085236,0.0,0.1413224881591837,100000000.0,0.0,2.2351741790771484e-08,0.8,4.0,0.0,303.2303999643773,0.9334451874483983,0.9334451874483983,14,False,0.2117870060896171,1.950630412447166,0.14226266741752625,9,1.9,4.9,0.05135846138000488,2,2.2351741790771484e-08,2,,,,,,,-0.5726161191207495,1048576.0,10485760.0,1,,933.4451874483983,0.015625,4.423738276958465,630.214787484021,10,2
2,0.9999999403953552,0.19476594597619196,0.0,0.11002490729242011,100000000.0,5.960464477539063e-08,0.0,0.0,0.0,0.0,163.2570000947453,0.21031068715019152,0.21031068715019152,14,False,0.12118869406753696,1.1161891215973063,0.12583087384700775,5,2.5,4.0,0.0732961967587471,2,0.0,2,,,,,,,-0.16574969060886424,90112.0,901120.0,2,,210.3106871501915,0.0171875,4.409133017063141,49.73678717141973,10,2
2,0.9999999403953552,0.16640057787264376,0.0,0.09502268727885699,100000000.0,5.960464477539063e-08,0.0,0.4,2.0,0.0,227.91859996505082,0.535221177089737,0.535221177089737,14,False,0.14619958500120087,1.346547940102724,0.12430335581302643,7,1.7,4.4,0.0747821033000946,2,0.0,2,,,,,,,-0.34071038104546897,1048576.0,10485760.0,3,,535.221177089737,0.0359375,4.483424401283264,338.4662371848902,10,2
2,1.0,0.14712987102619354,0.0,0.0807062472560908,100000000.0,0.0,0.0,0.4,2.0,0.0,230.97480001160875,0.4360962826749336,0.4360962826749336,15,False,0.16296329150129998,1.5009473828645465,0.12671691179275513,7,2.4,4.1,0.0832429826259613,2,0.0,2,,,,,,,-0.2995297870881168,681574.4,6815744.0,1,,436.0962826749336,0.03125,4.411579716205597,327.8556485301885,10,2
2,1.0,0.1413849565060024,0.0,0.07475119680166244,100000000.0,0.0,0.0,0.2,1.0,0.0,193.56990000233054,0.20522202757936533,0.20522202757936533,15,False,0.11408976313941871,1.0508055514721883,0.11293322592973709,6,0.0,2.0,0.0736628919839859,2,0.0,2,,,,,,,-0.159655895359392,49152.0,491520.0,2,,205.22202757936535,0.021875,4.434301042556763,17.661531605974588,10,2
2,1.0,0.16142177772511399,0.0,0.09120700501804803,100000000.0,0.0,0.0,0.2,1.0,0.0,192.79130006907508,0.2103958596008381,0.2103958596008381,15,False,0.12184784248006614,1.1222601028323478,0.12483040243387222,6,0.0,4.6,0.07799026370048523,2,0.0,2,,,,,,,-0.16612185104045213,49152.0,491520.0,3,,210.3958596008381,0.03125,4.387917995452881,17.604559531763023,10,2
2,1.0,0.09821817719828581,0.0,0.05327028105750261,100000000.0,0.0,1.4901161193847656e-08,0.2,1.0,0.0,190.95389998983592,0.35017324758923307,0.35017324758923307,16,False,0.138683087433186,1.2773184390961758,0.11443647742271423,6,2.2,5.0,0.07866374403238297,2,1.4901161193847656e-08,2,,,,,,,-0.24442818241237074,734003.2,7340032.0,1,,350.1732475892331,0.03125,4.399854969978333,228.0092475888941,10,2
2,1.0,0.2169167942010371,0.0,0.11684619337320327,100000000.0,0.0,0.0,0.2,1.0,0.0,188.61309991916642,0.6989563575635163,0.6989563575635163,16,False,0.1274663593471815,1.1740085555641697,0.1490139365196228,6,1.2,3.8,0.07083668559789658,2,0.0,2,,,,,,,-0.4132113584553489,648806.4,6488064.0,2,,698.9563575635162,0.0421875,4.37052595615387,510.3432576443498,10,2
2,1.0000001192092896,0.23653678794298766,0.0,0.1323993564487079,100000000.0,-1.1920928955078125e-07,8.940696716308594e-08,0.2,1.0,0.0,187.70260002929717,0.24600537339987652,0.24600537339987652,16,False,0.12725308019667203,1.1720441819937313,0.1312880516052246,6,1.2,3.2,0.051398128271102905,2,8.940696716308594e-08,2,,,,,,,-0.18662931620524142,239206.4,2392064.0,3,,246.00537339987653,0.04375,4.340201091766358,122.3892733437796,10,2
2,1.0,0.15510228720322797,0.0,0.0870081478128334,100000000.0,0.0,6.705522537231445e-08,0.6,3.0,0.0,262.1120000258088,0.5869072830590358,0.5869072830590358,17,False,0.17816022307030865,1.6409162952247465,0.12868277728557587,8,2.0,5.0,0.07159742712974548,2,6.705522537231445e-08,2,,,,,,,-0.3825338201198976,1048576.0,10485760.0,1,,586.9072830590359,0.0171875,4.395164895057678,324.795283033227,10,2
2,0.9999998807907104,0.19502151823642275,0.0,0.10669385666749837,100000000.0,1.1920928955078125e-07,0.0,0.0,0.0,0.0,159.302799962461,0.632413034928589,0.632413034928589,17,False,0.12050228957842461,1.109867102619729,0.12611865997314453,5,0.5,2.0,0.0581430047750473,2,0.0,2,,,,,,,-0.3764576622535068,548864.0,5488640.0,2,,632.413034928589,0.0328125,4.350974082946777,473.1102349661281,10,2
2,1.0,0.19733522792846248,0.0,0.11051115715156103,100000000.0,0.0,0.0,0.4,2.0,0.0,225.58420000132173,0.3563831013052792,0.3563831013052792,17,False,0.13540442256508667,1.2471208196953407,0.1384361982345581,7,0.6,2.9,0.0695699155330658,2,0.0,2,,,,,,,-0.24589376193518295,348979.2,3489792.0,3,,356.38310130527924,0.05,4.340706264972686,264.82750125071715,10,2
2,0.9999999403953552,0.24873822421942499,0.0,0.13576795674428263,100000000.0,5.960464477539063e-08,0.0,0.4,2.0,0.0,225.7449000608176,0.3605177689607345,0.3605177689607345,18,False,0.1504207602991644,1.3854264013667463,0.13641846179962158,7,0.6,5.0,0.05530892312526703,2,0.0,2,0.014388091454748064,0.17559524330620965,-0.9871507237354914,4.227129528919856,-0.0431874164690574,0.4632011658201615,-0.25546926462994946,348979.2,3489792.0,1,,360.5177689607345,0.034375,4.328310263156891,268.6951689103708,10,2
2,1.0000001192092896,0.17745209219704103,0.0,0.09841353008666456,100000000.0,-1.1920928955078125e-07,5.960464477539063e-08,0.2,1.0,0.0,189.10839996533468,0.49302689351091894,0.49302689351091894,18,False,0.13187183705121017,1.2145845047194257,0.13307541608810425,6,3.2,5.4,0.07164505869150162,2,5.960464477539063e-08,2,0.014388091454748064,0.17559524330620965,-0.9871507237354914,4.227129528919856,-0.0431874164690574,0.4632011658201615,-0.3124494248857093,681574.4,6815744.0,2,,493.02689351091897,0.0515625,4.334505105018616,303.9184935455843,10,2
2,1.0,0.21362925384718257,0.0,0.11860361937869729,100000000.0,0.0,2.9802322387695312e-08,0.8,4.0,0.0,291.9893999933265,0.6824614050692336,0.6824614050692336,18,False,0.22547425094684173,2.0766945963367855,0.14366212487220764,9,2.0,4.9,0.06911492347717285,2,2.9802322387695312e-08,2,0.014388091454748064,0.17559524330620965,-0.9871507237354914,4.227129528919856,-0.0431874164690574,0.4632011658201615,-0.45396785781036003,1048576.0,10485760.0,3,,682.4614050692336,0.0328125,4.3765449047088625,390.4720050759071,10,2
2,1.0,0.13869007502292852,0.0,0.07661355768719975,100000000.0,0.0,1.4901161193847656e-08,0.2,1.0,0.0,240.8444999018684,0.46701642709727464,0.46701642709727464,19,False,0.13024333676167243,1.1995854627569214,0.122378408908844,6,2.6,5.4,0.07275888323783875,2,1.4901161193847656e-08,2,,,,,,,-0.29862989683063473,734003.2,7340032.0,1,,467.01642709727463,0.0234375,4.332958793640136,313.8918272050942,10,2
2,0.9999999403953552,0.2492826885683437,0.0,0.14173126313979767,100000000.0,5.960464477539063e-08,0.0,0.4,2.0,0.0,227.5106000015512,0.2697228450366873,0.2697228450366873,19,False,0.13461890374012847,1.2398859239488809,0.1403687596321106,7,3.5,5.7,0.061699531972408295,2,0.0,2,,,,,,,-0.2021708743884079,106496.0,1064960.0,2,,269.7228450366873,0.025,4.335743808746338,62.25794266049922,10,2
2,1.0,0.2477818439882817,0.0,0.13725170894889563,100000000.0,0.0,5.21540641784668e-08,0.4,2.0,0.0,226.18819994386286,0.39734447762380987,0.39734447762380987,19,False,0.1415708205127554,1.3039154436624252,0.15234100818634033,7,2.1,4.1,0.067110076546669,2,5.21540641784668e-08,2,,,,,,,-0.2694577012223468,381747.2,3817472.0,3,,397.3444776238099,0.0453125,4.303946781158447,171.156277679947,10,2
2,1.0,0.18886179704393136,0.0,0.10553110809089424,100000000.0,0.0,5.21540641784668e-08,0.4,2.0,0.0,227.98910009441897,0.440927305301155,0.440927305301155,20,False,0.15142435458181244,1.394669846305304,0.12598875164985657,7,0.6,2.6,0.06697802990674973,2,5.21540641784668e-08,2,,,,,,,-0.2961758820955479,348979.2,3489792.0,1,0.0171875,440.927305301155,0.053125,4.310638403892517,345.98550524838925,10,2
2,1.0,0.2358551338270927,0.0,0.12495562732219696,100000000.0,0.0,0.0,0.6,3.0,0.0,268.9830000163056,0.5478481360375458,0.5478481360375458,20,False,0.1552461259818001,1.4298696617230742,0.15596723556518555,8,3.0,4.8,0.07048964500427246,2,0.0,2,,,,,,,-0.35154713100967294,524288.0,5242880.0,2,0.0171875,547.8481360375458,0.05625,4.220336151123047,278.8651360212401,10,2
2,1.0,0.16570254123127268,0.0,0.0912417024374008,100000000.0,0.0,0.0,0.0,0.0,0.0,163.5251000407152,0.29756430425248953,0.29756430425248953,20,False,0.10884619242568436,1.002510480434169,0.13480502367019653,5,4.0,5.5,0.07247910648584366,2,0.0,2,,,,,,,-0.20320524833908693,327680.0,3276800.0,3,0.0171875,297.56430425248953,0.046875,4.2563722133636475,136.05250423341903,10,2
2,1.0,0.22827506105165726,0.0,0.12797783058848725,100000000.0,0.0,0.0,0.2,1.0,0.0,192.00859998818487,0.6990960807018121,0.6990960807018121,21,False,0.14132359290268565,1.3016383932243325,0.1318432092666626,6,0.6,3.8,0.06624069064855576,2,0.0,2,,,,,,,-0.4202098368022489,648806.4,6488064.0,1,,699.0960807018121,0.0375,4.458495450019837,507.0874807136272,10,2
2,0.9999999403953552,0.19063403074741753,0.0,0.10785288571215314,100000000.0,5.960464477539063e-08,0.0,0.6,3.0,0.0,262.7488999860361,0.28732680846715797,0.28732680846715797,21,False,0.18400598218909547,1.6947577264413567,0.12959203124046326,8,0.4,3.8,0.06660211831331253,2,0.0,2,,,,,,,-0.23566639532812672,249036.8,2490368.0,2,,287.32680846715795,0.03125,4.430948328971863,182.94617764234448,10,2
2,0.9999998807907104,0.2679057088911571,0.0,0.14718439413216078,100000000.0,1.1920928955078125e-07,0.0,0.0,0.0,0.0,159.44120002677664,0.5881606369434245,0.5881606369434245,21,False,0.12313683571523894,1.134132169265464,0.1287439465522766,5,1.0,5.5,0.042959511280059814,2,0.0,2,,,,,,,-0.3556487363293317,548864.0,5488640.0,3,,588.1606369434245,0.015625,4.490838885307312,428.71943691664785,10,2
2,1.0,0.2128259515251559,0.0,0.11998345568763805,100000000.0,0.0,0.0,0.2,1.0,0.0,191.06310000643134,0.6657329378709398,0.6657329378709398,22,False,0.12770853292170187,1.1762390566146002,0.14165830612182617,6,2.4,5.4,0.06875211745500565,2,0.0,2,,,,,,,-0.3967207353963208,838860.8,8388608.0,1,,665.7329378709397,0.0328125,4.338491654396057,474.6698378645084,10,2
2,1.0,0.11326926125556447,0.0,0.06264359084782309,100000000.0,0.0,7.450580596923828e-09,0.0,0.0,0.0,159.89349997835234,0.5047514509314107,0.5047514509314107,22,False,0.11320223180357933,1.042631085778313,0.11872720718383789,5,2.5,4.0,0.07973141968250275,2,7.450580596923828e-09,2,,,,,,,-0.30897684881807563,786432.0,7864320.0,2,,504.7514509314107,0.0578125,4.2335962653160095,347.18755093844555,10,2
2,1.0,0.21446667346813425,0.0,0.12035812124343126,100000000.0,0.0,7.450580596923828e-09,0.2,1.0,0.0,190.64570002956316,1.8012851503825047,1.8012851503825047,22,False,0.12571370995279374,1.1578660580891202,0.13799741864204407,6,2.4,5.4,0.0666043758392334,2,7.450580596923828e-09,2,,,,,,,-0.9634994376182298,838860.8,8388608.0,3,,1801.2851503825048,0.0484375,4.305218458175659,1610.6394503529416,10,2
2,0.9999998807907104,0.2693633175814509,0.0,0.14243367088612688,100000000.0,1.1920928955078125e-07,0.0,0.2,1.0,0.0,188.66130005335435,0.26990518611980074,0.26990518611980074,23,False,0.1359937972463881,1.2525491611167519,0.16319966316223145,6,4.2,6.0,0.07303860783576965,2,0.0,2,,,,,,,-0.20294949168309442,288358.4,2883584.0,1,,269.90518611980076,0.034375,4.282355904579163,145.68368616871007,10,2
2,1.0,0.14480458346650493,0.0,0.06916561384686515,100000000.0,0.0,1.1175870895385742e-08,0.6,3.0,0.0,262.68409995827824,0.5316402314681918,0.5316402314681918,23,False,0.1439713674643496,1.3260252981655176,0.118626669049263,8,2.4,5.0,0.061279769986867905,2,1.1175870895385742e-08,2,,,,,,,-0.3378058106421416,429260.8,4292608.0,2,,531.6402314681918,0.0546875,4.308583068847656,268.9561315099135,10,2
2,0.9999999403953552,0.17391783155948687,0.0,0.09827416236025578,100000000.0,5.960464477539063e-08,0.0,0.0,0.0,0.0,159.68620008789003,0.6290218781769865,0.6290218781769865,23,False,0.12160797325782984,1.1200508256507902,0.1329098492860794,5,1.5,3.5,0.07167597860097885,2,0.0,2,,,,,,,-0.37531492571740815,286720.0,2867200.0,3,,629.0218781769865,0.0328125,4.312192499637604,470.6095781267279,10,2
2,1.0,0.12986100509025902,0.0,0.07309110413897395,100000000.0,0.0,3.725290298461914e-08,0.8,4.0,0.0,292.5336000043899,0.3232169153168299,0.3232169153168299,24,False,0.2677682271100542,2.46623651248422,0.1247890293598175,9,0.0,2.2,0.079448401927948,2,3.725290298461914e-08,2,0.021073228931830574,0.2599206433321039,-0.9552943557500839,8.025706112384796,0.03526786838968595,0.755109578371048,-0.29549260846634506,49152.0,491520.0,1,,323.2169153168299,0.0515625,4.230538058280945,30.683315312440026,10,2
2,1.0,0.24783623098510746,0.0,0.1330376627522533,100000000.0,0.0,0.0,0.2,1.0,0.0,188.39590001152828,0.20845381393688794,0.20845381393688794,24,False,0.12472878058134418,1.1487945233357133,0.13846871256828308,6,0.0,2.6,0.0693543329834938,2,0.0,2,0.021073228931830574,0.2599206433321039,-0.9552943557500839,8.025706112384796,0.03526786838968595,0.755109578371048,-0.16659129725911606,49152.0,491520.0,2,,208.45381393688794,0.0453125,4.277546167373657,20.057913925359653,10,2
2,1.0,0.15445353130851752,0.0,0.08390222751875731,100000000.0,0.0,0.0,0.4,2.0,0.0,226.6986999893561,0.5187652668732613,0.5187652668732613,24,False,0.13249599805741685,1.2203332400335045,0.12616896629333496,7,0.7,2.0,0.08184587955474854,2,0.0,2,0.021073228931830574,0.2599206433321039,-0.9552943557500839,8.025706112384796,0.03526786838968595,0.755109578371048,-0.3256306324653391,748748.8,7487488.0,3,,518.7652668732613,0.0453125,4.288265442848205,292.0665668839052,10,2
2,1.0,0.22269555816863212,0.0,0.12310761562975381,100000000.0,0.0,0.0,0.4,2.0,0.0,278.45910005271435,0.3794461085361951,0.3794461085361951,25,False,0.16118316615754225,1.4845518225437566,0.1357191801071167,7,0.6,3.6,0.06337155401706696,2,0.0,2,,,,,,,-0.27031463734686867,348979.2,3489792.0,1,,379.4461085361951,0.0375,4.208836245536804,265.3552085411326,10,2
2,0.9999998807907104,0.23308004106671681,0.0,0.12365361041887549,100000000.0,1.1920928955078125e-07,0.0,0.2,1.0,0.0,189.74189995788038,0.3359719920301887,0.3359719920301887,25,False,0.12504098360667237,1.1516700194641467,0.15177051723003387,6,1.8,4.0,0.06306907534599304,2,0.0,2,,,,,,,-0.23050648781843053,334233.6,3342336.0,2,,335.9719920301887,0.0375,4.269714879989624,146.23009207230828,10,2
2,1.0,0.22119370461475632,0.0,0.11956706821273369,100000000.0,0.0,0.0,0.6,3.0,0.0,263.4265999076888,0.6911808233369572,0.6911808233369572,25,False,0.16898350656778005,1.5563956127393272,0.15079466998577118,8,2.0,5.2,0.07036346197128296,2,0.0,2,,,,,,,-0.4300821649523686,1048576.0,10485760.0,3,,691.1808233369571,0.0703125,4.239041352272034,427.75422342926845,10,2
2,1.0,0.2453884640486039,0.0,0.13525138948945223,100000000.0,0.0,4.0978193283081055e-08,0.4,2.0,0.0,232.27529996074736,0.45193344073037456,0.45193344073037456,26,False,0.14421409953996214,1.3282609432011052,0.14385756850242615,7,3.0,4.0,0.0603523924946785,2,4.0978193283081055e-08,2,,,,,,,-0.2980738111133616,524288.0,5242880.0,1,,451.93344073037457,0.05,4.205608236789703,219.6581407696272,10,2
2,1.0,0.21411359557443885,0.0,0.12042616052193102,100000000.0,0.0,5.21540641784668e-08,0.2,1.0,0.0,192.79820006340742,0.488831123714903,0.488831123714903,26,False,0.12062977182323913,1.1110412574858544,0.13652917742729187,6,2.0,3.0,0.06084024906158447,2,5.21540641784668e-08,2,,,,,,,-0.3047304999231352,1048576.0,10485760.0,2,,488.831123714903,0.05,4.21034836769104,359.2094237968415,10,2
2,1.0,0.19706856375181847,0.0,0.09473646871352895,100000000.0,0.0,0.0,0.4,2.0,0.0,231.39639996225014,0.5116386249562317,0.5116386249562317,26,False,0.13293266264540507,1.2243550695172647,0.15017269551753998,7,3.0,4.3,0.08482464402914047,2,0.0,2,,,,,,,-0.32228564380081837,524288.0,5242880.0,3,,511.6386249562317,0.059375,4.152930808067322,411.6215249075146,10,2
2,1.0,0.1628367596044762,0.0,0.08425606626462986,100000000.0,0.0,0.0,0.2,1.0,0.0,196.22290000552312,0.33987798715812256,0.33987798715812256,27,False,0.1361097114655165,1.2536167705288763,0.13754057884216309,6,1.2,3.6,0.07500338554382324,2,0.0,2,,,,,,,-0.23799384931181955,239206.4,2392064.0,1,,339.87798715812255,0.0515625,4.159124851226807,214.5477870885386,10,2
2,1.0,0.213511479351119,0.0,0.11745038307549154,100000000.0,0.0,5.587935447692871e-08,0.2,1.0,0.0,191.20179995661601,0.4552986153717837,0.4552986153717837,27,False,0.124897817241166,1.1503514085080142,0.130572110414505,6,2.4,3.8,0.056777697056531906,2,5.587935447692871e-08,2,,,,,,,-0.2900982721858293,838860.8,8388608.0,2,,455.2986153717837,0.0546875,4.141625714302063,293.1122232582275,10,2
2,1.0,0.17587850908303274,0.0,0.09913739560749227,100000000.0,0.0,0.0,0.2,1.0,0.0,190.47599990153685,0.34953830183048895,0.34953830183048895,27,False,0.1361164550289654,1.2536788810435608,0.12688623368740082,6,1.8,3.2,0.06603378802537918,2,0.0,2,,,,,,,-0.24282737842972718,334233.6,3342336.0,3,,349.53830183048893,0.0703125,4.133541774749756,159.06230192895208,10,2
2,1.0,0.20647955255698672,0.0,0.11356310566608765,100000000.0,0.0,0.0,0.2,1.0,0.0,189.8151999921538,1.0320126857080032,1.0320126857080032,28,False,0.13832898139302147,1.274057001938488,0.13329492509365082,6,2.0,4.4,0.05680331587791443,2,0.0,2,,,,,,,-0.5851708335505124,1048576.0,10485760.0,1,,1032.0126857080031,0.05,4.154739546775818,842.1974857158494,10,2
2,1.0,0.25817684144394015,0.0,0.14375326614836653,100000000.0,0.0,0.0,0.8,4.0,0.0,290.86190002271906,0.7860666795287572,0.7860666795287572,28,False,0.2662583278371158,2.4523298262530577,0.15077635645866394,9,2.1,4.0,0.060754843056201935,2,0.0,2,,,,,,,-0.5261625036829365,996147.2,9961472.0,2,,786.0666795287572,0.075,4.125430566072464,495.20477950603816,10,2
2,1.0,0.11260067153049852,0.0,0.06165508507449117,100000000.0,0.0,7.450580596923828e-09,0.2,1.0,0.0,187.79510003514588,0.2490168462519944,0.2490168462519944,28,False,0.12656952046181055,1.1657483641710793,0.12189345806837082,6,1.2,2.8,0.07975669205188751,2,7.450580596923828e-09,2,,,,,,,-0.18779319080748308,239206.4,2392064.0,3,,249.01684625199442,0.0609375,4.12607786655426,125.84434619764242,10,2
2,1.0,0.1331916041924197,0.0,0.07566492950167349,100000000.0,0.0,0.0,0.2,1.0,0.0,188.23940004222095,0.3137311256266121,0.3137311256266121,29,False,0.1376972213988643,1.2682382773589027,0.12111588567495346,6,2.0,4.2,0.07646150887012482,2,0.0,2,,,,,,,-0.2257141735127382,81920.0,819200.0,1,,313.7311256266121,0.0578125,4.101642274856568,190.06952563150932,10,2
2,0.9999999403953552,0.18968897160013884,0.0,0.10675149724077056,100000000.0,5.960464477539063e-08,0.0,0.0,0.0,0.0,159.79469998273998,0.4219635420868646,0.4219635420868646,29,False,0.11800711694198147,1.0868857133512466,0.13432054221630096,5,1.5,3.0,0.07692772150039673,2,0.0,2,,,,,,,-0.26998532951442306,286720.0,2867200.0,2,,421.9635420868646,0.0875,4.0378968715667725,262.1688421041246,10,2
2,1.0,0.2905824921792099,0.0,0.16128975806698564,100000000.0,0.0,1.4901161193847656e-08,0.4,2.0,0.0,228.4821998910047,0.8611889339774835,0.8611889339774835,29,False,0.12735585321448714,1.1729907564688637,0.14996272325515747,7,2.0,4.3,0.044542208313941956,2,1.4901161193847656e-08,2,,,,,,,-0.49427240849714654,1048576.0,10485760.0,3,,861.1889339774835,0.0796875,4.037458926439285,632.7067340864788,10,2
2,1.0,0.17600714121596506,0.0,0.09843898715914805,100000000.0,0.0,1.4901161193847656e-08,0.2,1.0,0.0,190.93310012249276,1.2735055385492295,1.2735055385492295,30,False,0.1340475784041105,1.2346238231410216,0.12109872698783875,6,1.8,4.4,0.0673532709479332,2,1.4901161193847656e-08,2,0.010123478389383914,0.2172619110206142,-0.9264786889155706,12.464473128318787,-0.07052067170540492,0.6910339205836257,-0.7037765733778312,838860.8,8388608.0,1,0.03671875,1273.5055385492296,0.0609375,4.054130816459656,1082.5724384267369,10,2
2,1.0,0.2466505912808459,0.0,0.13974394560432557,100000000.0,0.0,2.2351741790771484e-08,0.2,1.0,0.0,187.63129995204508,0.2026848926310288,0.2026848926310288,30,False,0.12062977182323913,1.1110412574858544,0.1371598094701767,6,0.0,4.2,0.06525951623916626,2,2.2351741790771484e-08,2,0.010123478389383914,0.2172619110206142,-0.9264786889155706,12.464473128318787,-0.07052067170540492,0.6910339205836257,-0.16165735457887576,49152.0,491520.0,2,0.03671875,202.6848926310288,0.0859375,4.093587350845337,18.75694798179905,10,2
2,1.0,0.20281255845441046,0.0,0.11270952421089725,100000000.0,0.0,0.0,0.2,1.0,0.0,188.18789994111285,0.4883223348813631,0.4883223348813631,30,False,0.13041258636586783,1.2011443092193832,0.13454756140708923,6,1.2,3.2,0.059592798352241516,2,0.0,2,0.010123478389383914,0.2172619110206142,-0.9264786889155706,12.464473128318787,-0.07052067170540492,0.6910339205836257,-0.3093674606236155,648806.4,6488064.0,3,0.03671875,488.32233488136313,0.0578125,4.066114997863769,300.1344349402503,10,2
2,1.0,0.18761725872812596,0.0,0.09732138806554798,100000000.0,0.0,0.0,0.0,0.0,0.0,205.78459999524057,0.6228546148297922,0.6228546148297922,31,False,0.12730358799045693,1.172509375965928,0.14333316683769226,5,1.0,3.0,0.0728147029876709,2,0.0,2,,,,,,,-0.37507910141012457,548864.0,5488640.0,1,,622.8546148297922,0.040625,4.3105111718177795,417.07001483455167,10,2
2,0.9999999403953552,0.2513379274848139,0.0,0.13516307411776138,100000000.0,5.960464477539063e-08,0.0,0.0,0.0,0.0,165.36819998873398,0.3771257029786989,0.3771257029786989,31,False,0.12455488311106123,1.1471928684445818,0.1357678472995758,5,1.5,5.0,0.0438493974506855,2,0.0,2,,,,,,,-0.2508402930448801,286720.0,2867200.0,2,,377.1257029786989,0.0640625,4.203702449798584,215.20310297480822,10,2
2,1.0,0.1400547786614878,0.0,0.07985414563522829,100000000.0,0.0,0.0,0.0,0.0,0.0,162.75620000669733,0.6305185036561542,0.6305185036561542,31,False,0.12363667574628631,1.1387358660829494,0.12189650535583496,5,2.0,4.5,0.07492602616548538,2,0.0,2,,,,,,,-0.3770775897012203,1048576.0,10485760.0,3,,630.5185036561543,0.05,4.228639602661133,467.76230364945684,10,2
2,0.9999999403953552,0.23553976089032888,0.0,0.1282185051885735,100000000.0,5.960464477539063e-08,0.0,0.4,2.0,0.0,230.84600002039224,0.3264717072486004,0.3264717072486004,32,False,0.15060351380409465,1.3871096233513254,0.15118713676929474,7,0.6,2.9,0.06013910472393036,2,0.0,2,,,,,,,-0.23853761052634753,348979.2,3489792.0,1,,326.4717072486004,0.0609375,4.152591669559479,232.10990718845855,10,2
2,0.9999998807907104,0.20306478079304807,0.0,0.11495295967731474,100000000.0,1.1920928955078125e-07,0.0,0.6,3.0,0.0,269.47719999589026,0.41624850932089186,0.41624850932089186,32,False,0.15650576690056814,1.4414713833313966,0.1330360770225525,8,3.0,4.8,0.07472708076238632,2,0.0,2,,,,,,,-0.28637713811073,524288.0,5242880.0,2,,416.24850932089186,0.0671875,4.069194507598877,177.6561040719031,10,2
2,0.9999999403953552,0.2003580506402847,0.0,0.1111952993629962,100000000.0,5.960464477539063e-08,0.0,0.0,0.0,0.0,166.48129996610805,0.32525960004137733,0.32525960004137733,32,False,0.12016933932877262,1.1068005174934998,0.13974633812904358,5,4.0,5.0,0.06346789747476578,2,0.0,2,,,,,,,-0.22271446968507497,327680.0,3276800.0,3,,325.2596000413773,0.0671875,4.0735912919044495,158.77830007526924,10,2
2,0.9999999403953552,0.17038584283444577,0.0,0.09616673563048705,100000000.0,5.960464477539063e-08,0.0,0.4,2.0,0.0,228.9932999992743,0.49260982376828344,0.49260982376828344,33,False,0.14617303639940304,1.346303418443766,0.12913833558559418,7,2.7,5.3,0.068172886967659,2,0.0,2,,,,,,,-0.31939143008384324,681574.4,6815744.0,1,,492.60982376828343,0.05625,4.051125180721283,322.6812270477145,10,2
2,1.0,0.17872690421902954,0.0,0.09641723654167435,100000000.0,0.0,5.960464477539063e-08,0.0,0.0,0.0,165.76840006746352,0.46695859477933527,0.46695859477933527,33,False,0.1259324946887898,1.159881139975837,0.11985880881547928,5,2.5,5.0,0.06508313864469528,2,5.960464477539063e-08,2,,,,,,,-0.2964456043387073,786432.0,7864320.0,2,,466.9585947793353,0.0625,4.037486910820007,301.19019471187175,10,2
2,1.0,0.198815987107104,0.0,0.10993179097670006,100000000.0,0.0,0.0,0.2,1.0,0.0,191.14780006930232,0.5956915564011953,0.5956915564011953,33,False,0.13348492456350602,1.2294415897574549,0.12462720274925232,6,1.8,4.4,0.07483957707881927,2,0.0,2,,,,,,,-0.36458824048235067,838860.8,8388608.0,3,,595.6915564011953,0.075,4.12198703289032,404.543756331893,10,2
2,1.0,0.23318646826511713,0.0,0.12961658680948535,100000000.0,0.0,5.21540641784668e-08,0.4,2.0,0.0,227.1925000823103,0.40236384618708343,0.40236384618708343,34,False,0.14840481047276607,1.3668588172927914,0.1479146033525467,7,3.0,4.7,0.06584575772285461,2,5.21540641784668e-08,2,,,,,,,-0.27538438048398894,524288.0,5242880.0,1,,402.3638461870834,0.04375,4.063496857881546,175.17134610477314,10,2
2,1.0,0.20627220608155747,0.0,0.1129364578952159,100000000.0,0.0,7.450580596923828e-09,0.6,3.0,0.0,265.43249998940155,0.6535260340382245,0.6535260340382245,34,False,0.1761110326149448,1.6220425536438403,0.12338154762983322,8,2.2,5.0,0.05656447261571884,2,7.450580596923828e-09,2,,,,,,,-0.41481854077716523,943718.4,9437184.0,2,,653.5260340382246,0.078125,4.109562766551972,388.093534048823,10,2
2,1.0,0.23900422679191977,0.0,0.135257945866472,100000000.0,0.0,0.0,0.2,1.0,0.0,190.88270008796826,0.571952333794435,0.571952333794435,34,False,0.12358137771941041,1.1382265524335238,0.13448677957057953,6,2.0,4.6,0.05607758089900017,2,0.0,2,,,,,,,-0.3477668557569227,1048576.0,10485760.0,3,,571.952333794435,0.0625,4.047115886211396,451.464433751063,10,2
2,0.9999998807907104,0.20472436756735482,0.0,0.11541998306304141,100000000.0,1.1920928955078125e-07,0.0,0.2,1.0,0.0,188.3935999358073,0.32102042999588964,0.32102042999588964,35,False,0.13523113392580913,1.245524772344998,0.12704499065876007,6,3.6,5.0,0.06385407596826553,2,0.0,2,,,,,,,-0.22812578196084937,367001.6,3670016.0,1,,321.02042999588963,0.065625,4.029577469825744,198.01453004595902,10,2
2,1.0,0.16360011124148466,0.0,0.09092273414134978,100000000.0,0.0,0.0,0.4,2.0,0.0,227.67030005343258,0.3546987537675157,0.3546987537675157,35,False,0.1487710798096764,1.3702322825535536,0.12652650475502014,7,3.0,4.3,0.08030891418457031,2,0.0,2,,,,,,,-0.25173491678859605,524288.0,5242880.0,2,,354.6987537675157,0.0859375,4.069642543792725,139.4364431854374,10,2
2,1.0,0.24559229687520517,0.0,0.13189602727395114,100000000.0,0.0,6.705522537231445e-08,0.2,1.0,0.0,188.17350006429479,0.43002317044431665,0.43002317044431665,35,False,0.12537600176530503,1.1547556507359462,0.1259579062461853,6,2.6,4.4,0.04571562260389328,2,6.705522537231445e-08,2,,,,,,,-0.2776996531600362,734003.2,7340032.0,3,,430.02317044431663,0.0578125,3.9668384075164793,303.20717046981997,10,2
2,1.0,0.23261439066636394,0.0,0.13228187637891153,100000000.0,0.0,2.2351741790771484e-08,0.6,3.0,0.0,264.9781000218354,0.2833918237057009,0.2833918237057009,36,False,0.1743802153965314,1.606101137940576,0.1381041407585144,8,0.6,2.6,0.06606783717870712,2,2.2351741790771484e-08,2,0.006593248147207002,0.06398809685682257,-1.0039250353972118,10.317487557729086,-0.13441135734319687,0.5084078785342475,-0.22888604190285794,144179.2,1441792.0,1,,283.39182370570086,0.0859375,3.9821239352226256,172.64912335573192,10,2
2,0.9999999403953552,0.2077054038275034,0.0,0.1166394243621483,100000000.0,5.960464477539063e-08,0.0,0.4,2.0,0.0,225.67409998737276,0.4562923040668607,0.4562923040668607,36,False,0.13496807962119892,1.2431019526632243,0.13971035182476044,7,3.6,5.3,0.0682445615530014,2,0.0,2,0.006593248147207002,0.06398809685682257,-1.0039250353972118,10.317487557729086,-0.13441135734319687,0.5084078785342475,-0.29563019184402983,406323.2,4063232.0,2,,456.2923040668607,0.0828125,3.978714621067047,230.61820407948795,10,2
2,1.0,0.21063162337762012,0.0,0.1188826428270537,100000000.0,0.0,0.0,0.2,1.0,0.0,191.7515000095591,0.592500237791981,0.592500237791981,36,False,0.14113788577558067,1.2999279673741937,0.13659179210662842,6,2.4,4.6,0.062494486570358276,2,0.0,2,0.006593248147207002,0.06398809685682257,-1.0039250353972118,10.317487557729086,-0.13441135734319687,0.5084078785342475,-0.3668190617837809,838860.8,8388608.0,3,,592.500237791981,0.0546875,4.070851182937622,400.748737782422,10,2
2,1.0000001192092896,0.20816811114216532,0.0,0.11603094235004964,100000000.0,-1.1920928955078125e-07,1.862645149230957e-08,0.0,0.0,0.0,209.11709999199957,0.6383249455563158,0.6383249455563158,37,False,0.13656647265377225,1.25782369654142,0.13532385230064392,5,2.5,5.0,0.05929357185959816,2,1.862645149230957e-08,2,,,,,,,-0.38744572773149555,786432.0,7864320.0,1,,638.3249455563158,0.059375,3.99928417801857,429.20784556431624,10,2
2,1.0,0.1649832518250415,0.0,0.09383731028195189,100000000.0,0.0,0.0,0.0,0.0,0.0,159.67179997824132,0.45962793078372166,0.45962793078372166,37,False,0.1162248862922698,1.070470762446034,0.1242479532957077,5,3.0,4.5,0.07634495943784714,2,0.0,2,,,,,,,-0.2879264085379957,524288.0,5242880.0,2,,459.62793078372164,0.065625,4.0092653632164,301.02483079401685,10,2
2,1.0,0.18202101689177924,0.0,0.09917244765265108,100000000.0,0.0,3.725290298461914e-08,0.2,1.0,0.0,191.8125999509357,0.36021123335170013,0.36021123335170013,37,False,0.12471183127541959,1.148638414459079,0.12586398422718048,6,3.0,4.0,0.06234399974346161,2,3.725290298461914e-08,2,,,,,,,-0.24246156956646284,524288.0,5242880.0,3,,360.2112333517001,0.0625,4.021454477310181,168.39863340076448,10,2
2,1.0,0.19563283333552334,0.0,0.10367986548901005,100000000.0,0.0,2.9802322387695312e-08,0.2,1.0,0.0,195.29159989906475,0.3671603169662512,0.3671603169662512,38,False,0.1326185846500239,1.2214623042764563,0.1459486186504364,6,3.6,4.6,0.07589506357908249,2,2.9802322387695312e-08,2,,,,,,,-0.24988948061045993,367001.6,3670016.0,1,,367.1603169662512,0.0796875,3.994689977169037,241.35111691640756,10,2
2,1.0,0.2155295532835297,0.0,0.11487812228682455,100000000.0,0.0,1.4901161193847656e-08,0.0,0.0,0.0,164.3366999924183,0.31814471878653594,0.31814471878653594,38,False,0.11809868165836584,1.0877290555552102,0.15146169066429138,5,1.5,3.5,0.07379879057407379,2,1.4901161193847656e-08,2,,,,,,,-0.2181217151236121,286720.0,2867200.0,2,,318.1447187865359,0.096875,3.9383802711963654,157.8168188182844,10,2
2,1.0,0.16990456058967962,0.0,0.09159226721828978,100000000.0,0.0,7.450580596923828e-09,0.6,3.0,0.0,266.8134000268765,0.44952435711291683,0.44952435711291683,38,False,0.17722417293949513,1.6322949549147212,0.13674023747444153,8,3.0,5.0,0.0752338394522667,2,7.450580596923828e-09,2,,,,,,,-0.31337427247678656,524288.0,5242880.0,3,,449.52435711291685,0.075,4.011796259880066,182.7109570860403,10,2
2,1.0,0.2324558281754532,0.0,0.12841924748137032,100000000.0,0.0,0.0,0.2,1.0,0.0,188.5314999963157,0.3621133426819412,0.3621133426819412,39,False,0.13701301142199868,1.2619364705860683,0.144363671541214,6,3.0,4.4,0.071849524974823,2,0.0,2,,,,,,,-0.24956317705196993,524288.0,5242880.0,1,,362.11334268194116,0.078125,3.9184464693069456,194.3495769100833,10,2
2,1.0,0.2114852783439341,0.0,0.11770995255417735,100000000.0,0.0,0.0,0.8,4.0,0.0,290.5480999615975,0.5043231376165002,0.5043231376165002,39,False,0.21193679703299903,1.9520100380203533,0.1360248476266861,9,3.2,5.1,0.06496648490428925,2,0.0,2,,,,,,,-0.3581299673247496,484966.4,4849664.0,2,,504.32313761650016,0.0640625,3.9599762320518495,213.77503765490272,10,2
2,1.0,0.15763578679450868,0.0,0.08636092712937404,100000000.0,0.0,1.4901161193847656e-08,0.0,0.0,0.0,159.10069999517873,0.3416844203184761,0.3416844203184761,39,False,0.12213560167792477,1.1249104629897926,0.12770551443099976,5,3.0,4.5,0.07225428521633148,2,1.4901161193847656e-08,2,,,,,,,-0.23191002589936163,524288.0,5242880.0,3,,341.6844203184761,0.075,3.9552325904369354,183.99132027304103,10,2
2,1.0,0.21767326320374691,0.0,0.12301741437536116,100000000.0,0.0,4.470348358154297e-08,0.6,3.0,0.0,263.41459999093786,0.40333552817278406,0.40333552817278406,40,False,0.19045596192264966,1.7541642351797389,0.13740551471710205,8,0.4,2.4,0.06264741718769073,2,4.470348358154297e-08,2,,,,,,,-0.29689578975120046,249036.8,2490368.0,1,0.04453125,403.33552817278405,0.0734375,3.9252564668655396,327.4393281473299,10,2
2,1.0,0.20992498323784503,0.0,0.11295346637000839,100000000.0,0.0,0.0,0.0,0.0,0.0,159.30569998454303,0.503245987496874,0.503245987496874,40,False,0.11927246153470537,1.0985399677380734,0.14137297868728638,5,1.5,3.0,0.07134202122688293,2,0.0,2,,,,,,,-0.3112592245157897,286720.0,2867200.0,2,0.04453125,503.24598749687397,0.103125,4.009435683488846,343.94028751233094,10,2
2,1.0,0.3142070735411595,0.0,0.16768504429332848,100000000.0,0.0,1.4901161193847656e-08,0.0,0.0,0.0,159.18020001845434,0.4119657483626172,0.4119657483626172,40,False,0.11896645558043999,1.0957215487434377,0.166464164853096,5,3.0,4.5,0.07068990916013718,2,1.4901161193847656e-08,2,,,,,,,-0.2654661168726898,524288.0,5242880.0,3,0.04453125,411.9657483626172,0.090625,3.93105748295784,252.78554834416283,10,2
2,1.0,0.11439149769221954,0.0,0.06409517958405689,100000000.0,0.0,3.725290298461914e-08,0.2,1.0,0.0,189.92089992389083,0.5916264976072556,0.5916264976072556,41,False,0.13398425801010944,1.2340406207597843,0.12118060886859894,6,1.8,3.2,0.08030003309249878,2,3.725290298461914e-08,2,,,,,,,-0.3628054150615855,838860.8,8388608.0,1,,591.6264976072556,0.0625,4.212133622169494,401.7055976833648,10,2
2,0.9999999403953552,0.19209210028737203,0.0,0.10634416644531614,100000000.0,5.960464477539063e-08,0.0,0.0,0.0,0.0,158.79569994285703,0.28223182235578287,0.28223182235578287,41,False,0.12878660475788511,1.1861684651712894,0.1318701207637787,5,1.5,3.0,0.06558212637901306,2,0.0,2,,,,,,,-0.205509213556834,286720.0,2867200.0,2,,282.23182235578287,0.071875,4.042500734329224,123.43612241292584,10,2
2,0.9999999403953552,0.16366162570787265,0.0,0.08710713348111909,100000000.0,5.960464477539063e-08,0.0,0.2,1.0,0.0,188.13179997960106,0.32533553421124484,0.32533553421124484,41,False,0.13001028748950805,1.1974389996368462,0.138483464717865,6,1.2,3.2,0.07698730379343033,2,0.0,2,,,,,,,-0.22767291085037644,239206.4,2392064.0,3,,325.33553421124486,0.0734375,4.047897720336914,203.89413424161862,10,2
2,1.0,0.22480919825305093,0.0,0.12657457148275525,100000000.0,0.0,2.60770320892334e-08,0.2,1.0,0.0,189.68019995372742,1.9311291709933993,1.9311291709933993,42,False,0.13724775377117948,1.264098527521741,0.1296520233154297,6,3.2,5.4,0.06172650679945946,2,2.60770320892334e-08,2,0.0014333577370659138,0.042658731496582426,-1.0971236725648243,10.336904446283976,-0.0012555420398712158,0.2741259951144457,-1.0341884884593215,681574.4,6815744.0,1,,1931.1291709933994,0.071875,3.9982434034347536,1741.448971039672,10,2
2,1.0,0.1690980277384505,0.0,0.08807272919958285,100000000.0,0.0,7.450580596923828e-09,0.2,1.0,0.0,189.33550000656396,0.535967502778736,0.535967502778736,42,False,0.12259354795676927,1.1291283040900304,0.12939882278442383,6,3.0,4.4,0.08252925425767899,2,7.450580596923828e-09,2,0.0014333577370659138,0.042658731496582426,-1.0971236725648243,10.336904446283976,-0.0012555420398712158,0.2741259951144457,-0.3292805328183332,524288.0,5242880.0,2,,535.9675027787359,0.0703125,3.985963296890259,415.7062027727859,10,2
2,0.9999999403953552,0.2282883711757419,0.0,0.11051912464588229,100000000.0,5.960464477539063e-08,0.0,0.4,2.0,0.0,230.78819998772815,0.4303969589866612,0.4303969589866612,42,False,0.13832336245147545,1.2740052495743188,0.15976305305957794,7,4.4,5.4,0.08094026893377304,2,0.0,2,0.0014333577370659138,0.042658731496582426,-1.0971236725648243,10.336904446283976,-0.0012555420398712158,0.2741259951144457,-0.28436016071906833,249036.8,2490368.0,3,,430.3969589866612,0.09375,3.879665070772171,342.23885901634657,10,2
2,1.0,0.208633360925673,0.0,0.11529646206426275,100000000.0,0.0,7.450580596923828e-09,0.2,1.0,0.0,238.11939998995513,0.7134781790094962,0.7134781790094962,43,False,0.13828500445356962,1.2736519593576185,0.13408838212490082,6,1.8,3.2,0.059295013546943665,2,7.450580596923828e-09,2,,,,,,,-0.4258815991821135,838860.8,8388608.0,1,,713.4781790094962,0.06875,3.989785206317902,475.3587790195411,10,2
2,1.0,0.1912114246254923,0.0,0.10847684890031815,100000000.0,0.0,0.0,0.0,0.0,0.0,165.20859999582171,0.3665770208710097,0.3665770208710097,43,False,0.12368104502429637,1.139144522235481,0.12841883301734924,5,3.0,4.5,0.07271584868431091,2,0.0,2,,,,,,,-0.24512903294765304,524288.0,5242880.0,2,,366.57702087100967,0.078125,4.007999360561371,201.36842087518798,10,2
2,1.0,0.1963201450168736,0.0,0.11144424536410158,100000000.0,0.0,0.0,0.2,1.0,0.0,187.83210002584383,0.5265289261334365,0.5265289261334365,43,False,0.12965981250359462,1.19421100572472,0.13135993480682373,6,2.4,4.6,0.07106104493141174,2,0.0,2,,,,,,,-0.32809436931851554,838860.8,8388608.0,3,,526.5289261334365,0.0953125,3.903291714191437,338.6968261075926,10,2
2,0.9999999403953552,0.2519306580900189,0.0,0.13987568675823367,100000000.0,5.960464477539063e-08,0.0,0.4,2.0,0.0,228.20950002642348,0.3903355005833592,0.3903355005833592,44,False,0.140012053686052,1.2895586706279414,0.12759454548358917,7,2.1,4.1,0.054070279002189636,2,0.0,2,,,,,,,-0.2651737771347056,381747.2,3817472.0,1,,390.3355005833592,0.0609375,3.91444354057312,162.12600055693568,10,2
2,1.0,0.3753871462576571,0.0,0.1851970874741131,100000000.0,0.0,0.0,0.2,1.0,0.0,190.0129999849014,0.6533055897884759,0.6533055897884759,44,False,0.11919497683145905,1.0978263072475531,0.19865700602531433,6,3.0,4.0,0.06233716383576393,2,0.0,2,,,,,,,-0.38625028330996747,524288.0,5242880.0,2,,653.3055897884759,0.078125,4.016293334960937,463.29258980357446,10,2
2,0.9999999403953552,0.24555301176985647,0.0,0.13861640843345954,100000000.0,5.960464477539063e-08,1.862645149230957e-08,0.4,2.0,0.0,224.70969991991296,0.3950918060950538,0.3950918060950538,44,False,0.1269841945712577,1.1695676538625337,0.14343947172164917,7,3.0,4.0,0.054986659437417984,2,1.862645149230957e-08,2,,,,,,,-0.2610380189596072,524288.0,5242880.0,3,,395.0918060950538,0.090625,3.880814737081528,226.85861569895675,10,2
2,0.9999998807907104,0.31597308402399993,0.0,0.16262228014767557,100000000.0,1.1920928955078125e-07,0.0,0.6,3.0,0.0,265.29190002474934,0.49886418043991876,0.49886418043991876,45,False,0.16772838348791003,1.544835501965001,0.1792566478252411,8,3.0,4.0,0.06355778872966766,2,0.0,2,,,,,,,-0.33329628196391436,524288.0,5242880.0,1,,498.86418043991875,0.0859375,3.851573944091797,233.57228041516942,10,2
2,0.9999998807907104,0.13249586796960613,0.0,0.0718716949455579,100000000.0,1.1920928955078125e-07,0.0,0.2,1.0,0.0,188.16630000947043,0.23708365585711855,0.23708365585711855,45,False,0.129199861215036,1.1899746978025658,0.12241825461387634,6,1.2,3.2,0.07240888476371765,2,0.0,2,,,,,,,-0.18314175853607728,239206.4,2392064.0,2,,237.08365585711854,0.1046875,3.938257133960724,114.07845597072574,10,2
2,1.0,0.2205759338902176,0.0,0.11719754487276077,100000000.0,0.0,0.0,0.2,1.0,0.0,189.7665000287816,0.3526820603034284,0.3526820603034284,45,False,0.1273264232697775,1.1727196966609594,0.12004297971725464,6,3.0,5.0,0.06108841300010681,2,0.0,2,,,,,,,-0.24000424178660296,524288.0,5242880.0,3,,352.6820603034284,0.0859375,3.861290442943573,162.9155602746468,10,2
2,1.0,0.1938055842974951,0.0,0.10911750820629323,100000000.0,0.0,0.0,0.4,2.0,0.0,224.66700000222772,0.5871372421000935,0.5871372421000935,46,False,0.1416111924528499,1.3042872829721723,0.13771945238113403,7,3.0,4.0,0.07582153379917145,2,0.0,2,,,,,,,-0.36437421727647173,524288.0,5242880.0,1,,587.1372421000935,0.071875,3.9731062769889833,362.4702420978659,10,2
2,1.0,0.25193817087704673,0.0,0.14159112541682178,100000000.0,0.0,7.450580596923828e-09,0.4,2.0,0.0,224.75510003278032,0.4416404906795687,0.4416404906795687,46,False,0.1325765075698593,1.2210747600462812,0.13413114845752716,7,2.4,5.0,0.06188645213842392,2,7.450580596923828e-09,2,,,,,,,-0.2871085065752946,681574.4,6815744.0,2,,441.6404906795687,0.1,3.923701786994934,268.9584199491781,10,2
2,0.9999999403953552,0.17416066118454693,0.0,0.08979166432904698,100000000.0,5.960464477539063e-08,0.0,0.0,0.0,0.0,159.5489999745041,0.2889337292748,0.2889337292748,46,False,0.12363667574628631,1.1387358660829494,0.1405145674943924,5,3.0,4.5,0.07213172316551208,2,0.0,2,,,,,,,-0.20628520251054316,524288.0,5242880.0,3,,288.9337292748,0.0859375,3.9179593324661255,131.77662929440473,10,2
2,0.9999999403953552,0.21182196397284522,0.0,0.11972469834422307,100000000.0,5.960464477539063e-08,0.0,0.8,4.0,0.0,289.6606000722386,0.44478553293036416,0.44478553293036416,47,False,0.24234049381209255,2.2320384339221606,0.13832126557826996,9,3.0,5.0,0.06877303123474121,2,0.0,2,,,,,,,-0.34356301337122835,524288.0,5242880.0,1,,444.7855329303642,0.084375,3.9003382325172424,155.12493285812553,10,2
2,1.0,0.09327324710308128,0.0,0.05122057195840562,100000000.0,0.0,2.9802322387695312e-08,0.2,1.0,0.0,190.7160000409931,0.24834699724161272,0.24834699724161272,47,False,0.12520373942263832,1.1531690559267118,0.11961019039154053,6,1.2,3.6,0.08871519565582275,2,2.9802322387695312e-08,2,,,,,,,-0.1867753981344479,239206.4,2392064.0,2,,248.3469972416127,0.078125,3.8693854808807373,128.4881972736979,10,2
2,1.0,0.2593253367611551,0.0,0.143385938456445,100000000.0,0.0,0.0,0.2,1.0,0.0,188.26419999822974,0.3728665487840639,0.3728665487840639,47,False,0.12200854420321751,1.123740220400935,0.15278828144073486,6,1.8,3.8,0.05637487769126892,2,0.0,2,,,,,,,-0.2474375464936407,334233.6,3342336.0,3,,372.86654878406387,0.0859375,3.9049368858337403,184.60234878583418,10,2
2,1.0,0.17409041861834884,0.0,0.09875805231724562,100000000.0,0.0,2.2351741790771484e-08,0.2,1.0,0.0,190.3976000030525,0.5597502145372106,0.5597502145372106,48,False,0.14178830930308597,1.305918589448459,0.12452937662601471,6,2.4,4.4,0.07172127068042755,2,2.2351741790771484e-08,2,0.0049757893139030784,0.07341270241886377,-0.9882520288228989,12.328907569249472,0.07113723146418731,0.4599575879983604,-0.3507692842718901,838860.8,8388608.0,1,,559.7502145372106,0.0828125,3.9031488418579103,369.3526145341582,10,2
2,0.9999998807907104,0.22310898280884103,0.0,0.12511099409890888,100000000.0,1.1920928955078125e-07,0.0,0.2,1.0,0.0,190.3080000774935,0.41909431720899837,0.41909431720899837,48,False,0.12203159763808351,1.123952550382794,0.13862892985343933,6,2.4,3.8,0.07251276075839996,2,0.0,2,0.0049757893139030784,0.07341270241886377,-0.9882520288228989,12.328907569249472,0.07113723146418731,0.4599575879983604,-0.2705629574235409,838860.8,8388608.0,2,,419.09431720899835,0.0953125,3.896103394031525,228.78631713150492,10,2
2,0.9999999403953552,0.21741007714484847,0.0,0.1138487257867292,100000000.0,5.960464477539063e-08,0.0,0.2,1.0,0.0,189.93509997380897,0.36811776456667955,0.36811776456667955,48,False,0.13056983741850117,1.202592644937988,0.1442674696445465,6,3.0,5.0,0.07856465876102448,2,0.0,2,0.0049757893139030784,0.07341270241886377,-0.9882520288228989,12.328907569249472,0.07113723146418731,0.4599575879983604,-0.24934380099259035,524288.0,5242880.0,3,,368.11776456667957,0.109375,3.8965988993644713,247.7008423722103,10,2
2,1.0,0.17423917502048936,0.0,0.09477627006594917,100000000.0,0.0,5.21540641784668e-08,0.0,0.0,0.0,197.61530007235706,0.4062941012868614,0.4062941012868614,49,False,0.13122640000505273,1.2086398098356328,0.131006121635437,5,3.0,5.5,0.08262830972671509,2,5.21540641784668e-08,2,,,,,,,-0.2687603028000212,524288.0,5242880.0,1,,406.2941012868614,0.0875,3.864110976457596,208.6788012145043,10,2
2,0.9999999403953552,0.1911944197510903,0.0,0.09878983119229899,100000000.0,5.960464477539063e-08,0.0,0.0,0.0,0.0,162.58540004491806,0.46199135973544114,0.46199135973544114,49,False,0.12292503286212166,1.132181392896498,0.11840694397687912,5,1.5,3.5,0.05279043689370155,2,0.0,2,,,,,,,-0.2924581962987814,286720.0,2867200.0,2,,461.99135973544116,0.0875,3.9634347558021545,299.4059596905231,10,2
2,1.0,0.22955948743361063,0.0,0.1281518116593361,100000000.0,0.0,0.0,0.4,2.0,0.0,225.34039994934574,0.24686428565511864,0.24686428565511864,49,False,0.14507884396075987,1.3362255336514197,0.13208860158920288,7,0.9,1.9,0.06146686524152756,2,0.0,2,,,,,,,-0.19597156480793926,191692.8,1916928.0,3,,246.86428565511864,0.0765625,3.922681826353073,153.3738857109883,10,2
2,0.9999999403953552,0.24618528857949515,0.0,0.13953274516162628,100000000.0,5.960464477539063e-08,0.0,0.2,1.0,0.0,189.68750000931323,0.4951712536587259,0.4951712536587259,50,False,0.1306439225572283,1.2032749942821697,0.14217495918273926,6,1.2,3.8,0.06739144772291183,2,0.0,2,,,,,,,-0.3129075881079771,648806.4,6488064.0,1,0.04765625,495.1712536587259,0.0890625,3.9537943959236146,305.4837536494127,10,2
2,1.0,0.2134981838539097,0.0,0.12154530504549647,100000000.0,0.0,3.725290298461914e-08,0.8,4.0,0.0,289.57960003754124,0.45451521619020097,0.45451521619020097,50,False,0.19821999307725494,1.8256736047722808,0.1351175308227539,9,3.0,4.1,0.06439243257045746,2,3.725290298461914e-08,2,,,,,,,-0.3263676418866309,524288.0,5242880.0,2,0.04765625,454.515216190201,0.1109375,3.8356043457984925,164.93561615265972,10,2
2,1.0,0.2795540671093946,0.0,0.14882593154907225,100000000.0,0.0,0.0,0.6,3.0,0.0,262.9305999726057,0.4002724532970604,0.4002724532970604,50,False,0.1748622216171216,1.6105405792936214,0.1559101641178131,8,3.2,4.4,0.06865731626749039,2,0.0,2,,,,,,,-0.287567337457091,219545.6,2195456.0,3,0.04765625,400.2724532970604,0.078125,3.9509235501289366,137.34185332445466,10,2
2,1.0,0.1953007689254495,0.0,0.11084124256516834,100000000.0,0.0,3.725290298461914e-08,0.4,2.0,0.0,225.01299990108237,0.40053608710924954,0.40053608710924954,51,False,0.15325397315756062,1.411521256138835,0.12586791813373566,7,3.0,5.0,0.06992673128843307,2,3.725290298461914e-08,2,,,,,,,-0.2768950673863081,524288.0,5242880.0,1,,400.53608710924954,0.071875,4.074348908662796,175.52308720816717,10,2
2,1.0,0.18547696988978102,0.0,0.09651848522214954,100000000.0,0.0,0.0,0.0,0.0,0.0,158.69420004310086,0.37287356826862394,0.37287356826862394,51,False,0.12663554186230927,1.166356443741507,0.13939093053340912,5,3.5,4.5,0.08160573989152908,2,0.0,2,,,,,,,-0.24975455506546662,393216.0,3932160.0,2,,372.87356826862396,0.0828125,4.022148936986923,214.17936822552312,10,2
2,1.0000001192092896,0.162961859566376,0.0,0.09236808585297869,100000000.0,-1.1920928955078125e-07,2.2351741790771484e-08,0.6,3.0,0.0,261.3830999471247,0.2789915463319091,0.2789915463319091,51,False,0.17877407040362875,1.6465700381010544,0.12763704359531403,8,0.6,5.0,0.07596013695001602,2,2.2351741790771484e-08,2,,,,,,,-0.2288828307195107,144179.2,1441792.0,3,,278.9915463319091,0.06875,4.015616619586945,160.24160653340851,10,2
2,1.0,0.1718951094445685,0.0,0.09696961792581067,100000000.0,0.0,7.450580596923828e-09,0.2,1.0,0.0,189.99770004302263,0.5569961930058094,0.5569961930058094,52,False,0.13279844116865758,1.223118844031191,0.1261003017425537,6,2.4,4.6,0.0736062303185463,2,7.450580596923828e-09,2,,,,,,,-0.3448973245378141,838860.8,8388608.0,1,,556.9961930058093,0.075,3.8651546835899353,366.99849296278677,10,2
2,1.0,0.22704613817259037,0.0,0.12537073398490495,100000000.0,0.0,3.725290298461914e-08,0.6,3.0,0.0,260.97559987101704,0.6606295535523048,0.6606295535523048,52,False,0.1574550986805886,1.450215052151319,0.13018089532852173,8,2.2,4.8,0.051375992596149445,2,3.725290298461914e-08,2,,,,,,,-0.4090423633693497,943718.4,9437184.0,2,,660.6295535523047,0.1109375,3.838122081756592,399.65395368128776,10,2
2,1.0,0.2427092839909993,0.0,0.135759350923891,100000000.0,0.0,0.0,0.0,0.0,0.0,159.9753000191413,0.22709826932010518,0.22709826932010518,52,False,0.12866884285174693,1.1850838379329038,0.147023007273674,5,2.5,4.0,0.07127189636230469,2,0.0,2,,,,,,,-0.17788355608592604,90112.0,901120.0,3,,227.09826932010517,0.0953125,3.8021860122680664,67.12296930096389,10,2
2,1.0,0.12401445774331285,0.0,0.06969331055879592,100000000.0,0.0,0.0,0.2,1.0,0.0,191.36269990121946,0.4606213132524833,0.4606213132524833,53,False,0.12435884701005373,1.1453873092291076,0.12210571765899658,6,1.8,3.2,0.07954131811857224,2,0.0,2,,,,,,,-0.29249008013126854,838860.8,8388608.0,1,,460.6213132524833,0.0953125,3.832683873176575,269.2586133512638,10,2
2,1.0,0.15960716066994182,0.0,0.09067827009169958,100000000.0,0.0,0.0,0.2,1.0,0.0,189.64960001176223,0.36518217016048893,0.36518217016048893,53,False,0.1290359623322813,1.1884651333058085,0.12545132637023926,6,3.0,5.2,0.07210031896829605,2,0.0,2,,,,,,,-0.24710906624638512,524288.0,5242880.0,2,,365.1821701604889,0.10625,3.863504433631897,186.1556974089759,10,2
2,1.0000001192092896,0.23378590522916937,0.0,0.12872561108539005,100000000.0,-1.1920928955078125e-07,8.940696716308594e-08,0.4,2.0,0.0,227.00500005157664,0.30545286275647066,0.30545286275647066,53,False,0.1417151425390102,1.305244698647405,0.1466030329465866,7,4.0,5.3,0.07289671897888184,2,8.940696716308594e-08,2,,,,,,,-0.22358409205470758,262144.0,2621440.0,3,,305.45286275647067,0.1109375,3.7994225800037382,185.64902264481282,10,2
2,1.0,0.2122711299647161,0.0,0.11224363540513953,100000000.0,0.0,4.470348358154297e-08,0.2,1.0,0.0,190.7561999396421,0.4838832606500774,0.4838832606500774,54,False,0.13291709641570837,1.2242116992434497,0.12419509142637253,6,3.4,5.0,0.05042196810245514,2,4.470348358154297e-08,2,0.027106894180178642,0.33085318670297664,-1.0505416542291641,14.495829582214355,0.026934848477443058,0.35588710630933446,-0.3084002232363765,419430.4,4194304.0,1,,483.88326065007743,0.0890625,3.8607242941856383,293.12706071043533,10,2
2,1.0000001192092896,0.27430094218963064,0.0,0.14972342999437868,100000000.0,-1.1920928955078125e-07,5.960464477539063e-08,0.2,1.0,0.0,192.3993999371305,0.5224837409624452,0.5224837409624452,54,False,0.1261803086031629,1.162163590476125,0.1526806503534317,6,2.4,5.0,0.04637999087572098,2,5.960464477539063e-08,2,0.027106894180178642,0.33085318670297664,-1.0505416542291641,14.495829582214355,0.026934848477443058,0.35588710630933446,-0.3243320843874488,838860.8,8388608.0,2,,522.4837409624452,0.10625,3.8014461040496825,330.0843410253147,10,2
2,1.0,0.19491069463720695,0.0,0.10727177791973701,100000000.0,0.0,0.0,0.6,3.0,0.0,265.63840004382655,0.29351703092315473,0.29351703092315473,54,False,0.17464386594490838,1.608529449230386,0.13436836004257202,8,0.6,2.4,0.06070758029818535,2,0.0,2,0.027106894180178642,0.33085318670297664,-1.0505416542291641,14.495829582214355,0.026934848477443058,0.35588710630933446,-0.23408044843403156,144179.2,1441792.0,3,,293.5170309231547,0.1,3.813341236114502,142.8072067861412,10,2
2,0.9999999403953552,0.20488273262445972,0.0,0.11613722801719709,100000000.0,5.960464477539063e-08,0.0,0.2,1.0,0.0,254.3131000129506,0.4416733820253608,0.4416733820253608,55,False,0.13233812670675957,1.2188791911589671,0.1365567147731781,6,3.0,5.0,0.06526689231395721,2,0.0,2,,,,,,,-0.2870057543660602,524288.0,5242880.0,1,,441.67338202536075,0.11875,3.7731427550315857,187.36028201241018,10,2
2,0.9999999403953552,0.22925676757556585,0.0,0.12424138499924887,100000000.0,5.960464477539063e-08,0.0,0.4,2.0,0.0,228.99140004301444,0.4540345388315653,0.4540345388315653,55,False,0.1467638122578221,1.3517446651833518,0.14814315736293793,7,3.0,4.3,0.06698927283287048,2,0.0,2,,,,,,,-0.3003991755446937,524288.0,5242880.0,2,,454.0345388315653,0.103125,3.8124450862407686,225.04313878855086,10,2
2,1.0000001192092896,0.15423100712426727,0.0,0.08695699650305531,100000000.0,-1.1920928955078125e-07,5.960464477539063e-08,0.0,0.0,0.0,163.04059996036813,0.4667882875717604,0.4667882875717604,55,False,0.128466837305718,1.1832232980969506,0.12440596520900726,5,3.0,4.5,0.07356753200292587,2,5.960464477539063e-08,2,,,,,,,-0.297627622043384,524288.0,5242880.0,3,,466.7882875717604,0.08125,3.9058775901794434,304.85388753622635,10,2
2,0.9999999403953552,0.16157586214628067,0.0,0.08430543495134817,100000000.0,5.960464477539063e-08,0.0,0.4,2.0,0.0,229.68049993505701,0.4218579299570952,0.4218579299570952,56,False,0.14606525466231438,1.3453107119592966,0.1246415451169014,7,2.1,4.1,0.06685992330312729,2,0.0,2,,,,,,,-0.2839615923097048,381747.2,3817472.0,1,,421.8579299570952,0.1203125,3.800544500350952,192.17743002203818,10,2
2,1.0,0.18749553368186464,0.0,0.10683007861785883,100000000.0,0.0,0.0,0.4,2.0,0.0,227.70200000377372,0.37489298818092565,0.37489298818092565,56,False,0.13163531737851225,1.2124060780292094,0.12986929714679718,7,3.0,5.0,0.0746050775051117,2,0.0,2,,,,,,,-0.2532641527797189,524288.0,5242880.0,2,,374.89298818092567,0.1234375,3.755131244659424,201.08405524135364,10,2
2,1.0,0.23553945784035787,0.0,0.13299534122652798,100000000.0,0.0,1.4901161193847656e-08,0.2,1.0,0.0,188.609299948439,0.3723560214525904,0.3723560214525904,56,False,0.12021278293376218,1.1072006478824394,0.14550921320915222,6,3.6,5.6,0.06622408330440521,2,1.4901161193847656e-08,2,,,,,,,-0.2462844170943375,367001.6,3670016.0,3,,372.35602145259037,0.0875,3.8462385177612304,246.08382142790362,10,2
2,1.0,0.21045683854170633,0.0,0.12027684702850476,100000000.0,0.0,2.2351741790771484e-08,0.2,1.0,0.0,189.59519994677976,0.3723695943698902,0.3723695943698902,57,False,0.13519947403963478,1.2452331740171942,0.13227622210979462,6,1.2,2.8,0.06716834753751755,2,2.2351741790771484e-08,2,,,,,,,-0.2537845565565043,239206.4,2392064.0,1,,372.3695943698902,0.0921875,3.7951340675354004,246.90729440037722,10,2
2,1.0,0.23303560918778451,0.0,0.12187575283461441,100000000.0,0.0,0.0,0.0,0.0,0.0,161.55789996264502,0.2972805242817338,0.2972805242817338,57,False,0.12664078369202428,1.1664047227773544,0.1321071833372116,5,4.0,5.0,0.043796174228191376,2,0.0,2,,,,,,,-0.21196065398687902,327680.0,3276800.0,2,,297.2805242817338,0.0875,3.8810654282569885,135.72262431908874,10,2
2,1.0,0.2822118785214734,0.0,0.1552155895969501,100000000.0,0.0,5.587935447692871e-08,0.6,3.0,0.0,261.1357999849133,0.7966581506556017,0.7966581506556017,57,False,0.1775749590798445,1.6355258146651106,0.14998258650302887,8,1.4,2.4,0.058833047747612,2,5.587935447692871e-08,2,,,,,,,-0.48711661074707757,943718.4,9437184.0,3,,796.6581506556017,0.0984375,3.849787974357605,586.8392740671861,10,2
2,1.0,0.18981796222175354,0.0,0.1060129000840649,100000000.0,0.0,1.4901161193847656e-08,0.4,2.0,0.0,225.2215000335127,0.2591895380229039,0.2591895380229039,58,False,0.16690206241229102,1.5372248036020126,0.1315733790397644,7,0.9,3.2,0.07169871777296066,2,1.4901161193847656e-08,2,,,,,,,-0.21304581511875864,191692.8,1916928.0,1,,259.1895380229039,0.096875,3.9122368931770324,165.2921380646808,10,2
2,1.0000001192092896,0.1121324612597539,0.0,0.06294774540158023,100000000.0,-1.1920928955078125e-07,7.450580596923828e-08,0.2,1.0,0.0,188.37139999959618,0.3149387757751255,0.3149387757751255,58,False,0.1324647710165239,1.2200456283580707,0.12143733352422714,6,3.0,6.0,0.08466144651174545,2,7.450580596923828e-08,2,,,,,,,-0.22370184790163067,524288.0,5242880.0,2,,314.9387757751255,0.1109375,3.7760772705078125,142.002874439399,10,2
2,1.0,0.16759487149767185,0.0,0.09291727101119406,100000000.0,0.0,7.450580596923828e-09,0.2,1.0,0.0,189.19140001526102,0.2778937877564244,0.2778937877564244,58,False,0.13152417332157787,1.2113824034345215,0.12888197600841522,6,4.0,5.0,0.0756480023264885,2,7.450580596923828e-09,2,,,,,,,-0.20470898798958176,262144.0,2621440.0,3,,277.89378775642444,0.1109375,3.7477094411849974,88.7023877411634,10,2
2,1.0,0.2497587428466773,0.0,0.13738829680120063,100000000.0,0.0,2.9802322387695312e-08,0.6,3.0,0.0,263.1235000444576,0.425004003448921,0.425004003448921,59,False,0.1722604168708043,1.586577071998616,0.14497390389442444,8,3.0,5.0,0.07276774197816849,2,2.9802322387695312e-08,2,,,,,,,-0.298632239962185,524288.0,5242880.0,1,,425.00400344892097,0.0765625,3.903737187385559,161.88050340446338,10,2
2,1.0,0.2456050688235752,0.0,0.13903134374367213,100000000.0,0.0,0.0,0.6,3.0,0.0,264.4609000417404,0.2965326497405913,0.2965326497405913,59,False,0.17004858510904555,1.5662053486272702,0.14086323976516724,8,0.6,2.6,0.06782269477844238,2,0.0,2,,,,,,,-0.23329061742481844,144179.2,1441792.0,2,,296.5326497405913,0.128125,3.764983344078064,168.11064177707075,10,2
2,1.0000001192092896,0.2294903072748593,0.0,0.12715018531510883,100000000.0,-1.1920928955078125e-07,8.568167686462402e-08,0.8,4.0,0.0,291.5263000759296,0.5870736863601302,0.5870736863601302,59,False,0.23668368548515478,2.1799373038120344,0.14130158722400665,9,2.9,4.8,0.0591902993619442,2,8.568167686462402e-08,2,,,,,,,-0.4118787716043194,576716.8,5767168.0,3,,587.0736863601303,0.10625,3.8393178999423982,295.54738628420057,10,2
2,1.0000001192092896,0.22363356009968294,0.0,0.12625844282966533,100000000.0,-1.1920928955078125e-07,7.450580596923828e-08,0.6,3.0,0.0,264.24330001464114,0.4165103144228648,0.4165103144228648,60,False,0.1813114879016804,1.6699405169239183,0.14348185062408447,8,3.0,4.2,0.06898387521505356,2,7.450580596923828e-08,2,0.00011782114355204006,0.13740079756826162,-1.009663164615631,17.454572161038715,0.051175968100627266,0.4643650796885292,-0.29891097566807856,524288.0,5242880.0,1,0.05625,416.5103144228648,0.0796875,3.898027014732361,164.19785938235506,10,2
2,1.0,0.2388257868740531,0.0,0.12088944531645833,100000000.0,0.0,3.725290298461914e-09,0.0,0.0,0.0,159.8859000368975,0.5283617295032469,0.5283617295032469,60,False,0.11873932543935707,1.0936296028353292,0.12414149940013885,5,2.5,5.5,0.0444202683866024,2,3.725290298461914e-09,2,0.00011782114355204006,0.13740079756826162,-1.009663164615631,17.454572161038715,0.051175968100627266,0.4643650796885292,-0.3235505311965923,655360.0,6553600.0,2,0.05625,528.3617295032469,0.084375,3.8387070298194885,368.47582946634935,10,2
2,1.0,0.1688874606719488,0.0,0.09284502863883971,100000000.0,0.0,0.0,0.4,2.0,0.0,225.22449999814853,0.4399600531122945,0.4399600531122945,60,False,0.1508824994146247,1.3896791757831908,0.1371004730463028,7,3.0,5.7,0.0743018239736557,2,0.0,2,0.00011782114355204006,0.13740079756826162,-1.009663164615631,17.454572161038715,0.051175968100627266,0.4643650796885292,-0.2954212762634596,524288.0,5242880.0,3,0.05625,439.96005311229453,0.1,3.8360336482524873,214.735553114146,10,2
2,1.0,0.2506113874668301,0.0,0.14206844325210652,100000000.0,0.0,2.2351741790771484e-08,0.6,3.0,0.0,363.2336999871768,0.40417353635259323,0.40417353635259323,61,False,0.18805424519667618,1.7320436066564548,0.13565580546855927,8,4.0,5.0,0.06213131546974182,2,2.2351741790771484e-08,2,,,,,,,-0.29611391312637647,114688.0,1146880.0,1,,404.17353635259326,0.08125,4.075461840629577,40.93983636541642,10,2
2,1.0,0.18450250459372838,0.0,0.09933416250344385,100000000.0,0.0,4.470348358154297e-08,0.6,3.0,0.0,261.21680007781833,0.4848794205733292,0.4848794205733292,61,False,0.17727242437752824,1.6327393670824433,0.12463150918483734,8,3.0,5.2,0.06208527088165283,2,4.470348358154297e-08,2,,,,,,,-0.3310759671789123,524288.0,5242880.0,2,,484.87942057332924,0.0859375,3.9004249811172484,223.66262049551085,10,2
2,1.0,0.1603982624165655,0.0,0.08993752308236418,100000000.0,0.0,7.450580596923828e-09,0.4,2.0,0.0,224.6136000030674,0.5286212533216648,0.5286212533216648,61,False,0.14369848701687044,1.3235119763633771,0.1249149888753891,7,3.0,5.7,0.06875920295715332,2,7.450580596923828e-09,2,,,,,,,-0.3361598776198482,524288.0,5242880.0,3,,528.6212533216648,0.0609375,3.8998363077640534,304.00765331859736,10,2
2,1.0,0.2680466105459992,0.0,0.1512639146580677,100000000.0,0.0,0.0,0.2,1.0,0.0,187.84120009513572,0.5184196715447749,0.5184196715447749,62,False,0.14248929033499108,1.3123748633466041,0.15102802217006683,6,1.8,5.0,0.05965255945920944,2,0.0,2,,,,,,,-0.33045448093988294,838860.8,8388608.0,1,,518.4196715447748,0.103125,3.8097126722335815,330.5784714496392,10,2
2,1.0,0.24890442422542586,0.0,0.13895844813281474,100000000.0,0.0,0.0,0.2,1.0,0.0,187.70039995433763,0.3516329333747362,0.3516329333747362,62,False,0.12685522089623358,1.1683797624165368,0.13690578937530518,6,3.0,4.4,0.06982186436653137,2,0.0,2,,,,,,,-0.2392440771354849,524288.0,5242880.0,2,,351.63293337473624,0.10625,3.780621814727783,172.37222879826783,10,2
2,1.0,0.2778413517795424,0.0,0.15770051568228485,100000000.0,0.0,0.0,0.4,2.0,0.0,224.5266999816522,0.3878734843610672,0.3878734843610672,62,False,0.15023856012617176,1.3837482757576511,0.1364796757698059,7,3.4,6.0,0.0572100505232811,2,0.0,2,,,,,,,-0.26905602224361946,498073.6,4980736.0,3,,387.8734843610672,0.1,3.874704658985138,296.4763843492491,10,2
2,0.9999998807907104,0.18127973282063314,0.0,0.10044166152315781,100000000.0,1.1920928955078125e-07,0.0,0.4,2.0,0.0,224.8849999741651,0.3831726477971142,0.3831726477971142,63,False,0.15309193157079926,1.4100287979703476,0.12089331448078156,7,3.0,5.7,0.07052609324455261,2,0.0,2,,,,,,,-0.26813228968395675,524288.0,5242880.0,1,,383.17264779711417,0.1109375,3.8266416430473327,158.28764782294908,10,2
2,1.0,0.19678344421295235,0.0,0.10914896008816243,100000000.0,0.0,0.0,0.8,4.0,0.0,288.6473999824375,0.45506771889472575,0.45506771889472575,63,False,0.23392603904487003,2.1545384414714435,0.13235525786876678,9,3.0,4.9,0.07701193541288376,2,0.0,2,,,,,,,-0.34449687896979786,524288.0,5242880.0,2,,455.0677188947258,0.078125,3.8542209684848787,166.42031891228828,10,2
2,1.0,0.23694072421309967,0.0,0.1310727157203991,100000000.0,0.0,2.2351741790771484e-08,0.2,1.0,0.0,189.8090000031516,0.2447911536292798,0.2447911536292798,63,False,0.13605889758627204,1.2531487574054143,0.14749567210674286,6,1.2,4.0,0.06596196442842484,2,2.2351741790771484e-08,2,,,,,,,-0.1904250479595177,239206.4,2392064.0,3,,244.79115362927982,0.1140625,3.806980013847351,125.22195359642349,10,2
2,1.0,0.21100343614132297,0.0,0.11838217824697493,100000000.0,0.0,0.0,0.0,0.0,0.0,159.4267000327818,0.37616821355615326,0.37616821355615326,64,False,0.13529956638339266,1.246155058571833,0.12648898363113403,5,3.0,4.5,0.06306664645671844,2,0.0,2,,,,,,,-0.255733889969773,524288.0,5242880.0,1,,376.16821355615326,0.109375,3.6908918619155884,216.74151352337145,10,2
2,1.0,0.2120443694495745,0.0,0.11947663906355863,100000000.0,0.0,5.960464477539063e-08,0.2,1.0,0.0,188.20050009526312,0.44142146421245065,0.44142146421245065,64,False,0.13187183705121017,1.2145845047194257,0.13125145435333252,6,3.0,4.0,0.05867047607898712,2,5.960464477539063e-08,2,,,,,,,-0.2866467102364752,524288.0,5242880.0,2,,441.42146421245064,0.0921875,3.8310333609580995,316.37623049474786,10,2
2,1.0,0.1348657224412717,0.0,0.07479342035641402,100000000.0,0.0,0.0,0.4,2.0,0.0,227.18459996394813,0.3635156361501498,0.3635156361501498,64,False,0.128667084975377,1.185067647293205,0.127849742770195,7,3.0,4.0,0.08263547718524933,2,0.0,2,,,,,,,-0.2460913605627634,524288.0,5242880.0,3,,363.5156361501498,0.1,3.7918853223323823,220.06089748579262,10,2
2,0.9999999403953552,0.18615435686553183,0.0,0.10577712693806099,100000000.0,5.960464477539063e-08,0.0,0.4,2.0,0.0,224.37100001843646,0.4069802936940041,0.4069802936940041,65,False,0.1423330838865371,1.3109361487880453,0.12433824688196182,7,3.0,5.3,0.07037708163261414,2,0.0,2,,,,,,,-0.2746566887902706,524288.0,5242880.0,1,,406.9802936940041,0.0921875,3.8514937460422516,182.6092936755677,10,2
2,1.0,0.20500999163235384,0.0,0.10883381346984625,100000000.0,0.0,2.2351741790771484e-08,0.2,1.0,0.0,188.59040003735572,0.47468602542987026,0.47468602542987026,65,False,0.13451498525581784,1.2389287993374403,0.14447151124477386,6,3.0,5.0,0.07599382102489471,2,2.2351741790771484e-08,2,,,,,,,-0.30460052769458584,524288.0,5242880.0,2,,474.68602542987026,0.1234375,3.842223250865936,352.78472539259053,10,2
2,1.0,0.2101977022779772,0.0,0.11652952606274972,100000000.0,0.0,0.0,0.2,1.0,0.0,188.4467999334447,0.3377254208124074,0.3377254208124074,65,False,0.12357488463278578,1.1381667488956462,0.1315382570028305,6,1.8,4.8,0.05667800456285477,2,0.0,2,,,,,,,-0.2306501527225966,334233.6,3342336.0,3,,337.72542081240744,0.10625,3.7219334721565245,149.2786208789627,10,2
2,1.0,0.22900045426977547,0.0,0.1260726050194046,100000000.0,0.0,2.60770320892334e-08,0.2,1.0,0.0,188.23070009239018,0.3319633810938037,0.3319633810938037,66,False,0.1354013519776434,1.2470925385398464,0.13582710921764374,6,3.0,5.2,0.05239028111100197,2,2.60770320892334e-08,2,0.0033565222790154317,0.03968254127539694,-1.062734271089236,15.481597940127054,-0.142273240412275,0.2817178300271432,-0.23368239261275564,524288.0,5242880.0,1,,331.96338109380366,0.090625,3.9165446162223816,193.27773740543,10,2
2,0.9999998807907104,0.18926805745703443,0.0,0.09877783131392605,100000000.0,1.1920928955078125e-07,0.0,0.2,1.0,0.0,187.9845999646932,0.4068950919895891,0.4068950919895891,66,False,0.12259354795676927,1.1291283040900304,0.12488600611686707,6,3.0,5.0,0.05894305929541588,2,0.0,2,0.0033565222790154317,0.03968254127539694,-1.062734271089236,15.481597940127054,-0.142273240412275,0.2817178300271432,-0.2647443199731792,524288.0,5242880.0,2,,406.8950919895891,0.09375,3.8498840808868406,227.63657967583578,10,2
2,0.9999999403953552,0.22456647302722302,0.0,0.12580242440564163,100000000.0,5.960464477539063e-08,0.0,0.4,2.0,0.0,224.30500003974885,0.43881752583826034,0.43881752583826034,66,False,0.1326913457408447,1.222132458688752,0.1418825089931488,7,3.0,4.6,0.06210808455944061,2,0.0,2,0.0033565222790154317,0.03968254127539694,-1.062734271089236,15.481597940127054,-0.142273240412275,0.2817178300271432,-0.2857544357895525,524288.0,5242880.0,3,,438.81752583826034,0.1078125,3.750419569015503,214.5125257985115,10,2
2,1.0,0.24195728385374093,0.0,0.13729465073433553,100000000.0,0.0,2.2351741790771484e-08,0.6,3.0,0.0,329.972599982284,0.4921118692480984,0.4921118692480984,67,False,0.16747125244132227,1.5424672375057256,0.1367073953151703,8,3.0,5.8,0.06661443412303925,2,2.2351741790771484e-08,2,,,,,,,-0.32979158319645213,524288.0,5242880.0,1,,492.1118692480984,0.0859375,3.846767175197601,162.1392692658144,10,2
2,1.0,0.1738813014483179,0.0,0.09487466980238744,100000000.0,0.0,3.725290298461914e-08,0.4,2.0,0.0,225.47279990976676,0.3844941715548338,0.3844941715548338,67,False,0.1297716321394489,1.195240902631208,0.1277109980583191,7,3.0,4.7,0.07000213861465454,2,3.725290298461914e-08,2,,,,,,,-0.2571329391000443,524288.0,5242880.0,2,,384.49417155483377,0.0859375,3.829870718717575,210.19388330944528,10,2
2,1.0,0.18844358930071156,0.0,0.10607149569317349,100000000.0,0.0,5.21540641784668e-08,0.2,1.0,0.0,188.8479000190273,0.3850597996506212,0.3850597996506212,67,False,0.12695365231820555,1.1692863493161965,0.12529028952121735,6,3.0,5.4,0.07545943558216095,2,5.21540641784668e-08,2,,,,,,,-0.25600677813847755,524288.0,5242880.0,3,,385.0597996506212,0.0875,3.8371246218681336,209.31578957315173,10,2
2,1.0000001192092896,0.16294378316605387,0.0,0.09037842552886936,100000000.0,-1.1920928955078125e-07,1.043081283569336e-07,0.4,2.0,0.0,224.728400062304,0.42800779018807156,0.42800779018807156,68,False,0.15121293988718718,1.3927226450081678,0.12056966125965118,7,3.6,4.6,0.07255066931247711,2,1.043081283569336e-07,2,,,,,,,-0.28961046934575774,406323.2,4063232.0,1,,428.00779018807157,0.1265625,3.694788247346878,203.27939012576758,10,2
2,1.0,0.2543661903505997,0.0,0.13704778767270326,100000000.0,0.0,2.2351741790771484e-08,0.6,3.0,0.0,261.64280000375584,0.498944269741045,0.498944269741045,68,False,0.1469817181996168,1.3537516530763571,0.13194240629673004,8,3.0,5.2,0.04812714457511902,2,2.2351741790771484e-08,2,,,,,,,-0.3229630163220727,524288.0,5242880.0,2,,498.944269741045,0.121875,3.6841596484184267,264.43358024352847,10,2
2,1.0,0.19326166400552916,0.0,0.10698122952203343,100000000.0,0.0,3.725290298461914e-08,0.2,1.0,0.0,188.00299998838454,0.3705429975642301,0.3705429975642301,68,False,0.1366088324811765,1.2582138449699114,0.13370616734027863,6,3.0,4.4,0.07534810900688171,2,3.725290298461914e-08,2,,,,,,,-0.25357595227560625,524288.0,5242880.0,3,,370.5429975642301,0.0953125,3.8936421275138855,247.6265975973047,10,2
2,1.0000001192092896,0.24342808419952291,0.0,0.13897440410194967,100000000.0,-1.1920928955078125e-07,6.332993507385254e-08,0.4,2.0,0.0,224.79649999877438,0.5674884940924521,0.5674884940924521,69,False,0.15220765640351408,1.401884322697165,0.1392737776041031,7,3.0,4.3,0.062467265874147415,2,6.332993507385254e-08,2,,,,,,,-0.35984813857791814,524288.0,5242880.0,1,,567.488494092452,0.1,3.804011529684067,342.69199409367775,10,2
2,1.0,0.27304855716390775,0.0,0.15237733941708,100000000.0,0.0,1.4901161193847656e-08,0.6,3.0,0.0,261.1465000663884,0.8239029474270945,0.8239029474270945,69,False,0.169038996566266,1.5569066945126233,0.13527143001556396,8,2.2,5.2,0.05475062131881714,2,1.4901161193847656e-08,2,,,,,,,-0.4964709868978414,943718.4,9437184.0,2,,823.9029474270944,0.125,3.7122628808021547,562.756447360706,10,2
2,1.0,0.11750227352963734,0.0,0.06430223381969681,100000000.0,0.0,0.0,0.4,2.0,0.0,224.48559995973483,0.40533447903235453,0.40533447903235453,69,False,0.14630377324094346,1.3475075492535105,0.11668971180915833,7,2.1,4.1,0.07419963926076889,2,0.0,2,,,,,,,-0.275819126136649,381747.2,3817472.0,3,,405.3344790323545,0.0890625,3.7918621957302094,180.84887907261967,10,2
2,0.9999999403953552,0.1637290970688084,0.0,0.08893365843495218,100000000.0,5.960464477539063e-08,0.0,0.8,4.0,0.0,289.8563999333419,0.45593091083440107,0.45593091083440107,70,False,0.2373192994512125,2.185791524784608,0.12615349888801575,9,3.0,4.1,0.08076954632997513,2,0.0,2,,,,,,,-0.34662510514280676,524288.0,5242880.0,1,0.05859375,455.93091083440106,0.0984375,3.6821339786052705,166.0745109010592,10,2
2,1.0,0.17243742302058568,0.0,0.09823160327108192,100000000.0,0.0,3.725290298461914e-08,0.4,2.0,0.0,224.33320002164692,0.23938408305539013,0.23938408305539013,70,False,0.14460678437737998,1.3318777042126377,0.12588481605052948,7,0.9,3.2,0.0720396563410759,2,3.725290298461914e-08,2,,,,,,,-0.19199547096928804,191692.8,1916928.0,2,0.05859375,239.38408305539014,0.1453125,3.693123924732208,120.00334922433859,10,2
2,0.9999999403953552,0.23635466718092618,0.0,0.13268669770613245,100000000.0,5.960464477539063e-08,2.2351741790771484e-08,0.4,2.0,0.0,225.36650008987635,0.36689821501912107,0.36689821501912107,70,False,0.13576811226948995,1.2504705256626782,0.14418253302574158,7,3.0,4.3,0.06731817871332169,2,2.2351741790771484e-08,2,,,,,,,-0.2513331859960473,524288.0,5242880.0,3,0.05859375,366.89821501912104,0.13125,3.6360289812088014,187.6004682031161,10,2
2,1.0,0.210986647698537,0.0,0.11788168307265802,100000000.0,0.0,5.21540641784668e-08,0.4,2.0,0.0,225.06339999381453,0.41138674125937613,0.41138674125937613,71,False,0.1584679203442747,1.4595434844099793,0.13659733533859253,7,0.6,2.5,0.061301156878471375,2,5.21540641784668e-08,2,,,,,,,-0.2849273829558896,348979.2,3489792.0,1,,411.38674125937615,0.078125,3.9949194490909576,318.66774119367693,10,2
2,1.0000001192092896,0.19561825038321137,0.0,0.10817500285860127,100000000.0,-1.1920928955078125e-07,8.195638656616211e-08,0.2,1.0,0.0,187.80650000553578,0.3426189988138183,0.3426189988138183,71,False,0.11902283998282108,1.096240868281038,0.12904289364814758,6,3.0,4.6,0.06881231814622879,2,8.195638656616211e-08,2,,,,,,,-0.23082100135470626,524288.0,5242880.0,2,,342.6189988138183,0.0765625,3.9086631894111634,154.81249880828253,10,2
2,1.0,0.13377316623565683,0.0,0.07305391539713615,100000000.0,0.0,0.0,0.4,2.0,0.0,223.94679998978972,0.3592968443723434,0.3592968443723434,71,False,0.1384043306578867,1.274750994314675,0.1253921091556549,7,2.1,4.8,0.07748498022556305,2,0.0,2,,,,,,,-0.24885058751511505,381747.2,3817472.0,3,,359.2968443723434,0.08125,3.884214907884598,135.35004438255365,10,2
2,1.0,0.19614274826929282,0.0,0.11109726089621853,100000000.0,0.0,3.725290298461914e-08,0.4,2.0,0.0,224.45049998350441,0.375910148254777,0.375910148254777,72,False,0.14606525466231438,1.3453107119592966,0.12918633222579956,7,3.0,4.3,0.06751570105552673,2,3.725290298461914e-08,2,0.0027451622396862754,0.06250000256113708,-1.1188411861658096,22.075047731399536,-0.028207676485180855,0.5097209389011065,-0.26098773871144865,524288.0,5242880.0,1,,375.91014825477697,0.121875,3.8159620583057405,169.48094384935726,10,2
2,1.0,0.23781419708358217,0.0,0.1334713677544688,100000000.0,0.0,1.4901161193847656e-08,0.6,3.0,0.0,261.3774999626912,0.42339266716312945,0.42339266716312945,72,False,0.1657951004390363,1.5270293070495025,0.12816959619522095,8,3.0,5.0,0.055936574935913086,2,1.4901161193847656e-08,2,0.0027451622396862754,0.06250000256113708,-1.1188411861658096,22.075047731399536,-0.028207676485180855,0.5097209389011065,-0.29459389870224406,524288.0,5242880.0,2,,423.39266716312943,0.103125,3.7653626918792726,162.01516720043824,10,2
2,1.0,0.22183608541874292,0.0,0.11438447811626676,100000000.0,0.0,1.4901161193847656e-08,0.0,0.0,0.0,159.28269998403266,0.31648123943625595,0.31648123943625595,72,False,0.12186424853086661,1.12241120814438,0.1507750153541565,5,1.5,6.0,0.08013346791267395,2,1.4901161193847656e-08,2,0.0027451622396862754,0.06250000256113708,-1.1188411861658096,22.075047731399536,-0.028207676485180855,0.5097209389011065,-0.21917275888472249,286720.0,2867200.0,3,,316.4812394362559,0.10625,3.7204745411872864,157.19853945222326,10,2
2,1.0,0.2335325292443556,0.0,0.12944285295488578,100000000.0,0.0,0.0,0.0,0.0,0.0,223.30880002118647,0.5542894713038253,0.5542894713038253,73,False,0.12887318248647983,1.1869658755202792,0.1395704746246338,5,3.5,4.5,0.05593836307525635,2,0.0,2,,,,,,,-0.3415813268951526,393216.0,3932160.0,1,,554.2894713038253,0.1046875,3.796047329902649,332.1240712579014,10,2
2,0.9999998807907104,0.17432761020882512,0.0,0.09774212972772896,100000000.0,1.1920928955078125e-07,0.0,0.6,3.0,0.0,264.30780004011467,0.4934734327659731,0.4934734327659731,73,False,0.1593886613950785,1.4680238228823335,0.12547048926353455,8,2.4,4.4,0.0733933076262474,2,0.0,2,,,,,,,-0.32643104708052584,429260.8,4292608.0,2,,493.4734327659731,0.1140625,3.7587021589279175,229.16563272585842,10,2
2,1.0,0.20104526636670408,0.0,0.10915759148369714,100000000.0,0.0,0.0,0.4,2.0,0.0,224.46729999501258,0.5134371554440085,0.5134371554440085,73,False,0.15527106322223272,1.4300993421953965,0.13770005106925964,7,2.1,5.4,0.05818644538521767,2,0.0,2,,,,,,,-0.3343541093331206,381747.2,3817472.0,3,,513.4371554440085,0.0921875,3.7573009490966798,288.9698554489959,10,2
2,1.0,0.2583700220984902,0.0,0.14291504142496703,100000000.0,0.0,7.450580596923828e-09,0.6,3.0,0.0,260.9966000309214,0.41828792966148154,0.41828792966148154,74,False,0.17942665070014424,1.6525805247520073,0.1543610692024231,8,3.0,4.8,0.06550997495651245,2,7.450580596923828e-09,2,,,,,,,-0.29885729763139346,524288.0,5242880.0,1,,418.28792966148154,0.090625,3.7434040784835814,222.7224134695034,10,2
2,1.0,0.219816666016119,0.0,0.12318629484258325,100000000.0,0.0,5.960464477539063e-08,0.0,0.0,0.0,159.23229994950816,0.32328263583401806,0.32328263583401806,74,False,0.13389680467568216,1.2332351457830448,0.12618863582611084,5,1.5,4.5,0.06390523165464401,2,5.960464477539063e-08,2,,,,,,,-0.22858977985949488,286720.0,2867200.0,2,,323.28263583401804,0.1171875,3.774391293525696,164.0503358845099,10,2
2,0.9999999403953552,0.21934625509911113,0.0,0.12045738973916222,100000000.0,5.960464477539063e-08,0.0,0.0,0.0,0.0,158.72649993980303,0.38121358203177846,0.38121358203177846,74,False,0.11619092975312312,1.0701580111626385,0.12436078488826752,5,4.0,5.0,0.051962997764348984,2,0.0,2,,,,,,,-0.2487022558924508,327680.0,3276800.0,3,,381.21358203177846,0.1171875,3.7844119369983673,222.48708209197542,10,2
2,1.0000001192092896,0.25205035512771434,0.0,0.13717537990395873,100000000.0,-1.1920928955078125e-07,7.450580596923828e-08,0.4,2.0,0.0,224.26009987248108,0.4741242835034587,0.4741242835034587,75,False,0.14706471296403736,1.3545160631057627,0.1479307860136032,7,3.0,5.0,0.05415044724941254,2,7.450580596923828e-08,2,,,,,,,-0.310594572739554,524288.0,5242880.0,1,,474.1242835034587,0.1390625,3.7006534934043884,249.8641836309776,10,2
2,1.0,0.14482468975706803,0.0,0.08166778724638103,100000000.0,0.0,2.2351741790771484e-08,0.2,1.0,0.0,187.9343999316916,0.20157741573403998,0.20157741573403998,75,False,0.12120301154708267,1.1163209904571911,0.1279773861169815,6,0.0,4.4,0.07714270055294037,2,2.2351741790771484e-08,2,,,,,,,-0.16139023599230312,49152.0,491520.0,2,,201.57741573404,0.109375,3.7951229214668274,16.07578106459617,10,2
2,1.0,0.27021387024624727,0.0,0.1533331539233539,100000000.0,0.0,7.450580596923828e-09,0.0,0.0,0.0,158.96150009939447,0.326638769073811,0.326638769073811,75,False,0.13081684498470778,1.2048676686972042,0.1356966346502304,5,3.5,6.0,0.058698683977127075,2,7.450580596923828e-09,2,,,,,,,-0.22872781447983997,393216.0,3932160.0,3,,326.63876907381103,0.125,3.6950761675834656,169.34826906717254,10,2
2,1.0,0.221222171916787,0.0,0.12508334480101846,100000000.0,0.0,1.4901161193847656e-08,0.6,3.0,0.0,262.51290005166084,0.5473647768549427,0.5473647768549427,76,False,0.1786420098179524,1.6453537151572526,0.1295916736125946,8,3.0,5.8,0.06648118048906326,2,1.4901161193847656e-08,2,,,,,,,-0.36300340823760874,524288.0,5242880.0,1,,547.3647768549426,0.1140625,3.7619741797447204,284.8518768032818,10,2
2,1.0,0.1723558000607902,0.0,0.08839045464992523,100000000.0,0.0,0.0,0.4,2.0,0.0,225.6817000452429,0.4134189406247582,0.4134189406247582,76,False,0.13354495962666743,1.2299945331234245,0.1340986043214798,7,2.1,4.8,0.08319177478551865,2,0.0,2,,,,,,,-0.2734819501257128,381747.2,3817472.0,2,,413.4189406247582,0.1125,3.7534631550312043,187.7372405795153,10,2
2,0.9999999403953552,0.23161099435681204,0.0,0.11916391771897367,100000000.0,5.960464477539063e-08,0.0,0.2,1.0,0.0,188.94060008460656,0.5748374589211928,0.5748374589211928,76,False,0.12003505923644342,1.1055637521379675,0.12591934204101562,6,1.8,4.4,0.05107764154672623,2,0.0,2,,,,,,,-0.3474362590788181,334233.6,3342336.0,3,,574.8374589211927,0.0953125,3.7667173624038695,385.8968588365862,10,2
2,1.0,0.25792474237878893,0.0,0.1411105072250104,100000000.0,0.0,2.2351741790771484e-08,0.2,1.0,0.0,188.71620000572875,0.3633253544604115,0.3633253544604115,77,False,0.13064160292070548,1.2032536296402554,0.15721799433231354,6,3.0,5.0,0.0678761899471283,2,2.2351741790771484e-08,2,,,,,,,-0.24698350104230027,524288.0,5242880.0,1,,363.32535446041146,0.1015625,3.8142157554626466,198.6713069155452,10,2
2,1.0,0.23146541809433036,0.0,0.13107629325758538,100000000.0,0.0,2.9802322387695312e-08,0.4,2.0,0.0,225.41560005629435,0.4348131386676121,0.4348131386676121,77,False,0.12908780704723527,1.1889426407770227,0.1316489726305008,7,2.1,3.4,0.06604687124490738,2,2.9802322387695312e-08,2,,,,,,,-0.2819505026597461,381747.2,3817472.0,2,,434.8131386676121,0.1140625,3.704948514699936,209.39753861131777,10,2
2,1.0,0.17433646044219292,0.0,0.09774412514459993,100000000.0,0.0,7.450580596923828e-09,0.2,1.0,0.0,190.7198999542743,0.27923926822265754,0.27923926822265754,77,False,0.12977582128040857,1.195279486045313,0.12243230640888214,6,3.6,5.2,0.06393276154994965,2,7.450580596923828e-09,2,,,,,,,-0.20450755220211364,367001.6,3670016.0,3,,279.23926822265753,0.096875,3.7693036675453184,128.24955470709705,10,2
2,1.0,0.20669964677086117,0.0,0.11700897029767253,100000000.0,0.0,2.2351741790771484e-08,0.4,2.0,0.0,224.8263999936171,0.24521930457831362,0.24521930457831362,78,False,0.14159233621192951,1.3041136105751598,0.13486824929714203,7,0.9,4.7,0.06584759801626205,2,2.2351741790771484e-08,2,0.0019720352477937317,0.09176587499678135,-1.0165792802969615,11.553436358769735,0.1099795252084732,0.16079211235046387,-0.19340584274686334,191692.8,1916928.0,1,,245.21930457831363,0.121875,3.677493143081665,147.58550451642836,10,2
2,1.0,0.20712472463221143,0.0,0.11608160472098598,100000000.0,0.0,0.0,0.2,1.0,0.0,190.39870001142845,0.4061276325776013,0.4061276325776013,78,False,0.12236012402149657,1.1269783901952026,0.12758274376392365,6,3.0,4.6,0.06293532997369766,2,0.0,2,0.0019720352477937317,0.09176587499678135,-1.0165792802969615,11.553436358769735,0.1099795252084732,0.16079211235046387,-0.26424387829954893,524288.0,5242880.0,2,,406.12763257760133,0.1265625,3.7324360013008118,215.72893256617286,10,2
2,1.0000001192092896,0.18342328702529528,0.0,0.09923305069011149,100000000.0,-1.1920928955078125e-07,5.960464477539063e-08,0.4,2.0,0.0,226.76570003386587,0.40277124598247693,0.40277124598247693,78,False,0.13412548199793534,1.2353413417563486,0.1393071860074997,7,3.0,5.0,0.06752102077007294,2,5.960464477539063e-08,2,0.0019720352477937317,0.09176587499678135,-1.0165792802969615,11.553436358769735,0.1099795252084732,0.16079211235046387,-0.2684484235948509,524288.0,5242880.0,3,,402.77124598247696,0.075,3.770761799812317,176.00554594861103,10,2
2,1.0,0.18837141951771472,0.0,0.10651110703862378,100000000.0,0.0,7.450580596923828e-09,0.2,1.0,0.0,266.8157999869436,0.5517916598786352,0.5517916598786352,79,False,0.12241533984949174,1.1274869467649586,0.13075967133045197,6,3.0,4.6,0.07550768554210663,2,7.450580596923828e-09,2,,,,,,,-0.33710350731464406,524288.0,5242880.0,1,,551.7916598786352,0.1328125,3.707246470451355,284.9758598916916,10,2
2,1.0,0.1856596863835684,0.0,0.10522520397026244,100000000.0,0.0,0.0,0.4,2.0,0.0,231.15860001416877,0.26581091410623664,0.26581091410623664,79,False,0.1354305539076097,1.2473614982543544,0.1281542181968689,7,0.9,4.3,0.06778685748577118,2,0.0,2,,,,,,,-0.20062073400692315,191692.8,1916928.0,2,,265.8109141062366,0.1078125,3.7528983652591705,166.46301414727967,10,2
2,1.0,0.16272369918460536,0.0,0.09079903953372717,100000000.0,0.0,0.0,0.4,2.0,0.0,229.45130005246028,0.5335403284597832,0.5335403284597832,79,False,0.1492841252092713,1.3749576053100991,0.13265332579612732,7,2.1,4.6,0.07515797019004822,2,0.0,2,,,,,,,-0.3414122268345272,381747.2,3817472.0,3,,533.5403284597832,0.1125,3.7383988201618195,304.08902840732287,10,2
2,0.9999999403953552,0.15878564187013675,0.0,0.08976554236432695,100000000.0,5.960464477539063e-08,0.0,0.4,2.0,0.0,226.71819996321574,0.3771704975909954,0.3771704975909954,80,False,0.1478553542413601,1.361798138382039,0.12610962986946106,7,3.0,4.3,0.07333382219076157,2,0.0,2,,,,,,,-0.26251292591617775,524288.0,5242880.0,1,0.07578125,377.1704975909954,0.0984375,3.6819855630397798,150.4522976277797,10,2
2,1.0,0.2090341166923157,0.0,0.1172953583581161,100000000.0,0.0,0.0,0.2,1.0,0.0,189.3121000030078,0.38276853626711715,0.38276853626711715,80,False,0.11855780601084383,1.0919577471145956,0.13400870561599731,6,3.0,4.4,0.06776615977287292,2,0.0,2,,,,,,,-0.2506631711389805,524288.0,5242880.0,2,0.07578125,382.76853626711716,0.1234375,3.746758985519409,193.45643626410933,10,2
2,1.0,0.09492738513617398,0.0,0.05338968371309575,100000000.0,0.0,7.450580596923828e-09,0.6,3.0,0.0,261.5932999760844,0.34648120592057513,0.34648120592057513,80,False,0.15592434470264774,1.4361162869887272,0.1138686090707779,8,4.6,5.8,0.08536677807569504,2,7.450580596923828e-09,2,,,,,,,-0.25120278276219205,209715.2,2097152.0,3,0.07578125,346.4812059205751,0.115625,3.7302257657051086,130.44703471833603,10,2
2,1.0,0.20776545588168263,0.0,0.11079766774470362,100000000.0,0.0,0.0,0.8,4.0,0.0,295.6347999861464,0.3141882699848022,0.3141882699848022,81,False,0.2677682271100542,2.46623651248422,0.13962030410766602,9,0.3,2.2,0.07736780494451523,2,0.0,2,,,,,,,-0.2909782485474282,96665.6,966656.0,1,,314.1882699848022,0.0953125,3.858563083410263,161.09969000432494,10,2
2,1.0000001192092896,0.18845169489617583,0.0,0.1059271481080563,100000000.0,-1.1920928955078125e-07,5.960464477539063e-08,0.6,3.0,0.0,262.8462999709882,0.7696215994120112,0.7696215994120112,81,False,0.1657951004390363,1.5270293070495025,0.13692864775657654,8,2.2,4.0,0.07332919538021088,2,5.960464477539063e-08,2,,,,,,,-0.46770840953016857,943718.4,9437184.0,2,,769.6215994120113,0.103125,3.8163692355155945,506.77529944102304,10,2
2,1.0,0.16244369985397822,0.0,0.08735467848086303,100000000.0,0.0,4.470348358154297e-08,0.0,0.0,0.0,166.6536999400705,0.276497317428663,0.276497317428663,81,False,0.12209780809087455,1.1245623711891821,0.12176508456468582,5,4.0,5.5,0.06423568725585938,2,4.470348358154297e-08,2,,,,,,,-0.19929760746325237,262144.0,2621440.0,3,,276.497317428663,0.1078125,3.7557388246059418,114.46701741959862,10,2
2,1.0,0.26636984582903567,0.0,0.14954224993055035,100000000.0,0.0,1.1175870895385742e-08,0.4,2.0,0.0,227.44090005289763,0.4614532518248594,0.4614532518248594,82,False,0.1327255582244183,1.2224475673074355,0.1412334442138672,7,3.0,4.3,0.05798788741230965,2,1.1175870895385742e-08,2,,,,,,,-0.29708941620050977,524288.0,5242880.0,1,,461.4532518248594,0.134375,3.75119663476944,234.01235177196182,10,2
2,1.0,0.18079534573517794,0.0,0.10123579197637332,100000000.0,0.0,5.21540641784668e-08,0.6,3.0,0.0,263.1487000035122,0.48098508315030053,0.48098508315030053,82,False,0.17727242437752824,1.6327393670824433,0.12647645175457,8,3.0,4.8,0.07650288939476013,2,5.21540641784668e-08,2,,,,,,,-0.32912880591797855,524288.0,5242880.0,2,,480.9850831503005,0.1359375,3.738202226161957,217.83638314678834,10,2
2,1.0,0.13735847121211173,0.0,0.06738815432331081,100000000.0,0.0,0.0,0.4,2.0,0.0,228.9310998748988,0.26190875545994563,0.26190875545994563,82,False,0.1437938299256877,1.3243901170056385,0.12476669251918793,7,0.9,2.6,0.06651228666305542,2,0.0,2,,,,,,,-0.20285129269281665,191692.8,1916928.0,3,,261.9087554599456,0.13125,3.6576351881027223,168.88795548270642,10,2
2,1.0,0.17461993647352653,0.0,0.09712167844286747,100000000.0,0.0,5.21540641784668e-08,0.2,1.0,0.0,188.89300007140264,0.49076679772167603,0.49076679772167603,83,False,0.14761815436173742,1.3596134467545222,0.1335061490535736,6,3.0,4.0,0.06951119005680084,2,5.21540641784668e-08,2,,,,,,,-0.31919252819577093,524288.0,5242880.0,1,,490.766797721676,0.1125,3.7411702275276184,301.8737976502734,10,2
2,1.0,0.22896750926539342,0.0,0.1299077942270446,100000000.0,0.0,5.21540641784668e-08,0.8,4.0,0.0,293.5383000294678,0.3114564456137312,0.3114564456137312,83,False,0.2084757764148819,1.9201328600930672,0.13676300644874573,9,0.3,2.3,0.062278665602207184,2,5.21540641784668e-08,2,,,,,,,-0.25996616316837073,96665.6,966656.0,2,,311.4564456137312,0.1390625,3.652399700880051,141.73205893185934,10,2
2,1.0,0.22031120333453266,0.0,0.12322228699922562,100000000.0,0.0,0.0,0.2,1.0,0.0,190.98599994322285,0.33258480304907123,0.33258480304907123,83,False,0.12184784248006614,1.1222601028323478,0.13090884685516357,6,3.0,4.4,0.06849603354930878,2,0.0,2,,,,,,,-0.22721632276456868,524288.0,5242880.0,3,,332.58480304907124,0.121875,3.638150954246521,194.556967174792,10,2
2,1.0,0.2261756960798016,0.0,0.12632353254867837,100000000.0,0.0,0.0,0.6,3.0,0.0,262.60700001148507,0.32950862686362803,0.32950862686362803,84,False,0.16474984335451584,1.5174021335248493,0.1270352452993393,8,0.6,2.4,0.05503065884113312,2,0.0,2,0.0004857568662070359,0.1021825437201187,-1.1010771989822388,15.606422185897827,-0.058956520011027656,0.2418532141794761,-0.24712923510907192,144179.2,1441792.0,1,,329.508626863628,0.1203125,3.7447280526161193,235.6598185475218,10,2
2,0.9999999403953552,0.1988670035335104,0.0,0.11249975897371049,100000000.0,5.960464477539063e-08,0.0,0.4,2.0,0.0,229.02539995266125,0.5828597129634898,0.5828597129634898,84,False,0.13300437784742083,1.225015590937675,0.12927711009979248,7,3.0,4.7,0.07090979069471359,2,0.0,2,0.0004857568662070359,0.1021825437201187,-1.1010771989822388,15.606422185897827,-0.058956520011027656,0.2418532141794761,-0.3579320454054553,524288.0,5242880.0,2,,582.8597129634899,0.125,3.667777341604233,353.8343130108286,10,2
2,1.0,0.14375671551817584,0.0,0.0818864846735791,100000000.0,0.0,5.21540641784668e-08,0.2,1.0,0.0,190.4861000366509,0.3657523783591934,0.3657523783591934,84,False,0.12418566931926617,1.1437922837521213,0.12012677639722824,6,1.8,4.8,0.07797424495220184,2,5.21540641784668e-08,2,0.0004857568662070359,0.1021825437201187,-1.1010771989822388,15.606422185897827,-0.058956520011027656,0.2418532141794761,-0.24496907599329396,334233.6,3342336.0,3,,365.75237835919336,0.121875,3.6638112545013426,175.26627832254252,10,2
2,1.0,0.19344306173213957,0.0,0.10348582270358371,100000000.0,0.0,0.0,0.2,1.0,0.0,399.55530007136986,0.43768652152907883,0.43768652152907883,85,False,0.12435884701005373,1.1453873092291076,0.12416425347328186,6,1.2,2.8,0.05544792115688324,2,0.0,2,,,,,,,-0.2810226842695663,239206.4,2392064.0,1,,437.68652152907885,0.1296875,3.65231214761734,179.54505627630073,10,2
2,0.9999999403953552,0.22970248739859986,0.0,0.1273525092783481,100000000.0,5.960464477539063e-08,0.0,0.2,1.0,0.0,198.10929999221116,0.558587848050187,0.558587848050187,85,False,0.1302415740526168,1.1995692276065424,0.1444121152162552,6,1.8,2.8,0.05896306410431862,2,0.0,2,,,,,,,-0.3444147110514019,838860.8,8388608.0,2,,558.5878480501871,0.1203125,3.738570737838745,360.47854805797584,10,2
2,0.9999999403953552,0.22052862372943077,0.0,0.11103161912529241,100000000.0,5.960464477539063e-08,0.0,0.4,2.0,0.0,229.3737000436522,0.41865538798210444,0.41865538798210444,85,False,0.1326913457408447,1.222132458688752,0.12817475199699402,7,3.0,4.0,0.052524879574775696,2,0.0,2,,,,,,,-0.2756733668614746,524288.0,5242880.0,3,,418.65538798210446,0.1125,3.678399908542633,288.05981353740174,10,2
2,1.0,0.14550604432127873,0.0,0.07547617813306251,100000000.0,0.0,4.470348358154297e-08,0.6,3.0,0.0,262.643699941691,0.27961737578492096,0.27961737578492096,86,False,0.16772838348791003,1.544835501965001,0.11846056580543518,8,0.6,2.6,0.0659908726811409,2,4.470348358154297e-08,2,,,,,,,-0.22367292433989908,144179.2,1441792.0,1,,279.61737578492097,0.1546875,3.6693426251411436,138.40524237457177,10,2
2,1.0000001192092896,0.18885428933057197,0.0,0.10716637324916305,100000000.0,-1.1920928955078125e-07,6.705522537231445e-08,0.2,1.0,0.0,191.68719998560846,0.2294914978181117,0.2294914978181117,86,False,0.12658334189044235,1.165875664233205,0.12623730301856995,6,3.0,4.4,0.06437349319458008,2,6.705522537231445e-08,2,,,,,,,-0.17803748690950238,98304.0,983040.0,2,,229.4914978181117,0.1296875,3.665333461761475,37.804297832503245,10,2
2,1.0,0.16532664695887272,0.0,0.08992713116272247,100000000.0,0.0,2.2351741790771484e-08,0.2,1.0,0.0,191.64029991952702,0.3589539628324886,0.3589539628324886,86,False,0.1361164550289654,1.2536788810435608,0.13755081593990326,6,1.8,4.4,0.07811535894870758,2,2.2351741790771484e-08,2,,,,,,,-0.2475352312824688,334233.6,3342336.0,3,,358.95396283248857,0.1109375,3.724123179912567,167.31366291296155,10,2
2,1.0,0.1908118291486011,0.0,0.10600023730099732,100000000.0,0.0,0.0,0.2,1.0,0.0,189.38590004108846,0.3746793004376714,0.3746793004376714,87,False,0.14183572027583363,1.3063552606448314,0.14026618003845215,6,3.0,5.2,0.0745522677898407,2,0.0,2,,,,,,,-0.2582575103567525,524288.0,5242880.0,1,,374.6793004376714,0.1515625,3.6626335859298704,185.2934003965829,10,2
2,1.0000001192092896,0.19362452153267884,0.0,0.10463861802345732,100000000.0,-1.1920928955078125e-07,4.470348358154297e-08,0.2,1.0,0.0,190.75449992669746,0.36141445894520957,0.36141445894520957,87,False,0.12508805659454475,1.1521035777047772,0.13115118443965912,6,3.0,4.6,0.05701857805252075,2,4.470348358154297e-08,2,,,,,,,-0.24325130247336074,524288.0,5242880.0,2,,361.41445894520956,0.13125,3.6865119457244875,173.35651149277126,10,2
2,0.9999999403953552,0.24048277040520152,0.0,0.12890296770487678,100000000.0,5.960464477539063e-08,0.0,0.0,0.0,0.0,336.32500004023314,0.602463783552081,0.602463783552081,87,False,0.05392078404264016,0.24831438707826892,0.1497303694486618,10,3.0,4.0,0.054721906781196594,1,0.0,1,,,,,,,-0.32819228379736054,524288.0,5242880.0,3,,602.4637835520809,0.115625,3.728335678577423,266.13878351184786,10,1
2,1.0,0.18550012739658236,0.0,0.10391070845656625,100000000.0,0.0,0.0,0.0,0.0,0.0,159.85899994848296,0.4326941513158261,0.4326941513158261,88,False,0.1314492908813752,1.2106927106723708,0.12147247046232224,5,2.5,4.5,0.06735400855541229,2,0.0,2,,,,,,,-0.2820717210986007,786432.0,7864320.0,1,,432.6941513158261,0.15,3.7211833000183105,272.83515136734314,10,2
2,1.0000001192092896,0.12405461556407558,0.0,0.07003795571540396,100000000.0,-1.1920928955078125e-07,2.2351741790771484e-08,0.6,3.0,0.0,261.2265000352636,0.2769546955587998,0.2769546955587998,88,False,0.15346929023823078,1.4135043997397074,0.11587497591972351,8,0.0,2.0,0.07651543617248535,2,2.2351741790771484e-08,2,,,,,,,-0.21521201525025707,49152.0,491520.0,2,,276.9546955587998,0.14375,3.7104607582092286,15.72819552353624,10,2
2,1.0,0.22087233607940013,0.0,0.12146952551298903,100000000.0,0.0,2.2351741790771484e-08,0.0,0.0,0.0,160.7136000529863,0.3253457266485744,0.3253457266485744,88,False,0.12165803463556833,1.1205119079792518,0.14159747958183289,5,1.5,4.0,0.06351828575134277,2,2.2351741790771484e-08,2,,,,,,,-0.22350190299381317,286720.0,2867200.0,3,,325.34572664857444,0.1171875,3.707183301448822,167.15382658852792,10,2
2,0.9999999403953552,0.19327951980303135,0.0,0.10857616422463565,100000000.0,5.960464477539063e-08,0.0,0.4,2.0,0.0,226.03539988631383,0.6203372433033763,0.6203372433033763,89,False,0.15325397315756062,1.411521256138835,0.12514764070510864,7,3.0,4.3,0.06650663167238235,2,0.0,2,,,,,,,-0.38679560823046844,524288.0,5242880.0,1,,620.3372433033762,0.121875,3.706409287452698,394.3018434170624,10,2
2,1.0,0.2217407527487662,0.0,0.1251417072500416,100000000.0,0.0,0.0,0.2,1.0,0.0,188.29180009197444,0.51936020471676,0.51936020471676,89,False,0.13231217730516798,1.2186401883378597,0.13013431429862976,6,0.4,2.0,0.06643842160701752,2,0.0,2,,,,,,,-0.325836191010964,448921.6,4489216.0,2,,519.36020471676,0.13125,3.7291077852249144,395.5759047186816,10,2
2,0.9999999403953552,0.25431827812628716,0.0,0.1420997232589819,100000000.0,5.960464477539063e-08,0.0,0.2,1.0,0.0,188.4630999993533,0.8054110711519396,0.8054110711519396,89,False,0.12936413524923865,1.19148771757185,0.1365893930196762,6,0.8,4.0,0.04911274090409279,2,0.0,2,,,,,,,-0.4673876032005891,448921.6,4489216.0,3,,805.4110711519395,0.11875,3.7125721096992494,683.3532711453524,10,2
2,1.0,0.19864468658755985,0.0,0.10988469861533717,100000000.0,0.0,7.450580596923828e-09,0.2,1.0,0.0,188.71930008754134,0.4193873171607624,0.4193873171607624,90,False,0.13334277910706835,1.228132381721334,0.1325305849313736,6,3.0,4.4,0.068059042096138,2,7.450580596923828e-09,2,0.027938174656204257,0.24265874250947186,-1.0317867298920949,12.01578543583552,0.06125855694214503,0.14519568361962834,-0.276365055584496,524288.0,5242880.0,1,0.0875,419.3873171607624,0.1359375,3.626838946342468,230.66801707322102,10,2
2,1.0,0.14187870745901057,0.0,0.07844376829927814,100000000.0,0.0,0.0,0.4,2.0,0.0,225.76429997570813,0.30189963159393396,0.30189963159393396,90,False,0.13300437784742083,1.225015590937675,0.12565724551677704,7,4.0,5.0,0.07237906008958817,2,0.0,2,0.027938174656204257,0.24265874250947186,-1.0317867298920949,12.01578543583552,0.06125855694214503,0.14519568361962834,-0.21745200472067738,262144.0,2621440.0,2,0.0875,301.899631593934,0.1515625,3.6124365508556364,76.13533161822586,10,2
2,0.9999999403953552,0.2827642340874515,0.0,0.15571150855275673,100000000.0,5.960464477539063e-08,0.0,0.6,3.0,0.0,262.12050003232434,0.3088049958782613,0.3088049958782613,90,False,0.18136587124532885,1.6704414060294868,0.1595003455877304,8,4.6,5.8,0.06128275394439697,2,0.0,2,0.027938174656204257,0.24265874250947186,-1.0317867298920949,12.01578543583552,0.06125855694214503,0.14519568361962834,-0.24508543356179507,209715.2,2097152.0,3,0.0875,308.8049958782613,0.1078125,3.7117866039276124,125.61048121933344,10,2
2,0.9999999403953552,0.21178765250748458,0.0,0.1202544555068016,100000000.0,5.960464477539063e-08,0.0,0.4,2.0,0.0,403.71719998074695,0.9070632123432231,0.9070632123432231,91,False,0.1603316688535381,1.4767092425480586,0.13629402220249176,7,3.6,4.6,0.06674274057149887,2,0.0,2,,,,,,,-0.5336974405983805,406323.2,4063232.0,1,,907.0632123432231,0.1,3.846922147274017,503.34601236247613,10,2
2,1.0,0.3259507821807244,0.0,0.18143482219411522,100000000.0,0.0,2.60770320892334e-08,0.2,1.0,0.0,193.94879997707903,0.827359677224635,0.827359677224635,91,False,0.11712201924164875,1.078733662268729,0.16062991321086884,6,0.8,2.8,0.056536439806222916,2,2.60770320892334e-08,2,,,,,,,-0.472240874310174,448921.6,4489216.0,2,,827.359677224635,0.125,3.75712593793869,702.1634771858629,10,2
2,1.0000001192092896,0.10062034433341309,0.0,0.05555569860668277,100000000.0,-1.1920928955078125e-07,1.4156103134155273e-07,0.6,3.0,0.0,262.72890000836924,0.30436063857349716,0.30436063857349716,91,False,0.16752771452632337,1.542987272526697,0.12166967988014221,8,0.6,2.4,0.08553297072649002,2,1.4156103134155273e-07,2,,,,,,,-0.2359443181109416,144179.2,1441792.0,3,,304.36063857349717,0.1125,3.782976841926575,146.88733365089382,10,2
2,0.9999998807907104,0.2869566807975151,0.0,0.16290675176392602,100000000.0,1.1920928955078125e-07,0.0,0.2,1.0,0.0,189.52050007646903,0.710278275546666,0.710278275546666,92,False,0.13355046701072668,1.2300452580051693,0.13929566740989685,6,2.2,3.2,0.04919024184346199,2,0.0,2,,,,,,,-0.42191437127869635,734003.2,7340032.0,1,,710.278275546666,0.1328125,3.6943042993545534,520.757775470197,10,2
2,1.0000001192092896,0.27702553000323804,0.0,0.1475496342551263,100000000.0,-1.1920928955078125e-07,8.195638656616211e-08,0.4,2.0,0.0,225.33659997861832,0.43865867325104524,0.43865867325104524,92,False,0.13724173464357273,1.2640430893077403,0.16333188116550446,7,3.0,4.0,0.06770312786102295,2,8.195638656616211e-08,2,,,,,,,-0.28795028590369554,524288.0,5242880.0,2,,438.65867325104523,0.1609375,3.6069371521472933,213.32207327242693,10,2
2,1.0,0.1625895791708482,0.0,0.07319025784411112,100000000.0,0.0,0.0,0.0,0.0,0.0,159.6189999836497,0.49030265761680786,0.49030265761680786,92,False,0.121882740341827,1.1225815240174195,0.145453542470932,5,2.5,5.0,0.08381296694278717,2,0.0,2,,,,,,,-0.30609269897931746,786432.0,7864320.0,3,,490.30265761680783,0.1390625,3.596654176712036,330.68365763315813,10,2
2,1.0,0.2635676090856676,0.0,0.14495617501241753,100000000.0,0.0,0.0,0.2,1.0,0.0,188.7655999744311,0.5226958763372178,0.5226958763372178,93,False,0.13299133908776928,1.2248954995232557,0.14227934181690216,6,2.4,4.6,0.05656667798757553,2,0.0,2,,,,,,,-0.32784360771249355,838860.8,8388608.0,1,,522.6958763372178,0.10625,3.709509027004242,333.93027636278674,10,2
2,1.0,0.20873125160850595,0.0,0.11784555276083457,100000000.0,0.0,2.2351741790771484e-08,0.4,2.0,0.0,225.72029993170872,0.3982192365778198,0.3982192365778198,93,False,0.14302645045823467,1.3173222909159303,0.12746724486351013,7,3.0,4.3,0.06922599673271179,2,2.2351741790771484e-08,2,,,,,,,-0.270622865869769,524288.0,5242880.0,2,,398.2192365778198,0.1234375,3.713922083377838,172.4989366461111,10,2
2,1.0,0.1671240999752706,0.0,0.09213491523366359,100000000.0,0.0,0.0,0.2,1.0,0.0,188.97229997674003,0.4237355978985363,0.4237355978985363,93,False,0.12021278293376218,1.1072006478824394,0.12575268745422363,6,1.2,3.2,0.07203441113233566,2,0.0,2,,,,,,,-0.27197419041614923,239206.4,2392064.0,3,,423.7355978985363,0.125,3.7038487911224367,300.1322979399049,10,2
2,1.0,0.20434582823557218,0.0,0.10255598209965176,100000000.0,0.0,0.0,0.4,2.0,0.0,226.3999999850057,0.2481895195828371,0.2481895195828371,94,False,0.1516455539944775,1.3967071681860301,0.1189156174659729,7,0.9,2.6,0.06076469644904137,2,0.0,2,,,,,,,-0.1999175367886573,191692.8,1916928.0,1,,248.1895195828371,0.15,3.586183947324753,125.24714077054003,10,2
2,1.0000001192092896,0.2768954777812459,0.0,0.15197886520687148,100000000.0,-1.1920928955078125e-07,2.9802322387695312e-08,0.0,0.0,0.0,160.29129998059943,0.620260796565472,0.620260796565472,94,False,0.12361568560612755,1.1385425397476319,0.15574948489665985,5,2.5,4.5,0.049358271062374115,2,2.9802322387695312e-08,2,,,,,,,-0.37193827088812215,786432.0,7864320.0,2,,620.260796565472,0.11875,3.6509993970394135,459.9694965848725,10,2
2,1.0,0.24662538993833744,0.0,0.13946521581215382,100000000.0,0.0,1.862645149230957e-08,0.0,0.0,0.0,160.10669997194782,0.5114495870356521,0.5114495870356521,94,False,0.128466837305718,1.1832232980969506,0.13145144283771515,5,0.5,2.0,0.059538837522268295,2,1.862645149230957e-08,2,,,,,,,-0.3199582307971366,548864.0,5488640.0,3,,511.44958703565214,0.103125,3.6511342227458954,352.9924870517178,10,2
2,0.9999999403953552,0.11864337014565161,0.0,0.06544588670063581,100000000.0,5.960464477539063e-08,0.0,0.2,1.0,0.0,189.09160007024184,0.26867115200981495,0.26867115200981495,95,False,0.1309085141839119,1.2057119732235004,0.12314543128013611,6,1.2,4.6,0.07894178479909897,2,0.0,2,,,,,,,-0.19978983309686343,239206.4,2392064.0,1,,268.67115200981493,0.1359375,3.617521381378174,145.2807521007024,10,2
2,0.9999999403953552,0.13365885079626866,0.0,0.07433113524298089,100000000.0,5.960464477539063e-08,0.0,0.2,1.0,0.0,190.89449994498864,0.34423744311703575,0.34423744311703575,95,False,0.13009579728534656,1.198226573961657,0.1195647269487381,6,3.0,5.6,0.07257971912622452,2,0.0,2,,,,,,,-0.23716662020119117,524288.0,5242880.0,2,,344.23744311703575,0.165625,3.6138737201690674,220.6302424755605,10,2
2,1.0,0.2865820057643732,0.0,0.16179146628547908,100000000.0,0.0,2.2351741790771484e-08,0.2,1.0,0.0,188.72450001072139,0.5607543927655009,0.5607543927655009,95,False,0.12847714366228075,1.1833182231488883,0.1482875645160675,6,0.6,2.0,0.06005004048347473,2,2.2351741790771484e-08,2,,,,,,,-0.34461579056563263,648806.4,6488064.0,3,,560.7543927655008,0.109375,3.5606320023536684,372.0298927547795,10,2
2,1.0,0.16565665384468511,0.0,0.08839066676539183,100000000.0,0.0,4.470348358154297e-08,0.0,0.0,0.0,159.26889999536797,0.5444895668277856,0.5444895668277856,96,False,0.13592735610482656,1.2519372155882675,0.12066821753978729,5,2.0,5.0,0.06325379759073257,2,4.470348358154297e-08,2,0.041775027134766184,0.2068452431509892,-0.8836369315783182,11.406866212685904,-0.026524551833669346,0.17810238028566042,-0.34020850616978965,1048576.0,10485760.0,1,,544.4895668277856,0.1421875,3.6146848499774933,388.1321668831039,10,2
2,1.0,0.12877955371791466,0.0,0.07323649843605981,100000000.0,0.0,7.450580596923828e-09,0.2,1.0,0.0,188.1284000701271,0.3483801716444386,0.3483801716444386,96,False,0.12062977182323913,1.1110412574858544,0.11937420070171356,6,1.8,3.2,0.07708544284105301,2,7.450580596923828e-09,2,0.041775027134766184,0.2068452431509892,-0.8836369315783182,11.406866212685904,-0.026524551833669346,0.17810238028566042,-0.23450497918441945,334233.6,3342336.0,2,,348.3801716444386,0.146875,3.601649987697601,160.25177157431145,10,2
2,1.0,0.17035654040852008,0.0,0.08485696546093967,100000000.0,0.0,0.0,0.0,0.0,0.0,159.14269990753382,0.47265916389667817,0.47265916389667817,96,False,0.11873016208544894,1.0935452052268864,0.14246559143066406,5,1.5,4.0,0.08329080790281296,2,0.0,2,0.041775027134766184,0.2068452431509892,-0.8836369315783182,11.406866212685904,-0.026524551833669346,0.17810238028566042,-0.29569466299106356,286720.0,2867200.0,3,,472.6591638966782,0.1421875,3.5646882951259613,313.51646398914437,10,2
2,0.9999999403953552,0.22071680193457074,0.0,0.11963412297298838,100000000.0,5.960464477539063e-08,0.0,0.4,2.0,0.0,316.02700002258644,0.5017253588236003,0.5017253588236003,97,False,0.14802571810261078,1.363367247531242,0.14705967903137207,7,3.0,4.6,0.06151023507118225,2,0.0,2,,,,,,,-0.3248755384631055,524288.0,5242880.0,1,,501.72535882360023,0.11875,3.581545978784561,185.69835880101382,10,2
2,1.0,0.262192177732146,0.0,0.1479951348305111,100000000.0,0.0,7.450580596923828e-09,0.2,1.0,0.0,189.40230004955083,0.4916774762462046,0.4916774762462046,97,False,0.11767680766408035,1.0838434524737557,0.14508786797523499,6,1.8,3.8,0.054788410663604736,2,7.450580596923828e-09,2,,,,,,,-0.3046771494057231,334233.6,3342336.0,2,,491.6774762462046,0.146875,3.6121545314788817,302.2751761966538,10,2
2,0.9999999403953552,0.2252627585252208,0.0,0.12769293317427535,100000000.0,5.960464477539063e-08,7.450580596923828e-09,0.0,0.0,0.0,160.98829999100417,0.549560953899729,0.549560953899729,97,False,0.1297911382961405,1.195420560973687,0.13586431741714478,5,3.0,5.5,0.06446953117847443,2,7.450580596923828e-09,2,,,,,,,-0.3396760535485154,524288.0,5242880.0,3,,549.560953899729,0.125,3.5919886231422424,388.57265390872493,10,2
2,1.0000001192092896,0.22013004210396736,0.0,0.12386213613429548,100000000.0,-1.1920928955078125e-07,6.332993507385254e-08,0.4,2.0,0.0,227.17159998137504,0.3133452344356637,0.3133452344356637,98,False,0.1553955440557919,1.4312458530422638,0.12876605987548828,7,0.9,2.9,0.061112064868211746,2,6.332993507385254e-08,2,,,,,,,-0.23437045257566286,191692.8,1916928.0,1,,313.3452344356637,0.125,3.680281585454941,203.69283441887904,10,2
2,0.9999999403953552,0.19934425829615338,0.0,0.11288855662279906,100000000.0,5.960464477539063e-08,7.450580596923828e-09,0.2,1.0,0.0,189.6285000257194,0.5508738232580557,0.5508738232580557,98,False,0.11650367090367159,1.0730384636075134,0.12570655345916748,6,2.6,5.0,0.06708256900310516,2,7.450580596923828e-09,2,,,,,,,-0.3336887545314442,734003.2,7340032.0,2,,550.8738232580557,0.121875,3.684330129623413,425.6123232459261,10,2
2,1.0,0.10673644715499318,0.0,0.060303047276806285,100000000.0,0.0,7.450580596923828e-08,0.4,2.0,0.0,227.52009995747358,0.25287982319283986,0.25287982319283986,98,False,0.13657708458615997,1.2579214360507154,0.11718752980232239,7,0.9,2.6,0.0842580497264862,2,7.450580596923828e-08,2,,,,,,,-0.19472852839530588,191692.8,1916928.0,3,,252.87982319283986,0.115625,3.5320499897003175,132.47672315489254,10,2
2,1.0,0.21668532988791003,0.0,0.12113653703677255,100000000.0,0.0,7.450580596923828e-09,0.0,0.0,0.0,159.78289995109662,0.3325353482943972,0.3325353482943972,99,False,0.12963739095441024,1.1940044956250648,0.1438933163881302,5,3.0,5.0,0.07402767986059189,2,7.450580596923828e-09,2,,,,,,,-0.2310863770749843,524288.0,5242880.0,1,,332.5353482943972,0.1234375,3.5910567343235016,172.75244834330056,10,2
2,0.9999999403953552,0.2553282304286027,0.0,0.14234799327215547,100000000.0,5.960464477539063e-08,0.0,0.4,2.0,0.0,227.17719996580854,0.7945309112399412,0.7945309112399412,99,False,0.13587439625421954,1.2514494373381277,0.1357734352350235,7,2.3,3.6,0.054170623421669006,2,0.0,2,,,,,,,-0.46520265374708036,891289.6,8912896.0,2,,794.5309112399412,0.1203125,3.6464436769485475,567.3537112741327,10,2
2,1.0,0.17273314679311708,0.0,0.09677123134179069,100000000.0,0.0,1.4901161193847656e-08,0.2,1.0,0.0,188.45160002820194,0.3492900262515766,0.3492900262515766,99,False,0.1215966861515815,1.1199468675604285,0.12847480177879333,6,3.0,5.6,0.07854533940553665,2,1.4901161193847656e-08,2,,,,,,,-0.23544337110274027,524288.0,5242880.0,3,,349.29002625157665,0.1328125,3.571612274646759,160.83842622337468,10,2
7,1.0,0.1834192912621192,0.0,0.10331185159599891,100000000.0,0.0,7.450580596923828e-09,0.6324555320336759,1.2649110640673518,0.0,123.88070009183139,0.2844907748465738,0.2844907748465738,100,False,0.31366051142052875,7.222300178577982,0.13596686720848083,4,2.7,4.2,0.07065139710903168,5,7.450580596923828e-09,5,,,,,,,-0.2990756505841319,476774.4,4767744.0,1,0.09140625,284.4907748465738,0.14375,3.5604150533676147,160.61007475474244,10,5
2,0.9999999403953552,0.18096255409216416,0.0,0.09582457089162724,20000000.0,5.960464477539063e-08,0.0,0.4,2.0,0.0,225.71199998492375,1.2315410323882159,1.2315410323882159,100,False,0.13778235703821573,1.2690224055751151,0.14248061180114746,7,3.0,4.7,0.07583098858594894,2,0.0,2,,,,,,,-0.6846616947132158,524288.0,5242880.0,2,0.09140625,1231.5410323882159,0.1390625,3.5685608983039856,1005.8290324032921,10,2
2,1.0,0.15533439240527566,0.0,0.0851292159809742,100000000.0,0.0,0.0,0.2,1.0,0.0,189.03370015323162,0.34809271795786534,0.34809271795786534,100,False,0.13041258636586783,1.2011443092193832,0.1331559121608734,6,3.0,4.6,0.0777900367975235,2,0.0,2,,,,,,,-0.23925265216186659,524288.0,5242880.0,3,0.09140625,348.0927179578653,0.10625,3.6035078287124636,171.05474441111943,10,2
7,1.0,0.22453151435273644,0.0,0.12354131875713611,100000000.0,0.0,0.0,0.7745966692414834,1.5491933384829668,0.0,157.43459993973374,0.3351653756031342,0.3351653756031342,101,False,0.30822185452469547,7.097070475635433,0.12776152789592743,5,3.4,4.6,0.05824252963066101,5,0.0,5,,,,,,,-0.3216936150639148,445644.8,4456448.0,1,,335.1653756031342,0.134375,3.7951637387275694,186.80480039426342,10,5
2,1.0000001192092896,0.1823447110531661,0.0,0.10362999851115062,20000000.0,-1.1920928955078125e-07,9.685754776000977e-08,0.4,2.0,0.0,227.0400000270456,1.1545556394222822,1.1545556394222822,101,False,0.1433809421109647,1.3205872796965983,0.12771740555763245,7,3.0,4.7,0.06745507568120956,2,9.685754776000977e-08,2,,,,,,,-0.6489683876241712,524288.0,5242880.0,2,,1154.5556394222822,0.1109375,3.639197438955307,1065.0111394308205,10,2
2,1.0,0.13766749402006004,0.0,0.07493433729009816,100000000.0,0.0,2.9802322387695312e-08,0.4,2.0,0.0,227.5058999657631,0.38934704244110707,0.38934704244110707,101,False,0.14005458743645108,1.2899504209464139,0.11757920682430267,7,3.0,5.3,0.07053634524345398,2,2.9802322387695312e-08,2,,,,,,,-0.26470084474110145,524288.0,5242880.0,3,,389.3470424411071,0.1078125,3.8150511741638184,161.84114247534396,10,2
7,1.0,0.24379721371765636,0.0,0.13439103863225935,100000000.0,0.0,0.0,1.0,2.0,0.0,190.6899000168778,0.3786541434928941,0.3786541434928941,102,False,0.32645729132339957,7.516956925004744,0.1523028165102005,6,3.0,5.0,0.067957803606987,5,0.0,5,-0.0030086791230132803,0.20721726212650537,-0.9476440499226252,10.980141878128052,-0.004984692980845769,0.23864768740410605,-0.35255571740814684,524288.0,5242880.0,1,,378.6541434928941,0.1609375,3.508087915182114,187.96424347601632,10,5
2,1.0,0.18640215972892712,0.0,0.10379033552663039,20000000.0,0.0,0.0,0.2,1.0,0.0,190.54200005484745,1.0592841668598292,1.0592841668598292,102,False,0.13187183705121017,1.2145845047194257,0.1250952184200287,6,1.2,3.2,0.06823314726352692,2,0.0,2,-0.0030086791230132803,0.20721726212650537,-0.9476440499226252,10.980141878128052,-0.004984692980845769,0.23864768740410605,-0.5955780019555197,239206.4,2392064.0,2,,1059.2841668598292,0.1515625,3.5810609579086305,937.8675668462117,10,2
2,1.0,0.1627742405256501,0.0,0.08847862464902735,100000000.0,0.0,0.0,0.0,0.0,0.0,160.31799995107576,0.630895813861594,0.630895813861594,102,False,0.1278486293990328,1.177529392855733,0.13495030999183655,5,0.5,2.0,0.07304024696350098,2,0.0,2,-0.0030086791230132803,0.20721726212650537,-0.9476440499226252,10.980141878128052,-0.004984692980845769,0.23864768740410605,-0.37937222163031337,548864.0,5488640.0,3,,630.895813861594,0.1421875,3.633116692304611,470.5778139105182,10,2
7,1.0,0.13571584402792863,0.0,0.07700080309807057,100000000.0,0.0,1.4901161193847656e-08,0.7745966692414834,1.5491933384829668,0.0,295.1093000010587,0.4233904454008758,0.4233904454008758,103,False,0.3290205086166633,7.575977184300481,0.11835047602653503,5,3.0,4.9,0.07468071579933167,5,1.4901161193847656e-08,5,,,,,,,-0.37620549190993074,524288.0,5242880.0,1,,423.39044540087576,0.1375,3.570422500371933,136.1771397622368,10,5
2,1.0,0.14264476503716456,0.0,0.07884323188589977,20000000.0,0.0,0.0,0.4,2.0,0.0,225.03670008154586,1.3242997051998766,1.3242997051998766,103,False,0.13204537519506374,1.2161828500918381,0.12716850638389587,7,3.0,5.3,0.08282113820314407,2,0.0,2,,,,,,,-0.7281725401974701,524288.0,5242880.0,2,,1324.2997051998766,0.1609375,3.4746391475200653,1099.2630051183307,10,2
2,0.9999999403953552,0.12563123073118426,0.0,0.0709375815512649,100000000.0,5.960464477539063e-08,0.0,0.6,3.0,0.0,263.8292000629008,0.5302570310516643,0.5302570310516643,103,False,0.1525672219027882,1.4051960433314992,0.11532716453075409,8,2.4,4.4,0.0779552012681961,2,0.0,2,,,,,,,-0.3414121264772263,429260.8,4292608.0,3,,530.2570310516643,0.125,3.6574825048446655,266.4278309887635,10,2
7,1.0,0.1885425434838413,0.0,0.10755637695718827,100000000.0,0.0,5.21540641784668e-08,0.6633249580710799,1.1055415967851332,0.0,123.1015000375919,0.3533484643218079,0.3533484643218079,104,False,0.32076386770108756,8.863033201675663,0.13075807690620422,4,1.9,4.5,0.07214134931564331,6,5.21540641784668e-08,6,,,,,,,-0.3370562181655119,486604.8,4866048.0,1,,353.3484643218079,0.1328125,3.565391254425049,280.14586443407177,10,6
2,1.0,0.23688927074221616,0.0,0.13203054535548253,20000000.0,0.0,0.0,0.0,0.0,0.0,160.8119999873452,2.0777060928863014,2.0777060928863014,104,False,0.12057647086302957,1.1105503375001713,0.13795143365859985,5,3.0,4.0,0.07154130935668945,2,0.0,2,,,,,,,-1.0991412818746655,524288.0,5242880.0,2,,2077.7060928863016,0.15625,3.567568063735962,1916.8940928989562,10,2
2,0.9999999403953552,0.2465413527301575,0.0,0.11560285894583384,100000000.0,5.960464477539063e-08,0.0,0.0,0.0,0.0,159.5182999735698,0.3094253368318436,0.3094253368318436,104,False,0.13361311456305566,1.2306222632855905,0.1676243245601654,5,1.5,4.0,0.07427838444709778,2,0.0,2,,,,,,,-0.22151922569744964,286720.0,2867200.0,3,,309.4253368318436,0.1265625,3.557072162628174,151.7095368463901,10,2
7,1.0,0.20447044505933606,0.0,0.11534952051416754,100000000.0,0.0,1.4901161193847656e-08,0.7745966692414834,1.5491933384829668,0.0,160.8045999892056,0.3485550571038931,0.3485550571038931,105,False,0.3292197650773955,7.580565233862127,0.12899452447891235,5,2.7,4.6,0.06266185641288757,5,1.4901161193847656e-08,5,,,,,,,-0.3388874259918055,476774.4,4767744.0,1,,348.5550571038931,0.1234375,3.599715268611908,187.7504571146875,10,5
2,0.9999999403953552,0.287518282213338,0.0,0.14506891008825878,20000000.0,5.960464477539063e-08,0.0,0.2,1.0,0.0,195.60569990426302,0.9576339137837792,0.9576339137837792,105,False,0.12761908418932816,1.1754152033435967,0.16202491521835327,6,3.0,4.6,0.06912757456302643,2,0.0,2,,,,,,,-0.5426264989865537,524288.0,5242880.0,2,,957.6339137837791,0.146875,3.5111186027526857,762.0282138795161,10,2
2,0.9999999403953552,0.2275225621503863,0.0,0.12945080763364153,100000000.0,5.960464477539063e-08,0.0,0.6,3.0,0.0,261.8252000538632,0.5014614532727042,0.5014614532727042,105,False,0.15440479023489834,1.4221206731269982,0.1411626785993576,8,3.0,4.0,0.06423510611057281,2,0.0,2,,,,,,,-0.3279331217538013,524288.0,5242880.0,3,,501.4614532727042,0.0859375,3.65182079076767,268.5381683054862,10,2
7,1.0,0.2697103511562857,0.0,0.1505603676473971,100000000.0,0.0,3.3527612686157227e-08,0.447213595499958,1.118033988749895,0.0,120.90290000196546,0.39682022102516684,0.39682022102516684,106,False,0.24840783336402764,4.575841392695672,0.14356619119644165,4,1.6,3.5,0.05027984455227852,4,3.3527612686157227e-08,4,,,,,,,-0.32261406072220994,439091.2,4390912.0,1,,396.82022102516686,0.1453125,3.5640462040901184,331.6445209655406,10,4
2,1.0,0.08238224897431344,0.0,0.04307758977777989,20000000.0,0.0,2.9802322387695312e-08,0.0,0.0,0.0,163.37409999687225,0.9399008744779338,0.9399008744779338,106,False,0.12749048901103074,1.1742307979812825,0.11286821961402893,5,4.0,5.5,0.08073537796735764,2,2.9802322387695312e-08,2,,,,,,,-0.5336957115468046,327680.0,3276800.0,2,,939.9008744779338,0.1375,3.688902258872986,779.8927744418678,10,2
2,1.0,0.16173116238334134,0.0,0.08750929720672079,100000000.0,0.0,2.9802322387695312e-08,0.4,2.0,0.0,231.80810001213104,0.46216314779084744,0.46216314779084744,106,False,0.13249599805741685,1.2203332400335045,0.12903720140457153,7,3.0,5.0,0.07778278738260269,2,2.9802322387695312e-08,2,,,,,,,-0.29732960272645453,524288.0,5242880.0,3,,462.16314779084746,0.1125,3.628916919231415,236.63256214116964,10,2
7,1.0,0.21160332398660348,0.0,0.11757640904100272,100000000.0,0.0,0.0,0.4472135954999579,0.8944271909999159,0.0,91.31119993980974,0.3559576266698165,0.3559576266698165,107,False,0.2825876859187808,6.5068219306026815,0.13777896761894226,3,2.7,4.7,0.06359267234802246,5,0.0,5,,,,,,,-0.3192726562942987,476774.4,4767744.0,1,,355.95762666981653,0.15,3.5801930487155915,265.1503266670367,10,5
2,1.0000001192092896,0.22526871448604308,0.0,0.12390019339769215,20000000.0,-1.1920928955078125e-07,4.470348358154297e-08,0.0,0.0,0.0,162.45140007231385,10.639566314546439,10.639566314546439,107,False,0.12798529402938516,1.1787881206180886,0.14488939940929413,5,2.0,3.5,0.059998124837875366,2,4.470348358154297e-08,2,,,,,,,-5.383775848991395,786432.0,7864320.0,2,,10639.566314546439,0.15,3.615428864955902,10480.278714525095,10,2
2,1.0,0.1912937884487439,0.0,0.10768424828507202,100000000.0,0.0,5.21540641784668e-08,0.0,0.0,0.0,162.4168999842368,0.5309389084438492,0.5309389084438492,107,False,0.1317374985724291,1.2133472016047988,0.1286034733057022,5,2.0,3.5,0.07286171615123749,2,5.21540641784668e-08,2,,,,,,,-0.3313382556622033,786432.0,7864320.0,3,,530.9389084438492,0.121875,3.566387414932251,371.5247084480409,10,2
7,0.9999998807907104,0.2643259183300896,0.0,0.14852383719597792,100000000.0,1.1920928955078125e-07,0.0,0.6324555320336759,1.2649110640673518,0.0,124.40020003123209,0.28661748861675207,0.28661748861675207,108,False,0.30302945212780136,6.977510992076283,0.13955210149288177,4,1.7,4.8,0.06336784362792969,5,0.0,5,0.018196523868634056,0.19236542750149965,-0.6323966234922409,66.15589348475139,-0.10662471999724706,7.403827446202437,-0.29482347037227674,247398.4,2473984.0,1,,286.6174886167521,0.1328125,3.637352281808853,224.0639885586226,10,5
2,0.9999998211860657,0.15271954680337474,0.0,0.08569010964245585,20000000.0,1.7881393432617188e-07,0.0,0.8,4.0,0.0,292.91889996966347,2.196618138561269,2.196618138561269,108,False,0.20361244146699925,1.8753398898801408,0.12689410150051117,9,3.0,5.9,0.07414907217025757,2,0.0,2,0.018196523868634056,0.19236542750149965,-0.6323966234922409,66.15589348475139,-0.10662471999724706,7.403827446202437,-1.200115290014134,524288.0,5242880.0,2,,2196.618138561269,0.13125,3.5604342758655547,1903.6992385916053,10,2
2,1.0,0.19607140881815668,0.0,0.10996989145919842,100000000.0,0.0,1.4901161193847656e-08,0.0,0.0,0.0,161.20610001962632,0.5318053332950858,0.5318053332950858,108,False,0.11944824776905327,1.1001590187891255,0.1300908774137497,5,1.0,3.5,0.07570263743400574,2,1.4901161193847656e-08,2,0.018196523868634056,0.19236542750149965,-0.6323966234922409,66.15589348475139,-0.10662471999724706,7.403827446202437,-0.32562680543323075,548864.0,5488640.0,3,,531.8053332950858,0.1203125,3.6075640618801117,370.5992332754596,10,2
7,0.9999999403953552,0.19327744423426046,0.0,0.10340124469781718,100000000.0,5.960464477539063e-08,0.0,0.4472135954999579,0.8944271909999159,0.0,344.2257999558933,0.9245932516077506,0.9245932516077506,109,False,0.2932748600490876,6.752903208989442,0.1250188946723938,3,2.8,4.5,0.057821620255708694,5,0.0,5,,,,,,,-0.6089340558284191,589824.0,5898240.0,1,,924.5932516077506,0.1515625,3.5336981296539305,580.3674516518573,10,5
2,1.0,0.21353983048908817,0.0,0.12079037983367338,20000000.0,0.0,0.0,0.4,2.0,0.0,226.7790999612771,1.2014259153640716,1.2014259153640716,109,False,0.1340614475434476,1.2347515626349828,0.13359154760837555,7,2.1,4.1,0.06348001956939697,2,0.0,2,,,,,,,-0.6677436814537596,381747.2,3817472.0,2,,1201.4259153640717,0.153125,3.6460037350654604,974.6468154027946,10,2
2,1.0000001192092896,0.14655772259135597,0.0,0.08103811910407671,100000000.0,-1.1920928955078125e-07,8.940696716308594e-08,0.0,0.0,0.0,161.06949996901676,0.3214311779631094,0.3214311779631094,109,False,0.12198239096905333,1.123499340212455,0.12971054017543793,5,3.0,5.0,0.0791311040520668,2,8.940696716308594e-08,2,,,,,,,-0.22170687387304852,524288.0,5242880.0,3,,321.4311779631094,0.128125,3.5364133417606354,160.36167799409262,10,2
7,1.0,0.18559477483082065,0.0,0.10535713128213389,100000000.0,0.0,1.4901161193847656e-08,0.6,1.5,0.0,123.99019987788051,0.5113886849737901,0.5113886849737901,110,False,0.29147960740253026,5.369252791334585,0.1286860853433609,4,1.0,2.6,0.07223869115114212,4,1.4901161193847656e-08,4,,,,,,,-0.4014341610893214,543948.8,5439488.0,1,0.10703125,511.3886849737901,0.1203125,3.620419079065323,389.9772848833527,10,4
2,1.0,0.26856765804469174,0.0,0.15245994925498962,20000000.0,0.0,0.0,0.2,1.0,0.0,188.44030000036582,1.4491829800872655,1.4491829800872655,110,False,0.12763737602446681,1.1755836773712516,0.14369454979896545,6,3.6,4.6,0.051539577543735504,2,0.0,2,,,,,,,-0.7884101780558662,367001.6,3670016.0,2,0.10703125,1449.1829800872656,0.1578125,3.552160084247589,1260.7426800868998,10,2
2,0.9999998807907104,0.22471730206469845,0.0,0.12579060893712876,100000000.0,1.1920928955078125e-07,0.0,0.0,0.0,0.0,160.99620005115867,0.38384549388412736,0.38384549388412736,110,False,0.12266393168650877,1.1297765621975804,0.1351373791694641,5,3.0,5.0,0.05445655435323715,2,0.0,2,,,,,,,-0.2532547127853181,524288.0,5242880.0,3,0.10703125,383.84549388412734,0.1234375,3.6551464200019836,226.01819380635743,10,2
7,1.0,0.229912400041275,0.0,0.12929193888123355,100000000.0,0.0,3.725290298461914e-09,0.1414213562373095,0.4714045207910317,0.0,124.83759998576716,0.3564505699630216,0.3564505699630216,111,False,0.19973465822321484,2.759436279474211,0.13966310024261475,4,3.0,5.0,0.0620836578309536,3,3.725290298461914e-09,3,,,,,,,-0.27809261781840855,524288.0,5242880.0,1,,356.4505699630216,0.1296875,3.6808548092842104,231.6129699772544,10,3
2,1.0,0.16263633633553706,0.0,0.09197531670423907,20000000.0,0.0,3.725290298461914e-08,0.2,1.0,0.0,188.4026000625454,1.4933155548545494,1.4933155548545494,111,False,0.1323568322510815,1.2190514755890154,0.12658731639385223,6,3.0,4.6,0.07556973397731781,2,3.725290298461914e-08,2,,,,,,,-0.8128362308057184,524288.0,5242880.0,2,,1493.3155548545494,0.1296875,3.5772618412971497,1368.3615548555701,10,2
2,1.0,0.21584729274424874,0.0,0.11726582471630238,100000000.0,0.0,1.4901161193847656e-08,0.6,3.0,0.0,264.24290001159534,0.6364970975974141,0.6364970975974141,111,False,0.16898350656778005,1.5563956127393272,0.1493082344532013,8,3.0,5.0,0.07300052046775818,2,1.4901161193847656e-08,2,,,,,,,-0.4027403169837583,524288.0,5242880.0,3,,636.4970975974142,0.103125,3.689470887184143,372.2541975858188,10,2
7,1.0,0.21116274149575995,0.0,0.11746446218288634,100000000.0,0.0,0.0,0.5099019513592785,1.699673171197595,0.0,160.44320003129542,0.33508733586374084,0.33508733586374084,112,False,0.2255890628745343,3.1166280799043955,0.1262609213590622,5,3.0,5.0,0.06089562177658081,3,0.0,3,,,,,,,-0.28033819936913756,524288.0,5242880.0,1,,335.08733586374086,0.153125,3.5386364221572877,174.64413583244544,10,3
2,0.9999999403953552,0.19179982604078172,0.0,0.10914711349347894,20000000.0,5.960464477539063e-08,7.450580596923828e-09,0.0,0.0,0.0,161.60380007931963,1.2907187269768585,1.2907187269768585,112,False,0.12057647086302957,1.1105503375001713,0.13274425268173218,5,1.5,3.5,0.06894274055957794,2,7.450580596923828e-09,2,,,,,,,-0.7056476063705246,286720.0,2867200.0,2,,1290.7187269768585,0.18125,3.4748237133026123,1129.114926897539,10,2
2,1.0,0.19879482183169392,0.0,0.11232121343856515,100000000.0,0.0,0.0,0.2,1.0,0.0,191.6260999860242,0.3586230499962342,0.3586230499962342,112,False,0.1181069099541033,1.0878048409596335,0.12712451815605164,6,1.2,5.0,0.062125012278556824,2,0.0,2,,,,,,,-0.23836497997516876,239206.4,2392064.0,3,,358.62304999623416,0.1265625,3.5633415460586546,236.70324993450166,10,2
7,1.0,0.2064251343109169,0.0,0.11311027666597734,100000000.0,0.0,2.9802322387695312e-08,0.447213595499958,1.118033988749895,0.0,121.73579999944195,0.4033516714784058,0.4033516714784058,113,False,0.2582543591330088,4.757221100323175,0.14350217580795288,4,3.0,4.6,0.06344936788082123,4,2.9802322387695312e-08,4,,,,,,,-0.3308030451080297,524288.0,5242880.0,1,,403.35167147840576,0.1421875,3.5177545726299284,281.6158714789638,10,4
2,1.0,0.16037118729791833,0.0,0.08953330948253437,20000000.0,0.0,0.0,0.2,1.0,0.0,188.7850000639446,0.9095412231186228,0.9095412231186228,113,False,0.12010029056115457,1.106164554841472,0.12563367187976837,6,4.2,5.2,0.07840322703123093,2,0.0,2,,,,,,,-0.5148207568398887,288358.4,2883584.0,2,,909.5412231186228,0.14375,3.5128915667533875,784.5854231059375,10,2
2,1.0,0.2674820708192889,0.0,0.13887144091267645,100000000.0,0.0,2.2351741790771484e-08,0.4,2.0,0.0,225.36019992548972,0.2545460360629161,0.2545460360629161,113,False,0.1419144249679414,1.3070801576480156,0.15345120429992676,7,0.9,2.9,0.06737296283245087,2,2.2351741790771484e-08,2,,,,,,,-0.19823025286717055,191692.8,1916928.0,3,,254.5460360629161,0.1359375,3.6341542065143586,160.9207361393285,10,2
7,0.9999999403953552,0.2783496872456292,0.0,0.1531642538271305,100000000.0,5.960464477539063e-08,0.0,0.1414213562373095,0.4714045207910317,0.0,124.58730000071228,0.37577773236112466,0.37577773236112466,114,False,0.19028591393077426,2.6288970529424933,0.13709993660449982,4,2.1,3.4,0.050016000866889954,3,0.0,3,0.0037035813002148643,0.07388789982845385,-0.7528420041004816,51.09523185094198,0.0900431548555692,1.6114769751826923,-0.28303182314594943,381747.2,3817472.0,1,,375.77773236112466,0.13125,3.54228418469429,251.1904323604124,10,3
2,1.0,0.1963703889931281,0.0,0.10918992134362696,20000000.0,0.0,2.9802322387695312e-08,0.0,0.0,0.0,159.5697999582626,1.266885613735464,1.266885613735464,114,False,0.12798529402938516,1.1787881206180886,0.12503646314144135,5,3.0,5.0,0.058251455426216125,2,2.9802322387695312e-08,2,0.0037035813002148643,0.07388789982845385,-0.7528420041004816,51.09523185094198,0.0900431548555692,1.6114769751826923,-0.697435483684747,524288.0,5242880.0,2,,1266.885613735464,0.146875,3.6233180165290833,1107.3158137772014,10,2
2,0.9999999403953552,0.24505378914675693,0.0,0.13889728573480142,100000000.0,5.960464477539063e-08,0.0,0.4,2.0,0.0,225.2158999326639,0.43351401664562056,0.43351401664562056,114,False,0.13842889441723827,1.2749772348991182,0.1346980780363083,7,2.7,4.3,0.05741129070520401,2,0.0,2,0.0037035813002148643,0.07388789982845385,-0.7528420041004816,51.09523185094198,0.0900431548555692,1.6114769751826923,-0.28597145553142944,681574.4,6815744.0,3,,433.5140166456206,0.15625,3.538371902704239,340.9669166664919,10,2
7,1.0,0.1530084233535177,0.0,0.08625489622354508,100000000.0,0.0,0.0,0.787400787401181,2.6246692913372702,0.0,272.08499994594604,0.49979508985873605,0.49979508985873605,115,False,0.2614707801670915,3.6123523239976087,0.11886804550886154,7,3.0,4.3,0.07441563159227371,3,0.0,3,,,,,,,-0.3806329350129138,524288.0,5242880.0,1,,499.79508985873605,0.1484375,3.5346107959747313,261.483089857421,10,3
2,1.0,0.1952308653088103,0.0,0.10065296145239357,20000000.0,0.0,0.0,0.4,2.0,0.0,227.33029996743426,2.3483326043812585,2.3483326043812585,115,False,0.13163531737851225,1.2124060780292094,0.11949542164802551,7,3.0,4.7,0.056088365614414215,2,0.0,2,,,,,,,-1.2399839608798853,524288.0,5242880.0,2,,2348.3326043812585,0.1328125,3.609058278799057,2121.0023044138243,10,2
2,0.9999999403953552,0.2778699322513528,0.0,0.1585143364412463,100000000.0,5.960464477539063e-08,0.0,0.2,1.0,0.0,188.85930016404018,0.38571136395030725,0.38571136395030725,115,False,0.1276366468349005,1.1755769612871503,0.14316456019878387,6,3.0,5.0,0.05675821751356125,2,0.0,2,,,,,,,-0.2566740053926039,524288.0,5242880.0,3,,385.71136395030726,0.1359375,3.5595203399658204,196.8520637862671,10,2
7,1.0000001192092896,0.16967325718832738,0.0,0.09294784989402256,100000000.0,-1.1920928955078125e-07,3.725290298461914e-08,0.8246211251235321,2.0615528128088303,0.0,190.74920006096363,0.4591028120023847,0.4591028120023847,116,False,0.2812509353307125,5.180833688665048,0.13423855602741241,6,3.0,4.8,0.07455740123987198,4,3.725290298461914e-08,4,,,,,,,-0.3701769109194516,524288.0,5242880.0,1,,459.10281200238467,0.125,3.5841615974903105,268.35361194142104,10,4
2,0.9999999403953552,0.2632221184275863,0.0,0.14727559038198837,20000000.0,5.960464477539063e-08,0.0,0.2,1.0,0.0,188.66280000656843,1.947615812462469,1.947615812462469,116,False,0.12423235572494655,1.1442222814391818,0.14374282956123352,6,3.0,4.4,0.06888549774885178,2,0.0,2,,,,,,,-1.0359240840937078,524288.0,5242880.0,2,,1947.615812462469,0.1359375,3.556921088695526,1758.9530124559005,10,2
2,1.0,0.15976718693678016,0.0,0.08653749356474719,100000000.0,0.0,0.0,0.4,2.0,0.0,225.35149997565895,0.23935276107375336,0.23935276107375336,116,False,0.14619958500120087,1.346547940102724,0.13293568789958954,7,1.2,5.0,0.07051709294319153,2,0.0,2,,,,,,,-0.19277617303747713,113049.6,1130496.0,3,,239.35276107375336,0.125,3.572261393070221,77.65567598895231,10,2
7,1.0,0.22639442318473466,0.0,0.12856948758878958,100000000.0,0.0,2.2351741790771484e-08,0.447213595499958,1.118033988749895,0.0,125.49340008990839,0.5112744295646399,0.5112744295646399,117,False,0.2624335231857824,4.834204147115919,0.1416739672422409,4,2.6,4.4,0.06441480666399002,4,2.2351741790771484e-08,4,,,,,,,-0.3868539987269529,629145.6,6291456.0,1,,511.2744295646399,0.134375,3.613547295331955,438.22602951228237,10,4
2,1.0,0.22912442421635176,0.0,0.11892375289591964,20000000.0,0.0,0.0,0.2,1.0,0.0,190.790000022389,0.9751106975824821,0.9751106975824821,117,False,0.12333375610074604,1.1359458730421652,0.13000285625457764,6,1.2,3.2,0.053418222814798355,2,0.0,2,,,,,,,-0.549222226841614,239206.4,2392064.0,2,,975.1106975824821,0.1390625,3.6686102151870728,853.6628975059155,10,2
2,0.9999999403953552,0.20902446887179826,0.0,0.11507217206383522,100000000.0,5.960464477539063e-08,0.0,0.4,2.0,0.0,225.7308000116609,0.48863436598196947,0.48863436598196947,117,False,0.1499549449178297,1.3811360831541517,0.12660248577594757,7,3.0,4.3,0.06275369226932526,2,0.0,2,,,,,,,-0.3192946554498996,524288.0,5242880.0,3,,488.63436598196944,0.11875,3.645177274942398,298.0889194767326,10,2
7,0.9999999403953552,0.26975221023924806,0.0,0.15100494249157695,100000000.0,5.960464477539063e-08,1.4901161193847656e-08,0.2,0.5,0.0,92.45789999840781,0.35311109917413125,0.35311109917413125,118,False,0.23286891720571884,4.289603979036423,0.1361156702041626,3,3.0,5.0,0.06577053666114807,4,1.4901161193847656e-08,4,,,,,,,-0.29299002309108624,524288.0,5242880.0,1,,353.11109917413125,0.1296875,3.6013863384723663,260.65319917572344,10,4
2,1.0,0.19465877760811004,0.0,0.10827636867761611,20000000.0,0.0,0.0,0.2,1.0,0.0,188.56510001933202,1.1646520634266835,1.1646520634266835,118,False,0.1296192361264069,1.1938372834797595,0.13286501169204712,6,1.8,3.8,0.06302811205387115,2,0.0,2,,,,,,,-0.6471356497765453,334233.6,3342336.0,2,,1164.6520634266835,0.1546875,3.570197808742523,976.0869634073515,10,2
2,1.0,0.2059474394891243,0.0,0.11066826119023172,100000000.0,0.0,1.4901161193847656e-08,0.6,3.0,0.0,261.7675999645144,0.544192106327392,0.544192106327392,118,False,0.15794130058975558,1.4546931372242518,0.13636700809001923,8,2.4,4.4,0.07110350579023361,2,1.4901161193847656e-08,2,,,,,,,-0.351066718359735,429260.8,4292608.0,3,,544.192106327392,0.1296875,3.637353610992432,282.42450636287765,10,2
7,1.0,0.16181199781410113,0.0,0.09074341221536082,100000000.0,0.0,1.4901161193847656e-08,0.5099019513592785,1.699673171197595,0.0,161.05830000014976,0.20352841393658863,0.20352841393658863,119,False,0.23289332956656014,3.2175402535062654,0.13034574687480927,5,0.0,3.8,0.07910783588886261,3,1.4901161193847656e-08,3,,,,,,,-0.21821088665273558,49152.0,491520.0,1,,203.52841393658863,0.1546875,3.511579620838165,48.25208756659917,10,3
2,0.9999999403953552,0.1672050400188078,0.0,0.09449851376194104,20000000.0,5.960464477539063e-08,2.2351741790771484e-08,0.2,1.0,0.0,192.13360006688163,1.1847014452567965,1.1847014452567965,119,False,0.12191136629259142,1.1228451787674312,0.12405385076999664,6,3.0,4.6,0.07010988891124725,2,2.2351741790771484e-08,2,,,,,,,-0.6533064281264358,524288.0,5242880.0,2,,1184.7014452567967,0.1328125,3.5929958701133726,1009.9727175430206,10,2
2,1.0,0.22818859023793636,0.0,0.11973285198609751,100000000.0,0.0,1.4901161193847656e-08,0.0,0.0,0.0,160.96679994370788,0.358913913694109,0.358913913694109,119,False,0.1285738946991017,1.1842093331293508,0.15565086901187897,5,3.0,5.0,0.07125302404165268,2,1.4901161193847656e-08,2,,,,,,,-0.24374391909776655,524288.0,5242880.0,3,,358.913913694109,0.0953125,3.658725917339325,201.3322136820212,10,2
7,1.0,0.2707194322891477,0.0,0.15278185669136418,100000000.0,0.0,0.0,0.6324555320336759,1.2649110640673518,0.0,122.90639994898811,0.24305839833118265,0.24305839833118265,120,False,0.3183894422958991,7.331187835972253,0.14957928657531738,4,1.5,3.4,0.05620497837662697,5,0.0,5,0.002717495682494094,0.048819917564590774,-0.807128295302391,49.71423498789469,0.07398996502161026,1.7336175992774467,-0.2807239203135409,286720.0,2867200.0,1,0.12265625,243.05839833118264,0.146875,3.457844078540802,163.1160440038398,10,5
2,1.0,0.23837355981925656,0.0,0.13028741939571115,20000000.0,0.0,4.470348358154297e-08,0.2,1.0,0.0,190.73370000114664,1.0817169449113142,1.0817169449113142,120,False,0.129199861215036,1.1899746978025658,0.1330205351114273,6,3.0,5.0,0.057986386120319366,2,4.470348358154297e-08,2,0.002717495682494094,0.048819917564590774,-0.807128295302391,49.71423498789469,0.07398996502161026,1.7336175992774467,-0.6054584477666587,524288.0,5242880.0,2,0.12265625,1081.7169449113142,0.153125,3.578524911403656,957.1827449074779,10,2
2,1.0000001192092896,0.21506839810126296,0.0,0.11871958100440928,100000000.0,-1.1920928955078125e-07,6.705522537231445e-08,0.6,3.0,0.0,262.4221999431029,0.5689546020579692,0.5689546020579692,120,False,0.17699028279901322,1.6301407471112332,0.13341708481311798,8,3.0,5.0,0.06242988258600235,2,6.705522537231445e-08,2,0.002717495682494094,0.048819917564590774,-0.807128295302391,49.71423498789469,0.07398996502161026,1.7336175992774467,-0.3729725094837166,524288.0,5242880.0,3,0.12265625,568.9546020579692,0.1359375,3.512145626544952,306.5324021148664,10,2
7,1.0,0.17797982151001634,0.0,0.09782263269737948,100000000.0,0.0,2.60770320892334e-08,0.447213595499958,1.118033988749895,0.0,367.424399999436,0.5441805132831677,0.5441805132831677,121,False,0.24656759077523469,4.541942871476093,0.12504559755325317,4,2.6,4.7,0.06043292209506035,4,2.60770320892334e-08,4,,,,,,,-0.3953740781062333,734003.2,7340032.0,1,,544.1805132831678,0.14375,3.5673792362213135,332.7507618269291,10,4
2,1.0,0.15054954229549564,0.0,0.08548216277799893,20000000.0,0.0,3.725290298461914e-08,0.2,1.0,0.0,188.75669996486977,0.7728321148207886,0.7728321148207886,121,False,0.1318210385636672,1.2141166333587734,0.1240478903055191,6,1.2,3.2,0.07367526739835739,2,3.725290298461914e-08,2,,,,,,,-0.4523266139451309,239206.4,2392064.0,2,,772.8321148207887,0.1296875,3.6448904395103456,648.6539147919519,10,2
2,0.9999999403953552,0.1280296997711695,0.0,0.07140285989952952,100000000.0,5.960464477539063e-08,0.0,0.4,2.0,0.0,225.31629994045943,0.293668849532352,0.293668849532352,121,False,0.14681176131907286,1.3521862923579884,0.11720722168684006,7,2.8,4.7,0.08250635117292404,2,0.0,2,,,,,,,-0.22024030542571243,198246.4,1982464.0,3,,293.668849532352,0.1015625,3.633777606487274,68.35254959189258,10,2
7,1.0,0.18080473740230013,0.0,0.10263186248117584,100000000.0,0.0,0.0,0.565685424949238,1.8856180831641267,0.0,190.78810006612912,0.3557125034480313,0.3557125034480313,122,False,0.20969192498561887,2.89700100355867,0.12505187094211578,6,3.0,5.0,0.06998627632856369,3,0.0,3,,,,,,,-0.28270221421682507,524288.0,5242880.0,1,,355.71250344803127,0.1265625,3.4970877528190614,164.9244033819022,10,3
2,0.9999998807907104,0.18288022989592295,0.0,0.09915376001251935,20000000.0,1.1920928955078125e-07,0.0,0.2,1.0,0.0,188.7476000119932,1.3535003683797362,1.3535003683797362,122,False,0.12685522089623358,1.1683797624165368,0.13806745409965515,6,3.0,5.0,0.07830314338207245,2,0.0,2,,,,,,,-0.7401777946379848,524288.0,5242880.0,2,,1353.5003683797363,0.1453125,3.624315881729126,1164.752768367743,10,2
2,1.0,0.3013940112482515,0.0,0.17077248009361265,100000000.0,0.0,0.0,0.4,2.0,0.0,225.1799000077881,0.9158432982194994,0.9158432982194994,122,False,0.14719972183166252,1.3557595407298253,0.1399981826543808,7,1.6,2.9,0.04872206598520279,2,0.0,2,,,,,,,-0.531521510025581,891289.6,8912896.0,3,,915.8432982194994,0.1453125,3.498402237892151,690.6633982117113,10,2
7,1.0,0.2720519412127139,0.0,0.1543874830007553,100000000.0,0.0,0.0,0.6,1.5,0.0,160.08910007076338,0.2944755113212223,0.2944755113212223,123,False,0.2654943648103293,4.890586933489498,0.14398016035556793,5,3.4,5.2,0.051185086369514465,4,0.0,4,,,,,,,-0.2799849380657758,445644.8,4456448.0,1,,294.4755113212223,0.1796875,3.528524857759476,188.8524781291048,10,4
2,1.0,0.23251971627504087,0.0,0.13093004879563902,20000000.0,0.0,2.9802322387695312e-08,0.6,3.0,0.0,261.8319999310188,1.2063987861292587,1.2063987861292587,123,False,0.14827024570739258,1.3656194300016264,0.14194229245185852,8,2.4,3.6,0.06998172402381897,2,2.9802322387695312e-08,2,,,,,,,-0.677334545720648,429260.8,4292608.0,2,,1206.3987861292587,0.1828125,3.4724727034568788,944.5667861982399,10,2
2,1.0,0.11023170203230212,0.0,0.061571997176349036,100000000.0,0.0,0.0,0.6,3.0,0.0,262.1904000407085,0.44975151351800835,0.44975151351800835,123,False,0.15740973386022808,1.449797226714885,0.11960098892450333,8,2.4,4.4,0.07961577922105789,2,0.0,2,,,,,,,-0.3035806236891182,429260.8,4292608.0,3,,449.7515135180083,0.1390625,3.521014189720154,187.56111347729987,10,2
7,1.0,0.1749366494274966,0.0,0.09876925948032902,100000000.0,0.0,2.2351741790771484e-08,0.787400787401181,2.6246692913372702,0.0,227.28679998544976,0.3485140850435852,0.3485140850435852,124,False,0.2514894192025715,3.47445472620943,0.12137851119041443,7,3.0,4.3,0.06878374516963959,3,2.2351741790771484e-08,3,,,,,,,-0.3000017744748201,524288.0,5242880.0,1,,348.5140850435852,0.165625,3.4901751101017,247.60590182328622,10,3
2,1.0,0.21537964224845085,0.0,0.12169399575661119,20000000.0,0.0,0.0,0.0,0.0,0.0,329.50919994618744,1.1721733994355144,1.1721733994355144,124,False,0.06024911846082312,0.2774574440678474,0.13374371826648712,10,3.0,5.0,0.06847916543483734,1,0.0,1,,,,,,,-0.6162112589481687,524288.0,5242880.0,2,,1172.1733994355143,0.1484375,3.458108127117157,842.6641994893268,10,1
2,0.9999999403953552,0.18602520881514856,0.0,0.10120039883853194,100000000.0,5.960464477539063e-08,0.0,0.2,1.0,0.0,188.96000005770475,0.2558572270826098,0.2558572270826098,124,False,0.13341902128595995,1.2288345981396267,0.1367483139038086,6,1.2,3.2,0.06548207998275757,2,0.0,2,,,,,,,-0.19463812418428486,239206.4,2392064.0,3,,255.85722708260977,0.1421875,3.4719278812408447,126.56882714132183,10,2
7,1.0,0.21074856671222353,0.0,0.11657808484800475,100000000.0,0.0,0.0,0.6,1.5,0.0,123.39369999244809,0.2552103117404654,0.2552103117404654,125,False,0.2544475021560225,4.6870962033122225,0.1448168158531189,4,1.5,3.5,0.06831368803977966,4,0.0,4,,,,,,,-0.25482890694824395,286720.0,2867200.0,1,,255.2103117404654,0.1875,3.4091682136058807,131.8166117480173,10,4
2,1.0,0.15184665222728075,0.0,0.0790783130847905,20000000.0,0.0,0.0,0.2,1.0,0.0,188.99919994873926,1.0992071372180585,1.0992071372180585,125,False,0.1358889694908524,1.2515836618078378,0.12493456900119781,6,3.0,5.0,0.06825988739728928,2,0.0,2,,,,,,,-0.6175480533544555,524288.0,5242880.0,2,,1099.2071372180585,0.1578125,3.5161956548690796,973.903237115905,10,2
2,1.0,0.22358114741779184,0.0,0.1264610388050122,100000000.0,0.0,8.195638656616211e-08,0.4,2.0,0.0,225.1631999388337,0.2715190633413632,0.2715190633413632,125,False,0.14495643383923892,1.3350980947672368,0.1374238282442093,7,4.4,5.7,0.07164867222309113,2,8.195638656616211e-08,2,,,,,,,-0.20823783054668765,249036.8,2490368.0,3,,271.5190633413632,0.1421875,3.491197592020035,148.3706177581574,10,2
7,1.0,0.2519249516627878,0.0,0.13787153584995215,100000000.0,0.0,0.0,0.8246211251235321,2.0615528128088303,0.0,191.38689996907488,0.3969387519927805,0.3969387519927805,126,False,0.2764348754783935,5.092118587681714,0.13755688071250916,6,2.4,4.4,0.04487205669283867,4,0.0,4,-0.0072853530291467905,0.07959550013765693,-0.8338524252176285,29.24220558007558,-0.08664491555343072,0.5888630909224352,-0.336686813735587,429260.8,4292608.0,1,,396.9387519927805,0.159375,3.5259687840938567,205.5518520237056,10,4
2,1.0,0.14089521349454437,0.0,0.07726366140652711,20000000.0,0.0,2.9802322387695312e-08,0.6,3.0,0.0,262.03819998772815,0.9253048363315955,0.9253048363315955,126,False,0.15650576690056814,1.4414713833313966,0.11723162233829498,8,4.6,5.8,0.0747421383857727,2,2.9802322387695312e-08,2,-0.0072853530291467905,0.07959550013765693,-0.8338524252176285,29.24220558007558,-0.08664491555343072,0.5888630909224352,-0.5409053314184042,209715.2,2097152.0,2,,925.3048363315955,0.1515625,3.5010809779167174,677.245262859811,10,2
2,1.0,0.21818735826113417,0.0,0.12037034284461695,100000000.0,0.0,9.685754776000977e-08,0.6,3.0,0.0,262.00989994686097,0.4633006336375697,0.4633006336375697,126,False,0.1577516496247837,1.4529463872849868,0.13463008403778076,8,3.0,5.0,0.06085611879825592,2,9.685754776000977e-08,2,-0.0072853530291467905,0.07959550013765693,-0.8338524252176285,29.24220558007558,-0.08664491555343072,0.5888630909224352,-0.31052623848872446,524288.0,5242880.0,3,,463.30063363756966,0.1546875,3.524834430217743,201.29073369070875,10,2
7,0.9999999403953552,0.24075887456745296,0.0,0.134274744560923,100000000.0,5.960464477539063e-08,0.0,0.6633249580710799,1.6583123951777,0.0,480.1783000002615,0.6677458858278005,0.6677458858278005,127,False,0.2685937463624106,4.9476796515640835,0.14503154158592224,5,3.6,5.3,0.06494157761335373,4,0.0,4,,,,,,,-0.46816981609510555,406323.2,4063232.0,1,,667.7458858278005,0.140625,3.5908190310001373,187.56758582753895,10,4
2,1.0,0.2037887100163703,0.0,0.11441762101683059,20000000.0,0.0,0.0,0.4,2.0,0.0,225.48579995054752,1.8111676377607473,1.8111676377607473,127,False,0.14482602509957082,1.3338969858874132,0.1270313560962677,7,3.0,5.0,0.06093491241335869,2,0.0,2,,,,,,,-0.977996831430159,524288.0,5242880.0,2,,1811.1676377607473,0.134375,3.603198838233948,1585.6818378101998,10,2
2,0.9999999403953552,0.15678819272758818,0.0,0.08538725565278944,100000000.0,5.960464477539063e-08,0.0,0.8,4.0,0.0,290.0219999719411,0.4887087125628349,0.4887087125628349,127,False,0.22547425094684173,2.0766945963367855,0.1349848210811615,9,3.0,5.0,0.07609996944665909,2,0.0,2,,,,,,,-0.3570914817548383,524288.0,5242880.0,3,,488.7087125628349,0.1390625,3.4746415853500365,198.68671259089373,10,2
7,1.0,0.0955972163897942,0.0,0.05306842914019737,100000000.0,0.0,2.9802322387695312e-08,0.6164414002968976,2.0548046676563256,0.0,190.58870000299066,0.407656333264439,0.407656333264439,128,False,0.23364084227200368,3.227867523180533,0.11656826734542847,6,2.6,4.8,0.08135410398244858,3,2.9802322387695312e-08,3,,,,,,,-0.32064861757054375,642252.8,6422528.0,1,,407.656333264439,0.1453125,3.591630792617798,307.79568546326533,10,3
2,1.0,0.2367462233169857,0.0,0.13197546783007388,20000000.0,0.0,0.0,0.0,0.0,0.0,159.46039999835193,1.793362984673786,1.793362984673786,128,False,0.11963406063067906,1.10187041849019,0.13427259027957916,5,2.0,3.5,0.05243564024567604,2,0.0,2,,,,,,,-0.9564985226522326,786432.0,7864320.0,2,,1793.362984673786,0.1765625,3.4788930118083954,1635.839084577947,10,2
2,1.0,0.23575741545177858,0.0,0.13187911689731788,100000000.0,0.0,3.725290298461914e-08,0.2,1.0,0.0,188.25970002217218,0.3754061092644275,0.3754061092644275,128,False,0.12628416997369055,1.1631201890501845,0.1359809935092926,6,3.0,5.0,0.06433545798063278,2,3.725290298461914e-08,2,,,,,,,-0.250845176871962,524288.0,5242880.0,3,,375.4061092644275,0.1578125,3.469548738002777,187.14640924225532,10,2
7,1.0,0.1593218163482649,0.0,0.0884618529620243,100000000.0,0.0,0.0,0.5099019513592785,1.699673171197595,0.0,159.62129994295537,0.5061109437146611,0.5061109437146611,129,False,0.2400210048311271,3.3160127263776307,0.12313098460435867,5,2.5,4.9,0.06644617021083832,3,0.0,3,,,,,,,-0.3730659742728941,786432.0,7864320.0,1,,506.1109437146611,0.1578125,3.5137978076934813,346.4896437717058,10,3
2,1.0,0.2599536434896357,0.0,0.14082458907182596,20000000.0,0.0,7.450580596923828e-08,0.0,0.0,0.0,159.4648999744095,0.9629353038096427,0.9629353038096427,129,False,0.12273549267653867,1.1304356632731114,0.14994801580905914,5,1.5,3.5,0.05746220797300339,2,7.450580596923828e-08,2,,,,,,,-0.5428354727488967,286720.0,2867200.0,2,,962.9353038096426,0.16875,3.434357911348343,805.483903800193,10,2
2,0.9999999403953552,0.11344483556823431,0.0,0.06422847647496208,100000000.0,5.960464477539063e-08,0.0,0.4,2.0,0.0,225.51119996933267,0.3994657453580652,0.3994657453580652,129,False,0.1502984623001223,1.384299995168757,0.12044522911310196,7,2.7,5.0,0.08105678856372833,2,0.0,2,,,,,,,-0.2748821038290938,681574.4,6815744.0,3,,399.46574535806525,0.16875,3.476519674062729,233.85915189761442,10,2
7,1.0,0.1751180696463715,0.0,0.09528944218884337,100000000.0,0.0,5.21540641784668e-08,0.4472135954999579,0.8944271909999159,0.0,93.40999997220933,0.347179090771083,0.347179090771083,130,False,0.2930379415897204,6.747447959861502,0.13872051239013672,3,1.9,3.4,0.07429578900337219,5,5.21540641784668e-08,5,,,,,,,-0.3201085683344659,460390.4,4603904.0,1,0.1375,347.179090771083,0.18125,3.4715702414512633,253.94809070667645,10,5
2,1.0,0.17304300238864923,0.0,0.09742394540572248,20000000.0,0.0,1.4901161193847656e-08,0.0,0.0,0.0,160.02220002701506,1.378498717525101,1.378498717525101,130,False,0.12492503357688226,1.150602080223639,0.1255769580602646,5,1.5,4.0,0.07394453883171082,2,1.4901161193847656e-08,2,,,,,,,-0.7517118904521528,286720.0,2867200.0,2,0.1375,1378.4987175251008,0.16875,3.4051224291324615,1220.7416175744147,10,2
2,0.9999999403953552,0.2822380147501804,0.0,0.15599699574711176,100000000.0,5.960464477539063e-08,7.450580596923828e-09,0.2,1.0,0.0,188.80030000582337,0.48186101582412255,0.48186101582412255,130,False,0.1206456450542281,1.1111874553460659,0.15753059089183807,6,3.0,5.4,0.06564541906118393,2,7.450580596923828e-09,2,,,,,,,-0.30125333788975595,524288.0,5242880.0,3,0.1375,481.86101582412255,0.1578125,3.468876838684082,357.8787157735659,10,2
7,1.0,0.19563429131375223,0.0,0.1102715015411377,100000000.0,0.0,0.0,0.3741657386773941,1.247219128924647,0.0,160.12799990130588,0.24541416797468116,0.24541416797468116,131,False,0.2033155341848649,2.8089079091291476,0.13629764318466187,5,1.5,4.7,0.07145700603723526,3,0.0,3,,,,,,,-0.22436485107977303,286720.0,2867200.0,1,,245.41416797468116,0.1328125,3.6194636642932894,173.83996797173893,10,3
2,1.0,0.1911561091772135,0.0,0.10627330988645553,20000000.0,0.0,0.0,0.4,2.0,0.0,225.15900008147582,0.8648840424102203,0.8648840424102203,131,False,0.13204537519506374,1.2161828500918381,0.12335135042667389,7,0.9,2.9,0.0654224157333374,2,0.0,2,,,,,,,-0.49846470880264204,191692.8,1916928.0,2,,864.8840424102203,0.1796875,3.4697552263736724,772.0902423570336,10,2
2,1.0,0.23414008815868856,0.0,0.13195202422034796,100000000.0,0.0,0.0,0.2,1.0,0.0,188.81939997663721,0.43702328230551324,0.43702328230551324,131,False,0.13110457247244314,1.2075177367936205,0.13362416625022888,6,3.0,5.0,0.05869041383266449,2,0.0,2,,,,,,,-0.2840639273889782,524288.0,5242880.0,3,,437.02328230551325,0.1359375,3.5717735409736635,248.203882328876,10,2
7,1.0,0.15486314006927374,0.0,0.08817413615920937,100000000.0,0.0,1.4901161193847656e-08,0.5099019513592785,1.699673171197595,0.0,160.2823999710381,0.4059156669850392,0.4059156669850392,132,False,0.23353907990162764,3.2264616240781994,0.1244274452328682,5,1.8,3.8,0.07287630438804626,3,1.4901161193847656e-08,3,0.0010581008391454816,0.042870474979281425,-0.7296133575340112,40.04563813408216,-0.06175141160686811,0.941952163974444,-0.31972738834449466,334233.6,3342336.0,1,,405.91566698503925,0.1921875,3.4173036575317384,245.63326701400112,10,3
2,1.0,0.19664434312506893,0.0,0.11075642853975297,20000000.0,0.0,0.0,0.4,2.0,0.0,225.4436999792233,1.45366175811515,1.45366175811515,132,False,0.1325765075698593,1.2210747600462812,0.1254379153251648,7,3.0,5.0,0.06801365315914154,2,0.0,2,0.0010581008391454816,0.042870474979281425,-0.7296133575340112,40.04563813408216,-0.06175141160686811,0.941952163974444,-0.7931191328425047,524288.0,5242880.0,2,,1453.6617581151502,0.2171875,3.321128970384598,1228.2180581359269,10,2
2,1.0,0.1181033393673316,0.0,0.0636094406247139,100000000.0,0.0,0.0,0.4,2.0,0.0,225.08850001031533,0.3784610751848013,0.3784610751848013,132,False,0.13470366588132976,1.2406666121200023,0.11425839364528656,7,3.0,5.0,0.07442159205675125,2,0.0,2,0.0010581008391454816,0.042870474979281425,-0.7296133575340112,40.04563813408216,-0.06175141160686811,0.941952163974444,-0.25658237053306554,524288.0,5242880.0,3,,378.4610751848013,0.1484375,3.589039522409439,226.05406416166295,10,2
7,1.0000001192092896,0.18439141774494283,0.0,0.1016546844942962,100000000.0,-1.1920928955078125e-07,2.9802322387695312e-08,0.8246211251235321,2.0615528128088303,0.0,266.84440003009513,0.3818472935229,0.3818472935229,133,False,0.2824680178297722,5.2032531768192785,0.12464545667171478,6,2.7,4.3,0.06295884400606155,4,2.9802322387695312e-08,4,,,,,,,-0.3321576854786585,476774.4,4767744.0,1,,381.8472935229,0.1640625,3.394896167516708,181.5596716258057,10,4
2,1.0,0.17439584970590058,0.0,0.09526936408333007,20000000.0,0.0,0.0,0.8,4.0,0.0,289.8943000473082,1.5796029558160012,1.5796029558160012,133,False,0.21193679703299903,1.9520100380203533,0.12915682792663574,9,2.7,5.0,0.06568465381860733,2,0.0,2,,,,,,,-0.8957698764245001,476774.4,4767744.0,2,,1579.6029558160012,0.1640625,3.3912063598632813,1289.708655768693,10,2
2,1.0,0.24850594163458972,0.0,0.13996163368310854,100000000.0,0.0,2.2351741790771484e-08,0.6,3.0,0.0,261.72830001451075,0.28200275126308183,0.28200275126308183,133,False,0.14669577017597155,1.3511179744498905,0.14350102841854095,8,0.6,4.8,0.06325505673885345,2,2.2351741790771484e-08,2,,,,,,,-0.2143492830712685,144179.2,1441792.0,3,,282.00275126308185,0.1625,3.437000000476837,139.37567583648138,10,2
7,0.9999998807907104,0.24197296463926926,0.0,0.12244624811755479,100000000.0,1.1920928955078125e-07,0.0,0.447213595499958,1.118033988749895,0.0,123.98939992999658,0.3368259214478766,0.3368259214478766,134,False,0.2575612506433411,4.744453570114083,0.15425518155097961,4,1.8,3.6,0.07638993859291077,4,0.0,4,,,,,,,-0.29719358604560886,334233.6,3342336.0,1,,336.8259214478766,0.1484375,3.426678532361984,241.9419214277749,10,4
2,1.0,0.1974167593483359,0.0,0.10777928625961768,20000000.0,0.0,0.0,0.4,2.0,0.0,226.2279000133276,0.9215457960219131,0.9215457960219131,134,False,0.13055938248301827,1.2024963514236233,0.12757126986980438,7,1.2,2.9,0.0582248754799366,2,0.0,2,,,,,,,-0.5260525892524657,113049.6,1130496.0,2,,921.5457960219131,0.1828125,3.4940415143966677,827.9459960014568,10,2
2,1.0,0.21236414016825814,0.0,0.11798467135475066,100000000.0,0.0,2.9802322387695312e-08,0.6,3.0,0.0,262.2587999794632,0.6584571479603111,0.6584571479603111,134,False,0.16162506994764403,1.4886219068622604,0.12781405448913574,8,1.4,2.6,0.07227283716201782,2,2.9802322387695312e-08,2,,,,,,,-0.41004113875629994,943718.4,9437184.0,3,,658.4571479603111,0.15625,3.4654567360877992,396.19834798084787,10,2
7,0.9999999403953552,0.2508330327789949,0.0,0.13915587692823916,100000000.0,5.960464477539063e-08,0.0,0.6164414002968976,2.0548046676563256,0.0,191.203799971845,0.3557994125913959,0.3557994125913959,135,False,0.2385354542433637,3.2954890865479953,0.15169014036655426,6,2.0,4.1,0.06264745444059372,3,0.0,3,,,,,,,-0.29716743341737983,434176.0,4341760.0,1,,355.79941259139594,0.178125,3.4082606613636015,185.25512573931314,10,3
2,1.0,0.16357690920212886,0.0,0.08973806970406913,20000000.0,0.0,2.2351741790771484e-08,0.6,3.0,0.0,262.2309999424033,0.40609364076193827,0.40609364076193827,135,False,0.15346929023823078,1.4135043997397074,0.13459457457065582,8,1.0,2.8,0.0734557956457138,2,2.2351741790771484e-08,2,,,,,,,-0.2797814878518263,65536.0,655360.0,2,,406.0936407619383,0.1703125,3.5558817863464354,151.9939646509983,10,2
2,1.0000001192092896,0.18258238761188644,0.0,0.10168212642180166,100000000.0,-1.1920928955078125e-07,5.960464477539063e-08,0.2,1.0,0.0,189.31829999201,0.2714220411955003,0.2714220411955003,135,False,0.12954842168639055,1.1931850583839578,0.1293075829744339,6,1.2,5.0,0.06232820451259613,2,5.960464477539063e-08,2,,,,,,,-0.2004852910455902,239206.4,2392064.0,3,,271.4220411955003,0.1375,3.514894485473633,148.00144117284535,10,2
7,0.9999999403953552,0.1866138799354093,0.0,0.1060284219418075,100000000.0,5.960464477539063e-08,0.0,0.5477225575051661,1.0954451150103321,0.0,123.7295001046732,0.30889725698212284,0.30889725698212284,136,False,0.30232223632628685,6.961226746455312,0.13037914037704468,4,2.7,4.3,0.06734611839056015,5,0.0,5,,,,,,,-0.3056097466542048,476774.4,4767744.0,1,,308.8972569821228,0.1421875,3.4913128137588503,185.16775687744962,10,5
2,1.0,0.14851112785662024,0.0,0.08233881062497159,20000000.0,0.0,3.725290298461914e-08,0.2,1.0,0.0,188.3287999080494,1.4142674541067455,1.4142674541067455,136,False,0.13136362494936227,1.2099036982802491,0.12933991849422455,6,3.0,5.0,0.08265458792448044,2,3.725290298461914e-08,2,,,,,,,-0.7728155767809568,524288.0,5242880.0,2,,1414.2674541067454,0.121875,3.5735514640808104,1225.938654198696,10,2
2,1.0,0.27998371606238215,0.0,0.15437084057374537,100000000.0,0.0,1.4901161193847656e-08,0.2,1.0,0.0,192.19910009996966,0.5800783912172123,0.5800783912172123,136,False,0.12928027529523875,1.1907153388519327,0.15934202075004578,6,2.4,4.6,0.0625043511390686,2,1.4901161193847656e-08,2,,,,,,,-0.3546793481573867,838860.8,8388608.0,3,,580.0783912172122,0.10625,3.616875720024109,387.8792911172427,10,2
7,1.0,0.19065010686401568,0.0,0.10586348653617804,100000000.0,0.0,0.0,0.6164414002968976,2.0548046676563256,0.0,190.35170006100088,0.3950874019112743,0.3950874019112743,137,False,0.256682488929543,3.546199635850649,0.13701756298542023,6,3.0,4.2,0.06877751648426056,3,0.0,3,,,,,,,-0.32588494542040863,524288.0,5242880.0,1,,395.0874019112743,0.1484375,3.5925469219684603,204.7357018502734,10,3
2,1.0,0.2004323547751707,0.0,0.11078972643338757,20000000.0,0.0,2.2351741790771484e-08,0.2,1.0,0.0,190.68569998489693,0.8426424609912648,0.8426424609912648,137,False,0.12179629148098584,1.1217853005843028,0.14216938614845276,6,1.8,3.8,0.06879198551177979,2,2.2351741790771484e-08,2,,,,,,,-0.4822193985878671,334233.6,3342336.0,2,,842.6424609912648,0.153125,3.594339632987976,651.9567610063679,10,2
2,0.9999999403953552,0.2240963480980065,0.0,0.1053323688506649,100000000.0,5.960464477539063e-08,0.0,0.8,4.0,0.0,289.5686000119895,0.5404865340248093,0.5404865340248093,137,False,0.20058556152765264,1.8474612953736518,0.1594211310148239,9,3.0,5.0,0.06706301122903824,2,0.0,2,,,,,,,-0.37053604777623095,524288.0,5242880.0,3,,540.4865340248093,0.15625,3.4657400786876678,250.9179340128198,10,2
7,1.0,0.18983180152736526,0.0,0.10552706238466131,100000000.0,0.0,5.960464477539063e-08,0.1414213562373095,0.4714045207910317,0.0,124.2245999746956,0.42125948862726303,0.42125948862726303,138,False,0.17632099379600563,2.4359645513794694,0.1386319398880005,4,1.5,3.2,0.07047760486602783,3,5.960464477539063e-08,3,0.0037808694663302353,0.09829908361037572,-0.827964703241984,33.1554905573527,0.12764088561137518,0.624771491313974,-0.2987903008162791,491520.0,4915200.0,1,,421.259488627263,0.1390625,3.645027828216553,328.81408860762104,10,3
2,1.0000001192092896,0.2058480611623297,0.0,0.1171952731671062,20000000.0,-1.1920928955078125e-07,4.470348358154297e-08,0.4,2.0,0.0,225.674299930688,1.2177681209737017,1.2177681209737017,138,False,0.14305737516776312,1.3176071180165918,0.13164055347442627,7,3.0,5.0,0.06703909486532211,2,4.470348358154297e-08,2,0.0037808694663302353,0.09829908361037572,-0.827964703241984,33.1554905573527,0.12764088561137518,0.624771491313974,-0.680412792774216,524288.0,5242880.0,2,,1217.7681209737016,0.15,3.481021875143051,1000.5010389249688,10,2
2,1.0,0.17621510901402485,0.0,0.097423390890562,100000000.0,0.0,0.0,0.0,0.0,0.0,160.29939998406917,0.43836688647166033,0.43836688647166033,138,False,0.12311382608823622,1.1339202427689368,0.13771022856235504,5,3.0,4.5,0.07706313580274582,2,0.0,2,0.0037808694663302353,0.09829908361037572,-0.827964703241984,33.1554905573527,0.12764088561137518,0.624771491313974,-0.28074035627994826,524288.0,5242880.0,3,,438.36688647166034,0.1515625,3.434169262647629,280.3874863998792,10,2
7,1.0000001192092896,0.17827347406747387,0.0,0.09685127749213825,100000000.0,-1.1920928955078125e-07,4.470348358154297e-08,0.6633249580710799,1.6583123951777,0.0,210.9999000094831,0.45893719614744216,0.45893719614744216,139,False,0.2940227720344745,5.4160996150989416,0.12877815961837769,5,1.3,4.1,0.07208646833896637,4,4.470348358154297e-08,4,,,,,,,-0.3764800287944419,604569.6,6045696.0,1,,458.93719614744214,0.146875,3.5688014149665834,290.9986961449499,10,4
2,1.0,0.26466263312538313,0.0,0.14840486378985882,20000000.0,0.0,0.0,0.6,3.0,0.0,265.7737000263296,2.2443367513093047,2.2443367513093047,139,False,0.17604226738573597,1.6214092024770703,0.13478872179985046,8,3.0,4.2,0.06556439399719238,2,0.0,2,,,,,,,-1.2101895093475203,524288.0,5242880.0,2,,2244.336751309305,0.1421875,3.5538702845573424,1978.563051282975,10,2
2,0.9999999403953552,0.19459480562688705,0.0,0.10498276952641288,100000000.0,5.960464477539063e-08,0.0,0.4,2.0,0.0,225.45590001391247,0.5782882506527547,0.5782882506527547,139,False,0.13223500530285717,1.21792940792939,0.14338071644306183,7,2.3,5.0,0.06843523681163788,2,0.0,2,,,,,,,-0.3552616279778059,891289.6,8912896.0,3,,578.2882506527546,0.15625,3.430272477865219,397.274478863379,10,2
7,1.0000001192092896,0.20120913074410054,0.0,0.11197962224635315,100000000.0,-1.1920928955078125e-07,7.450580596923828e-08,0.5477225575051661,1.0954451150103321,0.0,124.69520000740886,0.18345306742970746,0.18345306742970746,140,False,0.3146623370747307,7.2453680667494265,0.13722744584083557,4,3.3,4.7,0.06508488953113556,5,7.450580596923828e-08,5,,,,,,,-0.24905777675802504,145817.6,1458176.0,1,0.1234375,183.45306742970746,0.1515625,3.5516669392585754,105.71988494198156,10,5
2,1.0,0.14997657262785252,0.0,0.07622485602655897,20000000.0,0.0,0.0,0.2,1.0,0.0,189.04249998740852,4.551573977344735,4.551573977344735,140,False,0.12830975308612022,1.1817764989673887,0.120432548224926,6,2.6,5.0,0.06189423426985741,2,0.0,2,,,,,,,-2.339941865215428,734003.2,7340032.0,2,0.1234375,4551.573977344735,0.153125,3.586560678482056,4426.505077343965,10,2
2,1.0,0.2080556353179564,0.0,0.10902938775499256,100000000.0,0.0,7.450580596923828e-08,0.0,0.0,0.0,161.08509997138754,0.331411275216439,0.331411275216439,140,False,0.1227905229297798,1.130942510636218,0.14934426546096802,5,3.0,4.5,0.07596707344055176,2,7.450580596923828e-08,2,,,,,,,-0.22710097357891534,524288.0,5242880.0,3,0.1234375,331.411275216439,0.159375,3.483542710542679,170.32617524505142,10,2
7,0.9999998807907104,0.1949230594002648,0.0,0.10742752209940085,100000000.0,1.1920928955078125e-07,0.0,0.5477225575051661,1.0954451150103321,0.0,123.24250000528991,0.3063599939956807,0.3063599939956807,141,False,0.28690481787710986,6.606227567520049,0.12521086633205414,4,1.0,2.8,0.05758031830191612,5,0.0,5,,,,,,,-0.2966324059363953,344064.0,3440640.0,1,,306.3599939956807,0.1390625,3.651296150684357,232.47569398121095,10,5
2,1.0,0.25431760076081333,0.0,0.14278507999226214,20000000.0,0.0,2.9802322387695312e-08,0.2,1.0,0.0,189.2193999956362,1.248340054938118,1.248340054938118,141,False,0.12378617359774823,1.1401127921797929,0.1320345401763916,6,4.2,5.6,0.06491550803184509,2,2.9802322387695312e-08,2,,,,,,,-0.6860631440702555,288358.4,2883584.0,2,,1248.340054938118,0.1609375,3.4570229768753054,1124.1536549632578,10,2
2,1.0,0.2305335967987246,0.0,0.12630290428255356,100000000.0,0.0,0.0,0.6,3.0,0.0,262.0546000543982,0.5419590758819289,0.5419590758819289,141,False,0.16162506994764403,1.4886219068622604,0.14619912207126617,8,3.0,5.0,0.07399392127990723,2,0.0,2,,,,,,,-0.3517920729147865,524288.0,5242880.0,3,,541.9590758819289,0.1375,3.5335609674453736,279.90447582753075,10,2
7,0.9999999403953552,0.2497637986379402,0.0,0.1409588936578527,100000000.0,5.960464477539063e-08,0.0,0.6,1.5,0.0,161.7114000255242,0.31642488023330595,0.31642488023330595,142,False,0.2762243517862842,5.08824059796033,0.13118839263916016,5,3.0,4.4,0.05643321946263313,4,0.0,4,,,,,,,-0.2963246160097951,524288.0,5242880.0,1,,316.42488023330594,0.171875,3.4004492938518522,185.93838226664766,10,4
2,0.9999999403953552,0.20703407631626414,0.0,0.1142862582845712,20000000.0,5.960464477539063e-08,0.0,0.8,4.0,0.0,289.75179995177314,1.1409477111024175,1.1409477111024175,142,False,0.20454904622702672,1.8839663385140069,0.13549432158470154,9,2.7,5.0,0.07243180274963379,2,0.0,2,,,,,,,-0.6727483786647221,476774.4,4767744.0,2,,1140.9477111024175,0.1828125,3.4174869418144227,851.1959111506445,10,2
2,1.0,0.21428206745015077,0.0,0.11967617802201279,100000000.0,0.0,0.0,0.0,0.0,0.0,161.68850002577528,0.39072139546680507,0.39072139546680507,142,False,0.1252263477045366,1.1533772858982205,0.1323624700307846,5,2.5,5.0,0.05671690031886101,2,0.0,2,,,,,,,-0.25797387158567087,786432.0,7864320.0,3,,390.72139546680506,0.165625,3.375903159379959,232.63479545186516,10,2
7,1.0,0.23155157215251604,0.0,0.1301811562397559,100000000.0,0.0,4.470348358154297e-08,0.5477225575051661,1.0954451150103321,0.0,124.2334000999108,0.312263721026963,0.312263721026963,143,False,0.2950363214849785,6.793462357431105,0.14244194328784943,4,2.4,4.0,0.059827595949172974,5,4.470348358154297e-08,5,,,,,,,-0.3036500659594543,429260.8,4292608.0,1,,312.26372102696297,0.1703125,3.3064112842082976,188.0303209270522,10,5
2,1.0,0.2193412733859346,0.0,0.12098726637566583,20000000.0,0.0,0.0,0.2,1.0,0.0,190.25710003916174,2.5137002857307875,2.5137002857307875,143,False,0.13517172788014956,1.24497762244432,0.14496153593063354,6,2.6,5.0,0.07362548261880875,2,0.0,2,,,,,,,-1.3244360068054686,734003.2,7340032.0,2,,2513.7002857307875,0.1859375,3.400441217422485,2393.198585815166,10,2
2,0.9999999403953552,0.22422137711569676,0.0,0.12645420291746873,100000000.0,5.960464477539063e-08,0.0,0.0,0.0,0.0,329.2292999685742,0.5247419490043062,0.5247419490043062,143,False,0.05392078404264016,0.24831438707826892,0.1333044469356537,10,3.0,5.0,0.06406146287918091,1,0.0,1,,,,,,,-0.28933136652347313,524288.0,5242880.0,3,,524.7419490043062,0.146875,3.355655312538147,195.51264903573193,10,1
7,1.0,0.16732669736497058,0.0,0.09487444735502217,100000000.0,0.0,0.0,1.0,2.0,0.0,190.85470004938543,0.40896500951040937,0.40896500951040937,144,False,0.34855503407238086,8.02577625543096,0.12733277678489685,6,3.1,4.3,0.0741538479924202,5,0.0,5,0.0017204868490807712,0.06882734720905621,-0.6776728630065918,53.7043262720108,-0.07654731472333272,2.6027454286813736,-0.3787600217913951,371916.8,3719168.0,1,,408.96500951040935,0.1828125,3.3784871220588686,347.53050953278716,10,5
2,1.0,0.16677944703591652,0.0,0.09346617892681462,20000000.0,0.0,0.0,0.6,3.0,0.0,261.9428000180051,2.6807333484496305,2.6807333484496305,144,False,0.14827024570739258,1.3656194300016264,0.12920521199703217,8,1.6,5.0,0.0685112401843071,2,0.0,2,0.0017204868490807712,0.06882734720905621,-0.6776728630065918,53.7043262720108,-0.07654731472333272,2.6027454286813736,-1.4145017970785116,848691.2,8486912.0,2,,2680.7333484496307,0.1796875,3.459075164794922,2418.7905484316257,10,2
2,1.0,0.23875221958910944,0.0,0.13577141149980618,100000000.0,0.0,0.0,0.6,3.0,0.0,262.15149997733533,0.45158087691558635,0.45158087691558635,144,False,0.1748622216171216,1.6105405792936214,0.13280504941940308,8,3.0,4.8,0.06661319732666016,2,0.0,2,0.0017204868490807712,0.06882734720905621,-0.6776728630065918,53.7043262720108,-0.07654731472333272,2.6027454286813736,-0.313221549266354,524288.0,5242880.0,3,,451.5808769155864,0.1671875,3.3934901118278504,189.429376938251,10,2
7,1.0,0.2831806986717552,0.0,0.15375952989815614,100000000.0,0.0,0.0,0.6633249580710799,1.1055415967851332,0.0,153.6699000862427,0.36005987867036493,0.36005987867036493,145,False,0.32690562228317777,9.032736152222247,0.1597800850868225,4,2.1,4.0,0.06875632703304291,6,0.0,6,,,,,,,-0.34348275047677135,381747.2,3817472.0,1,,360.0598786703649,0.1828125,3.340937411785126,252.53327877515585,10,6
2,1.0,0.23103982871881104,0.0,0.1096860644314866,20000000.0,0.0,2.9802322387695312e-08,0.0,0.0,0.0,161.75139998085797,1.2835418478073162,1.2835418478073162,145,False,0.1204430385116414,1.109321380127253,0.1626129001379013,5,3.0,5.0,0.07204605638980865,2,2.9802322387695312e-08,2,,,,,,,-0.7019924729618012,524288.0,5242880.0,2,,1283.5418478073161,0.165625,3.4505876302719116,1121.7904478264581,10,2
2,1.0,0.19257687234723578,0.0,0.10625952295902234,100000000.0,0.0,5.960464477539063e-08,0.6,3.0,0.0,261.9932000525296,0.6225393631936355,0.6225393631936355,145,False,0.16752771452632337,1.542987272526697,0.13523024320602417,8,0.8,2.6,0.07618000358343124,2,5.960464477539063e-08,2,,,,,,,-0.39503359846462416,848691.2,8486912.0,3,,622.5393631936355,0.178125,3.413772451877594,360.54616314110586,10,2
7,1.0,0.13336904242963846,0.0,0.0753016624554744,100000000.0,0.0,1.4901161193847656e-08,0.3741657386773941,1.247219128924647,0.0,160.62500001862645,0.2691718658967247,0.2691718658967247,146,False,0.19021105067095648,2.627862778786077,0.12525798380374908,5,0.6,3.9,0.07936134934425354,3,1.4901161193847656e-08,3,,,,,,,-0.22969147318500177,144179.2,1441792.0,1,,269.1718658967247,0.1625,3.466073513031006,194.60916595527215,10,3
2,0.9999998807907104,0.1828026385592281,0.0,0.09818972338376782,20000000.0,1.1920928955078125e-07,0.0,0.2,1.0,0.0,188.16820002393797,1.586018137875851,1.586018137875851,146,False,0.12683762092794768,1.1682176607180876,0.134528249502182,6,2.4,4.4,0.0809321179986,2,0.0,2,,,,,,,-0.8564278794018994,838860.8,8388608.0,2,,1586.0181378758512,0.1921875,3.4056097269058228,1397.8499378519132,10,2
2,1.0000001192092896,0.23519440634059682,0.0,0.13317497497629505,100000000.0,-1.1920928955078125e-07,5.21540641784668e-08,0.2,1.0,0.0,189.10320004215464,0.7636390142271277,0.7636390142271277,146,False,0.1366088324811765,1.2582138449699114,0.13941802084445953,6,2.4,4.6,0.06656642258167267,2,5.21540641784668e-08,2,,,,,,,-0.45012397550821626,838860.8,8388608.0,3,,763.6390142271276,0.1953125,3.3152705311775206,574.535814184973,10,2
7,0.9999999403953552,0.15675565229416036,0.0,0.0879660608177474,100000000.0,5.960464477539063e-08,1.4901161193847656e-08,0.4472135954999579,0.7453559924999299,0.0,92.14979998068884,0.36029740251107734,0.36029740251107734,147,False,0.3267786059416803,9.029226561008263,0.11845488846302032,3,2.4,4.4,0.07124249637126923,6,1.4901161193847656e-08,6,,,,,,,-0.34353801912754,429260.8,4292608.0,1,,360.29740251107734,0.134375,3.4828247308731077,287.13670253493484,10,6
2,1.0,0.21183884462157768,0.0,0.11709886576612047,20000000.0,0.0,3.725290298461914e-08,0.0,0.0,0.0,160.57310008909553,0.9706274406327823,0.9706274406327823,147,False,0.12100020660617035,1.11445308792227,0.13787366449832916,5,1.5,3.0,0.06916773319244385,2,3.725290298461914e-08,2,,,,,,,-0.5458138608723793,286720.0,2867200.0,2,,970.6274406327823,0.1859375,3.418734759092331,810.0543405436867,10,2
2,0.9999999403953552,0.18001614625863122,0.0,0.09885960810539772,100000000.0,5.960464477539063e-08,0.0,0.2,1.0,0.0,190.84799999836832,0.3757984180657067,0.3757984180657067,147,False,0.1285609971332357,1.1840905421577552,0.13191963732242584,6,3.0,4.6,0.06350787729024887,2,0.0,2,,,,,,,-0.25217970759947117,524288.0,5242880.0,3,,375.7984180657067,0.15625,3.483087456226349,184.9504180673384,10,2
7,1.0,0.16085083106321846,0.0,0.0871863902569831,100000000.0,0.0,7.450580596923828e-09,0.5477225575051661,1.0954451150103321,0.0,123.85389994597062,0.2511976867508007,0.2511976867508007,148,False,0.30969852600755754,7.131072093072309,0.1219705194234848,4,2.8,4.5,0.07179299741983414,5,7.450580596923828e-09,5,,,,,,,-0.2804481138297597,350617.6,3506176.0,1,,251.19768675080067,0.15625,3.4667595863342284,144.73450668306154,10,5
2,1.0,0.1916532862183025,0.0,0.10383846175189201,20000000.0,0.0,0.0,0.0,0.0,0.0,161.06520005268976,1.8930410149994121,1.8930410149994121,148,False,0.12557921185666576,1.156627284844399,0.12354382872581482,5,1.0,3.0,0.070665642619133,2,0.0,2,,,,,,,-1.009310113428039,548864.0,5488640.0,2,,1893.041014999412,0.1921875,3.3327055871486664,1735.281015026644,10,2
2,1.0,0.19638237352236132,0.0,0.11186861097812653,100000000.0,0.0,0.0,0.0,0.0,0.0,162.31479996349663,0.3703900469625717,0.3703900469625717,148,False,0.12266393168650877,1.1297765621975804,0.13033552467823029,5,3.0,4.5,0.07459598779678345,2,0.0,2,,,,,,,-0.24652698932454026,524288.0,5242880.0,3,,370.3900469625717,0.178125,3.4144545197486877,208.07524699907512,10,2
7,0.9999999403953552,0.1929811119965637,0.0,0.10684292634853501,100000000.0,5.960464477539063e-08,0.0,1.0392304845413265,2.598076211353316,0.0,227.4362999596633,0.39654252863475165,0.39654252863475165,149,False,0.3304892898399267,6.0878376974368305,0.1317185014486313,7,2.8,3.9,0.0686558187007904,4,0.0,4,,,,,,,-0.3635159092373392,576716.8,5767168.0,1,,396.54252863475165,0.2046875,3.3087211728096007,198.7689056276748,10,4
2,1.0,0.22410036649764953,0.0,0.12191677606881865,20000000.0,0.0,3.725290298461914e-09,0.2,1.0,0.0,190.88620005641133,1.4544907787276948,1.4544907787276948,149,False,0.12249947201522596,1.1282618326476024,0.1446603685617447,6,3.0,5.0,0.05557459220290184,2,3.725290298461914e-09,2,,,,,,,-0.7884951290967507,524288.0,5242880.0,2,,1454.4907787276948,0.2109375,3.389357829093933,1263.6045786712834,10,2
2,1.0,0.1751191627556724,0.0,0.097443531510751,100000000.0,0.0,2.2351741790771484e-08,0.2,1.0,0.0,190.86499995319173,0.3736705099002228,0.3736705099002228,149,False,0.1221051928049554,1.1246303869194165,0.13378384709358215,6,3.0,4.6,0.08030582219362259,2,2.2351741790771484e-08,2,,,,,,,-0.2478878737043309,524288.0,5242880.0,3,,373.67050990022284,0.146875,3.5657232761383058,182.80550994703108,10,2
7,1.0,0.20895325992568248,0.0,0.11114681089997613,100000000.0,0.0,0.0,0.31622776601683794,0.6324555320336759,0.0,93.19650009274483,0.22699755399859808,0.22699755399859808,150,False,0.27636655773273805,6.36357516037481,0.14576256275177002,3,3.2,4.7,0.06945280730724335,5,0.0,5,-0.004536370804999024,0.049107144586741924,-0.6452392339706421,1143.0984344482422,-0.0019862006774928886,328.2654342651367,-0.25168205586566805,258867.2,2588672.0,1,0.14296875,226.99755399859808,0.1859375,3.3319188237190245,167.06095407623164,10,5
2,1.0,0.19071232053019724,0.0,0.10628144773818654,20000000.0,0.0,0.0,0.4,2.0,0.0,227.36590000567958,0.32363269910594983,0.32363269910594983,150,False,0.12644569078400428,1.1646078506903315,0.1355128437280655,7,0.0,2.3,0.06711557507514954,2,0.0,2,-0.004536370804999024,0.049107144586741924,-0.6452392339706421,1143.0984344482422,-0.0019862006774928886,328.2654342651367,-0.22503919494497704,49152.0,491520.0,2,0.14296875,323.6326991059498,0.1453125,3.469570869207382,96.26679910027028,10,2
2,0.9999999403953552,0.18195350686564818,0.0,0.0927870833189739,100000000.0,5.960464477539063e-08,1.1175870895385742e-08,0.2,1.0,0.0,188.68089996976778,0.41075730055812076,0.41075730055812076,150,False,0.12735750939699186,1.1730060104734503,0.12212742865085602,6,1.8,3.2,0.05454676225781441,2,1.1175870895385742e-08,2,-0.004536370804999024,0.049107144586741924,-0.6452392339706421,1143.0984344482422,-0.0019862006774928886,328.2654342651367,-0.2690574161534272,838860.8,8388608.0,3,0.14296875,410.7573005581208,0.134375,3.629368269443512,222.07640058835298,10,2
