available_migs,bandwidth_allocation_sum,bandwidth_hz,bandwidth_unused,bandwidth_violation,cluster_size_violation,compute_delay_ms,delay,epoch,is_warmup,kl_sum,max_bandwidth_share,mean_l1,mean_l2,min_bandwidth_share,penalty,physical_cluster_count,reward,smashed_data_bytes_per_client_mean,smashed_data_bytes_total,station_id,test_accuracy,total_delay_ms,train_accuracy,train_loss,tx_delay_ms,vehicle_count,virtual_cluster_count
2,1.0,100000000.0,0.0,0.0,0.0,406.6348999622278,0.7062266460243236,1,True,1.3696657835168269,0.1,3.1,4.1,0.1,0.0,2,-1.0379462147705754,411238.4,4112384.0,1,,706.2266460243236,0.015625,4.614077520370484,299.5917460620958,10,10
2,1.0,100000000.0,0.0,0.0,0.0,487.8533998853527,0.7305960145637219,1,True,1.3207982137216787,0.1,2.3,3.3,0.1,0.0,2,-1.0256971141427003,394854.4,3948544.0,2,,730.596014563722,0.0109375,4.66192547082901,242.74261467836925,10,10
2,1.0,100000000.0,0.0,0.0,0.0,419.4855998503044,0.7491582348324979,1,True,1.3191312723998303,0.1,2.5,3.5,0.1,0.0,2,-1.034144753616164,429260.8,4292608.0,3,,749.1582348324979,0.01875,4.601332414150238,329.67263498219353,10,10
2,1.0,100000000.0,0.0,0.0,0.0,426.9354999414645,0.661226414550276,2,True,1.4185874990385976,0.1,2.5,3.5,0.1,0.0,2,-1.0399069567944368,468582.4,4685824.0,1,,661.226414550276,0.0390625,4.39421648979187,234.2909146088115,10,10
2,1.0,100000000.0,0.0,0.0,0.0,484.14969991426915,0.7830511071538873,2,True,1.285281852956168,0.1,2.4,3.4,0.1,0.0,2,-1.0341664800550276,521011.2,5210112.0,2,,783.0511071538873,0.0328125,4.5051784873008724,298.90140723961804,10,10
2,1.0,100000000.0,0.0,0.0,0.0,363.96270012483,0.5592831570493196,2,True,1.2307160772648473,0.1,1.9,2.9,0.1,0.0,2,-0.8949996171570835,460390.4,4603904.0,3,,559.2831570493196,0.0265625,4.396476876735687,224.18339609763498,10,10
2,1.0,100000000.0,0.0,0.0,0.0,435.60740002430975,0.7208506408167877,3,True,1.4908141428755899,0.1,2.1,3.1,0.1,0.0,2,-1.1058323918461888,686489.6,6864896.0,1,,720.8506408167877,0.01875,4.398022985458374,285.243240792478,10,10
2,1.0,100000000.0,0.0,0.0,0.0,354.4070000643842,0.6569688785335119,3,True,1.1054247798198547,0.1,2.8,3.8,0.1,0.0,2,-0.8811968291766833,363724.8,3637248.0,2,,656.9688785335119,0.0234375,4.495611333847046,302.5618784691278,10,10
2,1.0,100000000.0,0.0,0.0,0.0,481.4885999658145,0.683648897092512,3,True,1.5661195039208697,0.1,2.9,3.9,0.1,0.0,2,-1.1248842005066908,350617.6,3506176.0,3,,683.648897092512,0.028125,4.426626926660537,202.1602971266975,10,10
2,1.0,100000000.0,0.0,0.0,0.0,481.41090013086796,0.695557900274861,4,True,1.707402211150956,0.1,3.2,4.2,0.1,0.0,2,-1.2014800557129084,398131.2,3981312.0,1,,695.557900274861,0.01875,4.435529839992523,214.14700014399304,10,10
2,1.0,100000000.0,0.0,0.0,0.0,299.3032999802381,0.4912460905611844,4,True,1.0192814694540555,0.1,2.7,3.7,0.1,0.0,2,-0.75526378000762,389939.2,3899392.0,2,,491.2460905611844,0.0296875,4.479223340749741,191.94279058094634,10,10
2,1.0,100000000.0,0.0,0.0,0.0,496.92229978973046,0.760991311298091,4,True,1.5661195039208697,0.1,2.5,3.5,0.1,0.0,2,-1.1635554076094805,568524.8,5685248.0,3,,760.9913112980911,0.034375,4.394781923294067,264.06901150836063,10,10
2,1.0,100000000.0,0.0,0.0,0.0,488.4769001509994,0.7207874159244796,5,True,1.6639588777675816,0.1,2.3,3.3,0.1,0.0,2,-1.1923731468460306,521011.2,5210112.0,1,,720.7874159244795,0.025,4.336931788921357,232.31051577348023,10,10
2,1.0,100000000.0,0.0,0.0,0.0,445.1501999865286,0.6801806807391491,5,True,1.094852917891045,0.1,2.8,3.8,0.1,0.0,2,-0.8875167993150971,376832.0,3768320.0,2,,680.180680739149,0.025,4.472476357221604,235.03048075262046,10,10
2,1.0,100000000.0,0.0,0.0,0.0,373.4358001383953,0.7786509868008419,5,True,1.1649859640924667,0.1,2.7,3.7,0.1,0.0,2,-0.9718184754466543,429260.8,4292608.0,3,,778.6509868008419,0.028125,4.39563679099083,405.2151866624466,10,10
2,1.0,100000000.0,0.0,0.0,0.0,495.63900008797646,0.7399849720208638,6,False,1.8130265299722095,0.1,1.7,2.7,0.1,0.0,2,-1.2765057509965367,273612.8,2736128.0,1,,739.9849720208638,0.028125,4.400784325599671,244.34597193288735,10,10
2,1.0,100000000.0,0.0,0.0,0.0,499.5328998193145,0.706115063912597,6,False,1.3552211823380724,0.1,2.4,3.4,0.1,0.0,2,-1.0306681231253347,342425.6,3424256.0,2,,706.1150639125971,0.0328125,4.444656872749329,206.5821640932826,10,10
2,1.0,100000000.0,0.0,0.0,0.0,477.5194000103511,1.1578147671184578,6,False,1.5661195039208697,0.1,2.7,3.7,0.1,0.0,2,-1.3619671355196639,529203.2,5292032.0,3,,1157.8147671184577,0.021875,4.4161036014556885,680.2953671081066,10,10
2,1.0,100000000.0,0.0,0.0,0.0,466.50419995421544,0.6802487396455127,7,False,1.707402211150956,0.1,3.2,4.2,0.1,0.0,2,-1.1938254753982342,424345.6,4243456.0,1,,680.2487396455127,0.0203125,4.338356721401214,213.74453969129723,10,10
2,1.0,100000000.0,0.0,0.0,0.0,424.82109990669414,0.5545850442024511,7,False,1.177547530044774,0.1,2.8,3.8,0.1,0.0,2,-0.8660662871236126,363724.8,3637248.0,2,,554.5850442024512,0.025,4.437098038196564,186.13679314500493,10,10
2,1.0,100000000.0,0.0,0.0,0.0,423.1624000822194,0.6561035958144406,7,False,1.207079406433185,0.1,2.3,3.3,0.1,0.0,2,-0.9315915011238127,494796.8,4947968.0,3,,656.1035958144406,0.0484375,4.354411059617997,266.4960019920966,10,10
2,1.0,100000000.0,0.0,0.0,0.0,493.9705999568105,0.7867242423155734,8,False,1.707402211150956,0.1,2.4,3.4,0.1,0.0,2,-1.2470632267332646,481689.6,4816896.0,1,,786.7242423155734,0.0328125,4.309213054180145,292.7536423587628,10,10
2,1.0,100000000.0,0.0,0.0,0.0,414.8222001385875,0.644951999567611,8,False,1.094852917891045,0.1,2.8,3.8,0.1,0.0,2,-0.869902458729328,363724.8,3637248.0,2,,644.951999567611,0.0375,4.4214220464229586,230.12979942902348,10,10
2,1.0,100000000.0,0.0,0.0,0.0,426.94940004730597,0.6369802262414012,8,False,1.2456379241141218,0.1,2.7,3.7,0.1,0.0,2,-0.9413090751777615,389939.2,3899392.0,3,,636.9802262414012,0.05,4.291496676206589,210.03082619409517,10,10
2,1.0,100000000.0,0.0,0.0,0.0,485.57399975834414,0.6750908742346616,9,False,1.707402211150956,0.1,3.2,4.2,0.1,0.0,2,-1.1912465426928087,424345.6,4243456.0,1,,675.0908742346617,0.0296875,4.278718650341034,189.51687447631753,10,10
2,1.0,100000000.0,0.0,0.0,0.0,506.8051998387091,0.795981897537496,9,False,1.3213106087686433,0.1,3.0,4.0,0.1,0.0,2,-1.0586462531530696,450560.0,4505600.0,2,,795.981897537496,0.0453125,4.348356527090073,289.17669769878694,10,10
2,1.0,100000000.0,0.0,0.0,0.0,368.55609994381666,0.5407332923870679,9,False,1.2307160772648473,0.1,2.8,3.8,0.1,0.0,2,-0.8857246848259577,376832.0,3768320.0,3,,540.7332923870679,0.046875,4.223009788990021,295.76369233216684,10,10
2,1.0,100000000.0,0.0,0.0,0.0,544.2481000791304,0.8075923985378793,10,False,2.3300191573762485,0.1,2.8,3.8,0.1,0.0,2,-1.5688057779570639,376832.0,3768320.0,1,0.01171875,807.5923985378794,0.0328125,4.277825582027435,263.34429845874894,10,10
2,1.0,100000000.0,0.0,0.0,0.0,488.52319980505854,0.7984195197650652,10,False,1.330762715758122,0.1,2.7,3.7,0.1,0.0,2,-1.0645911177615937,389939.2,3899392.0,2,0.01171875,798.4195197650652,0.0484375,4.3516188085079195,309.8963199600066,10,10
2,1.0,100000000.0,0.0,0.0,0.0,293.4804999968037,0.6313342709875841,10,False,1.180019039112254,0.1,3.0,4.0,0.1,0.0,2,-0.9056766550499191,476774.4,4767744.0,3,0.01171875,631.3342709875841,0.06875,4.281402522325516,337.8537709907804,10,10
2,1.0,100000000.0,0.0,0.0,0.0,423.07850002544,0.7181407777511368,11,False,1.3592450541127006,0.1,3.2,4.2,0.1,0.0,2,-1.0386929159319187,385024.0,3850240.0,1,,718.1407777511369,0.034375,4.498205673694611,295.0622777256969,10,10
2,1.0,100000000.0,0.0,0.0,0.0,473.5948998131789,0.741564034620299,11,False,1.330762715758122,0.1,2.3,3.3,0.1,0.0,2,-1.0361633751892105,634060.8,6340608.0,2,,741.5640346202989,0.0109375,4.614777958393097,267.96913480712,10,10
2,1.0,100000000.0,0.0,0.0,0.0,356.30049993051216,0.6506195114089143,11,False,1.2718971882286667,0.1,2.2,3.2,0.1,0.0,2,-0.9612583498187905,381747.2,3817472.0,3,,650.6195114089143,0.0203125,4.550480782985687,294.3190114784021,10,10
2,1.0,100000000.0,0.0,0.0,0.0,363.4230999741703,0.5362395745919248,12,False,1.4678311643037647,0.1,2.9,3.9,0.1,0.0,2,-1.0020353694478448,437452.8,4374528.0,1,,536.2395745919248,0.0265625,4.4082469046115875,172.81647461775455,10,10
2,1.0,100000000.0,0.0,0.0,0.0,502.7113002142869,0.6225850142016368,12,False,1.330762715758122,0.1,3.2,4.2,0.1,0.0,2,-0.9766738649798794,258867.2,2588672.0,2,,622.5850142016368,0.0421875,4.484987401962281,119.87371398734993,10,10
2,1.0,100000000.0,0.0,0.0,0.0,306.6596999997273,0.4426612959911518,12,False,1.2034328424137086,0.1,2.3,3.3,0.1,0.0,2,-0.8230470692024302,216268.8,2162688.0,3,,442.6612959911518,0.028125,4.406762540340424,136.00159599142447,10,10
2,1.0,100000000.0,0.0,0.0,0.0,409.35519989579916,0.5799879748836235,13,False,1.2948038207161272,0.1,1.5,2.5,0.1,0.0,2,-0.9373958977998753,412876.8,4128768.0,1,,579.9879748836236,0.0125,4.405148720741272,313.27957489956924,10,10
2,1.0,100000000.0,0.0,0.0,0.0,529.7131999977864,0.9003761366174966,13,False,1.330762715758122,0.1,2.1,3.1,0.1,0.0,2,-1.1155694261878093,421068.8,4210688.0,2,,900.3761366174966,0.0203125,4.471433055400849,370.6629366197102,10,10
2,1.0,100000000.0,0.0,0.0,0.0,442.77389987837523,0.6528052709818224,13,False,1.3191312723998303,0.1,2.4,3.4,0.1,0.0,2,-0.9859682716908263,455475.2,4554752.0,3,,652.8052709818224,0.034375,4.39031565785408,210.0313711034472,10,10
2,1.0,100000000.0,0.0,0.0,0.0,486.6489000269212,0.8533005341866855,14,False,1.732460543732595,0.1,3.1,4.1,0.1,0.0,2,-1.2928805389596403,489881.6,4898816.0,1,,853.3005341866855,0.0265625,4.309590756893158,366.65163415976434,10,10
2,1.0,100000000.0,0.0,0.0,0.0,473.829300084617,0.725560836269808,14,False,1.330762715758122,0.1,2.1,3.1,0.1,0.0,2,-1.028161776013965,447283.2,4472832.0,2,,725.5608362698081,0.034375,4.489848804473877,251.731536185191,10,10
2,1.0,100000000.0,0.0,0.0,0.0,479.4882998103276,0.6756286519193575,14,False,1.5661195039208697,0.1,1.8,2.8,0.1,0.0,2,-1.1208740779201136,221184.0,2211840.0,3,,675.6286519193575,0.028125,4.390443181991577,196.14035210902995,10,10
2,1.0,100000000.0,0.0,0.0,0.0,362.32229962479323,0.5729629217389322,15,False,1.2925085562390568,0.1,2.4,3.4,0.1,0.0,2,-0.9327357389889945,329318.4,3293184.0,1,,572.9629217389321,0.0453125,4.3556636571884155,210.64062211413892,10,10
2,1.0,100000000.0,0.0,0.0,0.0,482.7493000193499,0.6753168805519059,15,False,1.318292479397953,0.1,2.3,3.3,0.1,0.0,2,-0.9968046799749294,342425.6,3424256.0,2,,675.3168805519059,0.0265625,4.476132881641388,192.56758053255598,10,10
2,1.0,100000000.0,0.0,0.0,0.0,423.641600064002,0.6257299541352934,15,False,1.3116484446610595,0.1,2.0,3.0,0.1,0.0,2,-0.9686891993981764,447283.2,4472832.0,3,,625.7299541352934,0.03125,4.3273832440376285,202.08835407129143,10,10
2,1.0,100000000.0,0.0,0.0,0.0,422.97270003473386,0.6753047858039348,16,False,1.4185874990385976,0.1,2.5,3.5,0.1,0.0,2,-1.0469461424212663,416153.6,4161536.0,1,,675.3047858039348,0.0125,4.311431169509888,252.33208576920097,10,10
2,1.0,100000000.0,0.0,0.0,0.0,416.8267999193631,0.6452630178881719,16,False,1.1301293546490672,0.1,2.2,3.2,0.1,0.0,2,-0.8876961862686195,481689.6,4816896.0,2,,645.2630178881718,0.0359375,4.430774700641632,228.4362179688088,10,10
2,1.0,100000000.0,0.0,0.0,0.0,427.5076998746954,0.5406152977806776,16,False,1.449774390833584,0.1,2.6,3.6,0.1,0.0,2,-0.9951948443071308,376832.0,3768320.0,3,,540.6152977806777,0.01875,4.430472350120544,220.65345858341607,10,10
2,1.0,100000000.0,0.0,0.0,0.0,549.1730999201536,0.7590381444673567,17,False,2.3300191573762485,0.1,3.1,4.1,0.1,0.0,2,-1.5445286509218026,385024.0,3850240.0,1,,759.0381444673567,0.040625,4.352932548522949,209.8650445472031,10,10
2,1.0,100000000.0,0.0,0.0,0.0,362.16560000320897,0.5041215519356192,17,False,1.0193906934221302,0.1,2.6,3.6,0.1,0.0,2,-0.7617561226788747,389939.2,3899392.0,2,,504.12155193561927,0.0171875,4.432433402538299,237.10243855868936,10,10
2,1.0,100000000.0,0.0,0.0,0.0,582.2326001361944,0.8245169428451649,17,False,1.9450844306616457,0.1,1.8,2.8,0.1,0.0,2,-1.3848006867534053,247398.4,2473984.0,3,,824.5169428451649,0.0375,4.340668386220932,242.28434270897043,10,10
2,1.0,100000000.0,0.0,0.0,0.0,547.4580999580212,0.7467826199376897,18,False,2.3300191573762485,0.1,3.0,4.0,0.1,0.0,2,-1.5384008886569691,324403.2,3244032.0,1,,746.7826199376897,0.0296875,4.283058589696884,199.32451997966845,10,10
2,1.0,100000000.0,0.0,0.0,0.0,366.3005998823792,0.5426012278593436,18,False,1.0398489479592312,0.1,2.8,3.8,0.1,0.0,2,-0.7912250879092875,337510.4,3375104.0,2,,542.6012278593436,0.0390625,4.408544301986694,189.11887378815106,10,10
2,1.0,100000000.0,0.0,0.0,0.0,551.8627999117598,0.8280859320828594,18,False,1.9450844306616457,0.1,1.4,2.4,0.1,0.0,2,-1.3865851813722525,326041.6,3260416.0,3,,828.0859320828594,0.0625,4.319899600744248,276.2231321710996,10,10
2,1.0,100000000.0,0.0,0.0,0.0,479.3498999788426,0.6915784330599127,19,False,1.6690896450304757,0.1,2.1,3.1,0.1,0.0,2,-1.1803340390451942,394854.4,3948544.0,1,,691.5784330599128,0.0484375,4.234467160701752,382.0243948402224,10,10
2,1.0,100000000.0,0.0,0.0,0.0,300.9104998782277,1.4072179167113597,19,False,1.024191486947006,0.1,2.5,3.5,0.1,0.0,2,-1.2157047018291829,303104.0,3031040.0,2,,1407.2179167113597,0.04375,4.3570673048496245,1106.307416833132,10,10
2,1.0,100000000.0,0.0,0.0,0.0,435.8497998910025,0.7044831386393493,19,False,1.1029994925652225,0.1,2.5,3.5,0.1,0.0,2,-0.9037413156022859,455475.2,4554752.0,3,,704.4831386393492,0.0296875,4.31110692024231,268.6333387483469,10,10
2,1.0,100000000.0,0.0,0.0,0.0,493.44079999718815,1.0293394228057429,20,False,1.707402211150956,0.1,3.7,4.7,0.1,0.0,2,-1.3683708169783495,280166.4,2801664.0,1,0.01484375,1029.339422805743,0.0484375,4.172136211395264,535.8986228085547,10,10
2,1.0,100000000.0,0.0,0.0,0.0,431.1431001406163,0.669642911619453,20,False,1.1779820818003774,0.1,2.4,3.4,0.1,0.0,2,-0.9238124967099153,468582.4,4685824.0,2,0.01484375,669.642911619453,0.0625,4.34669258594513,238.49981147883668,10,10
2,1.0,100000000.0,0.0,0.0,0.0,301.9785000360571,0.6000636916237065,20,False,1.1291548333806067,0.1,2.0,3.0,0.1,0.0,2,-0.8646092625021566,712704.0,7127040.0,3,0.01484375,600.0636916237065,0.046875,4.264401006698608,298.0851915876495,10,10
2,1.0,100000000.0,0.0,0.0,0.0,357.7428998542018,0.7148984646975566,21,False,1.2724774147987936,0.1,2.7,3.7,0.1,0.0,2,-0.993687939748175,529203.2,5292032.0,1,,714.8984646975566,0.0265625,4.467175436019898,357.15556484335474,10,10
2,1.0,100000000.0,0.0,0.0,0.0,364.04290003702044,0.6935295008110463,21,False,1.0329894604504528,0.1,2.6,3.6,0.1,0.0,2,-0.8632594806307495,542310.4,5423104.0,2,,693.5295008110462,0.015625,4.528308725357055,329.4866007740259,10,10
2,1.0,100000000.0,0.0,0.0,0.0,309.470999869518,0.8344887218472307,21,False,1.0954096319629476,0.1,2.6,3.6,0.1,0.0,2,-0.9649491769050891,529203.2,5292032.0,3,,834.4887218472306,0.0265625,4.524783027172089,540.2918219251317,10,10
2,1.0,100000000.0,0.0,0.0,0.0,419.0115000237711,0.6859715722404114,22,False,1.4908141428755899,0.1,2.6,3.6,0.1,0.0,2,-1.0883928575580006,529203.2,5292032.0,1,,685.9715722404114,0.0484375,4.256227737665176,266.96007221664036,10,10
2,1.0,100000000.0,0.0,0.0,0.0,357.9203000990674,0.6788233003533012,22,False,1.1054247798198547,0.1,1.8,2.8,0.1,0.0,2,-0.892124040086578,752025.6,7520256.0,2,,678.8233003533012,0.046875,4.3558604419231415,372.69945649948505,10,10
2,1.0,100000000.0,0.0,0.0,0.0,303.48729994148016,1.1603362294696278,22,False,1.053682655987863,0.1,1.5,2.5,0.1,0.0,2,-1.1070094427287454,425984.0,4259840.0,3,,1160.3362294696278,0.0421875,4.340409851074218,858.4891293863773,10,10
2,1.0,100000000.0,0.0,0.0,0.0,355.46629986492917,0.816305103595086,23,False,1.2642511175587225,0.1,2.7,3.7,0.1,0.0,2,-1.0402781105769043,542310.4,5423104.0,1,,816.305103595086,0.0546875,4.218955814838409,580.2532034574045,10,10
2,1.0,100000000.0,0.0,0.0,0.0,312.0524999103509,0.6653973713469643,23,False,1.017627488796374,0.1,2.5,3.5,0.1,0.0,2,-0.8415124300716692,734003.2,7340032.0,2,,665.3973713469643,0.04375,4.320468419790268,353.34487143661346,10,10
2,1.0,100000000.0,0.0,0.0,0.0,422.16599988751113,0.7454922671086255,23,False,1.3117936605175324,0.1,1.9,2.9,0.1,0.0,2,-1.028642963813079,904396.8,9043968.0,3,,745.4922671086255,0.0375,4.199414074420929,399.056051618215,10,10
2,1.0,100000000.0,0.0,0.0,0.0,370.9123000735417,0.6731675580366723,24,False,1.332668636960677,0.1,1.9,2.9,0.1,0.0,2,-1.0029180974986747,904396.8,9043968.0,1,,673.1675580366723,0.0421875,4.1796841561794285,302.25525796313053,10,10
2,1.0,100000000.0,0.0,0.0,0.0,424.0869997884147,0.8029580521729384,24,False,1.1029270419878958,0.1,1.6,2.6,0.1,0.0,2,-0.9529425470804171,817561.6,8175616.0,2,,802.9580521729383,0.053125,4.309402000904083,378.8710523845237,10,10
2,1.0,100000000.0,0.0,0.0,0.0,432.94880021130666,1.0097702564236974,24,False,1.2877233755177928,0.1,1.6,2.6,0.1,0.0,2,-1.1487468159707452,704512.0,7045120.0,3,,1009.7702564236974,0.0421875,4.277666026353836,576.8214562123908,10,10
2,1.0,100000000.0,0.0,0.0,0.0,429.79940032819286,0.7384303045895235,25,False,1.4908141428755899,0.1,1.9,2.9,0.1,0.0,2,-1.1146222237325567,765132.8,7651328.0,1,,738.4303045895235,0.046875,4.1563346028327945,461.6900360586951,10,10
2,1.0,100000000.0,0.0,0.0,0.0,483.0993000068702,0.7909620315746604,25,False,1.330762715758122,0.1,1.8,2.8,0.1,0.0,2,-1.0608623736663914,804454.4,8044544.0,2,,790.9620315746604,0.0421875,4.320086669921875,307.86273156779015,10,10
2,1.0,100000000.0,0.0,0.0,0.0,491.04870023438707,0.8433749577538434,25,False,1.5661195039208697,0.1,1.8,2.8,0.1,0.0,2,-1.2047472308373566,778240.0,7782400.0,3,,843.3749577538434,0.0578125,4.253738611936569,352.3262575194563,10,10
2,1.0,100000000.0,0.0,0.0,0.0,358.3433000021614,1.1793000375929212,26,False,1.29321029063729,0.1,1.6,2.6,0.1,0.0,2,-1.2362551641151056,817561.6,8175616.0,1,,1179.3000375929212,0.05625,4.085590130090713,820.95673759076,10,10
2,1.0,100000000.0,0.0,0.0,0.0,380.23229996906593,0.63200597684635,26,False,1.0876228287326972,0.1,1.9,2.9,0.1,0.0,2,-0.8598144027895236,752025.6,7520256.0,2,,632.00597684635,0.059375,4.241532975435257,251.77367687728398,10,10
2,1.0,100000000.0,0.0,0.0,0.0,447.3538000602275,0.7613156397593457,26,False,1.2877233755177928,0.1,2.1,3.1,0.1,0.0,2,-1.0245195076385691,547225.6,5472256.0,3,,761.3156397593457,0.0484375,4.176893186569214,313.96183969911823,10,10
2,1.0,100000000.0,0.0,0.0,0.0,427.81749996356666,1.0222417755365347,27,False,1.4908141428755899,0.1,1.6,2.6,0.1,0.0,2,-1.2565279592060623,817561.6,8175616.0,1,,1022.2417755365348,0.0484375,4.096161419153214,594.4242755729682,10,10
2,1.0,100000000.0,0.0,0.0,0.0,419.7804998839274,0.633562194012188,27,False,1.1600630000862202,0.1,1.5,2.5,0.1,0.0,2,-0.8968125970492041,565248.0,5652480.0,2,,633.562194012188,0.0515625,4.27286149263382,247.6855542007038,10,10
2,1.0,100000000.0,0.0,0.0,0.0,478.4700000891462,0.8026845284742052,27,False,1.5661195039208697,0.1,2.2,3.2,0.1,0.0,2,-1.1844020161975375,607846.4,6078464.0,3,,802.6845284742052,0.0671875,4.127646964788437,324.21452838505905,10,10
2,1.0,100000000.0,0.0,0.0,0.0,378.585200116504,0.7065701448004437,28,False,1.3103493969206688,0.1,1.6,2.6,0.1,0.0,2,-1.0084597708605563,665190.4,6651904.0,1,,706.5701448004437,0.071875,4.046640831232071,327.98494468393966,10,10
2,1.0,100000000.0,0.0,0.0,0.0,349.69430015189573,0.6438753209723942,28,False,1.041992584312341,0.1,1.6,2.6,0.1,0.0,2,-0.8429339526423676,691404.8,6914048.0,2,,643.8753209723942,0.05,4.29127322435379,294.1810208204984,10,10
2,1.0,100000000.0,0.0,0.0,0.0,412.77740005170926,0.6998855799920456,28,False,1.2877233755177928,0.1,1.8,2.8,0.1,0.0,2,-0.9938044777549192,638976.0,6389760.0,3,,699.8855799920456,0.05,4.227218669652939,287.1081799403363,10,10
2,1.0,100000000.0,0.0,0.0,0.0,415.5855001299642,0.6733674390728699,29,False,1.6015232341694037,0.1,2.1,3.1,0.1,0.0,2,-1.1374453366211368,447283.2,4472832.0,1,,673.3674390728698,0.0625,3.942893397808075,257.78193894290564,10,10
2,1.0,100000000.0,0.0,0.0,0.0,416.0422999993898,0.8402380242998686,29,False,1.1700357548723457,0.1,2.1,3.1,0.1,0.0,2,-1.0051368895861073,473497.6,4734976.0,2,,840.2380242998686,0.0578125,4.218330800533295,424.1957243004788,10,10
2,1.0,100000000.0,0.0,0.0,0.0,376.5127999940887,0.6121514896204422,29,False,1.160697669059953,0.1,2.4,3.4,0.1,0.0,2,-0.8864245793401977,494796.8,4947968.0,3,,612.1514896204421,0.08125,4.096669614315033,235.6386896263535,10,10
2,1.0,100000000.0,0.0,0.0,0.0,304.573200060986,0.743110946737854,30,False,1.4138475474208247,0.1,2.3,3.3,0.1,0.0,2,-1.0784792470793394,673382.4,6733824.0,1,0.0375,743.1109467378541,0.06875,4.0243548333644865,441.71984675076817,10,10
2,1.0,100000000.0,0.0,0.0,0.0,480.77240004204214,0.6651381808437311,30,False,1.498428603067358,0.1,1.8,2.8,0.1,0.0,2,-1.0817833919555446,512819.2,5128192.0,2,0.0375,665.1381808437311,0.0453125,4.098929357528687,244.50604694076313,10,10
2,1.0,100000000.0,0.0,0.0,0.0,476.09000001102686,0.7005410960713457,30,False,1.533766170993489,0.1,1.9,2.9,0.1,0.0,2,-1.1171536335324175,612761.6,6127616.0,3,0.0375,700.5410960713457,0.0765625,4.095952260494232,248.4930121739645,10,10
2,1.0,100000000.0,0.0,0.0,0.0,351.254400156904,0.5716204291602878,31,False,1.3486102485724825,0.1,3.4,4.4,0.1,0.0,2,-0.9601153388663851,511180.8,5111808.0,1,,571.6204291602878,0.0578125,4.212923502922058,220.3660290033838,10,10
2,1.0,100000000.0,0.0,0.0,0.0,423.10610006097704,1.1267002330628657,31,False,1.205742462198427,0.1,2.3,3.3,0.1,0.0,2,-1.1662213476306462,494796.8,4947968.0,2,,1126.7002330628657,0.0359375,4.350119245052338,703.5941330018886,10,10
2,1.0,100000000.0,0.0,0.0,0.0,419.4953999831341,0.6277885180388505,31,False,1.2181729041117628,0.1,2.3,3.3,0.1,0.0,2,-0.9229807110753067,507904.0,5079040.0,3,,627.7885180388505,0.0515625,4.300360137224198,227.4054079968683,10,10
2,1.0,100000000.0,0.0,0.0,0.0,597.117199911736,0.9345799012428249,32,False,0.34417205811550006,0.1,2.3,3.3,0.1,0.0,1,-0.6393759796791625,494796.8,4947968.0,1,,934.5799012428249,0.075,4.043999028205872,337.46270133108897,10,10
2,1.0,100000000.0,0.0,0.0,0.0,481.81279975688085,0.6889001183348741,32,False,1.330762715758122,0.1,2.2,3.2,0.1,0.0,2,-1.0098314170464981,394854.4,3948544.0,2,,688.900118334874,0.0703125,4.170845693349838,207.08731857799322,10,10
2,1.0,100000000.0,0.0,0.0,0.0,312.7323997905478,0.5635248454685049,32,False,1.1914456742230848,0.1,2.3,3.3,0.1,0.0,2,-0.8774852598457948,521011.2,5210112.0,3,,563.5248454685049,0.0828125,4.0955142140388485,250.79244567795706,10,10
2,1.0,100000000.0,0.0,0.0,0.0,369.57219999749213,0.5800043426258048,33,False,1.3865643865500314,0.1,2.4,3.4,0.1,0.0,2,-0.9832843645879181,494796.8,4947968.0,1,,580.0043426258048,0.084375,3.9920106709003447,212.46860240970858,10,10
2,1.0,100000000.0,0.0,0.0,0.0,474.1729999659583,0.7461305485558317,33,False,1.4450050731514252,0.1,2.4,3.4,0.1,0.0,2,-1.0955678108536284,494796.8,4947968.0,2,,746.1305485558318,0.06875,4.138437008857727,271.9575485898734,10,10
2,1.0,100000000.0,0.0,0.0,0.0,304.2751000612043,0.5740490846196094,33,False,1.1312685298825218,0.1,1.8,2.8,0.1,0.0,2,-0.8526588072510656,373555.2,3735552.0,3,,574.0490846196094,0.065625,4.074505841732025,280.98118479595485,10,10
2,1.0,100000000.0,0.0,0.0,0.0,428.42719989130273,0.5817275502957804,34,False,1.391009909065624,0.1,3.5,4.5,0.1,0.0,2,-0.9863687296807022,319488.0,3194880.0,1,,581.7275502957804,0.078125,4.023903459310532,206.55862846089357,10,10
2,1.0,100000000.0,0.0,0.0,0.0,360.9314999775961,0.5726916015280683,34,False,1.116341214982433,0.1,3.0,4.0,0.1,0.0,2,-0.8445164082552507,437452.8,4374528.0,2,,572.6916015280683,0.0546875,4.135702431201935,331.5195016346213,10,10
2,1.0,100000000.0,0.0,0.0,0.0,356.72990017337725,0.45477903298631644,34,False,1.2059013953670272,0.1,3.5,4.5,0.1,0.0,2,-0.8303402141766718,306380.8,3063808.0,3,,454.77903298631645,0.06875,4.104122662544251,189.9130437793484,10,10
2,1.0,100000000.0,0.0,0.0,0.0,426.20500014163554,0.6936968422507178,35,False,1.391009909065624,0.1,2.8,3.8,0.1,0.0,2,-1.0423533756581709,516096.0,5160960.0,1,,693.6968422507179,0.0734375,3.9393529117107393,267.49184210908226,10,10
2,1.0,100000000.0,0.0,0.0,0.0,367.24480002885684,1.0661530986644892,35,False,1.0193906934221302,0.1,2.6,3.6,0.1,0.0,2,-1.0427718960433097,416153.6,4161536.0,2,,1066.153098664489,0.065625,4.160395002365112,698.9082986356323,10,10
2,1.0,100000000.0,0.0,0.0,0.0,491.3343004300259,0.7498991202076122,35,False,1.7717397431277322,0.1,2.7,3.7,0.1,0.0,2,-1.2608194316676722,542310.4,5423104.0,3,,749.8991202076122,0.0859375,3.947335535287857,258.5648197775862,10,10
2,1.0,100000000.0,0.0,0.0,0.0,479.4277000473812,0.6816734616119406,36,False,1.707402211150956,0.1,2.9,3.9,0.1,0.0,2,-1.1945378363814483,476774.4,4767744.0,1,,681.6734616119406,0.08125,4.018273681402206,202.24576156455936,10,10
2,1.0,100000000.0,0.0,0.0,0.0,483.4298998466693,0.9725441825491768,36,False,1.330762715758122,0.1,2.3,3.3,0.1,0.0,2,-1.1516534491536494,607846.4,6078464.0,2,,972.5441825491769,0.0984375,4.052240121364593,489.1142827025076,10,10
2,1.0,100000000.0,0.0,0.0,0.0,508.9968999964185,0.7451803655786357,36,False,1.5661195039208697,0.1,2.5,3.5,0.1,0.0,2,-1.1556499347497526,468582.4,4685824.0,3,,745.1803655786357,0.084375,3.9167630314826964,236.18346558221717,10,10
2,1.0,100000000.0,0.0,0.0,0.0,502.25340022007003,0.8219249723346056,37,False,1.707402211150956,0.1,2.5,3.5,0.1,0.0,2,-1.2646635917427806,594739.2,5947392.0,1,,821.9249723346056,0.0765625,3.8943258106708525,319.6715721145356,10,10
2,1.0,100000000.0,0.0,0.0,0.0,440.72150002466515,0.7053594215330443,37,False,1.09345641605098,0.1,2.8,3.8,0.1,0.0,2,-0.8994079187920122,642252.8,6422528.0,2,,705.3594215330443,0.0921875,4.017995327711105,264.6379215083791,10,10
2,1.0,100000000.0,0.0,0.0,0.0,361.41349986428395,0.5602945537851708,37,False,1.1649859640924667,0.1,2.6,3.6,0.1,0.0,2,-0.8626402589388187,542310.4,5423104.0,3,,560.2945537851708,0.0890625,3.9110637664794923,302.6104552250422,10,10
2,1.0,100000000.0,0.0,0.0,0.0,424.0312998299487,0.6659168816534481,38,False,1.3710843489698235,0.1,2.3,3.3,0.1,0.0,2,-1.0185006153116358,607846.4,6078464.0,1,,665.9168816534481,0.0765625,3.921647530794144,241.88558182349942,10,10
2,1.0,100000000.0,0.0,0.0,0.0,362.4664000235498,0.7901973948635137,38,False,1.0423566212220075,0.1,2.1,3.1,0.1,0.0,2,-0.9162770080427606,660275.2,6602752.0,2,,790.1973948635138,0.08125,4.017874836921692,427.73099483996396,10,10
2,1.0,100000000.0,0.0,0.0,0.0,362.202400167007,0.6115218927438208,38,False,1.1522524876357,0.1,2.3,3.3,0.1,0.0,2,-0.8818871901897605,368640.0,3686400.0,3,,611.5218927438209,0.1109375,3.9076941907405853,249.3194925768139,10,10
2,1.0,100000000.0,0.0,0.0,0.0,305.387300089933,0.575060332389139,39,False,1.3287427275134687,0.1,2.8,3.8,0.1,0.0,2,-0.9519015299513038,602931.2,6029312.0,1,,575.060332389139,0.0796875,3.802333664894104,274.0350323934671,10,10
2,1.0,100000000.0,0.0,0.0,0.0,301.27080000238493,0.574271749466788,39,False,1.0471233635836186,0.1,3.6,4.6,0.1,0.0,2,-0.8106975565252033,432537.6,4325376.0,2,,574.271749466788,0.078125,4.054277873039245,273.0009494644031,10,10
2,1.0,100000000.0,0.0,0.0,0.0,298.6088998732157,0.5122290984660841,39,False,1.1480020510809616,0.1,3.2,4.2,0.1,0.0,2,-0.8301155747735229,524288.0,5242880.0,3,,512.2290984660841,0.0828125,4.009070271253586,215.13339841537996,10,10
2,1.0,100000000.0,0.0,0.0,0.0,306.6061999415979,0.5067843876269813,40,False,1.2114154690954426,0.1,3.7,4.7,0.1,0.0,2,-0.859099928361212,367001.6,3670016.0,1,0.05390625,506.7843876269813,0.090625,3.838968241214752,200.1781876853834,10,10
2,1.0,100000000.0,0.0,0.0,0.0,308.0309999641031,0.6450706898596976,40,False,1.033439197078088,0.1,3.3,4.3,0.1,0.0,2,-0.8392549434688928,511180.8,5111808.0,2,0.05390625,645.0706898596976,0.0984375,3.925383377075195,337.03968989559445,10,10
2,1.0,100000000.0,0.0,0.0,0.0,363.3303999667987,0.6688597025249925,40,False,1.299192756372769,0.1,3.1,4.1,0.1,0.0,2,-0.9840262294488807,524288.0,5242880.0,3,0.05390625,668.8597025249925,0.0640625,4.024791848659516,443.1238023580824,10,10
2,1.0,100000000.0,0.0,0.0,0.0,306.8275998230092,1.313221586444852,41,False,1.2428285171033728,0.1,3.2,4.2,0.1,0.0,2,-1.2780250517741125,524288.0,5242880.0,1,,1313.221586444852,0.065625,4.033903312683106,1025.484086347715,10,10
2,1.0,100000000.0,0.0,0.0,0.0,296.5908000478521,0.5809707279675242,41,False,1.0471233635836186,0.1,3.0,4.0,0.1,0.0,2,-0.8140470457755714,602931.2,6029312.0,2,,580.9707279675242,0.0640625,4.074656611680984,297.48932826421895,10,10
2,1.0,100000000.0,0.0,0.0,0.0,300.0664002029225,0.668836378546602,41,False,1.1454904597134294,0.1,3.4,4.4,0.1,0.0,2,-0.9071634191300157,484966.4,4849664.0,3,,668.8363785466021,0.046875,4.2342945575714115,368.76997834367955,10,10
2,1.0,100000000.0,0.0,0.0,0.0,356.25789989717305,3.1938322789433036,42,False,1.332668636960677,0.1,2.6,3.6,0.1,0.0,2,-2.2632504579519903,694681.6,6946816.0,1,,3193.8322789433037,0.071875,3.83580396771431,2837.5743790461306,10,10
2,1.0,100000000.0,0.0,0.0,0.0,295.65880016889423,0.5357758975046379,42,False,1.053715358992414,0.1,2.2,3.2,0.1,0.0,2,-0.7947456282485259,547225.6,5472256.0,2,,535.7758975046379,0.071875,4.017631965875625,240.11709733574372,10,10
2,1.0,100000000.0,0.0,0.0,0.0,401.2613000231795,0.9460330248680947,42,False,1.1268611852869836,0.1,2.0,3.0,0.1,0.0,2,-1.0364471050775392,434176.0,4341760.0,3,,946.0330248680947,0.09375,3.943622362613678,544.7717248449152,10,10
2,1.0,100000000.0,0.0,0.0,0.0,359.6387997386046,0.5691144904189119,43,False,1.2589562537307848,0.1,1.8,2.8,0.1,0.0,2,-0.9140353720748484,486604.8,4866048.0,1,,569.1144904189119,0.0875,3.841699957847595,209.47569068030737,10,10
2,1.0,100000000.0,0.0,0.0,0.0,300.816299917642,0.556596980509062,43,False,1.0642085713066343,0.1,2.0,3.0,0.1,0.0,2,-0.8104027759078481,699596.8,6995968.0,2,,556.5969805090621,0.084375,3.937502694129944,255.78068059142007,10,10
2,1.0,100000000.0,0.0,0.0,0.0,421.76929989364,0.6708915960089905,43,False,1.351435505070278,0.1,2.3,3.3,0.1,0.0,2,-1.0111635505396341,494796.8,4947968.0,3,,670.8915960089905,0.0921875,3.9740168392658233,249.12229611535054,10,10
2,1.0,100000000.0,0.0,0.0,0.0,291.48810007609427,0.6783438546975044,44,False,1.3159702603683885,0.1,2.4,3.4,0.1,0.0,2,-0.9971570575329465,481689.6,4816896.0,1,,678.3438546975044,0.0921875,3.8522929668426515,388.3985547275183,10,10
2,1.0,100000000.0,0.0,0.0,0.0,295.2852001762949,0.720377149938467,44,False,1.066097806977452,0.1,1.9,2.9,0.1,0.0,2,-0.8932374784579595,652083.2,6520832.0,2,,720.377149938467,0.08125,3.9507640421390535,428.3520499643414,10,10
2,1.0,100000000.0,0.0,0.0,0.0,293.6283000744879,1.1293604375403012,44,False,1.242964917183887,0.1,2.3,3.3,0.1,0.0,2,-1.1861626773620941,673382.4,6733824.0,3,,1129.3604375403013,0.096875,3.9930069744586945,835.7321374658134,10,10
2,1.0,100000000.0,0.0,0.0,0.0,348.99179998319596,0.5843619005734664,45,False,1.3428532827301436,0.1,2.5,3.5,0.1,0.0,2,-0.963607591651805,455475.2,4554752.0,1,,584.3619005734664,0.103125,3.7755140900611877,235.65324753364303,10,10
2,1.0,100000000.0,0.0,0.0,0.0,296.4582000859082,0.6114292571318064,45,False,1.066097806977452,0.1,1.8,2.8,0.1,0.0,2,-0.8387635320546292,499712.0,4997120.0,2,,611.4292571318064,0.0671875,3.9619108378887176,318.66795725624155,10,10
2,1.0,100000000.0,0.0,0.0,0.0,298.3770000282675,0.7046525879826757,45,False,1.242964917183887,0.1,2.0,3.0,0.1,0.0,2,-0.9738087525832814,460390.4,4603904.0,3,,704.6525879826758,0.078125,4.0144579946994785,416.480288183632,10,10
2,1.0,100000000.0,0.0,0.0,0.0,352.85689996089786,0.6182580480301539,46,False,1.4478128827127943,0.1,2.3,3.3,0.1,0.0,2,-1.0330354653714742,421068.8,4210688.0,1,,618.258048030154,0.0921875,3.8790466725826263,265.40114806925607,10,10
2,1.0,100000000.0,0.0,0.0,0.0,301.35449988301843,0.5369701444880238,46,False,1.066097806977452,0.1,2.1,3.1,0.1,0.0,2,-0.801533975732738,460390.4,4603904.0,2,,536.9701444880238,0.090625,3.9218321442604065,235.61564460500537,10,10
2,1.0,100000000.0,0.0,0.0,0.0,421.6396998963319,0.6644467237584077,46,False,1.3992332919560868,0.1,2.1,3.1,0.1,0.0,2,-1.0318400078572472,460390.4,4603904.0,3,,664.4467237584078,0.1015625,3.9818144619464872,255.23579910790644,10,10
2,1.0,100000000.0,0.0,0.0,0.0,351.2708001653664,0.587669158301192,47,False,1.3865643865500314,0.1,2.0,3.0,0.1,0.0,2,-0.9871167724256118,512819.2,5128192.0,1,,587.669158301192,0.05625,3.8983803749084474,254.36642409583337,10,10
2,1.0,100000000.0,0.0,0.0,0.0,408.1139002228156,0.6531706206331919,47,False,1.205742462198427,0.1,2.8,3.8,0.1,0.0,2,-0.9294565414158094,403046.4,4030464.0,2,,653.1706206331919,0.0953125,3.884137099981308,250.14733897972968,10,10
2,1.0,100000000.0,0.0,0.0,0.0,351.7048000358045,0.5588507969405063,47,False,1.2553096569192261,0.1,1.7,2.7,0.1,0.0,2,-0.9070802269298662,425984.0,4259840.0,3,,558.8507969405064,0.090625,3.899389696121216,222.9466482008131,10,10
2,1.0,100000000.0,0.0,0.0,0.0,426.00390006555244,0.678138952686204,48,False,1.5092347236697101,0.1,2.2,3.2,0.1,0.0,2,-1.0936868381779572,573440.0,5734400.0,1,,678.1389526862041,0.11875,3.773944526910782,252.13505262065155,10,10
2,1.0,100000000.0,0.0,0.0,0.0,425.33299984643236,0.6269783057058161,48,False,1.1945011352296664,0.1,2.0,3.0,0.1,0.0,2,-0.9107397204677412,512819.2,5128192.0,2,,626.9783057058162,0.096875,3.861491471529007,316.89204942119375,10,10
2,1.0,100000000.0,0.0,0.0,0.0,403.71360001154244,1.1003335842747526,48,False,1.348020841629804,0.1,1.3,2.3,0.1,0.0,2,-1.2241772129522783,517734.4,5177344.0,3,,1100.3335842747526,0.1046875,3.8470979809761046,696.6199842632101,10,10
2,1.0,100000000.0,0.0,0.0,0.0,422.84939979435876,0.6336460050651881,49,False,1.4021647855120865,0.1,1.8,2.8,0.1,0.0,2,-1.0179053952886372,565248.0,5652480.0,1,,633.6460050651881,0.075,3.8405647218227386,434.60170684553833,10,10
2,1.0,100000000.0,0.0,0.0,0.0,399.1845001000911,0.6664602930697803,49,False,1.1945011352296664,0.1,1.8,2.8,0.1,0.0,2,-0.9304807141497233,499712.0,4997120.0,2,,666.4602930697803,0.0921875,3.8845510244369508,267.27579296968923,10,10
2,1.0,100000000.0,0.0,0.0,0.0,412.6560998847708,0.7511065085997081,49,False,1.3116484446610595,0.1,1.9,2.9,0.1,0.0,2,-1.0313774766303838,347340.8,3473408.0,3,,751.106508599708,0.09375,3.9105712532997132,338.4504087149373,10,10
2,1.0,100000000.0,0.0,0.0,0.0,365.2755999355577,0.7209791128805314,50,False,1.2724774147987936,0.1,2.2,3.2,0.1,0.0,2,-0.9967282638396625,368640.0,3686400.0,1,0.05703125,720.9791128805314,0.1140625,3.7676878333091737,355.7035129449737,10,10
2,1.0,100000000.0,0.0,0.0,0.0,426.87010020017624,0.757761249141832,50,False,1.09345641605098,0.1,1.6,2.6,0.1,0.0,2,-0.925608832596406,565248.0,5652480.0,2,0.05703125,757.761249141832,0.0796875,3.913514643907547,330.8911489416558,10,10
2,1.0,100000000.0,0.0,0.0,0.0,363.35980013245717,0.5647773670414304,50,False,1.2718971882286667,0.1,1.8,2.8,0.1,0.0,2,-0.9183372776350486,486604.8,4866048.0,3,0.05703125,564.7773670414305,0.09375,3.920830112695694,201.41756690897333,10,10
2,1.0,100000000.0,0.0,0.0,0.0,423.29950007842854,0.6685740291885379,51,False,1.4021647855120865,0.1,1.7,2.7,0.1,0.0,2,-1.0353694073503121,539033.6,5390336.0,1,,668.5740291885379,0.0984375,3.892048233747482,245.27452911010943,10,10
2,1.0,100000000.0,0.0,0.0,0.0,420.33750022528693,0.7533148043223532,51,False,1.09345641605098,0.1,1.6,2.6,0.1,0.0,2,-0.9233856101866666,539033.6,5390336.0,2,,753.3148043223532,0.071875,4.014926987886429,332.9773040970662,10,10
2,1.0,100000000.0,0.0,0.0,0.0,432.00970004545525,0.6857224596958956,51,False,1.3116484446610595,0.1,1.6,2.6,0.1,0.0,2,-0.9986854521784776,539033.6,5390336.0,3,,685.7224596958956,0.0734375,4.016469568014145,253.71275965044038,10,10
2,1.0,100000000.0,0.0,0.0,0.0,494.52140007633716,0.7466344365353338,52,False,1.707402211150956,0.1,1.8,2.8,0.1,0.0,2,-1.227018323843145,525926.4,5259264.0,1,,746.6344365353337,0.0890625,3.6969999432563783,252.11303645899662,10,10
2,1.0,100000000.0,0.0,0.0,0.0,313.701200124342,0.5812887945726346,52,False,1.0329382196978099,0.1,2.0,3.0,0.1,0.0,2,-0.8071135071352222,752025.6,7520256.0,2,,581.2887945726346,0.084375,3.932512491941452,276.28139458148,10,10
2,1.0,100000000.0,0.0,0.0,0.0,349.70869997050613,0.6552863766538377,52,False,1.1167535418077104,0.1,2.1,3.1,0.1,0.0,2,-0.886019959230774,407961.6,4079616.0,3,,655.2863766538377,0.109375,3.8255300879478455,305.5776766833316,10,10
2,1.0,100000000.0,0.0,0.0,0.0,432.5599001022056,0.7508838346996318,53,False,1.4585266147162754,0.1,1.8,2.8,0.1,0.0,2,-1.1047052247079536,499712.0,4997120.0,1,,750.8838346996318,0.115625,3.7201126635074617,318.3239345974262,10,10
2,1.0,100000000.0,0.0,0.0,0.0,416.672500083223,0.6830480435661057,53,False,1.0511237032144287,0.1,2.1,3.1,0.1,0.0,2,-0.8670858733902672,421068.8,4210688.0,2,,683.0480435661057,0.0890625,3.925072729587555,325.5473053871036,10,10
2,1.0,100000000.0,0.0,0.0,0.0,465.43730003759265,0.7072293773350742,53,False,1.3179617239033417,0.1,2.2,3.2,0.1,0.0,2,-1.012595550619208,560332.8,5603328.0,3,,707.2293773350742,0.0734375,3.84728022813797,241.7920772974816,10,10
2,1.0,100000000.0,0.0,0.0,0.0,540.9687000210397,0.9436910793176481,54,False,2.189270767727715,0.1,2.0,3.0,0.1,0.0,2,-1.5664809235226813,460390.4,4603904.0,1,,943.691079317648,0.1171875,3.7829610109329224,402.7223792966084,10,10
2,1.0,100000000.0,0.0,0.0,0.0,343.6562999850139,0.6979970597716372,54,False,1.1176520291816332,0.1,2.0,3.0,0.1,0.0,2,-0.9078245444766352,512819.2,5128192.0,2,,697.9970597716372,0.08125,3.9112431824207308,464.0341595917332,10,10
2,1.0,100000000.0,0.0,0.0,0.0,310.2654999238439,0.5328840987710894,54,False,1.1112516057479493,0.1,2.5,3.5,0.1,0.0,2,-0.8220678522595194,442368.0,4423680.0,3,,532.8840987710895,0.0828125,3.868104040622711,227.67919867305613,10,10
2,1.0,100000000.0,0.0,0.0,0.0,354.8793999943882,0.5145831952188769,55,False,1.3760764226063043,0.1,3.6,4.6,0.1,0.0,2,-0.9453298089125906,406323.2,4063232.0,1,,514.5831952188769,0.1109375,3.755855864286423,283.1508952160971,10,10
2,1.0,100000000.0,0.0,0.0,0.0,360.4609999456443,0.5699787809387274,55,False,1.0236340385125564,0.1,2.8,3.8,0.1,0.0,2,-0.796806409725642,463667.2,4636672.0,2,,569.9787809387275,0.0875,3.979830038547516,253.5795534952788,10,10
2,1.0,100000000.0,0.0,0.0,0.0,356.0160998022184,0.48001026133135094,55,False,1.0828004326441347,0.1,2.9,3.9,0.1,0.0,2,-0.7814053469877429,311296.0,3112960.0,3,,480.01026133135093,0.10625,3.787003779411316,123.99416152913258,10,10
2,1.0,100000000.0,0.0,0.0,0.0,297.79630003031343,0.4241042604633636,56,False,1.2587997215137015,0.1,3.3,4.3,0.1,0.0,2,-0.8414519909885325,332595.2,3325952.0,1,,424.1042604633636,0.0859375,3.786432498693466,129.34387730461933,10,10
2,1.0,100000000.0,0.0,0.0,0.0,360.2133000968024,0.6534173593881722,56,False,1.0535968037553498,0.1,2.7,3.7,0.1,0.0,2,-0.853507081571761,502988.8,5029888.0,2,,653.4173593881723,0.0796875,3.944800502061844,293.2040592913698,10,10
2,1.0,100000000.0,0.0,0.0,0.0,293.36879996117204,0.7120236304533878,56,False,1.0954096319629476,0.1,2.7,3.7,0.1,0.0,2,-0.9037166312081677,516096.0,5160960.0,3,,712.0236304533878,0.1,3.843021959066391,418.65483049221575,10,10
2,1.0,100000000.0,0.0,0.0,0.0,302.5914999307133,0.5350640068766653,57,False,1.2724317044818885,0.1,3.5,4.5,0.1,0.0,2,-0.9037478556792768,458752.0,4587520.0,1,,535.0640068766653,0.109375,3.757252389192581,236.75650708656684,10,10
2,1.0,100000000.0,0.0,0.0,0.0,366.70589999994263,0.638418615993186,57,False,1.0819936086229238,0.1,2.5,3.5,0.1,0.0,2,-0.8602061123080549,542310.4,5423104.0,2,,638.418615993186,0.065625,3.9543995440006254,393.47964419493104,10,10
2,1.0,100000000.0,0.0,0.0,0.0,419.1172997816466,0.6554813867537873,57,False,1.3992332919560868,0.1,2.6,3.6,0.1,0.0,2,-1.0273573393549371,403046.4,4030464.0,3,,655.4813867537873,0.1125,3.825783431529999,360.4884952120403,10,10
2,1.0,100000000.0,0.0,0.0,0.0,377.32140003936365,0.9353894076261547,58,False,1.2696166056846576,0.1,2.8,3.8,0.1,0.0,2,-1.1025030066554062,529203.2,5292032.0,1,,935.3894076261547,0.1046875,3.7372687458992004,693.1057075921324,10,10
2,1.0,100000000.0,0.0,0.0,0.0,354.9951998866163,0.47926098784076143,58,False,1.0819936086229238,0.1,3.4,4.4,0.1,0.0,2,-0.7806272982318426,332595.2,3325952.0,2,,479.26098784076146,0.090625,3.8722901165485384,190.72631138922503,10,10
2,1.0,100000000.0,0.0,0.0,0.0,304.31750015122816,0.6429121250459413,58,False,1.2004259414931235,0.1,2.2,3.2,0.1,0.0,2,-0.9216690332695324,521011.2,5210112.0,3,,642.9121250459413,0.1078125,3.854324370622635,344.90042517990355,10,10
2,1.0,100000000.0,0.0,0.0,0.0,297.2032999387011,0.8952293551332756,59,False,1.2563517154328725,0.1,2.6,3.6,0.1,0.0,2,-1.0757905352830741,429260.8,4292608.0,1,,895.2293551332756,0.10625,3.7023644506931306,598.0260551945745,10,10
2,1.0,100000000.0,0.0,0.0,0.0,300.30979990260676,0.6569112380010357,59,False,1.0700283295544164,0.1,2.8,3.8,0.1,0.0,2,-0.8634697837777261,529203.2,5292032.0,2,,656.9112380010357,0.1015625,3.870066773891449,360.01653814206844,10,10
2,1.0,100000000.0,0.0,0.0,0.0,425.57709995890036,0.7323930749333697,59,False,1.2877233755177928,0.1,2.4,3.4,0.1,0.0,2,-1.0100582252255812,634060.8,6340608.0,3,,732.3930749333697,0.09375,3.78400171995163,306.8159749744693,10,10
2,1.0,100000000.0,0.0,0.0,0.0,420.5711999675259,0.7133242998206252,60,False,1.4908141428755899,0.1,3.1,4.1,0.1,0.0,2,-1.1020692213481076,550502.4,5505024.0,1,0.0578125,713.3242998206251,0.1109375,3.7135196030139923,292.7530998530993,10,10
2,1.0,100000000.0,0.0,0.0,0.0,405.13189998455346,0.7123038737211098,60,False,1.1836863907586972,0.1,3.1,4.1,0.1,0.0,2,-0.9479951322399035,550502.4,5505024.0,2,0.0578125,712.3038737211098,0.103125,3.958256095647812,307.17197373655637,10,10
2,1.0,100000000.0,0.0,0.0,0.0,411.09370009507984,0.8616426247570045,60,False,1.1948832676839152,0.1,3.2,4.2,0.1,0.0,2,-1.0282629462204598,563609.6,5636096.0,3,0.0578125,861.6426247570045,0.0765625,3.916319864988327,450.5489246619246,10,10
2,1.0,100000000.0,0.0,0.0,0.0,306.017599941697,0.6100716544958698,61,False,1.3119054607276546,0.1,2.7,3.7,0.1,0.0,2,-0.9609885576117622,655360.0,6553600.0,1,,610.0716544958698,0.08125,3.832638531923294,304.2867543470049,10,10
2,1.0,100000000.0,0.0,0.0,0.0,306.05460004881024,0.621365724041697,61,False,1.0663331815117805,0.1,2.6,3.6,0.1,0.0,2,-0.8438494527767387,555417.6,5554176.0,2,,621.365724041697,0.0765625,4.0146982908248905,315.3111239928867,10,10
2,1.0,100000000.0,0.0,0.0,0.0,298.6007000436075,0.779332985700464,61,False,1.1878939916271247,0.1,2.5,3.5,0.1,0.0,2,-0.9836134886637944,542310.4,5423104.0,3,,779.3329857004641,0.0859375,3.915585297346115,480.7322856568566,10,10
2,1.0,100000000.0,0.0,0.0,0.0,361.2046998459846,0.6966223764272382,62,False,1.3530066245763812,0.1,2.6,3.6,0.1,0.0,2,-1.0248145005018097,555417.6,5554176.0,1,,696.6223764272382,0.1046875,3.683202850818634,335.41767658125366,10,10
2,1.0,100000000.0,0.0,0.0,0.0,476.74640000332147,0.7283750026513054,62,False,1.431061792769684,0.1,2.2,3.2,0.1,0.0,2,-1.0797183977104947,407961.6,4079616.0,2,,728.3750026513054,0.096875,3.8232505202293394,251.62860264798397,10,10
2,1.0,100000000.0,0.0,0.0,0.0,304.1740000480786,0.5971250313603389,62,False,1.2231221332244777,0.1,2.4,3.4,0.1,0.0,2,-0.9101235822924083,507904.0,5079040.0,3,,597.1250313603389,0.10625,3.798010128736496,303.167931459758,10,10
2,1.0,100000000.0,0.0,0.0,0.0,302.9622998437844,0.5989267487345564,63,False,1.2868527127683187,0.1,2.3,3.3,0.1,0.0,2,-0.9428897307514376,573440.0,5734400.0,1,,598.9267487345564,0.1125,3.671173596382141,306.1413488501053,10,10
2,1.0,100000000.0,0.0,0.0,0.0,357.0364998304285,0.6296608426573276,63,False,1.0801152584058544,0.1,3.0,4.0,0.1,0.0,2,-0.854888050531591,502988.8,5029888.0,2,,629.6608426573276,0.125,3.726852202415466,272.624342826899,10,10
2,1.0,100000000.0,0.0,0.0,0.0,313.1574999424629,0.7337793328021214,63,False,1.1910492399283492,0.1,1.7,2.7,0.1,0.0,2,-0.9624142863652353,791347.2,7913472.0,3,,733.7793328021214,0.1015625,3.7822679460048674,420.62183285965847,10,10
2,1.0,100000000.0,0.0,0.0,0.0,312.98760016215965,0.5507684879072615,64,False,1.3453905457710489,0.1,2.0,3.0,0.1,0.0,2,-0.9480795168391551,547225.6,5472256.0,1,,550.7684879072615,0.0921875,3.7572235763072968,258.77877799583325,10,10
2,1.0,100000000.0,0.0,0.0,0.0,359.0253001311794,0.9051759930165365,64,False,1.1128777990360494,0.1,2.6,3.6,0.1,0.0,2,-1.009026896026293,429260.8,4292608.0,2,,905.1759930165365,0.1109375,3.8137818217277526,546.1506928853571,10,10
2,1.0,100000000.0,0.0,0.0,0.0,355.6143000605516,0.5960649052277249,64,False,1.172278371091093,0.1,2.9,3.9,0.1,0.0,2,-0.8841716381594089,476774.4,4767744.0,3,,596.0649052277249,0.1078125,3.799266666173935,274.4576496555673,10,10
2,1.0,100000000.0,0.0,0.0,0.0,352.9980998719111,0.559453878847364,65,False,1.3059737741836104,0.1,2.6,3.6,0.1,0.0,2,-0.9327138265154872,442368.0,4423680.0,1,,559.453878847364,0.10625,3.6561031579971313,287.76175215516514,10,10
2,1.0,100000000.0,0.0,0.0,0.0,463.9272000640631,0.6676697086718381,65,False,1.3024233287124392,0.1,2.3,3.3,0.1,0.0,2,-0.9850465186921387,494796.8,4947968.0,2,,667.6697086718381,0.1015625,3.928768539428711,203.74250860777502,10,10
2,1.0,100000000.0,0.0,0.0,0.0,492.97740001929924,0.7129499870571205,65,False,1.722866670830491,0.1,2.1,3.1,0.1,0.0,2,-1.2179083289438057,447283.2,4472832.0,3,,712.9499870571206,0.109375,3.724623888731003,284.946908615024,10,10
2,1.0,100000000.0,0.0,0.0,0.0,355.5201999261044,0.6404832593420016,66,False,1.2696166056846576,0.1,1.6,2.6,0.1,0.0,2,-0.9550499325133296,539033.6,5390336.0,1,,640.4832593420016,0.1109375,3.6586243510246277,284.9630594158972,10,10
2,1.0,100000000.0,0.0,0.0,0.0,362.351699906867,0.5887390719264872,66,False,1.0819936086229238,0.1,1.6,2.6,0.1,0.0,2,-0.8353663402747056,617676.8,6176768.0,2,,588.7390719264872,0.103125,3.819529730081558,260.6979139090342,10,10
2,1.0,100000000.0,0.0,0.0,0.0,416.1006002104841,0.7055133734540191,66,False,1.3992332919560868,0.1,2.0,3.0,0.1,0.0,2,-1.052373332705053,321126.4,3211264.0,3,,705.5133734540191,0.1171875,3.7595335245132446,340.7545665198673,10,10
2,1.0,100000000.0,0.0,0.0,0.0,414.94350001448765,0.6679485373233385,67,False,1.4585266147162754,0.1,2.3,3.3,0.1,0.0,2,-1.063237576019807,368640.0,3686400.0,1,,667.9485373233384,0.1078125,3.6912572026252746,253.00503730885077,10,10
2,1.0,100000000.0,0.0,0.0,0.0,370.9155998658389,0.6622617203108206,67,False,1.0217164272235078,0.1,2.0,3.0,0.1,0.0,2,-0.8419890737671643,460390.4,4603904.0,2,,662.2617203108207,0.0984375,3.7968766748905183,291.34612044498175,10,10
2,1.0,100000000.0,0.0,0.0,0.0,418.63689984893426,1.3383297916834855,67,False,1.2877233755177928,0.1,2.6,3.6,0.1,0.0,2,-1.3130265836006392,416153.6,4161536.0,3,,1338.3297916834856,0.1234375,3.6738230168819426,919.6928918345512,10,10
2,1.0,100000000.0,0.0,0.0,0.0,399.7813999885693,1.157960689939219,68,False,1.3592450541127006,0.1,2.4,3.4,0.1,0.0,2,-1.2586028720259597,468582.4,4685824.0,1,,1157.960689939219,0.0984375,3.6734438121318815,758.1792899506496,10,10
2,1.0,100000000.0,0.0,0.0,0.0,355.0019999383949,0.5936975224244092,68,False,1.0535968037553498,0.1,2.4,3.4,0.1,0.0,2,-0.8236471630898795,468582.4,4685824.0,2,,593.6975224244092,0.1109375,3.7317580759525297,238.6955224860143,10,10
2,1.0,100000000.0,0.0,0.0,0.0,344.38730007968843,0.7258048411324065,68,False,1.1945417280698856,0.1,2.4,3.4,0.1,0.0,2,-0.960173284601146,594739.2,5947392.0,3,,725.8048411324065,0.109375,3.7734327733516695,381.41754105271815,10,10
2,1.0,100000000.0,0.0,0.0,0.0,434.858400025405,0.8424933806105368,69,False,1.4585266147162754,0.1,1.8,2.8,0.1,0.0,2,-1.1505099976634061,499712.0,4997120.0,1,,842.4933806105367,0.109375,3.671069747209549,407.6349805851318,10,10
2,1.0,100000000.0,0.0,0.0,0.0,412.0239997864701,0.827130370274398,69,False,1.094852917891045,0.1,1.8,2.8,0.1,0.0,2,-0.9609916440827215,512819.2,5128192.0,2,,827.1303702743979,0.125,3.72100909948349,415.10637048792785,10,10
2,1.0,100000000.0,0.0,0.0,0.0,358.14709996338934,0.6842072921783224,69,False,1.2307160772648473,0.1,1.7,2.7,0.1,0.0,2,-0.9574616847215849,499712.0,4997120.0,3,,684.2072921783224,0.1125,3.8149889767169953,326.0601922149332,10,10
2,1.0,100000000.0,0.0,0.0,0.0,312.064400059171,0.58779584798677,70,False,1.2114154690954426,0.1,2.1,3.1,0.1,0.0,2,-0.8996056585411063,407961.6,4079616.0,1,0.078125,587.79584798677,0.1125,3.6622914910316466,275.7314479275989,10,10
2,1.0,100000000.0,0.0,0.0,0.0,349.9497001757845,0.5398421621685504,70,False,1.0982886220530443,0.1,1.9,2.9,0.1,0.0,2,-0.8190653921107973,334233.6,3342336.0,2,0.078125,539.8421621685504,0.1078125,3.7841663360595703,202.03633442813103,10,10
2,1.0,100000000.0,0.0,0.0,0.0,367.3685999820009,0.5523735549408757,70,False,1.2117897147069916,0.1,1.6,2.6,0.1,0.0,2,-0.8820816348239336,525926.4,5259264.0,3,0.078125,552.3735549408757,0.1078125,3.7117492079734804,238.37187283140292,10,10
2,1.0,100000000.0,0.0,0.0,0.0,359.62799983099103,0.6842419851627246,71,False,1.3244313207666716,0.1,2.2,3.2,0.1,0.0,2,-1.0043366529646982,521011.2,5210112.0,1,,684.2419851627246,0.1078125,3.7349544882774355,324.6139853317336,10,10
2,1.0,100000000.0,0.0,0.0,0.0,363.71430015424266,0.6294094061335086,71,False,1.0225091634266759,0.1,2.1,3.1,0.1,0.0,2,-0.8259592847800923,547225.6,5472256.0,2,,629.4094061335086,0.0859375,3.9032886028289795,265.6951059792659,10,10
2,1.0,100000000.0,0.0,0.0,0.0,347.6656000711955,0.6095098141402328,71,False,1.1943777698862583,0.1,1.7,2.7,0.1,0.0,2,-0.9019437920132456,525926.4,5259264.0,3,,609.5098141402327,0.0859375,3.9104913592338564,261.84421406903726,10,10
2,1.0,100000000.0,0.0,0.0,0.0,493.52049990557134,0.7789126519973459,72,False,1.6559232302311062,0.1,2.0,3.0,0.1,0.0,2,-1.217417941114226,573440.0,5734400.0,1,,778.912651997346,0.128125,3.579458236694336,285.39215209177456,10,10
2,1.0,100000000.0,0.0,0.0,0.0,425.0732002547011,0.6658418564510544,72,False,1.1688748316566575,0.1,1.3,2.3,0.1,0.0,2,-0.917358344053856,465305.6,4653056.0,2,,665.8418564510545,0.1265625,3.742500513792038,240.7686561963533,10,10
2,1.0,100000000.0,0.0,0.0,0.0,419.4799999240786,0.7476136242359939,72,False,1.1831038845571817,0.1,1.1,2.1,0.1,0.0,2,-0.9653587543965878,517734.4,5177344.0,3,,747.6136242359938,0.140625,3.689843660593033,328.13362431191536,10,10
2,1.0,100000000.0,0.0,0.0,0.0,358.04890014696866,0.8247994657971457,73,False,1.2642511175587225,0.1,1.9,2.9,0.1,0.0,2,-1.0445252916779342,573440.0,5734400.0,1,,824.7994657971457,0.1,3.6854106783866882,466.750565650177,10,10
2,1.0,100000000.0,0.0,0.0,0.0,304.95640001026914,0.6779611957984213,73,False,1.0471233635836186,0.1,1.8,2.8,0.1,0.0,2,-0.8625422796910199,473497.6,4734976.0,2,,677.9611957984213,0.1109375,3.754133415222168,373.00479578815214,10,10
2,1.0,100000000.0,0.0,0.0,0.0,311.6688000736758,0.9560296375672094,73,False,1.1454904597134294,0.1,1.5,2.5,0.1,0.0,2,-1.0507600486403195,665190.4,6651904.0,3,,956.0296375672094,0.1234375,3.620433211326599,648.7555375457503,10,10
2,1.0,100000000.0,0.0,0.0,0.0,308.8345999713056,0.6402423304385412,74,False,1.2114154690954426,0.1,1.8,2.8,0.1,0.0,2,-0.9258288997669919,586547.2,5865472.0,1,,640.2423304385412,0.1265625,3.6317691445350646,331.40773046723564,10,10
2,1.0,100000000.0,0.0,0.0,0.0,349.7786999796517,0.6335272938959704,74,False,1.0329894604504528,0.1,1.8,2.8,0.1,0.0,2,-0.8332583771732116,473497.6,4734976.0,2,,633.5272938959704,0.103125,3.838619959354401,283.74859391631867,10,10
2,1.0,100000000.0,0.0,0.0,0.0,357.952699996531,0.7509161755043281,74,False,1.1649859640924667,0.1,1.7,2.7,0.1,0.0,2,-0.9579510697983974,565248.0,5652480.0,3,,750.9161755043281,0.1265625,3.719898450374603,392.96347550779717,10,10
2,1.0,100000000.0,0.0,0.0,0.0,302.28090001037344,0.6500912974330634,75,False,1.2159955320832982,0.1,2.6,3.6,0.1,0.0,2,-0.9330434147581808,429260.8,4292608.0,1,,650.0912974330633,0.1265625,3.5725625932216643,353.4603974291161,10,10
2,1.0,100000000.0,0.0,0.0,0.0,366.876500134822,0.724505792110299,75,False,1.0329894604504528,0.1,2.8,3.8,0.1,0.0,2,-0.878747626280376,476774.4,4767744.0,2,,724.505792110299,0.096875,3.7745608508586885,357.629291975477,10,10
2,1.0,100000000.0,0.0,0.0,0.0,536.1226001405157,0.8448410657491014,75,False,2.0921543783948464,0.1,2.6,3.6,0.1,0.0,2,-1.468497722071974,403046.4,4030464.0,3,,844.8410657491014,0.0890625,3.9069715261459352,308.71846560858575,10,10
2,1.0,100000000.0,0.0,0.0,0.0,406.1634998652153,0.6449494139825432,76,False,1.3295587970655611,0.1,2.5,3.5,0.1,0.0,2,-0.9872541055240522,429260.8,4292608.0,1,,644.9494139825432,0.1140625,3.671708124876022,238.785914117328,10,10
2,1.0,100000000.0,0.0,0.0,0.0,548.2381000765599,0.9524773010152259,76,False,1.9113166436718505,0.1,2.9,3.9,0.1,0.0,2,-1.4318969723435382,489881.6,4898816.0,2,,952.4773010152259,0.1203125,3.7174254238605497,404.239200938666,10,10
2,1.0,100000000.0,0.0,0.0,0.0,491.0586999030784,0.8136463573119249,76,False,1.526354520710852,0.1,3.3,4.3,0.1,0.0,2,-1.1700004390113885,589824.0,5898240.0,3,,813.6463573119249,0.1078125,3.8080702841281893,322.58765740884655,10,10
2,1.0,100000000.0,0.0,0.0,0.0,471.79560002405196,0.7472988632482269,77,False,1.5778170691985849,0.1,2.1,3.1,0.1,0.0,2,-1.1625579662234058,434176.0,4341760.0,1,,747.2988632482269,0.13125,3.6006606817245483,275.503263224175,10,10
2,1.0,100000000.0,0.0,0.0,0.0,485.0384999299422,0.7518750464028762,77,False,1.386067047533491,0.1,2.0,3.0,0.1,0.0,2,-1.0689710469681837,625868.8,6258688.0,2,,751.8750464028761,0.0890625,3.7748392641544344,266.836546472934,10,10
2,1.0,100000000.0,0.0,0.0,0.0,474.4848000118509,0.7478605049320011,77,False,1.566056018281496,0.1,1.9,2.9,0.1,0.0,2,-1.1569582616067486,499712.0,4997120.0,3,,747.860504932001,0.1109375,3.7298803508281706,273.3757049201501,10,10
2,1.0,100000000.0,0.0,0.0,0.0,541.0798999364488,1.5248269118874824,78,False,2.1109786896743774,0.1,2.1,3.1,0.1,0.0,2,-1.81790280078093,486604.8,4866048.0,1,,1524.8269118874825,0.1359375,3.624750465154648,983.7470119510335,10,10
2,1.0,100000000.0,0.0,0.0,0.0,416.36029991786927,0.750094678055791,78,False,1.0768124158158505,0.1,2.0,3.0,0.1,0.0,2,-0.9134535469358207,308019.2,3080192.0,2,,750.094678055791,0.1265625,3.7503278255462646,383.29846809749375,10,10
2,1.0,100000000.0,0.0,0.0,0.0,474.1290000383742,0.705624301683446,78,False,1.683520515987638,0.1,2.7,3.7,0.1,0.0,2,-1.194572408835542,429260.8,4292608.0,3,,705.624301683446,0.1046875,3.7182183027267457,231.49530164507186,10,10
2,1.0,100000000.0,0.0,0.0,0.0,412.75890002725646,0.6481363573214312,79,False,1.3959196418394118,0.1,2.0,3.0,0.1,0.0,2,-1.0220279995804216,499712.0,4997120.0,1,,648.1363573214312,0.1171875,3.607283043861389,235.3774572941747,10,10
2,1.0,100000000.0,0.0,0.0,0.0,402.37569983582944,0.7803884841411297,79,False,1.1411239434314477,0.1,1.7,2.7,0.1,0.0,2,-0.9607562137862887,578355.2,5783552.0,2,,780.3884841411298,0.121875,3.7974689304828644,378.0127843053002,10,10
2,1.0,100000000.0,0.0,0.0,0.0,359.3647000961937,0.695567443655983,79,False,1.2213281125933109,0.1,2.1,3.1,0.1,0.0,2,-0.958447778124647,678297.6,6782976.0,3,,695.567443655983,0.134375,3.670536768436432,420.74165132846116,10,10
2,1.0,100000000.0,0.0,0.0,0.0,424.891599919647,0.6513253733141458,80,False,1.5063056072151502,0.1,2.2,3.2,0.1,0.0,2,-1.078815490264648,421068.8,4210688.0,1,0.09140625,651.3253733141457,0.1109375,3.667851132154465,256.3822574286286,10,10
2,1.0,100000000.0,0.0,0.0,0.0,536.0071001341566,0.7865839561002006,80,False,1.9312724376805182,0.1,3.0,4.0,0.1,0.0,2,-1.3589281968903593,337510.4,3375104.0,2,0.09140625,786.5839561002006,0.1171875,3.812620723247528,250.576855966044,10,10
2,1.0,100000000.0,0.0,0.0,0.0,543.3767001377419,0.9953819146940887,80,False,1.9761904103376977,0.1,3.2,4.2,0.1,0.0,2,-1.4857861625158932,437452.8,4374528.0,3,0.09140625,995.3819146940887,0.1015625,3.7709591567516325,452.0052145563468,10,10
2,1.0,100000000.0,0.0,0.0,0.0,468.09499990195036,0.8384950708020293,81,False,1.6310362004916406,0.1,2.2,3.2,0.1,0.0,2,-1.234765635646835,421068.8,4210688.0,1,,838.4950708020293,0.1328125,3.81185142993927,370.40007090007896,10,10
2,1.0,100000000.0,0.0,0.0,0.0,541.6649000253528,1.1587483740891718,81,False,1.9113166436718505,0.1,2.2,3.2,0.1,0.0,2,-1.5350325088805112,421068.8,4210688.0,2,,1158.7483740891716,0.096875,3.8438425302505492,617.083474063819,10,10
2,1.0,100000000.0,0.0,0.0,0.0,429.3093000887893,0.6678923904481449,81,False,1.4634820790500356,0.1,2.6,3.6,0.1,0.0,2,-1.0656872347490902,568524.8,5685248.0,3,,667.8923904481449,0.10625,3.8337838649749756,238.5830903593555,10,10
2,1.0,100000000.0,0.0,0.0,0.0,307.2293998557143,0.601085599121469,82,False,1.2803379299042899,0.1,2.7,3.7,0.1,0.0,2,-0.9407117645128794,389939.2,3899392.0,1,,601.0855991214689,0.15,3.533543664216995,309.8999990204526,10,10
2,1.0,100000000.0,0.0,0.0,0.0,424.2028998560272,0.6673008110080221,82,False,1.1411239434314477,0.1,2.8,3.8,0.1,0.0,2,-0.9042123772197349,337510.4,3375104.0,2,,667.300811008022,0.1109375,3.7937594294548034,243.0979111519949,10,10
2,1.0,100000000.0,0.0,0.0,0.0,346.90660011256114,0.5902159961230675,82,False,1.1832090831502953,0.1,3.2,4.2,0.1,0.0,2,-0.8867125396366814,371916.8,3719168.0,3,,590.2159961230675,0.1171875,3.714306354522705,243.3093960105064,10,10
2,1.0,100000000.0,0.0,0.0,0.0,370.00889983028173,0.6247856559735414,83,False,1.2490163612176868,0.1,2.8,3.8,0.1,0.0,2,-0.9369010085956141,337510.4,3375104.0,1,,624.7856559735415,0.128125,3.5621296405792235,254.77675614325963,10,10
2,1.0,100000000.0,0.0,0.0,0.0,418.0623000720516,0.6685379971875991,83,False,1.1977423709254662,0.1,2.6,3.6,0.1,0.0,2,-0.9331401840565327,376832.0,3768320.0,2,,668.5379971875991,0.1015625,3.692154610157013,250.47569711554746,10,10
2,1.0,100000000.0,0.0,0.0,0.0,472.15640009380877,0.7963072505259607,83,False,1.6901180056439342,0.1,1.3,2.3,0.1,0.0,2,-1.2432126280849474,465305.6,4653056.0,3,,796.3072505259607,0.146875,3.654335057735443,324.1508504321519,10,10
2,1.0,100000000.0,0.0,0.0,0.0,346.86430025612935,0.5112613700301072,84,False,1.3560370202811947,0.1,1.5,2.5,0.1,0.0,2,-0.9336491951556509,412876.8,4128768.0,1,,511.2613700301072,0.1390625,3.5528230369091034,233.31418251565418,10,10
2,1.0,100000000.0,0.0,0.0,0.0,293.2661000522785,0.6296813543069713,84,False,1.097410226110851,0.1,1.5,2.5,0.1,0.0,2,-0.8635457902089111,412876.8,4128768.0,2,,629.6813543069712,0.1140625,3.7602648794651032,336.4152542546927,10,10
2,1.0,100000000.0,0.0,0.0,0.0,365.74400000972673,0.5884024113661436,84,False,1.2183653303264603,0.1,2.2,3.2,0.1,0.0,2,-0.903383870846302,521011.2,5210112.0,3,,588.4024113661436,0.1421875,3.588740825653076,233.51210223103175,10,10
2,1.0,100000000.0,0.0,0.0,0.0,349.4080000091344,0.5684491570391749,85,False,1.2784839387784002,0.1,2.6,3.6,0.1,0.0,2,-0.9234665479087876,429260.8,4292608.0,1,,568.4491570391749,0.1359375,3.5525655150413513,219.04115703004044,10,10
2,1.0,100000000.0,0.0,0.0,0.0,361.65750003419816,0.731633725552699,85,False,1.148826010912054,0.1,2.5,3.5,0.1,0.0,2,-0.9402298682323765,468582.4,4685824.0,2,,731.633725552699,0.125,3.726705950498581,489.56432557885574,10,10
2,1.0,100000000.0,0.0,0.0,0.0,356.1763001489453,0.648401482530147,85,False,1.2298564681315496,0.1,2.8,3.8,0.1,0.0,2,-0.9391289753308483,516096.0,5160960.0,3,,648.401482530147,0.109375,3.734403359889984,292.2251823812017,10,10
2,1.0,100000000.0,0.0,0.0,0.0,305.9048998984508,0.7613420004811202,86,False,1.2428285171033728,0.1,2.3,3.3,0.1,0.0,2,-1.0020852587922464,560332.8,5603328.0,1,,761.3420004811202,0.1609375,3.479045593738556,455.4371005826695,10,10
2,1.0,100000000.0,0.0,0.0,0.0,355.18460016464815,0.6480449770380294,86,False,1.0982886220530443,0.1,2.1,3.1,0.1,0.0,2,-0.8731667995455369,512819.2,5128192.0,2,,648.0449770380294,0.11875,3.7917172789573668,292.86037687338137,10,10
2,1.0,100000000.0,0.0,0.0,0.0,294.29779993370175,0.5608838965085079,86,False,1.1910492399283492,0.1,2.4,3.4,0.1,0.0,2,-0.8759665682184286,421068.8,4210688.0,3,,560.8838965085079,0.134375,3.6108981013298034,266.58609657480616,10,10
2,1.0,100000000.0,0.0,0.0,0.0,418.3759000734426,0.7434328851345111,87,False,1.3145600935815742,0.1,2.2,3.2,0.1,0.0,2,-1.0289964893580428,460390.4,4603904.0,1,,743.4328851345111,0.1625,3.448877477645874,325.0569850610685,10,10
2,1.0,100000000.0,0.0,0.0,0.0,302.8159000677988,0.7086197229959168,87,False,1.0587387268321793,0.1,2.0,3.0,0.1,0.0,2,-0.883679224914048,499712.0,4997120.0,2,,708.6197229959168,0.128125,3.741759479045868,416.80762318848673,10,10
2,1.0,100000000.0,0.0,0.0,0.0,310.99469994660467,0.5744565733075967,87,False,1.198065945069982,0.1,1.7,2.7,0.1,0.0,2,-0.8862612591887893,452198.4,4521984.0,3,,574.4565733075967,0.13125,3.663971650600433,279.1752734520366,10,10
2,1.0,100000000.0,0.0,0.0,0.0,350.50490021239966,0.7163476499021149,88,False,1.233072596689225,0.1,1.4,2.4,0.1,0.0,2,-0.97471012329567,517734.4,5177344.0,1,,716.3476499021149,0.146875,3.5570849001407625,365.8427496897153,10,10
2,1.0,100000000.0,0.0,0.0,0.0,403.22519990149885,0.8712819857020732,88,False,1.1977423709254662,0.1,2.2,3.2,0.1,0.0,2,-1.0345121783137696,573440.0,5734400.0,2,,871.2819857020731,0.14375,3.6797183454036713,468.0567858005743,10,10
2,1.0,100000000.0,0.0,0.0,0.0,428.3823998994194,0.6415402240771287,88,False,1.4227795795793696,0.1,2.3,3.3,0.1,0.0,2,-1.0321599018282492,368640.0,3686400.0,3,,641.5402240771288,0.134375,3.646062707901001,213.15782417770936,10,10
2,1.0,100000000.0,0.0,0.0,0.0,412.8448001574725,0.735629091704021,89,False,1.410777677251896,0.1,1.9,2.9,0.1,0.0,2,-1.0732033844779585,347340.8,3473408.0,1,,735.629091704021,0.1453125,3.5125693500041963,322.7842915465485,10,10
2,1.0,100000000.0,0.0,0.0,0.0,426.7036000965163,0.6157183553139893,89,False,1.1977423709254662,0.1,2.1,3.1,0.1,0.0,2,-0.9067303631197278,308019.2,3080192.0,2,,615.7183553139894,0.128125,3.6872958660125734,189.01475521747298,10,10
2,1.0,100000000.0,0.0,0.0,0.0,348.61619991716,0.6393947224999202,89,False,1.183057273981666,0.1,1.9,2.9,0.1,0.0,2,-0.9112259982407931,486604.8,4866048.0,3,,639.3947224999202,0.1515625,3.5997440218925476,290.7785225827603,10,10
2,1.0,100000000.0,0.0,0.0,0.0,367.9081999580376,0.8592422257476633,90,False,1.3589230955219458,0.1,2.7,3.7,0.1,0.0,2,-1.1090826606348045,429260.8,4292608.0,1,0.0984375,859.2422257476633,0.1390625,3.495735800266266,491.3340257896256,10,10
2,1.0,100000000.0,0.0,0.0,0.0,352.5234000990167,0.8987646397540334,90,False,1.0017243608559,0.1,2.6,3.6,0.1,0.0,2,-0.9502445003049668,429260.8,4292608.0,2,0.0984375,898.7646397540334,0.115625,3.6873482406139373,546.2412396550167,10,10
2,1.0,100000000.0,0.0,0.0,0.0,360.92910007573664,0.6603715101976821,90,False,1.183057273981666,0.1,2.7,3.7,0.1,0.0,2,-0.9217143920896741,416153.6,4161536.0,3,0.0984375,660.3715101976821,0.1359375,3.6158706903457642,299.44241012194544,10,10
2,1.0,100000000.0,0.0,0.0,0.0,298.0293999426067,0.569955198775015,91,False,1.2559257429718511,0.1,2.4,3.4,0.1,0.0,2,-0.912940470873433,355532.8,3555328.0,1,,569.955198775015,0.14375,3.5448591649532317,275.8564986693367,10,10
2,1.0,100000000.0,0.0,0.0,0.0,358.05639991303906,0.6037760427180989,91,False,1.1044575116402366,0.1,2.4,3.4,0.1,0.0,2,-0.8541167771791678,355532.8,3555328.0,2,,603.7760427180989,0.1109375,3.8124306738376617,245.71964280505986,10,10
2,1.0,100000000.0,0.0,0.0,0.0,343.6677001300268,0.601697969477729,91,False,1.183057273981666,0.1,2.6,3.6,0.1,0.0,2,-0.8923776217296975,494796.8,4947968.0,3,,601.697969477729,0.1171875,3.7369883954524994,258.03026934770224,10,10
2,1.0,100000000.0,0.0,0.0,0.0,355.89600005187094,0.7293090322610745,92,False,1.3589230955219458,0.1,2.7,3.7,0.1,0.0,2,-1.0441160638915101,455475.2,4554752.0,1,,729.3090322610744,0.15,3.4487432479858398,373.41303220920355,10,10
2,1.0,100000000.0,0.0,0.0,0.0,306.44630000460893,0.5498286670277697,92,False,1.0978080954995268,0.1,2.9,3.9,0.1,0.0,2,-0.8238183812636483,376832.0,3768320.0,2,,549.8286670277697,0.1328125,3.609215831756592,256.347967029443,10,10
2,1.0,100000000.0,0.0,0.0,0.0,424.1903998190537,0.6381750332332173,92,False,1.2708962675670674,0.1,3.0,4.0,0.1,0.0,2,-0.9545356504001423,350617.6,3506176.0,3,,638.1750332332174,0.1671875,3.593501454591751,213.9846334141636,10,10
2,1.0,100000000.0,0.0,0.0,0.0,487.5620999955572,0.719331007144627,93,False,1.8398523641032136,0.1,3.0,4.0,0.1,0.0,2,-1.2795916856239202,350617.6,3506176.0,1,,719.331007144627,0.14375,3.5166774868965147,231.76890714906978,10,10
2,1.0,100000000.0,0.0,0.0,0.0,357.18010016717017,0.6339552200080019,93,False,1.1283409684329309,0.1,2.7,3.7,0.1,0.0,2,-0.8811480942204664,429260.8,4292608.0,2,,633.9552200080019,0.1125,3.6986031770706176,276.7751198408316,10,10
2,1.0,100000000.0,0.0,0.0,0.0,303.6345000145957,0.588918647911468,93,False,1.1301333757415186,0.1,2.6,3.6,0.1,0.0,2,-0.8595260118264934,455475.2,4554752.0,3,,588.9186479114679,0.121875,3.624906802177429,285.2841478968723,10,10
2,1.0,100000000.0,0.0,0.0,0.0,312.70020006923005,0.5722632260860121,94,False,1.3480635604435172,0.1,2.7,3.7,0.1,0.0,2,-0.9601633932647646,429260.8,4292608.0,1,,572.2632260860121,0.1484375,3.5317493975162506,259.5630260167821,10,10
2,1.0,100000000.0,0.0,0.0,0.0,354.4335000333376,0.779531579089499,94,False,0.982897471633877,0.1,3.1,4.1,0.1,0.0,2,-0.881214525361688,324403.2,3244032.0,2,,779.531579089499,0.1359375,3.633517563343048,425.09807905616134,10,10
2,1.0,100000000.0,0.0,0.0,0.0,358.76950016245246,0.6985076306087515,94,False,1.1092886853133028,0.1,3.4,4.4,0.1,0.0,2,-0.9038981579610272,371916.8,3719168.0,3,,698.5076306087516,0.1296875,3.574899876117706,469.6170304601631,10,10
2,1.0,100000000.0,0.0,0.0,0.0,301.5014000120573,0.570090009744427,95,False,1.3480635604435172,0.1,3.4,4.4,0.1,0.0,2,-0.9590767850939721,371916.8,3719168.0,1,,570.090009744427,0.1125,3.5842191100120546,274.07020967887615,10,10
2,1.0,100000000.0,0.0,0.0,0.0,293.10370015446097,0.5371198615192019,95,False,1.007555155240535,0.1,3.4,4.4,0.1,0.0,2,-0.7723375083798685,371916.8,3719168.0,2,,537.1198615192019,0.1640625,3.5458857119083405,248.65416152333393,10,10
2,1.0,100000000.0,0.0,0.0,0.0,318.29330004984513,0.631866609734119,95,False,1.1301333757415186,0.1,3.2,4.2,0.1,0.0,2,-0.8809999927378188,398131.2,3981312.0,3,,631.866609734119,0.146875,3.5793836653232574,328.11310974472127,10,10
2,1.0,100000000.0,0.0,0.0,0.0,302.895899862051,0.5033159989575915,96,False,1.3480635604435172,0.1,3.2,4.2,0.1,0.0,2,-0.9256897797005543,411238.4,4112384.0,1,,503.3159989575915,0.1234375,3.573616546392441,211.70689894967376,10,10
2,1.0,100000000.0,0.0,0.0,0.0,481.68640001676977,0.6653935795686403,96,False,1.3784764040140258,0.1,3.0,4.0,0.1,0.0,2,-1.021934991791333,424345.6,4243456.0,2,,665.3935795686403,0.121875,3.597323936223984,277.51537398664095,10,10
2,1.0,100000000.0,0.0,0.0,0.0,478.85870008030906,0.7889725863716395,96,False,1.3524209777882248,0.1,2.4,3.4,0.1,0.0,2,-1.0706967820799322,468582.4,4685824.0,3,,788.9725863716395,0.1375,3.526160144805908,310.11388629133046,10,10
2,1.0,100000000.0,0.0,0.0,0.0,476.5550000593066,0.9858144031728427,97,False,1.6565378641361796,0.1,2.6,3.6,0.1,0.0,2,-1.3211761336545111,607846.4,6078464.0,1,,985.8144031728427,0.1296875,3.535300278663635,509.2594031135361,10,10
2,1.0,100000000.0,0.0,0.0,0.0,489.7638999973424,0.7413107298802797,97,False,1.3504957284299561,0.1,2.3,3.3,0.1,0.0,2,-1.045903229155118,699596.8,6995968.0,2,,741.3107298802797,0.175,3.5679673194885253,251.54682988293732,10,10
2,1.0,100000000.0,0.0,0.0,0.0,365.84900005254894,0.7007248777460353,97,False,1.2734026694571643,0.1,2.0,3.0,0.1,0.0,2,-0.9870637736015998,625868.8,6258688.0,3,,700.7248777460353,0.1359375,3.563410919904709,334.8758776934864,10,10
2,1.0,100000000.0,0.0,0.0,0.0,354.85350008821115,0.8168797902281539,98,False,1.2920521478350122,0.1,2.7,3.7,0.1,0.0,2,-1.054465969031583,468582.4,4685824.0,1,,816.879790228154,0.128125,3.5543074786663054,501.4351680736442,10,10
2,1.0,100000000.0,0.0,0.0,0.0,350.8885996416211,0.5979532043394602,98,False,1.0994609466206864,0.1,2.2,3.2,0.1,0.0,2,-0.8487070754800733,573440.0,5734400.0,2,,597.9532043394602,0.128125,3.7211230099201202,269.92261497377655,10,10
2,1.0,100000000.0,0.0,0.0,0.0,427.5850998237729,0.6561567254096102,98,False,1.410218443980428,0.1,2.8,3.8,0.1,0.0,2,-1.0331875846950191,516096.0,5160960.0,3,,656.1567254096102,0.146875,3.524056005477905,263.1437153424663,10,10
2,1.0,100000000.0,0.0,0.0,0.0,420.7540999050252,0.6760980903964293,99,False,1.3829959473220401,0.1,2.8,3.8,0.1,0.0,2,-1.0295470188592346,516096.0,5160960.0,1,,676.0980903964294,0.140625,3.522132045030594,255.3439904914041,10,10
2,1.0,100000000.0,0.0,0.0,0.0,409.9553999840282,0.6915487620559514,99,False,1.1976483810993779,0.1,2.8,3.8,0.1,0.0,2,-0.9445985715776646,502988.8,5029888.0,2,,691.5487620559514,0.125,3.673228234052658,302.73499031416907,10,10
2,1.0,100000000.0,0.0,0.0,0.0,406.32769995136186,0.6995354225347424,99,False,1.410218443980428,0.1,2.8,3.8,0.1,0.0,2,-1.0548769332575851,616038.4,6160384.0,3,,699.5354225347425,0.1515625,3.5961642503738402,293.2077225833806,10,10
7,1.0,100000000.0,0.0,0.0,0.0,360.225000011269,0.6721378250456507,100,False,5.1150387889866735,0.1,2.7,3.7,0.1,0.0,4,-2.893588307016162,668467.2,6684672.0,1,0.11328125,672.1378250456506,0.1390625,3.5467123210430147,311.9128250343816,10,10
2,1.0,20000000.0,0.0,0.0,0.0,438.39400011347607,3.1414286547593475,100,False,1.1976483810993779,0.1,2.3,3.3,0.1,0.0,2,-2.1695385179293627,747110.4,7471104.0,2,0.11328125,3141.4286547593474,0.140625,3.6541726291179657,2703.0346546458713,10,10
2,1.0,100000000.0,0.0,0.0,0.0,294.8345001786947,0.6095205430743639,100,False,1.1804070333700256,0.1,2.4,3.4,0.1,0.0,2,-0.8949637882221948,747110.4,7471104.0,3,0.11328125,609.5205430743639,0.1421875,3.5756574094295503,314.6860428956692,10,10
7,1.0,100000000.0,0.0,0.0,0.0,299.062599951867,0.5300886717791434,101,False,4.885762549467506,0.1,2.1,3.1,0.1,0.0,4,-2.7079256106233247,825753.6,8257536.0,1,,530.0886717791434,0.1671875,3.504292446374893,357.36657184816414,10,10
2,1.0,20000000.0,0.0,0.0,0.0,345.078399812337,1.6872991360433607,101,False,1.0994609466206864,0.1,2.1,3.1,0.1,0.0,2,-1.3933800413320236,799539.2,7995392.0,2,,1687.2991360433607,0.10625,3.837270498275757,1342.2207362310237,10,10
2,1.0,100000000.0,0.0,0.0,0.0,430.7662000064738,0.7932783417198006,101,False,1.393685863821434,0.1,2.1,3.1,0.1,0.0,2,-1.0934821027706172,634060.8,6340608.0,3,,793.2783417198006,0.140625,3.6586325407028197,362.51214171332686,10,10
7,1.0,100000000.0,0.0,0.0,0.0,353.83229999570176,0.609356949979259,102,False,5.229002936997446,0.1,2.0,3.0,0.1,0.0,4,-2.9191799434883525,573440.0,5734400.0,1,,609.3569499792591,0.1734375,3.4458637714385985,305.13055054222934,10,10
2,1.0,20000000.0,0.0,0.0,0.0,358.89579978538677,1.7144174493169062,102,False,1.084906989184028,0.1,2.9,3.9,0.1,0.0,2,-1.399662219250467,476774.4,4767744.0,2,,1714.4174493169062,0.14375,3.5954512000083922,1355.5216495315194,10,10
2,1.0,100000000.0,0.0,0.0,0.0,411.3461998058483,0.6627187682194291,102,False,1.1831038845571817,0.1,3.3,4.3,0.1,0.0,2,-0.9229113263883054,358809.6,3588096.0,3,,662.7187682194291,0.1421875,3.5803317785263062,251.37256841358086,10,10
7,1.0,100000000.0,0.0,0.0,0.0,350.8782997378148,0.5824981669943832,103,False,3.1160651368905476,0.1,2.4,3.4,0.1,0.0,3,-1.8492816519424653,507904.0,5079040.0,1,,582.4981669943832,0.153125,3.4430365383625032,366.6948753125636,10,10
2,1.0,20000000.0,0.0,0.0,0.0,436.40300014521927,1.7416857513017314,103,False,1.1688748316566575,0.1,2.8,3.8,0.1,0.0,2,-1.4552802914791945,389939.2,3899392.0,2,,1741.6857513017314,0.1625,3.5522864758968353,1305.2827511565122,10,10
2,1.0,100000000.0,0.0,0.0,0.0,359.0670999838039,0.7243969851728391,103,False,1.2117897147069916,0.1,2.6,3.6,0.1,0.0,2,-0.9680933499399154,468582.4,4685824.0,3,,724.3969851728391,0.134375,3.530509752035141,365.32988518903517,10,10
7,1.0,100000000.0,0.0,0.0,0.0,300.74519995832816,0.5281564866140043,104,False,4.932829576252792,0.1,2.6,3.6,0.1,0.0,4,-2.730493031433398,468582.4,4685824.0,1,,528.1564866140043,0.1890625,3.34867981672287,227.41128665567612,10,10
2,1.0,20000000.0,0.0,0.0,0.0,354.4670999981463,1.495739972437435,104,False,1.1413304346596012,0.1,3.0,4.0,0.1,0.0,2,-1.318535203548518,350617.6,3506176.0,2,,1495.739972437435,0.15,3.6731239318847657,1242.7681635652323,10,10
2,1.0,100000000.0,0.0,0.0,0.0,364.8662000778131,0.6095712586331109,104,False,1.2049238639578996,0.1,3.4,4.4,0.1,0.0,2,-0.9072475612955053,371916.8,3719168.0,3,,609.5712586331109,0.1328125,3.5495828807353975,244.7050585552978,10,10
7,1.0,100000000.0,0.0,0.0,0.0,297.0778999151662,0.4450650461932232,105,False,2.877021345300426,0.1,2.6,3.6,0.1,0.0,3,-1.6610431957468246,442368.0,4423680.0,1,,445.06504619322317,0.15625,3.4293219327926634,270.0451496529592,10,10
2,1.0,20000000.0,0.0,0.0,0.0,345.5155999981798,1.727343038610902,105,False,1.122417138227211,0.1,2.5,3.5,0.1,0.0,2,-1.4248800884190564,760217.6,7602176.0,2,,1727.343038610902,0.128125,3.662704873085022,1381.8274386127223,10,10
2,1.0,100000000.0,0.0,0.0,0.0,366.36709998128936,0.6184874915533316,105,False,1.1441050750474486,0.1,2.3,3.3,0.1,0.0,2,-0.8812962833003901,660275.2,6602752.0,3,,618.4874915533316,0.128125,3.6266779601573944,252.12039157204225,10,10
7,1.0,100000000.0,0.0,0.0,0.0,347.4929999210872,0.5971461814634941,106,False,3.071974742716036,0.1,1.4,2.4,0.1,0.0,3,-1.834560462089765,796262.4,7962624.0,1,,597.146181463494,0.178125,3.3181593358516692,299.3985823454009,10,10
2,1.0,20000000.0,0.0,0.0,0.0,350.73010000633076,1.8666879825761646,106,False,1.122417138227211,0.1,2.2,3.2,0.1,0.0,2,-1.4945525604016878,573440.0,5734400.0,2,,1866.6879825761646,0.1421875,3.5959360182285307,1515.9578825698338,10,10
2,1.0,100000000.0,0.0,0.0,0.0,307.1459998609498,0.5499394173409712,106,False,1.053682655987863,0.1,2.6,3.6,0.1,0.0,2,-0.8018110366644171,607846.4,6078464.0,3,,549.9394173409712,0.153125,3.5493096828460695,242.7934174800214,10,10
7,1.0,100000000.0,0.0,0.0,0.0,297.3040998913348,0.6192898868711529,107,False,5.038670052012044,0.1,2.6,3.6,0.1,0.0,4,-2.8289799694415985,607846.4,6078464.0,1,,619.2898868711529,0.1640625,3.4087887048721313,321.98578697981816,10,10
2,1.0,20000000.0,0.0,0.0,0.0,289.6838000160642,1.3205558203571157,107,False,1.040415509823083,0.1,2.6,3.6,0.1,0.0,2,-1.1804856650900994,481689.6,4816896.0,2,,1320.5558203571156,0.16875,3.4831986010074614,1030.8720203410514,10,10
2,1.0,100000000.0,0.0,0.0,0.0,304.7177998814732,0.5894607080091083,107,False,1.1620949583595617,0.1,2.2,3.2,0.1,0.0,2,-0.875777833184335,586547.2,5865472.0,3,,589.4607080091083,0.1421875,3.5588633537292482,293.85040803489403,10,10
7,1.0,100000000.0,0.0,0.0,0.0,358.9468001155183,0.7694958369876055,108,False,1.2880759070955983,0.1,2.2,3.2,0.1,0.0,2,-1.0287858720416019,586547.2,5865472.0,1,,769.4958369876055,0.1765625,3.362554830312729,410.54903687208724,10,10
2,1.0,20000000.0,0.0,0.0,0.0,418.60190010629594,1.6614714134963544,108,False,1.2070490522475597,0.1,2.7,3.7,0.1,0.0,2,-1.434260232871957,416153.6,4161536.0,2,,1661.4714134963544,0.1546875,3.589127022027969,1242.8695133900585,10,10
2,1.0,100000000.0,0.0,0.0,0.0,414.80049991514534,0.8706936449055445,108,False,1.364387137051855,0.1,3.0,4.0,0.1,0.0,2,-1.1175403909786996,502988.8,5029888.0,3,,870.6936449055445,0.175,3.5127779126167296,455.8931449903992,10,10
7,1.0,100000000.0,0.0,0.0,0.0,478.70810015592724,0.693157239834191,109,False,1.7282062781735412,0.1,3.5,4.5,0.1,0.0,2,-1.210681759003866,371916.8,3719168.0,1,,693.1572398341909,0.1515625,3.530764764547348,214.44913967826378,10,10
2,1.0,20000000.0,0.0,0.0,0.0,361.8534000706859,1.4404931388310291,109,False,0.970850872914182,0.1,3.7,4.7,0.1,0.0,2,-1.2056720058726056,293273.6,2932736.0,2,,1440.4931388310292,0.1609375,3.5296838104724886,1197.3781388117136,10,10
2,1.0,100000000.0,0.0,0.0,0.0,368.59470000490546,0.4780287691318365,109,False,1.1397089970473873,0.1,3.2,4.2,0.1,0.0,2,-0.8088688830896119,285081.6,2850816.0,3,,478.0287691318365,0.1796875,3.5113091468811035,213.6295303351742,10,10
7,1.0,100000000.0,0.0,0.0,0.0,294.2443998763338,0.473649449940778,110,False,2.721478800983036,0.1,2.7,3.7,0.1,0.0,3,-1.597564125461907,403046.4,4030464.0,1,0.1125,473.649449940778,0.146875,3.453630667924881,298.48145007016853,10,10
2,1.0,20000000.0,0.0,0.0,0.0,346.2322998675518,1.7076326187331599,110,False,1.0705810941742728,0.1,2.6,3.6,0.1,0.0,2,-1.3891068564537163,455475.2,4554752.0,2,0.1125,1707.63261873316,0.171875,3.558859348297119,1444.8417519016052,10,10
2,1.0,100000000.0,0.0,0.0,0.0,303.5519001423381,0.6092642327910412,110,False,1.2006363320874,0.1,2.6,3.6,0.1,0.0,2,-0.9049502824392206,455475.2,4554752.0,3,0.1125,609.2642327910412,0.1390625,3.557348519563675,311.0580330155913,10,10
7,1.0,100000000.0,0.0,0.0,0.0,301.3513998594135,0.5513383618388716,111,False,2.9652064873010144,0.1,2.3,3.3,0.1,0.0,3,-1.758272424569943,534118.4,5341184.0,1,,551.3383618388716,0.140625,3.6021706461906433,310.52376187363836,10,10
2,1.0,20000000.0,0.0,0.0,0.0,357.8324999543838,1.482208382403133,111,False,1.0193906934221302,0.1,2.3,3.3,0.1,0.0,2,-1.2507995379126315,534118.4,5341184.0,2,,1482.2083824031329,0.153125,3.657928168773651,1124.375882448749,10,10
2,1.0,100000000.0,0.0,0.0,0.0,361.83490010444075,0.6049708219727314,111,False,1.2434957544737015,0.1,1.7,2.7,0.1,0.0,2,-0.9242332882232165,552140.8,5521408.0,3,,604.9708219727314,0.128125,3.7350664496421815,248.64196940928164,10,10
7,1.0,100000000.0,0.0,0.0,0.0,294.1636000177823,0.5017368221030507,112,False,4.922956304205407,0.1,1.7,2.7,0.1,0.0,4,-2.7123465631542287,539033.6,5390336.0,1,,501.7368221030507,0.121875,3.588111865520477,261.5949285466854,10,10
2,1.0,20000000.0,0.0,0.0,0.0,368.48149995785207,2.2223330292341767,112,False,1.0499167035669046,0.1,1.6,2.6,0.1,0.0,2,-1.6361248664005408,539033.6,5390336.0,2,,2222.3330292341766,0.1453125,3.5221675515174864,1853.851529276325,10,10
2,1.0,100000000.0,0.0,0.0,0.0,308.5913999238983,0.6240869713661052,112,False,1.2910106768193237,0.1,1.6,2.6,0.1,0.0,2,-0.9575488240927145,565248.0,5652480.0,3,,624.0869713661052,0.1703125,3.460440236330032,315.49557144220694,10,10
7,1.0,100000000.0,0.0,0.0,0.0,300.9113000589423,0.531135903248423,113,False,2.978518434452596,0.1,2.0,3.0,0.1,0.0,3,-1.7548271688505095,473497.6,4734976.0,1,,531.135903248423,0.18125,3.4478208243846895,245.74539161085337,10,10
2,1.0,20000000.0,0.0,0.0,0.0,301.0967999580316,1.456010184809797,113,False,1.0607160062658625,0.1,1.7,2.7,0.1,0.0,2,-1.2583630955378298,565248.0,5652480.0,2,,1456.010184809797,0.1421875,3.5899893820285795,1158.9902846959872,10,10
2,1.0,100000000.0,0.0,0.0,0.0,303.44160000095144,0.5645651151664515,113,False,1.1804070333700256,0.1,1.2,2.2,0.1,0.0,2,-0.8724860742682385,543948.8,5439488.0,3,,564.5651151664515,0.1625,3.545703810453415,261.27601533718,10,10
7,1.0,100000000.0,0.0,0.0,0.0,365.65739987418056,0.7202776403647173,114,False,3.105130010917013,0.1,1.9,2.9,0.1,0.0,3,-1.912703825640865,499712.0,4997120.0,1,,720.2776403647173,0.1390625,3.5068769454956055,354.62024049053673,10,10
2,1.0,20000000.0,0.0,0.0,0.0,370.08469994179904,4.518490259658896,114,False,1.091522870717207,0.1,1.6,2.6,0.1,0.0,2,-2.8050065651880516,843776.0,8437760.0,2,,4518.490259658896,0.1453125,3.5858542799949644,4148.405559717097,10,10
2,1.0,100000000.0,0.0,0.0,0.0,354.8399999854155,0.6747541018429085,114,False,1.1916437289649133,0.1,1.7,2.7,0.1,0.0,2,-0.9331989154039109,791347.2,7913472.0,3,,674.7541018429085,0.15,3.5150452077388765,377.58710583523174,10,10
7,1.0,100000000.0,0.0,0.0,0.0,296.72759998356923,0.5207602354471684,115,False,3.166978839619128,0.1,2.5,3.5,0.1,0.0,3,-1.8438695375331482,607846.4,6078464.0,1,,520.7602354471684,0.1421875,3.440642261505127,238.44936670054375,10,10
2,1.0,20000000.0,0.0,0.0,0.0,356.8252000841312,1.6766020588299266,115,False,1.1128777990360494,0.1,2.5,3.5,0.1,0.0,2,-1.394739928932988,607846.4,6078464.0,2,,1676.6020588299266,0.146875,3.5271359860897062,1435.3404587206437,10,10
2,1.0,100000000.0,0.0,0.0,0.0,340.2883997769095,0.6647206363518845,115,False,1.1916437289649133,0.1,2.5,3.5,0.1,0.0,2,-0.9281821826583989,607846.4,6078464.0,3,,664.7206363518845,0.1453125,3.5921541094779967,324.432236574975,10,10
7,1.0,100000000.0,0.0,0.0,0.0,243.3958999463357,0.5173440606677555,116,False,2.7802699383455267,0.1,2.9,3.9,0.1,0.0,3,-1.648806999506641,655360.0,6553600.0,1,,517.3440606677555,0.171875,3.31778062582016,273.94816072141987,10,10
2,1.0,20000000.0,0.0,0.0,0.0,301.4664999791421,1.6948226761184753,116,False,1.0519672142075611,0.1,2.5,3.5,0.1,0.0,2,-1.3733949451630183,747110.4,7471104.0,2,,1694.8226761184753,0.1234375,3.681449645757675,1393.3561761393332,10,10
2,1.0,100000000.0,0.0,0.0,0.0,354.8977999598719,0.6049000147751843,116,False,1.1248236510726215,0.1,2.7,3.7,0.1,0.0,2,-0.8648618329239028,668467.2,6684672.0,3,,604.9000147751843,0.159375,3.481425142288208,355.7634148302798,10,10
7,1.0,100000000.0,0.0,0.0,0.0,353.50110003491864,0.5680207100878076,117,False,5.158058828131729,0.1,2.8,3.8,0.1,0.0,4,-2.8630397691097684,668467.2,6684672.0,1,,568.0207100878076,0.2,3.2848560392856596,214.51961005288894,10,10
2,1.0,20000000.0,0.0,0.0,0.0,295.8798999316059,1.7006825579868516,117,False,1.0991416193701444,0.1,2.5,3.5,0.1,0.0,2,-1.399912088678498,707788.8,7077888.0,2,,1700.6825579868516,0.1640625,3.463449788093567,1413.689758205123,10,10
2,1.0,100000000.0,0.0,0.0,0.0,373.24389995774254,0.6230087168674101,117,False,1.2366190229957992,0.1,3.1,4.1,0.1,0.0,2,-0.9298138699316046,550502.4,5505024.0,3,,623.0087168674102,0.15625,3.524846702814102,365.4529296794914,10,10
7,1.0,100000000.0,0.0,0.0,0.0,305.31699961284176,0.6027603817357727,118,False,3.008952263145474,0.1,2.9,3.9,0.1,0.0,3,-1.8058563224406234,629145.6,6291456.0,1,,602.7603817357727,0.15,3.3174249947071077,297.44338212293104,10,10
2,1.0,20000000.0,0.0,0.0,0.0,369.67579991323873,1.7594093238988622,118,False,1.1709483829475018,0.1,2.0,3.0,0.1,0.0,2,-1.465178853423182,625868.8,6258688.0,2,,1759.409323898862,0.165625,3.5597260534763335,1389.7335239856234,10,10
2,1.0,100000000.0,0.0,0.0,0.0,381.76490023033693,0.6795860210216662,118,False,1.2366190229957992,0.1,1.8,2.8,0.1,0.0,2,-0.9581025220087327,525926.4,5259264.0,3,,679.5860210216662,0.1375,3.5873423278331757,327.285631689392,10,10
7,1.0,100000000.0,0.0,0.0,0.0,304.9058002070524,0.5669149306405272,119,False,3.008952263145474,0.1,1.6,2.6,0.1,0.0,3,-1.7879335968930006,425984.0,4259840.0,1,,566.9149306405272,0.175,3.3908121407032015,328.59133078371474,10,10
2,1.0,20000000.0,0.0,0.0,0.0,359.34560000896454,1.3191911053882077,119,False,1.1088658555294142,0.1,1.6,2.6,0.1,0.0,2,-1.2140284804588108,425984.0,4259840.0,2,,1319.1911053882077,0.153125,3.5447074711322784,959.8455053792431,10,10
2,1.0,100000000.0,0.0,0.0,0.0,396.04509982746094,0.6212949354316812,119,False,1.1268611852869836,0.1,1.7,2.7,0.1,0.0,2,-0.8740780603593324,273612.8,2736128.0,3,,621.2949354316812,0.15625,3.473331356048584,225.2498356042203,10,10
7,1.0,100000000.0,0.0,0.0,0.0,418.2701000245288,0.7618802801732056,120,False,3.24472261752857,0.1,1.6,2.6,0.1,0.0,3,-2.0033014488508876,326041.6,3260416.0,1,0.12109375,761.8802801732056,0.2015625,3.3953956842422484,343.61018014867676,10,10
2,1.0,20000000.0,0.0,0.0,0.0,345.32209986355156,1.559383655232989,120,False,1.0007158334802044,0.1,1.6,2.6,0.1,0.0,2,-1.2800497443565968,326041.6,3260416.0,2,0.12109375,1559.383655232989,0.15,3.631216377019882,1318.7155550445027,10,10
2,1.0,100000000.0,0.0,0.0,0.0,429.9869002425112,0.6893196553831678,120,False,1.2745659997554923,0.1,1.1,2.1,0.1,0.0,2,-0.98194282756933,317849.6,3178496.0,3,0.12109375,689.3196553831677,0.1484375,3.4101714551448823,259.3327551406566,10,10
7,1.0,100000000.0,0.0,0.0,0.0,423.0586998164654,0.6711881012044627,121,False,3.55617312673348,0.1,1.1,2.1,0.1,0.0,3,-2.1136806139689712,317849.6,3178496.0,1,,671.1881012044627,0.15,3.4407194375991823,248.1294013879973,10,10
2,1.0,20000000.0,0.0,0.0,0.0,461.45089977653697,2.0330738382664766,121,False,1.3723412731734423,0.1,1.1,2.1,0.1,0.0,2,-1.7027075557199596,317849.6,3178496.0,2,,2033.0738382664765,0.146875,3.614247512817383,1571.6229384899393,10,10
2,1.0,100000000.0,0.0,0.0,0.0,475.65789986401796,0.7109429927748724,121,False,1.3179617239033417,0.1,1.1,2.1,0.1,0.0,2,-1.014452358339107,317849.6,3178496.0,3,,710.9429927748724,0.1328125,3.6139508903026583,235.2850929108544,10,10
7,1.0,100000000.0,0.0,0.0,0.0,370.1178997871466,0.6120690719530084,122,False,3.259934119417413,0.1,1.2,2.2,0.1,0.0,3,-1.9360015956852108,417792.0,4177920.0,1,,612.0690719530085,0.1625,3.411860686540604,241.95117216586175,10,10
2,1.0,20000000.0,0.0,0.0,0.0,307.8497997485101,1.6047225897134818,122,False,1.0472595489980465,0.1,1.8,2.8,0.1,0.0,2,-1.3259910693557642,425984.0,4259840.0,2,,1604.7225897134817,0.178125,3.51382320523262,1313.623289745727,10,10
2,1.0,100000000.0,0.0,0.0,0.0,363.5408998816274,0.5957312758571913,122,False,1.1092886853133028,0.1,2.5,3.5,0.1,0.0,2,-0.8525099805852471,355532.8,3555328.0,3,,595.7312758571913,0.1359375,3.5471210300922396,232.1903759755639,10,10
7,1.0,100000000.0,0.0,0.0,0.0,231.78670002380386,0.2851051422552215,123,False,6.859792490260711,0.1,1.9,2.9,0.1,0.0,5,-3.572448816257966,373555.2,3735552.0,1,,285.1051422552215,0.190625,3.316715931892395,210.3453174096205,10,10
2,1.0,20000000.0,0.0,0.0,0.0,364.3177000922151,2.245915059328076,123,False,1.058317742257222,0.1,2.5,3.5,0.1,0.0,2,-1.652116400792649,355532.8,3555328.0,2,,2245.915059328076,0.1796875,3.5055905520915984,2008.756559495345,10,10
2,1.0,100000000.0,0.0,0.0,0.0,368.0520000634715,0.7000304045117247,123,False,1.2553096569192261,0.1,2.5,3.5,0.1,0.0,2,-0.9776700307154754,355532.8,3555328.0,3,,700.0304045117247,0.1421875,3.4697215378284456,331.97840444825323,10,10
7,1.0,100000000.0,0.0,0.0,0.0,351.89230006653816,0.5079054103115231,124,False,3.056283961691996,0.1,2.0,3.0,0.1,0.0,3,-1.7820946860017595,347340.8,3473408.0,1,,507.90541031152316,0.171875,3.2707332491874697,206.71604349849642,10,10
2,1.0,20000000.0,0.0,0.0,0.0,354.04649982228875,1.5219000136365561,124,False,1.0919663316055725,0.1,2.4,3.4,0.1,0.0,2,-1.3069331726210645,547225.6,5472256.0,2,,1521.9000136365562,0.1375,3.6758876502513886,1271.5061134893826,10,10
2,1.0,100000000.0,0.0,0.0,0.0,298.7838999251835,0.5348921051391682,124,False,1.264949111114357,0.1,2.1,3.1,0.1,0.0,2,-0.8999206081267626,421068.8,4210688.0,3,,534.8921051391682,0.1484375,3.498997414112091,244.1133051089292,10,10
7,1.0,100000000.0,0.0,0.0,0.0,294.0063000423834,0.5461338989479727,125,False,2.973981788182438,0.1,2.3,3.3,0.1,0.0,3,-1.7600578435652054,368640.0,3686400.0,1,,546.1338989479727,0.16875,3.37874715924263,308.14829881268355,10,10
2,1.0,20000000.0,0.0,0.0,0.0,361.616000009235,1.8351362993848164,125,False,1.042379119496861,0.1,2.0,3.0,0.1,0.0,2,-1.4387577094408388,473497.6,4734976.0,2,,1835.1362993848163,0.1640625,3.5140601873397825,1590.66609923268,10,10
2,1.0,100000000.0,0.0,0.0,0.0,302.70239984383807,0.5853422325084743,125,False,1.1804070333700256,0.1,2.5,3.5,0.1,0.0,2,-0.88287463293925,481689.6,4816896.0,3,,585.3422325084742,0.178125,3.442215067148209,289.55263256596515,10,10
7,1.0,100000000.0,0.0,0.0,0.0,302.8174001374282,0.5555212570373671,126,False,3.017004284092096,0.1,2.8,3.8,0.1,0.0,3,-1.7862627705647316,555417.6,5554176.0,1,,555.5212570373671,0.1859375,3.2907659888267515,281.92414403115725,10,10
2,1.0,20000000.0,0.0,0.0,0.0,364.5990001386963,2.8242102342040964,126,False,1.0478348054239222,0.1,3.4,4.4,0.1,0.0,2,-1.9360225198140093,563609.6,5636096.0,2,,2824.2102342040967,0.146875,3.6005972385406495,2459.6112340654004,10,10
2,1.0,100000000.0,0.0,0.0,0.0,302.03109997091815,0.7240056246935442,126,False,1.1804070333700256,0.1,3.4,4.4,0.1,0.0,2,-0.9522063290317849,511180.8,5111808.0,3,,724.0056246935443,0.1625,3.4632454454898833,428.9453246581421,10,10
7,1.0,100000000.0,0.0,0.0,0.0,317.43510003434494,0.49840336744168806,127,False,2.8128988886891673,0.1,3.8,4.8,0.1,0.0,3,-1.6556511280654276,419430.4,4194304.0,1,,498.40336744168803,0.1859375,3.441507226228714,251.12652172096267,10,10
2,1.0,20000000.0,0.0,0.0,0.0,296.7616998939775,1.4809146776857205,127,False,1.0813423692234698,0.1,3.3,4.3,0.1,0.0,2,-1.281128523454595,398131.2,3981312.0,2,,1480.9146776857206,0.1859375,3.4546158730983736,1184.152977791743,10,10
2,1.0,100000000.0,0.0,0.0,0.0,298.0526999454014,0.5379121001382462,127,False,1.1442493132431564,0.1,3.3,4.3,0.1,0.0,2,-0.8410807066907013,398131.2,3981312.0,3,,537.9121001382462,0.1859375,3.349359768629074,246.10590014291097,10,10
7,1.0,100000000.0,0.0,0.0,0.0,305.27439987054095,0.4535359381091888,128,False,3.0443835980574043,0.1,3.7,4.7,0.1,0.0,3,-1.7489597680832967,306380.8,3063808.0,1,,453.5359381091888,0.1984375,3.2632977247238157,216.24523802652163,10,10
2,1.0,20000000.0,0.0,0.0,0.0,363.5045001283288,1.376533086135444,128,False,1.0372862883440734,0.1,2.9,3.9,0.1,0.0,2,-1.2069096872397587,389939.2,3899392.0,2,,1376.533086135444,0.165625,3.5146926820278166,1104.2245824580284,10,10
2,1.0,100000000.0,0.0,0.0,0.0,371.80949974572286,0.5003244086706244,128,False,1.2183653303264603,0.1,2.7,3.7,0.1,0.0,2,-0.8593448694985424,289996.8,2899968.0,3,,500.32440867062445,0.1875,3.403779476881027,261.1522086385803,10,10
7,1.0,100000000.0,0.0,0.0,0.0,349.7451000730507,0.5571031639708869,129,False,3.1045349106895896,0.1,2.3,3.3,0.1,0.0,3,-1.8308190373302382,355532.8,3555328.0,1,,557.1031639708868,0.14375,3.4521788954734802,207.35806389783622,10,10
2,1.0,20000000.0,0.0,0.0,0.0,416.26969986828044,1.385283000467138,129,False,1.09345641605098,0.1,2.7,3.7,0.1,0.0,2,-1.239369708259059,363724.8,3637248.0,2,,1385.283000467138,0.190625,3.4160769999027254,969.0133005988575,10,10
2,1.0,100000000.0,0.0,0.0,0.0,350.26660008588806,0.5551588189032226,129,False,1.2718971882286667,0.1,2.5,3.5,0.1,0.0,2,-0.9135280035659447,403046.4,4030464.0,3,,555.1588189032226,0.175,3.447777634859085,204.89221881733457,10,10
7,1.0,100000000.0,0.0,0.0,0.0,360.1049998542294,0.6428569973989895,130,False,1.4091772073919802,0.1,2.0,3.0,0.1,0.0,2,-1.026017102395485,434176.0,4341760.0,1,0.13046875,642.8569973989895,0.1875,3.262413519620895,282.75199754476006,10,10
2,1.0,20000000.0,0.0,0.0,0.0,424.0884000901133,1.6868932152918572,130,False,1.170489460824043,0.1,2.0,3.0,0.1,0.0,2,-1.4286913380579502,434176.0,4341760.0,2,0.13046875,1686.8932152918571,0.165625,3.537873685359955,1262.8048152017438,10,10
2,1.0,100000000.0,0.0,0.0,0.0,293.22209989186376,0.5637011924654568,130,False,1.1510730435525822,0.1,2.7,3.7,0.1,0.0,2,-0.8573871180090196,502988.8,5029888.0,3,0.13046875,563.7011924654568,0.2,3.3736881792545317,270.47909257359305,10,10
7,1.0,100000000.0,0.0,0.0,0.0,352.92489983839914,0.7418043815362105,131,False,1.3650592328022837,0.1,2.5,3.5,0.1,0.0,2,-1.0534318071692472,681574.4,6815744.0,1,,741.8043815362105,0.1703125,3.466876858472824,388.8794816978114,10,10
2,1.0,20000000.0,0.0,0.0,0.0,352.7281999704428,2.0753089225031633,131,False,1.0725064961903015,0.1,2.6,3.6,0.1,0.0,2,-1.5739077093467324,389939.2,3899392.0,2,,2075.3089225031636,0.159375,3.551081174612045,1837.4755224790624,10,10
2,1.0,100000000.0,0.0,0.0,0.0,370.6504999427125,0.6245642215505847,131,False,1.1814840891324594,0.1,2.3,3.3,0.1,0.0,2,-0.903024155341522,620953.6,6209536.0,3,,624.5642215505846,0.1921875,3.534026151895523,302.9125194512591,10,10
7,1.0,100000000.0,0.0,0.0,0.0,363.6295001488179,0.8268568757881655,132,False,2.989967589764025,0.1,2.3,3.3,0.1,0.0,3,-1.9084122327760953,620953.6,6209536.0,1,,826.8568757881654,0.1984375,3.3194021821022033,463.2273756393476,10,10
2,1.0,20000000.0,0.0,0.0,0.0,363.6027000611648,1.6263978673070942,132,False,1.148826010912054,0.1,2.6,3.6,0.1,0.0,2,-1.3876119391095743,581632.0,5816320.0,2,,1626.3978673070942,0.190625,3.4270849764347076,1262.7951672459294,10,10
2,1.0,100000000.0,0.0,0.0,0.0,357.260899792891,0.8003699894492864,132,False,1.1507197692316187,0.1,3.3,4.3,0.1,0.0,2,-0.9755448793404525,498073.6,4980736.0,3,,800.3699894492864,0.2,3.403035408258438,443.1090896563954,10,10
7,1.0,100000000.0,0.0,0.0,0.0,353.1894998741336,0.5801073040985544,133,False,3.1021059559787982,0.1,3.2,4.2,0.1,0.0,3,-1.8411066300386763,411238.4,4112384.0,1,,580.1073040985543,0.1671875,3.4144069373607637,236.62232595050497,10,10
2,1.0,20000000.0,0.0,0.0,0.0,367.1076998580247,2.944468866257548,133,False,1.0237870709820796,0.1,2.5,3.5,0.1,0.0,2,-1.9841279686198137,607846.4,6078464.0,2,,2944.468866257548,0.15,3.4525054812431337,2702.3180663041694,10,10
2,1.0,100000000.0,0.0,0.0,0.0,295.0269000721164,0.5733302729964853,133,False,1.2283555155778918,0.1,2.3,3.3,0.1,0.0,2,-0.9008428942871886,647168.0,6471680.0,3,,573.3302729964853,0.1921875,3.327548676729202,280.97267299347004,10,10
7,1.0,100000000.0,0.0,0.0,0.0,296.82729998603463,0.5224761168713806,134,False,2.9652064873010144,0.1,2.6,3.6,0.1,0.0,3,-1.7438413020861976,555417.6,5554176.0,1,,522.4761168713807,0.1859375,3.264461427927017,283.84871720421444,10,10
2,1.0,20000000.0,0.0,0.0,0.0,293.5051000677049,1.5889327655764978,134,False,0.9937278009810628,0.1,2.7,3.7,0.1,0.0,2,-1.2913302832787803,376832.0,3768320.0,2,,1588.9327655764978,0.1640625,3.6195078253746034,1295.4276655087929,10,10
2,1.0,100000000.0,0.0,0.0,0.0,311.59839988686144,0.6116783635283319,134,False,1.2230707379829835,0.1,2.6,3.6,0.1,0.0,2,-0.9173745507556577,516096.0,5160960.0,3,,611.6783635283319,0.1515625,3.4667499125003816,300.0799636414705,10,10
7,1.0,100000000.0,0.0,0.0,0.0,304.5399999246001,0.49987749412178695,135,False,2.9809115831058395,0.1,2.6,3.6,0.1,0.0,3,-1.7403945386138133,516096.0,5160960.0,1,,499.8774941217869,0.178125,3.318154239654541,221.84421178329288,10,10
2,1.0,20000000.0,0.0,0.0,0.0,304.97569986619055,1.5063012966510638,135,False,0.9937278009810628,0.1,2.6,3.6,0.1,0.0,2,-1.2500145488160634,516096.0,5160960.0,2,,1506.301296651064,0.1875,3.50937933921814,1201.3255967848734,10,10
2,1.0,100000000.0,0.0,0.0,0.0,349.3525998201221,0.5232580406793721,135,False,1.234810368861952,0.1,3.0,4.0,0.1,0.0,2,-0.8790342047706621,424345.6,4243456.0,3,,523.2580406793721,0.1796875,3.414702612161636,200.94200651472096,10,10
7,1.0,100000000.0,0.0,0.0,0.0,288.66960015147924,0.455150402120883,136,False,3.0759463392132886,0.1,3.0,4.0,0.1,0.0,3,-1.7655483706670858,298188.8,2981888.0,1,,455.150402120883,0.18125,3.3320960223674776,166.4808019694037,10,10
2,1.0,20000000.0,0.0,0.0,0.0,363.47540008137,2.492567103829099,136,False,1.0709427303867183,0.1,3.2,4.2,0.1,0.0,2,-1.7817549171079086,398131.2,3981312.0,2,,2492.567103829099,0.1828125,3.4622063040733337,2129.091703747729,10,10
2,1.0,100000000.0,0.0,0.0,0.0,303.01179992966354,0.5552851786761499,136,False,1.2231221332244777,0.1,3.2,4.2,0.1,0.0,2,-0.8892036559503138,385024.0,3850240.0,3,,555.2851786761499,0.16875,3.449094384908676,258.4713786182879,10,10
7,1.0,100000000.0,0.0,0.0,0.0,295.7101999199949,0.5294798486399503,137,False,3.0263407415806705,0.1,3.2,4.2,0.1,0.0,3,-1.7779102951103103,385024.0,3850240.0,1,,529.4798486399503,0.1640625,3.2995364546775816,233.76964871995537,10,10
2,1.0,20000000.0,0.0,0.0,0.0,301.51390022365376,1.5946508822344958,137,False,1.0663331815117805,0.1,3.5,4.5,0.1,0.0,2,-1.3304920318731381,419430.4,4194304.0,2,,1594.6508822344958,0.1875,3.424085932970047,1293.136982010842,10,10
2,1.0,100000000.0,0.0,0.0,0.0,356.9826999446377,0.5259292020992936,137,False,1.3351954929195027,0.1,3.6,4.6,0.1,0.0,2,-0.9305623475093981,380108.8,3801088.0,3,,525.9292020992937,0.1953125,3.2981392800807954,168.94650215465592,10,10
7,1.0,100000000.0,0.0,0.0,0.0,309.39509999006987,0.534103496282173,138,False,3.0263407415806705,0.1,3.4,4.4,0.1,0.0,3,-1.7802221189314218,432537.6,4325376.0,1,,534.1034962821731,0.1640625,3.4141648530960085,224.70839629210317,10,10
2,1.0,20000000.0,0.0,0.0,0.0,296.4493999024853,1.7251017900868848,138,False,1.0663331815117805,0.1,2.9,3.9,0.1,0.0,2,-1.3957174857993326,463667.2,4636672.0,2,,1725.1017900868849,0.2015625,3.3752195298671723,1428.6523901843996,10,10
2,1.0,100000000.0,0.0,0.0,0.0,354.08389987424016,0.5665953888687425,138,False,1.2105475089365685,0.1,3.1,4.1,0.1,0.0,2,-0.8885714489026555,411238.4,4112384.0,3,,566.5953888687425,0.1703125,3.446729576587677,212.51148899450234,10,10
7,1.0,100000000.0,0.0,0.0,0.0,293.70499996002764,0.416460478470136,139,False,3.012057574815786,0.1,3.2,4.2,0.1,0.0,3,-1.714259026642961,385024.0,3850240.0,1,,416.460478470136,0.1984375,3.3089420199394226,192.37819460147145,10,10
2,1.0,20000000.0,0.0,0.0,0.0,341.11119993031025,1.2712416233664952,139,False,1.0478348054239222,0.1,2.5,3.5,0.1,0.0,2,-1.1595382143952087,442368.0,4423680.0,2,,1271.241623366495,0.1828125,3.4545165419578554,930.1304234361847,10,10
2,1.0,100000000.0,0.0,0.0,0.0,350.188700016588,0.6729868149928065,139,False,1.2219525959073505,0.1,2.1,3.1,0.1,0.0,2,-0.9474697054500785,534118.4,5341184.0,3,,672.9868149928066,0.18125,3.325271558761597,322.7981149762186,10,10
7,1.0,100000000.0,0.0,0.0,0.0,298.8752998644486,0.5418352385353974,140,False,2.9731940033944504,0.1,2.3,3.3,0.1,0.0,3,-1.757514620964924,634060.8,6340608.0,1,0.14375,541.8352385353974,0.1640625,3.345472264289856,336.5918401727663,10,10
2,1.0,20000000.0,0.0,0.0,0.0,416.78450000472367,1.758044570846822,140,False,1.1513939063179093,0.1,3.0,4.0,0.1,0.0,2,-1.4547192385823657,450560.0,4505600.0,2,0.14375,1758.044570846822,0.1671875,3.4498606979846955,1341.2600708420982,10,10
2,1.0,100000000.0,0.0,0.0,0.0,546.74230015371,0.9344369816481428,140,False,1.9450844306616457,0.1,2.7,3.7,0.1,0.0,2,-1.4397607061548943,542310.4,5423104.0,3,0.14375,934.4369816481428,0.1671875,3.4293982088565826,387.6946814944329,10,10
7,1.0,100000000.0,0.0,0.0,0.0,555.8612999739125,0.8492992046274379,141,False,2.3300191573762485,0.1,2.8,3.8,0.1,0.0,2,-1.5896591810018432,416153.6,4161536.0,1,,849.2992046274379,0.171875,3.458842921257019,293.4379046535253,10,10
2,1.0,20000000.0,0.0,0.0,0.0,550.6569001590833,1.8443654122631108,141,False,1.728077869539522,0.1,2.0,3.0,0.1,0.0,2,-1.7862216409013163,347340.8,3473408.0,2,,1844.3654122631108,0.16875,3.471332961320877,1293.7085121040275,10,10
2,1.0,100000000.0,0.0,0.0,0.0,477.95589989982545,0.7308871874192646,141,False,1.5661195039208697,0.1,1.6,2.6,0.1,0.0,2,-1.148503345670067,326041.6,3260416.0,3,,730.8871874192646,0.1703125,3.5168105185031893,252.93128751943917,10,10
7,1.0,100000000.0,0.0,0.0,0.0,480.48430000199005,0.6963512706606401,142,False,1.707402211150956,0.1,2.5,3.5,0.1,0.0,2,-1.201876740905798,355532.8,3555328.0,1,,696.35127066064,0.215625,3.320291757583618,215.86697065865005,10,10
2,1.0,20000000.0,0.0,0.0,0.0,413.8922001584433,1.5367190895576268,142,False,1.1813557345515864,0.1,2.5,3.5,0.1,0.0,2,-1.3590374120546067,355532.8,3555328.0,2,,1536.7190895576268,0.196875,3.3682588815689085,1122.8268893991835,10,10
2,1.0,100000000.0,0.0,0.0,0.0,492.8352001006715,1.1399381518820655,142,False,1.5661195039208697,0.1,3.0,4.0,0.1,0.0,2,-1.3530288279014675,363724.8,3637248.0,3,,1139.9381518820655,0.1609375,3.40810250043869,647.1029517813942,10,10
7,1.0,100000000.0,0.0,0.0,0.0,415.4058000422083,0.6340951782289644,143,False,3.3381544791120206,0.1,2.6,3.6,0.1,0.0,3,-1.9861248286704924,455475.2,4554752.0,1,,634.0951782289644,0.2,3.256632775068283,218.68937818675616,10,10
2,1.0,20000000.0,0.0,0.0,0.0,482.32600011397153,1.7213849162600716,143,False,1.330762715758122,0.1,2.3,3.3,0.1,0.0,2,-1.526073816009097,534118.4,5341184.0,2,,1721.3849162600716,0.1484375,3.4805888712406157,1239.0589161461,10,10
2,1.0,100000000.0,0.0,0.0,0.0,485.2531999931671,1.6796873951135962,143,False,1.5661195039208697,0.1,1.8,2.8,0.1,0.0,2,-1.622903449517233,678297.6,6782976.0,3,,1679.6873951135963,0.1984375,3.3593670308589934,1194.4341951204292,10,10
7,1.0,100000000.0,0.0,0.0,0.0,411.736500042025,0.7853596198879049,144,False,3.3381544791120206,0.1,1.6,2.6,0.1,0.0,3,-2.061757049499963,578355.2,5783552.0,1,,785.359619887905,0.228125,3.164240059256554,373.6231198458799,10,10
2,1.0,20000000.0,0.0,0.0,0.0,492.7292001666501,1.9386041954402782,144,False,1.330762715758122,0.1,2.0,3.0,0.1,0.0,2,-1.6346834555992,486604.8,4866048.0,2,,1938.604195440278,0.18125,3.3489350080490112,1445.874995273628,10,10
2,1.0,100000000.0,0.0,0.0,0.0,477.07960015395656,0.6922654937731321,144,False,1.5661195039208697,0.1,2.0,3.0,0.1,0.0,2,-1.1291924988470008,486604.8,4866048.0,3,,692.2654937731321,0.190625,3.341916823387146,231.5194450700127,10,10
7,1.0,100000000.0,0.0,0.0,0.0,364.21029979828745,0.9377408291275215,145,False,5.44496347276776,0.1,2.0,3.0,0.1,0.0,4,-3.1913521509476404,486604.8,4866048.0,1,,937.7408291275216,0.19375,3.208261400461197,573.5305293292341,10,10
2,1.0,20000000.0,0.0,0.0,0.0,481.3368000322953,1.6791466296889401,145,False,1.330762715758122,0.1,2.3,3.3,0.1,0.0,2,-1.5049546727235312,407961.6,4079616.0,2,,1679.14662968894,0.1765625,3.3838291108608245,1197.8098296566448,10,10
2,1.0,100000000.0,0.0,0.0,0.0,485.29119993327186,0.6980487709384537,145,False,1.5124161424454097,0.1,2.3,3.3,0.1,0.0,2,-1.1052324566919318,407961.6,4079616.0,3,,698.0487709384538,0.1703125,3.3698220789432525,222.79875925459237,10,10
7,1.0,100000000.0,0.0,0.0,0.0,431.1905999784358,0.6569568644244076,146,False,3.4962033377559143,0.1,2.3,3.3,0.1,0.0,3,-2.076580101090161,407961.6,4079616.0,1,,656.9568644244076,0.1828125,3.3263129770755766,437.9837081900645,10,10
2,1.0,20000000.0,0.0,0.0,0.0,362.66470002010465,2.003968580683375,146,False,1.0725064961903015,0.1,2.8,3.8,0.1,0.0,2,-1.5382375384368383,416153.6,4161536.0,2,,2003.9685806833752,0.21875,3.354577124118805,1774.6751807272979,10,10
2,1.0,100000000.0,0.0,0.0,0.0,422.0919996732846,0.9172561252023252,146,False,1.2664037992632706,0.1,2.4,3.4,0.1,0.0,2,-1.091829962232798,507904.0,5079040.0,3,,917.2561252023253,0.19375,3.3184951066970827,495.16412552904063,10,10
7,1.0,100000000.0,0.0,0.0,0.0,303.48770011914894,0.5071742682910241,147,False,7.176709909327698,0.1,2.3,3.3,0.1,0.0,5,-3.841942088809361,368640.0,3686400.0,1,,507.1742682910241,0.1859375,3.26114364862442,203.6865681718751,10,10
2,1.0,20000000.0,0.0,0.0,0.0,351.0855001513846,1.6709874248589724,147,False,1.1122932560279801,0.1,2.9,3.9,0.1,0.0,2,-1.3916403404434763,363724.8,3637248.0,2,,1670.9874248589724,0.1984375,3.4307031869888305,1429.3567249659784,10,10
2,1.0,100000000.0,0.0,0.0,0.0,359.493300144095,0.5967557381275547,147,False,1.172278371091093,0.1,3.0,4.0,0.1,0.0,2,-0.8845170546093237,311296.0,3112960.0,3,,596.7557381275547,0.1984375,3.3428514659404756,237.26243798345968,10,10
7,1.0,100000000.0,0.0,0.0,0.0,241.73959996551275,0.43381832820597943,148,False,4.569778107738343,0.1,2.9,3.9,0.1,0.0,4,-2.501798217972161,450560.0,4505600.0,1,,433.8183282059794,0.209375,3.208205336332321,305.45807058323584,10,10
2,1.0,20000000.0,0.0,0.0,0.0,426.8415999831632,1.4805740308160649,148,False,1.1927769848444352,0.1,2.9,3.9,0.1,0.0,2,-1.33667550783025,450560.0,4505600.0,2,,1480.5740308160648,0.1765625,3.417100304365158,1247.2998458881289,10,10
2,1.0,100000000.0,0.0,0.0,0.0,408.9912000927143,0.7150416779269438,148,False,1.3713521526764718,0.1,2.6,3.6,0.1,0.0,2,-1.0431969153017078,429260.8,4292608.0,3,,715.0416779269439,0.2171875,3.295372247695923,306.0504778342296,10,10
7,1.0,100000000.0,0.0,0.0,0.0,189.96699998388067,0.30932400089378786,149,False,6.588225667990874,0.1,3.5,4.5,0.1,0.0,5,-3.4487748344423306,306380.8,3063808.0,1,,309.32400089378785,0.21875,3.15242121219635,167.914653815652,10,10
2,1.0,20000000.0,0.0,0.0,0.0,410.4744999203831,2.045210791631135,149,False,1.1927769848444352,0.1,3.1,4.1,0.1,0.0,2,-1.618993888237785,398131.2,3981312.0,2,,2045.2107916311347,0.1921875,3.366523826122284,1634.7362917107516,10,10
2,1.0,100000000.0,0.0,0.0,0.0,426.5485002542846,0.6513125282237117,149,False,1.3713521526764718,0.1,3.2,4.2,0.1,0.0,2,-1.0113323404500918,411238.4,4112384.0,3,,651.3125282237116,0.209375,3.3271128475666045,224.7640279694271,10,10
7,1.0,100000000.0,0.0,0.0,0.0,223.4040999901481,0.43937598327488814,150,False,4.559921707703104,0.1,3.3,4.3,0.1,0.0,4,-2.4996488454889962,411238.4,4112384.0,1,0.16171875,439.37598327488814,0.2015625,3.255769979953766,215.97188328474007,10,10
2,1.0,20000000.0,0.0,0.0,0.0,362.39339993335307,1.3454128542319026,150,False,1.0742708480067917,0.1,3.4,4.4,0.1,0.0,2,-1.2098418511193472,358809.6,3588096.0,2,0.16171875,1345.4128542319027,0.1890625,3.475574719905853,1014.2701183199873,10,10
2,1.0,100000000.0,0.0,0.0,0.0,377.61840014718473,0.7102613876067029,150,False,1.2743982529218845,0.1,3.4,4.4,0.1,0.0,2,-0.9923298202642936,358809.6,3588096.0,3,0.16171875,710.2613876067029,0.165625,3.392324888706207,332.64298745951817,10,10
