available_migs,bandwidth_allocation_sum,bandwidth_cv,bandwidth_floor_hit_rate,bandwidth_gini,bandwidth_hz,bandwidth_unused,bandwidth_violation,cluster_load_cv,cluster_size_std,cluster_size_violation,compute_delay_ms,delay,delay_normalized,epoch,is_warmup,kl_normalized,kl_sum,max_bandwidth_share,max_cluster_size,mean_l1,mean_l2,min_bandwidth_share,nonempty_cluster_count,penalty,physical_cluster_count,reward,smashed_data_bytes_per_client_mean,smashed_data_bytes_total,station_id,test_accuracy,total_delay_ms,train_accuracy,train_loss,tx_delay_ms,vehicle_count,virtual_cluster_count
2,1.0,0.0,0.0,0.0,100000000.0,0.0,0.0,0.0,0.0,0.0,274.3585999705829,0.4236051644580303,0.4236051644580303,1,True,0.1383919273477493,1.2746367556065703,0.1,5,3.0,4.0,0.1,2,0.0,2,-0.2809985459028898,524288.0,5242880.0,1,,423.6051644580303,0.0203125,4.612302482128143,149.7958730310479,10,2
2,1.0,0.0,0.0,0.0,100000000.0,0.0,0.0,0.0,0.0,0.0,162.11489995475858,0.32040642325926205,0.32040642325926205,1,True,0.11277587956395072,1.038704236532979,0.1,5,3.0,4.0,0.1,2,0.0,2,-0.2165911514116064,524288.0,5242880.0,2,,320.40642325926206,0.01875,4.644698739051819,160.72582327222085,10,2
2,1.0,0.0,0.0,0.0,100000000.0,0.0,0.0,0.0,0.0,0.0,160.7380000059493,0.4904106349881428,0.4904106349881428,1,True,0.12065261009561556,1.1112516057479493,0.1,5,3.0,4.0,0.1,2,0.0,2,-0.30553162254187916,524288.0,5242880.0,3,,490.4106349881428,0.0296875,4.5330657958984375,329.67263498219353,10,2
2,1.0,0.0,0.0,0.0,100000000.0,0.0,0.0,0.0,0.0,0.0,161.4308000425808,0.42008802503484455,0.42008802503484455,2,True,0.1383919273477493,1.2746367556065703,0.1,5,3.0,4.0,0.1,2,0.0,2,-0.2792399761912969,524288.0,5242880.0,1,,420.0880250348445,0.0328125,4.425367593765259,261.5434250249263,10,2
2,1.0,0.0,0.0,0.0,100000000.0,0.0,0.0,0.0,0.0,0.0,165.73810001136735,0.3768033807749692,0.3768033807749692,2,True,0.11277587956395072,1.038704236532979,0.1,5,3.0,4.0,0.1,2,0.0,2,-0.24478963016945998,524288.0,5242880.0,2,,376.80338077496924,0.028125,4.5536346435546875,218.48608080780315,10,2
2,1.0,0.0,0.0,0.0,100000000.0,0.0,0.0,0.0,0.0,0.0,161.17590002249926,0.3564963569469889,0.3564963569469889,2,True,0.12065261009561556,1.1112516057479493,0.1,5,3.0,4.0,0.1,2,0.0,2,-0.23857448352130223,524288.0,5242880.0,3,,356.4963569469889,0.03125,4.453130602836609,195.3204569244896,10,2
2,1.0,0.0,0.0,0.0,100000000.0,0.0,0.0,0.0,0.0,0.0,160.6429999228567,0.31906049420662663,0.31906049420662663,3,True,0.1383919273477493,1.2746367556065703,0.1,5,3.0,4.0,0.1,2,0.0,2,-0.22872621077718797,524288.0,5242880.0,1,,319.06049420662663,0.021875,4.429378032684326,161.25279421989313,10,2
2,1.0,0.0,0.0,0.0,100000000.0,0.0,0.0,0.0,0.0,0.0,161.92270000465214,0.3237329037597949,0.3237329037597949,3,True,0.11277587956395072,1.038704236532979,0.1,5,3.0,4.0,0.1,2,0.0,2,-0.21825439166187283,524288.0,5242880.0,2,,323.7329037597949,0.034375,4.5067222118377686,161.81020375514274,10,2
2,1.0,0.0,0.0,0.0,100000000.0,0.0,0.0,0.0,0.0,0.0,161.96960007073358,0.32234878030486674,0.32234878030486674,3,True,0.12065261009561556,1.1112516057479493,0.1,5,3.0,4.0,0.1,2,0.0,2,-0.22150069520024115,524288.0,5242880.0,3,,322.34878030486675,0.0328125,4.45145183801651,163.54498024212467,10,2
2,1.0,0.0,0.0,0.0,100000000.0,0.0,0.0,0.0,0.0,0.0,161.573400022462,0.35053010140097024,0.35053010140097024,4,True,0.1383919273477493,1.2746367556065703,0.1,5,3.0,4.0,0.1,2,0.0,2,-0.24446101437435977,524288.0,5242880.0,1,,350.53010140097024,0.025,4.371974885463715,188.95670137850823,10,2
2,1.0,0.0,0.0,0.0,100000000.0,0.0,0.0,0.0,0.0,0.0,161.91990004153922,0.35927393165984167,0.35927393165984167,4,True,0.11277587956395072,1.038704236532979,0.1,5,3.0,4.0,0.1,2,0.0,2,-0.2360249056118962,524288.0,5242880.0,2,,359.27393165984165,0.0390625,4.495106995105743,200.82633163182973,10,2
2,1.0,0.0,0.0,0.0,100000000.0,0.0,0.0,0.0,0.0,0.0,160.8729000436142,0.2904563057603613,0.2904563057603613,4,True,0.12065261009561556,1.1112516057479493,0.1,5,3.0,4.0,0.1,2,0.0,2,-0.20555445792798843,524288.0,5242880.0,3,,290.4563057603613,0.0125,4.393394887447357,132.03450575418032,10,2
2,1.0,0.0,0.0,0.0,100000000.0,0.0,0.0,0.0,0.0,0.0,161.33029997581616,0.27748555786255624,0.27748555786255624,5,True,0.1383919273477493,1.2746367556065703,0.1,5,3.0,4.0,0.1,2,0.0,2,-0.20793874260515277,524288.0,5242880.0,1,,277.4855578625562,0.0203125,4.391216576099396,116.15525788674012,10,2
2,1.0,0.0,0.0,0.0,100000000.0,0.0,0.0,0.0,0.0,0.0,161.59820003667846,0.28804395380590586,0.28804395380590586,5,True,0.11277587956395072,1.038704236532979,0.1,5,3.0,4.0,0.1,2,0.0,2,-0.2004099166849283,524288.0,5242880.0,2,,288.04395380590586,0.028125,4.472937226295471,130.03515380129696,10,2
2,1.0,0.0,0.0,0.0,100000000.0,0.0,0.0,0.0,0.0,0.0,161.0602000146173,0.3636677933458406,0.3636677933458406,5,True,0.12065261009561556,1.1112516057479493,0.1,5,3.0,4.0,0.1,2,0.0,2,-0.24216020172072808,524288.0,5242880.0,3,,363.6677933458406,0.0265625,4.3921878933906555,202.6075933312233,10,2
2,1.0,0.0,0.0,0.0,100000000.0,0.0,0.0,0.0,0.0,0.0,160.7714999699965,0.30865652185625436,0.30865652185625436,6,False,0.1383919273477493,1.2746367556065703,0.1,5,3.0,4.0,0.1,2,0.0,2,-0.22352422460200183,524288.0,5242880.0,1,,308.65652185625436,0.03125,4.3553250432014465,150.1740218535349,10,2
2,1.0,0.0,0.0,0.0,100000000.0,0.0,0.0,0.0,0.0,0.0,162.13140002219006,0.2982688183249067,0.2982688183249067,6,False,0.11277587956395072,1.038704236532979,0.1,5,3.0,4.0,0.1,2,0.0,2,-0.20552234894442872,524288.0,5242880.0,2,,298.2688183249067,0.0265625,4.485325992107391,136.79481451038419,10,2
2,1.0,0.0,0.0,0.0,100000000.0,0.0,0.0,0.0,0.0,0.0,161.67579992907122,0.8385259671717956,0.8385259671717956,6,False,0.12065261009561556,1.1112516057479493,0.1,5,3.0,4.0,0.1,2,0.0,2,-0.4795892886337056,524288.0,5242880.0,3,,838.5259671717956,0.040625,4.393024742603302,680.2953671081066,10,2
2,1.0,0.0,0.0,0.0,100000000.0,0.0,0.0,0.0,0.0,0.0,161.60749993287027,0.3818174439206125,0.3818174439206125,7,False,0.1383919273477493,1.2746367556065703,0.1,5,3.0,4.0,0.1,2,0.0,2,-0.2601046856341809,524288.0,5242880.0,1,,381.8174439206125,0.0328125,4.300775468349457,223.81644391718896,10,2
2,1.0,0.0,0.0,0.0,100000000.0,0.0,0.0,0.0,0.0,0.0,161.12230002181605,0.35583134164547414,0.35583134164547414,7,False,0.11277587956395072,1.038704236532979,0.1,5,3.0,4.0,0.1,2,0.0,2,-0.23430361060471244,524288.0,5242880.0,2,,355.83134164547414,0.0265625,4.471370160579681,194.70904162365812,10,2
2,1.0,0.0,0.0,0.0,100000000.0,0.0,0.0,0.0,0.0,0.0,161.36200004257262,0.30549812611069066,0.30549812611069066,7,False,0.12065261009561556,1.1112516057479493,0.1,5,3.0,4.0,0.1,2,0.0,2,-0.2130753681031531,524288.0,5242880.0,3,,305.49812611069063,0.0265625,4.366490185260773,144.13612606811805,10,2
2,1.0,0.0,0.0,0.0,100000000.0,0.0,0.0,0.0,0.0,0.0,165.6694000121206,0.31204622119150205,0.31204622119150205,8,False,0.1383919273477493,1.2746367556065703,0.1,5,3.0,4.0,0.1,2,0.0,2,-0.22521907426962567,524288.0,5242880.0,1,,312.04622119150207,0.0328125,4.326967716217041,146.3768211793814,10,2
2,1.0,0.0,0.0,0.0,100000000.0,0.0,0.0,0.0,0.0,0.0,160.84870003396645,0.42686202583003324,0.42686202583003324,8,False,0.11277587956395072,1.038704236532979,0.1,5,3.0,4.0,0.1,2,0.0,2,-0.26981895269699196,524288.0,5242880.0,2,,426.86202583003325,0.0453125,4.374224424362183,266.0133257960668,10,2
2,1.0,0.0,0.0,0.0,100000000.0,0.0,0.0,0.0,0.0,0.0,160.5070999939926,0.32584907752820214,0.32584907752820214,8,False,0.12065261009561556,1.1112516057479493,0.1,5,3.0,4.0,0.1,2,0.0,2,-0.22325084381190885,524288.0,5242880.0,3,,325.84907752820214,0.0359375,4.388424217700958,165.34197753420952,10,2
2,1.0,0.0,0.0,0.0,100000000.0,0.0,0.0,0.0,0.0,0.0,160.4608999332413,0.30653541659431216,0.30653541659431216,9,False,0.1383919273477493,1.2746367556065703,0.1,5,3.0,4.0,0.1,2,0.0,2,-0.22246367197103073,524288.0,5242880.0,1,,306.53541659431215,0.0484375,4.27872508764267,148.46081661253854,10,2
2,1.0,0.0,0.0,0.0,100000000.0,0.0,0.0,0.0,0.0,0.0,160.7551000197418,0.43027568106765834,0.43027568106765834,9,False,0.11277587956395072,1.038704236532979,0.1,5,3.0,4.0,0.1,2,0.0,2,-0.27152578031580454,524288.0,5242880.0,2,,430.27568106765835,0.021875,4.405535399913788,271.9900809926258,10,2
2,1.0,0.0,0.0,0.0,100000000.0,0.0,0.0,0.0,0.0,0.0,161.00329998880625,0.33463873954456885,0.33463873954456885,9,False,0.12065261009561556,1.1112516057479493,0.1,5,3.0,4.0,0.1,2,0.0,2,-0.2276456748200922,524288.0,5242880.0,3,,334.63873954456886,0.05625,4.297156035900116,173.63543955576262,10,2
2,1.0,0.0,0.0,0.0,100000000.0,0.0,0.0,0.0,0.0,0.0,161.6516999201849,0.4217410984491906,0.4217410984491906,10,False,0.1383919273477493,1.2746367556065703,0.1,5,3.0,4.0,0.1,2,0.0,2,-0.28006651289846995,524288.0,5242880.0,1,0.009375,421.7410984491906,0.05,4.230650424957275,263.34429845874894,10,2
2,1.0,0.0,0.0,0.0,100000000.0,0.0,0.0,0.0,0.0,0.0,161.08280007028952,0.3583521676436072,0.3583521676436072,10,False,0.11277587956395072,1.038704236532979,0.1,5,3.0,4.0,0.1,2,0.0,2,-0.23556402360377898,524288.0,5242880.0,2,0.009375,358.35216764360723,0.0390625,4.381896078586578,200.37926767952797,10,2
2,1.0,0.0,0.0,0.0,100000000.0,0.0,0.0,0.0,0.0,0.0,160.74600006686524,0.35802174294502787,0.35802174294502787,10,False,0.12065261009561556,1.1112516057479493,0.1,5,3.0,4.0,0.1,2,0.0,2,-0.23933717652032171,524288.0,5242880.0,3,0.009375,358.0217429450279,0.0578125,4.273471713066101,199.8609428889615,10,2
2,1.0,0.0,0.0,0.0,100000000.0,0.0,0.0,0.0,0.0,0.0,161.13820002647117,0.3461690078912363,0.3461690078912363,11,False,0.1383919273477493,1.2746367556065703,0.1,5,3.0,4.0,0.1,2,0.0,2,-0.2422804676194928,524288.0,5242880.0,1,,346.1690078912363,0.0328125,4.4897571206092834,185.0308078647651,10,2
2,1.0,0.0,0.0,0.0,100000000.0,0.0,0.0,0.0,0.0,0.0,162.32969996053725,0.31654249709589277,0.31654249709589277,11,False,0.11277587956395072,1.038704236532979,0.1,5,3.0,4.0,0.1,2,0.0,2,-0.21465918832992176,524288.0,5242880.0,2,,316.54249709589277,0.0125,4.621125817298889,158.3702971276442,10,2
2,1.0,0.0,0.0,0.0,100000000.0,0.0,0.0,0.0,0.0,0.0,160.6008000089787,0.4549198114873808,0.4549198114873808,11,False,0.12065261009561556,1.1112516057479493,0.1,5,3.0,4.0,0.1,2,0.0,2,-0.2877862107914982,524288.0,5242880.0,3,,454.9198114873808,0.0078125,4.573812425136566,294.3190114784021,10,2
2,1.0,0.0,0.0,0.0,100000000.0,0.0,0.0,0.0,0.0,0.0,160.86020006332546,0.34403086920686254,0.34403086920686254,12,False,0.1383919273477493,1.2746367556065703,0.1,5,3.0,4.0,0.1,2,0.0,2,-0.24121139827730592,524288.0,5242880.0,1,,344.0308692068625,0.040625,4.372796535491943,185.9478692193348,10,2
2,1.0,0.0,0.0,0.0,100000000.0,0.0,0.0,0.0,0.0,0.0,161.97610000381246,0.3686914838379137,0.3686914838379137,12,False,0.11277587956395072,1.038704236532979,0.1,5,3.0,4.0,0.1,2,0.0,2,-0.24073368170093223,524288.0,5242880.0,2,,368.6914838379137,0.034375,4.454219460487366,209.8579838400595,10,2
2,1.0,0.0,0.0,0.0,100000000.0,0.0,0.0,0.0,0.0,0.0,161.31659992970526,0.35052465790130727,0.35052465790130727,12,False,0.12065261009561556,1.1112516057479493,0.1,5,3.0,4.0,0.1,2,0.0,2,-0.23558863399846142,524288.0,5242880.0,3,,350.52465790130725,0.0390625,4.366815984249115,189.20805797160205,10,2
2,1.0,0.0,0.0,0.0,100000000.0,0.0,0.0,0.0,0.0,0.0,161.0231000231579,0.31491288737142836,0.31491288737142836,13,False,0.1383919273477493,1.2746367556065703,0.1,5,3.0,4.0,0.1,2,0.0,2,-0.22665240735958883,524288.0,5242880.0,1,,314.9128873714284,0.01875,4.368304014205933,156.63978744978462,10,2
2,1.0,0.0,0.0,0.0,100000000.0,0.0,0.0,0.0,0.0,0.0,161.29900002852082,0.529311736666359,0.529311736666359,13,False,0.11277587956395072,1.038704236532979,0.1,5,3.0,4.0,0.1,2,0.0,2,-0.32104380811515487,524288.0,5242880.0,2,,529.311736666359,0.0234375,4.473897397518158,370.6629366197102,10,2
2,1.0,0.0,0.0,0.0,100000000.0,0.0,0.0,0.0,0.0,0.0,160.8410999760963,0.31353508398798147,0.31353508398798147,13,False,0.12065261009561556,1.1112516057479493,0.1,5,3.0,4.0,0.1,2,0.0,2,-0.21709384704179852,524288.0,5242880.0,3,,313.53508398798147,0.0296875,4.4179675579071045,152.69398401188516,10,2
2,1.0,0.0,0.0,0.0,100000000.0,0.0,0.0,0.0,0.0,0.0,161.54349996941164,0.3764826258475047,0.3764826258475047,14,False,0.1383919273477493,1.2746367556065703,0.1,5,3.0,4.0,0.1,2,0.0,2,-0.257437276597627,524288.0,5242880.0,1,,376.48262584750466,0.0296875,4.309433043003082,214.93912587809308,10,2
2,1.0,0.0,0.0,0.0,100000000.0,0.0,0.0,0.0,0.0,0.0,161.32029989967123,0.32280677745812714,0.32280677745812714,14,False,0.11277587956395072,1.038704236532979,0.1,5,3.0,4.0,0.1,2,0.0,2,-0.21779132851103894,524288.0,5242880.0,2,,322.80677745812716,0.0203125,4.506306946277618,164.21597750387295,10,2
2,1.0,0.0,0.0,0.0,100000000.0,0.0,0.0,0.0,0.0,0.0,162.0345000992529,0.36009942965417774,0.36009942965417774,14,False,0.12065261009561556,1.1112516057479493,0.1,5,3.0,4.0,0.1,2,0.0,2,-0.24037601987489665,524288.0,5242880.0,3,,360.09942965417775,0.021875,4.411695301532745,198.06492955492484,10,2
2,1.0,0.0,0.0,0.0,100000000.0,0.0,0.0,0.0,0.0,0.0,165.51860002800822,0.32169453701387773,0.32169453701387773,15,False,0.1383919273477493,1.2746367556065703,0.1,5,3.0,4.0,0.1,2,0.0,2,-0.23004323218081352,524288.0,5242880.0,1,,321.6945370138777,0.0359375,4.319971859455109,163.85133710607568,10,2
2,1.0,0.0,0.0,0.0,100000000.0,0.0,0.0,0.0,0.0,0.0,161.0895000048913,0.3243434492879221,0.3243434492879221,15,False,0.11277587956395072,1.038704236532979,0.1,5,3.0,4.0,0.1,2,0.0,2,-0.21855966442593638,524288.0,5242880.0,2,,324.34344928792206,0.0296875,4.547638297080994,163.25394928303078,10,2
2,1.0,0.0,0.0,0.0,100000000.0,0.0,0.0,0.0,0.0,0.0,161.24460007995367,0.2989557734651913,0.2989557734651913,15,False,0.12065261009561556,1.1112516057479493,0.1,5,3.0,4.0,0.1,2,0.0,2,-0.20980419178040344,524288.0,5242880.0,3,,298.9557734651913,0.0296875,4.41976010799408,140.47197351078066,10,2
2,1.0,0.0,0.0,0.0,100000000.0,0.0,0.0,0.0,0.0,0.0,161.57199995359406,0.34802657612436694,0.34802657612436694,16,False,0.1383919273477493,1.2746367556065703,0.1,5,3.0,4.0,0.1,2,0.0,2,-0.24320925173605812,524288.0,5242880.0,1,,348.02657612436695,0.025,4.288150668144226,186.45457617077284,10,2
2,1.0,0.0,0.0,0.0,100000000.0,0.0,0.0,0.0,0.0,0.0,161.81220003636554,0.32934591617720455,0.32934591617720455,16,False,0.11277587956395072,1.038704236532979,0.1,5,3.0,4.0,0.1,2,0.0,2,-0.22106089787057764,524288.0,5242880.0,2,,329.3459161772046,0.034375,4.409865081310272,170.86471624259156,10,2
2,1.0,0.0,0.0,0.0,100000000.0,0.0,0.0,0.0,0.0,0.0,161.13380005117506,0.38734899586313964,0.38734899586313964,16,False,0.12065261009561556,1.1112516057479493,0.1,5,3.0,4.0,0.1,2,0.0,2,-0.2540008029793776,524288.0,5242880.0,3,,387.34899586313963,0.021875,4.412345230579376,226.21519581196455,10,2
2,1.0,0.0,0.0,0.0,100000000.0,0.0,0.0,0.0,0.0,0.0,161.21889994246885,0.35472370166865286,0.35472370166865286,17,False,0.1383919273477493,1.2746367556065703,0.1,5,3.0,4.0,0.1,2,0.0,2,-0.24655781450820108,524288.0,5242880.0,1,,354.72370166865284,0.0328125,4.334148705005646,195.93340165049875,10,2
2,1.0,0.0,0.0,0.0,100000000.0,0.0,0.0,0.0,0.0,0.0,161.54900006949902,0.3035049520019093,0.3035049520019093,17,False,0.11277587956395072,1.038704236532979,0.1,5,3.0,4.0,0.1,2,0.0,2,-0.20814041578293002,524288.0,5242880.0,2,,303.5049520019093,0.0140625,4.486955225467682,144.36183179275756,10,2
2,1.0,0.0,0.0,0.0,100000000.0,0.0,0.0,0.0,0.0,0.0,162.05339989392087,0.39524701888509517,0.39524701888509517,17,False,0.12065261009561556,1.1112516057479493,0.1,5,3.0,4.0,0.1,2,0.0,2,-0.25794981449035537,524288.0,5242880.0,3,,395.24701888509514,0.0328125,4.384357690811157,236.69261885876256,10,2
2,1.0,0.0,0.0,0.0,100000000.0,0.0,0.0,0.0,0.0,0.0,161.37159999925643,0.3598039211560522,0.3598039211560522,18,False,0.1383919273477493,1.2746367556065703,0.1,5,3.0,4.0,0.1,2,0.0,2,-0.24909792425190075,524288.0,5242880.0,1,,359.8039211560522,0.046875,4.2705148458480835,198.43232115679575,10,2
2,1.0,0.0,0.0,0.0,100000000.0,0.0,0.0,0.0,0.0,0.0,162.11719997227192,0.33841782794923636,0.33841782794923636,18,False,0.11277587956395072,1.038704236532979,0.1,5,3.0,4.0,0.1,2,0.0,2,-0.22559685375659355,524288.0,5242880.0,2,,338.41782794923637,0.021875,4.401507139205933,176.30062797696445,10,2
2,1.0,0.0,0.0,0.0,100000000.0,0.0,0.0,0.0,0.0,0.0,161.73449996858835,0.3741936058886871,0.3741936058886871,18,False,0.12065261009561556,1.1112516057479493,0.1,5,3.0,4.0,0.1,2,0.0,2,-0.24742310799215134,524288.0,5242880.0,3,,374.1936058886871,0.0359375,4.363830745220184,212.45910592009872,10,2
2,1.0,0.0,0.0,0.0,100000000.0,0.0,0.0,0.0,0.0,0.0,161.6797999595292,0.3505911523601559,0.3505911523601559,19,False,0.1383919273477493,1.2746367556065703,0.1,5,3.0,4.0,0.1,2,0.0,2,-0.2444915398539526,524288.0,5242880.0,1,,350.59115236015595,0.05625,4.236735045909882,192.43695235434524,10,2
2,1.0,0.0,0.0,0.0,100000000.0,0.0,0.0,0.0,0.0,0.0,161.60269995452836,1.2679101167876603,1.2679101167876603,19,False,0.11277587956395072,1.038704236532979,0.1,5,3.0,4.0,0.1,2,0.0,2,-0.6903429981758055,524288.0,5242880.0,2,,1267.9101167876604,0.0296875,4.380359530448914,1106.307416833132,10,2
2,1.0,0.0,0.0,0.0,100000000.0,0.0,0.0,0.0,0.0,0.0,160.8354999916628,0.35055502799443283,0.35055502799443283,19,False,0.12065261009561556,1.1112516057479493,0.1,5,3.0,4.0,0.1,2,0.0,2,-0.2356038190450242,524288.0,5242880.0,3,,350.5550279944328,0.01875,4.289266645908356,189.71952800277006,10,2
2,1.0,0.0,0.0,0.0,100000000.0,0.0,0.0,0.0,0.0,0.0,161.20090003823861,0.4261470113338649,0.4261470113338649,20,False,0.1383919273477493,1.2746367556065703,0.1,5,3.0,4.0,0.1,2,0.0,2,-0.2822694693408071,524288.0,5242880.0,1,0.01875,426.1470113338649,0.059375,4.198763906955719,267.94931140427735,10,2
2,1.0,0.0,0.0,0.0,100000000.0,0.0,0.0,0.0,0.0,0.0,163.02159999031574,0.3204638985939957,0.3204638985939957,20,False,0.11277587956395072,1.038704236532979,0.1,5,3.0,4.0,0.1,2,0.0,2,-0.21661988907897323,524288.0,5242880.0,2,0.01875,320.46389859399574,0.028125,4.3661617040634155,162.1515986649021,10,2
2,1.0,0.0,0.0,0.0,100000000.0,0.0,0.0,0.0,0.0,0.0,161.03049996308982,0.3114616395173279,0.3114616395173279,20,False,0.12065261009561556,1.1112516057479493,0.1,5,3.0,4.0,0.1,2,0.0,2,-0.21605712480647174,524288.0,5242880.0,3,0.01875,311.4616395173279,0.05,4.303508996963501,153.6441395723877,10,2
2,1.0,0.0,0.0,0.0,100000000.0,0.0,0.0,0.0,0.0,0.0,161.8001000606455,0.3693982696721319,0.3693982696721319,21,False,0.1383919273477493,1.2746367556065703,0.1,5,3.0,4.0,0.1,2,0.0,2,-0.25389509850994063,524288.0,5242880.0,1,,369.3982696721319,0.0234375,4.484954118728638,211.04636967433504,10,2
2,1.0,0.0,0.0,0.0,100000000.0,0.0,0.0,0.0,0.0,0.0,161.5435000276193,0.48809750076491604,0.48809750076491604,21,False,0.11277587956395072,1.038704236532979,0.1,5,3.0,4.0,0.1,2,0.0,2,-0.30043669016443336,524288.0,5242880.0,2,,488.09750076491605,0.0234375,4.591558575630188,329.4866007740259,10,2
2,1.0,0.0,0.0,0.0,100000000.0,0.0,0.0,0.0,0.0,0.0,161.82250005658716,0.4285171109909071,0.4285171109909071,21,False,0.12065261009561556,1.1112516057479493,0.1,5,3.0,4.0,0.1,2,0.0,2,-0.27458486054326137,524288.0,5242880.0,3,,428.5171109909071,0.028125,4.509034335613251,270.14591096256584,10,2
2,1.0,0.0,0.0,0.0,100000000.0,0.0,0.0,0.0,0.0,0.0,161.7948999046348,0.3450454972989244,0.3450454972989244,22,False,0.1383919273477493,1.2746367556065703,0.1,5,3.0,4.0,0.1,2,0.0,2,-0.24171871232333686,524288.0,5242880.0,1,,345.04549729892443,0.046875,4.252094984054565,183.2505973942896,10,2
2,1.0,0.0,0.0,0.0,100000000.0,0.0,0.0,0.0,0.0,0.0,161.94839996751398,0.3482981282172565,0.3482981282172565,22,False,0.11277587956395072,1.038704236532979,0.1,5,3.0,4.0,0.1,2,0.0,2,-0.2305370038906036,524288.0,5242880.0,2,,348.2981282172565,0.04375,4.391073822975159,186.34972824974253,10,2
2,1.0,0.0,0.0,0.0,100000000.0,0.0,0.0,0.0,0.0,0.0,161.78319993196055,0.5910277646251492,0.5910277646251492,22,False,0.12065261009561556,1.1112516057479493,0.1,5,3.0,4.0,0.1,2,0.0,2,-0.35584018736038237,524288.0,5242880.0,3,,591.0277646251492,0.065625,4.284419298171997,429.24456469318864,10,2
2,1.0,0.0,0.0,0.0,100000000.0,0.0,0.0,0.0,0.0,0.0,161.44039999926463,0.44838030173545546,0.44838030173545546,23,False,0.1383919273477493,1.2746367556065703,0.1,5,3.0,4.0,0.1,2,0.0,2,-0.29338611454160235,524288.0,5242880.0,1,,448.3803017354555,0.0515625,4.193160057067871,290.12660172870227,10,2
2,1.0,0.0,0.0,0.0,100000000.0,0.0,0.0,0.0,0.0,0.0,161.1802999395877,0.3378527356578944,0.3378527356578944,23,False,0.11277587956395072,1.038704236532979,0.1,5,3.0,4.0,0.1,2,0.0,2,-0.22531430761092258,524288.0,5242880.0,2,,337.8527356578944,0.040625,4.364393830299377,176.67243571830673,10,2
2,1.0,0.0,0.0,0.0,100000000.0,0.0,0.0,0.0,0.0,0.0,160.79960012575611,0.3603276259348636,0.3603276259348636,23,False,0.12065261009561556,1.1112516057479493,0.1,5,3.0,4.0,0.1,2,0.0,2,-0.2404901180152396,524288.0,5242880.0,3,,360.3276259348636,0.046875,4.27287620306015,199.5280258091075,10,2
2,1.0,0.0,0.0,0.0,100000000.0,0.0,0.0,0.0,0.0,0.0,161.32960002869368,0.31188083943982825,0.31188083943982825,24,False,0.1383919273477493,1.2746367556065703,0.1,5,3.0,4.0,0.1,2,0.0,2,-0.22513638339378877,524288.0,5242880.0,1,,311.88083943982826,0.053125,4.124424695968628,151.12762898156527,10,2
2,1.0,0.0,0.0,0.0,100000000.0,0.0,0.0,0.0,0.0,0.0,161.1028999905102,0.34797532622383814,0.34797532622383814,24,False,0.11277587956395072,1.038704236532979,0.1,5,3.0,4.0,0.1,2,0.0,2,-0.23037560289389442,524288.0,5242880.0,2,,347.9753262238381,0.040625,4.388152182102203,189.43552619226185,10,2
2,1.0,0.0,0.0,0.0,100000000.0,0.0,0.0,0.0,0.0,0.0,161.76200000336394,0.45017272810955933,0.45017272810955933,24,False,0.12065261009561556,1.1112516057479493,0.1,5,3.0,4.0,0.1,2,0.0,2,-0.28541266910258745,524288.0,5242880.0,3,,450.17272810955933,0.0453125,4.258370578289032,288.4107281061954,10,2
2,1.0,0.0,0.0,0.0,100000000.0,0.0,0.0,0.0,0.0,0.0,160.40979995159432,0.38887281800400886,0.38887281800400886,25,False,0.1383919273477493,1.2746367556065703,0.1,5,3.0,4.0,0.1,2,0.0,2,-0.2636323726758791,524288.0,5242880.0,1,,388.8728180040089,0.0578125,4.1785473227500916,230.84501802934756,10,2
2,1.0,0.0,0.0,0.0,100000000.0,0.0,0.0,0.0,0.0,0.0,160.9750000643544,0.31252236579787984,0.31252236579787984,25,False,0.11277587956395072,1.038704236532979,0.1,5,3.0,4.0,0.1,2,0.0,2,-0.2126491226809153,524288.0,5242880.0,2,,312.52236579787984,0.03125,4.299868285655975,153.93136578389507,10,2
2,1.0,0.0,0.0,0.0,100000000.0,0.0,0.0,0.0,0.0,0.0,160.11820000130683,0.33451442875295634,0.33451442875295634,25,False,0.12065261009561556,1.1112516057479493,0.1,5,3.0,4.0,0.1,2,0.0,2,-0.22758351942428595,524288.0,5242880.0,3,,334.51442875295635,0.059375,4.161986231803894,176.16312875972815,10,2
2,1.0,0.0,0.0,0.0,100000000.0,0.0,0.0,0.0,0.0,0.0,161.27140005119145,0.5717497688465714,0.5717497688465714,26,False,0.1383919273477493,1.2746367556065703,0.1,5,3.0,4.0,0.1,2,0.0,2,-0.35507084809716033,524288.0,5242880.0,1,,571.7497688465713,0.05,4.11498236656189,410.47836879538,10,2
2,1.0,0.0,0.0,0.0,100000000.0,0.0,0.0,0.0,0.0,0.0,162.04089997336268,0.3386084702610135,0.3386084702610135,26,False,0.11277587956395072,1.038704236532979,0.1,5,3.0,4.0,0.1,2,0.0,2,-0.2256921749124821,524288.0,5242880.0,2,,338.6084702610135,0.053125,4.24175751209259,180.87717021574304,10,2
2,1.0,0.0,0.0,0.0,100000000.0,0.0,0.0,0.0,0.0,0.0,160.9395999694243,0.354552313734819,0.354552313734819,26,False,0.12065261009561556,1.1112516057479493,0.1,5,3.0,4.0,0.1,2,0.0,2,-0.23760246191521728,524288.0,5242880.0,3,,354.552313734819,0.0578125,4.159489303827286,193.61271376539466,10,2
2,1.0,0.0,0.0,0.0,100000000.0,0.0,0.0,0.0,0.0,0.0,160.5585000361316,0.4577706378226157,0.4577706378226157,27,False,0.1383919273477493,1.2746367556065703,0.1,5,3.0,4.0,0.1,2,0.0,2,-0.2980812825851825,524288.0,5242880.0,1,,457.7706378226157,0.0671875,4.101259112358093,297.2121377864841,10,2
2,1.0,0.0,0.0,0.0,100000000.0,0.0,0.0,0.0,0.0,0.0,162.48430003179237,0.36986322302265184,0.36986322302265184,27,False,0.11277587956395072,1.038704236532979,0.1,5,3.0,4.0,0.1,2,0.0,2,-0.2413195512933013,524288.0,5242880.0,2,,369.8632230226518,0.0375,4.2179893255233765,211.17272300772464,10,2
2,1.0,0.0,0.0,0.0,100000000.0,0.0,0.0,0.0,0.0,0.0,160.99990002112463,0.37058671614557975,0.37058671614557975,27,False,0.12065261009561556,1.1112516057479493,0.1,5,3.0,4.0,0.1,2,0.0,2,-0.24561966312059766,524288.0,5242880.0,3,,370.58671614557977,0.046875,4.174081891775131,209.5868161244551,10,2
2,1.0,0.0,0.0,0.0,100000000.0,0.0,0.0,0.0,0.0,0.0,162.14169998420402,0.3224594722848723,0.3224594722848723,28,False,0.1383919273477493,1.2746367556065703,0.1,5,3.0,4.0,0.1,2,0.0,2,-0.2304256998163108,524288.0,5242880.0,1,,322.45947228487233,0.078125,4.10563600063324,163.99247234196983,10,2
2,1.0,0.0,0.0,0.0,100000000.0,0.0,0.0,0.0,0.0,0.0,161.1826000153087,0.3438460662656614,0.3438460662656614,28,False,0.11277587956395072,1.038704236532979,0.1,5,3.0,4.0,0.1,2,0.0,2,-0.22831097291480607,524288.0,5242880.0,2,,343.84606626566136,0.05625,4.1875786781311035,182.66346625035266,10,2
2,1.0,0.0,0.0,0.0,100000000.0,0.0,0.0,0.0,0.0,0.0,161.04179999092594,0.30838353165251375,0.30838353165251375,28,False,0.12065261009561556,1.1112516057479493,0.1,5,3.0,4.0,0.1,2,0.0,2,-0.21451807087406466,524288.0,5242880.0,3,,308.38353165251374,0.05625,4.132525146007538,147.34173166158783,10,2
2,1.0,0.0,0.0,0.0,100000000.0,0.0,0.0,0.0,0.0,0.0,162.10570005932823,0.3110222297461279,0.3110222297461279,29,False,0.1383919273477493,1.2746367556065703,0.1,5,3.0,4.0,0.1,2,0.0,2,-0.2247070785469386,524288.0,5242880.0,1,,311.02222974612795,0.065625,4.053263753652573,148.91652968679972,10,2
2,1.0,0.0,0.0,0.0,100000000.0,0.0,0.0,0.0,0.0,0.0,161.00009996443987,0.370453862121048,0.370453862121048,29,False,0.11277587956395072,1.038704236532979,0.1,5,3.0,4.0,0.1,2,0.0,2,-0.24161487084249939,524288.0,5242880.0,2,,370.453862121048,0.071875,4.144819974899292,212.0978621502394,10,2
2,1.0,0.0,0.0,0.0,100000000.0,0.0,0.0,0.0,0.0,0.0,161.1121001187712,0.426335422021883,0.426335422021883,29,False,0.12065261009561556,1.1112516057479493,0.1,5,3.0,4.0,0.1,2,0.0,2,-0.2734940160587493,524288.0,5242880.0,3,,426.335422021883,0.065625,4.123906642198563,268.39412194917577,10,2
2,1.0,0.0,0.0,0.0,100000000.0,0.0,0.0,0.0,0.0,0.0,162.4868999933824,0.38334682336876647,0.38334682336876647,30,False,0.1383919273477493,1.2746367556065703,0.1,5,3.0,4.0,0.1,2,0.0,2,-0.2608693753582579,524288.0,5242880.0,1,0.03828125,383.3468233687665,0.065625,4.0864929258823395,220.85992337538408,10,2
2,1.0,0.0,0.0,0.0,100000000.0,0.0,0.0,0.0,0.0,0.0,161.04070004075766,0.6957117516001087,0.6957117516001087,30,False,0.11277587956395072,1.038704236532979,0.1,5,3.0,4.0,0.1,2,0.0,2,-0.4042438155820297,524288.0,5242880.0,2,0.03828125,695.7117516001086,0.0625,4.221348464488983,537.7373516246076,10,2
2,1.0,0.0,0.0,0.0,100000000.0,0.0,0.0,0.0,0.0,0.0,161.19479993358254,0.3002760400468285,0.3002760400468285,30,False,0.12065261009561556,1.1112516057479493,0.1,5,3.0,4.0,0.1,2,0.0,2,-0.21046432507122204,524288.0,5242880.0,3,0.03828125,300.2760400468285,0.0640625,4.10752072930336,139.08124011324597,10,2
2,1.0,0.0,0.0,0.0,100000000.0,0.0,0.0,0.0,0.0,0.0,161.26099997200072,0.3128516644260131,0.3128516644260131,31,False,0.1383919273477493,1.2746367556065703,0.1,5,3.0,4.0,0.1,2,0.0,2,-0.2256217958868812,524288.0,5242880.0,1,,312.8516644260131,0.040625,4.275971710681915,154.56596440842677,10,2
2,1.0,0.0,0.0,0.0,100000000.0,0.0,0.0,0.0,0.0,0.0,161.50759998708963,0.5101494664443408,0.5101494664443408,31,False,0.11277587956395072,1.038704236532979,0.1,5,3.0,4.0,0.1,2,0.0,2,-0.31146267300414576,524288.0,5242880.0,2,,510.14946644434076,0.0375,4.392279088497162,351.7970665009443,10,2
2,1.0,0.0,0.0,0.0,100000000.0,0.0,0.0,0.0,0.0,0.0,160.81390011822805,0.3863299721056631,0.3863299721056631,31,False,0.12065261009561556,1.1112516057479493,0.1,5,3.0,4.0,0.1,2,0.0,2,-0.25349129110063934,524288.0,5242880.0,3,,386.3299721056631,0.0375,4.314220130443573,228.1337721292896,10,2
2,1.0,0.0,0.0,0.0,100000000.0,0.0,0.0,0.0,0.0,0.0,161.20109998155385,0.3635530853113321,0.3635530853113321,32,False,0.1383919273477493,1.2746367556065703,0.1,5,3.0,4.0,0.1,2,0.0,2,-0.2509725063295407,524288.0,5242880.0,1,,363.5530853113321,0.0796875,4.030777722597122,206.12598531229173,10,2
2,1.0,0.0,0.0,0.0,100000000.0,0.0,0.0,0.0,0.0,0.0,161.97219997411594,0.29970137197076696,0.29970137197076696,32,False,0.11277587956395072,1.038704236532979,0.1,5,3.0,4.0,0.1,2,0.0,2,-0.20623862576735885,524288.0,5242880.0,2,,299.70137197076696,0.059375,4.1243526339530945,141.6440719461011,10,2
2,1.0,0.0,0.0,0.0,100000000.0,0.0,0.0,0.0,0.0,0.0,160.10460001416504,0.2988988982942148,0.2988988982942148,32,False,0.12065261009561556,1.1112516057479493,0.1,5,3.0,4.0,0.1,2,0.0,2,-0.20977575419491518,524288.0,5242880.0,3,,298.8988982942148,0.06875,4.131424635648727,140.51949837805762,10,2
2,1.0,0.0,0.0,0.0,100000000.0,0.0,0.0,0.0,0.0,0.0,161.16700001293793,0.30378890613623777,0.30378890613623777,33,False,0.1383919273477493,1.2746367556065703,0.1,5,3.0,4.0,0.1,2,0.0,2,-0.22109041674199353,524288.0,5242880.0,1,,303.78890613623776,0.053125,4.090416043996811,145.5749061407416,10,2
2,1.0,0.0,0.0,0.0,100000000.0,0.0,0.0,0.0,0.0,0.0,161.3142999703996,0.3541324518076755,0.3541324518076755,33,False,0.11277587956395072,1.038704236532979,0.1,5,3.0,4.0,0.1,2,0.0,2,-0.23345416568581312,524288.0,5242880.0,2,,354.1324518076755,0.05625,4.2528016567230225,195.44935179088782,10,2
2,1.0,0.0,0.0,0.0,100000000.0,0.0,0.0,0.0,0.0,0.0,161.28569998545572,0.3904175623737596,0.3904175623737596,33,False,0.12065261009561556,1.1112516057479493,0.1,5,3.0,4.0,0.1,2,0.0,2,-0.25553508623468757,524288.0,5242880.0,3,,390.41756237375955,0.0671875,4.131102204322815,229.1318623883039,10,2
2,1.0,0.0,0.0,0.0,100000000.0,0.0,0.0,0.0,0.0,0.0,161.79020010167733,0.31509055050615503,0.31509055050615503,34,False,0.1383919273477493,1.2746367556065703,0.1,5,3.0,4.0,0.1,2,0.0,2,-0.22674123892695217,524288.0,5242880.0,1,,315.090550506155,0.059375,4.058170288801193,153.3003504044777,10,2
2,1.0,0.0,0.0,0.0,100000000.0,0.0,0.0,0.0,0.0,0.0,161.6376000456512,0.5112969930416131,0.5112969930416131,34,False,0.11277587956395072,1.038704236532979,0.1,5,3.0,4.0,0.1,2,0.0,2,-0.31203643630278194,524288.0,5242880.0,2,,511.2969930416131,0.0765625,4.055627644062042,349.659392995962,10,2
2,1.0,0.0,0.0,0.0,100000000.0,0.0,0.0,0.0,0.0,0.0,161.5578000782989,0.319196334386075,0.319196334386075,34,False,0.12065261009561556,1.1112516057479493,0.1,5,3.0,4.0,0.1,2,0.0,2,-0.21992447224084527,524288.0,5242880.0,3,,319.19633438607497,0.0734375,4.0358604192733765,157.6385343077761,10,2
2,1.0,0.0,0.0,0.0,100000000.0,0.0,0.0,0.0,0.0,0.0,161.98909998638555,0.4067004185946376,0.4067004185946376,35,False,0.1383919273477493,1.2746367556065703,0.1,5,3.0,4.0,0.1,2,0.0,2,-0.27254617297119343,524288.0,5242880.0,1,,406.7004185946376,0.0609375,3.9271060824394226,247.97961858182188,10,2
2,1.0,0.0,0.0,0.0,100000000.0,0.0,0.0,0.0,0.0,0.0,161.21559997554868,1.5590321972468133,1.5590321972468133,35,False,0.11277587956395072,1.038704236532979,0.1,5,3.0,4.0,0.1,2,0.0,2,-0.835904038405382,524288.0,5242880.0,2,,1559.0321972468132,0.11875,4.098601847887039,1397.8165972712645,10,2
2,1.0,0.0,0.0,0.0,100000000.0,0.0,0.0,0.0,0.0,0.0,161.35389998089522,0.3347700982438825,0.3347700982438825,35,False,0.12065261009561556,1.1112516057479493,0.1,5,3.0,4.0,0.1,2,0.0,2,-0.22771135416974903,524288.0,5242880.0,3,,334.7700982438825,0.09375,3.98252534866333,173.41619826298722,10,2
2,1.0,0.0,0.0,0.0,100000000.0,0.0,0.0,0.0,0.0,0.0,161.1080999718979,0.345252833915654,0.345252833915654,36,False,0.1383919273477493,1.2746367556065703,0.1,5,3.0,4.0,0.1,2,0.0,2,-0.24182238063170164,524288.0,5242880.0,1,,345.252833915654,0.071875,3.937281221151352,186.54613395199496,10,2
2,1.0,0.0,0.0,0.0,100000000.0,0.0,0.0,0.0,0.0,0.0,161.07209998881444,0.4056292413400682,0.4056292413400682,36,False,0.11277587956395072,1.038704236532979,0.1,5,3.0,4.0,0.1,2,0.0,2,-0.25920256045200946,524288.0,5242880.0,2,,405.62924134006823,0.0625,4.131197035312653,244.5571413512538,10,2
2,1.0,0.0,0.0,0.0,100000000.0,0.0,0.0,0.0,0.0,0.0,161.41949995653704,0.3186119791433438,0.3186119791433438,36,False,0.12065261009561556,1.1112516057479493,0.1,5,3.0,4.0,0.1,2,0.0,2,-0.2196322946194797,524288.0,5242880.0,3,,318.61197914334383,0.0796875,4.090908318758011,157.19247918680682,10,2
2,1.0,0.0,0.0,0.0,100000000.0,0.0,0.0,0.0,0.0,0.0,161.23910003807396,0.31830368606523096,0.31830368606523096,37,False,0.1383919273477493,1.2746367556065703,0.1,5,3.0,4.0,0.1,2,0.0,2,-0.22834780670649013,524288.0,5242880.0,1,,318.303686065231,0.08125,3.8666932582855225,159.8357860572678,10,2
2,1.0,0.0,0.0,0.0,100000000.0,0.0,0.0,0.0,0.0,0.0,160.8125000493601,0.3285214300233328,0.3285214300233328,37,False,0.11277587956395072,1.038704236532979,0.1,5,3.0,4.0,0.1,2,0.0,2,-0.22064865479364176,524288.0,5242880.0,2,,328.52143002333275,0.075,4.030826032161713,167.7089299739727,10,2
2,1.0,0.0,0.0,0.0,100000000.0,0.0,0.0,0.0,0.0,0.0,161.5558000630699,0.36396136306647675,0.36396136306647675,37,False,0.12065261009561556,1.1112516057479493,0.1,5,3.0,4.0,0.1,2,0.0,2,-0.24230698658104616,524288.0,5242880.0,3,,363.96136306647674,0.0671875,4.0416736006736755,202.40556300340685,10,2
2,1.0,0.0,0.0,0.0,100000000.0,0.0,0.0,0.0,0.0,0.0,161.2379999132827,0.2837285429308223,0.2837285429308223,38,False,0.1383919273477493,1.2746367556065703,0.1,5,3.0,4.0,0.1,2,0.0,2,-0.2110602351392858,524288.0,5242880.0,1,,283.7285429308223,0.0734375,3.8761280477046967,122.49054301753958,10,2
2,1.0,0.0,0.0,0.0,100000000.0,0.0,0.0,0.0,0.0,0.0,161.81390004931018,0.37172059741839647,0.37172059741839647,38,False,0.11277587956395072,1.038704236532979,0.1,5,3.0,4.0,0.1,2,0.0,2,-0.2422482384911736,524288.0,5242880.0,2,,371.7205974183965,0.08125,4.048598259687424,213.86549741998198,10,2
2,1.0,0.0,0.0,0.0,100000000.0,0.0,0.0,0.0,0.0,0.0,160.67259991541505,0.34322320378161475,0.34322320378161475,38,False,0.12065261009561556,1.1112516057479493,0.1,5,3.0,4.0,0.1,2,0.0,2,-0.23193790693861516,524288.0,5242880.0,3,,343.22320378161476,0.071875,3.953595817089081,184.68900373447198,10,2
2,1.0,0.0,0.0,0.0,100000000.0,0.0,0.0,0.0,0.0,0.0,161.78260004380718,0.30212428280057524,0.30212428280057524,39,False,0.1383919273477493,1.2746367556065703,0.1,5,3.0,4.0,0.1,2,0.0,2,-0.22025810507416227,524288.0,5242880.0,1,,302.12428280057526,0.08125,3.7924953997135162,140.34168275676808,10,2
2,1.0,0.0,0.0,0.0,100000000.0,0.0,0.0,0.0,0.0,0.0,160.57040001032874,0.3115835616505943,0.3115835616505943,39,False,0.11277587956395072,1.038704236532979,0.1,5,3.0,4.0,0.1,2,0.0,2,-0.21217972060727253,524288.0,5242880.0,2,,311.58356165059433,0.0875,4.018480658531189,153.57396169810147,10,2
2,1.0,0.0,0.0,0.0,100000000.0,0.0,0.0,0.0,0.0,0.0,161.5794000099413,0.3178472915839098,0.3178472915839098,39,False,0.12065261009561556,1.1112516057479493,0.1,5,3.0,4.0,0.1,2,0.0,2,-0.21924995083976268,524288.0,5242880.0,3,,317.8472915839098,0.103125,3.901414453983307,159.71559157480218,10,2
2,1.0,0.0,0.0,0.0,100000000.0,0.0,0.0,0.0,0.0,0.0,162.1393000241369,0.44139032056627775,0.44139032056627775,40,False,0.1383919273477493,1.2746367556065703,0.1,5,3.0,4.0,0.1,2,0.0,2,-0.28989112395701355,524288.0,5242880.0,1,0.05234375,441.39032056627775,0.090625,3.8834151327610016,279.25102054214085,10,2
2,1.0,0.0,0.0,0.0,100000000.0,0.0,0.0,0.0,0.0,0.0,160.70599993690848,0.3357134193357,0.3357134193357,40,False,0.11277587956395072,1.038704236532979,0.1,5,3.0,4.0,0.1,2,0.0,2,-0.22424464944982536,524288.0,5242880.0,2,0.05234375,335.7134193357,0.0703125,4.003445684909821,175.00741939879148,10,2
2,1.0,0.0,0.0,0.0,100000000.0,0.0,0.0,0.0,0.0,0.0,161.24729998409748,0.38280920116313866,0.38280920116313866,40,False,0.12065261009561556,1.1112516057479493,0.1,5,3.0,4.0,0.1,2,0.0,2,-0.2517309056293771,524288.0,5242880.0,3,0.05234375,382.80920116313865,0.08125,3.909440904855728,221.5619011790412,10,2
2,1.0,0.0,0.0,0.0,100000000.0,0.0,0.0,0.0,0.0,0.0,162.01380005804822,0.6707623431496178,0.6707623431496178,41,False,0.1383919273477493,1.2746367556065703,0.1,5,3.0,4.0,0.1,2,0.0,2,-0.40457713524868355,524288.0,5242880.0,1,,670.7623431496178,0.0640625,4.080805003643036,512.7420431738575,10,2
2,1.0,0.0,0.0,0.0,100000000.0,0.0,0.0,0.0,0.0,0.0,161.61130007822067,0.3509089973178935,0.3509089973178935,41,False,0.11277587956395072,1.038704236532979,0.1,5,3.0,4.0,0.1,2,0.0,2,-0.23184243844092212,524288.0,5242880.0,2,,350.90899731789347,0.075,4.161838233470917,192.93919731921147,10,2
2,1.0,0.0,0.0,0.0,100000000.0,0.0,0.0,0.0,0.0,0.0,161.8502999190241,0.34280158919663306,0.34280158919663306,41,False,0.12065261009561556,1.1112516057479493,0.1,5,3.0,4.0,0.1,2,0.0,2,-0.2317270996461243,524288.0,5242880.0,3,,342.8015891966331,0.0578125,4.1324010491371155,184.38498917183978,10,2
2,1.0,0.0,0.0,0.0,100000000.0,0.0,0.0,0.0,0.0,0.0,161.450200015679,1.5802373895387443,1.5802373895387443,42,False,0.1383919273477493,1.2746367556065703,0.1,5,3.0,4.0,0.1,2,0.0,2,-0.8593146584432467,524288.0,5242880.0,1,,1580.2373895387443,0.0859375,3.88837993144989,1418.7871895230653,10,2
2,1.0,0.0,0.0,0.0,100000000.0,0.0,0.0,0.0,0.0,0.0,160.91340000275522,0.31704396404496643,0.31704396404496643,42,False,0.11277587956395072,1.038704236532979,0.1,5,3.0,4.0,0.1,2,0.0,2,-0.21490992180445856,524288.0,5242880.0,2,,317.04396404496646,0.0609375,4.06544902920723,158.0362641176513,10,2
2,1.0,0.0,0.0,0.0,100000000.0,0.0,0.0,0.0,0.0,0.0,161.49220004444942,0.43097136239456263,0.43097136239456263,42,False,0.12065261009561556,1.1112516057479493,0.1,5,3.0,4.0,0.1,2,0.0,2,-0.27581198624508907,524288.0,5242880.0,3,,430.9713623945626,0.090625,3.9739699363708496,272.3858624224576,10,2
2,1.0,0.0,0.0,0.0,100000000.0,0.0,0.0,0.0,0.0,0.0,161.62010002881289,0.3124033484320195,0.3124033484320195,43,False,0.1383919273477493,1.2746367556065703,0.1,5,3.0,4.0,0.1,2,0.0,2,-0.2253976378898844,524288.0,5242880.0,1,,312.4033484320195,0.075,3.8002936244010925,150.7832484032066,10,2
2,1.0,0.0,0.0,0.0,100000000.0,0.0,0.0,0.0,0.0,0.0,162.3488999903202,0.3579746151787693,0.3579746151787693,43,False,0.11277587956395072,1.038704236532979,0.1,5,3.0,4.0,0.1,2,0.0,2,-0.23537524737136,524288.0,5242880.0,2,,357.9746151787693,0.075,4.003824353218079,195.62571518844908,10,2
2,1.0,0.0,0.0,0.0,100000000.0,0.0,0.0,0.0,0.0,0.0,161.56439995393157,0.30406907386165355,0.30406907386165355,43,False,0.12065261009561556,1.1112516057479493,0.1,5,3.0,4.0,0.1,2,0.0,2,-0.21236084197863456,524288.0,5242880.0,3,,304.0690738616535,0.084375,3.9850628674030304,145.46337385215108,10,2
2,1.0,0.0,0.0,0.0,100000000.0,0.0,0.0,0.0,0.0,0.0,161.83719999389723,0.35603647735765637,0.35603647735765637,44,False,0.1383919273477493,1.2746367556065703,0.1,5,3.0,4.0,0.1,2,0.0,2,-0.24721420235270283,524288.0,5242880.0,1,,356.0364773576564,0.0828125,3.866087853908539,194.19927736375914,10,2
2,1.0,0.0,0.0,0.0,100000000.0,0.0,0.0,0.0,0.0,0.0,162.24069992313161,0.3764167249053023,0.3764167249053023,44,False,0.11277587956395072,1.038704236532979,0.1,5,3.0,4.0,0.1,2,0.0,2,-0.24459630223462653,524288.0,5242880.0,2,,376.4167249053023,0.08125,3.9849580228328705,214.1760249821707,10,2
2,1.0,0.0,0.0,0.0,100000000.0,0.0,0.0,0.0,0.0,0.0,161.55460005393252,0.5794206687868392,0.5794206687868392,44,False,0.12065261009561556,1.1112516057479493,0.1,5,3.0,4.0,0.1,2,0.0,2,-0.35003663944122737,524288.0,5242880.0,3,,579.4206687868392,0.0796875,3.9000867903232574,417.8660687329067,10,2
2,1.0,0.0,0.0,0.0,100000000.0,0.0,0.0,0.0,0.0,0.0,160.8655999880284,0.3314854718667779,0.3314854718667779,45,False,0.1383919273477493,1.2746367556065703,0.1,5,3.0,4.0,0.1,2,0.0,2,-0.2349386996072636,524288.0,5242880.0,1,,331.4854718667779,0.0703125,3.9244497418403625,173.2045718275335,10,2
2,1.0,0.0,0.0,0.0,100000000.0,0.0,0.0,0.0,0.0,0.0,161.60310007398948,0.32093707870211025,0.32093707870211025,45,False,0.11277587956395072,1.038704236532979,0.1,5,3.0,4.0,0.1,2,0.0,2,-0.21685647913303047,524288.0,5242880.0,2,,320.9370787021102,0.0859375,3.9951705932617188,159.33397862812078,10,2
2,1.0,0.0,0.0,0.0,100000000.0,0.0,0.0,0.0,0.0,0.0,162.95349993743002,0.37119364402924604,0.37119364402924604,45,False,0.12065261009561556,1.1112516057479493,0.1,5,3.0,4.0,0.1,2,0.0,2,-0.2459231270624308,524288.0,5242880.0,3,,371.19364402924606,0.0859375,3.8806973099708557,208.240144091816,10,2
2,1.0,0.0,0.0,0.0,100000000.0,0.0,0.0,0.0,0.0,0.0,162.4041999457404,0.33355854495699,0.33355854495699,46,False,0.1383919273477493,1.2746367556065703,0.1,5,3.0,4.0,0.1,2,0.0,2,-0.23597523615236965,524288.0,5242880.0,1,,333.55854495699,0.084375,3.848153531551361,171.15434501124963,10,2
2,1.0,0.0,0.0,0.0,100000000.0,0.0,0.0,0.0,0.0,0.0,161.92520002368838,0.29542184431136387,0.29542184431136387,46,False,0.11277587956395072,1.038704236532979,0.1,5,3.0,4.0,0.1,2,0.0,2,-0.2040988619376573,524288.0,5242880.0,2,,295.4218443113639,0.071875,4.03459894657135,136.7793443126863,10,2
2,1.0,0.0,0.0,0.0,100000000.0,0.0,0.0,0.0,0.0,0.0,162.14079997735098,0.3175781689593432,0.3175781689593432,46,False,0.12065261009561556,1.1112516057479493,0.1,5,3.0,4.0,0.1,2,0.0,2,-0.2191153895274794,524288.0,5242880.0,3,,317.5781689593432,0.0734375,4.02167883515358,158.91376891032357,10,2
2,1.0,0.0,0.0,0.0,100000000.0,0.0,0.0,0.0,0.0,0.0,161.89699998358265,0.31925599841650465,0.31925599841650465,47,False,0.1383919273477493,1.2746367556065703,0.1,5,3.0,4.0,0.1,2,0.0,2,-0.22882396288212697,524288.0,5242880.0,1,,319.25599841650467,0.08125,3.8835246562957764,157.35899843292202,10,2
2,1.0,0.0,0.0,0.0,100000000.0,0.0,0.0,0.0,0.0,0.0,161.90080001251772,0.35310434722935313,0.35310434722935313,47,False,0.11277587956395072,1.038704236532979,0.1,5,3.0,4.0,0.1,2,0.0,2,-0.23294011339665194,524288.0,5242880.0,2,,353.10434722935315,0.0953125,3.96089768409729,194.11854729417246,10,2
2,1.0,0.0,0.0,0.0,100000000.0,0.0,0.0,0.0,0.0,0.0,161.69350006384775,0.2734225482072738,0.2734225482072738,47,False,0.12065261009561556,1.1112516057479493,0.1,5,3.0,4.0,0.1,2,0.0,2,-0.19703757915144468,524288.0,5242880.0,3,,273.4225482072738,0.078125,3.903663754463196,115.20584830763386,10,2
2,1.0,0.0,0.0,0.0,100000000.0,0.0,0.0,0.0,0.0,0.0,161.7526999907568,0.31496012314275135,0.31496012314275135,48,False,0.1383919273477493,1.2746367556065703,0.1,5,3.0,4.0,0.1,2,0.0,2,-0.22667602524525032,524288.0,5242880.0,1,,314.96012314275134,0.1203125,3.7980906665325165,156.05962310038737,10,2
2,1.0,0.0,0.0,0.0,100000000.0,0.0,0.0,0.0,0.0,0.0,161.17969999322668,0.3165048247466845,0.3165048247466845,48,False,0.11277587956395072,1.038704236532979,0.1,5,3.0,4.0,0.1,2,0.0,2,-0.21464035215531763,524288.0,5242880.0,2,,316.5048247466845,0.0703125,3.9721665382385254,158.44602471059687,10,2
2,1.0,0.0,0.0,0.0,100000000.0,0.0,0.0,0.0,0.0,0.0,160.60660005314276,0.5059309920936965,0.5059309920936965,48,False,0.12065261009561556,1.1112516057479493,0.1,5,3.0,4.0,0.1,2,0.0,2,-0.31329180109465604,524288.0,5242880.0,3,,505.93099209369655,0.084375,3.9205476343631744,348.30999213160504,10,2
2,1.0,0.0,0.0,0.0,100000000.0,0.0,0.0,0.0,0.0,0.0,161.84360010083765,0.3750129534382567,0.3750129534382567,49,False,0.1383919273477493,1.2746367556065703,0.1,5,3.0,4.0,0.1,2,0.0,2,-0.256702440393003,524288.0,5242880.0,1,,375.0129534382567,0.0921875,3.7892000675201416,217.30085342276917,10,2
2,1.0,0.0,0.0,0.0,100000000.0,0.0,0.0,0.0,0.0,0.0,161.01639991393313,0.41743929566867916,0.41743929566867916,49,False,0.11277587956395072,1.038704236532979,0.1,5,3.0,4.0,0.1,2,0.0,2,-0.2651075876163149,524288.0,5242880.0,2,,417.43929566867916,0.0796875,4.023704916238785,259.00069570919766,10,2
2,1.0,0.0,0.0,0.0,100000000.0,0.0,0.0,0.0,0.0,0.0,161.62919998168945,0.32787184495965693,0.32787184495965693,49,False,0.12065261009561556,1.1112516057479493,0.1,5,3.0,4.0,0.1,2,0.0,2,-0.22426222752763625,524288.0,5242880.0,3,,327.8718449596569,0.09375,3.9177297055721283,169.22520435746864,10,2
2,1.0,0.0,0.0,0.0,100000000.0,0.0,0.0,0.0,0.0,0.0,162.1885999920778,0.33583245649595916,0.33583245649595916,50,False,0.1383919273477493,1.2746367556065703,0.1,5,3.0,4.0,0.1,2,0.0,2,-0.23711219192185423,524288.0,5242880.0,1,0.0640625,335.83245649595915,0.1015625,3.6888587176799774,177.85175647248684,10,2
2,1.0,0.0,0.0,0.0,100000000.0,0.0,0.0,0.0,0.0,0.0,162.456399993971,0.32397957451644777,0.32397957451644777,50,False,0.11277587956395072,1.038704236532979,0.1,5,3.0,4.0,0.1,2,0.0,2,-0.21837772704019925,524288.0,5242880.0,2,0.0640625,323.97957451644777,0.0890625,3.9667138755321503,165.4455744708279,10,2
2,1.0,0.0,0.0,0.0,100000000.0,0.0,0.0,0.0,0.0,0.0,162.172400043346,0.2838918800115591,0.2838918800115591,50,False,0.12065261009561556,1.1112516057479493,0.1,5,3.0,4.0,0.1,2,0.0,2,-0.20227224505358732,524288.0,5242880.0,3,0.0640625,283.89188001155907,0.078125,3.9588417410850525,121.7194799682131,10,2
2,1.0,0.0,0.0,0.0,100000000.0,0.0,0.0,0.0,0.0,0.0,161.79040004499257,0.3127072093136878,0.3127072093136878,51,False,0.1383919273477493,1.2746367556065703,0.1,5,3.0,4.0,0.1,2,0.0,2,-0.22554956833071854,524288.0,5242880.0,1,,312.70720931368777,0.0703125,3.9608463644981384,153.8419093065233,10,2
2,1.0,0.0,0.0,0.0,100000000.0,0.0,0.0,0.0,0.0,0.0,162.5413000001572,0.3245100519744617,0.3245100519744617,51,False,0.11277587956395072,1.038704236532979,0.1,5,3.0,4.0,0.1,2,0.0,2,-0.21864296576920622,524288.0,5242880.0,2,,324.5100519744617,0.0734375,4.179701894521713,166.4886520485331,10,2
2,1.0,0.0,0.0,0.0,100000000.0,0.0,0.0,0.0,0.0,0.0,162.5598999671638,0.2863679798641882,0.2863679798641882,51,False,0.12065261009561556,1.1112516057479493,0.1,5,3.0,4.0,0.1,2,0.0,2,-0.2035102949799019,524288.0,5242880.0,3,,286.3679798641882,0.0734375,4.099027514457703,126.85637982522019,10,2
2,1.0,0.0,0.0,0.0,100000000.0,0.0,0.0,0.0,0.0,0.0,162.0990999508649,0.2945257852097384,0.2945257852097384,52,False,0.1383919273477493,1.2746367556065703,0.1,5,3.0,4.0,0.1,2,0.0,2,-0.21645885627874384,524288.0,5242880.0,1,,294.5257852097384,0.0765625,3.8238332271575928,132.4266852588735,10,2
2,1.0,0.0,0.0,0.0,100000000.0,0.0,0.0,0.0,0.0,0.0,161.8278999812901,0.3403872797527949,0.3403872797527949,52,False,0.11277587956395072,1.038704236532979,0.1,5,3.0,4.0,0.1,2,0.0,2,-0.22658157965837283,524288.0,5242880.0,2,,340.38727975279494,0.090625,3.9565400183200836,178.5593797715048,10,2
2,1.0,0.0,0.0,0.0,100000000.0,0.0,0.0,0.0,0.0,0.0,161.84620000422,0.312003091420612,0.312003091420612,52,False,0.12065261009561556,1.1112516057479493,0.1,5,3.0,4.0,0.1,2,0.0,2,-0.21632785075811378,524288.0,5242880.0,3,,312.003091420612,0.1,3.874073714017868,153.05419141716018,10,2
2,1.0,0.0,0.0,0.0,100000000.0,0.0,0.0,0.0,0.0,0.0,161.74720000708476,0.31763066737097556,0.31763066737097556,53,False,0.1383919273477493,1.2746367556065703,0.1,5,3.0,4.0,0.1,2,0.0,2,-0.22801129735936243,524288.0,5242880.0,1,,317.6306673709756,0.0859375,3.7647988200187683,159.1619672987131,10,2
2,1.0,0.0,0.0,0.0,100000000.0,0.0,0.0,0.0,0.0,0.0,161.98069998063147,0.3854876404298756,0.3854876404298756,53,False,0.11277587956395072,1.038704236532979,0.1,5,3.0,4.0,0.1,2,0.0,2,-0.24913175999691317,524288.0,5242880.0,2,,385.4876404298756,0.0953125,3.859071224927902,223.50694044924413,10,2
2,1.0,0.0,0.0,0.0,100000000.0,0.0,0.0,0.0,0.0,0.0,166.1467999801971,0.46039312187174375,0.46039312187174375,53,False,0.12065261009561556,1.1112516057479493,0.1,5,3.0,4.0,0.1,2,0.0,2,-0.29052286598367966,524288.0,5242880.0,3,,460.39312187174374,0.0859375,3.862360179424286,294.24632189154664,10,2
2,1.0,0.0,0.0,0.0,100000000.0,0.0,0.0,0.0,0.0,0.0,161.55039996374398,0.36291158961204817,0.36291158961204817,54,False,0.1383919273477493,1.2746367556065703,0.1,5,3.0,4.0,0.1,2,0.0,2,-0.25065175847989873,524288.0,5242880.0,1,,362.91158961204815,0.10625,3.69151109457016,201.3611896483042,10,2
2,1.0,0.0,0.0,0.0,100000000.0,0.0,0.0,0.0,0.0,0.0,161.32139990804717,0.39050707985569477,0.39050707985569477,54,False,0.11277587956395072,1.038704236532979,0.1,5,3.0,4.0,0.1,2,0.0,2,-0.25164147970982276,524288.0,5242880.0,2,,390.50707985569477,0.0890625,3.9534720480442047,232.0170797958666,10,2
2,1.0,0.0,0.0,0.0,100000000.0,0.0,0.0,0.0,0.0,0.0,161.29159997217357,0.3792350005671007,0.3792350005671007,54,False,0.12065261009561556,1.1112516057479493,0.1,5,3.0,4.0,0.1,2,0.0,2,-0.24994380533135813,524288.0,5242880.0,3,,379.2350005671007,0.0984375,3.899426758289337,217.94340059492714,10,2
2,1.0,0.0,0.0,0.0,100000000.0,0.0,0.0,0.0,0.0,0.0,162.0523000601679,0.3139239092195043,0.3139239092195043,55,False,0.1383919273477493,1.2746367556065703,0.1,5,3.0,4.0,0.1,2,0.0,2,-0.2261579182836268,524288.0,5242880.0,1,,313.9239092195043,0.1234375,3.6586447656154633,155.7077093236716,10,2
2,1.0,0.0,0.0,0.0,100000000.0,0.0,0.0,0.0,0.0,0.0,162.25829994073138,0.41223805355758053,0.41223805355758053,55,False,0.11277587956395072,1.038704236532979,0.1,5,3.0,4.0,0.1,2,0.0,2,-0.2625069665607656,524288.0,5242880.0,2,,412.23805355758054,0.084375,3.9375310242176056,253.5795534952788,10,2
2,1.0,0.0,0.0,0.0,100000000.0,0.0,0.0,0.0,0.0,0.0,161.57720005139709,0.31342658619240793,0.31342658619240793,55,False,0.12065261009561556,1.1112516057479493,0.1,5,3.0,4.0,0.1,2,0.0,2,-0.21703959814401175,524288.0,5242880.0,3,,313.4265861924079,0.1109375,3.81212717294693,151.84938614101083,10,2
2,1.0,0.0,0.0,0.0,100000000.0,0.0,0.0,0.0,0.0,0.0,161.56030009733513,0.29090417740195446,0.29090417740195446,56,False,0.1383919273477493,1.2746367556065703,0.1,5,3.0,4.0,0.1,2,0.0,2,-0.21464805237485188,524288.0,5242880.0,1,,290.9041774019544,0.10625,3.703385889530182,129.34387730461933,10,2
2,1.0,0.0,0.0,0.0,100000000.0,0.0,0.0,0.0,0.0,0.0,161.59200010588393,0.30483352965801935,0.30483352965801935,56,False,0.11277587956395072,1.038704236532979,0.1,5,3.0,4.0,0.1,2,0.0,2,-0.20880470461098505,524288.0,5242880.0,2,,304.83352965801936,0.0953125,3.837764799594879,146.6020296456849,10,2
2,1.0,0.0,0.0,0.0,100000000.0,0.0,0.0,0.0,0.0,0.0,161.41640004934743,0.40773221840548035,0.40773221840548035,56,False,0.12065261009561556,1.1112516057479493,0.1,5,3.0,4.0,0.1,2,0.0,2,-0.26419241425054796,524288.0,5242880.0,3,,407.73221840548035,0.14375,3.7744189500808716,246.31581835613295,10,2
2,1.0,0.0,0.0,0.0,100000000.0,0.0,0.0,0.0,0.0,0.0,162.06800006330013,0.3144564464683741,0.3144564464683741,57,False,0.1383919273477493,1.2746367556065703,0.1,5,3.0,4.0,0.1,2,0.0,2,-0.2264241869080617,524288.0,5242880.0,1,,314.4564464683741,0.09375,3.793281674385071,152.388446405074,10,2
2,1.0,0.0,0.0,0.0,100000000.0,0.0,0.0,0.0,0.0,0.0,162.58230002131313,0.3593221221187787,0.3593221221187787,57,False,0.11277587956395072,1.038704236532979,0.1,5,3.0,4.0,0.1,2,0.0,2,-0.2360490008413647,524288.0,5242880.0,2,,359.3221221187787,0.1015625,3.8089599311351776,196.73982209746552,10,2
2,1.0,0.0,0.0,0.0,100000000.0,0.0,0.0,0.0,0.0,0.0,162.17580006923527,0.4674168195890521,0.4674168195890521,57,False,0.12065261009561556,1.1112516057479493,0.1,5,3.0,4.0,0.1,2,0.0,2,-0.29403471484233384,524288.0,5242880.0,3,,467.4168195890521,0.1234375,3.731061816215515,308.93091961865105,10,2
2,1.0,0.0,0.0,0.0,100000000.0,0.0,0.0,0.0,0.0,0.0,161.8917000014335,0.5048222538059517,0.5048222538059517,58,False,0.1383919273477493,1.2746367556065703,0.1,5,3.0,4.0,0.1,2,0.0,2,-0.3216070905768505,524288.0,5242880.0,1,,504.8222538059517,0.096875,3.757801204919815,346.5528537960662,10,2
2,1.0,0.0,0.0,0.0,100000000.0,0.0,0.0,0.0,0.0,0.0,161.3050999585539,0.32197662174975583,0.32197662174975583,58,False,0.11277587956395072,1.038704236532979,0.1,5,3.0,4.0,0.1,2,0.0,2,-0.2173762506568533,524288.0,5242880.0,2,,321.97662174975585,0.1046875,3.8044939935207367,163.37272181216713,10,2
2,1.0,0.0,0.0,0.0,100000000.0,0.0,0.0,0.0,0.0,0.0,161.9137998786755,0.3308945126510435,0.3308945126510435,58,False,0.12065261009561556,1.1112516057479493,0.1,5,3.0,4.0,0.1,2,0.0,2,-0.22577356137332955,524288.0,5242880.0,3,,330.8945126510435,0.1359375,3.755918800830841,172.45021258995178,10,2
2,1.0,0.0,0.0,0.0,100000000.0,0.0,0.0,0.0,0.0,0.0,161.4873000071384,0.45738172754838463,0.45738172754838463,59,False,0.1383919273477493,1.2746367556065703,0.1,5,3.0,4.0,0.1,2,0.0,2,-0.29788682744806694,524288.0,5242880.0,1,,457.3817275483846,0.096875,3.706682801246643,299.01302759728725,10,2
2,1.0,0.0,0.0,0.0,100000000.0,0.0,0.0,0.0,0.0,0.0,161.702599900309,0.33834686908397366,0.33834686908397366,59,False,0.11277587956395072,1.038704236532979,0.1,5,3.0,4.0,0.1,2,0.0,2,-0.22556137432396217,524288.0,5242880.0,2,,338.3468690839737,0.0984375,3.782684028148651,180.00826907103422,10,2
2,1.0,0.0,0.0,0.0,100000000.0,0.0,0.0,0.0,0.0,0.0,161.82759997900575,0.423912831315379,0.423912831315379,59,False,0.12065261009561556,1.1112516057479493,0.1,5,3.0,4.0,0.1,2,0.0,2,-0.2722827207054973,524288.0,5242880.0,3,,423.912831315379,0.10625,3.684229761362076,265.3544313167961,10,2
2,1.0,0.0,0.0,0.0,100000000.0,0.0,0.0,0.0,0.0,0.0,161.97590000228956,0.43784190913837073,0.43784190913837073,60,False,0.1383919273477493,1.2746367556065703,0.1,5,3.0,4.0,0.1,2,0.0,2,-0.28811691824306,524288.0,5242880.0,1,0.0796875,437.84190913837074,0.121875,3.736232042312622,275.8660091360812,10,2
2,1.0,0.0,0.0,0.0,100000000.0,0.0,0.0,0.0,0.0,0.0,162.01339999679476,0.3175053439719994,0.3175053439719994,60,False,0.11277587956395072,1.038704236532979,0.1,5,3.0,4.0,0.1,2,0.0,2,-0.21514061176797505,524288.0,5242880.0,2,0.0796875,317.5053439719994,0.1,3.860326051712036,155.49194397520466,10,2
2,1.0,0.0,0.0,0.0,100000000.0,0.0,0.0,0.0,0.0,0.0,161.3762000342831,0.38386086225171273,0.38386086225171273,60,False,0.12065261009561556,1.1112516057479493,0.1,5,3.0,4.0,0.1,2,0.0,2,-0.2522567361736642,524288.0,5242880.0,3,0.0796875,383.8608622517127,0.1203125,3.763707458972931,225.2744623309623,10,2
2,1.0,0.0,0.0,0.0,100000000.0,0.0,0.0,0.0,0.0,0.0,161.49760002736002,0.35205553670843914,0.35205553670843914,61,False,0.1383919273477493,1.2746367556065703,0.1,5,3.0,4.0,0.1,2,0.0,2,-0.24522373202809422,524288.0,5242880.0,1,,352.05553670843915,0.0734375,3.8084935545921326,192.46593677403257,10,2
2,1.0,0.0,0.0,0.0,100000000.0,0.0,0.0,0.0,0.0,0.0,161.55840002465993,0.3236429004710203,0.3236429004710203,61,False,0.11277587956395072,1.038704236532979,0.1,5,3.0,4.0,0.1,2,0.0,2,-0.21820939001748552,524288.0,5242880.0,2,,323.6429004710203,0.0703125,3.9816362261772156,162.08450044636038,10,2
2,1.0,0.0,0.0,0.0,100000000.0,0.0,0.0,0.0,0.0,0.0,161.9586999877356,1.1201092712127272,1.1201092712127272,61,False,0.12065261009561556,1.1112516057479493,0.1,5,3.0,4.0,0.1,2,0.0,2,-0.6203809406541714,524288.0,5242880.0,3,,1120.1092712127272,0.075,3.993843764066696,961.4645713137132,10,2
2,1.0,0.0,0.0,0.0,100000000.0,0.0,0.0,0.0,0.0,0.0,161.870900017675,0.37395659710633733,0.37395659710633733,62,False,0.1383919273477493,1.2746367556065703,0.1,5,3.0,4.0,0.1,2,0.0,2,-0.2561742622270433,524288.0,5242880.0,1,,373.9565971063373,0.1140625,3.782965838909149,212.08569708866236,10,2
2,1.0,0.0,0.0,0.0,100000000.0,0.0,0.0,0.0,0.0,0.0,161.44960006931797,0.41548404773254466,0.41548404773254466,62,False,0.11277587956395072,1.038704236532979,0.1,5,3.0,4.0,0.1,2,0.0,2,-0.2641299636482477,524288.0,5242880.0,2,,415.48404773254464,0.0953125,3.820511668920517,254.0344476632267,10,2
2,1.0,0.0,0.0,0.0,100000000.0,0.0,0.0,0.0,0.0,0.0,161.7393999476917,0.4258157464170164,0.4258157464170164,62,False,0.12065261009561556,1.1112516057479493,0.1,5,3.0,4.0,0.1,2,0.0,2,-0.273234178256316,524288.0,5242880.0,3,,425.81574641701644,0.10625,3.8200451135635376,264.07634646932473,10,2
2,1.0,0.0,0.0,0.0,100000000.0,0.0,0.0,0.0,0.0,0.0,161.05310001876205,0.31592768040996433,0.31592768040996433,63,False,0.1383919273477493,1.2746367556065703,0.1,5,3.0,4.0,0.1,2,0.0,2,-0.22715980387885681,524288.0,5242880.0,1,,315.92768040996435,0.11875,3.6386387050151825,154.87458039120224,10,2
2,1.0,0.0,0.0,0.0,100000000.0,0.0,0.0,0.0,0.0,0.0,160.16329993726686,0.34041035517382434,0.34041035517382434,63,False,0.11277587956395072,1.038704236532979,0.1,5,3.0,4.0,0.1,2,0.0,2,-0.22659311736888754,524288.0,5242880.0,2,,340.4103551738243,0.103125,3.8144634068012238,180.2470552365575,10,2
2,1.0,0.0,0.0,0.0,100000000.0,0.0,0.0,0.0,0.0,0.0,161.36770002776757,0.3716786164575968,0.3716786164575968,63,False,0.12065261009561556,1.1112516057479493,0.1,5,3.0,4.0,0.1,2,0.0,2,-0.2461656132766062,524288.0,5242880.0,3,,371.67861645759683,0.096875,3.932542383670807,210.31091642982923,10,2
2,1.0,0.0,0.0,0.0,100000000.0,0.0,0.0,0.0,0.0,0.0,161.34069999679923,0.2955772149119038,0.2955772149119038,64,False,0.1383919273477493,1.2746367556065703,0.1,5,3.0,4.0,0.1,2,0.0,2,-0.21698457112982655,524288.0,5242880.0,1,,295.5772149119038,0.1296875,3.6160910725593567,134.23651491510458,10,2
2,1.0,0.0,0.0,0.0,100000000.0,0.0,0.0,0.0,0.0,0.0,161.8153999443166,0.43147804641983806,0.43147804641983806,64,False,0.11277587956395072,1.038704236532979,0.1,5,3.0,4.0,0.1,2,0.0,2,-0.27212696299189437,524288.0,5242880.0,2,,431.47804641983805,0.121875,3.8046540319919586,273.07534644267855,10,2
2,1.0,0.0,0.0,0.0,100000000.0,0.0,0.0,0.0,0.0,0.0,161.78450000006706,0.4419428536671346,0.4419428536671346,64,False,0.12065261009561556,1.1112516057479493,0.1,5,3.0,4.0,0.1,2,0.0,2,-0.2812977318813751,524288.0,5242880.0,3,,441.9428536671346,0.1015625,3.818318158388138,284.15965363412556,10,2
2,1.0,0.0,0.0,0.0,100000000.0,0.0,0.0,0.0,0.0,0.0,161.4199000177905,0.30203177611647314,0.30203177611647314,65,False,0.1383919273477493,1.2746367556065703,0.1,5,3.0,4.0,0.1,2,0.0,2,-0.22021185173211122,524288.0,5242880.0,1,,302.0317761164731,0.0984375,3.788647711277008,143.88087607758257,10,2
2,1.0,0.0,0.0,0.0,100000000.0,0.0,0.0,0.0,0.0,0.0,160.949100041762,0.31235844767405424,0.31235844767405424,65,False,0.11277587956395072,1.038704236532979,0.1,5,3.0,4.0,0.1,2,0.0,2,-0.21256716361900246,524288.0,5242880.0,2,,312.3584476740542,0.115625,3.8163450062274933,154.3105477209646,10,2
2,1.0,0.0,0.0,0.0,100000000.0,0.0,0.0,0.0,0.0,0.0,162.16490004444495,0.3075127748353207,0.3075127748353207,65,False,0.12065261009561556,1.1112516057479493,0.1,5,3.0,4.0,0.1,2,0.0,2,-0.21408269246546813,524288.0,5242880.0,3,,307.51277483532067,0.1046875,3.755389988422394,145.34787479087572,10,2
2,1.0,0.0,0.0,0.0,100000000.0,0.0,0.0,0.0,0.0,0.0,160.57299997191876,0.3111859379424755,0.3111859379424755,66,False,0.1383919273477493,1.2746367556065703,0.1,5,3.0,4.0,0.1,2,0.0,2,-0.2247889326451124,524288.0,5242880.0,1,,311.1859379424755,0.1203125,3.656898707151413,152.83693790855298,10,2
2,1.0,0.0,0.0,0.0,100000000.0,0.0,0.0,0.0,0.0,0.0,161.57900006510317,0.3463020421536934,0.3463020421536934,66,False,0.11277587956395072,1.038704236532979,0.1,5,3.0,4.0,0.1,2,0.0,2,-0.22953896085882208,524288.0,5242880.0,2,,346.30204215369344,0.103125,3.8079225420951843,184.7230420885903,10,2
2,1.0,0.0,0.0,0.0,100000000.0,0.0,0.0,0.0,0.0,0.0,160.600500064902,0.32937178320315275,0.32937178320315275,66,False,0.12065261009561556,1.1112516057479493,0.1,5,3.0,4.0,0.1,2,0.0,2,-0.22501219664938416,524288.0,5242880.0,3,,329.37178320315275,0.1078125,3.7763609886169434,170.37728325993365,10,2
2,1.0,0.0,0.0,0.0,100000000.0,0.0,0.0,0.0,0.0,0.0,161.25879995524883,0.33998670127381925,0.33998670127381925,67,False,0.1383919273477493,1.2746367556065703,0.1,5,3.0,4.0,0.1,2,0.0,2,-0.23918931431078427,524288.0,5242880.0,1,,339.9867012738192,0.121875,3.6940150260925293,181.97680126083435,10,2
2,1.0,0.0,0.0,0.0,100000000.0,0.0,0.0,0.0,0.0,0.0,160.65709997201338,0.30633016019450426,0.30633016019450426,67,False,0.11277587956395072,1.038704236532979,0.1,5,3.0,4.0,0.1,2,0.0,2,-0.20955301987922748,524288.0,5242880.0,2,,306.3301601945043,0.11875,3.8421313762664795,146.83721155451155,10,2
2,1.0,0.0,0.0,0.0,100000000.0,0.0,0.0,0.0,0.0,0.0,162.17750002397224,0.6220239459412479,0.6220239459412479,67,False,0.12065261009561556,1.1112516057479493,0.1,5,3.0,4.0,0.1,2,0.0,2,-0.3713382780184317,524288.0,5242880.0,3,,622.0239459412479,0.11875,3.77505886554718,459.8464459172756,10,2
2,1.0,0.0,0.0,0.0,100000000.0,0.0,0.0,0.0,0.0,0.0,161.47469996940345,0.5370417450138533,0.5370417450138533,68,False,0.1383919273477493,1.2746367556065703,0.1,5,3.0,4.0,0.1,2,0.0,2,-0.3377168361808013,524288.0,5242880.0,1,,537.0417450138533,0.1390625,3.6680027544498444,379.0896449753248,10,2
2,1.0,0.0,0.0,0.0,100000000.0,0.0,0.0,0.0,0.0,0.0,160.79439991153777,0.5335998158770967,0.5335998158770967,68,False,0.11277587956395072,1.038704236532979,0.1,5,3.0,4.0,0.1,2,0.0,2,-0.3231878477205237,524288.0,5242880.0,2,,533.5998158770967,0.11875,3.7735548317432404,375.1074158572015,10,2
2,1.0,0.0,0.0,0.0,100000000.0,0.0,0.0,0.0,0.0,0.0,162.38179994979873,0.3530905704761578,0.3530905704761578,68,False,0.12065261009561556,1.1112516057479493,0.1,5,3.0,4.0,0.1,2,0.0,2,-0.23687159028588667,524288.0,5242880.0,3,,353.0905704761578,0.0859375,3.8434050381183624,190.70877052635907,10,2
2,1.0,0.0,0.0,0.0,100000000.0,0.0,0.0,0.0,0.0,0.0,162.31289989082143,0.3619502902518418,0.3619502902518418,69,False,0.1383919273477493,1.2746367556065703,0.1,5,3.0,4.0,0.1,2,0.0,2,-0.25017110879979554,524288.0,5242880.0,1,,361.95029025184175,0.11875,3.616024821996689,203.8174902925659,10,2
2,1.0,0.0,0.0,0.0,100000000.0,0.0,0.0,0.0,0.0,0.0,161.52100003091618,0.39406243186824286,0.39406243186824286,69,False,0.11277587956395072,1.038704236532979,0.1,5,3.0,4.0,0.1,2,0.0,2,-0.2534191557160968,524288.0,5242880.0,2,,394.06243186824287,0.1140625,3.76399502158165,235.33783194290734,10,2
2,1.0,0.0,0.0,0.0,100000000.0,0.0,0.0,0.0,0.0,0.0,161.5544999949634,0.4060071187492635,0.4060071187492635,69,False,0.12065261009561556,1.1112516057479493,0.1,5,3.0,4.0,0.1,2,0.0,2,-0.26332986442243955,524288.0,5242880.0,3,,406.0071187492635,0.1171875,3.7696806490421295,244.4526187543001,10,2
2,1.0,0.0,0.0,0.0,100000000.0,0.0,0.0,0.0,0.0,0.0,160.52790003595874,0.2983936239997582,0.2983936239997582,70,False,0.1383919273477493,1.2746367556065703,0.1,5,3.0,4.0,0.1,2,0.0,2,-0.21839277567375376,524288.0,5242880.0,1,0.078125,298.39362399975823,0.096875,3.5871986746788025,137.86572396379944,10,2
2,1.0,0.0,0.0,0.0,100000000.0,0.0,0.0,0.0,0.0,0.0,161.14250000100583,0.3788635527633092,0.3788635527633092,70,False,0.11277587956395072,1.038704236532979,0.1,5,3.0,4.0,0.1,2,0.0,2,-0.24581971616362996,524288.0,5242880.0,2,0.078125,378.8635527633092,0.09375,3.839563637971878,217.72105276230334,10,2
2,1.0,0.0,0.0,0.0,100000000.0,0.0,0.0,0.0,0.0,0.0,161.60170000512153,0.30157006374103945,0.30157006374103945,70,False,0.12065261009561556,1.1112516057479493,0.1,5,3.0,4.0,0.1,2,0.0,2,-0.2111113369183275,524288.0,5242880.0,3,0.078125,301.57006374103946,0.109375,3.752628117799759,139.96836373591796,10,2
2,1.0,0.0,0.0,0.0,100000000.0,0.0,0.0,0.0,0.0,0.0,161.55860002618283,0.36300308858379016,0.36300308858379016,71,False,0.1383919273477493,1.2746367556065703,0.1,5,3.0,4.0,0.1,2,0.0,2,-0.25069750796576973,524288.0,5242880.0,1,,363.00308858379015,0.0890625,3.8286244869232178,201.44448855760731,10,2
2,1.0,0.0,0.0,0.0,100000000.0,0.0,0.0,0.0,0.0,0.0,161.9230000069365,0.3384855163515821,0.3384855163515821,71,False,0.11277587956395072,1.038704236532979,0.1,5,3.0,4.0,0.1,2,0.0,2,-0.2256306979577664,524288.0,5242880.0,2,,338.4855163515821,0.0875,3.9320302605628967,176.5625163446456,10,2
2,1.0,0.0,0.0,0.0,100000000.0,0.0,0.0,0.0,0.0,0.0,161.08400002121925,0.384101564459439,0.384101564459439,71,False,0.12065261009561556,1.1112516057479493,0.1,5,3.0,4.0,0.1,2,0.0,2,-0.2523770872775273,524288.0,5242880.0,3,,384.101564459439,0.096875,3.9237343072891235,223.01756443821978,10,2
2,1.0,0.0,0.0,0.0,100000000.0,0.0,0.0,0.0,0.0,0.0,160.8571000979282,0.30128647605530334,0.30128647605530334,72,False,0.1383919273477493,1.2746367556065703,0.1,5,3.0,4.0,0.1,2,0.0,2,-0.21983920170152632,524288.0,5242880.0,1,,301.28647605530335,0.1234375,3.600816786289215,142.69607604588728,10,2
2,1.0,0.0,0.0,0.0,100000000.0,0.0,0.0,0.0,0.0,0.0,161.7361000389792,0.30982380359150496,0.30982380359150496,72,False,0.11277587956395072,1.038704236532979,0.1,5,3.0,4.0,0.1,2,0.0,2,-0.21129984157772785,524288.0,5242880.0,2,,309.82380359150494,0.1359375,3.7742047011852264,151.09440351320455,10,2
2,1.0,0.0,0.0,0.0,100000000.0,0.0,0.0,0.0,0.0,0.0,161.43969999393448,0.3504766545977481,0.3504766545977481,72,False,0.12065261009561556,1.1112516057479493,0.1,5,3.0,4.0,0.1,2,0.0,2,-0.23556463234668185,524288.0,5242880.0,3,,350.4766545977481,0.146875,3.7268688678741455,191.99885457260913,10,2
2,1.0,0.0,0.0,0.0,100000000.0,0.0,0.0,0.0,0.0,0.0,161.84249997604638,0.3952177828011349,0.3952177828011349,73,False,0.1383919273477493,1.2746367556065703,0.1,5,3.0,4.0,0.1,2,0.0,2,-0.26680485507444207,524288.0,5242880.0,1,,395.2177828011349,0.121875,3.6104175448417664,233.3752828250885,10,2
2,1.0,0.0,0.0,0.0,100000000.0,0.0,0.0,0.0,0.0,0.0,162.71609999239445,0.3454113979429556,0.3454113979429556,73,False,0.11277587956395072,1.038704236532979,0.1,5,3.0,4.0,0.1,2,0.0,2,-0.22909363875345318,524288.0,5242880.0,2,,345.4113979429556,0.103125,3.825165718793869,186.50239789407607,10,2
2,1.0,0.0,0.0,0.0,100000000.0,0.0,0.0,0.0,0.0,0.0,161.46629996364936,1.4554099751323915,1.4554099751323915,73,False,0.12065261009561556,1.1112516057479493,0.1,5,3.0,4.0,0.1,2,0.0,2,-0.7880312926140035,524288.0,5242880.0,3,,1455.4099751323915,0.1265625,3.7554257810115814,1297.5110750915005,10,2
2,1.0,0.0,0.0,0.0,100000000.0,0.0,0.0,0.0,0.0,0.0,161.93649999331683,0.3584551498488888,0.3584551498488888,74,False,0.1383919273477493,1.2746367556065703,0.1,5,3.0,4.0,0.1,2,0.0,2,-0.24842353859831906,524288.0,5242880.0,1,,358.4551498488888,0.1421875,3.5781039893627167,199.9719498408392,10,2
2,1.0,0.0,0.0,0.0,100000000.0,0.0,0.0,0.0,0.0,0.0,161.0727000515908,0.521929410552118,0.521929410552118,74,False,0.11277587956395072,1.038704236532979,0.1,5,3.0,4.0,0.1,2,0.0,2,-0.31735264505803434,524288.0,5242880.0,2,,521.9294105521179,0.1125,3.872284471988678,363.10791052922224,10,2
2,1.0,0.0,0.0,0.0,100000000.0,0.0,0.0,0.0,0.0,0.0,161.39040002599359,0.4512335271345065,0.4512335271345065,74,False,0.12065261009561556,1.1112516057479493,0.1,5,3.0,4.0,0.1,2,0.0,2,-0.285943068615061,524288.0,5242880.0,3,,451.23352713450646,0.13125,3.7114095985889435,289.8431271085129,10,2
2,1.0,0.0,0.0,0.0,100000000.0,0.0,0.0,0.0,0.0,0.0,161.69849992729723,0.3558531096654131,0.3558531096654131,75,False,0.1383919273477493,1.2746367556065703,0.1,5,3.0,4.0,0.1,2,0.0,2,-0.2471225185065812,524288.0,5242880.0,1,,355.8531096654131,0.128125,3.594570517539978,194.15460973811588,10,2
2,1.0,0.0,0.0,0.0,100000000.0,0.0,0.0,0.0,0.0,0.0,161.1276000039652,0.3399422459917037,0.3399422459917037,75,False,0.11277587956395072,1.038704236532979,0.1,5,3.0,4.0,0.1,2,0.0,2,-0.2263590627778272,524288.0,5242880.0,2,,339.9422459917037,0.159375,3.6545334458351135,178.8146459877385,10,2
2,1.0,0.0,0.0,0.0,100000000.0,0.0,0.0,0.0,0.0,0.0,161.41030000289902,0.3187183570807808,0.3187183570807808,75,False,0.12065261009561556,1.1112516057479493,0.1,5,3.0,4.0,0.1,2,0.0,2,-0.21968548358819817,524288.0,5242880.0,3,,318.7183570807808,0.1078125,3.819995790719986,157.30805707788173,10,2
2,1.0,0.0,0.0,0.0,100000000.0,0.0,0.0,0.0,0.0,0.0,160.52299999864772,0.31513952578098503,0.31513952578098503,76,False,0.1383919273477493,1.2746367556065703,0.1,5,3.0,4.0,0.1,2,0.0,2,-0.22676572656436716,524288.0,5242880.0,1,,315.139525780985,0.090625,3.639023721218109,154.61652578233728,10,2
2,1.0,0.0,0.0,0.0,100000000.0,0.0,0.0,0.0,0.0,0.0,160.90170008828864,0.7932682066551167,0.7932682066551167,76,False,0.11277587956395072,1.038704236532979,0.1,5,3.0,4.0,0.1,2,0.0,2,-0.4530220431095337,524288.0,5242880.0,2,,793.2682066551166,0.1140625,3.769475281238556,632.366506566828,10,2
2,1.0,0.0,0.0,0.0,100000000.0,0.0,0.0,0.0,0.0,0.0,161.00339993136004,0.3399084035873212,0.3399084035873212,76,False,0.12065261009561556,1.1112516057479493,0.1,5,3.0,4.0,0.1,2,0.0,2,-0.2302805068414684,524288.0,5242880.0,3,,339.90840358732123,0.11875,3.7830270528793335,178.90500365596117,10,2
2,1.0,0.0,0.0,0.0,100000000.0,0.0,0.0,0.0,0.0,0.0,160.85190005833283,0.3500955289009088,0.3500955289009088,77,False,0.1383919273477493,1.2746367556065703,0.1,5,3.0,4.0,0.1,2,0.0,2,-0.24424372812432904,524288.0,5242880.0,1,,350.0955289009088,0.11875,3.6257044970989227,191.75972885108226,10,2
2,1.0,0.0,0.0,0.0,100000000.0,0.0,0.0,0.0,0.0,0.0,160.80669994698837,0.3033007169194042,0.3033007169194042,77,False,0.11277587956395072,1.038704236532979,0.1,5,3.0,4.0,0.1,2,0.0,2,-0.20803829824167747,524288.0,5242880.0,2,,303.3007169194042,0.128125,3.854749411344528,145.25421697697485,10,2
2,1.0,0.0,0.0,0.0,100000000.0,0.0,0.0,0.0,0.0,0.0,160.6197000364773,0.2998169985519652,0.2998169985519652,77,False,0.12065261009561556,1.1112516057479493,0.1,5,3.0,4.0,0.1,2,0.0,2,-0.21023480432379038,524288.0,5242880.0,3,,299.8169985519652,0.1328125,3.7649888694286346,139.19729851548792,10,2
2,1.0,0.0,0.0,0.0,100000000.0,0.0,0.0,0.0,0.0,0.0,160.7371999998577,0.6526107059753745,0.6526107059753745,78,False,0.1383919273477493,1.2746367556065703,0.1,5,3.0,4.0,0.1,2,0.0,2,-0.3955013166615619,524288.0,5242880.0,1,,652.6107059753746,0.1015625,3.7637654840946198,491.87350597551676,10,2
2,1.0,0.0,0.0,0.0,100000000.0,0.0,0.0,0.0,0.0,0.0,161.77850007079542,0.35008953402117304,0.35008953402117304,78,False,0.11277587956395072,1.038704236532979,0.1,5,3.0,4.0,0.1,2,0.0,2,-0.2314327067925619,524288.0,5242880.0,2,,350.08953402117305,0.1171875,3.770716369152069,191.64923404874688,10,2
2,1.0,0.0,0.0,0.0,100000000.0,0.0,0.0,0.0,0.0,0.0,160.37960001267493,0.30387057305597187,0.30387057305597187,78,False,0.12065261009561556,1.1112516057479493,0.1,5,3.0,4.0,0.1,2,0.0,2,-0.21226159157579372,524288.0,5242880.0,3,,303.8705730559719,0.1234375,3.7073616087436676,145.8438730314788,10,2
2,1.0,0.0,0.0,0.0,100000000.0,0.0,0.0,0.0,0.0,0.0,161.22409998206422,0.3349703441766595,0.3349703441766595,79,False,0.1383919273477493,1.2746367556065703,0.1,5,3.0,4.0,0.1,2,0.0,2,-0.2366811357622044,524288.0,5242880.0,1,,334.9703441766595,0.1359375,3.58827206492424,173.7462441945953,10,2
2,1.0,0.0,0.0,0.0,100000000.0,0.0,0.0,0.0,0.0,0.0,161.10740008298308,0.34742529219495677,0.34742529219495677,79,False,0.11277587956395072,1.038704236532979,0.1,5,3.0,4.0,0.1,2,0.0,2,-0.23010058587945376,524288.0,5242880.0,2,,347.4252921949568,0.090625,3.8543619513511658,189.0063921526501,10,2
2,1.0,0.0,0.0,0.0,100000000.0,0.0,0.0,0.0,0.0,0.0,161.4936000551097,0.36790832557258846,0.36790832557258846,79,False,0.12065261009561556,1.1112516057479493,0.1,5,3.0,4.0,0.1,2,0.0,2,-0.244280467834102,524288.0,5242880.0,3,,367.90832557258847,0.140625,3.6351566314697266,210.37082566423058,10,2
2,1.0,0.0,0.0,0.0,100000000.0,0.0,0.0,0.0,0.0,0.0,161.4506000187248,0.28642892871641235,0.28642892871641235,80,False,0.1383919273477493,1.2746367556065703,0.1,5,3.0,4.0,0.1,2,0.0,2,-0.21241042803208082,524288.0,5242880.0,1,0.078125,286.4289287164124,0.159375,3.5478726625442505,128.1911287143143,10,2
2,1.0,0.0,0.0,0.0,100000000.0,0.0,0.0,0.0,0.0,0.0,161.49260004749522,0.3095967232637723,0.3095967232637723,80,False,0.11277587956395072,1.038704236532979,0.1,5,3.0,4.0,0.1,2,0.0,2,-0.21118630141386152,524288.0,5242880.0,2,0.078125,309.5967232637723,0.1109375,3.7129067480564117,148.10412321627712,10,2
2,1.0,0.0,0.0,0.0,100000000.0,0.0,0.0,0.0,0.0,0.0,161.9020000216551,0.4503337347654132,0.4503337347654132,80,False,0.12065261009561556,1.1112516057479493,0.1,5,3.0,4.0,0.1,2,0.0,2,-0.2854931724305144,524288.0,5242880.0,3,0.078125,450.3337347654132,0.1234375,3.6324797570705414,288.4317347437581,10,2
2,1.0,0.0,0.0,0.0,100000000.0,0.0,0.0,0.0,0.0,0.0,160.86310002719983,0.3460631354772393,0.3460631354772393,81,False,0.1383919273477493,1.2746367556065703,0.1,5,3.0,4.0,0.1,2,0.0,2,-0.2422275314124943,524288.0,5242880.0,1,,346.0631354772393,0.1078125,3.7177191972732544,185.20003545003948,10,2
2,1.0,0.0,0.0,0.0,100000000.0,0.0,0.0,0.0,0.0,0.0,160.50699999323115,0.466872336983933,0.466872336983933,81,False,0.11277587956395072,1.038704236532979,0.1,5,3.0,4.0,0.1,2,0.0,2,-0.28982410827394184,524288.0,5242880.0,2,,466.872336983933,0.1078125,3.9165419042110443,308.5417370319095,10,2
2,1.0,0.0,0.0,0.0,100000000.0,0.0,0.0,0.0,0.0,0.0,161.48730006534606,0.308104058769866,0.308104058769866,81,False,0.12065261009561556,1.1112516057479493,0.1,5,3.0,4.0,0.1,2,0.0,2,-0.2143783344327408,524288.0,5242880.0,3,,308.104058769866,0.1046875,3.852432072162628,150.06245874833238,10,2
2,1.0,0.0,0.0,0.0,100000000.0,0.0,0.0,0.0,0.0,0.0,161.5489999530837,0.35081902695340117,0.35081902695340117,82,False,0.1383919273477493,1.2746367556065703,0.1,5,3.0,4.0,0.1,2,0.0,2,-0.24460547715057523,524288.0,5242880.0,1,,350.8190269534012,0.1328125,3.6793899536132812,189.27002700031744,10,2
2,1.0,0.0,0.0,0.0,100000000.0,0.0,0.0,0.0,0.0,0.0,163.59919996466488,0.31294902630161225,0.31294902630161225,82,False,0.11277587956395072,1.038704236532979,0.1,5,3.0,4.0,0.1,2,0.0,2,-0.2128624529327815,524288.0,5242880.0,2,,312.94902630161226,0.1359375,3.704744666814804,154.68552627844466,10,2
2,1.0,0.0,0.0,0.0,100000000.0,0.0,0.0,0.0,0.0,0.0,160.61940003419295,0.30158778645647705,0.30158778645647705,82,False,0.12065261009561556,1.1112516057479493,0.1,5,3.0,4.0,0.1,2,0.0,2,-0.2111201982760463,524288.0,5242880.0,3,,301.58778645647703,0.121875,3.7166208922863007,140.96838642228408,10,2
2,1.0,0.0,0.0,0.0,100000000.0,0.0,0.0,0.0,0.0,0.0,161.3182999426499,0.33852296139558513,0.33852296139558513,83,False,0.1383919273477493,1.2746367556065703,0.1,5,3.0,4.0,0.1,2,0.0,2,-0.23845744437166722,524288.0,5242880.0,1,,338.5229613955851,0.121875,3.6567881405353546,180.2338614103172,10,2
2,1.0,0.0,0.0,0.0,100000000.0,0.0,0.0,0.0,0.0,0.0,160.30379995936528,0.3509401180831323,0.3509401180831323,83,False,0.11277587956395072,1.038704236532979,0.1,5,3.0,4.0,0.1,2,0.0,2,-0.23185799882354152,524288.0,5242880.0,2,,350.9401180831323,0.125,3.700832635164261,190.63631812376698,10,2
2,1.0,0.0,0.0,0.0,100000000.0,0.0,0.0,0.0,0.0,0.0,161.26029996667057,0.31983412517894527,0.31983412517894527,83,False,0.12065261009561556,1.1112516057479493,0.1,5,3.0,4.0,0.1,2,0.0,2,-0.22024336763728042,524288.0,5242880.0,3,,319.83412517894527,0.1265625,3.663167029619217,162.07542521607596,10,2
2,1.0,0.0,0.0,0.0,100000000.0,0.0,0.0,0.0,0.0,0.0,161.4191000116989,0.44702968854468206,0.44702968854468206,84,False,0.1383919273477493,1.2746367556065703,0.1,5,3.0,4.0,0.1,2,0.0,2,-0.2927108079462157,524288.0,5242880.0,1,,447.0296885446821,0.0984375,3.66131654381752,288.77808849571164,10,2
2,1.0,0.0,0.0,0.0,100000000.0,0.0,0.0,0.0,0.0,0.0,161.26510000322014,0.4945892543530627,0.4945892543530627,84,False,0.11277587956395072,1.038704236532979,0.1,5,3.0,4.0,0.1,2,0.0,2,-0.3036825669585067,524288.0,5242880.0,2,,494.5892543530627,0.1171875,3.720320761203766,336.4152542546927,10,2
2,1.0,0.0,0.0,0.0,100000000.0,0.0,0.0,0.0,0.0,0.0,160.69980000611395,0.3029539092659413,0.3029539092659413,84,False,0.12065261009561556,1.1112516057479493,0.1,5,3.0,4.0,0.1,2,0.0,2,-0.21180325968077843,524288.0,5242880.0,3,,302.95390926594126,0.140625,3.655078023672104,144.52630921559623,10,2
2,1.0,0.0,0.0,0.0,100000000.0,0.0,0.0,0.0,0.0,0.0,161.2506000092253,0.36691239055591507,0.36691239055591507,85,False,0.1383919273477493,1.2746367556065703,0.1,5,3.0,4.0,0.1,2,0.0,2,-0.2526521589518322,524288.0,5242880.0,1,,366.91239055591507,0.121875,3.6265489161014557,208.83289053683038,10,2
2,1.0,0.0,0.0,0.0,100000000.0,0.0,0.0,0.0,0.0,0.0,161.0414000460878,0.6506057256249436,0.6506057256249436,85,False,0.11277587956395072,1.038704236532979,0.1,5,3.0,4.0,0.1,2,0.0,2,-0.38169080259444715,524288.0,5242880.0,2,,650.6057256249436,0.1203125,3.7741813957691193,489.56432557885574,10,2
2,1.0,0.0,0.0,0.0,100000000.0,0.0,0.0,0.0,0.0,0.0,160.91570002026856,0.3045545912341793,0.3045545912341793,85,False,0.12065261009561556,1.1112516057479493,0.1,5,3.0,4.0,0.1,2,0.0,2,-0.21260360066489742,524288.0,5242880.0,3,,304.55459123417927,0.1375,3.580557405948639,146.11259119060085,10,2
2,1.0,0.0,0.0,0.0,100000000.0,0.0,0.0,0.0,0.0,0.0,161.16519994102418,0.3888837502323589,0.3888837502323589,86,False,0.1383919273477493,1.2746367556065703,0.1,5,3.0,4.0,0.1,2,0.0,2,-0.2636378387900541,524288.0,5242880.0,1,,388.88375023235886,0.171875,3.5245625972747803,227.71855029133474,10,2
2,1.0,0.0,0.0,0.0,100000000.0,0.0,0.0,0.0,0.0,0.0,160.91140010394156,0.3244218431861112,0.3244218431861112,86,False,0.11277587956395072,1.038704236532979,0.1,5,3.0,4.0,0.1,2,0.0,2,-0.21859886137503098,524288.0,5242880.0,2,,324.42184318611123,0.1125,3.6786742508411407,163.51044308216967,10,2
2,1.0,0.0,0.0,0.0,100000000.0,0.0,0.0,0.0,0.0,0.0,161.68199997628108,0.29219025684662236,0.29219025684662236,86,False,0.12065261009561556,1.1112516057479493,0.1,5,3.0,4.0,0.1,2,0.0,2,-0.20642143347111896,524288.0,5242880.0,3,,292.1902568466224,0.1359375,3.6754040718078613,134.11525692001058,10,2
2,1.0,0.0,0.0,0.0,100000000.0,0.0,0.0,0.0,0.0,0.0,161.29489988088608,0.32084569249693884,0.32084569249693884,87,False,0.1383919273477493,1.2746367556065703,0.1,5,3.0,4.0,0.1,2,0.0,2,-0.22961880992234407,524288.0,5242880.0,1,,320.84569249693885,0.1375,3.5880370140075684,162.52849253053424,10,2
2,1.0,0.0,0.0,0.0,100000000.0,0.0,0.0,0.0,0.0,0.0,161.31850006058812,0.3697223116548315,0.3697223116548315,87,False,0.11277587956395072,1.038704236532979,0.1,5,3.0,4.0,0.1,2,0.0,2,-0.24124909560939112,524288.0,5242880.0,2,,369.7223116548315,0.10625,3.7094993889331818,208.40381159424336,10,2
2,1.0,0.0,0.0,0.0,100000000.0,0.0,0.0,0.0,0.0,0.0,160.8233999577351,0.3584899206084066,0.3584899206084066,87,False,0.12065261009561556,1.1112516057479493,0.1,5,3.0,4.0,0.1,2,0.0,2,-0.2395712653520111,524288.0,5242880.0,3,,358.48992060840663,0.128125,3.69188392162323,200.56152057571867,10,2
2,1.0,0.0,0.0,0.0,100000000.0,0.0,0.0,0.0,0.0,0.0,161.40669991727918,0.34147227484453946,0.34147227484453946,88,False,0.1383919273477493,1.2746367556065703,0.1,5,3.0,4.0,0.1,2,0.0,2,-0.23993210109614438,524288.0,5242880.0,1,,341.47227484453947,0.1109375,3.590441197156906,182.92137484485764,10,2
2,1.0,0.0,0.0,0.0,100000000.0,0.0,0.0,0.0,0.0,0.0,160.75249999994412,0.392361892990808,0.392361892990808,88,False,0.11277587956395072,1.038704236532979,0.1,5,3.0,4.0,0.1,2,0.0,2,-0.25256888627737933,524288.0,5242880.0,2,,392.361892990808,0.140625,3.698879510164261,234.02839290028714,10,2
2,1.0,0.0,0.0,0.0,100000000.0,0.0,0.0,0.0,0.0,0.0,161.06270003365353,0.34008887670784743,0.34008887670784743,88,False,0.12065261009561556,1.1112516057479493,0.1,5,3.0,4.0,0.1,2,0.0,2,-0.2303707434017315,524288.0,5242880.0,3,,340.0888767078474,0.121875,3.7224704325199127,179.0261766741939,10,2
2,1.0,0.0,0.0,0.0,100000000.0,0.0,0.0,0.0,0.0,0.0,162.0587999932468,0.31960404575277995,0.31960404575277995,89,False,0.1383919273477493,1.2746367556065703,0.1,5,3.0,4.0,0.1,2,0.0,2,-0.22899798655026463,524288.0,5242880.0,1,,319.60404575277994,0.140625,3.5932640731334686,161.39214577327425,10,2
2,1.0,0.0,0.0,0.0,100000000.0,0.0,0.0,0.0,0.0,0.0,162.16130001703277,0.40222898948204017,0.40222898948204017,89,False,0.11277587956395072,1.038704236532979,0.1,5,3.0,4.0,0.1,2,0.0,2,-0.2575024345229954,524288.0,5242880.0,2,,402.22898948204016,0.134375,3.691924065351486,244.25848947802803,10,2
2,1.0,0.0,0.0,0.0,100000000.0,0.0,0.0,0.0,0.0,0.0,161.10899997875094,0.3033103613848976,0.3033103613848976,89,False,0.12065261009561556,1.1112516057479493,0.1,5,3.0,4.0,0.1,2,0.0,2,-0.21198148574025658,524288.0,5242880.0,3,,303.3103613848976,0.09375,3.79336154460907,145.38926129138014,10,2
2,1.0,0.0,0.0,0.0,100000000.0,0.0,0.0,0.0,0.0,0.0,160.84640007466078,0.40341631301893655,0.40341631301893655,90,False,0.1383919273477493,1.2746367556065703,0.1,5,3.0,4.0,0.1,2,0.0,2,-0.2709041201833429,524288.0,5242880.0,1,0.10390625,403.41631301893653,0.159375,3.4897337555885315,245.6670128948128,10,2
2,1.0,0.0,0.0,0.0,100000000.0,0.0,0.0,0.0,0.0,0.0,161.10710002249107,0.6869941942771685,0.6869941942771685,90,False,0.11277587956395072,1.038704236532979,0.1,5,3.0,4.0,0.1,2,0.0,2,-0.3998850369205596,524288.0,5242880.0,2,0.10390625,686.9941942771685,0.1359375,3.659993350505829,525.8870942546774,10,2
2,1.0,0.0,0.0,0.0,100000000.0,0.0,0.0,0.0,0.0,0.0,160.63140000915155,0.3103526050701243,0.3103526050701243,90,False,0.12065261009561556,1.1112516057479493,0.1,5,3.0,4.0,0.1,2,0.0,2,-0.21550260758286993,524288.0,5242880.0,3,0.10390625,310.3526050701243,0.1015625,3.7672303915023804,149.72120506097272,10,2
2,1.0,0.0,0.0,0.0,100000000.0,0.0,0.0,0.0,0.0,0.0,160.87510000215843,0.3118482616177902,0.3118482616177902,91,False,0.1383919273477493,1.2746367556065703,0.1,5,3.0,4.0,0.1,2,0.0,2,-0.22512009448276976,524288.0,5242880.0,1,,311.84826161779023,0.11875,3.7544395327568054,153.33696162860403,10,2
2,1.0,0.0,0.0,0.0,100000000.0,0.0,0.0,0.0,0.0,0.0,160.60299996752292,0.283790847759369,0.283790847759369,91,False,0.11277587956395072,1.038704236532979,0.1,5,3.0,4.0,0.1,2,0.0,2,-0.19828336366165988,524288.0,5242880.0,2,,283.790847759369,0.103125,3.8608789443969727,124.30660266111005,10,2
2,1.0,0.0,0.0,0.0,100000000.0,0.0,0.0,0.0,0.0,0.0,161.25379997538403,0.3868528331863611,0.3868528331863611,91,False,0.12065261009561556,1.1112516057479493,0.1,5,3.0,4.0,0.1,2,0.0,2,-0.25375272164098833,524288.0,5242880.0,3,,386.8528331863611,0.1140625,3.71215483546257,225.59903321097704,10,2
2,1.0,0.0,0.0,0.0,100000000.0,0.0,0.0,0.0,0.0,0.0,160.64539999933913,0.38610293309833066,0.38610293309833066,92,False,0.1383919273477493,1.2746367556065703,0.1,5,3.0,4.0,0.1,2,0.0,2,-0.26224743022304,524288.0,5242880.0,1,,386.10293309833065,0.1296875,3.5631922483444214,225.45753309899152,10,2
2,1.0,0.0,0.0,0.0,100000000.0,0.0,0.0,0.0,0.0,0.0,160.4426999692805,0.3793976272059798,0.3793976272059798,92,False,0.11277587956395072,1.038704236532979,0.1,5,3.0,4.0,0.1,2,0.0,2,-0.24608675338496527,524288.0,5242880.0,2,,379.3976272059798,0.11875,3.6639295518398285,218.95492723669932,10,2
2,1.0,0.0,0.0,0.0,100000000.0,0.0,0.0,0.0,0.0,0.0,161.8453999981284,0.34970250496489375,0.34970250496489375,92,False,0.12065261009561556,1.1112516057479493,0.1,5,3.0,4.0,0.1,2,0.0,2,-0.23517755753025466,524288.0,5242880.0,3,,349.70250496489376,0.1734375,3.567360669374466,187.8571049667653,10,2
2,1.0,0.0,0.0,0.0,100000000.0,0.0,0.0,0.0,0.0,0.0,159.9972999538295,0.3148585857846856,0.3148585857846856,93,False,0.1383919273477493,1.2746367556065703,0.1,5,3.0,4.0,0.1,2,0.0,2,-0.22662525656621746,524288.0,5242880.0,1,,314.8585857846856,0.15625,3.437587022781372,156.63578583859731,10,2
2,1.0,0.0,0.0,0.0,100000000.0,0.0,0.0,0.0,0.0,0.0,161.43949999241158,0.35785148645951664,0.35785148645951664,93,False,0.11277587956395072,1.038704236532979,0.1,5,3.0,4.0,0.1,2,0.0,2,-0.23531368301173367,524288.0,5242880.0,2,,357.85148645951665,0.1421875,3.6207275688648224,196.41198646710507,10,2
2,1.0,0.0,0.0,0.0,100000000.0,0.0,0.0,0.0,0.0,0.0,166.7820000438951,0.383076160847044,0.383076160847044,93,False,0.12065261009561556,1.1112516057479493,0.1,5,3.0,4.0,0.1,2,0.0,2,-0.2518643854713298,524288.0,5242880.0,3,,383.076160847044,0.15625,3.584487706422806,216.2941608031489,10,2
2,1.0,0.0,0.0,0.0,100000000.0,0.0,0.0,0.0,0.0,0.0,160.61349998926744,0.2979761810891079,0.2979761810891079,94,False,0.1383919273477493,1.2746367556065703,0.1,5,3.0,4.0,0.1,2,0.0,2,-0.2181840542184286,524288.0,5242880.0,1,,297.9761810891079,0.178125,3.4307152032852173,139.72468115731422,10,2
2,1.0,0.0,0.0,0.0,100000000.0,0.0,0.0,0.0,0.0,0.0,161.91360005177557,0.37355675391027865,0.37355675391027865,94,False,0.11277587956395072,1.038704236532979,0.1,5,3.0,4.0,0.1,2,0.0,2,-0.2431663167371147,524288.0,5242880.0,2,,373.55675391027864,0.15,3.558674693107605,212.54903952808067,10,2
2,1.0,0.0,0.0,0.0,100000000.0,0.0,0.0,0.0,0.0,0.0,160.7832999434322,0.3930938152446221,0.3930938152446221,94,False,0.12065261009561556,1.1112516057479493,0.1,5,3.0,4.0,0.1,2,0.0,2,-0.25687321267011887,524288.0,5242880.0,3,,393.09381524462214,0.15625,3.5492834746837616,234.80851523008155,10,2
2,1.0,0.0,0.0,0.0,100000000.0,0.0,0.0,0.0,0.0,0.0,160.8271999284625,0.3057977044453027,0.3057977044453027,95,False,0.1383919273477493,1.2746367556065703,0.1,5,3.0,4.0,0.1,2,0.0,2,-0.222094815896526,524288.0,5242880.0,1,,305.7977044453027,0.1609375,3.374294400215149,147.70590450718274,10,2
2,1.0,0.0,0.0,0.0,100000000.0,0.0,0.0,0.0,0.0,0.0,161.4448000327684,0.3095995822021625,0.3095995822021625,95,False,0.11277587956395072,1.038704236532979,0.1,5,3.0,4.0,0.1,2,0.0,2,-0.2111877308830566,524288.0,5242880.0,2,,309.5995822021625,0.1453125,3.5761982798576355,151.92688213744003,10,2
2,1.0,0.0,0.0,0.0,100000000.0,0.0,0.0,0.0,0.0,0.0,161.73290001461282,0.3242005670288969,0.3242005670288969,95,False,0.12065261009561556,1.1112516057479493,0.1,5,3.0,4.0,0.1,2,0.0,2,-0.22242658856225622,524288.0,5242880.0,3,,324.2005670288969,0.1375,3.577391028404236,164.05655487236064,10,2
2,1.0,0.0,0.0,0.0,100000000.0,0.0,0.0,0.0,0.0,0.0,161.51570004876703,0.28614092478491,0.28614092478491,96,False,0.1383919273477493,1.2746367556065703,0.1,5,3.0,4.0,0.1,2,0.0,2,-0.21226642606632964,524288.0,5242880.0,1,,286.14092478491,0.140625,3.544176161289215,127.90592474592482,10,2
2,1.0,0.0,0.0,0.0,100000000.0,0.0,0.0,0.0,0.0,0.0,160.31610005302355,0.34144967950780036,0.34144967950780036,96,False,0.11277587956395072,1.038704236532979,0.1,5,3.0,4.0,0.1,2,0.0,2,-0.22711277953587555,524288.0,5242880.0,2,,341.44967950780034,0.1546875,3.5367521345615387,183.70717955187058,10,2
2,1.0,0.0,0.0,0.0,100000000.0,0.0,0.0,0.0,0.0,0.0,161.05359996436164,0.3733259892211189,0.3733259892211189,96,False,0.12065261009561556,1.1112516057479493,0.1,5,3.0,4.0,0.1,2,0.0,2,-0.24698929965836725,524288.0,5242880.0,3,,373.3259892211189,0.16875,3.50272536277771,215.53108921543563,10,2
2,1.0,0.0,0.0,0.0,100000000.0,0.0,0.0,0.0,0.0,0.0,161.06249997392297,0.41569220153069103,0.41569220153069103,97,False,0.1383919273477493,1.2746367556065703,0.1,5,3.0,4.0,0.1,2,0.0,2,-0.2770420644392202,524288.0,5242880.0,1,,415.692201530691,0.1734375,3.398000121116638,254.62970155676805,10,2
2,1.0,0.0,0.0,0.0,100000000.0,0.0,0.0,0.0,0.0,0.0,162.9666000371799,0.2864690149738094,0.2864690149738094,97,False,0.11277587956395072,1.038704236532979,0.1,5,3.0,4.0,0.1,2,0.0,2,-0.19962244726888007,524288.0,5242880.0,2,,286.4690149738094,0.1375,3.6346016228199005,125.77341494146866,10,2
2,1.0,0.0,0.0,0.0,100000000.0,0.0,0.0,0.0,0.0,0.0,161.14860004745424,0.3287014152612121,0.3287014152612121,97,False,0.12065261009561556,1.1112516057479493,0.1,5,3.0,4.0,0.1,2,0.0,2,-0.22467701267841383,524288.0,5242880.0,3,,328.7014152612121,0.134375,3.6143676936626434,167.55281521375784,10,2
2,1.0,0.0,0.0,0.0,100000000.0,0.0,0.0,0.0,0.0,0.0,160.75950005324557,0.4088886839384871,0.4088886839384871,98,False,0.1383919273477493,1.2746367556065703,0.1,5,3.0,4.0,0.1,2,0.0,2,-0.2736403056431182,524288.0,5242880.0,1,,408.8886839384871,0.1484375,3.5317764282226562,250.7175840368221,10,2
2,1.0,0.0,0.0,0.0,100000000.0,0.0,0.0,0.0,0.0,0.0,161.002799984999,0.2933025074614177,0.2933025074614177,98,False,0.11277587956395072,1.038704236532979,0.1,5,3.0,4.0,0.1,2,0.0,2,-0.20303919351268424,524288.0,5242880.0,2,,293.30250746141775,0.1375,3.6372416019439697,134.96130748688827,10,2
2,1.0,0.0,0.0,0.0,100000000.0,0.0,0.0,0.0,0.0,0.0,161.66460001841187,0.3902362256042492,0.3902362256042492,98,False,0.12065261009561556,1.1112516057479493,0.1,5,3.0,4.0,0.1,2,0.0,2,-0.2554444178499324,524288.0,5242880.0,3,,390.23622560424917,0.1296875,3.647160142660141,228.5716255858373,10,2
2,1.0,0.0,0.0,0.0,100000000.0,0.0,0.0,0.0,0.0,0.0,161.12529998645186,0.3228698247091417,0.3228698247091417,99,False,0.1383919273477493,1.2746367556065703,0.1,5,3.0,4.0,0.1,2,0.0,2,-0.2306308760284455,524288.0,5242880.0,1,,322.8698247091417,0.10625,3.5931876599788666,164.54602463427378,10,2
2,1.0,0.0,0.0,0.0,100000000.0,0.0,0.0,0.0,0.0,0.0,160.82480002660304,0.3093590951471395,0.3093590951471395,99,False,0.11277587956395072,1.038704236532979,0.1,5,3.0,4.0,0.1,2,0.0,2,-0.2110674873555451,524288.0,5242880.0,2,,309.3590951471395,0.1078125,3.7487796545028687,151.36749515708453,10,2
2,1.0,0.0,0.0,0.0,100000000.0,0.0,0.0,0.0,0.0,0.0,161.0013999743387,0.304820661308507,0.304820661308507,99,False,0.12065261009561556,1.1112516057479493,0.1,5,3.0,4.0,0.1,2,0.0,2,-0.21273663570206128,524288.0,5242880.0,3,,304.820661308507,0.146875,3.523691177368164,146.6038612916903,10,2
7,1.0,0.0,0.0,0.0,100000000.0,0.0,0.0,0.0,0.0,0.0,160.82549997372553,0.3326032281189658,0.3326032281189658,100,False,0.1383919273477493,1.2746367556065703,0.1,5,3.0,4.0,0.1,2,0.0,2,-0.23549757773335755,524288.0,5242880.0,1,0.10859375,332.60322811896583,0.15625,3.4617847204208374,171.7777281452403,10,2
2,1.0,0.0,0.0,0.0,20000000.0,0.0,0.0,0.0,0.0,0.0,161.24779998790473,1.5127651273108405,1.5127651273108405,100,False,0.11277587956395072,1.038704236532979,0.1,5,3.0,4.0,0.1,2,0.0,2,-0.8127705034373955,524288.0,5242880.0,2,0.10859375,1512.7651273108404,0.1609375,3.6464742720127106,1351.5173273229357,10,2
2,1.0,0.0,0.0,0.0,100000000.0,0.0,0.0,0.0,0.0,0.0,160.95880005741492,0.32431547438606273,0.32431547438606273,100,False,0.12065261009561556,1.1112516057479493,0.1,5,3.0,4.0,0.1,2,0.0,2,-0.22248404224083915,524288.0,5242880.0,3,0.10859375,324.3154743860627,0.15,3.6264807879924774,163.3566743286478,10,2
7,1.0,0.0,0.0,0.0,100000000.0,0.0,0.0,0.0,0.0,0.0,161.19319992139935,0.5185597717695635,0.5185597717695635,101,False,0.1383919273477493,1.2746367556065703,0.1,5,3.0,4.0,0.1,2,0.0,2,-0.3284758495586564,524288.0,5242880.0,1,,518.5597717695634,0.1296875,3.589753359556198,357.36657184816414,10,2
2,1.0,0.0,0.0,0.0,20000000.0,0.0,0.0,0.0,0.0,0.0,161.44549997989088,0.8293747681455325,0.8293747681455325,101,False,0.11277587956395072,1.038704236532979,0.1,5,3.0,4.0,0.1,2,0.0,2,-0.4710753238547416,524288.0,5242880.0,2,,829.3747681455325,0.1234375,3.7098682820796967,671.1103681155118,10,2
2,1.0,0.0,0.0,0.0,100000000.0,0.0,0.0,0.0,0.0,0.0,161.61489998921752,0.33925107087260764,0.33925107087260764,101,False,0.12065261009561556,1.1112516057479493,0.1,5,3.0,4.0,0.1,2,0.0,2,-0.2299518404841116,524288.0,5242880.0,3,,339.2510708726076,0.1296875,3.684878170490265,181.25607085666343,10,2
7,1.0,0.0,0.0,0.0,100000000.0,0.0,0.0,0.0,0.0,0.0,161.27140005119145,0.3138366753223061,0.3138366753223061,102,False,0.1383919273477493,1.2746367556065703,0.1,5,3.0,4.0,0.1,2,0.0,2,-0.2261143013350277,524288.0,5242880.0,1,,313.83667532230606,0.1703125,3.427258610725403,152.56527527111467,10,2
2,1.0,0.0,0.0,0.0,20000000.0,0.0,0.0,0.0,0.0,0.0,161.15479997824878,0.9408466488769515,0.9408466488769515,102,False,0.11277587956395072,1.038704236532979,0.1,5,3.0,4.0,0.1,2,0.0,2,-0.5268112642204511,524288.0,5242880.0,2,,940.8466488769515,0.1328125,3.5898512303829193,783.0421489145843,10,2
2,1.0,0.0,0.0,0.0,100000000.0,0.0,0.0,0.0,0.0,0.0,161.45010001491755,0.40987696840843474,0.40987696840843474,102,False,0.12065261009561556,1.1112516057479493,0.1,5,3.0,4.0,0.1,2,0.0,2,-0.2652647892520251,524288.0,5242880.0,3,,409.8769684084347,0.1453125,3.575102925300598,251.37256841358086,10,2
7,1.0,0.0,0.0,0.0,100000000.0,0.0,0.0,0.0,0.0,0.0,161.08960000565276,0.34443703766193456,0.34443703766193456,103,False,0.1383919273477493,1.2746367556065703,0.1,5,3.0,4.0,0.1,2,0.0,2,-0.24141448250484193,524288.0,5242880.0,1,,344.43703766193454,0.1453125,3.490556299686432,183.3474376562818,10,2
2,1.0,0.0,0.0,0.0,20000000.0,0.0,0.0,0.0,0.0,0.0,161.4761000382714,1.9664375518852286,1.9664375518852286,103,False,0.11277587956395072,1.038704236532979,0.1,5,3.0,4.0,0.1,2,0.0,2,-1.0396067157245896,524288.0,5242880.0,2,,1966.4375518852287,0.128125,3.7118128538131714,1804.9614518469573,10,2
2,1.0,0.0,0.0,0.0,100000000.0,0.0,0.0,0.0,0.0,0.0,161.1960000009276,0.3438609425954452,0.3438609425954452,103,False,0.12065261009561556,1.1112516057479493,0.1,5,3.0,4.0,0.1,2,0.0,2,-0.23225677634553038,524288.0,5242880.0,3,,343.8609425954452,0.1578125,3.497792512178421,182.66494259451758,10,2
7,1.0,0.0,0.0,0.0,100000000.0,0.0,0.0,0.0,0.0,0.0,161.13679995760322,0.2832918989388407,0.2832918989388407,104,False,0.1383919273477493,1.2746367556065703,0.1,5,3.0,4.0,0.1,2,0.0,2,-0.210841913143295,524288.0,5242880.0,1,,283.2918989388407,0.1453125,3.4722119867801666,125.50499899407336,10,2
2,1.0,0.0,0.0,0.0,20000000.0,0.0,0.0,0.0,0.0,0.0,160.866099933628,1.1780217289936736,1.1780217289936736,104,False,0.11277587956395072,1.038704236532979,0.1,5,3.0,4.0,0.1,2,0.0,2,-0.6453988042788121,524288.0,5242880.0,2,,1178.0217289936736,0.159375,3.5835950672626495,1019.641628955771,10,2
2,1.0,0.0,0.0,0.0,100000000.0,0.0,0.0,0.0,0.0,0.0,161.90199996344745,0.4928348751138614,0.4928348751138614,104,False,0.12065261009561556,1.1112516057479493,0.1,5,3.0,4.0,0.1,2,0.0,2,-0.30674374260473847,524288.0,5242880.0,3,,492.8348751138614,0.1578125,3.511190354824066,334.6134751202257,10,2
7,1.0,0.0,0.0,0.0,100000000.0,0.0,0.0,0.0,0.0,0.0,161.73719993093982,0.42898245155790604,0.42898245155790604,105,False,0.1383919273477493,1.2746367556065703,0.1,5,3.0,4.0,0.1,2,0.0,2,-0.28368718945282767,524288.0,5242880.0,1,,428.982451557906,0.1515625,3.4232142865657806,267.2452516269662,10,2
2,1.0,0.0,0.0,0.0,20000000.0,0.0,0.0,0.0,0.0,0.0,161.34680004324764,1.2816872952203198,1.2816872952203198,105,False,0.11277587956395072,1.038704236532979,0.1,5,3.0,4.0,0.1,2,0.0,2,-0.6972315873921352,524288.0,5242880.0,2,,1281.6872952203198,0.1484375,3.608579635620117,1120.3404951770722,10,2
2,1.0,0.0,0.0,0.0,100000000.0,0.0,0.0,0.0,0.0,0.0,161.62330005317926,0.30370414695639436,0.30370414695639436,105,False,0.12065261009561556,1.1112516057479493,0.1,5,3.0,4.0,0.1,2,0.0,2,-0.21217837852600496,524288.0,5242880.0,3,,303.70414695639437,0.1546875,3.486072212457657,145.29604693811658,10,2
7,1.0,0.0,0.0,0.0,100000000.0,0.0,0.0,0.0,0.0,0.0,161.29420005017892,0.30802349119240646,0.30802349119240646,106,False,0.1383919273477493,1.2746367556065703,0.1,5,3.0,4.0,0.1,2,0.0,2,-0.22320770927007788,524288.0,5242880.0,1,,308.0234911924065,0.1328125,3.5602480471134186,149.69929117270044,10,2
2,1.0,0.0,0.0,0.0,20000000.0,0.0,0.0,0.0,0.0,0.0,160.41620000032708,1.3101872368814165,1.3101872368814165,106,False,0.11277587956395072,1.038704236532979,0.1,5,3.0,4.0,0.1,2,0.0,2,-0.7114815582226836,524288.0,5242880.0,2,,1310.1872368814165,0.1578125,3.603726327419281,1149.7710368810895,10,2
2,1.0,0.0,0.0,0.0,100000000.0,0.0,0.0,0.0,0.0,0.0,161.13610001048073,0.3375161972230539,0.3375161972230539,106,False,0.12065261009561556,1.1112516057479493,0.1,5,3.0,4.0,0.1,2,0.0,2,-0.22908440365933475,524288.0,5242880.0,3,,337.51619722305395,0.1359375,3.6077289283275604,176.38009721257322,10,2
7,1.0,0.0,0.0,0.0,100000000.0,0.0,0.0,0.0,0.0,0.0,162.02950000297278,0.32947250447810833,0.32947250447810833,107,False,0.1383919273477493,1.2746367556065703,0.1,5,3.0,4.0,0.1,2,0.0,2,-0.23393221591292881,524288.0,5242880.0,1,,329.4725044781083,0.153125,3.469050318002701,170.8736044039691,10,2
2,1.0,0.0,0.0,0.0,20000000.0,0.0,0.0,0.0,0.0,0.0,160.17659998033196,0.9975824810085869,0.9975824810085869,107,False,0.11277587956395072,1.038704236532979,0.1,5,3.0,4.0,0.1,2,0.0,2,-0.5551791802862688,524288.0,5242880.0,2,,997.5824810085869,0.1828125,3.515377461910248,837.405881028255,10,2
2,1.0,0.0,0.0,0.0,100000000.0,0.0,0.0,0.0,0.0,0.0,160.95619997940958,0.3049687040534482,0.3049687040534482,107,False,0.12065261009561556,1.1112516057479493,0.1,5,3.0,4.0,0.1,2,0.0,2,-0.2128106570745319,524288.0,5242880.0,3,,304.9687040534482,0.178125,3.5213635861873627,146.92520401744702,10,2
7,1.0,0.0,0.0,0.0,100000000.0,0.0,0.0,0.0,0.0,0.0,161.62830003304407,0.3825814242825605,0.3825814242825605,108,False,0.1383919273477493,1.2746367556065703,0.1,5,3.0,4.0,0.1,2,0.0,2,-0.2604866758151549,524288.0,5242880.0,1,,382.5814242825605,0.140625,3.4555116295814514,220.95312424951638,10,2
2,1.0,0.0,0.0,0.0,20000000.0,0.0,0.0,0.0,0.0,0.0,160.935900057666,0.8160387703693259,0.8160387703693259,108,False,0.11277587956395072,1.038704236532979,0.1,5,3.0,4.0,0.1,2,0.0,2,-0.46440732496663834,524288.0,5242880.0,2,,816.0387703693259,0.1546875,3.569545477628708,657.7294704048682,10,2
2,1.0,0.0,0.0,0.0,100000000.0,0.0,0.0,0.0,0.0,0.0,160.75830004410818,0.3857295725266857,0.3857295725266857,108,False,0.12065261009561556,1.1112516057479493,0.1,5,3.0,4.0,0.1,2,0.0,2,-0.25319109131115064,524288.0,5242880.0,3,,385.72957252668573,0.1578125,3.53111132979393,227.9465724951996,10,2
7,1.0,0.0,0.0,0.0,100000000.0,0.0,0.0,0.0,0.0,0.0,160.9715999220498,0.42833204048529916,0.42833204048529916,109,False,0.1383919273477493,1.2746367556065703,0.1,5,3.0,4.0,0.1,2,0.0,2,-0.28336198391652423,524288.0,5242880.0,1,,428.33204048529916,0.1484375,3.4681327641010284,267.36044056324937,10,2
2,1.0,0.0,0.0,0.0,20000000.0,0.0,0.0,0.0,0.0,0.0,161.48980002617463,0.7876787903595487,0.7876787903595487,109,False,0.11277587956395072,1.038704236532979,0.1,5,3.0,4.0,0.1,2,0.0,2,-0.4502273349617497,524288.0,5242880.0,2,,787.6787903595487,0.153125,3.525334596633911,626.188990333374,10,2
2,1.0,0.0,0.0,0.0,100000000.0,0.0,0.0,0.0,0.0,0.0,161.6240000585094,0.376966238298161,0.376966238298161,109,False,0.12065261009561556,1.1112516057479493,0.1,5,3.0,4.0,0.1,2,0.0,2,-0.24880942419688828,524288.0,5242880.0,3,,376.966238298161,0.15625,3.5153501629829407,218.86813825386213,10,2
7,1.0,0.0,0.0,0.0,100000000.0,0.0,0.0,0.0,0.0,0.0,161.21809993637726,0.3126286152433982,0.3126286152433982,110,False,0.1383919273477493,1.2746367556065703,0.1,5,3.0,4.0,0.1,2,0.0,2,-0.22551027129557374,524288.0,5242880.0,1,0.1125,312.6286152433982,0.1703125,3.330634832382202,154.3811152256472,10,2
2,1.0,0.0,0.0,0.0,20000000.0,0.0,0.0,0.0,0.0,0.0,160.89439997449517,0.8833152759252978,0.8833152759252978,110,False,0.11277587956395072,1.038704236532979,0.1,5,3.0,4.0,0.1,2,0.0,2,-0.49804557774462427,524288.0,5242880.0,2,0.1125,883.3152759252978,0.15625,3.569024085998535,722.4208759508026,10,2
2,1.0,0.0,0.0,0.0,100000000.0,0.0,0.0,0.0,0.0,0.0,162.01400000136346,0.3179079107475061,0.3179079107475061,110,False,0.12065261009561556,1.1112516057479493,0.1,5,3.0,4.0,0.1,2,0.0,2,-0.21928026042156082,524288.0,5242880.0,3,0.1125,317.9079107475061,0.1859375,3.4625428318977356,159.93211076134477,10,2
7,1.0,0.0,0.0,0.0,100000000.0,0.0,0.0,0.0,0.0,0.0,161.06779995607212,0.401705997486713,0.401705997486713,111,False,0.1383919273477493,1.2746367556065703,0.1,5,3.0,4.0,0.1,2,0.0,2,-0.27004896241723114,524288.0,5242880.0,1,,401.705997486713,0.1359375,3.584449380636215,240.63819753064084,10,2
2,1.0,0.0,0.0,0.0,20000000.0,0.0,0.0,0.0,0.0,0.0,161.42549994401634,0.7709352385577966,0.7709352385577966,111,False,0.11277587956395072,1.038704236532979,0.1,5,3.0,4.0,0.1,2,0.0,2,-0.44185555906087365,524288.0,5242880.0,2,,770.9352385577965,0.140625,3.6419131457805634,613.2855385517921,10,2
2,1.0,0.0,0.0,0.0,100000000.0,0.0,0.0,0.0,0.0,0.0,161.8588999263011,0.29411838691291103,0.29411838691291103,111,False,0.12065261009561556,1.1112516057479493,0.1,5,3.0,4.0,0.1,2,0.0,2,-0.2073854985042633,524288.0,5242880.0,3,,294.11838691291103,0.128125,3.652435928583145,132.25948698660994,10,2
7,1.0,0.0,0.0,0.0,100000000.0,0.0,0.0,0.0,0.0,0.0,160.57549993274733,0.30396799218354675,0.30396799218354675,112,False,0.1383919273477493,1.2746367556065703,0.1,5,3.0,4.0,0.1,2,0.0,2,-0.22117995976564803,524288.0,5242880.0,1,,303.96799218354676,0.171875,3.408191204071045,143.39249225079942,10,2
2,1.0,0.0,0.0,0.0,20000000.0,0.0,0.0,0.0,0.0,0.0,162.09199995500967,1.1850817529397606,1.1850817529397606,112,False,0.11277587956395072,1.038704236532979,0.1,5,3.0,4.0,0.1,2,0.0,2,-0.6489288162518556,524288.0,5242880.0,2,,1185.0817529397607,0.1703125,3.45880389213562,1022.9897529847509,10,2
2,1.0,0.0,0.0,0.0,100000000.0,0.0,0.0,0.0,0.0,0.0,160.91839998262003,0.3186661857037235,0.3186661857037235,112,False,0.12065261009561556,1.1112516057479493,0.1,5,3.0,4.0,0.1,2,0.0,2,-0.21965939789966954,524288.0,5242880.0,3,,318.6661857037235,0.1484375,3.4839070439338684,157.74778572110347,10,2
7,1.0,0.0,0.0,0.0,100000000.0,0.0,0.0,0.0,0.0,0.0,160.22269998211414,0.3598694284714751,0.3598694284714751,113,False,0.1383919273477493,1.2746367556065703,0.1,5,3.0,4.0,0.1,2,0.0,2,-0.24913067790961219,524288.0,5242880.0,1,,359.8694284714751,0.171875,3.269670158624649,199.6467284893609,10,2
2,1.0,0.0,0.0,0.0,20000000.0,0.0,0.0,0.0,0.0,0.0,160.51470005186275,0.9349544967329889,0.9349544967329889,113,False,0.11277587956395072,1.038704236532979,0.1,5,3.0,4.0,0.1,2,0.0,2,-0.5238651881484698,524288.0,5242880.0,2,,934.9544967329889,0.1765625,3.4754387736320496,777.0528967879541,10,2
2,1.0,0.0,0.0,0.0,100000000.0,0.0,0.0,0.0,0.0,0.0,161.74119990319014,0.6326303195527314,0.6326303195527314,113,False,0.12065261009561556,1.1112516057479493,0.1,5,3.0,4.0,0.1,2,0.0,2,-0.3766414648241735,524288.0,5242880.0,3,,632.6303195527314,0.1578125,3.541459709405899,470.8891196495413,10,2
7,1.0,0.0,0.0,0.0,100000000.0,0.0,0.0,0.0,0.0,0.0,162.18860005028546,0.33586202019435707,0.33586202019435707,114,False,0.1383919273477493,1.2746367556065703,0.1,5,3.0,4.0,0.1,2,0.0,2,-0.23712697377105318,524288.0,5242880.0,1,,335.86202019435706,0.1671875,3.4018587172031403,177.31012024526837,10,2
2,1.0,0.0,0.0,0.0,20000000.0,0.0,0.0,0.0,0.0,0.0,161.03690001182258,2.2319567798438373,2.2319567798438373,114,False,0.11277587956395072,1.038704236532979,0.1,5,3.0,4.0,0.1,2,0.0,2,-1.172366329703894,524288.0,5242880.0,2,,2231.9567798438375,0.15625,3.523906499147415,2074.2027798585486,10,2
2,1.0,0.0,0.0,0.0,100000000.0,0.0,0.0,0.0,0.0,0.0,160.13070003828034,0.3470881529447636,0.3470881529447636,114,False,0.12065261009561556,1.1112516057479493,0.1,5,3.0,4.0,0.1,2,0.0,2,-0.23387038152018957,524288.0,5242880.0,3,,347.0881529447636,0.190625,3.429173469543457,188.79355291761587,10,2
7,1.0,0.0,0.0,0.0,100000000.0,0.0,0.0,0.0,0.0,0.0,161.20790009154007,0.3330481114124982,0.3330481114124982,115,False,0.1383919273477493,1.2746367556065703,0.1,5,3.0,4.0,0.1,2,0.0,2,-0.23572001938012374,524288.0,5242880.0,1,,333.0481114124982,0.178125,3.3920182287693024,171.8402113209581,10,2
2,1.0,0.0,0.0,0.0,20000000.0,0.0,0.0,0.0,0.0,0.0,161.0440999502316,0.8946274477173703,0.8946274477173703,115,False,0.11277587956395072,1.038704236532979,0.1,5,3.0,4.0,0.1,2,0.0,2,-0.5037016636406605,524288.0,5242880.0,2,,894.6274477173704,0.146875,3.650624603033066,736.349447700208,10,2
2,1.0,0.0,0.0,0.0,100000000.0,0.0,0.0,0.0,0.0,0.0,162.46780002256855,0.4834989365440916,0.4834989365440916,115,False,0.12065261009561556,1.1112516057479493,0.1,5,3.0,4.0,0.1,2,0.0,2,-0.3020757733198536,524288.0,5242880.0,3,,483.4989365440916,0.1453125,3.5231977701187134,324.432236574975,10,2
7,1.0,0.0,0.0,0.0,100000000.0,0.0,0.0,0.0,0.0,0.0,161.9092999608256,0.32127568452214894,0.32127568452214894,116,False,0.1383919273477493,1.2746367556065703,0.1,5,3.0,4.0,0.1,2,0.0,2,-0.22983380593494912,524288.0,5242880.0,1,,321.27568452214894,0.146875,3.5529288351535797,159.36638456132337,10,2
2,1.0,0.0,0.0,0.0,20000000.0,0.0,0.0,0.0,0.0,0.0,161.8312000646256,0.8585092881342922,0.8585092881342922,116,False,0.11277587956395072,1.038704236532979,0.1,5,3.0,4.0,0.1,2,0.0,2,-0.48564258384912146,524288.0,5242880.0,2,,858.5092881342922,0.184375,3.499384254217148,696.6780880696666,10,2
2,1.0,0.0,0.0,0.0,100000000.0,0.0,0.0,0.0,0.0,0.0,161.41229995992035,0.3396976183437955,0.3396976183437955,116,False,0.12065261009561556,1.1112516057479493,0.1,5,3.0,4.0,0.1,2,0.0,2,-0.23017511421970555,524288.0,5242880.0,3,,339.6976183437955,0.1421875,3.454342305660248,181.46791834516722,10,2
7,1.0,0.0,0.0,0.0,100000000.0,0.0,0.0,0.0,0.0,0.0,161.02960001444444,0.2958250522046484,0.2958250522046484,117,False,0.1383919273477493,1.2746367556065703,0.1,5,3.0,4.0,0.1,2,0.0,2,-0.21710848977619884,524288.0,5242880.0,1,,295.8250522046484,0.15,3.5576286613941193,134.79545219020395,10,2
2,1.0,0.0,0.0,0.0,20000000.0,0.0,0.0,0.0,0.0,0.0,161.86860000016168,1.2770230233796451,1.2770230233796451,117,False,0.11277587956395072,1.038704236532979,0.1,5,3.0,4.0,0.1,2,0.0,2,-0.6948994514717979,524288.0,5242880.0,2,,1277.023023379645,0.175,3.410211592912674,1115.1544233794834,10,2
2,1.0,0.0,0.0,0.0,100000000.0,0.0,0.0,0.0,0.0,0.0,161.53460001805797,0.34426106485780367,0.34426106485780367,117,False,0.12065261009561556,1.1112516057479493,0.1,5,3.0,4.0,0.1,2,0.0,2,-0.23245683747670962,524288.0,5242880.0,3,,344.26106485780366,0.1390625,3.580855578184128,182.7264648397457,10,2
7,1.0,0.0,0.0,0.0,100000000.0,0.0,0.0,0.0,0.0,0.0,162.06659993622452,0.30993686483683114,0.30993686483683114,118,False,0.1383919273477493,1.2746367556065703,0.1,5,3.0,4.0,0.1,2,0.0,2,-0.22416439609229022,524288.0,5242880.0,1,,309.93686483683115,0.1765625,3.44665664434433,148.72169106146552,10,2
2,1.0,0.0,0.0,0.0,20000000.0,0.0,0.0,0.0,0.0,0.0,161.28379997098818,0.8533767619138914,0.8533767619138914,118,False,0.11277587956395072,1.038704236532979,0.1,5,3.0,4.0,0.1,2,0.0,2,-0.4830763207389211,524288.0,5242880.0,2,,853.3767619138914,0.1953125,3.467985063791275,694.8667619928117,10,2
2,1.0,0.0,0.0,0.0,100000000.0,0.0,0.0,0.0,0.0,0.0,161.078900040593,0.324721715885289,0.324721715885289,118,False,0.12065261009561556,1.1112516057479493,0.1,5,3.0,4.0,0.1,2,0.0,2,-0.22268716299045227,524288.0,5242880.0,3,,324.721715885289,0.1625,3.584500014781952,163.642815844696,10,2
7,1.0,0.0,0.0,0.0,100000000.0,0.0,0.0,0.0,0.0,0.0,161.50660009589046,0.35702600725050293,0.35702600725050293,119,False,0.1383919273477493,1.2746367556065703,0.1,5,3.0,4.0,0.1,2,0.0,2,-0.24770896729912611,524288.0,5242880.0,1,,357.0260072505029,0.13125,3.5461120903491974,195.5194071546125,10,2
2,1.0,0.0,0.0,0.0,20000000.0,0.0,0.0,0.0,0.0,0.0,160.8731999876909,0.9505968097636096,0.9505968097636096,119,False,0.11277587956395072,1.038704236532979,0.1,5,3.0,4.0,0.1,2,0.0,2,-0.5316863446637802,524288.0,5242880.0,2,,950.5968097636096,0.1703125,3.4819246232509613,792.1060098141052,10,2
2,1.0,0.0,0.0,0.0,100000000.0,0.0,0.0,0.0,0.0,0.0,160.80989997135475,0.3311022571947623,0.3311022571947623,119,False,0.12065261009561556,1.1112516057479493,0.1,5,3.0,4.0,0.1,2,0.0,2,-0.22587743364518892,524288.0,5242880.0,3,,331.1022571947623,0.1640625,3.5169195234775543,170.29235722340752,10,2
7,1.0,0.0,0.0,0.0,100000000.0,0.0,0.0,0.0,0.0,0.0,161.05090000201017,0.33008929008050303,0.33008929008050303,120,False,0.1383919273477493,1.2746367556065703,0.1,5,3.0,4.0,0.1,2,0.0,2,-0.23424060871412616,524288.0,5242880.0,1,0.1171875,330.089290080503,0.13125,3.53455913066864,171.80509007433838,10,2
2,1.0,0.0,0.0,0.0,20000000.0,0.0,0.0,0.0,0.0,0.0,160.62629997031763,0.8937874959012164,0.8937874959012164,120,False,0.11277587956395072,1.038704236532979,0.1,5,3.0,4.0,0.1,2,0.0,2,-0.5032816877325835,524288.0,5242880.0,2,0.1171875,893.7874959012164,0.1625,3.5564557909965515,733.1611959308988,10,2
2,1.0,0.0,0.0,0.0,100000000.0,0.0,0.0,0.0,0.0,0.0,161.04900010395795,0.30460132266377193,0.30460132266377193,120,False,0.12065261009561556,1.1112516057479493,0.1,5,3.0,4.0,0.1,2,0.0,2,-0.21262696637969375,524288.0,5242880.0,3,0.1171875,304.60132266377195,0.15,3.516829490661621,143.552322559814,10,2
7,1.0,0.0,0.0,0.0,100000000.0,0.0,0.0,0.0,0.0,0.0,162.41740004625171,0.35254784047062254,0.35254784047062254,121,False,0.1383919273477493,1.2746367556065703,0.1,5,3.0,4.0,0.1,2,0.0,2,-0.24546988390918592,524288.0,5242880.0,1,,352.54784047062253,0.1453125,3.501608192920685,190.13044042437082,10,2
2,1.0,0.0,0.0,0.0,20000000.0,0.0,0.0,0.0,0.0,0.0,160.76729993801564,2.075467020837011,2.075467020837011,121,False,0.11277587956395072,1.038704236532979,0.1,5,3.0,4.0,0.1,2,0.0,2,-1.0941214502004808,524288.0,5242880.0,2,,2075.4670208370108,0.1140625,3.657624065876007,1917.1275208754264,10,2
2,1.0,0.0,0.0,0.0,100000000.0,0.0,0.0,0.0,0.0,0.0,161.23680002056062,0.32003544665846395,0.32003544665846395,121,False,0.12065261009561556,1.1112516057479493,0.1,5,3.0,4.0,0.1,2,0.0,2,-0.22034402837703976,524288.0,5242880.0,3,,320.03544665846397,0.15,3.623273193836212,158.79864663790332,10,2
7,1.0,0.0,0.0,0.0,100000000.0,0.0,0.0,0.0,0.0,0.0,160.9571999288164,0.3208048923397928,0.3208048923397928,122,False,0.1383919273477493,1.2746367556065703,0.1,5,3.0,4.0,0.1,2,0.0,2,-0.22959840984377106,524288.0,5242880.0,1,,320.8048923397928,0.171875,3.4032305479049683,162.37369232024324,10,2
2,1.0,0.0,0.0,0.0,20000000.0,0.0,0.0,0.0,0.0,0.0,161.10739996656775,1.0744843830454502,1.0744843830454502,122,False,0.11277587956395072,1.038704236532979,0.1,5,3.0,4.0,0.1,2,0.0,2,-0.5936301313047004,524288.0,5242880.0,2,,1074.4843830454502,0.15625,3.5370381474494934,913.3769830788825,10,2
2,1.0,0.0,0.0,0.0,100000000.0,0.0,0.0,0.0,0.0,0.0,161.18100000312552,0.32844078251458353,0.32844078251458353,122,False,0.12065261009561556,1.1112516057479493,0.1,5,3.0,4.0,0.1,2,0.0,2,-0.22454669630509955,524288.0,5242880.0,3,,328.44078251458353,0.159375,3.5076308250427246,167.259782511458,10,2
7,1.0,0.0,0.0,0.0,100000000.0,0.0,0.0,0.0,0.0,0.0,160.3334999526851,0.30389113615858476,0.30389113615858476,123,False,0.1383919273477493,1.2746367556065703,0.1,5,3.0,4.0,0.1,2,0.0,2,-0.22114153175316703,524288.0,5242880.0,1,,303.89113615858474,0.209375,3.2788844406604767,143.55763620589966,10,2
2,1.0,0.0,0.0,0.0,20000000.0,0.0,0.0,0.0,0.0,0.0,161.8567000841722,1.1625950797062816,1.1625950797062816,123,False,0.11277587956395072,1.038704236532979,0.1,5,3.0,4.0,0.1,2,0.0,2,-0.6376854796351161,524288.0,5242880.0,2,,1162.5950797062817,0.18125,3.4551775753498077,1004.3782797476725,10,2
2,1.0,0.0,0.0,0.0,100000000.0,0.0,0.0,0.0,0.0,0.0,160.77910008607432,0.3453053428096705,0.3453053428096705,123,False,0.12065261009561556,1.1112516057479493,0.1,5,3.0,4.0,0.1,2,0.0,2,-0.23297897645264304,524288.0,5242880.0,3,,345.3053428096705,0.1640625,3.4324125051498413,186.5958428246909,10,2
7,1.0,0.0,0.0,0.0,100000000.0,0.0,0.0,0.0,0.0,0.0,161.12299996893853,0.2908382204887887,0.2908382204887887,124,False,0.1383919273477493,1.2746367556065703,0.1,5,3.0,4.0,0.1,2,0.0,2,-0.214615073918269,524288.0,5242880.0,1,,290.8382204887887,0.1921875,3.2597419023513794,133.2666204953996,10,2
2,1.0,0.0,0.0,0.0,20000000.0,0.0,0.0,0.0,0.0,0.0,160.52969999145716,1.798427719623837,1.798427719623837,124,False,0.11277587956395072,1.038704236532979,0.1,5,3.0,4.0,0.1,2,0.0,2,-0.9556017995938938,524288.0,5242880.0,2,,1798.427719623837,0.184375,3.497389078140259,1640.0723195993894,10,2
2,1.0,0.0,0.0,0.0,100000000.0,0.0,0.0,0.0,0.0,0.0,160.58930003782734,0.3324618185801353,0.3324618185801353,124,False,0.12065261009561556,1.1112516057479493,0.1,5,3.0,4.0,0.1,2,0.0,2,-0.22655721433787543,524288.0,5242880.0,3,,332.4618185801353,0.1609375,3.5308765172958374,174.3747186195958,10,2
7,1.0,0.0,0.0,0.0,100000000.0,0.0,0.0,0.0,0.0,0.0,160.9415999846533,0.3212750703590953,0.3212750703590953,125,False,0.1383919273477493,1.2746367556065703,0.1,5,3.0,4.0,0.1,2,0.0,2,-0.2298334988534223,524288.0,5242880.0,1,,321.2750703590953,0.196875,3.190745025873184,162.63847034713564,10,2
2,1.0,0.0,0.0,0.0,20000000.0,0.0,0.0,0.0,0.0,0.0,160.8293999452144,1.3337641342822202,1.3337641342822202,125,False,0.11277587956395072,1.038704236532979,0.1,5,3.0,4.0,0.1,2,0.0,2,-0.7232700069230854,524288.0,5242880.0,2,,1333.76413428222,0.1671875,3.5700222551822662,1172.9347343370057,10,2
2,1.0,0.0,0.0,0.0,100000000.0,0.0,0.0,0.0,0.0,0.0,161.2127999542281,0.3352711003692544,0.3352711003692544,125,False,0.12065261009561556,1.1112516057479493,0.1,5,3.0,4.0,0.1,2,0.0,2,-0.22796185523243498,524288.0,5242880.0,3,,335.2711003692544,0.184375,3.356377124786377,177.23680034509886,10,2
7,1.0,0.0,0.0,0.0,100000000.0,0.0,0.0,0.0,0.0,0.0,163.29240007326007,0.3231108499662378,0.3231108499662378,126,False,0.1383919273477493,1.2746367556065703,0.1,5,3.0,4.0,0.1,2,0.0,2,-0.23075138865699354,524288.0,5242880.0,1,,323.11084996623777,0.18125,3.2365609407424927,159.81844989297772,10,2
2,1.0,0.0,0.0,0.0,20000000.0,0.0,0.0,0.0,0.0,0.0,160.88099987246096,1.4331341398341517,1.4331341398341517,126,False,0.11277587956395072,1.038704236532979,0.1,5,3.0,4.0,0.1,2,0.0,2,-0.7729550096990512,524288.0,5242880.0,2,,1433.1341398341517,0.2125,3.45033198595047,1275.0510398458625,10,2
2,1.0,0.0,0.0,0.0,100000000.0,0.0,0.0,0.0,0.0,0.0,161.14700003527105,0.5900923246934131,0.5900923246934131,126,False,0.12065261009561556,1.1112516057479493,0.1,5,3.0,4.0,0.1,2,0.0,2,-0.35537246739451434,524288.0,5242880.0,3,,590.0923246934132,0.1796875,3.362388700246811,428.9453246581421,10,2
7,1.0,0.0,0.0,0.0,100000000.0,0.0,0.0,0.0,0.0,0.0,162.38420008448884,0.3148187416259407,0.3148187416259407,127,False,0.1383919273477493,1.2746367556065703,0.1,5,3.0,4.0,0.1,2,0.0,2,-0.226605334486845,524288.0,5242880.0,1,,314.8187416259407,0.1421875,3.3743976354599,152.4345415414519,10,2
2,1.0,0.0,0.0,0.0,20000000.0,0.0,0.0,0.0,0.0,0.0,161.39610001118854,1.0674285612779997,1.0674285612779997,127,False,0.11277587956395072,1.038704236532979,0.1,5,3.0,4.0,0.1,2,0.0,2,-0.5901022204209752,524288.0,5242880.0,2,,1067.4285612779997,0.1671875,3.5200024843215942,906.0324612668111,10,2
2,1.0,0.0,0.0,0.0,100000000.0,0.0,0.0,0.0,0.0,0.0,161.70039999997243,0.3825595432761052,0.3825595432761052,127,False,0.12065261009561556,1.1112516057479493,0.1,5,3.0,4.0,0.1,2,0.0,2,-0.2516060766858604,524288.0,5242880.0,3,,382.5595432761052,0.1546875,3.4668730199337006,223.23714328081547,10,2
7,1.0,0.0,0.0,0.0,100000000.0,0.0,0.0,0.0,0.0,0.0,162.5663999002427,0.330445474739283,0.330445474739283,128,False,0.1383919273477493,1.2746367556065703,0.1,5,3.0,4.0,0.1,2,0.0,2,-0.23441870104351614,524288.0,5242880.0,1,,330.445474739283,0.1875,3.297869026660919,167.87907483904027,10,2
2,1.0,0.0,0.0,0.0,20000000.0,0.0,0.0,0.0,0.0,0.0,160.58000008342788,0.9818320587595509,0.9818320587595509,128,False,0.11277587956395072,1.038704236532979,0.1,5,3.0,4.0,0.1,2,0.0,2,-0.5473039691617508,524288.0,5242880.0,2,,981.8320587595509,0.16875,3.511067897081375,821.252058676123,10,2
2,1.0,0.0,0.0,0.0,100000000.0,0.0,0.0,0.0,0.0,0.0,161.12289996817708,0.30918806735941506,0.30918806735941506,128,False,0.12065261009561556,1.1112516057479493,0.1,5,3.0,4.0,0.1,2,0.0,2,-0.21492033872751531,524288.0,5242880.0,3,,309.1880673594151,0.1609375,3.4400463104248047,151.17976730040576,10,2
7,1.0,0.0,0.0,0.0,100000000.0,0.0,0.0,0.0,0.0,0.0,160.86750000249594,0.31177414397600606,0.31177414397600606,129,False,0.1383919273477493,1.2746367556065703,0.1,5,3.0,4.0,0.1,2,0.0,2,-0.22508303566187768,524288.0,5242880.0,1,,311.77414397600603,0.1984375,3.314308762550354,152.62894393302068,10,2
2,1.0,0.0,0.0,0.0,20000000.0,0.0,0.0,0.0,0.0,0.0,160.65229993546382,1.0226618170359234,1.0226618170359234,129,False,0.11277587956395072,1.038704236532979,0.1,5,3.0,4.0,0.1,2,0.0,2,-0.567718848299937,524288.0,5242880.0,2,,1022.6618170359234,0.1640625,3.527172416448593,862.0095171004596,10,2
2,1.0,0.0,0.0,0.0,100000000.0,0.0,0.0,0.0,0.0,0.0,161.19780001463369,0.3151031528757179,0.3151031528757179,129,False,0.12065261009561556,1.1112516057479493,0.1,5,3.0,4.0,0.1,2,0.0,2,-0.21787788148566672,524288.0,5242880.0,3,,315.1031528757179,0.1578125,3.464786410331726,153.9053528610842,10,2
7,1.0,0.0,0.0,0.0,100000000.0,0.0,0.0,0.0,0.0,0.0,161.32429998833686,0.3399750227395312,0.3399750227395312,130,False,0.1383919273477493,1.2746367556065703,0.1,5,3.0,4.0,0.1,2,0.0,2,-0.23918347504364024,524288.0,5242880.0,1,0.13671875,339.9750227395312,0.1671875,3.380679339170456,178.65072275119434,10,2
2,1.0,0.0,0.0,0.0,20000000.0,0.0,0.0,0.0,0.0,0.0,160.6546000111848,0.7900208075906632,0.7900208075906632,130,False,0.11277587956395072,1.038704236532979,0.1,5,3.0,4.0,0.1,2,0.0,2,-0.45139834357730696,524288.0,5242880.0,2,0.13671875,790.0208075906631,0.1640625,3.516838848590851,631.4024076008719,10,2
2,1.0,0.0,0.0,0.0,100000000.0,0.0,0.0,0.0,0.0,0.0,161.59720008727163,0.43207629266086467,0.43207629266086467,130,False,0.12065261009561556,1.1112516057479493,0.1,5,3.0,4.0,0.1,2,0.0,2,-0.2763644513782401,524288.0,5242880.0,3,0.13671875,432.0762926608647,0.1765625,3.462212920188904,270.47909257359305,10,2
7,1.0,0.0,0.0,0.0,100000000.0,0.0,0.0,0.0,0.0,0.0,160.19810002762824,0.4106758737737527,0.4106758737737527,131,False,0.1383919273477493,1.2746367556065703,0.1,5,3.0,4.0,0.1,2,0.0,2,-0.274533900560751,524288.0,5242880.0,1,,410.6758737737527,0.1390625,3.455253005027771,252.1692738203546,10,2
2,1.0,0.0,0.0,0.0,20000000.0,0.0,0.0,0.0,0.0,0.0,161.27149999374524,1.0766191611471685,1.0766191611471685,131,False,0.11277587956395072,1.038704236532979,0.1,5,3.0,4.0,0.1,2,0.0,2,-0.5946975203555596,524288.0,5242880.0,2,,1076.6191611471686,0.165625,3.514863073825836,918.7377612395312,10,2
2,1.0,0.0,0.0,0.0,100000000.0,0.0,0.0,0.0,0.0,0.0,161.44250001525506,0.31222406739152153,0.31222406739152153,131,False,0.12065261009561556,1.1112516057479493,0.1,5,3.0,4.0,0.1,2,0.0,2,-0.21643833874356855,524288.0,5242880.0,3,,312.22406739152154,0.15625,3.5590789914131165,151.45625972562954,10,2
7,1.0,0.0,0.0,0.0,100000000.0,0.0,0.0,0.0,0.0,0.0,160.9756999532692,0.39001028780859254,0.39001028780859254,132,False,0.1383919273477493,1.2746367556065703,0.1,5,3.0,4.0,0.1,2,0.0,2,-0.26420110757817095,524288.0,5242880.0,1,,390.0102878085925,0.175,3.323848307132721,231.6136878196738,10,2
2,1.0,0.0,0.0,0.0,20000000.0,0.0,0.0,0.0,0.0,0.0,161.8397998972796,0.9977940563648718,0.9977940563648718,132,False,0.11277587956395072,1.038704236532979,0.1,5,3.0,4.0,0.1,2,0.0,2,-0.5552849679644113,524288.0,5242880.0,2,,997.7940563648718,0.171875,3.544299900531769,839.5110563678446,10,2
2,1.0,0.0,0.0,0.0,100000000.0,0.0,0.0,0.0,0.0,0.0,160.83020000951365,0.3799782447906386,0.3799782447906386,132,False,0.12065261009561556,1.1112516057479493,0.1,5,3.0,4.0,0.1,2,0.0,2,-0.25031542744312707,524288.0,5242880.0,3,,379.9782447906386,0.175,3.405373454093933,221.5545448281977,10,2
7,1.0,0.0,0.0,0.0,100000000.0,0.0,0.0,0.0,0.0,0.0,161.20669996598735,0.35753598825492483,0.35753598825492483,133,False,0.1383919273477493,1.2746367556065703,0.1,5,3.0,4.0,0.1,2,0.0,2,-0.24796395780133706,524288.0,5242880.0,1,,357.5359882549248,0.175,3.3027526140213013,196.32928828893745,10,2
2,1.0,0.0,0.0,0.0,20000000.0,0.0,0.0,0.0,0.0,0.0,161.80460003670305,1.5091351331405303,1.5091351331405303,133,False,0.11277587956395072,1.038704236532979,0.1,5,3.0,4.0,0.1,2,0.0,2,-0.8109555063522405,524288.0,5242880.0,2,,1509.1351331405303,0.1875,3.5619203448295593,1351.1590331520847,10,2
2,1.0,0.0,0.0,0.0,100000000.0,0.0,0.0,0.0,0.0,0.0,160.33280006377026,0.3664363307641899,0.3664363307641899,133,False,0.12065261009561556,1.1112516057479493,0.1,5,3.0,4.0,0.1,2,0.0,2,-0.24354447042990274,524288.0,5242880.0,3,,366.4363307641899,0.1890625,3.387988865375519,206.10353070041964,10,2
7,1.0,0.0,0.0,0.0,100000000.0,0.0,0.0,0.0,0.0,0.0,160.00030003488064,0.43056742113217855,0.43056742113217855,134,False,0.1383919273477493,1.2746367556065703,0.1,5,3.0,4.0,0.1,2,0.0,2,-0.2844796742399639,524288.0,5242880.0,1,,430.56742113217854,0.178125,3.3971877098083496,270.5671210972979,10,2
2,1.0,0.0,0.0,0.0,20000000.0,0.0,0.0,0.0,0.0,0.0,161.0105000436306,0.8593145786249378,0.8593145786249378,134,False,0.11277587956395072,1.038704236532979,0.1,5,3.0,4.0,0.1,2,0.0,2,-0.48604522909444425,524288.0,5242880.0,2,,859.3145786249378,0.1640625,3.547153890132904,698.3040785813072,10,2
2,1.0,0.0,0.0,0.0,100000000.0,0.0,0.0,0.0,0.0,0.0,160.98059999058023,0.3564834880421981,0.3564834880421981,134,False,0.12065261009561556,1.1112516057479493,0.1,5,3.0,4.0,0.1,2,0.0,2,-0.23856804906890683,524288.0,5242880.0,3,,356.4834880421981,0.1796875,3.359286069869995,195.5028880516179,10,2
7,1.0,0.0,0.0,0.0,100000000.0,0.0,0.0,0.0,0.0,0.0,161.46600001957268,0.2966600331334205,0.2966600331334205,135,False,0.1383919273477493,1.2746367556065703,0.1,5,3.0,4.0,0.1,2,0.0,2,-0.2175259802405849,524288.0,5242880.0,1,,296.6600331334205,0.178125,3.3831049501895905,135.1940331138478,10,2
2,1.0,0.0,0.0,0.0,20000000.0,0.0,0.0,0.0,0.0,0.0,161.4506999612786,1.1913526832474348,1.1913526832474348,135,False,0.11277587956395072,1.038704236532979,0.1,5,3.0,4.0,0.1,2,0.0,2,-0.6520642814056927,524288.0,5242880.0,2,,1191.352683247435,0.1796875,3.512300819158554,1029.9019832861563,10,2
2,1.0,0.0,0.0,0.0,100000000.0,0.0,0.0,0.0,0.0,0.0,161.34990006685257,0.35110278138964207,0.35110278138964207,135,False,0.12065261009561556,1.1112516057479493,0.1,5,3.0,4.0,0.1,2,0.0,2,-0.23587769574262882,524288.0,5242880.0,3,,351.1027813896421,0.1515625,3.4452227354049683,192.92308136428477,10,2
7,1.0,0.0,0.0,0.0,100000000.0,0.0,0.0,0.0,0.0,0.0,161.22220002580434,0.3448522233980861,0.3448522233980861,136,False,0.1383919273477493,1.2746367556065703,0.1,5,3.0,4.0,0.1,2,0.0,2,-0.2416220753729177,524288.0,5242880.0,1,,344.8522233980861,0.1890625,3.2855652272701263,186.58952332280245,10,2
2,1.0,0.0,0.0,0.0,20000000.0,0.0,0.0,0.0,0.0,0.0,160.8917999546975,2.287296003727572,2.287296003727572,136,False,0.11277587956395072,1.038704236532979,0.1,5,3.0,4.0,0.1,2,0.0,2,-1.2000359416457613,524288.0,5242880.0,2,,2287.296003727572,0.1765625,3.315611034631729,2129.091703747729,10,2
2,1.0,0.0,0.0,0.0,100000000.0,0.0,0.0,0.0,0.0,0.0,160.40479991352186,0.4828410708414775,0.4828410708414775,136,False,0.12065261009561556,1.1112516057479493,0.1,5,3.0,4.0,0.1,2,0.0,2,-0.3017468404685465,524288.0,5242880.0,3,,482.84107084147746,0.1703125,3.5265177190303802,322.4362709279556,10,2
7,1.0,0.0,0.0,0.0,100000000.0,0.0,0.0,0.0,0.0,0.0,161.364900006447,0.32900648807218974,0.32900648807218974,137,False,0.1383919273477493,1.2746367556065703,0.1,5,3.0,4.0,0.1,2,0.0,2,-0.23369920770996952,524288.0,5242880.0,1,,329.00648807218977,0.2,3.247699558734894,167.64158806574275,10,2
2,1.0,0.0,0.0,0.0,20000000.0,0.0,0.0,0.0,0.0,0.0,161.01789998356253,1.0313773661943868,1.0313773661943868,137,False,0.11277587956395072,1.038704236532979,0.1,5,3.0,4.0,0.1,2,0.0,2,-0.5720766228791687,524288.0,5242880.0,2,,1031.3773661943867,0.1703125,3.450370490550995,873.394266269055,10,2
2,1.0,0.0,0.0,0.0,100000000.0,0.0,0.0,0.0,0.0,0.0,161.66379995411262,0.37133288111240026,0.37133288111240026,137,False,0.12065261009561556,1.1112516057479493,0.1,5,3.0,4.0,0.1,2,0.0,2,-0.2459927456040079,524288.0,5242880.0,3,,371.3328811124003,0.1578125,3.557235985994339,213.00508106528204,10,2
7,1.0,0.0,0.0,0.0,100000000.0,0.0,0.0,0.0,0.0,0.0,160.20110005047172,0.5508629174272863,0.5508629174272863,138,False,0.1383919273477493,1.2746367556065703,0.1,5,3.0,4.0,0.1,2,0.0,2,-0.3446274223875178,524288.0,5242880.0,1,,550.8629174272863,0.196875,3.2093107402324677,392.40221741593984,10,2
2,1.0,0.0,0.0,0.0,20000000.0,0.0,0.0,0.0,0.0,0.0,160.67790001397952,0.9841426951630361,0.9841426951630361,138,False,0.11277587956395072,1.038704236532979,0.1,5,3.0,4.0,0.1,2,0.0,2,-0.5484592873634934,524288.0,5242880.0,2,,984.1426951630361,0.16875,3.4415172338485718,825.8039952075429,10,2
2,1.0,0.0,0.0,0.0,100000000.0,0.0,0.0,0.0,0.0,0.0,161.14289994584396,0.31588213929079867,0.31588213929079867,138,False,0.12065261009561556,1.1112516057479493,0.1,5,3.0,4.0,0.1,2,0.0,2,-0.21826737469320712,524288.0,5242880.0,3,,315.88213929079865,0.153125,3.5578480064868927,155.24970287959582,10,2
7,1.0,0.0,0.0,0.0,100000000.0,0.0,0.0,0.0,0.0,0.0,160.98670003702864,0.3440388186119965,0.3440388186119965,139,False,0.1383919273477493,1.2746367556065703,0.1,5,3.0,4.0,0.1,2,0.0,2,-0.2412153729798729,524288.0,5242880.0,1,,344.0388186119965,0.1828125,3.30079784989357,183.0521185749678,10,2
2,1.0,0.0,0.0,0.0,20000000.0,0.0,0.0,0.0,0.0,0.0,161.04710003128275,0.816688026272392,0.816688026272392,139,False,0.11277587956395072,1.038704236532979,0.1,5,3.0,4.0,0.1,2,0.0,2,-0.4647319529181714,524288.0,5242880.0,2,,816.688026272392,0.1671875,3.427779793739319,655.6409262411092,10,2
2,1.0,0.0,0.0,0.0,100000000.0,0.0,0.0,0.0,0.0,0.0,160.65789991989732,0.4491477770163595,0.4491477770163595,139,False,0.12065261009561556,1.1112516057479493,0.1,5,3.0,4.0,0.1,2,0.0,2,-0.2849001935559875,524288.0,5242880.0,3,,449.1477770163595,0.1578125,3.450331300497055,288.4898770964622,10,2
7,1.0,0.0,0.0,0.0,100000000.0,0.0,0.0,0.0,0.0,0.0,161.22680000262335,0.3295227200890065,0.3295227200890065,140,False,0.1383919273477493,1.2746367556065703,0.1,5,3.0,4.0,0.1,2,0.0,2,-0.2339573237183779,524288.0,5242880.0,1,0.153125,329.5227200890065,0.1875,3.3340974748134613,168.29592008638315,10,2
2,1.0,0.0,0.0,0.0,20000000.0,0.0,0.0,0.0,0.0,0.0,161.8538000038825,0.8324838354249317,0.8324838354249317,140,False,0.11277587956395072,1.038704236532979,0.1,5,3.0,4.0,0.1,2,0.0,2,-0.4726298574944412,524288.0,5242880.0,2,0.153125,832.4838354249316,0.18125,3.3815889060497284,670.6300354210491,10,2
2,1.0,0.0,0.0,0.0,100000000.0,0.0,0.0,0.0,0.0,0.0,161.08059993712232,0.35492794068433875,0.35492794068433875,140,False,0.12065261009561556,1.1112516057479493,0.1,5,3.0,4.0,0.1,2,0.0,2,-0.23779027538997716,524288.0,5242880.0,3,0.153125,354.92794068433875,0.184375,3.4078651666641235,193.84734074721646,10,2
7,1.0,0.0,0.0,0.0,100000000.0,0.0,0.0,0.0,0.0,0.0,161.16939997300506,0.37598313115792653,0.37598313115792653,141,False,0.1383919273477493,1.2746367556065703,0.1,5,3.0,4.0,0.1,2,0.0,2,-0.25718752925283794,524288.0,5242880.0,1,,375.98313115792655,0.171875,3.422685444355011,217.8173310637877,10,2
2,1.0,0.0,0.0,0.0,20000000.0,0.0,0.0,0.0,0.0,0.0,161.69870004523546,1.013739058694622,1.013739058694622,141,False,0.11277587956395072,1.038704236532979,0.1,5,3.0,4.0,0.1,2,0.0,2,-0.5632574691292863,524288.0,5242880.0,2,,1013.739058694622,0.1796875,3.4775196611881256,852.0403586493866,10,2
2,1.0,0.0,0.0,0.0,100000000.0,0.0,0.0,0.0,0.0,0.0,161.2943999352865,0.4556985485511465,0.4556985485511465,141,False,0.12065261009561556,1.1112516057479493,0.1,5,3.0,4.0,0.1,2,0.0,2,-0.288175579323381,524288.0,5242880.0,3,,455.6985485511465,0.1703125,3.470807820558548,294.40414861586,10,2
7,1.0,0.0,0.0,0.0,100000000.0,0.0,0.0,0.0,0.0,0.0,161.24610003316775,0.3980063840707233,0.3980063840707233,142,False,0.1383919273477493,1.2746367556065703,0.1,5,3.0,4.0,0.1,2,0.0,2,-0.2681991557092363,524288.0,5242880.0,1,,398.0063840707233,0.203125,3.280172437429428,239.90968403708465,10,2
2,1.0,0.0,0.0,0.0,20000000.0,0.0,0.0,0.0,0.0,0.0,160.539600008633,1.0636335173480256,1.0636335173480256,142,False,0.11277587956395072,1.038704236532979,0.1,5,3.0,4.0,0.1,2,0.0,2,-0.5882046984559881,524288.0,5242880.0,2,,1063.6335173480256,0.175,3.3728714287281036,905.4587173599793,10,2
2,1.0,0.0,0.0,0.0,100000000.0,0.0,0.0,0.0,0.0,0.0,161.4245999371633,0.48497607582786034,0.48497607582786034,142,False,0.12065261009561556,1.1112516057479493,0.1,5,3.0,4.0,0.1,2,0.0,2,-0.3028143429617379,524288.0,5242880.0,3,,484.97607582786037,0.1796875,3.3875880539417267,323.5514758906971,10,2
7,1.0,0.0,0.0,0.0,100000000.0,0.0,0.0,0.0,0.0,0.0,161.3194000092335,0.3346850128731272,0.3346850128731272,143,False,0.1383919273477493,1.2746367556065703,0.1,5,3.0,4.0,0.1,2,0.0,2,-0.23653847011043824,524288.0,5242880.0,1,,334.68501287312716,0.1671875,3.3717952370643616,173.3656128638937,10,2
2,1.0,0.0,0.0,0.0,20000000.0,0.0,0.0,0.0,0.0,0.0,160.98199994303286,2.0285904275772895,2.0285904275772895,143,False,0.11277587956395072,1.038704236532979,0.1,5,3.0,4.0,0.1,2,0.0,2,-1.07068315357062,524288.0,5242880.0,2,,2028.5904275772896,0.1796875,3.358653962612152,1870.5973275758126,10,2
2,1.0,0.0,0.0,0.0,100000000.0,0.0,0.0,0.0,0.0,0.0,161.51040000841022,0.7587274975686248,0.7587274975686248,143,False,0.12065261009561556,1.1112516057479493,0.1,5,3.0,4.0,0.1,2,0.0,2,-0.4396900538321202,524288.0,5242880.0,3,,758.7274975686248,0.175,3.3441652059555054,597.2170975602146,10,2
7,1.0,0.0,0.0,0.0,100000000.0,0.0,0.0,0.0,0.0,0.0,166.33200005162507,0.35314355997456504,0.35314355997456504,144,False,0.1383919273477493,1.2746367556065703,0.1,5,3.0,4.0,0.1,2,0.0,2,-0.24576774366115717,524288.0,5242880.0,1,,353.14355997456505,0.2,3.3108236491680145,191.53047320036933,10,2
2,1.0,0.0,0.0,0.0,20000000.0,0.0,0.0,0.0,0.0,0.0,161.64620005292818,0.8845836976897422,0.8845836976897422,144,False,0.11277587956395072,1.038704236532979,0.1,5,3.0,4.0,0.1,2,0.0,2,-0.4986797886268465,524288.0,5242880.0,2,,884.5836976897422,0.1703125,3.4692883491516113,722.937497636814,10,2
2,1.0,0.0,0.0,0.0,100000000.0,0.0,0.0,0.0,0.0,0.0,161.4805000135675,0.28228851545382716,0.28228851545382716,144,False,0.12065261009561556,1.1112516057479493,0.1,5,3.0,4.0,0.1,2,0.0,2,-0.20147056277472136,524288.0,5242880.0,3,,282.2885154538272,0.165625,3.388938695192337,123.66311546894218,10,2
7,1.0,0.0,0.0,0.0,100000000.0,0.0,0.0,0.0,0.0,0.0,160.6197999790311,0.44532876470203386,0.44532876470203386,145,False,0.1383919273477493,1.2746367556065703,0.1,5,3.0,4.0,0.1,2,0.0,2,-0.2918603460248916,524288.0,5242880.0,1,,445.3287647020339,0.1890625,3.2985378801822662,286.76526466461706,10,2
2,1.0,0.0,0.0,0.0,20000000.0,0.0,0.0,0.0,0.0,0.0,160.85639997618273,0.9858510860357955,0.9858510860357955,145,False,0.11277587956395072,1.038704236532979,0.1,5,3.0,4.0,0.1,2,0.0,2,-0.5493134827998731,524288.0,5242880.0,2,,985.8510860357956,0.184375,3.381683796644211,827.6409860117883,10,2
2,1.0,0.0,0.0,0.0,100000000.0,0.0,0.0,0.0,0.0,0.0,160.303000069689,0.2924429021397134,0.2924429021397134,145,False,0.12065261009561556,1.1112516057479493,0.1,5,3.0,4.0,0.1,2,0.0,2,-0.2065477561176645,524288.0,5242880.0,3,,292.4429021397134,0.1640625,3.417133718729019,134.1383022110438,10,2
7,1.0,0.0,0.0,0.0,100000000.0,0.0,0.0,0.0,0.0,0.0,161.64690000005066,0.3771520541465299,0.3771520541465299,146,False,0.1383919273477493,1.2746367556065703,0.1,5,3.0,4.0,0.1,2,0.0,2,-0.25777199074713963,524288.0,5242880.0,1,,377.1520541465299,0.1859375,3.3127088844776154,218.99185409503224,10,2
2,1.0,0.0,0.0,0.0,20000000.0,0.0,0.0,0.0,0.0,0.0,161.51230002287775,1.045317590381791,1.045317590381791,146,False,0.11277587956395072,1.038704236532979,0.1,5,3.0,4.0,0.1,2,0.0,2,-0.5790467349728708,524288.0,5242880.0,2,,1045.317590381791,0.184375,3.4118015468120575,887.3375903636489,10,2
2,1.0,0.0,0.0,0.0,100000000.0,0.0,0.0,0.0,0.0,0.0,160.72479996364564,0.4058299628435248,0.4058299628435248,146,False,0.12065261009561556,1.1112516057479493,0.1,5,3.0,4.0,0.1,2,0.0,2,-0.2632412864695702,524288.0,5242880.0,3,,405.8299628435248,0.184375,3.3348483741283417,247.58206276452032,10,2
7,1.0,0.0,0.0,0.0,100000000.0,0.0,0.0,0.0,0.0,0.0,160.7228000066243,0.4536883260313208,0.4536883260313208,147,False,0.1383919273477493,1.2746367556065703,0.1,5,3.0,4.0,0.1,2,0.0,2,-0.29604012668953505,524288.0,5242880.0,1,,453.6883260313208,0.159375,3.4236991107463837,292.9655260246965,10,2
2,1.0,0.0,0.0,0.0,20000000.0,0.0,0.0,0.0,0.0,0.0,161.49999998742715,1.0522839131874748,1.0522839131874748,147,False,0.11277587956395072,1.038704236532979,0.1,5,3.0,4.0,0.1,2,0.0,2,-0.5825298963757127,524288.0,5242880.0,2,,1052.2839131874748,0.19375,3.346810460090637,890.7839132000477,10,2
2,1.0,0.0,0.0,0.0,100000000.0,0.0,0.0,0.0,0.0,0.0,161.10439994372427,0.3951598379547213,0.3951598379547213,147,False,0.12065261009561556,1.1112516057479493,0.1,5,3.0,4.0,0.1,2,0.0,2,-0.25790622402516844,524288.0,5242880.0,3,,395.1598379547213,0.171875,3.3978035748004913,237.26243798345968,10,2
7,1.0,0.0,0.0,0.0,100000000.0,0.0,0.0,0.0,0.0,0.0,160.6548999552615,0.4661129705384973,0.4661129705384973,148,False,0.1383919273477493,1.2746367556065703,0.1,5,3.0,4.0,0.1,2,0.0,2,-0.3022524489431233,524288.0,5242880.0,1,,466.11297053849734,0.19375,3.290307253599167,305.45807058323584,10,2
2,1.0,0.0,0.0,0.0,20000000.0,0.0,0.0,0.0,0.0,0.0,161.03069996461272,0.8590383354016293,0.8590383354016293,148,False,0.11277587956395072,1.038704236532979,0.1,5,3.0,4.0,0.1,2,0.0,2,-0.48590710748279003,524288.0,5242880.0,2,,859.0383354016293,0.196875,3.331421345472336,700.6619353919003,10,2
2,1.0,0.0,0.0,0.0,100000000.0,0.0,0.0,0.0,0.0,0.0,167.71910001989454,0.311171538862771,0.311171538862771,148,False,0.12065261009561556,1.1112516057479493,0.1,5,3.0,4.0,0.1,2,0.0,2,-0.21591207447919328,524288.0,5242880.0,3,,311.171538862771,0.2046875,3.2466031312942505,153.0252389171148,10,2
7,1.0,0.0,0.0,0.0,100000000.0,0.0,0.0,0.0,0.0,0.0,160.7221998856403,0.3286368537012923,0.3286368537012923,149,False,0.1383919273477493,1.2746367556065703,0.1,5,3.0,4.0,0.1,2,0.0,2,-0.2335143905245208,524288.0,5242880.0,1,,328.6368537012923,0.178125,3.2934367954730988,167.914653815652,10,2
2,1.0,0.0,0.0,0.0,20000000.0,0.0,0.0,0.0,0.0,0.0,160.61110008740798,0.9758049459175665,0.9758049459175665,149,False,0.11277587956395072,1.038704236532979,0.1,5,3.0,4.0,0.1,2,0.0,2,-0.5442904127407586,524288.0,5242880.0,2,,975.8049459175666,0.18125,3.355270564556122,817.3681458553758,10,2
2,1.0,0.0,0.0,0.0,100000000.0,0.0,0.0,0.0,0.0,0.0,161.46589996060356,0.34580805565472283,0.34580805565472283,149,False,0.12065261009561556,1.1112516057479493,0.1,5,3.0,4.0,0.1,2,0.0,2,-0.2332303328751692,524288.0,5242880.0,3,,345.8080556547228,0.1703125,3.3780377209186554,184.3421556941193,10,2
7,1.0,0.0,0.0,0.0,100000000.0,0.0,0.0,0.0,0.0,0.0,161.1776000354439,0.3187060322101767,0.3187060322101767,150,False,0.1383919273477493,1.2746367556065703,0.1,5,3.0,4.0,0.1,2,0.0,2,-0.228548979778963,524288.0,5242880.0,1,0.1625,318.70603221017666,0.221875,3.2125702798366547,157.5284321747328,10,2
2,1.0,0.0,0.0,0.0,20000000.0,0.0,0.0,0.0,0.0,0.0,161.2131000147201,1.266800090173219,1.266800090173219,150,False,0.11277587956395072,1.038704236532979,0.1,5,3.0,4.0,0.1,2,0.0,2,-0.6897879848685848,524288.0,5242880.0,2,0.1625,1266.8000901732191,0.21875,3.244561731815338,1105.586990158499,10,2
2,1.0,0.0,0.0,0.0,100000000.0,0.0,0.0,0.0,0.0,0.0,162.35799994319677,0.37165030006313715,0.37165030006313715,150,False,0.12065261009561556,1.1112516057479493,0.1,5,3.0,4.0,0.1,2,0.0,2,-0.24615145507937636,524288.0,5242880.0,3,0.1625,371.65030006313714,0.2078125,3.296493351459503,209.2923001199404,10,2
