actual_bandwidth_tx_delay_ms,available_migs,bandwidth_allocation_sum,bandwidth_alpha_max,bandwidth_alpha_mean,bandwidth_alpha_min,bandwidth_context_score_std,bandwidth_cv,bandwidth_floor_hit_rate,bandwidth_gini,bandwidth_hz,bandwidth_latent_mean,bandwidth_physical_score_std,bandwidth_unused,bandwidth_violation,baseline_exploration_epsilon,channel_bandwidth_spearman,channel_permutation_delta_spearman,cluster_load_cv,cluster_size_std,cluster_size_violation,compute_delay_ms,cpsl_proxy_delay,delay,delay_normalized,epoch,equal_bandwidth_improvement,equal_bandwidth_tx_delay_ms,feature_compression_mean,is_warmup,kl_normalized,kl_sum,max_bandwidth_share,max_cluster_size,mean_l1,mean_l2,min_bandwidth_share,nonempty_cluster_count,oracle_bandwidth_tx_delay_ms,oracle_gap_closure,oracle_opportunity,pcsfl_clustering_factor,pcsfl_learning_reward,pcsfl_waiting_factor,penalty,physical_cluster_count,required_airtime_bandwidth_spearman,reward,smashed_data_bytes_per_client_mean,smashed_data_bytes_total,station_id,test_accuracy,top_worker_count,total_delay_ms,train_accuracy,train_loss,tx_delay_ms,vehicle_count,virtual_cluster_count
34.69889092488513,2,1.0,0.0,0.0,0.0,0.0,0.0,0.0,0.0,100000000.0,0.0,0.0,0.0,0.0,,0.0,0.0,0.0,0.0,0.0,45.002473052591085,,0.07970136397747622,0.07970136397747622,1,0.0,34.69889092488513,0.8129573680754447,True,0.14437013017452865,1.3296980384539183,0.1,5,3.0,4.0,0.1,2,25.282268382666302,0.0,0.27138108138970735,,,,0.0,2,0.0,-0.11203574707600245,120470.25,1204702.5,1,,2,79.70136397747622,0.0125,4.725720405578613,34.698890924885134,10,2
36.98898457904666,2,1.0,0.0,0.0,0.0,0.0,0.0,0.0,0.0,100000000.0,0.0,0.0,0.0,0.0,,0.0,0.0,0.0,0.0,0.0,44.154416769742966,,0.08114340134878963,0.08114340134878963,1,0.0,36.98898457904666,0.8382392564597498,True,0.11077272985008847,1.0202545458522811,0.1,5,3.0,4.0,0.1,2,28.49438420095961,0.0,0.2296521646852406,,,,0.0,2,0.0,-0.09595806559943905,125796.275,1257962.75,2,,2,81.14340134878962,0.0,4.877765655517578,36.98898457904666,10,2
36.572852338263466,2,1.0,0.0,0.0,0.0,0.0,0.0,0.0,0.0,100000000.0,0.0,0.0,0.0,0.0,,0.0,0.0,0.0,0.0,0.0,44.10852584987879,,0.08068137818814225,0.08068137818814225,1,0.0,36.572852338263466,0.7267152821194298,True,0.1303574334495295,1.2006363320874,0.1,5,3.0,4.0,0.1,2,25.665820160233373,0.0,0.29822755078413377,,,,0.0,2,0.0,-0.10551940581883587,106077.775,1060777.75,3,,2,80.68137818814225,0.0125,4.7889275550842285,36.572852338263466,10,2
34.380918586446775,2,1.0,0.0,0.0,0.0,0.0,0.0,0.0,0.0,100000000.0,0.0,0.0,0.0,0.0,,0.0,0.0,0.0,0.0,0.0,43.08852972462773,,0.07746944831107451,0.07746944831107451,2,0.0,34.380918586446775,0.799119150076706,True,0.14437013017452865,1.3296980384539183,0.1,5,3.0,4.0,0.1,2,28.553645182244505,0.0,0.16949149830160226,,,,0.0,2,0.0,-0.11091978924280158,116709.75,1167097.5,1,,2,77.46944831107452,0.00625,4.694202184677124,34.380918586446775,10,2
37.362675904952255,2,1.0,0.0,0.0,0.0,0.0,0.0,0.0,0.0,100000000.0,0.0,0.0,0.0,0.0,,0.0,0.0,0.0,0.0,0.0,43.518649879843,,0.08088132578479526,0.08088132578479526,2,0.0,37.362675904952255,0.799957547189927,True,0.11077272985008847,1.0202545458522811,0.1,5,3.0,4.0,0.1,2,28.705149120002446,0.0,0.2317159190357213,,,,0.0,2,0.0,-0.09582702781744187,118156.125,1181561.25,2,,2,80.88132578479527,0.0375,4.7161033153533936,37.362675904952255,10,2
38.90137166090969,2,1.0,0.0,0.0,0.0,0.0,0.0,0.0,0.0,100000000.0,0.0,0.0,0.0,0.0,,0.0,0.0,0.0,0.0,0.0,43.09186479076743,,0.08199323645167712,0.08199323645167712,2,0.0,38.90137166090969,0.8432004077645132,True,0.1303574334495295,1.2006363320874,0.1,5,3.0,4.0,0.1,2,28.859050718521022,0.0,0.25814824808554926,,,,0.0,2,0.0,-0.1061753349506033,124216.0,1242160.0,3,,2,81.99323645167712,0.03125,4.532880783081055,38.90137166090969,10,2
40.31319855497329,2,1.0,0.0,0.0,0.0,0.0,0.0,0.0,0.0,100000000.0,0.0,0.0,0.0,0.0,,0.0,0.0,0.0,0.0,0.0,42.88749676197767,,0.08305070767895428,0.08305070767895428,3,0.0,40.31319855497329,0.8430859053711695,True,0.14437013017452865,1.3296980384539183,0.1,5,3.0,4.0,0.1,2,27.245069818606858,0.0,0.3241650180286741,,,,0.0,2,0.0,-0.11371041892674147,121718.7,1217187.0,1,,2,83.05070767895428,0.0125,4.582974195480347,40.31319855497328,10,2
35.49611870551904,2,1.0,0.0,0.0,0.0,0.0,0.0,0.0,0.0,100000000.0,0.0,0.0,0.0,0.0,,0.0,0.0,0.0,0.0,0.0,42.963973712176085,,0.07846009241769512,0.07846009241769512,3,0.0,35.49611870551904,0.8317767199800915,True,0.11077272985008847,1.0202545458522811,0.1,5,3.0,4.0,0.1,2,27.7831833904939,0.0,0.21728954027376263,,,,0.0,2,0.0,-0.0946164111338918,121502.5,1215025.0,2,,2,78.46009241769512,0.0375,4.629523754119873,35.49611870551904,10,2
34.166514246810046,2,1.0,0.0,0.0,0.0,0.0,0.0,0.0,0.0,100000000.0,0.0,0.0,0.0,0.0,,0.0,0.0,0.0,0.0,0.0,43.1841341778636,,0.07735064842467365,0.07735064842467365,3,0.0,34.166514246810046,0.9002117480000391,True,0.1303574334495295,1.2006363320874,0.1,5,3.0,4.0,0.1,2,26.240190198895355,0.0,0.23199100706197245,,,,0.0,2,0.0,-0.10385404093710157,125566.075,1255660.75,3,,2,77.35064842467365,0.01875,4.604223012924194,34.166514246810046,10,2
32.989670357061485,2,1.0,0.0,0.0,0.0,0.0,0.0,0.0,0.0,100000000.0,0.0,0.0,0.0,0.0,,0.0,0.0,0.0,0.0,0.0,43.28051581978798,,0.07627018617684947,0.07627018617684947,4,0.0,32.989670357061485,0.8375625074303817,True,0.14437013017452865,1.3296980384539183,0.1,5,3.0,4.0,0.1,2,27.57429308158216,0.0,0.16415372499531986,,,,0.0,2,0.0,-0.11032015817568906,124705.1,1247051.0,1,,2,76.27018617684946,0.025,4.471288442611694,32.98967035706149,10,2
29.443978901234278,2,1.0,0.0,0.0,0.0,0.0,0.0,0.0,0.0,100000000.0,0.0,0.0,0.0,0.0,,0.0,0.0,0.0,0.0,0.0,42.767096776515245,,0.07221107567774952,0.07221107567774952,4,0.0,29.443978901234278,0.8260326506727071,True,0.11077272985008847,1.0202545458522811,0.1,5,3.0,4.0,0.1,2,24.80276378750046,0.0,0.15762866592528568,,,,0.0,2,0.0,-0.091491902763919,117383.325,1173833.25,2,,2,72.21107567774952,0.025,4.563300132751465,29.443978901234278,10,2
33.008626438545086,2,1.0,0.0,0.0,0.0,0.0,0.0,0.0,0.0,100000000.0,0.0,0.0,0.0,0.0,,0.0,0.0,0.0,0.0,0.0,43.275846634060144,,0.07628447307260522,0.07628447307260522,4,0.0,33.008626438545086,0.8414132657832945,True,0.1303574334495295,1.2006363320874,0.1,5,3.0,4.0,0.1,2,26.618823134114997,0.0,0.19357980000550828,,,,0.0,2,0.0,-0.10332095326106736,131072.0,1310720.0,3,,2,76.28447307260522,0.0625,4.528147220611572,33.00862643854508,10,2
29.03881447168503,2,1.0,0.0,0.0,0.0,0.0,0.0,0.0,0.0,100000000.0,0.0,0.0,0.0,0.0,,0.0,0.0,0.0,0.0,0.0,43.95878501236439,,0.07299759948404941,0.07299759948404941,5,0.0,29.03881447168503,0.8525379491691403,True,0.14437013017452865,1.3296980384539183,0.1,5,3.0,4.0,0.1,2,26.3798113737712,0.0,0.09156720569658766,,,,0.0,2,0.0,-0.10868386482928903,131072.0,1310720.0,1,,2,72.9975994840494,0.0125,4.53127908706665,29.03881447168503,10,2
32.50878845032424,2,1.0,0.0,0.0,0.0,0.0,0.0,0.0,0.0,100000000.0,0.0,0.0,0.0,0.0,,0.0,0.0,0.0,0.0,0.0,42.89419809356332,,0.07540298654388755,0.07540298654388755,5,0.0,32.50878845032424,0.821229307736602,True,0.11077272985008847,1.0202545458522811,0.1,5,3.0,4.0,0.1,2,27.981735538212988,0.0,0.13925627892989345,,,,0.0,2,0.0,-0.093087858196988,131072.0,1310720.0,2,,2,75.40298654388755,0.04375,4.5015952587127686,32.50878845032424,10,2
34.283849701391546,2,1.0,0.0,0.0,0.0,0.0,0.0,0.0,0.0,100000000.0,0.0,0.0,0.0,0.0,,0.0,0.0,0.0,0.0,0.0,43.11112128198147,,0.07739497098337303,0.07739497098337303,5,0.0,34.283849701391546,0.804394770545707,True,0.1303574334495295,1.2006363320874,0.1,5,3.0,4.0,0.1,2,27.75410739842874,0.0,0.19046117515495262,,,,0.0,2,0.0,-0.10387620221645126,124353.0,1243530.0,3,,2,77.39497098337303,0.025,4.512196063995361,34.28384970139155,10,2
37.543505463383724,2,1.0,0.0,0.0,0.0,0.0,0.0,0.0,0.0,100000000.0,0.0,0.0,0.0,0.0,,0.0,0.0,0.0,0.0,0.0,43.16780483350158,,0.08006230046563559,0.08006230046563559,6,0.0,37.543505463383724,0.9059908866892808,False,0.14437013017452865,1.3296980384539183,0.1,5,3.0,4.0,0.1,2,28.435208359331764,0.0,0.24260646393116667,,,,0.0,2,0.0,-0.11221621532008212,131072.0,1310720.0,1,,2,80.06230046563559,0.03125,4.422340393066406,37.543505463383724,10,2
34.198703627596046,2,1.0,0.0,0.0,0.0,0.0,0.0,0.0,0.0,100000000.0,0.0,0.0,0.0,0.0,,0.0,0.0,0.0,0.0,0.0,43.33366500213742,,0.07736801957781658,0.07736801957781658,6,0.0,34.198703627596046,0.8685492961653655,False,0.11077272985008847,1.0202545458522811,0.1,5,3.0,4.0,0.1,2,28.87168906335808,0.0,0.1557665642021421,,,,0.0,2,0.0,-0.09407037471395252,131072.0,1310720.0,2,,2,77.36801957781658,0.05625,4.455504417419434,34.198703627596046,10,2
33.690623643370145,2,1.0,0.0,0.0,0.0,0.0,0.0,0.0,0.0,100000000.0,0.0,0.0,0.0,0.0,,0.0,0.0,0.0,0.0,0.0,42.84436907619238,,0.07649930024755167,0.07649930024755167,6,0.0,33.690623643370145,0.635137807630035,False,0.1303574334495295,1.2006363320874,0.1,5,3.0,4.0,0.1,2,23.82728276713409,0.0,0.2927621934412314,,,,0.0,2,0.0,-0.10342836684854058,91613.225,916132.25,3,,2,76.49930024755166,0.0375,4.492289781570435,33.690623643370145,10,2
34.689251754639,2,1.0,0.0,0.0,0.0,0.0,0.0,0.0,0.0,100000000.0,0.0,0.0,0.0,0.0,,0.0,0.0,0.0,0.0,0.0,42.75425896048546,,0.07744351071512447,0.07744351071512447,7,0.0,34.689251754639,0.8248048639705509,False,0.14437013017452865,1.3296980384539183,0.1,5,3.0,4.0,0.1,2,28.00942848089201,0.0,0.19256175719770888,,,,0.0,2,0.0,-0.11090682044482655,119610.7,1196107.0,1,,2,77.44351071512446,0.03125,4.384438514709473,34.68925175463901,10,2
32.440986073939236,2,1.0,0.0,0.0,0.0,0.0,0.0,0.0,0.0,100000000.0,0.0,0.0,0.0,0.0,,0.0,0.0,0.0,0.0,0.0,43.97377511486411,,0.0752875977748913,0.0752875977748913,7,0.0,32.440986073939236,0.884202072460452,False,0.11077272985008847,1.0202545458522811,0.1,5,3.0,4.0,0.1,2,26.482879362110136,0.0,0.18365985233153603,,,,0.0,2,0.0,-0.09303016381248988,124805.9,1248059.0,2,,2,75.2875977748913,0.01875,4.5233659744262695,32.44098607393924,10,2
36.03403151702951,2,1.0,0.0,0.0,0.0,0.0,0.0,0.0,0.0,100000000.0,0.0,0.0,0.0,0.0,,0.0,0.0,0.0,0.0,0.0,42.84192156046629,,0.0788759530774958,0.0788759530774958,7,0.0,36.03403151702951,0.8601385660138383,False,0.1303574334495295,1.2006363320874,0.1,5,3.0,4.0,0.1,2,30.53075328131433,0.0,0.15272446640100087,,,,0.0,2,0.0,-0.10461669326351264,131072.0,1310720.0,3,,2,78.8759530774958,0.0375,4.489840507507324,36.03403151702951,10,2
36.59420529484535,2,1.0,0.0,0.0,0.0,0.0,0.0,0.0,0.0,100000000.0,0.0,0.0,0.0,0.0,,0.0,0.0,0.0,0.0,0.0,43.27284498140216,,0.07986705027624752,0.07986705027624752,8,0.0,36.59420529484535,0.829887288015511,False,0.14437013017452865,1.3296980384539183,0.1,5,3.0,4.0,0.1,2,28.220945764534935,0.0,0.2288138098052883,,,,0.0,2,0.0,-0.11211859022538809,126280.4,1262804.0,1,,2,79.86705027624753,0.03125,4.40780782699585,36.59420529484535,10,2
33.070973129758976,2,1.0,0.0,0.0,0.0,0.0,0.0,0.0,0.0,100000000.0,0.0,0.0,0.0,0.0,,0.0,0.0,0.0,0.0,0.0,42.77924681082368,,0.07579547400567904,0.07579547400567904,8,0.0,33.070973129758976,0.7394048897594774,False,0.11077272985008847,1.0202545458522811,0.1,5,3.0,4.0,0.1,2,26.009391524169455,0.0,0.21352808633366602,,,,0.0,2,0.0,-0.09328410192788375,106990.725,1069907.25,2,,2,75.79547400567904,0.025,4.473792552947998,33.070973129758976,10,2
37.09333596977484,2,1.0,0.0,0.0,0.0,0.0,0.0,0.0,0.0,100000000.0,0.0,0.0,0.0,0.0,,0.0,0.0,0.0,0.0,0.0,43.25724486261606,,0.07874547990265382,0.07874547990265382,8,0.0,37.09333596977484,0.8386889977179719,False,0.1303574334495295,1.2006363320874,0.1,5,3.0,4.0,0.1,2,28.096817249439027,0.0,0.2425373314405192,,,,0.0,2,0.0,-0.10455145667609166,125930.725,1259307.25,3,,2,78.74547990265383,0.05,4.4002461433410645,37.09333596977484,10,2
29.359759403435824,2,1.0,0.0,0.0,0.0,0.0,0.0,0.0,0.0,100000000.0,0.0,0.0,0.0,0.0,,0.0,0.0,0.0,0.0,0.0,43.62892033532262,,0.07298867973875844,0.07298867973875844,9,0.0,29.359759403435824,0.8600547269169189,False,0.14437013017452865,1.3296980384539183,0.1,5,3.0,4.0,0.1,2,24.185357896411617,0.0,0.17624127759094213,,,,0.0,2,0.0,-0.10867940495664355,124880.175,1248801.75,1,,2,72.98867973875845,0.01875,4.421366453170776,29.35975940343582,10,2
36.14708721234837,2,1.0,0.0,0.0,0.0,0.0,0.0,0.0,0.0,100000000.0,0.0,0.0,0.0,0.0,,0.0,0.0,0.0,0.0,0.0,44.38703414052725,,0.08053412135287562,0.08053412135287562,9,0.0,36.14708721234837,0.6808444313142876,False,0.11077272985008847,1.0202545458522811,0.1,5,3.0,4.0,0.1,2,26.903369427741122,0.0,0.25572510809251203,,,,0.0,2,0.0,-0.09565342560148204,103595.475,1035954.75,2,,2,80.53412135287562,0.01875,4.512322187423706,36.14708721234837,10,2
36.97046154152084,2,1.0,0.0,0.0,0.0,0.0,0.0,0.0,0.0,100000000.0,0.0,0.0,0.0,0.0,,0.0,0.0,0.0,0.0,0.0,44.04112882912159,,0.07996117445613671,0.07996117445613671,9,0.0,36.97046154152084,0.8195752156608671,False,0.1303574334495295,1.2006363320874,0.1,5,3.0,4.0,0.1,2,29.836686248756884,0.0,0.19295878372392358,,,,0.0,2,0.0,-0.1051593039528331,125341.975,1253419.75,3,,2,79.9611744561367,0.0375,4.434603691101074,36.97046154152085,10,2
34.56834412249616,2,1.0,0.0,0.0,0.0,0.0,0.0,0.0,0.0,100000000.0,0.0,0.0,0.0,0.0,,0.0,0.0,0.0,0.0,0.0,42.93471900746226,,0.07750306312995842,0.07750306312995842,10,0.0,34.56834412249616,0.8062986279501876,False,0.14437013017452865,1.3296980384539183,0.1,5,3.0,4.0,0.1,2,26.87583839125914,0.0,0.22253035042632957,,,,0.0,2,0.0,-0.11093659665224354,115767.975,1157679.75,1,0.009375,2,77.50306312995842,0.025,4.419363021850586,34.56834412249616,10,2
37.02261470134606,2,1.0,0.0,0.0,0.0,0.0,0.0,0.0,0.0,100000000.0,0.0,0.0,0.0,0.0,,0.0,0.0,0.0,0.0,0.0,42.78844688087702,,0.07981106158222309,0.07981106158222309,10,0.0,37.02261470134606,0.7618657382331253,False,0.11077272985008847,1.0202545458522811,0.1,5,3.0,4.0,0.1,2,28.625415581812554,0.0,0.226812697786799,,,,0.0,2,0.0,-0.09529189571615579,113882.925,1138829.25,2,0.009375,2,79.81106158222309,0.0375,4.3838114738464355,37.022614701346065,10,2
36.95413713386869,2,1.0,0.0,0.0,0.0,0.0,0.0,0.0,0.0,100000000.0,0.0,0.0,0.0,0.0,,0.0,0.0,0.0,0.0,0.0,42.85890283063054,,0.07981303996449923,0.07981303996449923,10,0.0,36.95413713386869,0.7738113666636115,False,0.1303574334495295,1.2006363320874,0.1,5,3.0,4.0,0.1,2,29.535831877962583,0.0,0.20074356570775365,,,,0.0,2,0.0,-0.10508523670701436,114143.025,1141430.25,3,0.009375,2,79.81303996449924,0.05,4.3893468379974365,36.9541371338687,10,2
29.460705092440335,2,1.0,0.0,0.0,0.0,0.0,0.0,0.0,0.0,100000000.0,0.0,0.0,0.0,0.0,,0.0,0.0,0.0,0.0,0.0,44.015795923769474,,0.07308440117378065,0.07308440117378065,11,0.0,29.460705092440335,0.7795561866780656,False,0.14437013017452865,1.3296980384539183,0.1,5,3.0,4.0,0.1,2,24.2963675485922,0.0,0.17529578900585485,,,,0.0,2,0.0,-0.10872726567415465,108377.475,1083774.75,1,,2,73.08440117378065,0.00625,4.630334377288818,29.460705092440335,10,2
33.49614185089,2,1.0,0.0,0.0,0.0,0.0,0.0,0.0,0.0,100000000.0,0.0,0.0,0.0,0.0,,0.0,0.0,0.0,0.0,0.0,42.917630169540644,,0.0762835000156773,0.0762835000156773,11,0.0,33.49614185089,0.8516877354503588,False,0.11077272985008847,1.0202545458522811,0.1,5,3.0,4.0,0.1,2,26.800082071199434,0.0,0.19990540431487477,,,,0.0,2,0.0,-0.09352811493288288,125584.05,1255840.5,2,,2,76.28350001567729,0.0,4.690768003463745,33.49614185089,10,2
36.78012535589319,2,1.0,0.0,0.0,0.0,0.0,0.0,0.0,0.0,100000000.0,0.0,0.0,0.0,0.0,,0.0,0.0,0.0,0.0,0.0,43.132882099598646,,0.07958043728637082,0.07958043728637082,11,0.0,36.78012535589319,0.8035802868994331,False,0.1303574334495295,1.2006363320874,0.1,5,3.0,4.0,0.1,2,30.508915048115288,0.0,0.1705054087525856,,,,0.0,2,0.0,-0.10496893536795016,122958.175,1229581.75,3,,2,79.58043728637082,0.0125,4.6162004470825195,36.78012535589319,10,2
25.35861828424637,2,1.0,0.0,0.0,0.0,0.0,0.0,0.0,0.0,100000000.0,0.0,0.0,0.0,0.0,,0.0,0.0,0.0,0.0,0.0,42.92493686079979,,0.06828355514504617,0.06828355514504617,12,0.0,25.35861828424637,0.8313733122136467,False,0.14437013017452865,1.3296980384539183,0.1,5,3.0,4.0,0.1,2,23.134049869719945,0.0,0.08772435428425532,,,,0.0,2,0.0,-0.10632684265978741,118213.65,1182136.5,1,,2,68.28355514504617,0.01875,4.561855792999268,25.35861828424637,10,2
30.12767511425834,2,1.0,0.0,0.0,0.0,0.0,0.0,0.0,0.0,100000000.0,0.0,0.0,0.0,0.0,,0.0,0.0,0.0,0.0,0.0,43.12310786917806,,0.07303008421330076,0.07303008421330076,12,0.0,30.12767511425834,0.7900010240972493,False,0.11077272985008847,1.0202545458522811,0.1,5,3.0,4.0,0.1,2,26.067091053431813,0.0,0.1347792036865401,,,,0.0,2,0.0,-0.09190140703169461,118524.625,1185246.25,2,,2,73.03008421330077,0.01875,4.552016019821167,30.127675114258338,10,2
35.34209984309737,2,1.0,0.0,0.0,0.0,0.0,0.0,0.0,0.0,100000000.0,0.0,0.0,0.0,0.0,,0.0,0.0,0.0,0.0,0.0,43.42334484681487,,0.07808510097630089,0.07808510097630089,12,0.0,35.34209984309737,0.7724103302015509,False,0.1303574334495295,1.2006363320874,0.1,5,3.0,4.0,0.1,2,28.817796783408088,0.0,0.18460428465354864,,,,0.0,2,0.0,-0.10422126721291519,116071.05,1160710.5,3,,2,78.0851009763009,0.06875,4.5329673290252686,35.34209984309738,10,2
35.991661697837145,2,1.0,0.0,0.0,0.0,0.0,0.0,0.0,0.0,100000000.0,0.0,0.0,0.0,0.0,,0.0,0.0,0.0,0.0,0.0,43.52990072220564,,0.0795215624200428,0.0795215624200428,13,0.0,35.991661697837145,0.781811826129789,False,0.14437013017452865,1.3296980384539183,0.1,5,3.0,4.0,0.1,2,27.382366209924268,0.0,0.2392025008511968,,,,0.0,2,0.0,-0.11194584629728573,121135.4,1211354.0,1,,2,79.5215624200428,0.03125,4.471482515335083,35.99166169783715,10,2
32.60461363706252,2,1.0,0.0,0.0,0.0,0.0,0.0,0.0,0.0,100000000.0,0.0,0.0,0.0,0.0,,0.0,0.0,0.0,0.0,0.0,43.24763501062989,,0.07585224864769241,0.07585224864769241,13,0.0,32.60461363706252,0.8530436874542477,False,0.11077272985008847,1.0202545458522811,0.1,5,3.0,4.0,0.1,2,28.747347327026755,0.0,0.11830430972048406,,,,0.0,2,0.0,-0.09331248924889043,121753.75,1217537.5,2,,2,75.8522486476924,0.025,4.525933027267456,32.60461363706252,10,2
34.98017214460028,2,1.0,0.0,0.0,0.0,0.0,0.0,0.0,0.0,100000000.0,0.0,0.0,0.0,0.0,,0.0,0.0,0.0,0.0,0.0,43.19817665964365,,0.07771684726921571,0.07771684726921571,13,0.0,34.98017214460028,0.8010207855560111,False,0.1303574334495295,1.2006363320874,0.1,5,3.0,4.0,0.1,2,27.54948371895726,0.0,0.21242572491999762,,,,0.0,2,0.0,-0.1040371403593726,125612.575,1256125.75,3,,2,77.7168472692157,0.025,4.512048244476318,34.98017214460028,10,2
33.867570581960734,2,1.0,0.0,0.0,0.0,0.0,0.0,0.0,0.0,100000000.0,0.0,0.0,0.0,0.0,,0.0,0.0,0.0,0.0,0.0,42.69461473450065,,0.07656218531646139,0.07656218531646139,14,0.0,33.867570581960734,0.7964512417160944,False,0.14437013017452865,1.3296980384539183,0.1,5,3.0,4.0,0.1,2,29.072299285158905,0.0,0.14158887733612605,,,,0.0,2,0.0,-0.11046615774549502,112445.15,1124451.5,1,,2,76.5621853164614,0.00625,4.4541015625,33.867570581960734,10,2
41.05399437596823,2,1.0,0.0,0.0,0.0,0.0,0.0,0.0,0.0,100000000.0,0.0,0.0,0.0,0.0,,0.0,0.0,0.0,0.0,0.0,43.17527171224356,,0.0842292660882118,0.0842292660882118,14,0.0,41.05399437596823,0.8503326798804551,False,0.11077272985008847,1.0202545458522811,0.1,5,3.0,4.0,0.1,2,29.518306499961074,0.0,0.2809881974057024,,,,0.0,2,0.0,-0.09750099796915013,126142.375,1261423.75,2,,2,84.2292660882118,0.025,4.550455331802368,41.05399437596824,10,2
35.55559282194098,2,1.0,0.0,0.0,0.0,0.0,0.0,0.0,0.0,100000000.0,0.0,0.0,0.0,0.0,,0.0,0.0,0.0,0.0,0.0,43.015053030103445,,0.07857064585204443,0.07857064585204443,14,0.0,35.55559282194098,0.8615678788107269,False,0.1303574334495295,1.2006363320874,0.1,5,3.0,4.0,0.1,2,30.008654214935202,0.0,0.15600748480792648,,,,0.0,2,0.0,-0.10446403965078696,119905.85,1199058.5,3,,2,78.57064585204444,0.0375,4.50538969039917,35.555592821940984,10,2
40.96283427651892,2,1.0,0.0,0.0,0.0,0.0,0.0,0.0,0.0,100000000.0,0.0,0.0,0.0,0.0,,0.0,0.0,0.0,0.0,0.0,43.28882088884711,,0.08425165516536604,0.08425165516536604,15,0.0,40.96283427651892,0.7931924845178872,False,0.14437013017452865,1.3296980384539183,0.1,5,3.0,4.0,0.1,2,28.294802002309233,0.0,0.3092567323026124,,,,0.0,2,0.0,-0.11431089266994734,124694.85,1246948.5,1,,2,84.25165516536603,0.04375,4.4781577587127686,40.96283427651892,10,2
37.36842477305034,2,1.0,0.0,0.0,0.0,0.0,0.0,0.0,0.0,100000000.0,0.0,0.0,0.0,0.0,,0.0,0.0,0.0,0.0,0.0,42.91784204542637,,0.08023507387919525,0.08023507387919525,15,0.0,37.36842477305034,0.824015065193205,False,0.11077272985008847,1.0202545458522811,0.1,5,3.0,4.0,0.1,2,26.457226017054047,0.0,0.29198979679403886,,,,0.0,2,0.0,-0.09550390186464186,124745.725,1247457.25,2,,2,80.23507387919526,0.05,4.481004953384399,37.36842477305034,10,2
35.11799337769516,2,1.0,0.0,0.0,0.0,0.0,0.0,0.0,0.0,100000000.0,0.0,0.0,0.0,0.0,,0.0,0.0,0.0,0.0,0.0,43.84362418204546,,0.0780817524200178,0.0780817524200178,15,0.0,35.11799337769516,0.8831132780349513,False,0.1303574334495295,1.2006363320874,0.1,5,3.0,4.0,0.1,2,27.79154744209327,0.0,0.20862370628087215,,,,0.0,2,0.0,-0.10421959293477365,131072.0,1310720.0,3,,2,78.0817524200178,0.0375,4.450464725494385,35.117993377695164,10,2
37.031241028899004,2,1.0,0.0,0.0,0.0,0.0,0.0,0.0,0.0,100000000.0,0.0,0.0,0.0,0.0,,0.0,0.0,0.0,0.0,0.0,43.20213617756963,,0.07982519109486942,0.07982519109486942,16,0.0,37.031241028899004,0.9045545495336365,False,0.14437013017452865,1.3296980384539183,0.1,5,3.0,4.0,0.1,2,29.90567258517596,0.0,0.19242046028547302,,,,0.0,2,0.0,-0.11209766063469903,126419.4,1264194.0,1,,2,79.82519109486942,0.04375,4.40990686416626,37.031241028899004,10,2
33.71482613200113,2,1.0,0.0,0.0,0.0,0.0,0.0,0.0,0.0,100000000.0,0.0,0.0,0.0,0.0,,0.0,0.0,0.0,0.0,0.0,42.879167944192886,,0.07651582211890981,0.07651582211890981,16,0.0,33.71482613200113,0.8115647562567206,False,0.11077272985008847,1.0202545458522811,0.1,5,3.0,4.0,0.1,2,27.51757231387816,0.0,0.18381390412216056,,,,0.0,2,0.0,-0.09364427598449915,124990.6,1249906.0,2,,2,76.51582211890981,0.025,4.492808818817139,33.714826132001136,10,2
40.975210116490565,2,1.0,0.0,0.0,0.0,0.0,0.0,0.0,0.0,100000000.0,0.0,0.0,0.0,0.0,,0.0,0.0,0.0,0.0,0.0,43.00581198185682,,0.08376098410157844,0.08376098410157844,16,0.0,40.975210116490565,0.7682217747323811,False,0.1303574334495295,1.2006363320874,0.1,5,3.0,4.0,0.1,2,30.57175821510444,0.0,0.25389624291881874,,,,0.0,2,0.0,-0.10705920877555397,118837.5,1188375.0,3,,2,83.76098410157843,0.025,4.402954578399658,40.975210116490565,10,2
31.609821578123537,2,1.0,0.0,0.0,0.0,0.0,0.0,0.0,0.0,100000000.0,0.0,0.0,0.0,0.0,,0.0,0.0,0.0,0.0,0.0,42.64480480924249,,0.07418019089625116,0.07418019089625116,17,0.0,31.609821578123537,0.8484077734995565,False,0.14437013017452865,1.3296980384539183,0.1,5,3.0,4.0,0.1,2,25.621566205898546,0.0,0.18944287165383217,,,,0.0,2,0.0,-0.10927516053538991,120068.625,1200686.25,1,,2,74.18019089625116,0.0125,4.380033016204834,31.609821578123537,10,2
36.090457948189396,2,1.0,0.0,0.0,0.0,0.0,0.0,0.0,0.0,100000000.0,0.0,0.0,0.0,0.0,,0.0,0.0,0.0,0.0,0.0,42.82486019656062,,0.07879661782298625,0.07879661782298625,17,0.0,36.090457948189396,0.8100074007404817,False,0.11077272985008847,1.0202545458522811,0.1,5,3.0,4.0,0.1,2,29.45890994404755,0.0,0.1837479594651289,,,,0.0,2,0.0,-0.09478467383653735,131072.0,1310720.0,2,,2,78.79661782298625,0.025,4.483458518981934,36.09045794818939,10,2
33.14045643351527,2,1.0,0.0,0.0,0.0,0.0,0.0,0.0,0.0,100000000.0,0.0,0.0,0.0,0.0,,0.0,0.0,0.0,0.0,0.0,42.91527299210429,,0.07587516460485311,0.07587516460485311,17,0.0,33.14045643351527,0.771679004149729,False,0.1303574334495295,1.2006363320874,0.1,5,3.0,4.0,0.1,2,26.195173656582096,0.0,0.20957112618127194,,,,0.0,2,0.0,-0.1031162990271913,111995.05,1119950.5,3,,2,75.87516460485311,0.01875,4.428656816482544,33.14045643351527,10,2
34.20328565350655,2,1.0,0.0,0.0,0.0,0.0,0.0,0.0,0.0,100000000.0,0.0,0.0,0.0,0.0,,0.0,0.0,0.0,0.0,0.0,42.8383550606668,,0.07704164071417335,0.07704164071417335,18,0.0,34.20328565350655,0.7500597865114222,False,0.14437013017452865,1.3296980384539183,0.1,5,3.0,4.0,0.1,2,25.836791607646294,0.0,0.24461082863840342,,,,0.0,2,0.0,-0.110705885444351,113477.275,1134772.75,1,,2,77.04164071417335,0.0375,4.345997333526611,34.20328565350655,10,2
30.896423472694888,2,1.0,0.0,0.0,0.0,0.0,0.0,0.0,0.0,100000000.0,0.0,0.0,0.0,0.0,,0.0,0.0,0.0,0.0,0.0,43.02329197525978,,0.07372191557162239,0.07372191557162239,18,0.0,30.896423472694888,0.8087430585376987,False,0.11077272985008847,1.0202545458522811,0.1,5,3.0,4.0,0.1,2,25.026366326463176,0.0,0.18999147753847465,,,,0.0,2,0.0,-0.09224732271085542,118972.65,1189726.5,2,,2,73.72191557162239,0.01875,4.433367729187012,30.896423472694888,10,2
35.18233023383634,2,1.0,0.0,0.0,0.0,0.0,0.0,0.0,0.0,100000000.0,0.0,0.0,0.0,0.0,,0.0,0.0,0.0,0.0,0.0,42.710782028734684,,0.07789311226257102,0.07789311226257102,18,0.0,35.18233023383634,0.7442209569665642,False,0.1303574334495295,1.2006363320874,0.1,5,3.0,4.0,0.1,2,29.176312006968722,0.0,0.1707112117630962,,,,0.0,2,0.0,-0.10412527285605025,117086.85,1170868.5,3,,2,77.89311226257102,0.01875,4.294474840164185,35.18233023383634,10,2
33.665540313963895,2,1.0,0.0,0.0,0.0,0.0,0.0,0.0,0.0,100000000.0,0.0,0.0,0.0,0.0,,0.0,0.0,0.0,0.0,0.0,43.09771163389087,,0.07639409896234156,0.07639409896234156,19,0.0,33.665540313963895,0.7971372345166468,False,0.14437013017452865,1.3296980384539183,0.1,5,3.0,4.0,0.1,2,27.834798439049628,0.0,0.17319614717414106,,,,0.0,2,0.0,-0.11038211456843511,113690.4,1136904.0,1,,2,76.39409896234156,0.01875,4.4205169677734375,33.6655403139639,10,2
29.690397800219433,2,1.0,0.0,0.0,0.0,0.0,0.0,0.0,0.0,100000000.0,0.0,0.0,0.0,0.0,,0.0,0.0,0.0,0.0,0.0,43.33175718784332,,0.07302215498806275,0.07302215498806275,19,0.0,29.690397800219433,0.8007750325758731,False,0.11077272985008847,1.0202545458522811,0.1,5,3.0,4.0,0.1,2,26.814632041894235,0.0,0.09685844486408136,,,,0.0,2,0.0,-0.0918974424190756,119131.65,1191316.5,2,,2,73.02215498806275,0.0375,4.392810821533203,29.690397800219433,10,2
33.57916734354336,2,1.0,0.0,0.0,0.0,0.0,0.0,0.0,0.0,100000000.0,0.0,0.0,0.0,0.0,,0.0,0.0,0.0,0.0,0.0,42.898990213871,,0.076323003407435,0.076323003407435,19,0.0,33.57916734354336,0.8741871057596902,False,0.1303574334495295,1.2006363320874,0.1,5,3.0,4.0,0.1,2,27.727033599106615,0.0,0.17427870335688947,,,,0.0,2,0.0,-0.10334021842848225,124510.3,1245103.0,3,,2,76.323003407435,0.03125,4.36685037612915,33.57916734354336,10,2
29.57389533947832,2,1.0,0.0,0.0,0.0,0.0,0.0,0.0,0.0,100000000.0,0.0,0.0,0.0,0.0,,0.0,0.0,0.0,0.0,0.0,43.46061171963811,,0.07303450705911643,0.07303450705911643,20,0.0,29.57389533947832,0.6717821824696941,False,0.14437013017452865,1.3296980384539183,0.1,5,3.0,4.0,0.1,2,23.829202382235234,0.0,0.19424877552651884,,,,0.0,2,0.0,-0.10870231861682254,94403.3,944033.0,1,0.0078125,2,73.03450705911644,0.0125,4.469210386276245,29.57389533947832,10,2
29.812476434854588,2,1.0,0.0,0.0,0.0,0.0,0.0,0.0,0.0,100000000.0,0.0,0.0,0.0,0.0,,0.0,0.0,0.0,0.0,0.0,43.34017913788557,,0.07261559769987853,0.07261559769987853,20,0.0,29.812476434854588,0.8690521206429223,False,0.11077272985008847,1.0202545458522811,0.1,5,3.0,4.0,0.1,2,24.9181421452939,0.0,0.1641706719753944,,,,0.0,2,0.0,-0.0916941637749835,125370.9,1253709.0,2,0.0078125,2,72.61559769987853,0.03125,4.434293508529663,29.812476434854585,10,2
37.260648948456186,2,1.0,0.0,0.0,0.0,0.0,0.0,0.0,0.0,100000000.0,0.0,0.0,0.0,0.0,,0.0,0.0,0.0,0.0,0.0,43.193936347961426,,0.08045458529641761,0.08045458529641761,20,0.0,37.260648948456186,0.8526870001702604,False,0.1303574334495295,1.2006363320874,0.1,5,3.0,4.0,0.1,2,28.80880854122285,0.0,0.22683019876881458,,,,0.0,2,0.0,-0.10540600937297355,125392.9,1253929.0,3,0.0078125,2,80.4545852964176,0.025,4.375473737716675,37.260648948456186,10,2
34.60232400800374,2,1.0,0.0,0.0,0.0,0.0,0.0,0.0,0.0,100000000.0,0.0,0.0,0.0,0.0,,0.0,0.0,0.0,0.0,0.0,43.785154819488525,,0.0775659652380207,0.0775659652380207,21,0.0,34.60232400800374,0.7125850993479104,False,0.14437013017452865,1.3296980384539183,0.1,5,3.0,4.0,0.1,2,27.16358516461702,0.0,0.2149780125076596,,,,0.0,2,0.0,-0.11096804770627468,106393.325,1063933.25,1,,2,77.5659652380207,0.01875,4.60488486289978,34.60232400800375,10,2
39.70739819189086,2,1.0,0.0,0.0,0.0,0.0,0.0,0.0,0.0,100000000.0,0.0,0.0,0.0,0.0,,0.0,0.0,0.0,0.0,0.0,43.19433867931366,,0.08246560735707656,0.08246560735707656,21,0.0,39.70739819189086,0.8526733202768353,False,0.11077272985008847,1.0202545458522811,0.1,5,3.0,4.0,0.1,2,28.018664542439872,0.0,0.29437168340679876,,,,0.0,2,0.0,-0.09661916860358252,122373.2,1223732.0,2,,2,82.46560735707656,0.00625,4.6004743576049805,39.70739819189086,10,2
34.21359071119582,2,1.0,0.0,0.0,0.0,0.0,0.0,0.0,0.0,100000000.0,0.0,0.0,0.0,0.0,,0.0,0.0,0.0,0.0,0.0,43.17378764972091,,0.0771001878155664,0.0771001878155664,21,0.0,34.21359071119582,0.7632658948917755,False,0.1303574334495295,1.2006363320874,0.1,5,3.0,4.0,0.1,2,26.465201269758946,0.0,0.22647109760687426,,,,0.0,2,0.0,-0.10372881063254795,109950.45,1099504.5,3,,2,77.1001878155664,0.00625,4.631911516189575,34.21359071119582,10,2
33.370009027080044,2,1.0,0.0,0.0,0.0,0.0,0.0,0.0,0.0,100000000.0,0.0,0.0,0.0,0.0,,0.0,0.0,0.0,0.0,0.0,43.07602718472481,,0.07632751703228186,0.07632751703228186,22,0.0,33.370009027080044,0.8369737650538811,False,0.14437013017452865,1.3296980384539183,0.1,5,3.0,4.0,0.1,2,27.73918062731704,0.0,0.16873919318372194,,,,0.0,2,0.0,-0.11034882360340525,125295.45,1252954.5,1,,2,76.32751703228186,0.025,4.488803148269653,33.370009027080044,10,2
31.030525712795477,2,1.0,0.0,0.0,0.0,0.0,0.0,0.0,0.0,100000000.0,0.0,0.0,0.0,0.0,,0.0,0.0,0.0,0.0,0.0,42.61005111038685,,0.07361438058180354,0.07361438058180354,22,0.0,31.030525712795477,0.8128859663585253,False,0.11077272985008847,1.0202545458522811,0.1,5,3.0,4.0,0.1,2,26.38184769026542,0.0,0.14980983775641177,,,,0.0,2,0.0,-0.09219355521594601,114351.2,1143512.0,2,,2,73.61438058180354,0.01875,4.558194398880005,31.03052571279548,10,2
31.331191671282994,2,1.0,0.0,0.0,0.0,0.0,0.0,0.0,0.0,100000000.0,0.0,0.0,0.0,0.0,,0.0,0.0,0.0,0.0,0.0,42.97636495903134,,0.07430755663031435,0.07430755663031435,22,0.0,31.331191671282994,0.7455596147901884,False,0.1303574334495295,1.2006363320874,0.1,5,3.0,4.0,0.1,2,25.73491967949288,0.0,0.1786166338805252,,,,0.0,2,0.0,-0.10233249503992192,104592.475,1045924.75,3,,2,74.30755663031435,0.0375,4.5715651512146,31.331191671283,10,2
32.383232943611446,2,1.0,0.0,0.0,0.0,0.0,0.0,0.0,0.0,100000000.0,0.0,0.0,0.0,0.0,,0.0,0.0,0.0,0.0,0.0,42.885773815214634,,0.07526900675882608,0.07526900675882608,23,0.0,32.383232943611446,0.7266179830973443,False,0.14437013017452865,1.3296980384539183,0.1,5,3.0,4.0,0.1,2,26.8540235266466,0.0,0.170742971419586,,,,0.0,2,0.0,-0.10981956846667737,117190.025,1171900.25,1,,2,75.26900675882608,0.01875,4.494426965713501,32.38323294361145,10,2
38.233591955955646,2,1.0,0.0,0.0,0.0,0.0,0.0,0.0,0.0,100000000.0,0.0,0.0,0.0,0.0,,0.0,0.0,0.0,0.0,0.0,43.3871578425169,,0.08102844167953314,0.08102844167953314,23,0.0,38.233591955955646,0.7877140884996364,False,0.11077272985008847,1.0202545458522811,0.1,5,3.0,4.0,0.1,2,28.92175350849016,0.0,0.24355123259652256,,,,0.0,2,0.0,-0.09590058576481081,119860.175,1198601.75,2,,2,81.02844167953315,0.0375,4.492478132247925,38.233591955955646,10,2
40.415783402639285,2,1.0,0.0,0.0,0.0,0.0,0.0,0.0,0.0,100000000.0,0.0,0.0,0.0,0.0,,0.0,0.0,0.0,0.0,0.0,43.312986847013235,,0.08301660743461814,0.08301660743461814,23,0.0,40.415783402639285,0.8020076518404571,False,0.1303574334495295,1.2006363320874,0.1,5,3.0,4.0,0.1,2,27.045110973692516,0.0,0.3308279910287133,,,,0.0,2,0.0,-0.10668702044207382,114403.825,1144038.25,3,,2,83.01660743461814,0.01875,4.497632741928101,40.41578340263929,10,2
37.78190724539132,2,1.0,0.0,0.0,0.0,0.0,0.0,0.0,0.0,100000000.0,0.0,0.0,0.0,0.0,,0.0,0.0,0.0,0.0,0.0,43.08673180639744,,0.08086863905178876,0.08086863905178876,24,0.0,37.78190724539132,0.7997234136770436,False,0.14437013017452865,1.3296980384539183,0.1,5,3.0,4.0,0.1,2,31.029153981749122,0.0,0.17872981424107173,,,,0.0,2,0.0,-0.11261938461315871,126279.6,1262796.0,1,,2,80.86863905178876,0.03125,4.465953588485718,37.78190724539132,10,2
33.257158622819006,2,1.0,0.0,0.0,0.0,0.0,0.0,0.0,0.0,100000000.0,0.0,0.0,0.0,0.0,,0.0,0.0,0.0,0.0,0.0,43.0198241956532,,0.07627698281847221,0.07627698281847221,24,0.0,33.257158622819006,0.8056140130891276,False,0.11077272985008847,1.0202545458522811,0.1,5,3.0,4.0,0.1,2,26.823206379537314,0.0,0.19346067161814337,,,,0.0,2,0.0,-0.09352485633428034,119069.9,1190699.0,2,,2,76.27698281847222,0.01875,4.478257894515991,33.25715862281901,10,2
33.90394668569504,2,1.0,0.0,0.0,0.0,0.0,0.0,0.0,0.0,100000000.0,0.0,0.0,0.0,0.0,,0.0,0.0,0.0,0.0,0.0,43.08162396773696,,0.076985570653432,0.076985570653432,24,0.0,33.90394668569504,0.8180735953079029,False,0.1303574334495295,1.2006363320874,0.1,5,3.0,4.0,0.1,2,27.966303043560558,0.0,0.17513134081937803,,,,0.0,2,0.0,-0.10367150205148075,113104.8,1131048.0,3,,2,76.985570653432,0.03125,4.449076414108276,33.90394668569505,10,2
31.491837516948998,2,1.0,0.0,0.0,0.0,0.0,0.0,0.0,0.0,100000000.0,0.0,0.0,0.0,0.0,,0.0,0.0,0.0,0.0,0.0,43.3280817233026,,0.07481991924025161,0.07481991924025161,25,0.0,31.491837516948998,0.7991049461548488,False,0.14437013017452865,1.3296980384539183,0.1,5,3.0,4.0,0.1,2,25.039918464820072,0.0,0.2048759158196623,,,,0.0,2,0.0,-0.10959502470739013,118142.0,1181420.0,1,,2,74.81991924025161,0.03125,4.452318906784058,31.491837516949005,10,2
32.19713941902417,2,1.0,0.0,0.0,0.0,0.0,0.0,0.0,0.0,100000000.0,0.0,0.0,0.0,0.0,,0.0,0.0,0.0,0.0,0.0,42.794514913111925,,0.0749916543321361,0.0749916543321361,25,0.0,32.19713941902417,0.8753081041940061,False,0.11077272985008847,1.0202545458522811,0.1,5,3.0,4.0,0.1,2,26.031712918032838,0.0,0.19148988426432673,,,,0.0,2,0.0,-0.09288219209111229,126038.3,1260383.0,2,,2,74.99165433213611,0.01875,4.44952130317688,32.197139419024175,10,2
31.583211784480618,2,1.0,0.0,0.0,0.0,0.0,0.0,0.0,0.0,100000000.0,0.0,0.0,0.0,0.0,,0.0,0.0,0.0,0.0,0.0,43.11429476365447,,0.07469750654813509,0.07469750654813509,25,0.0,31.583211784480618,0.7868240109131324,False,0.1303574334495295,1.2006363320874,0.1,5,3.0,4.0,0.1,2,25.743322661066337,0.0,0.18490485271937707,,,,0.0,2,0.0,-0.10252746999883229,112609.375,1126093.75,3,,2,74.6975065481351,0.025,4.456221103668213,31.583211784480625,10,2
34.19785165002632,2,1.0,0.0,0.0,0.0,0.0,0.0,0.0,0.0,100000000.0,0.0,0.0,0.0,0.0,,0.0,0.0,0.0,0.0,0.0,44.84935477375984,,0.07708103778546738,0.07708103778546738,26,0.0,34.19785165002632,0.7321608388464377,False,0.14437013017452865,1.3296980384539183,0.1,5,3.0,4.0,0.1,2,25.120358281829063,0.0,0.26544045693555357,,,,0.0,2,0.0,-0.11072558397999802,109157.075,1091570.75,1,,2,77.08103778546737,0.03125,4.425964593887329,34.197851650026315,10,2
39.696370255387116,2,1.0,0.0,0.0,0.0,0.0,0.0,0.0,0.0,100000000.0,0.0,0.0,0.0,0.0,,0.0,0.0,0.0,0.0,0.0,44.2268499173224,,0.08392322017270952,0.08392322017270952,26,0.0,39.696370255387116,0.8881060367938876,False,0.11077272985008847,1.0202545458522811,0.1,5,3.0,4.0,0.1,2,28.375760197031703,0.0,0.2851799795680089,,,,0.0,2,0.0,-0.097347975011399,125068.55,1250685.5,2,,2,83.92322017270952,0.04375,4.4583399295806885,39.69637025538712,10,2
31.142615498436754,2,1.0,0.0,0.0,0.0,0.0,0.0,0.0,0.0,100000000.0,0.0,0.0,0.0,0.0,,0.0,0.0,0.0,0.0,0.0,43.13424602150917,,0.07427686151994592,0.07427686151994592,26,0.0,31.142615498436754,0.7358469568092033,False,0.1303574334495295,1.2006363320874,0.1,5,3.0,4.0,0.1,2,24.1953405926838,0.0,0.22307936551127772,,,,0.0,2,0.0,-0.1023171474847377,105587.325,1055873.25,3,,2,74.27686151994592,0.04375,4.399050712585449,31.14261549843675,10,2
39.94470889207185,2,1.0,0.0,0.0,0.0,0.0,0.0,0.0,0.0,100000000.0,0.0,0.0,0.0,0.0,,0.0,0.0,0.0,0.0,0.0,43.143304996192455,,0.08308801388826431,0.08308801388826431,27,0.0,39.94470889207185,0.8253675160011638,False,0.14437013017452865,1.3296980384539183,0.1,5,3.0,4.0,0.1,2,28.502124914750702,0.0,0.2864605674868806,,,,0.0,2,0.0,-0.11372907203139648,122218.125,1222181.25,1,,2,83.08801388826431,0.0125,4.38365364074707,39.94470889207186,10,2
40.30816737258112,2,1.0,0.0,0.0,0.0,0.0,0.0,0.0,0.0,100000000.0,0.0,0.0,0.0,0.0,,0.0,0.0,0.0,0.0,0.0,43.07180177420378,,0.0833799691467849,0.0833799691467849,27,0.0,40.30816737258112,0.8009010178513734,False,0.11077272985008847,1.0202545458522811,0.1,5,3.0,4.0,0.1,2,29.832659700112814,0.0,0.2598854861259228,,,,0.0,2,0.0,-0.09707634949843669,123732.775,1237327.75,2,,2,83.3799691467849,0.03125,4.4408979415893555,40.308167372581124,10,2
32.72469202775873,2,1.0,0.0,0.0,0.0,0.0,0.0,0.0,0.0,100000000.0,0.0,0.0,0.0,0.0,,0.0,0.0,0.0,0.0,0.0,43.11197903007269,,0.07583667105783143,0.07583667105783143,27,0.0,32.72469202775873,0.7727243049338985,False,0.1303574334495295,1.2006363320874,0.1,5,3.0,4.0,0.1,2,25.715299721501243,0.0,0.21419276613242888,,,,0.0,2,0.0,-0.10309705225368046,112703.825,1127038.25,3,,2,75.83667105783142,0.03125,4.485368013381958,32.724692027758735,10,2
35.525720453051136,2,1.0,0.0,0.0,0.0,0.0,0.0,0.0,0.0,100000000.0,0.0,0.0,0.0,0.0,,0.0,0.0,0.0,0.0,0.0,42.8338348865509,,0.07835955533960204,0.07835955533960204,28,0.0,35.525720453051136,0.7975561522110224,False,0.14437013017452865,1.3296980384539183,0.1,5,3.0,4.0,0.1,2,27.458566851979935,0.0,0.22707924000393778,,,,0.0,2,0.0,-0.11136484275706535,119961.85,1199618.5,1,,2,78.35955533960204,0.0375,4.355149507522583,35.525720453051136,10,2
33.29405844069529,2,1.0,0.0,0.0,0.0,0.0,0.0,0.0,0.0,100000000.0,0.0,0.0,0.0,0.0,,0.0,0.0,0.0,0.0,0.0,43.246455024927855,,0.0763231055238049,0.0763231055238049,28,0.0,33.29405844069529,0.8119047626378213,False,0.11077272985008847,1.0202545458522811,0.1,5,3.0,4.0,0.1,2,26.956647034773198,0.0,0.19034661746661316,,,,0.0,2,0.0,-0.09354791768694669,120086.9,1200869.0,2,,2,76.3231055238049,0.025,4.503735303878784,33.29405844069529,10,2
35.88852249254204,2,1.0,0.0,0.0,0.0,0.0,0.0,0.0,0.0,100000000.0,0.0,0.0,0.0,0.0,,0.0,0.0,0.0,0.0,0.0,42.98521904274821,,0.07881173035298206,0.07881173035298206,28,0.0,35.88852249254204,0.8196237040983624,False,0.1303574334495295,1.2006363320874,0.1,5,3.0,4.0,0.1,2,27.00989035123199,0.0,0.24739475254672583,,,,0.0,2,0.0,-0.10458458190125577,126219.975,1262199.75,3,,2,78.81173035298205,0.05,4.4035375118255615,35.88852249254204,10,2
32.2227423678632,2,1.0,0.0,0.0,0.0,0.0,0.0,0.0,0.0,100000000.0,0.0,0.0,0.0,0.0,,0.0,0.0,0.0,0.0,0.0,43.18351577967405,,0.07510495108026222,0.07510495108026222,29,0.0,32.2227423678632,0.8434446124607744,False,0.14437013017452865,1.3296980384539183,0.1,5,3.0,4.0,0.1,2,26.930855525372927,0.0,0.1642283199262408,,,,0.0,2,0.0,-0.10973754062739544,126076.975,1260769.75,1,,2,75.10495108026221,0.0125,4.388857364654541,32.222742367863205,10,2
35.191979629076364,2,1.0,0.0,0.0,0.0,0.0,0.0,0.0,0.0,100000000.0,0.0,0.0,0.0,0.0,,0.0,0.0,0.0,0.0,0.0,43.756910134106874,,0.07823018440706218,0.07823018440706218,29,0.0,35.191979629076364,0.7515254730564549,False,0.11077272985008847,1.0202545458522811,0.1,5,3.0,4.0,0.1,2,26.997450836592208,0.0,0.2328521691264467,,,,0.0,2,0.0,-0.09450145712857533,111335.45,1113354.5,2,,2,78.23018440706218,0.04375,4.413461685180664,35.19197962907637,10,2
29.454836203294185,2,1.0,0.0,0.0,0.0,0.0,0.0,0.0,0.0,100000000.0,0.0,0.0,0.0,0.0,,0.0,0.0,0.0,0.0,0.0,42.70597407594323,,0.07216081027923742,0.07216081027923742,29,0.0,29.454836203294185,0.8147639403334116,False,0.1303574334495295,1.2006363320874,0.1,5,3.0,4.0,0.1,2,25.349036221920834,0.0,0.1393930678492167,,,,0.0,2,0.0,-0.10125912186438346,117167.975,1171679.75,3,,2,72.16081027923741,0.025,4.341170072555542,29.45483620329419,10,2
29.55580986362619,2,1.0,0.0,0.0,0.0,0.0,0.0,0.0,0.0,100000000.0,0.0,0.0,0.0,0.0,,0.0,0.0,0.0,0.0,0.0,43.28595008701086,,0.07234569004994554,0.07234569004994554,30,0.0,29.55580986362619,0.7405923966568084,False,0.14437013017452865,1.3296980384539183,0.1,5,3.0,4.0,0.1,2,24.630797833268392,0.0,0.16663431159837455,,,,0.0,2,0.0,-0.1083579101122371,105229.35,1052293.5,1,0.0125,2,72.34569004994553,0.0125,4.348641633987427,29.55580986362619,10,2
30.563255867595387,2,1.0,0.0,0.0,0.0,0.0,0.0,0.0,0.0,100000000.0,0.0,0.0,0.0,0.0,,0.0,0.0,0.0,0.0,0.0,42.985742911696434,,0.07331866082050892,0.07331866082050892,30,0.0,30.563255867595387,0.7502956943406522,False,0.11077272985008847,1.0202545458522811,0.1,5,3.0,4.0,0.1,2,25.536061630834627,0.0,0.16448490496363746,,,,0.0,2,0.0,-0.09204569533529869,110315.225,1103152.25,2,0.0125,2,73.31866082050892,0.04375,4.410864353179932,30.56325586759539,10,2
31.061626521745563,2,1.0,0.0,0.0,0.0,0.0,0.0,0.0,0.0,100000000.0,0.0,0.0,0.0,0.0,,0.0,0.0,0.0,0.0,0.0,43.07900834828615,,0.0739774736742171,0.0739774736742171,30,0.0,31.061626521745563,0.8104975260321201,False,0.1303574334495295,1.2006363320874,0.1,5,3.0,4.0,0.1,2,26.3478409432259,0.0,0.15175591578308506,,,,0.0,2,0.0,-0.10216745356187329,126160.825,1261608.25,3,0.0125,2,73.9774736742171,0.05,4.367649793624878,31.061626521745563,10,2
38.641491102106684,2,1.0,0.0,0.0,0.0,0.0,0.0,0.0,0.0,100000000.0,0.0,0.0,0.0,0.0,,0.0,0.0,0.0,0.0,0.0,43.18813979625702,,0.0818296308983637,0.0818296308983637,31,0.0,38.641491102106684,0.8884698010306901,False,0.14437013017452865,1.3296980384539183,0.1,5,3.0,4.0,0.1,2,29.21310215551406,0.0,0.24399650939139353,,,,0.0,2,0.0,-0.11309988053644618,131072.0,1310720.0,1,,2,81.8296308983637,0.0,4.6251912117004395,38.64149110210669,10,2
34.44783351732158,2,1.0,0.0,0.0,0.0,0.0,0.0,0.0,0.0,100000000.0,0.0,0.0,0.0,0.0,,0.0,0.0,0.0,0.0,0.0,43.01114287227392,,0.07745897638959551,0.07745897638959551,31,0.0,34.44783351732158,0.7680473153268641,False,0.11077272985008847,1.0202545458522811,0.1,5,3.0,4.0,0.1,2,27.54203207946082,0.0,0.20047128462776267,,,,0.0,2,0.0,-0.094115853119842,109827.825,1098278.25,2,,2,77.4589763895955,0.025,4.615197420120239,34.447833517321584,10,2
38.38122711241774,2,1.0,0.0,0.0,0.0,0.0,0.0,0.0,0.0,100000000.0,0.0,0.0,0.0,0.0,,0.0,0.0,0.0,0.0,0.0,43.17438043653965,,0.08155560754895738,0.08155560754895738,31,0.0,38.38122711241774,0.7642485255261217,False,0.1303574334495295,1.2006363320874,0.1,5,3.0,4.0,0.1,2,28.30520363170225,0.0,0.2625247872144121,,,,0.0,2,0.0,-0.10595652049924344,118042.625,1180426.25,3,,2,81.55560754895738,0.0125,4.595682382583618,38.38122711241774,10,2
28.830990152441895,2,1.0,0.0,0.0,0.0,0.0,0.0,0.0,0.0,100000000.0,0.0,0.0,0.0,0.0,,0.0,0.0,0.0,0.0,0.0,42.93270595371723,,0.07176369610615912,0.07176369610615912,32,0.0,28.830990152441895,0.7399045213101347,False,0.14437013017452865,1.3296980384539183,0.1,5,3.0,4.0,0.1,2,23.77431019405089,0.0,0.17539043687553413,,,,0.0,2,0.0,-0.10806691314034389,109513.05,1095130.5,1,,2,71.76369610615913,0.00625,4.515132904052734,28.830990152441892,10,2
34.02810054192463,2,1.0,0.0,0.0,0.0,0.0,0.0,0.0,0.0,100000000.0,0.0,0.0,0.0,0.0,,0.0,0.0,0.0,0.0,0.0,43.20787126198411,,0.07689801952162902,0.07689801952162902,32,0.0,34.02810054192463,0.8116936471103979,False,0.11077272985008847,1.0202545458522811,0.1,5,3.0,4.0,0.1,2,27.80242069120659,0.0,0.1829570193918886,,,,0.0,2,0.0,-0.09383537468585874,126136.375,1261363.75,2,,2,76.89801952162901,0.025,4.522833585739136,34.02810054192464,10,2
35.129874594514405,2,1.0,0.0,0.0,0.0,0.0,0.0,0.0,0.0,100000000.0,0.0,0.0,0.0,0.0,,0.0,0.0,0.0,0.0,0.0,42.904322035610676,,0.0779864388741601,0.0779864388741601,32,0.0,35.129874594514405,0.8770722794484996,False,0.1303574334495295,1.2006363320874,0.1,5,3.0,4.0,0.1,2,28.036591761291465,0.0,0.20191597365766212,,,,0.0,2,0.0,-0.1041719361618448,131072.0,1310720.0,3,,2,77.9864388741601,0.01875,4.531756639480591,35.129874594514405,10,2
34.57105091743762,2,1.0,0.0,0.0,0.0,0.0,0.0,0.0,0.0,100000000.0,0.0,0.0,0.0,0.0,,0.0,0.0,0.0,0.0,0.0,42.940845247358084,,0.07749380708642895,0.07749380708642895,33,0.0,34.57105091743762,0.8678479500332947,False,0.14437013017452865,1.3296980384539183,0.1,5,3.0,4.0,0.1,2,27.141467872436355,0.0,0.21490764231450615,,,,0.0,2,0.0,-0.1109319686304788,126351.925,1263519.25,1,,2,77.49380708642894,0.00625,4.471634864807129,34.571050917437624,10,2
34.63517194954158,2,1.0,0.0,0.0,0.0,0.0,0.0,0.0,0.0,100000000.0,0.0,0.0,0.0,0.0,,0.0,0.0,0.0,0.0,0.0,44.5369565859437,,0.07853165015967788,0.07853165015967788,33,0.0,34.63517194954158,0.7462795766280502,False,0.11077272985008847,1.0202545458522811,0.1,5,3.0,4.0,0.1,2,26.852771170826315,0.0,0.22469646722277256,,,,0.0,2,0.0,-0.09465219000488317,111703.975,1117039.75,2,,2,78.53165015967788,0.03125,4.490966796875,34.635171949541586,10,2
35.122648099494356,2,1.0,0.0,0.0,0.0,0.0,0.0,0.0,0.0,100000000.0,0.0,0.0,0.0,0.0,,0.0,0.0,0.0,0.0,0.0,42.85580385476351,,0.07797845195425787,0.07797845195425787,33,0.0,35.122648099494356,0.8051221771707471,False,0.1303574334495295,1.2006363320874,0.1,5,3.0,4.0,0.1,2,29.423255468375967,0.0,0.16227115378582296,,,,0.0,2,0.0,-0.10416794270189368,118049.375,1180493.75,3,,2,77.97845195425788,0.0375,4.498903274536133,35.122648099494356,10,2
29.216158503894373,2,1.0,0.0,0.0,0.0,0.0,0.0,0.0,0.0,100000000.0,0.0,0.0,0.0,0.0,,0.0,0.0,0.0,0.0,0.0,43.175987899303436,,0.07177200431213217,0.07177200431213217,34,0.0,29.216158503894373,0.8681294271768545,False,0.14437013017452865,1.3296980384539183,0.1,5,3.0,4.0,0.1,2,26.003987945186303,0.0,0.10994500041064272,,,,0.0,2,0.0,-0.1080710672433304,126135.2,1261352.0,1,,2,71.77200431213217,0.0375,4.425558567047119,29.216158503894373,10,2
31.012509524285793,2,1.0,0.0,0.0,0.0,0.0,0.0,0.0,0.0,100000000.0,0.0,0.0,0.0,0.0,,0.0,0.0,0.0,0.0,0.0,43.15198166295886,,0.07416449118724466,0.07416449118724466,34,0.0,31.012509524285793,0.6891556584576894,False,0.11077272985008847,1.0202545458522811,0.1,5,3.0,4.0,0.1,2,23.633807828395813,0.0,0.23792662409701937,,,,0.0,2,0.0,-0.09246861051866656,97427.725,974277.25,2,,2,74.16449118724466,0.0125,4.447805643081665,31.012509524285797,10,2
35.938025623577715,2,1.0,0.0,0.0,0.0,0.0,0.0,0.0,0.0,100000000.0,0.0,0.0,0.0,0.0,,0.0,0.0,0.0,0.0,0.0,43.74390793964267,,0.07968193356322038,0.07968193356322038,34,0.0,35.938025623577715,0.8288738140466558,False,0.1303574334495295,1.2006363320874,0.1,5,3.0,4.0,0.1,2,27.098730909309513,0.0,0.24595938593991765,,,,0.0,2,0.0,-0.10501968350637494,125797.95,1257979.5,3,,2,79.68193356322038,0.03125,4.409187078475952,35.938025623577715,10,2
33.90080155762646,2,1.0,0.0,0.0,0.0,0.0,0.0,0.0,0.0,100000000.0,0.0,0.0,0.0,0.0,,0.0,0.0,0.0,0.0,0.0,43.50303905084729,,0.07740384060847375,0.07740384060847375,35,0.0,33.90080155762646,0.8085772348682323,False,0.14437013017452865,1.3296980384539183,0.1,5,3.0,4.0,0.1,2,28.20178492360902,0.0,0.1681086101852175,,,,0.0,2,0.0,-0.1108869853915012,122674.025,1226740.25,1,,2,77.40384060847374,0.01875,4.425309658050537,33.90080155762646,10,2
29.18264967662302,2,1.0,0.0,0.0,0.0,0.0,0.0,0.0,0.0,100000000.0,0.0,0.0,0.0,0.0,,0.0,0.0,0.0,0.0,0.0,42.94528113678098,,0.07170440255937185,0.07170440255937185,35,0.0,29.18264967662302,0.7790061678468152,False,0.11077272985008847,1.0202545458522811,0.1,5,3.0,4.0,0.1,2,26.127449755071016,0.0,0.10469234135375287,,,,0.0,2,0.0,-0.09123856620473017,107727.375,1077273.75,2,,2,71.70440255937186,0.025,4.465700626373291,29.18264967662302,10,2
32.320602472198274,2,1.0,0.0,0.0,0.0,0.0,0.0,0.0,0.0,100000000.0,0.0,0.0,0.0,0.0,,0.0,0.0,0.0,0.0,0.0,43.462205212563276,,0.07501933039284972,0.07501933039284972,35,0.0,32.320602472198274,0.8164203566448721,False,0.1303574334495295,1.2006363320874,0.1,5,3.0,4.0,0.1,2,25.94647595145424,0.0,0.197215584895949,,,,0.0,2,0.0,-0.1026883819211896,124932.225,1249322.25,3,,2,75.01933039284972,0.03125,4.366450309753418,32.320602472198274,10,2
31.97378166924196,2,1.0,0.0,0.0,0.0,0.0,0.0,0.0,0.0,100000000.0,0.0,0.0,0.0,0.0,,0.0,0.0,0.0,0.0,0.0,44.25739496946335,,0.0762311766387053,0.0762311766387053,36,0.0,31.97378166924196,0.8330634338779573,False,0.14437013017452865,1.3296980384539183,0.1,5,3.0,4.0,0.1,2,25.48609732531723,0.0,0.20290638157968457,,,,0.0,2,0.0,-0.11030065340661697,117837.7,1178377.0,1,,2,76.23117663870529,0.03125,4.404302358627319,31.973781669241955,10,2
30.42988323231265,2,1.0,0.0,0.0,0.0,0.0,0.0,0.0,0.0,100000000.0,0.0,0.0,0.0,0.0,,0.0,0.0,0.0,0.0,0.0,43.508026748895645,,0.07313052734916137,0.07313052734916137,36,0.0,30.42988323231265,0.7661088174001679,False,0.11077272985008847,1.0202545458522811,0.1,5,3.0,4.0,0.1,2,24.7968386564938,0.0,0.185115550158841,,,,0.0,2,0.0,-0.09195162859962491,109253.025,1092530.25,2,,2,73.13052734916137,0.025,4.4661948680877686,30.429883232312655,10,2
39.298119796701705,2,1.0,0.0,0.0,0.0,0.0,0.0,0.0,0.0,100000000.0,0.0,0.0,0.0,0.0,,0.0,0.0,0.0,0.0,0.0,42.83255571499467,,0.08213067551169637,0.08213067551169637,36,0.0,39.298119796701705,0.8463816573551322,False,0.1303574334495295,1.2006363320874,0.1,5,3.0,4.0,0.1,2,29.41151925567359,0.0,0.2515794799388315,,,,0.0,2,0.0,-0.10624405448061293,131072.0,1310720.0,3,,2,82.13067551169637,0.01875,4.416673183441162,39.298119796701705,10,2
33.21526646638149,2,1.0,0.0,0.0,0.0,0.0,0.0,0.0,0.0,100000000.0,0.0,0.0,0.0,0.0,,0.0,0.0,0.0,0.0,0.0,43.16621134057641,,0.07584844231629606,0.07584844231629606,37,0.0,33.21526646638149,0.8957424966214103,False,0.14437013017452865,1.3296980384539183,0.1,5,3.0,4.0,0.1,2,25.909294582709514,0.0,0.21995824995312477,,,,0.0,2,0.0,-0.11010928624541236,125820.625,1258206.25,1,,2,75.84844231629606,0.03125,4.367979526519775,33.2152664663815,10,2
33.07974018854739,2,1.0,0.0,0.0,0.0,0.0,0.0,0.0,0.0,100000000.0,0.0,0.0,0.0,0.0,,0.0,0.0,0.0,0.0,0.0,43.68622088804841,,0.07591392106143477,0.07591392106143477,37,0.0,33.07974018854739,0.8272558330550034,False,0.11077272985008847,1.0202545458522811,0.1,5,3.0,4.0,0.1,2,27.11660393385268,0.0,0.18026551057251716,,,,0.0,2,0.0,-0.09334332545576163,121436.375,1214363.75,2,,2,75.91392106143476,0.01875,4.386194944381714,33.07974018854739,10,2
37.826306903130266,2,1.0,0.0,0.0,0.0,0.0,0.0,0.0,0.0,100000000.0,0.0,0.0,0.0,0.0,,0.0,0.0,0.0,0.0,0.0,43.111119884997606,,0.08093742678812788,0.08093742678812788,37,0.0,37.826306903130266,0.8281819341032006,False,0.1303574334495295,1.2006363320874,0.1,5,3.0,4.0,0.1,2,28.636655690038026,0.0,0.24294338954701825,,,,0.0,2,0.0,-0.10564743011882868,124392.175,1243921.75,3,,2,80.93742678812788,0.0375,4.404010534286499,37.82630690313027,10,2
30.6226357543849,2,1.0,0.0,0.0,0.0,0.0,0.0,0.0,0.0,100000000.0,0.0,0.0,0.0,0.0,,0.0,0.0,0.0,0.0,0.0,42.635349091142416,,0.07325798484552731,0.07325798484552731,38,0.0,30.6226357543849,0.8865221268777624,False,0.14437013017452865,1.3296980384539183,0.1,5,3.0,4.0,0.1,2,26.659442130646145,0.0,0.12942039527643392,,,,0.0,2,0.0,-0.10881405751002798,131072.0,1310720.0,1,,2,73.25798484552732,0.0375,4.348147869110107,30.622635754384895,10,2
36.71056186942026,2,1.0,0.0,0.0,0.0,0.0,0.0,0.0,0.0,100000000.0,0.0,0.0,0.0,0.0,,0.0,0.0,0.0,0.0,0.0,42.70574543625116,,0.07925572494206592,0.07925572494206592,38,0.0,36.71056186942026,0.8147361662711677,False,0.11077272985008847,1.0202545458522811,0.1,5,3.0,4.0,0.1,2,27.432858814523154,0.0,0.2527257165907175,,,,0.0,2,0.0,-0.0950142273960772,118411.025,1184110.25,2,,2,79.25572494206592,0.0125,4.408253908157349,36.71056186942026,10,2
32.773679189718116,2,1.0,0.0,0.0,0.0,0.0,0.0,0.0,0.0,100000000.0,0.0,0.0,0.0,0.0,,0.0,0.0,0.0,0.0,0.0,42.96539910137653,,0.0756080211814109,0.0756080211814109,38,0.0,32.773679189718116,0.7801897612019911,False,0.1303574334495295,1.2006363320874,0.1,5,3.0,4.0,0.1,2,25.80832176603573,0.0,0.21252900485666512,,,,0.0,2,0.0,-0.1029827273154702,119105.925,1191059.25,3,,2,75.60802118141089,0.025,4.379350185394287,32.773679189718116,10,2
35.08542068919202,2,1.0,0.0,0.0,0.0,0.0,0.0,0.0,0.0,100000000.0,0.0,0.0,0.0,0.0,,0.0,0.0,0.0,0.0,0.0,42.91914822533727,,0.07800456891452928,0.07800456891452928,39,0.0,35.08542068919202,0.8064572446301819,False,0.14437013017452865,1.3296980384539183,0.1,5,3.0,4.0,0.1,2,28.770288431675066,0.0,0.1799930607490854,,,,0.0,2,0.0,-0.11118734954452897,131072.0,1310720.0,1,,2,78.00456891452929,0.05625,4.294192790985107,35.08542068919202,10,2
36.83998807515468,2,1.0,0.0,0.0,0.0,0.0,0.0,0.0,0.0,100000000.0,0.0,0.0,0.0,0.0,,0.0,0.0,0.0,0.0,0.0,43.966214172542095,,0.08080620224769677,0.08080620224769677,39,0.0,36.83998807515468,0.8071546848852498,False,0.11077272985008847,1.0202545458522811,0.1,5,3.0,4.0,0.1,2,27.222668513294618,0.0,0.26105653297825293,,,,0.0,2,0.0,-0.09578946604889263,120110.375,1201103.75,2,,2,80.80620224769677,0.03125,4.452309608459473,36.83998807515468,10,2
32.210861599927874,2,1.0,0.0,0.0,0.0,0.0,0.0,0.0,0.0,100000000.0,0.0,0.0,0.0,0.0,,0.0,0.0,0.0,0.0,0.0,43.08380512520671,,0.07529466672513457,0.07529466672513457,39,0.0,32.210861599927874,0.8268934036175729,False,0.1303574334495295,1.2006363320874,0.1,5,3.0,4.0,0.1,2,26.030596859243417,0.0,0.19186896697908556,,,,0.0,2,0.0,-0.10282605008733203,116162.275,1161622.75,3,,2,75.29466672513458,0.0375,4.364295959472656,32.210861599927874,10,2
39.669033432749146,2,1.0,0.0,0.0,0.0,0.0,0.0,0.0,0.0,100000000.0,0.0,0.0,0.0,0.0,,0.0,0.0,0.0,0.0,0.0,42.898754589259624,,0.08219788252785527,0.08219788252785527,40,0.0,39.669033432749146,0.8052144197102882,False,0.14437013017452865,1.3296980384539183,0.1,5,3.0,4.0,0.1,2,29.864151304972005,0.0,0.24716715481357382,,,,0.0,2,0.0,-0.11328400635119196,115779.725,1157797.25,1,0.01015625,2,82.19788252785527,0.05,4.3255016803741455,39.669033432749146,10,2
34.2320785374745,2,1.0,0.0,0.0,0.0,0.0,0.0,0.0,0.0,100000000.0,0.0,0.0,0.0,0.0,,0.0,0.0,0.0,0.0,0.0,43.1868159212172,,0.07693540439767682,0.07693540439767682,40,0.0,34.2320785374745,0.7361413770133872,False,0.11077272985008847,1.0202545458522811,0.1,5,3.0,4.0,0.1,2,27.537016397527772,0.0,0.19557860422111145,,,,0.0,2,0.0,-0.09385406712388264,109537.15,1095371.5,2,0.01015625,2,76.93540439767682,0.025,4.386382102966309,34.23207853747451,10,2
34.1063073111655,2,1.0,0.0,0.0,0.0,0.0,0.0,0.0,0.0,100000000.0,0.0,0.0,0.0,0.0,,0.0,0.0,0.0,0.0,0.0,42.657025158405304,,0.0767633324695708,0.0767633324695708,40,0.0,34.1063073111655,0.8218529918482739,False,0.1303574334495295,1.2006363320874,0.1,5,3.0,4.0,0.1,2,27.280600763010135,0.0,0.20013033031930746,,,,0.0,2,0.0,-0.10356038295955014,123737.65,1237376.5,3,0.01015625,2,76.7633324695708,0.03125,4.3497679233551025,34.1063073111655,10,2
37.67190539567047,2,1.0,0.0,0.0,0.0,0.0,0.0,0.0,0.0,100000000.0,0.0,0.0,0.0,0.0,,0.0,0.0,0.0,0.0,0.0,44.221030082553625,,0.08110380118070418,0.08110380118070418,41,0.0,37.67190539567047,0.7692109983748121,False,0.14437013017452865,1.3296980384539183,0.1,5,3.0,4.0,0.1,2,27.335129459580035,0.0,0.2743895172681767,,,,0.0,2,0.0,-0.11273696567761642,114629.2,1146292.0,1,,2,81.10380118070418,0.00625,4.60257363319397,37.67190539567047,10,2
39.31214780840596,2,1.0,0.0,0.0,0.0,0.0,0.0,0.0,0.0,100000000.0,0.0,0.0,0.0,0.0,,0.0,0.0,0.0,0.0,0.0,42.80674224719405,,0.08211889005560002,0.08211889005560002,41,0.0,39.31214780840596,0.8056742757410564,False,0.11077272985008847,1.0202545458522811,0.1,5,3.0,4.0,0.1,2,30.557957510000083,0.0,0.2226841011351204,,,,0.0,2,0.0,-0.09644580995284424,124805.475,1248054.75,2,,2,82.11889005560002,0.00625,4.617153644561768,39.31214780840597,10,2
31.378982086450804,2,1.0,0.0,0.0,0.0,0.0,0.0,0.0,0.0,100000000.0,0.0,0.0,0.0,0.0,,0.0,0.0,0.0,0.0,0.0,42.9008430801332,,0.074279825166584,0.074279825166584,41,0.0,31.378982086450804,0.8305300748482585,False,0.1303574334495295,1.2006363320874,0.1,5,3.0,4.0,0.1,2,27.11495874059777,0.0,0.1358878797949983,,,,0.0,2,0.0,-0.10231862930805674,119157.475,1191574.75,3,,2,74.279825166584,0.01875,4.5818932056427,31.378982086450804,10,2
35.15663775658494,2,1.0,0.0,0.0,0.0,0.0,0.0,0.0,0.0,100000000.0,0.0,0.0,0.0,0.0,,0.0,0.0,0.0,0.0,0.0,43.08464610949159,,0.07824128386607654,0.07824128386607654,42,0.0,35.15663775658494,0.7940231281336944,False,0.14437013017452865,1.3296980384539183,0.1,5,3.0,4.0,0.1,2,25.112488972825346,0.0,0.2856970809695332,,,,0.0,2,0.0,-0.1113057070203026,112387.525,1123875.25,1,,2,78.24128386607654,0.03125,4.449875593185425,35.15663775658494,10,2
39.50906602941282,2,1.0,0.0,0.0,0.0,0.0,0.0,0.0,0.0,100000000.0,0.0,0.0,0.0,0.0,,0.0,0.0,0.0,0.0,0.0,42.958714067935944,,0.08205998793519863,0.08205998793519863,42,0.0,39.50906602941282,0.8652681099634935,False,0.11077272985008847,1.0202545458522811,0.1,5,3.0,4.0,0.1,2,30.175869701686363,0.0,0.23622923206482002,,,,0.0,2,0.0,-0.09641635889264355,131072.0,1310720.0,2,,2,82.05998793519863,0.04375,4.505014181137085,39.50906602941283,10,2
37.50183186479756,2,1.0,0.0,0.0,0.0,0.0,0.0,0.0,0.0,100000000.0,0.0,0.0,0.0,0.0,,0.0,0.0,0.0,0.0,0.0,43.014868162572384,,0.08047240073778578,0.08047240073778578,42,0.0,37.50183186479756,0.7177824211453822,False,0.1303574334495295,1.2006363320874,0.1,5,3.0,4.0,0.1,2,28.07928529479862,0.0,0.2512556347639048,,,,0.0,2,0.0,-0.10541491709365763,109829.05,1098290.5,3,,2,80.47240073778578,0.0125,4.5268707275390625,37.50183186479756,10,2
33.7760371877718,2,1.0,0.0,0.0,0.0,0.0,0.0,0.0,0.0,100000000.0,0.0,0.0,0.0,0.0,,0.0,0.0,0.0,0.0,0.0,43.24322286993265,,0.07701926005770446,0.07701926005770446,43,0.0,33.7760371877718,0.8283084087844758,False,0.14437013017452865,1.3296980384539183,0.1,5,3.0,4.0,0.1,2,25.336762141882062,0.0,0.24985983402887404,,,,0.0,2,0.0,-0.11069469511611656,120838.275,1208382.75,1,,2,77.01926005770446,0.025,4.421337127685547,33.776037187771806,10,2
36.48234886394228,2,1.0,0.0,0.0,0.0,0.0,0.0,0.0,0.0,100000000.0,0.0,0.0,0.0,0.0,,0.0,0.0,0.0,0.0,0.0,43.09203568845987,,0.07937470387013043,0.07937470387013043,43,0.0,36.48234886394228,0.7910390066701816,False,0.11077272985008847,1.0202545458522811,0.1,5,3.0,4.0,0.1,2,27.97868124524886,0.0,0.23308991563035314,,,,0.0,2,0.0,-0.09507371686010946,123977.075,1239770.75,2,,2,79.37470387013043,0.04375,4.462812423706055,36.48234886394228,10,2
36.36584346303777,2,1.0,0.0,0.0,0.0,0.0,0.0,0.0,0.0,100000000.0,0.0,0.0,0.0,0.0,,0.0,0.0,0.0,0.0,0.0,43.13969286158681,,0.07907957824999527,0.07907957824999527,43,0.0,36.36584346303777,0.8469660480592693,False,0.1303574334495295,1.2006363320874,0.1,5,3.0,4.0,0.1,2,29.589841017918545,0.0,0.18632875797329856,,,,0.0,2,0.0,-0.10471850584976239,131072.0,1310720.0,3,,2,79.07957824999527,0.0375,4.440996170043945,36.36584346303777,10,2
38.40332117806641,2,1.0,0.0,0.0,0.0,0.0,0.0,0.0,0.0,100000000.0,0.0,0.0,0.0,0.0,,0.0,0.0,0.0,0.0,0.0,43.44167886301875,,0.08184500004108516,0.08184500004108516,44,0.0,38.40332117806641,0.7603223311859904,False,0.14437013017452865,1.3296980384539183,0.1,5,3.0,4.0,0.1,2,28.172785569162215,0.0,0.2663971577215369,,,,0.0,2,0.0,-0.11310756510780691,113396.1,1133961.0,1,,2,81.84500004108516,0.01875,4.356725215911865,38.40332117806642,10,2
37.70376316460802,2,1.0,0.0,0.0,0.0,0.0,0.0,0.0,0.0,100000000.0,0.0,0.0,0.0,0.0,,0.0,0.0,0.0,0.0,0.0,42.83862002193928,,0.0805423831865473,0.0805423831865473,44,0.0,37.70376316460802,0.8065770951949158,False,0.11077272985008847,1.0202545458522811,0.1,5,3.0,4.0,0.1,2,27.226419911197294,0.0,0.2778858759447561,,,,0.0,2,0.0,-0.0956575565183179,119560.875,1195608.75,2,,2,80.5423831865473,0.0125,4.485996246337891,37.70376316460802,10,2
35.468701844006596,2,1.0,0.0,0.0,0.0,0.0,0.0,0.0,0.0,100000000.0,0.0,0.0,0.0,0.0,,0.0,0.0,0.0,0.0,0.0,42.8508510813117,,0.0783195529253183,0.0783195529253183,44,0.0,35.468701844006596,0.778244382836849,False,0.1303574334495295,1.2006363320874,0.1,5,3.0,4.0,0.1,2,26.779223253007235,0.0,0.2449900373917317,,,,0.0,2,0.0,-0.10433849318742389,114463.05,1144630.5,3,,2,78.31955292531829,0.0125,4.470066547393799,35.468701844006596,10,2
31.83477313890589,2,1.0,0.0,0.0,0.0,0.0,0.0,0.0,0.0,100000000.0,0.0,0.0,0.0,0.0,,0.0,0.0,0.0,0.0,0.0,43.71516639366746,,0.07460664247795476,0.07460664247795476,45,0.0,31.83477313890589,0.8710616528979992,False,0.14437013017452865,1.3296980384539183,0.1,5,3.0,4.0,0.1,2,27.361081931144707,0.0,0.14052844630746875,,,,0.0,2,0.0,-0.10948838632624171,126078.575,1260785.75,1,,2,74.60664247795476,0.025,4.420351028442383,31.83477313890589,10,2
33.59341730146532,2,1.0,0.0,0.0,0.0,0.0,0.0,0.0,0.0,100000000.0,0.0,0.0,0.0,0.0,,0.0,0.0,0.0,0.0,0.0,43.22636919096112,,0.0763702794608367,0.0763702794608367,45,0.0,33.59341730146532,0.8579730169683322,False,0.11077272985008847,1.0202545458522811,0.1,5,3.0,4.0,0.1,2,27.47835000688381,0.0,0.18203171293069903,,,,0.0,2,0.0,-0.09357150465546259,126322.825,1263228.25,2,,2,76.3702794608367,0.00625,4.46896505355835,33.59341730146532,10,2
32.441164247532825,2,1.0,0.0,0.0,0.0,0.0,0.0,0.0,0.0,100000000.0,0.0,0.0,0.0,0.0,,0.0,0.0,0.0,0.0,0.0,43.05673576891422,,0.07549790001644704,0.07549790001644704,45,0.0,32.441164247532825,0.7791957639382898,False,0.1303574334495295,1.2006363320874,0.1,5,3.0,4.0,0.1,2,25.653386840324778,0.0,0.20923347125941263,,,,0.0,2,0.0,-0.10292766673298827,118086.8,1180868.0,3,,2,75.49790001644705,0.03125,4.404959440231323,32.441164247532825,10,2
33.175143508657,2,1.0,0.0,0.0,0.0,0.0,0.0,0.0,0.0,100000000.0,0.0,0.0,0.0,0.0,,0.0,0.0,0.0,0.0,0.0,42.813464999198914,,0.07598789651174763,0.07598789651174763,46,0.0,33.175143508657,0.7883936834566736,False,0.14437013017452865,1.3296980384539183,0.1,5,3.0,4.0,0.1,2,26.738229966882056,0.0,0.19402820488463732,,,,0.0,2,0.0,-0.11017901334313815,119962.0,1199620.0,1,,2,75.98789651174764,0.025,4.359766960144043,33.17514350865701,10,2
34.194836078171576,2,1.0,0.0,0.0,0.0,0.0,0.0,0.0,0.0,100000000.0,0.0,0.0,0.0,0.0,,0.0,0.0,0.0,0.0,0.0,42.99290617927909,,0.07718774225745068,0.07718774225745068,46,0.0,34.194836078171576,0.8871830681198674,False,0.11077272985008847,1.0202545458522811,0.1,5,3.0,4.0,0.1,2,25.923606767136572,0.0,0.24188533298204587,,,,0.0,2,0.0,-0.09398023605376957,131072.0,1310720.0,2,,2,77.18774225745068,0.0375,4.42223858833313,34.194836078171576,10,2
35.385229994129055,2,1.0,0.0,0.0,0.0,0.0,0.0,0.0,0.0,100000000.0,0.0,0.0,0.0,0.0,,0.0,0.0,0.0,0.0,0.0,42.7834102883935,,0.07794054075754772,0.07794054075754772,46,0.0,35.385229994129055,0.8519698806237871,False,0.1303574334495295,1.2006363320874,0.1,5,3.0,4.0,0.1,2,27.281078840438184,0.0,0.22902638064060826,,,,0.0,2,0.0,-0.1041489871035386,125642.3,1256423.0,3,,2,77.94054075754772,0.0375,4.3777244091033936,35.385229994129055,10,2
39.339749608230505,2,1.0,0.0,0.0,0.0,0.0,0.0,0.0,0.0,100000000.0,0.0,0.0,0.0,0.0,,0.0,0.0,0.0,0.0,0.0,43.64464385434985,,0.08238386455927482,0.08238386455927482,47,0.0,39.339749608230505,0.8621710539292691,False,0.14437013017452865,1.3296980384539183,0.1,5,3.0,4.0,0.1,2,28.333729171153987,0.0,0.27976844150461716,,,,0.0,2,0.0,-0.11337699736690174,131072.0,1310720.0,1,,2,82.38386455927483,0.0375,4.3642377853393555,39.339749608230505,10,2
36.74577600729751,2,1.0,0.0,0.0,0.0,0.0,0.0,0.0,0.0,100000000.0,0.0,0.0,0.0,0.0,,0.0,0.0,0.0,0.0,0.0,43.09450276196003,,0.07984027876925753,0.07984027876925753,47,0.0,36.74577600729751,0.8186379454595436,False,0.11077272985008847,1.0202545458522811,0.1,5,3.0,4.0,0.1,2,29.337997981421655,0.0,0.2015953622643515,,,,0.0,2,0.0,-0.095306504309673,115882.375,1158823.75,2,,2,79.84027876925754,0.01875,4.48131537437439,36.74577600729751,10,2
28.801462076908464,2,1.0,0.0,0.0,0.0,0.0,0.0,0.0,0.0,100000000.0,0.0,0.0,0.0,0.0,,0.0,0.0,0.0,0.0,0.0,43.13219105824828,,0.07172649812356245,0.07172649812356245,47,0.0,28.801462076908464,0.8862232167085731,False,0.1303574334495295,1.2006363320874,0.1,5,3.0,4.0,0.1,2,25.490180823645186,0.0,0.1149692069250225,,,,0.0,2,0.0,-0.10104196578654598,131072.0,1310720.0,3,,2,71.72649812356245,0.0,4.384716749191284,28.801462076908464,10,2
32.640402070564875,2,1.0,0.0,0.0,0.0,0.0,0.0,0.0,0.0,100000000.0,0.0,0.0,0.0,0.0,,0.0,0.0,0.0,0.0,0.0,43.279048055410385,,0.0758538491608032,0.0758538491608032,48,0.0,32.640402070564875,0.8282670115051397,False,0.14437013017452865,1.3296980384539183,0.1,5,3.0,4.0,0.1,2,27.96966316665229,0.0,0.14309685566418492,,,,0.0,2,0.0,-0.11011198966766593,125210.275,1252102.75,1,,2,75.85384916080321,0.04375,4.388484716415405,32.640402070564875,10,2
35.44378913290754,2,1.0,0.0,0.0,0.0,0.0,0.0,0.0,0.0,100000000.0,0.0,0.0,0.0,0.0,,0.0,0.0,0.0,0.0,0.0,43.40727301314473,,0.07885106214605228,0.07885106214605228,48,0.0,35.44378913290754,0.850463385498599,False,0.11077272985008847,1.0202545458522811,0.1,5,3.0,4.0,0.1,2,28.039572970996332,0.0,0.2089002429776002,,,,0.0,2,0.0,-0.09481189599807038,126041.55,1260415.5,2,,2,78.85106214605229,0.00625,4.418588399887085,35.44378913290754,10,2
32.191386966970555,2,1.0,0.0,0.0,0.0,0.0,0.0,0.0,0.0,100000000.0,0.0,0.0,0.0,0.0,,0.0,0.0,0.0,0.0,0.0,42.960817925632,,0.0750431358432442,0.0750431358432442,48,0.0,32.191386966970555,0.7442128113324586,False,0.1303574334495295,1.2006363320874,0.1,5,3.0,4.0,0.1,2,25.707883770450643,0.0,0.20140490383878784,,,,0.0,2,0.0,-0.10270028464638684,115526.075,1155260.75,3,,2,75.04313584324419,0.05,4.356426954269409,32.19138696697056,10,2
32.71393583984431,2,1.0,0.0,0.0,0.0,0.0,0.0,0.0,0.0,100000000.0,0.0,0.0,0.0,0.0,,0.0,0.0,0.0,0.0,0.0,42.919935658574104,,0.07563387149841841,0.07563387149841841,49,0.0,32.71393583984431,0.8537706505950127,False,0.14437013017452865,1.3296980384539183,0.1,5,3.0,4.0,0.1,2,25.841137646688463,0.0,0.2100877811463164,,,,0.0,2,0.0,-0.11000200083647353,123577.8,1235778.0,1,,2,75.63387149841842,0.00625,4.29083776473999,32.71393583984431,10,2
35.379027090584174,2,1.0,0.0,0.0,0.0,0.0,0.0,0.0,0.0,100000000.0,0.0,0.0,0.0,0.0,,0.0,0.0,0.0,0.0,0.0,43.02807990461588,,0.07840710699520005,0.07840710699520005,49,0.0,35.379027090584174,0.7293564923834566,False,0.11077272985008847,1.0202545458522811,0.1,5,3.0,4.0,0.1,2,27.02284174458541,0.0,0.23619036568200855,,,,0.0,2,0.0,-0.09458991842264426,111131.525,1111315.25,2,,2,78.40710699520005,0.01875,4.443734645843506,35.379027090584174,10,2
31.275098590944765,2,1.0,0.0,0.0,0.0,0.0,0.0,0.0,0.0,100000000.0,0.0,0.0,0.0,0.0,,0.0,0.0,0.0,0.0,0.0,43.36332995444536,,0.07463842854539013,0.07463842854539013,49,0.0,31.275098590944765,0.8108436368371755,False,0.1303574334495295,1.2006363320874,0.1,5,3.0,4.0,0.1,2,26.974791995889813,0.0,0.1374993777413716,,,,0.0,2,0.0,-0.10249793099745981,119889.3,1198893.0,3,,2,74.63842854539013,0.00625,4.401223421096802,31.275098590944765,10,2
35.21625098750379,2,1.0,0.0,0.0,0.0,0.0,0.0,0.0,0.0,100000000.0,0.0,0.0,0.0,0.0,,0.0,0.0,0.0,0.0,0.0,42.885396629571915,,0.07795289817244198,0.07795289817244198,50,0.0,35.21625098750379,0.8802498501603406,False,0.14437013017452865,1.3296980384539183,0.1,5,3.0,4.0,0.1,2,28.615139393927272,0.0,0.1874450405274221,,,,0.0,2,0.0,-0.11116151417348533,125631.225,1256312.25,1,0.0109375,2,77.95289817244199,0.0375,4.258844375610352,35.21625098750379,10,2
28.48842879980619,2,1.0,0.0,0.0,0.0,0.0,0.0,0.0,0.0,100000000.0,0.0,0.0,0.0,0.0,,0.0,0.0,0.0,0.0,0.0,43.40175772085786,,0.07189018652066405,0.07189018652066405,50,0.0,28.48842879980619,0.8713206850525687,False,0.11077272985008847,1.0202545458522811,0.1,5,3.0,4.0,0.1,2,25.198036905152275,0.0,0.11549924068386315,,,,0.0,2,0.0,-0.09133145818537626,124597.075,1245970.75,2,0.0109375,2,71.89018652066405,0.0375,4.379071474075317,28.48842879980619,10,2
30.429869992053266,2,1.0,0.0,0.0,0.0,0.0,0.0,0.0,0.0,100000000.0,0.0,0.0,0.0,0.0,,0.0,0.0,0.0,0.0,0.0,42.691364884376526,,0.07295286106816506,0.07295286106816506,50,0.0,30.429869992053266,0.9068039274181423,False,0.1303574334495295,1.2006363320874,0.1,5,3.0,4.0,0.1,2,25.203804929578485,0.0,0.17174128788061083,,,,0.0,2,0.0,-0.10165514725884728,131072.0,1310720.0,3,0.0109375,2,72.95286106816506,0.025,4.338993072509766,30.429869992053273,10,2
35.38999736663851,2,1.0,0.0,0.0,0.0,0.0,0.0,0.0,0.0,100000000.0,0.0,0.0,0.0,0.0,,0.0,0.0,0.0,0.0,0.0,43.149633798748255,,0.07842608338576706,0.07842608338576706,51,0.0,35.38999736663851,0.868186820901764,False,0.14437013017452865,1.3296980384539183,0.1,5,3.0,4.0,0.1,2,26.35090037641765,0.0,0.2554138927046616,,,,0.0,2,0.0,-0.11139810678014786,125913.225,1259132.25,1,,2,78.42608338576707,0.0,4.561335563659668,35.38999736663851,10,2
36.23490830407109,2,1.0,0.0,0.0,0.0,0.0,0.0,0.0,0.0,100000000.0,0.0,0.0,0.0,0.0,,0.0,0.0,0.0,0.0,0.0,43.127686716616154,,0.07879958211899366,0.07879958211899366,51,0.0,36.23490830407109,0.8189148913981029,False,0.11077272985008847,1.0202545458522811,0.1,5,3.0,4.0,0.1,2,28.335474898791844,0.0,0.21800616518716912,,,,0.0,2,0.0,-0.09478615598454107,125407.45,1254074.5,2,,2,78.79958211899365,0.00625,4.596971035003662,36.23490830407109,10,2
31.714094956305047,2,1.0,0.0,0.0,0.0,0.0,0.0,0.0,0.0,100000000.0,0.0,0.0,0.0,0.0,,0.0,0.0,0.0,0.0,0.0,43.21478120982647,,0.07478158436962544,0.07478158436962544,51,0.0,31.714094956305047,0.9027457594427872,False,0.1303574334495295,1.2006363320874,0.1,5,3.0,4.0,0.1,2,28.90545213464927,0.0,0.08856134237869509,,,,0.0,2,0.0,-0.10256950890957747,131072.0,1310720.0,3,,2,74.78158436962543,0.025,4.5734453201293945,31.714094956305047,10,2
33.106671314718376,2,1.0,0.0,0.0,0.0,0.0,0.0,0.0,0.0,100000000.0,0.0,0.0,0.0,0.0,,0.0,0.0,0.0,0.0,0.0,42.58872102946043,,0.0756953923441788,0.0756953923441788,52,0.0,33.106671314718376,0.8962890683695154,False,0.14437013017452865,1.3296980384539183,0.1,5,3.0,4.0,0.1,2,26.05518217888357,0.0,0.21299299675288988,,,,0.0,2,0.0,-0.11003276125935373,131072.0,1310720.0,1,,2,75.6953923441788,0.04375,4.429219722747803,33.106671314718376,10,2
28.010874440086393,2,1.0,0.0,0.0,0.0,0.0,0.0,0.0,0.0,100000000.0,0.0,0.0,0.0,0.0,,0.0,0.0,0.0,0.0,0.0,42.76866279542446,,0.07057274031744651,0.07057274031744651,52,0.0,28.010874440086393,0.8025525632005179,False,0.11077272985008847,1.0202545458522811,0.1,5,3.0,4.0,0.1,2,24.629403082558458,0.0,0.12071994984521824,,,,0.0,2,0.0,-0.0906727350837675,114556.275,1145562.75,2,,2,70.5727403174465,0.01875,4.507960557937622,28.010874440086397,10,2
32.6418725872996,2,1.0,0.0,0.0,0.0,0.0,0.0,0.0,0.0,100000000.0,0.0,0.0,0.0,0.0,,0.0,0.0,0.0,0.0,0.0,42.72439796477556,,0.07536627055207518,0.07536627055207518,52,0.0,32.6418725872996,0.7861941970013562,False,0.1303574334495295,1.2006363320874,0.1,5,3.0,4.0,0.1,2,24.192064902455034,0.0,0.2588640606400824,,,,0.0,2,0.0,-0.10286185200080233,110664.25,1106642.5,3,,2,75.36627055207518,0.04375,4.4653801918029785,32.64187258729961,10,2
29.25168630416531,2,1.0,0.0,0.0,0.0,0.0,0.0,0.0,0.0,100000000.0,0.0,0.0,0.0,0.0,,0.0,0.0,0.0,0.0,0.0,42.75694116950035,,0.07200862747366567,0.07200862747366567,53,0.0,29.25168630416531,0.7891477572049835,False,0.14437013017452865,1.3296980384539183,0.1,5,3.0,4.0,0.1,2,23.045152057035015,0.0,0.21217697272538139,,,,0.0,2,0.0,-0.10818937882409715,112685.875,1126858.75,1,,2,72.00862747366567,0.025,4.378235101699829,29.251686304165318,10,2
41.24853323364754,2,1.0,0.0,0.0,0.0,0.0,0.0,0.0,0.0,100000000.0,0.0,0.0,0.0,0.0,,0.0,0.0,0.0,0.0,0.0,42.94606065377593,,0.08419459388742347,0.08419459388742347,53,0.0,41.24853323364754,0.8224705582045942,False,0.11077272985008847,1.0202545458522811,0.1,5,3.0,4.0,0.1,2,29.729086143107704,0.0,0.2792692536553788,,,,0.0,2,0.0,-0.09748366186875597,118920.35,1189203.5,2,,2,84.19459388742347,0.0125,4.468085050582886,41.248533233647535,10,2
31.149095444024567,2,1.0,0.0,0.0,0.0,0.0,0.0,0.0,0.0,100000000.0,0.0,0.0,0.0,0.0,,0.0,0.0,0.0,0.0,0.0,42.577404994517565,,0.0735838674549172,0.0735838674549172,53,0.0,31.149095444024567,0.8444241470212358,False,0.1303574334495295,1.2006363320874,0.1,5,3.0,4.0,0.1,2,27.536810949710183,0.0,0.11596755677241796,,,,0.0,2,0.0,-0.10197065045222334,122307.625,1223076.25,3,,2,73.5838674549172,0.0125,4.427728891372681,31.149095444024564,10,2
38.48461629747413,2,1.0,0.0,0.0,0.0,0.0,0.0,0.0,0.0,100000000.0,0.0,0.0,0.0,0.0,,0.0,0.0,0.0,0.0,0.0,43.4221182949841,,0.08190673459245823,0.08190673459245823,54,0.0,38.48461629747413,0.8280634079042839,False,0.14437013017452865,1.3296980384539183,0.1,5,3.0,4.0,0.1,2,29.81517663808946,0.0,0.22527026363917976,,,,0.0,2,0.0,-0.11313843238349344,125058.75,1250587.5,1,,2,81.90673459245824,0.03125,4.436851739883423,38.48461629747413,10,2
37.111127564902965,2,1.0,0.0,0.0,0.0,0.0,0.0,0.0,0.0,100000000.0,0.0,0.0,0.0,0.0,,0.0,0.0,0.0,0.0,0.0,42.85731492564082,,0.0798421164995391,0.0798421164995391,54,0.0,37.111127564902965,0.7485678885587599,False,0.11077272985008847,1.0202545458522811,0.1,5,3.0,4.0,0.1,2,26.535280108562414,0.0,0.2849777991208876,,,,0.0,2,0.0,-0.09530742317481378,109115.325,1091153.25,2,,2,79.84211649953909,0.0375,4.444462060928345,37.11112756490297,10,2
38.03547568145036,2,1.0,0.0,0.0,0.0,0.0,0.0,0.0,0.0,100000000.0,0.0,0.0,0.0,0.0,,0.0,0.0,0.0,0.0,0.0,43.37565042078495,,0.0814111261022353,0.0814111261022353,54,0.0,38.03547568145036,0.8122087425135021,False,0.1303574334495295,1.2006363320874,0.1,5,3.0,4.0,0.1,2,27.894579550342122,0.0,0.2666167820809951,,,,0.0,2,0.0,-0.1058842797758824,118312.55,1183125.5,3,,2,81.4111261022353,0.025,4.426628112792969,38.03547568145035,10,2
35.39386190201214,2,1.0,0.0,0.0,0.0,0.0,0.0,0.0,0.0,100000000.0,0.0,0.0,0.0,0.0,,0.0,0.0,0.0,0.0,0.0,42.92948683723807,,0.0783233487392502,0.0783233487392502,55,0.0,35.39386190201214,0.8210030402037394,False,0.14437013017452865,1.3296980384539183,0.1,5,3.0,4.0,0.1,2,27.10056559410283,0.0,0.2343145354092551,,,,0.0,2,0.0,-0.11134673945688943,125955.875,1259558.75,1,,2,78.3233487392502,0.05625,4.331483364105225,35.39386190201214,10,2
32.33266094520457,2,1.0,0.0,0.0,0.0,0.0,0.0,0.0,0.0,100000000.0,0.0,0.0,0.0,0.0,,0.0,0.0,0.0,0.0,0.0,42.93223982676864,,0.07501682903438577,0.07501682903438577,55,0.0,32.33266094520457,0.77506252370605,False,0.11077272985008847,1.0202545458522811,0.1,5,3.0,4.0,0.1,2,25.29886628292339,0.0,0.21754456505147002,,,,0.0,2,0.0,-0.09289477944223712,117361.125,1173611.25,2,,2,75.01682903438576,0.0375,4.409813642501831,32.33266094520458,10,2
37.9623465352527,2,1.0,0.0,0.0,0.0,0.0,0.0,0.0,0.0,100000000.0,0.0,0.0,0.0,0.0,,0.0,0.0,0.0,0.0,0.0,43.0203708820045,,0.08078822932400026,0.08078822932400026,55,0.0,37.9623465352527,0.8118486860180705,False,0.1303574334495295,1.2006363320874,0.1,5,3.0,4.0,0.1,2,28.773703317420047,0.0,0.2420462394046129,,,,0.0,2,0.0,-0.10557283138676488,131072.0,1310720.0,3,,2,80.78822932400026,0.0625,4.3778440952301025,37.962346535252706,10,2
32.33596932615483,2,1.0,0.0,0.0,0.0,0.0,0.0,0.0,0.0,100000000.0,0.0,0.0,0.0,0.0,,0.0,0.0,0.0,0.0,0.0,42.81505709514022,,0.0748959506722852,0.0748959506722852,56,0.0,32.33596932615483,0.8234401860800503,False,0.14437013017452865,1.3296980384539183,0.1,5,3.0,4.0,0.1,2,27.6926312427423,0.0,0.1435966875332475,,,,0.0,2,0.0,-0.10963304042340694,131072.0,1310720.0,1,,2,74.8959506722852,0.03125,4.32088041305542,32.33596932615483,10,2
35.581265669292875,2,1.0,0.0,0.0,0.0,0.0,0.0,0.0,0.0,100000000.0,0.0,0.0,0.0,0.0,,0.0,0.0,0.0,0.0,0.0,43.31984277814627,,0.07868087766689724,0.07868087766689724,56,0.0,35.581265669292875,0.877181038709708,False,0.11077272985008847,1.0202545458522811,0.1,5,3.0,4.0,0.1,2,27.418116316276517,0.0,0.22942268071316152,,,,0.0,2,0.0,-0.09472680375849285,125826.4,1258264.0,2,,2,78.68087766689725,0.00625,4.470554828643799,35.581265669292875,10,2
34.83196679017396,2,1.0,0.0,0.0,0.0,0.0,0.0,0.0,0.0,100000000.0,0.0,0.0,0.0,0.0,,0.0,0.0,0.0,0.0,0.0,42.677727062255144,,0.07742364476880881,0.07742364476880881,56,0.0,34.83196679017396,0.7941421310803143,False,0.1303574334495295,1.2006363320874,0.1,5,3.0,4.0,0.1,2,26.93603479252253,0.0,0.2266863667279006,,,,0.0,2,0.0,-0.10389053910916915,116070.975,1160709.75,3,,2,77.42364476880881,0.01875,4.3701012134552,34.831966790173965,10,2
38.0971116012685,2,1.0,0.0,0.0,0.0,0.0,0.0,0.0,0.0,100000000.0,0.0,0.0,0.0,0.0,,0.0,0.0,0.0,0.0,0.0,42.7125571295619,,0.0808096687308304,0.0808096687308304,57,0.0,38.0971116012685,0.8427783063599664,False,0.14437013017452865,1.3296980384539183,0.1,5,3.0,4.0,0.1,2,30.979685286579265,0.0,0.18682325288020663,,,,0.0,2,0.0,-0.11258989945267953,131072.0,1310720.0,1,,2,80.8096687308304,0.01875,4.3598856925964355,38.0971116012685,10,2
33.964089499155406,2,1.0,0.0,0.0,0.0,0.0,0.0,0.0,0.0,100000000.0,0.0,0.0,0.0,0.0,,0.0,0.0,0.0,0.0,0.0,43.1840056553483,,0.07714809515450372,0.07714809515450372,57,0.0,33.964089499155406,0.775681581729674,False,0.11077272985008847,1.0202545458522811,0.1,5,3.0,4.0,0.1,2,25.180996943517965,0.0,0.2585993820283583,,,,0.0,2,0.0,-0.09396041250229609,113133.225,1131332.25,2,,2,77.14809515450372,0.0125,4.431239604949951,33.964089499155406,10,2
42.0636434177832,2,1.0,0.0,0.0,0.0,0.0,0.0,0.0,0.0,100000000.0,0.0,0.0,0.0,0.0,,0.0,0.0,0.0,0.0,0.0,42.89476200938225,,0.08495840542716544,0.08495840542716544,57,0.0,42.0636434177832,0.7890168002465254,False,0.1303574334495295,1.2006363320874,0.1,5,3.0,4.0,0.1,2,30.62060995600542,0.0,0.2720409487148709,,,,0.0,2,0.0,-0.10765791943834746,116422.875,1164228.75,3,,2,84.95840542716545,0.025,4.353378772735596,42.0636434177832,10,2
34.103749454830066,2,1.0,0.0,0.0,0.0,0.0,0.0,0.0,0.0,100000000.0,0.0,0.0,0.0,0.0,,0.0,0.0,0.0,0.0,0.0,42.99120465293527,,0.07659295820153156,0.07659295820153156,58,0.0,34.103749454830066,0.837657392390712,False,0.14437013017452865,1.3296980384539183,0.1,5,3.0,4.0,0.1,2,25.880757232882743,0.0,0.24111695497993724,,,,0.0,2,0.0,-0.1104815441880301,121280.15,1212801.5,1,,2,76.59295820153156,0.025,4.358264684677124,34.10374945483007,10,2
31.832864037742805,2,1.0,0.0,0.0,0.0,0.0,0.0,0.0,0.0,100000000.0,0.0,0.0,0.0,0.0,,0.0,0.0,0.0,0.0,0.0,44.66779995709658,,0.07650066399483937,0.07650066399483937,58,0.0,31.832864037742805,0.8055368086947701,False,0.11077272985008847,1.0202545458522811,0.1,5,3.0,4.0,0.1,2,26.652382342503444,0.0,0.16274004403427522,,,,0.0,2,0.0,-0.09363669692246393,120592.45,1205924.5,2,,2,76.50066399483937,0.0125,4.420861482620239,31.832864037742805,10,2
39.3260372827906,2,1.0,0.0,0.0,0.0,0.0,0.0,0.0,0.0,100000000.0,0.0,0.0,0.0,0.0,,0.0,0.0,0.0,0.0,0.0,43.62103622406721,,0.08294707350685782,0.08294707350685782,58,0.0,39.3260372827906,0.8884910602481428,False,0.1303574334495295,1.2006363320874,0.1,5,3.0,4.0,0.1,2,27.635612360025924,0.0,0.2972693342759074,,,,0.0,2,0.0,-0.10665225347819365,126080.0,1260800.0,3,,2,82.94707350685782,0.03125,4.324860334396362,39.3260372827906,10,2
38.54585752038934,2,1.0,0.0,0.0,0.0,0.0,0.0,0.0,0.0,100000000.0,0.0,0.0,0.0,0.0,,0.0,0.0,0.0,0.0,0.0,42.9513780400157,,0.08149723556040503,0.08149723556040503,59,0.0,38.54585752038934,0.8405344579826322,False,0.14437013017452865,1.3296980384539183,0.1,5,3.0,4.0,0.1,2,29.969643743936814,0.0,0.22249378605511685,,,,0.0,2,0.0,-0.11293368286746684,123090.05,1230900.5,1,,2,81.49723556040503,0.05,4.314880847930908,38.54585752038934,10,2
37.33698456388847,2,1.0,0.0,0.0,0.0,0.0,0.0,0.0,0.0,100000000.0,0.0,0.0,0.0,0.0,,0.0,0.0,0.0,0.0,0.0,42.71828569471836,,0.08005527025860684,0.08005527025860684,59,0.0,37.33698456388847,0.8394979847506218,False,0.11077272985008847,1.0202545458522811,0.1,5,3.0,4.0,0.1,2,29.76555577551595,0.0,0.20278629559430056,,,,0.0,2,0.0,-0.09541400005434766,120646.875,1206468.75,2,,2,80.05527025860684,0.01875,4.432471036911011,37.33698456388847,10,2
29.772531398809864,2,1.0,0.0,0.0,0.0,0.0,0.0,0.0,0.0,100000000.0,0.0,0.0,0.0,0.0,,0.0,0.0,0.0,0.0,0.0,44.45299971848726,,0.07388545614225842,0.07388545614225842,59,0.0,29.772531398809864,0.7985952058996089,False,0.1303574334495295,1.2006363320874,0.1,5,3.0,4.0,0.1,2,25.87530166676208,0.0,0.13090018043287963,,,,0.0,2,0.0,-0.10212144479589395,117201.0,1172010.0,3,,2,73.88545614225842,0.025,4.386641979217529,29.772531398809868,10,2
32.27575227762147,2,1.0,0.0,0.0,0.0,0.0,0.0,0.0,0.0,100000000.0,0.0,0.0,0.0,0.0,,0.0,0.0,0.0,0.0,0.0,43.106616009026766,,0.0750320084593682,0.0750320084593682,60,0.0,32.27575227762147,0.8064122920272341,False,0.14437013017452865,1.3296980384539183,0.1,5,3.0,4.0,0.1,2,26.312733227331393,0.0,0.18475228707293573,,,,0.0,2,0.0,-0.10970106931694842,112591.825,1125918.25,1,0.00859375,2,75.0320084593682,0.0125,4.332666397094727,32.27575227762147,10,2
38.57317156142132,2,1.0,0.0,0.0,0.0,0.0,0.0,0.0,0.0,100000000.0,0.0,0.0,0.0,0.0,,0.0,0.0,0.0,0.0,0.0,42.92358877137303,,0.08149676033279435,0.08149676033279435,60,0.0,38.57317156142132,0.7611475216713531,False,0.11077272985008847,1.0202545458522811,0.1,5,3.0,4.0,0.1,2,27.35556886369444,0.0,0.2908135951399465,,,,0.0,2,0.0,-0.0961347450914414,111650.45,1116504.5,2,0.00859375,2,81.49676033279435,0.01875,4.418221473693848,38.57317156142132,10,2
35.6482662506529,2,1.0,0.0,0.0,0.0,0.0,0.0,0.0,0.0,100000000.0,0.0,0.0,0.0,0.0,,0.0,0.0,0.0,0.0,0.0,42.777503374964,,0.07839177914561116,0.07839177914561116,60,0.0,35.6482662506529,0.7799057665336484,False,0.1303574334495295,1.2006363320874,0.1,5,3.0,4.0,0.1,2,29.00324164343082,0.0,0.18640526752406583,,,,0.0,2,0.0,-0.10437460629757032,124276.25,1242762.5,3,0.00859375,2,78.39177914561115,0.04375,4.403382062911987,35.6482662506529,10,2
38.035844293375604,2,1.0,0.0,0.0,0.0,0.0,0.0,0.0,0.0,100000000.0,0.0,0.0,0.0,0.0,,0.0,0.0,0.0,0.0,0.0,43.29371824860573,,0.08119617619453848,0.08119617619453848,61,0.0,38.035844293375604,0.8278971815661533,False,0.14437013017452865,1.3296980384539183,0.1,5,3.0,4.0,0.1,2,28.53541696090079,0.0,0.24977563950458762,,,,0.0,2,0.0,-0.11278315318453357,124465.15,1244651.5,1,,2,81.19617619453848,0.025,4.563565492630005,38.03584429337561,10,2
37.511838796437466,2,1.0,0.0,0.0,0.0,0.0,0.0,0.0,0.0,100000000.0,0.0,0.0,0.0,0.0,,0.0,0.0,0.0,0.0,0.0,42.71112196147442,,0.08022296075791188,0.08022296075791188,61,0.0,37.511838796437466,0.8004401675898162,False,0.11077272985008847,1.0202545458522811,0.1,5,3.0,4.0,0.1,2,28.56109397417821,0.0,0.23861119874265707,,,,0.0,2,0.0,-0.09549784530400018,120924.125,1209241.25,2,,2,80.22296075791188,0.0125,4.597255706787109,37.511838796437466,10,2
42.98277275911411,2,1.0,0.0,0.0,0.0,0.0,0.0,0.0,0.0,100000000.0,0.0,0.0,0.0,0.0,,0.0,0.0,0.0,0.0,0.0,43.2178839109838,,0.08593455778709493,0.08593455778709493,61,0.0,42.98277275911411,0.778025085681131,False,0.1303574334495295,1.2006363320874,0.1,5,3.0,4.0,0.1,2,31.461478809681324,0.0,0.2680444561825017,,,,0.0,2,0.0,-0.1081459956183122,119503.35,1195033.5,3,,2,85.93455778709493,0.0125,4.584986448287964,42.98277275911412,10,2
35.97908280595437,2,1.0,0.0,0.0,0.0,0.0,0.0,0.0,0.0,100000000.0,0.0,0.0,0.0,0.0,,0.0,0.0,0.0,0.0,0.0,43.16159291192889,,0.07889979844718471,0.07889979844718471,62,0.0,35.97908280595437,0.7450819407239208,False,0.14437013017452865,1.3296980384539183,0.1,5,3.0,4.0,0.1,2,27.582965854825833,0.0,0.2333610613814485,,,,0.0,2,0.0,-0.11163496431085668,111303.85,1113038.5,1,,2,78.89979844718471,0.03125,4.406151056289673,35.97908280595437,10,2
32.85737904529285,2,1.0,0.0,0.0,0.0,0.0,0.0,0.0,0.0,100000000.0,0.0,0.0,0.0,0.0,,0.0,0.0,0.0,0.0,0.0,43.13452588394284,,0.07567537073786568,0.07567537073786568,62,0.0,32.85737904529285,0.7786894098484745,False,0.11077272985008847,1.0202545458522811,0.1,5,3.0,4.0,0.1,2,27.25626701490931,0.0,0.1704674016348836,,,,0.0,2,0.0,-0.09322405029397707,110547.0,1105470.0,2,,2,75.67537073786568,0.03125,4.492123603820801,32.85737904529285,10,2
35.47601695234029,2,1.0,0.0,0.0,0.0,0.0,0.0,0.0,0.0,100000000.0,0.0,0.0,0.0,0.0,,0.0,0.0,0.0,0.0,0.0,43.54167357087135,,0.07901769052321164,0.07901769052321164,62,0.0,35.47601695234029,0.8251929669728643,False,0.1303574334495295,1.2006363320874,0.1,5,3.0,4.0,0.1,2,27.373096994369217,0.0,0.22840557238589715,,,,0.0,2,0.0,-0.10468756198637057,118189.325,1181893.25,3,,2,79.01769052321164,0.04375,4.4746253490448,35.476016952340295,10,2
30.947039233465865,2,1.0,0.0,0.0,0.0,0.0,0.0,0.0,0.0,100000000.0,0.0,0.0,0.0,0.0,,0.0,0.0,0.0,0.0,0.0,42.72523941472173,,0.07355458927707859,0.07355458927707859,63,0.0,30.947039233465865,0.8053410070409189,False,0.14437013017452865,1.3296980384539183,0.1,5,3.0,4.0,0.1,2,25.09651273256762,0.0,0.1890496359526223,,,,0.0,2,0.0,-0.10896235972580362,119892.85,1198928.5,1,,2,73.55458927707859,0.04375,4.360318183898926,30.947039233465862,10,2
35.187624615555364,2,1.0,0.0,0.0,0.0,0.0,0.0,0.0,0.0,100000000.0,0.0,0.0,0.0,0.0,,0.0,0.0,0.0,0.0,0.0,42.89952339604497,,0.07808714801160033,0.07808714801160033,63,0.0,35.187624615555364,0.7648983019361854,False,0.11077272985008847,1.0202545458522811,0.1,5,3.0,4.0,0.1,2,27.94925227386994,0.0,0.20570789931882932,,,,0.0,2,0.0,-0.09442993893084439,119326.275,1193262.75,2,,2,78.08714801160033,0.0375,4.429431200027466,35.187624615555364,10,2
41.492278390991075,2,1.0,0.0,0.0,0.0,0.0,0.0,0.0,0.0,100000000.0,0.0,0.0,0.0,0.0,,0.0,0.0,0.0,0.0,0.0,42.87066124379635,,0.08436293963478743,0.08436293963478743,63,0.0,41.492278390991075,0.7474156994978822,False,0.1303574334495295,1.2006363320874,0.1,5,3.0,4.0,0.1,2,27.183331580945026,0.0,0.3448580643176454,,,,0.0,2,0.0,-0.10736018654215845,105385.225,1053852.25,3,,2,84.36293963478742,0.0625,4.436295509338379,41.49227839099108,10,2
33.55912872877614,2,1.0,0.0,0.0,0.0,0.0,0.0,0.0,0.0,100000000.0,0.0,0.0,0.0,0.0,,0.0,0.0,0.0,0.0,0.0,43.19041781127453,,0.07674778354641693,0.07674778354641693,64,0.0,33.55912872877614,0.8856234849647893,False,0.14437013017452865,1.3296980384539183,0.1,5,3.0,4.0,0.1,2,27.233470983318703,0.0,0.18849290744647182,,,,0.0,2,0.0,-0.11055895686047279,131072.0,1310720.0,1,,2,76.74778354641693,0.025,4.3302507400512695,33.559128728776145,10,2
27.992596245111674,2,1.0,0.0,0.0,0.0,0.0,0.0,0.0,0.0,100000000.0,0.0,0.0,0.0,0.0,,0.0,0.0,0.0,0.0,0.0,43.22015214711428,,0.07113144160315558,0.07113144160315558,64,0.0,27.992596245111674,0.7360264077315021,False,0.11077272985008847,1.0202545458522811,0.1,5,3.0,4.0,0.1,2,23.824628971764128,0.0,0.14889534492805026,,,,0.0,2,0.0,-0.09095208572662203,103841.975,1038419.75,2,,2,71.13144160315558,0.0375,4.4072136878967285,27.992596245111677,10,2
34.307206206945914,2,1.0,0.0,0.0,0.0,0.0,0.0,0.0,0.0,100000000.0,0.0,0.0,0.0,0.0,,0.0,0.0,0.0,0.0,0.0,43.409040197730064,,0.07771624640467598,0.07771624640467598,64,0.0,34.307206206945914,0.7944109100664499,False,0.1303574334495295,1.2006363320874,0.1,5,3.0,4.0,0.1,2,27.461672141443824,0.0,0.19953633135291923,,,,0.0,2,0.0,-0.10403683992710273,110347.85,1103478.5,3,,2,77.71624640467597,0.01875,4.445669651031494,34.307206206945914,10,2
34.500256212820254,2,1.0,0.0,0.0,0.0,0.0,0.0,0.0,0.0,100000000.0,0.0,0.0,0.0,0.0,,0.0,0.0,0.0,0.0,0.0,44.714835938066244,,0.0792150921508865,0.0792150921508865,65,0.0,34.500256212820254,0.836875492504608,False,0.14437013017452865,1.3296980384539183,0.1,5,3.0,4.0,0.1,2,27.243334269021194,0.0,0.21034400147736862,,,,0.0,2,0.0,-0.11179261116270758,125399.325,1253993.25,1,,2,79.2150921508865,0.03125,4.367115020751953,34.500256212820254,10,2
28.478857002196722,2,1.0,0.0,0.0,0.0,0.0,0.0,0.0,0.0,100000000.0,0.0,0.0,0.0,0.0,,0.0,0.0,0.0,0.0,0.0,43.04562695324421,,0.0713870752257983,0.0713870752257983,65,0.0,28.478857002196722,0.8407925333428746,False,0.11077272985008847,1.0202545458522811,0.1,5,3.0,4.0,0.1,2,24.56752085513339,0.0,0.1373417531034209,,,,0.0,2,0.0,-0.09107990253794339,120801.425,1208014.25,2,,2,71.3870752257983,0.0125,4.3967814445495605,28.478857002196726,10,2
36.33696869771893,2,1.0,0.0,0.0,0.0,0.0,0.0,0.0,0.0,100000000.0,0.0,0.0,0.0,0.0,,0.0,0.0,0.0,0.0,0.0,43.01866516470909,,0.07932125874619897,0.07932125874619897,65,0.0,36.33696869771893,0.8879624366528194,False,0.1303574334495295,1.2006363320874,0.1,5,3.0,4.0,0.1,2,29.521025243985466,0.0,0.1875760058697834,,,,0.0,2,0.0,-0.10483934609786423,131072.0,1310720.0,3,,2,79.32125874619896,0.03125,4.403300762176514,36.33696869771893,10,2
31.261305792430928,2,1.0,0.0,0.0,0.0,0.0,0.0,0.0,0.0,100000000.0,0.0,0.0,0.0,0.0,,0.0,0.0,0.0,0.0,0.0,43.34713192656636,,0.07460843771899729,0.07460843771899729,66,0.0,31.261305792430928,0.8405327557225449,False,0.14437013017452865,1.3296980384539183,0.1,5,3.0,4.0,0.1,2,25.49075666663597,0.0,0.18459078978051321,,,,0.0,2,0.0,-0.10948928394676297,120720.4,1207204.0,1,,2,74.6084377189973,0.03125,4.322516441345215,31.261305792430928,10,2
32.58723923862927,2,1.0,0.0,0.0,0.0,0.0,0.0,0.0,0.0,100000000.0,0.0,0.0,0.0,0.0,,0.0,0.0,0.0,0.0,0.0,42.93328383937478,,0.07524291211665624,0.07524291211665624,66,0.0,32.58723923862927,0.8678145377687126,False,0.11077272985008847,1.0202545458522811,0.1,5,3.0,4.0,0.1,2,27.76087181288899,0.0,0.14810605434838603,,,,0.0,2,0.0,-0.09300782098337235,125853.825,1258538.25,2,,2,75.24291211665624,0.05,4.37009334564209,32.58723923862927,10,2
36.17659665544187,2,1.0,0.0,0.0,0.0,0.0,0.0,0.0,0.0,100000000.0,0.0,0.0,0.0,0.0,,0.0,0.0,0.0,0.0,0.0,43.06312929838896,,0.07923762768407022,0.07923762768407022,66,0.0,36.17659665544187,0.8147417829061355,False,0.1303574334495295,1.2006363320874,0.1,5,3.0,4.0,0.1,2,28.77527234087507,0.0,0.20458873965009802,,,,0.0,2,0.0,-0.10479753056679986,125596.6,1255966.0,3,,2,79.23762768407022,0.06875,4.33007550239563,36.17659665544187,10,2
33.91213498975707,2,1.0,0.0,0.0,0.0,0.0,0.0,0.0,0.0,100000000.0,0.0,0.0,0.0,0.0,,0.0,0.0,0.0,0.0,0.0,43.97826176136732,,0.07789039675112439,0.07789039675112439,67,0.0,33.91213498975707,0.8497875816388651,False,0.14437013017452865,1.3296980384539183,0.1,5,3.0,4.0,0.1,2,27.268167387029518,0.0,0.19591711358586883,,,,0.0,2,0.0,-0.11113026346282652,124873.8,1248738.0,1,,2,77.89039675112438,0.05,4.2646872997283936,33.91213498975707,10,2
36.70930288862789,2,1.0,0.0,0.0,0.0,0.0,0.0,0.0,0.0,100000000.0,0.0,0.0,0.0,0.0,,0.0,0.0,0.0,0.0,0.0,43.081718031316996,,0.07949998308693972,0.07949998308693972,67,0.0,36.70930288862789,0.8950251261052831,False,0.11077272985008847,1.0202545458522811,0.1,5,3.0,4.0,0.1,2,32.33044021753187,0.0,0.11928482228009121,,,,0.0,2,0.0,-0.0951363564685141,131072.0,1310720.0,2,,2,79.49998308693972,0.05625,4.377583742141724,36.70930288862789,10,2
34.58605880289909,2,1.0,0.0,0.0,0.0,0.0,0.0,0.0,0.0,100000000.0,0.0,0.0,0.0,0.0,,0.0,0.0,0.0,0.0,0.0,43.05558605119586,,0.07764164485409494,0.07764164485409494,67,0.0,34.58605880289909,0.764851717038993,False,0.1303574334495295,1.2006363320874,0.1,5,3.0,4.0,0.1,2,28.559142946488063,0.0,0.17425853262892838,,,,0.0,2,0.0,-0.10399953915181222,120425.95,1204259.5,3,,2,77.64164485409495,0.0875,4.354177236557007,34.58605880289909,10,2
31.83891926310687,2,1.0,0.0,0.0,0.0,0.0,0.0,0.0,0.0,100000000.0,0.0,0.0,0.0,0.0,,0.0,0.0,0.0,0.0,0.0,42.84295393154025,,0.07458198884851962,0.07458198884851962,68,0.0,31.83891926310687,0.7269798263167291,False,0.14437013017452865,1.3296980384539183,0.1,5,3.0,4.0,0.1,2,25.189551873108414,0.0,0.20884400425310182,,,,0.0,2,0.0,-0.10947605951152414,107724.4,1077244.0,1,,2,74.58198884851961,0.04375,4.281526565551758,31.838919263106877,10,2
29.83694031075179,2,1.0,0.0,0.0,0.0,0.0,0.0,0.0,0.0,100000000.0,0.0,0.0,0.0,0.0,,0.0,0.0,0.0,0.0,0.0,42.94772306457162,,0.07278466337532341,0.07278466337532341,68,0.0,29.83694031075179,0.8151792792492826,False,0.11077272985008847,1.0202545458522811,0.1,5,3.0,4.0,0.1,2,24.347293841259244,0.0,0.18398825121871965,,,,0.0,2,0.0,-0.09177869661270593,120681.1,1206811.0,2,,2,72.7846633753234,0.05,4.430755138397217,29.83694031075179,10,2
33.43447285906612,2,1.0,0.0,0.0,0.0,0.0,0.0,0.0,0.0,100000000.0,0.0,0.0,0.0,0.0,,0.0,0.0,0.0,0.0,0.0,43.35711104795337,,0.07679158390701948,0.07679158390701948,68,0.0,33.43447285906612,0.8565388926012492,False,0.1303574334495295,1.2006363320874,0.1,5,3.0,4.0,0.1,2,26.04879999384252,0.0,0.2208999345183602,,,,0.0,2,0.0,-0.10357450867827449,119587.225,1195872.25,3,,2,76.79158390701949,0.04375,4.4384143352508545,33.434472859066126,10,2
34.48907547296265,2,1.0,0.0,0.0,0.0,0.0,0.0,0.0,0.0,100000000.0,0.0,0.0,0.0,0.0,,0.0,0.0,0.0,0.0,0.0,43.06870140135288,,0.07715795077980736,0.07715795077980736,69,0.0,34.48907547296265,0.831379506632239,False,0.14437013017452865,1.3296980384539183,0.1,5,3.0,4.0,0.1,2,27.208165066592414,0.0,0.21110772923089888,,,,0.0,2,0.0,-0.11076404047716801,124003.45,1240034.5,1,,2,77.15795077980736,0.05,4.319958448410034,34.489075472962654,10,2
35.63694551369469,2,1.0,0.0,0.0,0.0,0.0,0.0,0.0,0.0,100000000.0,0.0,0.0,0.0,0.0,,0.0,0.0,0.0,0.0,0.0,42.76773985475302,,0.07824277121356052,0.07824277121356052,69,0.0,35.63694551369469,0.7083166069443504,False,0.11077272985008847,1.0202545458522811,0.1,5,3.0,4.0,0.1,2,25.734098759657083,0.0,0.27788146855156565,,,,0.0,2,0.0,-0.0945077505318245,99685.075,996850.75,2,,2,78.24277121356052,0.025,4.431228399276733,35.63694551369469,10,2
29.668862166404494,2,1.0,0.0,0.0,0.0,0.0,0.0,0.0,0.0,100000000.0,0.0,0.0,0.0,0.0,,0.0,0.0,0.0,0.0,0.0,43.3328771032393,,0.07300173926964379,0.07300173926964379,69,0.0,29.668862166404494,0.8085209710482548,False,0.1303574334495295,1.2006363320874,0.1,5,3.0,4.0,0.1,2,26.020126937218958,0.0,0.12298197378520233,,,,0.0,2,0.0,-0.10167958635958664,112736.275,1127362.75,3,,2,73.00173926964379,0.01875,4.344581127166748,29.668862166404498,10,2
34.46643099094986,2,1.0,0.0,0.0,0.0,0.0,0.0,0.0,0.0,100000000.0,0.0,0.0,0.0,0.0,,0.0,0.0,0.0,0.0,0.0,43.19782694801688,,0.07766425793896675,0.07766425793896675,70,0.0,34.46643099094986,0.8910587037271533,False,0.14437013017452865,1.3296980384539183,0.1,5,3.0,4.0,0.1,2,27.461924690035488,0.0,0.20322691092540465,,,,0.0,2,0.0,-0.1110171940567477,131072.0,1310720.0,1,0.01171875,2,77.66425793896676,0.0375,4.29006552696228,34.46643099094986,10,2
35.05746361131481,2,1.0,0.0,0.0,0.0,0.0,0.0,0.0,0.0,100000000.0,0.0,0.0,0.0,0.0,,0.0,0.0,0.0,0.0,0.0,42.953177355229855,,0.07801064096654467,0.07801064096654467,70,0.0,35.05746361131481,0.818867093202773,False,0.11077272985008847,1.0202545458522811,0.1,5,3.0,4.0,0.1,2,27.40853080912089,0.0,0.21818272100338781,,,,0.0,2,0.0,-0.09439168540831658,123617.3,1236173.0,2,0.01171875,2,78.01064096654467,0.0375,4.364029407501221,35.057463611314816,10,2
34.99209093397948,2,1.0,0.0,0.0,0.0,0.0,0.0,0.0,0.0,100000000.0,0.0,0.0,0.0,0.0,,0.0,0.0,0.0,0.0,0.0,42.887233197689056,,0.07776106153151485,0.07776106153151485,70,0.0,34.99209093397948,0.9053387255988028,False,0.1303574334495295,1.2006363320874,0.1,5,3.0,4.0,0.1,2,26.689190918384213,0.0,0.23727933352884145,,,,0.0,2,0.0,-0.10405924749052217,131072.0,1310720.0,3,0.01171875,2,77.76106153151486,0.0125,4.355026721954346,34.99209093397949,10,2
31.69951818967718,2,1.0,0.0,0.0,0.0,0.0,0.0,0.0,0.0,100000000.0,0.0,0.0,0.0,0.0,,0.0,0.0,0.0,0.0,0.0,43.429814744740725,,0.07466271843845504,0.07466271843845504,71,0.0,31.69951818967718,0.7815475797948308,False,0.14437013017452865,1.3296980384539183,0.1,5,3.0,4.0,0.1,2,25.372250179874225,0.0,0.199601393685012,,,,0.0,2,0.0,-0.10951642430649185,112090.775,1120907.75,1,,2,74.66271843845504,0.01875,4.5761024951934814,31.69951818967717,10,2
33.21188824740824,2,1.0,0.0,0.0,0.0,0.0,0.0,0.0,0.0,100000000.0,0.0,0.0,0.0,0.0,,0.0,0.0,0.0,0.0,0.0,43.24107710272074,,0.07636607528222379,0.07636607528222379,71,0.0,33.21188824740824,0.8703784949327031,False,0.11077272985008847,1.0202545458522811,0.1,5,3.0,4.0,0.1,2,26.748415126668995,0.0,0.19461323826547672,,,,0.0,2,0.0,-0.09356940256615613,124903.7,1249037.0,2,,2,76.36607528222379,0.0,4.582263708114624,33.21188824740824,10,2
37.11607133403485,2,1.0,0.0,0.0,0.0,0.0,0.0,0.0,0.0,100000000.0,0.0,0.0,0.0,0.0,,0.0,0.0,0.0,0.0,0.0,43.27671695500612,,0.08010407130599087,0.08010407130599087,71,0.0,37.11607133403485,0.8100010469422416,False,0.1303574334495295,1.2006363320874,0.1,5,3.0,4.0,0.1,2,27.168485001437055,0.0,0.26801291125540044,,,,0.0,2,0.0,-0.10523075237776018,118741.75,1187417.5,3,,2,80.10407130599087,0.01875,4.588544845581055,37.11607133403486,10,2
35.67401901147182,2,1.0,0.0,0.0,0.0,0.0,0.0,0.0,0.0,100000000.0,0.0,0.0,0.0,0.0,,0.0,0.0,0.0,0.0,0.0,42.87975328043103,,0.0782792300384384,0.0782792300384384,72,0.0,35.67401901147182,0.9332821195151025,False,0.14437013017452865,1.3296980384539183,0.1,5,3.0,4.0,0.1,2,27.343061109222727,0.0,0.23353011892408523,,,,0.0,2,0.0,-0.11132468010648353,131072.0,1310720.0,1,,2,78.2792300384384,0.025,4.393069267272949,35.67401901147182,10,2
34.154165731492064,2,1.0,0.0,0.0,0.0,0.0,0.0,0.0,0.0,100000000.0,0.0,0.0,0.0,0.0,,0.0,0.0,0.0,0.0,0.0,42.65901958569884,,0.0768131853171909,0.0768131853171909,72,0.0,34.154165731492064,0.8601058269042916,False,0.11077272985008847,1.0202545458522811,0.1,5,3.0,4.0,0.1,2,27.110320654564504,0.0,0.20623677744916302,,,,0.0,2,0.0,-0.09379295758363969,125577.6,1255776.0,2,,2,76.8131853171909,0.01875,4.476222276687622,34.154165731492064,10,2
32.58433140352632,2,1.0,0.0,0.0,0.0,0.0,0.0,0.0,0.0,100000000.0,0.0,0.0,0.0,0.0,,0.0,0.0,0.0,0.0,0.0,43.601315934211016,,0.07618564733773733,0.07618564733773733,72,0.0,32.58433140352632,0.812945673269908,False,0.1303574334495295,1.2006363320874,0.1,5,3.0,4.0,0.1,2,26.17437555741859,0.0,0.19671896184477286,,,,0.0,2,0.0,-0.10327154039363341,118359.775,1183597.75,3,,2,76.18564733773734,0.04375,4.459146976470947,32.58433140352631,10,2
35.949108283656635,2,1.0,0.0,0.0,0.0,0.0,0.0,0.0,0.0,100000000.0,0.0,0.0,0.0,0.0,,0.0,0.0,0.0,0.0,0.0,42.99420677125454,,0.07894331505491117,0.07894331505491117,73,0.0,35.949108283656635,0.7602538839356835,False,0.14437013017452865,1.3296980384539183,0.1,5,3.0,4.0,0.1,2,27.84388825065096,0.0,0.22546372969953501,,,,0.0,2,0.0,-0.11165672261471991,115817.6,1158176.0,1,,2,78.94331505491117,0.01875,4.356552839279175,35.94910828365664,10,2
38.78807064776188,2,1.0,0.0,0.0,0.0,0.0,0.0,0.0,0.0,100000000.0,0.0,0.0,0.0,0.0,,0.0,0.0,0.0,0.0,0.0,43.29577786847949,,0.08208384851624137,0.08208384851624137,73,0.0,38.78807064776188,0.8260118092935838,False,0.11077272985008847,1.0202545458522811,0.1,5,3.0,4.0,0.1,2,29.761079998129116,0.0,0.23272595153308126,,,,0.0,2,0.0,-0.09642828918316493,125164.6,1251646.0,2,,2,82.08384851624137,0.01875,4.436449766159058,38.78807064776187,10,2
34.2862183977396,2,1.0,0.0,0.0,0.0,0.0,0.0,0.0,0.0,100000000.0,0.0,0.0,0.0,0.0,,0.0,0.0,0.0,0.0,0.0,43.100714683532715,,0.07738693308127231,0.07738693308127231,73,0.0,34.2862183977396,0.7898080931709072,False,0.1303574334495295,1.2006363320874,0.1,5,3.0,4.0,0.1,2,26.872930497742882,0.0,0.21621771797631265,,,,0.0,2,0.0,-0.1038721832654009,113859.375,1138593.75,3,,2,77.38693308127232,0.01875,4.363068580627441,34.2862183977396,10,2
35.39938167928432,2,1.0,0.0,0.0,0.0,0.0,0.0,0.0,0.0,100000000.0,0.0,0.0,0.0,0.0,,0.0,0.0,0.0,0.0,0.0,43.23766613379121,,0.07846625768839095,0.07846625768839095,74,0.0,35.39938167928432,0.8031414114940366,False,0.14437013017452865,1.3296980384539183,0.1,5,3.0,4.0,0.1,2,26.581669071358146,0.0,0.2490922775943933,,,,0.0,2,0.0,-0.1114181939314598,119114.275,1191142.75,1,,2,78.46625768839095,0.0125,4.3619914054870605,35.39938167928432,10,2
37.36035573893191,2,1.0,0.0,0.0,0.0,0.0,0.0,0.0,0.0,100000000.0,0.0,0.0,0.0,0.0,,0.0,0.0,0.0,0.0,0.0,43.072549160569906,,0.0804329048995018,0.0804329048995018,74,0.0,37.36035573893191,0.7141239249715008,False,0.11077272985008847,1.0202545458522811,0.1,5,3.0,4.0,0.1,2,28.552045757335545,0.0,0.23576622351102325,,,,0.0,2,0.0,-0.09560281737479515,109993.475,1099934.75,2,,2,80.4329048995018,0.01875,4.374553680419922,37.36035573893191,10,2
31.487971786356933,2,1.0,0.0,0.0,0.0,0.0,0.0,0.0,0.0,100000000.0,0.0,0.0,0.0,0.0,,0.0,0.0,0.0,0.0,0.0,42.69846202805638,,0.07418643381441331,0.07418643381441331,74,0.0,31.487971786356933,0.7460376168570862,False,0.1303574334495295,1.2006363320874,0.1,5,3.0,4.0,0.1,2,25.178557140004653,0.0,0.2003753906145843,,,,0.0,2,0.0,-0.1022719336319714,110014.525,1100145.25,3,,2,74.1864338144133,0.025,4.400836229324341,31.487971786356933,10,2
33.558706205624105,2,1.0,0.0,0.0,0.0,0.0,0.0,0.0,0.0,100000000.0,0.0,0.0,0.0,0.0,,0.0,0.0,0.0,0.0,0.0,44.19685993343592,,0.07775556613906001,0.07775556613906001,75,0.0,33.558706205624105,0.8167566914228299,False,0.14437013017452865,1.3296980384539183,0.1,5,3.0,4.0,0.1,2,26.101922405241133,0.0,0.22220117053062338,,,,0.0,2,0.0,-0.11106284815679433,118208.75,1182087.5,1,,2,77.75556613906001,0.03125,4.378555536270142,33.558706205624105,10,2
33.340071348722965,2,1.0,0.0,0.0,0.0,0.0,0.0,0.0,0.0,100000000.0,0.0,0.0,0.0,0.0,,0.0,0.0,0.0,0.0,0.0,43.38586004450917,,0.07672593139323214,0.07672593139323214,75,0.0,33.340071348722965,0.8238450838278253,False,0.11077272985008847,1.0202545458522811,0.1,5,3.0,4.0,0.1,2,25.90720074166962,0.0,0.2229410528042571,,,,0.0,2,0.0,-0.0937493306216603,119691.25,1196912.5,2,,2,76.72593139323214,0.0375,4.349477291107178,33.34007134872297,10,2
39.32701426947043,2,1.0,0.0,0.0,0.0,0.0,0.0,0.0,0.0,100000000.0,0.0,0.0,0.0,0.0,,0.0,0.0,0.0,0.0,0.0,41.78096633404493,,0.08110798060351537,0.08110798060351537,75,0.0,39.32701426947043,0.8168428378690556,False,0.1303574334495295,1.2006363320874,0.1,5,3.0,4.0,0.1,2,32.66037431508824,0.0,0.16951808008363115,,,,0.0,2,0.0,-0.10573270702652243,131072.0,1310720.0,3,,2,81.10798060351537,0.00625,4.380302906036377,39.32701426947043,10,2
29.848239264665995,2,1.0,0.0,0.0,0.0,0.0,0.0,0.0,0.0,100000000.0,0.0,0.0,0.0,0.0,,0.0,0.0,0.0,0.0,0.0,41.2291050888598,,0.0703905442461659,0.0703905442461659,76,0.0,29.848239264665995,0.8604424635807895,False,0.14437013017452865,1.3296980384539183,0.1,5,3.0,4.0,0.1,2,25.17801314195184,0.0,0.15646571582675278,,,,0.0,2,0.0,-0.10738033721034729,125328.025,1253280.25,1,,2,70.3905442461659,0.01875,4.41651463508606,29.848239264666,10,2
31.355750593622826,2,1.0,0.0,0.0,0.0,0.0,0.0,0.0,0.0,100000000.0,0.0,0.0,0.0,0.0,,0.0,0.0,0.0,0.0,0.0,42.949494905769825,,0.07430524549939266,0.07430524549939266,76,0.0,31.355750593622826,0.6753586769252327,False,0.11077272985008847,1.0202545458522811,0.1,5,3.0,4.0,0.1,2,26.102411444373455,0.0,0.1675398945901107,,,,0.0,2,0.0,-0.09253898767474056,99473.65,994736.5,2,,2,74.30524549939265,0.03125,4.413330316543579,31.355750593622826,10,2
30.368742691363106,2,1.0,0.0,0.0,0.0,0.0,0.0,0.0,0.0,100000000.0,0.0,0.0,0.0,0.0,,0.0,0.0,0.0,0.0,0.0,43.728859163820744,,0.07409760185518385,0.07409760185518385,76,0.0,30.368742691363106,0.8524125183462166,False,0.1303574334495295,1.2006363320874,0.1,5,3.0,4.0,0.1,2,25.02453281481428,0.0,0.17597731756174165,,,,0.0,2,0.0,-0.10222751765235667,119432.1,1194321.0,3,,2,74.09760185518385,0.03125,4.374136686325073,30.36874269136311,10,2
34.437907903021866,2,1.0,0.0,0.0,0.0,0.0,0.0,0.0,0.0,100000000.0,0.0,0.0,0.0,0.0,,0.0,0.0,0.0,0.0,0.0,42.7785268984735,,0.07692668824133903,0.07692668824133903,77,0.0,34.437907903021866,0.8484747431758952,False,0.14437013017452865,1.3296980384539183,0.1,5,3.0,4.0,0.1,2,26.919776433524436,0.0,0.21830976175058903,,,,0.0,2,0.0,-0.11064840920793384,119603.35,1196033.5,1,,2,76.92668824133902,0.06875,4.2491455078125,34.43790790302187,10,2
36.31355424424371,2,1.0,0.0,0.0,0.0,0.0,0.0,0.0,0.0,100000000.0,0.0,0.0,0.0,0.0,,0.0,0.0,0.0,0.0,0.0,42.90396207943559,,0.0792175163236793,0.0792175163236793,77,0.0,36.31355424424371,0.8417886972998444,False,0.11077272985008847,1.0202545458522811,0.1,5,3.0,4.0,0.1,2,28.904917918212437,0.0,0.20401848511442988,,,,0.0,2,0.0,-0.09499512308688388,131072.0,1310720.0,2,,2,79.21751632367929,0.075,4.380525588989258,36.31355424424371,10,2
34.79932462887198,2,1.0,0.0,0.0,0.0,0.0,0.0,0.0,0.0,100000000.0,0.0,0.0,0.0,0.0,,0.0,0.0,0.0,0.0,0.0,43.114474043250084,,0.07791379867212206,0.07791379867212206,77,0.0,34.79932462887198,0.8343456588848754,False,0.1303574334495295,1.2006363320874,0.1,5,3.0,4.0,0.1,2,29.17580699150707,0.0,0.16159847058351368,,,,0.0,2,0.0,-0.10413561606082578,131072.0,1310720.0,3,,2,77.91379867212206,0.06875,4.382453680038452,34.79932462887198,10,2
30.099432539842184,2,1.0,0.0,0.0,0.0,0.0,0.0,0.0,0.0,100000000.0,0.0,0.0,0.0,0.0,,0.0,0.0,0.0,0.0,0.0,43.68031909689307,,0.07377975163673525,0.07377975163673525,78,0.0,30.099432539842184,0.7910018182051326,False,0.14437013017452865,1.3296980384539183,0.1,5,3.0,4.0,0.1,2,24.890862973097175,0.0,0.17304544063581598,,,,0.0,2,0.0,-0.10907494090563195,115564.7,1155647.0,1,,2,73.77975163673526,0.03125,4.3310840129852295,30.099432539842187,10,2
34.93358412142823,2,1.0,0.0,0.0,0.0,0.0,0.0,0.0,0.0,100000000.0,0.0,0.0,0.0,0.0,,0.0,0.0,0.0,0.0,0.0,43.68600808084011,,0.07765756811331938,0.07765756811331938,78,0.0,34.93358412142823,0.7797302897724719,False,0.11077272985008847,1.0202545458522811,0.1,5,3.0,4.0,0.1,2,25.466644978848826,0.0,0.2709982207858367,,,,0.0,2,0.0,-0.09421514898170393,112952.4,1129524.0,2,,2,77.65756811331937,0.025,4.393301963806152,34.93358412142823,10,2
36.460968257869695,2,1.0,0.0,0.0,0.0,0.0,0.0,0.0,0.0,100000000.0,0.0,0.0,0.0,0.0,,0.0,0.0,0.0,0.0,0.0,43.187184259295464,,0.07964815251716517,0.07964815251716517,78,0.0,36.460968257869695,0.8212568722151289,False,0.1303574334495295,1.2006363320874,0.1,5,3.0,4.0,0.1,2,27.46337700105877,0.0,0.24677323962368697,,,,0.0,2,0.0,-0.10500279298334733,125916.625,1259166.25,3,,2,79.64815251716517,0.0625,4.328907489776611,36.4609682578697,10,2
31.773187774286935,2,1.0,0.0,0.0,0.0,0.0,0.0,0.0,0.0,100000000.0,0.0,0.0,0.0,0.0,,0.0,0.0,0.0,0.0,0.0,42.67405904829502,,0.07421153978915639,0.07421153978915639,79,0.0,31.773187774286935,0.7645545416065409,False,0.14437013017452865,1.3296980384539183,0.1,5,3.0,4.0,0.1,2,26.40719282736421,0.0,0.16888437461932168,,,,0.0,2,0.0,-0.10929083498184253,118630.55,1186305.5,1,,2,74.21153978915639,0.0625,4.292388200759888,31.773187774286935,10,2
32.56867213242642,2,1.0,0.0,0.0,0.0,0.0,0.0,0.0,0.0,100000000.0,0.0,0.0,0.0,0.0,,0.0,0.0,0.0,0.0,0.0,42.76222921907902,,0.07533090135150544,0.07533090135150544,79,0.0,32.56867213242642,0.7473978485373148,False,0.11077272985008847,1.0202545458522811,0.1,5,3.0,4.0,0.1,2,24.84430317584949,0.0,0.23717174974678512,,,,0.0,2,0.0,-0.09305181560079695,109209.6,1092096.0,2,,2,75.33090135150545,0.025,4.412740707397461,32.56867213242642,10,2
42.02534294497366,2,1.0,0.0,0.0,0.0,0.0,0.0,0.0,0.0,100000000.0,0.0,0.0,0.0,0.0,,0.0,0.0,0.0,0.0,0.0,42.694225907325745,,0.084294208686763,0.084294208686763,79,0.0,42.02534294497366,0.7916619554813783,False,0.1303574334495295,1.2006363320874,0.1,5,3.0,4.0,0.1,2,29.391205748372993,0.0,0.30063138837780135,,,,0.0,2,0.0,-0.10732582106814625,113654.625,1136546.25,3,,2,84.294208686763,0.01875,4.324307918548584,42.02534294497366,10,2
32.04778217857858,2,1.0,0.0,0.0,0.0,0.0,0.0,0.0,0.0,100000000.0,0.0,0.0,0.0,0.0,,0.0,0.0,0.0,0.0,0.0,42.86856995895505,,0.07491635213753361,0.07491635213753361,80,0.0,32.04778217857858,0.8505119127201534,False,0.14437013017452865,1.3296980384539183,0.1,5,3.0,4.0,0.1,2,26.75040776818146,0.0,0.16529613128542783,,,,0.0,2,0.0,-0.10964324115603113,131072.0,1310720.0,1,0.01484375,2,74.91635213753362,0.0125,4.272212266921997,32.04778217857857,10,2
32.33605266556514,2,1.0,0.0,0.0,0.0,0.0,0.0,0.0,0.0,100000000.0,0.0,0.0,0.0,0.0,,0.0,0.0,0.0,0.0,0.0,42.99504077062011,,0.0753305299860276,0.0753305299860276,80,0.0,32.33605266556514,0.8720230725435216,False,0.11077272985008847,1.0202545458522811,0.1,5,3.0,4.0,0.1,2,28.252191760721754,0.0,0.1262943546969268,,,,0.0,2,0.0,-0.09305162991805804,125916.2,1259162.0,2,0.01484375,2,75.3305299860276,0.05,4.3939478397369385,32.33605266556514,10,2
30.02973641285469,2,1.0,0.0,0.0,0.0,0.0,0.0,0.0,0.0,100000000.0,0.0,0.0,0.0,0.0,,0.0,0.0,0.0,0.0,0.0,43.221418745815754,,0.07325115515867045,0.07325115515867045,80,0.0,30.02973641285469,0.7596615251817616,False,0.1303574334495295,1.2006363320874,0.1,5,3.0,4.0,0.1,2,24.470274731032617,0.0,0.18513188412277437,,,,0.0,2,0.0,-0.10180429430409997,106940.425,1069404.25,3,0.01484375,2,73.25115515867046,0.025,4.412683010101318,30.029736412854692,10,2
30.414124328887564,2,1.0,0.0,0.0,0.0,0.0,0.0,0.0,0.0,100000000.0,0.0,0.0,0.0,0.0,,0.0,0.0,0.0,0.0,0.0,43.63546706736088,,0.07350657962681999,0.07350657962681999,81,0.0,30.414124328887564,0.8154759758882623,False,0.14437013017452865,1.3296980384539183,0.1,5,3.0,4.0,0.1,2,25.97429644649481,0.0,0.14597914555691388,,,,0.0,2,0.0,-0.10893835490067433,124405.45,1244054.5,1,,2,73.50657962681998,0.00625,4.565754413604736,30.414124328887567,10,2
34.33724204963086,2,1.0,0.0,0.0,0.0,0.0,0.0,0.0,0.0,100000000.0,0.0,0.0,0.0,0.0,,0.0,0.0,0.0,0.0,0.0,43.115740176290274,,0.07722192482044934,0.07722192482044934,81,0.0,34.33724204963086,0.7723895979779021,False,0.11077272985008847,1.0202545458522811,0.1,5,3.0,4.0,0.1,2,26.963162016166752,0.0,0.21475458112814225,,,,0.0,2,0.0,-0.09399732733526892,114371.575,1143715.75,2,,2,77.22192482044935,0.00625,4.557052135467529,34.337242049630866,10,2
37.51561468708309,2,1.0,0.0,0.0,0.0,0.0,0.0,0.0,0.0,100000000.0,0.0,0.0,0.0,0.0,,0.0,0.0,0.0,0.0,0.0,42.90646128356457,,0.08042207597064766,0.08042207597064766,81,0.0,37.51561468708309,0.8988242375301263,False,0.1303574334495295,1.2006363320874,0.1,5,3.0,4.0,0.1,2,27.89090291137436,0.0,0.2565521545092153,,,,0.0,2,0.0,-0.10538975471008857,131072.0,1310720.0,3,,2,80.42207597064765,0.00625,4.6033666133880615,37.515614687083094,10,2
47.31750675007937,2,1.0,0.0,0.0,0.0,0.0,0.0,0.0,0.0,100000000.0,0.0,0.0,0.0,0.0,,0.0,0.0,0.0,0.0,0.0,43.43593819066882,,0.09075344494074819,0.09075344494074819,82,0.0,47.31750675007937,0.8226094403347457,False,0.14437013017452865,1.3296980384539183,0.1,5,3.0,4.0,0.1,2,33.9057904555019,0.0,0.2834408914530344,,,,0.0,2,0.0,-0.11756178755763842,131072.0,1310720.0,1,,2,90.7534449407482,0.03125,4.355969429016113,47.31750675007936,10,2
32.015310249463475,2,1.0,0.0,0.0,0.0,0.0,0.0,0.0,0.0,100000000.0,0.0,0.0,0.0,0.0,,0.0,0.0,0.0,0.0,0.0,42.91991330683231,,0.07471289450599329,0.07471289450599329,82,0.0,32.015310249463475,0.8221515956681179,False,0.11077272985008847,1.0202545458522811,0.1,5,3.0,4.0,0.1,2,25.53478514915571,0.0,0.20241956269708083,,,,0.0,2,0.0,-0.09274281217804088,125618.725,1256187.25,2,,2,74.71289450599329,0.025,4.457505226135254,32.01531024946348,10,2
35.24209660557102,2,1.0,0.0,0.0,0.0,0.0,0.0,0.0,0.0,100000000.0,0.0,0.0,0.0,0.0,,0.0,0.0,0.0,0.0,0.0,44.068572111427784,,0.07841903585088443,0.07841903585088443,82,0.0,35.24209660557102,0.8672276303880331,False,0.1303574334495295,1.2006363320874,0.1,5,3.0,4.0,0.1,2,28.658920125527242,0.0,0.18679866166087056,,,,0.0,2,0.0,-0.10438823465020697,131072.0,1310720.0,3,,2,78.41903585088443,0.01875,4.434705495834351,35.24209660557102,10,2
35.99157568372166,2,1.0,0.0,0.0,0.0,0.0,0.0,0.0,0.0,100000000.0,0.0,0.0,0.0,0.0,,0.0,0.0,0.0,0.0,0.0,43.949916027486324,,0.07888610160283124,0.07888610160283124,83,0.0,35.99157568372166,0.7698314429352306,False,0.14437013017452865,1.3296980384539183,0.1,5,3.0,4.0,0.1,2,28.824117140194396,0.0,0.19914267178830336,,,,0.0,2,0.0,-0.11162811588867995,120066.25,1200662.5,1,,2,78.88610160283125,0.025,4.3849053382873535,35.99157568372166,10,2
34.29667671982564,2,1.0,0.0,0.0,0.0,0.0,0.0,0.0,0.0,100000000.0,0.0,0.0,0.0,0.0,,0.0,0.0,0.0,0.0,0.0,42.8453222848475,,0.07712761984978236,0.07712761984978236,83,0.0,34.29667671982564,0.8005121067320392,False,0.11077272985008847,1.0202545458522811,0.1,5,3.0,4.0,0.1,2,26.30088014970278,0.0,0.23313619087474988,,,,0.0,2,0.0,-0.09395017484993543,112991.55,1129915.5,2,,2,77.12761984978236,0.01875,4.438551187515259,34.29667671982565,10,2
32.9981231860736,2,1.0,0.0,0.0,0.0,0.0,0.0,0.0,0.0,100000000.0,0.0,0.0,0.0,0.0,,0.0,0.0,0.0,0.0,0.0,43.882761150598526,,0.0760674401916483,0.0760674401916483,83,0.0,32.9981231860736,0.7917490328765356,False,0.1303574334495295,1.2006363320874,0.1,5,3.0,4.0,0.1,2,26.85475016337837,0.0,0.1861734071375294,,,,0.0,2,0.0,-0.1032124368205889,124791.1,1247911.0,3,,2,76.06744019164829,0.0375,4.354425430297852,32.9981231860736,10,2
30.624659167759773,2,1.0,0.0,0.0,0.0,0.0,0.0,0.0,0.0,100000000.0,0.0,0.0,0.0,0.0,,0.0,0.0,0.0,0.0,0.0,43.614034075289965,,0.07423869324304974,0.07423869324304974,84,0.0,30.624659167759773,0.7988903439722063,False,0.14437013017452865,1.3296980384539183,0.1,5,3.0,4.0,0.1,2,26.747978911712714,0.0,0.12658688656127964,,,,0.0,2,0.0,-0.1093044117087892,117307.95,1173079.5,1,,2,74.23869324304974,0.03125,4.32462215423584,30.62465916775977,10,2
35.17155848541576,2,1.0,0.0,0.0,0.0,0.0,0.0,0.0,0.0,100000000.0,0.0,0.0,0.0,0.0,,0.0,0.0,0.0,0.0,0.0,42.87114180624485,,0.07779746349999028,0.07779746349999028,84,0.0,35.17155848541576,0.8196668369941481,False,0.11077272985008847,1.0202545458522811,0.1,5,3.0,4.0,0.1,2,28.193238783797025,0.0,0.19840803200439258,,,,0.0,2,0.0,-0.09428509667503937,115745.45,1157454.5,2,,2,77.79746349999029,0.01875,4.4270100593566895,35.17155848541576,10,2
29.189012778878965,2,1.0,0.0,0.0,0.0,0.0,0.0,0.0,0.0,100000000.0,0.0,0.0,0.0,0.0,,0.0,0.0,0.0,0.0,0.0,43.090751860290766,,0.07182523871022539,0.07182523871022539,84,0.0,29.189012778878965,0.8916587943535159,False,0.1303574334495295,1.2006363320874,0.1,5,3.0,4.0,0.1,2,24.5461836327761,0.0,0.15906084872669612,,,,0.0,2,0.0,-0.10109133607987744,126267.6,1262676.0,3,,2,71.82523871022539,0.04375,4.332452774047852,29.18901277887897,10,2
37.620720062246185,2,1.0,0.0,0.0,0.0,0.0,0.0,0.0,0.0,100000000.0,0.0,0.0,0.0,0.0,,0.0,0.0,0.0,0.0,0.0,42.93550783768296,,0.08015111329018101,0.08015111329018101,85,0.0,37.620720062246185,0.8278895089722816,False,0.14437013017452865,1.3296980384539183,0.1,5,3.0,4.0,0.1,2,27.148386362009152,0.0,0.2783661153457404,,,,0.0,2,0.0,-0.11226062173235483,123621.75,1236217.5,1,,2,80.15111329018102,0.05,4.3491058349609375,37.620720062246185,10,2
32.602937278257194,2,1.0,0.0,0.0,0.0,0.0,0.0,0.0,0.0,100000000.0,0.0,0.0,0.0,0.0,,0.0,0.0,0.0,0.0,0.0,43.24895283207297,,0.07585189011033017,0.07585189011033017,85,0.0,32.602937278257194,0.6198801201914483,False,0.11077272985008847,1.0202545458522811,0.1,5,3.0,4.0,0.1,2,23.815088864262744,0.0,0.2695416164191759,,,,0.0,2,0.0,-0.09331230998020931,88198.225,881982.25,2,,2,75.85189011033016,0.01875,4.464627981185913,32.602937278257194,10,2
36.528147797650206,2,1.0,0.0,0.0,0.0,0.0,0.0,0.0,0.0,100000000.0,0.0,0.0,0.0,0.0,,0.0,0.0,0.0,0.0,0.0,42.569370940327644,,0.07903748382217299,0.07903748382217299,85,0.0,36.528147797650206,0.8876815726817577,False,0.1303574334495295,1.2006363320874,0.1,5,3.0,4.0,0.1,2,27.562373796022424,0.0,0.24544836084474386,,,,0.0,2,0.0,-0.10469745863585124,131072.0,1310720.0,3,,2,79.03748382217299,0.0375,4.334051847457886,36.52814779765021,10,2
36.85271383426323,2,1.0,0.0,0.0,0.0,0.0,0.0,0.0,0.0,100000000.0,0.0,0.0,0.0,0.0,,0.0,0.0,0.0,0.0,0.0,42.83542186021805,,0.07935430963686838,0.07935430963686838,86,0.0,36.85271383426323,0.7383373510167783,False,0.14437013017452865,1.3296980384539183,0.1,5,3.0,4.0,0.1,2,27.667256656206078,0.0,0.24924778184224575,,,,0.0,2,0.0,-0.11186221990569852,106702.275,1067022.75,1,,2,79.35430963686838,0.05625,4.268320798873901,36.85271383426323,10,2
40.87761077054241,2,1.0,0.0,0.0,0.0,0.0,0.0,0.0,0.0,100000000.0,0.0,0.0,0.0,0.0,,0.0,0.0,0.0,0.0,0.0,43.128719087690115,,0.08349225982048014,0.08349225982048014,86,0.0,40.87761077054241,0.8046199881372598,False,0.11077272985008847,1.0202545458522811,0.1,5,3.0,4.0,0.1,2,27.915128016574,0.0,0.3171047062102159,,,,0.0,2,0.0,-0.0971324948352843,121343.9,1213439.0,2,,2,83.49225982048014,0.0375,4.345547676086426,40.87761077054242,10,2
33.528814230002645,2,1.0,0.0,0.0,0.0,0.0,0.0,0.0,0.0,100000000.0,0.0,0.0,0.0,0.0,,0.0,0.0,0.0,0.0,0.0,43.07445092126727,,0.07622325341019798,0.07622325341019798,86,0.0,33.528814230002645,0.8589210959681448,False,0.1303574334495295,1.2006363320874,0.1,5,3.0,4.0,0.1,2,26.7698843897825,0.0,0.20158571054302418,,,,0.0,2,0.0,-0.10329034342986373,131072.0,1310720.0,3,,2,76.22325341019798,0.0375,4.320627689361572,33.528814230002645,10,2
36.51657494117849,2,1.0,0.0,0.0,0.0,0.0,0.0,0.0,0.0,100000000.0,0.0,0.0,0.0,0.0,,0.0,0.0,0.0,0.0,0.0,43.495327699929476,,0.08001190264110797,0.08001190264110797,87,0.0,36.51657494117849,0.8550948051843505,False,0.14437013017452865,1.3296980384539183,0.1,5,3.0,4.0,0.1,2,29.267305894467338,0.0,0.19851996137064876,,,,0.0,2,0.0,-0.11219101640781831,126279.75,1262797.5,1,,2,80.01190264110797,0.03125,4.357836723327637,36.51657494117849,10,2
34.97777027587048,2,1.0,0.0,0.0,0.0,0.0,0.0,0.0,0.0,100000000.0,0.0,0.0,0.0,0.0,,0.0,0.0,0.0,0.0,0.0,42.85565111786127,,0.07783342139373176,0.07783342139373176,87,0.0,34.97777027587048,0.8613607347050006,False,0.11077272985008847,1.0202545458522811,0.1,5,3.0,4.0,0.1,2,29.917301939388672,0.0,0.14467669884528894,,,,0.0,2,0.0,-0.09430307562191012,125736.825,1257368.25,2,,2,77.83342139373175,0.0375,4.358680725097656,34.97777027587048,10,2
34.896909181504576,2,1.0,0.0,0.0,0.0,0.0,0.0,0.0,0.0,100000000.0,0.0,0.0,0.0,0.0,,0.0,0.0,0.0,0.0,0.0,42.82326018437743,,0.07757163133147273,0.07757163133147273,87,0.0,34.896909181504576,0.8073268247218893,False,0.1303574334495295,1.2006363320874,0.1,5,3.0,4.0,0.1,2,27.60033634722685,0.0,0.20908937225148078,,,,0.0,2,0.0,-0.1039645323905011,119041.9,1190419.0,3,,2,77.57163133147273,0.05,4.307919979095459,34.896909181504576,10,2
33.75271902907216,2,1.0,0.0,0.0,0.0,0.0,0.0,0.0,0.0,100000000.0,0.0,0.0,0.0,0.0,,0.0,0.0,0.0,0.0,0.0,43.24224218726158,,0.07598762735280717,0.07598762735280717,88,0.0,33.75271902907216,0.8145908221297973,False,0.14437013017452865,1.3296980384539183,0.1,5,3.0,4.0,0.1,2,26.284503524301652,0.0,0.2212626336366539,,,,0.0,2,0.0,-0.11017887876366791,119454.5,1194545.0,1,,2,75.98762735280718,0.04375,4.286977529525757,33.75271902907217,10,2
38.81015670536462,2,1.0,0.0,0.0,0.0,0.0,0.0,0.0,0.0,100000000.0,0.0,0.0,0.0,0.0,,0.0,0.0,0.0,0.0,0.0,42.72123984992504,,0.08153139655528967,0.08153139655528967,88,0.0,38.81015670536462,0.7768266571901784,False,0.11077272985008847,1.0202545458522811,0.1,5,3.0,4.0,0.1,2,29.92104051683875,0.0,0.2290409764642138,,,,0.0,2,0.0,-0.09615206320268907,123111.7,1231117.0,2,,2,81.53139655528966,0.03125,4.349170923233032,38.810156705364626,10,2
26.98626781338491,2,1.0,0.0,0.0,0.0,0.0,0.0,0.0,0.0,100000000.0,0.0,0.0,0.0,0.0,,0.0,0.0,0.0,0.0,0.0,42.89104416966438,,0.06966936410909687,0.06966936410909687,88,0.0,26.98626781338491,0.773736189854758,False,0.1303574334495295,1.2006363320874,0.1,5,3.0,4.0,0.1,2,24.310686180489668,0.0,0.0991460416607953,,,,0.0,2,0.0,-0.10001339877931317,108661.475,1086614.75,3,,2,69.66936410909686,0.025,4.308751583099365,26.98626781338491,10,2
40.34803644331856,2,1.0,0.0,0.0,0.0,0.0,0.0,0.0,0.0,100000000.0,0.0,0.0,0.0,0.0,,0.0,0.0,0.0,0.0,0.0,42.82258125022054,,0.0831706176935391,0.0831706176935391,89,0.0,40.34803644331856,0.8559288380893422,False,0.14437013017452865,1.3296980384539183,0.1,5,3.0,4.0,0.1,2,29.46943762496037,0.0,0.2696190391728378,,,,0.0,2,0.0,-0.11377037393403389,126169.4,1261694.0,1,,2,83.1706176935391,0.01875,4.272287607192993,40.34803644331856,10,2
31.545540113286563,2,1.0,0.0,0.0,0.0,0.0,0.0,0.0,0.0,100000000.0,0.0,0.0,0.0,0.0,,0.0,0.0,0.0,0.0,0.0,42.81813511624932,,0.0743636752295359,0.0743636752295359,89,0.0,31.545540113286563,0.7702108527294156,False,0.11077272985008847,1.0202545458522811,0.1,5,3.0,4.0,0.1,2,25.609016036184805,0.0,0.18818901359058918,,,,0.0,2,0.0,-0.09256820253981218,111440.775,1114407.75,2,,2,74.3636752295359,0.025,4.389993906021118,31.54554011328657,10,2
28.699091904317765,2,1.0,0.0,0.0,0.0,0.0,0.0,0.0,0.0,100000000.0,0.0,0.0,0.0,0.0,,0.0,0.0,0.0,0.0,0.0,42.74406190961599,,0.07130715650365296,0.07130715650365296,89,0.0,28.699091904317765,0.8876054047088642,False,0.1303574334495295,1.2006363320874,0.1,5,3.0,4.0,0.1,2,24.937417765567496,0.0,0.13107293259632125,,,,0.0,2,0.0,-0.10083229497659123,126128.125,1261281.25,3,,2,71.30715650365296,0.03125,4.292631149291992,28.699091904317765,10,2
32.93261544698979,2,1.0,0.0,0.0,0.0,0.0,0.0,0.0,0.0,100000000.0,0.0,0.0,0.0,0.0,,0.0,0.0,0.0,0.0,0.0,42.86305792629719,,0.07576742729092147,0.07576742729092147,90,0.0,32.93261544698979,0.7531927606575917,False,0.14437013017452865,1.3296980384539183,0.1,5,3.0,4.0,0.1,2,26.671980513779573,0.0,0.1901043949360078,,,,0.0,2,0.0,-0.11006877873272505,115592.725,1155927.25,1,0.0140625,2,75.76742729092146,0.0125,4.259349584579468,32.93261544698979,10,2
32.17461073775724,2,1.0,0.0,0.0,0.0,0.0,0.0,0.0,0.0,100000000.0,0.0,0.0,0.0,0.0,,0.0,0.0,0.0,0.0,0.0,42.693719267845154,,0.07486833000560239,0.07486833000560239,90,0.0,32.17461073775724,0.7089002691931412,False,0.11077272985008847,1.0202545458522811,0.1,5,3.0,4.0,0.1,2,27.044130086174956,0.0,0.15945742726769388,,,,0.0,2,0.0,-0.09282052992784542,99884.15,998841.5,2,0.0140625,2,74.86833000560239,0.025,4.331427574157715,32.17461073775724,10,2
33.906716106220046,2,1.0,0.0,0.0,0.0,0.0,0.0,0.0,0.0,100000000.0,0.0,0.0,0.0,0.0,,0.0,0.0,0.0,0.0,0.0,43.06114790961146,,0.07696786401583151,0.07696786401583151,90,0.0,33.906716106220046,0.8216547054353474,False,0.1303574334495295,1.2006363320874,0.1,5,3.0,4.0,0.1,2,26.97727162913671,0.0,0.2043679032606805,,,,0.0,2,0.0,-0.1036626487326805,126234.075,1262340.75,3,0.0140625,2,76.96786401583151,0.01875,4.399980068206787,33.90671610622005,10,2
37.40187068389814,2,1.0,0.0,0.0,0.0,0.0,0.0,0.0,0.0,100000000.0,0.0,0.0,0.0,0.0,,0.0,0.0,0.0,0.0,0.0,41.38446319848299,,0.0782889438319401,0.0782889438319401,91,0.0,37.40187068389814,0.8374326308753867,False,0.14437013017452865,1.3296980384539183,0.1,5,3.0,4.0,0.1,2,28.175489021861274,0.0,0.24668235821714948,,,,0.0,2,0.0,-0.11132953700323438,126022.45,1260224.5,1,,2,78.2889438319401,0.03125,4.560484409332275,37.40187068389814,10,2
31.07665066527751,2,1.0,0.0,0.0,0.0,0.0,0.0,0.0,0.0,100000000.0,0.0,0.0,0.0,0.0,,0.0,0.0,0.0,0.0,0.0,43.237593956291676,,0.07431424462156919,0.07431424462156919,91,0.0,31.07665066527751,0.846873297027323,False,0.11077272985008847,1.0202545458522811,0.1,5,3.0,4.0,0.1,2,28.326161959477645,0.0,0.08850660051577024,,,,0.0,2,0.0,-0.09254348723582884,131072.0,1310720.0,2,,2,74.31424462156919,0.03125,4.533950567245483,31.076650665277512,10,2
45.77542615282226,2,1.0,0.0,0.0,0.0,0.0,0.0,0.0,0.0,100000000.0,0.0,0.0,0.0,0.0,,0.0,0.0,0.0,0.0,0.0,43.17975090816617,,0.08895517706098843,0.08895517706098843,91,0.0,45.77542615282226,0.8619993576901006,False,0.1303574334495295,1.2006363320874,0.1,5,3.0,4.0,0.1,2,32.64495503985759,0.0,0.2868454150296341,,,,0.0,2,0.0,-0.10965630525525896,124925.85,1249258.5,3,,2,88.95517706098843,0.025,4.564894676208496,45.77542615282226,10,2
29.438973402670914,2,1.0,0.0,0.0,0.0,0.0,0.0,0.0,0.0,100000000.0,0.0,0.0,0.0,0.0,,0.0,0.0,0.0,0.0,0.0,42.608993127942085,,0.07199711957766801,0.07199711957766801,92,0.0,29.438973402670914,0.8024988888997335,False,0.14437013017452865,1.3296980384539183,0.1,5,3.0,4.0,0.1,2,25.951174333561,0.0,0.11847556711313437,,,,0.0,2,0.0,-0.10818362487609834,112328.85,1123288.5,1,,2,71.997119577668,0.01875,4.368798017501831,29.438973402670914,10,2
32.23882618965452,2,1.0,0.0,0.0,0.0,0.0,0.0,0.0,0.0,100000000.0,0.0,0.0,0.0,0.0,,0.0,0.0,0.0,0.0,0.0,43.66235435009003,,0.07590118053974455,0.07590118053974455,92,0.0,32.23882618965452,0.8111213675420241,False,0.11077272985008847,1.0202545458522811,0.1,5,3.0,4.0,0.1,2,26.53602895390044,0.0,0.17689221072149686,,,,0.0,2,0.0,-0.09333695519491651,118726.8,1187268.0,2,,2,75.90118053974456,0.04375,4.417674779891968,32.238826189654525,10,2
30.27615739000049,2,1.0,0.0,0.0,0.0,0.0,0.0,0.0,0.0,100000000.0,0.0,0.0,0.0,0.0,,0.0,0.0,0.0,0.0,0.0,42.84651391208172,,0.07277255780962316,0.07277255780962316,92,0.0,30.27615739000049,0.7681997715856036,False,0.1303574334495295,1.2006363320874,0.1,5,3.0,4.0,0.1,2,25.000199295281277,0.0,0.17426115298441866,,,,0.0,2,0.0,-0.10156499562957633,118178.275,1181782.75,3,,2,72.77255780962317,0.0125,4.407506227493286,30.276157390000495,10,2
28.971113393633722,2,1.0,0.0,0.0,0.0,0.0,0.0,0.0,0.0,100000000.0,0.0,0.0,0.0,0.0,,0.0,0.0,0.0,0.0,0.0,43.30796329304576,,0.07227907668667949,0.07227907668667949,93,0.0,28.971113393633722,0.8264663004217017,False,0.14437013017452865,1.3296980384539183,0.1,5,3.0,4.0,0.1,2,25.707229160073105,0.0,0.11265995162884701,,,,0.0,2,0.0,-0.10832460343060407,120699.3,1206993.0,1,,2,72.27907668667949,0.025,4.331733703613281,28.971113393633722,10,2
32.490944897642805,2,1.0,0.0,0.0,0.0,0.0,0.0,0.0,0.0,100000000.0,0.0,0.0,0.0,0.0,,0.0,0.0,0.0,0.0,0.0,42.93966060504317,,0.07543060550268599,0.07543060550268599,93,0.0,32.490944897642805,0.7208496074835088,False,0.11077272985008847,1.0202545458522811,0.1,5,3.0,4.0,0.1,2,26.224021007837504,0.0,0.19288216792549986,,,,0.0,2,0.0,-0.09310166767638722,113580.0,1135800.0,2,,2,75.43060550268599,0.025,4.402436017990112,32.49094489764281,10,2
35.66051848710904,2,1.0,0.0,0.0,0.0,0.0,0.0,0.0,0.0,100000000.0,0.0,0.0,0.0,0.0,,0.0,0.0,0.0,0.0,0.0,43.27058186754584,,0.07893110035465488,0.07893110035465488,93,0.0,35.66051848710904,0.7679593418991102,False,0.1303574334495295,1.2006363320874,0.1,5,3.0,4.0,0.1,2,28.733271981545453,0.0,0.1942553501589642,,,,0.0,2,0.0,-0.10464426690209219,123457.75,1234577.5,3,,2,78.93110035465487,0.025,4.352867841720581,35.66051848710904,10,2
34.931170289328556,2,1.0,0.0,0.0,0.0,0.0,0.0,0.0,0.0,100000000.0,0.0,0.0,0.0,0.0,,0.0,0.0,0.0,0.0,0.0,42.72576980292797,,0.07732483837839053,0.07732483837839053,94,0.0,34.931170289328556,0.8471677634512869,False,0.14437013017452865,1.3296980384539183,0.1,5,3.0,4.0,0.1,2,28.829649645904077,0.0,0.17467266607121068,,,,0.0,2,0.0,-0.1108474842764596,131072.0,1310720.0,1,,2,77.32483837839054,0.04375,4.247003078460693,34.931170289328556,10,2
43.16996091363979,2,1.0,0.0,0.0,0.0,0.0,0.0,0.0,0.0,100000000.0,0.0,0.0,0.0,0.0,,0.0,0.0,0.0,0.0,0.0,42.575360741466284,,0.08566388308389139,0.08566388308389139,94,0.0,43.16996091363979,0.7263942801007821,False,0.11077272985008847,1.0202545458522811,0.1,5,3.0,4.0,0.1,2,32.095618441164746,0.0,0.2565288973652058,,,,0.0,2,0.0,-0.09821830646698992,117636.175,1176361.75,2,,2,85.66388308389139,0.025,4.392828464508057,43.16996091363979,10,2
38.40426706448404,2,1.0,0.0,0.0,0.0,0.0,0.0,0.0,0.0,100000000.0,0.0,0.0,0.0,0.0,,0.0,0.0,0.0,0.0,0.0,42.90550295263529,,0.08072882030829995,0.08072882030829995,94,0.0,38.40426706448404,0.7637826827538474,False,0.1303574334495295,1.2006363320874,0.1,5,3.0,4.0,0.1,2,28.74722747966792,0.0,0.2514574635313603,,,,0.0,2,0.0,-0.10554312687891472,118938.0,1189380.0,3,,2,80.72882030829994,0.06875,4.31343150138855,38.40426706448404,10,2
36.92647612679568,2,1.0,0.0,0.0,0.0,0.0,0.0,0.0,0.0,100000000.0,0.0,0.0,0.0,0.0,,0.0,0.0,0.0,0.0,0.0,42.595337610691786,,0.07938932611632911,0.07938932611632911,95,0.0,36.92647612679568,0.8430937293688959,False,0.14437013017452865,1.3296980384539183,0.1,5,3.0,4.0,0.1,2,27.28015522604508,0.0,0.26123047505610075,,,,0.0,2,0.0,-0.11187972814542888,126241.15,1262411.5,1,,2,79.38932611632912,0.00625,4.283640623092651,36.926476126795684,10,2
37.98172053436,2,1.0,0.0,0.0,0.0,0.0,0.0,0.0,0.0,100000000.0,0.0,0.0,0.0,0.0,,0.0,0.0,0.0,0.0,0.0,42.694571893662214,,0.08061440557727774,0.08061440557727774,95,0.0,37.98172053436,0.856004713305952,False,0.11077272985008847,1.0202545458522811,0.1,5,3.0,4.0,0.1,2,30.77782445241777,0.0,0.18966745004153399,,,,0.0,2,0.0,-0.0956935677136831,131072.0,1310720.0,2,,2,80.61440557727774,0.01875,4.418195724487305,37.98172053436001,10,2
36.673078304109204,2,1.0,0.0,0.0,0.0,0.0,0.0,0.0,0.0,100000000.0,0.0,0.0,0.0,0.0,,0.0,0.0,0.0,0.0,0.0,43.010786175727844,,0.07968386447983705,0.07968386447983705,95,0.0,36.673078304109204,0.7842779553698068,False,0.1303574334495295,1.2006363320874,0.1,5,3.0,4.0,0.1,2,25.971722745150004,0.0,0.29180412590998983,,,,0.0,2,0.0,-0.10502064896468327,114397.55,1143975.5,3,,2,79.68386447983706,0.01875,4.373485803604126,36.673078304109204,10,2
31.976481186481198,2,1.0,0.0,0.0,0.0,0.0,0.0,0.0,0.0,100000000.0,0.0,0.0,0.0,0.0,,0.0,0.0,0.0,0.0,0.0,42.817636858671904,,0.07477937148350665,0.07477937148350665,96,0.0,31.976481186481198,0.8818271152042924,False,0.14437013017452865,1.3296980384539183,0.1,5,3.0,4.0,0.1,2,27.253487143033155,0.0,0.14770211943910827,,,,0.0,2,0.0,-0.10957475082901766,131072.0,1310720.0,1,,2,74.77937148350665,0.04375,4.273768901824951,31.976481186481205,10,2
34.68942174833012,2,1.0,0.0,0.0,0.0,0.0,0.0,0.0,0.0,100000000.0,0.0,0.0,0.0,0.0,,0.0,0.0,0.0,0.0,0.0,42.673726100474596,,0.07736314784880471,0.07736314784880471,96,0.0,34.68942174833012,0.8320732816271728,False,0.11077272985008847,1.0202545458522811,0.1,5,3.0,4.0,0.1,2,25.585468573529276,0.0,0.2624417680078247,,,,0.0,2,0.0,-0.09406793884944659,124198.9,1241989.0,2,,2,77.36314784880472,0.0125,4.3611109256744385,34.68942174833012,10,2
38.764235786416315,2,1.0,0.0,0.0,0.0,0.0,0.0,0.0,0.0,100000000.0,0.0,0.0,0.0,0.0,,0.0,0.0,0.0,0.0,0.0,42.88772493600845,,0.08163318665630437,0.08163318665630437,96,0.0,38.764235786416315,0.8413268204709047,False,0.1303574334495295,1.2006363320874,0.1,5,3.0,4.0,0.1,2,28.111997607559164,0.0,0.274795516092436,,,,0.0,2,0.0,-0.10599531005291693,119601.525,1196015.25,3,,2,81.63318665630437,0.025,4.35204815864563,38.76423578641631,10,2
34.83989662545833,2,1.0,0.0,0.0,0.0,0.0,0.0,0.0,0.0,100000000.0,0.0,0.0,0.0,0.0,,0.0,0.0,0.0,0.0,0.0,42.96671785414219,,0.07780661447960052,0.07780661447960052,97,0.0,34.83989662545833,0.845394360030781,False,0.14437013017452865,1.3296980384539183,0.1,5,3.0,4.0,0.1,2,28.571502697938318,0.0,0.1799199921546137,,,,0.0,2,0.0,-0.11108837232706459,123051.375,1230513.75,1,,2,77.80661447960053,0.05,4.343905210494995,34.83989662545833,10,2
31.443353735367165,2,1.0,0.0,0.0,0.0,0.0,0.0,0.0,0.0,100000000.0,0.0,0.0,0.0,0.0,,0.0,0.0,0.0,0.0,0.0,43.951950035989285,,0.07539530377135645,0.07539530377135645,97,0.0,31.443353735367165,0.930789947786679,False,0.11077272985008847,1.0202545458522811,0.1,5,3.0,4.0,0.1,2,28.197704657885577,0.0,0.10322210234943589,,,,0.0,2,0.0,-0.09308401681072245,131072.0,1310720.0,2,,2,75.39530377135645,0.05625,4.347357511520386,31.443353735367165,10,2
29.926718241068862,2,1.0,0.0,0.0,0.0,0.0,0.0,0.0,0.0,100000000.0,0.0,0.0,0.0,0.0,,0.0,0.0,0.0,0.0,0.0,42.74019692093134,,0.0726669151620002,0.0726669151620002,97,0.0,29.926718241068862,0.8593669349221322,False,0.1303574334495295,1.2006363320874,0.1,5,3.0,4.0,0.1,2,25.436401328181216,0.0,0.15004374608390972,,,,0.0,2,0.0,-0.10151217430576484,119831.6,1198316.0,3,,2,72.66691516200021,0.04375,4.2146759033203125,29.926718241068862,10,2
37.311191909199344,2,1.0,0.0,0.0,0.0,0.0,0.0,0.0,0.0,100000000.0,0.0,0.0,0.0,0.0,,0.0,0.0,0.0,0.0,0.0,43.53867983445525,,0.08045263472590386,0.08045263472590386,98,0.0,37.311191909199344,0.6691256642088559,False,0.14437013017452865,1.3296980384539183,0.1,5,3.0,4.0,0.1,2,27.43592293596033,0.0,0.2646731039113278,,,,0.0,2,0.0,-0.11241138245021626,103239.425,1032394.25,1,,2,80.45263472590386,0.0125,4.314986705780029,37.311191909199344,10,2
33.740326871722075,2,1.0,0.0,0.0,0.0,0.0,0.0,0.0,0.0,100000000.0,0.0,0.0,0.0,0.0,,0.0,0.0,0.0,0.0,0.0,43.054123874753714,,0.07628216884806666,0.07628216884806666,98,0.0,33.740326871722075,0.8743542277240168,False,0.11077272985008847,1.0202545458522811,0.1,5,3.0,4.0,0.1,2,28.02317862569625,0.0,0.16944555006126497,,,,0.0,2,0.0,-0.09352744934907756,131072.0,1310720.0,2,,2,76.28216884806666,0.0375,4.406992197036743,33.74032687172207,10,2
34.62405540943712,2,1.0,0.0,0.0,0.0,0.0,0.0,0.0,0.0,100000000.0,0.0,0.0,0.0,0.0,,0.0,0.0,0.0,0.0,0.0,42.73289022967219,,0.07673812835440605,0.07673812835440605,98,0.0,34.62405540943712,0.7674172862133626,False,0.1303574334495295,1.2006363320874,0.1,5,3.0,4.0,0.1,2,27.606573204475172,0.0,0.20267649534344448,,,,0.0,2,0.0,-0.10354778090196777,116251.625,1162516.25,3,,2,76.73812835440604,0.0625,4.28383731842041,34.62405540943712,10,2
32.29885820001248,2,1.0,0.0,0.0,0.0,0.0,0.0,0.0,0.0,100000000.0,0.0,0.0,0.0,0.0,,0.0,0.0,0.0,0.0,0.0,42.787691578269005,,0.07495369031460276,0.07495369031460276,99,0.0,32.29885820001248,0.8177178276484309,False,0.14437013017452865,1.3296980384539183,0.1,5,3.0,4.0,0.1,2,28.352156011266622,0.0,0.12219324176432766,,,,0.0,2,0.0,-0.1096619102445657,125856.875,1258568.75,1,,2,74.95369031460277,0.08125,4.202459096908569,32.29885820001249,10,2
37.84187378927113,2,1.0,0.0,0.0,0.0,0.0,0.0,0.0,0.0,100000000.0,0.0,0.0,0.0,0.0,,0.0,0.0,0.0,0.0,0.0,43.840170837938786,,0.08168204462720992,0.08168204462720992,99,0.0,37.84187378927113,0.8563934434186656,False,0.11077272985008847,1.0202545458522811,0.1,5,3.0,4.0,0.1,2,28.926021961540524,0.0,0.23560809587231424,,,,0.0,2,0.0,-0.0962273872386492,131072.0,1310720.0,2,,2,81.68204462720992,0.05625,4.353186845779419,37.84187378927113,10,2
36.65096532292257,2,1.0,0.0,0.0,0.0,0.0,0.0,0.0,0.0,100000000.0,0.0,0.0,0.0,0.0,,0.0,0.0,0.0,0.0,0.0,42.591816280037165,,0.07909099930636178,0.07909099930636178,99,0.0,36.65096532292257,0.819752090361676,False,0.1303574334495295,1.2006363320874,0.1,5,3.0,4.0,0.1,2,26.056453817699314,0.0,0.28906500584302874,,,,0.0,2,0.0,-0.10472421637794563,120737.275,1207372.75,3,,2,79.09099930636178,0.04375,4.334683895111084,36.65096532292257,10,2
39.45318665172631,7,1.0,0.0,0.0,0.0,0.0,0.0,0.0,0.0,100000000.0,0.0,0.0,0.0,0.0,,0.0,0.0,0.0,0.0,0.0,43.75187773257494,,0.08224640562947566,0.08224640562947566,100,0.0,39.45318665172631,0.7992522540309653,False,0.14437013017452865,1.3296980384539183,0.1,5,3.0,4.0,0.1,2,30.05316281518744,0.0,0.2382576576010892,,,,0.0,2,0.0,-0.11330826790200216,124825.325,1248253.25,1,0.021875,2,82.24640562947566,0.04375,4.211642265319824,39.45318665172632,10,2
177.33006619399814,2,1.0,0.0,0.0,0.0,0.0,0.0,0.0,0.0,20000000.0,0.0,0.0,0.0,0.0,,0.0,0.0,0.0,0.0,0.0,43.4726569801569,,0.22080272317415506,0.22080272317415506,100,0.0,177.33006619399814,0.7908036232408744,False,0.11077272985008847,1.0202545458522811,0.1,5,3.0,4.0,0.1,2,139.53112287143423,0.0,0.2131558631530203,,,,0.0,2,0.0,-0.16578772651212176,117253.95,1172539.5,2,0.021875,2,220.80272317415506,0.0375,4.374785900115967,177.33006619399816,10,2
33.068414712836436,2,1.0,0.0,0.0,0.0,0.0,0.0,0.0,0.0,100000000.0,0.0,0.0,0.0,0.0,,0.0,0.0,0.0,0.0,0.0,42.76912519708276,,0.07558213866366952,0.07558213866366952,100,0.0,33.068414712836436,0.8414559243533398,False,0.1303574334495295,1.2006363320874,0.1,5,3.0,4.0,0.1,2,26.536340826618627,0.0,0.1975321146460099,,,,0.0,2,0.0,-0.10296978605659951,120668.275,1206682.75,3,0.021875,2,75.58213866366951,0.0375,4.261207580566406,33.068414712836436,10,2
36.532766070680914,7,1.0,0.0,0.0,0.0,0.0,0.0,0.0,0.0,100000000.0,0.0,0.0,0.0,0.0,,0.0,0.0,0.0,0.0,0.0,43.38784283027053,,0.07992060890095144,0.07992060890095144,101,0.0,36.532766070680914,0.787224892732467,False,0.14437013017452865,1.3296980384539183,0.1,5,3.0,4.0,0.1,2,28.650072277728473,0.0,0.21577051619090606,,,,0.0,2,0.0,-0.11214536953774004,112909.45,1129094.5,1,,2,79.92060890095144,0.0125,4.5414159297943115,36.532766070680914,10,2
167.77759202887796,2,1.0,0.0,0.0,0.0,0.0,0.0,0.0,0.0,20000000.0,0.0,0.0,0.0,0.0,,0.0,0.0,0.0,0.0,0.0,43.651039246469736,,0.2104739022361257,0.2104739022361257,101,0.0,167.77759202887796,0.8465051806704821,False,0.11077272985008847,1.0202545458522811,0.1,5,3.0,4.0,0.1,2,145.89966595371192,0.0,0.13039837925079048,,,,0.0,2,0.0,-0.1606233160431071,131072.0,1310720.0,2,,2,210.4739022361257,0.00625,4.558870315551758,167.77759202887796,10,2
38.55088034223359,2,1.0,0.0,0.0,0.0,0.0,0.0,0.0,0.0,100000000.0,0.0,0.0,0.0,0.0,,0.0,0.0,0.0,0.0,0.0,42.79767209663987,,0.08117283608343047,0.08117283608343047,101,0.0,38.55088034223359,0.7485479153672252,False,0.1303574334495295,1.2006363320874,0.1,5,3.0,4.0,0.1,2,30.601374904038607,0.0,0.20620814278749616,,,,0.0,2,0.0,-0.10576513476647997,120053.7,1200537.0,3,,2,81.17283608343047,0.0125,4.541325569152832,38.5508803422336,10,2
38.14131881777867,7,1.0,0.0,0.0,0.0,0.0,0.0,0.0,0.0,100000000.0,0.0,0.0,0.0,0.0,,0.0,0.0,0.0,0.0,0.0,43.33326919004321,,0.08048634672273619,0.08048634672273619,102,0.0,38.14131881777867,0.8964484805086202,False,0.14437013017452865,1.3296980384539183,0.1,5,3.0,4.0,0.1,2,29.844302214008714,0.0,0.21753355313719502,,,,0.0,2,0.0,-0.11242823844863242,131072.0,1310720.0,1,,2,80.48634672273619,0.03125,4.332509756088257,38.14131881777867,10,2
195.76053722864611,2,1.0,0.0,0.0,0.0,0.0,0.0,0.0,0.0,20000000.0,0.0,0.0,0.0,0.0,,0.0,0.0,0.0,0.0,0.0,42.74692991748452,,0.2381937171435974,0.2381937171435974,102,0.0,195.76053722864611,0.8439722739281701,False,0.11077272985008847,1.0202545458522811,0.1,5,3.0,4.0,0.1,2,140.84573224199625,0.0,0.28052030181399623,,,,0.0,2,0.0,-0.17448322349684295,126151.45,1261514.5,2,,2,238.1937171435974,0.04375,4.341151714324951,195.7605372286461,10,2
40.71393824308979,2,1.0,0.0,0.0,0.0,0.0,0.0,0.0,0.0,100000000.0,0.0,0.0,0.0,0.0,,0.0,0.0,0.0,0.0,0.0,42.53055900335312,,0.08316119649574029,0.08316119649574029,102,0.0,40.71393824308979,0.7561624048479006,False,0.1303574334495295,1.2006363320874,0.1,5,3.0,4.0,0.1,2,28.25400056246149,0.0,0.3060361688970994,,,,0.0,2,0.0,-0.10675931497263488,117135.4,1171354.0,3,,2,83.16119649574028,0.025,4.355096101760864,40.71393824308979,10,2
34.43116703257131,7,1.0,0.0,0.0,0.0,0.0,0.0,0.0,0.0,100000000.0,0.0,0.0,0.0,0.0,,0.0,0.0,0.0,0.0,0.0,42.9411930963397,,0.07719766217470336,0.07719766217470336,103,0.0,34.43116703257131,0.8407556945064216,False,0.14437013017452865,1.3296980384539183,0.1,5,3.0,4.0,0.1,2,28.399416830256943,0.0,0.17518285675906464,,,,0.0,2,0.0,-0.11078389617461601,124827.1,1248271.0,1,,2,77.19766217470337,0.04375,4.308380365371704,34.43116703257132,10,2
163.16034389456402,2,1.0,0.0,0.0,0.0,0.0,0.0,0.0,0.0,20000000.0,0.0,0.0,0.0,0.0,,0.0,0.0,0.0,0.0,0.0,42.940324638038874,,0.2061006685326029,0.2061006685326029,103,0.0,163.16034389456402,0.7662771248323714,False,0.11077272985008847,1.0202545458522811,0.1,5,3.0,4.0,0.1,2,122.97122885029826,0.0,0.24631668507781765,,,,0.0,2,0.0,-0.15843669919134568,110633.225,1106332.25,2,,2,206.1006685326029,0.04375,4.3848206996917725,163.16034389456402,10,2
45.666235648629396,2,1.0,0.0,0.0,0.0,0.0,0.0,0.0,0.0,100000000.0,0.0,0.0,0.0,0.0,,0.0,0.0,0.0,0.0,0.0,42.91303874924779,,0.08857927439787719,0.08857927439787719,103,0.0,45.666235648629396,0.8140806178517874,False,0.1303574334495295,1.2006363320874,0.1,5,3.0,4.0,0.1,2,32.10307330535744,0.0,0.29700635821247134,,,,0.0,2,0.0,-0.10946835392370334,131072.0,1310720.0,3,,2,88.57927439787719,0.05625,4.36959171295166,45.666235648629396,10,2
31.37624974851834,7,1.0,0.0,0.0,0.0,0.0,0.0,0.0,0.0,100000000.0,0.0,0.0,0.0,0.0,,0.0,0.0,0.0,0.0,0.0,42.71690500900149,,0.07409315475751983,0.07409315475751983,104,0.0,31.37624974851834,0.8332857371314081,False,0.14437013017452865,1.3296980384539183,0.1,5,3.0,4.0,0.1,2,27.812146077458873,0.0,0.11359240507153895,,,,0.0,2,0.0,-0.10923164246602424,131072.0,1310720.0,1,,2,74.09315475751983,0.05625,4.242429494857788,31.37624974851834,10,2
155.34602044565403,2,1.0,0.0,0.0,0.0,0.0,0.0,0.0,0.0,20000000.0,0.0,0.0,0.0,0.0,,0.0,0.0,0.0,0.0,0.0,43.118370696902275,,0.19819768922818626,0.19819768922818626,104,0.0,155.34602044565403,0.7846611178316163,False,0.11077272985008847,1.0202545458522811,0.1,5,3.0,4.0,0.1,2,129.20449424384674,0.0,0.16827934263660518,,,,0.0,2,0.0,-0.15448520953913736,117850.65,1178506.5,2,,2,198.19768922818625,0.03125,4.358700275421143,155.34602044565403,10,2
40.458739840417735,2,1.0,0.0,0.0,0.0,0.0,0.0,0.0,0.0,100000000.0,0.0,0.0,0.0,0.0,,0.0,0.0,0.0,0.0,0.0,43.03975123912096,,0.08315423374342883,0.08315423374342883,104,0.0,40.458739840417735,0.759679073643792,False,0.1303574334495295,1.2006363320874,0.1,5,3.0,4.0,0.1,2,29.19614794784884,0.0,0.2783722858643689,,,,0.0,2,0.0,-0.10675583359647917,117199.1,1171991.0,3,,2,83.15423374342883,0.08125,4.272440433502197,40.45873984041774,10,2
36.99678656951424,7,1.0,0.0,0.0,0.0,0.0,0.0,0.0,0.0,100000000.0,0.0,0.0,0.0,0.0,,0.0,0.0,0.0,0.0,0.0,42.71374410018325,,0.0797105306696975,0.0797105306696975,105,0.0,36.99678656951424,0.8015180325960467,False,0.14437013017452865,1.3296980384539183,0.1,5,3.0,4.0,0.1,2,28.423925880588683,0.0,0.23171906221687077,,,,0.0,2,0.0,-0.11204033042211307,117741.7,1177417.0,1,,2,79.71053066969749,0.0125,4.265857696533203,36.99678656951425,10,2
172.7284298265903,2,1.0,0.0,0.0,0.0,0.0,0.0,0.0,0.0,20000000.0,0.0,0.0,0.0,0.0,,0.0,0.0,0.0,0.0,0.0,42.51568065956235,,0.2152391958969264,0.2152391958969264,105,0.0,172.7284298265903,0.7861651739462583,False,0.11077272985008847,1.0202545458522811,0.1,5,3.0,4.0,0.1,2,135.07632198175034,0.0,0.21798442724594067,,,,0.0,2,0.0,-0.16300596287350744,123613.275,1236132.75,2,,2,215.2391958969264,0.05,4.4105589389801025,172.7284298265903,10,2
34.088709361228574,2,1.0,0.0,0.0,0.0,0.0,0.0,0.0,0.0,100000000.0,0.0,0.0,0.0,0.0,,0.0,0.0,0.0,0.0,0.0,44.080527033656836,,0.07816923639488542,0.07816923639488542,105,0.0,34.088709361228574,0.8440686094404658,False,0.1303574334495295,1.2006363320874,0.1,5,3.0,4.0,0.1,2,27.7612244388752,0.0,0.1856182014784654,,,,0.0,2,0.0,-0.10426333492220746,126313.875,1263138.75,3,,2,78.16923639488542,0.05625,4.2738659381866455,34.08870936122858,10,2
37.4248227931751,7,1.0,0.0,0.0,0.0,0.0,0.0,0.0,0.0,100000000.0,0.0,0.0,0.0,0.0,,0.0,0.0,0.0,0.0,0.0,43.08926407247782,,0.08008948712499869,0.08008948712499869,106,0.0,37.4248227931751,0.8789485263680714,False,0.14437013017452865,1.3296980384539183,0.1,5,3.0,4.0,0.1,2,30.497547955479632,0.0,0.18509840049152484,,,,0.0,2,0.0,-0.11222980864976367,131072.0,1310720.0,1,,2,80.0894871249987,0.025,4.3251330852508545,37.42482279317511,10,2
157.62177412730574,2,1.0,0.0,0.0,0.0,0.0,0.0,0.0,0.0,20000000.0,0.0,0.0,0.0,0.0,,0.0,0.0,0.0,0.0,0.0,42.867169715464115,,0.20048894384276986,0.20048894384276986,106,0.0,157.62177412730574,0.7065576268233769,False,0.11077272985008847,1.0202545458522811,0.1,5,3.0,4.0,0.1,2,122.9530059131006,0.0,0.2199491054212114,,,,0.0,2,0.0,-0.15563083684642917,106937.775,1069377.75,2,,2,200.48894384276986,0.05,4.340563774108887,157.62177412730574,10,2
35.69817012783711,2,1.0,0.0,0.0,0.0,0.0,0.0,0.0,0.0,100000000.0,0.0,0.0,0.0,0.0,,0.0,0.0,0.0,0.0,0.0,43.38905122131109,,0.07864395417880839,0.07864395417880839,106,0.0,35.69817012783711,0.8791684067961674,False,0.1303574334495295,1.2006363320874,0.1,5,3.0,4.0,0.1,2,28.154734203276583,0.0,0.21131155735846033,,,,0.0,2,0.0,-0.10450069381416893,125174.2,1251742.0,3,,2,78.64395417880839,0.05625,4.230287075042725,35.698170127837116,10,2
33.99469245650731,7,1.0,0.0,0.0,0.0,0.0,0.0,0.0,0.0,100000000.0,0.0,0.0,0.0,0.0,,0.0,0.0,0.0,0.0,0.0,43.184420093894005,,0.07646992857062183,0.07646992857062183,107,0.0,33.99469245650731,0.828207082869412,False,0.14437013017452865,1.3296980384539183,0.1,5,3.0,4.0,0.1,2,27.49638968518307,0.0,0.19115639241737947,,,,0.0,2,0.0,-0.11042002937257525,120116.85,1201168.5,1,,2,76.46992857062183,0.05,4.263038158416748,33.99469245650731,10,2
151.61588693752395,2,1.0,0.0,0.0,0.0,0.0,0.0,0.0,0.0,20000000.0,0.0,0.0,0.0,0.0,,0.0,0.0,0.0,0.0,0.0,42.76978597044945,,0.19438094691156851,0.19438094691156851,107,0.0,151.61588693752395,0.8529689149030817,False,0.11077272985008847,1.0202545458522811,0.1,5,3.0,4.0,0.1,2,122.99844112062931,0.0,0.1887496514708051,,,,0.0,2,0.0,-0.1525768383808285,124868.65,1248686.5,2,,2,194.38094691156851,0.01875,4.364670991897583,151.61588693752395,10,2
28.92846827422973,2,1.0,0.0,0.0,0.0,0.0,0.0,0.0,0.0,100000000.0,0.0,0.0,0.0,0.0,,0.0,0.0,0.0,0.0,0.0,42.789645958691835,,0.07168692061520308,0.07168692061520308,107,0.0,28.92846827422973,0.8328202619430511,False,0.1303574334495295,1.2006363320874,0.1,5,3.0,4.0,0.1,2,24.592434036859487,0.0,0.1498881377426021,,,,0.0,2,0.0,-0.1010221770323663,121042.2,1210422.0,3,,2,71.68692061520308,0.03125,4.293069362640381,28.928468274229726,10,2
31.66127012332795,7,1.0,0.0,0.0,0.0,0.0,0.0,0.0,0.0,100000000.0,0.0,0.0,0.0,0.0,,0.0,0.0,0.0,0.0,0.0,43.458409141749144,,0.0751196792650771,0.0751196792650771,108,0.0,31.66127012332795,0.7453921090931626,False,0.14437013017452865,1.3296980384539183,0.1,5,3.0,4.0,0.1,2,25.847595968994632,0.0,0.18362100230621564,,,,0.0,2,0.0,-0.10974490471980287,105936.95,1059369.5,1,,2,75.1196792650771,0.05,4.245923042297363,31.66127012332795,10,2
164.43236760121704,2,1.0,0.0,0.0,0.0,0.0,0.0,0.0,0.0,20000000.0,0.0,0.0,0.0,0.0,,0.0,0.0,0.0,0.0,0.0,43.07206999510527,,0.2075044375963223,0.2075044375963223,108,0.0,164.43236760121704,0.8948719589348105,False,0.11077272985008847,1.0202545458522811,0.1,5,3.0,4.0,0.1,2,136.01603504261055,0.0,0.17281471387386482,,,,0.0,2,0.0,-0.15913858372320538,131072.0,1310720.0,2,,2,207.5044375963223,0.0375,4.385567903518677,164.43236760121704,10,2
32.37277616835084,2,1.0,0.0,0.0,0.0,0.0,0.0,0.0,0.0,100000000.0,0.0,0.0,0.0,0.0,,0.0,0.0,0.0,0.0,0.0,43.26872108504176,,0.0756414972533926,0.0756414972533926,108,0.0,32.37277616835084,0.8410031081383398,False,0.1303574334495295,1.2006363320874,0.1,5,3.0,4.0,0.1,2,25.90502596765059,0.0,0.1997897914922548,,,,0.0,2,0.0,-0.10299946535146104,123050.0,1230500.0,3,,2,75.6414972533926,0.025,4.3441712856292725,32.37277616835084,10,2
27.66143569909353,7,1.0,0.0,0.0,0.0,0.0,0.0,0.0,0.0,100000000.0,0.0,0.0,0.0,0.0,,0.0,0.0,0.0,0.0,0.0,42.74983424693346,,0.07041126994602699,0.07041126994602699,109,0.0,27.66143569909353,0.8043526998331523,False,0.14437013017452865,1.3296980384539183,0.1,5,3.0,4.0,0.1,2,24.315218933753673,0.0,0.12097046594907988,,,,0.0,2,0.0,-0.10739070006027782,116413.0,1164130.0,1,,2,70.41126994602699,0.05625,4.299602508544922,27.661435699093534,10,2
156.54724758334353,2,1.0,0.0,0.0,0.0,0.0,0.0,0.0,0.0,20000000.0,0.0,0.0,0.0,0.0,,0.0,0.0,0.0,0.0,0.0,42.37504303455353,,0.19892229061789704,0.19892229061789704,109,0.0,156.54724758334353,0.8375744978369241,False,0.11077272985008847,1.0202545458522811,0.1,5,3.0,4.0,0.1,2,134.44970693301983,0.0,0.1411557276889157,,,,0.0,2,0.0,-0.15484751023399276,131072.0,1310720.0,2,,2,198.92229061789703,0.0375,4.427455425262451,156.5472475833435,10,2
35.1611208951356,2,1.0,0.0,0.0,0.0,0.0,0.0,0.0,0.0,100000000.0,0.0,0.0,0.0,0.0,,0.0,0.0,0.0,0.0,0.0,42.681533843278885,,0.07784265473841448,0.07784265473841448,109,0.0,35.1611208951356,0.804462437582876,False,0.1303574334495295,1.2006363320874,0.1,5,3.0,4.0,0.1,2,27.98887626965422,0.0,0.20398225206960427,,,,0.0,2,0.0,-0.10410004409397199,118133.5,1181335.0,3,,2,77.84265473841448,0.03125,4.281139135360718,35.1611208951356,10,2
35.60865575783127,7,1.0,0.0,0.0,0.0,0.0,0.0,0.0,0.0,100000000.0,0.0,0.0,0.0,0.0,,0.0,0.0,0.0,0.0,0.0,43.07782417163253,,0.07777518498115414,0.07777518498115414,110,0.0,35.60865575783127,0.7709164518227112,False,0.14437013017452865,1.3296980384539183,0.1,5,3.0,4.0,0.1,2,27.860437284484945,0.0,0.21759368076236052,,,,0.0,2,0.0,-0.1110726575778414,120749.925,1207499.25,1,0.03046875,2,77.77518498115414,0.05,4.287208795547485,35.60865575783127,10,2
171.30684272675498,2,1.0,0.0,0.0,0.0,0.0,0.0,0.0,0.0,20000000.0,0.0,0.0,0.0,0.0,,0.0,0.0,0.0,0.0,0.0,42.63096209615469,,0.2139378048229097,0.2139378048229097,110,0.0,171.30684272675498,0.8502670661816746,False,0.11077272985008847,1.0202545458522811,0.1,5,3.0,4.0,0.1,2,136.1489611838856,0.0,0.20523337528874058,,,,0.0,2,0.0,-0.16235526733649908,126304.825,1263048.25,2,0.03046875,2,213.9378048229097,0.1,4.253620386123657,171.306842726755,10,2
30.650453665877418,2,1.0,0.0,0.0,0.0,0.0,0.0,0.0,0.0,100000000.0,0.0,0.0,0.0,0.0,,0.0,0.0,0.0,0.0,0.0,42.48563200235367,,0.073101953627194,0.073101953627194,110,0.0,30.650453665877418,0.8019557880707406,False,0.1303574334495295,1.2006363320874,0.1,5,3.0,4.0,0.1,2,24.795503525153332,0.0,0.1910232783028034,,,,0.0,2,0.0,-0.10172969353836175,114913.175,1149131.75,3,0.03046875,2,73.101953627194,0.04375,4.260499954223633,30.650453665877418,10,2
38.815470234204795,7,1.0,0.0,0.0,0.0,0.0,0.0,0.0,0.0,100000000.0,0.0,0.0,0.0,0.0,,0.0,0.0,0.0,0.0,0.0,43.148175813257694,,0.08168272465413294,0.08168272465413294,111,0.0,38.815470234204795,0.8115607647595608,False,0.14437013017452865,1.3296980384539183,0.1,5,3.0,4.0,0.1,2,29.153886284427568,0.0,0.2489106506112423,,,,0.0,2,0.0,-0.1130264274143308,118815.075,1188150.75,1,,2,81.68272465413294,0.01875,4.543850898742676,38.815470234204795,10,2
153.321384637948,2,1.0,0.0,0.0,0.0,0.0,0.0,0.0,0.0,20000000.0,0.0,0.0,0.0,0.0,,0.0,0.0,0.0,0.0,0.0,42.7765310741961,,0.19567189803287005,0.19567189803287005,111,0.0,153.321384637948,0.8796132372828597,False,0.11077272985008847,1.0202545458522811,0.1,5,3.0,4.0,0.1,2,129.69223287444913,0.0,0.1541151732962533,,,,0.0,2,0.0,-0.15322231394147925,131072.0,1310720.0,2,,2,195.67189803287005,0.01875,4.531094789505005,153.32138463794803,10,2
33.064871746652486,2,1.0,0.0,0.0,0.0,0.0,0.0,0.0,0.0,100000000.0,0.0,0.0,0.0,0.0,,0.0,0.0,0.0,0.0,0.0,42.55079897120595,,0.07528013195803082,0.07528013195803082,111,0.0,33.064871746652486,0.8820511909268955,False,0.1303574334495295,1.2006363320874,0.1,5,3.0,4.0,0.1,2,27.505461498619844,0.0,0.16813645280797074,,,,0.0,2,0.0,-0.10281878270378016,131072.0,1310720.0,3,,2,75.28013195803082,0.03125,4.54268741607666,33.064871746652486,10,2
35.848123062699855,7,1.0,0.0,0.0,0.0,0.0,0.0,0.0,0.0,100000000.0,0.0,0.0,0.0,0.0,,0.0,0.0,0.0,0.0,0.0,42.495609261095524,,0.07834373232379538,0.07834373232379538,112,0.0,35.848123062699855,0.860131863070807,False,0.14437013017452865,1.3296980384539183,0.1,5,3.0,4.0,0.1,2,29.622833821397002,0.0,0.17365732734220315,,,,0.0,2,0.0,-0.11135693124916202,131072.0,1310720.0,1,,2,78.34373232379538,0.05,4.352438926696777,35.848123062699855,10,2
182.20935418653255,2,1.0,0.0,0.0,0.0,0.0,0.0,0.0,0.0,20000000.0,0.0,0.0,0.0,0.0,,0.0,0.0,0.0,0.0,0.0,42.82039264217019,,0.22502974682870275,0.22502974682870275,112,0.0,182.20935418653255,0.8143726040910906,False,0.11077272985008847,1.0202545458522811,0.1,5,3.0,4.0,0.1,2,136.0043607675364,0.0,0.2535818955359167,,,,0.0,2,0.0,-0.1679012383393956,118074.75,1180747.5,2,,2,225.02974682870274,0.025,4.381328105926514,182.20935418653255,10,2
35.57832433569351,2,1.0,0.0,0.0,0.0,0.0,0.0,0.0,0.0,100000000.0,0.0,0.0,0.0,0.0,,0.0,0.0,0.0,0.0,0.0,42.977962642908096,,0.07855628697860162,0.07855628697860162,112,0.0,35.57832433569351,0.8692884000655503,False,0.1303574334495295,1.2006363320874,0.1,5,3.0,4.0,0.1,2,29.630490436987724,0.0,0.16717577372632741,,,,0.0,2,0.0,-0.10445686021406556,126315.575,1263155.75,3,,2,78.55628697860162,0.03125,4.313751935958862,35.578324335693516,10,2
41.8712379575167,7,1.0,0.0,0.0,0.0,0.0,0.0,0.0,0.0,100000000.0,0.0,0.0,0.0,0.0,,0.0,0.0,0.0,0.0,0.0,43.2306258007884,,0.08510186375830511,0.08510186375830511,113,0.0,41.8712379575167,0.8097924436280307,False,0.14437013017452865,1.3296980384539183,0.1,5,3.0,4.0,0.1,2,30.201547687363828,0.0,0.27870420936665746,,,,0.0,2,0.0,-0.11473599696641688,119543.55,1195435.5,1,,2,85.10186375830511,0.05625,4.268947124481201,41.871237957516705,10,2
161.1014560389606,2,1.0,0.0,0.0,0.0,0.0,0.0,0.0,0.0,20000000.0,0.0,0.0,0.0,0.0,,0.0,0.0,0.0,0.0,0.0,43.41227374970913,,0.20451372978866975,0.20451372978866975,113,0.0,161.1014560389606,0.827594570127312,False,0.11077272985008847,1.0202545458522811,0.1,5,3.0,4.0,0.1,2,132.22634396671094,0.0,0.17923557478752122,,,,0.0,2,0.0,-0.15764322981937912,125652.05,1256520.5,2,,2,204.51372978866974,0.025,4.401605606079102,161.1014560389606,10,2
40.56399812805654,2,1.0,0.0,0.0,0.0,0.0,0.0,0.0,0.0,100000000.0,0.0,0.0,0.0,0.0,,0.0,0.0,0.0,0.0,0.0,42.872920632362366,,0.0827463770646155,0.0827463770646155,113,0.0,40.56399812805654,0.7832367749906094,False,0.1303574334495295,1.2006363320874,0.1,5,3.0,4.0,0.1,2,30.32277877353625,0.0,0.2524706593810051,,,,0.0,2,0.0,-0.1065519052570725,120999.5,1209995.0,3,,2,82.7463770646155,0.0625,4.320625305175781,40.56399812805654,10,2
32.01775901281618,7,1.0,0.0,0.0,0.0,0.0,0.0,0.0,0.0,100000000.0,0.0,0.0,0.0,0.0,,0.0,0.0,0.0,0.0,0.0,42.65390895307064,,0.07467166796588681,0.07467166796588681,114,0.0,32.01775901281618,0.8776566950402079,False,0.14437013017452865,1.3296980384539183,0.1,5,3.0,4.0,0.1,2,24.58930752727864,0.0,0.23201035033601364,,,,0.0,2,0.0,-0.10952089907020773,124544.175,1245441.75,1,,2,74.67166796588681,0.05,4.253834009170532,32.01775901281618,10,2
189.15015005820428,2,1.0,0.0,0.0,0.0,0.0,0.0,0.0,0.0,20000000.0,0.0,0.0,0.0,0.0,,0.0,0.0,0.0,0.0,0.0,44.34233624488115,,0.23228138511382973,0.23228138511382973,114,0.0,189.15015005820428,0.8204767509523887,False,0.11077272985008847,1.0202545458522811,0.1,5,3.0,4.0,0.1,2,139.1155555596532,0.0,0.264523155192606,,,,0.0,2,0.0,-0.1715270574819591,121172.125,1211721.25,2,,2,232.28138511382974,0.1,4.240697145462036,189.1501500582043,10,2
39.989262732186624,2,1.0,0.0,0.0,0.0,0.0,0.0,0.0,0.0,100000000.0,0.0,0.0,0.0,0.0,,0.0,0.0,0.0,0.0,0.0,43.490380980074406,,0.08347964371226103,0.08347964371226103,114,0.0,39.989262732186624,0.782854789961802,False,0.1303574334495295,1.2006363320874,0.1,5,3.0,4.0,0.1,2,29.735089981826334,0.0,0.2564231508601156,,,,0.0,2,0.0,-0.10691853858089526,119522.625,1195226.25,3,,2,83.47964371226104,0.05,4.297440052032471,39.98926273218663,10,2
37.804294877212364,7,1.0,0.0,0.0,0.0,0.0,0.0,0.0,0.0,100000000.0,0.0,0.0,0.0,0.0,,0.0,0.0,0.0,0.0,0.0,42.824720963835716,,0.08062901584104808,0.08062901584104808,115,0.0,37.804294877212364,0.8166776630643273,False,0.14437013017452865,1.3296980384539183,0.1,5,3.0,4.0,0.1,2,26.147112650058993,0.0,0.30835602846226007,,,,0.0,2,0.0,-0.11249957300778837,119047.425,1190474.25,1,,2,80.62901584104807,0.05625,4.299678087234497,37.804294877212364,10,2
184.08736192505197,2,1.0,0.0,0.0,0.0,0.0,0.0,0.0,0.0,20000000.0,0.0,0.0,0.0,0.0,,0.0,0.0,0.0,0.0,0.0,43.20780374109745,,0.2267341509170397,0.2267341509170397,115,0.0,184.08736192505197,0.8109192473473816,False,0.11077272985008847,1.0202545458522811,0.1,5,3.0,4.0,0.1,2,148.3716674537344,0.0,0.19401491823136996,,,,0.0,2,0.0,-0.16875344038356407,131072.0,1310720.0,2,,2,226.7341509170397,0.03125,4.442134857177734,184.087361925052,10,2
36.2993830603036,2,1.0,0.0,0.0,0.0,0.0,0.0,0.0,0.0,100000000.0,0.0,0.0,0.0,0.0,,0.0,0.0,0.0,0.0,0.0,42.66793932765722,,0.07892890998837082,0.07892890998837082,115,0.0,36.2993830603036,0.7730455070627931,False,0.1303574334495295,1.2006363320874,0.1,5,3.0,4.0,0.1,2,30.336843708818307,0.0,0.16426007410593776,,,,0.0,2,0.0,-0.10464317171895016,115809.65,1158096.5,3,,2,78.92890998837082,0.05625,4.281603574752808,36.299383060303605,10,2
39.84159614033085,7,1.0,0.0,0.0,0.0,0.0,0.0,0.0,0.0,100000000.0,0.0,0.0,0.0,0.0,,0.0,0.0,0.0,0.0,0.0,42.77609009295702,,0.08261768623328786,0.08261768623328786,116,0.0,39.84159614033085,0.887595864060228,False,0.14437013017452865,1.3296980384539183,0.1,5,3.0,4.0,0.1,2,28.52166785559948,0.0,0.28412336305152286,,,,0.0,2,0.0,-0.11349390820390826,131072.0,1310720.0,1,,2,82.61768623328786,0.04375,4.183892488479614,39.84159614033084,10,2
174.16952201741663,2,1.0,0.0,0.0,0.0,0.0,0.0,0.0,0.0,20000000.0,0.0,0.0,0.0,0.0,,0.0,0.0,0.0,0.0,0.0,42.62567916885018,,0.21671462082880466,0.21671462082880466,116,0.0,174.16952201741663,0.8893559261940321,False,0.11077272985008847,1.0202545458522811,0.1,5,3.0,4.0,0.1,2,144.32457583045036,0.0,0.17135573343298158,,,,0.0,2,0.0,-0.16374367533944656,131072.0,1310720.0,2,,2,216.71462082880467,0.01875,4.3369224071502686,174.16952201741665,10,2
37.88300462996387,2,1.0,0.0,0.0,0.0,0.0,0.0,0.0,0.0,100000000.0,0.0,0.0,0.0,0.0,,0.0,0.0,0.0,0.0,0.0,43.374215718358755,,0.08125722034832261,0.08125722034832261,116,0.0,37.88300462996387,0.8142656474072941,False,0.1303574334495295,1.2006363320874,0.1,5,3.0,4.0,0.1,2,28.14862179101649,0.0,0.25695910168772335,,,,0.0,2,0.0,-0.10580732689892605,119426.2,1194262.0,3,,2,81.25722034832262,0.04375,4.2647011280059814,37.883004629963864,10,2
30.456373874054815,7,1.0,0.0,0.0,0.0,0.0,0.0,0.0,0.0,100000000.0,0.0,0.0,0.0,0.0,,0.0,0.0,0.0,0.0,0.0,46.473593916743994,,0.07692996779079882,0.07692996779079882,117,0.0,30.456373874054815,0.8456808145212975,False,0.14437013017452865,1.3296980384539183,0.1,5,3.0,4.0,0.1,2,23.915089977790128,0.0,0.2147755318251159,,,,0.0,2,0.0,-0.11065004898266373,121004.075,1210040.75,1,,2,76.92996779079881,0.0375,4.291759729385376,30.45637387405482,10,2
159.66476432145018,2,1.0,0.0,0.0,0.0,0.0,0.0,0.0,0.0,20000000.0,0.0,0.0,0.0,0.0,,0.0,0.0,0.0,0.0,0.0,53.21616679430008,,0.21147726920530577,0.21147726920530577,117,0.0,159.66476432145018,0.8076773818470141,False,0.11077272985008847,1.0202545458522811,0.1,5,3.0,4.0,0.1,2,125.1432941691788,0.0,0.21621220122662715,,,,0.0,2,0.0,-0.16112499952769713,117681.625,1176816.25,2,,2,211.47726920530576,0.0,4.373708009719849,159.66476432145018,10,2
34.2311932338355,2,1.0,0.0,0.0,0.0,0.0,0.0,0.0,0.0,100000000.0,0.0,0.0,0.0,0.0,,0.0,0.0,0.0,0.0,0.0,51.925377920269966,,0.08615657115410547,0.08615657115410547,117,0.0,34.2311932338355,0.7925213516618509,False,0.1303574334495295,1.2006363320874,0.1,5,3.0,4.0,0.1,2,27.570642961614872,0.0,0.1945754629913709,,,,0.0,2,0.0,-0.10825700230181748,118850.875,1188508.75,3,,2,86.15657115410546,0.0375,4.2594499588012695,34.2311932338355,10,2
36.96756622515165,7,1.0,0.0,0.0,0.0,0.0,0.0,0.0,0.0,100000000.0,0.0,0.0,0.0,0.0,,0.0,0.0,0.0,0.0,0.0,51.03473737835884,,0.0880023036035105,0.0880023036035105,118,0.0,36.96756622515165,0.8063438503834401,False,0.14437013017452865,1.3296980384539183,0.1,5,3.0,4.0,0.1,2,29.06247937943079,0.0,0.21383844415330938,,,,0.0,2,0.0,-0.11618621688901958,126048.05,1260480.5,1,,2,88.0023036035105,0.06875,4.200260400772095,36.96756622515165,10,2
173.71669049820292,2,1.0,0.0,0.0,0.0,0.0,0.0,0.0,0.0,20000000.0,0.0,0.0,0.0,0.0,,0.0,0.0,0.0,0.0,0.0,50.61457399278879,,0.22433126449099172,0.22433126449099172,118,0.0,173.71669049820292,0.8464698608496107,False,0.11077272985008847,1.0202545458522811,0.1,5,3.0,4.0,0.1,2,133.7310928314451,0.0,0.23017706330970814,,,,0.0,2,0.0,-0.1675519971705401,131072.0,1310720.0,2,,2,224.3312644909917,0.0375,4.290410995483398,173.71669049820292,10,2
37.22764009891615,2,1.0,0.0,0.0,0.0,0.0,0.0,0.0,0.0,100000000.0,0.0,0.0,0.0,0.0,,0.0,0.0,0.0,0.0,0.0,50.436955876648426,,0.08766459597556459,0.08766459597556459,118,0.0,37.22764009891615,0.8632106716595827,False,0.1303574334495295,1.2006363320874,0.1,5,3.0,4.0,0.1,2,28.103631388018897,0.0,0.24508694847844747,,,,0.0,2,0.0,-0.10901101471254704,125771.325,1257713.25,3,,2,87.66459597556458,0.05,4.244948625564575,37.227640098916154,10,2
36.399231689130914,7,1.0,0.0,0.0,0.0,0.0,0.0,0.0,0.0,100000000.0,0.0,0.0,0.0,0.0,,0.0,0.0,0.0,0.0,0.0,50.62965815886855,,0.08698419381499853,0.08698419381499853,119,0.0,36.399231689130914,0.8076490106637207,False,0.14437013017452865,1.3296980384539183,0.1,5,3.0,4.0,0.1,2,28.79550500037068,0.0,0.20889799965285433,,,,0.0,2,0.0,-0.11567716199476359,119138.4,1191384.0,1,,2,86.98419381499853,0.0625,4.206909418106079,36.399231689130914,10,2
151.4911037080215,2,1.0,0.0,0.0,0.0,0.0,0.0,0.0,0.0,20000000.0,0.0,0.0,0.0,0.0,,0.0,0.0,0.0,0.0,0.0,51.00952088832855,,0.20250062459635004,0.20250062459635004,119,0.0,151.4911037080215,0.7952275906466655,False,0.11077272985008847,1.0202545458522811,0.1,5,3.0,4.0,0.1,2,127.27445323101993,0.0,0.15985526466079408,,,,0.0,2,0.0,-0.15663667722321925,124652.05,1246520.5,2,,2,202.50062459635004,0.0125,4.36108922958374,151.49110370802148,10,2
42.573089305851866,2,1.0,0.0,0.0,0.0,0.0,0.0,0.0,0.0,100000000.0,0.0,0.0,0.0,0.0,,0.0,0.0,0.0,0.0,0.0,50.85079092532396,,0.09342388023117584,0.09342388023117584,119,0.0,42.573089305851866,0.8572225227588358,False,0.1303574334495295,1.2006363320874,0.1,5,3.0,4.0,0.1,2,31.373305907403914,0.0,0.2630718977893975,,,,0.0,2,0.0,-0.11189065684035267,125747.675,1257476.75,3,,2,93.42388023117584,0.05,4.2658796310424805,42.57308930585188,10,2
31.436294397908362,7,1.0,0.0,0.0,0.0,0.0,0.0,0.0,0.0,100000000.0,0.0,0.0,0.0,0.0,,0.0,0.0,0.0,0.0,0.0,50.83799455314875,,0.08186287440975301,0.08186287440975301,120,0.0,31.436294397908362,0.7650601380271378,False,0.14437013017452865,1.3296980384539183,0.1,5,3.0,4.0,0.1,2,24.572192030117833,0.0,0.21834960192532232,,,,0.0,2,0.0,-0.11311650229214083,108086.675,1080866.75,1,0.03203125,2,81.862874409753,0.0375,4.299028396606445,31.43629439790837,10,2
164.83944438056284,2,1.0,0.0,0.0,0.0,0.0,0.0,0.0,0.0,20000000.0,0.0,0.0,0.0,0.0,,0.0,0.0,0.0,0.0,0.0,51.379155833274126,,0.21621860021383696,0.21621860021383696,120,0.0,164.83944438056284,0.8331539387369015,False,0.11077272985008847,1.0202545458522811,0.1,5,3.0,4.0,0.1,2,127.44585520008212,0.0,0.22684855145562485,,,,0.0,2,0.0,-0.16349566503196272,125829.75,1258297.5,2,0.03203125,2,216.21860021383696,0.03125,4.3437180519104,164.83944438056284,10,2
35.8880806399535,2,1.0,0.0,0.0,0.0,0.0,0.0,0.0,0.0,100000000.0,0.0,0.0,0.0,0.0,,0.0,0.0,0.0,0.0,0.0,51.67729686945677,,0.08638094753604639,0.08638094753604639,120,0.0,35.8880806399535,0.8753808158244312,False,0.1303574334495295,1.2006363320874,0.1,5,3.0,4.0,0.1,2,27.568353606860633,0.0,0.2318242403810997,,,,0.0,2,0.0,-0.10836919049278794,131072.0,1310720.0,3,0.03203125,2,86.38094753604639,0.03125,4.3663201332092285,35.8880806399535,10,2
31.016175173499658,7,1.0,0.0,0.0,0.0,0.0,0.0,0.0,0.0,100000000.0,0.0,0.0,0.0,0.0,,0.0,0.0,0.0,0.0,0.0,50.953819416463375,,0.08160856506256112,0.08160856506256112,121,0.0,31.016175173499658,0.8755620751802546,False,0.14437013017452865,1.3296980384539183,0.1,5,3.0,4.0,0.1,2,27.071691959438954,0.0,0.1271750366380084,,,,0.0,2,0.0,-0.11298934761854489,125423.075,1254230.75,1,,2,81.60856506256111,0.04375,4.523908853530884,31.01617517349966,10,2
163.51839122785884,2,1.0,0.0,0.0,0.0,0.0,0.0,0.0,0.0,20000000.0,0.0,0.0,0.0,0.0,,0.0,0.0,0.0,0.0,0.0,50.43252510949969,,0.21395091633735852,0.21395091633735852,121,0.0,163.51839122785884,0.7732964676493206,False,0.11077272985008847,1.0202545458522811,0.1,5,3.0,4.0,0.1,2,127.55713691927306,0.0,0.21992177172581553,,,,0.0,2,0.0,-0.1623618230937235,108300.5,1083005.0,2,,2,213.95091633735854,0.0125,4.521577835083008,163.51839122785884,10,2
35.89847764343883,2,1.0,0.0,0.0,0.0,0.0,0.0,0.0,0.0,100000000.0,0.0,0.0,0.0,0.0,,0.0,0.0,0.0,0.0,0.0,50.8192190900445,,0.08671769673348334,0.08671769673348334,121,0.0,35.89847764343883,0.8151663038154201,False,0.1303574334495295,1.2006363320874,0.1,5,3.0,4.0,0.1,2,28.79389389253775,0.0,0.19790766119575504,,,,0.0,2,0.0,-0.10853756509150642,126253.675,1262536.75,3,,2,86.71769673348334,0.03125,4.505579233169556,35.89847764343884,10,2
40.59342308006081,7,1.0,0.0,0.0,0.0,0.0,0.0,0.0,0.0,100000000.0,0.0,0.0,0.0,0.0,,0.0,0.0,0.0,0.0,0.0,50.74508488178253,,0.09133850796184334,0.09133850796184334,122,0.0,40.59342308006081,0.8010632907015858,False,0.14437013017452865,1.3296980384539183,0.1,5,3.0,4.0,0.1,2,27.744026410477204,0.0,0.31653887981413265,,,,0.0,2,0.0,-0.117854319068186,120821.175,1208211.75,1,,2,91.33850796184333,0.06875,4.243765830993652,40.59342308006081,10,2
167.78190568208186,2,1.0,0.0,0.0,0.0,0.0,0.0,0.0,0.0,20000000.0,0.0,0.0,0.0,0.0,,0.0,0.0,0.0,0.0,0.0,51.26249277964234,,0.21904439846172422,0.21904439846172422,122,0.0,167.78190568208186,0.8242299405397109,False,0.11077272985008847,1.0202545458522811,0.1,5,3.0,4.0,0.1,2,135.33317388109,0.0,0.19339827896863124,,,,0.0,2,0.0,-0.16490856415590635,124328.6,1243286.0,2,,2,219.04439846172423,0.08125,4.2905333042144775,167.78190568208188,10,2
35.4757149719048,2,1.0,0.0,0.0,0.0,0.0,0.0,0.0,0.0,100000000.0,0.0,0.0,0.0,0.0,,0.0,0.0,0.0,0.0,0.0,50.83546228706837,,0.08631117725897317,0.08631117725897317,122,0.0,35.4757149719048,0.8615316333159843,False,0.1303574334495295,1.2006363320874,0.1,5,3.0,4.0,0.1,2,27.372315494863102,0.0,0.22842103347203094,,,,0.0,2,0.0,-0.10833430535425133,121028.95,1210289.5,3,,2,86.31117725897316,0.01875,4.33146333694458,35.4757149719048,10,2
35.889409051474914,7,1.0,0.0,0.0,0.0,0.0,0.0,0.0,0.0,100000000.0,0.0,0.0,0.0,0.0,,0.0,0.0,0.0,0.0,0.0,50.59975106269121,,0.08648589675986468,0.08648589675986468,123,0.0,35.889409051474914,0.8876428076855509,False,0.14437013017452865,1.3296980384539183,0.1,5,3.0,4.0,0.1,2,27.017483592115376,0.0,0.24720177048986364,,,,0.0,2,0.0,-0.11542801346719667,131072.0,1310720.0,1,,2,86.48589675986467,0.04375,4.2475056648254395,35.889409051474914,10,2
164.33690284712475,2,1.0,0.0,0.0,0.0,0.0,0.0,0.0,0.0,20000000.0,0.0,0.0,0.0,0.0,,0.0,0.0,0.0,0.0,0.0,51.09019996598363,,0.21542710281310834,0.21542710281310834,123,0.0,164.33690284712475,0.8851120452841833,False,0.11077272985008847,1.0202545458522811,0.1,5,3.0,4.0,0.1,2,135.22893496602626,0.0,0.1771237462603048,,,,0.0,2,0.0,-0.1630999163315984,124187.675,1241876.75,2,,2,215.42710281310835,0.04375,4.3752405643463135,164.33690284712472,10,2
29.924965116909696,2,1.0,0.0,0.0,0.0,0.0,0.0,0.0,0.0,100000000.0,0.0,0.0,0.0,0.0,,0.0,0.0,0.0,0.0,0.0,50.80631002783775,,0.08041941200175043,0.08041941200175043,123,0.0,29.924965116909696,0.7190389167203514,False,0.1303574334495295,1.2006363320874,0.1,5,3.0,4.0,0.1,2,23.716829601633464,0.0,0.2074567335675256,,,,0.0,2,0.0,-0.10538842272563996,97586.925,975869.25,3,,2,80.41941200175043,0.04375,4.271811485290527,29.9249651169097,10,2
30.663573587587127,7,1.0,0.0,0.0,0.0,0.0,0.0,0.0,0.0,100000000.0,0.0,0.0,0.0,0.0,,0.0,0.0,0.0,0.0,0.0,51.2895779684186,,0.08195315155600572,0.08195315155600572,124,0.0,30.663573587587127,0.7630947141271641,False,0.14437013017452865,1.3296980384539183,0.1,5,3.0,4.0,0.1,2,23.483034271720996,0.0,0.23417164001957275,,,,0.0,2,0.0,-0.11316164086526719,115852.1,1158521.0,1,,2,81.95315155600572,0.025,4.174627780914307,30.663573587587123,10,2
166.74637675594482,2,1.0,0.0,0.0,0.0,0.0,0.0,0.0,0.0,20000000.0,0.0,0.0,0.0,0.0,,0.0,0.0,0.0,0.0,0.0,50.65531097352505,,0.21740168772946988,0.21740168772946988,124,0.0,166.74637675594482,0.7849695967805598,False,0.11077272985008847,1.0202545458522811,0.1,5,3.0,4.0,0.1,2,141.91154372736315,0.0,0.14893776711520829,,,,0.0,2,0.0,-0.16408720878977917,110250.525,1102505.25,2,,2,217.40168772946987,0.05,4.37965989112854,166.74637675594482,10,2
36.046162897644095,2,1.0,0.0,0.0,0.0,0.0,0.0,0.0,0.0,100000000.0,0.0,0.0,0.0,0.0,,0.0,0.0,0.0,0.0,0.0,50.9451562538743,,0.08646000707328086,0.08646000707328086,124,0.0,36.046162897644095,0.8494508124074824,False,0.1303574334495295,1.2006363320874,0.1,5,3.0,4.0,0.1,2,28.61971785556631,0.0,0.20602595242011634,,,,0.0,2,0.0,-0.10840872026140518,125747.625,1257476.25,3,,2,86.46000707328086,0.08125,4.238924741744995,36.046162897644095,10,2
38.518537351585444,7,1.0,0.0,0.0,0.0,0.0,0.0,0.0,0.0,100000000.0,0.0,0.0,0.0,0.0,,0.0,0.0,0.0,0.0,0.0,51.18381418287754,,0.08970235153446299,0.08970235153446299,125,0.0,38.518537351585444,0.889440902997341,False,0.14437013017452865,1.3296980384539183,0.1,5,3.0,4.0,0.1,2,28.598783337105047,0.0,0.2575319494594489,,,,0.0,2,0.0,-0.11703624085449582,126126.35,1261263.5,1,,2,89.70235153446299,0.025,4.302634239196777,38.518537351585444,10,2
198.83326240408496,2,1.0,0.0,0.0,0.0,0.0,0.0,0.0,0.0,20000000.0,0.0,0.0,0.0,0.0,,0.0,0.0,0.0,0.0,0.0,50.79361982643604,,0.24962688223052104,0.24962688223052104,125,0.0,198.83326240408496,0.7941638821591024,False,0.11077272985008847,1.0202545458522811,0.1,5,3.0,4.0,0.1,2,135.62963766921706,0.0,0.3178724926135367,,,,0.0,2,0.0,-0.18019980604030475,113772.5,1137725.0,2,,2,249.62688223052103,0.05,4.3808369636535645,198.833262404085,10,2
36.194079070745644,2,1.0,0.0,0.0,0.0,0.0,0.0,0.0,0.0,100000000.0,0.0,0.0,0.0,0.0,,0.0,0.0,0.0,0.0,0.0,50.99201388657093,,0.08718609295731658,0.08718609295731658,125,0.0,36.194079070745644,0.7617475426117408,False,0.1303574334495295,1.2006363320874,0.1,5,3.0,4.0,0.1,2,27.862132944947135,0.0,0.23020190980720148,,,,0.0,2,0.0,-0.10877176320342304,124784.45,1247844.5,3,,2,87.18609295731657,0.025,4.276374101638794,36.194079070745644,10,2
39.95461247324443,7,1.0,0.0,0.0,0.0,0.0,0.0,0.0,0.0,100000000.0,0.0,0.0,0.0,0.0,,0.0,0.0,0.0,0.0,0.0,50.550298765301704,,0.0904400655759821,0.0904400655759821,126,0.0,39.95461247324443,0.8345956390491738,False,0.14437013017452865,1.3296980384539183,0.1,5,3.0,4.0,0.1,2,30.49231941073898,0.0,0.23682605027997378,,,,0.0,2,0.0,-0.11740509787525538,126257.45,1262574.5,1,,2,90.44006557598209,0.05,4.221933841705322,39.95461247324443,10,2
162.86856338081753,2,1.0,0.0,0.0,0.0,0.0,0.0,0.0,0.0,20000000.0,0.0,0.0,0.0,0.0,,0.0,0.0,0.0,0.0,0.0,50.612726248800755,,0.2134812896296183,0.2134812896296183,126,0.0,162.86856338081753,0.7613264659131727,False,0.11077272985008847,1.0202545458522811,0.1,5,3.0,4.0,0.1,2,138.9823403497806,0.0,0.14665950589363536,,,,0.0,2,0.0,-0.1621270097398534,110213.125,1102131.25,2,,2,213.4812896296183,0.06875,4.308593988418579,162.86856338081753,10,2
33.30432749411122,2,1.0,0.0,0.0,0.0,0.0,0.0,0.0,0.0,100000000.0,0.0,0.0,0.0,0.0,,0.0,0.0,0.0,0.0,0.0,50.61559099704027,,0.08391991849115149,0.08391991849115149,126,0.0,33.30432749411122,0.7682579245153703,False,0.1303574334495295,1.2006363320874,0.1,5,3.0,4.0,0.1,2,26.65393596917108,0.0,0.19968550711963912,,,,0.0,2,0.0,-0.10713867597034049,110430.875,1104308.75,3,,2,83.91991849115149,0.06875,4.307942867279053,33.30432749411122,10,2
31.390815215120334,7,1.0,0.0,0.0,0.0,0.0,0.0,0.0,0.0,100000000.0,0.0,0.0,0.0,0.0,,0.0,0.0,0.0,0.0,0.0,50.54949410259724,,0.0817767686079538,0.0817767686079538,127,0.0,31.390815215120334,0.8449379578609888,False,0.14437013017452865,1.3296980384539183,0.1,5,3.0,4.0,0.1,2,26.182101002622463,0.0,0.16593115460056404,,,,0.0,2,0.0,-0.11307344939124123,125826.6,1258266.0,1,,2,81.7767686079538,0.0125,4.2244789600372314,31.390815215120334,10,2
213.6998678117073,2,1.0,0.0,0.0,0.0,0.0,0.0,0.0,0.0,20000000.0,0.0,0.0,0.0,0.0,,0.0,0.0,0.0,0.0,0.0,51.07597587630153,,0.2647758436880089,0.2647758436880089,127,0.0,213.6998678117073,0.8422992344392822,False,0.11077272985008847,1.0202545458522811,0.1,5,3.0,4.0,0.1,2,145.69182239362434,0.0,0.31824093348530014,,,,0.0,2,0.0,-0.18777428676904867,119848.225,1198482.25,2,,2,264.7758436880089,0.025,4.4139862060546875,213.69986781170732,10,2
34.08408306697185,2,1.0,0.0,0.0,0.0,0.0,0.0,0.0,0.0,100000000.0,0.0,0.0,0.0,0.0,,0.0,0.0,0.0,0.0,0.0,50.7115856744349,,0.08478556109750446,0.08478556109750446,127,0.0,34.08408306697185,0.8052577896323566,False,0.1303574334495295,1.2006363320874,0.1,5,3.0,4.0,0.1,2,27.73971295793391,0.0,0.18613879377573045,,,,0.0,2,0.0,-0.10757149727351697,123449.575,1234495.75,3,,2,84.78556109750446,0.04375,4.323486328125,34.08408306697185,10,2
29.40289775379628,7,1.0,0.0,0.0,0.0,0.0,0.0,0.0,0.0,100000000.0,0.0,0.0,0.0,0.0,,0.0,0.0,0.0,0.0,0.0,50.71380874142051,,0.0800243169675085,0.0800243169675085,128,0.0,29.40289775379628,0.7763762371028198,False,0.14437013017452865,1.3296980384539183,0.1,5,3.0,4.0,0.1,2,24.711169946762634,0.0,0.15956685107432605,,,,0.0,2,0.0,-0.11219722357101858,119513.05,1195130.5,1,,2,80.0243169675085,0.05,4.216785669326782,29.40289775379628,10,2
205.31301466903074,2,1.0,0.0,0.0,0.0,0.0,0.0,0.0,0.0,20000000.0,0.0,0.0,0.0,0.0,,0.0,0.0,0.0,0.0,0.0,50.64457003027201,,0.2558495796859859,0.2558495796859859,128,0.0,205.31301466903074,0.8389372868289513,False,0.11077272985008847,1.0202545458522811,0.1,5,3.0,4.0,0.1,2,156.5167249081855,0.0,0.23766778662086266,,,,0.0,2,0.0,-0.18331115476803717,131072.0,1310720.0,2,,2,255.84957968598587,0.05,4.3013596534729,205.31301466903076,10,2
37.79494182510144,2,1.0,0.0,0.0,0.0,0.0,0.0,0.0,0.0,100000000.0,0.0,0.0,0.0,0.0,,0.0,0.0,0.0,0.0,0.0,51.19419423863292,,0.08898913606373435,0.08898913606373435,128,0.0,37.79494182510144,0.8104845838752986,False,0.1303574334495295,1.2006363320874,0.1,5,3.0,4.0,0.1,2,27.494106296496692,0.0,0.272545346842245,,,,0.0,2,0.0,-0.10967328475663192,125752.95,1257529.5,3,,2,88.98913606373435,0.025,4.266350030899048,37.79494182510144,10,2
34.04147961657016,7,1.0,0.0,0.0,0.0,0.0,0.0,0.0,0.0,100000000.0,0.0,0.0,0.0,0.0,,0.0,0.0,0.0,0.0,0.0,50.52709300071001,,0.08450059351991385,0.08450059351991385,129,0.0,34.04147961657016,0.7988548086072642,False,0.14437013017452865,1.3296980384539183,0.1,5,3.0,4.0,0.1,2,25.938949617060562,0.0,0.23801932497568573,,,,0.0,2,0.0,-0.11443536184722125,115914.0,1159140.0,1,,2,84.50059351991385,0.0625,4.220867872238159,34.041479616570165,10,2
168.4993418678015,2,1.0,0.0,0.0,0.0,0.0,0.0,0.0,0.0,20000000.0,0.0,0.0,0.0,0.0,,0.0,0.0,0.0,0.0,0.0,50.87770754471421,,0.21915209589519793,0.21915209589519793,129,0.0,168.4993418678015,0.8489047656154203,False,0.11077272985008847,1.0202545458522811,0.1,5,3.0,4.0,0.1,2,136.648114793844,0.0,0.1890287921655315,,,,0.0,2,0.0,-0.1649624128726432,125201.8,1252018.0,2,,2,219.15209589519793,0.03125,4.319162368774414,168.4993418678015,10,2
31.41338045123755,2,1.0,0.0,0.0,0.0,0.0,0.0,0.0,0.0,100000000.0,0.0,0.0,0.0,0.0,,0.0,0.0,0.0,0.0,0.0,50.79341400414705,,0.08211324170578062,0.08211324170578062,129,0.0,31.41338045123755,0.8466350003879877,False,0.1303574334495295,1.2006363320874,0.1,5,3.0,4.0,0.1,2,26.07058753849484,0.0,0.1700801644393616,,,,0.0,2,0.0,-0.10623533757765505,121348.125,1213481.25,3,,2,82.11324170578062,0.04375,4.250152587890625,31.41338045123755,10,2
35.34399969309501,7,1.0,0.0,0.0,0.0,0.0,0.0,0.0,0.0,100000000.0,0.0,0.0,0.0,0.0,,0.0,0.0,0.0,0.0,0.0,50.70909718051553,,0.08605309687361054,0.08605309687361054,130,0.0,35.34399969309501,0.8458391364131954,False,0.14437013017452865,1.3296980384539183,0.1,5,3.0,4.0,0.1,2,28.16702937534335,0.0,0.20306050192598285,,,,0.0,2,0.0,-0.1152116135240696,125039.375,1250393.75,1,0.03125,2,86.05309687361054,0.03125,4.201125860214233,35.34399969309501,10,2
157.85060190021798,2,1.0,0.0,0.0,0.0,0.0,0.0,0.0,0.0,20000000.0,0.0,0.0,0.0,0.0,,0.0,0.0,0.0,0.0,0.0,50.757914781570435,,0.20856887307375477,0.20856887307375477,130,0.0,157.85060190021798,0.902591319351705,False,0.11077272985008847,1.0202545458522811,0.1,5,3.0,4.0,0.1,2,133.91659324010928,0.0,0.1516244371069178,,,,0.0,2,0.0,-0.1596708014619216,131072.0,1310720.0,2,0.03125,2,208.56887307375476,0.05625,4.284801721572876,157.85060190021798,10,2
33.01146500314724,2,1.0,0.0,0.0,0.0,0.0,0.0,0.0,0.0,100000000.0,0.0,0.0,0.0,0.0,,0.0,0.0,0.0,0.0,0.0,50.71464693173766,,0.0833576118064965,0.0833576118064965,130,0.0,33.01146500314724,0.759400323994035,False,0.1303574334495295,1.2006363320874,0.1,5,3.0,4.0,0.1,2,25.04460305307453,0.0,0.2413362130191182,,,,0.0,2,0.0,-0.106857522628013,111905.325,1119053.25,3,0.03125,2,83.35761180649651,0.05625,4.277753114700317,33.011465003147244,10,2
33.53322957319686,7,1.0,0.0,0.0,0.0,0.0,0.0,0.0,0.0,100000000.0,0.0,0.0,0.0,0.0,,0.0,0.0,0.0,0.0,0.0,42.93740866705775,,0.07602355963227818,0.07602355963227818,131,0.0,33.53322957319686,0.7970555630075424,False,0.14437013017452865,1.3296980384539183,0.1,5,3.0,4.0,0.1,2,26.197263102056134,0.0,0.2187670726771982,,,,0.0,2,0.0,-0.11019684490340342,115965.525,1159655.25,1,,2,76.02355963227818,0.05,4.441098213195801,33.53322957319686,10,2
158.7470360142701,2,1.0,0.0,0.0,0.0,0.0,0.0,0.0,0.0,20000000.0,0.0,0.0,0.0,0.0,,0.0,0.0,0.0,0.0,0.0,42.81404707580805,,0.20156108309007814,0.20156108309007814,131,0.0,158.7470360142701,0.7992720919270921,False,0.11077272985008847,1.0202545458522811,0.1,5,3.0,4.0,0.1,2,131.73652140465288,0.0,0.17014815071690031,,,,0.0,2,0.0,-0.1561669064700833,118570.6,1185706.0,2,,2,201.56108309007814,0.03125,4.524109363555908,158.7470360142701,10,2
37.86406493140739,2,1.0,0.0,0.0,0.0,0.0,0.0,0.0,0.0,100000000.0,0.0,0.0,0.0,0.0,,0.0,0.0,0.0,0.0,0.0,44.35247089713812,,0.08204786274120474,0.08204786274120474,131,0.0,37.86406493140739,0.8760257361968179,False,0.1303574334495295,1.2006363320874,0.1,5,3.0,4.0,0.1,2,30.807161235303838,0.0,0.18637469877804932,,,,0.0,2,0.0,-0.10620264809536711,131072.0,1310720.0,3,,2,82.04786274120474,0.01875,4.542082786560059,37.864064931407384,10,2
33.19842720051889,7,1.0,0.0,0.0,0.0,0.0,0.0,0.0,0.0,100000000.0,0.0,0.0,0.0,0.0,,0.0,0.0,0.0,0.0,0.0,42.96327428892255,,0.07590210603197699,0.07590210603197699,132,0.0,33.19842720051889,0.7821845628558718,False,0.14437013017452865,1.3296980384539183,0.1,5,3.0,4.0,0.1,2,26.0902090651179,0.0,0.21411309916783927,,,,0.0,2,0.0,-0.11013611810325283,112830.0,1128300.0,1,,2,75.90210603197698,0.0375,4.225271701812744,33.19842720051889,10,2
157.84939590574115,2,1.0,0.0,0.0,0.0,0.0,0.0,0.0,0.0,20000000.0,0.0,0.0,0.0,0.0,,0.0,0.0,0.0,0.0,0.0,43.01931196823716,,0.20086870787397834,0.20086870787397834,132,0.0,157.84939590574115,0.8635357987385905,False,0.11077272985008847,1.0202545458522811,0.1,5,3.0,4.0,0.1,2,128.94314647931594,0.0,0.18312549921753532,,,,0.0,2,0.0,-0.1558207188620334,125598.075,1255980.75,2,,2,200.86870787397834,0.04375,4.355434417724609,157.84939590574118,10,2
31.523405018855012,2,1.0,0.0,0.0,0.0,0.0,0.0,0.0,0.0,100000000.0,0.0,0.0,0.0,0.0,,0.0,0.0,0.0,0.0,0.0,44.10178400576115,,0.07467296896841018,0.07467296896841018,132,0.0,31.523405018855012,0.809771405910318,False,0.1303574334495295,1.2006363320874,0.1,5,3.0,4.0,0.1,2,24.75216160197176,0.0,0.2148005081568183,,,,0.0,2,0.0,-0.10251520120896984,115763.775,1157637.75,3,,2,74.67296896841017,0.05625,4.336538076400757,31.52340501885502,10,2
35.68494873494787,7,1.0,0.0,0.0,0.0,0.0,0.0,0.0,0.0,100000000.0,0.0,0.0,0.0,0.0,,0.0,0.0,0.0,0.0,0.0,43.73905714601278,,0.07884812675789876,0.07884812675789876,133,0.0,35.68494873494787,0.8154325601915288,False,0.14437013017452865,1.3296980384539183,0.1,5,3.0,4.0,0.1,2,26.857706665798478,0.0,0.24736597310855815,,,,0.0,2,0.0,-0.11160912846621371,124248.35,1242483.5,1,,2,78.84812675789877,0.025,4.329769134521484,35.68494873494787,10,2
238.17749257928492,2,1.0,0.0,0.0,0.0,0.0,0.0,0.0,0.0,20000000.0,0.0,0.0,0.0,0.0,,0.0,0.0,0.0,0.0,0.0,42.805647011846304,,0.2808365647847092,0.2808365647847092,133,0.0,238.17749257928492,0.864669578317246,False,0.11077272985008847,1.0202545458522811,0.1,5,3.0,4.0,0.1,2,185.869570591037,0.0,0.2196174013832797,,,,0.0,2,0.0,-0.19580464731739883,124892.575,1248925.75,2,,2,280.8365647847092,0.03125,4.3775293827056885,238.17749257928492,10,2
35.121584124183755,2,1.0,0.0,0.0,0.0,0.0,0.0,0.0,0.0,100000000.0,0.0,0.0,0.0,0.0,,0.0,0.0,0.0,0.0,0.0,42.539700865745544,,0.07764414306662093,0.07764414306662093,133,0.0,35.121584124183755,0.8188516497158744,False,0.1303574334495295,1.2006363320874,0.1,5,3.0,4.0,0.1,2,27.021937751604334,0.0,0.23061734185851343,,,,0.0,2,0.0,-0.10400078825807521,123767.825,1237678.25,3,,2,77.64414306662093,0.01875,4.286261081695557,35.121584124183755,10,2
34.224885017550776,7,1.0,0.0,0.0,0.0,0.0,0.0,0.0,0.0,100000000.0,0.0,0.0,0.0,0.0,,0.0,0.0,0.0,0.0,0.0,43.74620318412781,,0.07797108820167858,0.07797108820167858,134,0.0,34.224885017550776,0.778986453318252,False,0.14437013017452865,1.3296980384539183,0.1,5,3.0,4.0,0.1,2,26.762920271127687,0.0,0.21802745991977884,,,,0.0,2,0.0,-0.11117060918810362,117589.075,1175890.75,1,,2,77.97108820167858,0.05625,4.242990016937256,34.224885017550776,10,2
174.57601964532677,2,1.0,0.0,0.0,0.0,0.0,0.0,0.0,0.0,20000000.0,0.0,0.0,0.0,0.0,,0.0,0.0,0.0,0.0,0.0,42.82264690846205,,0.21733526350989288,0.21733526350989288,134,0.0,174.57601964532677,0.8653584238846801,False,0.11077272985008847,1.0202545458522811,0.1,5,3.0,4.0,0.1,2,148.7705751633797,0.0,0.1478178075910659,,,,0.0,2,0.0,-0.16405399667999068,131072.0,1310720.0,2,,2,217.33526350989288,0.05625,4.261836528778076,174.5760196453268,10,2
27.00343098218029,2,1.0,0.0,0.0,0.0,0.0,0.0,0.0,0.0,100000000.0,0.0,0.0,0.0,0.0,,0.0,0.0,0.0,0.0,0.0,43.83756499737501,,0.07003353397846518,0.07003353397846518,134,0.0,27.00343098218029,0.7602565021950423,False,0.1303574334495295,1.2006363320874,0.1,5,3.0,4.0,0.1,2,23.675327848981027,0.0,0.12324741753725652,,,,0.0,2,0.0,-0.10019548371399734,106276.875,1062768.75,3,,2,70.03353397846517,0.05625,4.167962074279785,27.003430982180287,10,2
33.79850827846195,7,1.0,0.0,0.0,0.0,0.0,0.0,0.0,0.0,100000000.0,0.0,0.0,0.0,0.0,,0.0,0.0,0.0,0.0,0.0,43.31888630986214,,0.0767276183957186,0.0767276183957186,135,0.0,33.79850827846195,0.8713406796468159,False,0.14437013017452865,1.3296980384539183,0.1,5,3.0,4.0,0.1,2,27.988818622643546,0.0,0.17189189558169413,,,,0.0,2,0.0,-0.11054887428512362,131072.0,1310720.0,1,,2,76.7276183957186,0.075,4.045943260192871,33.79850827846195,10,2
172.25703557771055,2,1.0,0.0,0.0,0.0,0.0,0.0,0.0,0.0,20000000.0,0.0,0.0,0.0,0.0,,0.0,0.0,0.0,0.0,0.0,43.309845961630344,,0.21556688153934092,0.21556688153934092,135,0.0,172.25703557771055,0.8290274825584385,False,0.11077272985008847,1.0202545458522811,0.1,5,3.0,4.0,0.1,2,134.91463796820452,0.0,0.21678300386552107,,,,0.0,2,0.0,-0.1631698056947147,124152.075,1241520.75,2,,2,215.56688153934093,0.03125,4.369558811187744,172.25703557771058,10,2
34.6588874149961,2,1.0,0.0,0.0,0.0,0.0,0.0,0.0,0.0,100000000.0,0.0,0.0,0.0,0.0,,0.0,0.0,0.0,0.0,0.0,43.78863098099828,,0.07844751839599437,0.07844751839599437,135,0.0,34.6588874149961,0.8357299972461346,False,0.1303574334495295,1.2006363320874,0.1,5,3.0,4.0,0.1,2,28.118323190019968,0.0,0.18871246923368287,,,,0.0,2,0.0,-0.10440247592276193,119554.25,1195542.5,3,,2,78.44751839599436,0.04375,4.235801696777344,34.6588874149961,10,2
35.30816506152265,7,1.0,0.0,0.0,0.0,0.0,0.0,0.0,0.0,100000000.0,0.0,0.0,0.0,0.0,,0.0,0.0,0.0,0.0,0.0,42.66571067273617,,0.07797387573425882,0.07797387573425882,136,0.0,35.30816506152265,0.7857679314284931,False,0.14437013017452865,1.3296980384539183,0.1,5,3.0,4.0,0.1,2,26.439542692960888,0.0,0.25117766253524215,,,,0.0,2,0.0,-0.11117200295439374,114265.675,1142656.75,1,,2,77.97387573425881,0.04375,4.162675857543945,35.308165061522644,10,2
186.46203792507563,2,1.0,0.0,0.0,0.0,0.0,0.0,0.0,0.0,20000000.0,0.0,0.0,0.0,0.0,,0.0,0.0,0.0,0.0,0.0,43.117580935359,,0.2295796188604346,0.2295796188604346,136,0.0,186.46203792507563,0.7957341176157279,False,0.11077272985008847,1.0202545458522811,0.1,5,3.0,4.0,0.1,2,149.44804225193633,0.0,0.19850687080880394,,,,0.0,2,0.0,-0.17017617435526153,121247.225,1212472.25,2,,2,229.5796188604346,0.0375,4.411970138549805,186.4620379250756,10,2
33.56935864259707,2,1.0,0.0,0.0,0.0,0.0,0.0,0.0,0.0,100000000.0,0.0,0.0,0.0,0.0,,0.0,0.0,0.0,0.0,0.0,43.6103749088943,,0.0759623133385669,0.0759623133385669,136,0.0,33.56935864259707,0.7859478822020474,False,0.1303574334495295,1.2006363320874,0.1,5,3.0,4.0,0.1,2,26.93073341961737,0.0,0.1977584765219723,,,,0.0,2,0.0,-0.1031598733940482,115113.225,1151132.25,3,,2,75.9623133385669,0.08125,4.218686819076538,33.569358642597074,10,2
41.91039701643568,7,1.0,0.0,0.0,0.0,0.0,0.0,0.0,0.0,100000000.0,0.0,0.0,0.0,0.0,,0.0,0.0,0.0,0.0,0.0,43.092729058116674,,0.08500312607455236,0.08500312607455236,137,0.0,41.91039701643568,0.8377435935658246,False,0.14437013017452865,1.3296980384539183,0.1,5,3.0,4.0,0.1,2,30.18418076821685,0.0,0.27979253557584405,,,,0.0,2,0.0,-0.1146866281245405,125432.6,1254326.0,1,,2,85.00312607455237,0.05,4.165980339050293,41.91039701643569,10,2
189.2529181354111,2,1.0,0.0,0.0,0.0,0.0,0.0,0.0,0.0,20000000.0,0.0,0.0,0.0,0.0,,0.0,0.0,0.0,0.0,0.0,42.978422716259956,,0.23223134085167108,0.23223134085167108,137,0.0,189.2529181354111,0.8282362479358385,False,0.11077272985008847,1.0202545458522811,0.1,5,3.0,4.0,0.1,2,144.18596022799636,0.0,0.23813084813397267,,,,0.0,2,0.0,-0.17150203535087977,125782.125,1257821.25,2,,2,232.23134085167106,0.04375,4.284823417663574,189.2529181354111,10,2
39.63786949558913,2,1.0,0.0,0.0,0.0,0.0,0.0,0.0,0.0,100000000.0,0.0,0.0,0.0,0.0,,0.0,0.0,0.0,0.0,0.0,43.69306797161698,,0.08333093746720613,0.08333093746720613,137,0.0,39.63786949558913,0.7742148543445133,False,0.1303574334495295,1.2006363320874,0.1,5,3.0,4.0,0.1,2,29.42863834067101,0.0,0.25756256037056163,,,,0.0,2,0.0,-0.10684418545836781,117446.025,1174460.25,3,,2,83.33093746720613,0.04375,4.233535051345825,39.637869495589136,10,2
38.82140808254776,7,1.0,0.0,0.0,0.0,0.0,0.0,0.0,0.0,100000000.0,0.0,0.0,0.0,0.0,,0.0,0.0,0.0,0.0,0.0,42.88176214322448,,0.08134543339237867,0.08134543339237867,138,0.0,38.82140808254776,0.7832278593710743,False,0.14437013017452865,1.3296980384539183,0.1,5,3.0,4.0,0.1,2,27.209002508092453,0.0,0.29912376052314515,,,,0.0,2,0.0,-0.11285778178345365,114691.225,1146912.25,1,,2,81.34543339237867,0.05,4.241755247116089,38.82140808254776,10,2
169.76354233878766,2,1.0,0.0,0.0,0.0,0.0,0.0,0.0,0.0,20000000.0,0.0,0.0,0.0,0.0,,0.0,0.0,0.0,0.0,0.0,42.93900029733777,,0.21270254263612542,0.21270254263612542,138,0.0,169.76354233878766,0.8170546744217682,False,0.11077272985008847,1.0202545458522811,0.1,5,3.0,4.0,0.1,2,125.88728122117097,0.0,0.25845514598214075,,,,0.0,2,0.0,-0.16173763624310694,120047.325,1200473.25,2,,2,212.70254263612543,0.06875,4.337690353393555,169.76354233878766,10,2
26.56393612431279,2,1.0,0.0,0.0,0.0,0.0,0.0,0.0,0.0,100000000.0,0.0,0.0,0.0,0.0,,0.0,0.0,0.0,0.0,0.0,42.63324197381735,,0.06919717809813014,0.06919717809813014,138,0.0,26.56393612431279,0.8167819422743186,False,0.1303574334495295,1.2006363320874,0.1,5,3.0,4.0,0.1,2,23.465996000907005,0.0,0.11662202878775844,,,,0.0,2,0.0,-0.09977730577382982,114633.025,1146330.25,3,,2,69.19717809813014,0.06875,4.245928049087524,26.563936124312793,10,2
31.682693266244065,7,1.0,0.0,0.0,0.0,0.0,0.0,0.0,0.0,100000000.0,0.0,0.0,0.0,0.0,,0.0,0.0,0.0,0.0,0.0,42.94914286583662,,0.07457871814903749,0.07457871814903749,139,0.0,31.682693266244065,0.766066394775466,False,0.14437013017452865,1.3296980384539183,0.1,5,3.0,4.0,0.1,2,26.2197456241788,0.0,0.17242687028396347,,,,0.0,2,0.0,-0.10947442416178307,113563.4,1135634.0,1,,2,74.5787181490375,0.04375,4.152848958969116,31.682693266244065,10,2
163.91023156027728,2,1.0,0.0,0.0,0.0,0.0,0.0,0.0,0.0,20000000.0,0.0,0.0,0.0,0.0,,0.0,0.0,0.0,0.0,0.0,42.989350855350494,,0.20687181922401723,0.20687181922401723,139,0.0,163.91023156027728,0.8843268249861879,False,0.11077272985008847,1.0202545458522811,0.1,5,3.0,4.0,0.1,2,126.85199592884975,0.0,0.2260886051997281,,,,0.0,2,0.0,-0.15882227453705286,131072.0,1310720.0,2,,2,206.87181922401723,0.0375,4.326415061950684,163.9102315602773,10,2
28.202263503441692,2,1.0,0.0,0.0,0.0,0.0,0.0,0.0,0.0,100000000.0,0.0,0.0,0.0,0.0,,0.0,0.0,0.0,0.0,0.0,42.92219504714012,,0.07095408719238817,0.07095408719238817,139,0.0,28.202263503441692,0.7227053608758739,False,0.1303574334495295,1.2006363320874,0.1,5,3.0,4.0,0.1,2,23.710655233640964,0.0,0.15926410549467385,,,,0.0,2,0.0,-0.10065576032095883,104190.45,1041904.5,3,,2,70.95408719238817,0.04375,4.209834098815918,28.202263503441696,10,2
37.298538097814415,7,1.0,0.0,0.0,0.0,0.0,0.0,0.0,0.0,100000000.0,0.0,0.0,0.0,0.0,,0.0,0.0,0.0,0.0,0.0,42.8030788898468,,0.08010161698766122,0.08010161698766122,140,0.0,37.298538097814415,0.8764251593766733,False,0.14437013017452865,1.3296980384539183,0.1,5,3.0,4.0,0.1,2,31.162519330028065,0.0,0.16451097229856054,,,,0.0,2,0.0,-0.11223587358109494,126208.225,1262082.25,1,0.03515625,2,80.10161698766122,0.0375,4.293153285980225,37.298538097814415,10,2
167.6575088552623,2,1.0,0.0,0.0,0.0,0.0,0.0,0.0,0.0,20000000.0,0.0,0.0,0.0,0.0,,0.0,0.0,0.0,0.0,0.0,42.671720031648874,,0.2103119030273943,0.2103119030273943,140,0.0,167.6575088552623,0.8330323383902893,False,0.11077272985008847,1.0202545458522811,0.1,5,3.0,4.0,0.1,2,131.68465865261717,0.0,0.21456152157014505,,,,0.0,2,0.0,-0.1605423164387414,126267.7,1262677.0,2,0.03515625,2,210.3119030273943,0.08125,4.174392461776733,167.65750885526228,10,2
37.562310728960476,2,1.0,0.0,0.0,0.0,0.0,0.0,0.0,0.0,100000000.0,0.0,0.0,0.0,0.0,,0.0,0.0,0.0,0.0,0.0,43.02070802077651,,0.07984680173524543,0.07984680173524543,140,0.0,37.562310728960476,0.7683109537687024,False,0.1303574334495295,1.2006363320874,0.1,5,3.0,4.0,0.1,2,26.236688729321205,0.0,0.30151558250401345,,,,0.0,2,0.0,-0.10510211759238747,113136.875,1131368.75,3,0.03515625,2,79.84680173524544,0.03125,4.233551979064941,37.562310728960476,10,2
37.85182877737287,7,1.0,0.0,0.0,0.0,0.0,0.0,0.0,0.0,100000000.0,0.0,0.0,0.0,0.0,,0.0,0.0,0.0,0.0,0.0,43.23562514036894,,0.0810874539177418,0.0810874539177418,141,0.0,37.85182877737287,0.8353209432055945,False,0.14437013017452865,1.3296980384539183,0.1,5,3.0,4.0,0.1,2,30.788708996702056,0.0,0.18659916862175546,,,,0.0,2,0.0,-0.11272879204613523,119199.225,1191992.25,1,,2,81.0874539177418,0.04375,4.452743053436279,37.85182877737287,10,2
172.66644778442034,2,1.0,0.0,0.0,0.0,0.0,0.0,0.0,0.0,20000000.0,0.0,0.0,0.0,0.0,,0.0,0.0,0.0,0.0,0.0,42.96897491440177,,0.21548657406833419,0.21548657406833419,141,0.0,172.66644778442034,0.8317299655939259,False,0.11077272985008847,1.0202545458522811,0.1,5,3.0,4.0,0.1,2,137.91859118078676,0.0,0.20124266786919373,,,,0.0,2,0.0,-0.16312965195921134,125686.2,1256862.0,2,,2,215.4865740683342,0.025,4.469461917877197,172.66644778442034,10,2
39.34106803199619,2,1.0,0.0,0.0,0.0,0.0,0.0,0.0,0.0,100000000.0,0.0,0.0,0.0,0.0,,0.0,0.0,0.0,0.0,0.0,42.83446213230491,,0.0821755301643011,0.0821755301643011,141,0.0,39.34106803199619,0.7682100734135842,False,0.1303574334495295,1.2006363320874,0.1,5,3.0,4.0,0.1,2,29.57978776045554,0.0,0.2481193510964617,,,,0.0,2,0.0,-0.1062664818069153,116636.5,1166365.0,3,,2,82.1755301643011,0.025,4.563694953918457,39.341068031996194,10,2
29.2115426389324,7,1.0,0.0,0.0,0.0,0.0,0.0,0.0,0.0,100000000.0,0.0,0.0,0.0,0.0,,0.0,0.0,0.0,0.0,0.0,42.78305312618613,,0.07199459576511853,0.07199459576511853,142,0.0,29.2115426389324,0.8052641106095951,False,0.14437013017452865,1.3296980384539183,0.1,5,3.0,4.0,0.1,2,25.27626514145316,0.0,0.13471652442738183,,,,0.0,2,0.0,-0.10818236296982359,118051.9,1180519.0,1,,2,71.99459576511853,0.03125,4.310139894485474,29.2115426389324,10,2
153.1188173147172,2,1.0,0.0,0.0,0.0,0.0,0.0,0.0,0.0,20000000.0,0.0,0.0,0.0,0.0,,0.0,0.0,0.0,0.0,0.0,42.964240070432425,,0.19583061867600982,0.19583061867600982,142,0.0,153.1188173147172,0.8222452741946139,False,0.11077272985008847,1.0202545458522811,0.1,5,3.0,4.0,0.1,2,129.91039157300852,0.0,0.1515713492875705,,,,0.0,2,0.0,-0.15330167426304914,119535.625,1195356.25,2,,2,195.8306186760098,0.075,4.256593942642212,153.1188173147172,10,2
33.06438208854586,2,1.0,0.0,0.0,0.0,0.0,0.0,0.0,0.0,100000000.0,0.0,0.0,0.0,0.0,,0.0,0.0,0.0,0.0,0.0,43.041558004915714,,0.07560538028663785,0.07560538028663785,142,0.0,33.06438208854586,0.7257463145867336,False,0.1303574334495295,1.2006363320874,0.1,5,3.0,4.0,0.1,2,24.7129516921709,0.0,0.25258087007372376,,,,0.0,2,0.0,-0.10298140686808367,102183.9,1021839.0,3,,2,75.60538028663785,0.04375,4.332465410232544,33.06438208854586,10,2
30.098496142075536,7,1.0,0.0,0.0,0.0,0.0,0.0,0.0,0.0,100000000.0,0.0,0.0,0.0,0.0,,0.0,0.0,0.0,0.0,0.0,42.71068470552564,,0.07253978042607116,0.07253978042607116,143,0.0,30.098496142075536,0.8467212944417255,False,0.14437013017452865,1.3296980384539183,0.1,5,3.0,4.0,0.1,2,25.325659350541752,0.0,0.1585739290429764,,,,0.0,2,0.0,-0.10845495530029992,120443.175,1204431.75,1,,2,72.53978042607116,0.0625,4.201432228088379,30.098496142075536,10,2
177.3198886544173,2,1.0,0.0,0.0,0.0,0.0,0.0,0.0,0.0,20000000.0,0.0,0.0,0.0,0.0,,0.0,0.0,0.0,0.0,0.0,43.015532195568085,,0.2199728606969779,0.2199728606969779,143,0.0,177.3198886544173,0.8017187472908939,False,0.11077272985008847,1.0202545458522811,0.1,5,3.0,4.0,0.1,2,145.40032616508324,0.0,0.18001118053679138,,,,0.0,2,0.0,-0.16537279527353319,121678.775,1216787.75,2,,2,219.9728606969779,0.04375,4.301527261734009,177.31988865441733,10,2
31.132590122431036,2,1.0,0.0,0.0,0.0,0.0,0.0,0.0,0.0,100000000.0,0.0,0.0,0.0,0.0,,0.0,0.0,0.0,0.0,0.0,42.852556332945824,,0.07398514645537685,0.07398514645537685,143,0.0,31.132590122431036,0.7307866241496047,False,0.1303574334495295,1.2006363320874,0.1,5,3.0,4.0,0.1,2,25.492011866489474,0.0,0.1811792155345766,,,,0.0,2,0.0,-0.10217128995245317,103220.25,1032202.5,3,,2,73.98514645537685,0.0625,4.207801580429077,31.132590122431033,10,2
34.604711136484546,7,1.0,0.0,0.0,0.0,0.0,0.0,0.0,0.0,100000000.0,0.0,0.0,0.0,0.0,,0.0,0.0,0.0,0.0,0.0,42.71521000191569,,0.07724013007682007,0.07724013007682007,144,0.0,34.604711136484546,0.7005229702505584,False,0.14437013017452865,1.3296980384539183,0.1,5,3.0,4.0,0.1,2,26.1916653077847,0.0,0.24311851052644043,,,,0.0,2,0.0,-0.11080513012567436,105914.95,1059149.5,1,,2,77.24013007682007,0.0625,4.171611309051514,34.604711136484546,10,2
180.73437440920347,2,1.0,0.0,0.0,0.0,0.0,0.0,0.0,0.0,20000000.0,0.0,0.0,0.0,0.0,,0.0,0.0,0.0,0.0,0.0,43.25428977608681,,0.22398866418529031,0.22398866418529031,144,0.0,180.73437440920347,0.845501526812537,False,0.11077272985008847,1.0202545458522811,0.1,5,3.0,4.0,0.1,2,139.67842778254843,0.0,0.22716180450377216,,,,0.0,2,0.0,-0.1673806970176894,131072.0,1310720.0,2,,2,223.9886641852903,0.0375,4.31491231918335,180.7343744092035,10,2
30.91577886723555,2,1.0,0.0,0.0,0.0,0.0,0.0,0.0,0.0,100000000.0,0.0,0.0,0.0,0.0,,0.0,0.0,0.0,0.0,0.0,42.94524108991027,,0.07386101995714581,0.07386101995714581,144,0.0,30.91577886723555,0.879930528567046,False,0.1303574334495295,1.2006363320874,0.1,5,3.0,4.0,0.1,2,26.75480734539636,0.0,0.13459054483822083,,,,0.0,2,0.0,-0.10210922670333765,131072.0,1310720.0,3,,2,73.86101995714581,0.05625,4.281538963317871,30.915778867235545,10,2
36.459481700075706,7,1.0,0.0,0.0,0.0,0.0,0.0,0.0,0.0,100000000.0,0.0,0.0,0.0,0.0,,0.0,0.0,0.0,0.0,0.0,42.861558962613344,,0.07932104066268907,0.07932104066268907,145,0.0,36.459481700075706,0.7865730177393752,False,0.14437013017452865,1.3296980384539183,0.1,5,3.0,4.0,0.1,2,27.312655140540432,0.0,0.2508764835106332,,,,0.0,2,0.0,-0.11184558541860887,117447.2,1174472.0,1,,2,79.32104066268907,0.04375,4.2302467823028564,36.45948170007572,10,2
163.21359602030373,2,1.0,0.0,0.0,0.0,0.0,0.0,0.0,0.0,20000000.0,0.0,0.0,0.0,0.0,,0.0,0.0,0.0,0.0,0.0,43.50640531629324,,0.206720001336597,0.206720001336597,145,0.0,163.21359602030373,0.7482286494657385,False,0.11077272985008847,1.0202545458522811,0.1,5,3.0,4.0,0.1,2,127.54647180708848,0.0,0.2185303496945087,,,,0.0,2,0.0,-0.15874636559334274,113452.6,1134526.0,2,,2,206.720001336597,0.025,4.313167572021484,163.21359602030375,10,2
33.534575552760955,2,1.0,0.0,0.0,0.0,0.0,0.0,0.0,0.0,100000000.0,0.0,0.0,0.0,0.0,,0.0,0.0,0.0,0.0,0.0,43.21418981999159,,0.07642864419248639,0.07642864419248639,145,0.0,33.534575552760955,0.8816972156309465,False,0.1303574334495295,1.2006363320874,0.1,5,3.0,4.0,0.1,2,27.21327956840969,0.0,0.18850084965011044,,,,0.0,2,0.0,-0.10339303882100795,131072.0,1310720.0,3,,2,76.42864419248639,0.04375,4.241552829742432,33.53457555276095,10,2
37.83662242335252,7,1.0,0.0,0.0,0.0,0.0,0.0,0.0,0.0,100000000.0,0.0,0.0,0.0,0.0,,0.0,0.0,0.0,0.0,0.0,43.397569097578526,,0.08123419152093105,0.08123419152093105,146,0.0,37.83662242335252,0.8099217097968742,False,0.14437013017452865,1.3296980384539183,0.1,5,3.0,4.0,0.1,2,28.348775789131597,0.0,0.25075828725042554,,,,0.0,2,0.0,-0.11280216084772984,118639.275,1186392.75,1,,2,81.23419152093105,0.06875,4.1865692138671875,37.83662242335252,10,2
156.41930548826022,2,1.0,0.0,0.0,0.0,0.0,0.0,0.0,0.0,20000000.0,0.0,0.0,0.0,0.0,,0.0,0.0,0.0,0.0,0.0,45.04519095644355,,0.20146449644470377,0.20146449644470377,146,0.0,156.41930548826022,0.8237031035332786,False,0.11077272985008847,1.0202545458522811,0.1,5,3.0,4.0,0.1,2,129.34455395956658,0.0,0.17309085629922882,,,,0.0,2,0.0,-0.1561186131473961,118962.275,1189622.75,2,,2,201.46449644470377,0.06875,4.282891273498535,156.41930548826022,10,2
30.489038477315532,2,1.0,0.0,0.0,0.0,0.0,0.0,0.0,0.0,100000000.0,0.0,0.0,0.0,0.0,,0.0,0.0,0.0,0.0,0.0,42.76768630370498,,0.07325672478102051,0.07325672478102051,146,0.0,30.489038477315532,0.8156415680909859,False,0.1303574334495295,1.2006363320874,0.1,5,3.0,4.0,0.1,2,26.358072857966892,0.0,0.1354901901029828,,,,0.0,2,0.0,-0.101807079115275,117556.35,1175563.5,3,,2,73.25672478102051,0.05625,4.276952028274536,30.489038477315532,10,2
34.16867738910395,7,1.0,0.0,0.0,0.0,0.0,0.0,0.0,0.0,100000000.0,0.0,0.0,0.0,0.0,,0.0,0.0,0.0,0.0,0.0,42.95387491583824,,0.0771225523049422,0.0771225523049422,147,0.0,34.16867738910395,0.8582970120226905,False,0.14437013017452865,1.3296980384539183,0.1,5,3.0,4.0,0.1,2,27.225285100517436,0.0,0.2032092787647873,,,,0.0,2,0.0,-0.11074634123973542,122583.625,1225836.25,1,,2,77.12255230494219,0.075,4.069952487945557,34.16867738910395,10,2
160.77552671759761,2,1.0,0.0,0.0,0.0,0.0,0.0,0.0,0.0,20000000.0,0.0,0.0,0.0,0.0,,0.0,0.0,0.0,0.0,0.0,43.02642587572336,,0.20349025150045194,0.20349025150045194,147,0.0,160.77552671759761,0.7906619189049813,False,0.11077272985008847,1.0202545458522811,0.1,5,3.0,4.0,0.1,2,123.1672952235846,0.0,0.23391763822408068,,,,0.0,2,0.0,-0.1571314906752702,114541.575,1145415.75,2,,2,203.49025150045193,0.0375,4.329030752182007,160.77552671759761,10,2
41.02131025180599,2,1.0,0.0,0.0,0.0,0.0,0.0,0.0,0.0,100000000.0,0.0,0.0,0.0,0.0,,0.0,0.0,0.0,0.0,0.0,44.86786527559161,,0.08588917552739761,0.08588917552739761,147,0.0,41.02131025180599,0.7330808814351291,False,0.1303574334495295,1.2006363320874,0.1,5,3.0,4.0,0.1,2,27.590229707267756,0.0,0.3274171512828975,,,,0.0,2,0.0,-0.10812330448846355,109496.675,1094966.75,3,,2,85.88917552739761,0.075,4.155057430267334,41.021310251806,10,2
34.1588747564193,7,1.0,0.0,0.0,0.0,0.0,0.0,0.0,0.0,100000000.0,0.0,0.0,0.0,0.0,,0.0,0.0,0.0,0.0,0.0,43.353148736059666,,0.07676794471847379,0.07676794471847379,148,0.0,34.1588747564193,0.7284713537204626,False,0.14437013017452865,1.3296980384539183,0.1,5,3.0,4.0,0.1,2,25.213306476281,0.0,0.2618812342012877,,,,0.0,2,0.0,-0.11056903744650122,102741.775,1027417.75,1,,2,76.76794471847379,0.06875,4.1299827098846436,34.1588747564193,10,2
159.95452298777494,2,1.0,0.0,0.0,0.0,0.0,0.0,0.0,0.0,20000000.0,0.0,0.0,0.0,0.0,,0.0,0.0,0.0,0.0,0.0,42.96336602419615,,0.20291788901197108,0.20291788901197108,148,0.0,159.95452298777494,0.8146490289223921,False,0.11077272985008847,1.0202545458522811,0.1,5,3.0,4.0,0.1,2,135.7387701143293,0.0,0.15139148566181151,,,,0.0,2,0.0,-0.15684530943102978,126157.525,1261575.25,2,,2,202.91788901197108,0.0625,4.1813952922821045,159.95452298777494,10,2
34.542734317154014,2,1.0,0.0,0.0,0.0,0.0,0.0,0.0,0.0,100000000.0,0.0,0.0,0.0,0.0,,0.0,0.0,0.0,0.0,0.0,42.86377876996994,,0.07739303198552441,0.07739303198552441,148,0.0,34.542734317154014,0.8213425437233395,False,0.1303574334495295,1.2006363320874,0.1,5,3.0,4.0,0.1,2,28.133137719715684,0.0,0.1855555654219101,,,,0.0,2,0.0,-0.10387523271752695,126220.0,1262200.0,3,,2,77.39303198552442,0.06875,4.1810996532440186,34.542734317154014,10,2
32.779200614037386,7,1.0,0.0,0.0,0.0,0.0,0.0,0.0,0.0,100000000.0,0.0,0.0,0.0,0.0,,0.0,0.0,0.0,0.0,0.0,45.90135393664241,,0.07809731316830804,0.07809731316830804,149,0.0,32.779200614037386,0.8473385986545783,False,0.14437013017452865,1.3296980384539183,0.1,5,3.0,4.0,0.1,2,29.30267004757592,0.0,0.10605904052988635,,,,0.0,2,0.0,-0.11123372167141835,126250.3,1262503.0,1,,2,78.09731316830803,0.075,4.0712738037109375,32.779200614037386,10,2
172.17026310147304,2,1.0,0.0,0.0,0.0,0.0,0.0,0.0,0.0,20000000.0,0.0,0.0,0.0,0.0,,0.0,0.0,0.0,0.0,0.0,44.7180368937552,,0.214758091923907,0.214758091923907,149,0.0,172.17026310147304,0.8083780632097646,False,0.11077272985008847,1.0202545458522811,0.1,5,3.0,4.0,0.1,2,142.44185919333935,0.0,0.1726686326233496,,,,0.0,2,0.0,-0.16276541088699772,126152.9,1261529.0,2,,2,214.758091923907,0.01875,4.3394715785980225,172.17026310147304,10,2
33.43514854220648,2,1.0,0.0,0.0,0.0,0.0,0.0,0.0,0.0,100000000.0,0.0,0.0,0.0,0.0,,0.0,0.0,0.0,0.0,0.0,42.930553667247295,,0.07636570220945377,0.07636570220945377,149,0.0,33.43514854220648,0.8141622581653767,False,0.1303574334495295,1.2006363320874,0.1,5,3.0,4.0,0.1,2,26.24101869978829,0.0,0.21516667806445544,,,,0.0,2,0.0,-0.10336156782949163,118691.275,1186912.75,3,,2,76.36570220945377,0.05625,4.190542459487915,33.43514854220648,10,2
32.441764925170425,7,1.0,0.0,0.0,0.0,0.0,0.0,0.0,0.0,100000000.0,0.0,0.0,0.0,0.0,,0.0,0.0,0.0,0.0,0.0,43.06940780952573,,0.07530100582589555,0.07530100582589555,150,0.0,32.441764925170425,0.835017923197683,False,0.14437013017452865,1.3296980384539183,0.1,5,3.0,4.0,0.1,2,26.58479891963567,0.0,0.1805378350729168,,,,0.0,2,0.0,-0.1098355680002121,125003.2,1250032.0,1,0.03515625,2,75.30100582589554,0.04375,4.169687509536743,32.441764925170425,10,2
161.23559313660374,2,1.0,0.0,0.0,0.0,0.0,0.0,0.0,0.0,20000000.0,0.0,0.0,0.0,0.0,,0.0,0.0,0.0,0.0,0.0,43.2939943857491,,0.20430146238600722,0.20430146238600722,150,0.0,161.23559313660374,0.751969476619555,False,0.11077272985008847,1.0202545458522811,0.1,5,3.0,4.0,0.1,2,121.49499757467075,0.0,0.24647532712124884,,,,0.0,2,0.0,-0.15753709611804784,109406.725,1094067.25,2,0.03515625,2,204.30146238600722,0.03125,4.263025283813477,161.23559313660374,10,2
33.593908651815866,2,1.0,0.0,0.0,0.0,0.0,0.0,0.0,0.0,100000000.0,0.0,0.0,0.0,0.0,,0.0,0.0,0.0,0.0,0.0,42.86595806479454,,0.07627625367705723,0.07627625367705723,150,0.0,33.593908651815866,0.7482242446980906,False,0.1303574334495295,1.2006363320874,0.1,5,3.0,4.0,0.1,2,26.55001134477263,0.0,0.2096778133217459,,,,0.0,2,0.0,-0.10331684356329336,107699.55,1076995.5,3,0.03515625,2,76.27625367705723,0.05,4.098139762878418,33.593908651815866,10,2
