actual_bandwidth_tx_delay_ms,available_migs,bandwidth_allocation_sum,bandwidth_alpha_max,bandwidth_alpha_mean,bandwidth_alpha_min,bandwidth_context_score_std,bandwidth_cv,bandwidth_floor_hit_rate,bandwidth_gini,bandwidth_hz,bandwidth_latent_mean,bandwidth_physical_score_std,bandwidth_unused,bandwidth_violation,baseline_exploration_epsilon,channel_bandwidth_spearman,channel_permutation_delta_spearman,cluster_load_cv,cluster_size_std,cluster_size_violation,compute_delay_ms,cpsl_proxy_delay,delay,delay_normalized,epoch,equal_bandwidth_improvement,equal_bandwidth_tx_delay_ms,feature_compression_mean,is_warmup,kl_normalized,kl_sum,max_bandwidth_share,max_cluster_size,mean_l1,mean_l2,min_bandwidth_share,nonempty_cluster_count,oracle_bandwidth_tx_delay_ms,oracle_gap_closure,oracle_opportunity,pcsfl_clustering_factor,pcsfl_learning_reward,pcsfl_waiting_factor,penalty,physical_cluster_count,required_airtime_bandwidth_spearman,reward,smashed_data_bytes_per_client_mean,smashed_data_bytes_total,station_id,test_accuracy,top_worker_count,total_delay_ms,train_accuracy,train_loss,tx_delay_ms,vehicle_count,virtual_cluster_count
14.365151636200135,2,1.0,0.0,0.0,0.0,0.0,0.4242640687119285,0.0,0.20199999999999999,100000000.0,0.0,0.0,0.0,0.0,,-0.9692233691951198,0.0,0.0,0.0,0.0,67.42303725332022,0.014812095241324708,0.08177701023379957,0.08177701023379957,1,0.5238095238095236,30.16681843602028,1.0,True,0.13758020380424474,1.2671605054829467,0.21,5,0.0,1.0,0.06,2,13.832466650243983,0.9673886669674882,0.5414675008045424,,,,0.0,2,0.9692233691951198,-0.10967860701902216,49152.0,491520.0,1,,0,81.77701023379957,0.0234375,4.564692556858063,14.365151636200132,10,2
11.366228860834548,2,1.0,0.0,0.0,0.0,0.0,0.1483239697419133,0.0,0.06800000000000003,100000000.0,0.0,0.0,0.0,0.0,,-0.9244162777371753,0.0,0.0,0.0,0.0,71.24981703236699,0.011787623888733618,0.08261604589320154,0.08261604589320154,1,0.24119536861290097,14.979124257659077,1.0,True,0.12228637766154275,1.1262991611188338,0.14,5,0.0,1.0,0.09,2,10.833173868086975,0.8714275515480567,0.2767818944723826,,,,0.0,2,0.9244162777371753,-0.10245121177737215,49152.0,491520.0,2,,0,82.61604589320154,0.0140625,4.676988184452057,11.366228860834546,10,2
11.918040649106603,2,1.0,0.0,0.0,0.0,0.0,0.14832396974191328,0.0,0.082,100000000.0,0.0,0.0,0.0,0.0,,-0.9785579990862869,0.0,0.0,0.0,0.0,70.9523307159543,0.01236393823680965,0.08287037136506091,0.08287037136506091,1,0.1652497137839154,14.277372342249766,1.0,True,0.12733517913246806,1.1728003411365897,0.13,5,0.0,1.0,0.08,2,11.298530618068225,0.7920298933611211,0.20864075354864267,,,,0.0,2,0.9785579990862869,-0.10510277524876449,49152.0,491520.0,3,,0,82.8703713650609,0.01875,4.6206905245780945,11.9180406491066,10,2
11.4255309395588,2,0.9999999999999999,0.0,0.0,0.0,0.0,0.1341640786499874,0.0,0.07400000000000001,100000000.0,0.0,0.0,1.1102230246251565e-16,0.0,,-0.9629500128629352,0.0,0.0,0.0,0.0,70.30277280136943,0.011950875654801529,0.08172830374092822,0.08172830374092822,2,0.15996861804736084,13.601314409231167,1.0,True,0.12891450948862648,1.1873465112766033,0.12,5,0.0,1.0,0.08,2,11.004715874119684,0.8379360306382332,0.1909079120580566,,,,0.0,2,0.9629500128629352,-0.10532140661477735,49152.0,491520.0,1,,0,81.72830374092823,0.021875,4.450943470001221,11.4255309395588,10,2
12.375834331287157,2,1.0,0.0,0.0,0.0,0.0,0.2190890230020664,0.0,0.118,100000000.0,0.0,0.0,0.0,0.0,,-0.9847319278346618,0.0,0.0,0.0,0.0,70.89064177125692,0.012797229359186231,0.08326647610254408,0.08326647610254408,2,0.30801805363740653,17.884620251064053,1.0,True,0.12496746876164991,1.1509929227190967,0.15,5,0.0,1.0,0.07,2,11.80036026732013,0.9054159313532635,0.34019508931882053,,,,0.0,2,0.9847319278346618,-0.104116972432097,49152.0,491520.0,2,,0,83.26647610254408,0.0265625,4.492818355560303,12.375834331287157,10,2
12.005762180762256,2,1.0,0.0,0.0,0.0,0.0,0.12649110640673517,0.0,0.06999999999999999,100000000.0,0.0,0.0,0.0,0.0,,-0.9723448696087954,0.0,0.0,0.0,0.0,70.24882500991225,0.012447727369200804,0.08225458719067451,0.08225458719067451,2,0.12107434662961251,13.65958785561003,1.0,True,0.13111636752780467,1.2076263732682064,0.12,5,0.0,1.0,0.08,2,11.472789219251618,0.7562770743271651,0.16009257815639644,,,,0.0,2,0.9723448696087954,-0.10668547735923958,49152.0,491520.0,3,,0,82.25458719067451,0.0390625,4.424397945404053,12.005762180762256,10,2
11.315140732869517,2,1.0,0.0,0.0,0.0,0.0,0.2097617696340303,0.0,0.11,100000000.0,0.0,0.0,0.0,0.0,,-0.9816498172140428,0.0,0.0,0.0,0.0,69.93605708703399,0.011897061108512547,0.08082580647469599,0.08082580647469599,3,0.31991558605997045,16.63784745090085,1.0,True,0.13142101465093808,1.2104322769656086,0.15,5,0.0,1.0,0.08,2,10.860882950462315,0.9213673924475874,0.3472182635095469,,,,0.0,2,0.9816498172140428,-0.10612341056281704,49152.0,491520.0,1,,0,80.825806474696,0.0328125,4.397302150726318,11.315140732869517,10,2
12.236621137702471,2,0.9999999999999999,0.0,0.0,0.0,0.0,0.23237900077244503,0.0,0.11000000000000001,100000000.0,0.0,0.0,1.1102230246251565e-16,0.0,,-0.9341987329938275,0.0,0.0,0.0,0.0,71.03397883474827,0.012717327163802175,0.08327059997245073,0.08327059997245073,3,0.34064457156142947,18.55845968642466,1.0,True,0.12802789367955958,1.179180477895922,0.16,5,0.0,1.0,0.08,2,11.616093864267363,0.9106173184572572,0.37408092802203685,,,,0.0,2,0.9341987329938275,-0.10564924682600516,49152.0,491520.0,2,,0,83.27059997245073,0.025,4.493791699409485,12.236621137702468,10,2
11.223445397890611,2,1.0,0.0,0.0,0.0,0.0,0.19999999999999996,0.0,0.09999999999999999,100000000.0,0.0,0.0,0.0,0.0,,-0.9534625892455922,0.0,0.0,0.0,0.0,71.19810115545988,0.011748605626655697,0.08242154655335049,0.08242154655335049,3,0.32065426869501606,16.52096256839801,1.0,True,0.134441535086889,1.2382522982812263,0.15,5,0.0,1.0,0.08,2,10.865046416284102,0.936632904030489,0.3423478582859803,,,,0.0,2,0.9534625892455922,-0.10843154082011974,49152.0,491520.0,3,,0,82.4215465533505,0.01875,4.448596835136414,11.223445397890611,10,2
12.944865769649986,2,0.9999999999999999,0.0,0.0,0.0,0.0,0.382099463490856,0.0,0.16,100000000.0,0.0,0.0,1.1102230246251565e-16,0.0,,-0.975456381144309,0.0,0.0,0.0,0.0,69.6306461468339,0.013430003374133045,0.08245708467407084,0.08245708467407084,4,0.5238095238095237,27.184218116264965,1.0,True,0.13632171769211465,1.2555694200368235,0.21,5,0.0,1.0,0.07,2,12.299689405186575,0.9566545654896541,0.547543013649255,,,,0.0,2,0.975456381144309,-0.10938940118309275,49152.0,491520.0,1,,0,82.45708467407084,0.028125,4.432023346424103,12.944865769649988,10,2
13.413431842586172,2,1.0,0.0,0.0,0.0,0.0,0.36606010435446257,0.0,0.17200000000000001,100000000.0,0.0,0.0,0.0,0.0,,-0.9847319278346618,0.0,0.0,0.0,0.0,70.59444487094879,0.014020272013210858,0.08367226064757767,0.08367226064757767,4,0.48156611096752316,25.87298424417988,1.0,True,0.13413017707629332,1.235384585026099,0.2,5,0.0,1.0,0.06,2,12.793101177877142,0.9525736842168592,0.5055421107538088,,,,0.0,2,0.9847319278346618,-0.10890121886193549,49152.0,491520.0,2,,0,83.67226064757767,0.0171875,4.471951246261597,13.41343184258617,10,2
11.005797854410512,2,1.0,0.0,0.0,0.0,0.0,0.1414213562373095,0.0,0.08,100000000.0,0.0,0.0,0.0,0.0,,-0.9847319278346618,0.0,0.0,0.0,0.0,72.02499965205789,0.011616200284782892,0.0830307975064684,0.0830307975064684,4,0.1441693112064959,12.859784065380722,1.0,True,0.13083441380046015,1.205029483470216,0.12,5,0.0,1.0,0.08,2,10.447873267061809,0.7686794272252632,0.18755453326871302,,,,0.0,2,0.9847319278346618,-0.10693260565346427,49152.0,491520.0,3,,0,83.0307975064684,0.025,4.53433483839035,11.005797854410513,10,2
13.548979784750088,2,1.0,0.0,0.0,0.0,0.0,0.17888543819998318,0.0,0.09999999999999999,100000000.0,0.0,0.0,0.0,0.0,,-0.9816498172140428,0.0,0.0,0.0,0.0,70.05855161696672,0.013982848466749671,0.08336359326290603,0.08336359326290603,5,0.16691391677094458,16.263601154197676,1.0,True,0.13592517394409603,1.2519171171451928,0.13,5,0.0,1.0,0.08,2,12.952389845407872,0.8198272826145123,0.20359644075108013,,,,0.0,2,0.9816498172140428,-0.10964438360350104,49152.0,491520.0,1,,0,83.36359326290604,0.021875,4.36819064617157,13.548979784750088,10,2
13.767159994436103,2,1.0,0.0,0.0,0.0,0.0,0.264575131106459,0.0,0.144,100000000.0,0.0,0.0,0.0,0.0,,-0.9847319278346618,0.0,0.0,0.0,0.0,70.59053285047412,0.01418779526209679,0.08366407224355672,0.08366407224355672,5,0.3333333333333333,20.650739991654152,1.0,True,0.12700511907022102,1.169760375620099,0.15,5,0.0,1.0,0.07,2,12.782489899320492,0.8748552621535236,0.38101540649456417,,,,0.0,2,0.9847319278346618,-0.10533459565688888,49152.0,491520.0,2,,0,83.66407224355672,0.0234375,4.522803902626038,13.767159994436103,10,2
10.937967758265556,2,1.0,0.0,0.0,0.0,0.0,0.1414213562373095,0.0,0.074,100000000.0,0.0,0.0,0.0,0.0,,-0.9566355184455129,0.0,0.0,0.0,0.0,70.48443891108036,0.01144754564511619,0.0812713126963306,0.0812713126963306,5,0.23076923076923078,14.219358085745222,1.0,True,0.1222345030337239,1.1258213781399526,0.13,5,0.0,1.0,0.08,2,10.460752180384853,0.873033888123222,0.26433020975316307,,,,0.0,2,0.9566355184455129,-0.10175290786502725,49152.0,491520.0,3,,0,81.2713126963306,0.03125,4.432314693927765,10.937967758265557,10,2
13.368494908292439,2,1.0,0.0,0.0,0.0,0.0,0.27202941017470883,0.0,0.14999999999999997,100000000.0,0.0,0.0,0.0,0.0,,-0.9908673886137245,0.0,0.0,0.0,0.0,76.74598088487983,0.013846274884649967,0.09011447579317226,0.09011447579317226,6,0.31316608546634955,19.46394117327395,1.0,False,0.1478019195232843,1.3613059864408803,0.15,5,0.0,1.0,0.07,2,12.929994811632891,0.9328889353555369,0.3356949295866583,,,,0.0,2,0.9908673886137245,-0.11895819765822829,49152.0,491520.0,1,,0,90.11447579317226,0.03125,4.478635549545288,13.368494908292439,10,2
11.044646029927348,2,1.0,0.0,0.0,0.0,0.0,0.1341640786499874,0.0,0.07200000000000001,100000000.0,0.0,0.0,0.0,0.0,,-0.934946990008457,0.0,0.0,0.0,0.0,70.52138866856694,0.01150626239553975,0.08137356084755006,0.08137356084755006,6,0.1575654986853315,13.110391386738707,1.0,False,0.12852845747048824,1.1837908407882618,0.13,5,0.0,1.0,0.08,2,10.268581085131567,0.7269117701639377,0.21676014222440823,,,,0.0,2,0.934946990008457,-0.10495100915901914,49152.0,491520.0,2,,0,81.37356084755005,0.025,4.453010141849518,11.044646029927348,10,2
11.216839513114982,2,1.0,0.0,0.0,0.0,0.0,0.1341640786499874,0.0,0.07200000000000001,100000000.0,0.0,0.0,0.0,0.0,,-0.9723448696087954,0.0,0.0,0.0,0.0,69.39820619300008,0.011979312006377477,0.08061504570611505,0.08061504570611505,6,0.2264004034538482,14.499541575763738,1.0,False,0.1327360832997409,1.2225445068335974,0.13,5,0.0,1.0,0.08,2,10.880065078323009,0.9069549325627337,0.24962696086135258,,,,0.0,2,0.9723448696087954,-0.10667556450292798,49152.0,491520.0,3,,0,80.61504570611505,0.028125,4.495985805988312,11.21683951311498,10,2
12.86052798425756,2,1.0,0.0,0.0,0.0,0.0,0.28284271247461895,0.0,0.1519999999999999,100000000.0,0.0,0.0,0.0,0.0,,-0.9785579990862869,0.0,0.0,0.0,0.0,70.44243114069104,0.01349079574449127,0.0833029591249486,0.0833029591249486,7,0.33163764671517587,19.241849755677393,1.0,False,0.13608015733185988,1.2533445668985,0.15,5,0.0,1.0,0.07,2,12.540530564107776,0.9522485930005621,0.3482679304047868,,,,0.0,2,0.9785579990862869,-0.10969155822840423,49152.0,491520.0,1,,0,83.3029591249486,0.0265625,4.383473336696625,12.86052798425756,10,2
11.74904376594183,2,1.0,0.0,0.0,0.0,0.0,0.24083189157584595,0.0,0.09600000000000002,100000000.0,0.0,0.0,0.0,0.0,,-0.9244162777371753,0.0,0.0,0.0,0.0,69.74953785538673,0.01216967903360252,0.08131916808760797,0.08131916808760797,7,0.4083421062665454,19.85783320121618,1.0,False,0.12066536028464922,1.1113690393287563,0.17,5,0.0,1.0,0.08,2,11.205585698177142,0.9371887977575997,0.4357095467248228,,,,0.0,2,0.9244162777371753,-0.1009922641861286,49152.0,491520.0,2,,0,81.31916808760798,0.0203125,4.404988169670105,11.749043765941831,10,2
13.261147901975288,2,1.0,0.0,0.0,0.0,0.0,0.30331501776206204,0.0,0.15799999999999997,100000000.0,0.0,0.0,0.0,0.0,,-0.9723448696087954,0.0,0.0,0.0,0.0,71.05711055919528,0.013703113090413837,0.08398906424206776,0.08398906424206776,7,0.40636607063846725,22.33893186704804,1.0,False,0.13679765627661303,1.25995297639621,0.17,5,0.0,1.0,0.07,2,12.653700085461168,0.9372810243252027,0.433558410009454,,,,0.0,2,0.9723448696087954,-0.11039336025934039,49152.0,491520.0,3,,0,83.98906424206776,0.028125,4.42536735534668,13.261147901975288,10,2
11.621872459792367,2,1.0,0.0,0.0,0.0,0.0,0.1897366596101028,0.0,0.098,100000000.0,0.0,0.0,0.0,0.0,,-0.9598789097420161,0.0,0.0,0.0,0.0,70.31479571014643,0.012131202559729761,0.08193666816993879,0.08193666816993879,8,0.23076923076923067,15.108434197730077,1.0,False,0.12741843169644926,1.1735671255876965,0.14,5,0.0,1.0,0.08,2,10.953690354943967,0.8391761008302433,0.27499499871471306,,,,0.0,2,0.9598789097420161,-0.10467754993319403,49152.0,491520.0,1,,0,81.93666816993878,0.028125,4.387803792953491,11.621872459792366,10,2
11.41357982983593,2,1.0,0.0,0.0,0.0,0.0,0.10954451150103323,0.0,0.060000000000000005,100000000.0,0.0,0.0,0.0,0.0,,-0.9629500128629352,0.0,0.0,0.0,0.0,70.89091697707772,0.011917077794040975,0.08223022641932613,0.08223022641932613,8,0.10416882796406143,12.740771013690564,1.0,False,0.12802789367955958,1.179180477895922,0.12,5,0.0,1.0,0.08,2,10.860994699753107,0.7060367629990206,0.14754023221338397,,,,0.0,2,0.9629500128629352,-0.10512906004944286,49152.0,491520.0,2,,0,82.23022641932613,0.0203125,4.426889002323151,11.413579829835932,10,2
14.60592239597989,2,1.0,0.0,0.0,0.0,0.0,0.3193743884534262,0.0,0.17,100000000.0,0.0,0.0,0.0,0.0,,-0.9816498172140428,0.0,0.0,0.0,0.0,71.34147081524134,0.015216324826352266,0.08594739321122122,0.08594739321122122,8,0.3127431236012966,21.252493641848186,1.0,False,0.1348353748725944,1.2418796967595993,0.15,5,0.0,1.0,0.06,2,13.805765798190228,0.8925492357732506,0.35039313358478746,,,,0.0,2,0.9816498172140428,-0.1103913840419078,49152.0,491520.0,3,,0,85.94739321122121,0.034375,4.405332505702972,14.605922395979889,10,2
12.4255937292653,2,1.0,0.0,0.0,0.0,0.0,0.3492849839314596,0.0,0.17199999999999996,100000000.0,0.0,0.0,0.0,0.0,,-0.9847319278346618,0.0,0.0,0.0,0.0,70.27227152138948,0.012828670769733357,0.08246464718540986,0.08246464718540986,9,0.4712417416523317,23.499573828112663,1.0,False,0.13142101465093808,1.2104322769656086,0.19,5,0.0,1.0,0.07,2,11.874352503259392,0.9525823026846446,0.4946992405005216,,,,0.0,2,0.9847319278346618,-0.10694283091817397,49152.0,491520.0,1,,0,82.46464718540986,0.0328125,4.349637806415558,12.4255937292653,10,2
12.793300276968763,2,1.0,0.0,0.0,0.0,0.0,0.18973665961010278,0.0,0.10399999999999997,100000000.0,0.0,0.0,0.0,0.0,,-0.9816498172140428,0.0,0.0,0.0,0.0,70.56615967303514,0.013255972201026412,0.08272273636242819,0.08272273636242819,9,0.2857142857142857,17.910620387756268,1.0,False,0.12647601289682708,1.164887127670227,0.14,5,0.0,1.0,0.08,2,12.280874823676335,0.9089789320920805,0.314324431102813,,,,0.0,2,0.9816498172140428,-0.10459937462962764,49152.0,491520.0,2,,0,82.7227363624282,0.028125,4.424299955368042,12.793300276968761,10,2
12.22003435838996,2,1.0,0.0,0.0,0.0,0.0,0.19999999999999998,0.0,0.108,100000000.0,0.0,0.0,0.0,0.0,,-0.9693020207710988,0.0,0.0,0.0,0.0,70.78710105270147,0.01266593194609301,0.08300713541109143,0.08300713541109143,9,0.2307692307692307,15.886044665906946,1.0,False,0.11976465028178924,1.1030731936259723,0.14,5,0.0,1.0,0.08,2,11.40973963230754,0.8189813428708946,0.28177593150081015,,,,0.0,2,0.9693020207710988,-0.10138589284644034,49152.0,491520.0,3,,0,83.00713541109144,0.0515625,4.315872609615326,12.220034358389961,10,2
11.173233890685871,2,1.0,0.0,0.0,0.0,0.0,0.15491933384829665,0.0,0.08599999999999998,100000000.0,0.0,0.0,0.0,0.0,,-0.9816498172140428,0.0,0.0,0.0,0.0,70.16148418188095,0.011755154266328902,0.08105035233808103,0.08105035233808103,10,0.1544883338642478,13.214760172087251,1.0,False,0.14157145258416162,1.303921265255216,0.12,5,0.0,1.0,0.07,2,10.69698331357087,0.8108448032223018,0.19052762409071414,,,,0.0,2,0.9816498172140428,-0.11131090246112132,49152.0,491520.0,1,0.01171875,0,81.05035233808103,0.040625,4.368890345096588,11.173233890685873,10,2
10.158968883263958,2,1.0,0.0,0.0,0.0,0.0,0.10954451150103323,0.0,0.06,100000000.0,0.0,0.0,0.0,0.0,,-0.9629500128629352,0.0,0.0,0.0,0.0,71.46385218948126,0.010779680242438182,0.08160947400614817,0.08160947400614817,10,0.16666666666666652,12.190762659916746,1.0,False,0.12006090082306109,1.1058017619464682,0.12,5,0.0,1.0,0.08,2,9.895768755655885,0.8853155439239213,0.18825679477846022,,,,0.0,2,0.9629500128629352,-0.10083518741460462,49152.0,491520.0,2,0.01171875,0,81.60947400614816,0.03125,4.34881466627121,10.158968883263958,10,2
12.679029406164005,2,1.0,0.0,0.0,0.0,0.0,0.2966479394838265,0.0,0.136,100000000.0,0.0,0.0,0.0,0.0,,-0.9244162777371753,0.0,0.0,0.0,0.0,69.48535982519388,0.013244254428994056,0.08216438923135788,0.08216438923135788,10,0.44377693187454176,22.79486438578308,1.0,False,0.12727282318822364,1.1722260216658829,0.18,5,0.0,1.0,0.08,2,12.151326816034553,0.9504203760571759,0.4669269967838366,,,,0.0,2,0.9244162777371753,-0.10471860620979076,49152.0,491520.0,3,0.01171875,0,82.16438923135789,0.0484375,4.29618227481842,12.679029406164004,10,2
14.448248101113707,2,1.0000000000000002,0.0,0.0,0.0,0.0,0.3193743884534263,0.0,0.16799999999999995,100000000.0,0.0,0.0,-2.220446049250313e-16,2.220446049250313e-16,,-0.9692233691951198,0.0,0.0,0.0,0.0,71.03691808879375,0.015030168476756735,0.08548516618990747,0.08548516618990747,11,0.38734832311930095,23.583136464551288,1.0,False,0.13856060132586975,1.276190300356955,0.17,5,0.0,1.0,0.06,2,13.736904555866747,0.9277547439625567,0.4175115520993056,,,,2.220446049250313e-16,2,0.9692233691951198,-0.11202288375788882,49152.0,491520.0,1,,0,85.48516618990746,0.0203125,4.517502307891846,14.448248101113707,10,2
13.00363333174756,2,1.0,0.0,0.0,0.0,0.0,0.33166247903553997,0.0,0.172,100000000.0,0.0,0.0,0.0,0.0,,-0.9723448696087954,0.0,0.0,0.0,0.0,70.83787862211466,0.013440201976046201,0.08347722568949534,0.08347722568949534,11,0.36197381631895814,20.381033983157433,1.0,False,0.12632822937843405,1.1635259911644589,0.16,5,0.0,1.0,0.07,2,12.306577998879693,0.9136715421787988,0.39617499244397236,,,,0.0,2,0.9723448696087954,-0.1049027275339647,49152.0,491520.0,2,,0,83.47722568949534,0.0109375,4.592058062553406,13.003633331747562,10,2
10.655185917586925,2,1.0,0.0,0.0,0.0,0.0,0.09999999999999999,0.0,0.054,100000000.0,0.0,0.0,0.0,0.0,,-0.9534625892455922,0.0,0.0,0.0,0.0,70.65878668799996,0.011251455152927796,0.0813139726055869,0.0813139726055869,11,0.09090909090909101,11.72070450934562,1.0,False,0.1260359433860844,1.1608339376889578,0.11,5,0.0,1.0,0.08,2,10.296246276210233,0.7480167315354502,0.12153349928748568,,,,0.0,2,0.9534625892455922,-0.10367495799583565,49152.0,491520.0,3,,0,81.3139726055869,0.0140625,4.548624634742737,10.655185917586927,10,2
13.025170013612104,2,1.0,0.0,0.0,0.0,0.0,0.25298221281347033,0.0,0.12999999999999998,100000000.0,0.0,0.0,0.0,0.0,,-0.9816498172140428,0.0,0.0,0.0,0.0,69.86553082242608,0.013428247054080163,0.08258304638366516,0.08258304638366516,12,0.37499999999999994,20.840272021779366,1.0,False,0.1277679999237521,1.176786767944384,0.16,5,0.0,1.0,0.07,2,12.218331971532299,0.906420360455106,0.4137153316058739,,,,0.0,2,0.9816498172140428,-0.10517552315370862,49152.0,491520.0,1,,0,82.58304638366516,0.0359375,4.390078246593475,13.025170013612104,10,2
13.117290360237757,2,1.0,0.0,0.0,0.0,0.0,0.18973665961010275,0.0,0.10799999999999997,100000000.0,0.0,0.0,0.0,0.0,,-0.9725179925282851,0.0,0.0,0.0,0.0,69.95893735438585,0.01357890672585016,0.08277658291515273,0.08277658291515273,12,0.1792414530810105,15.981911378782705,1.0,False,0.12597836835997123,1.1603036521015302,0.13,5,0.0,1.0,0.07,2,12.361747423549032,0.7912959340981129,0.22651633271097577,,,,0.0,2,0.9725179925282851,-0.10437747563756197,49152.0,491520.0,2,,0,82.77658291515273,0.0265625,4.422094643115997,13.117290360237757,10,2
10.65224436477812,2,1.0,0.0,0.0,0.0,0.0,0.07745966692414835,0.0,0.042,100000000.0,0.0,0.0,0.0,0.0,,-0.8539864924534399,0.0,0.0,0.0,0.0,71.66680879890919,0.011217469387608174,0.0823190531636873,0.0823190531636873,12,0.03411282945811878,11.028456210679357,1.0,False,0.12709387952711543,1.1705778896396686,0.11,5,0.0,1.0,0.09,2,10.061863541365808,0.3892144621460995,0.08764532867053086,,,,0.0,2,0.8539864924534399,-0.10470646634540137,49152.0,491520.0,3,,0,82.3190531636873,0.028125,4.36591362953186,10.65224436477812,10,2
11.106736480094403,2,1.0,0.0,0.0,0.0,0.0,0.223606797749979,0.0,0.126,100000000.0,0.0,0.0,0.0,0.0,,-0.9908673886137245,0.0,0.0,0.0,0.0,71.0002789273858,0.01156485874093975,0.08194550175640224,0.08194550175640224,13,0.2499351728043452,14.807702051061787,1.0,False,0.14792188154900565,1.3624108775294856,0.14,5,0.0,1.0,0.07,2,10.3756658873053,0.8350485948721446,0.2993061413900267,,,,0.0,2,0.9908673886137245,-0.11493369165270395,49152.0,491520.0,1,,0,81.94550175640224,0.034375,4.396258592605591,11.106736480094403,10,2
12.55926833526962,2,0.9999999999999999,0.0,0.0,0.0,0.0,0.22360679774997896,0.0,0.118,100000000.0,0.0,0.0,1.1102230246251565e-16,0.0,,-0.9660917830792959,0.0,0.0,0.0,0.0,70.76503057032824,0.012979903602930306,0.08332429890559785,0.08332429890559785,13,0.28136810170758925,17.4766363211994,1.0,False,0.13015928591993947,1.1988113258960098,0.15,5,0.0,1.0,0.07,2,11.689921918013294,0.8497685635258461,0.331111450557951,,,,0.0,2,0.9660917830792959,-0.10674179241276865,49152.0,491520.0,2,,0,83.32429890559786,0.025,4.472380042076111,12.559268335269618,10,2
15.19895995736968,2,1.0,0.0,0.0,0.0,0.0,0.5099019513592784,0.0,0.236,100000000.0,0.0,0.0,0.0,0.0,,-0.9660917830792959,0.0,0.0,0.0,0.0,69.35705151408911,0.015938993399328163,0.08455601147145879,0.08455601147145879,13,0.5138182579786156,31.261889626248372,1.0,False,0.12235203955597285,1.1269039295160037,0.21,5,0.0,1.0,0.06,2,14.722885836099207,0.9712150666804957,0.5290468358720883,,,,0.0,2,0.9660917830792959,-0.10345402551371582,49152.0,491520.0,3,,0,84.55601147145879,0.0296875,4.398746490478516,15.19895995736968,10,2
11.940768283882921,2,1.0,0.0,0.0,0.0,0.0,0.17320508075688773,0.0,0.096,100000000.0,0.0,0.0,0.0,0.0,,-0.9723448696087954,0.0,0.0,0.0,0.0,70.80476498231292,0.012500917504578622,0.08274553326619584,0.08274553326619584,14,0.19018655304136628,14.745085215277824,1.0,False,0.1377038420508053,1.2682992558167636,0.13,5,0.0,1.0,0.08,2,11.469578862672131,0.856147608800711,0.2221422463677485,,,,0.0,2,0.9723448696087954,-0.11022468765850058,49152.0,491520.0,1,,0,82.74553326619584,0.040625,4.3737704157829285,11.94076828388292,10,2
10.369732870531488,2,1.0,0.0,0.0,0.0,0.0,0.13416407864998736,0.0,0.074,100000000.0,0.0,0.0,0.0,0.0,,-0.9629500128629352,0.0,0.0,0.0,0.0,70.39353204891086,0.010973644288590255,0.08059490813819896,0.08059490813819896,14,0.13646651576566904,12.00848960677653,1.0,False,0.13108147222077676,1.207304975613095,0.12,5,0.0,1.0,0.08,2,10.003067726127048,0.8171630877560333,0.16700034278397505,,,,0.0,2,0.9629500128629352,-0.10583819017948787,49152.0,491520.0,2,,0,80.59490813819896,0.0171875,4.46267694234848,10.369732870531488,10,2
13.887283785244103,2,1.0,0.0,0.0,0.0,0.0,0.27568097504180444,0.0,0.14999999999999997,100000000.0,0.0,0.0,0.0,0.0,,-0.9816498172140428,0.0,0.0,0.0,0.0,69.65664168819785,0.014609727968537588,0.08354392547344196,0.08354392547344196,14,0.37412106633340503,22.18845057443944,1.0,False,0.1222345030337239,1.1258213781399526,0.16,5,0.0,1.0,0.07,2,13.433437373423924,0.9481615388349689,0.39457523956634805,,,,0.0,2,0.9816498172140428,-0.10288921425358294,49152.0,491520.0,3,,0,83.54392547344196,0.03125,4.415760815143585,13.887283785244101,10,2
12.130776262710082,2,1.0,0.0,0.0,0.0,0.0,0.20000000000000004,0.0,0.108,100000000.0,0.0,0.0,0.0,0.0,,-0.9816498172140428,0.0,0.0,0.0,0.0,69.26373532041907,0.01271269663835311,0.08139451158312916,0.08139451158312916,15,0.27968237244072547,16.84087102493108,1.0,False,0.14463675043580135,1.332153701810305,0.14,5,0.0,1.0,0.08,2,11.574741788677589,0.8944130595571793,0.31269933891528284,,,,0.0,2,0.9816498172140428,-0.11301563100946525,49152.0,491520.0,1,,0,81.39451158312916,0.0359375,4.343378305435181,12.130776262710082,10,2
12.982758671153071,2,1.0,0.0,0.0,0.0,0.0,0.28284271247461895,0.0,0.15399999999999997,100000000.0,0.0,0.0,0.0,0.0,,-0.975456381144309,0.0,0.0,0.0,0.0,70.98183268681169,0.01341932731545171,0.08396459135796476,0.08396459135796476,15,0.3536324502968103,20.085721625590146,1.0,False,0.12093989557728757,1.1138976028180756,0.16,5,0.0,1.0,0.07,2,12.397531923149575,0.9238797726573111,0.3827689064775974,,,,0.0,2,0.975456381144309,-0.10245224346762616,49152.0,491520.0,2,,0,83.96459135796476,0.015625,4.427381455898285,12.982758671153071,10,2
11.527360345797995,2,1.0,0.0,0.0,0.0,0.0,0.19999999999999998,0.0,0.09999999999999999,100000000.0,0.0,0.0,0.0,0.0,,-0.9534625892455922,0.0,0.0,0.0,0.0,70.41692640632391,0.012076341989027805,0.0819442867521219,0.0819442867521219,15,0.3174612307279983,16.88894589547363,1.0,False,0.12468025115452527,1.1483475507966543,0.15,5,0.0,1.0,0.08,2,11.110873191311581,0.9279193641529622,0.34212157111064084,,,,0.0,2,0.9534625892455922,-0.10331226895332359,49152.0,491520.0,3,,0,81.9442867521219,0.0203125,4.427187025547028,11.527360345797995,10,2
12.030973563271123,2,1.0,0.0,0.0,0.0,0.0,0.11832159566199231,0.0,0.06199999999999999,100000000.0,0.0,0.0,0.0,0.0,,-0.9309493362512626,0.0,0.0,0.0,0.0,70.90754713863134,0.01243405060373918,0.08293852070190247,0.08293852070190247,16,0.1618487366581667,14.354179358152905,1.0,False,0.14792188154900565,1.3624108775294856,0.12,5,0.0,1.0,0.08,2,11.451332063527692,0.8003196720624366,0.20223011167660032,,,,0.0,2,0.9309493362512626,-0.11543020112545406,49152.0,491520.0,1,,0,82.93852070190246,0.0296875,4.317398130893707,12.030973563271123,10,2
12.4766501405405,2,1.0,0.0,0.0,0.0,0.0,0.18439088914585777,0.0,0.09999999999999999,100000000.0,0.0,0.0,0.0,0.0,,-0.9816498172140428,0.0,0.0,0.0,0.0,70.74423134326935,0.01300166108060497,0.08271624102778148,0.08271624102778148,16,0.23873771948642272,16.389423802954305,1.0,False,0.12489566665999621,1.150331600923443,0.14,5,0.0,1.0,0.07,2,11.866038300088425,0.8650099930538289,0.2759941751003173,,,,0.0,2,0.9816498172140428,-0.10380595384388885,49152.0,491520.0,2,,0,82.71624102778148,0.0390625,4.3772154450416565,12.476650140540501,10,2
11.774689693614363,2,1.0,0.0,0.0,0.0,0.0,0.232379000772445,0.0,0.11,100000000.0,0.0,0.0,0.0,0.0,,-0.9341987329938275,0.0,0.0,0.0,0.0,69.34860348701477,0.012385092123986741,0.08093585478437601,0.08093585478437601,16,0.369810749521639,18.68437090076749,1.0,False,0.12219905871407366,1.1254949238917207,0.16,5,0.0,1.0,0.08,2,11.268756644415745,0.9317746269278682,0.39688862395935076,,,,0.0,2,0.9341987329938275,-0.10156745674922484,49152.0,491520.0,3,,0,80.935854784376,0.021875,4.4249643087387085,11.774689693614363,10,2
10.896423857181631,2,1.0,0.0,0.0,0.0,0.0,0.1549193338482967,0.0,0.07600000000000003,100000000.0,0.0,0.0,0.0,0.0,,-0.9566355184455129,0.0,0.0,0.0,0.0,69.43673267960548,0.01129950089764969,0.08033315653678712,0.08033315653678712,17,0.2407026874504739,14.350668278535359,1.0,False,0.1330039355625401,1.2250115173433818,0.14,5,0.0,1.0,0.08,2,9.977290707034488,0.7898344848757908,0.3047507953369835,,,,0.0,2,0.9566355184455129,-0.10666854604966361,49152.0,491520.0,1,,0,80.33315653678711,0.0453125,4.345331251621246,10.896423857181631,10,2
11.475401561054332,2,1.0,0.0,0.0,0.0,0.0,0.20976176963403032,0.0,0.116,100000000.0,0.0,0.0,0.0,0.0,,-0.9847319278346618,0.0,0.0,0.0,0.0,70.97553974017501,0.012089785016608063,0.082363905518762,0.082363905518762,17,0.27391473947000794,15.80448217978985,1.0,False,0.1248773113670672,1.1501625424279394,0.14,5,0.0,1.0,0.07,2,11.057288936603847,0.9119242459635213,0.30037005889737584,,,,0.0,2,0.9847319278346618,-0.1036206084429146,49152.0,491520.0,2,,0,82.36390551876201,0.0296875,4.40848845243454,11.475401561054332,10,2
12.296807123469405,2,1.0,0.0,0.0,0.0,0.0,0.10954451150103323,0.0,0.060000000000000005,100000000.0,0.0,0.0,0.0,0.0,,-0.9629500128629352,0.0,0.0,0.0,0.0,70.70765178650618,0.012730969793264473,0.08300445890997558,0.08300445890997558,17,0.09328371047926097,13.561912657341912,1.0,False,0.1316080586736423,1.212155016079258,0.12,5,0.0,1.0,0.08,2,11.646332716818774,0.6604295164664401,0.1412470341700744,,,,0.0,2,0.9629500128629352,-0.10730625879180894,49152.0,491520.0,3,,0,83.00445890997558,0.0453125,4.381024420261383,12.296807123469407,10,2
14.750573950241549,2,1.0,0.0,0.0,0.0,0.0,0.2449489742783178,0.0,0.138,100000000.0,0.0,0.0,0.0,0.0,,-0.9816498172140428,0.0,0.0,0.0,0.0,70.47321973368526,0.015153650990709606,0.08494532445893,0.08494532445893,18,0.28571428571428575,20.65080353033817,1.0,False,0.1377038420508053,1.2682992558167636,0.14,5,0.0,1.0,0.07,2,13.817932831123597,0.8635066928421231,0.3308767472014528,,,,0.0,2,0.9816498172140428,-0.11132458325486765,49152.0,491520.0,1,,0,84.94532445892999,0.0359375,4.297548055648804,14.750573950241549,10,2
12.766826738947437,2,1.0,0.0,0.0,0.0,0.0,0.232379000772445,0.0,0.12999999999999998,100000000.0,0.0,0.0,0.0,0.0,,-0.9632626970495626,0.0,0.0,0.0,0.0,69.7834542952478,0.013297485557000173,0.08255028103419523,0.08255028103419523,18,0.20037254995979198,15.965968574872557,1.0,False,0.1285526139688731,1.1840133303605813,0.13,5,0.0,1.0,0.07,2,12.088644289672173,0.8250900880630843,0.24284929955972517,,,,0.0,2,0.9632626970495626,-0.10555144750153417,49152.0,491520.0,2,,0,82.55028103419524,0.03125,4.407043635845184,12.766826738947437,10,2
12.501591082057406,2,1.0,0.0,0.0,0.0,0.0,0.1414213562373095,0.0,0.076,100000000.0,0.0,0.0,0.0,0.0,,-0.9629500128629352,0.0,0.0,0.0,0.0,69.15993895381689,0.012947488669760452,0.08146133007017789,0.08146133007017789,18,0.23076923076923073,16.252068406674628,1.0,False,0.12468025115452527,1.1483475507966543,0.13,5,0.0,1.0,0.08,2,11.710885530578022,0.8258811474778046,0.2794218411135636,,,,0.0,2,0.9629500128629352,-0.10307079061235158,49152.0,491520.0,3,,0,81.4613300701779,0.040625,4.3829681277275085,12.501591082057404,10,2
11.388314399031145,2,1.0,0.0,0.0,0.0,0.0,0.1949358868961793,0.0,0.10599999999999998,100000000.0,0.0,0.0,0.0,0.0,,-0.9785579990862869,0.0,0.0,0.0,0.0,70.3492988832295,0.011970234774674175,0.08147664382053865,0.08147664382053865,19,0.263632942333117,15.465540290618188,1.0,False,0.1382469107978546,1.2733011038224702,0.14,5,0.0,1.0,0.08,2,10.906693129344276,0.8943545917094783,0.2947745164803217,,,,0.0,2,0.9785579990862869,-0.10986177730919662,49152.0,491520.0,1,,0,81.47664382053865,0.0265625,4.302710711956024,11.388314399031147,10,2
10.732216382282816,2,1.0,0.0,0.0,0.0,0.0,0.12649110640673514,0.0,0.07,100000000.0,0.0,0.0,0.0,0.0,,-0.9723448696087954,0.0,0.0,0.0,0.0,69.82500245794654,0.011244408170307267,0.08037022035659623,0.08037022035659623,19,0.1378434178568347,12.448105836650308,1.0,False,0.12856848256030093,1.1841594854888555,0.12,5,0.0,1.0,0.08,2,10.295396485816699,0.7970836628284428,0.17293469215979015,,,,0.0,2,0.9723448696087954,-0.10446935145844857,49152.0,491520.0,2,,0,80.37022035659623,0.0328125,4.331778943538666,10.732216382282816,10,2
11.300440636607998,2,1.0,0.0,0.0,0.0,0.0,0.12649110640673517,0.0,0.068,100000000.0,0.0,0.0,0.0,0.0,,-0.937436866561092,0.0,0.0,0.0,0.0,69.58397198468447,0.01211748536198672,0.08088441262129246,0.08088441262129246,19,0.1658377986795945,13.547054300375148,1.0,False,0.12943135247070348,1.1921068110603996,0.12,5,0.0,1.0,0.08,2,10.779630732269958,0.8118069419006101,0.20428231161873717,,,,0.0,2,0.937436866561092,-0.10515788254599798,49152.0,491520.0,3,,0,80.88441262129247,0.0359375,4.33696448802948,11.300440636608,10,2
12.877515481653196,2,1.0,0.0,0.0,0.0,0.0,0.20976176963403032,0.0,0.11200000000000002,100000000.0,0.0,0.0,0.0,0.0,,-0.975456381144309,0.0,0.0,0.0,0.0,70.89538360014558,0.013459435857296224,0.08319760631194877,0.08319760631194877,20,0.2690854273989366,17.618359195968313,1.0,False,0.14080441113108608,1.296856552392975,0.14,5,0.0,1.0,0.08,2,12.246106266422006,0.8824684497338973,0.30492356693327405,,,,0.0,2,0.975456381144309,-0.11200100872151741,49152.0,491520.0,1,0.0234375,0,83.19760631194876,0.0265625,4.2923266887664795,12.877515481653196,10,2
12.713570651288219,2,1.0,0.0,0.0,0.0,0.0,0.2408318915758459,0.0,0.13199999999999998,100000000.0,0.0,0.0,0.0,0.0,,-0.9847319278346618,0.0,0.0,0.0,0.0,70.91678259894252,0.013317482069346985,0.08363035325023074,0.08363035325023074,20,0.3279545212059408,18.917723654806625,1.0,False,0.12206881902836504,1.124295372056405,0.15,5,0.0,1.0,0.07,2,12.156430700974916,0.9175986081186494,0.3574052077937927,,,,0.0,2,0.9847319278346618,-0.1028495861392979,49152.0,491520.0,2,0.0234375,0,83.63035325023074,0.059375,4.347196638584137,12.713570651288219,10,2
11.778092048091343,2,1.0,0.0,0.0,0.0,0.0,0.1673320053068151,0.0,0.094,100000000.0,0.0,0.0,0.0,0.0,,-0.9816498172140428,0.0,0.0,0.0,0.0,71.08245370909572,0.01242320521423282,0.08286054575718706,0.08286054575718706,20,0.18679608716109963,14.48356539133456,1.0,False,0.1298370043403084,1.1958430028519893,0.13,5,0.0,1.0,0.08,2,11.250654375361622,0.836853637441985,0.2232123740682782,,,,0.0,2,0.9816498172140428,-0.10634877504874773,49152.0,491520.0,3,0.0234375,0,82.86054575718705,0.040625,4.3675068616867065,11.778092048091343,10,2
12.089884951711385,2,1.0,0.0,0.0,0.0,0.0,0.204939015319192,0.0,0.11200000000000002,100000000.0,0.0,0.0,0.0,0.0,,-0.9847319278346618,0.0,0.0,0.0,0.0,70.2009117230773,0.012671805327354414,0.08229079667478868,0.08229079667478868,21,0.26145574201654287,16.36988551603117,1.0,False,0.13600056935013707,1.2526115344973143,0.14,5,0.0,1.0,0.07,2,11.56442263814884,0.8906531322963616,0.2935550693483043,,,,0.0,2,0.9847319278346618,-0.10914568301246289,49152.0,491520.0,1,,0,82.29079667478868,0.021875,4.471821427345276,12.089884951711385,10,2
11.587182561249044,2,1.0,0.0,0.0,0.0,0.0,0.17888543819998318,0.0,0.096,100000000.0,0.0,0.0,0.0,0.0,,-0.9816498172140428,0.0,0.0,0.0,0.0,70.8974045701325,0.01204879892686145,0.08194810610508971,0.08194810610508971,21,0.28571428571428586,16.222055585748663,1.0,False,0.1256682985372115,1.1574478034948348,0.14,5,0.0,1.0,0.08,2,10.860688457750008,0.8644946174819728,0.3304986288364529,,,,0.0,2,0.9816498172140428,-0.10380820232115061,49152.0,491520.0,2,,0,81.9481061050897,0.0359375,4.525041699409485,11.587182561249046,10,2
13.90819686593468,2,1.0,0.0,0.0,0.0,0.0,0.264575131106459,0.0,0.142,100000000.0,0.0,0.0,0.0,0.0,,-0.9908673886137245,0.0,0.0,0.0,0.0,70.76414162293077,0.014459152468880842,0.08467233848886545,0.08467233848886545,21,0.3626703883798035,21.822612055601436,1.0,False,0.13140953349124354,1.210326531576957,0.16,5,0.0,1.0,0.07,2,13.215306473576371,0.9194997335977826,0.3944214175688349,,,,0.0,2,0.9908673886137245,-0.10804093599005449,49152.0,491520.0,3,,0,84.67233848886545,0.0390625,4.554466068744659,13.908196865934679,10,2
15.112112343530026,2,1.0000000000000002,0.0,0.0,0.0,0.0,0.39496835316262996,0.0,0.17399999999999996,100000000.0,0.0,0.0,-2.220446049250313e-16,2.220446049250313e-16,,-0.9341987329938275,0.0,0.0,0.0,0.0,77.50724023208022,0.01569403271917305,0.09261935257561024,0.09261935257561024,22,0.4862039078327182,29.41266501227071,1.0,False,0.14024398185282888,1.291694807985805,0.2,5,0.0,1.0,0.07,2,14.343289339989825,0.9489810978065667,0.512343089821819,,,,2.220446049250313e-16,2,0.9341987329938275,-0.11643166721421978,49152.0,491520.0,1,,0,92.61935257561024,0.0359375,4.375890135765076,15.112112343530024,10,2
13.014910531171072,2,0.9999999999999999,0.0,0.0,0.0,0.0,0.2683281572999748,0.0,0.142,100000000.0,0.0,0.0,1.1102230246251565e-16,0.0,,-0.9847319278346618,0.0,0.0,0.0,0.0,70.24515606462955,0.013448679646421708,0.08326006659580062,0.08326006659580062,22,0.32265696922674697,19.214651867478853,1.0,False,0.12578222127494929,1.1584970706855071,0.16,5,0.0,1.0,0.07,2,12.20504148688003,0.884463044260977,0.3648054843222383,,,,0.0,2,0.9847319278346618,-0.10452114393537495,49152.0,491520.0,2,,0,83.26006659580062,0.0265625,4.3750622272491455,13.014910531171072,10,2
11.679082092530104,2,1.0,0.0,0.0,0.0,0.0,0.204939015319192,0.0,0.10399999999999997,100000000.0,0.0,0.0,0.0,0.0,,-0.9341987329938275,0.0,0.0,0.0,0.0,70.4181557521224,0.012124979680233152,0.0816031245041643,0.0816031245041643,22,0.2857142857142858,16.350714929542146,1.0,False,0.12598326456208347,1.1603487477895138,0.14,5,0.0,1.0,0.08,2,11.023651408138036,0.8769621045894139,0.32580003653413825,,,,0.0,2,0.9341987329938275,-0.10379319453312388,49152.0,491520.0,3,,0,81.60312450416431,0.025,4.3870933055877686,11.679082092530104,10,2
11.798110477684384,2,1.0,0.0,0.0,0.0,0.0,0.2097617696340303,0.0,0.096,100000000.0,0.0,0.0,0.0,0.0,,-0.8876253645985945,0.0,0.0,0.0,0.0,69.69245569780469,0.012201187518152442,0.08097090306435754,0.08097090306435754,23,0.3333333333333333,17.697165716526577,1.0,False,0.14423216429923202,1.3284273257827186,0.15,5,0.0,1.0,0.08,2,11.070214843089385,0.8901613051769218,0.37446396669318543,,,,0.0,2,0.8876253645985945,-0.11260153368179479,49152.0,491520.0,1,,0,80.97090306435754,0.0296875,4.291929125785828,11.798110477684384,10,2
11.58919711701082,2,1.0,0.0,0.0,0.0,0.0,0.12649110640673517,0.0,0.06999999999999999,100000000.0,0.0,0.0,0.0,0.0,,-0.934946990008457,0.0,0.0,0.0,0.0,69.1389343701303,0.012037494494081334,0.08071481249859923,0.08071481249859923,23,0.1666666666666665,13.90703654041298,1.0,False,0.13474002351702108,1.2410014783198398,0.12,5,0.0,1.0,0.08,2,11.006031362666423,0.7989780373996485,0.2085998098384523,,,,0.0,2,0.934946990008457,-0.10772741800781016,49152.0,491520.0,2,,0,80.71481249859923,0.0390625,4.32890260219574,11.589197117010821,10,2
14.616649912571884,2,1.0,0.0,0.0,0.0,0.0,0.5366563145999496,0.0,0.18599999999999994,100000000.0,0.0,0.0,0.0,0.0,,-0.9244162777371753,0.0,0.0,0.0,0.0,71.1543750949204,0.015027495810782542,0.08577102500749229,0.08577102500749229,23,0.6143938449637414,37.90564471461166,1.0,False,0.12407802511586331,1.1428008439997108,0.26,5,0.0,1.0,0.07,2,13.770238556518674,0.964930718360031,0.6367232727422626,,,,0.0,2,0.9244162777371753,-0.10492452506167779,49152.0,491520.0,3,,0,85.77102500749228,0.0296875,4.3414846658706665,14.616649912571884,10,2
16.55491144593963,2,1.0,0.0,0.0,0.0,0.0,0.6542170893518449,0.0,0.2619999999999999,100000000.0,0.0,0.0,0.0,0.0,,-0.9816498172140428,0.0,0.0,0.0,0.0,70.81157434731722,0.017013033706784978,0.08717191222245,0.08717191222245,24,0.6454134884544588,46.687933429225794,1.0,False,0.1382469107978546,1.2733011038224702,0.29,5,0.0,1.0,0.06,2,15.699175284716867,0.9723855936003555,0.6637423391524657,,,,0.0,2,0.9816498172140428,-0.11270941151015229,49152.0,491520.0,1,,0,87.17191222244999,0.05625,4.230053424835205,16.55491144593963,10,2
15.222902195840545,2,1.0000000000000002,0.0,0.0,0.0,0.0,0.3065941943351178,0.0,0.16599999999999998,100000000.0,0.0,0.0,-2.220446049250313e-16,2.220446049250313e-16,,-0.9601136296387952,0.0,0.0,0.0,0.0,72.84397911280394,0.01565667131109118,0.08806688130864448,0.08806688130864448,24,0.37499999999999994,24.35664351334487,1.0,False,0.12622929275230635,1.1626147511625677,0.16,5,0.0,1.0,0.07,2,14.298239474147499,0.9080706324691614,0.41296347067223893,,,,2.220446049250313e-16,2,0.9601136296387952,-0.10714808703047564,49152.0,491520.0,2,,0,88.06688130864448,0.0265625,4.312076091766357,15.222902195840545,10,2
10.91347108588138,2,1.0,0.0,0.0,0.0,0.0,0.09999999999999999,0.0,0.054,100000000.0,0.0,0.0,0.0,0.0,,-0.9534625892455922,0.0,0.0,0.0,0.0,70.83456451073289,0.011405220805994772,0.0814878262582646,0.0814878262582646,24,0.16033578190749842,12.99742307785122,1.0,False,0.12751223448649432,1.1744310812118524,0.12,5,0.0,1.0,0.09,2,10.405702715114867,0.8040805720913469,0.19940263136874253,,,,0.0,2,0.9534625892455922,-0.10450003037237945,49152.0,491520.0,3,,0,81.4878262582646,0.046875,4.320312142372131,10.91347108588138,10,2
12.021136054037509,2,1.0,0.0,0.0,0.0,0.0,0.17888543819998318,0.0,0.09600000000000002,100000000.0,0.0,0.0,0.0,0.0,,-0.9816498172140428,0.0,0.0,0.0,0.0,69.89756505936384,0.012651403814271218,0.08173736528706993,0.08173736528706993,25,0.2344647308643747,15.70291603626664,1.0,False,0.1351697880665403,1.2449597561007206,0.14,5,0.0,1.0,0.08,2,11.403532670143713,0.856350706298905,0.2737952209763647,,,,0.0,2,0.9816498172140428,-0.10845357667680511,49152.0,491520.0,1,,0,81.73736528706993,0.0515625,4.236407101154327,12.02113605403751,10,2
11.799239863937098,2,1.0,0.0,0.0,0.0,0.0,0.21908902300206648,0.0,0.11799999999999998,100000000.0,0.0,0.0,0.0,0.0,,-0.9660917830792959,0.0,0.0,0.0,0.0,71.10957847908139,0.012654680587554224,0.0829088183430185,0.0829088183430185,25,0.2785336839075053,16.354526331655368,1.0,False,0.12530369414480957,1.1540896729396954,0.14,5,0.0,1.0,0.08,2,11.413463911066659,0.9219244931488891,0.30212201322058013,,,,0.0,2,0.9660917830792959,-0.10410625624391404,49152.0,491520.0,2,,0,82.9088183430185,0.04375,4.220728278160095,11.799239863937098,10,2
12.622462767284855,2,1.0,0.0,0.0,0.0,0.0,0.24083189157584592,0.0,0.13199999999999998,100000000.0,0.0,0.0,0.0,0.0,,-0.9816498172140428,0.0,0.0,0.0,0.0,69.94795706123114,0.013068360354987903,0.08252900764762555,0.08252900764762555,25,0.236749946180231,16.537781693056356,1.0,False,0.129647541891552,1.194097989211235,0.14,5,0.0,1.0,0.07,2,11.943584400918288,0.8522313424527255,0.27780009298750225,,,,0.0,2,0.9816498172140428,-0.10608827476958878,49152.0,491520.0,3,,0,82.52900764762555,0.0546875,4.293471395969391,12.622462767284855,10,2
11.830593639810976,2,1.0,0.0,0.0,0.0,0.0,0.2097617696340303,0.0,0.11200000000000002,100000000.0,0.0,0.0,0.0,0.0,,-0.9249588456493038,0.0,0.0,0.0,0.0,70.71866421028972,0.012233670680279031,0.08254925785010069,0.08254925785010069,26,0.16431324756204382,14.1567322986723,1.0,False,0.13191662036953097,1.2149969743241469,0.13,5,0.0,1.0,0.07,2,11.055236249301835,0.7500053592953889,0.21908276457705847,,,,0.0,2,0.9249588456493038,-0.10723293910981582,49152.0,491520.0,1,,0,82.54925785010069,0.040625,4.176918029785156,11.830593639810974,10,2
11.473999771655677,2,1.0,0.0,0.0,0.0,0.0,0.18439088914585774,0.0,0.08600000000000001,100000000.0,0.0,0.0,0.0,0.0,,-0.9566355184455129,0.0,0.0,0.0,0.0,70.97807759419084,0.011910568415954316,0.08245207736584652,0.08245207736584652,26,0.28166354660221915,15.97301615055573,1.0,False,0.12683262427151049,1.1681716398115793,0.15,5,0.0,1.0,0.08,2,10.838410110549633,0.8762145223696093,0.3214550083471527,,,,0.0,2,0.9566355184455129,-0.10464235081867851,49152.0,491520.0,2,,0,82.45207736584652,0.0578125,4.252306580543518,11.473999771655677,10,2
11.605414745822133,2,1.0,0.0,0.0,0.0,0.0,0.2683281572999748,0.0,0.13199999999999998,100000000.0,0.0,0.0,0.0,0.0,,-0.9566355184455129,0.0,0.0,0.0,0.0,65.95037830993533,0.012124698484540628,0.0775098517716459,0.0775098517716459,26,0.3749999999999999,18.56866359331541,1.0,False,0.12987983089042715,1.1962374499555406,0.16,5,0.0,1.0,0.08,2,11.091539776535257,0.931273711405763,0.40267431090042827,,,,0.0,2,0.9566355184455129,-0.10369484133103653,49152.0,491520.0,3,,0,77.5098517716459,0.0546875,4.213378131389618,11.605414745822133,10,2
12.250860113701101,2,1.0,0.0,0.0,0.0,0.0,0.2863564212655271,0.0,0.15,100000000.0,0.0,0.0,0.0,0.0,,-0.9692233691951198,0.0,0.0,0.0,0.0,67.26589845493436,0.012927419794150638,0.07951675856863546,0.07951675856863546,27,0.36716446411044434,19.358679181124806,1.0,False,0.13187028242882284,1.2145701861180886,0.16,5,0.0,1.0,0.07,2,11.693924408157024,0.9273380920798288,0.3959337670330892,,,,0.0,2,0.9692233691951198,-0.10569352049872915,49152.0,491520.0,1,,0,79.51675856863547,0.06875,4.142802894115448,12.250860113701103,10,2
12.848190023292906,2,0.9999999999999999,0.0,0.0,0.0,0.0,0.4123105625617661,0.0,0.16,100000000.0,0.0,0.0,1.1102230246251565e-16,0.0,,-0.8876253645985945,0.0,0.0,0.0,0.0,66.60048710182309,0.01326958505119198,0.07927782273917378,0.07927782273917378,27,0.5352975595287115,27.64820862628271,1.0,False,0.1225007180204007,1.128273308779367,0.22,5,0.0,1.0,0.08,2,12.234035005891947,0.9601564746495057,0.5575107533635242,,,,0.0,2,0.8876253645985945,-0.10088927037978723,49152.0,491520.0,2,,0,79.27782273917377,0.0625,4.171310007572174,12.848190023292908,10,2
12.80358062091949,2,1.0,0.0,0.0,0.0,0.0,0.4404543109109048,0.0,0.16599999999999995,100000000.0,0.0,0.0,0.0,0.0,,-0.9566355184455129,0.0,0.0,0.0,0.0,64.24665730446577,0.013368805643749542,0.07680352378047628,0.07680352378047628,27,0.5548514951350514,28.762492698484756,1.0,False,0.13212523393473422,1.2169183762658802,0.23,5,0.0,1.0,0.07,2,12.119846946201866,0.9589167681091909,0.5786232065053126,,,,0.0,2,0.9566355184455129,-0.10446437885760525,49152.0,491520.0,3,,0,76.80352378047628,0.071875,4.212930619716644,12.80358062091949,10,2
11.59091767006693,2,1.0,0.0,0.0,0.0,0.0,0.1414213562373095,0.0,0.07400000000000001,100000000.0,0.0,0.0,0.0,0.0,,-0.9122881765308202,0.0,0.0,0.0,0.0,59.7645565867424,0.01225885881976001,0.0713524808667475,0.0713524808667475,28,0.22089950935901428,14.877307625016112,1.0,False,0.13142101465093808,1.2104322769656086,0.13,5,0.0,1.0,0.08,2,11.015152676665606,0.8509213117802981,0.25960039583078276,,,,0.0,2,0.9122881765308202,-0.1013867477588428,49152.0,491520.0,1,,0,71.3524808667475,0.05625,4.122916221618652,11.59091767006693,10,2
11.666757784776435,2,1.0,0.0,0.0,0.0,0.0,0.18973665961010278,0.0,0.09999999999999999,100000000.0,0.0,0.0,0.0,0.0,,-0.937436866561092,0.0,0.0,0.0,0.0,58.233879040926695,0.01221580536751152,0.06990063682570313,0.06990063682570313,28,0.2538402216772493,15.63573663941182,1.0,False,0.12424390149809797,1.144328621939764,0.14,5,0.0,1.0,0.08,2,11.048935038300161,0.8653042358914024,0.2933537259479067,,,,0.0,2,0.937436866561092,-0.09707226916190055,49152.0,491520.0,2,,0,69.90063682570313,0.0609375,4.077065944671631,11.666757784776436,10,2
11.749349699388707,2,1.0,0.0,0.0,0.0,0.0,0.16733200530681516,0.0,0.08600000000000001,100000000.0,0.0,0.0,0.0,0.0,,-0.9341987329938275,0.0,0.0,0.0,0.0,56.16359272971749,0.012159961713648072,0.0679129424291062,0.0679129424291062,28,0.21610232581341204,14.98837167948027,1.0,False,0.1354439417579043,1.247484804912417,0.13,5,0.0,1.0,0.08,2,11.14097749400415,0.8418742203018459,0.25669193877433455,,,,0.0,2,0.9341987329938275,-0.10167844209350525,49152.0,491520.0,3,,0,67.9129424291062,0.0578125,4.2229979038238525,11.74934969938871,10,2
12.02421596103618,2,1.0,0.0,0.0,0.0,0.0,0.27568097504180444,0.0,0.138,100000000.0,0.0,0.0,0.0,0.0,,-0.9660917830792959,0.0,0.0,0.0,0.0,55.030487943440676,0.01280963400746381,0.06680742215742841,0.06680742215742841,29,0.40800666155947324,20.31140416666051,1.0,False,0.1442793053224213,1.3288615106517752,0.17,5,0.0,1.0,0.07,2,11.582613766826054,0.9494085464329054,0.4297482502052735,,,,0.0,2,0.9660917830792959,-0.10554336373992486,49152.0,491520.0,1,,0,66.8074221574284,0.0515625,4.1441711485385895,12.024215961036182,10,2
11.14939647745002,2,1.0,0.0,0.0,0.0,0.0,0.18973665961010275,0.0,0.092,100000000.0,0.0,0.0,0.0,0.0,,-0.9251872672604672,0.0,0.0,0.0,0.0,55.09213404729962,0.011618848660995888,0.06604391584080245,0.06604391584080245,29,0.3123719917159875,16.214284966770816,1.0,False,0.12489566665999621,1.150331600923443,0.15,5,0.0,1.0,0.08,2,10.659163567977124,0.9117511798069162,0.3426066218879358,,,,0.0,2,0.9251872672604672,-0.09546979125039934,49152.0,491520.0,2,,0,66.04391584080246,0.04375,4.2184494733810425,11.14939647745002,10,2
12.038686575187466,2,1.0,0.0,0.0,0.0,0.0,0.25298221281347033,0.0,0.126,100000000.0,0.0,0.0,0.0,0.0,,-0.937436866561092,0.0,0.0,0.0,0.0,66.35495368391275,0.012529509629942032,0.07812217179242296,0.07812217179242296,29,0.32508383282301156,17.837306558446198,1.0,False,0.1303424202685192,1.2004980555802292,0.16,5,0.0,1.0,0.07,2,11.496979318907442,0.9145616250054264,0.3554531744332513,,,,0.0,2,0.937436866561092,-0.10423229603047107,49152.0,491520.0,3,,0,78.12217179242296,0.0640625,4.222064197063446,12.038686575187464,10,2
11.120246550651133,2,1.0,0.0,0.0,0.0,0.0,0.19493588689617927,0.0,0.098,100000000.0,0.0,0.0,0.0,0.0,,-0.9785579990862869,0.0,0.0,0.0,0.0,63.40740388259292,0.011800668805655804,0.07444463761050205,0.07444463761050205,30,0.3170369634774404,16.28235490938434,1.0,False,0.13552521655863947,1.2482333734908524,0.15,5,0.0,1.0,0.08,2,10.722544456820426,0.928468407830827,0.34146230588300924,,,,0.0,2,0.9785579990862869,-0.10498492708457076,49152.0,491520.0,1,0.03359375,0,74.44463761050204,0.0546875,4.147768020629883,11.120246550651133,10,2
12.872134551482754,2,1.0,0.0,0.0,0.0,0.0,0.34351128074635334,0.0,0.162,100000000.0,0.0,0.0,0.0,0.0,,-0.9284518434788037,0.0,0.0,0.0,0.0,59.83859905973077,0.013292769819143442,0.07218053337241946,0.07218053337241946,30,0.44976819630955955,23.39402132909896,1.0,False,0.13035799010055207,1.2006414590327865,0.19,5,0.0,1.0,0.07,2,12.107733006536902,0.9322716624722619,0.48244327744214965,,,,0.0,2,0.9284518434788037,-0.10126926173648576,49152.0,491520.0,2,0.03359375,0,72.18053337241946,0.0671875,4.127398282289505,12.872134551482754,10,2
11.52786620390843,2,1.0,0.0,0.0,0.0,0.0,0.2280350850198276,0.0,0.11200000000000003,100000000.0,0.0,0.0,0.0,0.0,,-0.9785579990862869,0.0,0.0,0.0,0.0,56.53580371290445,0.011989138081129112,0.06806366991681288,0.06806366991681288,30,0.32118041773999323,16.98222400350987,1.0,False,0.12518015572280788,1.152951842024043,0.16,5,0.0,1.0,0.08,2,10.887498236959194,0.8949307989436163,0.35888855106910755,,,,0.0,2,0.9785579990862869,-0.09662191281981039,49152.0,491520.0,3,0.03359375,0,68.06366991681288,0.0484375,4.222461700439453,11.527866203908427,10,2
11.141852931612318,2,1.0,0.0,0.0,0.0,0.0,0.1095445115010332,0.0,0.060000000000000005,100000000.0,0.0,0.0,0.0,0.0,,-0.9629500128629352,0.0,0.0,0.0,0.0,57.2599433362484,0.011632448412229475,0.06840179626786072,0.06840179626786072,31,0.14447808064402212,13.023457002714451,1.0,False,0.13440652566481612,1.237929849587709,0.12,5,0.0,1.0,0.08,2,10.694473110777277,0.8079077221685187,0.1788299290619801,,,,0.0,2,0.9629500128629352,-0.10140416096633842,49152.0,491520.0,1,,0,68.40179626786072,0.03125,4.328810095787048,11.14185293161232,10,2
11.156237088485598,2,1.0,0.0,0.0,0.0,0.0,0.1264911064067352,0.0,0.064,100000000.0,0.0,0.0,0.0,0.0,,-0.9309493362512626,0.0,0.0,0.0,0.0,66.20252411812544,0.011592805732784237,0.0773224514229611,0.0773224514229611,31,0.19180751267111992,13.803935650722968,1.0,False,0.12759379566265575,1.1751822874054378,0.13,5,0.0,1.0,0.09,2,10.5289483478525,0.8084607106466364,0.23725025860280244,,,,0.0,2,0.9309493362512626,-0.10245812354280842,49152.0,491520.0,2,,0,77.3224514229611,0.0375,4.306970715522766,11.156237088485598,10,2
12.93083308528365,2,1.0,0.0,0.0,0.0,0.0,0.3193743884534262,0.0,0.16199999999999998,100000000.0,0.0,0.0,0.0,0.0,,-0.9878044218151566,0.0,0.0,0.0,0.0,62.71591316908598,0.0133727982737222,0.0752027511993704,0.0752027511993704,31,0.40163135929695176,21.6101449937127,1.0,False,0.13599288372974894,1.2525407473175698,0.17,5,0.0,1.0,0.07,2,12.301787109676471,0.9324213805008519,0.4307401864607767,,,,0.0,2,0.9878044218151566,-0.10559781746455967,49152.0,491520.0,3,,0,75.2027511993704,0.0546875,4.301681160926819,12.93083308528365,10,2
13.755896513969557,2,0.9999999999999999,0.0,0.0,0.0,0.0,0.4732863826479693,0.0,0.172,100000000.0,0.0,0.0,1.1102230246251565e-16,0.0,,-0.8842048302391148,0.0,0.0,0.0,0.0,60.33388199284673,0.014158973554437614,0.07371893806254948,0.07371893806254948,32,0.5833333333333333,33.01415163352693,1.0,False,0.1364021248460267,1.2563099972926954,0.24,5,0.0,1.0,0.07,2,13.006793681748647,0.9625586329776076,0.6060236886856778,,,,0.0,2,0.8842048302391148,-0.10506053145428809,49152.0,491520.0,1,,0,73.71893806254948,0.0796875,4.077278912067413,13.755896513969557,10,2
11.478202335517627,2,1.0000000000000002,0.0,0.0,0.0,0.0,0.18973665961010275,0.0,0.10399999999999998,100000000.0,0.0,0.0,-2.220446049250313e-16,2.220446049250313e-16,,-0.9847319278346618,0.0,0.0,0.0,0.0,67.40517262369394,0.012050978294864118,0.07875696064690049,0.07875696064690049,32,0.2533445767865478,15.37282390063919,1.0,False,0.130378757628603,1.2008327350348198,0.14,5,0.0,1.0,0.07,2,11.092425943858721,0.9098737090443174,0.2784392759877054,,,,2.220446049250313e-16,2,0.9847319278346618,-0.10456785913775196,49152.0,491520.0,2,,0,78.7569606469005,0.0625,4.149584114551544,11.478202335517627,10,2
14.295870105986031,2,1.0000000000000002,0.0,0.0,0.0,0.0,0.44045431091090476,0.0,0.21999999999999995,100000000.0,0.0,0.0,-2.220446049250313e-16,2.220446049250313e-16,,-0.975456381144309,0.0,0.0,0.0,0.0,67.41193309426308,0.01473783529442458,0.0815607399661675,0.0815607399661675,32,0.46024971637194484,26.48608169298785,1.0,False,0.12809869071982966,1.1798325427341378,0.19,5,0.0,1.0,0.06,2,13.500598438665683,0.938756867823487,0.4902757382100824,,,,2.220446049250313e-16,2,0.975456381144309,-0.1048297153429988,49152.0,491520.0,3,,0,81.5607399661675,0.071875,4.120357811450958,14.295870105986031,10,2
10.969490332154626,2,1.0,0.0,0.0,0.0,0.0,0.19999999999999998,0.0,0.09399999999999999,100000000.0,0.0,0.0,0.0,0.0,,-0.8876253645985945,0.0,0.0,0.0,0.0,67.38879578188062,0.011665654327034699,0.07833429701667032,0.07833429701667032,33,0.3025903323230454,15.728904889852739,1.0,False,0.13856060132586975,1.276190300356955,0.15,5,0.0,1.0,0.08,2,10.514490387335035,0.9127418918078147,0.3315179625685004,,,,0.0,2,0.8876253645985945,-0.10844744917127003,49152.0,491520.0,1,,0,78.33429701667032,0.059375,4.100575387477875,10.969490332154624,10,2
12.739150589202549,2,1.0,0.0,0.0,0.0,0.0,0.24083189157584592,0.0,0.13199999999999998,100000000.0,0.0,0.0,0.0,0.0,,-0.9535451365457985,0.0,0.0,0.0,0.0,71.20664464309812,0.013172919704453183,0.08394579523230067,0.08394579523230067,33,0.2260016694370767,16.458886390539703,1.0,False,0.1239786361294424,1.1418854376055485,0.14,5,0.0,1.0,0.07,2,12.22947932144839,0.87949344685243,0.25696799702817735,,,,0.0,2,0.9535451365457985,-0.10396221568087154,49152.0,491520.0,2,,0,83.94579523230067,0.06875,4.043416202068329,12.739150589202547,10,2
12.092322269621025,2,1.0,0.0,0.0,0.0,0.0,0.32249030993194194,0.0,0.13999999999999996,100000000.0,0.0,0.0,0.0,0.0,,-0.9566355184455129,0.0,0.0,0.0,0.0,70.95455331727862,0.01265754729245108,0.08257739572278776,0.08257739572278776,33,0.45911660453385916,22.356615808476974,1.0,False,0.13492507040630886,1.2427058231549555,0.19,5,0.0,1.0,0.08,2,11.554374543995783,0.9502003600499032,0.4831787313885537,,,,0.0,2,0.9566355184455129,-0.10875123306454831,49152.0,491520.0,3,,0,82.57739572278776,0.0609375,4.100211560726166,12.092322269621027,10,2
13.176137524182893,2,1.0,0.0,0.0,0.0,0.0,0.27202941017470883,0.0,0.14199999999999996,100000000.0,0.0,0.0,0.0,0.0,,-0.9816498172140428,0.0,0.0,0.0,0.0,71.30361162126064,0.013782302353555613,0.08445564621458254,0.08445564621458254,34,0.3277365766920988,19.599664457942897,1.0,False,0.13644040327062618,1.2566625546121597,0.15,5,0.0,1.0,0.07,2,12.560699960736992,0.912567031174799,0.3591369899372598,,,,0.0,2,0.9816498172140428,-0.11044802474260436,49152.0,491520.0,1,,0,84.45564621458254,0.053125,4.09110552072525,13.176137524182895,10,2
15.316694272253452,2,1.0,0.0,0.0,0.0,0.0,0.6292853089020909,0.0,0.268,100000000.0,0.0,0.0,0.0,0.0,,-0.9816498172140428,0.0,0.0,0.0,0.0,70.19004225730896,0.01573808930015252,0.08550673652956241,0.08550673652956241,34,0.6345156707769504,41.907937078489354,1.0,False,0.12223556383386446,1.1258311484703136,0.28,5,0.0,1.0,0.06,2,14.521745491271723,0.970972642236507,0.6534846021154905,,,,0.0,2,0.9816498172140428,-0.10387115018171343,49152.0,491520.0,2,,0,85.5067365295624,0.059375,4.076291471719742,15.31669427225345,10,2
11.184511900179553,2,0.9999999999999999,0.0,0.0,0.0,0.0,0.1897366596101028,0.0,0.1,100000000.0,0.0,0.0,1.1102230246251565e-16,0.0,,-0.9341987329938275,0.0,0.0,0.0,0.0,71.40889065340161,0.011749736923009606,0.08199939672128662,0.08199939672128662,34,0.24527948699615174,14.819408916903951,1.0,False,0.12307686549511147,1.1335798231259078,0.14,5,0.0,1.0,0.07,2,10.556628279643766,0.852705622464461,0.2876484926735363,,,,0.0,2,0.9341987329938275,-0.10253813110819904,49152.0,491520.0,3,,0,81.99939672128662,0.0609375,4.064613431692123,11.184511900179553,10,2
10.208482552372887,2,1.0,0.0,0.0,0.0,0.0,0.08944271909999159,0.0,0.046000000000000006,100000000.0,0.0,0.0,0.0,0.0,,-0.9244162777371753,0.0,0.0,0.0,0.0,70.58990653604269,0.010885042232822422,0.08079838908841558,0.08079838908841558,35,0.13240087967060257,11.766358809235628,1.0,False,0.14547762655724772,1.3398984570994932,0.12,5,0.0,1.0,0.09,2,9.697491207982178,0.7530091611076913,0.1758290423397217,,,,0.0,2,0.9244162777371753,-0.11313800782283165,49152.0,491520.0,1,,0,80.79838908841558,0.06875,4.073840230703354,10.208482552372887,10,2
12.091282992265239,2,1.0,0.0,0.0,0.0,0.0,0.23237900077244503,0.0,0.126,100000000.0,0.0,0.0,0.0,0.0,,-0.9785579990862869,0.0,0.0,0.0,0.0,70.62938483431935,0.01260831129847139,0.08272066782658459,0.08272066782658459,35,0.2743738567547285,16.66324057480688,1.0,False,0.12454307427636845,1.1470841050576648,0.14,5,0.0,1.0,0.07,2,11.710007539175583,0.9230249313232523,0.29725508753201824,,,,0.0,2,0.9785579990862869,-0.10363187105147652,49152.0,491520.0,2,,0,82.72066782658459,0.0375,4.16913777589798,12.091282992265237,10,2
12.215225562752206,2,0.9999999999999999,0.0,0.0,0.0,0.0,0.18973665961010283,0.0,0.09200000000000004,100000000.0,0.0,0.0,1.1102230246251565e-16,0.0,,-0.8876253645985945,0.0,0.0,0.0,0.0,70.53980370983481,0.012626071460962864,0.08216298350934087,0.08216298350934087,35,0.26276837179327917,16.56904708831488,1.0,False,0.12943135247070348,1.1921068110603996,0.14,5,0.0,1.0,0.08,2,11.471035619696915,0.8540234858951709,0.3076828402650431,,,,0.0,2,0.8876253645985945,-0.10579716799002217,49152.0,491520.0,3,,0,82.16298350934088,0.0671875,4.084857076406479,12.215225562752206,10,2
10.796855897171234,2,1.0,0.0,0.0,0.0,0.0,0.11832159566199232,0.0,0.06599999999999999,100000000.0,0.0,0.0,0.0,0.0,,-0.9723448696087954,0.0,0.0,0.0,0.0,70.50947938114405,0.011473415577620771,0.08127257886115827,0.08127257886115827,36,0.13293148158304513,12.452136904801398,1.0,False,0.13457427988674714,1.2394749230705298,0.12,5,0.0,1.0,0.08,2,10.454330160579403,0.828549113880772,0.1604388676012439,,,,0.0,2,0.9723448696087954,-0.1079234293739527,49152.0,491520.0,1,,0,81.27257886115827,0.0609375,4.0102818608284,10.796855897171236,10,2
13.533261291077519,2,1.0,0.0,0.0,0.0,0.0,0.21447610589527216,0.0,0.12,100000000.0,0.0,0.0,0.0,0.0,,-0.9908673886137245,0.0,0.0,0.0,0.0,70.15454629436135,0.01396982993537616,0.08368780758543887,0.08368780758543887,36,0.2507490504175588,18.062387907041863,1.0,False,0.12593683039229298,1.1599210732808531,0.14,5,0.0,1.0,0.07,2,12.759319621513445,0.8540577590380857,0.2935972980328336,,,,0.0,2,0.9908673886137245,-0.10481231898886592,49152.0,491520.0,2,,0,83.68780758543886,0.05625,4.0504394471645355,13.533261291077519,10,2
11.383520828336133,2,1.0,0.0,0.0,0.0,0.0,0.2898275349237887,0.0,0.128,100000000.0,0.0,0.0,0.0,0.0,,-0.9122881765308202,0.0,0.0,0.0,0.0,70.30118489637971,0.011821957144493096,0.08155791701804276,0.08155791701804276,36,0.41946500114972274,19.608672777490884,1.0,False,0.13992671590551964,1.2887726806226496,0.18,5,0.0,1.0,0.08,2,10.773735522151837,0.9309802335250545,0.45056273596858715,,,,0.0,2,0.9122881765308202,-0.1107423164617812,49152.0,491520.0,3,,0,81.55791701804276,0.0625,4.028708040714264,11.383520828336133,10,2
10.932790250847624,2,1.0,0.0,0.0,0.0,0.0,0.19999999999999996,0.0,0.10200000000000001,100000000.0,0.0,0.0,0.0,0.0,,-0.9723448696087954,0.0,0.0,0.0,0.0,70.82881918177009,0.011794539454393484,0.0816552847459254,0.0816552847459254,37,0.3109118529030241,15.86559034124417,1.0,False,0.1328889683571102,1.2239526302497576,0.15,5,0.0,1.0,0.08,2,10.594317164538172,0.9357891205856719,0.3322456374663099,,,,0.0,2,0.9723448696087954,-0.1072721265515178,49152.0,491520.0,1,,0,81.6552847459254,0.08125,3.9409264028072357,10.932790250847626,10,2
10.738043851217364,2,1.0,0.0,0.0,0.0,0.0,0.1341640786499874,0.0,0.07200000000000001,100000000.0,0.0,0.0,0.0,0.0,,-0.9100150702748984,0.0,0.0,0.0,0.0,70.7682971842587,0.011199660216829768,0.08150634103547606,0.08150634103547606,37,0.19059623780906348,13.266609759943622,1.0,False,0.12896598993790984,1.1878206637370052,0.13,5,0.0,1.0,0.08,2,10.073071856782041,0.7917757626183158,0.24071996998087258,,,,0.0,2,0.9100150702748984,-0.10523616548669296,49152.0,491520.0,2,,0,81.50634103547607,0.08125,4.033766806125641,10.738043851217364,10,2
12.239522376888152,2,1.0,0.0,0.0,0.0,0.0,0.232379000772445,0.0,0.10999999999999996,100000000.0,0.0,0.0,0.0,0.0,,-0.9341987329938275,0.0,0.0,0.0,0.0,72.31608685106039,0.013001994870150649,0.08437837469638977,0.08437837469638977,37,0.375,19.583235803021044,1.0,False,0.13140953349124354,1.210326531576957,0.16,5,0.0,1.0,0.08,2,11.783070035396916,0.9414817126854128,0.398308320753653,,,,0.0,2,0.9341987329938275,-0.10789395409381666,49152.0,491520.0,3,,0,84.37837469638977,0.0890625,4.028352677822113,12.239522376888152,10,2
14.440207453958243,2,1.0,0.0,0.0,0.0,0.0,0.4049691346263318,0.0,0.20400000000000001,100000000.0,0.0,0.0,0.0,0.0,,-0.9908673886137245,0.0,0.0,0.0,0.0,70.38440089672804,0.01506328417322539,0.08458593586640757,0.08458593586640757,38,0.49466194571168015,28.57534145987629,1.0,False,0.14701998427188764,1.3541040966266702,0.2,5,0.0,1.0,0.06,2,13.870298514080503,0.9612439799068605,0.5146060272435832,,,,0.0,2,0.9908673886137245,-0.11580296006914761,49152.0,491520.0,1,,0,84.58593586640757,0.0703125,3.9887578785419464,14.44020745395824,10,2
12.800929042532227,2,0.9999999999999999,0.0,0.0,0.0,0.0,0.2932575659723036,0.0,0.152,100000000.0,0.0,0.0,1.1102230246251565e-16,0.0,,-0.9723448696087954,0.0,0.0,0.0,0.0,71.53318636119366,0.013389941817264425,0.08407858555661352,0.08407858555661352,38,0.4066578142947165,21.574277627531647,1.0,False,0.12424390149809797,1.144328621939764,0.17,5,0.0,1.0,0.07,2,12.27484000819134,0.9434278656542882,0.4310428270132664,,,,0.0,2,0.9723448696087954,-0.10416124352735574,49152.0,491520.0,2,,0,84.07858555661352,0.0796875,4.057272851467133,12.800929042532227,10,2
19.70875370417609,2,1.0,0.0,0.0,0.0,0.0,1.06207344378814,0.0,0.4039999999999999,100000000.0,0.0,0.0,0.0,0.0,,-0.9341987329938275,0.0,0.0,0.0,0.0,70.54379722103477,0.020273978727006144,0.08954046097266763,0.08954046097266763,38,0.7525452297814991,79.64588311137986,1.0,False,0.11683267602500724,1.0760687127591382,0.41,5,0.0,1.0,0.05,2,18.74988301879266,0.9842539627573971,0.7645844042865079,,,,0.0,2,0.9341987329938275,-0.10318656849883744,49152.0,491520.0,3,,0,89.54046097266763,0.0734375,4.017563283443451,19.708753704176093,10,2
14.766573569380377,2,1.0,0.0,0.0,0.0,0.0,0.282842712474619,0.0,0.146,100000000.0,0.0,0.0,0.0,0.0,,-0.9816498172140428,0.0,0.0,0.0,0.0,70.74835989624262,0.015252211038920112,0.085514933465623,0.085514933465623,39,0.4005016342943981,24.631549332082514,1.0,False,0.13127840739929347,1.2091188156384496,0.17,5,0.0,1.0,0.07,2,13.939247654499082,0.9226241514850076,0.4340896925901751,,,,0.0,2,0.9816498172140428,-0.10839667043245824,49152.0,491520.0,1,,0,85.514933465623,0.06875,3.9142090678215027,14.766573569380375,10,2
13.155159368163778,2,1.0,0.0,0.0,0.0,0.0,0.19999999999999998,0.0,0.11199999999999997,100000000.0,0.0,0.0,0.0,0.0,,-0.9725179925282851,0.0,0.0,0.0,0.0,70.68187510594726,0.013607087997447625,0.08376395216333041,0.08376395216333041,39,0.25883242161661607,17.749237489391376,1.0,False,0.12926352684541964,1.1905610799283957,0.14,5,0.0,1.0,0.07,2,12.623661751367564,0.8963047969707425,0.2887772357030741,,,,0.0,2,0.9725179925282851,-0.10651373950437502,49152.0,491520.0,2,,0,83.7639521633304,0.0765625,4.075836181640625,13.155159368163778,10,2
12.031812543366796,2,1.0,0.0,0.0,0.0,0.0,0.4795831523312719,0.0,0.18999999999999997,100000000.0,0.0,0.0,0.0,0.0,,-0.9723448696087954,0.0,0.0,0.0,0.0,73.45330296084285,0.012477710131069845,0.08498582100381068,0.08498582100381068,39,0.5620761957529085,27.474671225175136,1.0,False,0.14056721605273376,1.2946719049867923,0.24,5,0.0,1.0,0.07,2,11.46796262666784,0.9647741499616269,0.5825987312940178,,,,0.0,2,0.9723448696087954,-0.11277651852827222,49152.0,491520.0,3,,0,84.98582100381067,0.0609375,3.996204435825348,12.031812543366797,10,2
11.44047682089587,2,1.0,0.0,0.0,0.0,0.0,0.10954451150103323,0.0,0.05600000000000001,100000000.0,0.0,0.0,0.0,0.0,,-0.9341987329938275,0.0,0.0,0.0,0.0,71.04968000203371,0.01184355386136393,0.08157107598063482,0.08157107598063482,40,0.16666666666666663,13.728572185075043,1.0,False,0.14423216429923202,1.3284273257827186,0.12,5,0.0,1.0,0.09,2,10.55758548287274,0.72157204651475,0.2309771664128063,,,,0.0,2,0.9341987329938275,-0.11290162013993342,49152.0,491520.0,1,0.0359375,0,81.57107598063482,0.0765625,3.8916678428649902,11.440476820895872,10,2
13.70395503505971,2,1.0,0.0,0.0,0.0,0.0,0.340587727318528,0.0,0.16799999999999998,100000000.0,0.0,0.0,0.0,0.0,,-0.9566355184455129,0.0,0.0,0.0,0.0,70.181536488235,0.014228965975124182,0.0838854915232947,0.0838854915232947,40,0.37716530909597423,22.002555790797125,1.0,False,0.12602476967944093,1.1607310240475548,0.17,5,0.0,1.0,0.07,2,12.946202262062357,0.9163291527221092,0.41160461606568066,,,,0.0,2,0.9566355184455129,-0.10495513060136782,49152.0,491520.0,2,0.0359375,0,83.8854915232947,0.0765625,3.9159035980701447,13.703955035059712,10,2
11.506753968031278,2,1.0,0.0,0.0,0.0,0.0,0.2449489742783178,0.0,0.12799999999999997,100000000.0,0.0,0.0,0.0,0.0,,-0.9816498172140428,0.0,0.0,0.0,0.0,70.96522999927402,0.011948719156469827,0.08247198396730529,0.08247198396730529,40,0.28558819465714547,16.106612295563977,1.0,False,0.13207293094368316,1.2164366479158275,0.15,5,0.0,1.0,0.07,2,10.852570886746935,0.8754895459737851,0.3262040032008524,,,,0.0,2,0.9816498172140428,-0.10727245745549423,49152.0,491520.0,3,0.0359375,0,82.47198396730529,0.08125,3.923702508211136,11.506753968031278,10,2
12.057330101448304,2,1.0,0.0,0.0,0.0,0.0,0.20493901531919193,0.0,0.10599999999999998,100000000.0,0.0,0.0,0.0,0.0,,-0.9816498172140428,0.0,0.0,0.0,0.0,70.61127107590437,0.012491198783447888,0.08266860117735267,0.08266860117735267,41,0.30648441148159017,17.385809780003573,1.0,False,0.14394022427452258,1.3257384587869416,0.15,5,0.0,1.0,0.07,2,11.431136585683937,0.894839986120193,0.3425019179243783,,,,0.0,2,0.9816498172140428,-0.11330441272593762,49152.0,491520.0,1,,0,82.66860117735267,0.0453125,4.106698125600815,12.057330101448306,10,2
12.894877504077558,2,1.0,0.0,0.0,0.0,0.0,0.17320508075688776,0.0,0.09200000000000003,100000000.0,0.0,0.0,0.0,0.0,,-0.9723448696087954,0.0,0.0,0.0,0.0,70.91496651992202,0.01335649386968996,0.08328144730887435,0.08328144730887435,41,0.25981186599363476,17.421081089590487,1.0,False,0.11697184410173257,1.0773504981146917,0.14,5,0.0,1.0,0.08,2,12.117172401850762,0.853371325184292,0.30445347567487857,,,,0.0,2,0.9723448696087954,-0.10012664570530347,49152.0,491520.0,2,,0,83.28144730887435,0.0625,4.166281670331955,12.894877504077556,10,2
13.376987395189682,2,1.0,0.0,0.0,0.0,0.0,0.39496835316262996,0.0,0.178,100000000.0,0.0,0.0,0.0,0.0,,-0.9816498172140428,0.0,0.0,0.0,0.0,70.78264141455293,0.014055200002628799,0.0841094827406652,0.0841094827406652,41,0.5188155853817277,27.800126082225166,1.0,False,0.1341226954038132,1.2353156762760051,0.21,5,0.0,1.0,0.07,2,12.828881676199499,0.9633894348308428,0.5385315290205814,,,,0.0,2,0.9816498172140428,-0.10911608907223919,49152.0,491520.0,3,,0,84.1094827406652,0.0703125,4.165315479040146,13.376987395189678,10,2
11.92413183723323,2,1.0,0.0,0.0,0.0,0.0,0.18439088914585777,0.0,0.10000000000000002,100000000.0,0.0,0.0,0.0,0.0,,-0.975456381144309,0.0,0.0,0.0,0.0,70.8393375389278,0.012600691517682767,0.08269117667285675,0.08269117667285675,42,0.2460716524736825,15.816001449417568,1.0,False,0.12891450948862648,1.1873465112766033,0.14,5,0.0,1.0,0.08,2,11.343294834048498,0.8701374686216024,0.28279629523768035,,,,0.0,2,0.975456381144309,-0.10580284308074162,49152.0,491520.0,1,,0,82.69117667285674,0.0671875,3.929499328136444,11.924131837233231,10,2
12.737172433000369,2,1.0,0.0,0.0,0.0,0.0,0.19999999999999998,0.0,0.108,100000000.0,0.0,0.0,0.0,0.0,,-0.9723448696087954,0.0,0.0,0.0,0.0,70.47616923227906,0.01315780770066106,0.08275024325320954,0.08275024325320954,42,0.2857142857142857,17.832041406200517,1.0,False,0.11769128606502081,1.0839768034744592,0.14,5,0.0,1.0,0.08,2,12.089482713846747,0.8872123466467966,0.32203596669290935,,,,0.0,2,0.9723448696087954,-0.10022076465911517,49152.0,491520.0,2,,0,82.75024325320953,0.0578125,4.032660663127899,12.737172433000369,10,2
12.211739155230418,2,1.0,0.0,0.0,0.0,0.0,0.22803508501982755,0.0,0.12,100000000.0,0.0,0.0,0.0,0.0,,-0.9692233691951198,0.0,0.0,0.0,0.0,70.13634452596307,0.012708359381523506,0.08234808368119348,0.08234808368119348,42,0.2918696202549149,17.245043433423145,1.0,False,0.12397847290388335,1.1418839342425922,0.15,5,0.0,1.0,0.07,2,11.58892510725157,0.8898866657196671,0.3279851597943372,,,,0.0,2,0.9692233691951198,-0.10316327829253841,49152.0,491520.0,3,,0,82.34808368119347,0.09375,3.9724907875061035,12.211739155230417,10,2
13.55300563470536,2,1.0,0.0,0.0,0.0,0.0,0.33466401061363016,0.0,0.17,100000000.0,0.0,0.0,0.0,0.0,,-0.9847319278346618,0.0,0.0,0.0,0.0,70.65803604200482,0.013990190792569142,0.08373862682539507,0.08373862682539507,43,0.41395533775883253,23.126233387871153,1.0,False,0.13313778241449192,1.2262442924075758,0.18,5,0.0,1.0,0.07,2,12.867715416095258,0.9331979316607399,0.4435879288996583,,,,0.0,2,0.9847319278346618,-0.1084382046199435,49152.0,491520.0,1,,0,83.73862682539507,0.090625,3.889141023159027,13.553005634705357,10,2
11.577781284315753,2,1.0,0.0,0.0,0.0,0.0,0.19999999999999996,0.0,0.11199999999999996,100000000.0,0.0,0.0,0.0,0.0,,-0.9816498172140428,0.0,0.0,0.0,0.0,70.14671759679914,0.012043816392245141,0.08172449888111488,0.08172449888111488,43,0.19254749904440724,14.338653073231974,1.0,False,0.1133415246763959,1.043914020548344,0.13,5,0.0,1.0,0.07,2,11.128232722432077,0.8599720557553567,0.22389971599168193,,,,0.0,2,0.9816498172140428,-0.0975330117787554,49152.0,491520.0,2,,0,81.72449888111488,0.0796875,3.998920291662216,11.577781284315751,10,2
11.713494848590546,2,1.0,0.0,0.0,0.0,0.0,0.19493588689617924,0.0,0.098,100000000.0,0.0,0.0,0.0,0.0,,-0.9475909737987462,0.0,0.0,0.0,0.0,70.45952463522553,0.012124106862849909,0.08206596083078921,0.08206596083078921,43,0.29980077106700265,16.72880283864383,1.0,False,0.13492507040630886,1.2427058231549555,0.15,5,0.0,1.0,0.08,2,11.08030385154445,0.887901016094321,0.3376511183484838,,,,0.0,2,0.9475909737987462,-0.10849551561854903,49152.0,491520.0,3,,0,82.06596083078921,0.0671875,4.001915454864502,11.713494848590546,10,2
12.209414371944076,2,1.0,0.0,0.0,0.0,0.0,0.2529822128134704,0.0,0.11200000000000002,100000000.0,0.0,0.0,0.0,0.0,,-0.8398074431916986,0.0,0.0,0.0,0.0,70.67793933674693,0.012667536632789422,0.08267763334028082,0.08267763334028082,44,0.3953246459450216,20.191685158105468,1.0,False,0.14701998427188764,1.3541040966266702,0.17,5,0.0,1.0,0.08,2,11.472232700442063,0.9154555088084556,0.4318338162163345,,,,0.0,2,0.8398074431916986,-0.11484880880608422,49152.0,491520.0,1,,0,82.67763334028082,0.08125,3.837782144546509,12.209414371944076,10,2
11.451944249284688,2,1.0,0.0,0.0,0.0,0.0,0.15491933384829665,0.0,0.08599999999999998,100000000.0,0.0,0.0,0.0,0.0,,-0.9723448696087954,0.0,0.0,0.0,0.0,70.02507243305445,0.011913560614897092,0.08102305557714856,0.08102305557714856,44,0.1352591503239361,13.243209515977696,1.0,False,0.128035178075944,1.179247569666027,0.12,5,0.0,1.0,0.08,2,10.781865223782546,0.7277589211607075,0.18585708315084667,,,,0.0,2,0.9723448696087954,-0.10452911682654628,49152.0,491520.0,2,,0,81.02305557714857,0.084375,3.9764792919158936,11.451944249284688,10,2
11.450491750268034,2,1.0,0.0,0.0,0.0,0.0,0.13416407864998736,0.0,0.074,100000000.0,0.0,0.0,0.0,0.0,,-0.9629500128629352,0.0,0.0,0.0,0.0,70.39050897583365,0.012061677550576973,0.08184100072610169,0.08184100072610169,44,0.16666666666666657,13.740590100321638,1.0,False,0.12307686549511147,1.1335798231259078,0.12,5,0.0,1.0,0.08,2,10.865151211570664,0.7964343665979879,0.20926604081462752,,,,0.0,2,0.9629500128629352,-0.10245893311060658,49152.0,491520.0,3,,0,81.84100072610168,0.0875,3.8758559823036194,11.450491750268034,10,2
12.227125746794671,2,1.0,0.0,0.0,0.0,0.0,0.31304951684997057,0.0,0.13,100000000.0,0.0,0.0,0.0,0.0,,-0.937436866561092,0.0,0.0,0.0,0.0,70.1747671701014,0.012685248007640017,0.08215889876522632,0.08215889876522632,45,0.4736842105263157,23.23153891890987,1.0,False,0.1328889683571102,1.2239526302497576,0.19,5,0.0,1.0,0.08,2,11.503258220183223,0.9382801669566078,0.5048430385806311,,,,0.0,2,0.937436866561092,-0.10752393356116827,49152.0,491520.0,1,,0,82.15889876522633,0.0828125,3.8229126036167145,12.227125746794671,10,2
12.889668750280018,2,1.0,0.0,0.0,0.0,0.0,0.24083189157584592,0.0,0.12199999999999998,100000000.0,0.0,0.0,0.0,0.0,,-0.9660917830792959,0.0,0.0,0.0,0.0,70.6062437966466,0.013351285115892423,0.08309546680875021,0.08309546680875021,45,0.3573380065826946,20.056684357106917,1.0,False,0.11980550497498059,1.1034494792560572,0.16,5,0.0,1.0,0.08,2,12.081544544861174,0.8986695876882337,0.3976300205083409,,,,0.0,2,0.9660917830792959,-0.1014504858918654,49152.0,491520.0,2,,0,83.09546680875022,0.08125,3.887535959482193,12.88966875028002,10,2
13.018290946181645,2,1.0,0.0,0.0,0.0,0.0,0.2792848008753788,0.0,0.144,100000000.0,0.0,0.0,0.0,0.0,,-0.9908673886137245,0.0,0.0,0.0,0.0,70.80387743189931,0.013521751311498607,0.08382216837808096,0.08382216837808096,45,0.40689247311483945,21.949293097914587,1.0,False,0.1295445544797014,1.1931494400940619,0.17,5,0.0,1.0,0.07,2,12.469090936581232,0.942068744921873,0.4319137805050348,,,,0.0,2,0.9908673886137245,-0.10668336142889118,49152.0,491520.0,3,,0,83.82216837808096,0.090625,3.893478184938431,13.018290946181645,10,2
12.671616983678007,2,1.0,0.0,0.0,0.0,0.0,0.36055512754639896,0.0,0.16199999999999998,100000000.0,0.0,0.0,0.0,0.0,,-0.9660917830792959,0.0,0.0,0.0,0.0,70.65973849967122,0.01319616199870926,0.08322376565844979,0.08322376565844979,46,0.5,25.343233967356014,1.0,False,0.14544089605161845,1.339560156640613,0.2,5,0.0,1.0,0.07,2,12.158754141649876,0.9611010181055313,0.5202366770826776,,,,0.0,2,0.9660917830792959,-0.11433233085503411,49152.0,491520.0,1,,0,83.22376565844979,0.065625,3.880563199520111,12.671616983678009,10,2
11.243549867198796,2,1.0,0.0,0.0,0.0,0.0,0.1949358868961793,0.0,0.10200000000000002,100000000.0,0.0,0.0,0.0,0.0,,-0.9660917830792959,0.0,0.0,0.0,0.0,70.80522878095508,0.01175568285973328,0.08190634303988141,0.08190634303988141,46,0.27362977146472356,15.479089623305986,1.0,False,0.12223556383386446,1.1258311484703136,0.14,5,0.0,1.0,0.08,2,10.709412924172865,0.8880140150541002,0.30813677129640044,,,,0.0,2,0.9660917830792959,-0.10207095343687293,49152.0,491520.0,2,,0,81.9063430398814,0.065625,3.982689142227173,11.243549867198798,10,2
12.217761715878654,2,1.0,0.0,0.0,0.0,0.0,0.3492849839314597,0.0,0.14800000000000002,100000000.0,0.0,0.0,0.0,0.0,,-0.9660917830792959,0.0,0.0,0.0,0.0,70.88976539671421,0.01277848201564843,0.0828375993954356,0.0828375993954356,46,0.5,24.435523431757307,1.0,False,0.13362623082504224,1.2307430685228948,0.2,5,0.0,1.0,0.07,2,11.774898851939168,0.9650204568386431,0.5181237314263514,,,,0.0,2,0.9660917830792959,-0.10823191511023891,49152.0,491520.0,3,,0,82.8375993954356,0.0609375,4.045577317476273,12.217761715878654,10,2
10.787548475166718,2,1.0,0.0,0.0,0.0,0.0,0.14832396974191328,0.0,0.082,100000000.0,0.0,0.0,0.0,0.0,,-0.9537843788562543,0.0,0.0,0.0,0.0,69.08713979646564,0.011417816235400424,0.07984363077663738,0.07984363077663738,47,0.19300475065394948,13.367548921642872,1.0,False,0.13574508278250363,1.2502584162489423,0.13,5,0.0,1.0,0.08,2,10.235707375801837,0.8237966093470777,0.23428689613923107,,,,0.0,2,0.9537843788562543,-0.1077943567795705,49152.0,491520.0,1,,0,79.84363077663738,0.071875,3.9092900454998016,10.787548475166716,10,2
12.598097454061493,2,1.0,0.0,0.0,0.0,0.0,0.21908902300206645,0.0,0.11599999999999999,100000000.0,0.0,0.0,0.0,0.0,,-0.9660917830792959,0.0,0.0,0.0,0.0,70.86949702352285,0.013038228997627022,0.08338271508108541,0.08338271508108541,47,0.28683105883895577,17.66495528191637,1.0,False,0.13351780850494915,1.2297444620509181,0.15,5,0.0,1.0,0.08,2,12.01983632463628,0.8975644031948214,0.31956599194219326,,,,0.0,2,0.9660917830792959,-0.10845026179301728,49152.0,491520.0,2,,0,83.38271508108541,0.0828125,3.9530922174453735,12.598097454061495,10,2
13.813051691429424,2,1.0,0.0,0.0,0.0,0.0,0.46475800154489,0.0,0.20599999999999996,100000000.0,0.0,0.0,0.0,0.0,,-0.9660917830792959,0.0,0.0,0.0,0.0,70.5075771547854,0.014223663705688786,0.08411179198282126,0.08411179198282126,47,0.5652173913043478,31.770018890287673,1.0,False,0.12324908539487996,1.135166027021603,0.23,5,0.0,1.0,0.07,2,13.021155960614156,0.9577629996130621,0.5901432729523866,,,,0.0,2,0.9660917830792959,-0.1036804386888506,49152.0,491520.0,3,,0,84.11179198282126,0.078125,3.9406571686267853,13.813051691429422,10,2
10.93330080367058,2,1.0,0.0,0.0,0.0,0.0,0.1341640786499874,0.0,0.07200000000000001,100000000.0,0.0,0.0,0.0,0.0,,-0.9723448696087954,0.0,0.0,0.0,0.0,70.67591324448586,0.011550469038086892,0.08160921404815644,0.08160921404815644,48,0.18201964914958543,13.366214472393812,1.0,False,0.14547762655724772,1.3398984570994932,0.13,5,0.0,1.0,0.08,2,10.498005093856268,0.8482343328658027,0.21458651471300724,,,,0.0,2,0.9723448696087954,-0.11354342030270208,49152.0,491520.0,1,,0,81.60921404815643,0.096875,3.846776932477951,10.933300803670578,10,2
12.856671428812428,2,1.0,0.0,0.0,0.0,0.0,0.29664793948382656,0.0,0.14800000000000002,100000000.0,0.0,0.0,0.0,0.0,,-0.9816498172140428,0.0,0.0,0.0,0.0,71.34456560015678,0.013318287794424831,0.08420123702896921,0.08420123702896921,48,0.4000105387516114,21.428162091483664,1.0,False,0.12530561640997281,1.154107377656134,0.17,5,0.0,1.0,0.07,2,12.251254375399885,0.9340282073065345,0.4282638742839741,,,,0.0,2,0.9816498172140428,-0.10475342671947102,49152.0,491520.0,2,,0,84.20123702896922,0.0796875,3.9605295658111572,12.856671428812428,10,2
12.092852035911365,2,1.0,0.0,0.0,0.0,0.0,0.3286335345030997,0.0,0.15199999999999997,100000000.0,0.0,0.0,0.0,0.0,,-0.9816498172140428,0.0,0.0,0.0,0.0,70.8714472129941,0.012503697934122026,0.08296429924890547,0.08296429924890547,48,0.4506196880753716,22.0118045248961,1.0,False,0.12928170810435588,1.1907285355115895,0.19,5,0.0,1.0,0.07,2,11.422582296041984,0.9367026467682401,0.4810701556465916,,,,0.0,2,0.9816498172140428,-0.10612300367663068,49152.0,491520.0,3,,0,82.96429924890548,0.109375,3.8644794821739197,12.092852035911365,10,2
13.914821148755541,2,1.0000000000000002,0.0,0.0,0.0,0.0,0.3660601043544624,0.0,0.18999999999999995,100000000.0,0.0,0.0,-2.220446049250313e-16,2.220446049250313e-16,,-0.9692233691951198,0.0,0.0,0.0,0.0,69.73653472959995,0.014372943409600887,0.08303728197046663,0.08303728197046663,49,0.4182790176116943,23.920094976851345,1.0,False,0.1364021248460267,1.2563099972926954,0.18,5,0.0,1.0,0.06,2,13.029083933484232,0.9186726363838604,0.45530801837981333,,,,2.220446049250313e-16,2,0.9692233691951198,-0.10971970340824688,49152.0,491520.0,1,,0,83.03728197046662,0.08125,3.8473300337791443,13.914821148755541,10,2
10.478785821502397,2,1.0,0.0,0.0,0.0,0.0,0.16124515496597103,0.0,0.08200000000000002,100000000.0,0.0,0.0,0.0,0.0,,-0.9629500128629352,0.0,0.0,0.0,0.0,70.71929471567273,0.011177976093159974,0.08117523525358364,0.08117523525358364,49,0.2857142857142858,14.670300150103358,1.0,False,0.13407620700625958,1.2348875023111887,0.14,5,0.0,1.0,0.08,2,10.106214494996006,0.9183689013177324,0.3111105845421435,,,,0.0,2,0.9629500128629352,-0.10762572112992161,49152.0,491520.0,2,,0,81.17523525358364,0.1109375,3.773095190525055,10.478785821502397,10,2
13.519525740916864,2,1.0,0.0,0.0,0.0,0.0,0.19493588689617927,0.0,0.10799999999999998,100000000.0,0.0,0.0,0.0,0.0,,-0.9816498172140428,0.0,0.0,0.0,0.0,70.19140152260661,0.014031159204283378,0.08365733570405993,0.08365733570405993,49,0.23076923076923075,17.575383463191923,1.0,False,0.12324908539487996,1.135166027021603,0.13,5,0.0,1.0,0.07,2,12.699800044803661,0.8318712601610697,0.2774097890153681,,,,0.0,2,0.9816498172140428,-0.10345321054946995,49152.0,491520.0,3,,0,83.65733570405993,0.096875,3.9113291203975677,13.519525740916867,10,2
13.533386105286901,2,1.0,0.0,0.0,0.0,0.0,0.1949358868961793,0.0,0.10599999999999998,100000000.0,0.0,0.0,0.0,0.0,,-0.9785579990862869,0.0,0.0,0.0,0.0,69.90025797858834,0.014136950952182993,0.08343364408387524,0.08343364408387524,50,0.23482949092400757,17.68675863060849,1.0,False,0.13495769066086333,1.2430062668024227,0.14,5,0.0,1.0,0.08,2,12.998711727090335,0.8859494392440235,0.26505969812948527,,,,0.0,2,0.9785579990862869,-0.10919566737236928,49152.0,491520.0,1,0.05625,0,83.43364408387524,0.0734375,3.8740062415599823,13.5333861052869,10,2
13.789257424009294,2,1.0000000000000002,0.0,0.0,0.0,0.0,0.43127717305695645,0.0,0.21000000000000002,100000000.0,0.0,0.0,-2.220446049250313e-16,2.220446049250313e-16,,-0.937436866561092,0.0,0.0,0.0,0.0,71.74292858690023,0.014551699926925224,0.08553218601090953,0.08553218601090953,50,0.4926709091721471,27.180103946943326,1.0,False,0.1280111549710992,1.1790263086936146,0.2,5,0.0,1.0,0.07,2,13.250635342740491,0.9613321874241284,0.5124876870005254,,,,2.220446049250313e-16,2,0.937436866561092,-0.10677167049100458,49152.0,491520.0,2,0.05625,0,85.53218601090953,0.059375,3.980234533548355,13.789257424009294,10,2
13.030125378511196,2,1.0,0.0,0.0,0.0,0.0,0.264575131106459,0.0,0.14199999999999996,100000000.0,0.0,0.0,0.0,0.0,,-0.9816498172140428,0.0,0.0,0.0,0.0,70.14020159840584,0.013470964727151747,0.08275336112726493,0.08275336112726493,50,0.3320370917159475,19.50725888655199,1.0,False,0.12933887191656754,1.1912550336790186,0.16,5,0.0,1.0,0.07,2,12.302922217483939,0.8990603584436141,0.36931568453395636,,,,0.0,2,0.9816498172140428,-0.10604611652191623,49152.0,491520.0,3,0.05625,0,82.75336112726494,0.109375,3.9078987538814545,13.030125378511196,10,2
13.995339908617453,2,1.0,0.0,0.0,0.0,0.0,0.2408318915758459,0.0,0.12399999999999997,100000000.0,0.0,0.0,0.0,0.0,,-0.9244162777371753,0.0,0.0,0.0,0.0,70.96689520403743,0.014398416949085509,0.08496223511265488,0.08496223511265488,51,0.27894138799390056,19.409434511405664,1.0,False,0.14024398185282888,1.291694807985805,0.15,5,0.0,1.0,0.08,2,13.114982446659713,0.8601375540075272,0.32429858072614687,,,,0.0,2,0.9244162777371753,-0.11260310848274188,49152.0,491520.0,1,,0,84.96223511265488,0.06875,3.942525029182434,13.995339908617451,10,2
14.085970075491234,2,1.0,0.0,0.0,0.0,0.0,0.27568097504180444,0.0,0.13999999999999999,100000000.0,0.0,0.0,0.0,0.0,,-0.9847319278346618,0.0,0.0,0.0,0.0,70.88228361681104,0.014748970188119276,0.08496825369230226,0.08496825369230226,51,0.3821029791339315,22.796630506079783,1.0,False,0.12399135816812284,1.1420026119120208,0.17,5,0.0,1.0,0.07,2,13.331289815289503,0.9202690864644704,0.4152078829485746,,,,0.0,2,0.9847319278346618,-0.10447980593021255,49152.0,491520.0,2,,0,84.96825369230227,0.0703125,4.002515912055969,14.085970075491234,10,2
10.661597278984813,2,1.0,0.0,0.0,0.0,0.0,0.14832396974191328,0.0,0.08200000000000002,100000000.0,0.0,0.0,0.0,0.0,,-0.9785579990862869,0.0,0.0,0.0,0.0,70.25595614686608,0.011153346999098205,0.08073290033218469,0.08073290033218469,51,0.1812831163465875,13.022324923127135,1.0,False,0.13654497966690074,1.257625738816723,0.13,5,0.0,1.0,0.08,2,9.978733508392297,0.7756388169297003,0.23372104694834792,,,,0.0,2,0.9785579990862869,-0.10863893999954272,49152.0,491520.0,3,,0,80.7329003321847,0.0734375,4.020064473152161,10.661597278984813,10,2
10.622879286948434,2,1.0,0.0,0.0,0.0,0.0,0.13416407864998736,0.0,0.074,100000000.0,0.0,0.0,0.0,0.0,,-0.9314810581942118,0.0,0.0,0.0,0.0,69.85534867271781,0.011080549339564765,0.08030563025204887,0.08030563025204887,52,0.09186082413766933,11.69741331427685,1.0,False,0.12741843169644926,1.1735671255876965,0.12,5,0.0,1.0,0.08,2,9.880703312734068,0.5914725115268282,0.15530869541263992,,,,0.0,2,0.9314810581942118,-0.10386203097424906,49152.0,491520.0,1,,0,80.30563025204887,0.10625,3.777527391910553,10.622879286948432,10,2
11.638727506799619,2,1.0,0.0,0.0,0.0,0.0,0.16124515496597097,0.0,0.09000000000000001,100000000.0,0.0,0.0,0.0,0.0,,-0.9631281225496269,0.0,0.0,0.0,0.0,71.87457149848342,0.01206012253469869,0.08351329900528304,0.08351329900528304,52,0.19480941651047906,14.454624464632838,1.0,False,0.13179963048805327,1.21391945769566,0.13,5,0.0,1.0,0.08,2,11.02107086341209,0.8201115476490799,0.23754014568983567,,,,0.0,2,0.9631281225496269,-0.10765646474666815,49152.0,491520.0,2,,0,83.51329900528303,0.1078125,3.8767387568950653,11.638727506799619,10,2
13.49998392664468,2,1.0,0.0,0.0,0.0,0.0,0.2529822128134703,0.0,0.13999999999999993,100000000.0,0.0,0.0,0.0,0.0,,-0.9816498172140428,0.0,0.0,0.0,0.0,70.11738559231162,0.014065208949474732,0.08353063889242772,0.08353063889242772,52,0.3263341145079366,20.039583742293754,1.0,False,0.13013698488361716,1.1986059257608335,0.15,5,0.0,1.0,0.07,2,13.080517265353604,0.9397237168690602,0.3472660194160105,,,,0.0,2,0.9816498172140428,-0.10683381188802243,49152.0,491520.0,3,,0,83.53063889242772,0.103125,3.8522685170173645,13.49998392664468,10,2
12.46001955413448,2,1.0,0.0,0.0,0.0,0.0,0.15491933384829668,0.0,0.08399999999999999,100000000.0,0.0,0.0,0.0,0.0,,-0.9534625892455922,0.0,0.0,0.0,0.0,70.27418399229646,0.012944247348034225,0.08271569308955291,0.08271569308955291,53,0.12611535635805896,14.25819717143325,1.0,False,0.12805412914725553,1.1794221154832196,0.12,5,0.0,1.0,0.07,2,11.84918505758604,0.7464377646599164,0.16895629123952244,,,,0.0,2,0.9534625892455922,-0.10538491111840423,49152.0,491520.0,1,,0,82.71569308955291,0.0984375,3.8190464079380035,12.46001955413448,10,2
16.413021407815013,2,1.0,0.0,0.0,0.0,0.0,0.6099180272790762,0.0,0.26799999999999996,100000000.0,0.0,0.0,0.0,0.0,,-0.9629500128629352,0.0,0.0,0.0,0.0,72.2005320712924,0.016894859325786802,0.08857038045701474,0.08857038045701474,53,0.5833333333333333,39.391251378756024,1.0,False,0.12577975152450666,1.1584743234432966,0.24,5,0.0,1.0,0.06,2,15.559057461336158,0.964167631841286,0.6050123589186794,,,,0.0,2,0.9629500128629352,-0.1071750659907607,49152.0,491520.0,2,,0,88.57038045701474,0.1,3.8436514139175415,16.413021407815013,10,2
12.975497719257493,2,1.0,0.0,0.0,0.0,0.0,0.40496913462633166,0.0,0.186,100000000.0,0.0,0.0,0.0,0.0,,-0.975456381144309,0.0,0.0,0.0,0.0,70.44070865958929,0.013488967832389068,0.08341620637884678,0.08341620637884678,53,0.521902553401827,27.13985990007393,1.0,False,0.1294661546673786,1.19242735113747,0.21,5,0.0,1.0,0.07,2,12.496901091816639,0.9673155792003615,0.5395370080085565,,,,0.0,2,0.975456381144309,-0.10644118052311269,49152.0,491520.0,3,,0,83.41620637884678,0.1078125,3.900290936231613,12.975497719257492,10,2
10.627258135221936,2,1.0,0.0,0.0,0.0,0.0,0.12649110640673517,0.0,0.06999999999999999,100000000.0,0.0,0.0,0.0,0.0,,-0.9723448696087954,0.0,0.0,0.0,0.0,70.94710832461715,0.01131671976839304,0.08157436645983908,0.08157436645983908,54,0.12326075769029134,12.121344206317449,1.0,False,0.14295677764859277,1.3166805806244566,0.12,5,0.0,1.0,0.08,2,10.238612104940259,0.7935733766915701,0.15532370579790483,,,,0.0,2,0.9723448696087954,-0.11226557205421592,49152.0,491520.0,1,,0,81.57436645983908,0.078125,3.833949565887451,10.627258135221936,10,2
11.183394177689896,2,1.0,0.0,0.0,0.0,0.0,0.14832396974191323,0.0,0.08,100000000.0,0.0,0.0,0.0,0.0,,-0.8908119038783117,0.0,0.0,0.0,0.0,70.81543887034059,0.011604789205588968,0.08199883304803048,0.08199883304803048,54,0.13398858459409915,12.913679864656546,1.0,False,0.11769128606502081,1.0839768034744592,0.12,5,0.0,1.0,0.07,2,10.514804583584382,0.7212903899669633,0.18576233159052088,,,,0.0,2,0.8908119038783117,-0.09984505955652564,49152.0,491520.0,2,,0,81.99883304803048,0.084375,3.8942591547966003,11.183394177689895,10,2
12.208867093749232,2,1.0,0.0,0.0,0.0,0.0,0.22360679774997894,0.0,0.11599999999999999,100000000.0,0.0,0.0,0.0,0.0,,-0.9506039892680209,0.0,0.0,0.0,0.0,71.15400163456798,0.012700616813862623,0.08309757494175005,0.08309757494175005,54,0.32103441952941997,17.981569971908538,1.0,False,0.12173024086410869,1.1211769519210852,0.15,5,0.0,1.0,0.08,2,11.69044716849353,0.9175950078459303,0.34986504589105566,,,,0.0,2,0.9506039892680209,-0.10241390790292937,49152.0,491520.0,3,,0,83.09757494175004,0.078125,3.854806035757065,12.20886709374923,10,2
12.139192492121545,2,1.0,0.0,0.0,0.0,0.0,0.14832396974191325,0.0,0.08200000000000002,100000000.0,0.0,0.0,0.0,0.0,,-0.9785579990862869,0.0,0.0,0.0,0.0,71.00109104067087,0.012705308417207772,0.08314028353279242,0.08314028353279242,55,0.22512227848070185,15.665945935728159,1.0,False,0.13634162715781992,1.2557527929925933,0.13,5,0.0,1.0,0.08,2,11.60419951339396,0.8682849880076621,0.2592723375274056,,,,0.0,2,0.9785579990862869,-0.10974095534530617,49152.0,491520.0,1,,0,83.14028353279242,0.065625,3.8068871200084686,12.139192492121545,10,2
14.363000314071968,2,1.0,0.0,0.0,0.0,0.0,0.37682887362833545,0.0,0.196,100000000.0,0.0,0.0,0.0,0.0,,-0.9847319278346618,0.0,0.0,0.0,0.0,70.32499322667718,0.014796769429322603,0.08457603563823572,0.08457603563823572,55,0.4736842105263157,27.289700596736733,1.0,False,0.11061153918238466,1.018769924937943,0.19,5,0.0,1.0,0.06,2,13.778671619074672,0.9567517251303825,0.49509627010263696,,,,0.0,2,0.9847319278346618,-0.09759378741031019,49152.0,491520.0,2,,0,84.57603563823572,0.059375,3.9483181536197662,14.363000314071968,10,2
13.466951099202259,2,1.0000000000000002,0.0,0.0,0.0,0.0,0.28284271247461895,0.0,0.15399999999999991,100000000.0,0.0,0.0,-2.220446049250313e-16,2.220446049250313e-16,,-0.9847319278346618,0.0,0.0,0.0,0.0,70.9834243170917,0.013908916287640806,0.08445037541629397,0.08445037541629397,55,0.3484856884502631,20.67023066180824,1.0,False,0.12356706974963881,1.1380947711618954,0.16,5,0.0,1.0,0.07,2,12.884302075128533,0.9251664053186242,0.3766735221327517,,,,2.220446049250313e-16,2,0.9847319278346618,-0.10400872258296662,49152.0,491520.0,3,,0,84.45037541629397,0.075,3.844344735145569,13.466951099202255,10,2
12.030767948572693,2,1.0,0.0,0.0,0.0,0.0,0.2489979919597747,0.0,0.11,100000000.0,0.0,0.0,0.0,0.0,,-0.9251872672604672,0.0,0.0,0.0,0.0,70.75192080810666,0.012439472012906018,0.08236295592360482,0.08236295592360482,56,0.36844880359616305,19.049552937399206,1.0,False,0.13632171769211465,1.2555694200368235,0.17,5,0.0,1.0,0.08,2,11.385736219348042,0.9158341394431628,0.4023095315273833,,,,0.0,2,0.9251872672604672,-0.10934233680785974,49152.0,491520.0,1,,0,82.36295592360482,0.0921875,3.8343762159347534,12.030767948572693,10,2
11.536033637897946,2,1.0,0.0,0.0,0.0,0.0,0.17320508075688773,0.0,0.09399999999999999,100000000.0,0.0,0.0,0.0,0.0,,-0.9440686400617011,0.0,0.0,0.0,0.0,70.43113512918353,0.011969802753148582,0.08196716876708147,0.08196716876708147,56,0.16051577028223096,13.74181101862546,1.0,False,0.11727492085993668,1.0801419382165867,0.13,5,0.0,1.0,0.08,2,10.91639289290156,0.7806906031518336,0.20560740661433688,,,,0.0,2,0.9440686400617011,-0.09962104481350909,49152.0,491520.0,2,,0,81.96716876708147,0.096875,3.811136305332184,11.536033637897946,10,2
11.203909187204282,2,1.0,0.0,0.0,0.0,0.0,0.16124515496597097,0.0,0.088,100000000.0,0.0,0.0,0.0,0.0,,-0.9566355184455129,0.0,0.0,0.0,0.0,70.70919685065746,0.011695658907317675,0.08191310603786174,0.08191310603786174,56,0.17297995442516917,13.547324816554914,1.0,False,0.1316080586736423,1.212155016079258,0.13,5,0.0,1.0,0.08,2,10.543609414918658,0.7801723252722513,0.22172018773519755,,,,0.0,2,0.9566355184455129,-0.10676058235575203,49152.0,491520.0,3,,0,81.91310603786174,0.1015625,3.8118511140346527,11.203909187204284,10,2
11.641357813329247,2,1.0,0.0,0.0,0.0,0.0,0.18973665961010275,0.0,0.108,100000000.0,0.0,0.0,0.0,0.0,,-0.9908673886137245,0.0,0.0,0.0,0.0,70.46786183491349,0.01223744179632081,0.08203436909147939,0.08203436909147939,57,0.1728994017989857,14.074899520868188,1.0,False,0.14394022427452258,1.3257384587869416,0.13,5,0.0,1.0,0.07,2,10.953842775533312,0.77971722596086,0.2217462896063615,,,,0.0,2,0.9908673886137245,-0.11298729668300098,49152.0,491520.0,1,,0,82.03436909147939,0.096875,3.7808188796043396,11.641357813329247,10,2
11.166414751830938,2,1.0,0.0,0.0,0.0,0.0,0.15491933384829673,0.0,0.07600000000000003,100000000.0,0.0,0.0,0.0,0.0,,-0.9566355184455129,0.0,0.0,0.0,0.0,71.14838669076562,0.011777599734163188,0.08226786077452433,0.08226786077452433,57,0.2792609663818178,15.493006804105526,1.0,False,0.12380936421132335,1.1403263856242547,0.14,5,0.0,1.0,0.08,2,10.948709082860216,0.9520925603195155,0.2933128332481663,,,,0.0,2,0.9566355184455129,-0.10303861249292384,49152.0,491520.0,2,,0,82.26786077452434,0.08125,3.853058010339737,11.166414751830938,10,2
12.043233289924638,2,1.0,0.0,0.0,0.0,0.0,0.18439088914585777,0.0,0.10000000000000002,100000000.0,0.0,0.0,0.0,0.0,,-0.975456381144309,0.0,0.0,0.0,0.0,70.49013208597898,0.01265363572029702,0.08253336537590363,0.08253336537590363,57,0.2764539559697192,16.644736557250283,1.0,False,0.1225721755892444,1.1289314573105713,0.14,5,0.0,1.0,0.08,2,11.366188638918823,0.8717365719737886,0.3171301570424782,,,,0.0,2,0.975456381144309,-0.10255277048257401,49152.0,491520.0,3,,0,82.53336537590363,0.1125,3.7979408502578735,12.043233289924641,10,2
11.97949594473276,2,1.0,0.0,0.0,0.0,0.0,0.2144761058952722,0.0,0.11,100000000.0,0.0,0.0,0.0,0.0,,-0.9692233691951198,0.0,0.0,0.0,0.0,70.81368658691645,0.012609763704966468,0.08271473299735117,0.08271473299735117,58,0.27636090450299255,16.55451732676914,1.0,False,0.14696490433090212,1.3535967916225253,0.14,5,0.0,1.0,0.08,2,11.5455713178488,0.9133700730430734,0.3025727606579461,,,,0.0,2,0.9692233691951198,-0.11483981866412665,49152.0,491520.0,1,,0,82.71473299735118,0.0734375,3.859640419483185,11.979495944732761,10,2
12.872248722215243,2,1.0,0.0,0.0,0.0,0.0,0.31937438845342625,0.0,0.142,100000000.0,0.0,0.0,0.0,0.0,,-0.9631281225496269,0.0,0.0,0.0,0.0,70.31036075204611,0.01330601783746588,0.08243725876261644,0.08243725876261644,58,0.4507779908035741,23.437241237015982,1.0,False,0.1225007180204007,1.128273308779367,0.19,5,0.0,1.0,0.07,2,12.149935160056051,0.9360065584086883,0.4815970430484431,,,,0.0,2,0.9631281225496269,-0.10246898839150857,49152.0,491520.0,2,,0,82.43725876261644,0.1,3.852698653936386,12.872248722215243,10,2
12.689928052533629,2,1.0,0.0,0.0,0.0,0.0,0.2720294101747089,0.0,0.13599999999999998,100000000.0,0.0,0.0,0.0,0.0,,-0.937436866561092,0.0,0.0,0.0,0.0,71.2598948739469,0.01310077395074429,0.08394982292648054,0.08394982292648054,58,0.3513899711652031,19.564803947497698,1.0,False,0.128867248744578,1.186911223737684,0.16,5,0.0,1.0,0.08,2,11.968038644145071,0.9049741067991172,0.3882873206262943,,,,0.0,2,0.937436866561092,-0.10640853583552927,49152.0,491520.0,3,,0,83.94982292648054,0.0921875,3.8412845134735107,12.68992805253363,10,2
10.869849417935553,2,1.0,0.0,0.0,0.0,0.0,0.10954451150103323,0.0,0.060000000000000005,100000000.0,0.0,0.0,0.0,0.0,,-0.9629500128629352,0.0,0.0,0.0,0.0,70.62558177858591,0.011303718099935136,0.08134458860466151,0.08134458860466151,59,0.16666666666666657,13.043819301522662,1.0,False,0.13783393146083384,1.269497423561916,0.12,5,0.0,1.0,0.08,2,10.298771751484407,0.7919607380049984,0.21044814303106862,,,,0.0,2,0.9629500128629352,-0.10958926003274767,49152.0,491520.0,1,,0,81.34458860466151,0.09375,3.806516319513321,10.869849417935553,10,2
11.737764617508043,2,1.0,0.0,0.0,0.0,0.0,0.21908902300206648,0.0,0.10200000000000001,100000000.0,0.0,0.0,0.0,0.0,,-0.9723448696087954,0.0,0.0,0.0,0.0,71.05313893407583,0.012174333261806681,0.08223841283927932,0.08223841283927932,59,0.34852096162141477,18.017102509884644,1.0,False,0.12593683039229298,1.1599210732808531,0.16,5,0.0,1.0,0.08,2,11.098211889752983,0.90756426674904,0.3840179416382729,,,,0.0,2,0.9723448696087954,-0.10408762161578615,49152.0,491520.0,2,,0,82.23841283927932,0.09375,3.844212979078293,11.737764617508043,10,2
10.498989890401566,2,1.0,0.0,0.0,0.0,0.0,0.0632455532033676,0.0,0.032,100000000.0,0.0,0.0,0.0,0.0,,-0.8807710121010885,0.0,0.0,0.0,0.0,70.30284870415926,0.01103410540501015,0.08080183859456083,0.08080183859456083,59,0.07560486185465173,11.357686185440263,1.0,False,0.129647541891552,1.194097989211235,0.11,5,0.0,1.0,0.09,2,10.106129741475558,0.6861027316662626,0.11019466672438176,,,,0.0,2,0.8807710121010885,-0.10522469024305642,49152.0,491520.0,3,,0,80.80183859456083,0.0984375,3.857443183660507,10.498989890401566,10,2
16.21241160051628,2,1.0,0.0,0.0,0.0,0.0,0.3847076812334269,0.0,0.192,100000000.0,0.0,0.0,0.0,0.0,,-0.9908673886137245,0.0,0.0,0.0,0.0,70.87268121540546,0.01705296246070546,0.08708509281592174,0.08708509281592174,60,0.49934537508029836,32.3824265143192,1.0,False,0.14423216429923202,1.3284273257827186,0.2,5,0.0,1.0,0.06,2,15.587323651600487,0.9627815349494916,0.5186486829605581,,,,0.0,2,0.9908673886137245,-0.11565862855757689,49152.0,491520.0,1,0.07421875,0,87.08509281592174,0.1,3.7947445809841156,16.212411600516276,10,2
12.2066100396304,2,1.0,0.0,0.0,0.0,0.0,0.13416407864998736,0.0,0.072,100000000.0,0.0,0.0,0.0,0.0,,-0.9411799699418469,0.0,0.0,0.0,0.0,71.10046688467264,0.012747849757927907,0.08330707692430304,0.08330707692430304,60,0.12171651076301218,13.898257441039839,1.0,False,0.13474002351702108,1.2410014783198398,0.12,5,0.0,1.0,0.07,2,11.822887168822865,0.815106308525066,0.1493259339180653,,,,0.0,2,0.9411799699418469,-0.10902355022066207,49152.0,491520.0,2,0.07421875,0,83.30707692430305,0.078125,3.812227249145508,12.2066100396304,10,2
11.923023786932449,2,1.0,0.0,0.0,0.0,0.0,0.22360679774997894,0.0,0.11599999999999996,100000000.0,0.0,0.0,0.0,0.0,,-0.975456381144309,0.0,0.0,0.0,0.0,70.2281235717237,0.012488248809762502,0.08199174239378679,0.08199174239378679,60,0.33333333333333337,17.884535680398674,1.0,False,0.1311749642423237,1.2081660689536062,0.15,5,0.0,1.0,0.07,2,11.378327002386188,0.9162804620166817,0.363789633361477,,,,0.0,2,0.975456381144309,-0.10658335331805524,49152.0,491520.0,3,0.07421875,0,81.9917423937868,0.090625,3.9478164613246918,11.923023786932449,10,2
10.967179105436182,2,1.0,0.0,0.0,0.0,0.0,0.14142135623730956,0.0,0.060000000000000026,100000000.0,0.0,0.0,0.0,0.0,,-0.9045340337332909,0.0,0.0,0.0,0.0,71.40521658584476,0.011491852254341824,0.08237239569128094,0.08237239569128094,61,0.24432301156042846,14.51305157258098,1.0,False,0.140310303016304,1.2923056484752766,0.14,5,0.0,1.0,0.09,2,10.446756883650998,0.8720156157885028,0.28018192236099376,,,,0.0,2,0.9045340337332909,-0.11134134935379247,49152.0,491520.0,1,,0,82.37239569128094,0.1,3.8318267464637756,10.967179105436184,10,2
14.974739335023578,2,1.0,0.0,0.0,0.0,0.0,0.35777087639996635,0.0,0.17199999999999996,100000000.0,0.0,0.0,0.0,0.0,,-0.9566355184455129,0.0,0.0,0.0,0.0,70.9236403927207,0.015578650753082346,0.08589837972774428,0.08589837972774428,61,0.4643996830601231,27.958794760579927,1.0,False,0.13787842203043865,1.2699071968513196,0.19,5,0.0,1.0,0.07,2,14.269458230804736,0.9484795261855962,0.489625416510309,,,,0.0,2,0.9566355184455129,-0.11188840087909147,49152.0,491520.0,2,,0,85.89837972774428,0.078125,3.9488801658153534,14.974739335023578,10,2
13.593862388685297,2,1.0,0.0,0.0,0.0,0.0,0.36606010435446246,0.0,0.18999999999999995,100000000.0,0.0,0.0,0.0,0.0,,-0.9692233691951198,0.0,0.0,0.0,0.0,71.46264286711812,0.01415244650631297,0.08500468694305871,0.08500468694305871,61,0.43144268736615926,23.90939679539386,1.0,False,0.129647541891552,1.194097989211235,0.18,5,0.0,1.0,0.07,2,12.953466629939646,0.9415480247615194,0.45822695817925746,,,,0.0,2,0.9692233691951198,-0.10732611441730536,49152.0,491520.0,3,,0,85.00468694305872,0.071875,4.057247132062912,13.593862388685295,10,2
10.515257067771708,2,1.0,0.0,0.0,0.0,0.0,0.12649110640673517,0.0,0.06999999999999999,100000000.0,0.0,0.0,0.0,0.0,,-0.9723448696087954,0.0,0.0,0.0,0.0,71.32643461227417,0.010949125749771289,0.08170482283694148,0.08170482283694148,62,0.16666666666666644,12.618308481326046,1.0,False,0.12614970475572268,1.1618817186245085,0.12,5,0.0,1.0,0.08,2,10.094424824394514,0.8332600465867628,0.2000175903661455,,,,0.0,2,0.9723448696087954,-0.10392726379633208,49152.0,491520.0,1,,0,81.70482283694149,0.0953125,3.7805182933807373,10.515257067771707,10,2
13.065634366143307,2,1.0,0.0,0.0,0.0,0.0,0.16124515496597103,0.0,0.09000000000000001,100000000.0,0.0,0.0,0.0,0.0,,-0.9816498172140428,0.0,0.0,0.0,0.0,70.87971782311797,0.013547768421422164,0.08347991102589676,0.08347991102589676,62,0.18431023996896423,16.017896762178527,1.0,False,0.12765819002213818,1.1757753813743066,0.13,5,0.0,1.0,0.08,2,12.505114744108152,0.8404342714259688,0.21930357463439012,,,,0.0,2,0.9816498172140428,-0.10556905052401747,49152.0,491520.0,2,,0,83.47991102589675,0.1125,3.7968882620334625,13.065634366143307,10,2
12.565326040497471,2,1.0,0.0,0.0,0.0,0.0,0.23664319132398465,0.0,0.12799999999999997,100000000.0,0.0,0.0,0.0,0.0,,-0.9816498172140428,0.0,0.0,0.0,0.0,70.80283854156733,0.01301122362820052,0.08334105495608751,0.08334105495608751,62,0.2857142857142857,17.59145645669646,1.0,False,0.13499931215195737,1.243389614902188,0.14,5,0.0,1.0,0.07,2,11.794889769788668,0.8670874825870766,0.32951033367684796,,,,0.0,2,0.9816498172140428,-0.10917018355402244,49152.0,491520.0,3,,0,83.34105495608752,0.13125,3.794783651828766,12.56532604049747,10,2
11.651426854891481,2,1.0,0.0,0.0,0.0,0.0,0.19999999999999998,0.0,0.11200000000000002,100000000.0,0.0,0.0,0.0,0.0,,-0.9816498172140428,0.0,0.0,0.0,0.0,70.5879689194262,0.012109549115736827,0.08223939577431769,0.08223939577431769,63,0.2005849801057241,14.574941131869657,1.0,False,0.12741843169644926,1.1735671255876965,0.13,5,0.0,1.0,0.07,2,10.98439464715189,0.8142254359945923,0.24635066805632966,,,,0.0,2,0.9816498172140428,-0.10482891373538347,49152.0,491520.0,1,,0,82.23939577431769,0.1015625,3.800554007291794,11.651426854891481,10,2
13.359142551959584,2,1.0,0.0,0.0,0.0,0.0,0.28982753492378877,0.0,0.16,100000000.0,0.0,0.0,0.0,0.0,,-0.9847319278346618,0.0,0.0,0.0,0.0,71.44692121073604,0.013884153492024055,0.08458024270539276,0.08458024270539276,63,0.3333333333333333,20.038713827939375,1.0,False,0.12113852259234455,1.11572702523382,0.15,5,0.0,1.0,0.07,2,12.772280530628153,0.9192365776551493,0.3626197449449003,,,,0.0,2,0.9847319278346618,-0.10285938264886865,49152.0,491520.0,2,,0,84.58024270539276,0.121875,3.800799071788788,13.359142551959586,10,2
11.625621616216426,2,1.0,0.0,0.0,0.0,0.0,0.15491933384829668,0.0,0.08599999999999998,100000000.0,0.0,0.0,0.0,0.0,,-0.9723448696087954,0.0,0.0,0.0,0.0,71.30278600379825,0.012162351695686673,0.08292840762001467,0.08292840762001467,63,0.12685302203745946,13.314621603964579,1.0,False,0.12407802511586331,1.1428008439997108,0.12,5,0.0,1.0,0.08,2,11.007541916454686,0.7320943428578082,0.17327414598270927,,,,0.0,2,0.9723448696087954,-0.103503216367939,49152.0,491520.0,3,,0,82.92840762001467,0.103125,3.834322601556778,11.625621616216424,10,2
11.559981356994037,2,1.0,0.0,0.0,0.0,0.0,0.19493588689617924,0.0,0.098,100000000.0,0.0,0.0,0.0,0.0,,-0.9785579990862869,0.0,0.0,0.0,0.0,71.06479071080685,0.01199385003899362,0.08262477206780089,0.08262477206780089,64,0.31093338147758914,16.776289906166838,1.0,False,0.12891450948862648,1.1873465112766033,0.15,5,0.0,1.0,0.08,2,10.875123625193364,0.8839453594099205,0.3517563367097185,,,,0.0,2,0.9785579990862869,-0.10576964077821369,49152.0,491520.0,1,,0,82.62477206780089,0.0984375,3.791489601135254,11.559981356994037,10,2
14.83740221330415,2,1.0000000000000002,0.0,0.0,0.0,0.0,0.7375635565834309,0.0,0.25599999999999995,100000000.0,0.0,0.0,-2.220446049250313e-16,2.220446049250313e-16,,-0.9122881765308202,0.0,0.0,0.0,0.0,70.78402768820524,0.015258037480964836,0.0856214299015094,0.0856214299015094,64,0.6775253268554281,46.011062104874966,1.0,False,0.12794672590238063,1.1784328950408671,0.32,5,0.0,1.0,0.06,2,13.85134498389294,0.9693387468023505,0.6989561998738264,,,,2.220446049250313e-16,2,0.9122881765308202,-0.10678407790194523,49152.0,491520.0,2,,0,85.62142990150939,0.09375,3.873593032360077,14.837402213304149,10,2
16.58610568178416,2,1.0,0.0,0.0,0.0,0.0,0.479583152331272,0.0,0.21600000000000003,100000000.0,0.0,0.0,0.0,0.0,,-0.9816498172140428,0.0,0.0,0.0,0.0,70.42281841859221,0.017077855401897553,0.08647000640702514,0.08647000640702514,64,0.5652173913043478,38.14804306810356,1.0,False,0.130333497535762,1.2004158741744873,0.23,5,0.0,1.0,0.06,2,15.622124655221565,0.9572056948403347,0.5904868664604299,,,,0.0,2,0.9816498172140428,-0.10840175197139357,49152.0,491520.0,3,,0,86.47000640702514,0.0953125,3.8648924231529236,16.58610568178416,10,2
13.20870507298496,2,0.9999999999999999,0.0,0.0,0.0,0.0,0.4427188724235732,0.0,0.17200000000000004,100000000.0,0.0,0.0,1.1102230246251565e-16,0.0,,-0.9629500128629352,0.0,0.0,0.0,0.0,70.99802372977138,0.013867857272341896,0.08420672880275634,0.08420672880275634,65,0.5646436441056708,30.339984461352426,1.0,False,0.13066560475077416,1.203474694664738,0.23,5,0.0,1.0,0.07,2,12.712736938143948,0.9718635519137059,0.5809906575813298,,,,0.0,2,0.9629500128629352,-0.10743616677676525,49152.0,491520.0,1,,0,84.20672880275634,0.075,3.795906215906143,13.208705072984959,10,2
13.73691542441829,2,1.0,0.0,0.0,0.0,0.0,0.40496913462633166,0.0,0.20199999999999996,100000000.0,0.0,0.0,0.0,0.0,,-0.9341987329938275,0.0,0.0,0.0,0.0,70.93398366123438,0.014170684539668929,0.0846649701121431,0.0846649701121431,65,0.42642842875505327,23.949784321775372,1.0,False,0.12794672590238063,1.1784328950408671,0.18,5,0.0,1.0,0.07,2,13.09777707794622,0.941104135657898,0.45311503009913967,,,,0.0,2,0.9341987329938275,-0.10630584800726187,49152.0,491520.0,2,,0,84.66497011214311,0.0953125,3.831623136997223,13.73691542441829,10,2
10.254171899410087,2,1.0,0.0,0.0,0.0,0.0,0.09999999999999999,0.0,0.054,100000000.0,0.0,0.0,0.0,0.0,,-0.9534625892455922,0.0,0.0,0.0,0.0,70.8397589623928,0.010819396922240142,0.0810939308618029,0.0810939308618029,65,0.0709325347760811,11.037058430346264,1.0,False,0.1260359433860844,1.1608339376889578,0.11,5,0.0,1.0,0.08,2,9.821418919492949,0.6440120808401751,0.11014162138626785,,,,0.0,2,0.9534625892455922,-0.10356493712394366,49152.0,491520.0,3,,0,81.0939308618029,0.096875,3.830811858177185,10.254171899410089,10,2
13.567684455038556,2,1.0,0.0,0.0,0.0,0.0,0.22803508501982764,0.0,0.11200000000000002,100000000.0,0.0,0.0,0.0,0.0,,-0.9785579990862869,0.0,0.0,0.0,0.0,70.28792146593332,0.014235879761291205,0.08366205202367867,0.08366205202367867,66,0.3466089215167227,20.765028635734275,1.0,False,0.1452931965449771,1.3381997939116732,0.16,5,0.0,1.0,0.08,2,12.935157971859462,0.9192162284241268,0.3770700633853443,,,,0.0,2,0.9785579990862869,-0.1144776242843279,49152.0,491520.0,1,,0,83.66205202367867,0.0875,3.7629987597465515,13.567684455038558,10,2
13.229553062934508,2,1.0,0.0,0.0,0.0,0.0,0.20976176963403026,0.0,0.11,100000000.0,0.0,0.0,0.0,0.0,,-0.9816498172140428,0.0,0.0,0.0,0.0,70.7183200865984,0.013650948090833576,0.0839478731495329,0.0839478731495329,66,0.29181489668644633,18.68092536970103,1.0,False,0.12113852259234455,1.11572702523382,0.15,5,0.0,1.0,0.08,2,12.467487130011431,0.8773519742973824,0.33260869666377973,,,,0.0,2,0.9816498172140428,-0.10254319787093873,49152.0,491520.0,2,,0,83.94787314953291,0.0953125,3.736584961414337,13.229553062934505,10,2
11.988109384515633,2,1.0,0.0,0.0,0.0,0.0,0.2449489742783178,0.0,0.126,100000000.0,0.0,0.0,0.0,0.0,,-0.9660917830792959,0.0,0.0,0.0,0.0,70.0487750582397,0.012430074572954185,0.08203688444275534,0.08203688444275534,66,0.3061717050609318,17.27820769484246,1.0,False,0.1295445544797014,1.1931494400940619,0.15,5,0.0,1.0,0.08,2,11.478827419685107,0.9121833815567978,0.3356470982165857,,,,0.0,2,0.9660917830792959,-0.10579071946122837,49152.0,491520.0,3,,0,82.03688444275534,0.1109375,3.8032178580760956,11.988109384515633,10,2
12.600948567227002,2,1.0,0.0,0.0,0.0,0.0,0.48785243670601874,0.0,0.20999999999999996,100000000.0,0.0,0.0,0.0,0.0,,-0.9122881765308202,0.0,0.0,0.0,0.0,70.65559830516577,0.013008371091654411,0.08325654687239277,0.08325654687239277,67,0.5576165302975578,28.484221111839247,1.0,False,0.14792188154900565,1.3624108775294856,0.23,5,0.0,1.0,0.07,2,12.059277006000299,0.9670214061164359,0.5766330784102798,,,,0.0,2,0.9122881765308202,-0.1155892142106992,49152.0,491520.0,1,,0,83.25654687239278,0.0890625,3.846191167831421,12.600948567227,10,2
11.515565599819164,2,1.0,0.0,0.0,0.0,0.0,0.21447610589527216,0.0,0.10599999999999998,100000000.0,0.0,0.0,0.0,0.0,,-0.9629500128629352,0.0,0.0,0.0,0.0,70.0576277449727,0.011977181965431564,0.08157319334479186,0.08157319334479186,67,0.28464844121150923,16.097771030682818,1.0,False,0.11769128606502081,1.0839768034744592,0.15,5,0.0,1.0,0.08,2,11.0470299824301,0.9072342824720443,0.3137540618900504,,,,0.0,2,0.9629500128629352,-0.09963223970490634,49152.0,491520.0,2,,0,81.57319334479186,0.09375,3.862772613763809,11.515565599819162,10,2
16.599126895766947,2,1.0,0.0,0.0,0.0,0.0,0.37416573867739406,0.0,0.19999999999999996,100000000.0,0.0,0.0,0.0,0.0,,-0.9660917830792959,0.0,0.0,0.0,0.0,69.91236750036478,0.017009972793977604,0.08651149439613173,0.08651149439613173,67,0.44116802026221735,29.70325159908646,1.0,False,0.11860876575324737,1.0924271036874005,0.18,5,0.0,1.0,0.06,2,15.893184234404501,0.948882026226184,0.46493453144728086,,,,0.0,2,0.9660917830792959,-0.10256013007468956,49152.0,491520.0,3,,0,86.51149439613174,0.1328125,3.6642918288707733,16.599126895766947,10,2
14.616163021346654,2,1.0000000000000002,0.0,0.0,0.0,0.0,0.5549774770204642,0.0,0.22799999999999995,100000000.0,0.0,0.0,-2.220446049250313e-16,2.220446049250313e-16,,-0.9629500128629352,0.0,0.0,0.0,0.0,70.97886269912124,0.015219727868242747,0.08546226648164157,0.08546226648164157,68,0.6033922202039759,36.852940779083475,1.0,False,0.13038028215312705,1.200846776424592,0.26,5,0.0,1.0,0.06,2,14.120172196983953,0.9781816797821422,0.6168508700125744,,,,2.220446049250313e-16,2,0.9629500128629352,-0.10792127431738453,49152.0,491520.0,1,,0,85.46226648164156,0.11875,3.7715984284877777,14.616163021346653,10,2
10.573656225919281,2,1.0,0.0,0.0,0.0,0.0,0.1341640786499874,0.0,0.06600000000000002,100000000.0,0.0,0.0,0.0,0.0,,-0.9244162777371753,0.0,0.0,0.0,0.0,69.86275129020214,0.011216030969028502,0.08042543686749044,0.08042543686749044,68,0.17205104180449332,12.770903473282086,1.0,False,0.12896598993790984,1.1878206637370052,0.13,5,0.0,1.0,0.09,2,10.28473057370266,0.8837869834935872,0.19467478591320725,,,,0.0,2,0.9244162777371753,-0.10469571340270015,49152.0,491520.0,2,,0,80.42543686749045,0.0984375,3.6870495975017548,10.573656225919281,10,2
15.439418490350153,2,1.0000000000000002,0.0,0.0,0.0,0.0,0.4098780306383839,0.0,0.21199999999999997,100000000.0,0.0,0.0,-2.220446049250313e-16,2.220446049250313e-16,,-0.9539590550898286,0.0,0.0,0.0,0.0,71.45868567749858,0.0158853160780532,0.08682327506871586,0.08682327506871586,68,0.4358145445478464,27.36585699107855,1.0,False,0.12727282318822364,1.1722260216658829,0.18,5,0.0,1.0,0.06,2,14.591125191790304,0.9335959993612459,0.4668127807381619,,,,2.220446049250313e-16,2,0.9539590550898286,-0.10704804912846996,49152.0,491520.0,3,,0,86.82327506871586,0.115625,3.776431381702423,15.439418490350151,10,2
12.422380078906816,2,1.0,0.0,0.0,0.0,0.0,0.17888543819998315,0.0,0.09999999999999998,100000000.0,0.0,0.0,0.0,0.0,,-0.9816498172140428,0.0,0.0,0.0,0.0,70.31562132760882,0.013004300454549847,0.08273800140651563,0.08273800140651563,69,0.1491543130532964,14.600038843100988,1.0,False,0.13139830713548784,1.2102231330193098,0.12,5,0.0,1.0,0.07,2,11.921623962763565,0.8130401231641287,0.1834525859226096,,,,0.0,2,0.9816498172140428,-0.10706815427100173,49152.0,491520.0,1,,0,82.73800140651564,0.11875,3.728963255882263,12.422380078906816,10,2
13.603560141127122,2,1.0,0.0,0.0,0.0,0.0,0.447213595499958,0.0,0.182,100000000.0,0.0,0.0,0.0,0.0,,-0.9723448696087954,0.0,0.0,0.0,0.0,71.07642060145736,0.014040128785425763,0.08411897196445067,0.08411897196445067,69,0.5520654242194188,30.36952465082929,1.0,False,0.12288919610614805,1.1318513241761539,0.23,5,0.0,1.0,0.07,2,12.827029312011895,0.9557343003878732,0.577634834279119,,,,0.0,2,0.9723448696087954,-0.10350408403529937,49152.0,491520.0,2,,0,84.11897196445068,0.109375,3.664484679698944,13.603560141127122,10,2
10.18066270780301,2,1.0,0.0,0.0,0.0,0.0,0.1414213562373095,0.0,0.07400000000000001,100000000.0,0.0,0.0,0.0,0.0,,-0.9566355184455129,0.0,0.0,0.0,0.0,71.44041592255235,0.010895418877892867,0.08162107863035536,0.08162107863035536,69,0.1818620042917104,12.44369869289504,1.0,False,0.12397413957716275,1.1418440228285525,0.13,5,0.0,1.0,0.08,2,9.848036590508407,0.8718530747939942,0.20859249058068835,,,,0.0,2,0.9566355184455129,-0.10279760910375906,49152.0,491520.0,3,,0,81.62107863035537,0.115625,3.7237026691436768,10.18066270780301,10,2
11.581173024881423,2,1.0,0.0,0.0,0.0,0.0,0.21908902300206648,0.0,0.10200000000000001,100000000.0,0.0,0.0,0.0,0.0,,-0.9474129498752366,0.0,0.0,0.0,0.0,70.49951422959566,0.012065007181022954,0.08187579485833689,0.08187579485833689,70,0.375,18.529876839810278,1.0,False,0.13495769066086333,1.2430062668024227,0.16,5,0.0,1.0,0.08,2,10.992292321093345,0.9218740828277546,0.4067800657219105,,,,0.0,2,0.9474129498752366,-0.10841674275960012,49152.0,491520.0,1,0.084375,0,81.87579485833689,0.1203125,3.5862286388874054,11.581173024881425,10,2
11.289683775248852,2,1.0,0.0,0.0,0.0,0.0,0.14142135623730956,0.0,0.060000000000000026,100000000.0,0.0,0.0,0.0,0.0,,-0.9045340337332909,0.0,0.0,0.0,0.0,70.91984199360013,0.011751300140861256,0.08167952879443208,0.08167952879443208,70,0.27462544366411484,15.563936833236752,1.0,False,0.11980550497498059,1.1034494792560572,0.14,5,0.0,1.0,0.09,2,10.682512562627318,0.8756159721093595,0.31363685954990284,,,,0.0,2,0.9045340337332909,-0.10074251688470634,49152.0,491520.0,2,0.084375,0,81.67952879443207,0.1046875,3.7918727695941925,11.289683775248854,10,2
11.357600820880235,2,1.0,0.0,0.0,0.0,0.0,0.1414213562373095,0.0,0.07400000000000001,100000000.0,0.0,0.0,0.0,0.0,,-0.9566355184455129,0.0,0.0,0.0,0.0,70.82194834947586,0.011803498408583283,0.08197121313852189,0.08197121313852189,70,0.23076923076923078,14.764881067144305,1.0,False,0.12626446784940865,1.1629387257794974,0.13,5,0.0,1.0,0.08,2,10.685202757138379,0.8351835579553628,0.2763095951435917,,,,0.0,2,0.9566355184455129,-0.10411784049396527,49152.0,491520.0,3,0.084375,0,81.97121313852189,0.109375,3.787086695432663,11.357600820880235,10,2
10.972528275896511,2,1.0,0.0,0.0,0.0,0.0,0.1414213562373095,0.0,0.076,100000000.0,0.0,0.0,0.0,0.0,,-0.9566355184455129,0.0,0.0,0.0,0.0,71.08160573989153,0.01155444865153954,0.08205413401578804,0.08205413401578804,71,0.22443786642560937,14.147839097464194,1.0,False,0.1422147419361359,1.3098461791445668,0.13,5,0.0,1.0,0.08,2,10.421655233152036,0.8521616047934434,0.2633747697187216,,,,0.0,2,0.9566355184455129,-0.11213443797596197,49152.0,491520.0,1,,0,82.05413401578804,0.090625,3.8008494079113007,10.972528275896511,10,2
13.600462332143763,2,1.0,0.0,0.0,0.0,0.0,0.2280350850198276,0.0,0.128,100000000.0,0.0,0.0,0.0,0.0,,-0.9509918346667656,0.0,0.0,0.0,0.0,70.70880429819226,0.014021857360042836,0.08430926663033603,0.08430926663033603,71,0.27528644780096334,18.76667310949983,1.0,False,0.12856848256030093,1.1841594854888555,0.14,5,0.0,1.0,0.07,2,12.998133815591752,0.8955838755942764,0.30738209485771884,,,,0.0,2,0.9509918346667656,-0.10643887459531848,49152.0,491520.0,2,,0,84.30926663033603,0.0890625,3.9008023738861084,13.600462332143763,10,2
11.59491652725195,2,1.0,0.0,0.0,0.0,0.0,0.25690465157330256,0.0,0.13199999999999998,100000000.0,0.0,0.0,0.0,0.0,,-0.937436866561092,0.0,0.0,0.0,0.0,65.27722300961614,0.012137847048778825,0.07687213953686808,0.07687213953686808,71,0.3252828507446107,17.18485522421948,1.0,False,0.13034433081045146,1.2005156523217202,0.15,5,0.0,1.0,0.08,2,11.14485559427438,0.9254865959351621,0.35147224408574734,,,,0.0,2,0.937436866561092,-0.10360823517365977,49152.0,491520.0,3,,0,76.87213953686809,0.1,3.909075379371643,11.594916527251948,10,2
13.032917839166322,2,1.0,0.0,0.0,0.0,0.0,0.32863353450309957,0.0,0.154,100000000.0,0.0,0.0,0.0,0.0,,-0.9816498172140428,0.0,0.0,0.0,0.0,71.29143457859755,0.013614838214809351,0.08432435241776387,0.08432435241776387,72,0.4700138565545975,24.59105393669397,1.0,False,0.13066560475077416,1.203474694664738,0.19,5,0.0,1.0,0.07,2,12.402412843656617,0.9482711000597208,0.49565346505339736,,,,0.0,2,0.9816498172140428,-0.10749497858426901,49152.0,491520.0,1,,0,84.32435241776388,0.1125,3.656366288661957,13.032917839166323,10,2
10.233470189852438,2,1.0,0.0,0.0,0.0,0.0,0.09999999999999999,0.0,0.054,100000000.0,0.0,0.0,0.0,0.0,,-0.9534625892455922,0.0,0.0,0.0,0.0,70.35640813410282,0.010715959823831604,0.08022288344058243,0.08022288344058243,72,0.13908473524378107,11.886733350871877,1.0,False,0.11872258528877432,1.0934754203505839,0.12,5,0.0,1.0,0.09,2,9.785873968375828,0.7869461301380304,0.1767398426870536,,,,0.0,2,0.9534625892455922,-0.09947273436467838,49152.0,491520.0,2,,0,80.22288344058242,0.1125,3.8232223987579346,10.23347018985244,10,2
9.832181508762526,2,1.0,0.0,0.0,0.0,0.0,0.11832159566199235,0.0,0.058,100000000.0,0.0,0.0,0.0,0.0,,-0.937436866561092,0.0,0.0,0.0,0.0,69.62312525138259,0.010601862009730987,0.07944109308110774,0.07944109308110774,72,0.22851309958523305,12.744456844927045,1.0,False,0.12419654270005458,1.1438924312901766,0.13,5,0.0,1.0,0.09,2,9.61425943425636,0.9303807249462029,0.24561246106903847,,,,0.0,2,0.937436866561092,-0.10181881789058116,49152.0,491520.0,3,,0,79.44109308110774,0.109375,3.781485140323639,9.832181508762526,10,2
14.36979909646645,2,1.0,0.0,0.0,0.0,0.0,0.21447610589527213,0.0,0.11999999999999997,100000000.0,0.0,0.0,0.0,0.0,,-0.9816498172140428,0.0,0.0,0.0,0.0,69.38609201461077,0.014803667778466032,0.08375589111107722,0.08375589111107722,73,0.19502052086327692,17.851137164237933,1.0,False,0.1330039355625401,1.2250115173433818,0.13,5,0.0,1.0,0.07,2,13.654894447831815,0.8296321979089623,0.2350686501256995,,,,0.0,2,0.9816498172140428,-0.10837991333680866,49152.0,491520.0,1,,0,83.75589111107722,0.1125,3.634337604045868,14.36979909646645,10,2
12.148458445950194,2,1.0,0.0,0.0,0.0,0.0,0.1949358868961793,0.0,0.10799999999999998,100000000.0,0.0,0.0,0.0,0.0,,-0.9847319278346618,0.0,0.0,0.0,0.0,71.04253536090255,0.012610074811562599,0.08319099380685274,0.08319099380685274,73,0.228656088345221,15.749730129959634,1.0,False,0.1232929185621354,1.1355697454116074,0.14,5,0.0,1.0,0.07,2,11.447505489009389,0.8370719766074363,0.2731618005800885,,,,0.0,2,0.9847319278346618,-0.10324195618449407,49152.0,491520.0,2,,0,83.19099380685275,0.121875,3.6669563353061676,12.148458445950196,10,2
17.814693541381715,2,1.0,0.0,0.0,0.0,0.0,0.5138093031466051,0.0,0.268,100000000.0,0.0,0.0,0.0,0.0,,-0.9847319278346618,0.0,0.0,0.0,0.0,69.9393218383193,0.018253045740161858,0.08775401537970101,0.08775401537970101,73,0.5149851705311137,36.73020381848866,1.0,False,0.1320620169482903,1.2163361263034413,0.21,5,0.0,1.0,0.05,2,16.92566505282471,0.9551098614778974,0.5391894600839394,,,,0.0,2,0.9847319278346618,-0.10990801616399566,49152.0,491520.0,3,,0,87.75401537970102,0.14375,3.6408193111419678,17.814693541381715,10,2
17.170282465861288,2,0.9999999999999999,0.0,0.0,0.0,0.0,0.5865151319446074,0.0,0.26800000000000007,100000000.0,0.0,0.0,1.1102230246251565e-16,0.0,,-0.9629500128629352,0.0,0.0,0.0,0.0,69.96350549161434,0.017628896209911697,0.08643513407041115,0.08643513407041115,74,0.6126025601980124,44.322137169098546,1.0,False,0.1332841482086483,1.2275923711905707,0.26,5,0.0,1.0,0.06,2,16.184733749302605,0.9649737148145907,0.634838597977477,,,,0.0,2,0.9629500128629352,-0.10985964113952973,49152.0,491520.0,1,,0,86.43513407041115,0.115625,3.645262122154236,17.17028246586129,10,2
12.335098369867858,2,0.9999999999999999,0.0,0.0,0.0,0.0,0.17320508075688776,0.0,0.09600000000000002,100000000.0,0.0,0.0,1.1102230246251565e-16,0.0,,-0.9723448696087954,0.0,0.0,0.0,0.0,71.1455000564456,0.012964486456102726,0.08348059842631346,0.08348059842631346,74,0.21004707866916283,15.614979116840106,1.0,False,0.12840927535631524,1.1826931329504768,0.13,5,0.0,1.0,0.08,2,11.907930829922686,0.884768822285727,0.23740334579887615,,,,0.0,2,0.9723448696087954,-0.10594493689131435,49152.0,491520.0,2,,0,83.48059842631346,0.10625,3.7593166530132294,12.335098369867858,10,2
11.328554640202046,2,1.0,0.0,0.0,0.0,0.0,0.21908902300206648,0.0,0.10200000000000001,100000000.0,0.0,0.0,0.0,0.0,,-0.9037820903415086,0.0,0.0,0.0,0.0,70.62281016260386,0.011739166654461411,0.0819513648028059,0.0819513648028059,74,0.3415193824095637,17.204082151508693,1.0,False,0.13432996566197894,1.237224705902699,0.16,5,0.0,1.0,0.08,2,10.647056789802877,0.8960660035907078,0.3811319490316899,,,,0.0,2,0.9037820903415086,-0.10814066523239242,49152.0,491520.0,3,,0,81.9513648028059,0.1171875,3.76691335439682,11.328554640202046,10,2
11.025967357776764,2,1.0,0.0,0.0,0.0,0.0,0.14832396974191325,0.0,0.08199999999999999,100000000.0,0.0,0.0,0.0,0.0,,-0.9442111532158909,0.0,0.0,0.0,0.0,71.01328764110804,0.011459836039776345,0.0820392549988848,0.0820392549988848,75,0.13933704328507984,12.811016521336036,1.0,False,0.132008321002767,1.2158415683685764,0.12,5,0.0,1.0,0.08,2,10.264477462324656,0.7009706594691959,0.1987772831898437,,,,0.0,2,0.9442111532158909,-0.1070237880008259,49152.0,491520.0,1,,0,82.0392549988848,0.0953125,3.7441379129886627,11.025967357776763,10,2
11.452173736151009,2,1.0,0.0,0.0,0.0,0.0,0.16124515496597097,0.0,0.09000000000000001,100000000.0,0.0,0.0,0.0,0.0,,-0.9384325296637391,0.0,0.0,0.0,0.0,70.8188870921731,0.011885942851401644,0.08201538513808108,0.08201538513808108,75,0.21198455221390997,14.532930500697175,1.0,False,0.12212078023450701,1.1247739524511111,0.13,5,0.0,1.0,0.08,2,10.690999159313394,0.8018771005513448,0.26436040144824713,,,,0.0,2,0.9384325296637391,-0.10206808268629405,49152.0,491520.0,2,,0,82.01538513808109,0.115625,3.8215272128582,11.452173736151007,10,2
11.155910883521234,2,1.0,0.0,0.0,0.0,0.0,0.14832396974191328,0.0,0.08000000000000002,100000000.0,0.0,0.0,0.0,0.0,,-0.9347251667455524,0.0,0.0,0.0,0.0,70.41391637176275,0.01159787607195978,0.0812475690567315,0.0812475690567315,75,0.18429304213222303,13.676370877946544,1.0,False,0.12733517913246806,1.1728003411365897,0.13,5,0.0,1.0,0.08,2,10.487973889949872,0.7905100914077081,0.23313180202929668,,,,0.0,2,0.9347251667455524,-0.10429137409459978,49152.0,491520.0,3,,0,81.2475690567315,0.10625,3.731323927640915,11.155910883521232,10,2
12.24459581833099,2,1.0,0.0,0.0,0.0,0.0,0.18973665961010275,0.0,0.10599999999999998,100000000.0,0.0,0.0,0.0,0.0,,-0.9816498172140428,0.0,0.0,0.0,0.0,70.35086862742901,0.012885981870265885,0.08259101654382786,0.08259101654382786,76,0.2307692307692307,15.917974563830287,1.0,False,0.1382899043047359,1.273697088654632,0.13,5,0.0,1.0,0.07,2,11.694185301431816,0.8696879785648622,0.26534715490725813,,,,0.0,2,0.9816498172140428,-0.11044046042428188,49152.0,491520.0,1,,0,82.59101654382786,0.096875,3.7330163419246674,12.24459581833099,10,2
10.70253210488319,2,1.0,0.0,0.0,0.0,0.0,0.14832396974191323,0.0,0.08199999999999999,100000000.0,0.0,0.0,0.0,0.0,,-0.9692233691951198,0.0,0.0,0.0,0.0,70.87151566520333,0.011123927132782261,0.08157404777008652,0.08157404777008652,76,0.14364515532780348,12.497777260756905,1.0,False,0.12700511907022102,1.169760375620099,0.12,5,0.0,1.0,0.08,2,10.110865477045984,0.7521204462289155,0.19098690382375752,,,,0.0,2,0.9692233691951198,-0.10428958342015376,49152.0,491520.0,2,,0,81.57404777008652,0.10625,3.8054617047309875,10.70253210488319,10,2
11.168509461233073,2,1.0,0.0,0.0,0.0,0.0,0.18973665961010278,0.0,0.09999999999999999,100000000.0,0.0,0.0,0.0,0.0,,-0.937436866561092,0.0,0.0,0.0,0.0,71.17017172276974,0.011660259181346467,0.08210384606276366,0.08210384606276366,76,0.27263139199473324,15.35467620999146,1.0,False,0.12443089814689064,1.1460509247235633,0.14,5,0.0,1.0,0.08,2,10.624787919277356,0.8850455848982371,0.3080422033019695,,,,0.0,2,0.937436866561092,-0.10326737210482714,49152.0,491520.0,3,,0,82.10384606276367,0.1234375,3.753303438425064,11.168509461233075,10,2
10.958490014843028,2,1.0,0.0,0.0,0.0,0.0,0.09999999999999999,0.0,0.054000000000000006,100000000.0,0.0,0.0,0.0,0.0,,-0.9534625892455922,0.0,0.0,0.0,0.0,70.64295466989279,0.011562124490805997,0.08160144468473582,0.08160144468473582,77,0.13035312493705242,12.60108019597014,1.0,False,0.12805412914725553,1.1794221154832196,0.12,5,0.0,1.0,0.09,2,10.67339031174919,0.8521029210001502,0.15297814586065647,,,,0.0,2,0.9534625892455922,-0.10482778691599567,49152.0,491520.0,1,,0,81.60144468473582,0.1109375,3.6201722621917725,10.95849001484303,10,2
11.511894085494854,2,1.0,0.0,0.0,0.0,0.0,0.1414213562373095,0.0,0.076,100000000.0,0.0,0.0,0.0,0.0,,-0.9629500128629352,0.0,0.0,0.0,0.0,69.17766714468598,0.011933289113393926,0.08060553128840768,0.08060553128840768,77,0.2307692307692308,14.96546231114331,1.0,False,0.13407620700625958,1.2348875023111887,0.13,5,0.0,1.0,0.08,2,10.78600676034567,0.8263201232010589,0.2792734005741748,,,,0.0,2,0.9629500128629352,-0.10734086914733362,49152.0,491520.0,2,,0,80.60553128840768,0.103125,3.7571662962436676,11.511894085494854,10,2
11.489944818112969,2,1.0,0.0,0.0,0.0,0.0,0.14832396974191328,0.0,0.08000000000000002,100000000.0,0.0,0.0,0.0,0.0,,-0.9660917830792959,0.0,0.0,0.0,0.0,71.21431780979037,0.01192750581699636,0.08269985843834818,0.08269985843834818,77,0.1466944859525108,13.46521805960522,1.0,False,0.12518015572280788,1.152951842024043,0.13,5,0.0,1.0,0.08,2,10.852489408055165,0.7560192828751581,0.19403537618065564,,,,0.0,2,0.9660917830792959,-0.10394000708057803,49152.0,491520.0,3,,0,82.69985843834817,0.1140625,3.7524490356445312,11.489944818112969,10,2
17.01672018088005,2,1.0,0.0,0.0,0.0,0.0,0.433589667773576,0.0,0.22,100000000.0,0.0,0.0,0.0,0.0,,-0.9878044218151566,0.0,0.0,0.0,0.0,70.59922767803073,0.017658106232814944,0.0871144154651108,0.0871144154651108,78,0.4949611585212112,33.69388408038857,1.0,False,0.13038028215312705,1.200846776424592,0.2,5,0.0,1.0,0.06,2,16.379745173756138,0.9632107025039571,0.5138659249056441,,,,0.0,2,0.9878044218151566,-0.10874734880911893,49152.0,491520.0,1,,0,87.1144154651108,0.1078125,3.6207476258277893,17.01672018088005,10,2
11.779504120239116,2,1.0,0.0,0.0,0.0,0.0,0.17320508075688776,0.0,0.09000000000000001,100000000.0,0.0,0.0,0.0,0.0,,-0.9534625892455922,0.0,0.0,0.0,0.0,69.4326083175838,0.012200899148138189,0.0810453364377054,0.0810453364377054,78,0.28571428571428575,16.49130576833476,1.0,False,0.12561819981370603,1.1569863771991478,0.14,5,0.0,1.0,0.08,2,11.136308552339356,0.879888720394003,0.32471638639298217,,,,0.0,2,0.9534625892455922,-0.10333176812570571,49152.0,491520.0,2,,0,81.0453364377054,0.10625,3.705397814512253,11.779504120239118,10,2
13.220898727118678,2,1.0000000000000002,0.0,0.0,0.0,0.0,0.363318042491699,0.0,0.16799999999999995,100000000.0,0.0,0.0,-2.220446049250313e-16,2.220446049250313e-16,,-0.9785579990862869,0.0,0.0,0.0,0.0,70.80102432519197,0.01369732159899131,0.08382282303706214,0.08382282303706214,78,0.5,26.441797454237356,1.0,False,0.13239007221028207,1.219357626927203,0.2,5,0.0,1.0,0.07,2,12.747353847905721,0.965420655791082,0.5179089519172256,,,,2.220446049250313e-16,2,0.9785579990862869,-0.10810644762367233,49152.0,491520.0,3,,0,83.82282303706214,0.0890625,3.7653159499168396,13.220898727118678,10,2
10.919838616981943,2,1.0,0.0,0.0,0.0,0.0,0.13416407864998736,0.0,0.074,100000000.0,0.0,0.0,0.0,0.0,,-0.9629500128629352,0.0,0.0,0.0,0.0,70.53979532793164,0.011523403463878035,0.08094751831058161,0.08094751831058161,79,0.10648841127227532,12.221261318536172,1.0,False,0.14682665849489268,1.35232350041787,0.12,5,0.0,1.0,0.08,2,10.237069814403275,0.6558957131121066,0.16235570555417578,,,,0.0,2,0.9629500128629352,-0.11388708840273715,49152.0,491520.0,1,,0,80.94751831058161,0.103125,3.7295992374420166,10.919838616981941,10,2
17.57355849231994,2,1.0,0.0,0.0,0.0,0.0,0.9518403227432635,0.0,0.352,100000000.0,0.0,0.0,0.0,0.0,,-0.937436866561092,0.0,0.0,0.0,0.0,69.74535249173641,0.01799495352021901,0.08731891098405635,0.08731891098405635,79,0.7349442433058927,66.30136508448311,1.0,False,0.12042828701882007,1.1091855138573739,0.38,5,0.0,1.0,0.05,2,16.805004193852795,0.9844725089958557,0.7465360755025274,,,,0.0,2,0.937436866561092,-0.10387359900143821,49152.0,491520.0,2,,0,87.31891098405634,0.0890625,3.831194967031479,17.57355849231994,10,2
12.092552181530932,2,1.0,0.0,0.0,0.0,0.0,0.25690465157330256,0.0,0.13999999999999999,100000000.0,0.0,0.0,0.0,0.0,,-0.9725179925282851,0.0,0.0,0.0,0.0,70.76890720054507,0.01250339807974159,0.08283023877944465,0.08283023877944465,79,0.323517892197432,17.875642300151057,1.0,False,0.12626446784940865,1.1629387257794974,0.15,5,0.0,1.0,0.07,2,11.28117542686344,0.8769609780050366,0.36890796775631896,,,,0.0,2,0.9725179925282851,-0.10454735331442665,49152.0,491520.0,3,,0,82.83023877944464,0.1359375,3.5848724246025085,12.092552181530932,10,2
10.332484403535357,2,1.0,0.0,0.0,0.0,0.0,0.13416407864998736,0.0,0.07400000000000001,100000000.0,0.0,0.0,0.0,0.0,,-0.9629500128629352,0.0,0.0,0.0,0.0,70.93734201043844,0.010856094807440963,0.0812698264139738,0.0812698264139738,80,0.12679290450607325,11.832799409046054,1.0,False,0.13750919625789684,1.2665065018121036,0.12,5,0.0,1.0,0.08,2,9.920083763696605,0.784389989781566,0.1616452353521009,,,,0.0,2,0.9629500128629352,-0.10938951133593533,49152.0,491520.0,1,0.08828125,0,81.2698264139738,0.14375,3.5504539608955383,10.332484403535357,10,2
11.113734508741112,2,1.0,0.0,0.0,0.0,0.0,0.16124515496597103,0.0,0.08000000000000002,100000000.0,0.0,0.0,0.0,0.0,,-0.9341987329938275,0.0,0.0,0.0,0.0,70.12876262888312,0.011535129536640184,0.08124249713762424,0.08124249713762424,80,0.2223557880470764,14.291541476057313,1.0,False,0.11810894935369055,1.0878236245239865,0.14,5,0.0,1.0,0.08,2,10.574179960280848,0.8548555080880895,0.26010920669433585,,,,0.0,2,0.9341987329938275,-0.0996757232456574,49152.0,491520.0,2,0.08828125,0,81.24249713762424,0.0953125,3.6597949266433716,11.113734508741112,10,2
12.416058774306626,2,1.0,0.0,0.0,0.0,0.0,0.24899799195977465,0.0,0.12400000000000001,100000000.0,0.0,0.0,0.0,0.0,,-0.9284518434788037,0.0,0.0,0.0,0.0,70.99727913737297,0.012995083266534865,0.08333016340578539,0.08333016340578539,80,0.375,19.8656940388906,1.0,False,0.12435470353795026,1.1453491464407128,0.16,5,0.0,1.0,0.07,2,11.87753523510501,0.9325847729834303,0.40210821671507474,,,,0.0,2,0.9284518434788037,-0.10384243347186783,49152.0,491520.0,3,0.08828125,0,83.33016340578538,0.125,3.6906098425388336,12.416058774306627,10,2
11.947559361124997,2,1.0,0.0,0.0,0.0,0.0,0.4626013402488151,0.0,0.194,100000000.0,0.0,0.0,0.0,0.0,,-0.9629500128629352,0.0,0.0,0.0,0.0,70.68284833803773,0.012402679549196651,0.08263040769916273,0.08263040769916273,81,0.5418299627382658,26.07669290757185,1.0,False,0.13632171769211465,1.2555694200368235,0.23,5,0.0,1.0,0.07,2,11.341527553682042,0.95887173351041,0.5650703256781147,,,,0.0,2,0.9629500128629352,-0.1094760626956387,49152.0,491520.0,1,,0,82.63040769916273,0.1015625,3.7844713926315308,11.947559361124997,10,2
10.943412730778444,2,1.0,0.0,0.0,0.0,0.0,0.18973665961010275,0.0,0.09200000000000001,100000000.0,0.0,0.0,0.0,0.0,,-0.9629500128629352,0.0,0.0,0.0,0.0,70.68341178819537,0.011433306467167255,0.08162682451897382,0.08162682451897382,81,0.3043456342360227,15.73110623514917,1.0,False,0.12375711489272481,1.1398451516157584,0.15,5,0.0,1.0,0.08,2,10.396086487217103,0.8974087689603223,0.33913824420126537,,,,0.0,2,0.9629500128629352,-0.10269196970584932,49152.0,491520.0,2,,0,81.62682451897382,0.0984375,3.83028444647789,10.943412730778444,10,2
13.581400482470935,2,0.9999999999999999,0.0,0.0,0.0,0.0,0.3577708763999664,0.0,0.16200000000000003,100000000.0,0.0,0.0,1.1102230246251565e-16,0.0,,-0.9569542243281549,0.0,0.0,0.0,0.0,70.24904387071729,0.01414662550530099,0.08383044435318822,0.08383044435318822,81,0.4989586788845515,27.10634813958098,1.0,False,0.1303424202685192,1.2004980555802292,0.2,5,0.0,1.0,0.07,2,12.997970505686592,0.9586465579583938,0.5204824184078557,,,,0.0,2,0.9569542243281549,-0.10708643231085371,49152.0,491520.0,3,,0,83.83044435318821,0.1296875,3.7786650359630585,13.581400482470936,10,2
12.144093391916188,2,1.0000000000000002,0.0,0.0,0.0,0.0,0.27928480087537877,0.0,0.152,100000000.0,0.0,0.0,-2.220446049250313e-16,2.220446049250313e-16,,-0.9908673886137245,0.0,0.0,0.0,0.0,70.82420028746128,0.012820653072365722,0.0829539016535745,0.0829539016535745,82,0.3741215213760486,19.40327684475753,1.0,False,0.1501406155441155,1.382846172819322,0.16,5,0.0,1.0,0.07,2,11.792919540414589,0.9538557997400203,0.3922202092580638,,,,2.220446049250313e-16,2,0.9908673886137245,-0.11654725859884522,49152.0,491520.0,1,,0,82.95390165357449,0.134375,3.548111230134964,12.144093391916186,10,2
10.549904005462373,2,1.0,0.0,0.0,0.0,0.0,0.16733200530681516,0.0,0.08800000000000002,100000000.0,0.0,0.0,0.0,0.0,,-0.9785579990862869,0.0,0.0,0.0,0.0,70.18848462030292,0.011032038060741234,0.08060385828858775,0.08060385828858775,82,0.28103384618773025,14.673714401605995,1.0,False,0.1157809066203364,1.0663815585492888,0.14,5,0.0,1.0,0.08,2,10.184612888271804,0.9186271203479074,0.30592809635458573,,,,0.0,2,0.9785579990862869,-0.09819238245446207,49152.0,491520.0,2,,0,80.60385828858774,0.1125,3.6811580061912537,10.549904005462375,10,2
12.5973273036085,2,1.0,0.0,0.0,0.0,0.0,0.23664319132398465,0.0,0.11999999999999997,100000000.0,0.0,0.0,0.0,0.0,,-0.9816498172140428,0.0,0.0,0.0,0.0,70.87859278544784,0.013089077023721892,0.08347592008905634,0.08347592008905634,82,0.3434854421608363,19.188191873567956,1.0,False,0.13992671590551964,1.2887726806226496,0.16,5,0.0,1.0,0.07,2,11.83512488234162,0.8963422443755323,0.3832079145172247,,,,0.0,2,0.9816498172140428,-0.111701317997288,49152.0,491520.0,3,,0,83.47592008905634,0.1359375,3.5779337882995605,12.5973273036085,10,2
13.008734884126321,2,1.0,0.0,0.0,0.0,0.0,0.36055512754639896,0.0,0.178,100000000.0,0.0,0.0,0.0,0.0,,-0.9816498172140428,0.0,0.0,0.0,0.0,70.94838796183467,0.013650120936061216,0.0837214261235662,0.0837214261235662,83,0.47368421052631576,24.716596279840008,1.0,False,0.13581177849620746,1.2508727064735066,0.19,5,0.0,1.0,0.07,2,12.390973204684338,0.949879882284638,0.49867801114706944,,,,0.0,2,0.9816498172140428,-0.10976660230988683,49152.0,491520.0,1,,0,83.7214261235662,0.115625,3.5151170194149017,13.008734884126321,10,2
13.119844755662783,2,1.0,0.0,0.0,0.0,0.0,0.2683281572999748,0.0,0.13599999999999998,100000000.0,0.0,0.0,0.0,0.0,,-0.9816498172140428,0.0,0.0,0.0,0.0,70.478530600667,0.013556413399961423,0.08344563731715049,0.08344563731715049,83,0.34697369391550076,20.090836515191047,1.0,False,0.11810894935369055,1.0878236245239865,0.16,5,0.0,1.0,0.07,2,12.443364597288218,0.9115419885634471,0.3806447736569076,,,,0.0,2,0.9816498172140428,-0.10077729333542051,49152.0,491520.0,2,,0,83.44563731715049,0.1296875,3.651095926761627,13.119844755662784,10,2
13.365192427170616,2,1.0,0.0,0.0,0.0,0.0,0.2792848008753788,0.0,0.148,100000000.0,0.0,0.0,0.0,0.0,,-0.9847319278346618,0.0,0.0,0.0,0.0,69.20378655195236,0.013930417450000673,0.08243401747051586,0.08243401747051586,83,0.36352592229850317,20.998800886654216,1.0,False,0.13111636752780467,1.2076263732682064,0.16,5,0.0,1.0,0.07,2,12.763968468002437,0.9269901403450039,0.3921572695079663,,,,0.0,2,0.9847319278346618,-0.10677519249916026,49152.0,491520.0,3,,0,82.43401747051585,0.128125,3.520774781703949,13.365192427170618,10,2
11.835706312525545,2,1.0,0.0,0.0,0.0,0.0,0.17320508075688776,0.0,0.09400000000000001,100000000.0,0.0,0.0,0.0,0.0,,-0.9785579990862869,0.0,0.0,0.0,0.0,70.85056090727448,0.01229382857337089,0.08225024257550521,0.08225024257550521,84,0.20020173156690654,14.798364512232816,1.0,False,0.14036527447269195,1.2928119542993528,0.13,5,0.0,1.0,0.08,2,11.174381373101628,0.8175143442906684,0.24489078750124602,,,,0.0,2,0.9785579990862869,-0.11130775852409858,49152.0,491520.0,1,,0,82.25024257550521,0.10625,3.61893430352211,11.835706312525545,10,2
11.952510638030159,2,1.0,0.0,0.0,0.0,0.0,0.24899799195977465,0.0,0.11,100000000.0,0.0,0.0,0.0,0.0,,-0.9629500128629352,0.0,0.0,0.0,0.0,70.65380178391933,0.01256408093383278,0.08228977025475247,0.08228977025475247,84,0.4074206993731374,20.17031412569785,1.0,False,0.13787842203043865,1.2699071968513196,0.17,5,0.0,1.0,0.08,2,11.218193551875359,0.9179728333527961,0.4438265323006102,,,,0.0,2,0.9629500128629352,-0.11008409614259557,49152.0,491520.0,2,,0,82.28977025475247,0.1359375,3.6571242213249207,11.95251063803016,10,2
11.14449370366917,2,1.0,0.0,0.0,0.0,0.0,0.25298221281347033,0.0,0.134,100000000.0,0.0,0.0,0.0,0.0,,-0.9847319278346618,0.0,0.0,0.0,0.0,70.61510346829891,0.011737967275461492,0.08175959717196808,0.08175959717196808,84,0.35737376907885215,17.342108316516313,1.0,False,0.13422319631703902,1.2362413238945096,0.16,5,0.0,1.0,0.07,2,10.695841544648504,0.9324956137903293,0.38324445047653305,,,,0.0,2,0.9847319278346618,-0.10799139674450356,49152.0,491520.0,3,,0,81.75959717196808,0.1015625,3.789829581975937,11.14449370366917,10,2
12.95450668624561,2,1.0,0.0,0.0,0.0,0.0,0.16124515496597103,0.0,0.08200000000000002,100000000.0,0.0,0.0,0.0,0.0,,-0.9629500128629352,0.0,0.0,0.0,0.0,70.82214904949069,0.013477608105485412,0.0836288226152212,0.0836288226152212,85,0.2714928169890587,17.782263494924315,1.0,False,0.13635935814798958,1.255916101447188,0.14,5,0.0,1.0,0.08,2,12.44193129447357,0.9040180699379006,0.30031790958305543,,,,0.0,2,0.9629500128629352,-0.10999409038160539,49152.0,491520.0,1,,0,83.6288226152212,0.10625,3.6157937347888947,12.954506686245612,10,2
10.786981601419344,2,1.0,0.0,0.0,0.0,0.0,0.09999999999999999,0.0,0.054,100000000.0,0.0,0.0,0.0,0.0,,-0.9534625892455922,0.0,0.0,0.0,0.0,70.74812427163124,0.01122670338343808,0.08109775394092653,0.08109775394092653,85,0.15239453749340487,12.726418220004584,1.0,False,0.13179963048805327,1.21391945769566,0.12,5,0.0,1.0,0.09,2,10.327271693308587,0.8083860643793813,0.18851702696087674,,,,0.0,2,0.9534625892455922,-0.1064486922144899,49152.0,491520.0,2,,0,81.09775394092652,0.140625,3.5851052701473236,10.786981601419342,10,2
13.284769295780718,2,1.0,0.0,0.0,0.0,0.0,0.29325756597230357,0.0,0.13399999999999998,100000000.0,0.0,0.0,0.0,0.0,,-0.9049087953771016,0.0,0.0,0.0,0.0,70.49986068159342,0.013695381310040083,0.08378462997737414,0.08378462997737414,85,0.4358482572740196,23.54821990195179,1.0,False,0.12987983089042715,1.1962374499555406,0.18,5,0.0,1.0,0.08,2,12.490187621394966,0.9281443882395919,0.4695910063095801,,,,0.0,2,0.9049087953771016,-0.10683223043390064,49152.0,491520.0,3,,0,83.78462997737414,0.1265625,3.725307375192642,13.28476929578072,10,2
13.845274507093706,2,1.0,0.0,0.0,0.0,0.0,0.2645751311064591,0.0,0.138,100000000.0,0.0,0.0,0.0,0.0,,-0.9692233691951198,0.0,0.0,0.0,0.0,70.81742491573095,0.014516209046848614,0.08462673733269335,0.08462673733269335,86,0.37499999999999994,22.152439211349925,1.0,False,0.13243155502282702,1.219739697750329,0.16,5,0.0,1.0,0.06,2,13.483183436148677,0.9582327387339518,0.39134542668147837,,,,0.0,2,0.9692233691951198,-0.10852914617776019,49152.0,491520.0,1,,0,84.62673733269335,0.121875,3.702842205762863,13.845274507093706,10,2
11.204499265547117,2,1.0,0.0,0.0,0.0,0.0,0.1788854381999832,0.0,0.096,100000000.0,0.0,0.0,0.0,0.0,,-0.9631281225496269,0.0,0.0,0.0,0.0,71.12612435594201,0.011625134533207807,0.08233062362148913,0.08233062362148913,86,0.26641638000675827,15.273649738322048,1.0,False,0.1327535736356411,1.2227055987804585,0.14,5,0.0,1.0,0.08,2,10.555618033719002,0.8624678102109726,0.3089000851424111,,,,0.0,2,0.9631281225496269,-0.10754209862856512,49152.0,491520.0,2,,0,82.33062362148912,0.1,3.709556370973587,11.204499265547119,10,2
15.724036477393739,2,1.0,0.0,0.0,0.0,0.0,0.5253570214625479,0.0,0.24000000000000002,100000000.0,0.0,0.0,0.0,0.0,,-0.9660917830792959,0.0,0.0,0.0,0.0,70.4438341781497,0.01628926150022379,0.0858055119979974,0.0858055119979974,86,0.5414629748729596,34.291748791795605,1.0,False,0.134441535086889,1.2382522982812263,0.23,5,0.0,1.0,0.06,2,14.88396498782873,0.9567147131248801,0.5659607482197071,,,,0.0,2,0.9660917830792959,-0.1101235235424432,49152.0,491520.0,3,,0,85.8055119979974,0.13125,3.6205393373966217,15.724036477393735,10,2
13.453751008961497,2,1.0000000000000002,0.0,0.0,0.0,0.0,0.303315017762062,0.0,0.162,100000000.0,0.0,0.0,-2.220446049250313e-16,2.220446049250313e-16,,-0.9847319278346618,0.0,0.0,0.0,0.0,70.7305003888905,0.014031534298041213,0.084184251397852,0.084184251397852,87,0.41042574075639326,22.81943419005769,1.0,False,0.13044935415409534,1.2014829530636835,0.17,5,0.0,1.0,0.07,2,12.876284238580375,0.9419231558209253,0.43573166050758155,,,,2.220446049250313e-16,2,0.9847319278346618,-0.10731680277597389,49152.0,491520.0,1,,0,84.18425139785201,0.1203125,3.6278034150600433,13.453751008961499,10,2
13.097212562939868,2,1.0,0.0,0.0,0.0,0.0,0.32557641192199405,0.0,0.16599999999999998,100000000.0,0.0,0.0,0.0,0.0,,-0.9816498172140428,0.0,0.0,0.0,0.0,70.52404200658202,0.013550052531364985,0.08344444577306892,0.08344444577306892,87,0.43379447584251635,23.13155206747334,1.0,False,0.12352275825647588,1.1376866472274743,0.18,5,0.0,1.0,0.07,2,12.565212727699498,0.9496514527753416,0.4567933577890696,,,,0.0,2,0.9816498172140428,-0.1034836020147724,49152.0,491520.0,2,,0,83.44444577306892,0.1171875,3.7130210399627686,13.097212562939868,10,2
11.2664676089775,2,1.0,0.0,0.0,0.0,0.0,0.2280350850198276,0.0,0.11200000000000002,100000000.0,0.0,0.0,0.0,0.0,,-0.9785579990862869,0.0,0.0,0.0,0.0,69.77962190285325,0.011873474711963657,0.08104608951183076,0.08104608951183076,87,0.33725976364401394,16.999824351883476,1.0,False,0.12675695629398498,1.1674747119833104,0.16,5,0.0,1.0,0.08,2,10.859848509205799,0.9337751303603871,0.36117878135590287,,,,0.0,2,0.9785579990862869,-0.10390152290290787,49152.0,491520.0,3,,0,81.04608951183076,0.1453125,3.6563782393932343,11.266467608977502,10,2
11.909191224207168,2,1.0,0.0,0.0,0.0,0.0,0.28982753492378877,0.0,0.148,100000000.0,0.0,0.0,0.0,0.0,,-0.9629500128629352,0.0,0.0,0.0,0.0,71.34835561737418,0.012770940427753029,0.0831343247503693,0.0831343247503693,88,0.3055393930538042,17.148836240800403,1.0,False,0.13644040327062618,1.2566625546121597,0.15,5,0.0,1.0,0.07,2,11.437853776139153,0.9174682375607729,0.33302449125228195,,,,0.0,2,0.9629500128629352,-0.10978736401049774,49152.0,491520.0,1,,0,83.1343247503693,0.1296875,3.61378675699234,11.909191224207168,10,2
12.731084744289436,2,1.0,0.0,0.0,0.0,0.0,0.3633180424916991,0.0,0.16799999999999998,100000000.0,0.0,0.0,0.0,0.0,,-0.9878044218151566,0.0,0.0,0.0,0.0,70.97651995718479,0.013256095684353902,0.08370760470147423,0.08370760470147423,88,0.4870703565279401,24.820333366018296,1.0,False,0.12561819981370603,1.1569863771991478,0.2,5,0.0,1.0,0.07,2,12.01130955222336,0.9438071782417251,0.5160697733146432,,,,0.0,2,0.9878044218151566,-0.10466290225759013,49152.0,491520.0,2,,0,83.70760470147422,0.1140625,3.662389427423477,12.731084744289435,10,2
13.271141063326672,2,1.0,0.0,0.0,0.0,0.0,0.2408318915758459,0.0,0.13199999999999998,100000000.0,0.0,0.0,0.0,0.0,,-0.9847319278346618,0.0,0.0,0.0,0.0,69.85214306041598,0.013881543493699048,0.08312328412374265,0.08312328412374265,88,0.3111476676403303,19.265581954068825,1.0,False,0.12443027718757313,1.146045205476892,0.15,5,0.0,1.0,0.07,2,12.724909226013335,0.9164869027966592,0.3395003973224968,,,,0.0,2,0.9847319278346618,-0.10377678065565789,49152.0,491520.0,3,,0,83.12328412374265,0.1234375,3.7352225184440613,13.27114106332667,10,2
13.095315564750845,2,1.0,0.0,0.0,0.0,0.0,0.28982753492378877,0.0,0.15599999999999997,100000000.0,0.0,0.0,0.0,0.0,,-0.9816498172140428,0.0,0.0,0.0,0.0,71.96463737636805,0.013815557662293776,0.08498620175618654,0.08498620175618654,89,0.3504893018349892,20.161816582463633,1.0,False,0.14547762655724772,1.3398984570994932,0.16,5,0.0,1.0,0.07,2,12.63850284461123,0.9392803841422653,0.3731466213414539,,,,0.0,2,0.9816498172140428,-0.11523191415671713,49152.0,491520.0,1,,0,84.98620175618655,0.134375,3.4829419553279877,13.095315564750845,10,2
11.694424295812073,2,1.0,0.0,0.0,0.0,0.0,0.14142135623730948,0.0,0.07399999999999997,100000000.0,0.0,0.0,0.0,0.0,,-0.9122881765308202,0.0,0.0,0.0,0.0,70.48731809481978,0.012115059563472759,0.08218174239063186,0.08218174239063186,89,0.11458852766230086,13.207897865764018,1.0,False,0.12113852259234455,1.11572702523382,0.12,5,0.0,1.0,0.07,2,10.978220698612615,0.6787859660802524,0.16881393161972522,,,,0.0,2,0.9122881765308202,-0.1016601324914882,49152.0,491520.0,2,,0,82.18174239063187,0.128125,3.651701331138611,11.694424295812071,10,2
12.736495996305507,2,1.0,0.0,0.0,0.0,0.0,0.2898275349237887,0.0,0.15599999999999997,100000000.0,0.0,0.0,0.0,0.0,,-0.9785579990862869,0.0,0.0,0.0,0.0,70.75815787538886,0.013447614839605077,0.08349465387169437,0.08349465387169437,89,0.30332209910085356,18.28175686334751,1.0,False,0.1341566351004878,1.2356282724345,0.15,5,0.0,1.0,0.07,2,12.220032997551515,0.914799319436473,0.3315722832934589,,,,0.0,2,0.9785579990862869,-0.10882564448609108,49152.0,491520.0,3,,0,83.49465387169437,0.1140625,3.685311436653137,12.736495996305507,10,2
13.192344141444158,2,1.0000000000000002,0.0,0.0,0.0,0.0,0.28284271247461895,0.0,0.14799999999999996,100000000.0,0.0,0.0,-2.220446049250313e-16,2.220446049250313e-16,,-0.937436866561092,0.0,0.0,0.0,0.0,70.6568080931902,0.013868903821893694,0.08384915223463435,0.08384915223463435,90,0.3215853015212518,19.44584067978801,1.0,False,0.14355671454625119,1.322206203653598,0.15,5,0.0,1.0,0.07,2,12.726499558763654,0.9306710919582712,0.3455413027223057,,,,2.220446049250313e-16,2,0.937436866561092,-0.11370293339044299,49152.0,491520.0,1,0.11171875,0,83.84915223463435,0.1203125,3.529440224170685,13.192344141444158,10,2
10.858356551246816,2,1.0,0.0,0.0,0.0,0.0,0.11832159566199235,0.0,0.05800000000000002,100000000.0,0.0,0.0,0.0,0.0,,-0.937436866561092,0.0,0.0,0.0,0.0,71.30396459251642,0.01146226796930558,0.08216232114376323,0.08216232114376323,90,0.20555155136634318,13.667792504248338,1.0,False,0.1202125301853998,1.1071983199839934,0.13,5,0.0,1.0,0.09,2,10.391966348018883,0.8576266929363685,0.2396748527760598,,,,0.0,2,0.937436866561092,-0.10118742566458153,49152.0,491520.0,2,0.11171875,0,82.16232114376324,0.128125,3.6625694930553436,10.858356551246814,10,2
10.889621641902623,2,1.0,0.0,0.0,0.0,0.0,0.13416407864998736,0.0,0.07400000000000001,100000000.0,0.0,0.0,0.0,0.0,,-0.9629500128629352,0.0,0.0,0.0,0.0,70.78383397310972,0.011522842644465505,0.08139610733492682,0.08139610733492682,90,0.15665682740746883,12.912444181443611,1.0,False,0.12987983089042715,1.1962374499555406,0.12,5,0.0,1.0,0.08,2,10.446238410596408,0.8202164488675644,0.19099449617690284,,,,0.0,2,0.9629500128629352,-0.10563796911267698,49152.0,491520.0,3,0.11171875,0,81.39610733492682,0.146875,3.5742549300193787,10.889621641902623,10,2
11.675288547338933,2,0.9999999999999999,0.0,0.0,0.0,0.0,0.4690415759823431,0.0,0.16,100000000.0,0.0,0.0,1.1102230246251565e-16,0.0,,-0.9045340337332909,0.0,0.0,0.0,0.0,71.13405875861645,0.01231667459927383,0.08273098293503028,0.08273098293503028,91,0.5811616428805018,27.875404315006115,1.0,False,0.13457427988674714,1.2394749230705298,0.24,5,0.0,1.0,0.08,2,11.191072809353635,0.970977816053268,0.5985323591045041,,,,0.0,2,0.9045340337332909,-0.10865263141088871,49152.0,491520.0,1,,0,82.73098293503028,0.1078125,3.684517592191696,11.675288547338935,10,2
11.774565884755505,2,1.0,0.0,0.0,0.0,0.0,0.20976176963403032,0.0,0.11399999999999996,100000000.0,0.0,0.0,0.0,0.0,,-0.9660917830792959,0.0,0.0,0.0,0.0,70.63748687505722,0.012208335000006142,0.08217048698257769,0.08217048698257769,91,0.24530391336410617,15.601731734480548,1.0,False,0.1257258501933314,1.15797787383667,0.14,5,0.0,1.0,0.07,2,11.315582977512765,0.8929148442417928,0.274722628866589,,,,0.0,2,0.9660917830792959,-0.10394816858795455,49152.0,491520.0,2,,0,82.17048698257769,0.1046875,3.7699081897735596,11.774565884755505,10,2
11.310246189957036,2,1.0,0.0,0.0,0.0,0.0,0.15491933384829668,0.0,0.08600000000000001,100000000.0,0.0,0.0,0.0,0.0,,-0.9816498172140428,0.0,0.0,0.0,0.0,70.7929665222764,0.012127290915335754,0.08210321271223343,0.08210321271223343,91,0.20492796898875662,14.22543587097594,1.0,False,0.13111636752780467,1.2076263732682064,0.13,5,0.0,1.0,0.08,2,10.982910301782582,0.8990490957775592,0.22793857415708857,,,,0.0,2,0.9816498172140428,-0.10660979012001906,49152.0,491520.0,3,,0,82.10321271223343,0.109375,3.8100136816501617,11.310246189957036,10,2
12.01740480111054,2,1.0,0.0,0.0,0.0,0.0,0.20493901531919193,0.0,0.10399999999999997,100000000.0,0.0,0.0,0.0,0.0,,-0.9660917830792959,0.0,0.0,0.0,0.0,71.20911544188857,0.012599325176753572,0.08322652024299912,0.08322652024299912,92,0.30942078494707975,17.40192079222892,1.0,False,0.14463675043580135,1.332153701810305,0.15,5,0.0,1.0,0.08,2,11.42536143535487,0.9009390971621953,0.34344251006722043,,,,0.0,2,0.9660917830792959,-0.11393163533940023,49152.0,491520.0,1,,0,83.22652024299911,0.1171875,3.6465660333633423,12.017404801110542,10,2
12.804621327687272,2,1.0,0.0,0.0,0.0,0.0,0.3,0.0,0.15799999999999997,100000000.0,0.0,0.0,0.0,0.0,,-0.9908673886137245,0.0,0.0,0.0,0.0,71.03024097159505,0.01322525659534796,0.08379671924472297,0.08379671924472297,92,0.3948720381249011,21.16018781880419,1.0,False,0.1314036962569791,1.2102727686625503,0.17,5,0.0,1.0,0.07,2,12.23768933002733,0.9364603985785981,0.4216644278009575,,,,0.0,2,0.9908673886137245,-0.10760020775085102,49152.0,491520.0,2,,0,83.79671924472296,0.1390625,3.6713633239269257,12.804621327687272,10,2
11.878816968800468,2,1.0,0.0,0.0,0.0,0.0,0.2144761058952722,0.0,0.094,100000000.0,0.0,0.0,0.0,0.0,,-0.9341987329938275,0.0,0.0,0.0,0.0,73.3156455680728,0.012456754494884785,0.08516666860070439,0.08516666860070439,92,0.375,19.006107150080748,1.0,False,0.12989103499295623,1.196340643553396,0.16,5,0.0,1.0,0.08,2,11.4724049422932,0.9460541423993158,0.3963832334679614,,,,0.0,2,0.9341987329938275,-0.1075288517968303,49152.0,491520.0,3,,0,85.16666860070438,0.1421875,3.594852954149246,11.878816968800468,10,2
12.807791857785421,2,1.0,0.0,0.0,0.0,0.0,0.29325756597230357,0.0,0.15199999999999997,100000000.0,0.0,0.0,0.0,0.0,,-0.937436866561092,0.0,0.0,0.0,0.0,74.8002640902996,0.01347872639754033,0.08731999488696841,0.08731999488696841,93,0.35017571058278146,19.709623149469873,1.0,False,0.13634162715781992,1.2557527929925933,0.16,5,0.0,1.0,0.07,2,12.23365741581166,0.923202638638524,0.37930536149592964,,,,0.0,2,0.937436866561092,-0.11183081102239417,49152.0,491520.0,1,,0,87.31999488696842,0.1171875,3.6089800894260406,12.807791857785421,10,2
10.046213549836331,2,1.0,0.0,0.0,0.0,0.0,0.0632455532033676,0.0,0.032,100000000.0,0.0,0.0,0.0,0.0,,-0.8807710121010885,0.0,0.0,0.0,0.0,74.93944885209203,0.010467608577735403,0.08498566240192836,0.08498566240192836,93,0.09090909090909094,11.050834904819965,1.0,False,0.12810306894621007,1.179872867689327,0.11,5,0.0,1.0,0.09,2,9.670776902385482,0.7279558925867152,0.12488269115599157,,,,0.0,2,0.8807710121010885,-0.10654436567406922,49152.0,491520.0,2,,0,84.98566240192835,0.128125,3.6041118502616882,10.046213549836331,10,2
12.700411845195614,2,1.0,0.0,0.0,0.0,0.0,0.2607680962081059,0.0,0.138,100000000.0,0.0,0.0,0.0,0.0,,-0.9847319278346618,0.0,0.0,0.0,0.0,71.2161585688591,0.013142377033634162,0.08352034840357803,0.08352034840357803,93,0.375,20.32065895231298,1.0,False,0.12574841171984472,1.158185673175169,0.16,5,0.0,1.0,0.07,2,11.969980235441282,0.9125302703505324,0.4109452718274763,,,,0.0,2,0.9847319278346618,-0.10463438006171137,49152.0,491520.0,3,,0,83.52034840357803,0.1203125,3.6112025380134583,12.700411845195614,10,2
10.804970332558861,2,1.0,0.0,0.0,0.0,0.0,0.21908902300206648,0.0,0.10200000000000001,100000000.0,0.0,0.0,0.0,0.0,,-0.9723448696087954,0.0,0.0,0.0,0.0,69.4373925216496,0.011435238092792567,0.08009300114631657,0.08009300114631657,94,0.37499999999999983,17.287952532094174,1.0,False,0.1452931965449771,1.3381997939116732,0.16,5,0.0,1.0,0.08,2,10.353350240807021,0.934874406233899,0.401123399570506,,,,0.0,2,0.9723448696087954,-0.11269309884564684,49152.0,491520.0,1,,0,80.09300114631657,0.1453125,3.5917301177978516,10.80497033255886,10,2
11.109632203414444,2,1.0,0.0,0.0,0.0,0.0,0.13416407864998736,0.0,0.074,100000000.0,0.0,0.0,0.0,0.0,,-0.9629500128629352,0.0,0.0,0.0,0.0,71.52321981266141,0.011530267471075134,0.08246787096372432,0.08246787096372432,94,0.16666666666666666,13.331558644097333,1.0,False,0.12223556383386446,1.1258311484703136,0.12,5,0.0,1.0,0.08,2,10.563423730512293,0.802679966853656,0.20763775545559765,,,,0.0,2,0.9629500128629352,-0.1023517173987944,49152.0,491520.0,2,,0,82.46787096372432,0.1703125,3.6031603515148163,11.109632203414446,10,2
13.306379689697705,2,1.0,0.0,0.0,0.0,0.0,0.16124515496597097,0.0,0.084,100000000.0,0.0,0.0,0.0,0.0,,-0.9341987329938275,0.0,0.0,0.0,0.0,70.83713356405497,0.013752277277400752,0.08414351325375267,0.08414351325375267,94,0.19357859091356017,16.500528805121792,1.0,False,0.13599288372974894,1.2525407473175698,0.13,5,0.0,1.0,0.08,2,12.826867000484429,0.8694728271916663,0.22263903466518314,,,,0.0,2,0.9341987329938275,-0.11006819849175081,49152.0,491520.0,3,,0,84.14351325375267,0.1296875,3.7772249579429626,13.306379689697703,10,2
14.589255666392017,2,1.0000000000000002,0.0,0.0,0.0,0.0,0.6737952211169205,0.0,0.24199999999999994,100000000.0,0.0,0.0,-2.220446049250313e-16,2.220446049250313e-16,,-0.9341987329938275,0.0,0.0,0.0,0.0,70.717578753829,0.015171176042035049,0.08530683442022102,0.08530683442022102,95,0.6626582821108976,43.24770668058341,1.0,False,0.13823683355516053,1.2732082889872471,0.3,5,0.0,1.0,0.07,2,13.844990047549057,0.9746871818637749,0.6798676482476946,,,,2.220446049250313e-16,2,0.9341987329938275,-0.111771833987691,49152.0,491520.0,1,,0,85.30683442022102,0.1390625,3.6229310631752014,14.589255666392019,10,2
10.751355324235087,2,1.0,0.0,0.0,0.0,0.0,0.14832396974191328,0.0,0.08,100000000.0,0.0,0.0,0.0,0.0,,-0.9660917830792959,0.0,0.0,0.0,0.0,70.77730121091008,0.011202691409239093,0.0813937905897267,0.0813937905897267,95,0.1736284460151004,13.01031633094131,1.0,False,0.12794672590238063,1.1784328950408671,0.13,5,0.0,1.0,0.08,2,10.28445410202735,0.8287142991838732,0.20951544601811697,,,,0.0,2,0.9660917830792959,-0.10467025824605367,49152.0,491520.0,2,,0,81.3937905897267,0.1046875,3.7297130823135376,10.751355324235087,10,2
12.070984023692297,2,1.0,0.0,0.0,0.0,0.0,0.17320508075688779,0.0,0.09200000000000003,100000000.0,0.0,0.0,0.0,0.0,,-0.9723448696087954,0.0,0.0,0.0,0.0,69.19287331402302,0.01256011169312816,0.08126385733771531,0.08126385733771531,95,0.2492522607559064,16.078615216139347,1.0,False,0.12809869071982966,1.1798325427341378,0.14,5,0.0,1.0,0.08,2,11.573466118129703,0.8895668279253186,0.2801950937595346,,,,0.0,2,0.9723448696087954,-0.10468127402877248,49152.0,491520.0,3,,0,81.26385733771531,0.1296875,3.6797163784503937,12.070984023692295,10,2
13.709625324351775,2,1.0,0.0,0.0,0.0,0.0,0.5692099788303083,0.0,0.228,100000000.0,0.0,0.0,0.0,0.0,,-0.937436866561092,0.0,0.0,0.0,0.0,70.61644922941923,0.014143494006351356,0.0838784244592477,0.0838784244592477,96,0.6153846153846153,35.645025843314606,1.0,False,0.1478019195232843,1.3613059864408803,0.26,5,0.0,1.0,0.07,2,12.948692795331299,0.9664733273250902,0.6367321249183527,,,,0.0,2,0.937436866561092,-0.115840171991266,49152.0,491520.0,1,,0,83.8784244592477,0.103125,3.5811305940151215,13.709625324351775,10,2
11.337911178164509,2,1.0,0.0,0.0,0.0,0.0,0.16124515496597103,0.0,0.09000000000000001,100000000.0,0.0,0.0,0.0,0.0,,-0.9816498172140428,0.0,0.0,0.0,0.0,69.8749772273004,0.012120881451492609,0.08121288840546491,0.08121288840546491,96,0.20463681621252833,14.255011307128973,1.0,False,0.13076107806743698,1.2043540364076444,0.13,5,0.0,1.0,0.08,2,10.951319807477999,0.8829820003691774,0.23175649801124945,,,,0.0,2,0.9816498172140428,-0.10598698323645095,49152.0,491520.0,2,,0,81.21288840546491,0.1140625,3.7015907764434814,11.337911178164507,10,2
13.14303877211002,2,1.0,0.0,0.0,0.0,0.0,0.25298221281347033,0.0,0.126,100000000.0,0.0,0.0,0.0,0.0,,-0.8986463755309779,0.0,0.0,0.0,0.0,70.69795578718185,0.013553884670320678,0.0834561154171427,0.0834561154171427,96,0.3213562139166067,19.366623612604585,1.0,False,0.1292310872075587,1.1902622998221528,0.16,5,0.0,1.0,0.07,2,12.28989710106882,0.8794440240624682,0.3654083774793838,,,,0.0,2,0.8986463755309779,-0.1063436013123507,49152.0,491520.0,3,,0,83.45611541714271,0.1203125,3.6697103679180145,13.14303877211002,10,2
12.513011474437223,2,1.0,0.0,0.0,0.0,0.0,0.1341640786499874,0.0,0.07200000000000001,100000000.0,0.0,0.0,0.0,0.0,,-0.9723448696087954,0.0,0.0,0.0,0.0,69.86948708072305,0.013094931850080252,0.08212990998238857,0.08212990998238857,97,0.1599506888745898,14.895567806220328,1.0,False,0.13142101465093808,1.2104322769656086,0.13,5,0.0,1.0,0.08,2,11.973513299700716,0.8153702562588092,0.19616939377761575,,,,0.0,2,0.9723448696087954,-0.10677546231666332,49152.0,491520.0,1,,0,82.12990998238857,0.1484375,3.525541216135025,12.513011474437223,10,2
12.638615074846811,2,1.0,0.0,0.0,0.0,0.0,0.21908902300206648,0.0,0.12199999999999998,100000000.0,0.0,0.0,0.0,0.0,,-0.9816498172140428,0.0,0.0,0.0,0.0,70.73416421189904,0.013287964910694049,0.08337277928674586,0.08337277928674586,97,0.25766979635225773,17.02559725138735,1.0,False,0.11965682168887612,1.1020800555834112,0.14,5,0.0,1.0,0.07,2,12.275054578174988,0.9234696914266468,0.2790235551252252,,,,0.0,2,0.9816498172140428,-0.10151480048781099,49152.0,491520.0,2,,0,83.37277928674585,0.146875,3.5867502689361572,12.638615074846813,10,2
13.114343544182637,2,1.0,0.0,0.0,0.0,0.0,0.3255764119219941,0.0,0.15000000000000002,100000000.0,0.0,0.0,0.0,0.0,,-0.9816498172140428,0.0,0.0,0.0,0.0,70.97232947126031,0.013556308732621187,0.08406352376710163,0.08406352376710163,97,0.44914026338968466,23.807046826259292,1.0,False,0.1291120575483583,1.1891659961465568,0.19,5,0.0,1.0,0.07,2,12.475521898036448,0.9436243885802952,0.47597356408456826,,,,0.0,2,0.9816498172140428,-0.10658779065772997,49152.0,491520.0,3,,0,84.06352376710163,0.134375,3.6758855283260345,13.114343544182638,10,2
11.940783543888514,2,1.0,0.0,0.0,0.0,0.0,0.20000000000000004,0.0,0.10799999999999998,100000000.0,0.0,0.0,0.0,0.0,,-0.9816498172140428,0.0,0.0,0.0,0.0,69.67874523252249,0.01254434839078461,0.08136785999057852,0.08136785999057852,98,0.2857142857142858,16.71709696144392,1.0,False,0.1422147419361359,1.3098461791445668,0.14,5,0.0,1.0,0.08,2,11.44217961220147,0.9054764466103622,0.3155402736138008,,,,0.0,2,0.9816498172140428,-0.11179130096335721,49152.0,491520.0,1,,0,81.36785999057852,0.1484375,3.4723404347896576,11.940783543888514,10,2
11.111547654948808,2,1.0,0.0,0.0,0.0,0.0,0.232379000772445,0.0,0.11599999999999996,100000000.0,0.0,0.0,0.0,0.0,,-0.9816498172140428,0.0,0.0,0.0,0.0,71.69201644137502,0.01153294268284788,0.08267552484319714,0.08267552484319714,98,0.33937858754923095,16.81984181185902,1.0,False,0.12766196726362508,1.175810171054068,0.16,5,0.0,1.0,0.07,2,10.50547845339634,0.9040173700583451,0.37541157812855686,,,,0.0,2,0.9816498172140428,-0.10516874605341112,49152.0,491520.0,2,,0,82.67552484319714,0.1296875,3.6946331560611725,11.111547654948808,10,2
11.109420051939408,2,1.0,0.0,0.0,0.0,0.0,0.17320508075688773,0.0,0.096,100000000.0,0.0,0.0,0.0,0.0,,-0.9598789097420161,0.0,0.0,0.0,0.0,72.95496296137571,0.011551385240377956,0.08406438301331512,0.08406438301331512,98,0.16666666666666657,13.331304062327288,1.0,False,0.13117128497724556,1.2081321816699178,0.13,5,0.0,1.0,0.08,2,10.321843869797057,0.738299850552205,0.22574387160177492,,,,0.0,2,0.9598789097420161,-0.10761783399528034,49152.0,491520.0,3,,0,84.06438301331512,0.140625,3.6063809990882874,11.109420051939408,10,2
13.805501387386542,2,1.0,0.0,0.0,0.0,0.0,0.24083189157584592,0.0,0.13199999999999998,100000000.0,0.0,0.0,0.0,0.0,,-0.9816498172140428,0.0,0.0,0.0,0.0,72.73883000016212,0.014446887439321437,0.08654433138754866,0.08654433138754866,99,0.3155210769648032,20.169359380955907,1.0,False,0.13823683355516053,1.2732082889872471,0.15,5,0.0,1.0,0.06,2,13.202192444280103,0.9134068483517215,0.34543322894302075,,,,0.0,2,0.9816498172140428,-0.1123905824713546,49152.0,491520.0,1,,0,86.54433138754867,0.134375,3.621497094631195,13.805501387386542,10,2
12.084986028959028,2,0.9999999999999999,0.0,0.0,0.0,0.0,0.30000000000000004,0.0,0.15,100000000.0,0.0,0.0,1.1102230246251565e-16,0.0,,-0.975456381144309,0.0,0.0,0.0,0.0,74.51582234352827,0.012956014929654393,0.0866008083724873,0.0866008083724873,99,0.4073205092642531,20.390423859541414,1.0,False,0.12206881902836504,1.124295372056405,0.17,5,0.0,1.0,0.07,2,11.655549540773649,0.9508365578583436,0.42838120379142597,,,,0.0,2,0.975456381144309,-0.10433481370042617,49152.0,491520.0,2,,0,86.60080837248731,0.134375,3.573143184185028,12.08498602895903,10,2
11.043802379609945,2,1.0,0.0,0.0,0.0,0.0,0.14832396974191325,0.0,0.08199999999999999,100000000.0,0.0,0.0,0.0,0.0,,-0.9692233691951198,0.0,0.0,0.0,0.0,75.09179972112179,0.011633158679053717,0.08611455596980312,0.08611455596980312,99,0.09645133426309091,12.222697900398012,1.0,False,0.13129608881372332,1.2092816674836064,0.12,5,0.0,1.0,0.08,2,10.466329614747524,0.6712120290599829,0.14369726716335643,,,,0.0,2,0.9692233691951198,-0.10870532239176323,49152.0,491520.0,3,,0,86.11455596980312,0.1578125,3.5661812126636505,11.043802379609946,10,2
13.746073176809588,7,0.9999999999999999,0.0,0.0,0.0,0.0,0.5099019513592786,0.0,0.19400000000000003,100000000.0,0.0,0.0,1.1102230246251565e-16,0.0,,-0.9566355184455129,0.0,0.0,0.0,0.0,75.37678815424442,0.0144170077165645,0.088982211835125,0.088982211835125,100,0.5914296660654057,33.64432518737427,1.0,False,0.1277679999237521,1.176786767944384,0.25,5,0.0,1.0,0.06,2,13.07984746363871,0.9676030812879862,0.6112316894218109,,,,0.0,2,0.9566355184455129,-0.10837510587943855,49152.0,491520.0,1,0.103125,0,88.982211835125,0.14375,3.4962282478809357,13.74607317680959,10,2
54.10869531371037,2,1.0,0.0,0.0,0.0,0.0,0.17888543819998318,0.0,0.096,20000000.0,0.0,0.0,0.0,0.0,,-0.9816498172140428,0.0,0.0,0.0,0.0,70.99473848938942,0.054570311679322775,0.1251034338030998,0.1251034338030998,100,0.26487600609949363,73.60485545657973,1.0,False,0.12396628922425516,1.1417717184062335,0.14,5,0.0,1.0,0.08,2,51.64969568680876,0.8879990101330401,0.2982841231543827,,,,0.0,2,0.9816498172140428,-0.12453486151367749,49152.0,491520.0,2,0.103125,0,125.10343380309979,0.134375,3.579948455095291,54.10869531371037,10,2
13.13723386116027,2,1.0,0.0,0.0,0.0,0.0,0.18973665961010278,0.0,0.104,100000000.0,0.0,0.0,0.0,0.0,,-0.9724227787367284,0.0,0.0,0.0,0.0,72.43521371856332,0.013593135658506554,0.08526587688380738,0.08526587688380738,100,0.2530549766340558,17.587952861591074,1.0,False,0.12696405933985508,1.169382201527847,0.14,5,0.0,1.0,0.07,2,12.267250952135427,0.8364909510381028,0.3025196821555681,,,,0.0,2,0.9724227787367284,-0.10611496811183123,49152.0,491520.0,3,0.103125,0,85.26587688380738,0.140625,3.614636570215225,13.13723386116027,10,2
13.898437539415902,7,1.0,0.0,0.0,0.0,0.0,0.28284271247461895,0.0,0.15999999999999995,100000000.0,0.0,0.0,0.0,0.0,,-0.9908673886137245,0.0,0.0,0.0,0.0,71.15130545571446,0.014539823591350797,0.0849972009428797,0.0849972009428797,101,0.30504827916743443,19.999141124170908,1.0,False,0.14621498173695513,1.3466897492796381,0.15,5,0.0,1.0,0.06,2,13.075515085484954,0.8811428506778317,0.3461961689103778,,,,0.0,2,0.9908673886137245,-0.11560609133991742,49152.0,491520.0,1,,0,84.9972009428797,0.1296875,3.651161253452301,13.898437539415902,10,2
56.56370362970129,2,1.0,0.0,0.0,0.0,0.0,0.2607680962081059,0.0,0.12199999999999997,20000000.0,0.0,0.0,0.0,0.0,,-0.9723448696087954,0.0,0.0,0.0,0.0,70.92205109074712,0.05699747274495192,0.1274857547204484,0.1274857547204484,101,0.39932003852210246,94.16612382163274,1.0,False,0.13407620700625958,1.2348875023111887,0.17,5,0.0,1.0,0.08,2,54.07331635215904,0.9378844377650929,0.4257667815383009,,,,0.0,2,0.9723448696087954,-0.130780980863354,49152.0,491520.0,2,,0,127.4857547204484,0.128125,3.722682625055313,56.56370362970129,10,2
12.579761548571597,2,1.0,0.0,0.0,0.0,0.0,0.2792848008753788,0.0,0.142,100000000.0,0.0,0.0,0.0,0.0,,-0.9785579990862869,0.0,0.0,0.0,0.0,70.25068160146475,0.01317780139473309,0.08281808056582546,0.08281808056582546,101,0.385194204195639,20.46135809782547,1.0,False,0.11860876575324737,1.0924271036874005,0.17,5,0.0,1.0,0.07,2,11.785923065717736,0.908495829901801,0.4239911637649173,,,,0.0,2,0.9785579990862869,-0.10071342315953641,49152.0,491520.0,3,,0,82.81808056582545,0.1171875,3.7480452358722687,12.579761548571598,10,2
11.864091285914899,7,1.0,0.0,0.0,0.0,0.0,0.2489979919597747,0.0,0.11,100000000.0,0.0,0.0,0.0,0.0,,-0.9629500128629352,0.0,0.0,0.0,0.0,70.16089325770736,0.012267168326382957,0.08129231133793631,0.08129231133793631,102,0.411764705882353,20.168955186055328,1.0,False,0.1344146080898058,1.2380042914728948,0.17,5,0.0,1.0,0.08,2,11.17272768528225,0.9231496090363168,0.44604330852958646,,,,0.0,2,0.9629500128629352,-0.10785345971387106,49152.0,491520.0,1,,0,81.29231133793631,0.1296875,3.589332550764084,11.864091285914899,10,2
56.9383933225173,2,1.0,0.0,0.0,0.0,0.0,0.17888543819998318,0.0,0.098,20000000.0,0.0,0.0,0.0,0.0,,-0.9723448696087954,0.0,0.0,0.0,0.0,71.42829475924373,0.05754230474057607,0.1251569681817192,0.1251569681817192,102,0.23076923076923075,74.0199113192725,1.0,False,0.11727492085993668,1.0801419382165867,0.13,5,0.0,1.0,0.08,2,53.37163406115372,0.8272611696958325,0.2789557146192176,,,,0.0,2,0.9723448696087954,-0.12121594452082794,49152.0,491520.0,2,,0,125.15696818171921,0.128125,3.5963815450668335,56.9383933225173,10,2
12.13394192576149,2,1.0,0.0,0.0,0.0,0.0,0.34351128074635334,0.0,0.172,100000000.0,0.0,0.0,0.0,0.0,,-0.9816498172140428,0.0,0.0,0.0,0.0,70.75607404112816,0.012935034565332354,0.08289001596688965,0.08289001596688965,102,0.41032840706437124,20.577457132289034,1.0,False,0.12928170810435588,1.1907285355115895,0.17,5,0.0,1.0,0.07,2,11.761857196543312,0.9577924665445128,0.4284105601130258,,,,0.0,2,0.9816498172140428,-0.10608586203562276,49152.0,491520.0,3,,0,82.89001596688965,0.1453125,3.5893988609313965,12.13394192576149,10,2
11.052227592746751,7,1.0,0.0,0.0,0.0,0.0,0.15491933384829665,0.0,0.08599999999999998,100000000.0,0.0,0.0,0.0,0.0,,-0.9723448696087954,0.0,0.0,0.0,0.0,69.97090298682451,0.011723162132501661,0.08102313057957126,0.08102313057957126,103,0.1388368041657711,12.834068671548604,1.0,False,0.14171867444761885,1.3052772287278536,0.12,5,0.0,1.0,0.08,2,10.725463952045526,0.8450332403798129,0.16429744716713016,,,,0.0,2,0.9723448696087954,-0.11137090251359505,49152.0,491520.0,1,,0,81.02313057957126,0.1015625,3.619495540857315,11.052227592746751,10,2
79.1266110078062,2,1.0,0.0,0.0,0.0,0.0,0.30659419433511786,0.0,0.16599999999999998,20000000.0,0.0,0.0,0.0,0.0,,-0.9816498172140428,0.0,0.0,0.0,0.0,70.8502340130508,0.07954800603570528,0.14955215075576603,0.14955215075576603,103,0.30958878353297986,114.60794541072748,1.0,False,0.12561819981370603,1.1569863771991478,0.15,5,0.0,1.0,0.07,2,75.7554017803479,0.9132306687683046,0.3390039276172464,,,,0.0,2,0.9816498172140428,-0.13758517528473602,49152.0,491520.0,2,,0,149.55215075576604,0.1421875,3.4771229028701782,79.1266110078062,10,2
10.499715561702914,2,1.0,0.0,0.0,0.0,0.0,0.1095445115010332,0.0,0.060000000000000005,100000000.0,0.0,0.0,0.0,0.0,,-0.9629500128629352,0.0,0.0,0.0,0.0,70.2674207277596,0.010941680750141462,0.0803578148534993,0.0803578148534993,103,0.1028525330908193,11.703444471482648,1.0,False,0.1225721755892444,1.1289314573105713,0.12,5,0.0,1.0,0.08,2,9.87626566370079,0.6587909758219161,0.15612316632373288,,,,0.0,2,0.9629500128629352,-0.10146499522137184,49152.0,491520.0,3,,0,80.35781485349929,0.140625,3.530325084924698,10.499715561702914,10,2
10.677843192316399,7,1.0,0.0,0.0,0.0,0.0,0.07745966692414834,0.0,0.042,100000000.0,0.0,0.0,0.0,0.0,,-0.9438798074485388,0.0,0.0,0.0,0.0,70.28914708644152,0.011148863471521568,0.08096699027875792,0.08096699027875792,104,0.041345697386875865,11.138366732627667,1.0,False,0.14766096690772487,1.3600077648752578,0.11,5,0.0,1.0,0.09,2,10.169387115408291,0.4752664887139794,0.08699476687016779,,,,0.0,2,0.9438798074485388,-0.1143139785932414,49152.0,491520.0,1,,0,80.96699027875792,0.1203125,3.599665731191635,10.6778431923164,10,2
55.49408626088366,2,1.0,0.0,0.0,0.0,0.0,0.17320508075688776,0.0,0.09000000000000002,20000000.0,0.0,0.0,0.0,0.0,,-0.9629500128629352,0.0,0.0,0.0,0.0,70.52343199029565,0.05595570262649607,0.12601751825117932,0.12601751825117932,104,0.23436953305160924,72.48155429612021,1.0,False,0.12593683039229298,1.1599210732808531,0.14,5,0.0,1.0,0.08,2,52.91692592526373,0.8682745060744995,0.2699256184673697,,,,0.0,2,0.9629500128629352,-0.12597717432173616,49152.0,491520.0,2,,0,126.01751825117933,0.1453125,3.5791027545928955,55.49408626088367,10,2
16.698362324813633,2,1.0,0.0,0.0,0.0,0.0,0.7252585745787496,0.0,0.3,100000000.0,0.0,0.0,0.0,0.0,,-0.937436866561092,0.0,0.0,0.0,0.0,69.52733499929309,0.017190112044927024,0.08536933573137437,0.08536933573137437,104,0.6666666666666666,50.09508697444089,1.0,False,0.136666458907832,1.2587446039738293,0.3,5,0.0,1.0,0.05,2,15.693977286248707,0.9708037023320306,0.6867162383757122,,,,0.0,2,0.937436866561092,-0.11101789731960318,49152.0,491520.0,3,,0,85.36933573137436,0.13125,3.633845806121826,16.698362324813633,10,2
14.125348709099496,7,1.0,0.0,0.0,0.0,0.0,0.34351128074635334,0.0,0.174,100000000.0,0.0,0.0,0.0,0.0,,-0.9660917830792959,0.0,0.0,0.0,0.0,69.53731086105108,0.014636994791480536,0.08366265957015058,0.08366265957015058,105,0.39216896099655874,23.23893944649234,1.0,False,0.13600056935013707,1.2526115344973143,0.17,5,0.0,1.0,0.07,2,13.570726653234512,0.9426344798439116,0.4160350267067432,,,,0.0,2,0.9660917830792959,-0.10983161446014383,49152.0,491520.0,1,,0,83.66265957015058,0.1328125,3.5081684589385986,14.125348709099494,10,2
57.94774858937105,2,1.0,0.0,0.0,0.0,0.0,0.17320508075688776,0.0,0.09400000000000001,20000000.0,0.0,0.0,0.0,0.0,,-0.9785579990862869,0.0,0.0,0.0,0.0,70.6947990693152,0.05864693886102862,0.12864254765868624,0.12864254765868624,105,0.1802525156166545,70.68975470289148,1.0,False,0.11810894935369055,1.0878236245239865,0.13,5,0.0,1.0,0.08,2,55.50208627549473,0.8389705223308248,0.21484964110047353,,,,0.0,2,0.9785579990862869,-0.1233757485061884,49152.0,491520.0,2,,0,128.64254765868625,0.15625,3.5329394340515137,57.947748589371045,10,2
12.897567039740437,2,1.0,0.0,0.0,0.0,0.0,0.3768288736283355,0.0,0.17800000000000002,100000000.0,0.0,0.0,0.0,0.0,,-0.9816498172140428,0.0,0.0,0.0,0.0,70.22739853709936,0.013462792062570492,0.08262470211765058,0.08262470211765058,105,0.48805998921717914,25.193512458653952,1.0,False,0.12324908539487996,1.135166027021603,0.2,5,0.0,1.0,0.07,2,12.113702953388156,0.9400706802314891,0.5191737169134942,,,,0.0,2,0.9816498172140428,-0.10293689375626527,49152.0,491520.0,3,,0,82.62470211765057,0.1265625,3.665788173675537,12.897567039740437,10,2
11.070253912937815,7,1.0,0.0,0.0,0.0,0.0,0.17888543819998318,0.0,0.076,100000000.0,0.0,0.0,0.0,0.0,,-0.8842048302391148,0.0,0.0,0.0,0.0,71.13288808614016,0.011681233765329507,0.08220314199907797,0.08220314199907797,106,0.3268915857456629,16.446464905956248,1.0,False,0.14157145258416162,1.303921265255216,0.15,5,0.0,1.0,0.09,2,10.625546516208559,0.9236018499224254,0.3539312808577841,,,,0.0,2,0.8842048302391148,-0.1118872972916198,49152.0,491520.0,1,,0,82.20314199907797,0.15,3.500740021467209,11.070253912937813,10,2
61.402863378791466,2,1.0,0.0,0.0,0.0,0.0,0.2408318915758459,0.0,0.13399999999999995,20000000.0,0.0,0.0,0.0,0.0,,-0.9908673886137245,0.0,0.0,0.0,0.0,70.3065562993288,0.06182425840669053,0.13170941967812025,0.13170941967812025,106,0.3009915148392931,87.84280117096793,1.0,False,0.12794672590238063,1.1784328950408671,0.15,5,0.0,1.0,0.07,2,58.815428341940745,0.9108622384777687,0.3304468031766358,,,,0.0,2,0.9908673886137245,-0.12982807279025044,49152.0,491520.0,2,,0,131.70941967812024,0.165625,3.561871588230133,61.40286337879145,10,2
10.703502620733957,2,1.0,0.0,0.0,0.0,0.0,0.1341640786499874,0.0,0.07200000000000001,100000000.0,0.0,0.0,0.0,0.0,,-0.9723448696087954,0.0,0.0,0.0,0.0,69.96640749275684,0.011268727643564009,0.0806699101134908,0.0806699101134908,106,0.176560444827967,12.998528615130446,1.0,False,0.12535910804931838,1.1546000538615617,0.13,5,0.0,1.0,0.08,2,9.970930453883918,0.7580352055213221,0.23291852877273878,,,,0.0,2,0.9723448696087954,-0.10301450908140458,49152.0,491520.0,3,,0,80.6699101134908,0.1296875,3.6108293533325195,10.703502620733955,10,2
13.288716208718027,7,1.0,0.0,0.0,0.0,0.0,0.23664319132398465,0.0,0.118,100000000.0,0.0,0.0,0.0,0.0,,-0.9723448696087954,0.0,0.0,0.0,0.0,69.34052146971226,0.013722584890717609,0.08262923767843028,0.08262923767843028,107,0.320186149730455,19.547580861215277,1.0,False,0.14595384924504562,1.3442846301469693,0.15,5,0.0,1.0,0.08,2,12.520418851259729,0.8906674762343844,0.3594901108145956,,,,0.0,2,0.9723448696087954,-0.11429154346173795,49152.0,491520.0,1,,0,82.62923767843027,0.1828125,3.434231251478195,13.288716208718025,10,2
62.88037622509926,2,0.9999999999999999,0.0,0.0,0.0,0.0,0.38987177379235854,0.0,0.17200000000000001,20000000.0,0.0,0.0,1.1102230246251565e-16,0.0,,-0.9816498172140428,0.0,0.0,0.0,0.0,71.28393277525902,0.06330177125299834,0.13374315824924143,0.13374315824924143,107,0.5169816217249876,130.18216087276406,1.0,False,0.13035799010055207,1.2006414590327865,0.21,5,0.0,1.0,0.06,2,60.47929907341382,0.9655526747438679,0.535425601572827,,,,0.0,2,0.9816498172140428,-0.13205057417489674,49152.0,491520.0,2,,0,133.74315824924145,0.1359375,3.6166285276412964,62.88037622509926,10,2
13.014352264454732,2,0.9999999999999999,0.0,0.0,0.0,0.0,0.4147288270665544,0.0,0.16999999999999998,100000000.0,0.0,0.0,1.1102230246251565e-16,0.0,,-0.9660917830792959,0.0,0.0,0.0,0.0,70.01936249434948,0.013506101984568126,0.08303371475880421,0.08303371475880421,107,0.5434824148910118,28.507888171159294,1.0,False,0.1354439417579043,1.247484804912417,0.22,5,0.0,1.0,0.07,2,12.218727507150172,0.9511561845502271,0.5713913484650348,,,,0.0,2,0.9660917830792959,-0.10923882825835426,49152.0,491520.0,3,,0,83.03371475880421,0.14375,3.5408001840114594,13.014352264454734,10,2
11.864510882159367,7,1.0,0.0,0.0,0.0,0.0,0.15491933384829668,0.0,0.08600000000000001,100000000.0,0.0,0.0,0.0,0.0,,-0.950780326106683,0.0,0.0,0.0,0.0,72.48870003968477,0.012446431257802395,0.0842656873213883,0.0842656873213883,108,0.17466279651937325,14.375349653601146,1.0,False,0.13644040327062618,1.2566625546121597,0.13,5,0.0,1.0,0.08,2,11.228278937344433,0.7978336039516454,0.218921333539066,,,,0.0,2,0.950780326106683,-0.11035304529600723,49152.0,491520.0,1,,0,84.2656873213883,0.125,3.561257779598236,11.864510882159367,10,2
76.68292171802078,2,1.0000000000000002,0.0,0.0,0.0,0.0,0.8706319543871563,0.0,0.29599999999999993,20000000.0,0.0,0.0,-2.220446049250313e-16,2.220446049250313e-16,,-0.9341987329938275,0.0,0.0,0.0,0.0,75.2423438243568,0.07738211198967837,0.15192526554237756,0.15192526554237756,108,0.7204791740048657,274.3370603783047,1.0,False,0.13002950149875483,1.1976159672019193,0.36,5,0.0,1.0,0.06,2,74.15507863934333,0.9873722746836738,0.7296935436390362,,,,2.220446049250313e-16,2,0.9341987329938275,-0.14097738352056643,49152.0,491520.0,2,,0,151.92526554237756,0.175,3.497131645679474,76.68292171802078,10,2
12.643344084126506,2,1.0,0.0,0.0,0.0,0.0,0.21908902300206645,0.0,0.12199999999999997,100000000.0,0.0,0.0,0.0,0.0,,-0.9908673886137245,0.0,0.0,0.0,0.0,73.88784410431981,0.013054189982337164,0.08653118818844632,0.08653118818844632,108,0.14641313871839884,14.812018152603011,1.0,False,0.12468025115452527,1.1483475507966543,0.13,5,0.0,1.0,0.06,2,11.717688722968997,0.7008542942155351,0.20890667279463382,,,,0.0,2,0.9908673886137245,-0.1056057196714858,49152.0,491520.0,3,,0,86.53118818844632,0.14375,3.591647446155548,12.643344084126506,10,2
12.539893106112352,7,1.0,0.0,0.0,0.0,0.0,0.18973665961010275,0.0,0.108,100000000.0,0.0,0.0,0.0,0.0,,-0.9908673886137245,0.0,0.0,0.0,0.0,72.59034691378474,0.012973761788111934,0.0851302400198971,0.0851302400198971,109,0.20307924096830396,15.735432869572922,1.0,False,0.1403474510872459,1.2926477948528134,0.13,5,0.0,1.0,0.07,2,11.723601031098719,0.796528840719284,0.25495528923336747,,,,0.0,2,0.9908673886137245,-0.1127388455535715,49152.0,491520.0,1,,0,85.13024001989709,0.1265625,3.593263477087021,12.539893106112352,10,2
53.35916313225724,2,1.0,0.0,0.0,0.0,0.0,0.17320508075688773,0.0,0.094,20000000.0,0.0,0.0,0.0,0.0,,-0.9629500128629352,0.0,0.0,0.0,0.0,73.10833875089884,0.05379293224750788,0.12615375389703565,0.12615375389703565,109,0.23076923076923078,69.36691207193441,1.0,False,0.13474002351702108,1.2410014783198398,0.13,5,0.0,1.0,0.08,2,51.36413925731959,0.8891824112051193,0.25952968464194714,,,,0.0,2,0.9629500128629352,-0.13044688870702836,49152.0,491520.0,2,,0,126.15375389703564,0.146875,3.5578143298625946,53.359163132257244,10,2
12.409590347814357,2,1.0,0.0,0.0,0.0,0.0,0.20000000000000004,0.0,0.10799999999999998,100000000.0,0.0,0.0,0.0,0.0,,-0.9816498172140428,0.0,0.0,0.0,0.0,79.82561364769936,0.012855487935517407,0.09223520399551371,0.09223520399551371,109,0.22111808044645284,15.932569541385037,1.0,False,0.1341226954038132,1.2353156762760051,0.14,5,0.0,1.0,0.08,2,11.82444489935029,0.8575638522558934,0.2578444507249032,,,,0.0,2,0.9816498172140428,-0.11317894969966345,49152.0,491520.0,3,,0,92.23520399551371,0.1453125,3.5489583015441895,12.409590347814358,10,2
13.114552348300323,7,1.0,0.0,0.0,0.0,0.0,0.2932575659723036,0.0,0.154,100000000.0,0.0,0.0,0.0,0.0,,-0.9908673886137245,0.0,0.0,0.0,0.0,72.10407825186849,0.013755938400235217,0.085094264219185,0.085094264219185,110,0.40592708726195886,22.075661197640297,1.0,False,0.13143125859257507,1.2105266271548358,0.17,5,0.0,1.0,0.07,2,12.658797888858283,0.9516023069999315,0.4265721975198911,,,,0.0,2,0.9908673886137245,-0.10826276140588004,49152.0,491520.0,1,0.10859375,0,85.094264219185,0.1359375,3.490501433610916,13.114552348300322,10,2
69.18584265283918,2,0.9999999999999999,0.0,0.0,0.0,0.0,0.2144761058952722,0.0,0.11199999999999997,20000000.0,0.0,0.0,1.1102230246251565e-16,0.0,,-0.9723448696087954,0.0,0.0,0.0,0.0,70.91531343758106,0.06978975407089796,0.14010115609042026,0.14010115609042026,110,0.3291655998162548,103.13401136538138,1.0,False,0.1285791255935221,1.1842575114474128,0.15,5,0.0,1.0,0.08,2,66.6617007132084,0.9307929249752539,0.35363998907168964,,,,0.0,2,0.9723448696087954,-0.13434014084197118,49152.0,491520.0,2,0.10859375,0,140.10115609042026,0.1296875,3.5976476967334747,69.1858426528392,10,2
14.165801713292806,2,1.0,0.0,0.0,0.0,0.0,0.34351128074635334,0.0,0.136,100000000.0,0.0,0.0,0.0,0.0,,-0.9341987329938275,0.0,0.0,0.0,0.0,71.580417919904,0.014731026736122858,0.0857462196331968,0.0857462196331968,110,0.4799113135508025,27.237281029908594,1.0,False,0.13432996566197894,1.237224705902699,0.2,5,0.0,1.0,0.07,2,13.556491140260569,0.9554623250596598,0.5022817760196212,,,,0.0,2,0.9341987329938275,-0.11003809264758788,49152.0,491520.0,3,0.10859375,0,85.7462196331968,0.1484375,3.5219641625881195,14.165801713292806,10,2
10.755455395946395,7,1.0,0.0,0.0,0.0,0.0,0.08944271909999159,0.0,0.046000000000000006,100000000.0,0.0,0.0,0.0,0.0,,-0.9244162777371753,0.0,0.0,0.0,0.0,71.34604267776012,0.011189324077945978,0.08178244790909957,0.08178244790909957,111,0.08607597813887785,11.768434945001118,1.0,False,0.12584605766839435,1.1590850255972556,0.12,5,0.0,1.0,0.09,2,10.024620822747329,0.5808988103304832,0.14817723260598137,,,,0.0,2,0.9244162777371753,-0.10381425278874695,49152.0,491520.0,1,,0,81.78244790909957,0.1015625,3.6443996727466583,10.755455395946395,10,2
59.40452159103663,2,1.0,0.0,0.0,0.0,0.0,0.38987177379235854,0.0,0.16799999999999998,20000000.0,0.0,0.0,0.0,0.0,,-0.9660917830792959,0.0,0.0,0.0,0.0,71.85856672003865,0.05983829070628727,0.13126308831107528,0.13126308831107528,111,0.4979402419415909,118.32161538054513,1.0,False,0.12396628922425516,1.1417717184062335,0.21,5,0.0,1.0,0.07,2,56.05124804011263,0.9461497708437848,0.5262805713069331,,,,0.0,2,0.9660917830792959,-0.1276146887676652,49152.0,491520.0,2,,0,131.26308831107528,0.1078125,3.7270492613315582,59.40452159103663,10,2
11.533486846775242,2,1.0,0.0,0.0,0.0,0.0,0.2792848008753788,0.0,0.126,100000000.0,0.0,0.0,0.0,0.0,,-0.9244162777371753,0.0,0.0,0.0,0.0,71.4940088801086,0.011944098861034605,0.08273237006581405,0.08273237006581405,111,0.375,18.453578954840385,1.0,False,0.13129608881372332,1.2092816674836064,0.16,5,0.0,1.0,0.08,2,10.93814569457587,0.920784187473655,0.4072615549892133,,,,0.0,2,0.9244162777371753,-0.10701422943976868,49152.0,491520.0,3,,0,82.73237006581405,0.1390625,3.6264182031154633,11.533486846775242,10,2
12.8700232052587,7,1.0,0.0,0.0,0.0,0.0,0.21908902300206648,0.0,0.114,100000000.0,0.0,0.0,0.0,0.0,,-0.9723448696087954,0.0,0.0,0.0,0.0,71.08801603317261,0.01330389188725828,0.0839580392384313,0.0839580392384313,112,0.2532181932392611,17.233980647016647,1.0,False,0.14621498173695513,1.3466897492796381,0.14,5,0.0,1.0,0.08,2,12.146488936916265,0.8577817302569799,0.2952011966533728,,,,0.0,2,0.9723448696087954,-0.11508651048769322,49152.0,491520.0,1,,0,83.9580392384313,0.1484375,3.508402109146118,12.870023205258699,10,2
56.98762005347879,2,0.9999999999999999,0.0,0.0,0.0,0.0,0.16124515496597097,0.0,0.08800000000000001,20000000.0,0.0,0.0,1.1102230246251565e-16,0.0,,-0.9566355184455129,0.0,0.0,0.0,0.0,73.39169410988688,0.057424188697777434,0.12985073991190543,0.12985073991190543,112,0.1666666666666668,68.38514406417457,1.0,False,0.1225007180204007,1.128273308779367,0.12,5,0.0,1.0,0.07,2,52.86797341218957,0.7345104507977924,0.22690850277983238,,,,0.0,2,0.9566355184455129,-0.12617572896615306,49152.0,491520.0,2,,0,129.85073991190544,0.171875,3.5143513679504395,56.98762005347879,10,2
14.843462839253377,2,0.9999999999999999,0.0,0.0,0.0,0.0,0.6434283176858165,0.0,0.24399999999999997,100000000.0,0.0,0.0,1.1102230246251565e-16,0.0,,-0.9816498172140428,0.0,0.0,0.0,0.0,70.8508207462728,0.015272257058355772,0.08567718021692552,0.08567718021692552,112,0.6551724137931034,43.04604223383479,1.0,False,0.12235203955597285,1.1269039295160037,0.29,5,0.0,1.0,0.06,2,14.050742225619233,0.9726603755294985,0.6735880583563811,,,,0.0,2,0.9816498172140428,-0.10401460988644919,49152.0,491520.0,3,,0,85.67718021692552,0.1546875,3.501061975955963,14.843462839253379,10,2
12.001069529923983,7,1.0,0.0,0.0,0.0,0.0,0.21908902300206645,0.0,0.12199999999999998,100000000.0,0.0,0.0,0.0,0.0,,-0.9816498172140428,0.0,0.0,0.0,0.0,71.08108513057232,0.012677629210373518,0.08271538751642872,0.08271538751642872,113,0.21381408743767014,15.264925685084089,1.0,False,0.12741843169644926,1.1735671255876965,0.13,5,0.0,1.0,0.07,2,11.517936212542022,0.8710609354730348,0.24546398389632426,,,,0.0,2,0.9816498172140428,-0.105066909606439,49152.0,491520.0,1,,0,82.71538751642872,0.1203125,3.4975462555885315,12.001069529923983,10,2
65.02346774278465,2,1.0,0.0,0.0,0.0,0.0,0.32557641192199405,0.0,0.158,20000000.0,0.0,0.0,0.0,0.0,,-0.9472718132790499,0.0,0.0,0.0,0.0,71.07632840052247,0.06544486277068372,0.13530531058238432,0.13530531058238432,113,0.4326096044002071,114.6009312936075,1.0,False,0.12530561640997281,1.154107377656134,0.18,5,0.0,1.0,0.07,2,61.82481780643913,0.9393920900006552,0.4605208080897354,,,,0.0,2,0.9472718132790499,-0.13030546349617855,49152.0,491520.0,2,,0,135.30531058238432,0.1625,3.483174651861191,65.02346774278465,10,2
12.441349550031637,2,1.0,0.0,0.0,0.0,0.0,0.34641016151377546,0.0,0.17,100000000.0,0.0,0.0,0.0,0.0,,-0.9660917830792959,0.0,0.0,0.0,0.0,71.16995844990015,0.013066393314681415,0.08331356933608221,0.08331356933608221,113,0.46874249654796624,23.41868014887237,1.0,False,0.12461547469072941,1.1477509375170014,0.19,5,0.0,1.0,0.06,2,11.915433146204874,0.9542810474551395,0.49119962907992437,,,,0.0,2,0.9660917830792959,-0.10396452201340581,49152.0,491520.0,3,,0,83.31356933608221,0.1421875,3.5421966910362244,12.441349550031639,10,2
11.054819173733161,7,1.0,0.0,0.0,0.0,0.0,0.18973665961010275,0.0,0.09200000000000003,100000000.0,0.0,0.0,0.0,0.0,,-0.9629500128629352,0.0,0.0,0.0,0.0,71.03131106123328,0.011692378440894383,0.08191830067191286,0.08191830067191286,114,0.30078070304089605,15.810231813982298,1.0,False,0.14265732056252015,1.3139224789349275,0.15,5,0.0,1.0,0.08,2,10.585057676017938,0.9100964895500622,0.33049320208849225,,,,0.0,2,0.9629500128629352,-0.1122878106172165,49152.0,491520.0,1,,0,81.91830067191286,0.1375,3.6748280227184296,11.054819173733161,10,2
60.77093434399971,2,1.0,0.0,0.0,0.0,0.0,0.24899799195977465,0.0,0.12199999999999998,20000000.0,0.0,0.0,0.0,0.0,,-0.9566355184455129,0.0,0.0,0.0,0.0,70.56541042402387,0.061295945284064186,0.13116136136780143,0.13116136136780143,114,0.35406826539211506,94.0825958657859,1.0,False,0.12288919610614805,1.1318513241761539,0.16,5,0.0,1.0,0.08,2,58.70398978804945,0.9415764275333905,0.37603773314467237,,,,0.0,2,0.9566355184455129,-0.12702527873697475,49152.0,491520.0,2,,0,131.16136136780142,0.159375,3.5014354586601257,60.77093434399971,10,2
13.629051351198331,2,1.0,0.0,0.0,0.0,0.0,0.38987177379235854,0.0,0.184,100000000.0,0.0,0.0,0.0,0.0,,-0.9347251667455524,0.0,0.0,0.0,0.0,70.96287934109569,0.014039897249408989,0.08459193069229401,0.08459193069229401,114,0.4762052631608419,26.019832565410848,1.0,False,0.12535910804931838,1.1546000538615617,0.2,5,0.0,1.0,0.07,2,12.737574274952975,0.9328821156199166,0.5104667086949085,,,,0.0,2,0.9347251667455524,-0.1049755193708062,49152.0,491520.0,3,,0,84.59193069229401,0.1578125,3.5146226286888123,13.629051351198331,10,2
11.816092492946751,7,1.0000000000000002,0.0,0.0,0.0,0.0,0.35496478698597694,0.0,0.15799999999999995,100000000.0,0.0,0.0,-2.220446049250313e-16,2.220446049250313e-16,,-0.9816498172140428,0.0,0.0,0.0,0.0,71.94101996719837,0.012457478544881646,0.08375711246014513,0.08375711246014513,115,0.47324610788810434,22.431903531975646,1.0,False,0.13139830713548784,1.2102231330193098,0.2,5,0.0,1.0,0.07,2,11.373981198651352,0.9600185929174917,0.49295514834760834,,,,2.220446049250313e-16,2,0.9816498172140428,-0.1075777097978167,49152.0,491520.0,1,,0,83.75711246014512,0.0984375,3.6894411146640778,11.816092492946751,10,2
51.67504579154294,2,1.0,0.0,0.0,0.0,0.0,0.17888543819998318,0.0,0.09600000000000002,20000000.0,0.0,0.0,0.0,0.0,,-0.9597979585371711,0.0,0.0,0.0,0.0,71.73039484769106,0.052157179846821805,0.12298994774153676,0.12298994774153676,115,0.22834585750732425,66.96658897549224,1.0,False,0.12212078023450701,1.1247739524511111,0.13,5,0.0,1.0,0.08,2,50.45882341057629,0.9263242274562282,0.24650748705383974,,,,0.0,2,0.9597979585371711,-0.12255536398802189,49152.0,491520.0,2,,0,122.98994774153677,0.1359375,3.519470751285553,51.67504579154294,10,2
11.485192496642943,2,1.0,0.0,0.0,0.0,0.0,0.16733200530681508,0.0,0.09200000000000001,100000000.0,0.0,0.0,0.0,0.0,,-0.9660917830792959,0.0,0.0,0.0,0.0,71.13291742280126,0.012020853041186405,0.0824314353902468,0.0824314353902468,115,0.17398694775487283,13.904371686895093,1.0,False,0.1322936739271887,1.218469765928639,0.13,5,0.0,1.0,0.07,2,10.976087975072959,0.8261423510588758,0.2106016566417057,,,,0.0,2,0.9660917830792959,-0.10736255465871775,49152.0,491520.0,3,,0,82.4314353902468,0.1421875,3.56037300825119,11.485192496642945,10,2
10.967552094817982,7,1.0,0.0,0.0,0.0,0.0,0.14142135623730948,0.0,0.08,100000000.0,0.0,0.0,0.0,0.0,,-0.9847319278346618,0.0,0.0,0.0,0.0,71.24084746465087,0.01137062913528604,0.08181388764367453,0.08181388764367453,116,0.12847783546376543,12.584363933709218,1.0,False,0.13624376235188712,1.2548514248195148,0.12,5,0.0,1.0,0.08,2,10.324769355338058,0.7155318278629976,0.17955572409333131,,,,0.0,2,0.9847319278346618,-0.10902882499778083,49152.0,491520.0,1,,0,81.81388764367453,0.1109375,3.5667616426944733,10.967552094817982,10,2
52.04158507258503,2,0.9999999999999999,0.0,0.0,0.0,0.0,0.161245154965971,0.0,0.09000000000000002,20000000.0,0.0,0.0,1.1102230246251565e-16,0.0,,-0.9816498172140428,0.0,0.0,0.0,0.0,70.94541052356362,0.05247815371688367,0.12298699559614865,0.12298699559614865,116,0.19987267922656612,65.04162990245057,1.0,False,0.12242716063003121,1.1275958201771896,0.13,5,0.0,1.0,0.08,2,49.45280908773056,0.833933816058109,0.2396745105880667,,,,0.0,2,0.9816498172140428,-0.12270707811308992,49152.0,491520.0,2,,0,122.98699559614865,0.128125,3.7070499062538147,52.04158507258503,10,2
12.26955498567516,2,1.0,0.0,0.0,0.0,0.0,0.14832396974191328,0.0,0.08,100000000.0,0.0,0.0,0.0,0.0,,-0.9660917830792959,0.0,0.0,0.0,0.0,70.7951788790524,0.012711520174113708,0.08274174818165436,0.08274174818165436,116,0.18007997671349685,14.96433144356548,1.0,False,0.12435470353795026,1.1453491464407128,0.13,5,0.0,1.0,0.08,2,11.528113240350944,0.784227397250091,0.22962724503753743,,,,0.0,2,0.9660917830792959,-0.1035482258598023,49152.0,491520.0,3,,0,82.74174818165436,0.1578125,3.4377401769161224,12.26955498567516,10,2
11.356616692747851,7,1.0,0.0,0.0,0.0,0.0,0.10954451150103323,0.0,0.058,100000000.0,0.0,0.0,0.0,0.0,,-0.9244162777371753,0.0,0.0,0.0,0.0,71.18089264258742,0.011887564293987473,0.08253750933533527,0.08253750933533527,117,0.11264969996140826,12.798346596889571,1.0,False,0.131821864783166,1.214124243121579,0.12,5,0.0,1.0,0.09,2,10.8620045856992,0.7445636647915387,0.1512962628829701,,,,0.0,2,0.9244162777371753,-0.10717968705925063,49152.0,491520.0,1,,0,82.53750933533527,0.1328125,3.5349333584308624,11.35661669274785,10,2
66.67608986913532,2,1.0,0.0,0.0,0.0,0.0,0.28284271247461895,0.0,0.15199999999999997,20000000.0,0.0,0.0,0.0,0.0,,-0.9847319278346618,0.0,0.0,0.0,0.0,70.74803579598665,0.06711265851343397,0.13742412566512197,0.13742412566512197,117,0.3333333333333332,100.01413480370297,1.0,False,0.11727492085993668,1.0801419382165867,0.15,5,0.0,1.0,0.07,2,62.87620680706335,0.8976818776099785,0.3713267936530168,,,,0.0,2,0.9847319278346618,-0.12734952326252932,49152.0,491520.0,2,,0,137.42412566512198,0.1515625,3.5304199755191803,66.67608986913532,10,2
12.50078552448914,2,1.0,0.0,0.0,0.0,0.0,0.22803508501982764,0.0,0.098,100000000.0,0.0,0.0,0.0,0.0,,-0.812776759390954,0.0,0.0,0.0,0.0,70.5113303847611,0.012911631422699797,0.08228830099757448,0.08228830099757448,117,0.3333333333333332,18.75117828673371,1.0,False,0.12709387952711543,1.1705778896396686,0.15,5,0.0,1.0,0.08,2,11.749395668507182,0.8926859205788543,0.3734049408073851,,,,0.0,2,0.812776759390954,-0.10469109026234495,49152.0,491520.0,3,,0,82.28830099757448,0.1546875,3.5755133032798767,12.500785524489139,10,2
12.590260350908322,7,1.0,0.0,0.0,0.0,0.0,0.37682887362833545,0.0,0.18000000000000002,100000000.0,0.0,0.0,0.0,0.0,,-0.9816498172140428,0.0,0.0,0.0,0.0,71.17365766316652,0.013086054903952163,0.08350151917613802,0.08350151917613802,118,0.49049083484670314,24.710566976985135,1.0,False,0.14394022427452258,1.3257384587869416,0.2,5,0.0,1.0,0.07,2,12.088944611621907,0.9602811964441159,0.5107783393686888,,,,0.0,2,0.9816498172140428,-0.1137208717253303,49152.0,491520.0,1,,0,83.50151917613802,0.1453125,3.4029155671596527,12.590260350908322,10,2
60.22747197227809,2,1.0,0.0,0.0,0.0,0.0,0.2683281572999748,0.0,0.13,20000000.0,0.0,0.0,0.0,0.0,,-0.9660917830792959,0.0,0.0,0.0,0.0,70.44470449909568,0.060831383390336856,0.12946672941988888,0.12946672941988888,118,0.39608639500925286,99.7286225621641,1.0,False,0.12683262427151049,1.1681716398115793,0.17,5,0.0,1.0,0.08,2,57.446319661561944,0.9342241997259677,0.4239735976925403,,,,0.0,2,0.9660917830792959,-0.12814967684569967,49152.0,491520.0,2,,0,129.46672941988888,0.1703125,3.480638951063156,60.22747197227809,10,2
11.978507984857629,2,1.0,0.0,0.0,0.0,0.0,0.16733200530681516,0.0,0.08600000000000001,100000000.0,0.0,0.0,0.0,0.0,,-0.9341987329938275,0.0,0.0,0.0,0.0,71.22077839449048,0.012470257704971021,0.08305023404223376,0.08305023404223376,118,0.17714871492932824,14.5573181961171,1.0,False,0.13432996566197894,1.237224705902699,0.13,5,0.0,1.0,0.08,2,11.203257847842535,0.7688621978987626,0.23040372567862116,,,,0.0,2,0.9341987329938275,-0.10869009985210634,49152.0,491520.0,3,,0,83.05023404223375,0.13125,3.59588623046875,11.978507984857629,10,2
14.792083312357953,7,0.9999999999999999,0.0,0.0,0.0,0.0,0.3974921382870358,0.0,0.18400000000000002,100000000.0,0.0,0.0,1.1102230246251565e-16,0.0,,-0.9908673886137245,0.0,0.0,0.0,0.0,70.6739416345954,0.015225951994357535,0.08546602494695335,0.08546602494695335,119,0.5018725267044405,29.695377399072314,1.0,False,0.1358239917736812,1.250985194916097,0.21,5,0.0,1.0,0.06,2,14.110263773339044,0.9562518724346593,0.5248329871780026,,,,0.0,2,0.9908673886137245,-0.11064500836031728,49152.0,491520.0,1,,0,85.46602494695335,0.1484375,3.5050068497657776,14.792083312357953,10,2
58.8167410269868,2,1.0,0.0,0.0,0.0,0.0,0.2097617696340303,0.0,0.10999999999999999,20000000.0,0.0,0.0,0.0,0.0,,-0.9816498172140428,0.0,0.0,0.0,0.0,71.19111670181155,0.05925330967128543,0.1293892571990419,0.1293892571990419,119,0.30382514657582177,84.48558682878748,1.0,False,0.12048493828602921,1.1097072913108739,0.15,5,0.0,1.0,0.08,2,56.100557536248175,0.9043092940738114,0.3359748136692522,,,,0.0,2,0.9816498172140428,-0.12493709774253556,49152.0,491520.0,2,,0,129.3892571990419,0.153125,3.483622968196869,58.81674102698679,10,2
12.268541795978683,2,1.0,0.0,0.0,0.0,0.0,0.35777087639996635,0.0,0.16,100000000.0,0.0,0.0,0.0,0.0,,-0.9660917830792959,0.0,0.0,0.0,0.0,70.43211162090302,0.012679387694189342,0.0824230747498456,0.0824230747498456,119,0.5,24.537083591957366,1.0,False,0.13007565147843977,1.1980410242229775,0.2,5,0.0,1.0,0.07,2,11.541284339962433,0.9440390358519417,0.5296391155571002,,,,0.0,2,0.9660917830792959,-0.10624936311414268,49152.0,491520.0,3,,0,82.4230747498456,0.140625,3.615921974182129,12.268541795978683,10,2
10.707196819800062,7,1.0,0.0,0.0,0.0,0.0,0.12649110640673517,0.0,0.07,100000000.0,0.0,0.0,0.0,0.0,,-0.9723448696087954,0.0,0.0,0.0,0.0,73.00048368051648,0.01128911719544309,0.0832462768692362,0.0832462768692362,120,0.15908206632099303,12.732748810524459,1.0,False,0.13014513626571603,1.198681002764466,0.12,5,0.0,1.0,0.08,2,10.260994495152476,0.8194795000973082,0.19412574237928223,,,,0.0,2,0.9723448696087954,-0.10669570656747612,49152.0,491520.0,1,0.1296875,0,83.24627686923621,0.1390625,3.484315901994705,10.707196819800062,10,2
64.99627534144717,2,1.0,0.0,0.0,0.0,0.0,0.29999999999999993,0.0,0.12999999999999998,20000000.0,0.0,0.0,0.0,0.0,,-0.9244162777371753,0.0,0.0,0.0,0.0,70.63837023451924,0.06560018675950594,0.13430283212243674,0.13430283212243674,120,0.4399547426105949,116.05539817339192,1.0,False,0.11697184410173257,1.0773504981146917,0.18,5,0.0,1.0,0.08,2,62.2434448844975,0.9488435135931444,0.4636747116967103,,,,0.0,2,0.9244162777371753,-0.12563733811208466,49152.0,491520.0,2,0.1296875,0,134.30283212243674,0.1578125,3.512922942638397,64.99627534144717,10,2
14.111169309840971,2,0.9999999999999999,0.0,0.0,0.0,0.0,0.3974921382870358,0.0,0.18200000000000002,100000000.0,0.0,0.0,1.1102230246251565e-16,0.0,,-0.9816498172140428,0.0,0.0,0.0,0.0,71.20511261746287,0.014521781324100331,0.08531628192730384,0.08531628192730384,120,0.5062412656171027,28.579077851609444,1.0,False,0.1348353748725944,1.2418796967595993,0.21,5,0.0,1.0,0.07,2,13.429249998525409,0.9549883128753345,0.5301020533883624,,,,0.0,2,0.9816498172140428,-0.11007582839994912,49152.0,491520.0,3,0.1296875,0,85.31628192730383,0.1671875,3.50861656665802,14.11116930984097,10,2
10.827412120309212,7,1.0,0.0,0.0,0.0,0.0,0.23237900077244503,0.0,0.114,100000000.0,0.0,0.0,0.0,0.0,,-0.9534625892455922,0.0,0.0,0.0,0.0,70.67108806222677,0.011468798172244107,0.08149850018253599,0.08149850018253599,121,0.34877436007057716,16.626206734554618,1.0,False,0.13600056935013707,1.2526115344973143,0.16,5,0.0,1.0,0.08,2,10.346577379994978,0.9234294393561461,0.3776946512705479,,,,0.0,2,0.9534625892455922,-0.10874953476633653,49152.0,491520.0,1,,0,81.49850018253599,0.159375,3.506940186023712,10.827412120309212,10,2
56.49214873935917,2,0.9999999999999999,0.0,0.0,0.0,0.0,0.18973665961010278,0.0,0.10199999999999998,20000000.0,0.0,0.0,1.1102230246251565e-16,0.0,,-0.9629500128629352,0.0,0.0,0.0,0.0,71.2518785148859,0.057017159679423626,0.12774402725424505,0.12774402725424505,121,0.17822807617254335,68.74431591218557,1.0,False,0.11836413839734503,1.0901740024752433,0.13,5,0.0,1.0,0.08,2,54.20349886286689,0.8426051391245912,0.2115202814425154,,,,0.0,2,0.9629500128629352,-0.12305408282579504,49152.0,491520.0,2,,0,127.74402725424505,0.175,3.594067722558975,56.49214873935916,10,2
22.487851883608705,2,1.0,0.0,0.0,0.0,0.0,1.3061393493804556,0.0,0.4419999999999999,100000000.0,0.0,0.0,0.0,0.0,,-0.9566355184455129,0.0,0.0,0.0,0.0,70.31416893005371,0.022993199731135183,0.09156419907486818,0.09156419907486818,121,0.7899372011760124,107.05299562561461,1.0,False,0.12757821419083853,1.175038776746505,0.49,5,0.0,1.0,0.04,2,21.18399067748921,0.9848156944766371,0.8021167875434912,,,,0.0,2,0.9566355184455129,-0.10957120663285336,49152.0,491520.0,3,,0,91.56419907486818,0.1640625,3.5815037190914154,22.487851883608705,10,2
11.356019792782003,7,1.0,0.0,0.0,0.0,0.0,0.17320508075688776,0.0,0.09400000000000001,100000000.0,0.0,0.0,0.0,0.0,,-0.9785579990862869,0.0,0.0,0.0,0.0,70.27945341542363,0.01199485547704237,0.08160962584119866,0.08160962584119866,122,0.2305964358979325,14.759510252639714,1.0,False,0.13686723739263773,1.2605938421582596,0.13,5,0.0,1.0,0.08,2,10.935062616245968,0.8899299411161566,0.25911751615943696,,,,0.0,2,0.9785579990862869,-0.1092384316169182,49152.0,491520.0,1,,0,81.60962584119866,0.1296875,3.46477934718132,11.356019792782003,10,2
62.35043787300247,2,1.0,0.0,0.0,0.0,0.0,0.31622776601683794,0.0,0.16,20000000.0,0.0,0.0,0.0,0.0,,-0.9847319278346618,0.0,0.0,0.0,0.0,71.07221521437168,0.0627842069882531,0.13342265308737414,0.13342265308737414,122,0.3710332799858876,99.1315373118684,1.0,False,0.12006090082306109,1.1058017619464682,0.16,5,0.0,1.0,0.07,2,60.948989465563116,0.9632961002738595,0.38517054089641284,,,,0.0,2,0.9847319278346618,-0.1267417769552176,49152.0,491520.0,2,,0,133.42265308737413,0.1296875,3.555757761001587,62.350437873002456,10,2
12.904005361906632,2,1.0,0.0,0.0,0.0,0.0,0.4024922359499622,0.0,0.19200000000000003,100000000.0,0.0,0.0,0.0,0.0,,-0.9816498172140428,0.0,0.0,0.0,0.0,70.5308266915381,0.013397268764622208,0.08316562296289781,0.08316562296289781,122,0.48832256761212356,25.219023832430363,1.0,False,0.1303424202685192,1.2004980555802292,0.2,5,0.0,1.0,0.07,2,12.235439821855087,0.948506857620593,0.5148329331399044,,,,0.0,2,0.9816498172140428,-0.1067540216157085,49152.0,491520.0,3,,0,83.16562296289781,0.18125,3.4041665494441986,12.90400536190663,10,2
10.961349961834888,7,1.0,0.0,0.0,0.0,0.0,0.12649110640673514,0.0,0.07,100000000.0,0.0,0.0,0.0,0.0,,-0.9723448696087954,0.0,0.0,0.0,0.0,69.66228550300002,0.011602736013769783,0.0806236354648349,0.0806236354648349,123,0.1518217825324383,12.923404228138057,1.0,False,0.13015227560619103,1.1987467585202722,0.12,5,0.0,1.0,0.08,2,10.464502574632863,0.7979393008688398,0.19026733282484828,,,,0.0,2,0.9723448696087954,-0.10538795553551297,49152.0,491520.0,1,,0,80.6236354648349,0.16875,3.335737317800522,10.961349961834888,10,2
62.61247038954623,2,1.0,0.0,0.0,0.0,0.0,0.204939015319192,0.0,0.11,20000000.0,0.0,0.0,0.0,0.0,,-0.9723448696087954,0.0,0.0,0.0,0.0,70.88786689564586,0.06303310565720692,0.13119636666035084,0.13119636666035084,123,0.2857142857142858,87.65745854536473,1.0,False,0.12488769992043962,1.1502582245404718,0.14,5,0.0,1.0,0.08,2,59.85870777661489,0.9009393394746716,0.31712932624396534,,,,0.0,2,0.9723448696087954,-0.12804203329039524,49152.0,491520.0,2,,0,131.19636666035083,0.153125,3.4723717868328094,62.61247038954622,10,2
12.2392616178247,2,1.0,0.0,0.0,0.0,0.0,0.23664319132398465,0.0,0.118,100000000.0,0.0,0.0,0.0,0.0,,-0.9723448696087954,0.0,0.0,0.0,0.0,70.6356973387301,0.012788827400868027,0.08287495895655479,0.08287495895655479,123,0.3287507986234473,18.233558554297343,1.0,False,0.12757821419083853,1.175038776746505,0.15,5,0.0,1.0,0.08,2,11.646449408786555,0.9100041921360668,0.3612629496263809,,,,0.0,2,0.9723448696087954,-0.10522658657369666,49152.0,491520.0,3,,0,82.87495895655479,0.1796875,3.42330801486969,12.2392616178247,10,2
11.437697659276296,7,1.0,0.0,0.0,0.0,0.0,0.20493901531919193,0.0,0.10599999999999998,100000000.0,0.0,0.0,0.0,0.0,,-0.9723448696087954,0.0,0.0,0.0,0.0,70.76305523514748,0.01189581992012164,0.08173189290782873,0.08173189290782873,124,0.3333333333333333,17.15654648891444,1.0,False,0.1344146080898058,1.2380042914728948,0.15,5,0.0,1.0,0.08,2,10.873648418079917,0.9102246710296449,0.36620995227064884,,,,0.0,2,0.9723448696087954,-0.10807325049881726,49152.0,491520.0,1,,0,81.73189290782872,0.1453125,3.455523192882538,11.437697659276296,10,2
62.47830174953144,2,1.0,0.0,0.0,0.0,0.0,0.27202941017470883,0.0,0.138,20000000.0,0.0,0.0,0.0,0.0,,-0.9660917830792959,0.0,0.0,0.0,0.0,71.08382508158684,0.06308221316759022,0.1335621268311183,0.1335621268311183,124,0.36689940223087814,98.68621506548621,1.0,False,0.13105977111968237,1.2071051010855687,0.16,5,0.0,1.0,0.07,2,60.17853919764968,0.9402778147459522,0.3902031893946242,,,,0.0,2,0.9660917830792959,-0.13231094897540033,49152.0,491520.0,2,,0,133.5621268311183,0.153125,3.4731383621692657,62.47830174953144,10,2
10.607615150719612,2,1.0,0.0,0.0,0.0,0.0,0.11832159566199231,0.0,0.06599999999999999,100000000.0,0.0,0.0,0.0,0.0,,-0.9723448696087954,0.0,0.0,0.0,0.0,71.15070382133126,0.011161679107345073,0.08175831897205088,0.08175831897205088,124,0.16666666666666655,12.729138180863531,1.0,False,0.1316080586736423,1.212155016079258,0.12,5,0.0,1.0,0.08,2,10.152152317812433,0.823257535309907,0.2024477876220429,,,,0.0,2,0.9723448696087954,-0.1066831888228466,49152.0,491520.0,3,,0,81.75831897205089,0.16875,3.4164180159568787,10.607615150719612,10,2
14.689342198236515,7,1.0,0.0,0.0,0.0,0.0,0.3549647869859769,0.0,0.19399999999999995,100000000.0,0.0,0.0,0.0,0.0,,-0.9878044218151566,0.0,0.0,0.0,0.0,70.66762773320079,0.015319609958470225,0.08535696993143731,0.08535696993143731,125,0.3412428312743788,22.29856902605453,1.0,False,0.1377038420508053,1.2682992558167636,0.16,5,0.0,1.0,0.06,2,14.03848740124848,0.9212047983843843,0.37043101802427975,,,,0.0,2,0.9878044218151566,-0.1115304059911213,49152.0,491520.0,1,,0,85.3569699314373,0.13125,3.4070941507816315,14.689342198236515,10,2
63.36154740551041,2,1.0,0.0,0.0,0.0,0.0,0.20976176963403032,0.0,0.11599999999999999,20000000.0,0.0,0.0,0.0,0.0,,-0.9847319278346618,0.0,0.0,0.0,0.0,70.85905317217112,0.06388655834557488,0.13240805565022484,0.13240805565022484,125,0.26959152292454186,86.74809971977442,1.0,False,0.12223556383386446,1.1258311484703136,0.14,5,0.0,1.0,0.07,2,60.115625526103955,0.8781216549464307,0.3070093094800038,,,,0.0,2,0.9847319278346618,-0.12732180974204466,49152.0,491520.0,2,,0,132.40805565022484,0.1484375,3.5226264595985413,63.36154740551042,10,2
11.158027714778726,2,1.0,0.0,0.0,0.0,0.0,0.24899799195977465,0.0,0.11,100000000.0,0.0,0.0,0.0,0.0,,-0.9629500128629352,0.0,0.0,0.0,0.0,71.70775253325701,0.011769112684170187,0.08286578024803573,0.08286578024803573,125,0.40367400035501283,18.711288324543073,1.0,False,0.1241076305270592,1.1430735199136772,0.17,5,0.0,1.0,0.08,2,10.706718994416285,0.9436186131009134,0.4277935966401319,,,,0.0,2,0.9629500128629352,-0.10348670538754746,49152.0,491520.0,3,,0,82.86578024803573,0.134375,3.5816977322101593,11.158027714778726,10,2
11.074188974200089,7,1.0,0.0,0.0,0.0,0.0,0.18973665961010275,0.0,0.09000000000000001,100000000.0,0.0,0.0,0.0,0.0,,-0.9341987329938275,0.0,0.0,0.0,0.0,71.29370188340545,0.011715575026134984,0.0822713661952252,0.0822713661952252,126,0.3055330064645116,15.94631433500112,1.0,False,0.1452931965449771,1.3381997939116732,0.15,5,0.0,1.0,0.08,2,10.580068343699368,0.9079206150255412,0.33651951658341456,,,,0.0,2,0.9341987329938275,-0.11378228137010116,49152.0,491520.0,1,,0,82.2713661952252,0.1625,3.3809742629528046,11.074188974200089,10,2
62.0864057051535,2,1.0,0.0,0.0,0.0,0.0,0.17320508075688773,0.0,0.096,20000000.0,0.0,0.0,0.0,0.0,,-0.9723448696087954,0.0,0.0,0.0,0.0,70.68794639781117,0.06263540319171196,0.13271943817146437,0.13271943817146437,126,0.18853271980786485,76.5112866786853,1.0,False,0.12765819002213818,1.1757753813743066,0.13,5,0.0,1.0,0.08,2,59.974911904021205,0.8723121705993635,0.21612987432965025,,,,0.0,2,0.9723448696087954,-0.13018881409680128,49152.0,491520.0,2,,0,132.71943817146436,0.1875,3.3965536653995514,62.0864057051535,10,2
12.34006819883855,2,1.0,0.0,0.0,0.0,0.0,0.24899799195977462,0.0,0.13,100000000.0,0.0,0.0,0.0,0.0,,-0.975456381144309,0.0,0.0,0.0,0.0,70.30283380299807,0.012781634260313972,0.08264290200183662,0.08264290200183662,126,0.35140795470138575,19.02593207592784,1.0,False,0.13432996566197894,1.237224705902699,0.16,5,0.0,1.0,0.07,2,11.784978918734945,0.9233403022981583,0.3805833600317726,,,,0.0,2,0.975456381144309,-0.10848643383190779,49152.0,491520.0,3,,0,82.64290200183662,0.171875,3.460610508918762,12.340068198838548,10,2
12.35301898792739,7,1.0,0.0,0.0,0.0,0.0,0.2932575659723035,0.0,0.13399999999999998,100000000.0,0.0,0.0,0.0,0.0,,-0.9629500128629352,0.0,0.0,0.0,0.0,70.5803013406694,0.012811141248772735,0.08291338294882494,0.08291338294882494,127,0.43279087557992274,21.77859709248735,1.0,False,0.14024398185282888,1.291694807985805,0.18,5,0.0,1.0,0.08,2,11.708531887078488,0.935999709266755,0.46238355770319967,,,,0.0,2,0.9629500128629352,-0.11157868240082691,49152.0,491520.0,1,,0,82.91338294882495,0.1640625,3.3527773022651672,12.35301898792739,10,2
54.07434731054445,2,1.0,0.0,0.0,0.0,0.0,0.09999999999999999,0.0,0.054,20000000.0,0.0,0.0,0.0,0.0,,-0.9534625892455922,0.0,0.0,0.0,0.0,69.64928796514869,0.05450811642579508,0.12372363527569313,0.12372363527569313,127,0.08965903970712857,59.40010355367054,1.0,False,0.12242716063003121,1.1275958201771896,0.11,5,0.0,1.0,0.08,2,52.09230302125108,0.7287769034608346,0.12302673051430886,,,,0.0,2,0.9534625892455922,-0.12307539795286218,49152.0,491520.0,2,,0,123.72363527569313,0.1484375,3.4755451381206512,54.07434731054445,10,2
11.173886357619818,2,1.0,0.0,0.0,0.0,0.0,0.15491933384829668,0.0,0.08600000000000001,100000000.0,0.0,0.0,0.0,0.0,,-0.9816498172140428,0.0,0.0,0.0,0.0,70.86726604029536,0.011936358850882315,0.08204115239791518,0.08204115239791518,127,0.20418005394684388,14.040721664537758,1.0,False,0.12242244099433952,1.1275523507260374,0.13,5,0.0,1.0,0.08,2,10.744424083634808,0.8697137429359857,0.23476696281419154,,,,0.0,2,0.9816498172140428,-0.10223179669612735,49152.0,491520.0,3,,0,82.04115239791518,0.159375,3.5067126154899597,11.173886357619818,10,2
14.14602089880313,7,1.0000000000000002,0.0,0.0,0.0,0.0,0.3435112807463533,0.0,0.17400000000000002,100000000.0,0.0,0.0,-2.220446049250313e-16,2.220446049250313e-16,,-0.9660917830792959,0.0,0.0,0.0,0.0,70.27695281431079,0.014604143159648477,0.08442297371311391,0.08442297371311391,128,0.37783039394179757,22.73659908979836,1.0,False,0.13014513626571603,1.198681002764466,0.17,5,0.0,1.0,0.07,2,13.267611134528753,0.9072329832476415,0.41646456965141404,,,,2.220446049250313e-16,2,0.9660917830792959,-0.10728405498941519,49152.0,491520.0,1,,0,84.42297371311392,0.140625,3.4759362041950226,14.146020898803132,10,2
80.70939402900144,2,1.0,0.0,0.0,0.0,0.0,0.4898979485566356,0.0,0.26000000000000006,20000000.0,0.0,0.0,0.0,0.0,,-0.9939209163101398,0.0,0.0,0.0,0.0,70.63073478639126,0.08114316314425209,0.15134012881539272,0.15134012881539272,128,0.4879256899035251,157.6126597989182,1.0,False,0.12608303681317695,1.161267684181763,0.2,5,0.0,1.0,0.05,2,76.91408154189921,0.9529692769181825,0.5120056876140154,,,,0.0,2,0.9939209163101398,-0.13871158281428483,49152.0,491520.0,2,,0,151.34012881539272,0.16875,3.412851005792618,80.70939402900144,10,2
11.53776328705621,2,1.0,0.0,0.0,0.0,0.0,0.16124515496597103,0.0,0.08200000000000002,100000000.0,0.0,0.0,0.0,0.0,,-0.9534625892455922,0.0,0.0,0.0,0.0,71.07063615694642,0.011979728475494757,0.08260839944400263,0.08260839944400263,128,0.17839031194526792,14.042876386199104,1.0,False,0.13600602938809117,1.2526618233053155,0.13,5,0.0,1.0,0.08,2,10.822012118598856,0.7777766745226321,0.22935929784054876,,,,0.0,2,0.9534625892455922,-0.1093072144160469,49152.0,491520.0,3,,0,82.60839944400263,0.178125,3.4348053634166718,11.537763287056208,10,2
13.063551131361637,7,1.0,0.0,0.0,0.0,0.0,0.20000000000000004,0.0,0.10799999999999998,100000000.0,0.0,0.0,0.0,0.0,,-0.9816498172140428,0.0,0.0,0.0,0.0,70.97890973091125,0.013466628171829696,0.083824856963228,0.083824856963228,129,0.2683411523446933,17.854702602483982,1.0,False,0.14541642717787637,1.3393347899849295,0.14,5,0.0,1.0,0.08,2,12.494730475343559,0.8938761914193858,0.30019946265555464,,,,0.0,2,0.9816498172140428,-0.11462064207055218,49152.0,491520.0,1,,0,83.824856963228,0.2,3.2833923399448395,13.063551131361638,10,2
52.527019386595605,2,1.0,0.0,0.0,0.0,0.0,0.08944271909999159,0.0,0.046000000000000006,20000000.0,0.0,0.0,0.0,0.0,,-0.9244162777371753,0.0,0.0,0.0,0.0,70.60144422575831,0.05296358803089425,0.12127954070884955,0.12127954070884955,129,0.11451966733043717,59.3203682212073,1.0,False,0.12114904135561351,1.1158239066238194,0.12,5,0.0,1.0,0.09,2,49.92678908506238,0.7231906748378824,0.15835335177145232,,,,0.0,2,0.9244162777371753,-0.12121429103223152,49152.0,491520.0,2,,0,121.27954070884955,0.1484375,3.5299861133098602,52.52701938659561,10,2
10.218362131091782,2,1.0,0.0,0.0,0.0,0.0,0.09999999999999999,0.0,0.054,100000000.0,0.0,0.0,0.0,0.0,,-0.9534625892455922,0.0,0.0,0.0,0.0,70.52304223179817,0.01066032731953033,0.0807392499186363,0.0807392499186363,129,0.10659351080658372,11.437528442755218,1.0,False,0.1298370043403084,1.1958430028519893,0.12,5,0.0,1.0,0.09,2,9.597135805641965,0.6624490269509881,0.1609082457214782,,,,0.0,2,0.9534625892455922,-0.10528812712947236,49152.0,491520.0,3,,0,80.7392499186363,0.1703125,3.3980284929275513,10.218362131091782,10,2
15.767700454252367,7,1.0,0.0,0.0,0.0,0.0,0.6115553940568261,0.0,0.26999999999999996,100000000.0,0.0,0.0,0.0,0.0,,-0.9341987329938275,0.0,0.0,0.0,0.0,69.78172203525901,0.016234450866705646,0.08538590514173094,0.08538590514173094,130,0.5673811249529781,36.447093189215465,1.0,False,0.13750919625789684,1.2665065018121036,0.24,5,0.0,1.0,0.06,2,14.872792244623819,0.9585197123222252,0.5919347486118698,,,,0.0,2,0.9341987329938275,-0.1114475506998139,49152.0,491520.0,1,0.1390625,0,85.38590514173094,0.153125,3.308348685503006,15.767700454252367,10,2
61.80178288162049,2,1.0,0.0,0.0,0.0,0.0,0.16733200530681508,0.0,0.092,20000000.0,0.0,0.0,0.0,0.0,,-0.9692233691951198,0.0,0.0,0.0,0.0,70.65592287108302,0.06250097315327807,0.13245770575270352,0.13245770575270352,130,0.22688135613196717,79.93829067737464,1.0,False,0.1285778259583207,1.1842455413648485,0.13,5,0.0,1.0,0.07,2,59.03089918918612,0.8674687038792114,0.26154413999880594,,,,0.0,2,0.9692233691951198,-0.1305177658555121,49152.0,491520.0,2,0.1390625,0,132.45770575270353,0.1390625,3.582467794418335,61.80178288162049,10,2
11.113974486733666,2,1.0,0.0,0.0,0.0,0.0,0.14832396974191328,0.0,0.08,100000000.0,0.0,0.0,0.0,0.0,,-0.9660917830792959,0.0,0.0,0.0,0.0,70.21624874323606,0.011524820384944325,0.08133022322996973,0.08133022322996973,130,0.17694751751877444,13.503360628023115,1.0,False,0.12407802511586331,1.1428008439997108,0.13,5,0.0,1.0,0.08,2,10.35904171877258,0.7599057889007106,0.2328545460546484,,,,0.0,2,0.9660917830792959,-0.10270412417291652,49152.0,491520.0,3,0.1390625,0,81.33022322996973,0.15,3.52668833732605,11.113974486733666,10,2
11.976845607017413,7,1.0,0.0,0.0,0.0,0.0,0.37416573867739406,0.0,0.18000000000000002,100000000.0,0.0,0.0,0.0,0.0,,-0.9629500128629352,0.0,0.0,0.0,0.0,71.24681072309613,0.012647780146772323,0.08313711804753482,0.08313711804753482,131,0.4606871070317494,22.207601122049372,1.0,False,0.1351697880665403,1.2449597561007206,0.19,5,0.0,1.0,0.07,2,11.711975347321548,0.9747637477382587,0.4726141160878011,,,,0.0,2,0.9629500128629352,-0.10915345305703755,49152.0,491520.0,1,,0,83.13711804753481,0.165625,3.4297278225421906,11.976845607017413,10,2
59.36994896765571,2,0.9999999999999999,0.0,0.0,0.0,0.0,0.1549193338482967,0.0,0.08600000000000002,20000000.0,0.0,0.0,1.1102230246251565e-16,0.0,,-0.9816498172140428,0.0,0.0,0.0,0.0,70.67346759140491,0.05979134399555478,0.12972985350345534,0.12972985350345534,131,0.1867157536539263,73.00024466770779,1.0,False,0.12387235327153256,1.1409065363084925,0.13,5,0.0,1.0,0.08,2,55.94839124580402,0.7993439400870892,0.23358625028618274,,,,0.0,2,0.9816498172140428,-0.12680110338749395,49152.0,491520.0,2,,0,129.72985350345533,0.1625,3.514401525259018,59.36994896765571,10,2
14.406368860105305,2,1.0,0.0,0.0,0.0,0.0,0.36878177829171555,0.0,0.20200000000000004,100000000.0,0.0,0.0,0.0,0.0,,-0.9816498172140428,0.0,0.0,0.0,0.0,69.94641991332173,0.015080762678552854,0.08426471009861208,0.08426471009861208,131,0.37500000000000006,23.05019017616849,1.0,False,0.13226620923216206,1.2182168067392314,0.16,5,0.0,1.0,0.06,2,13.82369730939658,0.9368479920678047,0.40027838365998153,,,,0.0,2,0.9816498172140428,-0.10826545966538707,49152.0,491520.0,3,,0,84.26471009861208,0.165625,3.5706466138362885,14.406368860105305,10,2
12.881801959145081,7,1.0,0.0,0.0,0.0,0.0,0.2569046515733025,0.0,0.14199999999999996,100000000.0,0.0,0.0,0.0,0.0,,-0.9816498172140428,0.0,0.0,0.0,0.0,70.6967250443995,0.013315670641144665,0.083501673027184,0.083501673027184,132,0.3085373071342036,18.629785948039956,1.0,False,0.1374685834288036,1.266132443832686,0.15,5,0.0,1.0,0.07,2,12.232867308890926,0.8985551189782709,0.343370485146237,,,,0.0,2,0.9816498172140428,-0.1104851282279938,49152.0,491520.0,1,,0,83.501673027184,0.1765625,3.3504576683044434,12.881801959145083,10,2
60.1175860055997,2,1.0,0.0,0.0,0.0,0.0,0.25690465157330256,0.0,0.13399999999999998,20000000.0,0.0,0.0,0.0,0.0,,-0.9847319278346618,0.0,0.0,0.0,0.0,71.02210307493806,0.06055135512085032,0.13110155337594656,0.13110155337594656,132,0.3350065754820534,90.40327887328947,1.0,False,0.12852845747048824,1.1837908407882618,0.16,5,0.0,1.0,0.07,2,57.331215549758646,0.9157485147333235,0.36582813959530275,,,,0.0,2,0.9847319278346618,-0.1298150054232174,49152.0,491520.0,2,,0,131.10155337594657,0.1703125,3.3510855436325073,60.117586005599684,10,2
12.788180132853105,2,1.0,0.0,0.0,0.0,0.0,0.2280350850198276,0.0,0.11199999999999997,100000000.0,0.0,0.0,0.0,0.0,,-0.9785579990862869,0.0,0.0,0.0,0.0,70.41665771976113,0.013360980965722337,0.08320483785261423,0.08320483785261423,132,0.32494767337004876,18.943983493391176,1.0,False,0.13054930778322746,1.2024035600094045,0.16,5,0.0,1.0,0.08,2,12.217392265431455,0.915144558651176,0.3550779713414747,,,,0.0,2,0.9785579990862869,-0.10687707281792085,49152.0,491520.0,3,,0,83.20483785261423,0.1515625,3.443193554878235,12.788180132853107,10,2
13.61076861942352,7,1.0,0.0,0.0,0.0,0.0,0.32249030993194194,0.0,0.164,100000000.0,0.0,0.0,0.0,0.0,,-0.9847319278346618,0.0,0.0,0.0,0.0,71.1794514209032,0.014214333466319616,0.08479022004032673,0.08479022004032673,133,0.43521987491623765,24.099234401006782,1.0,False,0.14595384924504562,1.3442846301469693,0.18,5,0.0,1.0,0.06,2,13.027483889401829,0.9473177498526258,0.4594233296947564,,,,0.0,2,0.9847319278346618,-0.11537203464268617,49152.0,491520.0,1,,0,84.79022004032673,0.159375,3.247541457414627,13.610768619423522,10,2
62.68792237375022,2,1.0,0.0,0.0,0.0,0.0,0.4219004621945797,0.0,0.20199999999999996,20000000.0,0.0,0.0,0.0,0.0,,-0.9660917830792959,0.0,0.0,0.0,0.0,70.8093922585249,0.06317005642902908,0.1320426786052431,0.1320426786052431,133,0.5238095238095237,131.64463698487543,1.0,False,0.13787842203043865,1.2699071968513196,0.21,5,0.0,1.0,0.07,2,60.2234708496292,0.9654941012940866,0.5425300093573259,,,,0.0,2,0.9660917830792959,-0.13496055031784088,49152.0,491520.0,2,,0,132.0426786052431,0.184375,3.3608836233615875,62.68792237375022,10,2
10.735281314142327,2,1.0,0.0,0.0,0.0,0.0,0.10954451150103323,0.0,0.060000000000000005,100000000.0,0.0,0.0,0.0,0.0,,-0.887424521657999,0.0,0.0,0.0,0.0,71.11023366451263,0.0111795266894077,0.08146625610271738,0.08146625610271738,133,0.13614828326539308,12.427226925845686,1.0,False,0.13212523393473422,1.2169183762658802,0.12,5,0.0,1.0,0.08,2,10.066880923417116,0.7168210126661548,0.18993344343938956,,,,0.0,2,0.887424521657999,-0.1067957450187258,49152.0,491520.0,3,,0,81.46625610271738,0.190625,3.300467163324356,10.735281314142327,10,2
11.269334992700399,7,1.0,0.0,0.0,0.0,0.0,0.09999999999999999,0.0,0.054,100000000.0,0.0,0.0,0.0,0.0,,-0.9534625892455922,0.0,0.0,0.0,0.0,70.3148003667593,0.011817429892060978,0.08149084420688538,0.08149084420688538,134,0.04818958280385673,11.83989457259542,1.0,False,0.13574508278250363,1.2502584162489423,0.11,5,0.0,1.0,0.08,2,10.642390319977878,0.4764572473524617,0.10114146247461368,,,,0.0,2,0.9534625892455922,-0.1086179634946945,49152.0,491520.0,1,,0,81.49084420688537,0.140625,3.4234427511692047,11.269334992700399,10,2
70.2292582101573,2,0.9999999999999999,0.0,0.0,0.0,0.0,0.483735464897913,0.0,0.19999999999999998,20000000.0,0.0,0.0,1.1102230246251565e-16,0.0,,-0.9816498172140428,0.0,0.0,0.0,0.0,71.08787447214127,0.0706908745757697,0.14131713268229856,0.14131713268229856,134,0.575294951092855,165.36007375205895,1.0,False,0.11810894935369055,1.0878236245239865,0.24,5,0.0,1.0,0.07,2,67.03026746997614,0.9674667238639311,0.59464055651982,,,,0.0,2,0.9816498172140428,-0.12971304101799455,49152.0,491520.0,2,,0,141.31713268229856,0.146875,3.476979285478592,70.2292582101573,10,2
14.39756564920756,2,1.0,0.0,0.0,0.0,0.0,0.3193743884534262,0.0,0.138,100000000.0,0.0,0.0,0.0,0.0,,-0.9089676684141312,0.0,0.0,0.0,0.0,70.77895570546389,0.014889315369320952,0.08517652135467145,0.08517652135467145,134,0.4338916195300934,25.432525194657337,1.0,False,0.14056721605273376,1.2946719049867923,0.19,5,0.0,1.0,0.07,2,13.446240656944322,0.9206322034763951,0.4712974604751792,,,,0.0,2,0.9089676684141312,-0.11287186870370261,49152.0,491520.0,3,,0,85.17652135467145,0.18125,3.378023684024811,14.39756564920756,10,2
26.143058174154184,7,1.0,0.0,0.0,0.0,0.0,1.6673332000533065,0.0,0.5199999999999999,100000000.0,0.0,0.0,0.0,0.0,,-0.9045340337332909,0.0,0.0,0.0,0.0,70.80645067617297,0.02678444422608908,0.09613721982304217,0.09613721982304217,135,0.8319658303407954,155.58179760209342,1.0,False,0.14198864129919433,1.3077637153200143,0.6,5,0.0,1.0,0.04,2,25.24800674278468,0.9931326218207243,0.837718761886545,,,,0.0,2,0.9045340337332909,-0.11906293056111825,49152.0,491520.0,1,,0,96.13721982304217,0.1484375,3.2888959646224976,26.143058174154184,10,2
61.24621596369714,2,1.0,0.0,0.0,0.0,0.0,0.232379000772445,0.0,0.11399999999999998,20000000.0,0.0,0.0,0.0,0.0,,-0.9723448696087954,0.0,0.0,0.0,0.0,71.04424014687538,0.06166761099159621,0.12910646027136416,0.12910646027136416,135,0.3295908558092262,91.35647461614683,1.0,False,0.12594031761730465,1.1599531918101644,0.16,5,0.0,1.0,0.08,2,57.13907353944488,0.8799691883364937,0.3745481775700458,,,,0.0,2,0.9723448696087954,-0.1275233889443344,49152.0,491520.0,2,,0,129.10646027136417,0.19375,3.343266189098358,61.24621596369714,10,2
12.401316563867695,2,1.0,0.0,0.0,0.0,0.0,0.19999999999999996,0.0,0.09999999999999999,100000000.0,0.0,0.0,0.0,0.0,,-0.9723448696087954,0.0,0.0,0.0,0.0,69.99329943209887,0.012843281752306241,0.08239461599596656,0.08239461599596656,135,0.3021920037706995,17.771817793547623,1.0,False,0.1295445544797014,1.1931494400940619,0.15,5,0.0,1.0,0.08,2,11.723905370170527,0.8879925590392549,0.3403091621597031,,,,0.0,2,0.9723448696087954,-0.10596958523783398,49152.0,491520.0,3,,0,82.39461599596656,0.1671875,3.462922751903534,12.401316563867693,10,2
11.735638517830028,7,1.0,0.0,0.0,0.0,0.0,0.1414213562373095,0.0,0.076,100000000.0,0.0,0.0,0.0,0.0,,-0.9629500128629352,0.0,0.0,0.0,0.0,69.95140761137009,0.012193760778675372,0.08165651276480775,0.08165651276480775,136,0.14310670433089184,13.695565803985211,1.0,False,0.14155291930067945,1.3037505674061347,0.13,5,0.0,1.0,0.08,2,11.066048306251894,0.7453562441948649,0.1919977265173058,,,,0.0,2,0.9629500128629352,-0.1116047160327436,49152.0,491520.0,1,,0,81.65651276480774,0.15625,3.389017105102539,11.735638517830028,10,2
61.6479203102888,2,1.0,0.0,0.0,0.0,0.0,0.1414213562373095,0.0,0.076,20000000.0,0.0,0.0,0.0,0.0,,-0.9314810581942118,0.0,0.0,0.0,0.0,70.88016718626022,0.062251831728347556,0.132528087496549,0.132528087496549,136,0.2180133496119667,78.83500348720555,1.0,False,0.128035178075944,1.179247569666027,0.13,5,0.0,1.0,0.08,2,57.94899534980921,0.8228993814353319,0.2649331795968781,,,,0.0,2,0.9314810581942118,-0.1302816327862465,49152.0,491520.0,2,,0,132.528087496549,0.1890625,3.39186555147171,61.64792031028879,10,2
13.044462045727183,2,1.0,0.0,0.0,0.0,0.0,0.2280350850198276,0.0,0.11,100000000.0,0.0,0.0,0.0,0.0,,-0.9660917830792959,0.0,0.0,0.0,0.0,69.67105576768517,0.013455307943937844,0.08271551781341235,0.08271551781341235,136,0.34486425983910945,19.911082919279718,1.0,False,0.13401398208760487,1.2343143896307602,0.16,5,0.0,1.0,0.07,2,12.265408268730678,0.8981052931750683,0.3839909000200991,,,,0.0,2,0.9660917830792959,-0.10836474995050861,49152.0,491520.0,3,,0,82.71551781341235,0.196875,3.356204390525818,13.044462045727183,10,2
15.4393137809739,7,1.0,0.0,0.0,0.0,0.0,0.6228964600958975,0.0,0.276,100000000.0,0.0,0.0,0.0,0.0,,-0.9816498172140428,0.0,0.0,0.0,0.0,71.22054882347584,0.01602123415661693,0.08665986260444974,0.08665986260444974,137,0.622627098645343,40.912619124349774,1.0,False,0.13472702305735462,1.2408817396613194,0.27,5,0.0,1.0,0.06,2,14.862367147066838,0.9778525507388495,0.6367290223611894,,,,0.0,2,0.9816498172140428,-0.11069344283090218,49152.0,491520.0,1,,0,86.65986260444974,0.1796875,3.321811228990555,15.439313780973903,10,2
64.47139074377414,2,1.0,0.0,0.0,0.0,0.0,0.22360679774997896,0.0,0.10600000000000002,20000000.0,0.0,0.0,0.0,0.0,,-0.9566355184455129,0.0,0.0,0.0,0.0,69.96387708932161,0.06493300710938654,0.13443526783309576,0.13443526783309576,137,0.36904805044033173,102.1811419851666,1.0,False,0.12700511907022102,1.169760375620099,0.16,5,0.0,1.0,0.08,2,61.54663721087549,0.9280229069077001,0.3976712726521488,,,,0.0,2,0.9566355184455129,-0.1307201934516584,49152.0,491520.0,2,,0,134.43526783309576,0.1734375,3.4271612465381622,64.47139074377414,10,2
11.288313031314491,2,1.0,0.0,0.0,0.0,0.0,0.19999999999999998,0.0,0.09999999999999999,100000000.0,0.0,0.0,0.0,0.0,,-0.9534625892455922,0.0,0.0,0.0,0.0,70.53665211424232,0.011898715461686868,0.08153294882837475,0.08153294882837475,137,0.2941485506438326,15.992476946262515,1.0,False,0.134462254230526,1.2384431286463389,0.15,5,0.0,1.0,0.08,2,10.651204756793405,0.880719751414801,0.33398654926417637,,,,0.0,2,0.9534625892455922,-0.10799760152945037,49152.0,491520.0,3,,0,81.53294882837476,0.1890625,3.363889157772064,11.288313031314491,10,2
11.914104218979446,7,1.0,0.0,0.0,0.0,0.0,0.2645751311064591,0.0,0.12399999999999997,100000000.0,0.0,0.0,0.0,0.0,,-0.9566355184455129,0.0,0.0,0.0,0.0,70.21505432203412,0.012575627002948602,0.08212915854101357,0.08212915854101357,138,0.3874044062117395,19.44856335858249,1.0,False,0.13581177849620746,1.2508727064735066,0.17,5,0.0,1.0,0.08,2,11.496698758166186,0.9475084798612633,0.4088664264708895,,,,0.0,2,0.9566355184455129,-0.10897046851861052,49152.0,491520.0,1,,0,82.12915854101358,0.178125,3.3387612998485565,11.914104218979448,10,2
75.95661531837966,2,1.0,0.0,0.0,0.0,0.0,0.5966573556070519,0.0,0.258,20000000.0,0.0,0.0,0.0,0.0,,-0.9816498172140428,0.0,0.0,0.0,0.0,70.64371928572655,0.07665580559003723,0.1454886462250578,0.1454886462250578,138,0.6243407525581245,202.19551584480075,1.0,False,0.13105977111968237,1.2071051010855687,0.27,5,0.0,1.0,0.06,2,72.79119389327137,0.9755385185179983,0.6399960029324108,,,,0.0,2,0.9816498172140428,-0.13827420867237009,49152.0,491520.0,2,,0,145.4886462250578,0.1671875,3.422225594520569,75.95661531837966,10,2
11.495192647874621,2,1.0,0.0,0.0,0.0,0.0,0.15491933384829668,0.0,0.08600000000000001,100000000.0,0.0,0.0,0.0,0.0,,-0.9816498172140428,0.0,0.0,0.0,0.0,70.09496074169874,0.011937157836313168,0.08159015338957336,0.08159015338957336,138,0.20333531749518924,14.4291480472466,1.0,False,0.1353651046289771,1.246758688121048,0.13,5,0.0,1.0,0.08,2,10.818068620889463,0.8124870857054943,0.2502628301084075,,,,0.0,2,0.9816498172140428,-0.10847762900927524,49152.0,491520.0,3,,0,81.59015338957336,0.178125,3.2990307807922363,11.49519264787462,10,2
14.803459614988798,7,1.0,0.0,0.0,0.0,0.0,0.27568097504180444,0.0,0.14999999999999997,100000000.0,0.0,0.0,0.0,0.0,,-0.9908673886137245,0.0,0.0,0.0,0.0,71.15780701860785,0.015269924203635554,0.08537589509524145,0.08537589509524145,139,0.3365801190791312,22.31386191568552,1.0,False,0.13495769066086333,1.2430062668024227,0.16,5,0.0,1.0,0.07,2,13.92467266449371,0.8952476903092582,0.3759631247558556,,,,0.0,2,0.9908673886137245,-0.1101667928780524,49152.0,491520.0,1,,0,85.37589509524145,0.1984375,3.2996154129505157,14.803459614988796,10,2
66.63284361648692,2,1.0,0.0,0.0,0.0,0.0,0.24899799195977462,0.0,0.13599999999999998,20000000.0,0.0,0.0,0.0,0.0,,-0.9847319278346618,0.0,0.0,0.0,0.0,70.90832991525531,0.067054238644386,0.13754117353174222,0.13754117353174222,139,0.31077824038605084,96.6783806329761,1.0,False,0.12810306894621007,1.179872867689327,0.15,5,0.0,1.0,0.07,2,62.5760086936899,0.8810395086295002,0.35274041327554256,,,,0.0,2,0.9847319278346618,-0.13282212123897613,49152.0,491520.0,2,,0,137.54117353174223,0.171875,3.497485339641571,66.63284361648692,10,2
13.003429112776358,2,1.0,0.0,0.0,0.0,0.0,0.2645751311064591,0.0,0.13,100000000.0,0.0,0.0,0.0,0.0,,-0.9632626970495626,0.0,0.0,0.0,0.0,70.15663152560592,0.01349517883288975,0.08316006063838227,0.08316006063838227,139,0.3898970899741558,21.31350121281265,1.0,False,0.12356706974963881,1.1380947711618954,0.17,5,0.0,1.0,0.07,2,12.233399929398741,0.9151959698088187,0.4260257942958424,,,,0.0,2,0.9632626970495626,-0.10336356519401055,49152.0,491520.0,3,,0,83.16006063838228,0.15,3.4750979840755463,13.003429112776358,10,2
12.844347758311052,7,0.9999999999999999,0.0,0.0,0.0,0.0,0.44271887242357316,0.0,0.17000000000000007,100000000.0,0.0,0.0,1.1102230246251565e-16,0.0,,-0.9341987329938275,0.0,0.0,0.0,0.0,70.52395632490516,0.013444206110175496,0.0833683040832162,0.0833683040832162,140,0.5627980666844343,29.378524611967343,1.0,False,0.13634162715781992,1.2557527929925933,0.23,5,0.0,1.0,0.07,2,12.278798804633269,0.9669264314498411,0.5820484872262273,,,,0.0,2,0.9341987329938275,-0.10985496562051805,49152.0,491520.0,1,0.12734375,0,83.3683040832162,0.19375,3.2488699555397034,12.84434775831105,10,2
62.26027858453294,2,1.0,0.0,0.0,0.0,0.0,0.21447610589527216,0.0,0.11599999999999999,20000000.0,0.0,0.0,0.0,0.0,,-0.9692233691951198,0.0,0.0,0.0,0.0,70.09722478687763,0.06268091385219363,0.12986276587630674,0.12986276587630674,140,0.24119007899819253,82.04990058951093,1.0,False,0.12380343189787209,1.1402717469981754,0.14,5,0.0,1.0,0.07,2,58.70782558200853,0.847809031485735,0.2844863289265995,,,,0.0,2,0.9692233691951198,-0.1268330988870894,49152.0,491520.0,2,0.12734375,0,129.86276587630675,0.165625,3.4549502432346344,62.26027858453294,10,2
12.413783116156624,2,1.0,0.0,0.0,0.0,0.0,0.21908902300206645,0.0,0.12,100000000.0,0.0,0.0,0.0,0.0,,-0.9692233691951198,0.0,0.0,0.0,0.0,70.39571879431605,0.013153857909709315,0.08271892868709832,0.08271892868709832,140,0.22262251098531063,15.968796744926134,1.0,False,0.12406366628244041,1.1426685942565413,0.13,5,0.0,1.0,0.07,2,11.91155365173295,0.8762141057640197,0.2540731877298343,,,,0.0,2,0.9692233691951198,-0.10339129748476936,49152.0,491520.0,3,0.12734375,0,82.71892868709833,0.1625,3.459038347005844,12.413783116156626,10,2
10.950519581683924,7,1.0,0.0,0.0,0.0,0.0,0.21447610589527216,0.0,0.09400000000000001,100000000.0,0.0,0.0,0.0,0.0,,-0.9341987329938275,0.0,0.0,0.0,0.0,70.2016344293952,0.01160824802109923,0.08115215401107913,0.08115215401107913,141,0.36313446316363834,17.19439810808539,1.0,False,0.14459581418932624,1.3317766650467182,0.16,5,0.0,1.0,0.08,2,10.503232909493775,0.9331526484678191,0.38914797462117634,,,,0.0,2,0.9341987329938275,-0.11287398410020269,49152.0,491520.0,1,,0,81.15215401107913,0.153125,3.4784258902072906,10.950519581683924,10,2
58.02732870950197,2,1.0,0.0,0.0,0.0,0.0,0.15491933384829673,0.0,0.07600000000000003,20000000.0,0.0,0.0,0.0,0.0,,-0.9566355184455129,0.0,0.0,0.0,0.0,68.98554554209113,0.05846389735380061,0.1270128742515931,0.1270128742515931,141,0.26504635702145796,78.95372621643861,1.0,False,0.12380936421132335,1.1403263856242547,0.14,5,0.0,1.0,0.08,2,54.48204523661161,0.8551270966709281,0.3099496648548533,,,,0.0,2,0.9566355184455129,-0.12541111923145823,49152.0,491520.0,2,,0,127.0128742515931,0.15,3.440339505672455,58.027328709501965,10,2
11.030464665561244,2,1.0,0.0,0.0,0.0,0.0,0.1264911064067352,0.0,0.064,100000000.0,0.0,0.0,0.0,0.0,,-0.9341987329938275,0.0,0.0,0.0,0.0,69.9085327796638,0.011441076679820607,0.08093899744522505,0.08093899744522505,141,0.19231221151886055,13.656842189361415,1.0,False,0.1261666460559024,1.1620377537655076,0.13,5,0.0,1.0,0.08,2,10.216697265696883,0.7634496749638343,0.25189900241685304,,,,0.0,2,0.9341987329938275,-0.10355282175056371,49152.0,491520.0,3,,0,80.93899744522506,0.146875,3.470168173313141,11.030464665561245,10,2
13.398654759265703,7,0.9999999999999999,0.0,0.0,0.0,0.0,0.4732863826479693,0.0,0.17600000000000002,100000000.0,0.0,0.0,1.1102230246251565e-16,0.0,,-0.9566355184455129,0.0,0.0,0.0,0.0,71.03882683441043,0.014069589299020616,0.08433641046695894,0.08433641046695894,142,0.5765582682152005,31.642263276202385,1.0,False,0.13015227560619103,1.1987467585202722,0.24,5,0.0,1.0,0.07,2,12.924085550830512,0.9746466127526973,0.5915562221950634,,,,0.0,2,0.9566355184455129,-0.10724434303657499,49152.0,491520.0,1,,0,84.33641046695894,0.1984375,3.358557879924774,13.398654759265705,10,2
51.698955091482006,2,1.0,0.0,0.0,0.0,0.0,0.09999999999999999,0.0,0.054,20000000.0,0.0,0.0,0.0,0.0,,-0.9534625892455922,0.0,0.0,0.0,0.0,70.76066918671131,0.05222396603154647,0.12245962427819332,0.12245962427819332,142,0.11482202320370494,58.405152914665685,1.0,False,0.12585460154363365,1.159163717596305,0.12,5,0.0,1.0,0.09,2,48.98195178870231,0.7116687560351814,0.16134194768279064,,,,0.0,2,0.9534625892455922,-0.12415711291091348,49152.0,491520.0,2,,0,122.45962427819332,0.175,3.3837858736515045,51.698955091482,10,2
13.366262584107998,2,1.0,0.0,0.0,0.0,0.0,0.27568097504180444,0.0,0.146,100000000.0,0.0,0.0,0.0,0.0,,-0.9379580992210835,0.0,0.0,0.0,0.0,70.41899440810084,0.013866480961627221,0.08345482735280102,0.08345482735280102,142,0.3118352922442701,19.42305734872482,1.0,False,0.1225721755892444,1.1289314573105713,0.15,5,0.0,1.0,0.07,2,12.691265169443179,0.899729908962096,0.3465876694084726,,,,0.0,2,0.9379580992210835,-0.1030135014710227,49152.0,491520.0,3,,0,83.45482735280102,0.16875,3.3290601670742035,13.366262584107998,10,2
12.633689591891567,7,1.0,0.0,0.0,0.0,0.0,0.16733200530681508,0.0,0.092,100000000.0,0.0,0.0,0.0,0.0,,-0.9785579990862869,0.0,0.0,0.0,0.0,69.88503038883209,0.013310249272341104,0.08251871998072366,0.08251871998072366,143,0.21186139979071153,16.029781549256334,1.0,False,0.12891450948862648,1.1873465112766033,0.13,5,0.0,1.0,0.08,2,12.180846311504787,0.8823458301025301,0.24011152154036122,,,,0.0,2,0.9785579990862869,-0.10571661473467507,49152.0,491520.0,1,,0,82.51871998072366,0.1703125,3.41848024725914,12.633689591891569,10,2
52.90943219756013,2,1.0,0.0,0.0,0.0,0.0,0.13416407864998736,0.0,0.074,20000000.0,0.0,0.0,0.0,0.0,,-0.9629500128629352,0.0,0.0,0.0,0.0,70.74644090607762,0.05376080455529253,0.12365587310363775,0.12365587310363775,143,0.14583978914862625,61.94321805838192,1.0,False,0.12739381290708512,1.1733403781581067,0.12,5,0.0,1.0,0.08,2,51.69722024221888,0.881689223725094,0.16540951757634087,,,,0.0,2,0.9629500128629352,-0.12552484300536143,49152.0,491520.0,2,,0,123.65587310363775,0.20625,3.275212347507477,52.90943219756013,10,2
15.836119741316642,2,1.0,0.0,0.0,0.0,0.0,0.6723094525588643,0.0,0.24,100000000.0,0.0,0.0,0.0,0.0,,-0.9629500128629352,0.0,0.0,0.0,0.0,70.16166346147656,0.0162469656395273,0.08560379067390952,0.08560379067390952,143,0.6666666666666666,47.50835922394993,1.0,False,0.13100890478759308,1.2066366048535524,0.3,5,0.0,1.0,0.06,2,14.947109459918089,0.9726972923999809,0.6853793794591216,,,,0.0,2,0.9629500128629352,-0.1083063477307513,49152.0,491520.0,3,,0,85.60379067390953,0.1609375,3.4545792043209076,15.836119741316642,10,2
13.154791772368279,7,1.0,0.0,0.0,0.0,0.0,0.38470768123342686,0.0,0.162,100000000.0,0.0,0.0,0.0,0.0,,-0.9723448696087954,0.0,0.0,0.0,0.0,70.6692012026906,0.013758356619264374,0.08382399297505888,0.08382399297505888,144,0.5092316450260029,26.804482479448524,1.0,False,0.12650950876655187,1.1651956360314475,0.21,5,0.0,1.0,0.06,2,12.56676617864231,0.9586994443980688,0.5311692293153776,,,,0.0,2,0.9723448696087954,-0.10516675087080538,49152.0,491520.0,1,,0,83.82399297505889,0.1421875,3.4181835055351257,13.154791772368279,10,2
59.77793053152558,2,1.0,0.0,0.0,0.0,0.0,0.30983866769659335,0.0,0.126,20000000.0,0.0,0.0,0.0,0.0,,-0.9629500128629352,0.0,0.0,0.0,0.0,70.33744640648365,0.06021449917582421,0.13011537693800923,0.13011537693800923,144,0.4451093152570999,107.72920176020388,1.0,False,0.130378757628603,1.2008327350348198,0.19,5,0.0,1.0,0.08,2,56.42218811582161,0.9345948598964815,0.4762591090072992,,,,0.0,2,0.9629500128629352,-0.1302470672833061,49152.0,491520.0,2,,0,130.11537693800923,0.1890625,3.3776281476020813,59.77793053152557,10,2
12.249283702070077,2,1.0,0.0,0.0,0.0,0.0,0.2097617696340303,0.0,0.106,100000000.0,0.0,0.0,0.0,0.0,,-0.937436866561092,0.0,0.0,0.0,0.0,69.87498328089714,0.012695181289773127,0.08212426698296722,0.08212426698296722,144,0.3284483652621436,18.240270842094887,1.0,False,0.1261666460559024,1.1620377537655076,0.15,5,0.0,1.0,0.07,2,11.548003867085555,0.8952104215801188,0.36689515374765824,,,,0.0,2,0.937436866561092,-0.1041454565194348,49152.0,491520.0,3,,0,82.12426698296723,0.1828125,3.4652741253376007,12.249283702070079,10,2
13.29728805256233,7,1.0,0.0,0.0,0.0,0.0,0.46475800154489005,0.0,0.20999999999999996,100000000.0,0.0,0.0,0.0,0.0,,-0.9908673886137245,0.0,0.0,0.0,0.0,71.16147689521313,0.013879208428205362,0.08420579534305786,0.08420579534305786,145,0.5516424404292157,29.657775961872737,1.0,False,0.12602993572051913,1.1607786050442606,0.23,5,0.0,1.0,0.06,2,12.576479814079526,0.9578013148272752,0.5759466309865069,,,,0.0,2,0.9908673886137245,-0.10511786553178849,49152.0,491520.0,1,,0,84.20579534305786,0.159375,3.3096804916858673,13.297288052562331,10,2
62.75309672226198,2,1.0,0.0,0.0,0.0,0.0,0.2408318915758459,0.0,0.13199999999999998,20000000.0,0.0,0.0,0.0,0.0,,-0.9847319278346618,0.0,0.0,0.0,0.0,69.71970712766051,0.06335700814032075,0.1324728038499225,0.1324728038499225,145,0.2933269201071259,88.80074607026893,1.0,False,0.12006090082306109,1.1058017619464682,0.15,5,0.0,1.0,0.07,2,59.51416430243592,0.8894055835705775,0.329801077849709,,,,0.0,2,0.9847319278346618,-0.1262668523364918,49152.0,491520.0,2,,0,132.47280384992249,0.1875,3.3685398995876312,62.75309672226198,10,2
10.85769329128002,2,1.0,0.0,0.0,0.0,0.0,0.20976176963403032,0.0,0.082,100000000.0,0.0,0.0,0.0,0.0,,-0.812776759390954,0.0,0.0,0.0,0.0,69.73649002611637,0.01129965847971857,0.08053262375204152,0.08053262375204152,145,0.375,17.372309266048035,1.0,False,0.12397847290388335,1.1418839342425922,0.16,5,0.0,1.0,0.09,2,10.378940161932933,0.9315418473957886,0.4025584047011384,,,,0.0,2,0.812776759390954,-0.10225554832796244,49152.0,491520.0,3,,0,80.53262375204153,0.1984375,3.3901402056217194,10.85769329128002,10,2
13.606357779616914,7,1.0,0.0,0.0,0.0,0.0,0.30659419433511786,0.0,0.11800000000000001,100000000.0,0.0,0.0,0.0,0.0,,-0.9309493362512626,0.0,0.0,0.0,0.0,71.0534518584609,0.0141778509888337,0.08391763445628198,0.08391763445628198,146,0.46958844357402874,25.652453485929907,1.0,False,0.1442793053224213,1.3288615106517752,0.19,5,0.0,1.0,0.08,2,12.864362147270407,0.9419776092696969,0.49851338179693533,,,,0.0,2,0.9309493362512626,-0.11409846988935164,49152.0,491520.0,1,,0,83.91763445628197,0.1546875,3.334133267402649,13.606357779616914,10,2
58.77525370965337,2,1.0,0.0,0.0,0.0,0.0,0.17320508075688773,0.0,0.096,20000000.0,0.0,0.0,0.0,0.0,,-0.9723448696087954,0.0,0.0,0.0,0.0,69.9369409121573,0.059209022824904006,0.12744145763981155,0.12744145763981155,146,0.1836783368566681,72.00011510576984,1.0,False,0.12926352684541964,1.1905610799283957,0.13,5,0.0,1.0,0.08,2,55.78161335805534,0.8154181934826443,0.22525660860248833,,,,0.0,2,0.9723448696087954,-0.12835249224261558,49152.0,491520.0,2,,0,127.44145763981155,0.196875,3.3092513382434845,58.77525370965337,10,2
14.160561391002393,2,1.0,0.0,0.0,0.0,0.0,0.39242833740697164,0.0,0.19199999999999995,100000000.0,0.0,0.0,0.0,0.0,,-0.975456381144309,0.0,0.0,0.0,0.0,70.79647202044725,0.014810986655180896,0.08494955287463513,0.08494955287463513,146,0.44444444444444436,25.489010503804302,1.0,False,0.13422319631703902,1.2362413238945096,0.18,5,0.0,1.0,0.07,2,13.463090429563168,0.9420026944189352,0.4718080394861242,,,,0.0,2,0.975456381144309,-0.10958637459583707,49152.0,491520.0,3,,0,84.94955287463513,0.1984375,3.3289168179035187,14.160561391002393,10,2
11.291849061723342,7,1.0,0.0,0.0,0.0,0.0,0.1414213562373095,0.0,0.074,100000000.0,0.0,0.0,0.0,0.0,,-0.9566355184455129,0.0,0.0,0.0,0.0,70.11026935651898,0.011798919680328911,0.08140211841824233,0.08140211841824233,147,0.19819520393416634,14.083040058039517,1.0,False,0.12584605766839435,1.1590850255972556,0.13,5,0.0,1.0,0.08,2,10.742175401672954,0.8354696413687711,0.23722609909494513,,,,0.0,2,0.9566355184455129,-0.10362408804331834,49152.0,491520.0,1,,0,81.40211841824232,0.1421875,3.4293593764305115,11.291849061723342,10,2
57.186596591078285,2,1.0,0.0,0.0,0.0,0.0,0.17320508075688776,0.0,0.09400000000000001,20000000.0,0.0,0.0,0.0,0.0,,-0.9785579990862869,0.0,0.0,0.0,0.0,70.86883299052715,0.05788578686273585,0.12805542958160543,0.12805542958160543,147,0.1936154061847429,70.91727325854609,1.0,False,0.11810894935369055,1.0878236245239865,0.13,5,0.0,1.0,0.08,2,54.58347102957782,0.8406295408129911,0.23032191564133378,,,,0.0,2,0.9785579990862869,-0.12308218946764798,49152.0,491520.0,2,,0,128.05542958160544,0.190625,3.3312980830669403,57.18659659107828,10,2
13.988781646056552,2,1.0,0.0,0.0,0.0,0.0,0.3687817782917155,0.0,0.184,100000000.0,0.0,0.0,0.0,0.0,,-0.9785579990862869,0.0,0.0,0.0,0.0,70.02075295895338,0.01459918407642893,0.08339422993019696,0.08339422993019696,147,0.39422404116821247,23.09233544532422,1.0,False,0.14056721605273376,1.2946719049867923,0.17,5,0.0,1.0,0.07,2,13.40568004910625,0.9398036191957477,0.4194749127541945,,,,0.0,2,0.9785579990862869,-0.11198072299146536,49152.0,491520.0,3,,0,83.39422993019696,0.159375,3.3496301770210266,13.988781646056552,10,2
11.494271552584385,7,1.0,0.0,0.0,0.0,0.0,0.16733200530681516,0.0,0.084,100000000.0,0.0,0.0,0.0,0.0,,-0.9122881765308202,0.0,0.0,0.0,0.0,69.58834500983357,0.011952393813429728,0.08108261656241796,0.08108261656241796,148,0.2749580870007388,15.853251165903421,1.0,False,0.13181196918876362,1.2140331013289503,0.14,5,0.0,1.0,0.08,2,10.912434050170928,0.8822386077475372,0.31165954945311264,,,,0.0,2,0.9122881765308202,-0.1064472928755908,49152.0,491520.0,1,,0,81.08261656241795,0.1625,3.311094731092453,11.494271552584383,10,2
88.40038116200883,2,1.0,0.0,0.0,0.0,0.0,0.8717797887081348,0.0,0.30399999999999994,20000000.0,0.0,0.0,0.0,0.0,,-0.9723448696087954,0.0,0.0,0.0,0.0,70.92437287792563,0.0893620291154624,0.1568262591130944,0.1568262591130944,148,0.7222222222222222,318.2413721832317,1.0,False,0.12622929275230635,1.1626147511625677,0.36,5,0.0,1.0,0.06,2,84.28724604983289,0.9824190529136868,0.7351467991996232,,,,0.0,2,0.9723448696087954,-0.14152777593270038,49152.0,491520.0,2,,0,156.82625911309438,0.190625,3.330748051404953,88.40038116200884,10,2
14.891978643808786,2,1.0000000000000002,0.0,0.0,0.0,0.0,0.5176871642217912,0.0,0.22799999999999992,100000000.0,0.0,0.0,-2.220446049250313e-16,2.220446049250313e-16,,-0.8876253645985945,0.0,0.0,0.0,0.0,69.75482869893312,0.015337876231511833,0.08396649029851624,0.08396649029851624,148,0.5597858370070297,33.82894031068825,1.0,False,0.1260359433860844,1.1608339376889578,0.24,5,0.0,1.0,0.07,2,13.88047851996262,0.9492943298356756,0.5896862747551957,,,,2.220446049250313e-16,2,0.8876253645985945,-0.10500121684230054,49152.0,491520.0,3,,0,83.96649029851625,0.2234375,3.2701480984687805,14.891978643808784,10,2
11.991251503417008,7,1.0,0.0,0.0,0.0,0.0,0.1341640786499874,0.0,0.07200000000000001,100000000.0,0.0,0.0,0.0,0.0,,-0.9723448696087954,0.0,0.0,0.0,0.0,70.57117950171232,0.012425120185416588,0.08206510394193486,0.08206510394193486,149,0.16487865035585555,14.358693510262464,1.0,False,0.1374685834288036,1.266132443832686,0.13,5,0.0,1.0,0.08,2,11.273572783255693,0.7673741860800319,0.21486082454519762,,,,0.0,2,0.9723448696087954,-0.10976684368536924,49152.0,491520.0,1,,0,82.06510394193486,0.153125,3.289082020521164,11.991251503417006,10,2
57.76149542271147,2,1.0,0.0,0.0,0.0,0.0,0.16124515496597097,0.0,0.09000000000000001,20000000.0,0.0,0.0,0.0,0.0,,-0.9816498172140428,0.0,0.0,0.0,0.0,70.03996660932899,0.05819806406701012,0.12618287015786883,0.12618287015786883,149,0.2307692307692309,75.08994404952492,1.0,False,0.11810894935369055,1.0878236245239865,0.13,5,0.0,1.0,0.08,2,54.89584568010294,0.8580946923113085,0.2689321269982987,,,,0.0,2,0.9816498172140428,-0.12214590975577969,49152.0,491520.0,2,,0,126.18287015786883,0.203125,3.2649959325790405,57.76149542271148,10,2
11.407532758445189,2,0.9999999999999999,0.0,0.0,0.0,0.0,0.2792848008753788,0.0,0.11800000000000002,100000000.0,0.0,0.0,1.1102230246251565e-16,0.0,,-0.9216805029374059,0.0,0.0,0.0,0.0,69.48502035811543,0.011918760300731204,0.08089255311656063,0.08089255311656063,149,0.43193306693885297,20.08131805344367,1.0,False,0.1298370043403084,1.1958430028519893,0.18,5,0.0,1.0,0.08,2,10.88016706436618,0.9426848125082358,0.4581945749073786,,,,0.0,2,0.9216805029374059,-0.10536477872843451,49152.0,491520.0,3,,0,80.89255311656063,0.165625,3.381662517786026,11.407532758445189,10,2
11.576090463418122,7,1.0,0.0,0.0,0.0,0.0,0.17888543819998315,0.0,0.09999999999999999,100000000.0,0.0,0.0,0.0,0.0,,-0.9631281225496269,0.0,0.0,0.0,0.0,69.2557548172772,0.012080991210110158,0.08083184528069531,0.08083184528069531,150,0.15679343398665235,13.728653131995271,1.0,False,0.1364021248460267,1.2563099972926954,0.13,5,0.0,1.0,0.08,2,10.92849246678284,0.7687282716735994,0.20396470347746826,,,,0.0,2,0.9631281225496269,-0.10861698506336101,49152.0,491520.0,1,0.14921875,0,80.83184528069532,0.1765625,3.3365743160247803,11.57609046341812,10,2
53.2656916839763,2,1.0,0.0,0.0,0.0,0.0,0.16733200530681516,0.0,0.084,20000000.0,0.0,0.0,0.0,0.0,,-0.9122881765308202,0.0,0.0,0.0,0.0,71.9783566892147,0.05374782573925516,0.12504498504220338,0.12504498504220338,150,0.2790812617347689,73.88584712356231,1.0,False,0.12488769992043962,1.1502582245404718,0.14,5,0.0,1.0,0.08,2,51.22879919360138,0.9100989459583833,0.3066493626590033,,,,0.0,2,0.9122881765308202,-0.12496634248132149,49152.0,491520.0,2,0.14921875,0,125.04498504220338,0.2078125,3.2900311648845673,53.2656916839763,10,2
10.945592248394846,2,1.0,0.0,0.0,0.0,0.0,0.20976176963403032,0.0,0.11200000000000002,100000000.0,0.0,0.0,0.0,0.0,,-0.9566355184455129,0.0,0.0,0.0,0.0,70.8786491304636,0.011647868471449474,0.08182424137885844,0.08182424137885844,150,0.21916668209787724,14.017834533242691,1.0,False,0.12709387952711543,1.1705778896396686,0.13,5,0.0,1.0,0.07,2,10.502964207680938,0.8740698803324515,0.2507427461229043,,,,0.0,2,0.9566355184455129,-0.10445906045298693,49152.0,491520.0,3,0.14921875,0,81.82424137885843,0.20625,3.2757314443588257,10.945592248394844,10,2
