actual_bandwidth_tx_delay_ms,allocator_bottleneck_client,allocator_bottleneck_mig,allocator_elapsed_ms,allocator_equal_total_delay_improvement,allocator_equal_total_delay_ms,allocator_equal_tx_delay_ms,allocator_floor_hit_rate,allocator_hybrid_total_delay_ms,allocator_hybrid_tx_delay_ms,allocator_oracle_gap_closure,available_migs,bandwidth_allocation_sum,bandwidth_alpha_max,bandwidth_alpha_mean,bandwidth_alpha_min,bandwidth_context_score_std,bandwidth_cv,bandwidth_floor_hit_rate,bandwidth_gini,bandwidth_hz,bandwidth_latent_mean,bandwidth_physical_score_std,bandwidth_unused,bandwidth_violation,baseline_exploration_epsilon,channel_bandwidth_spearman,channel_permutation_delta_spearman,cluster_load_cv,cluster_size_std,cluster_size_violation,compute_delay_ms,cpsl_proxy_delay,delay,delay_normalized,epoch,equal_bandwidth_improvement,equal_bandwidth_tx_delay_ms,feature_compression_mean,is_warmup,kl_normalized,kl_sum,max_bandwidth_share,max_cluster_size,mean_l1,mean_l2,min_bandwidth_share,nonempty_cluster_count,oracle_bandwidth_tx_delay_ms,oracle_gap_closure,oracle_opportunity,pcsfl_clustering_factor,pcsfl_learning_reward,pcsfl_waiting_factor,penalty,physical_cluster_count,ppo_approx_kl,ppo_bandwidth_actor_gradient_share,ppo_bandwidth_alpha_max,ppo_bandwidth_alpha_mean,ppo_bandwidth_alpha_min,ppo_bandwidth_approx_kl,ppo_bandwidth_channel_weight,ppo_bandwidth_channel_weight_drift,ppo_bandwidth_clip_fraction,ppo_bandwidth_context_score_std,ppo_bandwidth_effective_physical_coefficient,ppo_bandwidth_entropy,ppo_bandwidth_head_grad_norm_post,ppo_bandwidth_head_grad_norm_pre,ppo_bandwidth_latent_mean_abs,ppo_bandwidth_latent_mean_std,ppo_bandwidth_mean_head_parameter_drift,ppo_bandwidth_physical_score_std,ppo_bandwidth_physical_weight,ppo_bandwidth_policy_grad_norm,ppo_bandwidth_policy_loss,ppo_clip_fraction,ppo_cluster_approx_kl,ppo_cluster_clip_fraction,ppo_cluster_entropy,ppo_cluster_policy_grad_norm,ppo_cluster_policy_loss,ppo_component_balanced_ppo,ppo_decoder_grad_norm_post,ppo_decoder_grad_norm_pre,ppo_encoder_grad_norm_post,ppo_encoder_grad_norm_pre,ppo_entropy,ppo_episode_count,ppo_grad_norm,ppo_grad_norm_post,ppo_grad_norm_post_max,ppo_grad_norm_pre,ppo_grad_norm_pre_max,ppo_kl_early_stop,ppo_online_target_value_drift,ppo_online_value_mean,ppo_policy_loss,ppo_policy_version_after,ppo_policy_version_count,ppo_ppo_epochs_run,ppo_ppo_update_elapsed_seconds,ppo_split_approx_kl,ppo_split_clip_fraction,ppo_split_entropy_component,ppo_split_head_grad_norm_post,ppo_split_head_grad_norm_pre,ppo_split_policy_grad_norm,ppo_split_policy_loss,ppo_station_1_explained_variance,ppo_station_1_return_mean,ppo_station_1_return_std,ppo_station_1_td_residual_mean,ppo_station_1_td_residual_std,ppo_station_2_explained_variance,ppo_station_2_return_mean,ppo_station_2_return_std,ppo_station_2_td_residual_mean,ppo_station_2_td_residual_std,ppo_station_3_explained_variance,ppo_station_3_return_mean,ppo_station_3_return_std,ppo_station_3_td_residual_mean,ppo_station_3_td_residual_std,ppo_target_drift_during_update,ppo_target_value_mean,ppo_transition_count,ppo_update_epoch,ppo_value_head_grad_norm_post,ppo_value_head_grad_norm_pre,ppo_value_loss,required_airtime_bandwidth_spearman,reward,smashed_data_bytes_per_client_mean,smashed_data_bytes_total,station_id,test_accuracy,top_worker_count,total_delay_ms,train_accuracy,train_loss,tx_delay_ms,vehicle_count,virtual_cluster_count
73.7731554679679,0,1,0.7873210124671459,0.2421802191946924,359.7178297515673,160.88969832544151,0.0,272.6012868940937,73.7731554679679,1.0,2,1.0000000000000002,0.0,0.0,0.0,0.0,0.44996801439244605,0.0,0.2144870211779018,100000000.0,0.10000000149011612,0.0,-2.220446049250313e-16,2.220446049250313e-16,,-0.9999999999999999,0.0,0.0,0.0,0.0,198.82813142612576,,0.2726012868940937,0.2726012868940937,1,0.5414675008045425,160.88969832544151,1.0,True,0.0693422136440747,0.3193326949041095,0.21808704982844254,10,4.0,5.0,0.06065663537419632,1,73.7731554679679,1.0,0.5414675008045425,,,,2.220446049250313e-16,1,,,,,,,,,,,,,,,,,,,,,,,,,,,,,,,,,,,,,,,,,,,,,,,,,,,,,,,,,,,,,,,,,,,,,,,,,,,,,0.9999999999999999,-0.1709717502690844,262144.0,2621440.0,1,,0,272.6012868940937,0.028125,4.5651233196258545,73.7731554679679,10,1
85.93922700343374,8,0,0.6779399700462818,0.2646234829173341,236.01665514769476,133.36375196712535,0.0,173.56110583601242,85.93922700343374,1.0,2,1.0,0.0,0.0,0.0,0.0,0.71898415393088,0.0,0.37834659695851636,100000000.0,0.10000000149011612,0.0,0.0,0.0,,-0.309090909090909,0.0,0.2,1.0,0.0,102.65290318056941,,0.17356110583601242,0.17356110583601242,1,0.35560281009027045,133.36375196712535,1.0,True,0.12970970843533575,1.1946705642392326,0.1880794421135821,6,1.8,3.2,0.011127479452036463,2,71.70163871748647,0.769103140719384,0.46236036659225677,,,,0.0,2,,,,,,,,,,,,,,,,,,,,,,,,,,,,,,,,,,,,,,,,,,,,,,,,,,,,,,,,,,,,,,,,,,,,,,,,,,,,,0.9999999999999999,-0.15163540713567408,334233.6,3342336.0,2,,0,173.56110583601242,0.015625,4.681749892234802,85.93922700343376,10,2
115.52385200668748,0,1,0.6577810272574425,0.1847472266129259,271.30589440533936,152.29197165066418,0.0,221.1828828502136,115.52385200668748,1.0,2,1.0,0.0,0.0,0.0,0.0,0.39756401062677643,0.0,0.20415299984384275,100000000.0,0.10000000149011612,0.0,0.0,0.0,,-0.6606060606060605,0.0,0.6,3.0,0.0,119.01392275467515,,0.2211828828502136,0.2211828828502136,1,0.24143176587349888,152.29197165066415,1.0,True,0.16979190254030993,1.563841214801662,0.1490589426654197,8,3.4,6.0,0.020717235876780662,2,102.84977948059677,0.743658766534958,0.3246539632665645,,,,0.0,2,,,,,,,,,,,,,,,,,,,,,,,,,,,,,,,,,,,,,,,,,,,,,,,,,,,,,,,,,,,,,,,,,,,,,,,,,,,,,0.9999999999999999,-0.19548739269526177,445644.8,4456448.0,3,,0,221.1828828502136,0.025,4.604109477996826,115.52385200668746,10,2
86.84658441697934,0,1,0.6620408967137337,0.5787149000411501,350.7097841606033,289.8075621009362,0.0,147.74880647664645,86.84658441697934,1.0,2,1.0,0.0,0.0,0.0,0.0,1.1089298535928156,0.0,0.46669815812706666,100000000.0,0.10000000149011612,0.0,0.0,0.0,,-0.9636363636363635,0.0,0.6,3.0,0.0,85.18289215862751,,0.14774880647664645,0.14774880647664645,2,0.7003301646534268,289.8075621009362,1.0,True,0.1856812285393458,1.710187315534073,0.3337005871289926,8,4.4,5.8,0.03613159151780171,2,78.16449421071182,0.9589776774036805,0.7302882863232943,,,,0.0,2,,,,,,,,,,,,,,,,,,,,,,,,,,,,,,,,,,,,,,,,,,,,,,,,,,,,,,,,,,,,,,,,,,,,,,,,,,,,,0.9999999999999999,-0.1667150175079961,314572.8,3145728.0,1,,0,147.74880647664645,0.03125,4.430566740036011,86.84658441697934,10,2
142.01504155819146,5,1,0.6810538470745087,0.2504179783275945,271.308057052889,190.76928267801657,0.0,203.3676419017169,142.01504155819146,1.0,2,1.0,0.0,0.0,0.0,0.0,0.2488995230183092,0.0,0.1350670664827481,100000000.0,0.10000000149011612,0.0,0.0,0.0,,-0.9515151515151514,0.0,0.6,3.0,0.0,80.53877437487245,,0.2033676419017169,0.2033676419017169,2,0.25556651697492255,190.76928267801657,1.0,True,0.18831985033780155,1.7344899204107662,0.15531306810780754,8,3.0,6.0,0.07240838193449715,2,125.8705095180814,0.7512351735783387,0.34019508931882053,,,,0.0,2,,,,,,,,,,,,,,,,,,,,,,,,,,,,,,,,,,,,,,,,,,,,,,,,,,,,,,,,,,,,,,,,,,,,,,,,,,,,,0.9515151515151514,-0.19584374611975924,524288.0,5242880.0,2,,0,203.36764190171692,0.0265625,4.480597639083863,142.01504155819148,10,2
252.34425356710173,0,1,0.6702947430312634,0.12111346366695863,412.2942185858083,291.40454091968064,0.0,362.3598377230189,252.34425356710176,1.0,2,1.0,0.0,0.0,0.0,0.0,0.1261691532396598,0.0,0.07015942317183424,100000000.0,0.10000000149011612,0.0,0.0,0.0,,-0.9515151515151514,0.0,0.4,2.0,0.0,120.88967766612768,,0.36235983772301894,0.36235983772301894,2,0.13404145051859387,291.40454091968064,1.0,True,0.15207444530566677,1.4006574031446668,0.12067931741587645,7,1.3,5.4,0.08234982035185678,2,244.7528366773679,0.8372746073690386,0.16009257815639633,,,,0.0,2,,,,,,,,,,,,,,,,,,,,,,,,,,,,,,,,,,,,,,,,,,,,,,,,,,,,,,,,,,,,,,,,,,,,,,,,,,,,,0.9515151515151514,-0.25721714151434283,1048576.0,10485760.0,3,,0,362.3598377230189,0.028125,4.475570333003998,252.34425356710176,10,2
64.40300032667969,0,0,0.6609600968658924,0.4729571977799304,239.06470398097267,177.47037280960907,0.0,125.99733149804327,64.40300032667967,1.0,2,1.0,0.0,0.0,0.0,0.0,0.7396126440111418,0.0,0.35325061948979003,100000000.0,0.10000000149011612,0.0,0.0,0.0,,-0.6363636363636362,0.0,0.4,2.0,0.0,77.00002007186413,,0.12599733149804326,0.12599733149804326,3,0.6371056232818562,177.47037280960905,1.0,True,0.15672501232638616,1.4434907083281794,0.2755622749086271,7,4.4,5.4,0.0480846108603622,2,58.3798213418742,0.9494235360356246,0.6710446909101593,,,,0.0,2,,,,,,,,,,,,,,,,,,,,,,,,,,,,,,,,,,,,,,,,,,,,,,,,,,,,,,,,,,,,,,,,,,,,,,,,,,,,,0.9999999999999999,-0.1413611719122147,249036.8,2490368.0,1,,0,125.99733149804327,0.0296875,4.445775747299194,64.40300032667967,10,2
153.97354636509806,1,1,0.6655431352555752,0.21464679711145515,313.87704745513287,197.95690332186305,0.0,246.50434453208837,153.97354636509806,1.0,2,1.0,0.0,0.0,0.0,0.0,0.2397331744207216,0.0,0.1283604580445389,100000000.0,0.10000000149011612,0.0,0.0,0.0,,-0.6606060606060605,0.0,0.8,4.0,0.0,115.92014413326979,,0.24650434453208836,0.24650434453208836,3,0.22218652756580742,197.95690332186305,1.0,True,0.20855419061387348,1.9208550815557754,0.15159330356756853,9,2.8,4.2,0.07032752385239205,2,133.49893173037228,0.682357137073971,0.3256161846838297,,,,0.0,2,,,,,,,,,,,,,,,,,,,,,,,,,,,,,,,,,,,,,,,,,,,,,,,,,,,,,,,,,,,,,,,,,,,,,,,,,,,,,0.9999999999999999,-0.22752926757298092,576716.8,5767168.0,2,,0,246.50434453208837,0.0171875,4.442458987236023,153.97354636509806,10,2
28.97345711009094,0,1,0.6675608456134796,0.11009639463252284,136.99306977894753,44.055900182394694,0.0,121.9106267066438,28.97345711009094,1.0,2,1.0,0.0,0.0,0.0,0.0,0.20397801864531073,0.0,0.10150769086090465,100000000.0,0.10000000149011612,0.0,0.0,0.0,,-0.9999999999999999,0.0,0.0,0.0,0.0,92.93716959655285,,0.1219106267066438,0.1219106267066438,3,0.3423478582859803,44.055900182394694,1.0,True,0.05917326419449009,0.2725029520760624,0.15205606985384842,10,5.0,6.0,0.08048975021325773,1,28.97345711009094,1.0,0.3423478582859803,,,,0.0,1,,,,,,,,,,,,,,,,,,,,,,,,,,,,,,,,,,,,,,,,,,,,,,,,,,,,,,,,,,,,,,,,,,,,,,,,,,,,,0.9999999999999999,-0.09054194545056694,131072.0,1310720.0,3,,0,121.9106267066438,0.021875,4.451488494873047,28.973457110090944,10,1
121.89689553937215,0,1,0.6697848439216614,0.48206922112723577,377.08950809932946,289.96499324015974,0.2,195.30626263463324,121.89689553937215,1.0,2,1.0,0.0,0.0,0.0,0.0,0.6812150237309574,0.2,0.33687492026033733,100000000.0,0.10000000149011612,0.0,0.0,0.0,,-0.41337576970244394,0.0,0.6,3.0,0.0,87.12451485916972,,0.19530626263463327,0.19530626263463327,4,0.5796151315465427,289.9649932401597,1.0,True,0.17423928973207298,1.604803164603767,0.26803504214222545,8,2.4,4.8,0.010000000000000002,2,108.37860414827013,0.925554489746138,0.6262355571366955,,,,0.0,2,,,,,,,,,,,,,,,,,,,,,,,,,,,,,,,,,,,,,,,,,,,,,,,,,,,,,,,,,,,,,,,,,,,,,,,,,,,,,0.9969650916353059,-0.18477277618335314,429260.8,4292608.0,1,,0,195.30626263463327,0.0453125,4.427165293693543,121.89689553937217,10,2
289.74374186015297,1,1,0.70185586810112,0.46628416464170336,647.0088958301935,551.9569972091708,0.0,345.31889332226086,289.74374186015297,1.0,2,1.0,0.0,0.0,0.0,0.0,0.4744371801332914,0.0,0.23455979787445555,100000000.0,0.10000000149011612,0.0,0.0,0.0,,-0.6606060606060605,0.0,0.8,4.0,0.0,95.0518986210227,,0.34531889332226084,0.34531889332226084,4,0.4750610222804168,551.9569972091708,1.0,True,0.2212592796075361,2.0378732756436566,0.22054725908547468,9,2.2,4.2,0.024928247328111917,2,251.2510808181249,0.8719923388804524,0.5447995367600889,,,,0.0,2,,,,,,,,,,,,,,,,,,,,,,,,,,,,,,,,,,,,,,,,,,,,,,,,,,,,,,,,,,,,,,,,,,,,,,,,,,,,,0.9999999999999999,-0.2832890864648985,969932.8,9699328.0,2,,0,345.31889332226086,0.040625,4.4130363941192625,289.74374186015297,10,2
203.53646216619288,8,0,0.6992928683757782,0.2519662681367555,365.37144188003623,246.5406669692882,0.0,273.31016318577804,203.53646216619288,1.0,2,1.0000000000000002,0.0,0.0,0.0,0.0,0.4764172014746002,0.0,0.262130185870868,100000000.0,0.10000000149011612,0.0,-2.220446049250313e-16,2.220446049250313e-16,,-0.49090909090909085,0.0,0.0,0.0,0.0,118.830774910748,,0.27331016318577805,0.27331016318577805,4,0.17443047157997826,246.54066696928817,1.0,True,0.129647541891552,1.194097989211235,0.15959453861272116,5,2.5,5.0,0.0415454271211156,2,167.76525678519513,0.5459089924457043,0.31952298642035465,,,,2.220446049250313e-16,2,,,,,,,,,,,,,,,,,,,,,,,,,,,,,,,,,,,,,,,,,,,,,,,,,,,,,,,,,,,,,,,,,,,,,,,,,,,,,0.9999999999999999,-0.20147885253866527,786432.0,7864320.0,3,,0,273.31016318577804,0.034375,4.418276786804199,203.53646216619288,10,2
163.47599449555904,0,1,0.6774622015655041,0.14848934861777344,265.5491464397979,173.47841231144193,0.0,226.11792665894657,163.475994495559,1.0,2,0.9999999999999999,0.0,0.0,0.0,0.0,0.23326008287772904,0.0,0.13132819718600422,100000000.0,0.10000000149011612,0.0,1.1102230246251565e-16,0.0,,-0.9272727272727272,0.0,0.6,3.0,0.0,92.07073412835598,,0.22611792665894656,0.22611792665894656,5,0.05765799722633937,173.4784123114419,1.0,True,0.1743151109657242,1.605501503973118,0.12941592362842874,8,3.0,4.2,0.06352903908157587,2,138.15882501768397,0.2831974714962373,0.20359644075108008,,,,0.0,2,,,,,,,,,,,,,,,,,,,,,,,,,,,,,,,,,,,,,,,,,,,,,,,,,,,,,,,,,,,,,,,,,,,,,,,,,,,,,0.9272727272727272,-0.20021651881233538,524288.0,5242880.0,1,,0,226.11792665894657,0.034375,4.366572523117066,163.47599449555904,10,2
181.4671198338331,0,1,0.7310118526220322,0.2522077689863554,327.2441117666152,264.00062717641265,0.0,244.71060442403567,181.4671198338331,1.0,2,1.0,0.0,0.0,0.0,0.0,0.3068099000601411,0.0,0.17328805091256844,100000000.0,0.10000000149011612,0.0,0.0,0.0,,-0.7939393939393938,0.0,0.6,3.0,0.0,92.36087650060654,,0.2447106044240357,0.2447106044240357,5,0.3126261790561139,264.00062717641265,1.0,True,0.1574728467507486,1.4503785179184385,0.14548124608918372,8,2.8,4.0,0.05921481386852273,2,159.9121998943384,0.7929172291067289,0.3942734091026209,,,,0.0,2,,,,,,,,,,,,,,,,,,,,,,,,,,,,,,,,,,,,,,,,,,,,,,,,,,,,,,,,,,,,,,,,,,,,,,,,,,,,,0.9878787878787878,-0.20109172558739213,629145.6,6291456.0,2,,0,244.7106044240357,0.0109375,4.519416618347168,181.46711983383312,10,2
128.52614467976298,0,0,0.6904518231749535,0.1932619120017928,239.25834834796413,151.6731529146157,0.0,193.0188224838456,128.52614467976298,1.0,2,1.0,0.0,0.0,0.0,0.0,0.17859385089100863,0.0,0.0911745747127565,100000000.0,0.10000000149011612,0.0,0.0,0.0,,-0.8666666666666665,0.0,0.4,2.0,0.0,87.58519543334842,,0.1930188224838456,0.1930188224838456,5,0.15261111007485506,151.6731529146157,1.0,True,0.14545569802561975,1.339696487859342,0.14385652581407657,7,3.0,5.7,0.07949376201691388,2,111.58135659077179,0.5773502401309577,0.26433020975316296,,,,0.0,2,,,,,,,,,,,,,,,,,,,,,,,,,,,,,,,,,,,,,,,,,,,,,,,,,,,,,,,,,,,,,,,,,,,,,,,,,,,,,0.8666666666666665,-0.16923726025473268,524288.0,5242880.0,3,,0,193.0188224838456,0.0359375,4.411962890625,128.52614467976298,10,2
281.9931857336611,2,1,0.7025431841611862,0.31833534968118177,508.36620670671005,415.23074502984423,0.0,346.5352725286336,281.9931857336611,1.0,2,0.9999999999999999,0.0,0.0,0.0,0.0,0.413553404163181,0.0,0.23406449877182053,100000000.0,0.10000000149011612,0.0,1.1102230246251565e-16,0.0,,-0.9878787878787878,0.0,0.6,3.0,0.0,93.13546167686582,,0.3465352725286336,0.3465352725286336,6,0.3208759488332368,415.2307450298442,1.0,False,0.1741350450685405,1.6038430357706708,0.16386387331312705,8,1.4,5.2,0.034181098756641326,2,255.465700549641,0.8339593916158101,0.3847620784167132,,,,0.0,2,,,,,,,,,,,,,,,,,,,,,,,,,,,,,,,,,,,,,,,,,,,,,,,,,,,,,,,,,,,,,,,,,,,,,,,,,,,,,0.9999999999999999,-0.26033515879858704,943718.4,9437184.0,1,,0,346.5352725286336,0.025,4.389291477203369,281.9931857336611,10,2
64.04266388737919,0,1,0.6763646379113197,0.37753410282534094,200.78056614548672,139.84417479187954,0.0,124.97905524098637,64.04266388737919,1.0,2,1.0,0.0,0.0,0.0,0.0,0.40103355588240086,0.0,0.15316449385647346,100000000.0,0.10000000149011612,0.0,0.0,0.0,,-0.9999999999999999,0.0,0.8,4.0,0.0,94.41919671371579,,0.12497905524098638,0.12497905524098638,6,0.542042677267827,139.84417479187954,1.0,False,0.2212592796075361,2.0378732756436566,0.21836095862251986,9,4.8,5.8,0.07575722455599021,2,37.871196003075156,0.7433489911233483,0.7291900355561021,,,,0.0,2,,,,,,,,,,,,,,,,,,,,,,,,,,,,,,,,,,,,,,,,,,,,,,,,,,,,,,,,,,,,,,,,,,,,,,,,,,,,,0.9999999999999999,-0.17311916742426126,170393.6,1703936.0,2,,0,124.97905524098637,0.03125,4.488663589954376,64.04266388737919,10,2
148.11231077634415,1,1,0.7175388745963573,0.1659430889107408,250.74430539557724,154.66177680814656,0.0,209.135020831457,148.11231077634415,1.0,2,1.0,0.0,0.0,0.0,0.0,0.1477719948248444,0.0,0.0765828149156398,100000000.0,0.10000000149011612,0.0,0.0,0.0,,-0.6606060606060605,0.0,0.8,4.0,0.0,96.08252858743072,,0.20913502083145702,0.20913502083145702,6,0.04234702437129501,154.66177680814653,1.0,False,0.24240137914256474,2.2325992085394697,0.13680527844915238,9,3.0,5.1,0.08466600657091858,2,116.05402750211209,0.16964122875659787,0.24962696086135253,,,,0.0,2,,,,,,,,,,,,,,,,,,,,,,,,,,,,,,,,,,,,,,,,,,,,,,,,,,,,,,,,,,,,,,,,,,,,,,,,,,,,,0.6606060606060605,-0.22576819998701086,524288.0,5242880.0,3,,0,209.135020831457,0.03125,4.414450454711914,148.11231077634415,10,2
264.23014995685037,0,1,0.6541488692164421,0.341203948046499,496.941587091833,404.86612370744314,0.0,327.38315562760647,264.23014995685037,1.0,2,1.0,0.0,0.0,0.0,0.0,0.3490459954690357,0.0,0.1878168552184047,100000000.0,0.10000000149011612,0.0,0.0,0.0,,-0.5636363636363636,0.0,0.6,3.0,0.0,92.07546338438988,,0.32738315562760645,0.32738315562760645,7,0.3473641421583016,404.86612370744314,1.0,False,0.1696504265103283,1.5625381724110554,0.17205817618956934,8,1.4,4.4,0.03224386534477137,2,238.48687758633923,0.8452735363894297,0.4109487961045854,,,,0.0,2,,,,,,,,,,,,,,,,,,,,,,,,,,,,,,,,,,,,,,,,,,,,,,,,,,,,,,,,,,,,,,,,,,,,,,,,,,,,,0.9636363636363635,-0.24851679106896737,943718.4,9437184.0,1,,0,327.38315562760647,0.0359375,4.376607942581177,264.23014995685037,10,2
246.45121489987648,0,1,0.7016579620540142,0.4008716979093204,515.5540692925279,423.6337749592786,0.0,308.8830341711728,246.4512148998765,1.0,2,0.9999999999999998,0.0,0.0,0.0,0.0,0.4090791845570856,0.0,0.20411511791761158,100000000.0,0.10000000149011612,0.0,2.220446049250313e-16,0.0,,-0.9878787878787878,0.0,0.6,3.0,0.0,91.92029433324933,,0.3088830341711728,0.3088830341711728,7,0.4182446502912418,423.6337749592786,1.0,False,0.182334382056786,1.679361720256946,0.19525646443981282,8,2.2,5.6,0.03881203300623596,2,219.3233759290889,0.8672224267606709,0.48228071298099123,,,,0.0,2,,,,,,,,,,,,,,,,,,,,,,,,,,,,,,,,,,,,,,,,,,,,,,,,,,,,,,,,,,,,,,,,,,,,,,,,,,,,,0.9999999999999999,-0.2456087081139794,943718.4,9437184.0,2,,0,308.8830341711728,0.025,4.422864484786987,246.4512148998765,10,2
273.1880351204262,5,0,0.695439986884594,0.4076233589493235,566.9415621846595,476.56387983035825,0.0,335.84293827897176,273.18803512042626,1.0,2,1.0,0.0,0.0,0.0,0.0,0.4529808022429001,0.0,0.2492180385771349,100000000.0,0.10000000149011612,0.0,0.0,0.0,,-0.8545454545454544,0.0,0.6,3.0,0.0,90.37768235430121,,0.3358429382789718,0.3358429382789718,7,0.42675463524916624,476.56387983035825,1.0,False,0.18708210541738643,1.7230898684000584,0.1941471830850914,8,2.2,5.6,0.036244841747101846,2,247.7206192804946,0.8887124061301231,0.4801943039227494,,,,0.0,2,,,,,,,,,,,,,,,,,,,,,,,,,,,,,,,,,,,,,,,,,,,,,,,,,,,,,,,,,,,,,,,,,,,,,,,,,,,,,0.9999999999999999,-0.26146252184817914,943718.4,9437184.0,3,,0,335.8429382789718,0.034375,4.4147796630859375,273.18803512042626,10,2
249.82524705277072,0,0,0.6882431916892529,0.24746781212934316,412.3127011483841,322.3132628849082,0.0,310.2785790820538,249.82524705277072,1.0,2,1.0,0.0,0.0,0.0,0.0,0.2763521388752549,0.0,0.14530213933884262,100000000.0,0.10000000149011612,0.0,0.0,0.0,,-0.7454545454545454,0.0,0.8,4.0,0.0,89.9994382634759,,0.3102785790820538,0.3102785790820538,8,0.22489926471943403,322.3132628849082,1.0,False,0.22806924724438285,2.1005953955011574,0.14632037408860504,9,1.2,5.1,0.04796335270565937,2,221.69627113296735,0.7204351329728483,0.31217142866339087,,,,0.0,2,,,,,,,,,,,,,,,,,,,,,,,,,,,,,,,,,,,,,,,,,,,,,,,,,,,,,,,,,,,,,,,,,,,,,,,,,,,,,0.9999999999999999,-0.2691739131632183,996147.2,9961472.0,1,,0,310.2785790820538,0.0359375,4.320844435691834,249.8252470527707,10,2
211.78243695289302,5,1,0.6796149536967278,0.21305904670582543,348.98870489588677,267.304362776044,0.0,274.63350411966854,211.782436952893,1.0,2,1.0,0.0,0.0,0.0,0.0,0.3783750417138021,0.0,0.19720635070743447,100000000.0,0.10000000149011612,0.0,0.0,0.0,,-0.3939393939393939,0.0,0.6,3.0,0.0,81.68434211984277,,0.2746335041196685,0.2746335041196685,8,0.20771051114369204,267.304362776044,1.0,False,0.17835947798034718,1.6427515007669888,0.13853616154927142,8,1.6,4.4,0.02715237349536657,2,194.06479915578305,0.758086518797764,0.2739931472110815,,,,0.0,2,,,,,,,,,,,,,,,,,,,,,,,,,,,,,,,,,,,,,,,,,,,,,,,,,,,,,,,,,,,,,,,,,,,,,,,,,,,,,0.9999999999999999,-0.22649649105000785,891289.6,8912896.0,2,,0,274.63350411966854,0.01875,4.455289077758789,211.782436952893,10,2
193.08817570431148,0,1,0.6865453906357288,0.4994155384684364,510.50572115820046,448.04266532775154,0.0,255.55123153476035,193.08817570431148,1.0,2,1.0,0.0,0.0,0.0,0.0,0.522663029441283,0.0,0.26363960636826156,100000000.0,0.10000000149011612,0.0,0.0,0.0,,-0.8545454545454544,0.0,0.6,3.0,0.0,79.06707050278783,,0.25555123153476034,0.25555123153476034,8,0.5690406502624836,448.0426653277515,1.0,False,0.16771744987096135,1.5447347996314071,0.23204044664747805,8,2.6,4.8,0.051581868980949866,2,182.55387603929543,0.9603211130185597,0.5925524728638201,,,,0.0,2,,,,,,,,,,,,,,,,,,,,,,,,,,,,,,,,,,,,,,,,,,,,,,,,,,,,,,,,,,,,,,,,,,,,,,,,,,,,,0.9999999999999999,-0.21163434070286086,629145.6,6291456.0,3,,0,255.55123153476035,0.0328125,4.382314133644104,193.0881757043115,10,2
67.35131124740602,0,1,0.6968989036977291,0.4066244708120776,222.2242470131048,157.7131280907222,0.0,131.86243016978864,67.35131124740602,1.0,2,1.0,0.0,0.0,0.0,0.0,0.684521834141622,0.0,0.35487371817466157,100000000.0,0.10000000149011612,0.0,0.0,0.0,,-0.7575757575757575,0.0,0.4,2.0,0.0,79.5397199690342,,0.1318624301697886,0.1318624301697886,9,0.5729505079078567,157.71312809072217,1.0,False,0.15505699180267646,1.4281276715573712,0.23416489622805434,7,4.4,5.4,0.04207334142605502,2,61.071714447898565,0.9350216789800263,0.6127670842165532,,,,0.0,2,,,,,,,,,,,,,,,,,,,,,,,,,,,,,,,,,,,,,,,,,,,,,,,,,,,,,,,,,,,,,,,,,,,,,,,,,,,,,0.9999999999999999,-0.14345971098623253,249036.8,2490368.0,1,,0,131.8624301697886,0.05,4.3214662909507755,67.35131124740602,10,2
151.04544019117526,0,0,0.683485995978117,0.22712265771668425,273.54621329402926,191.0466174694002,0.0,211.41767032235435,151.04544019117526,1.0,2,1.0,0.0,0.0,0.0,0.0,0.20389153783207153,0.0,0.10731949708923667,100000000.0,0.10000000149011612,0.0,0.0,0.0,,-0.9878787878787878,0.0,0.8,4.0,0.0,82.49959582462907,,0.2114176703223544,0.2114176703223544,9,0.2093791442532703,191.04661746940016,1.0,False,0.20743719304391586,1.9105671537417954,0.14819226723152085,9,3.0,5.8,0.08034043442737775,2,130.99599811921425,0.66612430830992,0.31432443110281283,,,,0.0,2,,,,,,,,,,,,,,,,,,,,,,,,,,,,,,,,,,,,,,,,,,,,,,,,,,,,,,,,,,,,,,,,,,,,,,,,,,,,,0.9878787878787878,-0.20942743168313513,524288.0,5242880.0,2,,0,211.41767032235438,0.040625,4.419000935554505,151.04544019117526,10,2
123.4453993403451,6,0,0.6858888082206249,0.5335201427532454,403.84021070656974,338.90228620601494,0.0,188.38332384089992,123.44539934034512,1.0,2,0.9999999999999999,0.0,0.0,0.0,0.0,0.9564508783900535,0.0,0.4960799172397918,100000000.0,0.10000000149011612,0.0,1.1102230246251565e-16,0.0,,-0.6848484848484848,0.0,0.2,1.0,0.0,74.95774002745748,,0.1883833238408999,0.1883833238408999,9,0.6357492871402348,338.90228620601494,1.0,False,0.1392936097200429,1.2829415571628053,0.2745361820019266,6,3.8,4.8,0.02030181319456631,2,121.91215525893955,0.9929340377153858,0.6402734350843815,,,,0.0,2,,,,,,,,,,,,,,,,,,,,,,,,,,,,,,,,,,,,,,,,,,,,,,,,,,,,,,,,,,,,,,,,,,,,,,,,,,,,,0.9999999999999999,-0.1638384667804714,498073.6,4980736.0,3,,0,188.3833238408999,0.0578125,4.316099357604981,123.4453993403451,10,2
82.79626119220035,0,1,0.6845542229712009,0.11733585303165067,162.64875884395747,101.88079205569535,0.0,143.56422798046248,82.79626119220035,1.0,2,1.0,0.0,0.0,0.0,0.0,0.18136139399322246,0.0,0.100862795391996,100000000.0,0.10000000149011612,0.0,0.0,0.0,,-0.6606060606060605,0.0,0.8,4.0,0.0,84.31736379861832,,0.14356422798046248,0.14356422798046248,10,0.18732216817731479,101.88079205569535,1.0,False,0.2194713827808153,2.0214061373195817,0.12304999113328662,9,3.9,5.8,0.06928878248746259,2,62.14461727516274,0.480281027776353,0.3900261666478797,,,,0.0,2,,,,,,,,,,,,,,,,,,,,,,,,,,,,,,,,,,,,,,,,,,,,,,,,,,,,,,,,,,,,,,,,,,,,,,,,,,,,,0.9999999999999999,-0.18151780538063889,288358.4,2883584.0,1,0.01015625,0,143.56422798046248,0.040625,4.343506598472596,82.79626119220035,10,2
193.05582891317493,0,0,0.6951787509024143,0.24815040526481558,342.03140235886184,260.06960341155735,0.0,257.1561712502171,193.05582891317493,1.0,2,1.0,0.0,0.0,0.0,0.0,0.31617804018384604,0.0,0.17660468456217374,100000000.0,0.10000000149011612,0.0,0.0,0.0,,-0.43030303030303024,0.0,0.4,2.0,0.0,81.96179894730449,,0.25715617125021706,0.25715617125021706,10,0.2576763051863997,260.06960341155735,1.0,False,0.14542294710959475,1.3393948407752578,0.14844632278592534,7,2.3,5.0,0.05583650320804815,2,178.23585210979462,0.8189014120991287,0.31466096086693257,,,,0.0,2,,,,,,,,,,,,,,,,,,,,,,,,,,,,,,,,,,,,,,,,,,,,,,,,,,,,,,,,,,,,,,,,,,,,,,,,,,,,,0.9999999999999999,-0.2012895591799059,891289.6,8912896.0,2,0.01015625,0,257.1561712502171,0.0484375,4.391612148284912,193.05582891317496,10,2
131.78792053446105,0,0,0.6815302185714245,0.36303739578205146,316.43406408204,243.14522011501953,0.0,201.5566655209654,131.78792053446105,1.0,2,1.0,0.0,0.0,0.0,0.0,0.3278571583645802,0.0,0.14922186300657794,100000000.0,0.10000000149011612,0.0,0.0,0.0,,-0.9878787878787878,0.0,0.2,1.0,0.0,73.28884396702051,,0.2015566655209654,0.2015566655209654,10,0.45798679294571787,243.1452201150195,1.0,False,0.12271913020286832,1.1302849593212798,0.18956057502914814,6,3.0,4.0,0.07555208284155134,2,129.61415270436856,0.9808531014490527,0.4669269967838365,,,,0.0,2,,,,,,,,,,,,,,,,,,,,,,,,,,,,,,,,,,,,,,,,,,,,,,,,,,,,,,,,,,,,,,,,,,,,,,,,,,,,,0.9878787878787878,-0.16213789786191685,524288.0,5242880.0,3,0.01015625,0,201.5566655209654,0.0453125,4.32662947177887,131.78792053446105,10,2
188.09238203287902,2,0,0.6950707174837589,0.3305149189475031,348.24184726266276,251.55345562188043,0.0,233.14272134051504,188.09238203287902,1.0,2,1.0,0.0,0.0,0.0,0.0,0.44383672966394594,0.0,0.2441233816788243,100000000.0,0.10000000149011612,0.0,0.0,0.0,,-0.9272727272727272,0.0,0.8,4.0,0.0,96.68839164078236,,0.23314272134051503,0.23314272134051503,11,0.252276691775573,251.55345562188043,1.0,False,0.27533667746975987,2.5359445163855145,0.18434992585095913,9,3.2,4.2,0.0163539595307263,2,137.29881631783448,0.5554354201768869,0.4541962622679549,,,,0.0,2,,,,,,,,,,,,,,,,,,,,,,,,,,,,,,,,,,,,,,,,,,,,,,,,,,,,,,,,,,,,,,,,,,,,,,,,,,,,,0.9999999999999999,-0.25423969940513746,484966.4,4849664.0,1,,0,233.14272134051504,0.015625,4.515546381473541,188.09238203287902,10,2
89.57748775070021,0,1,0.7215910591185093,0.1343807174605867,150.04521858590903,109.74067187580529,0.0,129.88203446080402,89.57748775070021,1.0,2,1.0,0.0,0.0,0.0,0.0,0.3369069468962697,0.0,0.18454855276921792,100000000.0,0.10000000149011612,0.0,0.0,0.0,,-0.9272727272727272,0.0,0.8,4.0,0.0,95.60928214341402,,0.129882034460804,0.129882034460804,11,0.18373483395403267,109.74067187580528,1.0,False,0.26131386478180874,2.406789638557018,0.15857910520804486,9,4.8,6.0,0.06574061879462938,2,41.04809172103124,0.29352783196779886,0.6259537050448732,,,,0.0,2,,,,,,,,,,,,,,,,,,,,,,,,,,,,,,,,,,,,,,,,,,,,,,,,,,,,,,,,,,,,,,,,,,,,,,,,,,,,,0.9636363636363635,-0.1955979496213064,170393.6,1703936.0,2,,0,129.88203446080402,0.0140625,4.5859591364860535,89.57748775070021,10,2
256.95272420844674,0,1,0.7049418054521084,0.12950373515352762,344.14286767427706,250.04169619937323,0.0,299.575080884012,256.9527242084467,1.0,2,1.0,0.0,0.0,0.0,0.0,0.20813133015366306,0.0,0.10408834692349382,100000000.0,0.10000000149011612,0.0,0.0,0.0,,-0.6606060606060605,0.0,0.8,4.0,0.0,94.10117147490382,,0.29957508088401197,0.29957508088401197,11,-0.027639502187518872,250.04169619937323,1.0,False,0.1980763554689007,1.8243506535091216,0.12169024131503164,9,1.2,5.1,0.045972420748511635,2,207.8405151426981,-0.16376385295454576,0.1687765748598409,,,,0.0,2,,,,,,,,,,,,,,,,,,,,,,,,,,,,,,,,,,,,,,,,,,,,,,,,,,,,,,,,,,,,,,,,,,,,,,,,,,,,,0.9999999999999999,-0.24882571817645632,996147.2,9961472.0,3,,0,299.575080884012,0.0171875,4.547584652900696,256.95272420844674,10,2
164.6196192484144,3,1,0.6911931559443474,0.3168446741324614,306.9814874127165,222.29623489897995,0.0,209.716038068736,164.61961924841444,1.0,2,1.0,0.0,0.0,0.0,0.0,0.31852597411970385,0.0,0.1653869470136233,100000000.0,0.10000000149011612,0.0,0.0,0.0,,-0.9030303030303028,0.0,0.6,3.0,0.0,84.68525251373649,,0.209716038068736,0.209716038068736,12,0.2594583559940906,222.29623489897995,1.0,False,0.17336650665191305,1.5967645353645925,0.17779320022043257,8,3.0,4.8,0.06409807020799986,2,130.32887436301124,0.6271422308353412,0.4137153316058738,,,,0.0,2,,,,,,,,,,,,,,,,,,,,,,,,,,,,,,,,,,,,,,,,,,,,,,,,,,,,,,,,,,,,,,,,,,,,,,,,,,,,,0.9030303030303028,-0.19154127236032453,524288.0,5242880.0,1,,0,209.716038068736,0.0359375,4.353330802917481,164.61961924841444,10,2
141.94339853333562,0,1,0.6917347200214863,0.18561957111408386,238.03112845108404,170.47372137368217,0.0,193.8478924761924,141.94339853333562,1.0,2,1.0,0.0,0.0,0.0,0.0,0.20513087486708811,0.0,0.11561381834966078,100000000.0,0.10000000149011612,0.0,0.0,0.0,,-0.9636363636363635,0.0,0.2,1.0,0.0,67.55740707740188,,0.19384789247619244,0.19384789247619244,12,0.16735906631502132,170.47372137368217,1.0,False,0.12404588079861148,1.1425047838967965,0.13498540356019154,6,3.0,5.2,0.07255240170658193,2,131.85863918452304,0.7388388480073259,0.22651633271097552,,,,0.0,2,,,,,,,,,,,,,,,,,,,,,,,,,,,,,,,,,,,,,,,,,,,,,,,,,,,,,,,,,,,,,,,,,,,,,,,,,,,,,0.9636363636363635,-0.15894688663740197,524288.0,5242880.0,2,,0,193.84789247619244,0.028125,4.41240885257721,141.94339853333565,10,2
145.0442068660595,3,1,0.6542769260704517,0.0963589864308868,207.02865331802747,117.63686624724647,0.0,187.0795821221509,145.0442068660595,1.0,2,1.0,0.0,0.0,0.0,0.0,0.2816510315188634,0.0,0.12188378013965381,100000000.0,0.10000000149011612,0.0,0.0,0.0,,-0.5636363636363636,0.0,0.8,4.0,0.0,89.39178707078099,,0.1870795821221509,0.1870795821221509,12,-0.2329825801480373,117.63686624724646,1.0,False,0.23643967614343744,2.177689894720876,0.12042125240454678,9,3.2,5.1,0.019977136768608395,2,98.63384056706248,-1.4422619366027025,0.1615397135813178,,,,0.0,2,,,,,,,,,,,,,,,,,,,,,,,,,,,,,,,,,,,,,,,,,,,,,,,,,,,,,,,,,,,,,,,,,,,,,,,,,,,,,0.9999999999999999,-0.21175962913279417,484966.4,4849664.0,3,,0,187.0795821221509,0.021875,4.442241573333741,145.0442068660595,10,2
144.58997512069186,0,0,0.649068970233202,0.21587639464355246,242.67076431021715,157.9488218779924,0.0,190.2838746255322,144.58997512069183,1.0,2,1.0,0.0,0.0,0.0,0.0,0.270305557066282,0.0,0.1520370506794872,100000000.0,0.10000000149011612,0.0,0.0,0.0,,-0.9030303030303028,0.0,0.6,3.0,0.0,84.72194243222475,,0.19028387462553223,0.19028387462553223,13,0.08457705855900324,157.9488218779924,1.0,False,0.1835275921038251,1.6903515909254379,0.14962668700375137,8,3.0,5.6,0.05735549714435468,2,110.67376946458984,0.2825770903537546,0.29930614139002676,,,,0.0,2,,,,,,,,,,,,,,,,,,,,,,,,,,,,,,,,,,,,,,,,,,,,,,,,,,,,,,,,,,,,,,,,,,,,,,,,,,,,,0.9030303030303028,-0.18690573336467867,524288.0,5242880.0,1,,0,190.28387462553223,0.025,4.409687089920044,144.58997512069186,10,2
58.88309982455581,0,1,0.6497842259705067,0.11550509771650108,119.48999096716939,46.604363523198394,0.0,105.68828788436265,58.88309982455581,1.0,2,1.0,0.0,0.0,0.0,0.0,0.36646188652182443,0.0,0.20573889764271588,100000000.0,0.10000000149011612,0.0,0.0,0.0,,-0.6,0.0,0.4,2.0,0.0,79.92956740781665,,0.10568828788436266,0.10568828788436266,13,-0.2634675247789918,46.604363523198394,1.0,False,0.15415396010731586,1.4198104422764173,0.15358070132161084,7,5.0,6.0,0.04020982378594635,2,31.173125114702117,-0.7957064738625819,0.331111450557951,,,,0.0,2,,,,,,,,,,,,,,,,,,,,,,,,,,,,,,,,,,,,,,,,,,,,,,,,,,,,,,,,,,,,,,,,,,,,,,,,,,,,,0.6,-0.12992112399583927,131072.0,1310720.0,2,,0,105.68828788436265,0.0359375,4.493230485916138,58.88309982455581,10,2
200.48843263877762,4,1,0.6632828153669834,0.4251103413127821,419.97479381883744,333.46015601331595,0.0,241.43916587574617,200.48843263877762,1.0,2,0.9999999999999998,0.0,0.0,0.0,0.0,0.5512643954699231,0.0,0.26447848662447687,100000000.0,0.10000000149011612,0.0,2.220446049250313e-16,0.0,,-0.9999999999999999,0.0,0.8,4.0,0.0,86.51463780552149,,0.24143916587574618,0.24143916587574618,13,0.3987634533741069,333.46015601331595,1.0,False,0.23643967614343744,2.177689894720876,0.21524038844395516,9,3.0,4.0,0.046519005228019654,2,157.04411558505822,0.7537394165051181,0.5290468358720883,,,,0.0,2,,,,,,,,,,,,,,,,,,,,,,,,,,,,,,,,,,,,,,,,,,,,,,,,,,,,,,,,,,,,,,,,,,,,,,,,,,,,,0.9999999999999999,-0.2389394210095918,524288.0,5242880.0,3,,0,241.43916587574617,0.021875,4.424232363700867,200.48843263877762,10,2
273.02429895650187,1,1,0.6853709928691387,0.20144844438163428,394.25082906866777,305.6836680674027,0.0,314.82961285661503,273.02429895650187,1.0,2,0.9999999999999998,0.0,0.0,0.0,0.0,0.20892091727477477,0.0,0.11551687326954349,100000000.0,0.10000000149011612,0.0,2.220446049250313e-16,0.0,,-0.4545454545454545,0.0,0.8,4.0,0.0,88.56716100126505,,0.31482961285661504,0.31482961285661504,14,0.10684041223850894,305.6836680674027,1.0,False,0.2555430929297102,2.3536388655901717,0.13510136815048168,9,1.2,5.8,0.057606927135822945,2,228.95625817404243,0.4256545236740367,0.2510026472086236,,,,0.0,2,,,,,,,,,,,,,,,,,,,,,,,,,,,,,,,,,,,,,,,,,,,,,,,,,,,,,,,,,,,,,,,,,,,,,,,,,,,,,0.9999999999999999,-0.28518635289316263,996147.2,9961472.0,1,,0,314.82961285661503,0.0171875,4.36027752161026,273.02429895650187,10,2
85.36574421591345,0,0,0.6672614254057407,0.5673272751788531,301.08788149039503,256.1811116112327,0.0,130.2725140950758,85.36574421591347,1.0,2,1.0,0.0,0.0,0.0,0.0,0.9830846739777963,0.0,0.41144355661038223,100000000.0,0.10000000149011612,0.0,0.0,0.0,,-0.9999999999999999,0.0,0.6,3.0,0.0,80.30426874756813,,0.1302725140950758,0.1302725140950758,14,0.6667758068539413,256.1811116112327,1.0,False,0.15270819363503757,1.406494440968343,0.3000982583403481,8,4.2,5.6,0.041613364657756086,2,70.94992252471259,0.9221738965112009,0.7230477997441804,,,,0.0,2,,,,,,,,,,,,,,,,,,,,,,,,,,,,,,,,,,,,,,,,,,,,,,,,,,,,,,,,,,,,,,,,,,,,,,,,,,,,,0.9999999999999999,-0.14149035386505668,314572.8,3145728.0,2,,0,130.2725140950758,0.0109375,4.487450742721558,85.36574421591345,10,2
78.06480505254724,0,0,0.6930059753358364,0.40434727273545046,209.91689673111824,162.94412974686412,0.0,125.03757203680138,78.06480505254724,1.0,2,1.0,0.0,0.0,0.0,0.0,0.523428600702191,0.0,0.27406066495892567,100000000.0,0.10000000149011612,0.0,0.0,0.0,,-0.8181818181818182,0.0,0.6,3.0,0.0,78.85688915848732,,0.12503757203680138,0.12503757203680138,14,0.520910601849714,162.94412974686412,1.0,False,0.16760384636920475,1.5436884727127804,0.20872931103482886,8,4.6,5.8,0.053447423235180355,2,58.56650698408922,0.8131946527200284,0.6405730781767157,,,,0.0,2,,,,,,,,,,,,,,,,,,,,,,,,,,,,,,,,,,,,,,,,,,,,,,,,,,,,,,,,,,,,,,,,,,,,,,,,,,,,,0.9999999999999999,-0.14632070920300305,209715.2,2097152.0,3,,0,125.03757203680138,0.0296875,4.431892204284668,78.06480505254724,10,2
279.12738128456186,2,0,0.6866469047963619,0.2832412842728639,445.7913712013909,359.27191519852965,0.0,319.52485070454793,279.1273812845619,1.0,2,1.0,0.0,0.0,0.0,0.0,0.28946754633554744,0.0,0.15558524330248116,100000000.0,0.10000000149011612,0.0,0.0,0.0,,-0.7454545454545454,0.0,0.8,4.0,0.0,86.51945600286126,,0.31952485070454795,0.31952485070454795,15,0.22307486481285568,359.27191519852965,1.0,False,0.27533667746975987,2.5359445163855145,0.15419038501597793,9,2.1,5.8,0.042805402558413655,2,234.9796649041604,0.6448071679783443,0.3459559320847185,,,,0.0,2,,,,,,,,,,,,,,,,,,,,,,,,,,,,,,,,,,,,,,,,,,,,,,,,,,,,,,,,,,,,,,,,,,,,,,,,,,,,,0.9999999999999999,-0.2974307640871539,996147.2,9961472.0,1,,0,319.52485070454793,0.0421875,4.409516912698746,279.12738128456186,10,2
132.24034051359547,5,1,0.662120059132576,0.27211279519468823,301.37265969929507,214.24769733962822,0.0,219.3653028732623,132.24034051359547,1.0,2,1.0,0.0,0.0,0.0,0.0,0.2955548423017817,0.0,0.1618929317235362,100000000.0,0.10000000149011612,0.0,0.0,0.0,,-0.9999999999999999,0.0,0.0,0.0,0.0,87.12496235966682,,0.21936530287326228,0.21936530287326228,15,0.3827689064775973,214.2476973396282,1.0,False,0.056043283550621985,0.2580888585322012,0.1620138730039051,10,3.0,4.0,0.06728371748871599,1,132.24034051359547,1.0,0.3827689064775973,,,,0.0,1,,,,,,,,,,,,,,,,,,,,,,,,,,,,,,,,,,,,,,,,,,,,,,,,,,,,,,,,,,,,,,,,,,,,,,,,,,,,,0.9999999999999999,-0.13770429321194214,524288.0,5242880.0,2,,0,219.3653028732623,0.03125,4.434523582458496,132.24034051359547,10,1
80.45366946112001,0,1,0.6799632683396339,0.5229367505036334,266.8868425064206,220.01860763360256,0.0,127.32190433393804,80.45366946112001,1.0,2,1.0,0.0,0.0,0.0,0.0,0.8174763694337197,0.0,0.36888195662155926,100000000.0,0.10000000149011612,0.0,0.0,0.0,,-0.5757575757575757,0.0,0.6,3.0,0.0,76.23277697712183,,0.12732190433393803,0.12732190433393803,15,0.6343324306683202,220.01860763360253,1.0,False,0.15813301376503588,1.4564588808223755,0.2734724333983655,8,4.2,5.8,0.04549062182839708,2,66.44690969879889,0.9087933522212703,0.6979941359802936,,,,0.0,2,,,,,,,,,,,,,,,,,,,,,,,,,,,,,,,,,,,,,,,,,,,,,,,,,,,,,,,,,,,,,,,,,,,,,,,,,,,,,0.9999999999999999,-0.14272745904948697,314572.8,3145728.0,3,,0,127.32190433393804,0.028125,4.446276998519897,80.45366946112001,10,2
135.38071915470965,3,1,0.6941421888768673,0.2129345027810978,230.46468717775,153.11124648696435,0.0,181.39080360495456,135.38071915470962,1.0,2,0.9999999999999998,0.0,0.0,0.0,0.0,0.4253171657850354,0.0,0.21811732969956393,100000000.0,0.10000000149011612,0.0,2.220446049250313e-16,0.0,,-0.7939393939393938,0.0,0.6,3.0,0.0,77.35344069078565,,0.18139080360495458,0.18139080360495458,16,0.11580160007229919,153.11124648696432,1.0,False,0.1741350450685405,1.6038430357706708,0.14716948046182363,8,3.4,4.4,0.01857263439339764,2,105.33485455041532,0.37111482499143666,0.31203711701619913,,,,0.0,2,,,,,,,,,,,,,,,,,,,,,,,,,,,,,,,,,,,,,,,,,,,,,,,,,,,,,,,,,,,,,,,,,,,,,,,,,,,,,0.9999999999999999,-0.17776292433674754,445644.8,4456448.0,1,,0,181.39080360495458,0.0328125,4.371897578239441,135.38071915470962,10,2
164.2665851259287,3,1,0.6788875907659531,0.20117251837596367,256.59672554948105,174.82052056484594,0.0,204.97651606366597,164.2665851259287,1.0,2,1.0,0.0,0.0,0.0,0.0,0.20071683398440365,0.0,0.11176564860369974,100000000.0,0.10000000149011612,0.0,0.0,0.0,,-0.8181818181818182,0.0,0.8,4.0,0.0,81.77620498463511,,0.20497651606366596,0.20497651606366596,16,0.06037011790616674,174.8205205648459,1.0,False,0.2212592796075361,2.0378732756436566,0.14189941489084526,9,3.0,5.9,0.06916904848079904,2,126.57107520094321,0.2187369276334316,0.2759941751003172,,,,0.0,2,,,,,,,,,,,,,,,,,,,,,,,,,,,,,,,,,,,,,,,,,,,,,,,,,,,,,,,,,,,,,,,,,,,,,,,,,,,,,0.8181818181818182,-0.21311789783560103,524288.0,5242880.0,2,,0,204.97651606366597,0.034375,4.414492428302765,164.2665851259287,10,2
240.4001417475359,3,1,0.6956099532544613,0.3241519698489355,488.04198498592,398.5999125497065,0.0,329.84221418374943,240.40014174753594,1.0,2,1.0,0.0,0.0,0.0,0.0,0.2553415921883546,0.0,0.12409729974688555,100000000.0,0.10000000149011612,0.0,0.0,0.0,,-0.9999999999999999,0.0,0.0,0.0,0.0,89.4420724362135,,0.3298422141837494,0.3298422141837494,16,0.39688862395935076,398.59991254970646,1.0,False,0.05917326419449009,0.2725029520760624,0.16580685421072225,10,1.0,4.0,0.07679524294972104,1,240.4001417475359,1.0,0.39688862395935076,,,,0.0,1,,,,,,,,,,,,,,,,,,,,,,,,,,,,,,,,,,,,,,,,,,,,,,,,,,,,,,,,,,,,,,,,,,,,,,,,,,,,,0.9999999999999999,-0.19450773918911976,1048576.0,10485760.0,3,,0,329.84221418374943,0.025,4.406824588775635,240.40014174753594,10,1
106.42443420836786,0,1,0.6931237876415253,0.19074188456111005,244.56799758487438,153.0737949710438,0.0,197.91863682219844,106.42443420836786,1.0,2,1.0,0.0,0.0,0.0,0.0,0.17798089974458742,0.0,0.08939570717734806,100000000.0,0.10000000149011612,0.0,0.0,0.0,,-0.9999999999999999,0.0,0.0,0.0,0.0,91.49420261383057,,0.19791863682219843,0.19791863682219843,17,0.3047507953369835,153.0737949710438,1.0,False,0.0693422136440747,0.3193326949041095,0.1438333180812044,10,3.0,4.0,0.08237697717577937,1,106.42443420836786,1.0,0.3047507953369835,,,,0.0,1,,,,,,,,,,,,,,,,,,,,,,,,,,,,,,,,,,,,,,,,,,,,,,,,,,,,,,,,,,,,,,,,,,,,,,,,,,,,,0.9999999999999999,-0.13363042523313656,524288.0,5242880.0,1,,0,197.91863682219844,0.0234375,4.313528776168823,106.42443420836786,10,1
140.81660180323584,0,1,0.7040239870548248,0.26280359596764946,252.0589681774681,168.58114325109176,0.0,185.81696494453413,140.81660180323584,1.0,2,1.0,0.0,0.0,0.0,0.0,0.3511219790834922,0.0,0.19088509785170155,100000000.0,0.10000000149011612,0.0,0.0,0.0,,-0.6363636363636362,0.0,0.6,3.0,0.0,83.47782492637634,,0.18581696494453417,0.18581696494453417,17,0.1646954155869154,168.58114325109173,1.0,False,0.15642051965401765,1.4406862271748928,0.1647279264035058,8,3.2,6.0,0.03319893600529423,2,105.68811528370932,0.44145658660694664,0.37307273372625627,,,,0.0,2,,,,,,,,,,,,,,,,,,,,,,,,,,,,,,,,,,,,,,,,,,,,,,,,,,,,,,,,,,,,,,,,,,,,,,,,,,,,,0.9999999999999999,-0.17111874229927593,471859.2,4718592.0,2,,0,185.81696494453416,0.0265625,4.409055924415588,140.81660180323584,10,2
134.4234098781845,6,0,0.6928867660462856,0.12254024186400567,211.9202684225936,144.66040167831375,0.0,185.951507474204,134.4234098781845,1.0,2,0.9999999999999999,0.0,0.0,0.0,0.0,0.12379404974387732,0.0,0.06991954173581812,100000000.0,0.10000000149011612,0.0,1.1102230246251565e-16,0.0,,-0.7818181818181817,0.0,0.2,1.0,0.0,67.25986674427986,,0.185951507474204,0.185951507474204,17,0.0707656807347569,144.66040167831375,1.0,False,0.12441429525166982,1.1458980064074193,0.12187918271976712,6,3.0,5.6,0.07806136908397364,2,124.22754897940027,0.5010064894498848,0.14124703417007442,,,,0.0,2,,,,,,,,,,,,,,,,,,,,,,,,,,,,,,,,,,,,,,,,,,,,,,,,,,,,,,,,,,,,,,,,,,,,,,,,,,,,,0.7818181818181817,-0.15518290136293691,524288.0,5242880.0,3,,0,185.951507474204,0.0390625,4.409907293319702,134.4234098781845,10,2
300.90925979797726,8,0,0.6758072413504124,0.3438511382260113,526.292269982019,440.55047531388095,0.0,345.32607390915047,300.9092597979773,1.0,2,1.0,0.0,0.0,0.0,0.0,0.3838560838901266,0.0,0.2159664615151626,100000000.0,0.10000000149011612,0.0,0.0,0.0,,-0.5757575757575757,0.0,0.6,3.0,0.0,85.74179466813803,,0.34532607390915043,0.34532607390915043,18,0.31696984418507973,440.5504753138809,1.0,False,0.1743151109657242,1.605501503973118,0.16971385039263087,8,1.4,6.0,0.042793234259083796,2,263.8344926574537,0.7902013921819134,0.4011253932492561,,,,0.0,2,,,,,,,,,,,,,,,,,,,,,,,,,,,,,,,,,,,,,,,,,,,,,,,,,,,,,,,,,,,,,,,,,,,,,,,,,,,,,0.9999999999999999,-0.2598205924374373,943718.4,9437184.0,1,,0,345.3260739091504,0.03125,4.311399626731872,300.90925979797726,10,2
192.9080952931357,4,1,0.6842990405857563,0.3808543099780449,387.8103265068996,340.60732959728125,0.0,240.11109220275407,192.9080952931357,1.0,2,0.9999999999999999,0.0,0.0,0.0,0.0,0.46766823311105105,0.0,0.2587238583652807,100000000.0,0.10000000149011612,0.0,1.1102230246251565e-16,0.0,,-0.9030303030303028,0.0,0.2,1.0,0.0,61.09535787254572,,0.24011109220275406,0.24011109220275406,18,0.4336349264085963,340.60732959728125,1.0,False,0.12692860613738247,1.1690556654657978,0.17656455996815873,6,2.2,5.4,0.04820926616117974,2,187.44086775109955,0.9643053219605828,0.4496863353682929,,,,0.0,2,,,,,,,,,,,,,,,,,,,,,,,,,,,,,,,,,,,,,,,,,,,,,,,,,,,,,,,,,,,,,,,,,,,,,,,,,,,,,0.9999999999999999,-0.18351984917006825,734003.2,7340032.0,2,,0,240.11109220275407,0.034375,4.387218856811524,192.9080952931357,10,2
249.83222465233112,4,1,0.6881249137222767,0.22201755487100985,436.3554408104338,346.7107926757254,0.0,339.4768727870396,249.83222465233118,1.0,2,1.0,0.0,0.0,0.0,0.0,0.1617268798939059,0.0,0.08538563698539468,100000000.0,0.10000000149011612,0.0,0.0,0.0,,-0.9999999999999999,0.0,0.0,0.0,0.0,89.6446481347084,,0.33947687278703964,0.33947687278703964,18,0.2794218411135636,346.7107926757254,1.0,False,0.05917326419449009,0.2725029520760624,0.13877745081052348,10,1.0,4.0,0.0797790289250847,1,249.83222465233112,1.0,0.2794218411135636,,,,0.0,1,,,,,,,,,,,,,,,,,,,,,,,,,,,,,,,,,,,,,,,,,,,,,,,,,,,,,,,,,,,,,,,,,,,,,,,,,,,,,0.9999999999999999,-0.19932506849076487,1048576.0,10485760.0,3,,0,339.47687278703967,0.0390625,4.406906366348267,249.8322246523312,10,1
162.87764986915406,1,1,0.6734472699463367,0.3447970168943628,319.5288855204183,273.0502564081747,0.0,209.3562789813977,162.87764986915406,1.0,2,1.0,0.0,0.0,0.0,0.0,0.33555690438665364,0.0,0.1810013145508662,100000000.0,0.10000000149011612,0.0,0.0,0.0,,-0.8666666666666665,0.0,0.6,3.0,0.0,77.09314115345478,,0.20935627898139772,0.20935627898139772,19,0.40348838337777226,273.0502564081747,1.0,False,0.2025571247345409,1.8656200635739577,0.16764132870748474,8,2.8,5.8,0.06633186136345424,2,141.85576107747,0.8397654662362642,0.4804774661503556,,,,0.0,2,,,,,,,,,,,,,,,,,,,,,,,,,,,,,,,,,,,,,,,,,,,,,,,,,,,,,,,,,,,,,,,,,,,,,,,,,,,,,0.9999999999999999,-0.20595670185796933,629145.6,6291456.0,1,,0,209.3562789813977,0.04375,4.285218691825866,162.87764986915406,10,2
47.489783710677834,0,1,0.6822142750024796,0.12100138151513647,105.260847114995,33.19494889773416,0.0,92.52413919462704,47.489783710677834,1.0,2,1.0,0.0,0.0,0.0,0.0,0.5333402963090289,0.0,0.2837822185896664,100000000.0,0.10000000149011612,0.0,0.0,0.0,,-0.5393939393939393,0.0,0.4,2.0,0.0,72.06589821726084,,0.09252413919462704,0.09252413919462704,19,-0.430632830825639,33.19494889773415,1.0,False,0.13191758086263064,1.2150058207925198,0.1622571018420357,7,3.5,6.0,0.019243617200286164,2,22.239316628090613,-1.3047932297392444,0.33003913647812116,,,,0.0,2,,,,,,,,,,,,,,,,,,,,,,,,,,,,,,,,,,,,,,,,,,,,,,,,,,,,,,,,,,,,,,,,,,,,,,,,,,,,,0.9999999999999999,-0.11222086002862884,106496.0,1064960.0,2,,0,92.52413919462704,0.0234375,4.38827623128891,47.48978371067783,10,2
111.6741319108473,0,1,0.6749439053237438,0.5307663743512423,334.1012199210496,289.00382507466986,0.0,156.77152675722706,111.6741319108473,1.0,2,1.0,0.0,0.0,0.0,0.0,0.631183554234799,0.0,0.28125884087613723,100000000.0,0.10000000149011612,0.0,0.0,0.0,,-0.8181818181818182,0.0,0.6,3.0,0.0,75.98792295902967,,0.15677152675722705,0.15677152675722705,19,0.6135894330049296,289.0038250746698,1.0,False,0.17421988375765307,1.6046244289741098,0.25879209457870694,8,3.4,5.6,0.05633226557694653,2,94.39390602699906,0.911205831807497,0.673381810768039,,,,0.0,2,,,,,,,,,,,,,,,,,,,,,,,,,,,,,,,,,,,,,,,,,,,,,,,,,,,,,,,,,,,,,,,,,,,,,,,,,,,,,0.9999999999999999,-0.16549570525744006,419430.4,4194304.0,3,,0,156.77152675722706,0.040625,4.382043361663818,111.67413191084728,10,2
155.24699744846816,2,1,0.6715906783938408,0.24219574535481975,264.62032007889144,187.92916475699533,0.0,200.53040442135332,155.24699744846816,1.0,2,1.0,0.0,0.0,0.0,0.0,0.1929913483012486,0.0,0.0931732119183524,100000000.0,0.10000000149011612,0.0,0.0,0.0,,-0.9999999999999999,0.0,0.6,3.0,0.0,76.69115532189608,,0.2005304044213533,0.2005304044213533,20,0.1739068406481098,187.92916475699533,1.0,False,0.17885132490019934,1.6472815783097352,0.15175250667586535,8,3.0,4.2,0.08247812561745017,2,130.62513350850142,0.5703292874248899,0.3049235669332739,,,,0.0,2,,,,,,,,,,,,,,,,,,,,,,,,,,,,,,,,,,,,,,,,,,,,,,,,,,,,,,,,,,,,,,,,,,,,,,,,,,,,,0.9999999999999999,-0.18969086466077634,524288.0,5242880.0,1,0.01953125,0,200.5304044213533,0.0375,4.261227607727051,155.24699744846816,10,2
167.91841432282848,0,1,0.8806418627500534,0.5067797611885457,465.014012715022,403.57810463587464,0.0,229.3543224019758,167.91841432282845,1.0,2,1.0,0.0,0.0,0.0,0.0,0.49630930483190466,0.0,0.21696002832376826,100000000.0,0.10000000149011612,0.0,0.0,0.0,,-0.9999999999999999,0.0,0.8,4.0,0.0,85.22412553429604,,0.22935432240197579,0.22935432240197579,20,0.583925856249482,403.57810463587464,1.0,False,0.21700585048179355,1.9986977456474904,0.24034177922856215,9,2.8,6.0,0.06306555652922101,2,149.84749937552616,0.9287791280489791,0.6287026038968964,,,,0.0,2,,,,,,,,,,,,,,,,,,,,,,,,,,,,,,,,,,,,,,,,,,,,,,,,,,,,,,,,,,,,,,,,,,,,,,,,,,,,,0.9999999999999999,-0.22318008644188467,576716.8,5767168.0,2,0.01953125,0,229.3543224019758,0.0265625,4.318078672885894,167.91841432282845,10,2
58.831785495153035,0,1,0.647272914648056,0.09664451527730344,119.30998860874486,38.622841043558836,0.0,107.77933259191212,58.831785495153035,1.0,2,1.0,0.0,0.0,0.0,0.0,0.3160855682703843,0.0,0.174228736172906,100000000.0,0.10000000149011612,0.0,0.0,0.0,,-0.9272727272727272,0.0,0.6,3.0,0.0,80.68714756518602,,0.10777933259191212,0.10777933259191212,20,-0.5232381644012815,38.622841043558836,1.0,False,0.16759127526693302,1.5435726885820067,0.14256081968087067,8,5.0,6.0,0.040432432237566845,2,30.001745000964334,-2.3441270520299593,0.22321237406827818,,,,0.0,2,,,,,,,,,,,,,,,,,,,,,,,,,,,,,,,,,,,,,,,,,,,,,,,,,,,,,,,,,,,,,,,,,,,,,,,,,,,,,0.9272727272727272,-0.13768530392942258,131072.0,1310720.0,3,0.01953125,0,107.77933259191212,0.04375,4.3421794176101685,58.831785495153035,10,2
177.52314263788597,0,1,0.6862496957182884,0.17291566623618812,270.07690101394553,206.66785575296163,0.0,223.37637374011413,177.52314263788594,1.0,2,0.9999999999999999,0.0,0.0,0.0,0.0,0.2141633926050995,0.0,0.1213254126699288,100000000.0,0.10000000149011612,0.0,1.1102230246251565e-16,0.0,,-0.8181818181818182,0.0,0.8,4.0,0.0,95.46478884294629,,0.22337637374011413,0.22337637374011413,21,0.14102199400526746,206.6678557529616,1.0,False,0.2222202191128511,2.046723855564486,0.13651000596339685,9,2.9,6.0,0.06979132889040804,2,133.68723426123574,0.39934865611386855,0.35313000769196795,,,,0.0,2,,,,,,,,,,,,,,,,,,,,,,,,,,,,,,,,,,,,,,,,,,,,,,,,,,,,,,,,,,,,,,,,,,,,,,,,,,,,,0.9636363636363635,-0.2227982964264826,576716.8,5767168.0,1,,0,223.37637374011413,0.028125,4.5120273470878605,177.52314263788594,10,2
188.58766872078,1,1,0.6907819770276546,0.3626582744146568,434.2458494736982,346.0705191626382,0.2,276.76299903183997,188.58766872078002,1.0,2,1.0,0.0,0.0,0.0,0.0,0.5048526438014602,0.2,0.2607087619912568,100000000.0,0.10000000149011612,0.0,0.0,0.0,,-0.5957474328064633,0.0,0.6,3.0,0.0,88.17533031105995,,0.27676299903184,0.27676299903184,21,0.4550599999760398,346.0705191626382,1.0,False,0.1682077346323167,1.549250489162683,0.18350644106801328,8,1.6,3.2,0.01,2,188.58766872078,1.0,0.4550599999760398,,,,0.0,2,,,,,,,,,,,,,,,,,,,,,,,,,,,,,,,,,,,,,,,,,,,,,,,,,,,,,,,,,,,,,,,,,,,,,,,,,,,,,0.9969650916353059,-0.22248536683207834,848691.2,8486912.0,2,,0,276.76299903183997,0.0234375,4.538606524467468,188.58766872078002,10,2
131.94797370019683,0,1,0.6919191218912601,0.37972142473885806,315.00416892792657,232.77452859308198,0.0,195.3903371039344,131.94797370019683,1.0,2,1.0,0.0,0.0,0.0,0.0,0.6040627149563713,0.0,0.33937787887438187,100000000.0,0.10000000149011612,0.0,0.0,0.0,,-0.8666666666666665,0.0,0.4,2.0,0.0,82.22964033484459,,0.1953903371039344,0.1953903371039344,21,0.4331511506103925,232.77452859308198,1.0,False,0.1373908429555463,1.2654164276133077,0.20570262930429847,7,3.6,4.6,0.017714898819784136,2,114.4204539396693,0.85190607241994,0.5084494225753966,,,,0.0,2,,,,,,,,,,,,,,,,,,,,,,,,,,,,,,,,,,,,,,,,,,,,,,,,,,,,,,,,,,,,,,,,,,,,,,,,,,,,,0.9999999999999999,-0.16639059002974033,406323.2,4063232.0,3,,0,195.3903371039344,0.01875,4.533126151561737,131.94797370019685,10,2
115.7534931624251,0,1,0.7221619598567486,0.4668886861924112,310.6694206570197,260.8015308131386,0.0,165.62138300630625,115.7534931624251,1.0,2,1.0,0.0,0.0,0.0,0.0,0.781624859514409,0.0,0.4060810099924678,100000000.0,0.10000000149011612,0.0,0.0,0.0,,-0.5636363636363636,0.0,0.4,2.0,0.0,83.82870582863688,,0.16562138300630624,0.16562138300630624,22,0.5561625240406997,260.8015308131386,1.0,False,0.13769157404090435,1.2681862632698893,0.2253076980123462,7,3.8,5.4,0.031801050716649557,2,103.75806479785544,0.9236171445464512,0.6021569947294636,,,,0.0,2,0.01799981358150643,0.0,0.0,0.0,0.0,0.0,0.0,0.0,0.0,0.0,0.0,0.0,0.0,0.0,0.10000000149011612,0.0,0.0,0.0,0.0,0.0,0.0,0.21458333730697632,0.002398982954522011,0.02291666716337204,0.5393174588680267,0.3300047963857651,-0.0005128532842135769,True,0.029468251392245293,0.10491665825247765,0.38994675874710083,1.3610995411872864,0.8518314957618713,1,1.7543641328811646,0.4999997615814209,0.4999997913837433,1.7543641328811646,1.9637234210968018,True,0.18799401819705963,0.024241581559181213,0.0013329411546365577,1,1,2,0.7608529659919441,0.033600643277168274,0.40625,2.4996800422668457,0.2953098714351654,1.0503521263599396,3.239522695541382,0.003178743024662367,-0.03549351847021254,-1.1911009550094604,0.647896945476532,-0.22134417295455933,0.04916979372501373,-0.004907670307414236,-0.9450684785842896,0.5205895900726318,-0.18619491159915924,0.03837207332253456,0.020323568257393565,-0.9539273381233215,0.5845851302146912,-0.19164323806762695,0.03789203241467476,0.0,0.21223561465740204,48,22,0.0810181014239788,0.26625867187976837,0.012650137534365058,0.9999999999999999,-0.1516564785236053,406323.2,4063232.0,1,,0,165.62138300630625,0.0515625,4.300697505474091,115.7534931624251,10,2
145.95882221362032,0,1,0.670434907078743,0.5462691570826848,483.1935823887437,409.91257317288216,0.5,219.23983142948188,145.95882221362032,1.0,2,1.0,0.0,0.0,0.0,0.0,0.9883818753235727,0.5,0.529506986294162,100000000.0,0.10000000149011612,0.0,0.0,0.0,,-0.40730015581619866,0.0,0.0,0.0,0.0,73.28100921586156,,0.21923983142948186,0.21923983142948186,22,0.6439269449974601,409.9125731728821,1.0,False,0.12066536028464922,1.1113690393287563,0.280841244781318,5,1.0,4.0,0.01,2,145.95882221362032,1.0,0.6439269449974601,,,,0.0,2,0.01799981358150643,0.0,0.0,0.0,0.0,0.0,0.0,0.0,0.0,0.0,0.0,0.0,0.0,0.0,0.10000000149011612,0.0,0.0,0.0,0.0,0.0,0.0,0.21458333730697632,0.002398982954522011,0.02291666716337204,0.5393174588680267,0.3300047963857651,-0.0005128532842135769,True,0.029468251392245293,0.10491665825247765,0.38994675874710083,1.3610995411872864,0.8518314957618713,1,1.7543641328811646,0.4999997615814209,0.4999997913837433,1.7543641328811646,1.9637234210968018,True,0.18799401819705963,0.024241581559181213,0.0013329411546365577,1,1,2,0.7608529659919441,0.033600643277168274,0.40625,2.4996800422668457,0.2953098714351654,1.0503521263599396,3.239522695541382,0.003178743024662367,-0.03549351847021254,-1.1911009550094604,0.647896945476532,-0.22134417295455933,0.04916979372501373,-0.004907670307414236,-0.9450684785842896,0.5205895900726318,-0.18619491159915924,0.03837207332253456,0.020323568257393565,-0.9539273381233215,0.5845851302146912,-0.19164323806762695,0.03789203241467476,0.0,0.21223561465740204,48,22,0.0810181014239788,0.26625867187976837,0.012650137534365058,0.937436866561092,-0.16995259585706554,548864.0,5488640.0,2,,0,219.23983142948185,0.04375,4.39792275428772,145.9588222136203,10,2
106.18397837418756,4,1,0.6575216539204121,0.2998528236970279,241.13581260781422,154.1776324261321,0.2,168.83055830288373,106.18397837418756,1.0,2,1.0,0.0,0.0,0.0,0.0,0.624152608577833,0.2,0.33564591311346426,100000000.0,0.10000000149011612,0.0,0.0,0.0,,-0.18845071854082002,0.0,0.4,2.0,0.0,86.95818018168211,,0.16883055830288374,0.16883055830288374,22,0.3112880467595632,154.1776324261321,1.0,False,0.14792397972667212,1.3624302024599548,0.18831458907654036,7,2.1,4.8,0.01,2,82.5940388906647,0.6704560595741148,0.46429298730971075,,,,0.0,2,0.01799981358150643,0.0,0.0,0.0,0.0,0.0,0.0,0.0,0.0,0.0,0.0,0.0,0.0,0.0,0.10000000149011612,0.0,0.0,0.0,0.0,0.0,0.0,0.21458333730697632,0.002398982954522011,0.02291666716337204,0.5393174588680267,0.3300047963857651,-0.0005128532842135769,True,0.029468251392245293,0.10491665825247765,0.38994675874710083,1.3610995411872864,0.8518314957618713,1,1.7543641328811646,0.4999997615814209,0.4999997913837433,1.7543641328811646,1.9637234210968018,True,0.18799401819705963,0.024241581559181213,0.0013329411546365577,1,1,2,0.7608529659919441,0.033600643277168274,0.40625,2.4996800422668457,0.2953098714351654,1.0503521263599396,3.239522695541382,0.003178743024662367,-0.03549351847021254,-1.1911009550094604,0.647896945476532,-0.22134417295455933,0.04916979372501373,-0.004907670307414236,-0.9450684785842896,0.5205895900726318,-0.18619491159915924,0.03837207332253456,0.020323568257393565,-0.9539273381233215,0.5845851302146912,-0.19164323806762695,0.03789203241467476,0.0,0.21223561465740204,48,22,0.0810181014239788,0.26625867187976837,0.012650137534365058,0.9969650916353059,-0.15837726901477794,381747.2,3817472.0,3,,0,168.83055830288373,0.0328125,4.373382866382599,106.18397837418756,10,2
236.16458331924025,0,1,0.6678979843854904,0.2924349486089242,483.4406853187782,377.5395352859003,0.0,342.06573335211823,236.16458331924025,1.0,2,1.0,0.0,0.0,0.0,0.0,0.24568272280473757,0.0,0.11756848787607146,100000000.0,0.10000000149011612,0.0,0.0,0.0,,-0.9999999999999999,0.0,0.0,0.0,0.0,105.90115003287792,,0.3420657333521182,0.3420657333521182,23,0.3744639666931853,377.5395352859003,1.0,False,0.0693422136440747,0.3193326949041095,0.15986289306367063,10,2.0,6.0,0.07486371122840102,1,236.16458331924025,1.0,0.3744639666931853,,,,0.0,1,,,,,,,,,,,,,,,,,,,,,,,,,,,,,,,,,,,,,,,,,,,,,,,,,,,,,,,,,,,,,,,,,,,,,,,,,,,,,0.9999999999999999,-0.20570397349809644,1048576.0,10485760.0,1,,0,342.06573335211823,0.0390625,4.304182529449463,236.16458331924025,10,1
271.25747079541753,2,1,0.6665149703621864,0.16472465435050848,396.2011054796514,296.68344619547696,0.0,330.9370153262265,271.25747079541753,1.0,2,1.0,0.0,0.0,0.0,0.0,0.15041349519449243,0.0,0.08402894658221972,100000000.0,0.10000000149011612,0.0,0.0,0.0,,-0.9878787878787878,0.0,0.8,4.0,0.0,99.51765928417444,,0.3309370153262265,0.3309370153262265,23,0.08570068780752571,296.6834461954769,1.0,False,0.20743719304391586,1.9105671537417954,0.1282016557601887,9,1.9,3.3,0.08189107535235496,2,234.7953357368837,0.41083780408954124,0.2085998098384525,,,,0.0,2,,,,,,,,,,,,,,,,,,,,,,,,,,,,,,,,,,,,,,,,,,,,,,,,,,,,,,,,,,,,,,,,,,,,,,,,,,,,,0.9878787878787878,-0.2691871041850712,1048576.0,10485760.0,2,,0,330.9370153262265,0.0390625,4.300943183898926,271.25747079541753,10,2
216.34073330401864,0,1,0.6690029986202717,0.6807094907121098,870.1406821698067,808.6537539117155,0.0,277.8276615621099,216.34073330401864,1.0,2,1.0,0.0,0.0,0.0,0.0,0.9353233177928618,0.0,0.3423087345489435,100000000.0,0.10000000149011612,0.0,0.0,0.0,,-0.9999999999999999,0.0,0.6,3.0,0.0,91.68585296720266,,0.27782766156210986,0.27782766156210986,23,0.7324680281795395,808.6537539117155,1.0,False,0.18708210541738643,1.7230898684000584,0.37378710035864265,8,2.6,4.4,0.05603343748666685,2,201.34721621452067,0.9753114512049369,0.7510093593944996,,,,0.0,2,,,,,,,,,,,,,,,,,,,,,,,,,,,,,,,,,,,,,,,,,,,,,,,,,,,,,,,,,,,,,,,,,,,,,,,,,,,,,0.9999999999999999,-0.23245488348974813,629145.6,6291456.0,3,,0,277.8276615621099,0.046875,4.326971864700317,216.34073330401864,10,2
98.89205295022307,0,1,0.6616250611841679,0.5263192428690175,336.28126813336877,275.8833553852108,0.0,159.28996569838105,98.89205295022306,1.0,2,1.0,0.0,0.0,0.0,0.0,0.8385338287162788,0.0,0.4163031711677473,100000000.0,0.10000000149011612,0.0,0.0,0.0,,-0.5515151515151515,0.0,0.6,3.0,0.0,89.20188713818789,,0.15928996569838105,0.15928996569838105,24,0.6415439676955431,275.8833553852108,1.0,False,0.17826361945571625,1.6418686111275824,0.27897424227210216,8,4.4,5.6,0.03571306341117505,2,84.17088557549705,0.9232122595398324,0.6949040819879444,,,,0.0,2,,,,,,,,,,,,,,,,,,,,,,,,,,,,,,,,,,,,,,,,,,,,,,,,,,,,,,,,,,,,,,,,,,,,,,,,,,,,,0.9999999999999999,-0.16877679257704864,314572.8,3145728.0,1,,0,159.28996569838105,0.034375,4.291335129737854,98.89205295022306,10,2
338.59750121696567,0,1,0.6626918911933899,0.35562888646110313,616.79413659571,519.6083949513574,0.0,397.4443246224401,338.59750121696567,1.0,2,1.0,0.0,0.0,0.0,0.0,0.32464485401576537,0.0,0.17288699208868738,100000000.0,0.10000000149011612,0.0,0.0,0.0,,-0.9878787878787878,0.0,0.8,4.0,0.0,97.18574164435267,,0.39744432462244017,0.39744432462244017,24,0.348360217989428,519.6083949513574,1.0,False,0.20855419061387348,1.9208550815557754,0.17305363590198447,9,2.0,4.0,0.06636729727026443,2,305.0291087818133,0.8435618226046796,0.412963470672239,,,,0.0,2,,,,,,,,,,,,,,,,,,,,,,,,,,,,,,,,,,,,,,,,,,,,,,,,,,,,,,,,,,,,,,,,,,,,,,,,,,,,,0.9878787878787878,-0.3029992576181568,1048576.0,10485760.0,2,,0,397.44432462244015,0.0546875,4.286800944805146,338.59750121696567,10,2
137.594442330988,0,1,0.6645228713750839,0.1314000648748896,225.9743818743692,138.63917949707965,0.0,196.281333436014,137.594442330988,1.0,2,1.0,0.0,0.0,0.0,0.0,0.14310063514449373,0.0,0.07821125754081026,100000000.0,0.10000000149011612,0.0,0.0,0.0,,-0.9878787878787878,0.0,0.8,4.0,0.0,87.33520237728953,,0.196281333436014,0.196281333436014,24,0.0075356560092283646,138.63917949707965,1.0,False,0.1980763554689007,1.8243506535091216,0.1272547984492905,9,3.0,4.2,0.07148872463616968,2,110.99416229455856,0.037791156302712785,0.19940263136874245,,,,0.0,2,,,,,,,,,,,,,,,,,,,,,,,,,,,,,,,,,,,,,,,,,,,,,,,,,,,,,,,,,,,,,,,,,,,,,,,,,,,,,0.9878787878787878,-0.19717884445245737,524288.0,5242880.0,3,,0,196.281333436014,0.04375,4.34444888830185,137.594442330988,10,2
243.27536362973262,0,1,0.6591426208615303,0.21317332308833128,430.26105306470976,334.99554210702166,0.0,338.5408745874207,243.27536362973262,1.0,2,1.0,0.0,0.0,0.0,0.0,0.16903876044679528,0.0,0.09124765968471418,100000000.0,0.10000000149011612,0.0,0.0,0.0,,-0.9999999999999999,0.0,0.0,0.0,0.0,95.2655109576881,,0.3385408745874207,0.3385408745874207,25,0.27379522097636455,334.99554210702166,1.0,False,0.0693422136440747,0.3193326949041095,0.13770220589080612,10,2.0,3.0,0.07848612126699749,1,243.27536362973262,1.0,0.27379522097636455,,,,0.0,1,,,,,,,,,,,,,,,,,,,,,,,,,,,,,,,,,,,,,,,,,,,,,,,,,,,,,,,,,,,,,,,,,,,,,,,,,,,,,0.9999999999999999,-0.20394154411574772,1048576.0,10485760.0,1,,0,338.5408745874207,0.0453125,4.194742560386658,243.27536362973262,10,1
41.09334028279495,0,1,0.6780349649488926,0.16622813516037158,121.55320804940577,43.61207021774764,0.0,101.34764495259238,41.093340282794955,1.0,2,1.0,0.0,0.0,0.0,0.0,0.5372203079072311,0.0,0.29899470305267895,100000000.0,0.10000000149011612,0.0,0.0,0.0,,-0.5515151515151515,0.0,0.4,2.0,0.0,77.94113783165812,,0.10134764495259238,0.10134764495259238,25,0.05775304686012625,43.61207021774764,1.0,False,0.14444983837922215,1.3304321781495845,0.18632455493003472,7,3.5,5.4,0.022229507863705977,2,24.84923073223788,0.13424033909674868,0.4302212527823169,,,,0.0,2,,,,,,,,,,,,,,,,,,,,,,,,,,,,,,,,,,,,,,,,,,,,,,,,,,,,,,,,,,,,,,,,,,,,,,,,,,,,,0.9999999999999999,-0.12289874166590727,106496.0,1064960.0,2,,0,101.34764495259238,0.0484375,4.227443945407868,41.093340282794955,10,2
207.7166268906788,0,1,0.6647240370512009,0.3727535372429226,430.1134283719688,352.80600945186904,0.0,269.78712653063695,207.7166268906788,1.0,2,1.0,0.0,0.0,0.0,0.0,0.6139611184810743,0.0,0.33908009011955653,100000000.0,0.10000000149011612,0.0,0.0,0.0,,-0.8181818181818182,0.0,0.4,2.0,0.0,77.30741892009974,,0.26978712653063697,0.26978712653063697,25,0.4112440793925415,352.806009451869,1.0,False,0.1373556432444742,1.2650922262933384,0.18329517112823937,7,2.9,4.6,0.010822527108182819,2,193.1259647474833,0.908625638412069,0.45260012705699043,,,,0.0,2,,,,,,,,,,,,,,,,,,,,,,,,,,,,,,,,,,,,,,,,,,,,,,,,,,,,,,,,,,,,,,,,,,,,,,,,,,,,,0.9999999999999999,-0.20357138488755558,773324.8,7733248.0,3,,0,269.78712653063695,0.040625,4.289467859268188,207.71662689067878,10,2
24.88940510797924,0,1,0.666717067360878,0.038773777959207244,90.37085917326831,28.39342473554634,0.0,86.86683954570123,24.889405107979236,1.0,2,1.0,0.0,0.0,0.0,0.0,0.17491597778761153,0.0,0.09565585349761802,100000000.0,0.10000000149011612,0.0,0.0,0.0,,-0.9272727272727272,0.0,0.4,2.0,0.0,75.01469692215323,,0.08686683954570122,0.08686683954570122,26,0.12340954499864677,28.393424735546336,1.0,False,0.14310120748703165,1.318010828596348,0.11944449833522533,7,1.5,4.6,0.06877056384216022,2,15.9772171807076,0.28221335799122815,0.4372916501085063,,,,0.0,2,,,,,,,,,,,,,,,,,,,,,,,,,,,,,,,,,,,,,,,,,,,,,,,,,,,,,,,,,,,,,,,,,,,,,,,,,,,,,0.6727272727272726,-0.11498402351636644,73728.0,737280.0,1,,0,86.86683954570123,0.0546875,4.150942778587341,24.88940510797924,10,2
127.73784311714128,0,1,0.6718658842146397,0.23723016637301797,248.89111033980222,170.37883893926116,0.0,189.84663082512577,127.73784311714131,1.0,2,1.0,0.0,0.0,0.0,0.0,0.20894005783597308,0.0,0.10507890800245198,100000000.0,0.10000000149011612,0.0,0.0,0.0,,-0.8303030303030302,0.0,0.4,2.0,0.0,78.51227140054107,,0.18984663082512576,0.18984663082512576,26,0.25027166570445447,170.37883893926116,1.0,False,0.13625885902792953,1.2549904703443509,0.15303347485882993,7,3.0,5.4,0.07907139350013348,2,115.60970784586274,0.7785589249061429,0.32145500834715285,,,,0.0,2,,,,,,,,,,,,,,,,,,,,,,,,,,,,,,,,,,,,,,,,,,,,,,,,,,,,,,,,,,,,,,,,,,,,,,,,,,,,,0.8303030303030302,-0.16305274492652766,524288.0,5242880.0,2,,0,189.84663082512577,0.059375,4.171379709243775,127.73784311714131,10,2
42.95084210413856,0,1,0.6683538667857647,0.39275513101040693,173.18705156898534,110.97094523242151,0.0,105.1669484407024,42.950842104138566,1.0,2,1.0,0.0,0.0,0.0,0.0,0.9215367734121044,0.0,0.45655456479450973,100000000.0,0.10000000149011612,0.0,0.0,0.0,,-0.5636363636363636,0.0,0.4,2.0,0.0,76.06901274994016,,0.1051669484407024,0.1051669484407024,26,0.6129541654873644,110.9709452324215,1.0,False,0.1409021904650795,1.2977571333403994,0.258367332969541,7,0.9,4.0,0.028984033850970727,2,39.04719937931977,0.9457252583480334,0.6481313257489344,,,,0.0,2,,,,,,,,,,,,,,,,,,,,,,,,,,,,,,,,,,,,,,,,,,,,,,,,,,,,,,,,,,,,,,,,,,,,,,,,,,,,,0.9999999999999999,-0.12303456945289096,191692.8,1916928.0,3,,0,105.1669484407024,0.0421875,4.2575702428817745,42.950842104138566,10,2
59.76066269954527,0,1,0.6636129692196846,0.31153736983407954,174.8405808770846,114.23003740625485,0.0,120.371206170375,59.76066269954527,1.0,2,0.9999999999999999,0.0,0.0,0.0,0.0,0.4553920564635307,0.0,0.2470824235140214,100000000.0,0.10000000149011612,0.0,1.1102230246251565e-16,0.0,,-0.6484848484848483,0.0,0.6,3.0,0.0,80.18579101189971,,0.120371206170375,0.120371206170375,27,0.4768393317861859,114.23003740625485,1.0,False,0.19202645170649082,1.7686289806396274,0.1911458679442055,8,4.6,5.6,0.054338706237588824,2,47.16529769066188,0.8121909506799311,0.587102492815263,,,,0.0,2,,,,,,,,,,,,,,,,,,,,,,,,,,,,,,,,,,,,,,,,,,,,,,,,,,,,,,,,,,,,,,,,,,,,,,,,,,,,,0.9999999999999999,-0.1561988289384329,209715.2,2097152.0,1,,0,120.371206170375,0.0828125,4.117989253997803,59.76066269954528,10,2
137.30365545238612,0,1,0.6720437668263912,0.45252481845697756,371.1519127224121,294.9142253470156,0.0,203.1964607977426,137.30365545238612,1.0,2,1.0,0.0,0.0,0.0,0.0,0.4502235735926305,0.0,0.17625850163500428,100000000.0,0.10000000149011612,0.0,0.0,0.0,,-0.9636363636363635,0.0,0.2,1.0,0.0,76.23768737539649,,0.20319646079774262,0.20319646079774262,27,0.5344285095409501,294.91422534701553,1.0,False,0.1270060217685729,1.169768689779173,0.23229133158520854,6,3.0,4.8,0.06920681086071499,2,130.4963733961808,0.9585976706578012,0.5575107533635242,,,,0.0,2,,,,,,,,,,,,,,,,,,,,,,,,,,,,,,,,,,,,,,,,,,,,,,,,,,,,,,,,,,,,,,,,,,,,,,,,,,,,,0.9636363636363635,-0.16510124128315776,524288.0,5242880.0,2,,0,203.19646079774262,0.053125,4.260826802253723,137.30365545238615,10,2
76.93024448599003,0,0,0.6641559302806854,0.2942543878315754,204.60882157013788,133.9399090774454,0.0,144.40177803407693,76.93024448599003,1.0,2,1.0,0.0,0.0,0.0,0.0,0.5790087057174479,0.0,0.32046181258479717,100000000.0,0.10000000149011612,0.0,0.0,0.0,,-0.6121212121212121,0.0,0.0,0.0,0.0,70.66891249269247,,0.14440177803407694,0.14440177803407694,27,0.4256361302925164,133.93990907744538,1.0,False,0.13600602938809117,1.2526618233053155,0.18165564039046905,5,4.0,5.0,0.03271947268560274,2,74.49187853725985,0.9589832341530321,0.44384105491524634,,,,0.0,2,,,,,,,,,,,,,,,,,,,,,,,,,,,,,,,,,,,,,,,,,,,,,,,,,,,,,,,,,,,,,,,,,,,,,,,,,,,,,0.9999999999999999,-0.14020390371108404,327680.0,3276800.0,3,,0,144.40177803407695,0.0484375,4.204396963119507,76.93024448599004,10,2
147.07357099218837,0,0,0.6835456006228924,0.17281100782948294,249.68816048645883,158.6912813335052,0.0,206.5392978297042,147.07357099218837,1.0,2,0.9999999999999999,0.0,0.0,0.0,0.0,0.18755882771428858,0.0,0.09895449715063945,100000000.0,0.10000000149011612,0.0,1.1102230246251565e-16,0.0,,-0.9999999999999999,0.0,0.8,4.0,0.0,90.99687915295362,,0.2065392978297042,0.2065392978297042,28,0.07320950617886222,158.69128133350517,1.0,False,0.22806924724438285,2.1005953955011574,0.13734460741857143,9,3.0,4.1,0.06192425789420348,2,117.49496188443312,0.2820084535871929,0.2596003958307828,,,,0.0,2,,,,,,,,,,,,,,,,,,,,,,,,,,,,,,,,,,,,,,,,,,,,,,,,,,,,,,,,,,,,,,,,,,,,,,,,,,,,,0.9999999999999999,-0.21730427253704354,524288.0,5242880.0,1,,0,206.5392978297042,0.071875,4.090591961145401,147.07357099218834,10,2
72.42722228302974,2,0,0.6602150388062,0.3083616480267586,203.33612143259214,135.12828379135297,0.0,140.63505992426892,72.42722228302975,1.0,2,1.0,0.0,0.0,0.0,0.0,0.5917215762547801,0.0,0.3293038165190784,100000000.0,0.10000000149011612,0.0,0.0,0.0,,-0.32121212121212117,0.0,0.0,0.0,0.0,71.12010894343257,,0.14063505992426892,0.14063505992426892,28,0.4640113805125937,135.12828379135297,1.0,False,0.12387235327153256,1.1409065363084925,0.1865711255131409,5,4.0,5.0,0.03263870433457238,2,71.78384706204817,0.9898432245323933,0.4687725985413447,,,,0.0,2,,,,,,,,,,,,,,,,,,,,,,,,,,,,,,,,,,,,,,,,,,,,,,,,,,,,,,,,,,,,,,,,,,,,,,,,,,,,,0.9999999999999999,-0.13225370659790076,327680.0,3276800.0,2,,0,140.63505992426892,0.0671875,4.196308493614197,72.42722228302975,10,2
140.6142402585679,0,1,0.6748959422111511,0.18236702052088025,247.7037122688203,159.8759645811229,0.0,202.53072429039415,140.6142402585679,1.0,2,1.0,0.0,0.0,0.0,0.0,0.2113824341320066,0.0,0.11366925791903025,100000000.0,0.10000000149011612,0.0,0.0,0.0,,-0.8666666666666665,0.0,0.6,3.0,0.0,87.82774768769741,,0.20253072429039415,0.20253072429039415,28,0.12047917504686201,159.8759645811229,1.0,False,0.1685207957426197,1.5521338885458023,0.1393825769098342,8,3.0,5.6,0.07035474288202749,2,118.83709326937766,0.46935316949231864,0.2566919387743343,,,,0.0,2,,,,,,,,,,,,,,,,,,,,,,,,,,,,,,,,,,,,,,,,,,,,,,,,,,,,,,,,,,,,,,,,,,,,,,,,,,,,,0.8666666666666665,-0.18552576001650692,524288.0,5242880.0,3,,0,202.53072429039415,0.05625,4.20054566860199,140.6142402585679,10,2
57.72351994703427,0,1,0.6658057682216167,0.1722934112683953,141.26652456301267,54.16374444442803,0.0,116.92723314802066,57.72351994703427,1.0,2,1.0,0.0,0.0,0.0,0.0,0.34767827760003117,0.0,0.17799728433902956,100000000.0,0.10000000149011612,0.0,0.0,0.0,,-0.9878787878787878,0.0,0.8,4.0,0.0,87.10278011858463,,0.11692723314802066,0.11692723314802066,29,-0.06572247799925594,54.163744444428026,1.0,False,0.21468025499889942,1.9772782196825052,0.18160850893382594,9,5.0,6.0,0.038084320833082864,2,30.88697004486948,-0.15293250866725566,0.4297482502052735,,,,0.0,2,,,,,,,,,,,,,,,,,,,,,,,,,,,,,,,,,,,,,,,,,,,,,,,,,,,,,,,,,,,,,,,,,,,,,,,,,,,,,0.9878787878787878,-0.16580374407346005,131072.0,1310720.0,1,,0,116.92723314802066,0.053125,4.146520614624023,57.72351994703426,10,2
61.18130757398947,1,1,0.7564499974250793,0.2993907830095745,177.34038781288496,114.27538514051074,0.0,124.24631024636373,61.18130757398948,1.0,2,1.0,0.0,0.0,0.0,0.0,0.5472248437248276,0.0,0.2828122717535597,100000000.0,0.10000000149011612,0.0,0.0,0.0,,-0.7333333333333332,0.0,0.4,2.0,0.0,80.1658327691257,,0.12424631024636373,0.12424631024636373,29,0.46461517063572216,114.27538514051074,1.0,False,0.14509595292353256,1.3363831130219677,0.1867815345435566,7,4.4,6.0,0.052847139059728786,2,53.381498898375284,0.8719114650590798,0.5328696653899835,,,,0.0,2,,,,,,,,,,,,,,,,,,,,,,,,,,,,,,,,,,,,,,,,,,,,,,,,,,,,,,,,,,,,,,,,,,,,,,,,,,,,,0.9999999999999999,-0.13467113158494814,249036.8,2490368.0,2,,0,124.24631024636373,0.05625,4.106410706043244,61.181307573989486,10,2
197.2007139586618,0,1,0.6656870245933533,0.41316694877634363,452.0687860051927,380.5292065801856,0.0,265.28890505440137,197.2007139586618,1.0,2,1.0,0.0,0.0,0.0,0.0,0.3986173053631173,0.0,0.20906078616500665,100000000.0,0.10000000149011612,0.0,0.0,0.0,,-0.38181818181818183,0.0,0.2,1.0,0.0,71.5395794250071,,0.2652889050544014,0.2652889050544014,29,0.4817724617489842,380.52920658018553,1.0,False,0.13130624496950696,1.2093752091352448,0.1964028547423519,6,2.4,4.8,0.05209419549217987,2,194.6355063797811,0.9862006750303253,0.4885136199426855,,,,0.0,2,,,,,,,,,,,,,,,,,,,,,,,,,,,,,,,,,,,,,,,,,,,,,,,,,,,,,,,,,,,,,,,,,,,,,,,,,,,,,0.9999999999999999,-0.19829757501195416,838860.8,8388608.0,3,,0,265.28890505440137,0.078125,4.106783831119538,197.2007139586618,10,2
28.593451884854474,0,1,0.6803278811275959,0.10948821203877546,135.4133100793205,43.41961309169157,0.0,120.58714887248341,28.593451884854478,1.0,2,1.0,0.0,0.0,0.0,0.0,0.20399579115792538,0.0,0.10309355276412586,100000000.0,0.10000000149011612,0.0,0.0,0.0,,-0.9999999999999999,0.0,0.0,0.0,0.0,91.99369698762894,,0.12058714887248341,0.12058714887248341,30,0.34146230588300913,43.419613091691566,1.0,False,0.0693422136440747,0.3193326949041095,0.1518515961855249,10,5.0,6.0,0.07800494072939197,1,28.59345188485447,0.9999999999999998,0.3414623058830092,,,,0.0,1,,,,,,,,,,,,,,,,,,,,,,,,,,,,,,,,,,,,,,,,,,,,,,,,,,,,,,,,,,,,,,,,,,,,,,,,,,,,,0.9999999999999999,-0.09496468125827906,131072.0,1310720.0,1,0.03203125,0,120.58714887248341,0.0625,4.179503083229065,28.593451884854478,10,1
103.66934593630612,0,1,0.6737629882991314,0.5723892140135006,392.6909933368551,328.4414349625694,0.1,167.9189043105918,103.66934593630613,1.0,2,1.0,0.0,0.0,0.0,0.0,1.1085087901999746,0.1,0.5672371279589892,100000000.0,0.10000000149011612,0.0,0.0,0.0,,-0.38181818181818183,0.0,0.2,1.0,0.0,72.1477810293436,,0.16791890431059184,0.16791890431059184,30,0.6843597217016156,328.4414349625694,1.0,False,0.12775285783180487,1.176647304123606,0.31681634720099616,6,0.8,2.2,0.01,2,103.16524137536821,0.9977622821439285,0.6858945602063717,,,,0.0,2,,,,,,,,,,,,,,,,,,,,,,,,,,,,,,,,,,,,,,,,,,,,,,,,,,,,,,,,,,,,,,,,,,,,,,,,,,,,,0.9999999999999999,-0.14783588107119836,448921.6,4489216.0,2,0.03203125,0,167.91890431059184,0.0671875,4.121000075340271,103.66934593630614,10,2
128.8572261280129,1,1,0.6671547889709473,0.2148381859640347,243.37617794280519,181.14372270410527,0.0,191.08968136671282,128.85722612801288,1.0,2,1.0,0.0,0.0,0.0,0.0,0.18428127068703856,0.0,0.10065521267213558,100000000.0,0.10000000149011612,0.0,0.0,0.0,,-0.9636363636363635,0.0,0.4,2.0,0.0,80.31076192855835,,0.19108968136671284,0.19108968136671284,30,0.2886464725112298,181.14372270410524,1.0,False,0.1367518905846053,1.2595314587954598,0.14057707755104748,7,3.0,4.7,0.07382468971621517,2,116.13331452756476,0.804278853842981,0.35888855106910733,,,,0.0,2,,,,,,,,,,,,,,,,,,,,,,,,,,,,,,,,,,,,,,,,,,,,,,,,,,,,,,,,,,,,,,,,,,,,,,,,,,,,,0.9636363636363635,-0.16392078597565907,524288.0,5242880.0,3,0.03203125,0,191.08968136671282,0.08125,4.129366815090179,128.85722612801288,10,2
228.1487596965819,0,1,0.6722370162606239,0.130044256197687,382.06216212372357,277.8337493912416,0.0,332.3771724290638,228.1487596965819,1.0,2,1.0,0.0,0.0,0.0,0.0,0.10038441850153723,0.0,0.05492039245418216,100000000.0,0.10000000149011612,0.0,0.0,0.0,,-0.9999999999999999,0.0,0.0,0.0,0.0,104.22841273248196,,0.33237717242906384,0.33237717242906384,31,0.17882992906198023,277.8337493912416,1.0,False,0.0693422136440747,0.3193326949041095,0.12177745334260702,10,2.0,4.0,0.08334662449436017,1,228.1487596965819,1.0,0.17882992906198023,,,,0.0,1,,,,,,,,,,,,,,,,,,,,,,,,,,,,,,,,,,,,,,,,,,,,,,,,,,,,,,,,,,,,,,,,,,,,,,,,,,,,,0.9999999999999999,-0.20085969303656925,1048576.0,10485760.0,1,,0,332.3771724290638,0.04375,4.238004922866821,228.1487596965819,10,1
236.1592095816411,0,1,0.6820736452937126,0.22058550801527121,392.95919652876074,294.48396054875667,0.1,306.2780925331913,236.15920958164114,1.0,2,1.0,0.0,0.0,0.0,0.0,0.33600727198796854,0.1,0.16159020575165695,100000000.0,0.10000000149011612,0.0,0.0,0.0,,-0.9878787878787878,0.0,0.8,4.0,0.0,98.47523598000407,,0.30627809253319127,0.30627809253319127,31,0.19805747945806698,294.48396054875667,1.0,False,0.2212592796075361,2.0378732756436566,0.14171314361763043,9,2.3,5.1,0.01,2,208.08642008347175,0.6750742052726701,0.29338623504073796,,,,0.0,2,,,,,,,,,,,,,,,,,,,,,,,,,,,,,,,,,,,,,,,,,,,,,,,,,,,,,,,,,,,,,,,,,,,,,,,,,,,,,0.9999999999999999,-0.2637686860703637,956825.6,9568256.0,2,,0,306.2780925331913,0.0546875,4.295005881786347,236.15920958164114,10,2
121.80929667748144,1,1,0.6978623569011688,0.3744949688670288,321.1484359200154,230.50821326626883,0.2,200.87996240845425,121.80929667748144,1.0,2,1.0,0.0,0.0,0.0,0.0,0.5989025737851786,0.2,0.3268128301227795,100000000.0,0.10000000149011612,0.0,0.0,0.0,,-0.6565379871744698,0.0,0.6,3.0,0.0,90.6402226537466,,0.20087996240845424,0.20087996240845424,31,0.47156201095197037,230.50821326626883,1.0,False,0.1725231872933876,1.5889972770302963,0.2090972037662356,8,2.4,4.4,0.01,2,110.3566039660488,0.9046813207235862,0.5212465430089831,,,,0.0,2,,,,,,,,,,,,,,,,,,,,,,,,,,,,,,,,,,,,,,,,,,,,,,,,,,,,,,,,,,,,,,,,,,,,,,,,,,,,,0.9969650916353059,-0.18670157485092093,429260.8,4292608.0,3,,0,200.87996240845425,0.059375,4.296212482452392,121.80929667748146,10,2
171.5553550129843,1,1,0.6675105541944504,0.48294910283741815,447.16438529065044,352.15095075762065,0.0,231.20674659368524,171.55535501298434,1.0,2,1.0,0.0,0.0,0.0,0.0,0.5382164492654739,0.0,0.20701718508991226,100000000.0,0.10000000149011612,0.0,0.0,0.0,,-0.9272727272727272,0.0,0.8,4.0,0.0,95.0134345330298,,0.23120674659368523,0.23120674659368523,32,0.512835746591345,352.15095075762065,1.0,False,0.24035710000760385,2.2137707018911508,0.2585669923357072,9,3.0,5.9,0.06462838069906027,2,138.73913260531893,0.8462305288817416,0.6060236886856778,,,,0.0,2,,,,,,,,,,,,,,,,,,,,,,,,,,,,,,,,,,,,,,,,,,,,,,,,,,,,,,,,,,,,,,,,,,,,,,,,,,,,,0.9272727272727272,-0.23578192330064454,524288.0,5242880.0,1,,0,231.20674659368524,0.059375,4.106783878803253,171.55535501298436,10,2
24.622662157683813,2,1,0.6881929002702236,0.19120930497173022,113.8706974998194,40.99419706837118,0.0,92.0975605742328,24.622662157683816,1.0,2,1.0,0.0,0.0,0.0,0.0,0.6012758114565001,0.0,0.33001046617691415,100000000.0,0.10000000149011612,0.0,0.0,0.0,,-0.5151515151515151,0.0,0.0,0.0,0.0,72.87650043144822,,0.09209756057423278,0.09209756057423278,32,0.3993622532326343,40.99419706837118,1.0,False,0.12399135816812284,1.1420026119120208,0.21327750271755994,5,2.5,6.0,0.03154660736435904,2,20.425938695955963,0.7959611657078259,0.5017358514940772,,,,0.0,2,,,,,,,,,,,,,,,,,,,,,,,,,,,,,,,,,,,,,,,,,,,,,,,,,,,,,,,,,,,,,,,,,,,,,,,,,,,,,0.9999999999999999,-0.10804445937117782,90112.0,901120.0,2,,0,92.09756057423279,0.0828125,4.107936680316925,24.622662157683816,10,2
149.99241972231283,0,0,0.6782449781894684,0.38178198891466314,347.1242459070363,282.51820472520376,0.0,214.59846090414538,149.99241972231283,1.0,2,1.0,0.0,0.0,0.0,0.0,0.4576119279427389,0.0,0.23021328587912854,100000000.0,0.10000000149011612,0.0,0.0,0.0,,-0.9757575757575757,0.0,0.2,1.0,0.0,76.4988218434155,,0.21459846090414542,0.21459846090414542,32,0.46908759430846025,282.5182047252037,1.0,False,0.12871944785079792,1.1855499271986871,0.18835498837090658,6,3.0,4.0,0.062081310602647675,2,144.0063833457673,0.9567832094262372,0.49027573821008236,,,,0.0,2,,,,,,,,,,,,,,,,,,,,,,,,,,,,,,,,,,,,,,,,,,,,,,,,,,,,,,,,,,,,,,,,,,,,,,,,,,,,,0.9757575757575757,-0.17165895437747167,524288.0,5242880.0,3,,0,214.5984609041454,0.075,4.116423869132996,149.99241972231283,10,2
127.85398477156804,0,1,0.6736591458320618,0.24064813872639407,251.36907905666027,167.77498549176252,0.0,190.87757804830719,127.85398477156804,1.0,2,1.0,0.0,0.0,0.0,0.0,0.24170990524483954,0.0,0.12516953795347874,100000000.0,0.10000000149011612,0.0,0.0,0.0,,-0.7333333333333332,0.0,0.4,2.0,0.0,83.59409356489778,,0.19087757804830718,0.19087757804830718,33,0.23794369943280103,167.77498549176252,1.0,False,0.1577931687946958,1.4533287929718393,0.15638472808711554,7,3.0,5.4,0.07725265109772379,2,112.15456413157372,0.7177399908870267,0.3315179625685003,,,,0.0,2,,,,,,,,,,,,,,,,,,,,,,,,,,,,,,,,,,,,,,,,,,,,,,,,,,,,,,,,,,,,,,,,,,,,,,,,,,,,,0.7333333333333332,-0.1743353734215015,524288.0,5242880.0,1,,0,190.87757804830719,0.0578125,4.034189230203628,127.85398477156804,10,2
292.0957229433467,0,0,0.6599249318242073,0.21124035885970946,445.17936648029837,351.122909664847,0.0,351.13951734806204,292.09572294334674,1.0,2,1.0,0.0,0.0,0.0,0.0,0.24107687425435137,0.0,0.1343268629990577,100000000.0,0.10000000149011612,0.0,0.0,0.0,,-0.9999999999999999,0.0,0.8,4.0,0.0,94.05645681545138,,0.35113951734806204,0.35113951734806204,33,0.16810975614733528,351.12290966484693,1.0,False,0.20743719304391586,1.9105671537417954,0.13657955873771294,9,1.0,4.0,0.06679158997834254,2,260.89555885756556,0.6542050297761456,0.2569679970281774,,,,0.0,2,,,,,,,,,,,,,,,,,,,,,,,,,,,,,,,,,,,,,,,,,,,,,,,,,,,,,,,,,,,,,,,,,,,,,,,,,,,,,0.9999999999999999,-0.27928835519598894,1048576.0,10485760.0,2,,0,351.13951734806204,0.06875,4.057119166851043,292.0957229433467,10,2
152.4869853064477,0,1,0.7447460666298866,0.3562350171247279,330.4557812627286,238.4705686237544,0.0,212.73586036563512,152.4869853064477,1.0,2,1.0,0.0,0.0,0.0,0.0,0.35122296262354086,0.0,0.15581570603813802,100000000.0,0.10000000149011612,0.0,0.0,0.0,,-0.8181818181818182,0.0,0.8,4.0,0.0,91.98521263897419,,0.21273586036563516,0.21273586036563516,33,0.3605626631979344,238.4705686237544,1.0,False,0.23675884589813234,2.1806295567980563,0.19749009476418872,9,3.0,6.0,0.07525450420747182,2,123.24666180262169,0.7462304107669503,0.4831787313885538,,,,0.0,2,,,,,,,,,,,,,,,,,,,,,,,,,,,,,,,,,,,,,,,,,,,,,,,,,,,,,,,,,,,,,,,,,,,,,,,,,,,,,0.8181818181818182,-0.22474735313188376,524288.0,5242880.0,3,,0,212.73586036563515,0.06875,4.1328547358512875,152.4869853064477,10,2
133.98079958119456,3,1,0.6640027277171612,0.24436674486773793,307.2524782815038,209.06308755139096,0.0,232.17019031130735,133.98079958119456,1.0,2,1.0,0.0,0.0,0.0,0.0,0.29996179721454425,0.0,0.1560028108689067,100000000.0,0.10000000149011612,0.0,0.0,0.0,,-0.9999999999999999,0.0,0.0,0.0,0.0,98.18939073011279,,0.23217019031130734,0.23217019031130734,34,0.35913698993726,209.06308755139094,1.0,False,0.0693422136440747,0.3193326949041095,0.15603958791475592,10,3.0,6.0,0.0732954711449469,1,133.98079958119456,1.0,0.35913698993726,,,,0.0,1,,,,,,,,,,,,,,,,,,,,,,,,,,,,,,,,,,,,,,,,,,,,,,,,,,,,,,,,,,,,,,,,,,,,,,,,,,,,,0.9999999999999999,-0.15075620197769102,524288.0,5242880.0,1,,0,232.17019031130735,0.0625,3.989390015602112,133.98079958119456,10,1
159.8290681696109,0,1,0.6759949028491974,0.5609409737290317,511.9770898978848,447.0179955038865,0.0,224.7881625636093,159.8290681696109,1.0,2,0.9999999999999999,0.0,0.0,0.0,0.0,0.6385618687465593,0.0,0.2808917477906108,100000000.0,0.10000000149011612,0.0,1.1102230246251565e-16,0.0,,-0.9999999999999999,0.0,0.2,1.0,0.0,75.2157918177545,,0.2247881625636093,0.2247881625636093,34,0.6424549575695521,447.0179955038865,1.0,False,0.13155653023277616,1.2116804216000436,0.2796850414153139,6,3.0,4.8,0.0556273882365339,2,154.89861857356505,0.9831217988760058,0.6534846021154905,,,,0.0,2,,,,,,,,,,,,,,,,,,,,,,,,,,,,,,,,,,,,,,,,,,,,,,,,,,,,,,,,,,,,,,,,,,,,,,,,,,,,,0.9999999999999999,-0.17817234639819274,524288.0,5242880.0,2,,0,224.78816256360932,0.05625,4.096813058853149,159.8290681696109,10,2
156.05005663410986,0,1,0.6651971489191055,0.43492386541529715,390.0221813800596,316.1473902272843,0.0,220.39222665653793,156.0500566341099,1.0,2,1.0,0.0,0.0,0.0,0.0,0.725652487230074,0.0,0.4001275330804747,100000000.0,0.10000000149011612,0.0,0.0,0.0,,-0.5151515151515151,0.0,0.2,1.0,0.0,73.87479115277529,,0.22039222665653793,0.22039222665653793,34,0.506400933685005,316.1473902272843,1.0,False,0.139153829325883,1.2816541321552635,0.21577458623971446,6,2.6,5.4,0.015551825160301075,2,147.19820468966722,0.9476064242850596,0.5344000638947433,,,,0.0,2,,,,,,,,,,,,,,,,,,,,,,,,,,,,,,,,,,,,,,,,,,,,,,,,,,,,,,,,,,,,,,,,,,,,,,,,,,,,,0.9999999999999999,-0.17977302799121048,681574.4,6815744.0,3,,0,220.39222665653793,0.0703125,4.047838258743286,156.0500566341099,10,2
110.69239949047049,0,1,0.664460938423872,0.1858319344662353,210.2107004353616,125.50782729851336,0.0,171.14683932795606,110.69239949047048,1.0,2,1.0,0.0,0.0,0.0,0.0,0.3939849340930374,0.0,0.18936460522543233,100000000.0,0.10000000149011612,0.0,0.0,0.0,,-0.49090909090909085,0.0,0.6,3.0,0.0,84.70287313684821,,0.17114683932795605,0.17114683932795605,35,0.11804385532708794,125.50782729851335,1.0,False,0.17885132490019934,1.6472815783097352,0.14518980656329936,8,3.4,5.2,0.022358536288906182,2,87.60056252145196,0.3908334693936563,0.30203108119225963,,,,0.0,2,,,,,,,,,,,,,,,,,,,,,,,,,,,,,,,,,,,,,,,,,,,,,,,,,,,,,,,,,,,,,,,,,,,,,,,,,,,,,0.9999999999999999,-0.1749990821140777,445644.8,4456448.0,1,,0,171.14683932795606,0.046875,4.078903663158417,110.69239949047049,10,2
91.19311630138505,0,1,0.6791157647967339,0.23914824481556862,202.97272284254038,139.73368671461546,0.0,154.43215242930995,91.19311630138506,1.0,2,0.9999999999999998,0.0,0.0,0.0,0.0,0.3034457098593559,0.0,0.16752017327555332,100000000.0,0.10000000149011612,0.0,2.220446049250313e-16,0.0,,-0.7212121212121211,0.0,0.4,2.0,0.0,81.10277215018868,,0.15443215242930997,0.15443215242930997,35,0.3473791578430692,139.73368671461543,1.0,False,0.13625885902792953,1.2549904703443509,0.15322832729260855,7,3.7,4.7,0.06620951180342578,2,80.33501830700578,0.8171996395631619,0.4250848152952716,,,,0.0,2,,,,,,,,,,,,,,,,,,,,,,,,,,,,,,,,,,,,,,,,,,,,,,,,,,,,,,,,,,,,,,,,,,,,,,,,,,,,,0.9999999999999999,-0.14534550572861976,340787.2,3407872.0,2,,0,154.43215242930995,0.0703125,4.0530551135540005,91.19311630138506,10,2
251.0251274472896,1,1,0.6589442491531372,0.2621548582083305,427.078369670592,353.4730045507175,0.0,315.11770022575297,251.0251274472896,1.0,2,1.0,0.0,0.0,0.0,0.0,0.22041788306924007,0.0,0.11435347060169426,100000000.0,0.10000000149011612,0.0,0.0,0.0,,-0.9999999999999999,0.0,0.2,1.0,0.0,73.60536511987448,,0.315117700225753,0.315117700225753,35,0.2898322524902416,353.47300455071746,1.0,False,0.13242180937689435,1.2196499370341445,0.14635815781241804,6,1.4,5.2,0.0786098519502292,2,244.71542655353414,0.9419838046235374,0.3076828402650432,,,,0.0,2,,,,,,,,,,,,,,,,,,,,,,,,,,,,,,,,,,,,,,,,,,,,,,,,,,,,,,,,,,,,,,,,,,,,,,,,,,,,,0.9999999999999999,-0.22376975480132366,1048576.0,10485760.0,3,,0,315.11770022575297,0.0546875,4.12145916223526,251.0251274472896,10,2
43.11647999736186,0,1,0.6704069674015045,0.07445065748993078,115.3912653037885,33.20569841280373,0.0,106.80030973332642,43.116479997361864,1.0,2,1.0000000000000002,0.0,0.0,0.0,0.0,0.28792893110226425,0.0,0.1580521315247585,100000000.0,0.10000000149011612,0.0,-2.220446049250313e-16,2.220446049250313e-16,,-0.9030303030303028,0.0,0.4,2.0,0.0,82.18556689098477,,0.10680030973332641,0.10680030973332641,36,-0.29846628916971224,33.20569841280373,1.0,False,0.1411841956339,1.3003544969318928,0.13490166696230585,7,5.0,6.0,0.053254066408254856,2,27.878213761545066,-1.8603116167057616,0.1604388676012442,,,,2.220446049250313e-16,2,,,,,,,,,,,,,,,,,,,,,,,,,,,,,,,,,,,,,,,,,,,,,,,,,,,,,,,,,,,,,,,,,,,,,,,,,,,,,0.9030303030303028,-0.12399225268361343,131072.0,1310720.0,1,,0,106.80030973332642,0.0671875,4.019984382390976,43.116479997361864,10,2
211.79978358984255,7,1,0.6820070557296276,0.21502631167613326,352.86296315673894,277.66317844573564,0.0,276.9881416620341,211.79978358984255,1.0,2,0.9999999999999999,0.0,0.0,0.0,0.0,0.20173274982490658,0.0,0.1136149757914952,100000000.0,0.10000000149011612,0.0,1.1102230246251565e-16,0.0,,0.4545454545454545,0.0,0.2,1.0,0.0,75.1997847110033,,0.2769881416620341,0.2769881416620341,36,0.23720608265227688,277.66317844573564,1.0,False,0.12624270606100232,1.1627382923011722,0.13760118900869883,6,2.4,4.8,0.06985902049344903,2,204.96632604736112,0.906000640783806,0.261816683095349,,,,0.0,2,,,,,,,,,,,,,,,,,,,,,,,,,,,,,,,,,,,,,,,,,,,,,,,,,,,,,,,,,,,,,,,,,,,,,,,,,,,,,0.9999999999999999,-0.2016154238615182,838860.8,8388608.0,2,,0,276.98814166203414,0.078125,4.039950680732727,211.79978358984255,10,2
229.83969113923916,0,1,0.6771809421479702,0.36609996690302476,514.8284034047963,418.3183525864722,0.0,326.34974195756325,229.83969113923916,1.0,2,1.0,0.0,0.0,0.0,0.0,0.30058231989431594,0.0,0.1371722432827798,100000000.0,0.10000000149011612,0.0,0.0,0.0,,-0.9999999999999999,0.0,0.0,0.0,0.0,96.51005081832409,,0.3263497419575633,0.3263497419575633,36,0.4505627359685872,418.3183525864722,1.0,False,0.05917326419449009,0.2725029520760624,0.18200440076864308,10,2.0,4.0,0.07390576187046714,1,229.8396911392391,0.9999999999999997,0.45056273596858737,,,,0.0,1,,,,,,,,,,,,,,,,,,,,,,,,,,,,,,,,,,,,,,,,,,,,,,,,,,,,,,,,,,,,,,,,,,,,,,,,,,,,,0.9999999999999999,-0.19276150307602669,1048576.0,10485760.0,3,,0,326.34974195756325,0.090625,3.9908783435821533,229.83969113923916,10,1
30.26576691112129,0,0,0.6586839444935322,0.13455526653455072,112.5999258504418,42.30824090998446,0.0,97.44901281586496,30.26576691112129,1.0,2,1.0,0.0,0.0,0.0,0.0,0.21940318175898937,0.0,0.10870731139596185,100000000.0,0.10000000149011612,0.0,0.0,0.0,,-0.9636363636363635,0.0,0.2,1.0,0.0,70.29168494045734,,0.09744901281586496,0.09744901281586496,37,0.2846366036461995,42.30824090998446,1.0,False,0.13924222971833472,1.2824683298587602,0.15578941015141914,6,5.0,6.0,0.0740728151971436,2,28.25151243876846,0.856705315431153,0.3322456374663099,,,,0.0,2,,,,,,,,,,,,,,,,,,,,,,,,,,,,,,,,,,,,,,,,,,,,,,,,,,,,,,,,,,,,,,,,,,,,,,,,,,,,,0.9636363636363635,-0.11834562126709984,131072.0,1310720.0,1,,0,97.44901281586496,0.0796875,3.9952076077461243,30.26576691112129,10,2
78.77581017735028,0,1,0.6702649407088757,0.22509721061724733,182.4740441629099,119.85020852846974,0.0,141.3996458117905,78.77581017735028,1.0,2,1.0000000000000002,0.0,0.0,0.0,0.0,0.2227292192360928,0.0,0.11845904048806997,100000000.0,0.10000000149011612,0.0,-2.220446049250313e-16,2.220446049250313e-16,,-0.406060606060606,0.0,0.4,2.0,0.0,78.93930235877633,,0.1413996458117905,0.1413996458117905,37,0.34271445044138127,119.85020852846972,1.0,False,0.1312681182812309,1.2090240493589657,0.15214087707717314,7,3.7,6.0,0.07370044705157223,2,68.63884179495768,0.8020562810763828,0.42729476537662486,,,,2.220446049250313e-16,2,,,,,,,,,,,,,,,,,,,,,,,,,,,,,,,,,,,,,,,,,,,,,,,,,,,,,,,,,,,,,,,,,,,,,,,,,,,,,0.9878787878787878,-0.13633388204651092,340787.2,3407872.0,2,,0,141.3996458117905,0.090625,4.034094142913818,78.77581017735028,10,2
64.70982453231012,5,1,0.6757709197700024,0.3502483179621239,195.7586816587597,133.2739735097736,0.0,127.19453268129624,64.70982453231012,1.0,2,1.0,0.0,0.0,0.0,0.0,0.5565747239384906,0.0,0.2929030568642289,100000000.0,0.10000000149011612,0.0,0.0,0.0,,-0.6,0.0,0.4,2.0,0.0,77.92484760284424,,0.12719453268129624,0.12719453268129624,37,0.514460154310889,133.27397350977358,1.0,False,0.14008095956609223,1.2901933172367428,0.2059563203470423,7,4.4,5.4,0.05003728061360476,2,57.5972642452786,0.9060138798824793,0.5678281158094626,,,,0.0,2,,,,,,,,,,,,,,,,,,,,,,,,,,,,,,,,,,,,,,,,,,,,,,,,,,,,,,,,,,,,,,,,,,,,,,,,,,,,,0.9999999999999999,-0.13363774612369422,249036.8,2490368.0,3,,0,127.19453268129624,0.0703125,4.0890191197395325,64.70982453231012,10,2
128.86273721673032,1,0,0.8831541053950787,0.3214511447523595,253.0977389678378,152.4018211193402,0.0,171.7391810423925,128.86273721673035,1.0,2,1.0,0.0,0.0,0.0,0.0,0.4663952172775155,0.0,0.234972056579188,100000000.0,0.10000000149011612,0.0,0.0,0.0,,-0.7454545454545454,0.0,0.8,4.0,0.0,100.69591784849763,,0.1717391810423925,0.1717391810423925,38,0.15445408545464365,152.4018211193402,1.0,False,0.24347830494560602,2.2425180617408436,0.2145197366615854,9,4.0,6.0,0.050703716422197925,2,73.97492540842934,0.3001404516809798,0.5146060272435832,,,,0.0,2,0.012797413260365532,0.0,0.0,0.0,0.0,0.0,0.0,0.0,0.0,0.0,0.0,0.0,0.0,0.0,0.10000000149011612,0.0,0.0,0.0,0.0,0.0,0.0,0.20052084177732468,0.004468422232506186,0.06562500298023224,0.5242180675268173,0.44862246960401536,-0.006613640394061804,True,0.0585080006159842,0.13820543512701988,0.3508752465248108,0.8248714566230774,0.8285356938838959,1,1.1639945745468139,0.49999953508377076,0.4999997913837433,1.1639945745468139,1.8511316776275635,False,0.19679005444049835,-0.173112154006958,-0.020840865311523515,2,1,10,2.679034956730902,0.021126405522227287,0.3354166731238365,2.4672186374664307,0.3387755185365677,0.781319773197174,2.1964269876480103,-0.03506809038420542,-0.016786029393310198,-1.0278962850570679,0.515719473361969,-0.16631333529949188,0.038862843066453934,-0.05434448772145828,-1.105290174484253,0.5332720279693604,-0.18284808099269867,0.061968352645635605,-0.03425723518806989,-1.150246500968933,0.5321347713470459,-0.1824149191379547,0.03260849788784981,0.0,0.023677906021475792,48,38,0.061049746931530535,0.1369628544896841,0.004762914869934321,0.7454545454545454,-0.20760874299399926,262144.0,2621440.0,1,,0,171.7391810423925,0.075,3.9363698959350586,128.86273721673035,10,2
240.2260318343059,0,1,0.8896980434656143,0.21767797690263313,393.3262493302116,294.82081800969337,0.0,307.7077871133105,240.2260318343059,1.0,2,1.0,0.0,0.0,0.0,0.0,0.379544352466896,0.0,0.20585980215063632,100000000.0,0.10000000149011612,0.0,0.0,0.0,,-0.5030303030303029,0.0,0.6,3.0,0.0,98.50543132051826,,0.3077077871133105,0.3077077871133105,38,0.18517954920534963,294.82081800969337,1.0,False,0.17632738064275677,1.6240351926187946,0.14092614631056224,8,2.4,4.4,0.022157843057291737,2,211.37573716904978,0.6542600908931707,0.2830365962755723,,,,0.0,2,0.012797413260365532,0.0,0.0,0.0,0.0,0.0,0.0,0.0,0.0,0.0,0.0,0.0,0.0,0.0,0.10000000149011612,0.0,0.0,0.0,0.0,0.0,0.0,0.20052084177732468,0.004468422232506186,0.06562500298023224,0.5242180675268173,0.44862246960401536,-0.006613640394061804,True,0.0585080006159842,0.13820543512701988,0.3508752465248108,0.8248714566230774,0.8285356938838959,1,1.1639945745468139,0.49999953508377076,0.4999997913837433,1.1639945745468139,1.8511316776275635,False,0.19679005444049835,-0.173112154006958,-0.020840865311523515,2,1,10,2.679034956730902,0.021126405522227287,0.3354166731238365,2.4672186374664307,0.3387755185365677,0.781319773197174,2.1964269876480103,-0.03506809038420542,-0.016786029393310198,-1.0278962850570679,0.515719473361969,-0.16631333529949188,0.038862843066453934,-0.05434448772145828,-1.105290174484253,0.5332720279693604,-0.18284808099269867,0.061968352645635605,-0.03425723518806989,-1.150246500968933,0.5321347713470459,-0.1824149191379547,0.03260849788784981,0.0,0.023677906021475792,48,38,0.061049746931530535,0.1369628544896841,0.004762914869934321,0.9999999999999999,-0.24201758387803363,891289.6,8912896.0,2,,0,307.7077871133105,0.078125,4.0067795515060425,240.2260318343059,10,2
63.63343842800916,1,1,0.6838561967015266,0.6026784142991557,320.4179716904352,256.74243351935246,0.0,127.30897659909193,63.63343842800916,1.0,2,1.0,0.0,0.0,0.0,0.0,1.2632562434001986,0.0,0.5307450097055266,100000000.0,0.10000000149011612,0.0,0.0,0.0,,-0.9878787878787878,0.0,0.8,4.0,0.0,99.91228487342596,,0.12730897659909193,0.12730897659909193,38,0.7521506766305045,256.74243351935246,1.0,False,0.22460813912561217,2.0687174116630693,0.40347094210509243,9,0.3,4.9,0.029647898805668912,2,42.01716605648399,0.8993305602692371,0.8363450658291091,,,,0.0,2,0.012797413260365532,0.0,0.0,0.0,0.0,0.0,0.0,0.0,0.0,0.0,0.0,0.0,0.0,0.0,0.10000000149011612,0.0,0.0,0.0,0.0,0.0,0.0,0.20052084177732468,0.004468422232506186,0.06562500298023224,0.5242180675268173,0.44862246960401536,-0.006613640394061804,True,0.0585080006159842,0.13820543512701988,0.3508752465248108,0.8248714566230774,0.8285356938838959,1,1.1639945745468139,0.49999953508377076,0.4999997913837433,1.1639945745468139,1.8511316776275635,False,0.19679005444049835,-0.173112154006958,-0.020840865311523515,2,1,10,2.679034956730902,0.021126405522227287,0.3354166731238365,2.4672186374664307,0.3387755185365677,0.781319773197174,2.1964269876480103,-0.03506809038420542,-0.016786029393310198,-1.0278962850570679,0.515719473361969,-0.16631333529949188,0.038862843066453934,-0.05434448772145828,-1.105290174484253,0.5332720279693604,-0.18284808099269867,0.061968352645635605,-0.03425723518806989,-1.150246500968933,0.5321347713470459,-0.1824149191379547,0.03260849788784981,0.0,0.023677906021475792,48,38,0.061049746931530535,0.1369628544896841,0.004762914869934321,0.9999999999999999,-0.17595855786235204,96665.6,966656.0,3,,0,127.30897659909193,0.0734375,3.9923388183116915,63.63343842800916,10,2
202.11903189123458,0,1,0.661246944218874,0.4025979200542334,436.92538565824447,378.0242833761376,0.0,261.0201341733415,202.11903189123456,1.0,2,1.0,0.0,0.0,0.0,0.0,0.40043536260649676,0.0,0.20169342144604022,100000000.0,0.10000000149011612,0.0,0.0,0.0,,-0.9878787878787878,0.0,0.8,4.0,0.0,101.37810837477446,,0.26102013417334147,0.26102013417334147,39,0.4653279146881568,378.02428337613753,1.0,False,0.2194713827808153,2.0214061373195817,0.18703052346874594,9,2.8,5.8,0.059844753418869474,2,167.58652248346377,0.8359015546388421,0.5566778912012018,,,,0.0,2,,,,,,,,,,,,,,,,,,,,,,,,,,,,,,,,,,,,,,,,,,,,,,,,,,,,,,,,,,,,,,,,,,,,,,,,,,,,,0.9999999999999999,-0.24024575847707838,576716.8,5767168.0,1,,0,261.0201341733415,0.05625,3.944466471672058,202.11903189123456,10,2
50.5585907446389,0,1,0.6742668338119984,0.04828204364206292,114.84771141453486,31.39698493771958,0.0,109.30262919982724,50.5585907446389,1.0,2,1.0000000000000002,0.0,0.0,0.0,0.0,0.2536779797536105,0.0,0.1437221149833483,100000000.0,0.10000000149011612,0.0,-2.220446049250313e-16,2.220446049250313e-16,,-0.8787878787878788,0.0,0.8,4.0,0.0,97.09847392514348,,0.10930262919982724,0.10930262919982724,39,-0.6103008249017899,31.396984937719573,1.0,False,0.22878131878235183,2.1071538167350483,0.1454360182241398,9,0.5,6.0,0.06210019795903593,2,14.585973309975039,-1.1398246715441815,0.5354339488677523,,,,2.220446049250313e-16,2,,,,,,,,,,,,,,,,,,,,,,,,,,,,,,,,,,,,,,,,,,,,,,,,,,,,,,,,,,,,,,,,,,,,,,,,,,,,,0.4545454545454545,-0.16904197399108975,57344.0,573440.0,2,,0,109.30262919982724,0.075,4.063466703891754,50.558590744638906,10,2
151.83696385288724,0,1,0.6864671595394611,0.4506431612406625,384.03900031119446,293.0631597352014,0.0,210.97445117125403,151.83696385288724,1.0,2,1.0,0.0,0.0,0.0,0.0,0.49142767467814186,0.0,0.1910642015028799,100000000.0,0.10000000149011612,0.0,0.0,0.0,,-0.7454545454545454,0.0,0.8,4.0,0.0,90.97584057599306,,0.21097445117125402,0.21097445117125402,39,0.4818967897907051,293.0631597352014,1.0,False,0.21457246038701022,1.9762853946167407,0.24422212747417865,9,3.0,4.0,0.07175872089435713,2,122.32493468445695,0.8271504277401318,0.582598731294018,,,,0.0,2,,,,,,,,,,,,,,,,,,,,,,,,,,,,,,,,,,,,,,,,,,,,,,,,,,,,,,,,,,,,,,,,,,,,,,,,,,,,,0.7454545454545454,-0.21277345577913212,524288.0,5242880.0,3,,0,210.97445117125403,0.0640625,4.027588403224945,151.83696385288727,10,2
54.817892307091014,1,1,0.6837788969278336,0.07999062154140042,123.69356075033085,36.609525826866786,0.0,113.79923594524291,54.81789230709101,1.0,2,1.0,0.0,0.0,0.0,0.0,0.21354777064517202,0.0,0.11030737468541253,100000000.0,0.10000000149011612,0.0,0.0,0.0,,-0.6606060606060605,0.0,0.8,4.0,0.0,87.08403492346406,,0.11379923594524291,0.11379923594524291,40,-0.49736690298407454,36.609525826866786,1.0,False,0.27533667746975987,2.5359445163855145,0.13703631051483334,9,5.0,6.0,0.05118229607544932,2,28.153561287660644,-2.15331632432953,0.23097716641280644,,,,0.0,2,,,,,,,,,,,,,,,,,,,,,,,,,,,,,,,,,,,,,,,,,,,,,,,,,,,,,,,,,,,,,,,,,,,,,,,,,,,,,0.6606060606060605,-0.19456795670750138,131072.0,1310720.0,1,0.046875,0,113.79923594524291,0.075,3.9656999170780183,54.817892307091,10,2
65.78288735132737,0,1,0.6712228059768677,0.18149036560581996,152.274245074333,93.41919576221828,0.0,124.63793666344209,65.78288735132736,1.0,2,1.0,0.0,0.0,0.0,0.0,0.3397580890536881,0.0,0.18019726192544697,100000000.0,0.10000000149011612,0.0,0.0,0.0,,-0.7454545454545454,0.0,0.8,4.0,0.0,87.12260611355305,,0.12463793666344208,0.12463793666344208,40,0.2958311531736386,93.4191957622183,1.0,False,0.18680712463321103,1.72055720178205,0.15639868088265022,9,4.8,5.9,0.062218485565734276,2,41.52964571433265,0.5325987291350011,0.555448477419578,,,,0.0,2,,,,,,,,,,,,,,,,,,,,,,,,,,,,,,,,,,,,,,,,,,,,,,,,,,,,,,,,,,,,,,,,,,,,,,,,,,,,,0.9636363636363635,-0.15572253064832656,170393.6,1703936.0,2,0.046875,0,124.63793666344209,0.0671875,4.0099267899990085,65.78288735132736,10,2
211.51847654853933,0,1,0.6789378821849823,0.3325726445797395,408.48028696606696,322.58630301336586,0.0,272.6309176710712,211.5184765485393,1.0,2,0.9999999999999999,0.0,0.0,0.0,0.0,0.393732422722794,0.0,0.20744383598103236,100000000.0,0.10000000149011612,0.0,1.1102230246251565e-16,0.0,,-0.23636363636363633,0.0,0.6,3.0,0.0,85.89398395270109,,0.2726309176710712,0.2726309176710712,40,0.3443042231716347,322.5863030133658,1.0,False,0.16128414661564017,1.4854818869337565,0.17274906286074018,8,1.6,4.4,0.0273116343006117,2,188.42018673975028,0.827838127462206,0.41590766570165444,,,,0.0,2,,,,,,,,,,,,,,,,,,,,,,,,,,,,,,,,,,,,,,,,,,,,,,,,,,,,,,,,,,,,,,,,,,,,,,,,,,,,,0.9999999999999999,-0.2169575321433557,891289.6,8912896.0,3,0.046875,0,272.63091767107124,0.0828125,3.8862690329551697,211.5184765485393,10,2
166.01555569377837,3,0,0.6787260062992573,0.4709367624019446,443.7599428039904,370.8972753067429,0.0,234.77707205620703,166.01555569377837,1.0,2,1.0,0.0,0.0,0.0,0.0,0.7149718262742839,0.0,0.3868875883792223,100000000.0,0.10000000149011612,0.0,0.0,0.0,,-0.9030303030303028,0.0,0.0,0.0,0.0,72.86266749724746,,0.23477707205620704,0.23477707205620704,41,0.5523947822035665,370.89727530674287,1.0,False,0.13800072047137435,1.2710336071192994,0.22906996836818447,5,3.0,4.0,0.025442406349702476,2,162.58370685958604,0.9835255626420566,0.5616476105813273,,,,0.0,2,,,,,,,,,,,,,,,,,,,,,,,,,,,,,,,,,,,,,,,,,,,,,,,,,,,,,,,,,,,,,,,,,,,,,,,,,,,,,0.9999999999999999,-0.18638889626379068,655360.0,6553600.0,1,,0,234.77707205620703,0.0484375,4.12154883146286,166.01555569377837,10,2
64.62491947653741,0,1,0.6835716776549816,0.15438821792852805,183.2232626350661,92.91243247781593,0.0,154.9357496337876,64.62491947653741,1.0,2,1.0,0.0,0.0,0.0,0.0,0.18519742457876798,0.0,0.09845069483848545,100000000.0,0.10000000149011612,0.0,0.0,0.0,,-0.9999999999999999,0.0,0.0,0.0,0.0,90.31083015725017,,0.15493574963378756,0.15493574963378756,41,0.30445347567487835,92.91243247781591,1.0,False,0.056043283550621985,0.2580888585322012,0.14377183481296027,10,4.0,6.0,0.07822443790085018,1,64.62491947653741,1.0,0.30445347567487835,,,,0.0,1,,,,,,,,,,,,,,,,,,,,,,,,,,,,,,,,,,,,,,,,,,,,,,,,,,,,,,,,,,,,,,,,,,,,,,,,,,,,,0.9999999999999999,-0.10548951659220478,262144.0,2621440.0,2,,0,154.93574963378757,0.05,4.1318886280059814,64.6249194765374,10,1
148.0921784573529,0,1,0.6546857766807079,0.4381426460452257,374.54369735055593,296.5346782104018,0.0,210.44013073382118,148.0921784573529,1.0,2,1.0,0.0,0.0,0.0,0.0,0.4281125768819534,0.0,0.17455168868492776,100000000.0,0.10000000149011612,0.0,0.0,0.0,,-0.9636363636363635,0.0,0.4,2.0,0.0,78.00901914015412,,0.2104401307338212,0.2104401307338212,41,0.5005906919517984,296.5346782104018,1.0,False,0.14363501743567217,1.3229273999172744,0.22391617395785895,7,3.0,5.7,0.07513875002948836,2,136.84140454612796,0.9295476030200391,0.5385315290205817,,,,0.0,2,,,,,,,,,,,,,,,,,,,,,,,,,,,,,,,,,,,,,,,,,,,,,,,,,,,,,,,,,,,,,,,,,,,,,,,,,,,,,0.9636363636363635,-0.17703757408474668,524288.0,5242880.0,3,,0,210.4401307338212,0.0515625,4.137059271335602,148.09217845735293,10,2
238.72095472121487,2,1,0.6683650426566601,0.2857134736609017,421.1777449150238,337.40803092090823,0.0,300.8415883866872,238.72095472121487,1.0,2,1.0,0.0,0.0,0.0,0.0,0.33527272425887106,0.0,0.18844024278636726,100000000.0,0.10000000149011612,0.0,0.0,0.0,,-0.6848484848484848,0.0,0.6,3.0,0.0,83.76971399411559,,0.3008415883866872,0.3008415883866872,42,0.2924858543833135,337.4080309209082,1.0,False,0.1743151109657242,1.605501503973118,0.15543608856056143,8,2.2,6.0,0.03918197294332677,2,219.14377478066277,0.8344624100342184,0.3505081245916394,,,,0.0,2,,,,,,,,,,,,,,,,,,,,,,,,,,,,,,,,,,,,,,,,,,,,,,,,,,,,,,,,,,,,,,,,,,,,,,,,,,,,,0.9999999999999999,-0.23757834967620567,943718.4,9437184.0,1,,0,300.8415883866872,0.0765625,3.9407071828842164,238.7209547212149,10,2
135.36093554077297,4,1,0.6651082076132298,0.2466751228773484,264.8038068737812,190.20844166613887,0.0,199.48329527480158,135.36093554077297,1.0,2,1.0,0.0,0.0,0.0,0.0,0.2320090993008194,0.0,0.12549125849483755,100000000.0,0.10000000149011612,0.0,0.0,0.0,,-0.9515151515151514,0.0,0.2,1.0,0.0,74.59536520764232,,0.19948329527480158,0.19948329527480158,42,0.2883547420131664,190.20844166613884,1.0,False,0.13911769310999353,1.2813213053071664,0.15230330229979241,6,3.0,4.0,0.07172576741560421,2,128.95448228103197,0.8954116056488156,0.32203596669290924,,,,0.0,2,,,,,,,,,,,,,,,,,,,,,,,,,,,,,,,,,,,,,,,,,,,,,,,,,,,,,,,,,,,,,,,,,,,,,,,,,,,,,0.9515151515151514,-0.16930049419239757,524288.0,5242880.0,2,,0,199.48329527480158,0.084375,4.018552768230438,135.36093554077297,10,2
272.39306632434693,1,1,0.681588426232338,0.2702450460427784,455.0233769026994,367.8942599130272,0.0,332.05556346108887,272.39306632434693,1.0,2,1.0,0.0,0.0,0.0,0.0,0.24134312485022127,0.0,0.1273233167777072,100000000.0,0.10000000149011612,0.0,0.0,0.0,,-0.9636363636363635,0.0,0.8,4.0,0.0,87.12911698967218,,0.3320555634610889,0.3320555634610889,42,0.2595887025017932,367.89425991302716,1.0,False,0.2352215022268131,2.1664700983165024,0.15020601703620481,9,2.0,4.0,0.0733180304992011,2,247.23040228803347,0.7914647804936296,0.32798515979433734,,,,0.0,2,,,,,,,,,,,,,,,,,,,,,,,,,,,,,,,,,,,,,,,,,,,,,,,,,,,,,,,,,,,,,,,,,,,,,,,,,,,,,0.9636363636363635,-0.283638532843951,1048576.0,10485760.0,3,,0,332.05556346108887,0.071875,3.9790742814540865,272.39306632434693,10,2
292.4938290999646,1,0,0.6654378958046436,0.39341044335845293,580.6088375514739,493.35964560791797,0.0,352.1912573525126,292.4938290999646,1.0,2,1.0,0.0,0.0,0.0,0.0,0.4012709306377878,0.0,0.21470466490122453,100000000.0,0.10000000149011612,0.0,0.0,0.0,,-0.9999999999999999,0.0,0.8,4.0,0.0,87.24919194355607,,0.3521912573525126,0.3521912573525126,43,0.4071387238420085,493.3596456079179,1.0,False,0.24347830494560602,2.2425180617408436,0.1862141615173049,9,2.1,6.0,0.029899480001042904,2,265.7658488164293,0.8825627909884454,0.46131417276953707,,,,0.0,2,,,,,,,,,,,,,,,,,,,,,,,,,,,,,,,,,,,,,,,,,,,,,,,,,,,,,,,,,,,,,,,,,,,,,,,,,,,,,0.9999999999999999,-0.2978347811490593,996147.2,9961472.0,1,,0,352.1912573525126,0.0734375,3.9583273947238924,292.4938290999646,10,2
131.2242697142615,0,1,0.8748257532715797,0.16621998413850986,234.47410130431558,152.94563278114106,0.0,195.4998199046209,131.2242697142615,1.0,2,1.0,0.0,0.0,0.0,0.0,0.2040479892247574,0.0,0.11542561465423826,100000000.0,0.10000000149011612,0.0,0.0,0.0,,-0.9272727272727272,0.0,0.4,2.0,0.0,81.52846852317452,,0.1954998199046209,0.1954998199046209,43,0.14202015887542163,152.94563278114106,1.0,False,0.13150267851786915,1.2111844289761353,0.13419655986112966,7,3.0,4.6,0.07414441213219235,2,118.70114903927549,0.6343025414141114,0.223899715991682,,,,0.0,2,,,,,,,,,,,,,,,,,,,,,,,,,,,,,,,,,,,,,,,,,,,,,,,,,,,,,,,,,,,,,,,,,,,,,,,,,,,,,0.9272727272727272,-0.16350124921124504,524288.0,5242880.0,2,,0,195.4998199046209,0.0671875,4.001729762554168,131.22426971426154,10,2
143.7108662389903,0,1,0.8919830434024334,0.23193900961775582,270.6641473328253,178.44056361220083,0.0,207.88657306141545,143.7108662389903,1.0,2,0.9999999999999999,0.0,0.0,0.0,0.0,0.20554456508201346,0.0,0.10077588178418552,100000000.0,0.10000000149011612,0.0,1.1102230246251565e-16,0.0,,-0.8787878787878788,0.0,0.8,4.0,0.0,92.22358372062445,,0.20788657306141545,0.20788657306141545,43,0.19462893789490313,178.44056361220083,1.0,False,0.23675884589813234,2.1806295567980563,0.15427628546452418,9,3.0,4.0,0.07621481769653336,2,118.18990774980746,0.5764202376905206,0.3376511183484838,,,,0.0,2,,,,,,,,,,,,,,,,,,,,,,,,,,,,,,,,,,,,,,,,,,,,,,,,,,,,,,,,,,,,,,,,,,,,,,,,,,,,,0.8787878787878788,-0.2223227094797739,524288.0,5242880.0,3,,0,207.88657306141545,0.0953125,3.9458071053028108,143.7108662389903,10,2
176.53378390515917,0,1,0.9541232138872147,0.28993183956304464,347.5534596297146,277.3005978021027,0.0,246.7866457327711,176.53378390515917,1.0,2,1.0,0.0,0.0,0.0,0.0,0.37445558924243244,0.0,0.20208329947132425,100000000.0,0.10000000149011612,0.0,0.0,0.0,,-0.8909090909090909,0.0,0.2,1.0,0.0,83.0812156200409,,0.2467866457327711,0.2467866457327711,44,0.3633847697972018,277.3005978021027,1.0,False,0.1508835924398569,1.3896892429176146,0.1570807534217243,6,2.6,4.8,0.06254978149450711,2,170.73445466096783,0.9455800024918721,0.38429828130838173,,,,0.0,2,,,,,,,,,,,,,,,,,,,,,,,,,,,,,,,,,,,,,,,,,,,,,,,,,,,,,,,,,,,,,,,,,,,,,,,,,,,,,0.9878787878787878,-0.19883511908631402,734003.2,7340032.0,1,,0,246.7866457327711,0.0828125,3.93994687795639,176.53378390515917,10,2
130.71269068555063,0,1,0.6693219766020775,0.1774777633433558,237.86936424722325,141.2609015037621,0.0,195.65284151272004,130.71269068555063,1.0,2,1.0,0.0,0.0,0.0,0.0,0.4341631228630806,0.0,0.22287388713998715,100000000.0,0.10000000149011612,0.0,0.0,0.0,,-0.9030303030303028,0.0,0.6,3.0,0.0,96.60846274346113,,0.19565284151272008,0.19565284151272008,44,0.0746718356312525,141.2609015037621,1.0,False,0.17219188096685897,1.5859458329955787,0.14262384524906144,8,3.4,5.2,0.01869046859210179,2,100.23712958375461,0.2571243531379682,0.2904113699070152,,,,0.0,2,,,,,,,,,,,,,,,,,,,,,,,,,,,,,,,,,,,,,,,,,,,,,,,,,,,,,,,,,,,,,,,,,,,,,,,,,,,,,0.9999999999999999,-0.18392236123978953,445644.8,4456448.0,2,,0,195.65284151272007,0.0453125,4.072012495994568,130.71269068555065,10,2
78.23130930343942,0,1,0.6829462945461273,0.5576730063555869,311.66846358940603,252.04039837957026,0.0,137.8593745132752,78.23130930343942,1.0,2,1.0,0.0,0.0,0.0,0.0,0.7489287684742,0.0,0.27321835127547195,100000000.0,0.10000000149011612,0.0,0.0,0.0,,-0.9272727272727272,0.0,0.8,4.0,0.0,99.76227395236492,,0.1378593745132752,0.1378593745132752,44,0.6896080556672353,252.04039837957026,1.0,False,0.21457246038701022,1.9762853946167407,0.3221733096680888,9,4.7,5.9,0.0632724549481085,2,51.02727142240085,0.8646653664223878,0.7975432837336088,,,,0.0,2,,,,,,,,,,,,,,,,,,,,,,,,,,,,,,,,,,,,,,,,,,,,,,,,,,,,,,,,,,,,,,,,,,,,,,,,,,,,,0.9999999999999999,-0.1762159174501427,222822.4,2228224.0,3,,0,137.8593745132752,0.0859375,3.96725594997406,78.23130930343942,10,2
130.0926770582099,0,0,0.6716656498610973,0.397858109589558,325.3920702697563,247.80308180170536,0.0,195.93219631679844,130.0926770582099,1.0,2,0.9999999999999998,0.0,0.0,0.0,0.0,0.36955521062873825,0.0,0.13782180257931875,100000000.0,0.10000000149011612,0.0,2.220446049250313e-16,0.0,,-0.9272727272727272,0.0,0.2,1.0,0.0,77.58898846805096,,0.19593219631679842,0.19593219631679842,45,0.47501590330377147,247.80308180170533,1.0,False,0.13351020343139047,1.229674416734889,0.20939358185931414,6,3.0,4.0,0.07633604141857604,2,122.7014210152877,0.9409180022354695,0.5048430385806311,,,,0.0,2,,,,,,,,,,,,,,,,,,,,,,,,,,,,,,,,,,,,,,,,,,,,,,,,,,,,,,,,,,,,,,,,,,,,,,,,,,,,,0.9272727272727272,-0.16472119987409445,524288.0,5242880.0,1,,0,195.9321963167984,0.0671875,3.913125514984131,130.09267705820986,10,2
146.98672310804534,1,1,0.768731813877821,0.30155798215348034,300.58981789889185,213.93796647580712,0.0,209.9445589574199,146.98672310804534,1.0,2,1.0,0.0,0.0,0.0,0.0,0.3090623326229614,0.0,0.15695058777546353,100000000.0,0.10000000149011612,0.0,0.0,0.0,,-0.8545454545454544,0.0,0.4,2.0,0.0,86.65185142308474,,0.20994455895741992,0.20994455895741992,45,0.3129469933301104,213.93796647580712,1.0,False,0.13340444984666805,1.2287003902240388,0.17352037338966594,7,3.0,6.0,0.07194970281830113,2,128.86980847851922,0.7870305992742466,0.39763002050834073,,,,0.0,2,,,,,,,,,,,,,,,,,,,,,,,,,,,,,,,,,,,,,,,,,,,,,,,,,,,,,,,,,,,,,,,,,,,,,,,,,,,,,0.8545454545454544,-0.171674504402044,524288.0,5242880.0,2,,0,209.94455895741993,0.075,3.985873705148697,146.98672310804537,10,2
286.8724371947752,8,1,0.673338770866394,0.38207240090119526,560.904310678997,468.2515860888446,0.0,346.5982540220427,286.8724371947752,1.0,2,1.0,0.0,0.0,0.0,0.0,0.37068122950284343,0.0,0.19699079386867965,100000000.0,0.10000000149011612,0.0,0.0,0.0,,-0.9636363636363635,0.0,0.8,4.0,0.0,92.6527245901525,,0.3465982540220427,0.3465982540220427,45,0.3873540512891184,468.25158608884453,1.0,False,0.2352215022268131,2.1664700983165024,0.18439056089563205,9,1.2,4.0,0.03771659971173395,2,255.18742043172804,0.8512888515751739,0.45502070251757865,,,,0.0,2,,,,,,,,,,,,,,,,,,,,,,,,,,,,,,,,,,,,,,,,,,,,,,,,,,,,,,,,,,,,,,,,,,,,,,,,,,,,,0.9999999999999999,-0.2909098781244279,996147.2,9961472.0,3,,0,346.5982540220427,0.0828125,3.9162614703178407,286.8724371947752,10,2
119.77334036629586,0,0,0.6788452155888081,0.47767866117447333,348.45330628795034,270.32782898513085,0.0,182.00459745850353,119.77334036629586,1.0,2,1.0,0.0,0.0,0.0,0.0,0.6828981352076052,0.0,0.36033067410205605,100000000.0,0.10000000149011612,0.0,0.0,0.0,,-0.709090909090909,0.0,0.4,2.0,0.0,78.12547730281949,,0.18200459745850353,0.18200459745850353,46,0.5569329994031658,270.3278289851308,1.0,False,0.13992901439568284,1.288793850499394,0.26023307530906065,7,3.6,4.6,0.019174578963981174,2,104.97262206953937,0.9104913684132622,0.6116839969320608,,,,0.0,2,,,,,,,,,,,,,,,,,,,,,,,,,,,,,,,,,,,,,,,,,,,,,,,,,,,,,,,,,,,,,,,,,,,,,,,,,,,,,0.9999999999999999,-0.16096680592709317,406323.2,4063232.0,1,,0,182.00459745850353,0.0890625,3.842259430885315,119.77334036629586,10,2
28.558434464460973,0,1,0.6803539581596851,0.09708354699144278,131.01229053236057,41.27757232881597,0.0,118.29315266800559,28.558434464460976,1.0,2,1.0,0.0,0.0,0.0,0.0,0.21248140519552872,0.0,0.1128886563241434,100000000.0,0.10000000149011612,0.0,0.0,0.0,,-0.9999999999999999,0.0,0.0,0.0,0.0,89.73471820354462,,0.1182931526680056,0.1182931526680056,46,0.30813677129640044,41.277572328815964,1.0,False,0.056043283550621985,0.2580888585322012,0.14453723778235497,10,5.0,6.0,0.08022222707966699,1,28.558434464460973,1.0,0.30813677129640044,,,,0.0,1,,,,,,,,,,,,,,,,,,,,,,,,,,,,,,,,,,,,,,,,,,,,,,,,,,,,,,,,,,,,,,,,,,,,,,,,,,,,,0.9999999999999999,-0.08716821810931379,131072.0,1310720.0,2,,0,118.29315266800559,0.0625,4.036667227745056,28.55843446446098,10,1
150.30280095908978,1,1,0.6676637567579746,0.395566432764744,346.97768604392644,260.645583272078,0.0,209.72496052656513,150.30280095908978,1.0,2,0.9999999999999999,0.0,0.0,0.0,0.0,0.3843166041648808,0.0,0.15633493625073214,100000000.0,0.10000000149011612,0.0,1.1102230246251565e-16,0.0,,-0.8181818181818182,0.0,0.8,4.0,0.0,86.33210277184844,,0.20972496052656514,0.20972496052656514,46,0.42334414774182305,260.645583272078,1.0,False,0.21315695103372306,1.96324807167325,0.2112323095638125,9,3.0,4.0,0.07201675374762742,2,125.59892108735116,0.8170715257075601,0.5181237314263514,,,,0.0,2,,,,,,,,,,,,,,,,,,,,,,,,,,,,,,,,,,,,,,,,,,,,,,,,,,,,,,,,,,,,,,,,,,,,,,,,,,,,,0.8181818181818182,-0.2114409557801441,524288.0,5242880.0,3,,0,209.72496052656513,0.1015625,3.9330421149730683,150.30280095908978,10,2
109.1808786752196,7,1,0.7201670669019222,0.14250619568910597,234.4200521301136,142.587188497524,0.0,201.0137423078092,109.18087867521962,1.0,2,1.0,0.0,0.0,0.0,0.0,0.1519421949430732,0.0,0.08537677908465095,100000000.0,0.10000000149011612,0.0,0.0,0.0,,-0.9999999999999999,0.0,0.0,0.0,0.0,91.83286363258958,,0.2010137423078092,0.2010137423078092,47,0.23428689613923115,142.58718849752398,1.0,False,0.0693422136440747,0.3193326949041095,0.13059721649765996,10,3.0,5.0,0.07840259491890667,1,109.1808786752196,1.0,0.23428689613923115,,,,0.0,1,,,,,,,,,,,,,,,,,,,,,,,,,,,,,,,,,,,,,,,,,,,,,,,,,,,,,,,,,,,,,,,,,,,,,,,,,,,,,0.9999999999999999,-0.13517797797594194,524288.0,5242880.0,1,,0,201.0137423078092,0.05625,3.953553318977356,109.18087867521962,10,1
111.55153302981975,0,1,0.6696810014545918,0.2589167632721525,234.82428187781323,155.4367693541323,0.0,174.02433887630227,111.55153302981975,1.0,2,1.0,0.0,0.0,0.0,0.0,0.4830234201162896,0.0,0.2673836652492312,100000000.0,0.10000000149011612,0.0,0.0,0.0,,-0.33333333333333326,0.0,0.4,2.0,0.0,79.38751252368093,,0.17402433887630225,0.17402433887630225,47,0.28233497457946144,155.4367693541323,1.0,False,0.13788740504865585,1.2699899335066676,0.16424554303518957,7,3.6,4.6,0.02314989355570596,2,96.25217566389595,0.7414976362598952,0.38076314848898984,,,,0.0,2,,,,,,,,,,,,,,,,,,,,,,,,,,,,,,,,,,,,,,,,,,,,,,,,,,,,,,,,,,,,,,,,,,,,,,,,,,,,,0.9999999999999999,-0.15595587196247906,406323.2,4063232.0,2,,0,174.02433887630227,0.0703125,3.9466394543647767,111.55153302981975,10,2
110.49353198723271,2,1,0.6956350989639759,0.3482320381737052,260.80797038610746,198.7397125572546,0.0,169.98627928660594,110.49353198723273,1.0,2,1.0,0.0,0.0,0.0,0.0,0.5131696595458696,0.0,0.2528532706760482,100000000.0,0.10000000149011612,0.0,0.0,0.0,,-0.7454545454545454,0.0,0.8,4.0,0.0,91.36786963790655,,0.16998627928660592,0.16998627928660592,47,0.44402892323092785,198.7397125572546,1.0,False,0.24240137914256474,2.2325992085394697,0.2155221677789359,9,3.8,5.0,0.05773199707322727,2,84.3516435650696,0.7714631547460676,0.5755672458227549,,,,0.0,2,,,,,,,,,,,,,,,,,,,,,,,,,,,,,,,,,,,,,,,,,,,,,,,,,,,,,,,,,,,,,,,,,,,,,,,,,,,,,0.9878787878787878,-0.20619382921458534,340787.2,3407872.0,3,,0,169.98627928660594,0.090625,3.90882847905159,110.49353198723271,10,2
142.78188537638803,2,1,0.6737792864441872,0.06207725028624699,216.4087845747914,142.57295437220068,0.0,202.97472229059957,142.78188537638803,1.0,2,1.0,0.0,0.0,0.0,0.0,0.08004327515086793,0.0,0.0451753103706996,100000000.0,0.10000000149011612,0.0,0.0,0.0,,-0.8181818181818182,0.0,0.8,4.0,0.0,94.41301133483648,,0.20297472229059957,0.20297472229059957,48,-0.001465432242092042,142.57295437220068,1.0,False,0.24347830494560602,2.2425180617408436,0.11237458599898634,9,3.0,5.8,0.08593960003940922,2,111.97872100113352,-0.006829097550943232,0.2145865147130073,,,,0.0,2,,,,,,,,,,,,,,,,,,,,,,,,,,,,,,,,,,,,,,,,,,,,,,,,,,,,,,,,,,,,,,,,,,,,,,,,,,,,,0.8181818181818182,-0.2232265136181028,524288.0,5242880.0,1,,0,202.97472229059957,0.084375,3.8339104771614076,142.78188537638803,10,2
232.06475900298574,8,1,0.6799111142754555,0.34636292254333656,448.12892308497123,355.45421695375137,0.0,292.9136796090625,232.06475900298574,1.0,2,1.0,0.0,0.0,0.0,0.0,0.4648945111125823,0.0,0.2451229509529063,100000000.0,0.10000000149011612,0.0,0.0,0.0,,-0.3939393939393939,0.0,0.6,3.0,0.0,92.67470613121986,,0.2929136796090625,0.2929136796090625,48,0.3471317881898134,355.4542169537513,1.0,False,0.16199389108940832,1.4920188751142904,0.17751500159037922,8,2.6,4.4,0.012279471106471032,2,201.41342991671007,0.8010180960779879,0.43336322848318803,,,,0.0,2,,,,,,,,,,,,,,,,,,,,,,,,,,,,,,,,,,,,,,,,,,,,,,,,,,,,,,,,,,,,,,,,,,,,,,,,,,,,,0.9999999999999999,-0.2274537853492354,865075.2,8650752.0,2,,0,292.9136796090625,0.06875,3.9878523111343385,232.06475900298574,10,2
155.84595403869514,1,1,0.6874087266623974,0.3128867877761061,318.1562091481526,234.79258159889173,0.0,218.60933485676412,155.84595403869514,1.0,2,1.0,0.0,0.0,0.0,0.0,0.2881821133987352,0.0,0.14529717192641142,100000000.0,0.10000000149011612,0.0,0.0,0.0,,-0.23636363636363633,0.0,0.6,3.0,0.0,83.36362754926085,,0.21860933485676412,0.21860933485676412,48,0.3362398719013413,234.7925815988917,1.0,False,0.15688612569712931,1.4449746173112004,0.17360446129728344,8,2.8,5.8,0.07340195235980296,2,140.06304230449928,0.8333897551729132,0.40346052949928285,,,,0.0,2,,,,,,,,,,,,,,,,,,,,,,,,,,,,,,,,,,,,,,,,,,,,,,,,,,,,,,,,,,,,,,,,,,,,,,,,,,,,,0.9999999999999999,-0.18774773027694672,629145.6,6291456.0,3,,0,218.60933485676412,0.0734375,3.9169579982757567,155.84595403869514,10,2
277.953790580997,2,1,0.6700870580971241,0.3836307791995118,605.6384980630895,510.29535950616213,0.0,373.2969291379245,277.95379058099707,1.0,2,1.0,0.0,0.0,0.0,0.0,0.37807851836519835,0.0,0.19977290512081075,100000000.0,0.10000000149011612,0.0,0.0,0.0,,-0.9999999999999999,0.0,0.0,0.0,0.0,95.34313855692744,,0.3732969291379245,0.3732969291379245,49,0.4553080183798132,510.295359506162,1.0,False,0.0693422136440747,0.3193326949041095,0.183589998337317,10,1.0,6.0,0.05979794402421191,1,277.953790580997,1.0,0.4553080183798132,,,,0.0,1,,,,,,,,,,,,,,,,,,,,,,,,,,,,,,,,,,,,,,,,,,,,,,,,,,,,,,,,,,,,,,,,,,,,,,,,,,,,,0.9999999999999999,-0.22131957139099961,1048576.0,10485760.0,1,,0,373.2969291379245,0.0875,3.8476588129997253,277.95379058099707,10,1
133.3152152319978,9,0,0.6733336485922337,0.20767322753646658,243.95632260714427,156.4832016011025,0.0,193.29312571339116,133.31521523199783,1.0,2,1.0,0.0,0.0,0.0,0.0,0.1980902436892537,0.0,0.10461355229601525,100000000.0,0.10000000149011612,0.0,0.0,0.0,,-0.9636363636363635,0.0,0.8,4.0,0.0,87.47312100604177,,0.19329312571339116,0.19329312571339116,49,0.14805414339721348,156.48320160110248,1.0,False,0.2362585867439853,2.176021999714165,0.14787676681159181,9,3.0,5.1,0.07199859665862061,2,107.7996212799574,0.475889123525329,0.3111105845421435,,,,0.0,2,,,,,,,,,,,,,,,,,,,,,,,,,,,,,,,,,,,,,,,,,,,,,,,,,,,,,,,,,,,,,,,,,,,,,,,,,,,,,0.9636363636363635,-0.21477585622868822,524288.0,5242880.0,2,,0,193.29312571339116,0.0609375,3.8602285265922545,133.31521523199783,10,2
297.64579127264176,2,1,0.6742049008607864,0.23102298713713068,464.0176105390914,374.9415138814278,0.0,356.81887606811677,297.64579127264176,1.0,2,0.9999999999999999,0.0,0.0,0.0,0.0,0.2251533783060306,0.0,0.12258396968072577,100000000.0,0.10000000149011612,0.0,1.1102230246251565e-16,0.0,,-0.9878787878787878,0.0,0.8,4.0,0.0,89.07609665766358,,0.35681887606811674,0.35681887606811674,49,0.20615407936190852,374.94151388142774,1.0,False,0.23675884589813234,2.1806295567980563,0.14003795534916652,9,1.1,4.0,0.06976428906779036,2,270.9290676224781,0.7431391664065892,0.2774097890153682,,,,0.0,2,,,,,,,,,,,,,,,,,,,,,,,,,,,,,,,,,,,,,,,,,,,,,,,,,,,,,,,,,,,,,,,,,,,,,,,,,,,,,0.9878787878787878,-0.2967888609831245,1048576.0,10485760.0,3,,0,356.81887606811677,0.0953125,3.7971239507198336,297.64579127264176,10,2
138.6529250889636,0,1,0.6777732633054256,0.17933197739753245,278.8450468411278,188.6587587264906,0.0,228.83921320360076,138.65292508896363,1.0,2,1.0,0.0,0.0,0.0,0.0,0.19880255468680832,0.0,0.10946718771519053,100000000.0,0.10000000149011612,0.0,0.0,0.0,,-0.9999999999999999,0.0,0.0,0.0,0.0,90.18628811463714,,0.22883921320360076,0.22883921320360076,50,0.2650596981294853,188.6587587264906,1.0,False,0.0693422136440747,0.3193326949041095,0.1360654732710773,10,3.0,6.0,0.07761769107238349,1,138.6529250889636,1.0,0.2650596981294853,,,,0.0,1,,,,,,,,,,,,,,,,,,,,,,,,,,,,,,,,,,,,,,,,,,,,,,,,,,,,,,,,,,,,,,,,,,,,,,,,,,,,,0.9999999999999999,-0.14909071342383773,524288.0,5242880.0,1,0.0515625,0,228.83921320360076,0.084375,3.8380799293518066,138.65292508896363,10,1
282.6802206451305,9,1,0.6662067025899887,0.44175648495809583,672.6828173622594,579.842217534791,0.0,375.52082047259887,282.6802206451305,1.0,2,0.9999999999999999,0.0,0.0,0.0,0.0,0.4569151085837591,0.0,0.22351862091359465,100000000.0,0.10000000149011612,0.0,1.1102230246251565e-16,0.0,,-0.9999999999999999,0.0,0.0,0.0,0.0,92.8405998274684,,0.3755208204725989,0.3755208204725989,50,0.5124876870005253,579.842217534791,1.0,False,0.056043283550621985,0.2580888585322012,0.2051230242467902,10,1.0,6.0,0.06398906038686451,1,282.6802206451305,1.0,0.5124876870005253,,,,0.0,1,,,,,,,,,,,,,,,,,,,,,,,,,,,,,,,,,,,,,,,,,,,,,,,,,,,,,,,,,,,,,,,,,,,,,,,,,,,,,0.9999999999999999,-0.21578205201161044,1048576.0,10485760.0,2,0.0515625,0,375.52082047259887,0.075,3.954751968383789,282.6802206451305,10,1
77.59753044607173,1,0,0.690842978656292,0.4728275347787909,275.95663974644293,208.07742812322127,0.0,145.4767420692934,77.59753044607174,1.0,2,1.0,0.0,0.0,0.0,0.0,0.78914069772481,0.0,0.410696935855019,100000000.0,0.10000000149011612,0.0,0.0,0.0,,-0.6727272727272726,0.0,0.2,1.0,0.0,70.67083101719618,,0.1454767420692934,0.1454767420692934,50,0.6270737717878784,208.07742812322124,1.0,False,0.12627339345506622,1.1630209336456296,0.2681495492537996,6,4.2,5.2,0.029456736521137186,2,76.92195703687683,0.994849064216695,0.6303205122694785,,,,0.0,2,,,,,,,,,,,,,,,,,,,,,,,,,,,,,,,,,,,,,,,,,,,,,,,,,,,,,,,,,,,,,,,,,,,,,,,,,,,,,0.9999999999999999,-0.1358750677621798,288358.4,2883584.0,3,0.0515625,0,145.4767420692934,0.096875,3.8725502610206606,77.59753044607173,10,2
139.89314609770355,0,1,0.6764288991689682,0.22592199191641868,297.185862493617,207.03396812166042,0.0,230.04504046966014,139.89314609770355,1.0,2,1.0,0.0,0.0,0.0,0.0,0.2504908009652516,0.0,0.13454631040432521,100000000.0,0.10000000149011612,0.0,0.0,0.0,,-0.9999999999999999,0.0,0.0,0.0,0.0,90.15189437195659,,0.23004504046966015,0.23004504046966015,51,0.324298580726147,207.0339681216604,1.0,False,0.0693422136440747,0.3193326949041095,0.1479943613370913,10,3.0,4.0,0.07478320502015927,1,139.89314609770355,1.0,0.324298580726147,,,,0.0,1,,,,,,,,,,,,,,,,,,,,,,,,,,,,,,,,,,,,,,,,,,,,,,,,,,,,,,,,,,,,,,,,,,,,,,,,,,,,,0.9999999999999999,-0.14969362705686742,524288.0,5242880.0,1,,0,230.04504046966014,0.059375,4.04844206571579,139.89314609770355,10,1
69.78256456782414,0,1,0.6782393902540207,0.4058418251222113,220.91954910641022,159.44095758234567,0.0,131.26115609188872,69.78256456782414,1.0,2,1.0000000000000002,0.0,0.0,0.0,0.0,0.5287902100962507,0.0,0.26595407075520117,100000000.0,0.10000000149011612,0.0,-2.220446049250313e-16,2.220446049250313e-16,,-0.6,0.0,0.6,3.0,0.0,84.49142472818494,,0.1312611560918887,0.1312611560918887,51,0.5623297449666664,159.44095758234567,1.0,False,0.18743457713050143,1.7263362528493413,0.22848251360464025,8,4.6,5.6,0.05607527578064103,2,55.57462048894216,0.8632093469696033,0.6514407506600692,,,,2.220446049250313e-16,2,,,,,,,,,,,,,,,,,,,,,,,,,,,,,,,,,,,,,,,,,,,,,,,,,,,,,,,,,,,,,,,,,,,,,,,,,,,,,0.9999999999999999,-0.1593478666111953,209715.2,2097152.0,2,,0,131.26115609188872,0.071875,4.119099378585815,69.78256456782415,10,2
135.90332844618322,3,1,0.6899838335812092,0.15302804159989133,230.7265218663135,138.90479918002276,0.0,195.41889407995706,135.90332844618322,1.0,2,1.0,0.0,0.0,0.0,0.0,0.14281609981786159,0.0,0.07468764158662416,100000000.0,0.10000000149011612,0.0,0.0,0.0,,-0.7454545454545454,0.0,0.8,4.0,0.0,91.82172268629074,,0.19541889407995705,0.19541889407995705,51,0.02160811398567733,138.90479918002276,1.0,False,0.24240137914256474,2.2325992085394697,0.13408165233796634,9,3.0,6.0,0.08629893639501252,2,106.43982408951781,0.09245258083433404,0.23372104694834803,,,,0.0,2,,,,,,,,,,,,,,,,,,,,,,,,,,,,,,,,,,,,,,,,,,,,,,,,,,,,,,,,,,,,,,,,,,,,,,,,,,,,,0.7454545454545454,-0.2189101366112609,524288.0,5242880.0,3,,0,195.41889407995706,0.08125,4.042501330375671,135.90332844618325,10,2
100.96985271660606,1,1,0.6766528822481632,0.21372204003009618,207.60414766796941,124.77240868561978,0.0,163.23456570966167,100.96985271660606,1.0,2,1.0,0.0,0.0,0.0,0.0,0.5046564713062154,0.0,0.26748173684421994,100000000.0,0.10000000149011612,0.0,0.0,0.0,,-0.6484848484848483,0.0,0.4,2.0,0.0,82.83173898234963,,0.16323456570966166,0.16323456570966166,52,0.19076778447859685,124.77240868561977,1.0,False,0.15171829674355525,1.3973771536646296,0.15518410703244082,7,3.6,4.6,0.022079792567865828,2,81.9918059747383,0.5563866439628121,0.34286909390899656,,,,0.0,2,,,,,,,,,,,,,,,,,,,,,,,,,,,,,,,,,,,,,,,,,,,,,,,,,,,,,,,,,,,,,,,,,,,,,,,,,,,,,0.9999999999999999,-0.15747643122660845,406323.2,4063232.0,1,,0,163.23456570966167,0.0890625,3.877072137594223,100.96985271660607,10,2
90.36394589320848,0,1,0.6826878525316715,0.2058742774970982,188.5749933202446,129.18668639703398,0.0,149.75225281641912,90.36394589320848,1.0,2,1.0000000000000002,0.0,0.0,0.0,0.0,0.20206596698080534,0.0,0.10843026575338727,100000000.0,0.10000000149011612,0.0,-2.220446049250313e-16,2.220446049250313e-16,,-0.9636363636363635,0.0,0.8,4.0,0.0,88.70507683604956,,0.14975225281641913,0.14975225281641913,52,0.30051657478472815,129.18668639703395,1.0,False,0.21700585048179355,1.9986977456474904,0.14296264413874307,9,3.9,5.0,0.07888327910172778,2,65.23837892471616,0.6070956689609217,0.4950069489032579,,,,2.220446049250313e-16,2,,,,,,,,,,,,,,,,,,,,,,,,,,,,,,,,,,,,,,,,,,,,,,,,,,,,,,,,,,,,,,,,,,,,,,,,,,,,,0.9999999999999999,-0.18337905164910656,288358.4,2883584.0,2,,0,149.75225281641912,0.1,3.8495597720146177,90.3639458932085,10,2
51.04542168098644,4,1,0.688835047185421,0.09453065637911756,123.82426352162999,53.43888997945002,0.0,112.11907461526948,51.04542168098644,1.0,2,1.0,0.0,0.0,0.0,0.0,0.25709039782265464,0.0,0.1422000126863095,100000000.0,0.10000000149011612,0.0,0.0,0.0,,-0.7454545454545454,0.0,0.6,3.0,0.0,80.62431495636702,,0.11211907461526949,0.11211907461526949,52,0.044788885012094756,53.43888997945001,1.0,False,0.16979190254030993,1.563841214801662,0.13716551271745256,8,5.0,6.0,0.068533865033952,2,34.88137937427628,0.1289757203639309,0.3472660194160104,,,,0.0,2,,,,,,,,,,,,,,,,,,,,,,,,,,,,,,,,,,,,,,,,,,,,,,,,,,,,,,,,,,,,,,,,,,,,,,,,,,,,,0.7454545454545454,-0.14095548857778972,131072.0,1310720.0,3,,0,112.11907461526948,0.0859375,3.8813576698303223,51.04542168098644,10,2
121.9701925626042,4,1,0.6813667714595795,0.4960512667023397,367.3101807384467,304.17487299057603,0.0,185.1055003104749,121.97019256260421,1.0,2,1.0,0.0,0.0,0.0,0.0,0.6346129619874835,0.0,0.30879854339551743,100000000.0,0.10000000149011612,0.0,0.0,0.0,,-0.23636363636363633,0.0,0.4,2.0,0.0,79.00304347276688,,0.1851055003104749,0.1851055003104749,53,0.5990129251524893,304.17487299057603,1.0,False,0.14652242853894967,1.3495214389722836,0.24938459684274977,7,3.4,4.7,0.05111370691652486,2,115.10701491305166,0.9636999238297902,0.6215761881270914,,,,0.0,2,,,,,,,,,,,,,,,,,,,,,,,,,,,,,,,,,,,,,,,,,,,,,,,,,,,,,,,,,,,,,,,,,,,,,,,,,,,,,0.9999999999999999,-0.1658139644247123,498073.6,4980736.0,1,,0,185.1055003104749,0.096875,3.845021504163742,121.9701925626042,10,2
67.4351736919455,0,1,0.6771418265998363,0.3311010034628639,189.96571403013667,105.04333701001606,0.0,127.06787549121898,67.4351736919455,1.0,2,1.0,0.0,0.0,0.0,0.0,0.6435610683732393,0.0,0.2823965389668835,100000000.0,0.10000000149011612,0.0,0.0,0.0,,-0.8181818181818182,0.0,0.8,4.0,0.0,84.92237702012062,,0.12706787549121898,0.12706787549121898,53,0.35802521500706475,105.04333701001605,1.0,False,0.22878131878235183,2.1071538167350483,0.2492397547084428,9,4.9,6.0,0.056935620286578024,2,44.109995638612,0.6172017235824856,0.5800781192394332,,,,0.0,2,,,,,,,,,,,,,,,,,,,,,,,,,,,,,,,,,,,,,,,,,,,,,,,,,,,,,,,,,,,,,,,,,,,,,,,,,,,,,0.9878787878787878,-0.1779245971367854,144179.2,1441792.0,2,,0,127.06787549121898,0.0640625,3.956333565711975,67.43517369194548,10,2
65.08414094388137,0,0,0.6749811582267284,0.3135703908557094,187.14723181847538,123.76797157276476,0.0,128.463401189592,65.08414094388137,1.0,2,1.0000000000000002,0.0,0.0,0.0,0.0,0.5197289153049058,0.0,0.2845924992007807,100000000.0,0.10000000149011612,0.0,-2.220446049250313e-16,2.220446049250313e-16,,-0.43030303030303024,0.0,0.4,2.0,0.0,78.1184770166874,,0.12846340118959199,0.12846340118959199,53,0.47414391528896016,123.76797157276476,1.0,False,0.1518190935088586,1.3983055261814679,0.19016609849622723,7,4.4,6.0,0.04383644507625182,2,57.70714005458712,0.8883301841687483,0.5337473877831119,,,,2.220446049250313e-16,2,,,,,,,,,,,,,,,,,,,,,,,,,,,,,,,,,,,,,,,,,,,,,,,,,,,,,,,,,,,,,,,,,,,,,,,,,,,,,0.9999999999999999,-0.1401412473492255,249036.8,2490368.0,3,,0,128.463401189592,0.090625,3.8357585668563843,65.08414094388137,10,2
141.9414035129796,0,1,0.6715371273458004,0.12647041841680773,209.52885554406174,129.29433820071944,0.0,183.0296535130094,141.9414035129796,1.0,2,1.0,0.0,0.0,0.0,0.0,0.15112219327263066,0.0,0.08519114430411676,100000000.0,0.10000000149011612,0.0,0.0,0.0,,-0.41818181818181815,0.0,0.6,3.0,0.0,80.2345173433423,,0.1830296535130094,0.1830296535130094,54,-0.09781607987061729,129.2943382007194,1.0,False,0.19412263742224126,1.7879355645645634,0.12577865356130707,8,3.0,6.0,0.08073025890663872,2,109.21186245269608,-0.6297562845808485,0.15532370579790475,,,,0.0,2,0.015666866034734994,0.0,0.0,0.0,0.0,0.0,0.0,0.0,0.0,0.0,0.0,0.0,0.0,0.0,0.10000000149011612,0.0,0.0,0.0,0.0,0.0,0.0,0.22673611342906952,0.0012351707767569071,0.01423611119389534,0.5026836742957433,0.20831589897473654,-0.0007486736964589605,True,0.028161479781071346,0.07373625909288724,0.3362720807393392,0.8948463698228201,0.792042742172877,1,1.333666980266571,0.49999964733918506,0.4999997317790985,1.333666980266571,1.6805329322814941,True,0.13862203061580658,-0.3109421730041504,-0.010736720429527224,3,1,6,1.5367188169620931,0.03009856111990909,0.4392361243565877,2.368704835573832,0.3487888028224309,0.9336709479490916,2.444312353928884,-0.02072478034016238,-0.032655258027821876,-1.3464951515197754,0.5953507423400879,-0.19170136749744415,0.042183902114629745,0.0011029718504180774,-1.2827792167663574,0.47523531317710876,-0.17244991660118103,0.03876612335443497,0.0044690932661302085,-1.4579018354415894,0.6589429378509521,-0.20423102378845215,0.048718083649873734,0.0,-0.1723201423883438,48,54,0.11063763126730919,0.29227817555268604,0.013337011138598124,0.41818181818181815,-0.18857614546762533,524288.0,5242880.0,1,,0,183.0296535130094,0.0828125,3.803202176094055,141.9414035129796,10,2
124.8073236339574,0,1,0.7400834001600742,0.13782406473319542,222.41937540400417,137.74591855633648,0.0,191.76463301040582,124.8073236339574,1.0,2,1.0,0.0,0.0,0.0,0.0,0.13931923452163922,0.0,0.0774164076831831,100000000.0,0.10000000149011612,0.0,0.0,0.0,,-0.6969696969696969,0.0,0.4,2.0,0.0,84.6734568476677,,0.1917646330104058,0.1917646330104058,54,0.09393087692168055,137.74591855633648,1.0,False,0.14598057661938688,1.3445307983619015,0.12862490028778353,7,3.0,6.0,0.0779734423682664,2,112.15791555823338,0.5056508287629266,0.18576233159052108,,,,0.0,2,0.015666866034734994,0.0,0.0,0.0,0.0,0.0,0.0,0.0,0.0,0.0,0.0,0.0,0.0,0.0,0.10000000149011612,0.0,0.0,0.0,0.0,0.0,0.0,0.22673611342906952,0.0012351707767569071,0.01423611119389534,0.5026836742957433,0.20831589897473654,-0.0007486736964589605,True,0.028161479781071346,0.07373625909288724,0.3362720807393392,0.8948463698228201,0.792042742172877,1,1.333666980266571,0.49999964733918506,0.4999997317790985,1.333666980266571,1.6805329322814941,True,0.13862203061580658,-0.3109421730041504,-0.010736720429527224,3,1,6,1.5367188169620931,0.03009856111990909,0.4392361243565877,2.368704835573832,0.3487888028224309,0.9336709479490916,2.444312353928884,-0.02072478034016238,-0.032655258027821876,-1.3464951515197754,0.5953507423400879,-0.19170136749744415,0.042183902114629745,0.0011029718504180774,-1.2827792167663574,0.47523531317710876,-0.17244991660118103,0.03876612335443497,0.0044690932661302085,-1.4579018354415894,0.6589429378509521,-0.20423102378845215,0.048718083649873734,0.0,-0.1723201423883438,48,54,0.11063763126730919,0.29227817555268604,0.013337011138598124,0.6969696969696969,-0.16887260481489635,524288.0,5242880.0,2,,0,191.76463301040582,0.103125,3.8028412580490114,124.8073236339574,10,2
90.81288449903059,0,0,0.6781467236578465,0.39109674469929867,272.59475789984765,191.80341303369107,0.0,165.98383546312382,90.8128844990306,1.0,2,1.0,0.0,0.0,0.0,0.0,0.6035445398402568,0.0,0.325858206518239,100000000.0,0.10000000149011612,0.0,0.0,0.0,,-0.32121212121212117,0.0,0.2,1.0,0.0,80.79134486615658,,0.1659838354631238,0.1659838354631238,54,0.5265314466376105,191.80341303369104,1.0,False,0.12823594240213806,1.1810966774448248,0.22514122041704823,6,3.8,6.0,0.028041690049604995,2,85.99101560760126,0.9544300194615907,0.5516710873518368,,,,0.0,2,0.015666866034734994,0.0,0.0,0.0,0.0,0.0,0.0,0.0,0.0,0.0,0.0,0.0,0.0,0.0,0.10000000149011612,0.0,0.0,0.0,0.0,0.0,0.0,0.22673611342906952,0.0012351707767569071,0.01423611119389534,0.5026836742957433,0.20831589897473654,-0.0007486736964589605,True,0.028161479781071346,0.07373625909288724,0.3362720807393392,0.8948463698228201,0.792042742172877,1,1.333666980266571,0.49999964733918506,0.4999997317790985,1.333666980266571,1.6805329322814941,True,0.13862203061580658,-0.3109421730041504,-0.010736720429527224,3,1,6,1.5367188169620931,0.03009856111990909,0.4392361243565877,2.368704835573832,0.3487888028224309,0.9336709479490916,2.444312353928884,-0.02072478034016238,-0.032655258027821876,-1.3464951515197754,0.5953507423400879,-0.19170136749744415,0.042183902114629745,0.0011029718504180774,-1.2827792167663574,0.47523531317710876,-0.17244991660118103,0.03876612335443497,0.0044690932661302085,-1.4579018354415894,0.6589429378509521,-0.20423102378845215,0.048718083649873734,0.0,-0.1723201423883438,48,54,0.11063763126730919,0.29227817555268604,0.013337011138598124,0.9999999999999999,-0.14710988893263094,367001.6,3670016.0,3,,0,165.98383546312382,0.08125,3.862401568889618,90.8128844990306,10,2
127.54950236158535,5,0,0.6985589861869812,0.24005555841473913,254.28210668851082,167.1034233144337,0.0,193.24027357252407,127.54950236158538,1.0,2,1.0,0.0,0.0,0.0,0.0,0.4207370585255632,0.0,0.21648053743229942,100000000.0,0.10000000149011612,0.0,0.0,0.0,,-0.8181818181818182,0.0,0.6,3.0,0.0,87.17868337407708,,0.19324027357252407,0.19324027357252407,55,0.23670323544731262,167.1034233144337,1.0,False,0.1696504265103283,1.5625381724110554,0.15755319432960996,8,3.4,6.0,0.018965351472183655,2,107.00357758946986,0.6581368134264398,0.35965657993658035,,,,0.0,2,,,,,,,,,,,,,,,,,,,,,,,,,,,,,,,,,,,,,,,,,,,,,,,,,,,,,,,,,,,,,,,,,,,,,,,,,,,,,0.9999999999999999,-0.1814453500414262,445644.8,4456448.0,1,,0,193.24027357252407,0.0796875,3.744621956348419,127.54950236158538,10,2
167.8582801704874,0,1,0.7070871070027351,0.39170179521938986,386.2151364314456,291.0901396985252,0.0,234.93397415034678,167.85828017048738,1.0,2,1.0,0.0,0.0,0.0,0.0,0.48503901328095217,0.0,0.25514992727132707,100000000.0,0.10000000149011612,0.0,0.0,0.0,,-0.9878787878787878,0.0,0.8,4.0,0.0,95.12499673292041,,0.23493397415034678,0.23493397415034678,55,0.42334604550901644,291.0901396985252,1.0,False,0.22878131878235183,2.1071538167350483,0.20820561388516567,9,3.2,6.0,0.01347478278302922,2,140.18693567923927,0.8166285158020128,0.5184071304358596,,,,0.0,2,,,,,,,,,,,,,,,,,,,,,,,,,,,,,,,,,,,,,,,,,,,,,,,,,,,,,,,,,,,,,,,,,,,,,,,,,,,,,0.9999999999999999,-0.23185764646634932,484966.4,4849664.0,2,,0,234.93397415034678,0.0578125,3.9149650812149046,167.85828017048738,10,2
82.94175992178963,0,1,0.6845206953585148,0.24211735575115054,198.3773252842859,110.24123019631062,0.0,150.34673184546872,82.94175992178963,1.0,2,1.0,0.0,0.0,0.0,0.0,0.4401272576955422,0.0,0.24622643113245177,100000000.0,0.10000000149011612,0.0,0.0,0.0,,-0.9636363636363635,0.0,0.6,3.0,0.0,88.13609508797526,,0.15034673184546873,0.15034673184546873,55,0.24763394082148596,110.24123019631061,1.0,False,0.17082210078960897,1.5733296913283201,0.1772064006128851,8,4.2,5.2,0.0295779892948211,2,63.51154824304604,0.5841997876600963,0.42388570836928535,,,,0.0,2,,,,,,,,,,,,,,,,,,,,,,,,,,,,,,,,,,,,,,,,,,,,,,,,,,,,,,,,,,,,,,,,,,,,,,,,,,,,,0.9999999999999999,-0.16058441631753884,235929.6,2359296.0,3,,0,150.34673184546872,0.1078125,3.8095983147621153,82.94175992178963,10,2
44.55495908594992,1,1,0.7145749405026436,0.5991906572304418,264.7575864743449,203.1952313322582,0.0,106.11731422803668,44.55495908594992,1.0,2,1.0000000000000002,0.0,0.0,0.0,0.0,1.1883275395912885,0.0,0.3841922916361946,100000000.0,0.10000000149011612,0.0,-2.220446049250313e-16,2.220446049250313e-16,,-0.9999999999999999,0.0,0.8,4.0,0.0,88.68763782083988,,0.10611731422803668,0.10611731422803668,56,0.7807283232297164,203.1952313322582,1.0,False,0.22806924724438285,2.1005953955011574,0.45605525288504717,9,0.3,4.9,0.053155608371473706,2,29.80030405883394,0.9149072279153267,0.8533415185806922,,,,2.220446049250313e-16,2,,,,,,,,,,,,,,,,,,,,,,,,,,,,,,,,,,,,,,,,,,,,,,,,,,,,,,,,,,,,,,,,,,,,,,,,,,,,,0.9999999999999999,-0.16709328073621,96665.6,966656.0,1,,0,106.11731422803668,0.090625,3.766111212968826,44.55495908594992,10,2
133.2517120531338,1,1,0.7083606906235218,0.14768518577643433,230.932219668748,146.57931753200492,0.0,196.8269519052046,133.2517120531338,1.0,2,1.0,0.0,0.0,0.0,0.0,0.18648578187230197,0.0,0.10309890575391267,100000000.0,0.10000000149011612,0.0,0.0,0.0,,-0.8424242424242423,0.0,0.6,3.0,0.0,84.35290213674307,,0.1968269519052046,0.1968269519052046,56,0.09092418837303638,146.57931753200492,1.0,False,0.16161840701664595,1.488560538999893,0.130322788086454,8,3.0,4.0,0.07983042392280348,2,116.44152419094998,0.44222233950737583,0.20560740661433693,,,,0.0,2,,,,,,,,,,,,,,,,,,,,,,,,,,,,,,,,,,,,,,,,,,,,,,,,,,,,,,,,,,,,,,,,,,,,,,,,,,,,,0.8424242424242423,-0.1792226794609253,524288.0,5242880.0,2,,0,196.8269519052046,0.065625,3.885270726680756,133.2517120531338,10,2
107.64519176197601,2,0,0.7158583030104637,0.5108966434377921,354.9923583450046,289.00959608650476,0.0,173.6279540204759,107.64519176197604,1.0,2,1.0,0.0,0.0,0.0,0.0,0.9015146866747471,0.0,0.46349571669035583,100000000.0,0.10000000149011612,0.0,0.0,0.0,,-0.35757575757575755,0.0,0.2,1.0,0.0,76.63334207609296,,0.17362795402047587,0.17362795402047587,56,0.6275376554287275,289.00959608650476,1.0,False,0.12719109845850068,1.1714733090883267,0.26848351640782986,6,3.8,6.0,0.0241494063808599,2,105.77607176347274,0.9897992465876054,0.6340049839320476,,,,0.0,2,,,,,,,,,,,,,,,,,,,,,,,,,,,,,,,,,,,,,,,,,,,,,,,,,,,,,,,,,,,,,,,,,,,,,,,,,,,,,0.9999999999999999,-0.15040952623948828,498073.6,4980736.0,3,,0,173.62795402047587,0.0859375,3.84669429063797,107.64519176197602,10,2
233.68197921137732,0,1,0.7945899851620197,0.16819940242898665,395.85481838194005,300.2645231118547,0.0,329.27227448146266,233.68197921137735,1.0,2,1.0,0.0,0.0,0.0,0.0,0.19419225984939323,0.0,0.11070620756485579,100000000.0,0.10000000149011612,0.0,0.0,0.0,,-0.9999999999999999,0.0,0.0,0.0,0.0,95.59029527008533,,0.3292722744814627,0.3292722744814627,57,0.22174628960636159,300.2645231118547,1.0,False,0.0693422136440747,0.3193326949041095,0.12849280210873687,10,2.0,6.0,0.07114234970801978,1,233.68197921137732,1.0,0.22174628960636159,,,,0.0,1,,,,,,,,,,,,,,,,,,,,,,,,,,,,,,,,,,,,,,,,,,,,,,,,,,,,,,,,,,,,,,,,,,,,,,,,,,,,,0.9999999999999999,-0.19930724406276867,1048576.0,10485760.0,1,,0,329.27227448146266,0.1109375,3.7784330248832703,233.68197921137738,10,1
233.57246043435134,0,1,0.7233759388327599,0.22752254031062769,426.08973124543195,330.51747848758464,0.0,329.14471319219865,233.57246043435134,1.0,2,0.9999999999999999,0.0,0.0,0.0,0.0,0.16081080336764972,0.0,0.0798561151562897,100000000.0,0.10000000149011612,0.0,1.1102230246251565e-16,0.0,,-0.9999999999999999,0.0,0.0,0.0,0.0,95.57225275784731,,0.32914471319219873,0.32914471319219873,57,0.2933128332481662,330.51747848758464,1.0,False,0.056043283550621985,0.2580888585322012,0.14150532895571435,10,2.0,3.0,0.0779676288609163,1,233.57246043435134,1.0,0.2933128332481662,,,,0.0,1,,,,,,,,,,,,,,,,,,,,,,,,,,,,,,,,,,,,,,,,,,,,,,,,,,,,,,,,,,,,,,,,,,,,,,,,,,,,,0.9999999999999999,-0.19259399837141036,1048576.0,10485760.0,2,,0,329.1447131921987,0.09375,3.8987184166908264,233.5724604343514,10,1
49.930871923683206,6,1,0.6772298365831375,0.25416705948000345,152.8170348317991,88.77192830533485,0.0,113.97597845014745,49.93087192368321,1.0,2,1.0,0.0,0.0,0.0,0.0,0.3222928738049214,0.0,0.1686670882252663,100000000.0,0.10000000149011612,0.0,0.0,0.0,,-0.9030303030303028,0.0,0.4,2.0,0.0,79.82220454141498,,0.11397597845014745,0.11397597845014745,57,0.43753759913895485,88.77192830533484,1.0,False,0.14811793727747072,1.3642166175205248,0.1777896617567949,7,4.7,6.0,0.06712383293781277,2,40.754116610031254,0.8088885147061066,0.5409121172871707,,,,0.0,2,,,,,,,,,,,,,,,,,,,,,,,,,,,,,,,,,,,,,,,,,,,,,,,,,,,,,,,,,,,,,,,,,,,,,,,,,,,,,0.9999999999999999,-0.1310469578638091,170393.6,1703936.0,3,,0,113.97597845014745,0.090625,3.829518270492554,49.93087192368321,10,2
52.97755625129557,0,1,0.6825090385973454,0.09340786503824593,129.68800714831724,60.82362307776505,0.0,117.57412727952816,52.977556251295574,1.0,2,1.0,0.0,0.0,0.0,0.0,0.22321725415813554,0.0,0.12361353160299235,100000000.0,0.10000000149011612,0.0,0.0,0.0,,-0.9636363636363635,0.0,0.6,3.0,0.0,85.54262761026621,,0.11757412727952815,0.11757412727952815,58,0.1289970315717302,60.82362307776504,1.0,False,0.17318093688899636,1.5950553746853826,0.13781864724995632,8,4.8,5.8,0.07621301620020565,2,36.729991319375806,0.32564898912500095,0.39612292953322953,,,,0.0,2,,,,,,,,,,,,,,,,,,,,,,,,,,,,,,,,,,,,,,,,,,,,,,,,,,,,,,,,,,,,,,,,,,,,,,,,,,,,,0.9030303030303028,-0.14537753208426224,157286.4,1572864.0,1,,0,117.57412727952816,0.075,3.7801586031913756,52.977556251295574,10,2
95.21892212889388,0,1,0.7329131476581097,0.28637301908934854,221.84818672195848,124.9986199307519,0.0,158.3168517108937,95.2189221288939,1.0,2,1.0000000000000002,0.0,0.0,0.0,0.0,0.4167242805336149,0.0,0.2012785847403957,100000000.0,0.10000000149011612,0.0,-2.220446049250313e-16,2.220446049250313e-16,,-0.9878787878787878,0.0,0.8,4.0,0.0,96.8495667912066,,0.1583168517108937,0.1583168517108937,58,0.23824021271879403,124.9986199307519,1.0,False,0.2085354797912006,1.9206827485103184,0.20335796528848563,9,4.1,6.0,0.02583821675567489,2,62.33936703775751,0.47526416972628055,0.5012795575479717,,,,2.220446049250313e-16,2,,,,,,,,,,,,,,,,,,,,,,,,,,,,,,,,,,,,,,,,,,,,,,,,,,,,,,,,,,,,,,,,,,,,,,,,,,,,,0.9999999999999999,-0.18342616575104737,249036.8,2490368.0,2,,0,158.3168517108937,0.103125,3.867837685346603,95.2189221288939,10,2
255.31815774176152,2,1,0.7005380466580391,0.30987297688678167,523.0024511970795,417.3824842132842,0.0,360.9381247255567,255.31815774176152,1.0,2,1.0,0.0,0.0,0.0,0.0,0.284444465426609,0.0,0.1435681678096315,100000000.0,0.10000000149011612,0.0,0.0,0.0,,-0.9999999999999999,0.0,0.0,0.0,0.0,105.61996698379517,,0.3609381247255567,0.3609381247255567,58,0.3882873206262942,417.38248421328416,1.0,False,0.05917326419449009,0.2725029520760624,0.16347544095764655,10,2.0,4.0,0.07758808402217,1,255.31815774176152,1.0,0.3882873206262942,,,,0.0,1,,,,,,,,,,,,,,,,,,,,,,,,,,,,,,,,,,,,,,,,,,,,,,,,,,,,,,,,,,,,,,,,,,,,,,,,,,,,,0.9999999999999999,-0.2100556944600234,1048576.0,10485760.0,3,,0,360.9381247255567,0.1078125,3.8265457153320312,255.31815774176152,10,1
240.26088326368682,7,0,0.6850799545645714,0.20279169614467235,377.998995296525,278.26814509915016,0.0,301.34393789936064,240.26088326368685,1.0,2,1.0,0.0,0.0,0.0,0.0,0.3281572167859617,0.0,0.15484913796545874,100000000.0,0.10000000149011612,0.0,0.0,0.0,,-0.9636363636363635,0.0,0.8,4.0,0.0,99.73085019737482,,0.30134393789936065,0.30134393789936065,59,0.1365850260076334,278.26814509915016,1.0,False,0.22628752393012144,2.0841851173281243,0.1380208736798238,9,2.3,6.0,0.010516894311355007,2,202.019542483275,0.49846502796826486,0.2740112512293022,,,,0.0,2,,,,,,,,,,,,,,,,,,,,,,,,,,,,,,,,,,,,,,,,,,,,,,,,,,,,,,,,,,,,,,,,,,,,,,,,,,,,,0.9999999999999999,-0.26381573091474103,956825.6,9568256.0,1,,0,301.34393789936064,0.09375,3.8206387519836427,240.26088326368685,10,2
48.13212582404282,0,0,0.913016963750124,0.05712070773288818,120.65388285710391,48.04560669302572,0.0,113.76204767758514,48.13212582404282,1.0,2,1.0,0.0,0.0,0.0,0.0,0.23016884145475225,0.0,0.12439965947054002,100000000.0,0.10000000149011612,0.0,0.0,0.0,,-0.3939393939393939,0.0,0.4,2.0,0.0,89.3275267444551,,0.11376204767758515,0.11376204767758515,59,-0.0018007709127265369,48.04560669302572,1.0,False,0.14542294710959475,1.3393948407752578,0.1282053214727624,7,5.0,6.0,0.05577284799475656,2,29.595231706007958,-0.004689288487522752,0.38401794163827285,,,,0.0,2,,,,,,,,,,,,,,,,,,,,,,,,,,,,,,,,,,,,,,,,,,,,,,,,,,,,,,,,,,,,,,,,,,,,,,,,,,,,,0.3939393939393939,-0.12959249739358994,131072.0,1310720.0,2,,0,113.76204767758514,0.1125,3.874571180343628,48.13212582404282,10,2
63.75235704824534,0,1,0.8837576024234295,0.2992740733762591,191.78505825424423,121.14865264469616,0.0,134.38876265779342,63.75235704824534,1.0,2,1.0,0.0,0.0,0.0,0.0,0.6092775911047238,0.0,0.3131708173591167,100000000.0,0.10000000149011612,0.0,0.0,0.0,,-0.6848484848484848,0.0,0.2,1.0,0.0,82.41244684904814,,0.13438876265779343,0.13438876265779343,59,0.4737675107686276,121.14865264469614,1.0,False,0.13055578817210697,1.2024632465967275,0.19003007614764034,6,4.2,5.2,0.04608485457056242,2,60.15415172712338,0.941007709432945,0.5034682564440645,,,,0.0,2,,,,,,,,,,,,,,,,,,,,,,,,,,,,,,,,,,,,,,,,,,,,,,,,,,,,,,,,,,,,,,,,,,,,,,,,,,,,,0.9999999999999999,-0.1324722754149502,288358.4,2883584.0,3,,0,134.38876265779342,0.0859375,3.9546624660491942,63.75235704824534,10,2
102.80558872195874,0,1,0.9099193848669529,0.37094155201050866,268.558501693264,172.70627474303578,0.0,168.93899426954783,102.80558872195877,1.0,2,1.0,0.0,0.0,0.0,0.0,0.5447925546690641,0.0,0.28092979800552265,100000000.0,0.10000000149011612,0.0,0.0,0.0,,-0.6848484848484848,0.0,0.6,3.0,0.0,95.85222695022821,,0.16893899426954784,0.16893899426954784,60,0.40473738504915374,172.70627474303575,1.0,False,0.1945009477869347,1.7914199317896364,0.23630306973145182,8,4.2,6.0,0.028233818292718985,2,75.3395156960989,0.7179111917177042,0.5637708253032833,,,,0.0,2,,,,,,,,,,,,,,,,,,,,,,,,,,,,,,,,,,,,,,,,,,,,,,,,,,,,,,,,,,,,,,,,,,,,,,,,,,,,,0.9999999999999999,-0.18171997102824128,235929.6,2359296.0,1,0.0640625,0,168.93899426954783,0.0765625,3.7795529842376707,102.80558872195876,10,2
56.12532291834673,0,0,1.0232049971818924,0.0630520191397284,132.8983141920559,37.062019842772905,0.0,124.51880714198074,56.12532291834673,1.0,2,1.0,0.0,0.0,0.0,0.0,0.2698587510796975,0.0,0.143214211635143,100000000.0,0.10000000149011612,0.0,0.0,0.0,,-0.8181818181818182,0.0,0.6,3.0,0.0,95.83629434928298,,0.12451880714198074,0.12451880714198074,60,-0.5143622273272075,37.062019842772905,1.0,False,0.16199389108940832,1.4920188751142904,0.12921468948915962,8,5.0,6.0,0.04059784583712101,2,31.527699116860965,-3.4445605919293025,0.14932593391806545,,,,0.0,2,,,,,,,,,,,,,,,,,,,,,,,,,,,,,,,,,,,,,,,,,,,,,,,,,,,,,,,,,,,,,,,,,,,,,,,,,,,,,0.8181818181818182,-0.14325634911569451,131072.0,1310720.0,2,0.0640625,0,124.51880714198074,0.1171875,3.8149689435958862,56.125322918346725,10,2
247.71952280554635,4,1,0.9075580164790154,0.33747416697514243,480.37745838466986,381.53676118183836,0.0,318.26247578266725,247.71952280554635,1.0,2,1.0,0.0,0.0,0.0,0.0,0.38612239589029274,0.0,0.213035685359433,100000000.0,0.10000000149011612,0.0,0.0,0.0,,-0.8545454545454544,0.0,0.6,3.0,0.0,98.8406972028315,,0.3182624757826672,0.3182624757826672,60,0.35073222816533645,381.53676118183836,1.0,False,0.15029910841627558,1.3843059461184484,0.17388281311511555,8,1.4,5.2,0.03762388167722613,2,221.81215932256066,0.8377997930099029,0.41863489474649557,,,,0.0,2,,,,,,,,,,,,,,,,,,,,,,,,,,,,,,,,,,,,,,,,,,,,,,,,,,,,,,,,,,,,,,,,,,,,,,,,,,,,,0.9999999999999999,-0.2342807920994714,943718.4,9437184.0,3,0.0640625,0,318.2624757826672,0.065625,3.8926989078521728,247.71952280554635,10,2
53.083097868877026,0,1,0.8916417136788368,0.10317720488569618,134.2460330696135,38.70147086021595,0.0,120.39490261049804,53.083097868877026,1.0,2,1.0,0.0,0.0,0.0,0.0,0.28547921489780426,0.0,0.1516037398174589,100000000.0,0.10000000149011612,0.0,0.0,0.0,,-0.5030303030303029,0.0,0.6,3.0,0.0,95.54456220939755,,0.12039490261049804,0.12039490261049804,61,-0.3716041455014827,38.70147086021595,1.0,False,0.19412263742224126,1.7879355645645634,0.155738192055116,8,5.0,6.0,0.05243081567231542,2,27.85801835640266,-1.3262959379038668,0.2801819223609938,,,,0.0,2,,,,,,,,,,,,,,,,,,,,,,,,,,,,,,,,,,,,,,,,,,,,,,,,,,,,,,,,,,,,,,,,,,,,,,,,,,,,,0.5030303030303029,-0.15725877001636965,131072.0,1310720.0,1,,0,120.39490261049804,0.05625,3.952201509475708,53.083097868877026,10,2
94.20991393497884,0,1,0.9397943504154682,0.4301563949956803,300.85071764655777,223.62277406968545,0.0,171.4378575118512,94.20991393497886,1.0,2,1.0000000000000002,0.0,0.0,0.0,0.0,0.6409660850068294,0.0,0.3495949443882622,100000000.0,0.10000000149011612,0.0,-2.220446049250313e-16,2.220446049250313e-16,,-0.5030303030303029,0.0,0.0,0.0,0.0,84.85690271481872,,0.1714378575118512,0.1714378575118512,61,0.5787105569774342,223.62277406968542,1.0,False,0.13271180205759378,1.222320868328768,0.23736649862988293,5,4.0,5.0,0.030563536752986068,2,92.45490708903345,0.9866201464859968,0.5865586254635111,,,,2.220446049250313e-16,2,,,,,,,,,,,,,,,,,,,,,,,,,,,,,,,,,,,,,,,,,,,,,,,,,,,,,,,,,,,,,,,,,,,,,,,,,,,,,0.9999999999999999,-0.1520748297847227,327680.0,3276800.0,2,,0,171.4378575118512,0.06875,3.9804773330688477,94.20991393497886,10,2
219.20329922550061,0,1,0.9335950016975403,0.48156852919104404,603.9926091062717,510.06713163506913,0.3,313.12877669670326,219.20329922550061,1.0,2,1.0,0.0,0.0,0.0,0.0,0.72705782261524,0.3,0.4050761974931129,100000000.0,0.10000000149011612,0.0,0.0,0.0,,-0.8528249356043898,0.0,0.4,2.0,0.0,93.92547747120261,,0.3131287766967032,0.3131287766967032,61,0.5702461781396825,510.06713163506913,1.0,False,0.15063997089351974,1.387445405553902,0.23269135703580296,7,1.4,4.5,0.01,2,219.20329922550061,1.0,0.5702461781396825,,,,0.0,2,,,,,,,,,,,,,,,,,,,,,,,,,,,,,,,,,,,,,,,,,,,,,,,,,,,,,,,,,,,,,,,,,,,,,,,,,,,,,0.9878044218151566,-0.23188437379511145,748748.8,7487488.0,3,,0,313.1287766967032,0.06875,4.019759857654572,219.2032992255006,10,2
45.22230379310777,9,1,1.0170401073992252,0.15274169591562337,144.52727729843906,67.29764523373892,0.0,122.45193585780791,45.22230379310776,1.0,2,1.0,0.0,0.0,0.0,0.0,0.2726944897908941,0.0,0.1496957378438595,100000000.0,0.10000000149011612,0.0,0.0,0.0,,-0.8181818181818182,0.0,0.2,1.0,0.0,90.88676376268268,,0.1224519358578079,0.1224519358578079,62,0.32802546603166916,67.29764523373892,1.0,False,0.15159790144219573,1.3962682719599218,0.14881516329116257,6,4.6,5.6,0.06940510498392195,2,38.65256669399979,0.7706504071897087,0.4256475607764392,,,,0.0,2,,,,,,,,,,,,,,,,,,,,,,,,,,,,,,,,,,,,,,,,,,,,,,,,,,,,,,,,,,,,,,,,,,,,,,,,,,,,,0.9999999999999999,-0.13702491865000183,183500.8,1835008.0,1,,0,122.45193585780791,0.0890625,3.813027560710907,45.22230379310777,10,2
98.01136568401803,0,1,0.9252880699932575,0.21128543028454122,221.2533726692606,144.7589797303487,0.0,174.50575862292993,98.01136568401803,1.0,2,1.0,0.0,0.0,0.0,0.0,0.26887277736719595,0.0,0.15297987765455837,100000000.0,0.10000000149011612,0.0,0.0,0.0,,-0.309090909090909,0.0,0.2,1.0,0.0,89.01594066992402,,0.17450575862292994,0.17450575862292994,62,0.32293412217611844,144.7589797303487,1.0,False,0.13029596954962328,1.2000702286486749,0.14769611536384653,6,3.6,5.0,0.06155549573948453,2,91.94066065026867,0.8850644030427149,0.3648707608914343,,,,0.0,2,,,,,,,,,,,,,,,,,,,,,,,,,,,,,,,,,,,,,,,,,,,,,,,,,,,,,,,,,,,,,,,,,,,,,,,,,,,,,0.9999999999999999,-0.15240086408627662,367001.6,3670016.0,2,,0,174.50575862292993,0.1140625,3.731377732753754,98.01136568401803,10,2
173.056752647452,0,1,0.7198182865977287,0.3543936761185172,364.97403031816015,302.4012409396959,0.0,235.62954202591624,173.056752647452,1.0,2,1.0,0.0,0.0,0.0,0.0,0.34656685070009785,0.0,0.18454821346125072,100000000.0,0.10000000149011612,0.0,0.0,0.0,,-0.9636363636363635,0.0,0.8,4.0,0.0,101.49940056726336,,0.23562954202591624,0.23562954202591624,62,0.42772472722106814,302.4012409396959,1.0,False,0.23675884589813234,2.1806295567980563,0.17474108135828836,9,2.9,4.1,0.06260950421216002,2,140.93221959139726,0.8010483200566373,0.5339562127673226,,,,0.0,2,,,,,,,,,,,,,,,,,,,,,,,,,,,,,,,,,,,,,,,,,,,,,,,,,,,,,,,,,,,,,,,,,,,,,,,,,,,,,0.9999999999999999,-0.2361941939620243,576716.8,5767168.0,3,,0,235.62954202591624,0.11875,3.788177955150604,173.05675264745202,10,2
259.0400067283744,3,0,0.7227431051433086,0.19959959761102286,402.98441565908695,310.93207747988606,0.0,322.54888845002,259.0400067283744,1.0,2,1.0,0.0,0.0,0.0,0.0,0.24055628808578425,0.0,0.13712602488607187,100000000.0,0.10000000149011612,0.0,0.0,0.0,,-0.9999999999999999,0.0,0.6,3.0,0.0,92.05233817920089,,0.32254888845002,0.32254888845002,63,0.166891982236437,310.932077479886,1.0,False,0.15207586448560334,1.4006704742749316,0.13489662952202983,8,1.0,3.8,0.06660461802725295,2,234.3337524725736,0.6774569906921301,0.24635066805632974,,,,0.0,2,,,,,,,,,,,,,,,,,,,,,,,,,,,,,,,,,,,,,,,,,,,,,,,,,,,,,,,,,,,,,,,,,,,,,,,,,,,,,0.9999999999999999,-0.23731237646781167,1048576.0,10485760.0,1,,0,322.54888845002,0.115625,3.7396143794059755,259.04000672837435,10,2
129.4348745419009,3,1,0.7186387665569782,0.35093680713708814,300.1068094308242,213.74628083135335,0.0,194.7882839290722,129.4348745419009,1.0,2,1.0,0.0,0.0,0.0,0.0,0.6090457211998984,0.0,0.34376109506209745,100000000.0,0.10000000149011612,0.0,0.0,0.0,,-0.7333333333333332,0.0,0.4,2.0,0.0,86.36052859947085,,0.19478828392907221,0.19478828392907221,63,0.3944461908835479,213.74628083135335,1.0,False,0.12353282909318467,1.1377794030613928,0.19713244102637945,7,3.6,5.3,0.01865340024272361,2,109.85504387377225,0.8115353013255282,0.48604933172873166,,,,0.0,2,,,,,,,,,,,,,,,,,,,,,,,,,,,,,,,,,,,,,,,,,,,,,,,,,,,,,,,,,,,,,,,,,,,,,,,,,,,,,0.9999999999999999,-0.15916055651112843,406323.2,4063232.0,2,,0,194.7882839290722,0.09375,3.7686233162879943,129.43487454190094,10,2
124.94209331845099,1,1,0.7212082855403423,0.18864553559064295,232.36572021653984,142.02263044228886,0.0,188.53096447338518,124.94209331845099,1.0,2,1.0,0.0,0.0,0.0,0.0,0.41342573521510084,0.0,0.21787135089963458,100000000.0,0.10000000149011612,0.0,0.0,0.0,,-0.6848484848484848,0.0,0.6,3.0,0.0,90.34308977425098,,0.1885309644733852,0.1885309644733852,63,0.12026630594466119,142.02263044228886,1.0,False,0.1628845122464823,1.500221799113425,0.14464375655086995,8,3.4,5.2,0.020641831147782137,2,99.46874886316748,0.40138611308770134,0.2996274709643068,,,,0.0,2,,,,,,,,,,,,,,,,,,,,,,,,,,,,,,,,,,,,,,,,,,,,,,,,,,,,,,,,,,,,,,,,,,,,,,,,,,,,,0.9999999999999999,-0.17570773835993375,445644.8,4456448.0,3,,0,188.53096447338518,0.1171875,3.7505078434944155,124.94209331845099,10,2
123.56043622512988,2,1,0.7177009247243404,0.3007549354032867,268.3732093503115,178.9470923324463,0.0,187.65864210818583,123.56043622512988,1.0,2,1.0,0.0,0.0,0.0,0.0,0.4573926293407555,0.0,0.24394599869598554,100000000.0,0.10000000149011612,0.0,0.0,0.0,,-0.8181818181818182,0.0,0.6,3.0,0.0,89.42611701786518,,0.18765864210818584,0.18765864210818584,64,0.3095141440153694,178.94709233244626,1.0,False,0.16362766388875497,1.5070664786867494,0.18216684562257973,8,3.4,4.4,0.02241589310200573,2,99.3689795015144,0.6960036389024257,0.4447019048685763,,,,0.0,2,,,,,,,,,,,,,,,,,,,,,,,,,,,,,,,,,,,,,,,,,,,,,,,,,,,,,,,,,,,,,,,,,,,,,,,,,,,,,0.9999999999999999,-0.1756431529984704,445644.8,4456448.0,1,,0,187.65864210818583,0.10625,3.69127836227417,123.56043622512989,10,2
66.59063860384808,7,1,0.7099928334355354,0.3870463895392193,212.8549885592504,122.69616561299993,0.0,130.47023374198068,66.59063860384808,1.0,2,1.0,0.0,0.0,0.0,0.0,0.7170463430153569,0.0,0.28075524578581795,100000000.0,0.10000000149011612,0.0,0.0,0.0,,-0.5636363636363636,0.0,0.8,4.0,0.0,90.15882294625044,,0.1304702337419807,0.1304702337419807,64,0.4572720486320344,122.69616561299992,1.0,False,0.2085354797912006,1.9206827485103184,0.30437080516664994,9,4.8,6.0,0.062192969918248825,2,44.05887301943382,0.7134722618075263,0.6409107587078037,,,,0.0,2,,,,,,,,,,,,,,,,,,,,,,,,,,,,,,,,,,,,,,,,,,,,,,,,,,,,,,,,,,,,,,,,,,,,,,,,,,,,,0.9999999999999999,-0.16950285676659066,170393.6,1703936.0,2,,0,130.47023374198068,0.1,3.8246550977230074,66.59063860384808,10,2
166.63599632236338,0,1,0.730584841221571,0.4769645878528386,503.76164015110413,406.9124593931047,0.0,263.4851770803628,166.63599632236338,1.0,2,0.9999999999999999,0.0,0.0,0.0,0.0,0.5270365212564925,0.0,0.2332487796287622,100000000.0,0.10000000149011612,0.0,1.1102230246251565e-16,0.0,,-0.9999999999999999,0.0,0.0,0.0,0.0,96.84918075799942,,0.2634851770803628,0.2634851770803628,64,0.5904868664604298,406.91245939310465,1.0,False,0.05917326419449009,0.2725029520760624,0.24419241242805534,10,3.0,6.0,0.05570865209900041,1,166.63599632236335,0.9999999999999999,0.5904868664604299,,,,0.0,1,,,,,,,,,,,,,,,,,,,,,,,,,,,,,,,,,,,,,,,,,,,,,,,,,,,,,,,,,,,,,,,,,,,,,,,,,,,,,0.9999999999999999,-0.16132922063742644,524288.0,5242880.0,3,,0,263.4851770803628,0.0890625,3.8052886724472046,166.63599632236338,10,1
130.8525771656466,0,1,0.7461672648787498,0.5182523687339499,409.91259263246474,323.6265009210926,0.2,197.47442052681524,130.8525771656466,1.0,2,1.0,0.0,0.0,0.0,0.0,0.7333752746216389,0.2,0.34602604276591026,100000000.0,0.10000000149011612,0.0,0.0,0.0,,-0.32218993815043423,0.0,0.6,3.0,0.0,86.28609171137214,,0.19747442052681527,0.19747442052681527,65,0.5956679172032595,323.6265009210926,1.0,False,0.17826361945571625,1.6418686111275824,0.29106157486930734,8,2.4,4.4,0.01,2,111.46187146735936,0.9086053799438055,0.6555848450293127,,,,0.0,2,,,,,,,,,,,,,,,,,,,,,,,,,,,,,,,,,,,,,,,,,,,,,,,,,,,,,,,,,,,,,,,,,,,,,,,,,,,,,0.9969650916353059,-0.18786901999126576,429260.8,4292608.0,1,,0,197.47442052681527,0.1125,3.730862045288086,130.8525771656466,10,2
131.5265336033568,3,1,0.762611161917448,0.35930256495688223,344.94001597359477,255.46436609893735,0.1,221.00218347801422,131.52653360335682,1.0,2,1.0,0.0,0.0,0.0,0.0,0.5141880905214319,0.1,0.27447847425417754,100000000.0,0.10000000149011612,0.0,0.0,0.0,,-0.9999999999999999,0.0,0.8,4.0,0.0,89.47564987465739,,0.2210021834780142,0.2210021834780142,65,0.48514724142615384,255.4643660989373,1.0,False,0.18680712463321103,1.72055720178205,0.19423028882471619,9,2.7,4.2,0.01,2,131.5265336033568,1.0,0.48514724142615384,,,,0.0,2,,,,,,,,,,,,,,,,,,,,,,,,,,,,,,,,,,,,,,,,,,,,,,,,,,,,,,,,,,,,,,,,,,,,,,,,,,,,,0.9999999999999999,-0.20390465405561262,476774.4,4767744.0,2,,0,221.0021834780142,0.1,3.8473764598369598,131.5265336033568,10,2
84.65711598047776,0,0,0.7294323295354843,0.22481152941528057,195.45442906488552,117.72862325702683,0.0,151.51401993581814,84.65711598047774,1.0,2,1.0000000000000002,0.0,0.0,0.0,0.0,0.5818170593427391,0.0,0.30189794471873843,100000000.0,0.10000000149011612,0.0,-2.220446049250313e-16,2.220446049250313e-16,,-0.7939393939393938,0.0,0.2,1.0,0.0,77.7258058078587,,0.15151401993581814,0.15151401993581814,65,0.2809130554796931,117.72862325702683,1.0,False,0.1379656702723631,1.2707107828563002,0.15954935981086132,6,3.8,5.4,0.025380489404430245,2,75.05935355928014,0.7750661661381923,0.36243751534060253,,,,2.220446049250313e-16,2,,,,,,,,,,,,,,,,,,,,,,,,,,,,,,,,,,,,,,,,,,,,,,,,,,,,,,,,,,,,,,,,,,,,,,,,,,,,,0.9999999999999999,-0.14473984510409083,367001.6,3670016.0,3,,0,151.51401993581814,0.103125,3.8125197529792785,84.65711598047774,10,2
34.49375459162523,0,1,0.7279748097062111,0.14255741287766513,146.4648851447939,55.37340969529141,0.0,125.5852300411277,34.49375459162523,1.0,2,1.0000000000000002,0.0,0.0,0.0,0.0,0.24155342276280292,0.0,0.1243094824158721,100000000.0,0.10000000149011612,0.0,-2.220446049250313e-16,2.220446049250313e-16,,-0.9999999999999999,0.0,0.0,0.0,0.0,91.09147544950247,,0.1255852300411277,0.1255852300411277,66,0.3770700633853442,55.3734096952914,1.0,False,0.0693422136440747,0.3193326949041095,0.16053169726190247,10,5.0,6.0,0.07463578278435921,1,34.49375459162524,1.0000000000000002,0.3770700633853441,,,,2.220446049250313e-16,1,,,,,,,,,,,,,,,,,,,,,,,,,,,,,,,,,,,,,,,,,,,,,,,,,,,,,,,,,,,,,,,,,,,,,,,,,,,,,0.9999999999999999,-0.09746372184260142,131072.0,1310720.0,1,,0,125.5852300411277,0.1109375,3.6782448291778564,34.49375459162523,10,1
133.8573583546539,0,1,0.7232390344142914,0.29967146746451273,282.9968608527944,199.26320394347766,0.0,198.190776273187,133.8573583546539,1.0,2,1.0,0.0,0.0,0.0,0.0,0.4599624144182686,0.0,0.2514016150991273,100000000.0,0.10000000149011612,0.0,0.0,0.0,,-0.7939393939393938,0.0,0.6,3.0,0.0,83.73365690931678,,0.198190776273187,0.198190776273187,66,0.3282384519290203,199.26320394347766,1.0,False,0.16429161047418162,1.51318165272734,0.17409419794150222,8,3.4,5.2,0.019265799278063225,2,115.31103533601677,0.7790846463376659,0.42131295164396976,,,,0.0,2,,,,,,,,,,,,,,,,,,,,,,,,,,,,,,,,,,,,,,,,,,,,,,,,,,,,,,,,,,,,,,,,,,,,,,,,,,,,,0.9999999999999999,-0.18124119337368433,445644.8,4456448.0,2,,0,198.19077627318703,0.103125,3.6738351821899413,133.85735835465394,10,2
115.26751984402152,3,1,0.9152768179774284,0.3175766190498996,269.46421040928345,184.3008820783196,0.0,183.88867751255248,115.26751984402152,1.0,2,0.9999999999999999,0.0,0.0,0.0,0.0,0.5899865395964422,0.0,0.33027915487708237,100000000.0,0.10000000149011612,0.0,1.1102230246251565e-16,0.0,,-0.9030303030303028,0.0,0.4,2.0,0.0,85.16332833096385,,0.18388867751255247,0.18388867751255247,66,0.3745688108262119,184.3008820783196,1.0,False,0.15453948147666344,1.4233612253087788,0.18668040539348135,7,3.6,5.3,0.019494325495394874,2,99.80803489228491,0.8170320273656038,0.4584505848980638,,,,0.0,2,,,,,,,,,,,,,,,,,,,,,,,,,,,,,,,,,,,,,,,,,,,,,,,,,,,,,,,,,,,,,,,,,,,,,,,,,,,,,0.9999999999999999,-0.16921407949460796,406323.2,4063232.0,3,,0,183.88867751255248,0.0859375,3.8900085747241975,115.26751984402152,10,2
64.49733940813222,2,0,1.0061049833893776,0.23109010791433165,179.7641062041117,106.03904610996379,0.0,138.22239950228015,64.49733940813222,1.0,2,1.0,0.0,0.0,0.0,0.0,0.5076145603820049,0.0,0.2722964798080905,100000000.0,0.10000000149011612,0.0,0.0,0.0,,-0.6363636363636362,0.0,0.4,2.0,0.0,91.88517834991217,,0.13822239950228016,0.13822239950228016,67,0.3917585854059108,106.03904610996379,1.0,False,0.1558952477130002,1.4358482938102737,0.16440840363811,7,4.4,6.0,0.04857383174332248,2,54.859909866146744,0.8116922197343692,0.48264425342664485,,,,0.0,2,,,,,,,,,,,,,,,,,,,,,,,,,,,,,,,,,,,,,,,,,,,,,,,,,,,,,,,,,,,,,,,,,,,,,,,,,,,,,0.9636363636363635,-0.14705882360764017,249036.8,2490368.0,1,,0,138.22239950228015,0.075,3.7778586983680724,64.4973394081322,10,2
125.18682775941915,0,1,0.9241709485650063,0.262443917819609,267.6785147197021,171.70955766061675,0.0,197.4279166005296,125.18682775941915,1.0,2,1.0,0.0,0.0,0.0,0.0,0.3057303443477895,0.0,0.15703318979320569,100000000.0,0.10000000149011612,0.0,0.0,0.0,,-0.23636363636363633,0.0,0.6,3.0,0.0,95.96895705908537,,0.1974279166005296,0.1974279166005296,67,0.2709384994931359,171.70955766061675,1.0,False,0.1641882030790577,1.5122292354212696,0.16924040857177955,8,3.2,6.0,0.04834661005891101,2,104.06829374156477,0.687786229968626,0.393928356933658,,,,0.0,2,,,,,,,,,,,,,,,,,,,,,,,,,,,,,,,,,,,,,,,,,,,,,,,,,,,,,,,,,,,,,,,,,,,,,,,,,,,,,0.9999999999999999,-0.18080805983979364,471859.2,4718592.0,2,,0,197.4279166005296,0.10625,3.793106734752655,125.18682775941915,10,2
81.17838408415874,7,1,0.7313713431358337,0.36975025578287113,241.54463559753702,158.41734186179445,0.0,152.2334448023673,81.17838408415874,1.0,2,1.0,0.0,0.0,0.0,0.0,0.6319775288482238,0.0,0.3474734147782406,100000000.0,0.10000000149011612,0.0,0.0,0.0,,-0.7818181818181817,0.0,0.2,1.0,0.0,83.12729373574257,,0.1522334448023673,0.1522334448023673,67,0.4875663034733917,158.41734186179445,1.0,False,0.1344753855783814,1.23856407282963,0.22923768639504388,6,4.4,6.0,0.032716348487170484,2,71.13317214614305,0.884913702327234,0.550976103309443,,,,0.0,2,,,,,,,,,,,,,,,,,,,,,,,,,,,,,,,,,,,,,,,,,,,,,,,,,,,,,,,,,,,,,,,,,,,,,,,,,,,,,0.9999999999999999,-0.14335441519037434,209715.2,2097152.0,3,,0,152.2334448023673,0.1265625,3.744711458683014,81.17838408415875,10,2
102.66235858050491,0,1,0.7166038267314434,0.6229384765606516,466.2349290092495,393.0980349768904,0.0,175.79925261286405,102.66235858050493,1.0,2,1.0,0.0,0.0,0.0,0.0,1.0324123667175065,0.0,0.47209252914683814,100000000.0,0.10000000149011612,0.0,0.0,0.0,,-0.22424242424242422,0.0,0.0,0.0,0.0,76.44713949412107,,0.17579925261286405,0.17579925261286405,68,0.7388377721436835,393.0980349768904,1.0,False,0.14701998427188764,1.3541040966266702,0.3829037637671592,5,4.0,5.0,0.02898791633097568,2,102.12380835031318,0.9981491479969361,0.7402077872093233,,,,0.0,2,,,,,,,,,,,,,,,,,,,,,,,,,,,,,,,,,,,,,,,,,,,,,,,,,,,,,,,,,,,,,,,,,,,,,,,,,,,,,0.9999999999999999,-0.16140961844237584,327680.0,3276800.0,1,,0,175.79925261286405,0.0859375,3.7959745824337006,102.66235858050493,10,2
93.47535337379033,4,1,0.7110210135579109,0.5147506331754037,341.4386639890073,269.23112185269576,0.0,165.68289551010187,93.47535337379034,1.0,2,1.0,0.0,0.0,0.0,0.0,1.0936835891947234,0.0,0.5531920429803946,100000000.0,0.10000000149011612,0.0,0.0,0.0,,-0.38181818181818183,0.0,0.2,1.0,0.0,81.47568721324205,,0.16568289551010187,0.16568289551010187,68,0.6528062850589263,269.23112185269576,1.0,False,0.13029596954962328,1.2000702286486749,0.28802364702071914,6,0.4,4.0,0.010694124023756019,2,92.82637393769454,0.9963210772739038,0.6552167769501678,,,,0.0,2,,,,,,,,,,,,,,,,,,,,,,,,,,,,,,,,,,,,,,,,,,,,,,,,,,,,,,,,,,,,,,,,,,,,,,,,,,,,,0.9999999999999999,-0.14798943252986257,448921.6,4489216.0,2,,0,165.68289551010187,0.0875,3.840023696422577,93.47535337379034,10,2
93.6228039582322,0,1,0.7149870507419109,0.6592875689175773,457.50340764037725,395.2491133529639,0.0,155.87709824564556,93.6228039582322,1.0,2,1.0,0.0,0.0,0.0,0.0,1.1117499677762195,0.0,0.4405899933636599,100000000.0,0.10000000149011612,0.0,0.0,0.0,,-0.9636363636363635,0.0,0.8,4.0,0.0,97.08963241428137,,0.15587709824564555,0.15587709824564555,68,0.7631296294025447,395.2491133529639,1.0,False,0.22779580005170674,2.098076853782849,0.42217183916996953,9,4.6,5.8,0.0374107124700008,2,73.4939645964918,0.9374405058022075,0.8140565984499489,,,,0.0,2,,,,,,,,,,,,,,,,,,,,,,,,,,,,,,,,,,,,,,,,,,,,,,,,,,,,,,,,,,,,,,,,,,,,,,,,,,,,,0.9999999999999999,-0.19183644914867615,222822.4,2228224.0,3,,0,155.87709824564556,0.09375,3.8353047728538514,93.6228039582322,10,2
31.79099723403618,0,1,0.7112273015081882,0.0505979866717168,141.16055105592338,38.93343691493597,0.0,134.01811137502355,31.79099723403618,1.0,2,1.0,0.0,0.0,0.0,0.0,0.17867822644386802,0.0,0.10022752906184904,100000000.0,0.10000000149011612,0.0,0.0,0.0,,-0.9999999999999999,0.0,0.0,0.0,0.0,102.2271141409874,,0.13401811137502356,0.13401811137502356,69,0.18345258592260952,38.93343691493597,1.0,False,0.0693422136440747,0.3193326949041095,0.12246686264139249,10,5.0,6.0,0.07294028131062623,1,31.79099723403618,1.0,0.18345258592260952,,,,0.0,1,,,,,,,,,,,,,,,,,,,,,,,,,,,,,,,,,,,,,,,,,,,,,,,,,,,,,,,,,,,,,,,,,,,,,,,,,,,,,0.9999999999999999,-0.10168016250954913,131072.0,1310720.0,1,,0,134.01811137502355,0.1125,3.724746882915497,31.79099723403618,10,1
263.7697939263849,0,1,0.7574060000479221,0.5508640004505759,743.172242221125,647.8831925510248,0.0,333.78540784737163,263.769793926385,1.0,2,1.0,0.0,0.0,0.0,0.0,0.6547253819063983,0.0,0.31136414674023444,100000000.0,0.10000000149011612,0.0,0.0,0.0,,-0.8787878787878788,0.0,0.6,3.0,0.0,95.28904967010021,,0.33378540784737165,0.33378540784737165,69,0.5928744610771618,647.8831925510248,1.0,False,0.15693368283775308,1.445412634763463,0.2716532854013063,8,2.4,5.2,0.018460109108916566,2,239.5841642814614,0.9407649101017308,0.6302046927037813,,,,0.0,2,,,,,,,,,,,,,,,,,,,,,,,,,,,,,,,,,,,,,,,,,,,,,,,,,,,,,,,,,,,,,,,,,,,,,,,,,,,,,0.9999999999999999,-0.24535954534256238,891289.6,8912896.0,2,,0,333.78540784737163,0.0953125,3.77739040851593,263.769793926385,10,2
124.43698692895038,0,1,0.7161521352827549,0.20265403266989213,225.03839448946377,129.7017137232687,0.2,179.43345634061592,124.43698692895038,1.0,2,1.0,0.0,0.0,0.0,0.0,0.46824042516000536,0.2,0.22872631715947236,100000000.0,0.10000000149011612,0.0,0.0,0.0,,-0.4620082131968491,0.0,0.6,3.0,0.0,95.33668076619506,,0.17943345634061592,0.17943345634061592,69,0.04059103494616234,129.7017137232687,1.0,False,0.17703473221173194,1.6305501413317072,0.15422911620254703,8,2.4,5.8,0.010000000000000002,2,84.53648539754093,0.11656592891216185,0.3482238362870997,,,,0.0,2,,,,,,,,,,,,,,,,,,,,,,,,,,,,,,,,,,,,,,,,,,,,,,,,,,,,,,,,,,,,,,,,,,,,,,,,,,,,,0.9969650916353059,-0.17823409427617393,429260.8,4292608.0,3,,0,179.43345634061592,0.125,3.748114275932312,124.43698692895036,10,2
80.18814252984023,0,1,0.7245796732604504,0.23038248469631262,166.55001900574268,118.55834973460138,0.0,128.17981180098158,80.18814252984023,1.0,2,1.0000000000000002,0.0,0.0,0.0,0.0,0.302751371409723,0.0,0.16015395280887096,100000000.0,0.10000000149011612,0.0,-2.220446049250313e-16,2.220446049250313e-16,,-0.8666666666666665,0.0,0.6,3.0,0.0,95.19097441807389,,0.1281798118009816,0.1281798118009816,70,0.3236398557390071,118.55834973460138,1.0,False,0.17423928973207298,1.604803164603767,0.14978704563793696,8,4.6,5.6,0.07054711293715411,2,46.39557780570439,0.531717479513784,0.6086688292341859,,,,2.220446049250313e-16,2,0.015375475918408498,0.0,0.0,0.0,0.0,0.0,0.0,0.0,0.0,0.0,0.0,0.0,0.0,0.0,0.10000000149011612,0.0,0.0,0.0,0.0,0.0,0.0,0.1765625085681677,0.0023834530425665746,0.03333333367481828,0.5508341789245605,0.42894373163580896,-0.0019171023377566598,True,0.08227390088140965,0.16813588067889212,0.30793140828609467,0.6529546350240707,0.8026749968528748,1,1.0725970625877381,0.49999951124191283,0.4999997317790985,1.0725970625877381,1.6693828105926514,False,0.2918338477611542,-0.602790892124176,-0.010079257733499247,4,1,10,2.6125572128221393,0.02836749842390418,0.31979167386889457,2.160725808143616,0.35280424952507017,0.7736228466033935,1.8915577173233031,-0.01824141216153947,-6.814395692877895e-05,-1.3429954051971436,0.5383611917495728,-0.16753964126110077,0.03939317166805267,0.009799467563704534,-1.4190244674682617,0.4679757356643677,-0.17328868806362152,0.030721666291356087,0.02514292416750885,-1.4377654790878296,0.5226559638977051,-0.17182978987693787,0.035567980259656906,0.0,-0.31095704436302185,48,70,0.1152209235355258,0.22977826930582523,0.00728785089449957,0.9636363636363635,-0.1512095507665275,209715.2,2097152.0,1,0.08828125,0,128.17981180098158,0.1140625,3.7323930621147157,80.18814252984025,10,2
236.91794040040452,1,1,0.73253083974123,0.23981687474488825,396.60558558757936,332.0306524423841,0.0,301.49287354559976,236.91794040040452,1.0,2,1.0,0.0,0.0,0.0,0.0,0.14953106689696483,0.0,0.07204895112731285,100000000.0,0.10000000149011612,0.0,0.0,0.0,,-0.9393939393939393,0.0,0.2,1.0,0.0,80.02680679783225,,0.3014928735455998,0.3014928735455998,70,0.28645762474741415,332.03065244238405,1.0,False,0.1311529629206918,1.2079634292927433,0.14014584622896595,6,1.0,6.0,0.08705381656836125,2,227.89360133604944,0.9133417072167687,0.31363685954990284,,,,0.0,2,0.015375475918408498,0.0,0.0,0.0,0.0,0.0,0.0,0.0,0.0,0.0,0.0,0.0,0.0,0.0,0.10000000149011612,0.0,0.0,0.0,0.0,0.0,0.0,0.1765625085681677,0.0023834530425665746,0.03333333367481828,0.5508341789245605,0.42894373163580896,-0.0019171023377566598,True,0.08227390088140965,0.16813588067889212,0.30793140828609467,0.6529546350240707,0.8026749968528748,1,1.0725970625877381,0.49999951124191283,0.4999997317790985,1.0725970625877381,1.6693828105926514,False,0.2918338477611542,-0.602790892124176,-0.010079257733499247,4,1,10,2.6125572128221393,0.02836749842390418,0.31979167386889457,2.160725808143616,0.35280424952507017,0.7736228466033935,1.8915577173233031,-0.01824141216153947,-6.814395692877895e-05,-1.3429954051971436,0.5383611917495728,-0.16753964126110077,0.03939317166805267,0.009799467563704534,-1.4190244674682617,0.4679757356643677,-0.17328868806362152,0.030721666291356087,0.02514292416750885,-1.4377654790878296,0.5226559638977051,-0.17182978987693787,0.035567980259656906,0.0,-0.31095704436302185,48,70,0.1152209235355258,0.22977826930582523,0.00728785089449957,0.9393939393939393,-0.2163229182331458,1048576.0,10485760.0,2,0.08828125,0,301.49287354559976,0.1078125,3.7224101305007933,236.91794040040455,10,2
125.97747550653871,2,0,0.7240618579089642,0.24076166332930324,250.6005129161337,157.4920647162059,0.0,190.26551659526882,125.97747550653874,1.0,2,1.0,0.0,0.0,0.0,0.0,0.4402365754400169,0.0,0.23179165226347262,100000000.0,0.10000000149011612,0.0,0.0,0.0,,-0.8181818181818182,0.0,0.6,3.0,0.0,93.1084481999278,,0.19026551659526883,0.19026551659526883,70,0.2001027116283932,157.49206471620587,1.0,False,0.16771744987096135,1.5447347996314071,0.16210047021525628,8,3.4,6.0,0.019580484347459952,2,98.34873540452745,0.5328511190769964,0.37553212232154204,,,,0.0,2,0.015375475918408498,0.0,0.0,0.0,0.0,0.0,0.0,0.0,0.0,0.0,0.0,0.0,0.0,0.0,0.10000000149011612,0.0,0.0,0.0,0.0,0.0,0.0,0.1765625085681677,0.0023834530425665746,0.03333333367481828,0.5508341789245605,0.42894373163580896,-0.0019171023377566598,True,0.08227390088140965,0.16813588067889212,0.30793140828609467,0.6529546350240707,0.8026749968528748,1,1.0725970625877381,0.49999951124191283,0.4999997317790985,1.0725970625877381,1.6693828105926514,False,0.2918338477611542,-0.602790892124176,-0.010079257733499247,4,1,10,2.6125572128221393,0.02836749842390418,0.31979167386889457,2.160725808143616,0.35280424952507017,0.7736228466033935,1.8915577173233031,-0.01824141216153947,-6.814395692877895e-05,-1.3429954051971436,0.5383611917495728,-0.16753964126110077,0.03939317166805267,0.009799467563704534,-1.4190244674682617,0.4679757356643677,-0.17328868806362152,0.030721666291356087,0.02514292416750885,-1.4377654790878296,0.5226559638977051,-0.17182978987693787,0.035567980259656906,0.0,-0.31095704436302185,48,70,0.1152209235355258,0.22977826930582523,0.00728785089449957,0.9999999999999999,-0.1789914832331151,445644.8,4456448.0,3,0.08828125,0,190.26551659526882,0.1140625,3.718809950351715,125.97747550653874,10,2
167.559194043972,0,0,0.7068351842463017,0.3647974019160229,380.8611818349802,301.82056741256946,0.0,241.92401221091345,167.55919404397204,1.0,2,1.0,0.0,0.0,0.0,0.0,0.369249073959182,0.0,0.19617079551037864,100000000.0,0.10000000149011612,0.0,0.0,0.0,,0.09090909090909088,0.0,0.0,0.0,0.0,79.04061442241073,,0.24192401221091345,0.24192401221091345,71,0.4448383836780438,301.82056741256946,1.0,False,0.1277679999237521,1.176786767944384,0.18529854577596108,5,2.0,4.5,0.0615410215705437,2,164.49720380847424,0.9777023358943819,0.4549834518612608,,,,0.0,2,,,,,,,,,,,,,,,,,,,,,,,,,,,,,,,,,,,,,,,,,,,,,,,,,,,,,,,,,,,,,,,,,,,,,,,,,,,,,0.9999999999999999,-0.18484600606733276,786432.0,7864320.0,1,,0,241.92401221091345,0.0859375,3.853101074695587,167.55919404397204,10,2
78.37667095010613,0,1,0.7203067652881145,0.5236163598833611,298.6520568946438,234.75577385295801,0.0,142.27295399179195,78.37667095010613,1.0,2,1.0,0.0,0.0,0.0,0.0,0.6877266524926958,0.0,0.28321206021739626,100000000.0,0.10000000149011612,0.0,0.0,0.0,,-0.8181818181818182,0.0,0.8,4.0,0.0,96.9792171381414,,0.14227295399179196,0.14227295399179196,71,0.6661352789593229,234.75577385295801,1.0,False,0.20855419061387348,1.9208550815557754,0.29952251225674204,9,4.6,6.0,0.055917782675260104,2,55.20282038704517,0.8709358430717189,0.7648499992949178,,,,0.0,2,,,,,,,,,,,,,,,,,,,,,,,,,,,,,,,,,,,,,,,,,,,,,,,,,,,,,,,,,,,,,,,,,,,,,,,,,,,,,0.9999999999999999,-0.17541357230283272,222822.4,2228224.0,2,,0,142.27295399179195,0.1140625,3.86974436044693,78.37667095010613,10,2
81.15523908651004,1,0,0.7163910195231438,0.20199360769109795,182.01700899069186,91.65256119583722,0.0,145.25073668351902,81.15523908651005,1.0,2,0.9999999999999999,0.0,0.0,0.0,0.0,0.2643692703312926,0.0,0.12237375011511004,100000000.0,0.10000000149011612,0.0,1.1102230246251565e-16,0.0,,-0.7333333333333332,0.0,0.6,3.0,0.0,90.36444779485464,,0.145250736683519,0.145250736683519,71,0.1145338654191801,91.65256119583722,1.0,False,0.17703473221173194,1.6305501413317072,0.16698626023295635,8,4.0,5.8,0.07575568173234605,2,59.439229836130025,0.3258688768357984,0.35147224408574745,,,,0.0,2,,,,,,,,,,,,,,,,,,,,,,,,,,,,,,,,,,,,,,,,,,,,,,,,,,,,,,,,,,,,,,,,,,,,,,,,,,,,,0.7333333333333332,-0.16114273444762547,262144.0,2621440.0,3,,0,145.25073668351902,0.10625,3.8375433683395386,81.15523908651005,10,2
153.24371462809702,0,1,0.7119327783584595,0.3351110207719736,325.4469532079316,262.3045753247357,0.0,216.38609251129293,153.24371462809702,1.0,2,1.0,0.0,0.0,0.0,0.0,0.27887204606203486,0.0,0.14239728935636053,100000000.0,0.10000000149011612,0.0,0.0,0.0,,-0.9636363636363635,0.0,0.6,3.0,0.0,91.02766029536724,,0.21638609251129293,0.21638609251129293,72,0.41577948292217265,262.3045753247357,1.0,False,0.1696504265103283,1.5625381724110554,0.17116824397092928,8,3.0,5.6,0.06957826693751681,2,132.29240366567058,0.8388511575872473,0.4956534650533974,,,,0.0,2,,,,,,,,,,,,,,,,,,,,,,,,,,,,,,,,,,,,,,,,,,,,,,,,,,,,,,,,,,,,,,,,,,,,,,,,,,,,,0.9636363636363635,-0.1930182595108106,524288.0,5242880.0,1,,0,216.38609251129293,0.0984375,3.7514176845550535,153.24371462809702,10,2
26.095663915668883,0,1,0.7323198951780796,0.04263257450083298,131.4087115838299,31.697955602325003,0.0,125.80641989717381,26.095663915668887,1.0,2,0.9999999999999999,0.0,0.0,0.0,0.0,0.10752571728216333,0.0,0.059945130148680456,100000000.0,0.10000000149011612,0.0,1.1102230246251565e-16,0.0,,-0.9999999999999999,0.0,0.0,0.0,0.0,99.71075598150492,,0.1258064198971738,0.1258064198971738,72,0.17673984268705326,31.697955602325003,1.0,False,0.056043283550621985,0.2580888585322012,0.1214682857073902,10,5.0,6.0,0.08709828222747,1,26.09566391566888,0.9999999999999993,0.17673984268705337,,,,0.0,1,,,,,,,,,,,,,,,,,,,,,,,,,,,,,,,,,,,,,,,,,,,,,,,,,,,,,,,,,,,,,,,,,,,,,,,,,,,,,0.9999999999999999,-0.0909248517238979,131072.0,1310720.0,2,,0,125.80641989717381,0.1015625,3.800133168697357,26.095663915668887,10,1
57.570280431426,2,1,0.7018228061497211,0.32100148715256027,178.3549393594296,114.82248120680764,0.0,121.10273858404801,57.570280431426006,1.0,2,1.0,0.0,0.0,0.0,0.0,0.4660218386622851,0.0,0.21592772409906488,100000000.0,0.10000000149011612,0.0,0.0,0.0,,-0.9636363636363635,0.0,0.6,3.0,0.0,88.52485287934542,,0.121102738584048,0.121102738584048,72,0.49861490688625915,114.82248120680764,1.0,False,0.17714123845109225,1.6315311000479549,0.19944749330095196,8,4.6,5.6,0.06590418169370438,2,42.11545645553755,0.7874369907342622,0.6332124509686994,,,,0.0,2,,,,,,,,,,,,,,,,,,,,,,,,,,,,,,,,,,,,,,,,,,,,,,,,,,,,,,,,,,,,,,,,,,,,,,,,,,,,,0.9999999999999999,-0.14912198851757014,209715.2,2097152.0,3,,0,121.10273858404801,0.1296875,3.705186700820923,57.570280431426,10,2
86.00835761595397,0,0,0.7148673757910728,0.39208231594101856,249.75640787009525,183.93342843477058,0.0,151.83133705127867,86.00835761595398,1.0,2,1.0,0.0,0.0,0.0,0.0,0.6917642695537594,0.0,0.37254181311383155,100000000.0,0.10000000149011612,0.0,0.0,0.0,,-0.7333333333333332,0.0,0.2,1.0,0.0,76.53643749654293,,0.15183133705127866,0.15183133705127866,73,0.5323940930810429,183.93342843477058,1.0,False,0.1341158301368285,1.2352524448303317,0.21385529677949822,6,4.2,6.0,0.031946962273226756,2,83.03866760558485,0.9705664596856838,0.5485395541624813,,,,0.0,2,,,,,,,,,,,,,,,,,,,,,,,,,,,,,,,,,,,,,,,,,,,,,,,,,,,,,,,,,,,,,,,,,,,,,,,,,,,,,0.9999999999999999,-0.1429735835940536,288358.4,2883584.0,1,,0,151.83133705127867,0.1203125,3.7180732250213624,86.00835761595398,10,2
59.04952412013422,0,1,0.6752959452569485,0.31987114069476097,179.99647244178743,116.62520108112187,0.0,122.42079548079977,59.049524120134215,1.0,2,1.0,0.0,0.0,0.0,0.0,0.3678891079730065,0.0,0.1810695895055577,100000000.0,0.10000000149011612,0.0,0.0,0.0,,-0.8181818181818182,0.0,0.8,4.0,0.0,88.01432745531201,,0.12242079548079977,0.12242079548079977,73,0.49368126637517473,116.62520108112186,1.0,False,0.2538599296956124,2.3381363593025344,0.19750404904847654,9,4.8,6.0,0.06305627385164753,2,39.27357138510918,0.7443369608016875,0.6632497005703649,,,,0.0,2,,,,,,,,,,,,,,,,,,,,,,,,,,,,,,,,,,,,,,,,,,,,,,,,,,,,,,,,,,,,,,,,,,,,,,,,,,,,,0.9999999999999999,-0.18814036258820607,170393.6,1703936.0,2,,0,122.42079548079977,0.11875,3.656679797172546,59.04952412013421,10,2
51.064198896037226,0,1,0.6865379400551319,0.28749798748716865,163.0724851202363,97.94721018263643,0.0,116.18947383363712,51.064198896037226,1.0,2,0.9999999999999999,0.0,0.0,0.0,0.0,0.5111703498104375,0.0,0.26099530226789774,100000000.0,0.10000000149011612,0.0,1.1102230246251565e-16,0.0,,-0.9878787878787878,0.0,0.2,1.0,0.0,75.87629789486527,,0.11618947383363712,0.11618947383363712,73,0.4786559127021503,97.94721018263641,1.0,False,0.12833252589647975,1.1819862443020266,0.19983158538990367,6,5.0,6.0,0.046515808012970915,2,45.13510680753256,0.8877323244182752,0.5391894600839394,,,,0.0,2,,,,,,,,,,,,,,,,,,,,,,,,,,,,,,,,,,,,,,,,,,,,,,,,,,,,,,,,,,,,,,,,,,,,,,,,,,,,,0.9878787878787878,-0.12226099986505844,131072.0,1310720.0,3,,0,116.18947383363712,0.125,3.6594767570495605,51.064198896037226,10,2
75.38706854487086,1,1,0.6824960000813007,0.30125472997374597,198.19351231685795,118.1923657842628,0.0,138.48677928129462,75.38706854487086,1.0,2,1.0000000000000002,0.0,0.0,0.0,0.0,0.4605586382358648,0.0,0.2511505255817016,100000000.0,0.10000000149011612,0.0,-2.220446049250313e-16,2.220446049250313e-16,,-0.01818181818181818,0.0,0.4,2.0,0.0,80.00114653259516,,0.1384867792812946,0.1384867792812946,74,0.36216634598485564,118.19236578426279,1.0,False,0.1558839099575033,1.435743869223093,0.20208786368459197,7,4.4,5.4,0.0462022872236129,2,65.02056239378813,0.8050375294786445,0.4498751085795969,,,,2.220446049250313e-16,2,,,,,,,,,,,,,,,,,,,,,,,,,,,,,,,,,,,,,,,,,,,,,,,,,,,,,,,,,,,,,,,,,,,,,,,,,,,,,0.9999999999999999,-0.1471853446193992,249036.8,2490368.0,1,,0,138.48677928129462,0.096875,3.7560307502746584,75.38706854487086,10,2
89.33021625137022,0,0,0.6799069233238697,0.27202481566637127,216.32809316286915,144.7318208731162,0.0,157.4814834967821,89.33021625137022,1.0,2,1.0,0.0,0.0,0.0,0.0,0.5442485387140348,0.0,0.30137703138863153,100000000.0,0.10000000149011612,0.0,0.0,0.0,,-0.09090909090909088,0.0,0.2,1.0,0.0,71.59627228975296,,0.1574814834967821,0.1574814834967821,74,0.3827880025797199,144.73182087311616,1.0,False,0.142729593105963,1.3145881336595846,0.1685177446024268,6,3.8,6.0,0.03054414635138232,2,86.40725913180673,0.9498846278086432,0.4029836796736051,,,,0.0,2,,,,,,,,,,,,,,,,,,,,,,,,,,,,,,,,,,,,,,,,,,,,,,,,,,,,,,,,,,,,,,,,,,,,,,,,,,,,,0.9999999999999999,-0.15010553830137255,367001.6,3670016.0,2,,0,157.4814834967821,0.134375,3.6440017342567446,89.33021625137022,10,2
206.36972272253485,0,1,0.6657103076577187,0.16982459194590402,322.42137725166145,237.7897121075458,0.0,267.6662984252617,206.36972272253482,1.0,2,1.0,0.0,0.0,0.0,0.0,0.3426868285163169,0.0,0.1679757825199088,100000000.0,0.10000000149011612,0.0,0.0,0.0,,-0.4545454545454545,0.0,0.6,3.0,0.0,84.63166514411569,,0.2676662984252617,0.2676662984252617,74,0.1321335103463203,237.78971210754577,1.0,False,0.1801836108091614,1.6595523850040634,0.12991514657354195,8,1.6,4.4,0.02418658612583888,2,184.63654285619853,0.5911216551629148,0.22353014678493535,,,,0.0,2,,,,,,,,,,,,,,,,,,,,,,,,,,,,,,,,,,,,,,,,,,,,,,,,,,,,,,,,,,,,,,,,,,,,,,,,,,,,,0.9999999999999999,-0.22392495461721154,891289.6,8912896.0,3,,0,267.6662984252617,0.1421875,3.6961325287818907,206.36972272253482,10,2
135.40790301698064,0,0,0.6663142703473568,0.13010745663185014,224.07054556571933,136.65084289425107,0.0,194.9172967760525,135.40790301698067,1.0,2,1.0,0.0,0.0,0.0,0.0,0.16791968897115095,0.0,0.09471574378519791,100000000.0,0.10000000149011612,0.0,0.0,0.0,,-0.9272727272727272,0.0,0.8,4.0,0.0,87.41970267146826,,0.1949172967760525,0.1949172967760525,75,0.009095735166685257,136.65084289425107,1.0,False,0.22806924724438285,2.1005953955011574,0.127119908154692,9,3.0,4.0,0.07130574942011968,2,109.48775959812968,0.04575842380337955,0.19877728318984358,,,,0.0,2,,,,,,,,,,,,,,,,,,,,,,,,,,,,,,,,,,,,,,,,,,,,,,,,,,,,,,,,,,,,,,,,,,,,,,,,,,,,,0.9272727272727272,-0.21149327201021767,524288.0,5242880.0,1,,0,194.9172967760525,0.1203125,3.7119120180606844,135.40790301698067,10,2
53.96385028990686,0,1,0.6705750711262226,0.09157941514952932,124.73709040975525,38.75448133519247,0.0,113.3137406225759,53.96385028990686,1.0,2,1.0,0.0,0.0,0.0,0.0,0.25897502647184567,0.0,0.14151527095285793,100000000.0,0.10000000149011612,0.0,0.0,0.0,,-0.9878787878787878,0.0,0.8,4.0,0.0,85.98260907456279,,0.1133137406225759,0.1133137406225759,75,-0.39245445767075593,38.754481335192466,1.0,False,0.18680712463321103,1.72055720178205,0.14179610993094727,9,5.0,6.0,0.04423880096161356,2,28.509331091502386,-1.484543280766599,0.26436040144824713,,,,0.0,2,,,,,,,,,,,,,,,,,,,,,,,,,,,,,,,,,,,,,,,,,,,,,,,,,,,,,,,,,,,,,,,,,,,,,,,,,,,,,0.9878787878787878,-0.15006043262789348,131072.0,1310720.0,2,,0,113.3137406225759,0.109375,3.7559415280818937,53.96385028990686,10,2
157.58858341525521,4,0,0.6643496453762054,0.36259337435592875,370.03984298555656,291.76257872952624,0.3,235.86584767128554,157.58858341525521,1.0,2,1.0,0.0,0.0,0.0,0.0,0.6187663454325161,0.3,0.32653022030948803,100000000.0,0.10000000149011612,0.0,0.0,0.0,,-0.23928181646454103,0.0,0.4,2.0,0.0,78.27726425603032,,0.23586584767128554,0.23586584767128554,75,0.45987390123342314,291.76257872952624,1.0,False,0.1451561226395494,1.336937296586568,0.1851419515338333,7,0.7,4.5,0.01,2,157.58858341525521,1.0,0.45987390123342314,,,,0.0,2,,,,,,,,,,,,,,,,,,,,,,,,,,,,,,,,,,,,,,,,,,,,,,,,,,,,,,,,,,,,,,,,,,,,,,,,,,,,,0.9878044218151566,-0.19051098515541748,748748.8,7487488.0,3,,0,235.86584767128554,0.1078125,3.7240128755569457,157.58858341525521,10,2
135.84517458308787,0,1,0.6733597256243229,0.19875844166843462,247.24501879317302,169.7917286808564,0.0,198.1029841475591,135.84517458308787,1.0,2,1.0,0.0,0.0,0.0,0.0,0.23135959598134448,0.0,0.1250426064429807,100000000.0,0.10000000149011612,0.0,0.0,0.0,,-0.9030303030303028,0.0,0.4,2.0,0.0,77.45329011231661,,0.1981029841475591,0.1981029841475591,76,0.19993055233906645,169.7917286808564,1.0,False,0.16028394600573576,1.476269698876279,0.14073117220774653,7,3.0,5.7,0.07045872394883111,2,124.73797654860607,0.7534678576408499,0.2653471549072581,,,,0.0,2,,,,,,,,,,,,,,,,,,,,,,,,,,,,,,,,,,,,,,,,,,,,,,,,,,,,,,,,,,,,,,,,,,,,,,,,,,,,,0.9030303030303028,-0.17919346507664743,524288.0,5242880.0,1,,0,198.1029841475591,0.103125,3.7513758897781373,135.84517458308787,10,2
128.21930030584645,7,0,0.676461961120367,0.09679298762634055,209.07461565625928,133.3096241147403,0.0,188.83765897006109,128.21930030584647,1.0,2,1.0,0.0,0.0,0.0,0.0,0.15072490335292635,0.0,0.08491865004675533,100000000.0,0.10000000149011612,0.0,0.0,0.0,,-0.9272727272727272,0.0,0.8,4.0,0.0,83.35204934701324,,0.1888376589700611,0.1888376589700611,76,0.03818421845156961,133.3096241147403,1.0,False,0.18680712463321103,1.72055720178205,0.11918456627260804,9,3.0,4.2,0.07655101826106689,2,107.8492317551571,0.19993108264012652,0.19098690382375777,,,,0.0,2,,,,,,,,,,,,,,,,,,,,,,,,,,,,,,,,,,,,,,,,,,,,,,,,,,,,,,,,,,,,,,,,,,,,,,,,,,,,,0.9272727272727272,-0.18782239180163607,524288.0,5242880.0,2,,0,188.8376589700611,0.109375,3.8369778454303742,128.21930030584647,10,2
44.39266161954405,0,1,0.6641200743615627,0.11958945777765237,119.72888553675423,40.945803226643896,0.0,105.41057303509119,44.39266161954405,1.0,2,1.0,0.0,0.0,0.0,0.0,0.32157604979371635,0.0,0.17755752637291872,100000000.0,0.10000000149011612,0.0,0.0,0.0,,-0.9999999999999999,0.0,0.6,3.0,0.0,78.78308231011033,,0.10541057303509119,0.10541057303509119,76,-0.08418099344201518,40.945803226643896,1.0,False,0.15813301376503588,1.4564588808223755,0.15377266919195723,8,5.0,6.0,0.04793659651596865,2,28.33276778473961,-0.27327746828084354,0.3080422033019697,,,,0.0,2,,,,,,,,,,,,,,,,,,,,,,,,,,,,,,,,,,,,,,,,,,,,,,,,,,,,,,,,,,,,,,,,,,,,,,,,,,,,,0.9999999999999999,-0.13177179340006354,131072.0,1310720.0,3,,0,105.41057303509119,0.121875,3.8378385424613954,44.39266161954404,10,2
237.18967395476508,0,1,0.6903018802404404,0.09541148611293417,332.8405367265959,268.82304418069623,0.0,301.0837264788847,237.18967395476508,1.0,2,1.0,0.0,0.0,0.0,0.0,0.1021332937130551,0.0,0.0578400193619159,100000000.0,0.10000000149011612,0.0,0.0,0.0,,-0.9515151515151514,0.0,0.4,2.0,0.0,77.39261584356427,,0.3010837264788847,0.3010837264788847,77,0.11767358085814988,268.82304418069623,1.0,False,0.16308418913903397,1.5020608912582445,0.11419672429428085,7,1.7,5.0,0.08377025356862622,2,227.69899331731605,0.7692182448422117,0.15297814586065628,,,,0.0,2,,,,,,,,,,,,,,,,,,,,,,,,,,,,,,,,,,,,,,,,,,,,,,,,,,,,,,,,,,,,,,,,,,,,,,,,,,,,,0.9515151515151514,-0.23208395780895935,1048576.0,10485760.0,1,,0,301.0837264788847,0.084375,3.7513355791568754,237.1896739547651,10,2
165.25422525215325,1,1,0.6663259118795395,0.4032096724449888,381.9575303960895,319.26319597105737,0.0,227.9485596771854,165.25422525215325,1.0,2,1.0,0.0,0.0,0.0,0.0,0.36339488034475315,0.0,0.17655992417180413,100000000.0,0.10000000149011612,0.0,0.0,0.0,,-0.01818181818181818,0.0,0.2,1.0,0.0,74.07964300364256,,0.2279485596771854,0.2279485596771854,77,0.4823887396430927,319.2631959710573,1.0,False,0.13126670128900675,1.209010998378277,0.19319517881246875,6,2.2,5.2,0.07160295531877854,2,160.0725346155708,0.9674497825911326,0.49861889301489637,,,,0.0,2,,,,,,,,,,,,,,,,,,,,,,,,,,,,,,,,,,,,,,,,,,,,,,,,,,,,,,,,,,,,,,,,,,,,,,,,,,,,,0.9999999999999999,-0.17960763048309608,734003.2,7340032.0,2,,0,227.9485596771854,0.0890625,3.7736137390136717,165.25422525215325,10,2
74.22011617593037,0,1,0.711959321051836,0.5135529165329834,277.9799232621446,216.9775165048197,0.0,135.2225229332553,74.22011617593037,1.0,2,1.0,0.0,0.0,0.0,0.0,0.9215869314653036,0.0,0.39386962654801666,100000000.0,0.10000000149011612,0.0,0.0,0.0,,-0.41818181818181815,0.0,0.6,3.0,0.0,80.48172295093536,,0.13522252293325532,0.13522252293325532,77,0.6579363734477912,216.9775165048197,1.0,False,0.1710464007105102,1.5753955699452278,0.29234327253072345,8,4.4,5.8,0.04376635173337363,2,65.79548918948639,0.9442749436818174,0.6967635621913625,,,,0.0,2,,,,,,,,,,,,,,,,,,,,,,,,,,,,,,,,,,,,,,,,,,,,,,,,,,,,,,,,,,,,,,,,,,,,,,,,,,,,,0.9999999999999999,-0.15313446182188276,314572.8,3145728.0,3,,0,135.2225229332553,0.1015625,3.8673439145088198,74.22011617593037,10,2
78.18589516946399,0,0,0.6649671122431755,0.3787156058235849,224.9039048226096,163.36051373644847,0.0,139.72928625562514,78.18589516946399,1.0,2,1.0,0.0,0.0,0.0,0.0,0.5423511743192299,0.0,0.2966164101403321,100000000.0,0.10000000149011612,0.0,0.0,0.0,,-0.7212121212121211,0.0,0.6,3.0,0.0,82.34017714858055,,0.13972928625562514,0.13972928625562514,78,0.5213904916116862,163.36051373644847,1.0,False,0.18292057078835644,1.6847607179969266,0.20893859868506054,8,4.6,6.0,0.04237389735049987,2,64.92345598888862,0.8652698538127107,0.6025755887764259,,,,0.0,2,,,,,,,,,,,,,,,,,,,,,,,,,,,,,,,,,,,,,,,,,,,,,,,,,,,,,,,,,,,,,,,,,,,,,,,,,,,,,0.9878787878787878,-0.1613249285219908,209715.2,2097152.0,1,,0,139.72928625562514,0.103125,3.684274899959564,78.18589516946399,10,2
159.64898363351347,0,1,0.6623901426792145,0.45076713132445734,426.30778969990195,351.8145230578083,0.4,234.14225027560713,159.64898363351347,1.0,2,1.0,0.0,0.0,0.0,0.0,0.7665112084915473,0.4,0.40785552090439364,100000000.0,0.10000000149011612,0.0,0.0,0.0,,-0.6878359394287946,0.0,0.2,1.0,0.0,74.49326664209366,,0.23414225027560712,0.23414225027560712,78,0.5462126399845046,351.8145230578083,1.0,False,0.12693441858887408,1.169109200122431,0.22036753072316806,6,0.6,5.4,0.01,2,159.64898363351347,1.0,0.5462126399845046,,,,0.0,2,,,,,,,,,,,,,,,,,,,,,,,,,,,,,,,,,,,,,,,,,,,,,,,,,,,,,,,,,,,,,,,,,,,,,,,,,,,,,0.9692233691951198,-0.1805383344322406,648806.4,6488064.0,2,,0,234.14225027560713,0.0953125,3.7904027104377747,159.64898363351347,10,2
62.49761220732625,0,1,0.6650965660810471,0.23703358185198412,159.5164454004451,70.51145987796629,0.0,121.70569098288114,62.497612207326235,1.0,2,1.0,0.0,0.0,0.0,0.0,0.43316170253994796,0.0,0.20833148962611073,100000000.0,0.10000000149011612,0.0,0.0,0.0,,-0.9272727272727272,0.0,0.8,4.0,0.0,89.00498552247882,,0.12170569098288114,0.12170569098288114,78,0.11365312368386,70.51145987796629,1.0,False,0.21457246038701022,1.9762853946167407,0.2156267239046248,9,5.0,6.0,0.043368197410166884,2,33.992943594415266,0.21944614639915422,0.5179089519172255,,,,0.0,2,,,,,,,,,,,,,,,,,,,,,,,,,,,,,,,,,,,,,,,,,,,,,,,,,,,,,,,,,,,,,,,,,,,,,,,,,,,,,0.9272727272727272,-0.16813907568494568,131072.0,1310720.0,3,,0,121.70569098288114,0.096875,3.8477805614471436,62.497612207326235,10,2
35.642112789683395,0,1,0.6746863946318626,0.07983284790249248,108.85490146712878,32.59003018276313,0.0,100.16470467486269,35.642112789683395,1.0,2,1.0,0.0,0.0,0.0,0.0,0.2553598760182718,0.0,0.14475287721934893,100000000.0,0.10000000149011612,0.0,0.0,0.0,,-0.7333333333333332,0.0,0.2,1.0,0.0,76.26487128436565,,0.10016470467486269,0.10016470467486269,79,-0.09365080639092223,32.59003018276313,1.0,False,0.14452022062077066,1.331080422550389,0.1363609095104465,6,5.0,6.0,0.06477338611962544,2,27.298852838408735,-0.5768248554694138,0.16235570555417592,,,,0.0,2,,,,,,,,,,,,,,,,,,,,,,,,,,,,,,,,,,,,,,,,,,,,,,,,,,,,,,,,,,,,,,,,,,,,,,,,,,,,,0.7333333333333332,-0.12234246264781667,131072.0,1310720.0,1,,0,100.16470467486269,0.1296875,3.672036862373352,35.642112789683395,10,2
106.98424107713971,0,1,0.67128986120224,0.782191811831546,767.3697304738346,707.2145609011534,0.0,167.13941064982092,106.98424107713971,1.0,2,1.0,0.0,0.0,0.0,0.0,1.87305035131687,0.0,0.6007100630254907,100000000.0,0.10000000149011612,0.0,0.0,0.0,,-0.9999999999999999,0.0,0.8,4.0,0.0,87.09036512300372,,0.1671394106498209,0.1671394106498209,79,0.8487244932558837,707.2145609011534,1.0,False,0.2085354797912006,1.9206827485103184,0.6610455463166998,9,4.8,6.0,0.028077024569799942,2,97.8544365845273,0.9850173909839423,0.8616340188756318,,,,0.0,2,,,,,,,,,,,,,,,,,,,,,,,,,,,,,,,,,,,,,,,,,,,,,,,,,,,,,,,,,,,,,,,,,,,,,,,,,,,,,0.9999999999999999,-0.18783744522051077,170393.6,1703936.0,2,,0,167.13941064982092,0.1046875,3.758996868133545,106.98424107713971,10,2
103.44405757540089,0,1,0.6724698469042778,0.6262659009592816,443.74598351191975,381.3470357365558,0.0,165.8430053507648,103.44405757540088,1.0,2,1.0000000000000002,0.0,0.0,0.0,0.0,1.1165610576098852,0.0,0.5231475548428525,100000000.0,0.10000000149011612,0.0,-2.220446049250313e-16,2.220446049250313e-16,,-0.6363636363636362,0.0,0.4,2.0,0.0,79.18487396091223,,0.1658430053507648,0.1658430053507648,79,0.7287403653850278,381.3470357365558,1.0,False,0.1587323454114105,1.4619789292811827,0.3686505002557447,7,3.8,5.7,0.02598081132474344,2,99.53883563893794,0.986142270043561,0.7389809640274695,,,,2.220446049250313e-16,2,,,,,,,,,,,,,,,,,,,,,,,,,,,,,,,,,,,,,,,,,,,,,,,,,,,,,,,,,,,,,,,,,,,,,,,,,,,,,0.9999999999999999,-0.16228767538108788,406323.2,4063232.0,3,,0,165.8430053507648,0.096875,3.7920229017734526,103.44405757540089,10,2
107.56687680303695,0,1,0.6710570305585861,0.09606175327432269,194.14230524743832,126.2165270298246,0.0,175.49265502065066,107.56687680303696,1.0,2,1.0,0.0,0.0,0.0,0.0,0.12371671454968415,0.0,0.07031889020139782,100000000.0,0.10000000149011612,0.0,0.0,0.0,,-0.9757575757575757,0.0,0.0,0.0,0.0,71.67388964444399,,0.17549265502065067,0.17549265502065067,80,0.14775917754717477,126.21652702982458,1.0,False,0.14339399969188443,1.3207075444613037,0.11733772586977362,5,3.0,5.0,0.0809824910372977,2,105.81422681276376,0.9140954710191169,0.161645235352101,,,,0.0,2,,,,,,,,,,,,,,,,,,,,,,,,,,,,,,,,,,,,,,,,,,,,,,,,,,,,,,,,,,,,,,,,,,,,,,,,,,,,,0.9757575757575757,-0.15944332735626754,524288.0,5242880.0,1,0.0984375,0,175.49265502065066,0.1,3.679473042488098,107.56687680303695,10,2
105.04892883330827,1,0,0.6662039086222649,0.2810792226699855,232.66115551589365,152.4431090779447,0.0,167.26493877798566,105.04892883330828,1.0,2,1.0,0.0,0.0,0.0,0.0,0.5171404564053191,0.0,0.2790536550200608,100000000.0,0.10000000149011612,0.0,0.0,0.0,,-0.6484848484848483,0.0,0.4,2.0,0.0,80.21804643794894,,0.16726493877798565,0.16726493877798565,80,0.3108974917351208,152.4431090779447,1.0,False,0.12710288417965973,1.170660825554533,0.1751275720245666,7,3.6,6.0,0.02157580493517863,2,88.4380151250624,0.74047512967524,0.4198621658926955,,,,0.0,2,,,,,,,,,,,,,,,,,,,,,,,,,,,,,,,,,,,,,,,,,,,,,,,,,,,,,,,,,,,,,,,,,,,,,,,,,,,,,0.9999999999999999,-0.1471839114788227,406323.2,4063232.0,2,0.0984375,0,167.26493877798566,0.0984375,3.7048178732395174,105.04892883330827,10,2
75.0224946657625,0,0,0.6708670407533646,0.26367736973404016,190.3693611850059,105.95036820741655,0.0,140.1732687497941,75.0224946657625,1.0,2,1.0,0.0,0.0,0.0,0.0,0.4224767447808673,0.0,0.22548918171837606,100000000.0,0.10000000149011612,0.0,0.0,0.0,,-0.5757575757575757,0.0,0.6,3.0,0.0,84.41899297758937,,0.14017326874979408,0.14017326874979408,80,0.29190907086898715,105.95036820741653,1.0,False,0.16128414661564017,1.4854818869337565,0.19003092900049148,8,4.2,6.0,0.03891452121010599,2,57.30581213301926,0.6357931089833108,0.4591258803288628,,,,0.0,2,,,,,,,,,,,,,,,,,,,,,,,,,,,,,,,,,,,,,,,,,,,,,,,,,,,,,,,,,,,,,,,,,,,,,,,,,,,,,0.9999999999999999,-0.15072870768271712,235929.6,2359296.0,3,0.0984375,0,140.1732687497941,0.09375,3.7863975167274475,75.0224946657625,10,2
82.87005227826896,1,0,0.6688497960567474,0.5665545372573116,350.81039549374646,278.1513910140998,0.0,152.05717420973244,82.87005227826896,1.0,2,1.0,0.0,0.0,0.0,0.0,0.9354661828324027,0.0,0.44330012679991765,100000000.0,0.10000000149011612,0.0,0.0,0.0,,-0.5151515151515151,0.0,0.0,0.0,0.0,72.65900447964668,,0.15205717420973244,0.15205717420973244,81,0.7020685319022251,278.1513910140997,1.0,False,0.12584605766839435,1.1590850255972556,0.35032468879279705,5,4.0,6.0,0.025492177957248546,2,79.9708180792727,0.9853707446897446,0.7124917557028542,,,,0.0,2,,,,,,,,,,,,,,,,,,,,,,,,,,,,,,,,,,,,,,,,,,,,,,,,,,,,,,,,,,,,,,,,,,,,,,,,,,,,,0.9999999999999999,-0.1389516159390634,327680.0,3276800.0,1,,0,152.05717420973244,0.078125,3.8113664388656616,82.87005227826896,10,2
146.2916678239441,0,1,0.6774007342755795,0.22409183406810898,264.7940707327609,167.79846650825783,0.0,205.4558817718959,146.2916678239441,1.0,2,1.0,0.0,0.0,0.0,0.0,0.22197789423933323,0.0,0.11296183051258218,100000000.0,0.10000000149011612,0.0,0.0,0.0,,-0.9636363636363635,0.0,0.8,4.0,0.0,96.99560422450304,,0.20545588177189592,0.20545588177189592,81,0.12817041258988698,167.79846650825783,1.0,False,0.2538599296956124,2.3381363593025344,0.15470960456922722,9,3.0,4.0,0.0642670446900425,2,110.89158919698241,0.3779296932192135,0.33913824420126554,,,,0.0,2,,,,,,,,,,,,,,,,,,,,,,,,,,,,,,,,,,,,,,,,,,,,,,,,,,,,,,,,,,,,,,,,,,,,,,,,,,,,,0.9636363636363635,-0.22965790573375416,524288.0,5242880.0,2,,0,205.45588177189592,0.1,3.9050037920475007,146.2916678239441,10,2
34.66125468183092,1,1,0.6713368929922581,0.2175944352870896,172.901206353984,72.28359503888262,0.0,135.27886599693232,34.66125468183092,1.0,2,1.0,0.0,0.0,0.0,0.0,0.3903305697766614,0.0,0.1790869484939681,100000000.0,0.10000000149011612,0.0,0.0,0.0,,-0.9999999999999999,0.0,0.0,0.0,0.0,100.61761131510139,,0.1352788659969323,0.1352788659969323,81,0.5204824184078556,72.28359503888262,1.0,False,0.05917326419449009,0.2725029520760624,0.2085429269724993,10,5.0,6.0,0.06452568196886044,1,34.66125468183091,0.9999999999999998,0.5204824184078557,,,,0.0,1,,,,,,,,,,,,,,,,,,,,,,,,,,,,,,,,,,,,,,,,,,,,,,,,,,,,,,,,,,,,,,,,,,,,,,,,,,,,,0.9999999999999999,-0.0972260650957112,131072.0,1310720.0,3,,0,135.27886599693232,0.1171875,3.766922652721405,34.66125468183092,10,1
131.29421823743152,0,0,0.7405397482216358,0.3378955987866025,297.56423299130716,206.96828634408038,0.0,197.01858830723336,131.29421823743152,1.0,2,1.0,0.0,0.0,0.0,0.0,0.5059321226153449,0.0,0.2784822751943927,100000000.0,0.10000000149011612,0.0,0.0,0.0,,-0.7454545454545454,0.0,0.6,3.0,0.0,90.59594664722681,,0.19701858830723334,0.19701858830723334,82,0.36563122516675006,206.96828634408035,1.0,False,0.17885132490019934,1.6472815783097352,0.1944776817373993,8,3.4,6.0,0.016865362444226026,2,107.57301841453669,0.7613447771003586,0.4802439527585456,,,,0.0,2,,,,,,,,,,,,,,,,,,,,,,,,,,,,,,,,,,,,,,,,,,,,,,,,,,,,,,,,,,,,,,,,,,,,,,,,,,,,,0.9999999999999999,-0.18793495660371634,445644.8,4456448.0,1,,0,197.01858830723336,0.134375,3.634399151802063,131.29421823743155,10,2
99.75903017952413,0,1,0.6710225716233253,0.4682576108234261,299.92976084355575,240.20342340696916,0.0,159.48536761611075,99.75903017952413,1.0,2,1.0,0.0,0.0,0.0,0.0,0.4924243303381014,0.0,0.20541857865282165,100000000.0,0.10000000149011612,0.0,0.0,0.0,,-0.9878787878787878,0.0,0.8,4.0,0.0,95.85021389648318,,0.15948536761611076,0.15948536761611076,82,0.5846893904983796,240.20342340696914,1.0,False,0.2538599296956124,2.3381363593025344,0.24078363931035057,9,3.8,5.9,0.06820511155684165,2,72.33319215963897,0.8366247677381375,0.6988669389732755,,,,0.0,2,,,,,,,,,,,,,,,,,,,,,,,,,,,,,,,,,,,,,,,,,,,,,,,,,,,,,,,,,,,,,,,,,,,,,,,,,,,,,0.9999999999999999,-0.20667264865586157,340787.2,3407872.0,2,,0,159.48536761611075,0.1140625,3.7031347692012786,99.75903017952412,10,2
47.94452717747369,0,0,0.6688754074275494,0.17113773711438635,138.75438742733706,51.16851166284789,0.0,115.00827554832973,47.94452717747369,1.0,2,0.9999999999999998,0.0,0.0,0.0,0.0,0.3486703532068514,0.0,0.1812886359354455,100000000.0,0.10000000149011612,0.0,2.220446049250313e-16,0.0,,-0.2727272727272727,0.0,0.4,2.0,0.0,87.58587576448917,,0.11500827554832974,0.11500827554832974,82,0.06300719682091208,51.168511662847884,1.0,False,0.14058737698124532,1.294857594000599,0.18659385052434546,7,5.0,6.0,0.060150636116724165,2,31.560333019577655,0.16442039538846734,0.3832079145172247,,,,0.0,2,,,,,,,,,,,,,,,,,,,,,,,,,,,,,,,,,,,,,,,,,,,,,,,,,,,,,,,,,,,,,,,,,,,,,,,,,,,,,0.2727272727272727,-0.12779782626478753,131072.0,1310720.0,3,,0,115.00827554832973,0.1328125,3.6993016242980956,47.944527177473674,10,2
130.07467693396154,0,0,0.6769769825041294,0.4503478840282523,349.6819357458455,263.6436936516268,0.0,192.2034158998007,130.07467693396154,1.0,2,1.0,0.0,0.0,0.0,0.0,0.6864303359552545,0.0,0.37320451771536906,100000000.0,0.10000000149011612,0.0,0.0,0.0,,-0.7212121212121211,0.0,0.4,2.0,0.0,86.03824209421873,,0.1922034158998007,0.1922034158998007,83,0.506627011887341,263.6436936516268,1.0,False,0.1507150992226285,1.3881373630365714,0.24833350165698584,7,3.6,4.6,0.0174654134454972,2,107.66655325988752,0.8563371298012283,0.5916209799345482,,,,0.0,2,,,,,,,,,,,,,,,,,,,,,,,,,,,,,,,,,,,,,,,,,,,,,,,,,,,,,,,,,,,,,,,,,,,,,,,,,,,,,0.9999999999999999,-0.1714592575612146,406323.2,4063232.0,1,,0,192.2034158998007,0.140625,3.5872870445251466,130.07467693396154,10,2
247.48255919765697,0,1,0.6827046163380146,0.398011496401817,516.3625742657888,428.6045123240757,0.0,310.84433339636786,247.48255919765697,1.0,2,1.0,0.0,0.0,0.0,0.0,0.4200110618942932,0.0,0.22464948777912136,100000000.0,0.10000000149011612,0.0,0.0,0.0,,-0.7454545454545454,0.0,0.4,2.0,0.0,87.7580619417131,,0.31084433339636786,0.31084433339636786,83,0.42258526897978405,428.60451232407564,1.0,False,0.14296958927644368,1.3167985800776825,0.1921250059581525,7,1.6,5.3,0.0369826802461514,2,226.88841988749576,0.8979053229645717,0.4706345515188107,,,,0.0,2,,,,,,,,,,,,,,,,,,,,,,,,,,,,,,,,,,,,,,,,,,,,,,,,,,,,,,,,,,,,,,,,,,,,,,,,,,,,,0.9999999999999999,-0.22690696133640575,891289.6,8912896.0,2,,0,310.84433339636786,0.0859375,3.7283531963825225,247.48255919765697,10,2
139.78416874491538,1,1,0.6873868405818939,0.2956773857389778,284.7601064998253,194.48005562234357,0.0,200.56298264720408,139.78416874491538,1.0,2,0.9999999999999998,0.0,0.0,0.0,0.0,0.4273729097410707,0.0,0.23085937152088615,100000000.0,0.10000000149011612,0.0,2.220446049250313e-16,0.0,,-0.5636363636363636,0.0,0.6,3.0,0.0,90.2800508774817,,0.20056298264720407,0.20056298264720407,83,0.28124162502113287,194.48005562234357,1.0,False,0.17421988375765307,1.6046244289741098,0.17634646857995223,8,3.4,5.2,0.01756746068067652,2,111.98299761808056,0.6630040900925438,0.42419289597727283,,,,0.0,2,,,,,,,,,,,,,,,,,,,,,,,,,,,,,,,,,,,,,,,,,,,,,,,,,,,,,,,,,,,,,,,,,,,,,,,,,,,,,0.9999999999999999,-0.18739143320242857,445644.8,4456448.0,3,,0,200.56298264720408,0.1078125,3.707124948501587,139.78416874491538,10,2
125.20200403107611,1,0,0.6672563031315804,0.14689825415926194,222.2437401968413,157.8492214638167,0.0,189.5965227641007,125.20200403107611,1.0,2,1.0,0.0,0.0,0.0,0.0,0.15710842152664486,0.0,0.08931765532130238,100000000.0,0.10000000149011612,0.0,0.0,0.0,,-0.9999999999999999,0.0,0.2,1.0,0.0,75.07010689005256,,0.18959652276410072,0.18959652276410072,84,0.20682533071741616,157.84922146381666,1.0,False,0.13540080721758563,1.247087521114293,0.12607563487932452,6,3.0,6.0,0.07807005983722211,2,119.19340131308404,0.8445614995474826,0.24489078750124588,,,,0.0,2,,,,,,,,,,,,,,,,,,,,,,,,,,,,,,,,,,,,,,,,,,,,,,,,,,,,,,,,,,,,,,,,,,,,,,,,,,,,,0.9999999999999999,-0.16249866499084317,524288.0,5242880.0,1,,0,189.5965227641007,0.134375,3.584603476524353,125.20200403107611,10,2
45.62871456908986,0,1,0.6627240218222141,0.43807529729443123,191.51307777123404,129.52586304949475,0.0,107.61592929082916,45.62871456908986,1.0,2,1.0,0.0,0.0,0.0,0.0,0.9323019025089037,0.0,0.4589191339344412,100000000.0,0.10000000149011612,0.0,0.0,0.0,,-0.38181818181818183,0.0,0.4,2.0,0.0,78.8538116030395,,0.10761592929082915,0.10761592929082915,84,0.6477250682232156,129.52586304949472,1.0,False,0.13191758086263064,1.2150058207925198,0.28386919130358124,7,0.9,5.3,0.03236470581795285,2,40.847608267770525,0.946084794822725,0.6846374360604588,,,,0.0,2,,,,,,,,,,,,,,,,,,,,,,,,,,,,,,,,,,,,,,,,,,,,,,,,,,,,,,,,,,,,,,,,,,,,,,,,,,,,,0.9999999999999999,-0.1197667550767299,191692.8,1916928.0,2,,0,107.61592929082916,0.1078125,3.7029079616069795,45.62871456908986,10,2
108.84651057958247,0,1,0.6767148151993752,0.20783106667153078,214.79623433289157,134.42094432276713,0.0,170.15490383445865,108.84651057958247,1.0,2,1.0000000000000002,0.0,0.0,0.0,0.0,0.3685622830801739,0.0,0.20036213472929712,100000000.0,0.10000000149011612,0.0,-2.220446049250313e-16,2.220446049250313e-16,,-0.23636363636363633,0.0,0.6,3.0,0.0,80.37529001012444,,0.17015490383445864,0.17015490383445864,84,0.19025631661816164,134.42094432276713,1.0,False,0.181573879874758,1.6723572363068375,0.14972323737745152,8,3.4,6.0,0.02785127784409935,2,91.12074659749972,0.5906308766867581,0.3221238918043635,,,,2.220446049250313e-16,2,,,,,,,,,,,,,,,,,,,,,,,,,,,,,,,,,,,,,,,,,,,,,,,,,,,,,,,,,,,,,,,,,,,,,,,,,,,,,0.9999999999999999,-0.17586439185460856,445644.8,4456448.0,3,,0,170.15490383445865,0.1078125,3.7401847004890443,108.84651057958247,10,2
149.5086066587022,0,1,0.6628488190472126,0.24001984833787696,274.56871971998265,189.67747727919271,0.0,208.66677725446735,149.50860665870223,1.0,2,1.0,0.0,0.0,0.0,0.0,0.3288827208595292,0.0,0.166746963845256,100000000.0,0.10000000149011612,0.0,0.0,0.0,,-0.9878787878787878,0.0,0.8,4.0,0.0,84.89124244078994,,0.20866677725446736,0.20866677725446736,85,0.21177459336073173,189.6774772791927,1.0,False,0.24035710000760385,2.2137707018911508,0.15324310863590226,9,3.2,4.2,0.018847087842080577,2,124.26052827918716,0.6140437797012983,0.3448851700179253,,,,0.0,2,,,,,,,,,,,,,,,,,,,,,,,,,,,,,,,,,,,,,,,,,,,,,,,,,,,,,,,,,,,,,,,,,,,,,,,,,,,,,0.9999999999999999,-0.2245119386310356,484966.4,4849664.0,1,,0,208.66677725446735,0.13125,3.614311766624451,149.5086066587022,10,2
216.56679827517158,4,1,0.6697690114378929,0.21573536053917958,353.8224285164884,271.4969220267645,0.0,277.49041933363566,216.56679827517158,1.0,2,1.0,0.0,0.0,0.0,0.0,0.2684709470663203,0.0,0.14530193829536264,100000000.0,0.10000000149011612,0.0,0.0,0.0,,-0.5757575757575757,0.0,0.6,3.0,0.0,82.32550648972392,,0.27749041933363566,0.27749041933363566,85,0.2023231915173528,271.4969220267645,1.0,False,0.1525610699037112,1.405139381326032,0.13911154319214195,8,1.4,5.8,0.04961401436206583,2,197.4268157386391,0.7415963943391704,0.2728211639939824,,,,0.0,2,,,,,,,,,,,,,,,,,,,,,,,,,,,,,,,,,,,,,,,,,,,,,,,,,,,,,,,,,,,,,,,,,,,,,,,,,,,,,0.9999999999999999,-0.21502574461867344,943718.4,9437184.0,2,,0,277.49041933363566,0.1328125,3.717379891872406,216.56679827517158,10,2
100.1979218358798,0,0,0.670239794999361,0.47987954292013624,321.73470155124676,251.18101228748574,0.0,167.34080002928803,100.1979218358798,1.0,2,1.0,0.0,0.0,0.0,0.0,0.7053968854690819,0.0,0.3746588512370629,100000000.0,0.10000000149011612,0.0,0.0,0.0,,-0.6848484848484848,0.0,0.2,1.0,0.0,70.55368926376104,,0.16734080002928806,0.16734080002928806,85,0.6010927700171873,251.18101228748574,1.0,False,0.1396500761476177,1.2862247342919517,0.25951907263353274,6,3.8,4.8,0.026164376370663454,2,97.19597061923115,0.9805049166845956,0.6130441161373025,,,,0.0,2,,,,,,,,,,,,,,,,,,,,,,,,,,,,,,,,,,,,,,,,,,,,,,,,,,,,,,,,,,,,,,,,,,,,,,,,,,,,,0.9999999999999999,-0.1534954380884529,367001.6,3670016.0,3,,0,167.34080002928806,0.1203125,3.702385127544403,100.19792183587981,10,2
153.37212753625056,1,1,0.7283720187842846,0.2811325327610665,294.95183844585216,236.2926849210659,0.0,212.03128106103682,153.37212753625056,1.0,2,1.0,0.0,0.0,0.0,0.0,0.25395388650925255,0.0,0.13560816296022993,100000000.0,0.10000000149011612,0.0,0.0,0.0,,-0.9030303030303028,0.0,0.2,1.0,0.0,75.36468608304858,,0.21203128106103683,0.21203128106103683,86,0.3509230825851216,236.2926849210659,1.0,False,0.143468322932787,1.3213920868075646,0.1540649456435404,6,3.0,5.2,0.06245693618475827,2,143.82062331891925,0.8967092973613383,0.39134542668147837,,,,0.0,2,0.011123102402004103,0.0,0.0,0.0,0.0,0.0,0.0,0.0,0.0,0.0,0.0,0.0,0.0,0.0,0.10000000149011612,0.0,0.0,0.0,0.0,0.0,0.0,0.1718750074505806,0.007524639257850752,0.11250000430736691,0.6131599843502045,1.054575365781784,-0.0034534902622297635,True,0.17758493795990943,0.3883026883006096,0.30892306864261626,0.6652119845151901,0.8466842651367188,1,1.0632673263549806,0.4999994903802872,0.49999967217445374,1.0632673263549806,1.4291713237762451,False,0.22295911610126495,-0.8257649540901184,-0.008405598206445574,5,1,10,2.534397618845105,0.014721565825554239,0.23125000894069672,2.02966822385788,0.31156696677207946,0.6384778082370758,1.551536202430725,-0.013357701649267995,0.023145129071325266,-1.682544469833374,0.4753417670726776,-0.16693934798240662,0.029049014672636986,0.005242899229605857,-1.731407880783081,0.48281705379486084,-0.17229719460010529,0.03743823617696762,0.042063232563125386,-1.5698812007904053,0.44385436177253723,-0.15193068981170654,0.02934219315648079,0.0,-0.6028058528900146,48,86,0.10695828979369253,0.24084479047451168,0.007895339402602985,0.9030303030303028,-0.17774980199691193,524288.0,5242880.0,1,,0,212.03128106103682,0.121875,3.62237491607666,153.3721275362506,10,2
119.37114244793037,0,1,0.7093660533428192,0.19033894417273786,228.79074108265877,162.91893054210186,0.0,185.24295298848725,119.37114244793035,1.0,2,1.0,0.0,0.0,0.0,0.0,0.18865219717855713,0.0,0.10367649808062146,100000000.0,0.10000000149011612,0.0,0.0,0.0,,-0.9272727272727272,0.0,0.2,1.0,0.0,77.07968819886446,,0.18524295298848725,0.18524295298848725,86,0.2672972867503434,162.91893054210186,1.0,False,0.12404599815487696,1.1425058647879465,0.13648100135522037,6,3.0,5.4,0.07634897714489443,2,112.59325902633601,0.8653195632079941,0.3089000851424112,,,,0.0,2,0.011123102402004103,0.0,0.0,0.0,0.0,0.0,0.0,0.0,0.0,0.0,0.0,0.0,0.0,0.0,0.10000000149011612,0.0,0.0,0.0,0.0,0.0,0.0,0.1718750074505806,0.007524639257850752,0.11250000430736691,0.6131599843502045,1.054575365781784,-0.0034534902622297635,True,0.17758493795990943,0.3883026883006096,0.30892306864261626,0.6652119845151901,0.8466842651367188,1,1.0632673263549806,0.4999994903802872,0.49999967217445374,1.0632673263549806,1.4291713237762451,False,0.22295911610126495,-0.8257649540901184,-0.008405598206445574,5,1,10,2.534397618845105,0.014721565825554239,0.23125000894069672,2.02966822385788,0.31156696677207946,0.6384778082370758,1.551536202430725,-0.013357701649267995,0.023145129071325266,-1.682544469833374,0.4753417670726776,-0.16693934798240662,0.029049014672636986,0.005242899229605857,-1.731407880783081,0.48281705379486084,-0.17229719460010529,0.03743823617696762,0.042063232563125386,-1.5698812007904053,0.44385436177253723,-0.15193068981170654,0.02934219315648079,0.0,-0.6028058528900146,48,86,0.10695828979369253,0.24084479047451168,0.007895339402602985,0.9272727272727272,-0.1546444755716821,524288.0,5242880.0,2,,0,185.24295298848725,0.125,3.6788606524467466,119.37114244793035,10,2
94.3073151992171,7,0,0.753398984670639,0.6214148008720911,436.8601105074327,365.7786537791531,0.0,165.38877192749672,94.30731519921711,1.0,2,1.0,0.0,0.0,0.0,0.0,1.0448874284346172,0.0,0.47739321212954333,100000000.0,0.10000000149011612,0.0,0.0,0.0,,-0.6,0.0,0.2,1.0,0.0,73.93970619887114,,0.1653887719274967,0.1653887719274967,86,0.7421738140680095,365.7786537791531,1.0,False,0.12928735040078848,1.1907805029822134,0.3878581984933759,6,4.2,6.0,0.026282178793373263,2,93.62872990759428,0.9975065754861535,0.7440289942011632,,,,0.0,2,0.011123102402004103,0.0,0.0,0.0,0.0,0.0,0.0,0.0,0.0,0.0,0.0,0.0,0.0,0.0,0.10000000149011612,0.0,0.0,0.0,0.0,0.0,0.0,0.1718750074505806,0.007524639257850752,0.11250000430736691,0.6131599843502045,1.054575365781784,-0.0034534902622297635,True,0.17758493795990943,0.3883026883006096,0.30892306864261626,0.6652119845151901,0.8466842651367188,1,1.0632673263549806,0.4999994903802872,0.49999967217445374,1.0632673263549806,1.4291713237762451,False,0.22295911610126495,-0.8257649540901184,-0.008405598206445574,5,1,10,2.534397618845105,0.014721565825554239,0.23125000894069672,2.02966822385788,0.31156696677207946,0.6384778082370758,1.551536202430725,-0.013357701649267995,0.023145129071325266,-1.682544469833374,0.4753417670726776,-0.16693934798240662,0.029049014672636986,0.005242899229605857,-1.731407880783081,0.48281705379486084,-0.17229719460010529,0.03743823617696762,0.042063232563125386,-1.5698812007904053,0.44385436177253723,-0.15193068981170654,0.02934219315648079,0.0,-0.6028058528900146,48,86,0.10695828979369253,0.24084479047451168,0.007895339402602985,0.9999999999999999,-0.1473380611641426,288358.4,2883584.0,3,,0,165.38877192749672,0.1453125,3.6232840180397035,94.30731519921711,10,2
36.21439008749176,0,1,0.6853765808045864,0.20700735951790947,134.33631094142922,60.85182450682051,0.0,106.52770592606711,36.21439008749175,1.0,2,1.0,0.0,0.0,0.0,0.0,0.35503680163014206,0.0,0.1832748270256267,100000000.0,0.10000000149011612,0.0,0.0,0.0,,-0.9757575757575757,0.0,0.0,0.0,0.0,73.4844864346087,,0.10652770592606711,0.10652770592606711,87,0.4048758540767713,60.85182450682051,1.0,False,0.14595384924504562,1.3442846301469693,0.18415827949982463,5,5.0,6.0,0.06210547836945095,2,34.33675796954767,0.9291862188878667,0.43573166050758155,,,,0.0,2,,,,,,,,,,,,,,,,,,,,,,,,,,,,,,,,,,,,,,,,,,,,,,,,,,,,,,,,,,,,,,,,,,,,,,,,,,,,,0.9757575757575757,-0.12624077758555635,131072.0,1310720.0,1,,0,106.52770592606711,0.121875,3.6075220704078674,36.21439008749175,10,2
53.739743983978556,1,1,0.7680701091885567,0.21427519400366576,147.75905316417365,61.68413884659557,0.0,116.09795338162237,53.739743983978556,1.0,2,1.0,0.0,0.0,0.0,0.0,0.3838845795955924,0.0,0.17773607643635267,100000000.0,0.10000000149011612,0.0,0.0,0.0,,-0.5151515151515151,0.0,0.6,3.0,0.0,86.07491431757808,,0.11609795338162238,0.11609795338162238,87,0.1287915339529048,61.684138846595566,1.0,False,0.17510417773754963,1.6127690775178467,0.20545601234775973,8,5.0,6.0,0.0648646913395871,2,33.50723394053199,0.281947037444393,0.4567933577890696,,,,0.0,2,,,,,,,,,,,,,,,,,,,,,,,,,,,,,,,,,,,,,,,,,,,,,,,,,,,,,,,,,,,,,,,,,,,,,,,,,,,,,0.5151515151515151,-0.14560106555958602,131072.0,1310720.0,2,,0,116.09795338162237,0.1359375,3.6706305265426638,53.739743983978556,10,2
28.9595960245488,4,1,0.7171859033405781,0.11845256392003804,138.22637832356241,45.33286493835594,0.0,121.85310940975528,28.959596024548805,1.0,2,0.9999999999999999,0.0,0.0,0.0,0.0,0.21966353225270108,0.0,0.11106725334374701,100000000.0,0.10000000149011612,0.0,1.1102230246251565e-16,0.0,,-0.9999999999999999,0.0,0.0,0.0,0.0,92.89351338520646,,0.12185310940975527,0.12185310940975527,87,0.36117878135590287,45.33286493835593,1.0,False,0.05917326419449009,0.2725029520760624,0.15653831945696917,10,5.0,6.0,0.07862240578232599,1,28.9595960245488,1.0,0.36117878135590287,,,,0.0,1,,,,,,,,,,,,,,,,,,,,,,,,,,,,,,,,,,,,,,,,,,,,,,,,,,,,,,,,,,,,,,,,,,,,,,,,,,,,,0.9999999999999999,-0.09051318680212268,131072.0,1310720.0,3,,0,121.85310940975528,0.1421875,3.589566648006439,28.959596024548805,10,1
49.45451665555872,0,1,0.6948160007596016,0.1336030329793247,129.3424270542322,45.73022997546775,0.0,112.0618865068797,49.45451665555872,1.0,2,1.0,0.0,0.0,0.0,0.0,0.40600067835130565,0.0,0.2198741286791788,100000000.0,0.10000000149011612,0.0,0.0,0.0,,-0.8181818181818182,0.0,0.6,3.0,0.0,83.61219707876444,,0.1120618865068797,0.1120618865068797,88,-0.08144036629793651,45.73022997546775,1.0,False,0.19066774049121393,1.7561147878797057,0.16074070014372488,8,5.0,6.0,0.040459664434318005,2,30.500943403037745,-0.24454767873586064,0.33302449125228206,,,,0.0,2,,,,,,,,,,,,,,,,,,,,,,,,,,,,,,,,,,,,,,,,,,,,,,,,,,,,,,,,,,,,,,,,,,,,,,,,,,,,,0.8181818181818182,-0.15136481349904682,131072.0,1310720.0,1,,0,112.0618865068797,0.1265625,3.621579611301422,49.45451665555872,10,2
21.742008175890348,0,1,0.6865039467811584,0.17229538919806944,110.26100636968586,40.739471181726195,0.0,91.26354336385002,21.742008175890348,1.0,2,1.0,0.0,0.0,0.0,0.0,0.47960266587820005,0.0,0.26323089677390527,100000000.0,0.10000000149011612,0.0,0.0,0.0,,-0.7212121212121211,0.0,0.0,0.0,0.0,70.45611692592502,,0.09126354336385002,0.09126354336385002,88,0.46631589597945516,40.73947118172619,1.0,False,0.1202125301853998,1.1071983199839934,0.1873767632324878,5,2.5,6.0,0.04112534965858908,2,21.457069047105417,0.9852228406608461,0.47331007436517614,,,,0.0,2,,,,,,,,,,,,,,,,,,,,,,,,,,,,,,,,,,,,,,,,,,,,,,,,,,,,,,,,,,,,,,,,,,,,,,,,,,,,,0.9878787878787878,-0.10573803677462491,90112.0,901120.0,2,,0,91.26354336385002,0.1359375,3.637282818555832,21.742008175890348,10,2
72.05050997468207,6,0,0.7135346531867981,0.3635107502942566,224.28589575481055,153.5808442209327,0.0,142.75556150855994,72.05050997468207,1.0,2,1.0,0.0,0.0,0.0,0.0,0.6519337565489944,0.0,0.3510563417310696,100000000.0,0.10000000149011612,0.0,0.0,0.0,,-0.309090909090909,0.0,0.2,1.0,0.0,72.99360679462552,,0.14275556150855995,0.14275556150855995,88,0.5308626519135793,153.5808442209327,1.0,False,0.13634500498502292,1.2557839039308505,0.21315719246803347,6,4.2,5.6,0.0372769726812323,2,71.34644553395347,0.9914383220164522,0.5354469765036679,,,,0.0,2,,,,,,,,,,,,,,,,,,,,,,,,,,,,,,,,,,,,,,,,,,,,,,,,,,,,,,,,,,,,,,,,,,,,,,,,,,,,,0.9999999999999999,-0.13955028324679142,288358.4,2883584.0,3,,0,142.75556150855994,0.125,3.66992849111557,72.05050997468207,10,2
154.4804663387385,1,1,0.6892504170536995,0.27660194741937366,300.53524589074595,215.05937687961207,0.0,217.40661160920533,154.4804663387385,1.0,2,1.0,0.0,0.0,0.0,0.0,0.3276442657725454,0.0,0.1808941515810753,100000000.0,0.10000000149011612,0.0,0.0,0.0,,-0.9878787878787878,0.0,0.6,3.0,0.0,85.47586901113391,,0.21740661160920532,0.21740661160920532,89,0.2816845813460391,215.05937687961205,1.0,False,0.1971663272575909,1.8159689839348576,0.1630092976394388,8,3.0,4.2,0.061154187329021635,2,134.81069700918647,0.7548898080153837,0.3731466213414537,,,,0.0,2,,,,,,,,,,,,,,,,,,,,,,,,,,,,,,,,,,,,,,,,,,,,,,,,,,,,,,,,,,,,,,,,,,,,,,,,,,,,,0.9878787878787878,-0.20728646943339812,524288.0,5242880.0,1,,0,217.40661160920533,0.115625,3.635983109474182,154.4804663387385,10,2
149.20738390435716,0,0,0.6920620799064636,0.37718714843973244,351.4465019472671,281.7684878029657,0.0,218.88539804865854,149.20738390435713,1.0,2,1.0,0.0,0.0,0.0,0.0,0.63434389826382,0.0,0.34358643368430114,100000000.0,0.10000000149011612,0.0,0.0,0.0,,-0.6121212121212121,0.0,0.0,0.0,0.0,73.2966223731637,,0.21888539804865856,0.21888539804865856,89,0.4704610687029896,281.7684878029657,1.0,False,0.13108147222077676,1.207304975613095,0.18884352800098758,5,3.0,5.0,0.03188049189504445,2,148.4973204449594,0.9946720399207554,0.47298109308518493,,,,0.0,2,,,,,,,,,,,,,,,,,,,,,,,,,,,,,,,,,,,,,,,,,,,,,,,,,,,,,,,,,,,,,,,,,,,,,,,,,,,,,0.9999999999999999,-0.17498343513471765,655360.0,6553600.0,2,,0,218.88539804865854,0.153125,3.6158390939235687,149.20738390435713,10,2
215.58487017654446,0,1,0.7038479670882225,0.4116947083319127,475.52936367815283,390.01081308474687,0.0,279.7564409954157,215.58487017654443,1.0,2,1.0000000000000002,0.0,0.0,0.0,0.0,0.6742133636520404,0.0,0.3774735528262618,100000000.0,0.10000000149011612,0.0,-2.220446049250313e-16,2.220446049250313e-16,,-0.49090909090909085,0.0,0.4,2.0,0.0,85.51855059340596,,0.27975644099541574,0.27975644099541574,89,0.4472336075212888,390.01081308474687,1.0,False,0.14819858188824422,1.3649593818349142,0.2007902846749161,7,2.2,5.3,0.012596845331709981,2,195.16483757442512,0.8951991050950006,0.4995912138158666,,,,2.220446049250313e-16,2,,,,,,,,,,,,,,,,,,,,,,,,,,,,,,,,,,,,,,,,,,,,,,,,,,,,,,,,,,,,,,,,,,,,,,,,,,,,,0.9999999999999999,-0.2139775114418302,773324.8,7733248.0,3,,0,279.75644099541574,0.134375,3.651468652486801,215.58487017654446,10,2
138.831390818114,0,0,0.688387081027031,0.5179274879012209,427.90807994869965,360.45674771857875,0.0,206.28272304823486,138.83139081811396,1.0,2,1.0,0.0,0.0,0.0,0.0,0.7840104156283212,0.0,0.41880968511173494,100000000.0,0.10000000149011612,0.0,0.0,0.0,,0.04242424242424241,0.0,0.0,0.0,0.0,72.05428602173924,,0.2062827230482349,0.2062827230482349,90,0.6148459095389038,360.4567477185787,1.0,False,0.14198864129919433,1.3077637153200143,0.25963634419741644,5,3.0,6.0,0.01921713566918004,2,138.1782744109545,0.9970617199342753,0.6166578229273846,,,,0.0,2,,,,,,,,,,,,,,,,,,,,,,,,,,,,,,,,,,,,,,,,,,,,,,,,,,,,,,,,,,,,,,,,,,,,,,,,,,,,,0.9999999999999999,-0.1741356821737146,589824.0,5898240.0,1,0.1,0,206.28272304823489,0.1234375,3.583284378051758,138.83139081811396,10,2
110.7713565971069,0,0,0.6926367059350014,0.5000438006003007,361.5847583947606,291.5795734239645,0.0,180.77654156790302,110.7713565971069,1.0,2,1.0,0.0,0.0,0.0,0.0,0.947436395214464,0.0,0.48371957660721193,100000000.0,0.10000000149011612,0.0,0.0,0.0,,-0.6848484848484848,0.0,0.2,1.0,0.0,72.75884132832289,,0.18077654156790302,0.18077654156790302,90,0.6200990511909338,291.5795734239645,1.0,False,0.12348437222060493,1.137333098771572,0.2632265076291211,6,3.8,5.6,0.02312861719912949,2,110.36591667625007,0.9977626414690075,0.6214895461288878,,,,0.0,2,,,,,,,,,,,,,,,,,,,,,,,,,,,,,,,,,,,,,,,,,,,,,,,,,,,,,,,,,,,,,,,,,,,,,,,,,,,,,0.9999999999999999,-0.15213045689425397,498073.6,4980736.0,2,0.1,0,180.77654156790302,0.1421875,3.53862327337265,110.77135659710692,10,2
131.23830460385483,7,0,0.7005743682384491,0.3790937929558597,310.27714248685993,247.51783061711947,0.0,192.65300367401048,131.23830460385483,1.0,2,1.0,0.0,0.0,0.0,0.0,0.8024899892806181,0.0,0.4193013061818733,100000000.0,0.10000000149011612,0.0,0.0,0.0,,-0.7575757575757575,0.0,0.0,0.0,0.0,62.759311869740486,,0.19265300367401048,0.19265300367401048,90,0.46978242223339123,247.51783061711944,1.0,False,0.12527317974518015,1.1538086249328618,0.19055415792638428,5,3.0,5.5,0.016306146276891642,2,130.02955339105517,0.9897117291925743,0.4746659136965555,,,,0.0,2,,,,,,,,,,,,,,,,,,,,,,,,,,,,,,,,,,,,,,,,,,,,,,,,,,,,,,,,,,,,,,,,,,,,,,,,,,,,,0.9999999999999999,-0.15896309170959533,589824.0,5898240.0,3,0.1,0,192.65300367401048,0.128125,3.701141268014908,131.23830460385486,10,2
120.61173398464446,0,0,0.7036151364445686,0.5403501082454829,374.8546907572164,297.33764602673193,0.0,172.30191803022748,120.61173398464446,1.0,2,1.0,0.0,0.0,0.0,0.0,0.8037256687715689,0.0,0.3741863086448452,100000000.0,0.10000000149011612,0.0,0.0,0.0,,-0.49090909090909085,0.0,0.4,2.0,0.0,77.51704473048449,,0.17230191803022749,0.17230191803022749,91,0.5943610383805857,297.33764602673193,1.0,False,0.16724370265117197,1.5403714264868695,0.31369736085044503,7,3.6,6.0,0.019694733001111322,2,96.4228822237731,0.8796063997338002,0.6757124988636513,,,,0.0,2,,,,,,,,,,,,,,,,,,,,,,,,,,,,,,,,,,,,,,,,,,,,,,,,,,,,,,,,,,,,,,,,,,,,,,,,,,,,,0.9999999999999999,-0.16977281034069974,406323.2,4063232.0,1,,0,172.30191803022748,0.109375,3.76168572306633,120.61173398464446,10,2
60.32585443704378,0,0,0.6887149065732956,0.1438814984015452,122.4348179643039,77.94195950226825,0.0,104.81871289907943,60.32585443704378,1.0,2,1.0,0.0,0.0,0.0,0.0,0.20787140720964944,0.0,0.11610462352624457,100000000.0,0.10000000149011612,0.0,0.0,0.0,,-0.9999999999999999,0.0,0.6,3.0,0.0,74.64056741446257,,0.10481871289907943,0.10481871289907943,91,0.22601568112631035,77.94195950226823,1.0,False,0.17835947798034718,1.6427515007669888,0.1378634017780268,8,4.8,6.0,0.07079604372198847,2,36.63141061808297,0.4264311547786853,0.5300168118429593,,,,0.0,2,,,,,,,,,,,,,,,,,,,,,,,,,,,,,,,,,,,,,,,,,,,,,,,,,,,,,,,,,,,,,,,,,,,,,,,,,,,,,0.7212121212121211,-0.14158909543971332,157286.4,1572864.0,2,,0,104.81871289907943,0.0859375,3.8437111496925356,60.32585443704377,10,2
118.92249409170253,0,1,0.7069199346005917,0.15156201340566794,216.51525863678984,151.73798262374333,0.0,183.69977010474904,118.92249409170253,1.0,2,1.0,0.0,0.0,0.0,0.0,0.15805233089853765,0.0,0.08797144370197416,100000000.0,0.10000000149011612,0.0,0.0,0.0,,-0.9999999999999999,0.0,0.0,0.0,0.0,68.24488611891866,,0.18369977010474905,0.18369977010474905,91,0.2162641677753923,151.73798262374333,1.0,False,0.1341566351004878,1.2356282724345,0.1275940130441062,5,3.0,5.5,0.07500216662952643,2,117.15104321901421,0.9487826646943465,0.22793857415708849,,,,0.0,2,,,,,,,,,,,,,,,,,,,,,,,,,,,,,,,,,,,,,,,,,,,,,,,,,,,,,,,,,,,,,,,,,,,,,,,,,,,,,0.9999999999999999,-0.15892820260261842,524288.0,5242880.0,3,,0,183.69977010474906,0.1125,3.7471235394477844,118.92249409170255,10,2
122.28975531200224,0,1,0.7020123302936554,0.2497139380462605,256.32535092583703,185.62048845044183,0.0,192.31733812505658,122.28975531200226,1.0,2,1.0,0.0,0.0,0.0,0.0,0.21264295641566525,0.0,0.1080698383869663,100000000.0,0.10000000149011612,0.0,0.0,0.0,,-0.9878787878787878,0.0,0.2,1.0,0.0,70.7048624753952,,0.19231733812505658,0.19231733812505658,92,0.3411839590937614,185.6204884504418,1.0,False,0.14830998409972293,1.365985434120824,0.1526327685205368,6,3.0,5.6,0.07839286502216072,2,121.87052197711859,0.9934237873668673,0.3434425100672203,,,,0.0,2,,,,,,,,,,,,,,,,,,,,,,,,,,,,,,,,,,,,,,,,,,,,,,,,,,,,,,,,,,,,,,,,,,,,,,,,,,,,,0.9878787878787878,-0.17031366111238977,524288.0,5242880.0,1,,0,192.31733812505658,0.1265625,3.5806227803230284,122.28975531200224,10,2
124.42602750764833,0,1,0.6901980377733707,0.3742994071636969,305.6853810237884,225.70867006724467,0.0,191.2675241279756,124.42602750764834,1.0,2,1.0,0.0,0.0,0.0,0.0,0.5093281691105264,0.0,0.2766980838744984,100000000.0,0.10000000149011612,0.0,0.0,0.0,,-0.6848484848484848,0.0,0.6,3.0,0.0,79.97671095654368,,0.1912675241279756,0.1912675241279756,92,0.4487317325002248,225.70867006724467,1.0,False,0.18831985033780155,1.7344899204107662,0.2028097950183579,8,3.4,5.2,0.019511344977202666,2,111.94498619182762,0.8902897577623388,0.5040288609273351,,,,0.0,2,,,,,,,,,,,,,,,,,,,,,,,,,,,,,,,,,,,,,,,,,,,,,,,,,,,,,,,,,,,,,,,,,,,,,,,,,,,,,0.9999999999999999,-0.18979368723288859,445644.8,4456448.0,2,,0,191.2675241279756,0.1453125,3.632150721549988,124.42602750764836,10,2
96.46953654814642,1,0,0.9298431687057018,0.41758478756078976,280.4879350807979,202.73180960086128,0.0,163.3604402967183,96.46953654814642,1.0,2,1.0,0.0,0.0,0.0,0.0,0.652291304173076,0.0,0.3486353066716391,100000000.0,0.10000000149011612,0.0,0.0,0.0,,-0.32121212121212117,0.0,0.2,1.0,0.0,77.7561254799366,,0.1633604402967183,0.1633604402967183,92,0.5241519486356098,202.73180960086128,1.0,False,0.13510815723429467,1.2443921151583304,0.2368242886293369,6,3.8,4.8,0.02703026977488344,2,86.9347421817547,0.9176594487329955,0.5711835140577497,,,,0.0,2,,,,,,,,,,,,,,,,,,,,,,,,,,,,,,,,,,,,,,,,,,,,,,,,,,,,,,,,,,,,,,,,,,,,,,,,,,,,,0.9999999999999999,-0.14923429876550648,367001.6,3670016.0,3,,0,163.3604402967183,0.165625,3.515121114253998,96.46953654814642,10,2
132.38142489144792,0,0,0.9125201031565666,0.2818954860624943,288.1860625146768,210.23598026101203,0.0,206.9477123456656,132.38142489144792,1.0,2,1.0,0.0,0.0,0.0,0.0,0.310851292971803,0.0,0.16458815014465064,100000000.0,0.10000000149011612,0.0,0.0,0.0,,-0.9757575757575757,0.0,0.0,0.0,0.0,77.95008225366473,,0.20694771234566559,0.20694771234566559,93,0.37031984379127764,210.235980261012,1.0,False,0.14036527447269195,1.2928119542993528,0.16297662221474313,5,3.0,5.0,0.06876489431885449,2,130.4923457686577,0.9763105966411484,0.3793053614959297,,,,0.0,2,,,,,,,,,,,,,,,,,,,,,,,,,,,,,,,,,,,,,,,,,,,,,,,,,,,,,,,,,,,,,,,,,,,,,,,,,,,,,0.9757575757575757,-0.17365649340917877,524288.0,5242880.0,1,,0,206.9477123456656,0.103125,3.716000199317932,132.38142489144792,10,2
39.419923988025005,5,0,0.9665219113230705,0.08742346341020069,115.92279608032172,29.46889307951991,0.0,105.78842375878556,39.41992398802501,1.0,2,1.0,0.0,0.0,0.0,0.0,0.5008566239697891,0.0,0.25788004831279787,100000000.0,0.10000000149011612,0.0,0.0,0.0,,-0.6,0.0,0.4,2.0,0.0,86.4539030008018,,0.10578842375878555,0.10578842375878555,93,-0.3376791548176882,29.468893079519905,1.0,False,0.14247672530034208,1.3122591351007014,0.15241594787060556,7,3.5,4.5,0.023794972378926107,2,20.84568408606956,-1.1539823418478306,0.2926207296005714,,,,0.0,2,,,,,,,,,,,,,,,,,,,,,,,,,,,,,,,,,,,,,,,,,,,,,,,,,,,,,,,,,,,,,,,,,,,,,,,,,,,,,0.9999999999999999,-0.12413257452956382,106496.0,1064960.0,2,,0,105.78842375878556,0.134375,3.668188065290451,39.41992398802501,10,2
51.64063999505261,0,1,0.9270822629332542,0.18356579373599402,144.83758396366852,54.18842387283462,0.0,118.25035790057403,51.64063999505261,1.0,2,1.0000000000000002,0.0,0.0,0.0,0.0,0.5131249936682915,0.0,0.2815014964712001,100000000.0,0.10000000149011612,0.0,-2.220446049250313e-16,2.220446049250313e-16,,-0.8545454545454544,0.0,0.6,3.0,0.0,90.6491600908339,,0.11825035790057403,0.11825035790057403,93,0.04701712461246241,54.18842387283461,1.0,False,0.15029910841627558,1.3843059461184484,0.196326348756184,8,4.0,6.0,0.01755349063233746,2,28.544100286992116,0.09935079274964996,0.47324357774314857,,,,2.220446049250313e-16,2,,,,,,,,,,,,,,,,,,,,,,,,,,,,,,,,,,,,,,,,,,,,,,,,,,,,,,,,,,,,,,,,,,,,,,,,,,,,,0.9999999999999999,-0.13427473315842503,114688.0,1146880.0,3,,0,118.25035790057403,0.1359375,3.6147759318351746,51.64063999505261,10,2
63.26352411973014,3,0,0.9141811169683933,0.47194878273966795,256.68315571458356,184.40482700900455,0.0,135.5418528253092,63.26352411973014,1.0,2,1.0,0.0,0.0,0.0,0.0,0.7547511321634109,0.0,0.3520267213934833,100000000.0,0.10000000149011612,0.0,0.0,0.0,,-0.7575757575757575,0.0,0.4,2.0,0.0,89.8641413077712,,0.1355418528253092,0.1355418528253092,94,0.6569313008458235,184.40482700900455,1.0,False,0.16535646285918562,1.5229893056391377,0.2914868078800147,7,4.4,5.7,0.047213731333832804,2,56.318523906353995,0.9457787441346457,0.6945930059433643,,,,0.0,2,,,,,,,,,,,,,,,,,,,,,,,,,,,,,,,,,,,,,,,,,,,,,,,,,,,,,,,,,,,,,,,,,,,,,,,,,,,,,0.9999999999999999,-0.1504491578422474,249036.8,2490368.0,1,,0,135.5418528253092,0.128125,3.635969799757004,63.26352411973014,10,2
116.26163287197866,0,0,0.9052176028490067,0.14200138060521772,223.35790595934827,142.2032922037049,0.0,191.64077494403043,116.26163287197866,1.0,2,1.0,0.0,0.0,0.0,0.0,0.14239388802675731,0.0,0.07973887318759004,100000000.0,0.10000000149011612,0.0,0.0,0.0,,-0.9999999999999999,0.0,0.2,1.0,0.0,81.15461375564337,,0.19164077494403042,0.19164077494403042,94,0.18242657346192132,142.2032922037049,1.0,False,0.13253632823276773,1.2207046946757476,0.12870688118237522,6,3.0,5.4,0.08033119282946181,2,112.67651979213113,0.8785809356378466,0.20763775545559762,,,,0.0,2,,,,,,,,,,,,,,,,,,,,,,,,,,,,,,,,,,,,,,,,,,,,,,,,,,,,,,,,,,,,,,,,,,,,,,,,,,,,,0.9999999999999999,-0.16208855158839908,524288.0,5242880.0,2,,0,191.64077494403043,0.1390625,3.552522122859955,116.26163287197868,10,2
308.465016595759,0,1,0.9319167584180832,0.14266307225643188,435.5343352317757,352.0112811759316,0.0,373.39966889444787,308.465016595759,1.0,2,1.0,0.0,0.0,0.0,0.0,0.14363139815526263,0.0,0.07690051276740627,100000000.0,0.10000000149011612,0.0,0.0,0.0,,-0.9636363636363635,0.0,0.8,4.0,0.0,104.24592765048146,,0.37339966889444787,0.37339966889444787,94,0.12370701426017255,352.0112811759316,1.0,False,0.21315695103372306,1.96324807167325,0.12308519511939747,9,1.0,5.7,0.07513924511108581,2,273.6398293436679,0.5556393758453458,0.22263903466518292,,,,0.0,2,,,,,,,,,,,,,,,,,,,,,,,,,,,,,,,,,,,,,,,,,,,,,,,,,,,,,,,,,,,,,,,,,,,,,,,,,,,,,0.9636363636363635,-0.29327830996408544,1048576.0,10485760.0,3,,0,373.39966889444787,0.128125,3.5456281185150145,308.465016595759,10,2
71.21447079598573,0,0,0.9106742218136787,0.28138703918726093,198.68469584118978,115.32721781488911,0.0,142.7773975466159,71.21447079598573,1.0,2,1.0,0.0,0.0,0.0,0.0,0.5008591414603503,0.0,0.26992322528935514,100000000.0,0.10000000149011612,0.0,0.0,0.0,,0.09090909090909088,0.0,0.2,1.0,0.0,83.35747802630067,,0.1427773975466159,0.1427773975466159,95,0.3825007474793021,115.3272178148891,1.0,False,0.14232428511085352,1.310855109069143,0.19408847865480466,6,4.2,5.6,0.04583189856832594,2,65.79666987756876,0.8906169799439111,0.42947839092781614,,,,0.0,2,,,,,,,,,,,,,,,,,,,,,,,,,,,,,,,,,,,,,,,,,,,,,,,,,,,,,,,,,,,,,,,,,,,,,,,,,,,,,0.9999999999999999,-0.1425508413287347,288358.4,2883584.0,1,,0,142.7773975466159,0.128125,3.656092572212219,71.21447079598573,10,2
87.41594940931995,0,1,0.9289649315178394,0.13794232369445358,180.79484333009998,112.35521021024863,0.0,155.8555825291713,87.41594940931995,1.0,2,1.0,0.0,0.0,0.0,0.0,0.18134020954183974,0.0,0.10231953099520003,100000000.0,0.10000000149011612,0.0,0.0,0.0,,-0.7818181818181817,0.0,0.6,3.0,0.0,97.39086590707302,,0.1558555825291713,0.1558555825291713,95,0.2219679955585524,112.35521021024863,1.0,False,0.1622996542095944,1.4948350575244018,0.12852941707943033,8,3.8,5.2,0.07233084976491452,2,65.55559678375819,0.5328945898260791,0.41653264978913773,,,,0.0,2,,,,,,,,,,,,,,,,,,,,,,,,,,,,,,,,,,,,,,,,,,,,,,,,,,,,,,,,,,,,,,,,,,,,,,,,,,,,,0.9878787878787878,-0.15907761836938286,314572.8,3145728.0,2,,0,155.8555825291713,0.15,3.5718120455741884,87.41594940931995,10,2
69.34041045234018,0,1,0.9065638296306133,0.33307218311176434,201.5295978192515,136.46431355963418,0.0,134.40569471195755,69.34041045234018,1.0,2,1.0,0.0,0.0,0.0,0.0,0.354955814952725,0.0,0.16296916695458338,100000000.0,0.10000000149011612,0.0,0.0,0.0,,-0.9636363636363635,0.0,0.8,4.0,0.0,100.22854572162032,,0.13440569471195754,0.13440569471195754,95,0.4918788022772064,136.46431355963418,1.0,False,0.21502019191092664,1.9804091543472744,0.1968034406912407,9,4.8,6.0,0.07072517044207534,2,41.09739983198511,0.7038489606467491,0.6988414131140172,,,,0.0,2,,,,,,,,,,,,,,,,,,,,,,,,,,,,,,,,,,,,,,,,,,,,,,,,,,,,,,,,,,,,,,,,,,,,,,,,,,,,,0.9999999999999999,-0.1747129433114421,170393.6,1703936.0,3,,0,134.40569471195755,0.1296875,3.581858032941818,69.34041045234018,10,2
36.86041376604447,0,1,0.9105857461690903,0.3559699275268998,174.33083849779706,95.05340224883896,0.0,112.27430255203257,36.86041376604447,1.0,2,0.9999999999999998,0.0,0.0,0.0,0.0,0.6498521566812316,0.0,0.25494424359711954,100000000.0,0.10000000149011612,0.0,2.220446049250313e-16,0.0,,-0.8666666666666665,0.0,0.0,0.0,0.0,79.27743624895811,,0.11227430255203258,0.11227430255203258,96,0.6122136305069006,95.05340224883896,1.0,False,0.14701998427188764,1.3541040966266702,0.28806796795725553,5,5.0,6.0,0.0633459933878348,2,34.5298474542168,0.9614932348283886,0.6367321249183527,,,,0.0,2,,,,,,,,,,,,,,,,,,,,,,,,,,,,,,,,,,,,,,,,,,,,,,,,,,,,,,,,,,,,,,,,,,,,,,,,,,,,,0.8666666666666665,-0.1296471434119601,131072.0,1310720.0,1,,0,112.27430255203258,0.121875,3.6089403927326202,36.86041376604447,10,2
71.89069688323885,0,0,0.9249099530279636,0.29117161375288725,208.01746705796165,128.90058802689953,0.0,147.4486854859069,71.89069688323886,1.0,2,0.9999999999999999,0.0,0.0,0.0,0.0,0.5809365200181013,0.0,0.31835038442040486,100000000.0,0.10000000149011612,0.0,1.1102230246251565e-16,0.0,,0.04242424242424241,0.0,0.0,0.0,0.0,79.11687903106213,,0.1474486854859069,0.1474486854859069,96,0.4422779757355615,128.90058802689953,1.0,False,0.12926352684541964,1.1905610799283957,0.18863922192965876,5,4.0,6.0,0.034813786336844135,2,69.11884435938589,0.9536337959750876,0.46378177619358973,,,,0.0,2,,,,,,,,,,,,,,,,,,,,,,,,,,,,,,,,,,,,,,,,,,,,,,,,,,,,,,,,,,,,,,,,,,,,,,,,,,,,,0.9999999999999999,-0.13835610616566327,327680.0,3276800.0,2,,0,147.4486854859069,0.1421875,3.5514628291130066,71.89069688323886,10,2
134.8017422657122,0,0,0.714275985956192,0.3279277243520736,298.7680908294471,206.57731853444895,0.0,200.79375069473286,134.80174226571222,1.0,2,1.0,0.0,0.0,0.0,0.0,0.4495721530774409,0.0,0.24819468175658002,100000000.0,0.10000000149011612,0.0,0.0,0.0,,-0.6727272727272726,0.0,0.4,2.0,0.0,92.19077229499817,,0.20079375069473288,0.20079375069473288,96,0.34745138903895395,206.57731853444895,1.0,False,0.1498132495530954,1.3798310206158175,0.19021330867566114,7,3.3,5.7,0.04066593297173028,2,112.26253672572473,0.7610214951703087,0.4565592315644093,,,,0.0,2,,,,,,,,,,,,,,,,,,,,,,,,,,,,,,,,,,,,,,,,,,,,,,,,,,,,,,,,,,,,,,,,,,,,,,,,,,,,,0.9999999999999999,-0.17530350012391416,445644.8,4456448.0,3,,0,200.79375069473286,0.1421875,3.548089307546616,134.8017422657122,10,2
92.02258658449803,0,1,0.6998507305979729,0.5555410278289382,348.63907351179967,285.70589582457194,0.0,154.95576427172574,92.02258658449803,1.0,2,0.9999999999999998,0.0,0.0,0.0,0.0,1.0466307001917234,0.0,0.43819511793832233,100000000.0,0.10000000149011612,0.0,2.220446049250313e-16,0.0,,-0.9636363636363635,0.0,0.6,3.0,0.0,89.96602427214384,,0.15495576427172575,0.15495576427172575,97,0.6779114889494566,285.7058958245719,1.0,False,0.17435868732822296,1.6059028571039042,0.31047366350893413,8,4.2,5.8,0.039774688279600866,2,81.69879705937285,0.9493949495502249,0.7140458133578831,,,,0.0,2,,,,,,,,,,,,,,,,,,,,,,,,,,,,,,,,,,,,,,,,,,,,,,,,,,,,,,,,,,,,,,,,,,,,,,,,,,,,,0.9999999999999999,-0.16465722579997435,314572.8,3145728.0,1,,0,154.95576427172574,0.11875,3.5582120418548584,92.02258658449801,10,2
248.39400964484585,0,1,0.695026945322752,0.3078462391676524,447.7310631527312,363.2127413629301,0.0,309.89873920262824,248.39400964484585,1.0,2,0.9999999999999999,0.0,0.0,0.0,0.0,0.4206853131556403,0.0,0.23888615379866088,100000000.0,0.10000000149011612,0.0,1.1102230246251565e-16,0.0,,-0.8545454545454544,0.0,0.4,2.0,0.0,84.51832178980112,,0.3098987392026282,0.3098987392026282,97,0.3161197795188436,363.2127413629301,1.0,False,0.13730493420533413,1.2646251787829226,0.1611554124942616,7,2.3,4.6,0.034695553613961184,2,228.47431180677157,0.8521602344357754,0.37096283861232976,,,,0.0,2,,,,,,,,,,,,,,,,,,,,,,,,,,,,,,,,,,,,,,,,,,,,,,,,,,,,,,,,,,,,,,,,,,,,,,,,,,,,,0.9999999999999999,-0.22360183670398118,891289.6,8912896.0,2,,0,309.89873920262824,0.1375,3.5378038823604583,248.39400964484582,10,2
102.22988777525052,3,0,0.6867898628115654,0.47436318577453196,327.4549755780008,253.94183281343246,0.0,172.12239016509878,102.22988777525052,1.0,2,1.0,0.0,0.0,0.0,0.0,0.7092568352744296,0.0,0.3788607816967075,100000000.0,0.10000000149011612,0.0,0.0,0.0,,-0.7696969696969697,0.0,0.2,1.0,0.0,73.51314276456833,,0.17212239016509878,0.17212239016509878,97,0.5974279359858075,253.94183281343246,1.0,False,0.13339633594077782,1.2286256583890436,0.25752334543430105,6,3.8,6.0,0.022491755042885583,2,99.01135483203817,0.9792259535686783,0.6101022279980927,,,,0.0,2,,,,,,,,,,,,,,,,,,,,,,,,,,,,,,,,,,,,,,,,,,,,,,,,,,,,,,,,,,,,,,,,,,,,,,,,,,,,,0.9999999999999999,-0.1527593630529383,367001.6,3670016.0,3,,0,172.12239016509878,0.121875,3.643165624141693,102.22988777525052,10,2
124.13856221097282,0,0,0.7243161089718342,0.21717048157916063,249.46824410548462,178.3157009220685,0.0,195.29110539438892,124.13856221097281,1.0,2,1.0,0.0,0.0,0.0,0.0,0.21637745539228675,0.0,0.11776305883235219,100000000.0,0.10000000149011612,0.0,0.0,0.0,,-0.9878787878787878,0.0,0.0,0.0,0.0,75.38871699944139,,0.19529110539438893,0.19529110539438893,98,0.3038270798978793,178.31570092206846,1.0,False,0.13632171769211465,1.2555694200368235,0.14364247317366374,5,3.0,5.5,0.07258753511977983,2,122.04991586348234,0.9628789264147706,0.31554027361380066,,,,0.0,2,,,,,,,,,,,,,,,,,,,,,,,,,,,,,,,,,,,,,,,,,,,,,,,,,,,,,,,,,,,,,,,,,,,,,,,,,,,,,0.9878787878787878,-0.1658064115432518,524288.0,5242880.0,1,,0,195.29110539438892,0.13125,3.549870938062668,124.13856221097281,10,2
168.72425027419354,3,1,0.7089585997164249,0.44844273842128585,423.90928746301864,358.8232919863257,0.0,233.8102457508865,168.72425027419357,1.0,2,1.0,0.0,0.0,0.0,0.0,0.4982555391737584,0.0,0.259797036414459,100000000.0,0.10000000149011612,0.0,0.0,0.0,,-0.9030303030303028,0.0,0.2,1.0,0.0,77.16203108429909,,0.23381024575088652,0.23381024575088652,98,0.5297845651540831,358.8232919863257,1.0,False,0.1270060217685729,1.169768689779173,0.2126684761693725,6,2.2,4.8,0.052353099741028204,2,164.0973345224207,0.9762388342466848,0.5426792569288555,,,,0.0,2,,,,,,,,,,,,,,,,,,,,,,,,,,,,,,,,,,,,,,,,,,,,,,,,,,,,,,,,,,,,,,,,,,,,,,,,,,,,,0.9999999999999999,-0.1804081337597297,734003.2,7340032.0,2,,0,233.8102457508865,0.15,3.5798436284065245,168.72425027419354,10,2
104.96443675680273,0,1,0.6971578113734722,0.2496643137879347,225.85633775400035,142.2005766648244,0.0,169.46807017399183,104.96443675680273,1.0,2,1.0,0.0,0.0,0.0,0.0,0.5380240024823918,0.0,0.29680196114313995,100000000.0,0.10000000149011612,0.0,0.0,0.0,,-0.7818181818181817,0.0,0.4,2.0,0.0,83.65576108917594,,0.16946807017399185,0.16946807017399185,98,0.26185646205774243,142.2005766648244,1.0,False,0.15063997089351974,1.387445405553902,0.16571116449538142,7,3.6,6.0,0.020872929353895744,2,87.20479808440011,0.6770726930171302,0.38674792937058733,,,,0.0,2,,,,,,,,,,,,,,,,,,,,,,,,,,,,,,,,,,,,,,,,,,,,,,,,,,,,,,,,,,,,,,,,,,,,,,,,,,,,,0.9999999999999999,-0.16005402053375578,406323.2,4063232.0,3,,0,169.46807017399183,0.1421875,3.625590056180954,104.96443675680273,10,2
65.37135977291425,0,1,0.7000011391937733,0.1787911270588203,160.0053749855979,82.12555915754278,0.0,131.39783365645368,65.37135977291426,1.0,2,1.0,0.0,0.0,0.0,0.0,0.41712859715037887,0.0,0.23635769584695365,100000000.0,0.10000000149011612,0.0,0.0,0.0,,-0.4666666666666666,0.0,0.2,1.0,0.0,77.87981582805514,,0.1313978336564537,0.1313978336564537,99,0.2040071270929026,82.12555915754277,1.0,False,0.14476565700368338,1.3333409751766818,0.15345403751848982,6,4.4,6.0,0.03378972427153132,2,56.111054829304116,0.644033004558995,0.3167650192595293,,,,0.0,2,,,,,,,,,,,,,,,,,,,,,,,,,,,,,,,,,,,,,,,,,,,,,,,,,,,,,,,,,,,,,,,,,,,,,,,,,,,,,0.9878787878787878,-0.13808174533006853,209715.2,2097152.0,1,,0,131.39783365645368,0.1140625,3.6167027592658996,65.37135977291426,10,2
83.1104393415672,0,1,0.6845979951322079,0.4768227075111104,282.83337364794926,217.4978545017751,0.0,147.97199865063254,83.1104393415672,1.0,2,1.0,0.0,0.0,0.0,0.0,0.793223805429555,0.0,0.41977073235494494,100000000.0,0.10000000149011612,0.0,0.0,0.0,,-0.5636363636363636,0.0,0.0,0.0,0.0,65.33551914617419,,0.14797199865063254,0.14797199865063254,99,0.6178792681337052,217.4978545017751,1.0,False,0.12424390149809797,1.144328621939764,0.26319835477749365,5,4.0,6.0,0.028594878171250393,2,82.71557748427703,0.9970703725591539,0.6196947428573281,,,,0.0,2,,,,,,,,,,,,,,,,,,,,,,,,,,,,,,,,,,,,,,,,,,,,,,,,,,,,,,,,,,,,,,,,,,,,,,,,,,,,,0.9999999999999999,-0.13610795007436527,327680.0,3276800.0,2,,0,147.97199865063254,0.1453125,3.5221915543079376,83.1104393415672,10,2
105.60352404918964,0,1,0.7015671581029892,0.48201851523293565,321.87013483840894,260.75088854182434,0.0,166.72277034577425,105.60352404918964,1.0,2,1.0,0.0,0.0,0.0,0.0,0.6698302541093252,0.0,0.30460585457181727,100000000.0,0.10000000149011612,0.0,0.0,0.0,,-0.8787878787878788,0.0,0.6,3.0,0.0,85.44427622109652,,0.16672277034577426,0.16672277034577426,99,0.5950022466280076,260.75088854182434,1.0,False,0.1801836108091614,1.6595523850040634,0.24691494994084454,8,3.4,5.6,0.05310222351307468,2,92.56302833808004,0.9224647028904926,0.6450135650324621,,,,0.0,2,,,,,,,,,,,,,,,,,,,,,,,,,,,,,,,,,,,,,,,,,,,,,,,,,,,,,,,,,,,,,,,,,,,,,,,,,,,,,0.9999999999999999,-0.17345319057746783,419430.4,4194304.0,3,,0,166.72277034577425,0.121875,3.659980571269989,105.60352404918966,10,2
185.5514906582528,0,3,0.9111049585044384,0.24338000074575109,331.78984421462167,264.56470136687506,0.0,251.0388316822344,185.5514906582528,1.0,7,1.0,0.0,0.0,0.0,0.0,0.4997896599115565,0.0,0.24727619490398536,100000000.0,0.10000000149011612,0.0,0.0,0.0,,-0.4787878787878787,0.0,0.5477225575051661,1.0954451150103321,0.0,72.15516129508615,,0.2510388316822344,0.2510388316822344,100,0.29865363860106825,264.56470136687506,1.0,False,0.2923276455616247,6.731092789402442,0.14393090255922034,4,2.6,5.6,0.011665016889975087,5,180.66968955263008,0.9418105915947458,0.3171058398221717,,,,0.0,5,,,,,,,,,,,,,,,,,,,,,,,,,,,,,,,,,,,,,,,,,,,,,,,,,,,,,,,,,,,,,,,,,,,,,,,,,,,,,0.9878787878787878,-0.27168323862192956,773324.8,7733248.0,1,0.1140625,0,251.0388316822344,0.1421875,3.450950711965561,185.5514906582528,10,5
146.1492607610787,0,1,0.7030190899968147,0.22289599911269548,276.3677210005727,196.27961455087927,0.0,214.76646170565138,146.1492607610787,1.0,2,1.0,0.0,0.0,0.0,0.0,0.1966691087375905,0.0,0.10409635527265934,20000000.0,0.10000000149011612,0.0,0.0,0.0,,-0.9393939393939393,0.0,0.4,2.0,0.0,80.08810644969344,,0.21476646170565142,0.21476646170565142,100,0.2554027523668581,196.27961455087927,1.0,False,0.13139922032960796,1.2102315438479818,0.14573953934754202,7,5.0,6.0,0.07899676100868966,2,137.73252183149003,0.8562398483229678,0.2982841231543827,,,,0.0,2,,,,,,,,,,,,,,,,,,,,,,,,,,,,,,,,,,,,,,,,,,,,,,,,,,,,,,,,,,,,,,,,,,,,,,,,,,,,,0.9393939393939393,-0.1730828410176297,131072.0,1310720.0,2,0.1140625,0,214.7664617056514,0.171875,3.4231888115406037,146.1492607610787,10,2
32.712669205694475,0,1,0.7054000161588192,0.10216242216424701,138.8821655227016,46.90120763090953,0.0,124.69362709748654,32.712669205694475,1.0,2,1.0,0.0,0.0,0.0,0.0,0.21364524721935801,0.0,0.11910062574273801,100000000.0,0.10000000149011612,0.0,0.0,0.0,,-0.9999999999999999,0.0,0.0,0.0,0.0,91.98095789179206,,0.12469362709748653,0.12469362709748653,100,0.3025196821555681,46.90120763090953,1.0,False,0.05917326419449009,0.2725029520760624,0.14337322135347239,10,5.0,6.0,0.06553792156403875,1,32.712669205694475,1.0,0.3025196821555681,,,,0.0,1,,,,,,,,,,,,,,,,,,,,,,,,,,,,,,,,,,,,,,,,,,,,,,,,,,,,,,,,,,,,,,,,,,,,,,,,,,,,,0.9999999999999999,-0.09193344564598831,131072.0,1310720.0,3,0.1140625,0,124.69362709748654,0.1328125,3.616407871246338,32.712669205694475,10,1
116.02657008798491,3,3,0.9376108646392822,0.3641808200503839,283.12836451183443,213.32417199115636,0.0,180.01844454439055,116.02657008798491,1.0,7,1.0,0.0,0.0,0.0,0.0,0.5723927347448167,0.0,0.32507400105768747,100000000.0,0.10000000149011612,0.0,0.0,0.0,,-0.7696969696969697,0.0,0.4472135954999579,0.8944271909999159,0.0,71.28626853227615,,0.1800184445443906,0.1800184445443906,101,0.45610209567439475,213.32417199115633,1.0,False,0.28560746789120983,6.576354980140755,0.1935540713421163,3,3.6,5.7,0.02036023408266207,5,110.17305161181514,0.9432529820845058,0.4835416418895908,,,,0.0,5,,,,,,,,,,,,,,,,,,,,,,,,,,,,,,,,,,,,,,,,,,,,,,,,,,,,,,,,,,,,,,,,,,,,,,,,,,,,,0.9999999999999999,-0.2328129562178002,406323.2,4063232.0,1,,0,180.01844454439058,0.134375,3.637719267606735,116.0265700879849,10,5
146.27010006041252,0,0,0.7441430352628231,0.3336966888216538,323.6876257105415,251.10966352435398,0.0,215.67413679839098,146.27010006041252,1.0,2,1.0,0.0,0.0,0.0,0.0,0.27288777769240974,0.0,0.12359423807077667,20000000.0,0.10000000149011612,0.0,0.0,0.0,,-0.9999999999999999,0.0,0.2,1.0,0.0,72.5779621861875,,0.21567413679839098,0.21567413679839098,101,0.41750509316330453,251.10966352435398,1.0,False,0.13321752652320207,1.2269787627914561,0.17548314216286462,6,5.0,6.0,0.0795276862572156,2,144.19551027242412,0.9805957422391037,0.42576678153830094,,,,0.0,2,,,,,,,,,,,,,,,,,,,,,,,,,,,,,,,,,,,,,,,,,,,,,,,,,,,,,,,,,,,,,,,,,,,,,,,,,,,,,0.9999999999999999,-0.17444583166079652,131072.0,1310720.0,2,,0,215.67413679839098,0.1265625,3.6730233311653135,146.27010006041252,10,2
144.45437085148419,0,1,0.7100533694028854,0.31487373051157996,304.9758633583913,218.25448637680506,0.0,208.94697554674474,144.45437085148419,1.0,2,1.0,0.0,0.0,0.0,0.0,0.3149336012433901,0.0,0.16387101476672647,100000000.0,0.10000000149011612,0.0,0.0,0.0,,-0.9515151515151514,0.0,0.6,3.0,0.0,86.72137698158622,,0.20894697554674474,0.20894697554674474,101,0.3381379084135242,218.25448637680506,1.0,False,0.16901603900476214,1.5566952475570621,0.17856691964609486,8,3.0,5.2,0.0649593213280948,2,125.71651270098916,0.7975116872978165,0.42399116376491747,,,,0.0,2,,,,,,,,,,,,,,,,,,,,,,,,,,,,,,,,,,,,,,,,,,,,,,,,,,,,,,,,,,,,,,,,,,,,,,,,,,,,,0.9515151515151514,-0.18898150727575344,524288.0,5242880.0,3,,0,208.94697554674474,0.1140625,3.8058807969093325,144.45437085148419,10,2
103.0498945069241,0,3,0.8174879476428032,0.410537393211827,262.54088182511936,205.8287256634534,0.0,154.75803258910054,103.0498945069241,1.0,7,1.0,0.0,0.0,0.0,0.0,0.8101736693704503,0.0,0.41958188042807504,100000000.0,0.10000000149011612,0.0,0.0,0.0,,0.4787878787878787,0.0,0.6,1.5,0.0,59.627093840390444,,0.15475803258910056,0.15475803258910056,102,0.4993415317771583,205.8287256634534,1.0,False,0.26879248903776476,4.951340626936981,0.20993103755443573,4,3.4,6.0,0.0266485352968656,4,97.88102843111383,0.952116939885386,0.5244539938941408,,,,0.0,4,0.009823218739669171,0.0,0.0,0.0,0.0,0.0,0.0,0.0,0.0,0.0,0.0,0.0,0.0,0.0,0.10000000149011612,0.0,0.0,0.0,0.0,0.0,0.0,0.16270834244787694,0.006339235514169572,0.0854166685603559,0.6795150578022003,0.40101505517959596,-0.009904408582951874,True,0.0971619263291359,0.15699993893504144,0.28710612952709197,0.47630045413970945,0.8997231364250183,1,0.8359626948833465,0.49999938905239105,0.4999995827674866,0.8359626948833465,1.0562171936035156,False,0.23331093788146973,-1.0595680475234985,-0.009150219561222172,6,1,10,3.7575705680064857,0.013307201412195963,0.24000000432133675,2.002514100074768,0.3505628973245621,0.5923805683851242,1.3772094249725342,-0.008396030395913101,0.05544199535502481,-1.911860704421997,0.4283181428909302,-0.16377831995487213,0.03657666966319084,-0.006448565363391445,-1.8141398429870605,0.4264787435531616,-0.15033000707626343,0.026937996968626976,-0.013367628557382716,-1.8456063270568848,0.47671595215797424,-0.15455934405326843,0.045675020664930344,0.0,-0.8262572288513184,48,102,0.16427327767014505,0.2719456077087671,0.0064156345266383145,0.9757575757575757,-0.21177526081343268,498073.6,4980736.0,1,,0,154.75803258910057,0.14375,3.5142311692237853,103.0498945069241,10,4
240.9775643846443,0,1,0.7138317450881004,0.6204066229451698,803.7155879646012,739.6080381221542,0.0,305.08511422709137,240.97756438464432,1.0,2,1.0,0.0,0.0,0.0,0.0,0.7761005621253592,0.0,0.3344090643976134,20000000.0,0.10000000149011612,0.0,0.0,0.0,,-0.5393939393939393,0.0,0.6,3.0,0.0,85.20598569884896,,0.3050851142270914,0.3050851142270914,102,0.6741820640612829,739.6080381221542,1.0,False,0.16270560307460907,1.4985739847448043,0.306919874474955,8,4.6,6.0,0.05173919105023536,2,230.12930582858866,0.9787071414988825,0.6888496420173027,,,,0.0,2,0.009823218739669171,0.0,0.0,0.0,0.0,0.0,0.0,0.0,0.0,0.0,0.0,0.0,0.0,0.0,0.10000000149011612,0.0,0.0,0.0,0.0,0.0,0.0,0.16270834244787694,0.006339235514169572,0.0854166685603559,0.6795150578022003,0.40101505517959596,-0.009904408582951874,True,0.0971619263291359,0.15699993893504144,0.28710612952709197,0.47630045413970945,0.8997231364250183,1,0.8359626948833465,0.49999938905239105,0.4999995827674866,0.8359626948833465,1.0562171936035156,False,0.23331093788146973,-1.0595680475234985,-0.009150219561222172,6,1,10,3.7575705680064857,0.013307201412195963,0.24000000432133675,2.002514100074768,0.3505628973245621,0.5923805683851242,1.3772094249725342,-0.008396030395913101,0.05544199535502481,-1.911860704421997,0.4283181428909302,-0.16377831995487213,0.03657666966319084,-0.006448565363391445,-1.8141398429870605,0.4264787435531616,-0.15033000707626343,0.026937996968626976,-0.013367628557382716,-1.8456063270568848,0.47671595215797424,-0.15455934405326843,0.045675020664930344,0.0,-0.8262572288513184,48,102,0.16427327767014505,0.2719456077087671,0.0064156345266383145,0.9999999999999999,-0.23389535865085023,209715.2,2097152.0,2,,0,305.08511422709137,0.1484375,3.6238845586776733,240.9775643846443,10,2
144.8277286635472,0,1,0.7163370028138161,0.3175860786284117,305.883465907284,219.4928760777497,0.0,208.73913545252222,144.8277286635472,1.0,2,1.0,0.0,0.0,0.0,0.0,0.3868474961416194,0.0,0.19539050640500008,100000000.0,0.10000000149011612,0.0,0.0,0.0,,-0.9636363636363635,0.0,0.6,3.0,0.0,86.39058982953429,,0.20873913545252218,0.20873913545252218,102,0.34017116522612934,219.4928760777497,1.0,False,0.1743844642995142,1.6061402717832551,0.17939966099319904,8,3.0,5.6,0.05797585281283711,2,125.45981009646201,0.7940307660399021,0.4284105601130257,,,,0.0,2,0.009823218739669171,0.0,0.0,0.0,0.0,0.0,0.0,0.0,0.0,0.0,0.0,0.0,0.0,0.0,0.10000000149011612,0.0,0.0,0.0,0.0,0.0,0.0,0.16270834244787694,0.006339235514169572,0.0854166685603559,0.6795150578022003,0.40101505517959596,-0.009904408582951874,True,0.0971619263291359,0.15699993893504144,0.28710612952709197,0.47630045413970945,0.8997231364250183,1,0.8359626948833465,0.49999938905239105,0.4999995827674866,0.8359626948833465,1.0562171936035156,False,0.23331093788146973,-1.0595680475234985,-0.009150219561222172,6,1,10,3.7575705680064857,0.013307201412195963,0.24000000432133675,2.002514100074768,0.3505628973245621,0.5923805683851242,1.3772094249725342,-0.008396030395913101,0.05544199535502481,-1.911860704421997,0.4283181428909302,-0.16377831995487213,0.03657666966319084,-0.006448565363391445,-1.8141398429870605,0.4264787435531616,-0.15033000707626343,0.026937996968626976,-0.013367628557382716,-1.8456063270568848,0.47671595215797424,-0.15455934405326843,0.045675020664930344,0.0,-0.8262572288513184,48,102,0.16427327767014505,0.2719456077087671,0.0064156345266383145,0.9636363636363635,-0.19156179987601818,524288.0,5242880.0,3,,0,208.7391354525222,0.1625,3.482624328136444,144.8277286635472,10,2
100.45201599101192,0,0,0.9695040062069893,0.5100478374152112,342.01721660876984,273.79346499303693,0.0,167.57207491869693,100.45201599101192,1.0,7,1.0,0.0,0.0,0.0,0.0,0.7091712514668689,0.0,0.36570901026934616,100000000.0,0.10000000149011612,0.0,0.0,0.0,,-0.6969696969696969,0.0,0.4472135954999579,0.8944271909999159,0.0,72.89895648136735,,0.16757207491869697,0.16757207491869697,103,0.633110249751335,273.79346499303693,1.0,False,0.2903501785676136,6.6855599291794645,0.2755894170031437,3,3.6,5.9,0.024058556322075663,5,98.69955139812153,0.9899912877785989,0.6395109306183343,,,,0.0,5,,,,,,,,,,,,,,,,,,,,,,,,,,,,,,,,,,,,,,,,,,,,,,,,,,,,,,,,,,,,,,,,,,,,,,,,,,,,,0.9878787878787878,-0.22896112674315527,432537.6,4325376.0,1,,0,167.57207491869696,0.121875,3.5104983329772947,100.45201599101192,10,5
1513.0836688980785,1,1,0.6937761791050434,0.36662063282988705,2541.82593599373,2444.9695020955196,0.1,1609.940102796289,1513.0836688980785,1.0,2,1.0,0.0,0.0,0.0,0.0,0.4451771512512549,0.1,0.24387650805993333,20000000.0,0.10000000149011612,0.0,0.0,0.0,,-0.9636363636363635,0.0,0.8,4.0,0.0,96.85643389821053,,1.6099401027962892,1.6099401027962892,103,0.38114415431306853,2444.969502095519,1.0,False,0.20743719304391586,1.9105671537417954,0.16158851968021692,9,2.3,3.3,0.01,2,1513.0836688980785,1.0,0.38114415431306853,,,,0.0,2,,,,,,,,,,,,,,,,,,,,,,,,,,,,,,,,,,,,,,,,,,,,,,,,,,,,,,,,,,,,,,,,,,,,,,,,,,,,,0.9999999999999999,-0.9086886479201025,956825.6,9568256.0,2,,0,1609.9401027962892,0.15625,3.5282194912433624,1513.0836688980787,10,2
63.02631460650179,8,1,0.7126377895474434,0.3176118040000507,193.96583189860672,118.39395774201246,0.0,132.35999411491966,63.02631460650179,1.0,2,1.0000000000000002,0.0,0.0,0.0,0.0,0.8545680359024388,0.0,0.4509903815381203,100000000.0,0.10000000149011612,0.0,-2.220446049250313e-16,2.220446049250313e-16,,-0.4545454545454545,0.0,0.0,0.0,0.0,75.57187415659428,,0.13235999411491967,0.13235999411491967,103,0.46765598677054177,118.39395774201245,1.0,False,0.12227228379669304,1.1261693518264113,0.2084836719879039,5,1.5,6.0,0.013578330051404843,2,57.280276523071876,0.9059778764947138,0.5161891906013562,,,,2.220446049250313e-16,2,,,,,,,,,,,,,,,,,,,,,,,,,,,,,,,,,,,,,,,,,,,,,,,,,,,,,,,,,,,,,,,,,,,,,,,,,,,,,0.9999999999999999,-0.12731613895580657,286720.0,2867200.0,3,,0,132.35999411491966,0.1515625,3.5289644598960876,63.026314606501806,10,2
101.8490036019361,0,4,0.8719712495803833,0.42226014536545137,288.69199352920384,219.45843771681515,0.0,166.78887037572028,101.8490036019361,1.0,7,1.0,0.0,0.0,0.0,0.0,0.8653893358993525,0.0,0.43564744205956146,100000000.0,0.10000000149011612,0.0,0.0,0.0,,0.309090909090909,0.0,0.5477225575051661,1.0954451150103321,0.0,73.71257338672876,,0.16678887037572027,0.16678887037572027,104,0.5359075519649873,219.45843771681515,1.0,False,0.28594358351975835,6.584094328498936,0.22495795200818677,4,3.4,5.8,0.02650974887194445,5,98.80289137309929,0.9747536493667747,0.5497876846248555,,,,0.0,5,,,,,,,,,,,,,,,,,,,,,,,,,,,,,,,,,,,,,,,,,,,,,,,,,,,,,,,,,,,,,,,,,,,,,,,,,,,,,0.9393939393939393,-0.2263662269477393,498073.6,4980736.0,1,,0,166.78887037572028,0.159375,3.4741137087345124,101.8490036019361,10,5
392.8280383647848,8,0,0.7201759144663811,0.45385144674789324,837.9581986990687,773.1365791586157,0.0,457.6496579052378,392.82803836478485,1.0,2,1.0,0.0,0.0,0.0,0.0,0.4509646065697512,0.0,0.23279458043876952,20000000.0,0.10000000149011612,0.0,0.0,0.0,,-0.9393939393939393,0.0,0.4,2.0,0.0,91.51676902547479,,0.4576496579052378,0.4576496579052378,104,0.4919034373043257,773.1365791586157,1.0,False,0.15073583837422658,1.3883283776818158,0.1968129826926132,7,3.7,6.0,0.06069909978836285,2,379.33101400331395,0.9657266794689705,0.5093609276434315,,,,0.0,2,,,,,,,,,,,,,,,,,,,,,,,,,,,,,,,,,,,,,,,,,,,,,,,,,,,,,,,,,,,,,,,,,,,,,,,,,,,,,0.9999999999999999,-0.3041927481397322,340787.2,3407872.0,2,,0,457.6496579052378,0.15625,3.4533644795417784,392.8280383647848,10,2
160.62995046923936,4,1,0.7137772627174854,0.3962624989086955,368.6059010550267,270.37014582752056,0.0,222.54120559047047,160.62995046923936,1.0,2,0.9999999999999999,0.0,0.0,0.0,0.0,0.4036876932464843,0.0,0.16272665660999203,100000000.0,0.10000000149011612,0.0,1.1102230246251565e-16,0.0,,-0.6606060606060605,0.0,0.8,4.0,0.0,98.23575522750616,,0.22254120559047047,0.22254120559047047,104,0.40588873088188004,270.3701458275205,1.0,False,0.21502019191092664,1.9804091543472744,0.21750465891725287,9,3.2,6.0,0.06786189653335573,2,127.32635480710015,0.7671790196235436,0.529066515767142,,,,0.0,2,,,,,,,,,,,,,,,,,,,,,,,,,,,,,,,,,,,,,,,,,,,,,,,,,,,,,,,,,,,,,,,,,,,,,,,,,,,,,0.7454545454545454,-0.21878069875069855,484966.4,4849664.0,3,,0,222.54120559047047,0.1625,3.4812285780906675,160.62995046923936,10,2
85.58056379245315,0,2,0.955705065280199,0.5250988215231628,318.92546788828815,247.882020762585,0.0,151.45808054642472,85.58056379245316,1.0,7,1.0,0.0,0.0,0.0,0.0,0.8401369806620888,0.0,0.42377053237965234,100000000.0,0.10000000149011612,0.0,0.0,0.0,,-0.6242424242424242,0.0,0.4472135954999579,0.8944271909999159,0.0,71.54167629778385,,0.15145808054642473,0.15145808054642473,105,0.6547528395598324,247.882020762585,1.0,False,0.2759938967053407,6.354994323110561,0.3082548663322136,3,4.2,6.0,0.03004629862746041,5,81.33531550352899,0.9745101634864476,0.6718789234761409,,,,0.0,5,,,,,,,,,,,,,,,,,,,,,,,,,,,,,,,,,,,,,,,,,,,,,,,,,,,,,,,,,,,,,,,,,,,,,,,,,,,,,0.9515151515151514,-0.2137259886258827,288358.4,2883584.0,1,,0,151.45808054642472,0.1203125,3.5635322868824004,85.58056379245315,10,5
898.821401910726,4,0,0.7032109424471855,0.38594223248060255,1578.5437486379403,1508.048100328352,0.0,969.3170502203145,898.8214019107261,1.0,2,1.0,0.0,0.0,0.0,0.0,0.39215707044514575,0.0,0.22093096961882816,20000000.0,0.10000000149011612,0.0,0.0,0.0,,-0.6848484848484848,0.0,0.0,0.0,0.0,76.87420537695289,,0.9693170502203146,0.9693170502203146,105,0.4039835985901093,1508.0481003283517,1.0,False,0.11980550497498059,1.1034494792560572,0.16778061772033065,5,2.0,3.5,0.053951563634903985,2,896.7681515098411,0.9966410637141732,0.4053451270456259,,,,0.0,2,,,,,,,,,,,,,,,,,,,,,,,,,,,,,,,,,,,,,,,,,,,,,,,,,,,,,,,,,,,,,,,,,,,,,,,,,,,,,0.9999999999999999,-0.5445612775976476,786432.0,7864320.0,2,,0,969.3170502203145,0.15625,3.548143982887268,898.8214019107261,10,2
98.13101558333122,0,1,0.706331804394722,0.5037475454349312,344.95609103090385,268.7307995589755,0.0,171.18530689125737,98.13101558333122,1.0,2,1.0,0.0,0.0,0.0,0.0,0.7718460968441696,0.0,0.4027720746263972,100000000.0,0.10000000149011612,0.0,0.0,0.0,,-0.6727272727272726,0.0,0.2,1.0,0.0,76.22529147192836,,0.1711853068912574,0.1711853068912574,105,0.6348352487158978,268.7307995589755,1.0,False,0.13986502102509046,1.2882044497746885,0.2829936351340099,6,3.8,6.0,0.022099937883714487,2,95.32503157818523,0.9838183929068794,0.6452768654183785,,,,0.0,2,,,,,,,,,,,,,,,,,,,,,,,,,,,,,,,,,,,,,,,,,,,,,,,,,,,,,,,,,,,,,,,,,,,,,,,,,,,,,0.9999999999999999,-0.15552516395817395,367001.6,3670016.0,3,,0,171.1853068912574,0.11875,3.606206405162811,98.13101558333123,10,2
60.44075450676242,0,1,1.0567223653197289,0.5507182096981641,277.1361007277861,207.73410358624602,0.0,124.51220349224964,60.440754506762424,1.0,7,1.0,0.0,0.0,0.0,0.0,1.016203935459377,0.0,0.4194714127988648,100000000.0,0.10000000149011612,0.0,0.0,0.0,,-0.5272727272727272,0.0,0.447213595499958,0.74535599249993,0.0,72.76063226163387,,0.12451220349224965,0.12451220349224965,106,0.709047510912579,207.734103586246,1.0,False,0.32442506331432547,8.964195774974584,0.376943069790504,3,4.4,6.0,0.04609378439503487,6,54.458062796809806,0.9609678611272888,0.7378472679417312,,,,0.0,6,,,,,,,,,,,,,,,,,,,,,,,,,,,,,,,,,,,,,,,,,,,,,,,,,,,,,,,,,,,,,,,,,,,,,,,,,,,,,0.9151515151515152,-0.22446863340328754,262144.0,2621440.0,1,,0,124.51220349224964,0.140625,3.4808212399482725,60.44075450676242,10,6
354.3248268209216,0,0,0.6889491342008114,0.5012719129317115,857.0714752949433,783.9506847612219,0.0,427.44561735464305,354.3248268209216,1.0,2,1.0,0.0,0.0,0.0,0.0,0.7459894167504328,0.0,0.39455670025106515,20000000.0,0.10000000149011612,0.0,0.0,0.0,,-0.6363636363636362,0.0,0.2,1.0,0.0,74.98733792454004,,0.42744561735464304,0.42744561735464304,106,0.5480266377612222,783.9506847612217,1.0,False,0.13326632937307364,1.2274282536498957,0.22125197711800093,6,4.2,5.2,0.0325197860275567,2,353.8419868255258,0.9988774000672082,0.5486425438440683,,,,0.0,2,,,,,,,,,,,,,,,,,,,,,,,,,,,,,,,,,,,,,,,,,,,,,,,,,,,,,,,,,,,,,,,,,,,,,,,,,,,,,0.9999999999999999,-0.2803559733638583,288358.4,2883584.0,2,,0,427.44561735464305,0.13125,3.6529554963111877,354.3248268209216,10,2
128.449097689016,0,1,0.6998316384851933,0.16020288628465243,229.85504284651438,138.65097189472476,0.0,193.0316015554203,128.449097689016,1.0,2,0.9999999999999999,0.0,0.0,0.0,0.0,0.1657964002366631,0.0,0.08746253755292313,100000000.0,0.10000000149011612,0.0,1.1102230246251565e-16,0.0,,-0.5878787878787878,0.0,0.6,3.0,0.0,91.20407095178962,,0.19303160155542032,0.19303160155542032,106,0.07357953620011284,138.65097189472476,1.0,False,0.16904289110510784,1.5569425645409485,0.13616255945008757,8,3.0,6.0,0.07956108047336152,2,106.35659150809512,0.31590245991938776,0.2329185287727387,,,,0.0,2,,,,,,,,,,,,,,,,,,,,,,,,,,,,,,,,,,,,,,,,,,,,,,,,,,,,,,,,,,,,,,,,,,,,,,,,,,,,,0.5878787878787878,-0.18103724633026408,524288.0,5242880.0,3,,0,193.0316015554203,0.1265625,3.707954633235931,128.44909768901599,10,2
81.87013864387517,4,3,0.9011449292302132,0.4925335446523202,285.3557871697992,212.626613587752,0.0,144.80848982800492,81.87013864387517,1.0,7,0.9999999999999999,0.0,0.0,0.0,0.0,0.7629524617583695,0.0,0.37760429606294726,100000000.0,0.10000000149011612,0.0,1.1102230246251565e-16,0.0,,0.1515151515151515,0.0,0.6324555320336759,1.2649110640673518,0.0,80.92659804970026,,0.14480848982800493,0.14480848982800493,107,0.6149581782710988,212.626613587752,1.0,False,0.3084302640246895,7.101869281714678,0.29498977607140725,4,4.1,5.5,0.03904118855350345,5,70.99278661597722,0.9232008887956858,0.6661152363851283,,,,0.0,5,,,,,,,,,,,,,,,,,,,,,,,,,,,,,,,,,,,,,,,,,,,,,,,,,,,,,,,,,,,,,,,,,,,,,,,,,,,,,0.9757575757575757,-0.2266193769263472,301465.6,3014656.0,1,,0,144.80848982800492,0.153125,3.4875312387943267,81.87013864387517,10,5
110.16215243348901,9,0,0.7000630721449852,0.29875450954176475,255.79737918633404,181.16984795960965,0.0,179.376758625452,110.16215243348903,1.0,2,1.0,0.0,0.0,0.0,0.0,0.4761934383409165,0.0,0.26444665137612466,20000000.0,0.10000000149011612,0.0,0.0,0.0,,-0.6121212121212121,0.0,0.0,0.0,0.0,74.62753122672439,,0.179376758625452,0.179376758625452,107,0.39193991895357355,181.16984795960965,1.0,False,0.12683262427151049,1.1681716398115793,0.17295578445651658,5,2.5,6.0,0.0340185212947936,2,106.3680633026516,0.9492780934540915,0.4128820855092537,,,,0.0,2,,,,,,,,,,,,,,,,,,,,,,,,,,,,,,,,,,,,,,,,,,,,,,,,,,,,,,,,,,,,,,,,,,,,,,,,,,,,,0.9878787878787878,-0.15310469144848124,90112.0,901120.0,2,,0,179.376758625452,0.1296875,3.6190292835235596,110.16215243348903,10,2
32.58327335240046,0,1,0.7163942791521549,0.24858795776545334,174.73799680865955,76.02103512309144,0.0,131.30023503796855,32.58327335240046,1.0,2,1.0000000000000002,0.0,0.0,0.0,0.0,0.4572675997185932,0.0,0.1857441381011878,100000000.0,0.10000000149011612,0.0,-2.220446049250313e-16,2.220446049250313e-16,,-0.9999999999999999,0.0,0.0,0.0,0.0,98.7169616855681,,0.13130023503796856,0.13130023503796856,107,0.5713913484650347,76.02103512309144,1.0,False,0.05917326419449009,0.2725029520760624,0.23331306925763756,10,5.0,6.0,0.0679609668188967,1,32.58327335240046,1.0,0.5713913484650347,,,,2.220446049250313e-16,1,,,,,,,,,,,,,,,,,,,,,,,,,,,,,,,,,,,,,,,,,,,,,,,,,,,,,,,,,,,,,,,,,,,,,,,,,,,,,0.9999999999999999,-0.09523674961622955,131072.0,1310720.0,3,,0,131.30023503796855,0.1375,3.6225316524505615,32.58327335240046,10,1
110.28369319869897,0,6,1.1036819778382778,0.5231375732613551,368.21088601131765,293.7193846911642,0.0,175.58593665494345,110.28369319869897,1.0,7,1.0,0.0,0.0,0.0,0.0,0.9200211999243197,0.0,0.4721086220323659,100000000.0,0.10000000149011612,0.0,0.0,0.0,,-0.3696969696969697,0.0,0.5099019513592784,0.7284313590846835,0.0,74.49150132015347,,0.17558593665494346,0.17558593665494346,108,0.6245270181446877,293.7193846911641,1.0,False,0.340479972203736,10.975777518430894,0.2905396164669862,3,3.5,5.4,0.021518454621383593,7,102.23967079356731,0.957990210861535,0.6519137785166312,,,,0.0,7,,,,,,,,,,,,,,,,,,,,,,,,,,,,,,,,,,,,,,,,,,,,,,,,,,,,,,,,,,,,,,,,,,,,,,,,,,,,,0.9999999999999999,-0.2580329544293397,445644.8,4456448.0,1,,0,175.58593665494345,0.1265625,3.5953690230846407,110.28369319869896,10,7
463.8698148128538,0,0,0.7132627069950104,0.6566925082176892,1551.2360814407423,1463.130988684292,0.0,532.5509682816416,463.86981481285386,1.0,2,1.0,0.0,0.0,0.0,0.0,0.7964834483488467,0.0,0.32404647115007484,20000000.0,0.10000000149011612,0.0,0.0,0.0,,-0.7212121212121211,0.0,0.6,3.0,0.0,88.10509275645018,,0.5325509682816416,0.5325509682816416,108,0.682960843287186,1463.130988684292,1.0,False,0.1660282457770556,1.5291766549687995,0.3292034124414686,8,3.8,6.0,0.049860599770556804,2,448.9202001651738,0.9852598544435635,0.6931783937070041,,,,0.0,2,,,,,,,,,,,,,,,,,,,,,,,,,,,,,,,,,,,,,,,,,,,,,,,,,,,,,,,,,,,,,,,,,,,,,,,,,,,,,0.9999999999999999,-0.34928960702934864,314572.8,3145728.0,2,,0,532.5509682816416,0.1515625,3.511803758144379,463.86981481285386,10,2
178.70565310166964,0,1,0.6900830194354057,0.35490955517213985,386.8142333350494,315.9897205888643,0.0,249.5301658478547,178.70565310166964,1.0,2,1.0,0.0,0.0,0.0,0.0,0.4121670037780033,0.0,0.23151060588020378,100000000.0,0.10000000149011612,0.0,0.0,0.0,,-0.6242424242424242,0.0,0.2,1.0,0.0,76.04199508205056,,0.24953016584785473,0.24953016584785473,108,0.43445738434578884,315.98972058886426,1.0,False,0.12376631157191048,1.1399298561613502,0.17682133447065085,6,2.2,6.0,0.04664145214121947,2,176.49576811070682,0.984157843750905,0.4414509187773664,,,,0.0,2,,,,,,,,,,,,,,,,,,,,,,,,,,,,,,,,,,,,,,,,,,,,,,,,,,,,,,,,,,,,,,,,,,,,,,,,,,,,,0.9999999999999999,-0.18664823870988262,734003.2,7340032.0,3,,0,249.53016584785473,0.13125,3.684917724132538,178.70565310166964,10,2
59.2962568850567,6,5,0.9851129725575447,0.33193996920962926,187.83935470589242,121.64764650248728,0.0,125.48796508846186,59.2962568850567,1.0,7,1.0,0.0,0.0,0.0,0.0,0.5577262656472456,0.0,0.3124653612918257,100000000.0,0.10000000149011612,0.0,0.0,0.0,,-0.28484848484848485,0.0,0.4472135954999579,0.7453559924999299,0.0,72.82870821654797,,0.12548796508846186,0.12548796508846186,109,0.5125573030807111,121.64764650248728,1.0,False,0.3262432107398151,9.014433044880159,0.2051523197126863,3,3.8,6.0,0.01564226664585084,6,55.608151494485064,0.9441530346329157,0.5428752376779598,,,,0.0,6,,,,,,,,,,,,,,,,,,,,,,,,,,,,,,,,,,,,,,,,,,,,,,,,,,,,,,,,,,,,,,,,,,,,,,,,,,,,,0.9757575757575757,-0.22586558791413847,240844.8,2408448.0,1,,0,125.48796508846186,0.1125,3.617664301395416,59.29625688505671,10,6
726.0981428410678,1,1,0.716380774974823,0.4908002818834833,1557.806675749351,1479.8274575346006,0.0,793.2347201715975,726.0981428410677,1.0,2,0.9999999999999999,0.0,0.0,0.0,0.0,0.7096112788225157,0.0,0.388690233146325,20000000.0,0.10000000149011612,0.0,1.1102230246251565e-16,0.0,,-0.5151515151515151,0.0,0.2,1.0,0.0,77.97921821475029,,0.7932347201715975,0.7932347201715975,109,0.5093359437655316,1479.8274575346006,1.0,False,0.13595758676305827,1.2522156502402504,0.20689494222497876,6,2.6,6.0,0.016109487362959803,2,716.0655028711581,0.9868641794623947,0.5161155449405389,,,,0.0,2,,,,,,,,,,,,,,,,,,,,,,,,,,,,,,,,,,,,,,,,,,,,,,,,,,,,,,,,,,,,,,,,,,,,,,,,,,,,,0.9999999999999999,-0.46459615346732785,681574.4,6815744.0,2,,0,793.2347201715975,0.1609375,3.5281068205833437,726.0981428410677,10,2
91.10967778163038,3,1,0.6996397860348225,0.22741730497352064,207.95314515377888,138.40182161327013,0.0,160.66100132213916,91.10967778163037,1.0,2,1.0000000000000002,0.0,0.0,0.0,0.0,0.29023374572469707,0.0,0.16047002217533798,100000000.0,0.10000000149011612,0.0,-2.220446049250313e-16,2.220446049250313e-16,,-0.33333333333333326,0.0,0.2,1.0,0.0,79.23465082421899,,0.16066100132213912,0.16066100132213912,109,0.34170174409832565,138.40182161327013,1.0,False,0.13750941681554285,1.266508533223095,0.1519068281033641,6,3.6,6.0,0.06502512412779737,2,86.38325047910206,0.9091396168814833,0.3758517809073437,,,,2.220446049250313e-16,2,,,,,,,,,,,,,,,,,,,,,,,,,,,,,,,,,,,,,,,,,,,,,,,,,,,,,,,,,,,,,,,,,,,,,,,,,,,,,0.9878787878787878,-0.1490852090688412,367001.6,3670016.0,3,,0,160.66100132213913,0.1296875,3.6390222191810606,91.10967778163038,10,2
62.41605500943309,0,2,0.9476179257035255,0.407331076423464,212.41146614548532,148.93784615915982,0.0,125.8896749957586,62.41605500943309,1.0,7,1.0,0.0,0.0,0.0,0.0,0.6758062795567066,0.0,0.34134538290113076,100000000.0,0.10000000149011612,0.0,0.0,0.0,,-0.7575757575757575,0.0,0.4472135954999579,0.8944271909999159,0.0,71.76539627835155,,0.1258896749957586,0.1258896749957586,110,0.580925489262593,148.93784615915982,1.0,False,0.2884127862387861,6.640949822223072,0.2386210505240206,3,4.5,5.7,0.04075380335069736,5,56.4590104959893,0.9355847803367601,0.6209223380627154,,,,0.0,5,,,,,,,,,,,,,,,,,,,,,,,,,,,,,,,,,,,,,,,,,,,,,,,,,,,,,,,,,,,,,,,,,,,,,,,,,,,,,0.9999999999999999,-0.20715123061727234,209715.2,2097152.0,1,0.1015625,0,125.8896749957586,0.1453125,3.532476490736008,62.41605500943309,10,5
1422.1162818817795,0,1,0.6959461607038975,0.3377819697284716,2303.4857698448272,2200.19224246147,0.0,1525.4098092651368,1422.1162818817795,1.0,2,1.0,0.0,0.0,0.0,0.0,0.21706783179082928,0.0,0.10907827463331081,20000000.0,0.10000000149011612,0.0,0.0,0.0,,-0.9999999999999999,0.0,0.0,0.0,0.0,103.29352738335729,,1.5254098092651367,1.5254098092651367,110,0.35363998907168964,2200.19224246147,1.0,False,0.056043283550621985,0.2580888585322012,0.1547125414772779,10,2.0,6.0,0.0814901841961406,1,1422.1162818817795,1.0,0.35363998907168964,,,,0.0,1,,,,,,,,,,,,,,,,,,,,,,,,,,,,,,,,,,,,,,,,,,,,,,,,,,,,,,,,,,,,,,,,,,,,,,,,,,,,,0.9999999999999999,-0.7907265464078793,1048576.0,10485760.0,2,0.1015625,0,1525.4098092651368,0.1296875,3.5854984521865845,1422.1162818817795,10,1
90.929089641129,0,0,0.7023243233561516,0.5650995568413497,369.201174627287,299.56450980831465,0.0,160.56575446010135,90.929089641129,1.0,2,1.0,0.0,0.0,0.0,0.0,1.0168553788053232,0.0,0.4564317484305165,100000000.0,0.10000000149011612,0.0,0.0,0.0,,-0.7212121212121211,0.0,0.6,3.0,0.0,87.70049037411809,,0.16056575446010135,0.16056575446010135,110,0.6964624090506826,299.56450980831465,1.0,False,0.16313221279618279,1.502503205486492,0.3294484867170778,8,4.2,5.4,0.032146995654598845,2,83.64926270089649,0.9662838681484556,0.7207637755406274,,,,0.0,2,,,,,,,,,,,,,,,,,,,,,,,,,,,,,,,,,,,,,,,,,,,,,,,,,,,,,,,,,,,,,,,,,,,,,,,,,,,,,0.9999999999999999,-0.16184898362814207,314572.8,3145728.0,3,0.1015625,0,160.56575446010135,0.1359375,3.559191346168518,90.92908964112901,10,2
129.2114837321378,1,3,1.0863756760954857,0.3865199110709158,321.25798548327566,251.0599454933572,0.0,197.0853775034584,129.21148373213782,1.0,7,1.0,0.0,0.0,0.0,0.0,0.601215554171535,0.0,0.3285011825273699,100000000.0,0.10000000149011612,0.0,0.0,0.0,,-0.9272727272727272,0.0,0.447213595499958,0.74535599249993,0.0,71.57785119488835,,0.1970853775034584,0.1970853775034584,111,0.4853361276796876,251.0599454933572,1.0,False,0.31329136587733064,8.65656034599462,0.19786051974379798,3,3.0,5.4,0.01880646822729787,6,127.24018767024108,0.9840793093400101,0.4931880216089359,,,,0.0,6,,,,,,,,,,,,,,,,,,,,,,,,,,,,,,,,,,,,,,,,,,,,,,,,,,,,,,,,,,,,,,,,,,,,,,,,,,,,,0.9999999999999999,-0.25518837169039454,602931.2,6029312.0,1,,0,197.0853775034584,0.13125,3.565920650959015,129.21148373213782,10,6
601.3635803464839,8,0,0.6815847009420395,0.49736524491258055,1338.8249516346355,1262.0972307258148,0.0,672.9399516698013,601.3635803464839,1.0,2,0.9999999999999999,0.0,0.0,0.0,0.0,0.39375076809914483,0.0,0.1670996779728236,20000000.0,0.10000000149011612,0.0,1.1102230246251565e-16,0.0,,-0.9999999999999999,0.0,0.2,1.0,0.0,76.72772090882063,,0.6729399516698013,0.6729399516698013,111,0.5235204026233004,1262.0972307258146,1.0,False,0.13321752652320207,1.2269787627914561,0.21168590069259838,6,3.0,4.0,0.07375800193246056,2,597.8799790945347,0.994755328556442,0.5262805713069332,,,,0.0,2,,,,,,,,,,,,,,,,,,,,,,,,,,,,,,,,,,,,,,,,,,,,,,,,,,,,,,,,,,,,,,,,,,,,,,,,,,,,,0.9999999999999999,-0.40307873909650166,524288.0,5242880.0,2,,0,672.9399516698013,0.1328125,3.7109049797058105,601.3635803464839,10,2
63.87360735391496,0,1,0.705203041434288,0.2017356335942875,158.75764828198294,95.90068211801986,0.0,126.73057351787806,63.87360735391496,1.0,2,1.0,0.0,0.0,0.0,0.0,0.3434434819426616,0.0,0.17937839381116472,100000000.0,0.10000000149011612,0.0,0.0,0.0,,-0.23636363636363633,0.0,0.6,3.0,0.0,92.02830586582422,,0.12673057351787806,0.12673057351787806,111,0.33396086510303313,95.90068211801986,1.0,False,0.15357334543784495,1.4144627835456278,0.1501413276795958,8,4.6,6.0,0.0666292558480663,2,43.31931816739377,0.6090955494075491,0.5482897805243659,,,,0.0,2,,,,,,,,,,,,,,,,,,,,,,,,,,,,,,,,,,,,,,,,,,,,,,,,,,,,,,,,,,,,,,,,,,,,,,,,,,,,,0.9999999999999999,-0.14015195947786152,209715.2,2097152.0,3,,0,126.73057351787806,0.1453125,3.617689883708954,63.87360735391496,10,2
77.12675392401546,3,6,0.9292569011449814,0.3318531877626378,210.6820470854682,138.39723684043113,0.0,140.76653815579743,77.12675392401546,1.0,7,1.0,0.0,0.0,0.0,0.0,0.6499784530032051,0.0,0.3526790254552834,100000000.0,0.10000000149011612,0.0,0.0,0.0,,-0.4787878787878787,0.0,0.6324555320336759,1.2649110640673518,0.0,74.10067552700639,,0.14076653815579743,0.14076653815579743,112,0.4427146402283966,138.39723684043113,1.0,False,0.29252235926378833,6.735576238082478,0.20209366945410437,4,4.2,5.8,0.03318920619241232,5,69.11329552401266,0.8843388778446439,0.5006165072233435,,,,0.0,5,,,,,,,,,,,,,,,,,,,,,,,,,,,,,,,,,,,,,,,,,,,,,,,,,,,,,,,,,,,,,,,,,,,,,,,,,,,,,0.9878787878787878,-0.21664444870979288,288358.4,2883584.0,1,,0,140.76653815579743,0.1515625,3.5068701803684235,77.12675392401546,10,5
165.96238941532894,4,1,1.081076916307211,0.15927739220945625,277.57911200192956,182.36038417113215,0.0,233.36703491044565,165.96238941532894,1.0,2,0.9999999999999999,0.0,0.0,0.0,0.0,0.16330981178573326,0.0,0.08962430444864253,20000000.0,0.10000000149011612,0.0,1.1102230246251565e-16,0.0,,-0.9878787878787878,0.0,0.8,4.0,0.0,95.21872783079743,,0.23336703491044566,0.23336703491044566,112,0.08992081712448496,182.36038417113215,1.0,False,0.20855419061387348,1.9208550815557754,0.13200334338226372,9,5.0,6.0,0.07628773819839342,2,140.98126243250553,0.3962866795332676,0.2269085027798323,,,,0.0,2,,,,,,,,,,,,,,,,,,,,,,,,,,,,,,,,,,,,,,,,,,,,,,,,,,,,,,,,,,,,,,,,,,,,,,,,,,,,,0.9878787878787878,-0.22096061276215956,131072.0,1310720.0,2,,0,233.36703491044565,0.125,3.5881441950798036,165.96238941532891,10,2
149.87458373993854,0,1,0.6949980743229389,0.5493279414539807,563.0210603688042,459.1577838275711,0.0,253.73786028117163,149.87458373993854,1.0,2,1.0,0.0,0.0,0.0,0.0,0.696625787657665,0.0,0.258842510457166,100000000.0,0.10000000149011612,0.0,0.0,0.0,,-0.9999999999999999,0.0,0.0,0.0,0.0,103.86327654123306,,0.2537378602811716,0.2537378602811716,112,0.6735880583563811,459.15778382757105,1.0,False,0.05917326419449009,0.2725029520760624,0.3063613405087409,10,3.0,6.0,0.0633120694946034,1,149.8745837399385,1.0,0.6735880583563811,,,,0.0,1,,,,,,,,,,,,,,,,,,,,,,,,,,,,,,,,,,,,,,,,,,,,,,,,,,,,,,,,,,,,,,,,,,,,,,,,,,,,,0.9999999999999999,-0.15645556223783086,524288.0,5242880.0,3,,0,253.73786028117163,0.1671875,3.528611898422241,149.87458373993854,10,1
143.1310876768012,2,5,1.0172082111239433,0.267295408041321,283.1811126356174,211.68257752779616,0.0,207.48810158408477,143.1310876768012,1.0,7,1.0,0.0,0.0,0.0,0.0,0.38929729668046437,0.0,0.21516553436573385,100000000.0,0.10000000149011612,0.0,0.0,0.0,,-0.5636363636363636,0.0,0.4472135954999579,0.7453559924999299,0.0,73.53976415470243,,0.20748810158408476,0.20748810158408476,113,0.32384096344439794,211.68257752779616,1.0,False,0.3083199145176759,8.519194068499187,0.15566089591494106,3,3.0,4.5,0.017519898318895163,6,136.13495180301547,0.907394364724676,0.35689108951283666,,,,0.0,6,,,,,,,,,,,,,,,,,,,,,,,,,,,,,,,,,,,,,,,,,,,,,,,,,,,,,,,,,,,,,,,,,,,,,,,,,,,,,0.9999999999999999,-0.2579040080508803,589824.0,5898240.0,1,,0,207.48810158408477,0.1484375,3.4488513290882112,143.1310876768012,10,6
164.86618081717103,9,1,0.6979000754654408,0.34235410828186,411.08401864592435,305.60248344962,0.0,270.3477160134754,164.86618081717106,1.0,2,1.0,0.0,0.0,0.0,0.0,0.3425751829367964,0.0,0.16507751150617955,20000000.0,0.10000000149011612,0.0,0.0,0.0,,-0.9999999999999999,0.0,0.0,0.0,0.0,105.48153519630432,,0.2703477160134754,0.2703477160134754,113,0.46052080808973533,305.60248344961997,1.0,False,0.056043283550621985,0.2580888585322012,0.1853639612047052,10,5.0,6.0,0.07244405088801775,1,164.86618081717103,1.0,0.46052080808973533,,,,0.0,1,,,,,,,,,,,,,,,,,,,,,,,,,,,,,,,,,,,,,,,,,,,,,,,,,,,,,,,,,,,,,,,,,,,,,,,,,,,,,0.9999999999999999,-0.1631954997820487,131072.0,1310720.0,2,,0,270.3477160134754,0.146875,3.5551019310951233,164.86618081717106,10,1
293.1056269118259,0,1,0.6978539749979973,0.41259252164724264,603.3358762283685,499.5985098426106,0.0,354.40400565505723,293.1056269118259,1.0,2,1.0,0.0,0.0,0.0,0.0,0.37779471153834315,0.0,0.18723664549527597,100000000.0,0.10000000149011612,0.0,0.0,0.0,,-0.9636363636363635,0.0,0.8,4.0,0.0,103.73736638575792,,0.3544040056550572,0.3544040056550572,113,0.41331765179971514,499.59850984261055,1.0,False,0.21457246038701022,1.9762853946167407,0.19930793794457657,9,1.0,6.0,0.06282853872108819,2,254.19590711903734,0.841445366263628,0.4911996290799243,,,,0.0,2,,,,,,,,,,,,,,,,,,,,,,,,,,,,,,,,,,,,,,,,,,,,,,,,,,,,,,,,,,,,,,,,,,,,,,,,,,,,,0.9636363636363635,-0.2844882330210337,1048576.0,10485760.0,3,,0,354.4040056550572,0.146875,3.5129312455654143,293.1056269118259,10,2
96.56638240097674,0,5,0.8250880055129528,0.5117311697111738,324.8131916870007,255.48135619728063,0.0,158.5961571673921,96.56638240097675,1.0,7,0.9999999999999998,0.0,0.0,0.0,0.0,0.8172135179487388,0.0,0.42756000348977,100000000.0,0.10000000149011612,0.0,2.220446049250313e-16,0.0,,-0.0303030303030303,0.0,0.447213595499958,1.118033988749895,0.0,72.64190493151546,,0.15859615716739212,0.15859615716739212,114,0.622021802927925,255.48135619728063,1.0,False,0.2682455766977333,4.941266129326333,0.2862076935058199,4,3.8,5.8,0.0261543488290172,4,88.52893133043644,0.9518578356861201,0.6534818326935954,,,,0.0,4,,,,,,,,,,,,,,,,,,,,,,,,,,,,,,,,,,,,,,,,,,,,,,,,,,,,,,,,,,,,,,,,,,,,,,,,,,,,,0.9999999999999999,-0.2134208669325627,432537.6,4325376.0,1,,0,158.5961571673921,0.128125,3.4508745193481447,96.56638240097676,10,4
651.2796705427467,0,1,0.6827190518379211,0.3503860213824343,1096.693771714556,1003.5476892350495,0.0,712.4276043685971,651.2796705427467,1.0,2,1.0,0.0,0.0,0.0,0.0,0.25910835581112696,0.0,0.12890497557037534,20000000.0,0.10000000149011612,0.0,0.0,0.0,,-0.9636363636363635,0.0,0.6,3.0,0.0,93.14608247950673,,0.7124276043685972,0.7124276043685972,114,0.35102269924094764,1003.5476892350495,1.0,False,0.182334382056786,1.679361720256946,0.1620503202120051,8,3.0,6.0,0.07475852687454647,2,626.1758910725275,0.9334773303345582,0.3760377331446722,,,,0.0,2,,,,,,,,,,,,,,,,,,,,,,,,,,,,,,,,,,,,,,,,,,,,,,,,,,,,,,,,,,,,,,,,,,,,,,,,,,,,,0.9636363636363635,-0.4473809932126916,524288.0,5242880.0,2,,0,712.4276043685971,0.1625,3.5733890533447266,651.2796705427467,10,2
153.18492820167378,5,1,0.7013757713139057,0.3873085537995434,368.971663473386,277.5448806977157,0.0,226.06578210049707,153.18492820167378,1.0,2,0.9999999999999998,0.0,0.0,0.0,0.0,0.4148714690172343,0.0,0.19976745551643257,100000000.0,0.10000000149011612,0.0,2.220446049250313e-16,0.0,,-0.9636363636363635,0.0,0.8,4.0,0.0,91.42678277567029,,0.22606578210049708,0.22606578210049708,114,0.4480715053486679,277.5448806977157,1.0,False,0.21315695103372306,1.96324807167325,0.20614003527174002,9,3.0,4.0,0.06623877489029936,2,135.86745893283174,0.8777683200815111,0.5104667086949085,,,,0.0,2,,,,,,,,,,,,,,,,,,,,,,,,,,,,,,,,,,,,,,,,,,,,,,,,,,,,,,,,,,,,,,,,,,,,,,,,,,,,,0.9636363636363635,-0.21961136656711006,524288.0,5242880.0,3,,0,226.06578210049707,0.1515625,3.509499454498291,153.18492820167376,10,2
123.24156278261808,3,3,1.0274900123476982,0.6543686279671376,546.0128596082942,478.5472753488139,0.0,188.71917381400138,123.24156278261808,1.0,7,0.9999999999999998,0.0,0.0,0.0,0.0,1.0316525048603278,0.0,0.44260480544760267,100000000.0,0.10000000149011612,0.0,2.220446049250313e-16,0.0,,-0.6242424242424242,0.0,0.282842712474619,0.4714045207910317,0.0,70.95652678981423,,0.18871917381400138,0.18871917381400138,115,0.742467319048495,478.5472753488139,1.0,False,0.30804668994126266,8.511644594458923,0.3946664813033327,2,3.4,5.6,0.022273495525799394,6,120.28249782094402,0.9917405641098952,0.7486507519382073,,,,0.0,6,,,,,,,,,,,,,,,,,,,,,,,,,,,,,,,,,,,,,,,,,,,,,,,,,,,,,,,,,,,,,,,,,,,,,,,,,,,,,0.9999999999999999,-0.24838293187763202,458752.0,4587520.0,1,,0,188.71917381400138,0.175,3.3485210835933685,123.24156278261809,10,6
540.4880669451788,1,0,0.6722440011799335,0.2249651511886257,788.100880600297,714.3102824052509,0.0,610.8056468441622,540.4880669451788,1.0,2,1.0,0.0,0.0,0.0,0.0,0.17935171761498128,0.0,0.09752841764667289,20000000.0,0.10000000149011612,0.0,0.0,0.0,,-0.9999999999999999,0.0,0.2,1.0,0.0,73.79059819504619,,0.610805646844162,0.610805646844162,115,0.243342731781449,714.3102824052509,1.0,False,0.135883618325442,1.251534375753021,0.13301494701165797,6,3.0,6.0,0.07986814187007256,2,538.2274497128137,0.9871616261631039,0.24650748705384,,,,0.0,2,,,,,,,,,,,,,,,,,,,,,,,,,,,,,,,,,,,,,,,,,,,,,,,,,,,,,,,,,,,,,,,,,,,,,,,,,,,,,0.9999999999999999,-0.373344632584802,524288.0,5242880.0,2,,0,610.8056468441621,0.175,3.404194700717926,540.4880669451788,10,2
56.04208810709975,0,1,0.7113628089427948,0.19319655371503971,151.58891263932333,74.15664899677384,0.0,122.30245713599584,56.042088107099744,1.0,2,1.0,0.0,0.0,0.0,0.0,0.4325707918456938,0.0,0.2431126860441034,100000000.0,0.10000000149011612,0.0,0.0,0.0,,-0.49090909090909085,0.0,0.2,1.0,0.0,77.43226364254951,,0.12230245713599583,0.12230245713599583,115,0.2442742644757607,74.15664899677384,1.0,False,0.13451661890647024,1.2389438458159976,0.1652692873000538,6,4.4,6.0,0.03763344226621196,2,47.142160984385015,0.6705498501902669,0.36428949228226426,,,,0.0,2,,,,,,,,,,,,,,,,,,,,,,,,,,,,,,,,,,,,,,,,,,,,,,,,,,,,,,,,,,,,,,,,,,,,,,,,,,,,,0.9999999999999999,-0.12840953802123303,209715.2,2097152.0,3,,0,122.30245713599582,0.14375,3.4856792092323303,56.04208810709974,10,2
72.64791989180819,0,3,0.8110422641038895,0.5487594376483255,308.624194739669,239.85497075161283,0.0,139.26375518966094,72.64791989180819,1.0,7,1.0000000000000002,0.0,0.0,0.0,0.0,1.1860510617726863,0.0,0.4973234723890553,100000000.0,0.10000000149011612,0.0,-2.220446049250313e-16,2.220446049250313e-16,,-0.8909090909090909,0.0,0.8246211251235321,2.0615528128088303,0.0,75.1189487054944,,0.13926375518966094,0.13926375518966094,116,0.697117305244258,239.85497075161283,1.0,False,0.28227592154403486,5.199714632467612,0.3402462101147396,6,4.2,6.0,0.03325182708998081,4,69.09318959786962,0.9791831036785796,0.7119376372257024,,,,2.220446049250313e-16,4,,,,,,,,,,,,,,,,,,,,,,,,,,,,,,,,,,,,,,,,,,,,,,,,,,,,,,,,,,,,,,,,,,,,,,,,,,,,,0.9878787878787878,-0.21076983836684812,314572.8,3145728.0,1,,0,139.26375518966094,0.1484375,3.5421712160110475,72.6479198918082,10,4
1062.0152648048236,1,1,0.6780903786420822,0.22967362677594963,1465.565298203681,1387.5547712522787,0.0,1128.9636008882655,1062.0152648048236,1.0,2,1.0,0.0,0.0,0.0,0.0,0.15681665153014407,0.0,0.08746975066922397,20000000.0,0.10000000149011612,0.0,0.0,0.0,,-0.9878787878787878,0.0,0.2,1.0,0.0,78.01052695140243,,1.1289636008882658,1.1289636008882658,116,0.23461380638232626,1387.5547712522787,1.0,False,0.12360344550986006,1.1384298042948224,0.13202823281676201,6,2.0,5.2,0.07910977925031726,2,1054.9932605382521,0.9788850963194905,0.23967451058806655,,,,0.0,2,,,,,,,,,,,,,,,,,,,,,,,,,,,,,,,,,,,,,,,,,,,,,,,,,,,,,,,,,,,,,,,,,,,,,,,,,,,,,0.9878787878787878,-0.6262835231990629,1048576.0,10485760.0,2,,0,1128.9636008882658,0.1515625,3.455663824081421,1062.0152648048236,10,2
245.93308246082012,0,1,0.7063969969749451,0.1744763932942282,420.14846221416303,319.23907079606363,0.0,346.8424738789195,245.93308246082015,1.0,2,1.0,0.0,0.0,0.0,0.0,0.1573705543578007,0.0,0.08569599328227426,100000000.0,0.10000000149011612,0.0,0.0,0.0,,-0.9999999999999999,0.0,0.0,0.0,0.0,100.9093914180994,,0.34684247387891953,0.34684247387891953,116,0.2296272450375375,319.23907079606363,1.0,False,0.05917326419449009,0.2725029520760624,0.12980729050428666,10,2.0,6.0,0.07999549405479592,1,245.93308246082012,1.0,0.2296272450375375,,,,0.0,1,,,,,,,,,,,,,,,,,,,,,,,,,,,,,,,,,,,,,,,,,,,,,,,,,,,,,,,,,,,,,,,,,,,,,,,,,,,,,0.9999999999999999,-0.2030078690367048,1048576.0,10485760.0,3,,0,346.8424738789195,0.1796875,3.4162122011184692,245.93308246082015,10,1
62.47260387910088,3,5,0.7644076831638813,0.37314005775429065,198.43244276695847,136.51569703348875,0.0,124.38934961257061,62.47260387910087,1.0,7,1.0,0.0,0.0,0.0,0.0,0.6440916057654322,0.0,0.3174755576724193,100000000.0,0.10000000149011612,0.0,0.0,0.0,,-0.3696969696969697,0.0,0.6,1.5,0.0,76.80371962487698,,0.12438934961257062,0.12438934961257062,117,0.5423778712877562,136.51569703348875,1.0,False,0.2826865057425113,5.207277872906259,0.21852090125405788,5,4.4,5.8,0.04964683439327332,4,54.791229530854366,0.9060088785772888,0.598645205485685,,,,0.0,4,,,,,,,,,,,,,,,,,,,,,,,,,,,,,,,,,,,,,,,,,,,,,,,,,,,,,,,,,,,,,,,,,,,,,,,,,,,,,0.9151515151515152,-0.20353792767754098,249036.8,2490368.0,1,,0,124.38934961257061,0.1703125,3.423595887422562,62.47260387910088,10,4
796.2085499319039,3,1,0.6922520697116852,0.6077360876384955,2206.0185389637436,2133.6348758123304,0.0,865.341462835928,796.2085499319039,1.0,2,1.0,0.0,0.0,0.0,0.0,0.8929899611359939,0.0,0.48392956738042686,20000000.0,0.10000000149011612,0.0,0.0,0.0,,-0.6848484848484848,0.0,0.0,0.0,0.0,72.3836631514132,,0.865341462835928,0.865341462835928,117,0.6268299890679436,2133.63487581233,1.0,False,0.12533131485032578,1.1543440690388138,0.26907294141771676,5,3.0,6.0,0.013866406315840444,2,793.2774712114929,0.9978132110806042,0.6282037380414156,,,,0.0,2,,,,,,,,,,,,,,,,,,,,,,,,,,,,,,,,,,,,,,,,,,,,,,,,,,,,,,,,,,,,,,,,,,,,,,,,,,,,,0.9999999999999999,-0.4953363888431269,589824.0,5898240.0,2,,0,865.341462835928,0.1765625,3.4037593603134155,796.2085499319039,10,2
76.96802148008263,0,1,0.6963438354432583,0.50395517007553,284.9925629349515,220.59149700422734,0.0,141.36908741080677,76.96802148008263,1.0,2,1.0,0.0,0.0,0.0,0.0,0.880403952409817,0.0,0.39263686805469805,100000000.0,0.10000000149011612,0.0,0.0,0.0,,-0.32121212121212117,0.0,0.6,3.0,0.0,83.7430665269494,,0.14136908741080678,0.14136908741080678,117,0.6510834618498118,220.59149700422734,1.0,False,0.16759127526693302,1.5435726885820067,0.2866014908039579,8,4.4,5.6,0.0467913585431129,2,68.22042055235704,0.9425901481342576,0.6907386663636919,,,,0.0,2,,,,,,,,,,,,,,,,,,,,,,,,,,,,,,,,,,,,,,,,,,,,,,,,,,,,,,,,,,,,,,,,,,,,,,,,,,,,,0.9999999999999999,-0.1544801813388699,314572.8,3145728.0,3,,0,141.36908741080677,0.1703125,3.4064903378486635,76.96802148008263,10,2
119.82607370245869,0,3,0.7623317651450634,0.28266294056412505,239.8264838349784,170.94634631320483,0.0,172.0364246890288,119.8260737024587,1.0,7,1.0,0.0,0.0,0.0,0.0,0.3064344145496345,0.0,0.16616311797007477,100000000.0,0.10000000149011612,0.0,0.0,0.0,,-0.8060606060606059,0.0,0.5477225575051661,1.0954451150103321,0.0,68.88013752177358,,0.1720364246890288,0.1720364246890288,118,0.29904279157323715,170.9463463132048,1.0,False,0.30515864576219626,7.026537487302838,0.1657158773425379,4,3.2,6.0,0.04650890806132662,5,110.4854708215382,0.845509963179281,0.3536833444857094,,,,0.0,5,0.006810380407453831,0.0,0.0,0.0,0.0,0.0,0.0,0.0,0.0,0.0,0.0,0.0,0.0,0.0,0.10000000149011612,0.0,0.0,0.0,0.0,0.0,0.0,0.09349455120973289,0.008237809496931713,0.10250000038649887,0.925361692905426,0.699725617468357,-0.005611757383061189,True,0.13808318004012107,0.26928945183753966,0.28824502825737,0.5764525592327118,1.1095913767814636,1,0.9902933657169342,0.4999994695186615,0.49999961256980896,0.9902933657169342,1.1948171854019165,False,0.3860902786254883,-1.44741952419281,-0.009031005064025521,7,1,10,3.3482200731523335,0.005382950869776931,0.08448909185826778,2.0497607231140136,0.2824702963232994,0.5360602885484695,1.2433010756969451,-0.012450247188098729,0.03707829390819628,-2.4601030349731445,0.643822431564331,-0.2159547507762909,0.017732704058289528,-0.015341222830848267,-3.6842708587646484,1.130186676979065,-0.4118815064430237,0.2099282592535019,-0.009210926035100542,-2.120649814605713,0.45720943808555603,-0.16153597831726074,0.04450971633195877,0.0,-1.0613293647766113,48,118,0.22195034539327024,0.46959724426269533,0.02979194987565279,0.9030303030303028,-0.23859753522561253,471859.2,4718592.0,1,,0,172.0364246890288,0.1609375,3.381766027212143,119.82607370245869,10,5
748.4346108698726,2,0,0.7038828916847706,0.46315646368065416,1516.9185476318048,1451.0052410826133,0.0,814.3479174190641,748.4346108698726,1.0,2,0.9999999999999999,0.0,0.0,0.0,0.0,0.39722042352569703,0.0,0.19827700745527566,20000000.0,0.10000000149011612,0.0,1.1102230246251565e-16,0.0,,-0.6484848484848483,0.0,0.6,3.0,0.0,91.30905289202929,,0.8143479174190641,0.8143479174190641,118,0.48419579083569947,1451.0052410826133,1.0,False,0.18217644062005406,1.6779070258658058,0.19387201233200238,8,2.6,5.2,0.06882549512928687,2,731.0675976343448,0.9758770590848043,0.4961647436305012,,,,0.0,2,0.006810380407453831,0.0,0.0,0.0,0.0,0.0,0.0,0.0,0.0,0.0,0.0,0.0,0.0,0.0,0.10000000149011612,0.0,0.0,0.0,0.0,0.0,0.0,0.09349455120973289,0.008237809496931713,0.10250000038649887,0.925361692905426,0.699725617468357,-0.005611757383061189,True,0.13808318004012107,0.26928945183753966,0.28824502825737,0.5764525592327118,1.1095913767814636,1,0.9902933657169342,0.4999994695186615,0.49999961256980896,0.9902933657169342,1.1948171854019165,False,0.3860902786254883,-1.44741952419281,-0.009031005064025521,7,1,10,3.3482200731523335,0.005382950869776931,0.08448909185826778,2.0497607231140136,0.2824702963232994,0.5360602885484695,1.2433010756969451,-0.012450247188098729,0.03707829390819628,-2.4601030349731445,0.643822431564331,-0.2159547507762909,0.017732704058289528,-0.015341222830848267,-3.6842708587646484,1.130186676979065,-0.4118815064430237,0.2099282592535019,-0.009210926035100542,-2.120649814605713,0.45720943808555603,-0.16153597831726074,0.04450971633195877,0.0,-1.0613293647766113,48,118,0.22195034539327024,0.46959724426269533,0.02979194987565279,0.9999999999999999,-0.49826217901955905,629145.6,6291456.0,2,,0,814.3479174190641,0.1640625,3.5641860008239745,748.4346108698726,10,2
65.79210833136896,2,1,0.6982986815273762,0.4087156543376508,218.94427452804814,155.27806075858246,0.0,129.4583221008347,65.79210833136896,1.0,2,1.0,0.0,0.0,0.0,0.0,0.6067441692125207,0.0,0.2735495134170811,100000000.0,0.10000000149011612,0.0,0.0,0.0,,-0.9878787878787878,0.0,0.6,3.0,0.0,89.12185905501246,,0.1294583221008347,0.1294583221008347,118,0.5762948866700568,155.27806075858243,1.0,False,0.16760384636920475,1.5436884727127804,0.23601320081811017,8,4.6,6.0,0.054796128802687236,2,51.483876586617974,0.8621480398068802,0.6684407550229378,,,,0.0,2,0.006810380407453831,0.0,0.0,0.0,0.0,0.0,0.0,0.0,0.0,0.0,0.0,0.0,0.0,0.0,0.10000000149011612,0.0,0.0,0.0,0.0,0.0,0.0,0.09349455120973289,0.008237809496931713,0.10250000038649887,0.925361692905426,0.699725617468357,-0.005611757383061189,True,0.13808318004012107,0.26928945183753966,0.28824502825737,0.5764525592327118,1.1095913767814636,1,0.9902933657169342,0.4999994695186615,0.49999961256980896,0.9902933657169342,1.1948171854019165,False,0.3860902786254883,-1.44741952419281,-0.009031005064025521,7,1,10,3.3482200731523335,0.005382950869776931,0.08448909185826778,2.0497607231140136,0.2824702963232994,0.5360602885484695,1.2433010756969451,-0.012450247188098729,0.03707829390819628,-2.4601030349731445,0.643822431564331,-0.2159547507762909,0.017732704058289528,-0.015341222830848267,-3.6842708587646484,1.130186676979065,-0.4118815064430237,0.2099282592535019,-0.009210926035100542,-2.120649814605713,0.45720943808555603,-0.16153597831726074,0.04450971633195877,0.0,-1.0613293647766113,48,118,0.22195034539327024,0.46959724426269533,0.02979194987565279,0.9999999999999999,-0.1485310842350197,209715.2,2097152.0,3,,0,129.4583221008347,0.1609375,3.5202983021736145,65.79210833136898,10,2
148.1796749371141,1,4,0.9617567993700504,0.4428778124736202,387.2620530304053,315.5644439969697,0.0,215.7522821302563,148.17967493711413,1.0,7,1.0,0.0,0.0,0.0,0.0,0.6579076646897231,0.0,0.37211905348552016,100000000.0,0.10000000149011612,0.0,0.0,0.0,,0.05454545454545454,0.0,0.31622776601683794,0.6324555320336759,0.0,71.90304156392813,,0.2157522821302563,0.2157522821302563,119,0.5304297497517273,315.5644439969697,1.0,False,0.27906629973840985,6.425739017346707,0.2190588040034463,3,3.0,4.8,0.02006326502640295,5,144.64890861594435,0.9793420398368203,0.5416184827929049,,,,0.0,5,,,,,,,,,,,,,,,,,,,,,,,,,,,,,,,,,,,,,,,,,,,,,,,,,,,,,,,,,,,,,,,,,,,,,,,,,,,,,0.9999999999999999,-0.24740929093433306,563609.6,5636096.0,1,,0,215.7522821302563,0.1703125,3.3713212072849275,148.17967493711413,10,5
149.6014867633285,2,1,0.7600742392241955,0.23360239503208322,324.0266926046527,225.29489821009994,0.0,248.3332811578812,149.6014867633285,1.0,2,1.0,0.0,0.0,0.0,0.0,0.2055942639697389,0.0,0.10721556859848475,20000000.0,0.10000000149011612,0.0,0.0,0.0,,-0.9999999999999999,0.0,0.0,0.0,0.0,98.73179439455271,,0.24833328115788122,0.24833328115788122,119,0.335974813669252,225.29489821009992,1.0,False,0.056043283550621985,0.2580888585322012,0.15059669732194536,10,5.0,6.0,0.0764783457787639,1,149.6014867633285,1.0,0.335974813669252,,,,0.0,1,,,,,,,,,,,,,,,,,,,,,,,,,,,,,,,,,,,,,,,,,,,,,,,,,,,,,,,,,,,,,,,,,,,,,,,,,,,,,0.9999999999999999,-0.1521882823542516,131072.0,1310720.0,2,,0,248.33328115788123,0.14375,3.4965564608573914,149.60148676332852,10,1
122.66007569035595,1,0,0.7486240938305855,0.437337190070662,350.48862454587,261.72889164754525,0.0,197.20691433524794,122.66007569035595,1.0,2,1.0,0.0,0.0,0.0,0.0,0.5918498198954072,0.0,0.3038945218764284,100000000.0,0.10000000149011612,0.0,0.0,0.0,,-0.9030303030303028,0.0,0.6,3.0,0.0,88.75973289832473,,0.19720691433524795,0.19720691433524795,119,0.5313468264117552,261.72889164754525,1.0,False,0.17521518806347533,1.6137915204044264,0.2413422720439961,8,3.4,6.0,0.018938503643219556,2,108.99234802375433,0.9105143579766548,0.5835677622838527,,,,0.0,2,,,,,,,,,,,,,,,,,,,,,,,,,,,,,,,,,,,,,,,,,,,,,,,,,,,,,,,,,,,,,,,,,,,,,,,,,,,,,0.9999999999999999,-0.18621105119936165,445644.8,4456448.0,3,,0,197.20691433524794,0.1890625,3.5329764604568483,122.66007569035594,10,2
119.71559719625266,2,1,1.074354164302349,0.46049701773523344,345.3650282603277,271.63197462452183,0.0,186.32546271640217,119.71559719625266,1.0,7,1.0,0.0,0.0,0.0,0.0,0.8433359962284362,0.0,0.4531681799072862,100000000.0,0.10000000149011612,0.0,0.0,0.0,,-0.4424242424242424,0.0,0.565685424949238,0.9428090415820634,0.0,74.60329914465547,,0.18632546271640216,0.18632546271640216,120,0.5592728088740799,271.6319746245218,1.0,False,0.3273515921284312,9.045058754433512,0.24125247593741533,3,3.2,5.7,0.01880507718271798,6,113.60183454478066,0.9613126796673912,0.5817803308987719,,,,0.0,6,,,,,,,,,,,,,,,,,,,,,,,,,,,,,,,,,,,,,,,,,,,,,,,,,,,,,,,,,,,,,,,,,,,,,,,,,,,,,0.9999999999999999,-0.25683852742241664,537395.2,5373952.0,1,0.13203125,0,186.32546271640217,0.1578125,3.4229959666728975,119.71559719625266,10,6
669.7977554765724,0,1,0.6993678398430347,0.43433389279333134,1308.0408900454056,1237.9242471828472,0.0,739.9143983391308,669.7977554765724,1.0,2,1.0,0.0,0.0,0.0,0.0,0.31361166536037866,0.0,0.14028776553153424,20000000.0,0.10000000149011612,0.0,0.0,0.0,,-0.9999999999999999,0.0,0.2,1.0,0.0,81.55000023543835,,0.7399143983391308,0.7399143983391308,120,0.4589347797324143,1237.924247182847,1.0,False,0.12241800896739022,1.1275115302492966,0.18482060249694973,6,3.0,6.0,0.07502180743823589,2,663.9300787679734,0.9897774628533196,0.46367471169671026,,,,0.0,2,,,,,,,,,,,,,,,,,,,,,,,,,,,,,,,,,,,,,,,,,,,,,,,,,,,,,,,,,,,,,,,,,,,,,,,,,,,,,0.9999999999999999,-0.43116620365326047,524288.0,5242880.0,2,0.13203125,0,739.9143983391308,0.1703125,3.454598569869995,669.7977554765724,10,2
91.43970283648731,0,1,0.6962870247662067,0.5657476120209889,377.2067079258474,304.84349708383405,0.0,163.80291367850063,91.4397028364873,1.0,2,1.0,0.0,0.0,0.0,0.0,0.9633469934684621,0.0,0.47682086410548313,100000000.0,0.10000000149011612,0.0,0.0,0.0,,-0.8181818181818182,0.0,0.2,1.0,0.0,76.9922942854464,,0.16380291367850064,0.16380291367850064,120,0.7000437807884721,304.84349708383405,1.0,False,0.12818335912772386,1.1806123675895968,0.3333819857539957,6,4.2,5.2,0.0261203653619703,2,90.50221266819456,0.9956261801320794,0.7031190970647282,,,,0.0,2,,,,,,,,,,,,,,,,,,,,,,,,,,,,,,,,,,,,,,,,,,,,,,,,,,,,,,,,,,,,,,,,,,,,,,,,,,,,,0.9999999999999999,-0.14599313640311223,288358.4,2883584.0,3,0.13203125,0,163.80291367850063,0.1484375,3.4962056994438173,91.4397028364873,10,2
111.07409216032787,0,1,0.8811843581497669,0.4298488442080983,313.9279130754709,241.0185732787191,0.0,178.98636247531934,111.07409216032788,1.0,7,1.0,0.0,0.0,0.0,0.0,0.7857023202635789,0.0,0.4183196570591424,100000000.0,0.10000000149011612,0.0,0.0,0.0,,-0.28484848484848485,0.0,0.34641016151377546,0.8660254037844386,0.0,72.90933979675174,,0.17898636247531935,0.17898636247531935,121,0.5391471675841372,241.01857327871906,1.0,False,0.24526115558097147,4.517877445849907,0.22721091447772682,3,3.5,6.0,0.02028628863582062,4,107.38771979178304,0.9724137631964969,0.5544421397449832,,,,0.0,4,,,,,,,,,,,,,,,,,,,,,,,,,,,,,,,,,,,,,,,,,,,,,,,,,,,,,,,,,,,,,,,,,,,,,,,,,,,,,0.9999999999999999,-0.2121237590281454,524288.0,5242880.0,1,,0,178.98636247531934,0.1671875,3.500374412536621,111.07409216032787,10,4
189.52170896995446,0,1,0.6972271949052811,0.39922602499284426,426.2573816240285,359.6947490595732,0.0,256.08434153440976,189.52170896995446,1.0,2,1.0,0.0,0.0,0.0,0.0,0.35398984753470436,0.0,0.17798207077633305,20000000.0,0.10000000149011612,0.0,0.0,0.0,,-0.6363636363636362,0.0,0.6,3.0,0.0,88.53196259588003,,0.25608434153440973,0.25608434153440973,121,0.4731040431769951,359.6947490595732,1.0,False,0.1588730798834622,1.4632751416708492,0.18979079020261308,8,4.8,6.0,0.06767907638261082,2,174.49697905842487,0.9188719717767853,0.5148748222912634,,,,0.0,2,,,,,,,,,,,,,,,,,,,,,,,,,,,,,,,,,,,,,,,,,,,,,,,,,,,,,,,,,,,,,,,,,,,,,,,,,,,,,0.9999999999999999,-0.20747871070893598,157286.4,1572864.0,2,,0,256.08434153440976,0.153125,3.5372021317481996,189.52170896995446,10,2
382.13289277447865,0,1,0.6912839598953724,0.8049618019034157,2362.4280589985146,2283.797240013112,0.4,460.76371175988123,382.13289277447865,1.0,2,1.0,0.0,0.0,0.0,0.0,1.6897621272216568,0.4,0.6456233874634115,100000000.0,0.10000000149011612,0.0,0.0,0.0,,-0.8754275592730113,0.0,0.2,1.0,0.0,78.63081898540258,,0.4607637117598813,0.4607637117598813,121,0.8326765239578428,2283.797240013112,1.0,False,0.13422410532738602,1.236249696189207,0.5976447678794635,6,2.6,6.0,0.01,2,382.13289277447865,1.0,0.8326765239578428,,,,0.0,2,,,,,,,,,,,,,,,,,,,,,,,,,,,,,,,,,,,,,,,,,,,,,,,,,,,,,,,,,,,,,,,,,,,,,,,,,,,,,0.9692233691951198,-0.29749390854363367,681574.4,6815744.0,3,,0,460.7637117598813,0.15,3.5697497487068177,382.1328927744787,10,2
209.29577318241695,0,3,0.9402451105415821,0.2878305073452307,391.05928283837574,314.8695520563139,0.0,278.500491056944,209.29577318241695,1.0,7,1.0,0.0,0.0,0.0,0.0,0.241572228468657,0.0,0.12961273354691596,100000000.0,0.10000000149011612,0.0,0.0,0.0,,-0.23636363636363633,0.0,1.0,2.0,0.0,76.18973078206182,,0.27850049105694397,0.27850049105694397,122,0.3352937055502122,314.8695520563139,1.0,False,0.3365467483705153,7.749275258935668,0.1556365818745858,6,1.4,4.8,0.062159247564137196,5,204.60080176108104,0.9574224663944625,0.3502045516154304,,,,0.0,5,,,,,,,,,,,,,,,,,,,,,,,,,,,,,,,,,,,,,,,,,,,,,,,,,,,,,,,,,,,,,,,,,,,,,,,,,,,,,0.9999999999999999,-0.30752361971372966,943718.4,9437184.0,1,,0,278.500491056944,0.1765625,3.3287545502185822,209.29577318241695,10,5
1280.1646434313957,0,0,0.6946539506316185,0.3895715978017116,2207.4885272442225,2114.806129319859,0.0,1347.5136945567435,1280.1646434313957,1.0,2,1.0,0.0,0.0,0.0,0.0,0.3827918970997949,0.0,0.20092446579537812,20000000.0,0.10000000149011612,0.0,0.0,0.0,,-0.9999999999999999,0.0,0.8,4.0,0.0,92.68239792436361,,1.3475136945567436,1.3475136945567436,122,0.3946657210402977,2114.806129319859,1.0,False,0.18680712463321103,1.72055720178205,0.16853310361284532,9,1.2,4.2,0.03478658129399711,2,1255.712557160253,0.9715373423064094,0.4062280510014875,,,,0.0,2,,,,,,,,,,,,,,,,,,,,,,,,,,,,,,,,,,,,,,,,,,,,,,,,,,,,,,,,,,,,,,,,,,,,,,,,,,,,,0.9999999999999999,-0.7671604095949773,996147.2,9961472.0,2,,0,1347.5136945567435,0.1546875,3.470088189840317,1280.1646434313957,10,2
53.74563318812956,1,0,0.6963219493627548,0.28593015971852653,177.49633551968762,101.07837017087768,0.0,126.74477995509018,53.74563318812955,1.0,2,1.0000000000000002,0.0,0.0,0.0,0.0,0.4556485630357958,0.0,0.24364775020029797,100000000.0,0.10000000149011612,0.0,-2.220446049250313e-16,2.220446049250313e-16,,-0.8909090909090909,0.0,0.2,1.0,0.0,76.41796534880996,,0.12674477995509018,0.12674477995509018,122,0.4682776038308683,101.07837017087768,1.0,False,0.1379656702723631,1.2707107828563002,0.20084396551150732,6,4.4,5.4,0.04320339420624733,2,51.21966107966388,0.9493373945192894,0.4932678376879775,,,,2.220446049250313e-16,2,,,,,,,,,,,,,,,,,,,,,,,,,,,,,,,,,,,,,,,,,,,,,,,,,,,,,,,,,,,,,,,,,,,,,,,,,,,,,0.9999999999999999,-0.13235522511372685,209715.2,2097152.0,3,,0,126.74477995509018,0.1625,3.416628694534302,53.74563318812956,10,2
67.35979490926664,0,2,0.8782190270721912,0.29094930474607156,188.51922292647205,122.20933175099334,0.0,133.66968608474534,67.35979490926664,1.0,7,1.0,0.0,0.0,0.0,0.0,0.5073944801909176,0.0,0.2837776403530566,100000000.0,0.10000000149011612,0.0,0.0,0.0,,-0.33333333333333326,0.0,0.447213595499958,1.118033988749895,0.0,73.123290669173,,0.13366968608474533,0.13366968608474533,123,0.44881627332260476,122.20933175099334,1.0,False,0.25284326470931046,4.657545057468846,0.181427707604527,4,4.0,5.4,0.03639501089610065,4,64.52666145169007,0.9508841486901347,0.47199890117093624,,,,0.0,4,,,,,,,,,,,,,,,,,,,,,,,,,,,,,,,,,,,,,,,,,,,,,,,,,,,,,,,,,,,,,,,,,,,,,,,,,,,,,0.9999999999999999,-0.1932564753970279,301465.6,3014656.0,1,,0,133.66968608474534,0.15,3.3595479309558867,67.35979490926665,10,4
333.7376446250314,0,1,0.7028202526271343,0.48449132272837775,783.7544827126552,713.4598906487812,0.0,404.0322366889054,333.7376446250314,1.0,2,1.0,0.0,0.0,0.0,0.0,0.6067685118178998,0.0,0.3265815712969968,20000000.0,0.10000000149011612,0.0,0.0,0.0,,-0.09090909090909088,0.0,0.2,1.0,0.0,80.25029022246599,,0.4040322366889055,0.4040322366889055,123,0.5322264797232696,713.4598906487811,1.0,False,0.14079141623982902,1.2967368650214004,0.21377866780667912,6,4.2,6.0,0.040782066355393866,2,330.5817446060204,0.9917574297419979,0.5366498538475547,,,,0.0,2,,,,,,,,,,,,,,,,,,,,,,,,,,,,,,,,,,,,,,,,,,,,,,,,,,,,,,,,,,,,,,,,,,,,,,,,,,,,,0.9999999999999999,-0.27241182646436723,288358.4,2883584.0,2,,0,404.03223668890547,0.1546875,3.403726279735565,333.73764462503146,10,2
175.2431375996147,8,0,0.72530098259449,0.26120949063664267,328.70593651878403,261.1042478469269,0.0,242.84482627147185,175.24313759961473,1.0,2,1.0,0.0,0.0,0.0,0.0,0.30749877028237327,0.0,0.1730761482769217,100000000.0,0.10000000149011612,0.0,0.0,0.0,,-0.5636363636363636,0.0,0.2,1.0,0.0,80.00044198706746,,0.24284482627147186,0.24284482627147186,123,0.3288384273918382,261.1042478469269,1.0,False,0.12876949361503995,1.1860108657215318,0.14899541940608407,6,2.2,4.0,0.05864706385840165,2,169.20927741916154,0.9343396036544118,0.35194743549955215,,,,0.0,2,,,,,,,,,,,,,,,,,,,,,,,,,,,,,,,,,,,,,,,,,,,,,,,,,,,,,,,,,,,,,,,,,,,,,,,,,,,,,0.9878787878787878,-0.18580715994325592,734003.2,7340032.0,3,,0,242.84482627147185,0.15,3.488941514492035,175.24313759961473,10,2
72.8678668307563,0,4,0.966767780482769,0.3006261376067919,201.22683817891487,128.33142584560522,0.0,140.73279103436076,72.8678668307563,1.0,7,1.0,0.0,0.0,0.0,0.0,0.4381089056518818,0.0,0.24469312834717755,100000000.0,0.10000000149011612,0.0,0.0,0.0,,0.17575757575757575,0.0,0.31622776601683794,0.6324555320336759,0.0,76.39387529343367,,0.14073279103436076,0.14073279103436076,124,0.4321900006127634,128.33142584560522,1.0,False,0.2825003122232932,6.504810076915186,0.18917509535729862,3,3.9,6.0,0.03331597567067347,5,68.25307128477797,0.9231870516475946,0.46814998091821375,,,,0.0,5,,,,,,,,,,,,,,,,,,,,,,,,,,,,,,,,,,,,,,,,,,,,,,,,,,,,,,,,,,,,,,,,,,,,,,,,,,,,,0.9878787878787878,-0.21161655162882698,327680.0,3276800.0,1,,0,140.73279103436076,0.165625,3.4929483473300933,72.8678668307563,10,5
492.6961682372009,0,1,0.6927591748535633,0.5041055481957899,1135.5846408376738,1052.6529606985196,0.0,563.130122945479,492.69616823720077,1.0,2,1.0,0.0,0.0,0.0,0.0,0.6817475851167148,0.0,0.3781581973265316,20000000.0,0.10000000149011612,0.0,0.0,0.0,,-0.8181818181818182,0.0,0.2,1.0,0.0,82.9316801391542,,0.563130122945479,0.563130122945479,124,0.5319481475544823,1052.6529606985196,1.0,False,0.11863971383405157,1.0927121460454665,0.21921207293941164,6,3.8,6.0,0.025640735405306005,2,481.5542562701741,0.9804903917998212,0.5425327489217108,,,,0.0,2,,,,,,,,,,,,,,,,,,,,,,,,,,,,,,,,,,,,,,,,,,,,,,,,,,,,,,,,,,,,,,,,,,,,,,,,,,,,,0.9999999999999999,-0.3408849183897653,367001.6,3670016.0,2,,0,563.130122945479,0.1515625,3.5615450382232665,492.69616823720077,10,2
108.28962472333264,0,1,0.7187188602983952,0.11320177921968834,242.82170647276888,135.777473929211,0.0,215.33385726689053,108.28962472333265,1.0,2,1.0,0.0,0.0,0.0,0.0,0.12289092889125432,0.0,0.06874214807269781,100000000.0,0.10000000149011612,0.0,0.0,0.0,,-0.9999999999999999,0.0,0.0,0.0,0.0,107.04423254355788,,0.21533385726689053,0.21533385726689053,124,0.20244778762204282,135.777473929211,1.0,False,0.05917326419449009,0.2725029520760624,0.12538364065450094,10,3.0,6.0,0.08194681315674646,1,108.28962472333264,1.0,0.20244778762204282,,,,0.0,1,,,,,,,,,,,,,,,,,,,,,,,,,,,,,,,,,,,,,,,,,,,,,,,,,,,,,,,,,,,,,,,,,,,,,,,,,,,,,0.9999999999999999,-0.1372535607306903,524288.0,5242880.0,3,,0,215.33385726689053,0.1390625,3.5907285809516907,108.28962472333266,10,1
91.06559677105706,0,6,0.807369127869606,0.7386422780371921,520.7354365637044,475.70280588916336,0.0,136.09822744559807,91.06559677105706,1.0,7,1.0,0.0,0.0,0.0,0.0,1.4221582535186543,0.0,0.5128878078856164,100000000.0,0.10000000149011612,0.0,0.0,0.0,,-0.5272727272727272,0.0,0.4472135954999579,0.8944271909999159,0.0,66.16367772221565,,0.13609822744559807,0.13609822744559807,125,0.8085661979629463,475.7028058891633,1.0,False,0.29875648893296103,6.8791223785227675,0.5223737863214154,3,4.4,5.9,0.031574937672973695,5,85.90893399588674,0.9867707956768951,0.8194062912130412,,,,0.0,5,,,,,,,,,,,,,,,,,,,,,,,,,,,,,,,,,,,,,,,,,,,,,,,,,,,,,,,,,,,,,,,,,,,,,,,,,,,,,0.9636363636363635,-0.21742735818927955,262144.0,2621440.0,1,,0,136.09822744559807,0.1578125,3.4706544876098633,91.06559677105705,10,5
181.69631731994033,0,0,0.6855018436908722,0.2535622111171783,311.38082238943497,231.3282659193985,0.0,232.42641256488446,181.69631731994036,1.0,2,1.0,0.0,0.0,0.0,0.0,0.24174580051454378,0.0,0.13374427096576802,20000000.0,0.10000000149011612,0.0,0.0,0.0,,-0.9393939393939393,0.0,0.4,2.0,0.0,80.0525564700365,,0.23242641256488447,0.23242641256488447,125,0.21455202805502097,231.3282659193985,1.0,False,0.1420590700119229,1.3084123877362046,0.15181624449761505,7,5.0,6.0,0.0678717823230697,2,160.30833473627717,0.6988453490821422,0.30700930948000416,,,,0.0,2,,,,,,,,,,,,,,,,,,,,,,,,,,,,,,,,,,,,,,,,,,,,,,,,,,,,,,,,,,,,,,,,,,,,,,,,,,,,,0.9393939393939393,-0.18724274128840368,131072.0,1310720.0,2,,0,232.42641256488446,0.125,3.5802107453346252,181.69631731994036,10,2
258.5657346771097,4,1,0.7129935547709465,0.37733287325960807,491.03688393378826,399.1741509235856,0.0,305.7525256426072,258.5657346771097,1.0,2,1.0,0.0,0.0,0.0,0.0,0.3289510138917851,0.0,0.15066204398591368,100000000.0,0.10000000149011612,0.0,0.0,0.0,,-0.5636363636363636,0.0,0.8,4.0,0.0,91.86273301020265,,0.30575252564260724,0.30575252564260724,125,0.3522483004501781,399.1741509235856,1.0,False,0.22779580005170674,2.098076853782849,0.18662608720632806,9,1.2,6.0,0.047883301328431695,2,216.02902422746277,0.7677431487422295,0.4588100864556797,,,,0.0,2,,,,,,,,,,,,,,,,,,,,,,,,,,,,,,,,,,,,,,,,,,,,,,,,,,,,,,,,,,,,,,,,,,,,,,,,,,,,,0.9999999999999999,-0.266774162847157,996147.2,9961472.0,3,,0,305.7525256426072,0.1546875,3.6155340552330015,258.5657346771096,10,2
68.18561730420706,0,4,0.7085860706865788,0.2711031020921182,155.7309922729194,108.15844470304845,0.0,113.51183717584726,68.18561730420706,1.0,7,1.0,0.0,0.0,0.0,0.0,0.5387872725372508,0.0,0.2896138809168285,100000000.0,0.10000000149011612,0.0,0.0,0.0,,0.12727272727272726,0.0,0.2,0.5,0.0,48.16683055832982,,0.11351183717584727,0.11351183717584727,126,0.36957657359615076,108.15844470304843,1.0,False,0.2382833379859259,4.389341295642039,0.16402731262249703,3,4.0,6.0,0.03695434447930515,4,65.87272257265954,0.945303175279456,0.39096089303507775,,,,0.0,4,,,,,,,,,,,,,,,,,,,,,,,,,,,,,,,,,,,,,,,,,,,,,,,,,,,,,,,,,,,,,,,,,,,,,,,,,,,,,0.9999999999999999,-0.17589758758088658,327680.0,3276800.0,1,,0,113.51183717584728,0.1453125,3.315570539236069,68.18561730420706,10,4
342.9061232252447,0,1,0.6977920420467854,0.5277720964087604,854.7192520161971,794.0030947027608,0.0,403.622280538681,342.90612322524476,1.0,2,1.0,0.0,0.0,0.0,0.0,0.6433661589671997,0.0,0.33744480103241814,20000000.0,0.10000000149011612,0.0,0.0,0.0,,-0.06666666666666665,0.0,0.2,1.0,0.0,74.50876384973526,,0.40362228053868104,0.40362228053868104,126,0.5681299915416408,794.0030947027608,1.0,False,0.12970970843533575,1.1946705642392326,0.2315511566940448,6,4.2,5.2,0.04024477638299004,2,338.7008778804075,0.9907638373162634,0.5734262496707245,,,,0.0,2,,,,,,,,,,,,,,,,,,,,,,,,,,,,,,,,,,,,,,,,,,,,,,,,,,,,,,,,,,,,,,,,,,,,,,,,,,,,,0.9999999999999999,-0.2666659944870084,288358.4,2883584.0,2,,0,403.622280538681,0.18125,3.4292437195777894,342.90612322524476,10,2
51.317316028647376,4,0,0.6923507899045944,0.15349730647161233,132.61485117923934,50.73581886914093,0.0,112.25882872509237,51.317316028647376,1.0,2,0.9999999999999999,0.0,0.0,0.0,0.0,0.3043618952479762,0.0,0.1649775866073528,100000000.0,0.10000000149011612,0.0,1.1102230246251565e-16,0.0,,-0.9272727272727272,0.0,0.8,4.0,0.0,81.87903231009841,,0.11225882872509237,0.11225882872509237,126,-0.011461274745683495,50.73581886914092,1.0,False,0.1980763554689007,1.8243506535091216,0.16700513122629182,9,5.0,6.0,0.04999704140137448,2,31.426610449959863,-0.03011501802056365,0.38058336003177257,,,,0.0,2,,,,,,,,,,,,,,,,,,,,,,,,,,,,,,,,,,,,,,,,,,,,,,,,,,,,,,,,,,,,,,,,,,,,,,,,,,,,,0.9272727272727272,-0.15516759209699654,131072.0,1310720.0,3,,0,112.25882872509237,0.1578125,3.4383323311805727,51.317316028647376,10,2
132.3096635039748,6,5,0.8121388964354992,0.33967012589086854,294.389657868678,232.3050356531984,0.0,194.39428571945442,132.30966350397478,1.0,7,1.0,0.0,0.0,0.0,0.0,0.2970191961858834,0.0,0.14701650551171247,100000000.0,0.10000000149011612,0.0,0.0,0.0,,-0.9999999999999999,0.0,0.447213595499958,1.118033988749895,0.0,72.31586752459407,,0.1943942857194544,0.1943942857194544,127,0.4304485775267645,232.30503565319836,1.0,False,0.266170027086067,4.903033092561595,0.17557677156832885,4,3.0,4.6,0.073006076559234,4,124.89100679550387,0.9309340056660624,0.4623835577031996,,,,0.0,4,,,,,,,,,,,,,,,,,,,,,,,,,,,,,,,,,,,,,,,,,,,,,,,,,,,,,,,,,,,,,,,,,,,,,,,,,,,,,0.9999999999999999,-0.23028215640276073,524288.0,5242880.0,1,,0,194.39428571945442,0.1734375,3.471911722421646,132.30966350397478,10,4
138.9128080566695,0,1,0.7122866809368134,0.07980920927344504,244.17568177731604,158.40027614312143,0.0,224.6882136908641,138.9128080566695,1.0,2,1.0,0.0,0.0,0.0,0.0,0.12691901811202366,0.0,0.06904229918304489,20000000.0,0.10000000149011612,0.0,0.0,0.0,,-0.9999999999999999,0.0,0.0,0.0,0.0,85.77540563419461,,0.2246882136908641,0.2246882136908641,127,0.12302673051430904,158.40027614312143,1.0,False,0.056043283550621985,0.2580888585322012,0.11402856105140574,10,5.0,6.0,0.07288538638312139,1,138.9128080566695,1.0,0.12302673051430904,,,,0.0,1,,,,,,,,,,,,,,,,,,,,,,,,,,,,,,,,,,,,,,,,,,,,,,,,,,,,,,,,,,,,,,,,,,,,,,,,,,,,,0.9999999999999999,-0.14036574862074305,131072.0,1310720.0,2,,0,224.6882136908641,0.153125,3.523607015609741,138.9128080566695,10,1
28.65179755635949,0,1,0.700819306075573,0.0652020768055693,134.81360277249684,37.44192443876735,0.0,126.023475890089,28.65179755635949,1.0,2,1.0,0.0,0.0,0.0,0.0,0.1657651430088811,0.0,0.09334985211151414,100000000.0,0.10000000149011612,0.0,0.0,0.0,,-0.9999999999999999,0.0,0.0,0.0,0.0,97.3716783337295,,0.126023475890089,0.126023475890089,127,0.23476696281419146,37.44192443876735,1.0,False,0.05917326419449009,0.2725029520760624,0.13067914627386729,10,5.0,6.0,0.07761622115519982,1,28.65179755635949,1.0,0.23476696281419146,,,,0.0,1,,,,,,,,,,,,,,,,,,,,,,,,,,,,,,,,,,,,,,,,,,,,,,,,,,,,,,,,,,,,,,,,,,,,,,,,,,,,,0.9999999999999999,-0.09259837004228955,131072.0,1310720.0,3,,0,126.023475890089,0.15,3.4992852210998535,28.651797556359494,10,1
76.84710614601451,0,6,0.8340189233422279,0.5244597269313108,272.4667740286751,215.43159980787468,0.0,129.56892412374097,76.84710614601451,1.0,7,1.0,0.0,0.0,0.0,0.0,0.8192975237490125,0.0,0.4084598908961499,100000000.0,0.10000000149011612,0.0,0.0,0.0,,-0.2121212121212121,0.0,0.4472135954999579,0.7453559924999299,0.0,61.40318978577852,,0.12956892412374096,0.12956892412374096,128,0.6432876782489293,215.43159980787468,1.0,False,0.30536570729441737,8.437566306332503,0.2970087719112134,3,4.2,6.0,0.034189327998305624,6,71.20819733502294,0.9609015685782824,0.6694626164475057,,,,0.0,6,,,,,,,,,,,,,,,,,,,,,,,,,,,,,,,,,,,,,,,,,,,,,,,,,,,,,,,,,,,,,,,,,,,,,,,,,,,,,0.9757575757575757,-0.21746731570907918,301465.6,3014656.0,1,,0,129.56892412374097,0.18125,3.3068027079105375,76.84710614601451,10,6
824.8993794389928,1,0,0.9273090399801731,0.48915763629848685,1764.914385252763,1681.2017045217942,0.0,901.5930362933244,824.8993794389929,1.0,2,1.0,0.0,0.0,0.0,0.0,0.5148523719904227,0.0,0.2704906417003765,20000000.0,0.10000000149011612,0.0,0.0,0.0,,-0.9999999999999999,0.0,0.0,0.0,0.0,83.71268073096871,,0.9015930362933244,0.9015930362933244,128,0.5093394342747055,1681.201704521794,1.0,False,0.12042828701882007,1.1091855138573739,0.20555594630535398,5,3.0,5.5,0.05042777695376052,2,820.4168697802579,0.9947925317944515,0.5120056876140154,,,,0.0,2,,,,,,,,,,,,,,,,,,,,,,,,,,,,,,,,,,,,,,,,,,,,,,,,,,,,,,,,,,,,,,,,,,,,,,,,,,,,,0.9999999999999999,-0.5110106616560722,524288.0,5242880.0,2,,0,901.5930362933244,0.1671875,3.4530938863754272,824.8993794389929,10,2
59.57233101355625,2,0,0.6857952103018761,0.41063070573443994,219.70678076271173,149.79068145279047,0.0,129.48843032347753,59.57233101355626,1.0,2,0.9999999999999999,0.0,0.0,0.0,0.0,0.5817495456925204,0.0,0.2547196407982374,100000000.0,0.10000000149011612,0.0,1.1102230246251565e-16,0.0,,-0.6606060606060605,0.0,0.6,3.0,0.0,90.61370091512799,,0.12948843032347754,0.12948843032347754,128,0.6022961479594332,149.79068145279047,1.0,False,0.1727011273383844,1.5906361654105217,0.2514433779982592,8,4.6,5.6,0.06121849811392073,2,47.51916531359111,0.8821454286102509,0.6827628738135642,,,,0.0,2,,,,,,,,,,,,,,,,,,,,,,,,,,,,,,,,,,,,,,,,,,,,,,,,,,,,,,,,,,,,,,,,,,,,,,,,,,,,,0.9999999999999999,-0.15109477883093098,209715.2,2097152.0,3,,0,129.48843032347753,0.1515625,3.410786747932434,59.57233101355625,10,2
218.1040668591921,3,5,0.8241971954703331,0.3780410077081525,449.3124077157418,380.900322186325,0.0,279.4538923271065,218.1040668591921,1.0,7,1.0,0.0,0.0,0.0,0.0,0.38119401801741076,0.0,0.21128047732031585,100000000.0,0.10000000149011612,0.0,0.0,0.0,,-0.32121212121212117,0.0,0.34641016151377546,0.8660254037844386,0.0,68.4120855294168,,0.2794538923271065,0.2794538923271065,129,0.4273985760702451,380.90032218632496,1.0,False,0.26564506670970833,4.893362965065466,0.18048571890377452,3,1.8,5.1,0.050439455043302425,4,212.15538912757907,0.9647475179029993,0.4430159893017916,,,,0.0,4,,,,,,,,,,,,,,,,,,,,,,,,,,,,,,,,,,,,,,,,,,,,,,,,,,,,,,,,,,,,,,,,,,,,,,,,,,,,,0.9999999999999999,-0.2725494795184074,838860.8,8388608.0,1,,0,279.4538923271065,0.15625,3.389480483531952,218.1040668591921,10,4
807.7461303086596,1,1,0.6994255818426609,0.29013941629908974,1227.8704149001849,1140.2464373321843,0.0,871.6168094301241,807.7461303086595,1.0,2,1.0,0.0,0.0,0.0,0.0,0.549546605379298,0.0,0.2695325504912793,20000000.0,0.10000000149011612,0.0,0.0,0.0,,-0.6363636363636362,0.0,0.4,2.0,0.0,87.62397756800056,,0.8716168094301242,0.8716168094301242,129,0.291603899067179,1140.2464373321843,1.0,False,0.13957518751488857,1.2855349844945243,0.1454409263696831,7,2.9,5.3,0.014641931779725066,2,785.1688384235473,0.9364158934427134,0.3114042607661254,,,,0.0,2,,,,,,,,,,,,,,,,,,,,,,,,,,,,,,,,,,,,,,,,,,,,,,,,,,,,,,,,,,,,,,,,,,,,,,,,,,,,,0.9999999999999999,-0.5055959984725064,773324.8,7733248.0,2,,0,871.6168094301242,0.15625,3.4208931803703306,807.7461303086596,10,2
77.42129489967058,0,1,0.7008900865912437,0.22385994625968372,189.62246709074816,119.8701701922341,0.0,147.17359179818462,77.42129489967058,1.0,2,1.0,0.0,0.0,0.0,0.0,0.3229808046544364,0.0,0.17723044918242398,100000000.0,0.10000000149011612,0.0,0.0,0.0,,-0.16363636363636364,0.0,0.0,0.0,0.0,73.16244533285499,,0.14717359179818462,0.14717359179818462,129,0.354123759267955,119.87017019223408,1.0,False,0.12864374219173713,1.1848526523106524,0.1548284233008148,5,3.5,5.0,0.06627128557212264,2,76.21625659098527,0.9723956408652706,0.3641766215167765,,,,0.0,2,,,,,,,,,,,,,,,,,,,,,,,,,,,,,,,,,,,,,,,,,,,,,,,,,,,,,,,,,,,,,,,,,,,,,,,,,,,,,0.9999999999999999,-0.13790866699496088,393216.0,3932160.0,3,,0,147.17359179818462,0.1828125,3.3921838104724884,77.42129489967058,10,2
194.2709931879249,4,5,0.7333341054618359,0.6909151747413446,848.6101403866945,777.5379880365966,0.0,262.2925169541445,194.2709931879249,1.0,7,1.0,0.0,0.0,0.0,0.0,1.4476182027206692,0.0,0.6597559292633776,100000000.0,0.10000000149011612,0.0,0.0,0.0,,-0.9999999999999999,0.0,0.1414213562373095,0.4714045207910317,0.0,71.0721523500979,,0.2622925169541445,0.2622925169541445,130,0.7501459784897596,777.5379880365965,1.0,False,0.19531707845301435,2.6984051595183565,0.4066188188933839,4,3.8,6.0,0.011089748492174806,3,191.3487252966433,0.9950148048130012,0.7539043387708576,,,,0.0,3,,,,,,,,,,,,,,,,,,,,,,,,,,,,,,,,,,,,,,,,,,,,,,,,,,,,,,,,,,,,,,,,,,,,,,,,,,,,,0.9999999999999999,-0.22880479770357942,406323.2,4063232.0,1,0.14609375,0,262.2925169541445,0.1625,3.3010150849819184,194.2709931879249,10,3
101.04037383670233,0,0,0.6844201125204563,0.4017865710371543,279.0745370446802,213.1687751396657,0.0,166.94613574171686,101.04037383670234,1.0,2,1.0,0.0,0.0,0.0,0.0,0.5075619856564504,0.0,0.2654638463524217,20000000.0,0.10000000149011612,0.0,0.0,0.0,,-0.19999999999999998,0.0,0.2,1.0,0.0,73.2580590993166,,0.16694613574171685,0.16694613574171685,130,0.5260076257861788,213.1687751396657,1.0,False,0.12955412843762162,1.1932376195052143,0.2109738583154701,6,2.0,6.0,0.04865775048297165,2,98.25473062186094,0.9757588967777583,0.5390754084059187,,,,0.0,2,,,,,,,,,,,,,,,,,,,,,,,,,,,,,,,,,,,,,,,,,,,,,,,,,,,,,,,,,,,,,,,,,,,,,,,,,,,,,0.9999999999999999,-0.14825013208966925,81920.0,819200.0,2,0.14609375,0,166.94613574171686,0.165625,3.3869558691978456,101.04037383670233,10,2
27.624111250060217,0,1,0.734895933419466,0.06489276559609757,129.21086576671235,36.0089616747283,0.0,120.82601534204424,27.62411125006022,1.0,2,1.0,0.0,0.0,0.0,0.0,0.13642809878086581,0.0,0.07096343702271804,100000000.0,0.10000000149011612,0.0,0.0,0.0,,-0.9999999999999999,0.0,0.0,0.0,0.0,93.20190409198403,,0.12082601534204425,0.12082601534204425,130,0.23285454605464825,36.0089616747283,1.0,False,0.05917326419449009,0.2725029520760624,0.13035337625441185,10,5.0,6.0,0.08583013594080233,1,27.624111250060217,1.0,0.23285454605464825,,,,0.0,1,,,,,,,,,,,,,,,,,,,,,,,,,,,,,,,,,,,,,,,,,,,,,,,,,,,,,,,,,,,,,,,,,,,,,,,,,,,,,0.9999999999999999,-0.08999963976826716,131072.0,1310720.0,3,0.14609375,0,120.82601534204424,0.15,3.40656977891922,27.624111250060217,10,1
147.12995366761749,0,3,0.7502478547394276,0.36132678507007665,329.09598894868043,236.88107863519338,0.0,210.18479328239624,147.12995366761749,1.0,7,1.0,0.0,0.0,0.0,0.0,0.5349270550279525,0.0,0.30005662192856747,100000000.0,0.10000000149011612,0.0,0.0,0.0,,-0.7575757575757575,0.0,1.0392304845413265,2.598076211353316,0.0,92.21491031348705,,0.21018479328239625,0.21018479328239625,131,0.3788868468713632,236.88107863519335,1.0,False,0.34091580737856236,6.279901248287258,0.20079792627888174,7,3.1,5.8,0.017842136420055613,4,122.88036312163383,0.7872856285441527,0.48125716148534314,,,,0.0,4,,,,,,,,,,,,,,,,,,,,,,,,,,,,,,,,,,,,,,,,,,,,,,,,,,,,,,,,,,,,,,,,,,,,,,,,,,,,,0.9878787878787878,-0.27555030033047934,511180.8,5111808.0,1,,0,210.18479328239624,0.171875,3.4774173855781556,147.12995366761749,10,4
298.39141997762147,1,1,0.689587090164423,0.18372712507004632,494.9907000149331,389.33463822777486,0.0,404.0474817647797,298.39141997762147,1.0,2,1.0,0.0,0.0,0.0,0.0,0.16478098276151368,0.0,0.09189043979438767,20000000.0,0.10000000149011612,0.0,0.0,0.0,,-0.9999999999999999,0.0,0.0,0.0,0.0,105.65606178715825,,0.4040474817647797,0.4040474817647797,131,0.23358625028618263,389.33463822777486,1.0,False,0.056043283550621985,0.2580888585322012,0.13047782615766026,10,4.0,6.0,0.07675575990880278,1,298.39141997762147,1.0,0.23358625028618263,,,,0.0,1,,,,,,,,,,,,,,,,,,,,,,,,,,,,,,,,,,,,,,,,,,,,,,,,,,,,,,,,,,,,,,,,,,,,,,,,,,,,,0.9999999999999999,-0.23004538265770086,262144.0,2621440.0,2,,0,404.0474817647797,0.159375,3.568199098110199,298.39141997762147,10,1
148.98372424999388,2,0,0.6967191584408283,0.3050801226025091,317.57221721292575,245.8686952124639,0.0,220.6872462504557,148.98372424999388,1.0,2,1.0,0.0,0.0,0.0,0.0,0.3865120337117223,0.0,0.21167574327758557,100000000.0,0.10000000149011612,0.0,0.0,0.0,,-0.9757575757575757,0.0,0.0,0.0,0.0,75.03023743629456,,0.2206872462504557,0.2206872462504557,131,0.3940516741212144,245.86869521246388,1.0,False,0.13226620923216206,1.2182168067392314,0.16503057394369977,5,3.0,6.0,0.05772690303324309,2,147.45277130023018,0.9844440524571108,0.4002783836599816,,,,0.0,2,,,,,,,,,,,,,,,,,,,,,,,,,,,,,,,,,,,,,,,,,,,,,,,,,,,,,,,,,,,,,,,,,,,,,,,,,,,,,0.9757575757575757,-0.17647672774130888,524288.0,5242880.0,3,,0,220.6872462504557,0.15,3.516354113817215,148.98372424999388,10,2
85.22506234485506,1,1,1.110999844968319,0.6113547410682956,386.3542521492617,316.65367205897735,0.0,150.15474836591483,85.22506234485506,1.0,7,1.0,0.0,0.0,0.0,0.0,1.023033896312873,0.0,0.4177789218596765,100000000.0,0.10000000149011612,0.0,0.0,0.0,,-0.04242424242424241,0.0,0.5099019513592785,0.7284313590846836,0.0,73.14446289092302,,0.15015474836591483,0.15015474836591483,132,0.7308571797361576,316.65367205897735,1.0,False,0.3466535272051625,11.174789418469784,0.3935826804823133,3,4.0,5.6,0.039463408956700474,7,79.3814444663876,0.9753716735508495,0.749311467161503,,,,0.0,7,,,,,,,,,,,,,,,,,,,,,,,,,,,,,,,,,,,,,,,,,,,,,,,,,,,,,,,,,,,,,,,,,,,,,,,,,,,,,0.9878787878787878,-0.24840413778553866,327680.0,3276800.0,1,,0,150.15474836591483,0.1765625,3.3337418675422668,85.22506234485506,10,7
226.51771980310195,1,1,0.6909351795911789,0.46538996704561986,549.287949796699,482.1508206575438,0.0,293.6548489422571,226.51771980310195,1.0,2,1.0,0.0,0.0,0.0,0.0,0.5235767122633781,0.0,0.27314854485933276,20000000.0,0.10000000149011612,0.0,0.0,0.0,,-0.709090909090909,0.0,0.2,1.0,0.0,77.67429761588573,,0.29365484894225713,0.29365484894225713,132,0.5301932297985444,482.1508206575438,1.0,False,0.13270163983513425,1.22222727080098,0.21285346730341811,6,4.6,6.0,0.04713425768082724,2,222.45305947148464,0.9843484968331891,0.5386234971702228,,,,0.0,2,,,,,,,,,,,,,,,,,,,,,,,,,,,,,,,,,,,,,,,,,,,,,,,,,,,,,,,,,,,,,,,,,,,,,,,,,,,,,0.9999999999999999,-0.2131782443886957,183500.8,1835008.0,2,,0,293.6548489422571,0.1796875,3.379777526855469,226.51771980310198,10,2
73.61009205184372,0,1,0.6987187080085278,0.3518071683874575,217.27211677918118,150.04798022547644,0.0,140.83422860554845,73.61009205184371,1.0,2,1.0,0.0,0.0,0.0,0.0,0.6006240485479517,0.0,0.325445617523361,100000000.0,0.10000000149011612,0.0,0.0,0.0,,-0.5151515151515151,0.0,0.2,1.0,0.0,77.9972174204886,,0.14083422860554845,0.14083422860554845,132,0.5094229729635137,150.04798022547644,1.0,False,0.13713650317979015,1.2630738717084615,0.20384158753639023,6,4.2,6.0,0.04026043345945675,2,70.17285180604914,0.956967327454605,0.5323305805209727,,,,0.0,2,,,,,,,,,,,,,,,,,,,,,,,,,,,,,,,,,,,,,,,,,,,,,,,,,,,,,,,,,,,,,,,,,,,,,,,,,,,,,0.9999999999999999,-0.1389853658926693,288358.4,2883584.0,3,,0,140.83422860554845,0.1671875,3.361378479003906,73.61009205184371,10,2
115.82371695867646,9,1,0.9470502845942974,0.6912639744878787,582.9946230399722,514.1170005548114,0.0,179.99144281229843,115.82371695867646,1.0,7,1.0,0.0,0.0,0.0,0.0,1.3640944095994303,0.0,0.593016306095134,100000000.0,0.10000000149011612,0.0,0.0,0.0,,-0.709090909090909,0.0,0.31622776601683794,0.6324555320336759,0.0,70.9571773186326,,0.1799914428122984,0.1799914428122984,133,0.7747133107178233,514.1170005548114,1.0,False,0.2827870126495348,6.511411598191376,0.462694018656874,3,4.0,5.4,0.01773680055369001,5,111.20672925213552,0.9885409034333786,0.7836937328815692,,,,0.0,5,,,,,,,,,,,,,,,,,,,,,,,,,,,,,,,,,,,,,,,,,,,,,,,,,,,,,,,,,,,,,,,,,,,,,,,,,,,,,0.9999999999999999,-0.2313892277309166,353894.4,3538944.0,1,,0,179.9914428122984,0.175,3.3116127789020537,115.82371695867646,10,5
914.8892464805962,2,0,0.6905528716742992,0.6574207883469785,2882.890095220666,2808.41892234401,0.0,987.6182161029997,914.8892464805963,1.0,2,1.0,0.0,0.0,0.0,0.0,0.8971618724795495,0.0,0.46706063033686224,20000000.0,0.10000000149011612,0.0,0.0,0.0,,-0.9030303030303028,0.0,0.0,0.0,0.0,74.47117287665606,,0.9876182161029998,0.9876182161029998,133,0.6742333420410812,2808.41892234401,1.0,False,0.13377382762560264,1.232102485293871,0.3075538538044504,5,2.5,6.0,0.02315087188483369,2,913.3827830358828,0.9992050476434378,0.6747697518454476,,,,0.0,2,,,,,,,,,,,,,,,,,,,,,,,,,,,,,,,,,,,,,,,,,,,,,,,,,,,,,,,,,,,,,,,,,,,,,,,,,,,,,0.9999999999999999,-0.5606960218643012,655360.0,6553600.0,2,,0,987.6182161029998,0.1734375,3.4313481748104095,914.8892464805964,10,2
124.28085952238818,4,1,0.696099828928709,0.3854006000798976,317.9690502831526,243.17291008921345,0.0,195.42358749719045,124.28085952238818,1.0,2,1.0,0.0,0.0,0.0,0.0,0.7900603128447168,0.0,0.41376533041769625,100000000.0,0.10000000149011612,0.0,0.0,0.0,,-0.5151515151515151,0.0,0.0,0.0,0.0,74.79614019393921,,0.19542358749719047,0.19542358749719047,133,0.4889198000024223,243.17291008921345,1.0,False,0.12943135247070348,1.1921068110603996,0.2015900323894687,5,3.5,5.0,0.01685511857799565,2,121.02110324603552,0.9733138922739175,0.5023248962985383,,,,0.0,2,,,,,,,,,,,,,,,,,,,,,,,,,,,,,,,,,,,,,,,,,,,,,,,,,,,,,,,,,,,,,,,,,,,,,,,,,,,,,0.9999999999999999,-0.16242746998394697,589824.0,5898240.0,3,,0,195.42358749719045,0.203125,3.2667364478111267,124.28085952238817,10,2
63.86546132197847,0,3,0.7009678520262241,0.3301674398995334,158.3474163810381,110.4098560201594,0.0,106.06625529980532,63.865461321978486,1.0,7,1.0,0.0,0.0,0.0,0.0,0.4538860371431132,0.0,0.233726204759815,100000000.0,0.10000000149011612,0.0,0.0,0.0,,0.16363636363636364,0.0,0.8246211251235321,2.0615528128088303,0.0,74.4037926197052,,0.10606625529980532,0.10606625529980532,134,0.4215601430517446,110.4098560201594,1.0,False,0.29615143081434725,5.455310958895788,0.18994036617571136,6,4.6,6.0,0.04724603583532611,4,44.43793701811901,0.7055182781137743,0.5975183863114066,,,,0.0,4,0.010512604146594329,0.0,0.0,0.0,0.0,0.0,0.0,0.0,0.0,0.0,0.0,0.0,0.0,0.0,0.10000000149011612,0.0,0.0,0.0,0.0,0.0,0.0,0.2001636940985918,0.004334787817400243,0.06270833667367696,0.9219971477985383,0.28651612251996994,-0.0029185407697998045,True,0.0529067050665617,0.11252430751919747,0.24099799543619155,0.5553313702344894,1.0986821174621582,1,1.136597615480423,0.4999995082616806,0.4999997615814209,1.136597615480423,1.8035048246383667,False,0.38061442971229553,-1.82774019241333,-0.008302838960662483,8,1,10,3.468910295981914,0.016690419951919465,0.33761906176805495,1.972173798084259,0.37406969666481016,0.844128304719925,1.8786896467208862,-0.01368713122792542,-0.0021618766961624125,-2.8738794326782227,0.6215306520462036,-0.22090640664100647,0.03176417946815491,-0.009086367429776532,-3.473832607269287,0.9232109785079956,-0.3250521719455719,0.18028907477855682,-0.04629518019099277,-2.354991912841797,0.4614831507205963,-0.14784057438373566,0.053494956344366074,0.0,-1.447125792503357,48,134,0.1968020036816597,0.457890185713768,0.018112285155802967,0.5757575757575757,-0.20110884305707627,209715.2,2097152.0,1,,0,106.06625529980532,0.1421875,3.3165095806121827,63.86546132197847,10,4
1393.8085024382488,2,1,0.681071076542139,0.5985256267411104,3621.049789794987,3527.6815733772573,0.0,1453.7586948971766,1393.8085024382488,1.0,2,1.0,0.0,0.0,0.0,0.0,0.5907939953144582,0.0,0.27346678149648046,20000000.0,0.10000000149011612,0.0,0.0,0.0,,-0.9999999999999999,0.0,0.8,4.0,0.0,93.36821641772985,,1.4537586948971766,1.4537586948971766,134,0.6048939017180415,3527.6815733772573,1.0,False,0.20855419061387348,1.9208550815557754,0.25931389767739804,9,1.3,4.2,0.016510354503958834,2,1360.9422219018281,0.9848314563013588,0.6142105817677536,,,,0.0,2,0.010512604146594329,0.0,0.0,0.0,0.0,0.0,0.0,0.0,0.0,0.0,0.0,0.0,0.0,0.0,0.10000000149011612,0.0,0.0,0.0,0.0,0.0,0.0,0.2001636940985918,0.004334787817400243,0.06270833667367696,0.9219971477985383,0.28651612251996994,-0.0029185407697998045,True,0.0529067050665617,0.11252430751919747,0.24099799543619155,0.5553313702344894,1.0986821174621582,1,1.136597615480423,0.4999995082616806,0.4999997615814209,1.136597615480423,1.8035048246383667,False,0.38061442971229553,-1.82774019241333,-0.008302838960662483,8,1,10,3.468910295981914,0.016690419951919465,0.33761906176805495,1.972173798084259,0.37406969666481016,0.844128304719925,1.8786896467208862,-0.01368713122792542,-0.0021618766961624125,-2.8738794326782227,0.6215306520462036,-0.22090640664100647,0.03176417946815491,-0.009086367429776532,-3.473832607269287,0.9232109785079956,-0.3250521719455719,0.18028907477855682,-0.04629518019099277,-2.354991912841797,0.4614831507205963,-0.14784057438373566,0.053494956344366074,0.0,-1.447125792503357,48,134,0.1968020036816597,0.457890185713768,0.018112285155802967,0.9999999999999999,-0.831156442755525,969932.8,9699328.0,2,,0,1453.7586948971766,0.1703125,3.4190716981887816,1393.8085024382488,10,2
35.85664175185153,0,1,0.6984453648328781,0.19286666760070498,165.72809512152602,67.8200671857529,0.0,133.76466968762466,35.85664175185153,1.0,2,1.0,0.0,0.0,0.0,0.0,0.3254346385496025,0.0,0.15038788269104808,100000000.0,0.10000000149011612,0.0,0.0,0.0,,-0.9999999999999999,0.0,0.0,0.0,0.0,97.90802793577313,,0.13376466968762465,0.13376466968762465,134,0.47129746047517923,67.8200671857529,1.0,False,0.05917326419449009,0.2725029520760624,0.18914227287403704,10,5.0,6.0,0.0647835014146606,1,35.856641751851534,1.0000000000000002,0.4712974604751792,,,,0.0,1,0.010512604146594329,0.0,0.0,0.0,0.0,0.0,0.0,0.0,0.0,0.0,0.0,0.0,0.0,0.0,0.10000000149011612,0.0,0.0,0.0,0.0,0.0,0.0,0.2001636940985918,0.004334787817400243,0.06270833667367696,0.9219971477985383,0.28651612251996994,-0.0029185407697998045,True,0.0529067050665617,0.11252430751919747,0.24099799543619155,0.5553313702344894,1.0986821174621582,1,1.136597615480423,0.4999995082616806,0.4999997615814209,1.136597615480423,1.8035048246383667,False,0.38061442971229553,-1.82774019241333,-0.008302838960662483,8,1,10,3.468910295981914,0.016690419951919465,0.33761906176805495,1.972173798084259,0.37406969666481016,0.844128304719925,1.8786896467208862,-0.01368713122792542,-0.0021618766961624125,-2.8738794326782227,0.6215306520462036,-0.22090640664100647,0.03176417946815491,-0.009086367429776532,-3.473832607269287,0.9232109785079956,-0.3250521719455719,0.18028907477855682,-0.04629518019099277,-2.354991912841797,0.4614831507205963,-0.14784057438373566,0.053494956344366074,0.0,-1.447125792503357,48,134,0.1968020036816597,0.457890185713768,0.018112285155802967,0.9999999999999999,-0.09646896694105737,131072.0,1310720.0,3,,0,133.76466968762466,0.203125,3.3250572085380554,35.85664175185153,10,1
96.14464490642104,0,3,0.7627857849001884,0.6729652583976325,493.3951166792975,414.8847936055825,0.0,161.35734449108398,96.14464490642105,1.0,7,1.0,0.0,0.0,0.0,0.0,1.3775940274818657,0.0,0.5341720916601116,100000000.0,0.10000000149011612,0.0,0.0,0.0,,-0.406060606060606,0.0,0.8246211251235321,2.0615528128088303,0.0,78.51032307371497,,0.16135734449108396,0.16135734449108396,135,0.7682618249975615,414.8847936055825,1.0,False,0.3234342397960916,5.957878872946737,0.5007842002133843,6,4.5,5.6,0.030118415262811987,4,86.82085349785766,0.9715793469849147,0.7907350309387443,,,,0.0,4,,,,,,,,,,,,,,,,,,,,,,,,,,,,,,,,,,,,,,,,,,,,,,,,,,,,,,,,,,,,,,,,,,,,,,,,,,,,,0.9999999999999999,-0.24239579214358778,222822.4,2228224.0,1,,0,161.35734449108398,0.1359375,3.4809284806251526,96.14464490642105,10,4
609.4834510874119,0,1,0.6809728220105171,0.34081160246781933,1070.9307102280477,974.4690625722328,0.0,705.9450987432268,609.4834510874119,1.0,2,1.0,0.0,0.0,0.0,0.0,0.23464670162174336,0.0,0.11862110846155842,20000000.0,0.10000000149011612,0.0,0.0,0.0,,-0.9999999999999999,0.0,0.0,0.0,0.0,96.46164765581489,,0.7059450987432269,0.7059450987432269,135,0.37454817757004594,974.4690625722328,1.0,False,0.056043283550621985,0.2580888585322012,0.1598844170147082,10,3.0,4.0,0.07771739346250289,1,609.4834510874119,1.0,0.37454817757004594,,,,0.0,1,,,,,,,,,,,,,,,,,,,,,,,,,,,,,,,,,,,,,,,,,,,,,,,,,,,,,,,,,,,,,,,,,,,,,,,,,,,,,0.9999999999999999,-0.3809941911469244,524288.0,5242880.0,2,,0,705.9450987432268,0.1890625,3.2943398356437683,609.4834510874119,10,1
68.9612338630723,0,1,0.6921850144863129,0.2845075978968773,179.22187855027062,119.95122001997572,0.0,128.23189239336725,68.96123386307231,1.0,2,1.0,0.0,0.0,0.0,0.0,0.309526045049895,0.0,0.15647138279337586,100000000.0,0.10000000149011612,0.0,0.0,0.0,,-0.8787878787878788,0.0,0.8,4.0,0.0,94.01528630405664,,0.12823189239336724,0.12823189239336724,135,0.4250893500575647,119.95122001997571,1.0,False,0.23643967614343744,2.177689894720876,0.1739400722703829,9,4.8,5.8,0.07183950646372836,2,40.26008915528625,0.6398451823137159,0.6643628205817192,,,,0.0,2,,,,,,,,,,,,,,,,,,,,,,,,,,,,,,,,,,,,,,,,,,,,,,,,,,,,,,,,,,,,,,,,,,,,,,,,,,,,,0.9999999999999999,-0.18233578426840236,170393.6,1703936.0,3,,0,128.23189239336725,0.1578125,3.385692518949509,68.96123386307231,10,2
97.9819126034533,0,6,1.0525560937821865,0.4473128604401542,293.30413678994904,225.98449450320135,0.0,162.10542438350666,97.9819126034533,1.0,7,1.0,0.0,0.0,0.0,0.0,0.657074729577471,0.0,0.35776724843171304,100000000.0,0.10000000149011612,0.0,0.0,0.0,,-0.09090909090909088,0.0,0.4472135954999579,0.7453559924999299,0.0,72.03037198632956,,0.16210542438350667,0.16210542438350667,136,0.5664219670519685,225.98449450320135,1.0,False,0.3197512673899961,8.835054021097898,0.238416025593915,3,3.6,5.6,0.022574185428427606,6,92.76921253871284,0.9608701044814812,0.5894885941504334,,,,0.0,6,,,,,,,,,,,,,,,,,,,,,,,,,,,,,,,,,,,,,,,,,,,,,,,,,,,,,,,,,,,,,,,,,,,,,,,,,,,,,0.9878787878787878,-0.24092834588675138,419430.4,4194304.0,1,,0,162.10542438350666,0.1578125,3.4955156981945037,97.98191260345328,10,6
154.5306542661579,0,1,0.6674057804048061,0.17656795693107952,315.43674553284654,210.22667596588147,0.0,259.740723833123,154.5306542661579,1.0,2,1.0,0.0,0.0,0.0,0.0,0.1580150433487254,0.0,0.08331817643701338,20000000.0,0.10000000149011612,0.0,0.0,0.0,,-0.9999999999999999,0.0,0.0,0.0,0.0,105.2100695669651,,0.2597407238331231,0.2597407238331231,136,0.26493317959687784,210.22667596588144,1.0,False,0.056043283550621985,0.2580888585322012,0.13604205389811835,10,5.0,6.0,0.0772540362672697,1,154.5306542661579,1.0,0.26493317959687784,,,,0.0,1,,,,,,,,,,,,,,,,,,,,,,,,,,,,,,,,,,,,,,,,,,,,,,,,,,,,,,,,,,,,,,,,,,,,,,,,,,,,,0.9999999999999999,-0.15789200369187253,131072.0,1310720.0,2,,0,259.74072383312307,0.1859375,3.292500376701355,154.53065426615794,10,1
136.80354484297504,0,0,0.6914990954101086,0.2916023229060497,290.6448624500399,212.38488447231703,0.0,205.89214541889896,136.80354484297504,1.0,2,1.0,0.0,0.0,0.0,0.0,0.248144253597472,0.0,0.12074717199169027,100000000.0,0.10000000149011612,0.0,0.0,0.0,,-0.9878787878787878,0.0,0.2,1.0,0.0,78.25997797772288,,0.205892145418899,0.205892145418899,136,0.35586967413960896,212.384884472317,1.0,False,0.1357701144846147,1.2504889667454753,0.16640388448327675,6,3.0,5.6,0.0763119924186192,2,130.83102153312723,0.9267659054445869,0.38399090002009906,,,,0.0,2,,,,,,,,,,,,,,,,,,,,,,,,,,,,,,,,,,,,,,,,,,,,,,,,,,,,,,,,,,,,,,,,,,,,,,,,,,,,,0.9878787878787878,-0.17083112995175687,524288.0,5242880.0,3,,0,205.892145418899,0.1765625,3.300567364692688,136.80354484297507,10,2
119.2921540967937,0,3,0.8980757556855679,0.5167595184264039,373.603378089707,304.78624826539647,0.0,180.54027634559233,119.29215409679371,1.0,7,1.0,0.0,0.0,0.0,0.0,0.8353722489675636,0.0,0.4529098380969172,100000000.0,0.10000000149011612,0.0,0.0,0.0,,-0.406060606060606,0.0,0.6324555320336759,1.2649110640673518,0.0,71.13594328984618,,0.18054027634559233,0.18054027634559233,137,0.6086038829648294,304.78624826539647,1.0,False,0.30879783718602255,7.11033296653338,0.27280492696053704,4,3.9,5.9,0.020284573342599546,5,111.95972936692135,0.9619739817336382,0.632661479958141,,,,0.0,5,,,,,,,,,,,,,,,,,,,,,,,,,,,,,,,,,,,,,,,,,,,,,,,,,,,,,,,,,,,,,,,,,,,,,,,,,,,,,0.9878787878787878,-0.24466905676580744,445644.8,4456448.0,1,,0,180.54027634559233,0.2,3.2997429966926575,119.29215409679371,10,5
790.8449934481404,0,1,0.678705982863903,0.35166555126652005,1314.0896650473228,1252.9650599206439,0.0,851.9695985748193,790.8449934481404,1.0,2,1.0,0.0,0.0,0.0,0.0,0.2947068891148414,0.0,0.15794442278825677,20000000.0,0.10000000149011612,0.0,0.0,0.0,,-0.43030303030303024,0.0,0.6,3.0,0.0,93.26296392828226,,0.8519695985748194,0.8519695985748194,137,0.36882119163145033,1252.9650599206439,1.0,False,0.16989638875943847,1.5648035684440167,0.15843370955130248,8,2.6,4.0,0.06779743796037671,2,767.7486892521969,0.9523999897939852,0.387254510272759,,,,0.0,2,,,,,,,,,,,,,,,,,,,,,,,,,,,,,,,,,,,,,,,,,,,,,,,,,,,,,,,,,,,,,,,,,,,,,,,,,,,,,0.9999999999999999,-0.510932993667129,629145.6,6291456.0,2,,0,851.9695985748193,0.203125,3.3831727385520933,790.8449934481404,10,2
113.61285073912967,0,1,0.6665107794106007,0.20761356939567677,274.42122490761545,170.5864207601335,0.0,217.44765488661162,113.61285073912967,1.0,2,1.0,0.0,0.0,0.0,0.0,0.1994322461324547,0.0,0.10060293811047291,100000000.0,0.10000000149011612,0.0,0.0,0.0,,-0.9999999999999999,0.0,0.0,0.0,0.0,103.83480414748192,,0.2174476548866116,0.2174476548866116,137,0.33398654926417626,170.5864207601335,1.0,False,0.05917326419449009,0.2725029520760624,0.15014711773391093,10,3.0,6.0,0.08060295722480612,1,113.61285073912967,1.0,0.33398654926417626,,,,0.0,1,,,,,,,,,,,,,,,,,,,,,,,,,,,,,,,,,,,,,,,,,,,,,,,,,,,,,,,,,,,,,,,,,,,,,,,,,,,,,0.9999999999999999,-0.13831045954055085,524288.0,5242880.0,3,,0,217.44765488661162,0.1640625,3.41850209236145,113.61285073912967,10,1
107.25436698338721,5,3,0.7838341407477856,0.2603153157701466,225.82521229963717,147.48373521473226,0.0,167.03945085099673,107.2543669833872,1.0,7,1.0,0.0,0.0,0.0,0.0,0.4701823151932834,0.0,0.26071664656786087,100000000.0,0.10000000149011612,0.0,0.0,0.0,,-0.6363636363636362,0.0,0.8246211251235321,2.0615528128088303,0.0,78.34147708490491,,0.16703945085099672,0.16703945085099672,138,0.27277155798076447,147.48373521473226,1.0,False,0.2943806642947672,5.422692234166525,0.16627632960778363,6,3.6,6.0,0.02417756442447318,4,91.27802920992549,0.7157523869178798,0.3810976574669255,,,,0.0,4,,,,,,,,,,,,,,,,,,,,,,,,,,,,,,,,,,,,,,,,,,,,,,,,,,,,,,,,,,,,,,,,,,,,,,,,,,,,,0.9757575757575757,-0.230710057572882,393216.0,3932160.0,1,,0,167.03945085099673,0.16875,3.403103697299957,107.2543669833872,10,4
1420.3725499392872,3,1,0.6691287271678448,0.6632888144105282,4406.123153157626,4313.504338022415,0.0,1483.5909507529261,1420.372549939287,1.0,2,1.0,0.0,0.0,0.0,0.0,0.767975474997518,0.0,0.3609661845072227,20000000.0,0.10000000149011612,0.0,0.0,0.0,,-0.8666666666666665,0.0,0.4,2.0,0.0,92.61881513521075,,1.483590950752926,1.483590950752926,138,0.6707149364800508,4313.504338022415,1.0,False,0.1477485003965844,1.3608139781016004,0.31010717091804546,7,1.6,4.0,0.033649184740774885,2,1394.255493234024,0.991053501056654,0.6767696554877607,,,,0.0,2,,,,,,,,,,,,,,,,,,,,,,,,,,,,,,,,,,,,,,,,,,,,,,,,,,,,,,,,,,,,,,,,,,,,,,,,,,,,,0.9999999999999999,-0.8156697255747551,891289.6,8912896.0,2,,0,1483.590950752926,0.1984375,3.272746652364731,1420.3725499392867,10,2
21.847518989412222,2,0,0.6700791418552399,0.15783570068529398,105.3640530271247,38.47772812599093,0.0,88.733843890546,21.84751898941222,1.0,2,1.0,0.0,0.0,0.0,0.0,0.36304018247874825,0.0,0.18897056459379144,100000000.0,0.10000000149011612,0.0,0.0,0.0,,-0.9393939393939393,0.0,0.4,2.0,0.0,75.71074552834034,,0.088733843890546,0.088733843890546,138,0.43220350957637066,38.47772812599093,1.0,False,0.13965658102403147,1.2862846464178002,0.17611944012790684,7,1.5,3.9,0.06807606707485703,2,17.05146007288758,0.776159856460398,0.5568485743998575,,,,0.0,2,,,,,,,,,,,,,,,,,,,,,,,,,,,,,,,,,,,,,,,,,,,,,,,,,,,,,,,,,,,,,,,,,,,,,,,,,,,,,0.9999999999999999,-0.11419521245728874,73728.0,737280.0,3,,0,88.733843890546,0.190625,3.340470516681671,21.847518989412222,10,2
48.70945408082455,1,1,0.8342317305505276,0.36871643493662065,178.0782700353879,112.08001336321415,0.0,112.41788516825883,48.70945408082454,1.0,7,1.0,0.0,0.0,0.0,0.0,0.5370906017790283,0.0,0.2644434150320186,100000000.0,0.10000000149011612,0.0,0.0,0.0,,-0.6363636363636362,0.0,0.34641016151377546,0.8660254037844386,0.0,68.38989537209272,,0.11241788516825885,0.11241788516825885,139,0.5654046371053385,112.08001336321414,1.0,False,0.24578766721042614,4.527576148484069,0.24144961300727916,3,4.8,6.0,0.05062469673355284,4,45.53846144089096,0.9523456765235168,0.5936968592846619,,,,0.0,4,,,,,,,,,,,,,,,,,,,,,,,,,,,,,,,,,,,,,,,,,,,,,,,,,,,,,,,,,,,,,,,,,,,,,,,,,,,,,0.9757575757575757,-0.1791027761893425,170393.6,1703936.0,1,,0,112.41788516825885,0.1765625,3.4241692304611204,48.70945408082454,10,4
509.0080846455568,0,0,0.6706053391098976,0.40244389402828196,967.455970926589,895.9891631849172,0.0,578.1092226859802,509.0080846455568,1.0,2,1.0,0.0,0.0,0.0,0.0,0.4441400799676691,0.0,0.2500419956889856,20000000.0,0.10000000149011612,0.0,0.0,0.0,,-0.7696969696969697,0.0,0.0,0.0,0.0,71.4668077416718,,0.5781092226859803,0.5781092226859803,139,0.431903748884398,895.9891631849172,1.0,False,0.12700511907022102,1.169760375620099,0.17684843131094877,5,3.5,6.0,0.04497243661629133,2,507.3864549140494,0.9958270241123048,0.4337136253852957,,,,0.0,2,,,,,,,,,,,,,,,,,,,,,,,,,,,,,,,,,,,,,,,,,,,,,,,,,,,,,,,,,,,,,,,,,,,,,,,,,,,,,0.9999999999999999,-0.3525571708781007,393216.0,3932160.0,2,,0,578.1092226859803,0.1875,3.281840682029724,509.0080846455569,10,2
92.91675124821514,0,1,0.684717670083046,0.2330242465304562,198.94479221017,113.67200646833417,0.0,152.58583190423695,92.91675124821514,1.0,2,1.0,0.0,0.0,0.0,0.0,0.2548546324362218,0.0,0.12089907726653598,100000000.0,0.10000000149011612,0.0,0.0,0.0,,-0.8181818181818182,0.0,0.8,4.0,0.0,85.27278574183583,,0.15258583190423697,0.15258583190423697,139,0.18258897564107707,113.67200646833416,1.0,False,0.24240137914256474,2.2325992085394697,0.16887069141706387,9,3.9,5.8,0.07286265834669502,2,69.85227469303506,0.47365089605177874,0.3854927271606317,,,,0.0,2,,,,,,,,,,,,,,,,,,,,,,,,,,,,,,,,,,,,,,,,,,,,,,,,,,,,,,,,,,,,,,,,,,,,,,,,,,,,,0.9272727272727272,-0.19749360552340084,288358.4,2883584.0,3,,0,152.58583190423695,0.1609375,3.533512943983078,92.91675124821512,10,2
105.18186001349576,0,2,0.8810609579086304,0.5685444460909854,384.6121617608539,313.3709291943184,0.0,165.94305329267272,105.18186001349576,1.0,7,1.0,0.0,0.0,0.0,0.0,0.9271670919205763,0.0,0.46382768404743413,100000000.0,0.10000000149011612,0.0,0.0,0.0,,-0.309090909090909,0.0,0.6324555320336759,1.2649110640673518,0.0,71.24123256653547,,0.16594305329267273,0.16594305329267273,140,0.6643534858708178,313.3709291943184,1.0,False,0.31409238927408384,7.232244533653885,0.33090275011769604,4,3.8,5.6,0.0263765393735752,5,96.27171263487996,0.9589581781094252,0.6927867148289855,,,,0.0,5,,,,,,,,,,,,,,,,,,,,,,,,,,,,,,,,,,,,,,,,,,,,,,,,,,,,,,,,,,,,,,,,,,,,,,,,,,,,,0.9878787878787878,-0.24001772128337828,380108.8,3801088.0,1,0.1265625,0,165.94305329267272,0.1828125,3.343682938814163,105.18186001349576,10,5
309.7496504893674,1,1,0.6826259195804596,0.2940008920738578,524.7607467658823,437.5994698107249,0.0,370.48061909136914,309.7496504893674,1.0,2,1.0,0.0,0.0,0.0,0.0,0.3573027182061973,0.0,0.20098134579702048,20000000.0,0.10000000149011612,0.0,0.0,0.0,,-0.9030303030303028,0.0,0.6,3.0,0.0,87.16127695515752,,0.37048061909136915,0.37048061909136915,140,0.2921617326836717,437.5994698107249,1.0,False,0.1496371758182851,1.3782093215876494,0.15445449876850975,8,4.2,5.2,0.043903898347187775,2,285.66134393085053,0.8414597625249001,0.3472082037612894,,,,0.0,2,,,,,,,,,,,,,,,,,,,,,,,,,,,,,,,,,,,,,,,,,,,,,,,,,,,,,,,,,,,,,,,,,,,,,,,,,,,,,0.9999999999999999,-0.26005889745482713,235929.6,2359296.0,2,0.1265625,0,370.48061909136914,0.1859375,3.382758951187134,309.7496504893674,10,2
34.55546047240463,4,0,0.6675240583717823,0.10747334580118803,116.50761901458662,42.58345798646969,0.0,103.98615538775888,34.55546047240463,1.0,2,1.0,0.0,0.0,0.0,0.0,0.22221872610898175,0.0,0.124023759843115,100000000.0,0.10000000149011612,0.0,0.0,0.0,,-0.9151515151515152,0.0,0.2,1.0,0.0,73.92416102811694,,0.10398615538775888,0.10398615538775888,140,0.1885238516002116,42.58345798646969,1.0,False,0.12627339345506622,1.1630209336456296,0.14165213883360225,6,5.0,6.0,0.06656929127471364,2,31.764143071287872,0.7420060860600385,0.25407318772983406,,,,0.0,2,,,,,,,,,,,,,,,,,,,,,,,,,,,,,,,,,,,,,,,,,,,,,,,,,,,,,,,,,,,,,,,,,,,,,,,,,,,,,0.9151515151515152,-0.11512977442141255,131072.0,1310720.0,3,0.1265625,0,103.98615538775887,0.171875,3.4579551458358764,34.55546047240463,10,2
62.39656810553664,1,1,0.9092898108065128,0.36283117674474746,195.32541980419074,128.48609642509138,0.0,124.45526788847441,62.396568105536645,1.0,7,1.0,0.0,0.0,0.0,0.0,0.6131106865795196,0.0,0.32790482207279714,100000000.0,0.10000000149011612,0.0,0.0,0.0,,-0.4787878787878787,0.0,0.8944271909999157,1.4907119849998596,0.0,76.06072770431638,,0.12445526788847441,0.12445526788847441,141,0.514371049929792,128.48609642509138,1.0,False,0.3409425894237635,9.420591887687367,0.2230044087955282,5,4.3,5.8,0.03841674872684825,6,55.029389363355904,0.8997072011955409,0.5717093841710836,,,,0.0,6,,,,,,,,,,,,,,,,,,,,,,,,,,,,,,,,,,,,,,,,,,,,,,,,,,,,,,,,,,,,,,,,,,,,,,,,,,,,,0.9878787878787878,-0.23269892865611896,262144.0,2621440.0,1,,0,124.45526788847441,0.15,3.4128553211688994,62.396568105536645,10,6
152.60993269131947,0,0,0.6788936443626881,0.20973075657135437,276.22718844993767,210.54326991050297,0.0,218.29385123075414,152.60993269131947,1.0,2,1.0,0.0,0.0,0.0,0.0,0.15860228138221458,0.0,0.08416039800551613,20000000.0,0.10000000149011612,0.0,0.0,0.0,,-0.9393939393939393,0.0,0.2,1.0,0.0,78.28601775690913,,0.21829385123075415,0.21829385123075415,141,0.2751611924893614,210.54326991050294,1.0,False,0.11902402062886526,1.0962517424329639,0.13796170812575084,6,5.0,6.0,0.08033120605134435,2,145.28545396429763,0.8877608969773104,0.3099496648548534,,,,0.0,2,,,,,,,,,,,,,,,,,,,,,,,,,,,,,,,,,,,,,,,,,,,,,,,,,,,,,,,,,,,,,,,,,,,,,,,,,,,,,0.9393939393939393,-0.1686589359298097,131072.0,1310720.0,2,,0,218.29385123075414,0.1546875,3.4748225450515746,152.60993269131947,10,2
217.95620833486677,3,1,0.6824000738561153,0.18552987804649568,395.5684073328491,291.3459667063769,0.0,322.1786489613391,217.9562083348668,1.0,2,1.0,0.0,0.0,0.0,0.0,0.15271746102466907,0.0,0.08199434543648018,100000000.0,0.10000000149011612,0.0,0.0,0.0,,-0.9999999999999999,0.0,0.0,0.0,0.0,104.22244062647223,,0.3221786489613391,0.3221786489613391,141,0.2518990024168531,291.3459667063768,1.0,False,0.05917326419449009,0.2725029520760624,0.133671790738236,10,1.0,6.0,0.07892453467117552,1,217.95620833486677,1.0,0.2518990024168531,,,,0.0,1,,,,,,,,,,,,,,,,,,,,,,,,,,,,,,,,,,,,,,,,,,,,,,,,,,,,,,,,,,,,,,,,,,,,,,,,,,,,,0.9999999999999999,-0.19067595657791458,1048576.0,10485760.0,3,,0,322.1786489613391,0.1640625,3.528616487979889,217.9562083348668,10,1
129.8179522107157,1,3,0.8873962797224522,0.4334749388641942,338.5936836650797,267.80939660353744,0.0,191.82180733855697,129.8179522107157,1.0,7,1.0,0.0,0.0,0.0,0.0,0.7541988981531612,0.0,0.4120444682855076,100000000.0,0.10000000149011612,0.0,0.0,0.0,,0.09090909090909088,0.0,0.6324555320336759,1.2649110640673518,0.0,71.88669731840491,,0.19182180733855697,0.19182180733855697,142,0.5152599055256563,267.80939660353744,1.0,False,0.30768204759715284,7.084640961790887,0.22126146998931465,4,3.2,5.7,0.023027181947296953,5,122.4218422387334,0.9491283142886902,0.5428769722372154,,,,0.0,5,,,,,,,,,,,,,,,,,,,,,,,,,,,,,,,,,,,,,,,,,,,,,,,,,,,,,,,,,,,,,,,,,,,,,,,,,,,,,0.9878787878787878,-0.2497519274678549,537395.2,5373952.0,1,,0,191.82180733855697,0.1859375,3.2354247748851774,129.8179522107157,10,5
644.0781046135771,0,0,0.7025278173387051,0.3547668806753443,1094.4433124415157,1032.350344644445,0.0,706.1710724106479,644.0781046135771,1.0,2,1.0,0.0,0.0,0.0,0.0,0.3039203656326934,0.0,0.15326309415287645,20000000.0,0.10000000149011612,0.0,0.0,0.0,,-0.709090909090909,0.0,0.6,3.0,0.0,91.22870862483978,,0.7061710724106479,0.7061710724106479,142,0.3761051100967025,1032.350344644445,1.0,False,0.16161840701664595,1.488560538999893,0.16028340930232626,8,2.8,5.6,0.07212514948931774,2,624.1403814789729,0.9511581663024664,0.39541805287628873,,,,0.0,2,,,,,,,,,,,,,,,,,,,,,,,,,,,,,,,,,,,,,,,,,,,,,,,,,,,,,,,,,,,,,,,,,,,,,,,,,,,,,0.9999999999999999,-0.43389473971364695,629145.6,6291456.0,2,,0,706.1710724106479,0.1875,3.3469032406806947,644.0781046135771,10,2
103.8200397329798,1,1,0.7362719625234604,0.5064005956605921,341.2555443814405,276.6320506802209,0.0,168.44353343419937,103.8200397329798,1.0,2,1.0000000000000002,0.0,0.0,0.0,0.0,0.8850523162166047,0.0,0.4449400622866259,100000000.0,0.10000000149011612,0.0,-2.220446049250313e-16,2.220446049250313e-16,,-0.6242424242424242,0.0,0.4,2.0,0.0,86.49034472182393,,0.16844353343419938,0.16844353343419938,142,0.6246998875304116,276.6320506802209,1.0,False,0.1486291921275328,1.3689254487064202,0.2664534240130378,7,4.1,6.0,0.028104185460031923,2,97.2050876209755,0.9631328982042678,0.6486123448748824,,,,2.220446049250313e-16,2,,,,,,,,,,,,,,,,,,,,,,,,,,,,,,,,,,,,,,,,,,,,,,,,,,,,,,,,,,,,,,,,,,,,,,,,,,,,,0.9999999999999999,-0.1585363627808663,406323.2,4063232.0,3,,0,168.44353343419937,0.1796875,3.3791830003261567,103.82003973297978,10,2
98.22626454350484,0,0,1.009207684546709,0.5049136695621698,329.0456240760899,261.2772021206832,0.0,162.90599057045713,98.22626454350484,1.0,7,1.0,0.0,0.0,0.0,0.0,0.7838753143877204,0.0,0.41524180339056477,100000000.0,0.10000000149011612,0.0,0.0,0.0,,-0.4666666666666666,0.0,0.4472135954999579,0.7453559924999299,0.0,70.02790737897158,,0.16290599057045713,0.16290599057045713,143,0.624053443062612,261.2772021206832,1.0,False,0.30985277134895683,8.561548467972008,0.2746309433005103,3,3.8,5.4,0.02529399551356206,6,94.52299359695839,0.9777920390775648,0.6382271670480517,,,,0.0,6,,,,,,,,,,,,,,,,,,,,,,,,,,,,,,,,,,,,,,,,,,,,,,,,,,,,,,,,,,,,,,,,,,,,,,,,,,,,,0.9878787878787878,-0.23637938095970698,380108.8,3801088.0,1,,0,162.90599057045713,0.1796875,3.286435753107071,98.22626454350485,10,6
181.21627850884113,1,1,0.6712432950735092,0.3144514746003668,354.41799362071964,292.66353922777984,0.0,242.97073290178096,181.21627850884116,1.0,2,1.0,0.0,0.0,0.0,0.0,0.2537439980900451,0.0,0.13224578006880522,20000000.0,0.10000000149011612,0.0,0.0,0.0,,-0.49090909090909085,0.0,0.6,3.0,0.0,86.20187640190125,,0.24297073290178095,0.24297073290178095,143,0.38080336557468947,292.66353922777984,1.0,False,0.18743457713050143,1.7263362528493413,0.16149958581866666,8,4.8,5.8,0.07127386180487225,2,163.75625101569827,0.8645536048790572,0.4404624113827623,,,,0.0,2,,,,,,,,,,,,,,,,,,,,,,,,,,,,,,,,,,,,,,,,,,,,,,,,,,,,,,,,,,,,,,,,,,,,,,,,,,,,,0.9999999999999999,-0.2152026550161412,157286.4,1572864.0,2,,0,242.97073290178096,0.215625,3.3724696397781373,181.21627850884116,10,2
77.51295253762328,0,0,0.6830929778516293,0.32277977943313374,216.82961595352964,147.5011681496747,0.0,146.84140034147825,77.51295253762329,1.0,2,1.0,0.0,0.0,0.0,0.0,0.6067160463446053,0.0,0.3290457436633196,100000000.0,0.10000000149011612,0.0,0.0,0.0,,-0.5515151515151515,0.0,0.2,1.0,0.0,73.19239713251591,,0.14684140034147825,0.14684140034147825,143,0.4744926192112044,147.5011681496747,1.0,False,0.139153829325883,1.2816541321552635,0.19029228447733365,6,4.2,5.6,0.030538028708637355,2,76.05477397998904,0.9795905927152734,0.48437849724136733,,,,0.0,2,,,,,,,,,,,,,,,,,,,,,,,,,,,,,,,,,,,,,,,,,,,,,,,,,,,,,,,,,,,,,,,,,,,,,,,,,,,,,0.9999999999999999,-0.14299761483368062,288358.4,2883584.0,3,,0,146.84140034147825,0.15625,3.403410279750824,77.51295253762329,10,2
74.61692581722143,4,1,0.8188756182789803,0.3081091472317883,195.9766928850994,128.45936713734125,0.0,135.59448116296537,74.61692581722143,1.0,7,1.0,0.0,0.0,0.0,0.0,0.5504618481288958,0.0,0.3080631594645498,100000000.0,0.10000000149011612,0.0,0.0,0.0,,-0.4787878787878787,0.0,0.7745966692414834,1.5491933384829668,0.0,74.71574051305652,,0.13559448116296535,0.13559448116296535,144,0.41913986126488245,128.45936713734125,1.0,False,0.31023410231131143,7.143404193204154,0.18869673145691662,5,4.2,5.5,0.03457309827880083,5,66.76949132653365,0.8727921820631551,0.48022870722111205,,,,0.0,5,,,,,,,,,,,,,,,,,,,,,,,,,,,,,,,,,,,,,,,,,,,,,,,,,,,,,,,,,,,,,,,,,,,,,,,,,,,,,0.9999999999999999,-0.2229142917371384,275251.2,2752512.0,1,,0,135.59448116296537,0.171875,3.417847466468811,74.61692581722141,10,5
167.90277491730174,8,0,0.666322186589241,0.3819471101447402,373.67720537773107,287.2778713605437,0.0,230.95227665674412,167.90277491730177,1.0,2,1.0,0.0,0.0,0.0,0.0,0.341348815962579,0.0,0.1424780225790626,20000000.0,0.10000000149011612,0.0,0.0,0.0,,-0.8909090909090909,0.0,0.4,2.0,0.0,86.39933401718736,,0.23095227665674412,0.23095227665674412,144,0.415538780894899,287.27787136054366,1.0,False,0.1449747405992406,1.3352667062579604,0.19873540179453286,7,5.0,6.0,0.0740206608848949,2,150.45916830885764,0.8725056865810632,0.4762591090072992,,,,0.0,2,,,,,,,,,,,,,,,,,,,,,,,,,,,,,,,,,,,,,,,,,,,,,,,,,,,,,,,,,,,,,,,,,,,,,,,,,,,,,0.8909090909090909,-0.18796350862799235,131072.0,1310720.0,2,,0,230.95227665674412,0.1859375,3.3730418145656587,167.90277491730177,10,2
97.27716248320085,0,0,0.6670299917459488,0.1829889379346436,204.1834446767787,130.881186870716,0.0,166.8201329915379,97.27716248320085,1.0,2,1.0,0.0,0.0,0.0,0.0,0.2685345051227349,0.0,0.1506459103664264,100000000.0,0.10000000149011612,0.0,0.0,0.0,,-0.2606060606060606,0.0,0.2,1.0,0.0,73.3022578060627,,0.16682013299153792,0.16682013299153792,144,0.25675213673535124,130.881186870716,1.0,False,0.1272644479577748,1.1721488829427553,0.13995312298438953,6,3.4,5.4,0.05381602099922353,2,94.62147286694574,0.926759223308298,0.2770429797491635,,,,0.0,2,,,,,,,,,,,,,,,,,,,,,,,,,,,,,,,,,,,,,,,,,,,,,,,,,,,,,,,,,,,,,,,,,,,,,,,,,,,,,0.9999999999999999,-0.14704229047465636,419430.4,4194304.0,3,,0,166.82013299153792,0.196875,3.362332844734192,97.27716248320087,10,2
154.5478301552981,4,3,0.6792289204895496,0.47052964222705046,404.4995098768134,316.3496102599759,0.1,214.17050021345915,154.5478301552981,1.0,7,1.0,0.0,0.0,0.0,0.0,0.590090761185429,0.1,0.2884849935635102,100000000.0,0.10000000149011612,0.0,0.0,0.0,,-0.49090909090909085,0.0,0.9899494936611665,3.2998316455372216,0.0,88.1498996168375,,0.21417050021345913,0.21417050021345913,145,0.5114650843783535,316.3496102599759,1.0,False,0.2731255863020568,3.7733694212062483,0.25103007664007015,8,2.5,5.9,0.01,3,130.15535550745497,0.8689944827767954,0.5885711526545161,,,,0.0,3,,,,,,,,,,,,,,,,,,,,,,,,,,,,,,,,,,,,,,,,,,,,,,,,,,,,,,,,,,,,,,,,,,,,,,,,,,,,,0.9999999999999999,-0.24364804325775796,529203.2,5292032.0,1,,0,214.17050021345912,0.1546875,3.4604889392852782,154.54783015529807,10,3
158.70443813982914,0,1,0.6800149567425251,0.23440034356375103,333.1801916051691,236.80198952071714,0.0,255.08264022428108,158.70443813982916,1.0,2,1.0,0.0,0.0,0.0,0.0,0.24657180131286366,0.0,0.1330843018494087,20000000.0,0.10000000149011612,0.0,0.0,0.0,,-0.9999999999999999,0.0,0.0,0.0,0.0,96.37820208445191,,0.25508264022428107,0.25508264022428107,145,0.329801077849709,236.80198952071711,1.0,False,0.056043283550621985,0.2580888585322012,0.1492094312523755,10,5.0,6.0,0.0662764954340337,1,158.70443813982916,1.0000000000000004,0.32980107784970886,,,,0.0,1,,,,,,,,,,,,,,,,,,,,,,,,,,,,,,,,,,,,,,,,,,,,,,,,,,,,,,,,,,,,,,,,,,,,,,,,,,,,,0.9999999999999999,-0.15556296188745153,131072.0,1310720.0,2,,0,255.08264022428108,0.1828125,3.393295466899872,158.70443813982916,10,1
109.13850142795833,0,0,0.6739371456205845,0.3400288141069659,267.8047839953851,185.304632171179,0.0,176.74344088126216,109.13850142795833,1.0,2,1.0,0.0,0.0,0.0,0.0,0.4518428658093762,0.0,0.24264692744242555,100000000.0,0.10000000149011612,0.0,0.0,0.0,,-0.9030303030303028,0.0,0.4,2.0,0.0,82.50015182420611,,0.17674344088126215,0.17674344088126215,145,0.41103198474207925,185.30463217117898,1.0,False,0.13891406244367094,1.279445797560163,0.19662368962843957,7,3.3,4.6,0.0436969234071077,2,96.22062015264753,0.8549921474952924,0.4807435786939112,,,,0.0,2,,,,,,,,,,,,,,,,,,,,,,,,,,,,,,,,,,,,,,,,,,,,,,,,,,,,,,,,,,,,,,,,,,,,,,,,,,,,,0.9999999999999999,-0.15782875166246654,445644.8,4456448.0,3,,0,176.74344088126216,0.1796875,3.4131691634654997,109.13850142795833,10,2
75.37759515002399,0,3,1.0463399812579155,0.3057540001104251,200.95648386954474,130.62103468432235,0.0,139.5132350783053,75.37759515002399,1.0,7,1.0,0.0,0.0,0.0,0.0,0.629148822159878,0.0,0.3374533132291025,100000000.0,0.10000000149011612,0.0,0.0,0.0,,-0.3696969696969697,0.0,0.4472135954999579,0.7453559924999299,0.0,70.33544918522239,,0.13951323507830532,0.13951323507830532,146,0.4229291221571443,130.62103468432235,1.0,False,0.31353178173362783,8.663203281596573,0.18881933412295454,3,4.2,6.0,0.036073512616167085,6,70.79992565418415,0.9234773548993618,0.4579745457897384,,,,0.0,6,,,,,,,,,,,,,,,,,,,,,,,,,,,,,,,,,,,,,,,,,,,,,,,,,,,,,,,,,,,,,,,,,,,,,,,,,,,,,0.9878787878787878,-0.22652250840596658,288358.4,2883584.0,1,,0,139.5132350783053,0.2,3.238461101055145,75.37759515002399,10,6
229.16956919557666,8,1,0.6674020551145077,0.6293044470722964,778.2048869807192,718.8973653059371,0.0,288.4770908703588,229.16956919557668,1.0,2,1.0,0.0,0.0,0.0,0.0,0.7241391263085497,0.0,0.27547634854510245,20000000.0,0.10000000149011612,0.0,0.0,0.0,,-0.9878787878787878,0.0,0.8,4.0,0.0,97.92207833379507,,0.2884770908703588,0.2884770908703588,146,0.681220741297264,718.897365305937,1.0,False,0.2085354797912006,1.9206827485103184,0.3136966953463265,9,4.8,6.0,0.05866589406603089,2,202.6682713527595,0.9486636879764454,0.7180845540218233,,,,0.0,2,,,,,,,,,,,,,,,,,,,,,,,,,,,,,,,,,,,,,,,,,,,,,,,,,,,,,,,,,,,,,,,,,,,,,,,,,,,,,0.9999999999999999,-0.24850628533077967,170393.6,1703936.0,2,,0,288.4770908703588,0.209375,3.311297357082367,229.1695691955767,10,2
54.72835829826496,4,1,0.6857109256088734,0.21935258357379417,150.1543402703599,67.97069467681148,0.0,117.21759779723786,54.72835829826495,1.0,2,0.9999999999999998,0.0,0.0,0.0,0.0,0.4359921973270621,0.0,0.22620571056744398,100000000.0,0.10000000149011612,0.0,2.220446049250313e-16,0.0,,-0.8303030303030302,0.0,0.4,2.0,0.0,86.77680511027575,,0.11721759779723784,0.11721759779723784,146,0.19482420242299223,67.97069467681148,1.0,False,0.1544355443594982,1.4224039290824049,0.20819935870864814,7,5.0,6.0,0.04827311668508109,2,35.901574478835116,0.4129310781460772,0.4718080394861242,,,,0.0,2,,,,,,,,,,,,,,,,,,,,,,,,,,,,,,,,,,,,,,,,,,,,,,,,,,,,,,,,,,,,,,,,,,,,,,,,,,,,,0.8303030303030302,-0.135826571078368,131072.0,1310720.0,3,,0,117.21759779723784,0.1796875,3.35438511967659,54.72835829826495,10,2
89.69940087287794,0,5,0.8491519838571548,0.32148933793019857,222.06330293798862,150.21909395242153,0.0,150.67231869786156,89.69940087287793,1.0,7,1.0,0.0,0.0,0.0,0.0,0.5856418827251125,0.0,0.3238284278168101,100000000.0,0.10000000149011612,0.0,0.0,0.0,,-0.38181818181818183,0.0,0.6324555320336759,1.2649110640673518,0.0,71.8442089855671,,0.15067231869786155,0.15067231869786155,147,0.4028761689822986,150.2190939524215,1.0,False,0.31661217992350865,7.290264857522199,0.1905653890480042,4,3.8,5.1,0.032640133630419545,5,81.26025668568042,0.8776205556576613,0.45905507384155997,,,,0.0,5,,,,,,,,,,,,,,,,,,,,,,,,,,,,,,,,,,,,,,,,,,,,,,,,,,,,,,,,,,,,,,,,,,,,,,,,,,,,,0.9999999999999999,-0.2336422493106851,367001.6,3670016.0,1,,0,150.67231869786156,0.178125,3.4130987882614137,89.69940087287794,10,5
205.26033421848268,2,1,0.7055453024804592,0.27271040967035687,375.2606247710366,307.59781293294617,0.0,272.92314605657316,205.26033421848268,1.0,2,0.9999999999999999,0.0,0.0,0.0,0.0,0.31921731931818476,0.0,0.18072724235274,20000000.0,0.10000000149011612,0.0,1.1102230246251565e-16,0.0,,-0.4545454545454545,0.0,0.2,1.0,0.0,76.78908528760076,,0.27292314605657314,0.27292314605657314,147,0.332698980329786,307.5978129329461,1.0,False,0.13857785827932836,1.276349242772092,0.14985740625635624,6,4.6,6.0,0.05939902908179848,2,201.0706457613437,0.9606702349421354,0.3463196508319274,,,,0.0,2,,,,,,,,,,,,,,,,,,,,,,,,,,,,,,,,,,,,,,,,,,,,,,,,,,,,,,,,,,,,,,,,,,,,,,,,,,,,,0.9999999999999999,-0.20575050216795077,183500.8,1835008.0,2,,0,272.92314605657316,0.2046875,3.249106800556183,205.26033421848268,10,2
169.68472831347418,6,1,0.6847316399216652,0.3261970763360753,342.2864255518444,246.31824475012502,0.0,230.63359426730707,169.68472831347418,1.0,2,1.0,0.0,0.0,0.0,0.0,0.4809784242157002,0.0,0.25789225004333505,100000000.0,0.10000000149011612,0.0,0.0,0.0,,-0.9636363636363635,0.0,0.8,4.0,0.0,95.96818080171943,,0.23063359426730706,0.23063359426730706,147,0.3111158757825305,246.31824475012502,1.0,False,0.2352215022268131,2.1664700983165024,0.18291128984879934,9,3.2,4.2,0.015307687401523712,2,135.20147819029464,0.6896665445658718,0.45111058124237463,,,,0.0,2,,,,,,,,,,,,,,,,,,,,,,,,,,,,,,,,,,,,,,,,,,,,,,,,,,,,,,,,,,,,,,,,,,,,,,,,,,,,,0.9999999999999999,-0.23292754824706008,484966.4,4849664.0,3,,0,230.63359426730707,0.1765625,3.3910131633281706,169.68472831347418,10,2
45.37524027116138,0,6,0.8441638201475143,0.3783860491985338,171.70233091643394,110.34500690481008,0.0,106.73256428278525,45.37524027116139,1.0,7,0.9999999999999998,0.0,0.0,0.0,0.0,0.4901137554666455,0.0,0.19509254389616779,100000000.0,0.10000000149011612,0.0,2.220446049250313e-16,0.0,,-0.6484848484848483,0.0,0.7745966692414834,1.5491933384829668,0.0,75.93883480876684,,0.10673256428278524,0.10673256428278524,148,0.5887875532936016,110.34500690481006,1.0,False,0.3165436203148282,7.288686214192906,0.2431833005079221,5,4.8,6.0,0.059510317079900024,5,37.375699651649896,0.8903711584960259,0.6612832723469552,,,,0.0,5,,,,,,,,,,,,,,,,,,,,,,,,,,,,,,,,,,,,,,,,,,,,,,,,,,,,,,,,,,,,,,,,,,,,,,,,,,,,,0.8303030303030302,-0.2116380922988067,170393.6,1703936.0,1,,0,106.73256428278525,0.171875,3.25570153594017,45.37524027116139,10,5
560.5740749845284,0,0,0.6814859807491302,0.31598427001842866,911.6579890320354,848.6436591552847,0.0,623.5884048612791,560.5740749845284,1.0,2,0.9999999999999999,0.0,0.0,0.0,0.0,0.3832863884827786,0.0,0.2002960432482642,20000000.0,0.10000000149011612,0.0,1.1102230246251565e-16,0.0,,-0.41818181818181815,0.0,0.4,2.0,0.0,89.95400415733457,,0.6235884048612792,0.6235884048612792,148,0.33944704713577,848.6436591552846,1.0,False,0.1394382824092345,1.2842740418727892,0.1513883172672063,7,3.6,4.6,0.03086175505935038,2,539.3959578890297,0.9315173014745713,0.3644022999878079,,,,0.0,2,,,,,,,,,,,,,,,,,,,,,,,,,,,,,,,,,,,,,,,,,,,,,,,,,,,,,,,,,,,,,,,,,,,,,,,,,,,,,0.9999999999999999,-0.38151334363525685,406323.2,4063232.0,2,,0,623.5884048612792,0.203125,3.2868804752826692,560.5740749845284,10,2
165.23265818331643,7,0,0.6666593253612518,0.4993114796927744,453.0660178952966,360.8420299806748,0.0,226.84495410148307,165.23265818331643,1.0,2,1.0,0.0,0.0,0.0,0.0,0.6652729053144125,0.0,0.3294935402498053,100000000.0,0.10000000149011612,0.0,0.0,0.0,,-0.7575757575757575,0.0,0.6,3.0,0.0,92.22398791462183,,0.22684495410148306,0.22684495410148306,148,0.5420914293377476,360.8420299806748,1.0,False,0.17421988375765307,1.6046244289741098,0.2680429655212892,8,3.2,4.4,0.029742799972478973,2,136.72132667256204,0.8727858199179481,0.6211047624361157,,,,0.0,2,,,,,,,,,,,,,,,,,,,,,,,,,,,,,,,,,,,,,,,,,,,,,,,,,,,,,,,,,,,,,,,,,,,,,,,,,,,,,0.9999999999999999,-0.20053241892956808,471859.2,4718592.0,3,,0,226.84495410148307,0.2296875,3.2779457211494445,165.23265818331643,10,2
65.3319941458698,0,6,0.9254179894924164,0.42587751890841896,221.14110716895445,153.15939744279964,0.0,126.96208111917933,65.3319941458698,1.0,7,1.0,0.0,0.0,0.0,0.0,0.8014184604472722,0.0,0.3842213675253862,100000000.0,0.10000000149011612,0.0,0.0,0.0,,-0.8181818181818182,0.0,0.4472135954999579,0.8944271909999159,0.0,69.11153392866254,,0.12696208111917934,0.12696208111917934,149,0.5734379004052343,153.15939744279964,1.0,False,0.28986042055590616,6.674282834210144,0.2596785910726115,3,4.4,5.6,0.042242001632782765,5,59.80686752434941,0.940814387929851,0.6095122563622943,,,,0.0,5,,,,,,,,,,,,,,,,,,,,,,,,,,,,,,,,,,,,,,,,,,,,,,,,,,,,,,,,,,,,,,,,,,,,,,,,,,,,,0.9999999999999999,-0.20841125083754275,249036.8,2490368.0,1,,0,126.96208111917933,0.1703125,3.390109580755234,65.33199414586981,10,5
671.6813929850266,4,1,0.6709620356559753,0.3777137636689105,1175.1703092978053,1115.5593934618585,0.0,731.2923088209735,671.6813929850266,1.0,2,1.0,0.0,0.0,0.0,0.0,0.27096492325904753,0.0,0.14044000017111305,20000000.0,0.10000000149011612,0.0,0.0,0.0,,-0.8787878787878788,0.0,0.8,4.0,0.0,96.00278036668897,,0.7312923088209734,0.7312923088209734,149,0.39789723709767516,1115.5593934618585,1.0,False,0.21700585048179355,1.9986977456474904,0.16608460575395556,9,2.9,4.0,0.07131229010164704,2,641.3336569275243,0.9360057168569443,0.42510128937437713,,,,0.0,2,,,,,,,,,,,,,,,,,,,,,,,,,,,,,,,,,,,,,,,,,,,,,,,,,,,,,,,,,,,,,,,,,,,,,,,,,,,,,0.9999999999999999,-0.4741490796513835,576716.8,5767168.0,2,,0,731.2923088209734,0.18125,3.3612672090530396,671.6813929850266,10,2
29.01377883830982,4,1,0.7030367851257324,0.1601267831778793,153.23109695074146,53.5501814758498,0.0,128.6946943132015,29.01377883830982,1.0,2,1.0,0.0,0.0,0.0,0.0,0.29464352671971616,0.0,0.1250508436284399,100000000.0,0.10000000149011612,0.0,0.0,0.0,,-0.9999999999999999,0.0,0.0,0.0,0.0,99.68091547489166,,0.1286946943132015,0.1286946943132015,149,0.4581945749073786,53.55018147584979,1.0,False,0.05917326419449009,0.2725029520760624,0.1845681039146204,10,5.0,6.0,0.0796222728607453,1,29.013778838309815,0.9999999999999999,0.45819457490737864,,,,0.0,1,,,,,,,,,,,,,,,,,,,,,,,,,,,,,,,,,,,,,,,,,,,,,,,,,,,,,,,,,,,,,,,,,,,,,,,,,,,,,0.9999999999999999,-0.09393397925384579,131072.0,1310720.0,3,,0,128.6946943132015,0.1828125,3.3379703760147095,29.01377883830982,10,1
47.88625178347047,0,1,0.9565199725329876,0.32756136094200616,142.6364209331293,87.65633803007198,0.0,95.91424077237662,47.88625178347047,1.0,7,1.0,0.0,0.0,0.0,0.0,0.4768573207588196,0.0,0.22124978385556146,100000000.0,0.10000000149011612,0.0,0.0,0.0,,-0.09090909090909088,0.0,0.5099019513592785,0.7284313590846836,0.0,63.29155992716551,,0.09591424077237662,0.09591424077237662,150,0.4537046281006823,87.65633803007198,1.0,False,0.34455497257712303,11.10714001002278,0.21413983478031098,3,4.7,5.8,0.06043202965335927,7,39.26199393888327,0.8217920294913669,0.5520917845619584,,,,0.0,7,0.010034579906560894,0.0,0.0,0.0,0.0,0.0,0.0,0.0,0.0,0.0,0.0,0.0,0.0,0.0,0.10000000149011612,0.0,0.0,0.0,0.0,0.0,0.0,0.15423280745744705,0.0027518287679413334,0.03333333548572329,0.8440033727222018,0.5334045986334482,-0.009782214493801197,True,0.02009751389010085,0.21332217670149273,0.2896606922149658,3.029275337855021,0.9022464288605584,1,5.263300312889947,0.49999989403618705,0.4999999403953552,5.263300312889947,5.9478535652160645,True,0.8809947967529297,-1.2703641653060913,-0.029391267543865576,10,1,9,1.6665220553986728,0.017317331101771236,0.27513229184680515,1.468161450492011,0.14343610323137707,1.563800831635793,3.4285737673441568,-0.04900030091542678,0.0,-0.22023463249206543,0.0,1.9296796321868896,0.0,0.0,-0.4034942388534546,0.0,1.7572144269943237,0.0,0.0,-0.09086227416992188,0.0,2.0527851581573486,0.0,0.0,-2.1513588428497314,3,150,0.3758377863301171,3.9497675365871854,1.1137474046813116,0.6969696969696969,-0.2202346066747498,183500.8,1835008.0,1,0.1390625,0,95.91424077237662,0.1546875,3.3974249243736265,47.88625178347047,10,7
537.0407877678031,3,1,0.6921151652932167,0.3193165054760205,879.1667251734831,788.1157026513316,0.0,598.4342787602895,537.0407877678031,1.0,2,1.0,0.0,0.0,0.0,0.0,0.31292822254306174,0.0,0.1518684852413501,20000000.0,0.10000000149011612,0.0,0.0,0.0,,-0.8181818181818182,0.0,0.8,4.0,0.0,91.05102252215147,,0.5984342787602895,0.5984342787602895,150,0.31857621163856686,788.1157026513315,1.0,False,0.20855419061387348,1.9208550815557754,0.155329466032169,9,3.2,6.0,0.02380408768818049,2,508.08922671928514,0.8966113437947076,0.35531137749190644,,,,0.0,2,0.010034579906560894,0.0,0.0,0.0,0.0,0.0,0.0,0.0,0.0,0.0,0.0,0.0,0.0,0.0,0.10000000149011612,0.0,0.0,0.0,0.0,0.0,0.0,0.15423280745744705,0.0027518287679413334,0.03333333548572329,0.8440033727222018,0.5334045986334482,-0.009782214493801197,True,0.02009751389010085,0.21332217670149273,0.2896606922149658,3.029275337855021,0.9022464288605584,1,5.263300312889947,0.49999989403618705,0.4999999403953552,5.263300312889947,5.9478535652160645,True,0.8809947967529297,-1.2703641653060913,-0.029391267543865576,10,1,9,1.6665220553986728,0.017317331101771236,0.27513229184680515,1.468161450492011,0.14343610323137707,1.563800831635793,3.4285737673441568,-0.04900030091542678,0.0,-0.22023463249206543,0.0,1.9296796321868896,0.0,0.0,-0.4034942388534546,0.0,1.7572144269943237,0.0,0.0,-0.09086227416992188,0.0,2.0527851581573486,0.0,0.0,-2.1513588428497314,3,150,0.3758377863301171,3.9497675365871854,1.1137474046813116,0.9999999999999999,-0.4034942346870815,484966.4,4849664.0,2,0.1390625,0,598.4342787602895,0.21875,3.1813092112541197,537.0407877678031,10,2
28.007904553815834,0,1,0.7080873474478722,0.07104814126898247,131.9244580846384,37.38089208864718,0.0,122.55147054980705,28.007904553815834,1.0,2,1.0000000000000002,0.0,0.0,0.0,0.0,0.2246962374983482,0.0,0.12131121826808286,100000000.0,0.10000000149011612,0.0,-2.220446049250313e-16,2.220446049250313e-16,,-0.9999999999999999,0.0,0.0,0.0,0.0,94.54356599599123,,0.12255147054980706,0.12255147054980706,150,0.2507427461229044,37.38089208864718,1.0,False,0.05917326419449009,0.2725029520760624,0.13346550798479628,10,5.0,6.0,0.06817094172711032,1,28.00790455381584,1.0000000000000007,0.2507427461229042,,,,2.220446049250313e-16,1,0.010034579906560894,0.0,0.0,0.0,0.0,0.0,0.0,0.0,0.0,0.0,0.0,0.0,0.0,0.0,0.10000000149011612,0.0,0.0,0.0,0.0,0.0,0.0,0.15423280745744705,0.0027518287679413334,0.03333333548572329,0.8440033727222018,0.5334045986334482,-0.009782214493801197,True,0.02009751389010085,0.21332217670149273,0.2896606922149658,3.029275337855021,0.9022464288605584,1,5.263300312889947,0.49999989403618705,0.4999999403953552,5.263300312889947,5.9478535652160645,True,0.8809947967529297,-1.2703641653060913,-0.029391267543865576,10,1,9,1.6665220553986728,0.017317331101771236,0.27513229184680515,1.468161450492011,0.14343610323137707,1.563800831635793,3.4285737673441568,-0.04900030091542678,0.0,-0.22023463249206543,0.0,1.9296796321868896,0.0,0.0,-0.4034942388534546,0.0,1.7572144269943237,0.0,0.0,-0.09086227416992188,0.0,2.0527851581573486,0.0,0.0,-2.1513588428497314,3,150,0.3758377863301171,3.9497675365871854,1.1137474046813116,0.9999999999999999,-0.0908623673721488,131072.0,1310720.0,3,0.1390625,0,122.55147054980705,0.1984375,3.268181085586548,28.007904553815834,10,1
