actual_bandwidth_tx_delay_ms,available_migs,bandwidth_allocation_sum,bandwidth_alpha_max,bandwidth_alpha_mean,bandwidth_alpha_min,bandwidth_context_score_std,bandwidth_cv,bandwidth_floor_hit_rate,bandwidth_gini,bandwidth_hz,bandwidth_latent_mean,bandwidth_physical_score_std,bandwidth_unused,bandwidth_violation,baseline_exploration_epsilon,channel_bandwidth_spearman,channel_permutation_delta_spearman,cluster_load_cv,cluster_size_std,cluster_size_violation,compute_delay_ms,cpsl_proxy_delay,delay,delay_normalized,epoch,equal_bandwidth_improvement,equal_bandwidth_tx_delay_ms,feature_compression_mean,is_warmup,kl_normalized,kl_sum,max_bandwidth_share,max_cluster_size,mean_l1,mean_l2,min_bandwidth_share,nonempty_cluster_count,oracle_bandwidth_tx_delay_ms,oracle_gap_closure,oracle_opportunity,pcsfl_cluster_q_loss,pcsfl_clustering_factor,pcsfl_learning_reward,pcsfl_learning_reward_mean,pcsfl_split_q_loss,pcsfl_waiting_factor,penalty,physical_cluster_count,required_airtime_bandwidth_spearman,reward,smashed_data_bytes_per_client_mean,smashed_data_bytes_total,station_id,test_accuracy,top_worker_count,total_delay_ms,train_accuracy,train_loss,tx_delay_ms,vehicle_count,virtual_cluster_count
299.5917460620958,2,1.0,0.0,0.0,0.0,0.0,0.0,0.0,0.0,100000000.0,0.0,0.0,0.0,0.0,0.3,0.0,0.0,0.8,4.0,0.0,993.5864969156682,,1.293178242977764,1.293178242977764,1,0.0,299.5917460620958,1.0,True,0.2629020552836275,2.4214174136543085,0.1,9,1.3,2.3,0.1,2,211.68714556357233,0.0,0.29341462725179246,,0.0001035961504385341,-0.0016202259615640258,,,0.07686854150672533,0.0,2,0.0,-0.7780401491306957,969932.8,9699328.0,1,,0,1293.178242977764,0.03125,4.542465525865555,299.5917460620958,10,2
321.45164654444164,2,1.0,0.0,0.0,0.0,0.0,0.0,0.0,0.0,100000000.0,0.0,0.0,0.0,0.0,0.29916666666666664,0.0,0.0,0.4,2.0,0.0,773.3057169243693,,1.094757363468811,1.094757363468811,1,0.0,321.45164654444164,1.0,True,0.12057595033889269,1.1105455432956988,0.1,7,1.0,2.0,0.1,2,222.6562069747465,0.0,0.30734152595493514,,7.361446114373393e-05,-0.0025322051192155914,,,0.09613538419619097,0.0,2,0.0,-0.6076666569038519,948633.6,9486336.0,2,,0,1094.757363468811,0.0203125,4.620888066291809,321.4516465444417,10,2
659.345269964387,2,1.0,0.0,0.0,0.0,0.0,0.0,0.0,0.0,100000000.0,0.0,0.0,0.0,0.0,0.29833333333333334,0.0,0.0,0.6,3.0,0.0,895.9023728966713,,1.2542243811264564,1.2542243811264564,1,0.0,659.345269964387,1.0,True,0.16177828791050808,1.490033096451339,0.1,8,1.5,2.5,0.1,2,259.0397759954587,0.0,0.6071257536897927,,7.777552127663512e-05,-0.00702083137179621,,,0.160208140911196,0.0,2,0.0,-0.7080013345184822,917504.0,9175040.0,3,,0,1254.2243811264564,0.0296875,4.468417662382126,659.3452699643871,10,2
523.0868500498526,2,1.0,0.0,0.0,0.0,0.0,0.0,0.0,0.0,100000000.0,0.0,0.0,0.0,0.0,0.2975,0.0,0.0,0.6,3.0,0.0,894.0029959194362,,1.4170898459692889,1.4170898459692889,2,0.0,523.0868500498526,1.0,True,0.16585014145772886,1.527536253566081,0.1,8,1.1,2.1,0.1,2,279.7885513594868,0.0,0.46512027336794715,,4.572543093672721e-05,-0.010454895226841732,,,0.19562128596954115,0.0,2,0.0,-0.7914699937135089,1048576.0,10485760.0,1,,0,1417.089845969289,0.01875,4.317880487442016,523.0868500498526,10,2
436.9721616156064,2,1.0,0.0,0.0,0.0,0.0,0.0,0.0,0.0,100000000.0,0.0,0.0,0.0,0.0,0.29666666666666663,0.0,0.0,0.8,4.0,0.0,1006.1464766040444,,1.4431186382196508,1.4431186382196508,2,0.0,436.9721616156064,1.0,True,0.20751856787913212,1.9113166436718505,0.1,9,1.4,2.4,0.1,2,251.1074385988068,0.0,0.425346828341665,,6.185186066431925e-05,-0.007800353665516735,,,0.1688935425444089,0.0,2,0.0,-0.8253186030493914,996147.2,9961472.0,2,,0,1443.1186382196508,0.0328125,4.434388732910156,436.9721616156063,10,2
390.6409138489792,2,1.0,0.0,0.0,0.0,0.0,0.0,0.0,0.0,100000000.0,0.0,0.0,0.0,0.0,0.29583333333333334,0.0,0.0,0.8,4.0,0.0,1007.0392289198935,,1.3976801427688728,1.3976801427688728,2,0.0,390.6409138489792,1.0,True,0.2643251621879603,2.4345247126289236,0.1,9,1.2,2.2,0.1,2,225.11372756481066,0.0,0.42373233426379125,,6.457126073655672e-05,-0.006916155734628948,,,0.15900883387626635,0.0,2,0.0,-0.8310026524784165,896204.8,8962048.0,3,,0,1397.6801427688727,0.0546875,4.340455901622772,390.6409138489792,10,2
322.5055884397863,2,1.0,0.0,0.0,0.0,0.0,0.0,0.0,0.0,100000000.0,0.0,0.0,0.0,0.0,0.295,0.0,0.0,0.6,3.0,0.0,889.2228482291102,,1.2117284366688965,1.2117284366688965,3,0.0,322.5055884397863,1.0,True,0.17978958033619435,1.6559232302311062,0.1,8,1.5,2.5,0.1,2,192.66111899322928,0.0,0.402611533259678,,4.84090323880082e-05,-0.003271478438836628,,,0.1092932684650334,0.0,2,0.0,-0.6957590085025455,843776.0,8437760.0,1,,0,1211.7284366688966,0.0328125,4.238148790597916,322.50558843978627,10,2
302.5618784691278,2,1.0,0.0,0.0,0.0,0.0,0.0,0.0,0.0,100000000.0,0.0,0.0,0.0,0.0,0.29416666666666663,0.0,0.0,0.8,4.0,0.0,1013.4916761890054,,1.2974606258331578,1.2974606258331578,3,0.0,302.5618784691278,1.0,True,0.19576302645213375,1.803044105872329,0.1,9,1.3,2.3,0.1,2,220.87675349221644,0.0,0.2699782450790349,,5.372096711653285e-05,-0.0011757662040584038,,,0.06549204109228353,0.0,2,0.0,-0.7466118261426458,969932.8,9699328.0,2,,0,1297.4606258331578,0.0296875,4.393582546710968,302.5618784691278,10,2
327.08996048424933,2,1.0,0.0,0.0,0.0,0.0,0.0,0.0,0.0,100000000.0,0.0,0.0,0.0,0.0,0.29333333333333333,0.0,0.0,0.8,4.0,0.0,1010.3621166199446,,1.337452077104194,1.337452077104194,3,0.0,327.08996048424933,1.0,True,0.21593318100677225,1.9888180946759153,0.1,9,1.4,2.4,0.1,2,205.60439127680465,0.0,0.37141332319582054,,7.667106001463253e-05,-0.0032225211944758025,,,0.10846492214274701,0.0,2,0.0,-0.7766926290554831,956825.6,9568256.0,3,,0,1337.452077104194,0.0421875,4.353320926427841,327.08996048424933,10,2
377.9134027570164,2,1.0,0.0,0.0,0.0,0.0,0.0,0.0,0.0,100000000.0,0.0,0.0,0.0,0.0,0.2925,0.0,0.0,0.6,3.0,0.0,895.6822399049997,,1.2735956426620163,1.2735956426620163,4,0.0,377.9134027570164,1.0,True,0.17627797085187216,1.6235801116270392,0.1,8,1.4,2.4,0.1,2,222.15065429013248,0.0,0.412165187396207,,5.293879257806111e-05,-0.004619665359815339,,,0.12990537406764036,0.0,2,0.0,-0.7249368067569443,956825.6,9568256.0,1,,0,1273.5956426620164,0.0359375,4.2245371580123905,377.91340275701646,10,2
401.6526632636594,2,1.0,0.0,0.0,0.0,0.0,0.0,0.0,0.0,100000000.0,0.0,0.0,0.0,0.0,0.29166666666666663,0.0,0.0,0.6,3.0,0.0,897.9170811362565,,1.299569744399916,1.299569744399916,4,0.0,401.6526632636594,1.0,True,0.14722001113774427,1.3559464121447495,0.1,8,1.1,2.1,0.1,2,209.69132144797226,0.0,0.47792871645837126,,4.342832835391164e-05,-0.005896598075542603,,,0.14679871195599528,0.0,2,0.0,-0.72339487776883,896204.8,8962048.0,2,,0,1299.5697443999159,0.0546875,4.391733837127686,401.65266326365946,10,2
264.0690115083607,2,1.0,0.0,0.0,0.0,0.0,0.0,0.0,0.0,100000000.0,0.0,0.0,0.0,0.0,0.29083333333333333,0.0,0.0,0.4,2.0,0.0,785.9825720079243,,1.0165412522897694,1.0165412522897694,4,0.0,264.0690115083607,1.0,True,0.137985809018954,1.2708962675670674,0.1,7,1.4,2.4,0.1,2,192.09838289193914,0.0,0.27254477231283497,,4.810332666238537e-05,-0.0006601515527174806,,,0.04906677285023007,0.0,2,0.0,-0.5772635306543618,943718.4,9437184.0,3,,0,1016.5412522897694,0.04375,4.302376407384872,264.06901150836063,10,2
232.31051577348023,2,1.0,0.0,0.0,0.0,0.0,0.0,0.0,0.0,100000000.0,0.0,0.0,0.0,0.0,0.29,0.0,0.0,0.8,4.0,0.0,961.6560419090092,,1.1938134695399616,1.1938134695399616,5,0.0,232.31051577348023,1.0,True,0.22919659908523476,2.1109786896743774,0.1,9,1.9,2.9,0.1,2,175.00598853257614,0.0,0.24667211921125518,,4.5446748117683455e-05,-0.0009371204124275501,,,0.05846748660565952,0.0,2,0.0,-0.7115050343125982,851968.0,8519680.0,1,,0,1193.8134695399615,0.03125,4.259437924623489,232.31051577348023,10,2
260.0703076025939,2,1.0,0.0,0.0,0.0,0.0,0.0,0.0,0.0,100000000.0,0.0,0.0,0.0,0.0,0.2891666666666667,0.0,0.0,0.2,1.0,0.0,666.0712691955268,,0.9261415767981207,0.9261415767981207,5,0.0,260.0703076025939,1.0,True,0.1186105119438023,1.0924431866967657,0.1,6,1.6,2.6,0.1,2,168.44277368469935,0.0,0.3523183202363417,,4.588882075040601e-05,-0.0017791556366646977,,,0.08057661311083643,0.0,2,0.0,-0.5223760443709615,778240.0,7782400.0,2,,0,926.1415767981207,0.0328125,4.37804000377655,260.0703076025939,10,2
405.21518666244657,2,1.0,0.0,0.0,0.0,0.0,0.0,0.0,0.0,100000000.0,0.0,0.0,0.0,0.0,0.28833333333333333,0.0,0.0,0.0,0.0,0.0,1146.1258931085467,,1.5513410797709932,1.5513410797709932,5,0.0,405.21518666244657,1.0,True,0.06589216915936784,0.3034446529028048,0.1,10,1.5,2.5,0.1,1,225.00913743727097,0.0,0.44471691870544655,,3.856043622363359e-05,-0.008796958045301284,,,0.17939172669417774,0.0,1,0.0,-0.8086166244651806,956825.6,9568256.0,3,,0,1551.3410797709932,0.025,4.401958012580872,405.2151866624466,10,1
300.3480437070698,2,1.0,0.0,0.0,0.0,0.0,0.0,0.0,0.0,100000000.0,0.0,0.0,0.0,0.0,0.2875,0.0,0.0,0.8,4.0,0.0,1003.9983452297747,,1.3043463889368445,1.3043463889368445,6,0.0,300.3480437070698,1.0,False,0.22919659908523476,2.1109786896743774,0.1,9,1.2,2.2,0.1,2,139.90411290406803,0.0,0.5341933605516777,,5.047977265348891e-05,-0.005289111490152099,,,0.13901601294900187,0.0,2,0.0,-0.7667714940110396,617676.8,6176768.0,1,,0,1304.3463889368445,0.034375,4.22853052020073,300.3480437070698,10,2
273.58962902076837,2,1.0,0.0,0.0,0.0,0.0,0.0,0.0,0.0,100000000.0,0.0,0.0,0.0,0.0,0.2866666666666667,0.0,0.0,0.8,4.0,0.0,1008.6676552891731,,1.2822572843099416,1.2822572843099416,6,0.0,273.58962902076837,1.0,False,0.18762367076003547,1.728077869539522,0.1,9,1.3,2.3,0.1,2,194.70985956925742,0.0,0.2883141796486852,,5.42803081771126e-05,-0.0016414332901048545,,,0.07739075924525714,0.0,2,0.0,-0.7349404775349885,869990.4,8699904.0,2,,0,1282.2572843099415,0.040625,4.380987668037415,273.58962902076837,10,2
1360.5907342162131,2,1.0,0.0,0.0,0.0,0.0,0.0,0.0,0.0,100000000.0,0.0,0.0,0.0,0.0,0.28583333333333333,0.0,0.0,0.2,1.0,0.0,639.1973607242107,,1.9997880949404239,1.9997880949404239,6,0.0,1360.5907342162131,1.0,False,0.12846529393749476,1.1832090831502953,0.1,6,1.4,2.4,0.1,2,385.7280651266919,0.0,0.7164995649122249,,5.269678877084516e-05,-0.0909927820628949,,,0.5852236176823378,0.0,2,0.0,-1.0641266944389594,956825.6,9568256.0,3,,0,1999.788094940424,0.025,4.276182943582535,1360.5907342162131,10,2
290.19291144110457,2,1.0,0.0,0.0,0.0,0.0,0.0,0.0,0.0,100000000.0,0.0,0.0,0.0,0.0,0.285,0.0,0.0,0.8,4.0,0.0,1008.7936809286475,,1.2989865923697521,1.2989865923697521,7,0.0,290.19291144110457,1.0,False,0.24350425301402215,2.2427570522829514,0.1,9,1.8,2.8,0.1,2,201.1468929830172,0.0,0.3068511150595748,,4.925695975543931e-05,-0.0017798917517338753,,,0.08059249628692415,0.0,2,0.0,-0.7712454226918871,878182.4,8781824.0,1,,0,1298.986592369752,0.0421875,4.298124676942825,290.1929114411046,10,2
259.5278885915139,2,1.0,0.0,0.0,0.0,0.0,0.0,0.0,0.0,100000000.0,0.0,0.0,0.0,0.0,0.2841666666666667,0.0,0.0,0.6,3.0,0.0,896.966464817524,,1.156494353409038,1.156494353409038,7,0.0,259.5278885915139,1.0,False,0.14120578763986122,1.3005533666561093,0.1,8,1.8,2.8,0.1,2,180.24581861507832,0.0,0.3054857433885352,,4.406525113154203e-05,-0.001311162495745144,,,0.06916546546973637,0.0,2,0.0,-0.6488500705244495,878182.4,8781824.0,2,,0,1156.494353409038,0.0515625,4.334091383218765,259.52788859151394,10,2
288.2722521362361,2,1.0,0.0,0.0,0.0,0.0,0.0,0.0,0.0,100000000.0,0.0,0.0,0.0,0.0,0.2833333333333333,0.0,0.0,0.8,4.0,0.0,1006.5312180668116,,1.2948034702030475,1.2948034702030475,7,0.0,288.2722521362361,1.0,False,0.21593318100677225,1.9888180946759153,0.1,9,1.7,2.7,0.1,2,210.99412796289647,0.0,0.2680734049173014,,4.476713183976244e-05,-0.0014720870544127074,,,0.07328959100486403,0.0,2,0.0,-0.7553683256049099,891289.6,8912896.0,3,,0,1294.8034702030475,0.0375,4.275477147102356,288.2722521362361,10,2
292.7536423587628,2,1.0,0.0,0.0,0.0,0.0,0.0,0.0,0.0,100000000.0,0.0,0.0,0.0,0.0,0.2825,0.0,0.0,0.4,2.0,0.0,780.5301672779024,,1.055927662622441,1.055927662622441,8,0.0,292.7536423587628,1.0,False,0.15024406106926042,1.3837989413158645,0.1,7,1.1,2.1,0.1,2,235.83527423618983,0.0,0.19442411600406617,,3.710965029313229e-05,-0.000569413153947651,,,0.04557206829645367,0.0,2,0.0,-0.6030858618458507,1048576.0,10485760.0,1,,0,1055.927662622441,0.0296875,4.2713438153266905,292.7536423587628,10,2
532.0266515921337,2,1.0,0.0,0.0,0.0,0.0,0.0,0.0,0.0,100000000.0,0.0,0.0,0.0,0.0,0.2816666666666667,0.0,0.0,0.8,4.0,0.0,1006.9976206868887,,1.5390242722790224,1.5390242722790224,8,0.0,532.0266515921337,1.0,False,0.2096852406841227,1.9312724376805182,0.1,9,1.3,2.3,0.1,2,255.11863444795034,0.0,0.5204777172638123,,6.113771451055072e-05,-0.018050252377372678,,,0.25736726697352796,0.0,2,0.0,-0.8743547564815726,969932.8,9699328.0,2,,0,1539.0242722790224,0.0296875,4.361931824684143,532.0266515921336,10,2
330.68395506841904,2,1.0,0.0,0.0,0.0,0.0,0.0,0.0,0.0,100000000.0,0.0,0.0,0.0,0.0,0.2808333333333333,0.0,0.0,0.4,2.0,0.0,759.086653124541,,1.0897706081929601,1.0897706081929601,8,0.0,330.68395506841904,1.0,False,0.15236600166139494,1.403342736418536,0.1,7,1.0,2.0,0.1,2,237.7455550784467,0.0,0.28104901542847227,,4.192792403046042e-05,-0.0013682283481212254,,,0.07065601562903423,0.0,2,0.0,-0.6210683049271776,1048576.0,10485760.0,3,,0,1089.77060819296,0.0375,4.2930511116981505,330.68395506841904,10,2
296.921633225077,2,1.0,0.0,0.0,0.0,0.0,0.0,0.0,0.0,100000000.0,0.0,0.0,0.0,0.0,0.27999999999999997,0.0,0.0,0.6,3.0,0.0,894.7143377736211,,1.1295924130011077,1.1295924130011077,9,0.0,296.921633225077,1.0,False,0.18569823001576985,1.7103439049187645,0.1,8,1.8,2.8,0.1,2,175.41520967933687,0.0,0.4092205146050575,,5.0833319619414397e-05,-0.0014696107397553226,,,0.07322629699255297,0.0,2,0.0,-0.6576453215084388,878182.4,8781824.0,1,,0,1129.5924130011076,0.0328125,4.2146247804164885,296.9216332250771,10,2
452.49491742001345,2,1.0,0.0,0.0,0.0,0.0,0.0,0.0,0.0,100000000.0,0.0,0.0,0.0,0.0,0.2791666666666667,0.0,0.0,0.6,3.0,0.0,897.8113569319248,,1.3503062743519383,1.3503062743519383,9,0.0,452.49491742001345,1.0,False,0.14140881619046933,1.3024233287124392,0.1,8,2.2,3.2,0.1,2,204.54878990556585,0.0,0.5479533978594942,,5.1392786190262996e-05,-0.012786974329321632,,,0.21642641063346296,0.0,2,0.0,-0.7458575452712038,773324.8,7733248.0,2,,0,1350.3062743519383,0.034375,4.396976220607757,452.49491742001345,10,2
295.7636923321667,2,1.0,0.0,0.0,0.0,0.0,0.0,0.0,0.0,100000000.0,0.0,0.0,0.0,0.0,0.2783333333333333,0.0,0.0,0.8,4.0,0.0,1009.2320046387613,,1.304995696970928,1.304995696970928,9,0.0,295.7636923321667,1.0,False,0.2643251621879603,2.4345247126289236,0.1,9,1.5,2.5,0.1,2,185.8513207437164,0.0,0.3716222593847312,,6.671902883681469e-05,-0.0028053259237754147,,,0.10119486637052892,0.0,2,0.0,-0.7846604295794442,804454.4,8044544.0,3,,0,1304.995696970928,0.05,4.309452843666077,295.7636923321668,10,2
526.6885969174979,2,1.0,0.0,0.0,0.0,0.0,0.0,0.0,0.0,100000000.0,0.0,0.0,0.0,0.0,0.27749999999999997,0.0,0.0,0.8,4.0,0.0,1007.3048430494964,,1.5339934399669943,1.5339934399669943,10,0.0,526.6885969174979,1.0,False,0.22919659908523476,2.1109786896743774,0.1,9,1.4,2.4,0.1,2,248.8293163790134,0.0,0.5275589450097953,,0.0002982815140057937,-0.014257226537274847,,,0.22851091286980166,0.0,2,0.0,-0.8815950195261145,956825.6,9568256.0,1,0.0140625,0,1533.9934399669944,0.0390625,4.28831245303154,526.6885969174979,10,2
400.75853535905594,2,1.0,0.0,0.0,0.0,0.0,0.0,0.0,0.0,100000000.0,0.0,0.0,0.0,0.0,0.27666666666666667,0.0,0.0,0.6,3.0,0.0,895.1333188451827,,1.2686223773134948,1.2686223773134948,10,0.0,400.75853535905594,1.0,False,0.14120578763986122,1.3005533666561093,0.1,8,1.0,2.0,0.1,2,277.12409187935924,0.0,0.30850108624368416,,4.245770560373785e-05,-0.002875001863286042,,,0.10245043729424874,0.0,2,0.0,-0.704914082476678,1048576.0,10485760.0,2,0.0140625,0,1268.6223773134948,0.034375,4.370758283138275,400.75853535905594,10,2
358.7448943276378,2,1.0,0.0,0.0,0.0,0.0,0.0,0.0,0.0,100000000.0,0.0,0.0,0.0,0.0,0.2758333333333333,0.0,0.0,0.8,4.0,0.0,1011.1399670131505,,1.3698848613407884,1.3698848613407884,10,0.0,358.7448943276378,1.0,False,0.18857402690995917,1.7368309731549203,0.1,9,2.5,3.5,0.1,2,186.4663694602509,0.0,0.4802257191430488,,5.3612668125424534e-05,-0.007503140844034972,,,0.16563738958423507,0.0,2,0.0,-0.7792294441253738,707788.8,7077888.0,3,0.0140625,0,1369.8848613407883,0.053125,4.307876253128052,358.7448943276379,10,2
370.0616157295302,2,1.0,0.0,0.0,0.0,0.0,0.0,0.0,0.0,100000000.0,0.0,0.0,0.0,0.0,0.27499999999999997,0.0,0.0,0.8,4.0,0.0,1000.7775132544339,,1.370839128983964,1.370839128983964,11,0.0,370.0616157295302,1.0,False,0.23769705345406053,2.189270767727715,0.1,9,2.1,3.1,0.1,2,179.7819864925765,0.0,0.5141836417209638,,4.503926265897462e-05,-0.007349595827530864,,,0.16393056595341937,0.0,2,0.0,-0.8042680912190123,760217.6,7602176.0,1,,0,1370.8391289839642,0.021875,4.458636724948883,370.0616157295302,10,2
316.7405942552884,2,1.0,0.0,0.0,0.0,0.0,0.0,0.0,0.0,100000000.0,0.0,0.0,0.0,0.0,0.27416666666666667,0.0,0.0,0.8,4.0,0.0,1009.939769282937,,1.277908904090057,1.277908904090057,11,0.0,316.7405942552884,1.0,False,0.18943107029477468,1.7447246344426217,0.1,9,1.4,2.4,0.1,2,211.86223211433432,0.0,0.33111752659156657,,4.131033801968442e-05,-0.0010369918724568716,,,0.06150705558879266,0.0,2,0.0,-0.7336699871924159,969932.8,9699328.0,2,,0,1277.9089040900571,0.0140625,4.51438872218132,316.7405942552884,10,2
588.6380229568042,2,1.0,0.0,0.0,0.0,0.0,0.0,0.0,0.0,100000000.0,0.0,0.0,0.0,0.0,0.2733333333333333,0.0,0.0,0.8,4.0,0.0,1013.3740971796215,,1.288017383691065,1.288017383691065,11,0.0,588.6380229568042,1.0,False,0.21593318100677225,1.9888180946759153,0.1,9,1.2,2.2,0.1,2,209.63253441551603,0.0,0.6438685130082067,,4.110221561859362e-05,-0.0023923493142979924,,,0.09344803212838831,0.0,2,0.0,-0.7519752823489186,743833.6,7438336.0,3,,0,1288.017383691065,0.0359375,4.4971126317977905,588.6380229568042,10,2
371.8957384386696,2,1.0,0.0,0.0,0.0,0.0,0.0,0.0,0.0,100000000.0,0.0,0.0,0.0,0.0,0.27249999999999996,0.0,0.0,0.6,3.0,0.0,882.9696867614985,,1.254865425200168,1.254865425200168,12,0.0,371.8957384386696,1.0,False,0.17686191462943898,1.6289584325765272,0.1,8,1.2,2.2,0.1,2,208.34037891936762,0.0,0.4397882057104409,0.0023036126513034105,3.033061420865124e-05,-0.004087067971771885,-0.00747694680467248,0.0037118997424840927,0.12217946433837719,0.0,2,0.0,-0.7158636699148035,996147.2,9961472.0,1,,0,1254.8654252001681,0.03125,4.333908456563949,371.8957384386696,10,2
419.715967680119,2,1.0,0.0,0.0,0.0,0.0,0.0,0.0,0.0,100000000.0,0.0,0.0,0.0,0.0,0.27166666666666667,0.0,0.0,0.6,3.0,0.0,900.4072146490216,,1.3201231823291406,1.3201231823291406,12,0.0,419.715967680119,1.0,False,0.15662894097656654,1.4426058584963457,0.1,8,1.8,2.8,0.1,2,198.2948136968135,0.0,0.5275499886438887,0.0023036126513034105,6.0438940636231564e-05,-0.009508449711260414,-0.00747694680467248,0.0037118997424840927,0.18652528565872015,0.0,2,0.0,-0.7383760616528536,865075.2,8650752.0,2,,0,1320.1231823291407,0.028125,4.379670947790146,419.715967680119,10,2
337.3120728857071,2,1.0,0.0,0.0,0.0,0.0,0.0,0.0,0.0,100000000.0,0.0,0.0,0.0,0.0,0.2708333333333333,0.0,0.0,0.8,4.0,0.0,993.6444470658898,,1.330956519951597,1.330956519951597,12,0.0,337.3120728857071,1.0,False,0.18857402690995917,1.7368309731549203,0.1,9,1.8,2.8,0.1,2,151.46648749914186,0.0,0.5509603726799784,0.0023036126513034105,4.4557145884027705e-05,-0.006897341535400725,-0.00747694680467248,0.0037118997424840927,0.1587946574671218,0.0,2,0.0,-0.759765273430778,599654.4,5996544.0,3,,0,1330.9565199515969,0.046875,4.356393504142761,337.3120728857071,10,2
313.2795748995692,2,1.0,0.0,0.0,0.0,0.0,0.0,0.0,0.0,100000000.0,0.0,0.0,0.0,0.0,0.27,0.0,0.0,0.0,0.0,0.0,1127.9672370292246,,1.441246811928794,1.441246811928794,13,0.0,313.2795748995692,1.0,False,0.07473601283242348,0.34417205811550006,0.1,10,0.8,1.8,0.1,1,207.42737531071526,0.0,0.3378841395031512,0.0012022391892969608,2.65920243691653e-05,-0.003203161515990982,-0.004811522550880909,0.0027685302775353193,0.1081477925771461,0.0,1,0.0,-0.7579914123806087,848691.2,8486912.0,1,,0,1441.246811928794,0.0125,4.351922655105591,313.27957489956924,10,1
741.3258732394204,2,1.0,0.0,0.0,0.0,0.0,0.0,0.0,0.0,100000000.0,0.0,0.0,0.0,0.0,0.26916666666666667,0.0,0.0,0.8,4.0,0.0,1012.8522906452417,,1.754178163884662,1.754178163884662,13,0.0,741.3258732394204,1.0,False,0.2064946923362743,1.9018864014235881,0.1,9,1.2,2.2,0.1,2,223.15559599758964,0.0,0.6989777315845568,0.0012022391892969608,4.03364156227326e-05,-0.059753778907554234,-0.004811522550880909,0.0027685302775353193,0.4716355546636145,0.0,2,0.0,-0.9803364281104682,756940.8,7569408.0,2,,0,1754.1781638846621,0.0265625,4.385442459583283,741.3258732394204,10,2
305.3879680237703,2,1.0,0.0,0.0,0.0,0.0,0.0,0.0,0.0,100000000.0,0.0,0.0,0.0,0.0,0.2683333333333333,0.0,0.0,0.8,4.0,0.0,1017.570492811501,,1.3229584608352714,1.3229584608352714,13,0.0,305.3879680237703,1.0,False,0.186423300815413,1.717022053777259,0.1,9,1.3,2.3,0.1,2,216.512250654186,0.0,0.29102560243194175,0.0012022391892969608,3.198299145878991e-05,-0.0018746502524911168,-0.004811522550880909,0.0027685302775353193,0.0827150026494806,0.0,2,0.0,-0.7546908808253422,969932.8,9699328.0,3,,0,1322.9584608352714,0.034375,4.362298965454102,305.3879680237703,10,2
429.8782517561862,2,1.0,0.0,0.0,0.0,0.0,0.0,0.0,0.0,100000000.0,0.0,0.0,0.0,0.0,0.26749999999999996,0.0,0.0,0.6,3.0,0.0,899.988470133394,,1.32986672188958,1.32986672188958,14,0.0,429.8782517561862,1.0,False,0.18012938757527922,1.6590529705639394,0.1,8,1.6,2.6,0.1,2,266.3810308539754,0.0,0.3803337810979594,0.0007425007643178105,3.479014958429616e-05,-0.0045498000535971195,-0.00942162238061428,0.001998670632019639,0.1289202280898223,0.0,2,0.0,-0.7549980547324296,956825.6,9568256.0,1,,0,1329.86672188958,0.040625,4.288592237234115,429.87825175618616,10,2
328.43195500774584,2,1.0,0.0,0.0,0.0,0.0,0.0,0.0,0.0,100000000.0,0.0,0.0,0.0,0.0,0.26666666666666666,0.0,0.0,0.8,4.0,0.0,1010.9016038477421,,1.339333558855488,1.339333558855488,14,0.0,328.43195500774584,1.0,False,0.21776991759655975,2.005735063841521,0.1,9,1.6,2.6,0.1,2,221.3604045556171,0.0,0.32600832172254235,0.0007425007643178105,4.0777618778520264e-05,-0.002802677126934494,-0.00942162238061428,0.001998670632019639,0.10115255193667974,0.0,2,0.0,-0.7785517382260239,956825.6,9568256.0,2,,0,1339.333558855488,0.0328125,4.4057066440582275,328.4319550077459,10,2
396.1298591098497,2,1.0,0.0,0.0,0.0,0.0,0.0,0.0,0.0,100000000.0,0.0,0.0,0.0,0.0,0.2658333333333333,0.0,0.0,0.8,4.0,0.0,1013.9767327345908,,1.4101065918444404,1.4101065918444404,14,0.0,396.1298591098497,1.0,False,0.18857402690995917,1.7368309731549203,0.1,9,0.8,1.8,0.1,2,236.46482749834342,0.0,0.40306234922631773,0.0007425007643178105,4.071583589393413e-05,-0.007309926636767994,-0.00942162238061428,0.001998670632019639,0.1634869181864429,0.0,2,0.0,-0.7993403093771998,848691.2,8486912.0,3,,0,1410.1065918444403,0.046875,4.297711706161499,396.1298591098497,10,2
327.70267421215135,2,1.0,0.0,0.0,0.0,0.0,0.0,0.0,0.0,100000000.0,0.0,0.0,0.0,0.0,0.265,0.0,0.0,0.0,0.0,0.0,1129.313135985285,,1.4570158101974364,1.4570158101974364,15,0.0,327.70267421215135,1.0,False,0.07473601283242348,0.34417205811550006,0.1,10,1.6,2.6,0.1,1,203.8507592691771,0.0,0.3779398970140652,0.0007679706322960556,2.9845199605915695e-05,-0.004253222810158663,-0.009590433910489082,0.0018885700264945626,0.12464182246123764,0.0,1,0.0,-0.76587591151493,904396.8,9043968.0,1,,0,1457.0158101974364,0.0171875,4.418236941099167,327.70267421215135,10,1
298.94739818440274,2,1.0,0.0,0.0,0.0,0.0,0.0,0.0,0.0,100000000.0,0.0,0.0,0.0,0.0,0.26416666666666666,0.0,0.0,0.6,3.0,0.0,867.0849488116801,,1.166032346996083,1.166032346996083,15,0.0,298.94739818440274,1.0,False,0.15724646183592636,1.4482934357978448,0.1,8,1.1,2.1,0.1,2,196.58104029472437,0.0,0.34242264194764693,0.0007679706322960556,3.1345535717264283e-05,-0.002279762413900488,-0.009590433910489082,0.0018885700264945626,0.0912223075879615,0.0,2,0.0,-0.6616394044160047,896204.8,8962048.0,2,,0,1166.0323469960829,0.028125,4.377237582206726,298.94739818440274,10,2
280.94394702156126,2,1.0,0.0,0.0,0.0,0.0,0.0,0.0,0.0,100000000.0,0.0,0.0,0.0,0.0,0.2633333333333333,0.0,0.0,0.8,4.0,0.0,1008.4907910786569,,1.2894347381002182,1.2894347381002182,15,0.0,280.94394702156126,1.0,False,0.21456214759994624,1.9761904103376977,0.1,9,1.4,2.4,0.1,2,203.706539585652,0.0,0.27492105900392166,0.0007679706322960556,3.276655843365006e-05,-0.0013438400586165966,-0.009590433910489082,0.0018885700264945626,0.07002505410681296,0.0,2,0.0,-0.7519984428500822,969932.8,9699328.0,3,,0,1289.4347381002183,0.025,4.30579172372818,280.9439470215613,10,2
296.24992823119203,2,1.0,0.0,0.0,0.0,0.0,0.0,0.0,0.0,100000000.0,0.0,0.0,0.0,0.0,0.2625,0.0,0.0,0.4,2.0,0.0,782.1948188357055,,1.0345269046049066,1.0345269046049066,16,0.0,296.24992823119203,1.0,False,0.16059576986745575,1.4791417027788238,0.1,7,1.7,2.7,0.1,2,205.66186200376998,0.0,0.30578257611163884,0.0010967293055728078,4.1438232983637135e-05,-0.0010049994370842086,-0.006575046107172966,0.001304273377172649,0.06055030767879057,0.0,2,0.0,-0.5975613372361812,878182.4,8781824.0,1,,0,1034.5269046049066,0.04375,4.225527709722519,296.24992823119203,10,2
341.7294324851831,2,1.0,0.0,0.0,0.0,0.0,0.0,0.0,0.0,100000000.0,0.0,0.0,0.0,0.0,0.26166666666666666,0.0,0.0,0.0,0.0,0.0,1140.0403659790754,,1.4817697984642586,1.4817697984642586,16,0.0,341.7294324851831,1.0,False,0.050514811034773385,0.23262930172816065,0.1,10,1.4,2.4,0.1,1,211.11107520611765,0.0,0.38222741403677274,0.0010967293055728078,2.6261188395437784e-05,-0.004764376662520109,-0.006575046107172966,0.001304273377172649,0.13193087131411413,0.0,1,0.0,-0.766142304749516,943718.4,9437184.0,2,,0,1481.7697984642587,0.0359375,4.444324576854706,341.7294324851831,10,1
452.4303916239291,2,1.0,0.0,0.0,0.0,0.0,0.0,0.0,0.0,100000000.0,0.0,0.0,0.0,0.0,0.2608333333333333,0.0,0.0,0.0,0.0,0.0,1125.8035483770072,,1.5782339400009364,1.5782339400009364,16,0.0,452.4303916239291,1.0,False,0.06589216915936784,0.3034446529028048,0.1,10,1.0,2.0,0.1,1,283.69713539993535,0.0,0.3729485448984799,0.0010967293055728078,2.6383833755971864e-05,-0.007838656517866027,-0.006575046107172966,0.001304273377172649,0.1693125276906326,0.0,1,0.0,-0.8220630545801522,1048576.0,10485760.0,3,,0,1578.2339400009364,0.040625,4.3530616641044615,452.4303916239291,10,1
391.8668033009975,2,1.0,0.0,0.0,0.0,0.0,0.0,0.0,0.0,100000000.0,0.0,0.0,0.0,0.0,0.26,0.0,0.0,0.4,2.0,0.0,783.1828356720507,,1.1750496389730483,1.1750496389730483,17,0.0,391.8668033009975,1.0,False,0.14435501223287464,1.3295587970655611,0.1,7,1.4,2.4,0.1,2,218.2296529196575,0.0,0.4431024749191813,0.0010656253434717655,4.997848009224981e-05,-0.004868324708924121,-0.00611540675163269,0.0014180864673107862,0.1333619447371861,0.0,2,0.0,-0.6597023256029615,956825.6,9568256.0,1,,0,1175.0496389730483,0.046875,4.232597923278808,391.8668033009975,10,2
288.72366358551517,2,1.0,0.0,0.0,0.0,0.0,0.0,0.0,0.0,100000000.0,0.0,0.0,0.0,0.0,0.25916666666666666,0.0,0.0,0.8,4.0,0.0,1029.8595586791635,,1.3185832222646785,1.3185832222646785,17,0.0,288.72366358551517,1.0,False,0.18943107029477468,1.7447246344426217,0.1,9,0.9,1.9,0.1,2,216.84200542055407,0.0,0.24896351505206962,0.0010656253434717655,5.2347153541632e-05,-0.0005631709551749409,-0.00611540675163269,0.0014180864673107862,0.04531545604452964,0.0,2,0.0,-0.7540071462797266,948633.6,9486336.0,2,,0,1318.5832222646784,0.0328125,4.374537181854248,288.7236635855151,10,2
473.38523771752506,2,1.0,0.0,0.0,0.0,0.0,0.0,0.0,0.0,100000000.0,0.0,0.0,0.0,0.0,0.2583333333333333,0.0,0.0,0.0,0.0,0.0,1141.693992074579,,1.6150792297921042,1.6150792297921042,17,0.0,473.38523771752506,1.0,False,0.06589216915936784,0.3034446529028048,0.1,10,1.1,2.1,0.1,1,166.36904252576628,0.0,0.6485546458357436,0.0010656253434717655,2.5821462259045802e-05,-0.02594018431102657,-0.00611540675163269,0.0014180864673107862,0.30894631583023285,0.0,1,0.0,-0.840485699475736,670105.6,6701056.0,3,,0,1615.0792297921041,0.03125,4.343904566764832,473.3852377175251,10,1
396.8646423135915,2,1.0,0.0,0.0,0.0,0.0,0.0,0.0,0.0,100000000.0,0.0,0.0,0.0,0.0,0.2575,0.0,0.0,0.0,0.0,0.0,1132.1069030091166,,1.5289715453227082,1.5289715453227082,18,0.0,396.8646423135915,1.0,False,0.07473601283242348,0.34417205811550006,0.1,10,1.4,2.4,0.1,1,207.70352079520745,0.0,0.47663888729325027,0.0007161276298575103,3.577689494704828e-05,-0.009876413360937253,-0.008004994131624699,0.0017409780994057655,0.19011456583580832,0.0,1,0.0,-0.8018537790775658,856883.2,8568832.0,1,,0,1528.9715453227082,0.0375,4.2796591997146605,396.8646423135915,10,1
352.60125595392884,2,1.0,0.0,0.0,0.0,0.0,0.0,0.0,0.0,100000000.0,0.0,0.0,0.0,0.0,0.25666666666666665,0.0,0.0,0.8,4.0,0.0,862.5197177752852,,1.2151209737292141,1.2151209737292141,18,0.0,352.60125595392884,1.0,False,0.20751856787913212,1.9113166436718505,0.1,9,1.3,2.3,0.1,2,218.20686690185468,0.0,0.38115119212631005,0.0007161276298575103,3.998751799372258e-05,-0.0037597458787562155,-0.008004994131624699,0.0017409780994057655,0.11717716829583866,0.0,2,0.0,-0.7113197708041731,969932.8,9699328.0,2,,0,1215.120973729214,0.0328125,4.340768206119537,352.6012559539289,10,2
281.4586418706907,2,1.0,0.0,0.0,0.0,0.0,0.0,0.0,0.0,100000000.0,0.0,0.0,0.0,0.0,0.2558333333333333,0.0,0.0,0.4,2.0,0.0,782.5191053561866,,1.0587422375272864,1.0587422375272864,18,0.0,281.4586418706907,1.0,False,0.14556064888978573,1.340663121040644,0.1,7,0.7,1.7,0.1,2,181.63766218363511,0.0,0.3546559417170637,0.0007161276298575103,3.9135702536441386e-05,-0.0025067709803253124,-0.008004994131624699,0.0017409780994057655,0.0956589827129389,0.0,2,0.0,-0.6021514432085361,748748.8,7487488.0,3,,0,1058.7422375272863,0.05625,4.213652533292771,281.4586418706907,10,2
384.8739047086904,2,1.0,0.0,0.0,0.0,0.0,0.0,0.0,0.0,100000000.0,0.0,0.0,0.0,0.0,0.255,0.0,0.0,0.4,2.0,0.0,783.3470730111003,,1.1682209777197907,1.1682209777197907,19,0.0,384.8739047086904,1.0,False,0.15223810726673895,1.4021647855120865,0.1,7,1.3,2.3,0.1,2,223.57683625420293,0.0,0.4190906852377342,0.0007685668533667922,5.438959306047764e-05,-0.003859782414077473,-0.007370117120444775,0.0014279796741902828,0.11872557751078898,0.0,2,0.0,-0.6602295424932648,856883.2,8568832.0,1,,0,1168.2209777197907,0.0515625,4.213422387838364,384.8739047086905,10,2
2212.614833666264,2,1.0,0.0,0.0,0.0,0.0,0.0,0.0,0.0,100000000.0,0.0,0.0,0.0,0.0,0.25416666666666665,0.0,0.0,0.8,4.0,0.0,1018.2865308597684,,3.2309013645260323,3.2309013645260323,19,0.0,2212.614833666264,1.0,False,0.19576302645213375,1.803044105872329,0.1,9,1.6,2.6,0.1,2,387.0889219348274,0.0,0.825053635162778,0.0007685668533667922,4.1763689296203665e-05,-0.5642032139240205,-0.007370117120444775,0.0014279796741902828,1.6229582245246994,0.0,2,0.0,-1.713332195489083,904396.8,9043968.0,2,,0,3230.9013645260325,0.0578125,4.339718240499496,2212.614833666264,10,2
379.4390560055401,2,1.0,0.0,0.0,0.0,0.0,0.0,0.0,0.0,100000000.0,0.0,0.0,0.0,0.0,0.2533333333333333,0.0,0.0,0.4,2.0,0.0,787.4207757413387,,1.0560541144896856,1.0560541144896856,19,0.0,379.4390560055401,1.0,False,0.15222917234853295,1.4020824918742136,0.1,7,1.1,2.1,0.1,2,240.81167020422652,0.0,0.36534822551131774,0.0007685668533667922,3.269415992690483e-05,-0.0010876474096787603,-0.007370117120444775,0.0014279796741902828,0.06299423239059047,0.0,2,0.0,-0.6041416434191093,1048576.0,10485760.0,3,,0,1056.0541144896856,0.078125,4.237054562568664,379.4390560055401,10,2
535.8986228085547,2,1.0,0.0,0.0,0.0,0.0,0.0,0.0,0.0,100000000.0,0.0,0.0,0.0,0.0,0.2525,0.0,0.0,0.8,4.0,0.0,1007.3420237749815,,1.323200531986353,1.323200531986353,20,0.0,535.8986228085547,1.0,False,0.2302984723898191,2.121127317856393,0.1,9,2.9,3.9,0.1,2,174.7647145730143,0.0,0.6738847477213101,0.0009592097485437989,4.606044058164116e-05,-0.006899729995666348,-0.00792840588837862,0.0011461907997727394,0.15882204143189074,0.0,2,0.0,-0.776749502188086,602931.2,6029312.0,1,0.015625,0,1323.2005319863529,0.0390625,4.199599266052246,535.8986228085547,10,2
324.30319732980416,2,1.0,0.0,0.0,0.0,0.0,0.0,0.0,0.0,100000000.0,0.0,0.0,0.0,0.0,0.25166666666666665,0.0,0.0,0.4,2.0,0.0,782.7732586301863,,1.021273070109023,1.021273070109023,20,0.0,324.30319732980416,1.0,False,0.13275724289254312,1.222739393885438,0.1,7,1.3,2.3,0.1,2,199.87924640002964,0.0,0.38366550793897986,0.0009592097485437989,3.440058480919106e-05,-0.0011721811366590673,-0.00792840588837862,0.0011461907997727394,0.06539726291342768,0.0,2,0.0,-0.577015156500783,969932.8,9699328.0,2,0.015625,0,1021.2730701090229,0.0625,4.279572743177414,324.3031973298042,10,2
307.28827914477534,2,1.0,0.0,0.0,0.0,0.0,0.0,0.0,0.0,100000000.0,0.0,0.0,0.0,0.0,0.25083333333333335,0.0,0.0,0.0,0.0,0.0,1142.2879151068628,,1.4495761942516383,1.4495761942516383,20,0.0,307.28827914477534,1.0,False,0.06589216915936784,0.3034446529028048,0.1,10,1.9,2.9,0.1,1,203.3291141037895,0.0,0.3383115207983794,0.0009592097485437989,3.157580067636445e-05,-0.0030186406452909487,-0.00792840588837862,0.0011461907997727394,0.1049827514630429,0.0,1,0.0,-0.7577341817055031,865075.2,8650752.0,3,0.015625,0,1449.5761942516383,0.059375,4.285690319538117,307.2882791447754,10,1
422.0927393486699,2,1.0,0.0,0.0,0.0,0.0,0.0,0.0,0.0,100000000.0,0.0,0.0,0.0,0.0,0.25,0.0,0.0,0.8,4.0,0.0,1001.2872223742306,,1.3584427872175855,1.3584427872175855,21,0.0,422.0927393486699,1.0,False,0.23769705345406053,2.189270767727715,0.1,9,1.4,2.4,0.1,2,262.67984629432283,0.0,0.3776726728356822,0.005955671891570091,5.761742067988962e-05,-0.0027481463506465187,-0.02202725037932396,0.0053870524279773235,0.10015938059937124,0.0,2,0.0,-0.798069920335823,956825.6,9568256.0,1,,0,1358.4427872175854,0.034375,4.370622926950455,422.0927393486701,10,2
658.9732015480517,2,1.0,0.0,0.0,0.0,0.0,0.0,0.0,0.0,100000000.0,0.0,0.0,0.0,0.0,0.24916666666666665,0.0,0.0,0.0,0.0,0.0,1144.0964760258794,,1.803069677573931,1.803069677573931,21,0.0,658.9732015480517,1.0,False,0.050514811034773385,0.23262930172816065,0.1,10,1.0,2.0,0.1,1,267.88311215881066,0.0,0.5934840574252443,0.005955671891570091,3.13100463245064e-05,-0.04166196859207244,-0.02202725037932396,0.0053870524279773235,0.3925847729605034,0.0,1,0.0,-0.9267922443043521,1048576.0,10485760.0,2,,0,1803.069677573931,0.0328125,4.482784152030945,658.9732015480517,10,1
540.2918219251317,2,1.0,0.0,0.0,0.0,0.0,0.0,0.0,0.0,100000000.0,0.0,0.0,0.0,0.0,0.24833333333333332,0.0,0.0,0.0,0.0,0.0,1137.380471918732,,1.6776722938438637,1.6776722938438637,21,0.0,540.2918219251317,1.0,False,0.06589216915936784,0.3034446529028048,0.1,10,1.6,2.6,0.1,1,247.1562753744038,0.0,0.5425504045318453,0.005955671891570091,4.0392471419181675e-05,-0.023492197353400135,-0.02202725037932396,0.0053870524279773235,0.29388457543397,0.0,1,0.0,-0.8717822315016158,904396.8,9043968.0,3,,0,1677.6722938438638,0.025,4.511466300487518,540.2918219251317,10,1
366.50119478857914,2,1.0,0.0,0.0,0.0,0.0,0.0,0.0,0.0,100000000.0,0.0,0.0,0.0,0.0,0.2475,0.0,0.0,0.6,3.0,0.0,893.6669989489019,,1.2601681937374811,1.2601681937374811,22,0.0,366.50119478857914,1.0,False,0.17686191462943898,1.6289584325765272,0.1,8,1.0,2.0,0.1,2,238.06573137073948,0.0,0.3504366840930198,0.0008600223809480667,3.556554474926088e-05,-0.0027004504433548737,-0.006311372853815556,0.0008438910008408129,0.09928964961844951,0.0,2,0.0,-0.7185150541834601,1048576.0,10485760.0,1,,0,1260.168193737481,0.059375,4.193179899454117,366.5011947885792,10,2
372.69945649948505,2,1.0,0.0,0.0,0.0,0.0,0.0,0.0,0.0,100000000.0,0.0,0.0,0.0,0.0,0.24666666666666665,0.0,0.0,0.8,4.0,0.0,1008.9928922243416,,1.3816923487238266,1.3816923487238266,22,0.0,372.69945649948505,1.0,False,0.18943107029477468,1.7447246344426217,0.1,9,1.0,2.0,0.1,2,255.75840941760214,0.0,0.31376768879737954,0.0008600223809480667,4.0134484152076766e-05,-0.003146128818767191,-0.006311372853815556,0.0008438910008408129,0.10717794127887441,0.0,2,0.0,-0.7855617095093006,1048576.0,10485760.0,2,,0,1381.6923487238266,0.0359375,4.32189199924469,372.69945649948505,10,2
858.489129386377,2,1.0,0.0,0.0,0.0,0.0,0.0,0.0,0.0,100000000.0,0.0,0.0,0.0,0.0,0.24583333333333332,0.0,0.0,0.6,3.0,0.0,896.4425851590931,,1.7549317145454704,1.7549317145454704,22,0.0,858.489129386377,1.0,False,0.14683724196590656,1.3524209777882248,0.1,8,1.2,2.2,0.1,2,214.86713665300772,0.0,0.7497147846163311,0.0008600223809480667,3.2641632060403936e-05,-0.07004421428201607,-0.006311372853815556,0.0008438910008408129,0.5115553030387319,0.0,2,0.0,-0.9508844782556884,617676.8,6176768.0,3,,0,1754.9317145454704,0.0453125,4.268364614248275,858.4891293863773,10,2
580.2532034574045,2,1.0,0.0,0.0,0.0,0.0,0.0,0.0,0.0,100000000.0,0.0,0.0,0.0,0.0,0.245,0.0,0.0,0.0,0.0,0.0,1125.59287622571,,1.7058460796831145,1.7058460796831145,23,0.0,580.2532034574045,1.0,False,0.07473601283242348,0.34417205811550006,0.1,10,1.8,2.8,0.1,1,231.6649363404408,0.0,0.6007519907514876,0.0013270160416141152,3.0196839361451566e-05,-0.03280466270428517,-0.010579817928373814,0.0009004486491903663,0.34783402825872134,0.0,1,0.0,-0.890291046257769,878182.4,8781824.0,1,,0,1705.8460796831146,0.0328125,4.273446846008301,580.2532034574045,10,1
353.3448714366134,2,1.0,0.0,0.0,0.0,0.0,0.0,0.0,0.0,100000000.0,0.0,0.0,0.0,0.0,0.24416666666666664,0.0,0.0,0.8,4.0,0.0,1009.1675887815654,,1.3625124602181788,1.3625124602181788,23,0.0,353.3448714366134,1.0,False,0.20998731228930423,1.9340546199809494,0.1,9,1.4,2.4,0.1,2,244.13421050072137,0.0,0.3090766833316933,0.0013270160416141152,3.743527486221865e-05,-0.0017599316226766804,-0.010579817928373814,0.0009004486491903663,0.0801415562782077,0.0,2,0.0,-0.7862498862537415,969932.8,9699328.0,2,,0,1362.5124602181788,0.0390625,4.323091870546341,353.34487143661346,10,2
399.056051618215,2,1.0,0.0,0.0,0.0,0.0,0.0,0.0,0.0,100000000.0,0.0,0.0,0.0,0.0,0.24333333333333332,0.0,0.0,0.8,4.0,0.0,986.1503001302481,,1.385206351748463,1.385206351748463,23,0.0,399.056051618215,1.0,False,0.2271527754566524,2.0921543783948464,0.1,9,1.1,2.1,0.1,2,262.5760983658463,0.0,0.34200697545853,0.0013270160416141152,3.69856661563972e-05,-0.004453805004766609,-0.010579817928373814,0.0009004486491903663,0.1275506150714328,0.0,2,0.0,-0.8061795636025577,1048576.0,10485760.0,3,,0,1385.206351748463,0.0453125,4.266282433271408,399.056051618215,10,2
302.25525796313053,2,1.0,0.0,0.0,0.0,0.0,0.0,0.0,0.0,100000000.0,0.0,0.0,0.0,0.0,0.2425,0.0,0.0,0.8,4.0,0.0,1016.3393300026655,,1.318594587965796,1.318594587965796,24,0.0,302.25525796313053,1.0,False,0.2309966761925369,2.127558012528432,0.1,9,1.1,2.1,0.1,2,258.45826730786985,0.0,0.14490067418646219,0.0009720542002469301,4.44928646174958e-05,-0.00046737025390181097,-0.008814092725515366,0.0006973178242333233,0.04128239118873859,0.0,2,0.0,-0.7747956320791665,1048576.0,10485760.0,1,,0,1318.594587965796,0.0390625,4.190619915723801,302.25525796313053,10,2
378.8710523845237,2,1.0,0.0,0.0,0.0,0.0,0.0,0.0,0.0,100000000.0,0.0,0.0,0.0,0.0,0.24166666666666664,0.0,0.0,0.4,2.0,0.0,786.9109362363815,,1.0529682052189338,1.0529682052189338,24,0.0,378.8710523845237,1.0,False,0.12223870110829453,1.125860043835655,0.1,7,1.3,2.3,0.1,2,229.40112296680726,0.0,0.3945139869541061,0.0009720542002469301,3.1241040232998785e-05,-0.001380498454017498,-0.008814092725515366,0.0006973178242333233,0.07097452104926309,0.0,2,0.0,-0.5876034531636142,969932.8,9699328.0,2,,0,1052.9682052189337,0.040625,4.300163006782531,378.8710523845237,10,2
576.8214562123908,2,1.0,0.0,0.0,0.0,0.0,0.0,0.0,0.0,100000000.0,0.0,0.0,0.0,0.0,0.24083333333333332,0.0,0.0,0.8,4.0,0.0,1010.2371531538665,,1.3319746358698792,1.3319746358698792,24,0.0,576.8214562123908,1.0,False,0.21593318100677225,1.9888180946759153,0.1,9,0.9,1.9,0.1,2,260.8848490312572,0.0,0.54771992924064,0.0009720542002469301,5.486000554810744e-05,-0.0020874714042724563,-0.008814092725515366,0.0006973178242333233,0.08728276551534216,0.0,2,0.0,-0.7739539084383257,948633.6,9486336.0,3,,0,1331.9746358698792,0.0453125,4.294785064458847,576.8214562123908,10,2
461.69003605869506,2,1.0,0.0,0.0,0.0,0.0,0.0,0.0,0.0,100000000.0,0.0,0.0,0.0,0.0,0.24,0.0,0.0,0.6,3.0,0.0,897.6669888943434,,1.3593570249530385,1.3593570249530385,25,0.0,461.69003605869506,1.0,False,0.1880627488562529,1.732121928255564,0.1,8,1.9,2.9,0.1,2,203.5881623392421,0.0,0.5590371321910882,0.00555199570953846,4.8520569180254824e-05,-0.012767522984250046,-0.02516254037618637,0.005601753015071154,0.21626129196161353,0.0,2,0.0,-0.7737098869046457,865075.2,8650752.0,1,,0,1359.3570249530385,0.0625,4.129165399074554,461.6900360586951,10,2
307.86273156779015,2,1.0,0.0,0.0,0.0,0.0,0.0,0.0,0.0,100000000.0,0.0,0.0,0.0,0.0,0.23916666666666664,0.0,0.0,0.4,2.0,0.0,759.1343959793448,,1.015857859392462,1.015857859392462,25,0.0,307.86273156779015,1.0,False,0.1310894189500066,1.2073781676941455,0.1,7,1.1,2.1,0.1,2,220.07688931756584,0.0,0.2851460513040183,0.00555199570953846,3.6012895179737825e-05,-0.0007283306266954725,-0.02516254037618637,0.005601753015071154,0.051543746064827575,0.0,2,0.0,-0.5734736391712343,1048576.0,10485760.0,2,,0,1015.857859392462,0.075,4.206275057792664,307.86273156779015,10,2
352.32625751945625,2,1.0,0.0,0.0,0.0,0.0,0.0,0.0,0.0,100000000.0,0.0,0.0,0.0,0.0,0.2383333333333333,0.0,0.0,0.8,4.0,0.0,1013.0833466537297,,1.3617481429905465,1.3617481429905465,25,0.0,352.32625751945625,1.0,False,0.20786792654025635,1.9145343558527026,0.1,9,1.3,2.3,0.1,2,235.9947850868241,0.0,0.3301811033093611,0.00555199570953846,4.485715089685982e-05,-0.003503559406783041,-0.02516254037618637,0.005601753015071154,0.11310878843481242,0.0,2,0.0,-0.7848080347654014,969932.8,9699328.0,3,,0,1361.7481429905465,0.0546875,4.178356301784516,352.3262575194563,10,2
820.9567375907601,2,1.0,0.0,0.0,0.0,0.0,0.0,0.0,0.0,100000000.0,0.0,0.0,0.0,0.0,0.2375,0.0,0.0,0.0,0.0,0.0,1136.8459621444345,,1.9578026997351943,1.9578026997351943,26,0.0,820.9567375907601,1.0,False,0.07473601283242348,0.34417205811550006,0.1,10,1.0,2.0,0.1,1,294.02842828092633,0.0,0.6418466225835435,0.0054993657395243645,4.1312607208965346e-05,-0.0748433598781103,-0.025398122146725655,0.005215724464505911,0.5292366569478502,0.0,1,0.0,-1.016269356283809,1048576.0,10485760.0,1,,0,1957.8026997351942,0.0421875,4.271589094400406,820.95673759076,10,1
361.75434043148607,2,1.0,0.0,0.0,0.0,0.0,0.0,0.0,0.0,100000000.0,0.0,0.0,0.0,0.0,0.23666666666666664,0.0,0.0,0.8,4.0,0.0,1006.8670487962663,,1.3686213892277523,1.3686213892277523,26,0.0,361.75434043148607,1.0,False,0.21337170106011874,1.9652259925112452,0.1,9,1.6,2.6,0.1,2,204.466856108234,0.0,0.43479086978098413,0.0054993657395243645,6.667708294116892e-05,-0.005467723180930639,-0.025398122146725655,0.005215724464505911,0.14134543977469613,0.0,2,0.0,-0.7909965451439356,904396.8,9043968.0,2,,0,1368.6213892277524,0.0359375,4.2860665082931515,361.75434043148607,10,2
366.821387235225,2,1.0,0.0,0.0,0.0,0.0,0.0,0.0,0.0,100000000.0,0.0,0.0,0.0,0.0,0.23583333333333334,0.0,0.0,0.6,3.0,0.0,899.6594659984112,,1.2664808532336362,1.2664808532336362,26,0.0,366.821387235225,1.0,False,0.1827859175660866,1.683520515987638,0.1,8,1.7,2.7,0.1,2,184.74942334249718,0.0,0.4963504589114205,0.0054993657395243645,4.89599824504694e-05,-0.006545358602075224,-0.025398122146725655,0.005215724464505911,0.15468003803008792,0.0,2,0.0,-0.7246333853998614,778240.0,7782400.0,3,,0,1266.4808532336363,0.065625,4.2431950032711026,366.8213872352251,10,2
594.4242755729682,2,1.0,0.0,0.0,0.0,0.0,0.0,0.0,0.0,100000000.0,0.0,0.0,0.0,0.0,0.235,0.0,0.0,0.0,0.0,0.0,1125.6426651962101,,1.7200669407691782,1.7200669407691782,27,0.0,594.4242755729682,1.0,False,0.07473601283242348,0.34417205811550006,0.1,10,0.9,1.9,0.1,1,251.45842896390718,0.0,0.5769714675237223,0.0007521436782553792,4.3076441215816885e-05,-0.03216172028142383,-0.007839592173695564,0.0005559351993724704,0.3443701633508686,0.0,1,0.0,-0.8974014768008008,948633.6,9486336.0,1,,0,1720.0669407691782,0.0578125,4.172504407167435,594.4242755729682,10,1
283.4522775568609,2,1.0,0.0,0.0,0.0,0.0,0.0,0.0,0.0,100000000.0,0.0,0.0,0.0,0.0,0.23416666666666666,0.0,0.0,0.8,4.0,0.0,1026.9394470378757,,1.3103917245947367,1.3103917245947367,27,0.0,283.4522775568609,1.0,False,0.22565437185824,2.0783535712388743,0.1,9,1.3,2.3,0.1,2,194.02454418703994,0.0,0.315494848517778,0.0007521436782553792,5.915782367083011e-05,-0.0017582289043278077,-0.007839592173695564,0.0005559351993724704,0.08009750741185172,0.0,2,0.0,-0.7680230482264884,843776.0,8437760.0,2,,0,1310.3917245947368,0.0421875,4.268958979845047,283.45227755686096,10,2
324.214528385059,2,1.0,0.0,0.0,0.0,0.0,0.0,0.0,0.0,100000000.0,0.0,0.0,0.0,0.0,0.23333333333333334,0.0,0.0,0.0,0.0,0.0,1145.517983008176,,1.4697325113932351,1.4697325113932351,27,0.0,324.214528385059,1.0,False,0.06589216915936784,0.3034446529028048,0.1,10,1.8,2.8,0.1,1,197.4066749165273,0.0,0.3911232914211856,0.0007521436782553792,2.4614966605440713e-05,-0.004442233905279536,-0.007839592173695564,0.0005559351993724704,0.1273857653710268,0.0,1,0.0,-0.7678123402763015,838860.8,8388608.0,3,,0,1469.7325113932352,0.04375,4.187545907497406,324.21452838505905,10,1
327.9849446839396,2,1.0,0.0,0.0,0.0,0.0,0.0,0.0,0.0,100000000.0,0.0,0.0,0.0,0.0,0.23249999999999998,0.0,0.0,0.4,2.0,0.0,776.7174891196191,,1.0609232527440282,1.0609232527440282,28,0.0,327.9849446839396,1.0,False,0.17429669864129688,1.6053319201981031,0.1,7,1.2,2.2,0.1,2,237.1647252868203,0.0,0.27690362277036096,0.0004179241368547082,3.4099888580385596e-05,-0.0010074934702755112,-0.009545947425067425,0.00043305131839588284,0.06062726191685501,0.0,2,0.0,-0.6176099756926625,996147.2,9961472.0,1,,0,1060.923252744028,0.0734375,3.9784706950187685,327.98494468393966,10,2
365.32693250070525,2,1.0,0.0,0.0,0.0,0.0,0.0,0.0,0.0,100000000.0,0.0,0.0,0.0,0.0,0.23166666666666666,0.0,0.0,0.6,3.0,0.0,899.7446047142148,,1.2650715372149202,1.2650715372149202,28,0.0,365.32693250070525,1.0,False,0.14900006055682727,1.3723412731734423,0.1,8,1.3,2.3,0.1,2,229.35225381870202,0.0,0.3721999846856096,0.0004179241368547082,3.617614038375905e-05,-0.003592461311423989,-0.009545947425067425,0.00043305131839588284,0.11453787363995467,0.0,2,0.0,-0.7070357988858738,969932.8,9699328.0,2,,0,1265.0715372149202,0.053125,4.174062448740005,365.3269325007053,10,2
294.68346332317566,2,1.0,0.0,0.0,0.0,0.0,0.0,0.0,0.0,100000000.0,0.0,0.0,0.0,0.0,0.23083333333333333,0.0,0.0,0.8,4.0,0.0,955.3032331168652,,1.2499866964400408,1.2499866964400408,28,0.0,294.68346332317566,1.0,False,0.2667319601619867,2.456692141176289,0.1,9,1.3,2.3,0.1,2,188.82128555998548,0.0,0.3592403067663571,0.0004179241368547082,5.314193731464911e-05,-0.0028660683961325706,-0.009545947425067425,0.00043305131839588284,0.10228897730277593,0.0,2,0.0,-0.7583593283010137,869990.4,8699904.0,3,,0,1249.9866964400408,0.059375,4.146255099773407,294.68346332317566,10,2
297.8330593735994,2,1.0,0.0,0.0,0.0,0.0,0.0,0.0,0.0,100000000.0,0.0,0.0,0.0,0.0,0.22999999999999998,0.0,0.0,0.6,3.0,0.0,898.2370002195239,,1.1960700595931233,1.1960700595931233,29,0.0,297.8330593735994,1.0,False,0.19975943231166954,1.8398523641032136,0.1,8,1.3,2.3,0.1,2,192.07439845575965,0.0,0.3550937600421883,0.005482525564730167,0.00010272701729263645,-0.000751565676085808,-0.026139268651604652,0.0053180367685854435,0.05232443657329696,0.0,2,0.0,-0.6979147459523964,856883.2,8568832.0,1,,0,1196.0700595931232,0.05625,4.081723934412002,297.83305937359944,10,2
424.19572430047873,2,1.0,0.0,0.0,0.0,0.0,0.0,0.0,0.0,100000000.0,0.0,0.0,0.0,0.0,0.22916666666666666,0.0,0.0,0.8,4.0,0.0,1013.5409352369606,,1.4377366595374395,1.4377366595374395,29,0.0,424.19572430047873,1.0,False,0.20751856787913212,1.9113166436718505,0.1,9,1.6,2.6,0.1,2,227.8403943092471,0.0,0.46288851759416483,0.005482525564730167,0.0001595915891812183,-0.006836642359002776,-0.026139268651604652,0.0053180367685854435,0.15806290948050347,0.0,2,0.0,-0.8226276137082857,804454.4,8044544.0,2,,0,1437.7366595374394,0.034375,4.2443928003311155,424.1957243004788,10,2
235.63868962635348,2,1.0,0.0,0.0,0.0,0.0,0.0,0.0,0.0,100000000.0,0.0,0.0,0.0,0.0,0.22833333333333333,0.0,0.0,0.8,4.0,0.0,1011.4258998073637,,1.2470645894337173,1.2470645894337173,29,0.0,235.63868962635348,1.0,False,0.18857402690995917,1.7368309731549203,0.1,9,1.5,2.5,0.1,2,164.44862924805247,0.0,0.3021153295801523,0.005482525564730167,5.119814522913657e-05,-0.0012169753578673004,-0.026139268651604652,0.0053180367685854435,0.06663142162471143,0.0,2,0.0,-0.7178193081718383,804454.4,8044544.0,3,,0,1247.0645894337174,0.071875,4.158485609292984,235.6386896263535,10,2
441.71984675076806,2,1.0,0.0,0.0,0.0,0.0,0.0,0.0,0.0,100000000.0,0.0,0.0,0.0,0.0,0.22749999999999998,0.0,0.0,0.0,0.0,0.0,1134.03654191643,,1.5757563886671981,1.5757563886671981,30,0.0,441.71984675076806,1.0,False,0.07473601283242348,0.34417205811550006,0.1,10,1.5,2.5,0.1,1,256.86735352619627,0.0,0.4184835582650902,0.005481146275997162,3.405520328669809e-05,-0.009578729769906202,-0.024463973939418793,0.005345562472939491,0.18721826902287733,0.0,1,0.0,-0.8252462007498108,956825.6,9568256.0,1,0.03515625,0,1575.756388667198,0.0703125,4.07335786819458,441.71984675076817,10,1
1075.4747032492153,2,1.0,0.0,0.0,0.0,0.0,0.0,0.0,0.0,100000000.0,0.0,0.0,0.0,0.0,0.22666666666666666,0.0,0.0,0.8,4.0,0.0,1011.3313118927181,,2.086806015141933,2.086806015141933,30,0.0,1075.4747032492153,1.0,False,0.18762367076003547,1.728077869539522,0.1,9,0.9,1.9,0.1,2,297.9074010072214,0.0,0.7229991555290087,0.005481146275997162,4.8432411858811975e-05,-0.1272554036203407,-0.024463973939418793,0.005345562472939491,0.6966470278748131,0.0,2,0.0,-1.1372148429509843,948633.6,9486336.0,2,0.03515625,0,2086.806015141933,0.0578125,4.210324960947037,1075.4747032492153,10,2
278.1624802264919,2,1.0,0.0,0.0,0.0,0.0,0.0,0.0,0.0,100000000.0,0.0,0.0,0.0,0.0,0.22583333333333333,0.0,0.0,0.6,3.0,0.0,899.2594256997108,,1.1774219059262028,1.1774219059262028,30,0.0,278.1624802264919,1.0,False,0.1770109235365126,1.6303308553291314,0.1,8,1.0,2.0,0.1,2,221.20527865379623,0.0,0.20476234439065488,0.005481146275997162,3.99751679651672e-05,-0.0006561089398350872,-0.024463973939418793,0.005345562472939491,0.04891914283119202,0.0,2,0.0,-0.6772164147313577,1048576.0,10485760.0,3,0.03515625,0,1177.4219059262027,0.0953125,4.098644691705704,278.16248022649194,10,2
309.1319288168535,2,1.0,0.0,0.0,0.0,0.0,0.0,0.0,0.0,100000000.0,0.0,0.0,0.0,0.0,0.22499999999999998,0.0,0.0,0.0,0.0,0.0,1103.5154471173882,,1.4126473759342417,1.4126473759342417,31,0.0,309.1319288168535,1.0,False,0.07473601283242348,0.34417205811550006,0.1,10,1.9,2.9,0.1,1,192.65605900314364,0.0,0.3767836931613637,0.005556841846555471,4.301662920624949e-05,-0.00368378596034008,-0.030706796795129776,0.005506788846105337,0.1159854728626338,0.0,1,0.0,-0.7436916943833326,865075.2,8650752.0,1,,0,1412.6473759342416,0.0546875,4.264228320121765,309.13192881685353,10,1
703.5941330018885,2,1.0,0.0,0.0,0.0,0.0,0.0,0.0,0.0,100000000.0,0.0,0.0,0.0,0.0,0.22416666666666665,0.0,0.0,0.8,4.0,0.0,1013.2536143064499,,1.7168477473083386,1.7168477473083386,31,0.0,703.5941330018885,1.0,False,0.21337170106011874,1.9652259925112452,0.1,9,1.0,2.0,0.1,2,304.8611482791563,0.0,0.566708797046865,0.005556841846555471,4.7942387936927844e-05,-0.033285140152785664,-0.030706796795129776,0.005506788846105337,0.3504000212335044,0.0,2,0.0,-0.9651097241842287,1048576.0,10485760.0,2,,0,1716.8477473083385,0.0484375,4.328626942634583,703.5941330018886,10,2
456.2675442585792,2,1.0,0.0,0.0,0.0,0.0,0.0,0.0,0.0,100000000.0,0.0,0.0,0.0,0.0,0.22333333333333333,0.0,0.0,0.6,3.0,0.0,901.5926942229271,,1.3578602384815064,1.3578602384815064,31,0.0,456.2675442585792,1.0,False,0.16121179113234974,1.4848154683048729,0.1,8,1.7,2.7,0.1,2,224.990096282301,0.0,0.5068899834900529,0.005556841846555471,5.548364424612373e-05,-0.008510597134866571,-0.030706796795129776,0.005506788846105337,0.17643742251647013,0.0,2,0.0,-0.7595360148069281,904396.8,9043968.0,3,,0,1357.8602384815065,0.075,4.262719774246216,456.2675442585792,10,2
412.25197062458346,2,1.0,0.0,0.0,0.0,0.0,0.0,0.0,0.0,100000000.0,0.0,0.0,0.0,0.0,0.22249999999999998,0.0,0.0,0.2,1.0,0.0,663.8292777352035,,0.8944771989547387,0.8944771989547387,32,0.0,412.25197062458346,1.0,False,0.15233702973102445,1.4030758950785907,0.1,6,0.9,1.9,0.1,2,234.1143929515818,0.0,0.4321084927820086,0.00017880694940686226,4.511117731453851e-05,-0.001325665257789821,-0.004435081500560045,0.00037127366522327065,0.06954689455220109,0.0,2,0.0,-0.5234071143428816,948633.6,9486336.0,1,,0,894.4771989547387,0.065625,4.018271702528,412.25197062458346,10,2
283.2881438922022,2,1.0,0.0,0.0,0.0,0.0,0.0,0.0,0.0,100000000.0,0.0,0.0,0.0,0.0,0.22166666666666665,0.0,0.0,0.8,4.0,0.0,1010.2898199111223,,1.2594906826026966,1.2594906826026966,32,0.0,283.2881438922022,1.0,False,0.20998731228930423,1.9340546199809494,0.1,9,1.8,2.8,0.1,2,157.83398160717525,0.0,0.44285002740095336,0.00017880694940686226,4.125067971472163e-05,-0.0025441515294148953,-0.004435081500560045,0.00037127366522327065,0.09636986435380686,0.0,2,0.0,-0.7347389974460004,725811.2,7258112.0,2,,0,1259.4906826026966,0.053125,4.223384684324264,283.2881438922022,10,2
281.03899675611524,2,1.0,0.0,0.0,0.0,0.0,0.0,0.0,0.0,100000000.0,0.0,0.0,0.0,0.0,0.22083333333333333,0.0,0.0,0.0,0.0,0.0,1141.596312634647,,1.4226353093907622,1.4226353093907622,32,0.0,281.03899675611524,1.0,False,0.06589216915936784,0.3034446529028048,0.1,10,1.5,2.5,0.1,1,194.36952300380045,0.0,0.30838949310485303,0.00017880694940686226,2.4948738428065553e-05,-0.002118609375265923,-0.004435081500560045,0.00037127366522327065,0.08793733314167744,0.0,1,0.0,-0.7442637392750651,917504.0,9175040.0,3,,0,1422.6353093907621,0.05625,4.195947366952896,281.03899675611524,10,1
276.56840733950094,2,1.0,0.0,0.0,0.0,0.0,0.0,0.0,0.0,100000000.0,0.0,0.0,0.0,0.0,0.21999999999999997,0.0,0.0,0.6,3.0,0.0,907.6900030486286,,1.1842584103881295,1.1842584103881295,33,0.0,276.56840733950094,1.0,False,0.1998735955898269,1.8409038467530237,0.1,8,0.9,1.9,0.1,2,200.50651431980705,0.0,0.27502017946078805,0.005147862248122692,5.165028960618656e-05,-0.0011457515789701223,-0.025803208351135254,0.004997637588530779,0.06465082976352782,0.0,2,0.0,-0.6920660029889782,948633.6,9486336.0,1,,0,1184.2584103881295,0.05,4.099838268756867,276.568407339501,10,2
378.53278279741716,2,1.0,0.0,0.0,0.0,0.0,0.0,0.0,0.0,100000000.0,0.0,0.0,0.0,0.0,0.21916666666666668,0.0,0.0,0.6,3.0,0.0,903.3072800375521,,1.2431326753188237,1.2431326753188237,33,0.0,378.53278279741716,1.0,False,0.1466282106727606,1.3504957284299561,0.1,8,1.0,2.0,0.1,2,232.93193341410029,0.0,0.38464528305132134,0.005147862248122692,4.601056389219593e-05,-0.003665831238801376,-0.025803208351135254,0.004997637588530779,0.11570164716836065,0.0,2,0.0,-0.6948804429957921,948633.6,9486336.0,2,,0,1243.1326753188237,0.0546875,4.183947920799255,378.53278279741716,10,2
458.2637247766078,2,1.0,0.0,0.0,0.0,0.0,0.0,0.0,0.0,100000000.0,0.0,0.0,0.0,0.0,0.21833333333333332,0.0,0.0,0.8,4.0,0.0,1017.3910493031144,,1.4756547740797221,1.4756547740797221,33,0.0,458.2637247766078,1.0,False,0.20786792654025635,1.9145343558527026,0.1,9,0.9,1.9,0.1,2,182.1010868078748,0.0,0.6026281877391788,0.005147862248122692,9.332463196187746e-05,-0.014740746711811803,-0.025803208351135254,0.004997637588530779,0.2324447622989269,0.0,2,0.0,-0.8417613503099892,696320.0,6963200.0,3,,0,1475.654774079722,0.0625,4.175992321968079,458.2637247766078,10,2
306.6007008089554,2,1.0,0.0,0.0,0.0,0.0,0.0,0.0,0.0,100000000.0,0.0,0.0,0.0,0.0,0.21749999999999997,0.0,0.0,0.0,0.0,0.0,1134.8890382796526,,1.441489739088608,1.441489739088608,34,0.0,306.6007008089554,1.0,False,0.07473601283242348,0.34417205811550006,0.1,10,1.7,2.7,0.1,1,161.68185750780378,0.0,0.4726631182472455,0.0003652536543086171,5.680144386133179e-05,-0.005765714606839001,-0.011677331291139126,0.0004834570281673223,0.14515527355732546,0.0,1,0.0,-0.7581128759605157,765132.8,7651328.0,1,,0,1441.4897390886078,0.065625,4.106514006853104,306.6007008089554,10,1
699.3187859919237,2,1.0,0.0,0.0,0.0,0.0,0.0,0.0,0.0,100000000.0,0.0,0.0,0.0,0.0,0.21666666666666667,0.0,0.0,0.4,2.0,0.0,783.1373447552323,,1.4824561307471562,1.4824561307471562,34,0.0,699.3187859919237,1.0,False,0.12292408922524103,1.1321727016796401,0.1,7,0.9,1.9,0.1,2,280.76108367547494,0.0,0.5985220341575131,0.0003652536543086171,4.81613606098108e-05,-0.021171267040403674,-0.011677331291139126,0.0004834570281673223,0.2788795308714366,0.0,2,0.0,-0.8026901099861986,948633.6,9486336.0,2,,0,1482.4561307471563,0.065625,4.188385850191116,699.318785991924,10,2
315.2770686155522,2,1.0,0.0,0.0,0.0,0.0,0.0,0.0,0.0,100000000.0,0.0,0.0,0.0,0.0,0.21583333333333332,0.0,0.0,0.8,4.0,0.0,1012.3112420551479,,1.3275883106707,1.3275883106707,34,0.0,315.2770686155522,1.0,False,0.22322224278790942,2.0559528346725515,0.1,9,2.1,3.1,0.1,2,180.55872640025103,0.0,0.427301429840355,0.0003652536543086171,7.865479892643634e-05,-0.004539024629051147,-0.011677331291139126,0.0004834570281673223,0.12875948561109052,0.0,2,0.0,-0.7754052767293047,786432.0,7864320.0,3,,0,1327.5883106707001,0.059375,4.239794802665711,315.2770686155522,10,2
495.95923716364376,2,1.0,0.0,0.0,0.0,0.0,0.0,0.0,0.0,100000000.0,0.0,0.0,0.0,0.0,0.21499999999999997,0.0,0.0,0.6,3.0,0.0,896.8500629998744,,1.1643419051089565,1.1643419051089565,35,0.0,495.95923716364376,1.0,False,0.17978958033619435,1.6559232302311062,0.1,8,0.9,1.9,0.1,2,232.59643719119168,0.0,0.5310170276868025,0.0002279494219692424,6.259243127715308e-05,-0.00187552801410934,-0.004859565757215023,0.0002589857904240489,0.08272737123794716,0.0,2,0.0,-0.6720657427225755,948633.6,9486336.0,1,,0,1164.3419051089566,0.0484375,4.052584481239319,495.95923716364376,10,2
2795.6331945425286,2,1.0,0.0,0.0,0.0,0.0,0.0,0.0,0.0,100000000.0,0.0,0.0,0.0,0.0,0.21416666666666667,0.0,0.0,0.0,0.0,0.0,1111.7809261195362,,3.9074141206620654,3.9074141206620654,35,0.0,2795.6331945425286,1.0,False,0.050514811034773385,0.23262930172816065,0.1,10,0.8,1.8,0.1,1,452.9257652003289,0.0,0.8379881287414587,0.0002279494219692424,4.4950953451916575e-05,-0.8872958113011413,-0.004859565757215023,0.0002589857904240489,2.346133036392596,0.0,1,0.0,-1.9789644658484193,848691.2,8486912.0,2,,0,3907.414120662065,0.059375,4.221461242437362,2795.633194542529,10,1
346.83239652597445,2,1.0,0.0,0.0,0.0,0.0,0.0,0.0,0.0,100000000.0,0.0,0.0,0.0,0.0,0.21333333333333332,0.0,0.0,0.6,3.0,0.0,898.6363620497286,,1.2454687585757032,1.2454687585757032,35,0.0,346.83239652597445,1.0,False,0.16420849625136097,1.5124161424454097,0.1,8,1.1,2.1,0.1,2,195.1246213603185,0.0,0.4374094712178781,0.0002279494219692424,4.440199882083107e-05,-0.004035680392360186,-0.004859565757215023,0.0002589857904240489,0.121406141405989,0.0,2,0.0,-0.7048386274135321,896204.8,8962048.0,3,,0,1245.468758575703,0.04375,4.145642858743668,346.83239652597445,10,2
255.79025335393567,2,1.0,0.0,0.0,0.0,0.0,0.0,0.0,0.0,100000000.0,0.0,0.0,0.0,0.0,0.2125,0.0,0.0,0.0,0.0,0.0,1130.0273030065,,1.3858175563604356,1.3858175563604356,36,0.0,255.79025335393567,1.0,False,0.07473601283242348,0.34417205811550006,0.1,10,1.6,2.6,0.1,1,159.56883414104936,0.0,0.3761731260328564,0.004958366043865681,4.5129869249649346e-05,-0.002625778929333855,-0.022555038332939148,0.004804719239473343,0.09790440063842533,0.0,1,0.0,-0.7302767845964295,778240.0,7782400.0,1,,0,1385.8175563604357,0.0578125,4.067764830589295,255.79025335393564,10,1
489.11428270250764,2,1.0,0.0,0.0,0.0,0.0,0.0,0.0,0.0,100000000.0,0.0,0.0,0.0,0.0,0.21166666666666667,0.0,0.0,0.2,1.0,0.0,671.808771789074,,1.0033987317139,1.0033987317139,36,0.0,489.11428270250764,1.0,False,0.11991495070048781,1.1044575116402366,0.1,6,0.9,1.9,0.1,2,253.19922797907134,0.0,0.48233115054406644,0.004958366043865681,4.25776179326931e-05,-0.0054737184408903405,-0.022555038332939148,0.004804719239473343,0.1414267958431091,0.0,2,0.0,-0.5616568412071938,948633.6,9486336.0,2,,0,1003.3987317138999,0.1046875,4.03835084438324,489.1142827025076,10,2
314.38495837361364,2,1.0,0.0,0.0,0.0,0.0,0.0,0.0,0.0,100000000.0,0.0,0.0,0.0,0.0,0.21083333333333332,0.0,0.0,0.6,3.0,0.0,901.0723009705544,,1.1575061529072668,1.1575061529072668,36,0.0,314.38495837361364,1.0,False,0.20236118182281676,1.8638153626635021,0.1,8,1.2,2.2,0.1,2,193.62758772262526,0.0,0.3841067055997026,0.004958366043865681,5.1682691264431924e-05,-0.001590207830441559,-0.022555038332939148,0.004804719239473343,0.07617342231365583,0.0,2,0.0,-0.6799336673650418,869990.4,8699904.0,3,,0,1157.5061529072668,0.0734375,4.039453190565109,314.38495837361364,10,2
319.6715721145356,2,1.0,0.0,0.0,0.0,0.0,0.0,0.0,0.0,100000000.0,0.0,0.0,0.0,0.0,0.21,0.0,0.0,0.6,3.0,0.0,897.0453506335616,,1.1263108228350287,1.1263108228350287,37,0.0,319.6715721145356,1.0,False,0.1876376125503313,1.7282062781735412,0.1,8,1.2,2.2,0.1,2,181.00790892745547,0.0,0.433769140839956,0.004882993176579475,4.866057133767754e-05,-0.0013003140858415252,-0.023781871423125267,0.0047033377923071384,0.06887732786272831,0.0,2,0.0,-0.65697421769268,869990.4,8699904.0,1,,0,1126.3108228350286,0.0734375,3.9784519374370575,319.6715721145356,10,2
335.4178599479454,2,1.0,0.0,0.0,0.0,0.0,0.0,0.0,0.0,100000000.0,0.0,0.0,0.0,0.0,0.20916666666666667,0.0,0.0,0.8,4.0,0.0,1015.3961610049009,,1.3508140209528463,1.3508140209528463,37,0.0,335.4178599479454,1.0,False,0.21776991759655975,2.005735063841521,0.1,9,1.1,2.1,0.1,2,199.15697734011218,0.0,0.4062421799154642,0.004882993176579475,5.3090752771822736e-05,-0.004067627015423236,-0.023781871423125267,0.0047033377923071384,0.12188500514855297,0.0,2,0.0,-0.784291969274703,896204.8,8962048.0,2,,0,1350.8140209528462,0.059375,4.126056551933289,335.4178599479454,10,2
404.81112600681365,2,1.0,0.0,0.0,0.0,0.0,0.0,0.0,0.0,100000000.0,0.0,0.0,0.0,0.0,0.20833333333333331,0.0,0.0,0.8,4.0,0.0,1010.6416805647314,,1.415452806571545,1.415452806571545,37,0.0,404.81112600681365,1.0,False,0.2667319601619867,2.456692141176289,0.1,9,1.6,2.6,0.1,2,201.70868942384104,0.0,0.5017214783260528,0.004882993176579475,8.800328032521065e-05,-0.010043782352800068,-0.023781871423125267,0.0047033377923071384,0.191717291701812,0.0,2,0.0,-0.8410923833667658,804454.4,8044544.0,3,,0,1415.4528065715451,0.0578125,4.0434875845909115,404.8111260068137,10,2
244.9810860350792,2,1.0,0.0,0.0,0.0,0.0,0.0,0.0,0.0,100000000.0,0.0,0.0,0.0,0.0,0.2075,0.0,0.0,0.2,1.0,0.0,667.2226451337337,,0.9122037311688129,0.9122037311688129,38,0.0,244.9810860350792,1.0,False,0.1571942864476516,1.4478128827127943,0.1,6,1.2,2.2,0.1,2,182.82025859988963,0.0,0.2537372514802578,0.00025713525246828794,4.0130179513653275e-05,-0.0010945995456082547,-0.00686084246262908,0.0003226029803045094,0.06319361801881467,0.0,2,0.0,-0.5346990088082323,869990.4,8699904.0,1,,0,912.203731168813,0.084375,3.9103974044322967,244.98108603507916,10,2
427.7309948399639,2,1.0,0.0,0.0,0.0,0.0,0.0,0.0,0.0,100000000.0,0.0,0.0,0.0,0.0,0.20666666666666667,0.0,0.0,0.6,3.0,0.0,899.2215469479561,,1.32695254178792,1.32695254178792,38,0.0,427.7309948399639,1.0,False,0.1431317873342718,1.318292479397953,0.1,8,1.0,2.0,0.1,2,237.29172179681078,0.0,0.44523140791890997,0.00025713525246828794,5.7842426031129435e-05,-0.006084494148337005,-0.00686084246262908,0.0003226029803045094,0.14912205897695943,0.0,2,0.0,-0.7350421645610958,948633.6,9486336.0,2,,0,1326.95254178792,0.0609375,4.163116538524628,427.73099483996396,10,2
308.24387945869023,2,1.0,0.0,0.0,0.0,0.0,0.0,0.0,0.0,100000000.0,0.0,0.0,0.0,0.0,0.2058333333333333,0.0,0.0,0.8,4.0,0.0,1015.1765369810164,,1.2773659704987614,1.2773659704987614,38,0.0,308.24387945869023,1.0,False,0.2271527754566524,2.0921543783948464,0.1,9,1.4,2.4,0.1,2,187.75104154041293,0.0,0.390900990896805,0.00025713525246828794,4.830370380659588e-05,-0.0017240863998739808,-0.00686084246262908,0.0003226029803045094,0.07931832158560662,0.0,2,0.0,-0.752259372977707,817561.6,8175616.0,3,,0,1277.3659704987615,0.084375,4.022438269853592,308.24387945869023,10,2
280.68336551353616,2,1.0,0.0,0.0,0.0,0.0,0.0,0.0,0.0,100000000.0,0.0,0.0,0.0,0.0,0.205,0.0,0.0,0.4,2.0,0.0,781.5022389404476,,1.0621856044539837,1.0621856044539837,39,0.0,280.68336551353616,1.0,False,0.1488635917453767,1.3710843489698235,0.1,7,1.6,2.6,0.1,2,197.33442816301059,0.0,0.29695004261485536,0.01212273444980383,3.329106493765721e-05,-0.0010907435204363658,-0.0344836562871933,0.012354954145848751,0.06308374602649634,0.0,2,0.0,-0.6055245980996802,891289.6,8912896.0,1,,0,1062.1856044539836,0.0578125,4.026455134153366,280.68336551353616,10,2
307.14792339620294,2,1.0,0.0,0.0,0.0,0.0,0.0,0.0,0.0,100000000.0,0.0,0.0,0.0,0.0,0.20416666666666666,0.0,0.0,0.6,3.0,0.0,871.3193172588944,,1.1784672406550973,1.1784672406550973,39,0.0,307.14792339620294,1.0,False,0.1434038439817492,1.3207982137216787,0.1,8,1.9,2.9,0.1,2,196.54836899917183,0.0,0.3600856329227534,0.01212273444980383,5.5165028243209235e-05,-0.003190647098004762,-0.0344836562871933,0.012354954145848751,0.10793175608899645,0.0,2,0.0,-0.6609355423184233,825753.6,8257536.0,2,,0,1178.4672406550974,0.096875,4.147022831439972,307.14792339620294,10,2
319.43118314960435,2,1.0,0.0,0.0,0.0,0.0,0.0,0.0,0.0,100000000.0,0.0,0.0,0.0,0.0,0.2033333333333333,0.0,0.0,0.8,4.0,0.0,1008.195080794394,,1.3276262639439984,1.3276262639439984,39,0.0,319.43118314960435,1.0,False,0.21118485876807022,1.9450844306616457,0.1,9,1.6,2.6,0.1,2,210.7884523661958,0.0,0.34011310264760886,0.01212273444980383,4.374393756734207e-05,-0.0018794703850276706,-0.0344836562871933,0.012354954145848751,0.0828191930443398,0.0,2,0.0,-0.7694055613560343,891289.6,8912896.0,3,,0,1327.6262639439983,0.0953125,4.076804733276367,319.43118314960435,10,2
558.5020410842816,2,1.0,0.0,0.0,0.0,0.0,0.0,0.0,0.0,100000000.0,0.0,0.0,0.0,0.0,0.20249999999999999,0.0,0.0,0.6,3.0,0.0,898.0281800031662,,1.4565302210874478,1.4565302210874478,40,0.0,558.5020410842816,1.0,False,0.17314862364766678,1.5947577587342154,0.1,8,1.8,2.8,0.1,2,230.98273394829738,0.0,0.5864245482436105,0.012018769048154354,3.611202737374697e-05,-0.01820795312251766,-0.03680303320288658,0.012294426560401917,0.2584979175714619,0.0,2,0.0,-0.8148394223675572,838860.8,8388608.0,1,0.040625,0,1456.530221087448,0.0890625,3.916576486825943,558.5020410842817,10,2
350.0148387975829,2,1.0,0.0,0.0,0.0,0.0,0.0,0.0,0.0,100000000.0,0.0,0.0,0.0,0.0,0.20166666666666666,0.0,0.0,0.4,2.0,0.0,787.4693567864597,,1.1374841955840427,1.1374841955840427,40,0.0,350.0148387975829,1.0,False,0.1214863650529077,1.1189307726914324,0.1,7,1.7,2.7,0.1,2,228.92699959116183,0.0,0.34595058775907317,0.012018769048154354,4.96044540341245e-05,-0.003801039632010672,-0.03680303320288658,0.012294426560401917,0.11781827338788545,0.0,2,0.0,-0.6294852803184752,878182.4,8781824.0,2,0.040625,0,1137.4841955840427,0.0671875,4.134161680936813,350.01483879758297,10,2
443.1238023580824,2,1.0,0.0,0.0,0.0,0.0,0.0,0.0,0.0,100000000.0,0.0,0.0,0.0,0.0,0.2008333333333333,0.0,0.0,0.6,3.0,0.0,895.8466751500964,,1.1686971336394203,1.1686971336394203,40,0.0,443.1238023580824,1.0,False,0.18434378262947274,1.6978689834750347,0.1,8,1.2,2.2,0.1,2,232.43508695458368,0.0,0.4754624199429576,0.012018769048154354,4.676728531194385e-05,-0.0015434566609715539,-0.03680303320288658,0.012294426560401917,0.07504583866758158,0.0,2,0.0,-0.6765204581344465,996147.2,9961472.0,3,0.040625,0,1168.6971336394204,0.071875,4.0609965324401855,443.1238023580824,10,2
1025.484086347715,2,1.0,0.0,0.0,0.0,0.0,0.0,0.0,0.0,100000000.0,0.0,0.0,0.0,0.0,0.19999999999999998,0.0,0.0,0.8,4.0,0.0,999.2677951231599,,2.024751881470875,2.024751881470875,41,0.0,1025.484086347715,1.0,False,0.25297861569434227,2.3300191573762485,0.1,9,1.3,2.3,0.1,2,302.9132282431767,0.0,0.7046144037963483,0.0005768391420133412,6.497605863842182e-05,-0.10393273282874493,-0.010865025222301483,0.0006006057374179363,0.6269079368237583,0.0,2,0.0,-1.1388652485826087,969932.8,9699328.0,1,,0,2024.751881470875,0.0796875,4.225426864624024,1025.484086347715,10,2
385.87839463842295,2,1.0,0.0,0.0,0.0,0.0,0.0,0.0,0.0,100000000.0,0.0,0.0,0.0,0.0,0.19916666666666666,0.0,0.0,0.8,4.0,0.0,990.1065449230373,,1.3759849395614603,1.3759849395614603,41,0.0,385.87839463842295,1.0,False,0.18762367076003547,1.728077869539522,0.1,9,2.1,3.1,0.1,2,204.06981075269778,0.0,0.4711551266198359,0.0005768391420133412,4.402122613100801e-05,-0.006384282538796748,-0.010865025222301483,0.0006006057374179363,0.15276131165274398,0.0,2,0.0,-0.7818043051607478,799539.2,7995392.0,2,,0,1375.9849395614604,0.053125,4.286405909061432,385.87839463842295,10,2
368.76997834367955,2,1.0,0.0,0.0,0.0,0.0,0.0,0.0,0.0,100000000.0,0.0,0.0,0.0,0.0,0.1983333333333333,0.0,0.0,0.8,4.0,0.0,1019.0114672295749,,1.3877814455732544,1.3877814455732544,41,0.0,368.76997834367955,1.0,False,0.21118485876807022,1.9450844306616457,0.1,9,2.1,3.1,0.1,2,185.3555021058445,0.0,0.4973682431027499,0.0005768391420133412,5.5013100791256875e-05,-0.006590423381645616,-0.010865025222301483,0.0006006057374179363,0.15521198866746627,0.0,2,0.0,-0.7994831521706623,786432.0,7864320.0,3,,0,1387.7814455732544,0.0609375,4.199121886491776,368.76997834367955,10,2
2837.57437904613,2,1.0,0.0,0.0,0.0,0.0,0.0,0.0,0.0,100000000.0,0.0,0.0,0.0,0.0,0.1975,0.0,0.0,0.4,2.0,0.0,781.643474008888,,3.6192178530550185,3.6192178530550185,42,0.0,2837.57437904613,1.0,False,0.15688043108274088,1.4449221679743958,0.1,7,1.4,2.4,0.1,2,469.4624159028929,0.0,0.8345550272198659,0.0004144242266193032,3.3873069696710445e-05,-0.5399996603011954,-0.01105397380888462,0.0007640828844159842,1.5764752036530258,0.0,2,0.0,-1.8880491420688796,969932.8,9699328.0,1,,0,3619.2178530550186,0.075,3.9411967396736145,2837.5743790461306,10,2
316.07252823530257,2,1.0,0.0,0.0,0.0,0.0,0.0,0.0,0.0,100000000.0,0.0,0.0,0.0,0.0,0.19666666666666666,0.0,0.0,0.4,2.0,0.0,784.6126570366323,,1.0875498199878044,1.0875498199878044,42,0.0,316.07252823530257,1.0,False,0.12764609589043185,1.1756639903047876,0.1,7,1.0,2.0,0.1,2,218.47836398210478,0.0,0.30877142280629677,0.0004144242266193032,3.906877100234851e-05,-0.002210334399987246,-0.01105397380888462,0.0007640828844159842,0.08982020279398222,0.0,2,0.0,-0.6075979579391182,948633.6,9486336.0,2,,0,1087.5498199878043,0.0671875,4.116302561759949,316.0725282353026,10,2
544.7717248449151,2,1.0,0.0,0.0,0.0,0.0,0.0,0.0,0.0,100000000.0,0.0,0.0,0.0,0.0,0.1958333333333333,0.0,0.0,0.4,2.0,0.0,782.7186430804431,,1.3274903679253582,1.3274903679253582,42,0.0,544.7717248449151,1.0,False,0.15740725448591847,1.449774390833584,0.1,7,1.8,2.8,0.1,2,171.9951744636139,0.0,0.684280283613146,0.0004144242266193032,4.44838387920754e-05,-0.02448361764404211,-0.01105397380888462,0.0007640828844159842,0.30007204802777016,0.0,2,0.0,-0.7424488112056383,599654.4,5996544.0,3,,0,1327.4903679253582,0.0875,4.041098999977112,544.7717248449152,10,2
288.4666674245939,2,1.0,0.0,0.0,0.0,0.0,0.0,0.0,0.0,100000000.0,0.0,0.0,0.0,0.0,0.195,0.0,0.0,0.8,4.0,0.0,1006.248477846384,,1.2157241685266915,1.2157241685266915,43,0.0,288.4666674245939,1.0,False,0.23568437247233914,2.1707332908258574,0.1,9,1.4,2.4,0.1,2,141.97708453161874,0.0,0.5078215247564711,0.006266609765589237,6.116148688306566e-05,-0.0015614789953705133,-0.008015044033527374,0.0004464630619622767,0.07547888140854579,0.0,2,0.0,-0.7257042704995154,691404.8,6914048.0,1,,0,1215.7241685266915,0.084375,3.95733385682106,288.4666674245939,10,2
391.25143037689816,2,1.0,0.0,0.0,0.0,0.0,0.0,0.0,0.0,100000000.0,0.0,0.0,0.0,0.0,0.19416666666666665,0.0,0.0,0.6,3.0,0.0,888.1499147973955,,1.2794013451742936,1.2794013451742936,43,0.0,391.25143037689816,1.0,False,0.14966617392428225,1.3784764040140258,0.1,8,1.8,2.8,0.1,2,203.66777520676592,0.0,0.47944528915697554,0.006266609765589237,4.219529728288762e-05,-0.0060043484419784465,-0.008015044033527374,0.0004464630619622767,0.1481367509226596,0.0,2,0.0,-0.7145337595492879,878182.4,8781824.0,2,,0,1279.4013451742935,0.065625,4.114822858572007,391.25143037689816,10,2
290.92674770430216,2,1.0,0.0,0.0,0.0,0.0,0.0,0.0,0.0,100000000.0,0.0,0.0,0.0,0.0,0.1933333333333333,0.0,0.0,0.8,4.0,0.0,1010.6885321438313,,1.3016152798481335,1.3016152798481335,43,0.0,290.92674770430216,1.0,False,0.2643251621879603,2.4345247126289236,0.1,9,1.3,2.3,0.1,2,218.93825790925862,0.0,0.24744541491321587,0.006266609765589237,6.333070359687554e-05,-0.001276992752066386,-0.008015044033527374,0.0004464630619622767,0.0682516622277078,0.0,2,0.0,-0.7829702210180469,969932.8,9699328.0,3,,0,1301.6152798481335,0.0875,4.0039128243923185,290.92674770430216,10,2
388.3985547275183,2,1.0,0.0,0.0,0.0,0.0,0.0,0.0,0.0,100000000.0,0.0,0.0,0.0,0.0,0.1925,0.0,0.0,0.0,0.0,0.0,1121.4649630710483,,1.5098635177985664,1.5098635177985664,44,0.0,388.3985547275183,1.0,False,0.07473601283242348,0.34417205811550006,0.1,10,1.6,2.6,0.1,1,238.83598595755248,0.0,0.38507498792031214,0.016190335154533386,2.649546877364628e-05,-0.00612432351365666,-0.058964427560567856,0.017335187643766403,0.14961391816874486,0.0,1,0.0,-0.792299765315495,891289.6,8912896.0,1,,0,1509.8635177985664,0.071875,3.987966203689575,388.3985547275183,10,1
428.3520499643413,2,1.0,0.0,0.0,0.0,0.0,0.0,0.0,0.0,100000000.0,0.0,0.0,0.0,0.0,0.19166666666666665,0.0,0.0,0.0,0.0,0.0,1141.4440823718905,,1.569796132336232,1.569796132336232,44,0.0,428.3520499643413,1.0,False,0.050514811034773385,0.23262930172816065,0.1,10,1.6,2.6,0.1,1,202.81283222088672,0.0,0.5265276955304168,0.016190335154533386,3.169840420014225e-05,-0.014156916404906017,-0.058964427560567856,0.017335187643766403,0.22777921197254095,0.0,1,0.0,-0.8101554716855026,817561.6,8175616.0,2,,0,1569.796132336232,0.06875,4.114684653282166,428.3520499643414,10,1
393.0649730395991,2,1.0,0.0,0.0,0.0,0.0,0.0,0.0,0.0,100000000.0,0.0,0.0,0.0,0.0,0.19083333333333333,0.0,0.0,0.0,0.0,0.0,1149.4925781153142,,1.5425575511549132,1.5425575511549132,44,0.0,393.0649730395991,1.0,False,0.06589216915936784,0.3034446529028048,0.1,10,1.8,2.8,0.1,1,220.01964229439736,0.0,0.4402461237057834,0.016190335154533386,2.503893119865097e-05,-0.008182330719864794,-0.058964427560567856,0.017335187643766403,0.17299442375673912,0.0,1,0.0,-0.8042248601571406,891289.6,8912896.0,3,,0,1542.5575511549132,0.0890625,4.01982404589653,393.06497303959907,10,1
86.60228591376674,2,1.0,0.0,0.0,0.0,0.0,0.0,0.0,0.0,100000000.0,0.0,0.0,0.0,0.0,0.19,0.0,0.0,0.8,4.0,0.0,1013.2438708096743,,1.099846156723441,1.099846156723441,45,0.0,86.60228591376674,1.0,False,0.21353435481492822,1.9667240889558204,0.1,9,4.0,5.0,0.1,2,58.02143464124258,0.0,0.3300242132290044,0.011676983907818794,4.381173766887514e-05,-0.0001968026966924774,-0.033306289464235306,0.01223277673125267,0.026779271214819246,0.0,2,0.0,-0.6566902557691846,262144.0,2621440.0,1,,0,1099.846156723441,0.0859375,3.975538969039917,86.60228591376675,10,2
112.33926338507719,2,1.0,0.0,0.0,0.0,0.0,0.0,0.0,0.0,100000000.0,0.0,0.0,0.0,0.0,0.18916666666666665,0.0,0.0,0.0,0.0,0.0,1139.4179379567504,,1.2517572013418277,1.2517572013418277,45,0.0,112.33926338507719,1.0,False,0.050514811034773385,0.23262930172816065,0.1,10,3.9,4.9,0.1,1,63.46026347885586,0.0,0.43510165932523165,0.011676983907818794,2.4150542230927385e-05,-0.0006756573925618126,-0.033306289464235306,0.01223277673125267,0.049646998818379875,0.0,1,0.0,-0.6511360061883005,288358.4,2883584.0,2,,0,1251.7572013418276,0.06875,4.117054140567779,112.33926338507719,10,1
416.48028818363196,2,1.0,0.0,0.0,0.0,0.0,0.0,0.0,0.0,100000000.0,0.0,0.0,0.0,0.0,0.18833333333333332,0.0,0.0,0.8,4.0,0.0,1019.2818990908563,,1.4357621872744883,1.4357621872744883,45,0.0,416.48028818363196,1.0,False,0.20786792654025635,1.9145343558527026,0.1,9,3.3,4.3,0.1,2,87.88538641801638,0.0,0.7889806818918006,0.011676983907818794,6.652180309174582e-05,-0.02313968695528934,-0.033306289464235306,0.01223277673125267,0.2916519127038909,0.0,2,0.0,-0.8218150569073723,319488.0,3194880.0,3,,0,1435.7621872744883,0.1015625,4.145014405250549,416.480288183632,10,2
85.5771725056248,2,1.0,0.0,0.0,0.0,0.0,0.0,0.0,0.0,100000000.0,0.0,0.0,0.0,0.0,0.1875,0.0,0.0,0.0,0.0,0.0,1125.238177832216,,1.210815350337841,1.210815350337841,46,0.0,85.5771725056248,1.0,False,0.07473601283242348,0.34417205811550006,0.1,10,4.1,5.1,0.1,1,58.02117148112659,0.0,0.3220017700711835,0.0013820163439959288,4.618741513695568e-05,-0.0002252405242584854,-0.009439820423722267,0.0002104994055116549,0.02864938337110583,0.0,1,0.0,-0.6427756815851322,249036.8,2490368.0,1,,0,1210.815350337841,0.059375,3.937808245420456,85.57717250562482,10,1
68.38967215634315,2,1.0,0.0,0.0,0.0,0.0,0.0,0.0,0.0,100000000.0,0.0,0.0,0.0,0.0,0.18666666666666665,0.0,0.0,0.6,3.0,0.0,902.3725939914584,,0.9707622661478016,0.9707622661478016,46,0.0,68.38967215634315,1.0,False,0.14345947656711203,1.3213106087686433,0.1,8,4.1,5.1,0.1,2,49.548395090723766,0.0,0.2754988651290363,0.0013820163439959288,4.7526271373499185e-05,-7.168698786302885e-05,-0.009439820423722267,0.0002104994055116549,0.016142660361775522,0.0,2,0.0,-0.5571108713574568,249036.8,2490368.0,2,,0,970.7622661478016,0.065625,4.156555896997451,68.38967215634315,10,2
79.45688445516178,2,1.0,0.0,0.0,0.0,0.0,0.0,0.0,0.0,100000000.0,0.0,0.0,0.0,0.0,0.18583333333333332,0.0,0.0,0.0,0.0,0.0,1141.7393214069307,,1.2211962058620924,1.2211962058620924,46,0.0,79.45688445516178,1.0,False,0.06589216915936784,0.3034446529028048,0.1,10,4.0,5.0,0.1,1,57.85368482264724,0.0,0.2718858130500375,0.0013820163439959288,2.462456359353382e-05,-0.0001425525120106741,-0.009439820423722267,0.0002104994055116549,0.02279805587664152,0.0,1,0.0,-0.6435441875107302,262144.0,2621440.0,3,,0,1221.1962058620925,0.0953125,4.056420826911927,79.45688445516178,10,1
236.39835813582565,2,1.0,0.0,0.0,0.0,0.0,0.0,0.0,0.0,100000000.0,0.0,0.0,0.0,0.0,0.185,0.0,0.0,0.0,0.0,0.0,1126.2303916737437,,1.3626287498095695,1.3626287498095695,47,0.0,236.39835813582565,1.0,False,0.07473601283242348,0.34417205811550006,0.1,10,3.8,4.8,0.1,1,74.3973352024949,0.0,0.6852882744653033,0.015629896894097328,2.6590427296468988e-05,-0.0071810439755163324,-0.057304952293634415,0.016206158325076103,0.16203691864875946,0.0,1,0.0,-0.7186823813209965,340787.2,3407872.0,1,,0,1362.6287498095694,0.0625,3.991758131980896,236.39835813582567,10,1
97.05927364708623,2,1.0,0.0,0.0,0.0,0.0,0.0,0.0,0.0,100000000.0,0.0,0.0,0.0,0.0,0.18416666666666665,0.0,0.0,0.0,0.0,0.0,1145.293896086514,,1.2423531697336003,1.2423531697336003,47,0.0,97.05927364708623,1.0,False,0.050514811034773385,0.23262930172816065,0.1,10,3.6,4.6,0.1,1,63.71057734218885,0.0,0.3435910351663602,0.015629896894097328,4.946279295836575e-05,-0.00020886661057534228,-0.057304952293634415,0.016206158325076103,0.02758492929195781,0.0,1,0.0,-0.6464339903841868,240844.8,2408448.0,2,,0,1242.3531697336002,0.0703125,4.109044271707535,97.05927364708623,10,1
57.60292415381693,2,1.0,0.0,0.0,0.0,0.0,0.0,0.0,0.0,100000000.0,0.0,0.0,0.0,0.0,0.18333333333333332,0.0,0.0,0.0,0.0,0.0,1140.1386219076812,,1.1977415460614982,1.1977415460614982,47,0.0,57.60292415381693,1.0,False,0.06589216915936784,0.3034446529028048,0.1,10,4.0,5.0,0.1,1,50.98036164729037,0.0,0.1149692069250225,0.015629896894097328,2.5134140742011368e-05,-1.4382902706500111e-05,-0.057304952293634415,0.016206158325076103,0.007225655489382287,0.0,1,0.0,-0.631816857610433,262144.0,2621440.0,3,,0,1197.7415460614982,0.0703125,4.0884618878364565,57.60292415381693,10,1
87.86286954880389,2,1.0,0.0,0.0,0.0,0.0,0.0,0.0,0.0,100000000.0,0.0,0.0,0.0,0.0,0.1825,0.0,0.0,0.0,0.0,0.0,1131.055819336325,,1.2189186888851289,1.2189186888851289,48,0.0,87.86286954880389,1.0,False,0.07473601283242348,0.34417205811550006,0.1,10,3.9,4.9,0.1,1,63.82207321276091,0.0,0.2736172453676736,0.005479137878865004,2.3779095499776304e-05,-0.0001731573465775238,-0.022339176386594772,0.004928914830088615,0.025127923070790825,0.0,1,0.0,-0.6468273508587762,288358.4,2883584.0,1,,0,1218.9186888851289,0.0796875,3.834276205301285,87.86286954880389,10,1
79.22301235529844,2,1.0,0.0,0.0,0.0,0.0,0.0,0.0,0.0,100000000.0,0.0,0.0,0.0,0.0,0.18166666666666664,0.0,0.0,0.0,0.0,0.0,1144.3372932262719,,1.2235603055815703,1.2235603055815703,48,0.0,79.22301235529844,1.0,False,0.050514811034773385,0.23262930172816065,0.1,10,4.0,5.0,0.1,1,59.119668727200114,0.0,0.25375636485443254,0.005479137878865004,2.5894607460941188e-05,-0.0001050784124158044,-0.022339176386594772,0.004928914830088615,0.01957103172758743,0.0,1,0.0,-0.6370375583081718,262144.0,2621440.0,2,,0,1223.5603055815702,0.0671875,4.140735822916031,79.22301235529844,10,1
242.39193603981641,2,1.0,0.0,0.0,0.0,0.0,0.0,0.0,0.0,100000000.0,0.0,0.0,0.0,0.0,0.18083333333333332,0.0,0.0,0.0,0.0,0.0,1146.1899671703577,,1.388581903210174,1.388581903210174,48,0.0,242.39193603981641,1.0,False,0.06589216915936784,0.3034446529028048,0.1,10,3.3,4.3,0.1,1,81.8623641185749,0.0,0.6622727411809285,0.005479137878865004,4.1331495594931766e-05,-0.0073060239248090575,-0.022339176386594772,0.004928914830088615,0.16344310008912794,0.0,1,0.0,-0.727237036184771,319488.0,3194880.0,3,,0,1388.581903210174,0.0703125,3.996574205160141,242.3919360398164,10,1
108.65042671138458,2,1.0,0.0,0.0,0.0,0.0,0.0,0.0,0.0,100000000.0,0.0,0.0,0.0,0.0,0.18,0.0,0.0,0.8,4.0,0.0,1007.5689051300287,,1.0624581070491879,1.0624581070491879,49,0.0,108.65042671138458,1.0,False,0.2302984723898191,2.121127317856393,0.1,9,3.6,4.6,0.1,2,52.578480170241896,0.0,0.5160766343798203,0.0011141864815726876,6.444431164709385e-05,-1.9678890047558628e-05,-0.008298997767269611,0.0005636380519717932,0.008373721120835979,0.0,2,0.0,-0.6463782897195035,240844.8,2408448.0,1,,0,1062.458107049188,0.084375,3.9388761937618257,108.65042671138458,10,2
135.63347480406435,2,1.0,0.0,0.0,0.0,0.0,0.0,0.0,0.0,100000000.0,0.0,0.0,0.0,0.0,0.17916666666666664,0.0,0.0,0.8,4.0,0.0,1012.8775229677558,,1.1485109977718202,1.1485109977718202,49,0.0,135.63347480406435,1.0,False,0.21776991759655975,2.005735063841521,0.1,9,3.9,4.9,0.1,2,76.38825388622169,0.0,0.43680382739901114,0.0011141864815726876,4.5077317736286204e-05,-0.000704699514251228,-0.008298997767269611,0.0005636380519717932,0.05069740086462645,0.0,2,0.0,-0.68314045768419,288358.4,2883584.0,2,,0,1148.5109977718203,0.090625,4.036372929811478,135.63347480406435,10,2
338.4504087149373,2,1.0,0.0,0.0,0.0,0.0,0.0,0.0,0.0,100000000.0,0.0,0.0,0.0,0.0,0.17833333333333332,0.0,0.0,0.0,0.0,0.0,1124.9931319616735,,1.4634435406766109,1.4634435406766109,49,0.0,338.4504087149373,1.0,False,0.06589216915936784,0.3034446529028048,0.1,10,2.6,3.6,0.1,1,109.47746798503657,0.0,0.6765332079204404,0.0011141864815726876,2.90506832243409e-05,-0.014235805690971215,-0.008298997767269611,0.0005636380519717932,0.22841616105696083,0.0,1,0.0,-0.7646678549179894,403046.4,4030464.0,3,,0,1463.4435406766108,0.0796875,4.006007361412048,338.4504087149373,10,1
88.92587823624342,2,1.0,0.0,0.0,0.0,0.0,0.0,0.0,0.0,100000000.0,0.0,0.0,0.0,0.0,0.1775,0.0,0.0,0.8,4.0,0.0,1011.7104663513601,,1.1006363445876035,1.1006363445876035,50,0.0,88.92587823624342,1.0,False,0.22946089170133163,2.1134129146264296,0.1,9,3.6,4.6,0.1,2,56.60193462135136,0.0,0.3634931052243219,0.00481431232765317,5.191318450670224e-05,-0.0002268602596630087,-0.024918794631958008,0.005005035549402237,0.0287484161122738,0.0,2,0.0,-0.6650486181444676,240844.8,2408448.0,1,0.05703125,0,1100.6363445876036,0.09375,3.9222202837467193,88.92587823624342,10,2
223.34980289253676,2,1.0,0.0,0.0,0.0,0.0,0.0,0.0,0.0,100000000.0,0.0,0.0,0.0,0.0,0.17666666666666664,0.0,0.0,0.0,0.0,0.0,1130.175813101232,,1.3535256159937687,1.3535256159937687,50,0.0,223.34980289253676,1.0,False,0.050514811034773385,0.23262930172816065,0.1,10,3.8,4.8,0.1,1,71.23379464690623,0.0,0.6810662300822362,0.00481431232765317,2.3851131118135527e-05,-0.006565561079907745,-0.024918794631958008,0.005005035549402237,0.1549214710723083,0.0,1,0.0,-0.702020213514271,340787.2,3407872.0,2,0.05703125,0,1353.5256159937687,0.078125,3.9638376474380492,223.3498028925368,10,1
177.55033893306774,2,1.0,0.0,0.0,0.0,0.0,0.0,0.0,0.0,100000000.0,0.0,0.0,0.0,0.0,0.17583333333333334,0.0,0.0,0.8,4.0,0.0,1025.5337841808796,,1.2030841231139473,1.2030841231139473,50,0.0,177.55033893306774,1.0,False,0.2667319601619867,2.456692141176289,0.1,9,3.7,4.7,0.1,2,63.72388527913704,0.0,0.6410939812220835,0.00481431232765317,5.517088357009925e-05,-0.002733025477062445,-0.024918794631958008,0.005005035549402237,0.09988371633347234,0.0,2,0.0,-0.734908041637967,340787.2,3407872.0,3,0.05703125,0,1203.0841231139473,0.0890625,3.920060098171234,177.55033893306774,10,2
245.27452911010937,2,1.0,0.0,0.0,0.0,0.0,0.0,0.0,0.0,100000000.0,0.0,0.0,0.0,0.0,0.175,0.0,0.0,0.0,0.0,0.0,1104.1234359145164,,1.349397965024626,1.349397965024626,51,0.0,245.27452911010937,1.0,False,0.07473601283242348,0.34417205811550006,0.1,10,3.4,4.4,0.1,1,93.16926466545648,0.0,0.6201429271784245,0.0005439487285912037,2.8346325052552857e-05,-0.006395376184179957,-0.007107276003807783,0.0007468521362170577,0.15289575548594553,0.0,1,0.0,-0.7120669889285247,445644.8,4456448.0,1,,0,1349.397965024626,0.0640625,4.068894100189209,245.27452911010943,10,1
190.17788797198173,2,1.0,0.0,0.0,0.0,0.0,0.0,0.0,0.0,100000000.0,0.0,0.0,0.0,0.0,0.17416666666666666,0.0,0.0,0.0,0.0,0.0,1117.4023966304958,,1.3075802846024775,1.3075802846024775,51,0.0,190.17788797198173,1.0,False,0.050514811034773385,0.23262930172816065,0.1,10,3.3,4.3,0.1,1,70.6617413522772,0.0,0.6284439684034794,0.0005439487285912037,3.502052277326584e-05,-0.003923286632466827,-0.007107276003807783,0.0007468521362170577,0.11970252993838218,0.0,1,0.0,-0.6790475478186254,319488.0,3194880.0,2,,0,1307.5802846024776,0.0734375,4.1311722040176395,190.1778879719817,10,1
108.56351026028928,2,1.0,0.0,0.0,0.0,0.0,0.0,0.0,0.0,100000000.0,0.0,0.0,0.0,0.0,0.1733333333333333,0.0,0.0,0.0,0.0,0.0,1146.5014549903572,,1.2550649652506465,1.2550649652506465,51,0.0,108.56351026028928,1.0,False,0.06589216915936784,0.3034446529028048,0.1,10,3.9,4.9,0.1,1,63.23907978231301,0.0,0.41749230813656907,0.0005439487285912037,2.9918024665676057e-05,-0.0005750542842057338,-0.007107276003807783,0.0007468521362170577,0.04579945987580772,0.0,1,0.0,-0.6604785672050072,288358.4,2883584.0,3,,0,1255.0649652506465,0.0640625,4.190265822410583,108.56351026028928,10,1
199.2725954986743,2,1.0,0.0,0.0,0.0,0.0,0.0,0.0,0.0,100000000.0,0.0,0.0,0.0,0.0,0.1725,0.0,0.0,0.0,0.0,0.0,1128.9669466204941,,1.3282395421191684,1.3282395421191684,52,0.0,199.2725954986743,1.0,False,0.07473601283242348,0.34417205811550006,0.1,10,4.4,5.4,0.1,1,50.78648520006245,0.0,0.7451406447887596,0.016228150576353073,3.1009774829726666e-05,-0.006045642332132561,-0.05221306160092354,0.015983153134584427,0.14864742108261705,0.0,1,0.0,-0.7014877774757959,262144.0,2621440.0,1,,0,1328.2395421191684,0.05625,3.9126444458961487,199.2725954986743,10,1
211.4078681603088,2,1.0,0.0,0.0,0.0,0.0,0.0,0.0,0.0,100000000.0,0.0,0.0,0.0,0.0,0.17166666666666666,0.0,0.0,0.4,2.0,0.0,781.6516528837383,,0.993059521044047,0.993059521044047,52,0.0,211.4078681603088,1.0,False,0.13004322560866194,1.1977423709254662,0.1,7,3.8,4.8,0.1,2,85.37589300292454,0.0,0.5961555558651925,0.016228150576353073,6.843802657385822e-05,-0.0016693717249109397,-0.05221306160092354,0.015983153134584427,0.07804264001254775,0.0,2,0.0,-0.5615513733263545,419430.4,4194304.0,2,,0,993.0595210440471,0.0703125,3.97328844666481,211.4078681603088,10,2
76.52709570858009,2,1.0,0.0,0.0,0.0,0.0,0.0,0.0,0.0,100000000.0,0.0,0.0,0.0,0.0,0.1708333333333333,0.0,0.0,0.6,3.0,0.0,900.6228679791093,,0.9388200775645258,0.9388200775645258,52,0.0,76.52709570858009,1.0,False,0.15180536020658358,1.3981790377930836,0.1,8,4.4,5.4,0.1,2,32.251507589507156,0.0,0.5785609359549866,0.016228150576353073,0.00010319941793568432,-4.587201046768463e-05,-0.05221306160092354,0.015983153134584427,0.012769628572577452,0.0,2,0.0,-0.5453127188855547,135987.2,1359872.0,3,,0,938.8200775645258,0.1078125,3.963274520635605,76.52709570858009,10,2
75.83949705435744,2,1.0,0.0,0.0,0.0,0.0,0.0,0.0,0.0,100000000.0,0.0,0.0,0.0,0.0,0.16999999999999998,0.0,0.0,0.0,0.0,0.0,1128.8539511151612,,1.2046934481695186,1.2046934481695186,53,0.0,75.83949705435744,1.0,False,0.07473601283242348,0.34417205811550006,0.1,10,4.9,5.9,0.1,1,32.319406488756194,0.0,0.5738446621607804,0.00505105359479785,4.919094862998463e-05,-0.0003913243276698064,-0.025603732094168663,0.005023243837058544,0.037770333101758695,0.0,1,0.0,-0.639714730500971,144179.2,1441792.0,1,,0,1204.6934481695187,0.0875,3.958220821619034,75.83949705435745,10,1
111.75347022462203,2,1.0,0.0,0.0,0.0,0.0,0.0,0.0,0.0,100000000.0,0.0,0.0,0.0,0.0,0.16916666666666666,0.0,0.0,0.8,4.0,0.0,1023.395580239594,,1.135149050464216,1.135149050464216,53,0.0,111.75347022462203,1.0,False,0.20998731228930423,1.9340546199809494,0.1,9,4.6,5.6,0.1,2,50.64921426064057,0.0,0.5467772574861725,0.00505105359479785,0.00032483307222719304,-0.0008071012540630251,-0.025603732094168663,0.005023243837058544,0.053875000813394004,0.0,2,0.0,-0.6725681813767601,196608.0,1966080.0,2,,0,1135.149050464216,0.084375,4.036911886930466,111.75347022462206,10,2
214.36623228367884,2,1.0,0.0,0.0,0.0,0.0,0.0,0.0,0.0,100000000.0,0.0,0.0,0.0,0.0,0.16833333333333333,0.0,0.0,0.0,0.0,0.0,1133.711445145309,,1.3480776774289878,1.3480776774289878,53,0.0,214.36623228367884,1.0,False,0.06589216915936784,0.3034446529028048,0.1,10,4.7,5.7,0.1,1,51.21268925836583,0.0,0.76109721800496,0.00505105359479785,3.94306262023747e-05,-0.0068049336796700555,-0.025603732094168663,0.005023243837058544,0.15772540968929386,0.0,1,0.0,-0.7069849232941778,222822.4,2228224.0,3,,0,1348.0776774289877,0.0984375,4.0026667475700375,214.3662322836788,10,1
61.5011478855077,2,1.0,0.0,0.0,0.0,0.0,0.0,0.0,0.0,100000000.0,0.0,0.0,0.0,0.0,0.16749999999999998,0.0,0.0,0.0,0.0,0.0,1137.7516249194741,,1.1992527728049818,1.1992527728049818,54,0.0,61.5011478855077,1.0,False,0.07473601283242348,0.34417205811550006,0.1,10,4.9,5.9,0.1,1,35.19971884539254,0.0,0.4276575307029823,0.011863738298416138,4.173718116362579e-05,-0.00013211150704667274,-0.03581773117184639,0.01154860109090805,0.02193648462595784,0.0,1,0.0,-0.6369943928187026,144179.2,1441792.0,1,,0,1199.2527728049818,0.0578125,4.017057240009308,61.501147885507706,10,1
464.03415959173316,2,1.0,0.0,0.0,0.0,0.0,0.0,0.0,0.0,100000000.0,0.0,0.0,0.0,0.0,0.16666666666666666,0.0,0.0,0.0,0.0,0.0,1151.3660443015397,,1.6154002038932729,1.6154002038932729,54,0.0,464.03415959173316,1.0,False,0.050514811034773385,0.23262930172816065,0.1,10,3.4,4.4,0.1,1,88.45407665310921,0.0,0.8093802474995958,0.011863738298416138,4.255208114045672e-05,-0.03720328873768253,-0.03581773117184639,0.01154860109090805,0.3706988512780528,0.0,1,0.0,-0.8329575074640231,298188.8,2981888.0,2,,0,1615.4002038932729,0.06875,4.08461394906044,464.0341595917332,10,1
55.14536177996409,2,1.0,0.0,0.0,0.0,0.0,0.0,0.0,0.0,100000000.0,0.0,0.0,0.0,0.0,0.16583333333333333,0.0,0.0,0.8,4.0,0.0,1021.3148081675172,,1.0764601699474814,1.0764601699474814,54,0.0,55.14536177996409,1.0,False,0.22322224278790942,2.0559528346725515,0.1,9,4.8,5.8,0.1,2,37.821134516195066,0.0,0.31415565524612116,0.011863738298416138,0.00030978405447967816,-7.585324420245065e-05,-0.03581773117184639,0.01154860109090805,0.015436914113370262,0.0,2,0.0,-0.6498412063676954,157286.4,1572864.0,3,,0,1076.4601699474813,0.075,3.977991873025894,55.1453617799641,10,2
38.92692733091789,2,1.0,0.0,0.0,0.0,0.0,0.0,0.0,0.0,100000000.0,0.0,0.0,0.0,0.0,0.16499999999999998,0.0,0.0,0.8,4.0,0.0,1006.7727733403444,,1.0456997006712623,1.0456997006712623,55,0.0,38.92692733091789,1.0,False,0.2309966761925369,2.127558012528432,0.1,9,5.0,6.0,0.1,2,28.619997861031642,0.0,0.2647763431792861,0.0049758232198655605,0.0003884503967128694,-4.959834958562226e-05,-0.03229641541838646,0.005024691112339497,0.010979857118800517,0.0,2,0.0,-0.6383481884318996,131072.0,1310720.0,1,,0,1045.6997006712622,0.078125,3.914143908023834,38.9269273309179,10,2
182.31342436144462,2,1.0,0.0,0.0,0.0,0.0,0.0,0.0,0.0,100000000.0,0.0,0.0,0.0,0.0,0.16416666666666666,0.0,0.0,0.6,3.0,0.0,890.1496939361095,,1.0724631182975541,1.0724631182975541,55,0.0,182.31342436144462,1.0,False,0.1395477041073126,1.285281852956168,0.1,8,4.5,5.5,0.1,2,49.771939951215494,0.0,0.7269979425511729,0.0049758232198655605,7.952140731504187e-05,-0.0031380159049521628,-0.03229641541838646,0.005024691112339497,0.10703068481439455,0.0,2,0.0,-0.6060054112024333,235929.6,2359296.0,2,,0,1072.463118297554,0.08125,3.980694991350174,182.31342436144465,10,2
116.80286609721736,2,1.0,0.0,0.0,0.0,0.0,0.0,0.0,0.0,100000000.0,0.0,0.0,0.0,0.0,0.16333333333333333,0.0,0.0,0.0,0.0,0.0,1146.9714851118624,,1.2637743512090798,1.2637743512090798,55,0.0,116.80286609721736,1.0,False,0.06589216915936784,0.3034446529028048,0.1,10,4.2,5.2,0.1,1,38.271521014640676,0.0,0.6723409082891295,0.0049758232198655605,5.074515865999274e-05,-0.0017829573755746564,-0.03229641541838646,0.005024691112339497,0.08066155347847699,0.0,1,0.0,-0.6648332601842238,175308.8,1753088.0,3,,0,1263.7743512090797,0.0671875,3.997637552022934,116.80286609721736,10,1
60.89673094107864,2,1.0,0.0,0.0,0.0,0.0,0.0,0.0,0.0,100000000.0,0.0,0.0,0.0,0.0,0.16249999999999998,0.0,0.0,0.6,3.0,0.0,831.6472647711635,,0.8925439957122421,0.8925439957122421,56,0.0,60.89673094107864,1.0,False,0.18569823001576985,1.7103439049187645,0.1,8,4.7,5.7,0.1,2,36.13492237134669,0.0,0.4066196688569462,0.0003760801046155393,0.00030696619796799496,-9.571093648980122e-05,-0.01381926704198122,0.00040395394898951054,0.017647360362187253,0.0,2,0.0,-0.539121112864006,170393.6,1703936.0,1,,0,892.5439957122421,0.10625,3.7364404261112214,60.89673094107865,10,2
243.23162948023028,2,1.0,0.0,0.0,0.0,0.0,0.0,0.0,0.0,100000000.0,0.0,0.0,0.0,0.0,0.16166666666666665,0.0,0.0,0.8,4.0,0.0,1015.1839172467589,,1.2584155467269893,1.2584155467269893,56,0.0,243.23162948023028,1.0,False,0.18762367076003547,1.728077869539522,0.1,9,4.6,5.6,0.1,2,52.932838495906836,0.0,0.7823768289962092,0.0003760801046155393,4.971272028342355e-05,-0.007620545967878589,-0.01381926704198122,0.00040395394898951054,0.16693208589353595,0.0,2,0.0,-0.7230196087435123,235929.6,2359296.0,2,,0,1258.4155467269893,0.05625,4.078148955106736,243.23162948023034,10,2
217.44971566424306,2,1.0,0.0,0.0,0.0,0.0,0.0,0.0,0.0,100000000.0,0.0,0.0,0.0,0.0,0.16083333333333333,0.0,0.0,0.6,3.0,0.0,891.6773521341383,,1.1091270677983815,1.1091270677983815,56,0.0,217.44971566424306,1.0,False,0.17003237177275793,1.566056018281496,0.1,8,4.2,5.2,0.1,2,73.28529013031898,0.0,0.6629782204752276,0.0003760801046155393,0.00033794988121371716,-0.003418175424917458,-0.01381926704198122,0.00040395394898951054,0.11151884470667765,0.0,2,0.0,-0.6395797197855697,327680.0,3276800.0,3,,0,1109.1270677983816,0.0828125,3.940410941839218,217.4497156642431,10,2
213.24014542707692,2,1.0,0.0,0.0,0.0,0.0,0.0,0.0,0.0,100000000.0,0.0,0.0,0.0,0.0,0.15999999999999998,0.0,0.0,0.0,0.0,0.0,1128.2860478386283,,1.3415261932657052,1.3415261932657052,57,0.0,213.24014542707692,1.0,False,0.07473601283242348,0.34417205811550006,0.1,10,4.5,5.5,0.1,1,55.831367483560626,0.0,0.7381760954451533,0.004555210936814547,3.252162059652619e-05,-0.0068350195606095565,-0.026484468951821327,0.004669132176786661,0.1580751290693142,0.0,1,0.0,-0.7081311030490643,249036.8,2490368.0,1,,0,1341.5261932657052,0.0796875,3.827878350019455,213.24014542707698,10,1
294.3761835425824,2,1.0,0.0,0.0,0.0,0.0,0.0,0.0,0.0,100000000.0,0.0,0.0,0.0,0.0,0.15916666666666665,0.0,0.0,0.0,0.0,0.0,1145.0020060874522,,1.4393781896300346,1.4393781896300346,57,0.0,294.3761835425824,1.0,False,0.050514811034773385,0.23262930172816065,0.1,10,4.1,5.1,0.1,1,83.23735522499715,0.0,0.7172415437169474,0.004555210936814547,4.084186002728529e-05,-0.01224257380367727,-0.026484468951821327,0.004669132176786661,0.21175059394321094,0.0,1,0.0,-0.744946500332404,327680.0,3276800.0,2,,0,1439.3781896300345,0.0671875,3.9619289100170136,294.3761835425824,10,1
77.23272990466275,2,1.0,0.0,0.0,0.0,0.0,0.0,0.0,0.0,100000000.0,0.0,0.0,0.0,0.0,0.15833333333333333,0.0,0.0,0.0,0.0,0.0,1154.6336957253516,,1.2318664256300143,1.2318664256300143,57,0.0,77.23272990466275,1.0,False,0.06589216915936784,0.3034446529028048,0.1,10,4.4,5.4,0.1,1,38.707134134413494,0.0,0.49882473166241614,0.004555210936814547,6.045248665031977e-05,-0.00041503745946247506,-0.026484468951821327,0.004669132176786661,0.03889244654877427,0.0,1,0.0,-0.6488792973946911,135987.2,1359872.0,3,,0,1231.8664256300142,0.0890625,3.9618729829788206,77.23272990466276,10,1
188.22458115051558,2,1.0,0.0,0.0,0.0,0.0,0.0,0.0,0.0,100000000.0,0.0,0.0,0.0,0.0,0.1575,0.0,0.0,0.4,2.0,0.0,782.876452896744,,0.8125274469516418,0.8125274469516418,58,0.0,188.22458115051558,1.0,False,0.15688043108274088,1.4449221679743958,0.1,7,4.6,5.6,0.1,2,52.23316759904892,0.0,0.7224955036171382,0.00012871233047917485,0.000186641709660762,-0.00016480038047017587,-0.007885245606303215,0.00020131767087150365,0.02423256453361495,0.0,2,0.0,-0.48470393901719133,235929.6,2359296.0,1,,0,812.5274469516418,0.1171875,3.7737374007701874,188.22458115051555,10,2
55.75066929177243,2,1.0,0.0,0.0,0.0,0.0,0.0,0.0,0.0,100000000.0,0.0,0.0,0.0,0.0,0.15666666666666665,0.0,0.0,0.2,1.0,0.0,672.2967838868499,,0.7131399643398917,0.7131399643398917,58,0.0,55.75066929177243,1.0,False,0.11851058990591988,1.091522870717207,0.1,6,4.3,5.3,0.1,2,33.21310440626863,0.0,0.4042564003591227,0.00012871233047917485,0.00010152745744562708,-3.8468954711490255e-05,-0.007885245606303215,0.00020131767087150365,0.011670325091541447,0.0,2,0.0,-0.4158252771229058,149094.4,1490944.0,2,,0,713.1399643398917,0.1109375,3.888358509540558,55.75066929177245,10,2
189.74031805045755,2,1.0,0.0,0.0,0.0,0.0,0.0,0.0,0.0,100000000.0,0.0,0.0,0.0,0.0,0.15583333333333332,0.0,0.0,0.6,3.0,0.0,900.2283019945025,,1.08996862004496,1.08996862004496,58,0.0,189.74031805045755,1.0,False,0.18434378262947274,1.6978689834750347,0.1,8,4.4,5.4,0.1,2,51.62713238601763,0.0,0.7279063674158676,0.00012871233047917485,4.818982233700808e-05,-0.003438348776654665,-0.007885245606303215,0.00020131767087150365,0.11204937279450525,0.0,2,0.0,-0.6371562013372164,249036.8,2490368.0,3,,0,1089.96862004496,0.1078125,3.881853902339935,189.74031805045757,10,2
74.7532568993218,2,1.0,0.0,0.0,0.0,0.0,0.0,0.0,0.0,100000000.0,0.0,0.0,0.0,0.0,0.155,0.0,0.0,0.4,2.0,0.0,782.1367401629686,,0.8568899970622904,0.8568899970622904,59,0.0,74.7532568993218,1.0,False,0.15933107197358332,1.4674934047085375,0.1,7,4.7,5.7,0.1,2,43.70368977675563,0.0,0.4153607268828961,0.0004656417586375028,7.490862117265351e-05,-0.00017491438273870008,-0.01248241774737835,0.00026846572291105986,0.025215145919604293,0.0,2,0.0,-0.5081105345179369,170393.6,1703936.0,1,,0,856.8899970622904,0.0828125,3.8033920884132386,74.75325689932181,10,2
353.0617715871857,2,1.0,0.0,0.0,0.0,0.0,0.0,0.0,0.0,100000000.0,0.0,0.0,0.0,0.0,0.15416666666666665,0.0,0.0,0.8,4.0,0.0,994.0542429685593,,1.200587489437624,1.200587489437624,59,0.0,353.0617715871857,1.0,False,0.19576302645213375,1.803044105872329,0.1,9,4.1,5.1,0.1,2,93.36374313983178,0.0,0.7355597500116877,0.0004656417586375028,4.49504022981273e-05,-0.004476108698946157,-0.01248241774737835,0.00026846572291105986,0.12786905304490936,0.0,2,0.0,-0.6981752579448789,353894.4,3538944.0,2,,0,1200.587489437624,0.0984375,3.9999571979045867,353.0617715871858,10,2
200.42467042620933,2,1.0,0.0,0.0,0.0,0.0,0.0,0.0,0.0,100000000.0,0.0,0.0,0.0,0.0,0.15333333333333332,0.0,0.0,0.6,3.0,0.0,899.2088129743934,,1.0996334834006027,1.0996334834006027,59,0.0,200.42467042620933,1.0,False,0.18434378262947274,1.6978689834750347,0.1,8,4.0,5.0,0.1,2,73.794346198126,0.0,0.6318100658905912,0.0004656417586375028,3.992376878159121e-05,-0.002603357988135324,-0.01248241774737835,0.00026846572291105986,0.09748602191424462,0.0,2,0.0,-0.6419886330150377,353894.4,3538944.0,3,,0,1099.6334834006027,0.090625,3.8432256817817687,200.42467042620933,10,2
551.7320182721623,2,1.0,0.0,0.0,0.0,0.0,0.0,0.0,0.0,100000000.0,0.0,0.0,0.0,0.0,0.1525,0.0,0.0,0.4,2.0,0.0,787.1390213258564,,1.3388710395980188,1.3388710395980188,60,0.0,551.7320182721623,1.0,False,0.1488635917453767,1.3710843489698235,0.1,7,2.4,3.4,0.1,2,238.7511585329238,0.0,0.5672697058970557,0.00011152935621794313,3.285338789282832e-05,-0.012294848686398019,-0.006213439628481865,0.00018781573453452438,0.21220462386228695,0.0,2,0.0,-0.7438673156716977,891289.6,8912896.0,1,0.05625,0,1338.8710395980188,0.0765625,3.814533054828644,551.7320182721623,10,2
310.98388795040927,2,1.0,0.0,0.0,0.0,0.0,0.0,0.0,0.0,100000000.0,0.0,0.0,0.0,0.0,0.15166666666666664,0.0,0.0,0.4,2.0,0.0,779.7358059324324,,1.0907196938828418,1.0907196938828418,60,0.0,310.98388795040927,1.0,False,0.11405889182471712,1.0505212161560564,0.1,7,2.4,3.4,0.1,2,224.62269255842267,0.0,0.2777031181942072,0.00011152935621794313,3.364979784237221e-05,-0.001290065029216081,-0.006213439628481865,0.00018781573453452438,0.06860877898203226,0.0,2,0.0,-0.6023892928537795,891289.6,8912896.0,2,0.05625,0,1090.7196938828417,0.059375,4.035238409042359,310.9838879504093,10,2
450.5489246619247,2,1.0,0.0,0.0,0.0,0.0,0.0,0.0,0.0,100000000.0,0.0,0.0,0.0,0.0,0.15083333333333332,0.0,0.0,0.6,3.0,0.0,908.9836161583662,,1.359532540820291,1.359532540820291,60,0.0,450.5489246619247,1.0,False,0.18434378262947274,1.6978689834750347,0.1,8,2.3,3.3,0.1,2,217.42657120267404,0.0,0.5174185103963506,0.00011152935621794313,3.931282117264345e-05,-0.006475890359608938,-0.006213439628481865,0.00018781573453452438,0.15385629977111995,0.0,2,0.0,-0.7719381617248818,891289.6,8912896.0,3,0.05625,0,1359.532540820291,0.0765625,3.8456662595272064,450.5489246619246,10,2
304.28675434700483,2,1.0,0.0,0.0,0.0,0.0,0.0,0.0,0.0,100000000.0,0.0,0.0,0.0,0.0,0.15,0.0,0.0,0.8,4.0,0.0,1048.6144651658833,,1.3529012195128882,1.3529012195128882,61,0.0,304.28675434700483,1.0,False,0.25297861569434227,2.3300191573762485,0.1,9,2.2,3.2,0.1,2,218.81642329572787,0.0,0.2808874518205536,0.012409406714141369,4.774350600200705e-05,-0.001010138553826867,-0.03657471761107445,0.012036052532494068,0.060703150920615914,0.0,2,0.0,-0.8029399176036153,969932.8,9699328.0,1,,0,1352.9012195128882,0.08125,3.899531066417694,304.2867543470049,10,2
324.16900089272076,2,1.0,0.0,0.0,0.0,0.0,0.0,0.0,0.0,100000000.0,0.0,0.0,0.0,0.0,0.14916666666666664,0.0,0.0,0.8,4.0,0.0,1060.0916258990765,,1.3842606267917972,1.3842606267917972,61,0.0,324.16900089272076,1.0,False,0.18762367076003547,1.728077869539522,0.1,9,2.2,3.2,0.1,2,238.3618514474641,0.0,0.26469881206702234,0.012409406714141369,4.4737518692272715e-05,-0.0008082843011130159,-0.03657471761107445,0.012036052532494068,0.05429789383443088,0.0,2,0.0,-0.7859421487759163,969932.8,9699328.0,2,,0,1384.2606267917972,0.08125,4.009825217723846,324.16900089272076,10,2
1922.9291426274265,2,1.0,0.0,0.0,0.0,0.0,0.0,0.0,0.0,100000000.0,0.0,0.0,0.0,0.0,0.14833333333333332,0.0,0.0,0.4,2.0,0.0,818.5448520816863,,2.7414739947091125,2.7414739947091125,61,0.0,1922.9291426274265,1.0,False,0.14820877703344773,1.3650532825923802,0.1,7,2.4,3.4,0.1,2,371.56345145880124,0.0,0.8067721564866871,0.012409406714141369,3.362483221280854e-05,-0.272941975588806,-0.03657471761107445,0.012036052532494068,1.049865173082873,0.0,2,0.0,-1.44484138587128,865075.2,8650752.0,3,,0,2741.4739947091125,0.0921875,4.007181471586227,1922.9291426274265,10,2
212.08569708866236,2,1.0,0.0,0.0,0.0,0.0,0.0,0.0,0.0,100000000.0,0.0,0.0,0.0,0.0,0.1475,0.0,0.0,0.6,3.0,0.0,746.2238990701735,,0.9583095961588358,0.9583095961588358,62,0.0,212.08569708866236,1.0,False,0.18354388516960013,1.6905016556069288,0.1,8,3.1,4.1,0.1,2,133.41714273484592,0.0,0.3709281457152156,0.0004965584957972169,2.8079688490834087e-05,-0.0010515865927139822,-0.014199085533618927,0.0012663045199587941,0.061941566149492186,0.0,2,0.0,-0.570926740664218,498073.6,4980736.0,1,,0,958.3095961588358,0.090625,3.8350496888160706,212.08569708866236,10,2
254.03444766322676,2,1.0,0.0,0.0,0.0,0.0,0.0,0.0,0.0,100000000.0,0.0,0.0,0.0,0.0,0.14666666666666667,0.0,0.0,0.2,1.0,0.0,663.3969997055829,,0.894498038027244,0.894498038027244,62,0.0,254.03444766322676,1.0,False,0.11189399456234907,1.0305817754992872,0.1,6,3.1,4.1,0.1,2,139.04489959967893,0.0,0.452653366979542,0.0004965584957972169,3.1951901291904505e-05,-0.002877985040560138,-0.014199085533618927,0.0012663045199587941,0.1025051590674986,0.0,2,0.0,-0.5031960162947966,498073.6,4980736.0,2,,0,894.4980380272441,0.0890625,3.973207539319992,254.0344476632267,10,2
264.0763464693247,2,1.0,0.0,0.0,0.0,0.0,0.0,0.0,0.0,100000000.0,0.0,0.0,0.0,0.0,0.14583333333333331,0.0,0.0,0.6,3.0,0.0,905.1506090909243,,1.169226955560249,1.169226955560249,62,0.0,264.0763464693247,1.0,False,0.18434378262947274,1.6978689834750347,0.1,8,3.0,4.0,0.1,2,135.56458566419406,0.0,0.48664623895066894,0.0004965584957972169,3.204506901965942e-05,-0.0025520043581425678,-0.014199085533618927,0.0012663045199587941,0.09652001629885598,0.0,2,0.0,-0.6767853690948609,550502.4,5505024.0,3,,0,1169.226955560249,0.1,3.8546490728855134,264.07634646932473,10,2
197.8126948019142,2,1.0,0.0,0.0,0.0,0.0,0.0,0.0,0.0,100000000.0,0.0,0.0,0.0,0.0,0.145,0.0,0.0,0.4,2.0,0.0,782.4650197289884,,0.9802777145309026,0.9802777145309026,63,0.0,197.8126948019142,1.0,False,0.15029347698049705,1.3842540786781452,0.1,7,3.2,4.2,0.1,2,111.49236268608598,0.0,0.4363740770139537,0.01196526363492012,3.515068965498358e-05,-0.0015092115906765735,-0.036623548716306686,0.012932204641401768,0.07421065051908543,0.0,2,0.0,-0.5652855957556998,511180.8,5111808.0,1,,0,980.2777145309026,0.0859375,3.7691318929195403,197.8126948019142,10,2
180.24705523655746,2,1.0,0.0,0.0,0.0,0.0,0.0,0.0,0.0,100000000.0,0.0,0.0,0.0,0.0,0.14416666666666667,0.0,0.0,0.6,3.0,0.0,932.4764176271856,,1.0922783874115156,1.0922783874115156,63,0.0,180.24705523655746,1.0,False,0.1395477041073126,1.285281852956168,0.1,8,3.5,4.5,0.1,2,106.80207555431531,0.0,0.40746840266462303,0.01196526363492012,4.0797056499286555e-05,-0.0009178181193420509,-0.036623548716306686,0.012932204641401768,0.05786326653080594,0.0,2,0.0,-0.6159130457594141,419430.4,4194304.0,2,,0,1092.2783874115157,0.0828125,3.9437613606452944,180.2470552365575,10,2
420.6218328596584,2,1.0,0.0,0.0,0.0,0.0,0.0,0.0,0.0,100000000.0,0.0,0.0,0.0,0.0,0.1433333333333333,0.0,0.0,0.4,2.0,0.0,780.8678881265223,,1.1128061152544508,1.1128061152544508,63,0.0,420.6218328596584,1.0,False,0.15740725448591847,1.449774390833584,0.1,7,2.7,3.7,0.1,2,180.81782935973254,0.0,0.5701178226284253,0.01196526363492012,3.828477565548383e-05,-0.00874203459069045,-0.036623548716306686,0.012932204641401768,0.17882920314603126,0.0,2,0.0,-0.6351066848701846,602931.2,6029312.0,3,,0,1112.8061152544508,0.1046875,3.8915515780448913,420.62183285965847,10,2
237.78088774510184,2,1.0,0.0,0.0,0.0,0.0,0.0,0.0,0.0,100000000.0,0.0,0.0,0.0,0.0,0.1425,0.0,0.0,0.6,3.0,0.0,890.5183579772711,,1.1282992457223728,1.1282992457223728,64,0.0,237.78088774510184,1.0,False,0.18569823001576985,1.7103439049187645,0.1,8,2.7,3.7,0.1,2,125.31535812893473,0.0,0.4729796859734528,0.0009614249574951828,3.8874739402672276e-05,-0.002366622260024709,-0.007264574524015188,9.131911065196618e-05,0.09294415476045356,0.0,2,0.0,-0.6569987378690714,602931.2,6029312.0,1,,0,1128.299245722373,0.09375,3.8146326184272765,237.78088774510184,10,2
546.1506928853571,2,1.0,0.0,0.0,0.0,0.0,0.0,0.0,0.0,100000000.0,0.0,0.0,0.0,0.0,0.14166666666666666,0.0,0.0,0.0,0.0,0.0,1134.9175670184195,,1.6810682599037765,1.6810682599037765,64,0.0,546.1506928853571,1.0,False,0.050514811034773385,0.23262930172816065,0.1,10,3.1,4.1,0.1,1,154.78188565486593,0.0,0.7165949111276577,0.0009614249574951828,2.4610350010334514e-05,-0.041593463796831265,-0.007264574524015188,9.131911065196618e-05,0.39225745196151723,0.0,1,0.0,-0.8657915354692749,524288.0,5242880.0,2,,0,1681.0682599037766,0.078125,3.9725389659404753,546.1506928853571,10,1
274.4576496555673,2,1.0,0.0,0.0,0.0,0.0,0.0,0.0,0.0,100000000.0,0.0,0.0,0.0,0.0,0.1408333333333333,0.0,0.0,0.0,0.0,0.0,1100.3436474129558,,1.374801297068523,1.374801297068523,64,0.0,274.4576496555673,1.0,False,0.06589216915936784,0.3034446529028048,0.1,10,2.9,3.9,0.1,1,147.20475686133855,0.0,0.4636521989965509,0.0009614249574951828,2.8935502996318974e-05,-0.0046089811212975396,-0.007264574524015188,9.131911065196618e-05,0.1297578629103055,0.0,1,0.0,-0.7203467331139455,550502.4,5505024.0,3,,0,1374.8012970685231,0.096875,3.9246918499469756,274.4576496555673,10,1
143.88087607758254,2,1.0,0.0,0.0,0.0,0.0,0.0,0.0,0.0,100000000.0,0.0,0.0,0.0,0.0,0.13999999999999999,0.0,0.0,0.8,4.0,0.0,1014.0034398064017,,1.1578843158839842,1.1578843158839842,65,0.0,143.88087607758254,1.0,False,0.22946089170133163,2.1134129146264296,0.1,9,3.2,4.2,0.1,2,103.98961577820384,0.0,0.27725199753349283,0.004685635212808847,4.931603143631946e-05,-0.0002798555757949628,-0.022909650579094887,0.004960653837770224,0.031936076213402075,0.0,2,0.0,-0.6936726037926579,471859.2,4718592.0,1,,0,1157.8843158839843,0.0953125,3.9105391621589662,143.88087607758257,10,2
154.31054772096456,2,1.0,0.0,0.0,0.0,0.0,0.0,0.0,0.0,100000000.0,0.0,0.0,0.0,0.0,0.13916666666666666,0.0,0.0,0.6,3.0,0.0,884.1421050019562,,1.0384526527229208,1.0384526527229208,65,0.0,154.31054772096456,1.0,False,0.14140881619046933,1.3024233287124392,0.1,8,2.7,3.7,0.1,2,101.42001715068687,0.0,0.34275382565499113,0.004685635212808847,3.7123636502656154e-05,-0.0004463028894908794,-0.022909650579094887,0.004960653837770224,0.04034363075244821,0.0,2,0.0,-0.5899307344566951,476774.4,4767744.0,2,,0,1038.4526527229207,0.0859375,3.953916239738464,154.3105477209646,10,2
284.94690861502403,2,1.0,0.0,0.0,0.0,0.0,0.0,0.0,0.0,100000000.0,0.0,0.0,0.0,0.0,0.13833333333333334,0.0,0.0,0.0,0.0,0.0,1133.2311532460153,,1.4181780618610393,1.4181780618610393,65,0.0,284.94690861502403,1.0,False,0.06589216915936784,0.3034446529028048,0.1,10,3.1,4.1,0.1,1,129.63624622144476,0.0,0.5450512277829653,0.004685635212808847,3.307291990495287e-05,-0.006741930173165378,-0.022909650579094887,0.004960653837770224,0.1569924758754246,0.0,1,0.0,-0.7420351155102036,563609.6,5636096.0,3,,0,1418.1780618610394,0.096875,3.8498811781406403,284.946908615024,10,1
189.23325513249563,2,1.0,0.0,0.0,0.0,0.0,0.0,0.0,0.0,100000000.0,0.0,0.0,0.0,0.0,0.13749999999999998,0.0,0.0,0.0,0.0,0.0,1128.8515590131283,,1.3180848141456238,1.3180848141456238,66,0.0,189.23325513249563,1.0,False,0.07473601283242348,0.34417205811550006,0.1,10,2.9,3.9,0.1,1,116.85221403717443,0.0,0.3824964118734949,0.00040764265577308834,3.507610745145939e-05,-0.0014606021078771292,-0.011900104582309723,0.0005875025526620448,0.07300507448645632,0.0,1,0.0,-0.6964104134890237,550502.4,5505024.0,1,,0,1318.0848141456238,0.0765625,3.990450346469879,189.23325513249563,10,1
260.6979139090342,2,1.0,0.0,0.0,0.0,0.0,0.0,0.0,0.0,100000000.0,0.0,0.0,0.0,0.0,0.13666666666666666,0.0,0.0,0.0,0.0,0.0,1136.4638400264084,,1.3971617539354426,1.3971617539354426,66,0.0,260.6979139090342,1.0,False,0.050514811034773385,0.23262930172816065,0.1,10,2.8,3.8,0.1,1,145.72218395315494,0.0,0.4410304947664366,0.00040764265577308834,2.3533069906989112e-05,-0.003701858377138767,-0.011900104582309723,0.0005875025526620448,0.11627223606931122,0.0,1,0.0,-0.723838282485108,655360.0,6553600.0,2,,0,1397.1617539354427,0.096875,3.892031341791153,260.6979139090342,10,1
170.37728325993362,2,1.0,0.0,0.0,0.0,0.0,0.0,0.0,0.0,100000000.0,0.0,0.0,0.0,0.0,0.13583333333333333,0.0,0.0,0.0,0.0,0.0,1136.3482088781893,,1.306725492138123,1.306725492138123,66,0.0,170.37728325993362,1.0,False,0.06589216915936784,0.3034446529028048,0.1,10,2.8,3.8,0.1,1,104.14925887636687,0.0,0.388713936015325,0.00040764265577308834,4.5014701754553244e-05,-0.0011945079528245528,-0.011900104582309723,0.0005875025526620448,0.066014902248162,0.0,1,0.0,-0.6863088306487455,450560.0,4505600.0,3,,0,1306.725492138123,0.0953125,3.9110989332199098,170.37728325993365,10,1
181.9768012608343,2,1.0,0.0,0.0,0.0,0.0,0.0,0.0,0.0,100000000.0,0.0,0.0,0.0,0.0,0.13499999999999998,0.0,0.0,0.0,0.0,0.0,1131.7195761948824,,1.3136963774557167,1.3136963774557167,67,0.0,181.9768012608343,1.0,False,0.07473601283242348,0.34417205811550006,0.1,10,3.1,4.1,0.1,1,112.78002039228542,0.0,0.3802505615502412,0.004648298490792513,2.7274960302747786e-05,-0.0013209636807555158,-0.022100234404206276,0.00451685069128871,0.06942710562608369,0.0,1,0.0,-0.6942161951440701,498073.6,4980736.0,1,,0,1313.6963774557166,0.0734375,3.8761609137058257,181.97680126083435,10,1
291.34612044498175,2,1.0,0.0,0.0,0.0,0.0,0.0,0.0,0.0,100000000.0,0.0,0.0,0.0,0.0,0.13416666666666666,0.0,0.0,0.8,4.0,0.0,1023.2412358745933,,1.3145873563195751,1.3145873563195751,67,0.0,291.34612044498175,1.0,False,0.21337170106011874,1.9652259925112452,0.1,9,3.0,4.0,0.1,2,137.77418929013606,0.0,0.5271116393116566,0.004648298490792513,4.5421406866807956e-05,-0.0052167486862621515,-0.022100234404206276,0.00451685069128871,0.13806074942476973,0.0,2,0.0,-0.763979528689847,550502.4,5505024.0,2,,0,1314.587356319575,0.08125,3.905586165189743,291.34612044498175,10,2
459.8464459172756,2,1.0,0.0,0.0,0.0,0.0,0.0,0.0,0.0,100000000.0,0.0,0.0,0.0,0.0,0.13333333333333333,0.0,0.0,0.8,4.0,0.0,1003.1581912189722,,1.463004637136248,1.463004637136248,67,0.0,459.8464459172756,1.0,False,0.20786792654025635,1.9145343558527026,0.1,9,3.1,4.1,0.1,2,145.3190956860152,0.0,0.6839834319124922,0.004648298490792513,3.540557918313425e-05,-0.02133819776194018,-0.022100234404206276,0.00451685069128871,0.2799855223829003,0.0,2,0.0,-0.8354362818382521,498073.6,4980736.0,3,,0,1463.004637136248,0.1109375,3.932598125934601,459.8464459172756,10,2
98.16414535752862,2,1.0,0.0,0.0,0.0,0.0,0.0,0.0,0.0,100000000.0,0.0,0.0,0.0,0.0,0.13249999999999998,0.0,0.0,0.8,4.0,0.0,1030.802072957158,,1.1289662183146867,1.1289662183146867,68,0.0,98.16414535752862,1.0,False,0.21353435481492822,1.9667240889558204,0.1,9,4.4,5.4,0.1,2,40.392099940361014,0.0,0.588524916167233,0.01626329869031906,0.00034252107070642523,-0.0005961523245731071,-0.049449484795331955,0.017546122893691063,0.04613012733714833,0.0,2,0.0,-0.6712502865648075,135987.2,1359872.0,1,,0,1128.9662183146868,0.065625,3.8513561248779298,98.16414535752864,10,2
93.77685396430036,2,1.0,0.0,0.0,0.0,0.0,0.0,0.0,0.0,100000000.0,0.0,0.0,0.0,0.0,0.13166666666666665,0.0,0.0,0.8,4.0,0.0,878.0749076977372,,0.9718517616620376,0.9718517616620376,68,0.0,93.77685396430036,1.0,False,0.2064946923362743,1.9018864014235881,0.1,9,4.9,5.9,0.1,2,34.273068496540844,0.0,0.6345252901148917,0.01626329869031906,0.0003152104291075375,-0.0008076977905344673,-0.049449484795331955,0.017546122893691063,0.053918064009063446,0.0,2,0.0,-0.589173226999156,144179.2,1441792.0,2,,0,971.8517616620376,0.0796875,3.8887022972106933,93.77685396430037,10,2
98.83518434598567,2,1.0,0.0,0.0,0.0,0.0,0.0,0.0,0.0,100000000.0,0.0,0.0,0.0,0.0,0.13083333333333333,0.0,0.0,0.8,4.0,0.0,1011.7295039817691,,1.1105646883277547,1.1105646883277547,68,0.0,98.83518434598567,1.0,False,0.22322224278790942,2.0559528346725515,0.1,9,4.8,5.8,0.1,2,37.313738350369135,0.0,0.6224650300671525,0.01626329869031906,0.0002756558533292264,-0.0007357153688301588,-0.049449484795331955,0.017546122893691063,0.051515211703026066,0.0,2,0.0,-0.666893465557832,170393.6,1703936.0,3,,0,1110.5646883277548,0.103125,3.940889227390289,98.83518434598567,10,2
50.95437257314148,2,1.0,0.0,0.0,0.0,0.0,0.0,0.0,0.0,100000000.0,0.0,0.0,0.0,0.0,0.12999999999999998,0.0,0.0,0.0,0.0,0.0,1009.3514719046652,,1.0603058444778066,1.0603058444778066,69,0.0,50.95437257314148,1.0,False,0.07473601283242348,0.34417205811550006,0.1,10,4.9,5.9,0.1,1,32.34964261746139,0.0,0.36512528790290333,0.00026883441023528576,4.412354974192567e-05,-0.000127665630210827,-0.008813105523586273,0.00038466040859930217,0.021561757261756374,0.0,1,0.0,-0.567520928655115,144179.2,1441792.0,1,,0,1060.3058444778067,0.0765625,3.8025984108448028,50.95437257314148,10,1
191.48052053875875,2,1.0,0.0,0.0,0.0,0.0,0.0,0.0,0.0,100000000.0,0.0,0.0,0.0,0.0,0.12916666666666665,0.0,0.0,0.8,4.0,0.0,1017.1718196943402,,1.2086523402330989,1.2086523402330989,69,0.0,191.48052053875875,1.0,False,0.18943107029477468,1.7447246344426217,0.1,9,4.5,5.5,0.1,2,63.60133073763005,0.0,0.6678443814614755,0.00026883441023528576,5.0437973186490126e-05,-0.003961755419955415,-0.008813105523586273,0.00038466040859930217,0.12028655171980303,0.0,2,0.0,-0.6990417052639368,249036.8,2490368.0,2,,0,1208.6523402330988,0.09375,3.9538946866989138,191.48052053875875,10,2
61.11315468857501,2,1.0,0.0,0.0,0.0,0.0,0.0,0.0,0.0,100000000.0,0.0,0.0,0.0,0.0,0.12833333333333333,0.0,0.0,0.0,0.0,0.0,1114.3044577911496,,1.1754176124797246,1.1754176124797246,69,0.0,61.11315468857501,1.0,False,0.06589216915936784,0.3034446529028048,0.1,10,4.9,5.9,0.1,1,35.22989213654307,0.0,0.4235301333064837,0.00026883441023528576,5.7268862292403355e-05,-0.00020271925555109815,-0.008813105523586273,0.00038466040859930217,0.027169267235345084,0.0,1,0.0,-0.6206548908195463,144179.2,1441792.0,3,,0,1175.4176124797245,0.0875,3.9525462687015533,61.11315468857502,10,1
46.67014842764863,2,1.0,0.0,0.0,0.0,0.0,0.0,0.0,0.0,100000000.0,0.0,0.0,0.0,0.0,0.1275,0.0,0.0,0.0,0.0,0.0,1180.014700628817,,1.2266848490564657,1.2266848490564657,70,0.0,46.67014842764863,1.0,False,0.07473601283242348,0.34417205811550006,0.1,10,4.9,5.9,0.1,1,29.795432111417917,0.0,0.3615740871788975,0.011565829627215862,4.518490095506422e-05,-4.0814393165944374e-05,-0.03447452932596207,0.011583163402974606,0.012167924544884846,0.0,1,0.0,-0.6507104309444446,144179.2,1441792.0,1,0.05625,0,1226.6848490564657,0.0828125,3.8835499942302705,46.67014842764864,10,1
69.91371550124478,2,1.0,0.0,0.0,0.0,0.0,0.0,0.0,0.0,100000000.0,0.0,0.0,0.0,0.0,0.12666666666666665,0.0,0.0,0.6,3.0,0.0,939.0448611229658,,0.9934751243135417,0.9934751243135417,70,0.0,69.91371550124478,1.0,False,0.15338166259908348,1.412697319357168,0.1,8,4.9,5.9,0.1,2,33.999929497748084,0.0,0.5136872750362876,0.011565829627215862,0.00023886591952759773,-0.00010332496315196282,-0.03447452932596207,0.011583163402974606,0.018816827723914305,0.0,2,0.0,-0.5734283934563126,144179.2,1441792.0,2,0.05625,0,993.4751243135416,0.1046875,3.9195835292339325,69.91371550124478,10,2
190.5303998300704,2,1.0,0.0,0.0,0.0,0.0,0.0,0.0,0.0,100000000.0,0.0,0.0,0.0,0.0,0.12583333333333332,0.0,0.0,0.0,0.0,0.0,1141.116701066494,,1.3316471008965645,1.3316471008965645,70,0.0,190.5303998300704,1.0,False,0.06589216915936784,0.3034446529028048,0.1,10,4.5,5.5,0.1,1,45.810693178741474,0.0,0.7595622891696078,0.011565829627215862,3.52782299160026e-05,-0.005759337299499068,-0.03447452932596207,0.011583163402974606,0.14507755801364403,0.0,1,0.0,-0.6987696350279662,235929.6,2359296.0,3,0.05625,0,1331.6471008965646,0.1125,3.8158088326454163,190.53039983007042,10,1
235.3798489245345,2,1.0,0.0,0.0,0.0,0.0,0.0,0.0,0.0,100000000.0,0.0,0.0,0.0,0.0,0.125,0.0,0.0,0.0,0.0,0.0,1100.4182873293757,,1.3357981362539102,1.3357981362539102,71,0.0,235.3798489245345,1.0,False,0.07473601283242348,0.34417205811550006,0.1,10,4.0,5.0,0.1,1,82.64837031010664,0.0,0.6488723623210215,0.0013601796235889196,4.068372800247744e-05,-0.006407898839547954,-0.012041766196489334,0.0013534052995964885,0.15304457857775583,0.0,1,0.0,-0.7052670745431668,327680.0,3276800.0,1,,0,1335.7981362539101,0.071875,3.9969434320926664,235.3798489245345,10,1
54.49858376562894,2,1.0,0.0,0.0,0.0,0.0,0.0,0.0,0.0,100000000.0,0.0,0.0,0.0,0.0,0.12416666666666665,0.0,0.0,0.8,4.0,0.0,1014.8103730753064,,1.0693089568409353,1.0693089568409353,71,0.0,54.49858376562894,1.0,False,0.2064946923362743,1.9018864014235881,0.1,9,4.8,5.8,0.1,2,34.04109349631108,0.0,0.3753765484493187,0.0013601796235889196,0.0003705665913003031,-5.963957560312094e-05,-0.012041766196489334,0.0013534052995964885,0.01275201705241202,0.0,2,0.0,-0.6379018245886048,157286.4,1572864.0,2,,0,1069.3089568409353,0.0953125,3.989504897594452,54.49858376562894,10,2
111.50878221910988,2,1.0,0.0,0.0,0.0,0.0,0.0,0.0,0.0,100000000.0,0.0,0.0,0.0,0.0,0.12333333333333332,0.0,0.0,0.0,0.0,0.0,1124.2577959783375,,1.2357665781974474,1.2357665781974474,71,0.0,111.50878221910988,1.0,False,0.06589216915936784,0.3034446529028048,0.1,10,4.8,5.8,0.1,1,40.616386430103354,0.0,0.6357561653727513,0.0013601796235889196,6.984385254327208e-05,-0.0013552349606189007,-0.012041766196489334,0.0013534052995964885,0.07031063980958616,0.0,1,0.0,-0.6508293736784077,157286.4,1572864.0,3,,0,1235.7665781974474,0.084375,4.0155473291873935,111.50878221910989,10,1
107.56862618886534,2,1.0,0.0,0.0,0.0,0.0,0.0,0.0,0.0,100000000.0,0.0,0.0,0.0,0.0,0.1225,0.0,0.0,0.6,3.0,0.0,888.4213897399604,,0.9959900159288257,0.9959900159288257,72,0.0,107.56862618886534,1.0,False,0.17531757629967326,1.6147345509098956,0.1,8,3.9,4.9,0.1,2,60.06455352788872,0.0,0.441616429846102,0.0005551896174438298,3.530388767103432e-05,-0.000386637865460282,-0.004108434543013573,0.0006249755388125777,0.037549553152164725,0.0,2,0.0,-0.5856537961142495,288358.4,2883584.0,1,,0,995.9900159288258,0.078125,3.807302886247635,107.56862618886534,10,2
89.29885659295878,2,1.0,0.0,0.0,0.0,0.0,0.0,0.0,0.0,100000000.0,0.0,0.0,0.0,0.0,0.12166666666666665,0.0,0.0,0.0,0.0,0.0,1130.3458251059055,,1.2196446816988644,1.2196446816988644,72,0.0,89.29885659295878,1.0,False,0.050514811034773385,0.23262930172816065,0.1,10,3.5,4.5,0.1,1,57.57832573698106,0.0,0.35521765973517394,0.0005551896174438298,4.087829802301712e-05,-0.00027250833981817824,-0.004108434543013573,0.0006249755388125777,0.03151845490325581,0.0,1,0.0,-0.6350797463668189,267059.2,2670592.0,2,,0,1219.6446816988644,0.1109375,3.883585441112518,89.2988565929588,10,1
95.99942728630455,2,1.0,0.0,0.0,0.0,0.0,0.0,0.0,0.0,100000000.0,0.0,0.0,0.0,0.0,0.12083333333333332,0.0,0.0,0.8,4.0,0.0,1020.7104021683335,,1.116709829454638,1.116709829454638,72,0.0,95.99942728630455,1.0,False,0.22322224278790942,2.0559528346725515,0.1,9,4.0,5.0,0.1,2,61.04063946875093,0.0,0.36415621223753797,0.0005551896174438298,4.26230153607321e-05,-0.00017804426756878877,-0.004108434543013573,0.0006249755388125777,0.025470362869632984,0.0,2,0.0,-0.6699660361212737,262144.0,2621440.0,3,,0,1116.709829454638,0.1125,3.8673683822155,95.99942728630457,10,2
233.0045233792675,2,1.0,0.0,0.0,0.0,0.0,0.0,0.0,0.0,100000000.0,0.0,0.0,0.0,0.0,0.12,0.0,0.0,0.6,3.0,0.0,884.721155744046,,1.1177256791233134,1.1177256791233134,73,0.0,233.0045233792675,1.0,False,0.17425999834326805,1.6049938979615046,0.1,8,3.8,4.8,0.1,2,83.75376024628343,0.0,0.6405487797764542,0.0046723345294594765,4.124651604797691e-05,-0.0037749012333662124,-0.028088193386793137,0.004763839300721884,0.1174132322781534,0.0,2,0.0,-0.6459928387332907,327680.0,3276800.0,1,,0,1117.7256791233135,0.121875,3.699525332450867,233.00452337926754,10,2
93.25119894703803,2,1.0,0.0,0.0,0.0,0.0,0.0,0.0,0.0,100000000.0,0.0,0.0,0.0,0.0,0.11916666666666664,0.0,0.0,0.0,0.0,0.0,1137.1420281939209,,1.2303932271409588,1.2303932271409588,73,0.0,93.25119894703803,1.0,False,0.050514811034773385,0.23262930172816065,0.1,10,4.1,5.1,0.1,1,61.05317015415856,0.0,0.34528273262380604,0.0046723345294594765,5.254854841041379e-05,-0.00030965113161551816,-0.028088193386793137,0.004763839300721884,0.03359291178739039,0.0,1,0.0,-0.640454019087866,249036.8,2490368.0,2,,0,1230.3932271409587,0.1046875,3.8925374686717986,93.25119894703803,10,1
648.7555375457504,2,1.0,0.0,0.0,0.0,0.0,0.0,0.0,0.0,100000000.0,0.0,0.0,0.0,0.0,0.11833333333333332,0.0,0.0,0.0,0.0,0.0,1141.3910910487175,,1.7901466285944676,1.7901466285944676,73,0.0,648.7555375457504,1.0,False,0.06589216915936784,0.3034446529028048,0.1,10,3.7,4.7,0.1,1,137.39708058252177,0.0,0.7882144002927567,0.0046723345294594765,3.500037928461097e-05,-0.0702265746074412,-0.028088193386793137,0.004763839300721884,0.5122371423499109,0.0,1,0.0,-0.9280193988769178,340787.2,3407872.0,3,,0,1790.1466285944675,0.09375,3.886703944206238,648.7555375457503,10,1
99.98597492041958,2,1.0,0.0,0.0,0.0,0.0,0.0,0.0,0.0,100000000.0,0.0,0.0,0.0,0.0,0.1175,0.0,0.0,0.0,0.0,0.0,1138.8553380966187,,1.2388413130170381,1.2388413130170381,74,0.0,99.98597492041958,1.0,False,0.07473601283242348,0.34417205811550006,0.1,10,3.9,4.9,0.1,1,66.45375087149115,0.0,0.3353692762971733,0.01558210514485836,2.5309125703643076e-05,-0.00030992396325751903,-0.049292951822280884,0.015293365344405174,0.03362034492054798,0.0,1,0.0,-0.6567886629247308,288358.4,2883584.0,1,,0,1238.8413130170381,0.096875,3.7693394362926482,99.9859749204196,10,1
283.7485939163186,2,1.0,0.0,0.0,0.0,0.0,0.0,0.0,0.0,100000000.0,0.0,0.0,0.0,0.0,0.11666666666666667,0.0,0.0,0.0,0.0,0.0,1137.39194534719,,1.4211405392635086,1.4211405392635086,74,0.0,283.7485939163186,1.0,False,0.050514811034773385,0.23262930172816065,0.1,10,3.4,4.4,0.1,1,86.08817765967697,0.0,0.6966040378509663,0.01558210514485836,5.118597255204804e-05,-0.01085577320611536,-0.049292951822280884,0.015293365344405174,0.19934938672895736,0.0,1,0.0,-0.7358276751491409,306380.8,3063808.0,2,,0,1421.1405392635086,0.1,3.8747734487056733,283.74859391631867,10,1
232.3568119420069,2,1.0,0.0,0.0,0.0,0.0,0.0,0.0,0.0,100000000.0,0.0,0.0,0.0,0.0,0.11583333333333332,0.0,0.0,0.0,0.0,0.0,1134.685633238405,,1.367042445180412,1.367042445180412,74,0.0,232.3568119420069,1.0,False,0.06589216915936784,0.3034446529028048,0.1,10,3.0,4.0,0.1,1,109.36755538711098,0.0,0.5293120331914021,0.01558210514485836,4.0814036765368655e-05,-0.004213178638267812,-0.049292951822280884,0.015293365344405174,0.12405158518195966,0.0,1,0.0,-0.7164673071698899,476774.4,4767744.0,3,,0,1367.042445180412,0.103125,3.899162286520004,232.3568119420069,10,1
197.64781178733836,2,1.0,0.0,0.0,0.0,0.0,0.0,0.0,0.0,100000000.0,0.0,0.0,0.0,0.0,0.11499999999999999,0.0,0.0,0.8,4.0,0.0,1002.6115141808987,,1.200259325968237,1.200259325968237,75,0.0,197.64781178733836,1.0,False,0.22946089170133163,2.1134129146264296,0.1,9,3.9,4.9,0.1,2,74.01083626107645,0.0,0.6255418383244772,0.0002995420654769987,4.8274010623572394e-05,-0.003458973083942385,-0.006655554287135601,0.0005070535116828978,0.1123853218345715,0.0,2,0.0,-0.7148601088347843,327680.0,3276800.0,1,,0,1200.2593259682371,0.1078125,3.737229424715042,197.64781178733836,10,2
89.40732299386924,2,1.0,0.0,0.0,0.0,0.0,0.0,0.0,0.0,100000000.0,0.0,0.0,0.0,0.0,0.11416666666666667,0.0,0.0,0.0,0.0,0.0,1128.4014778211713,,1.2178088008150405,1.2178088008150405,75,0.0,89.40732299386924,1.0,False,0.050514811034773385,0.23262930172816065,0.1,10,4.0,5.0,0.1,1,59.011645796437776,0.0,0.33996854149761013,0.0002995420654769987,2.641267747094389e-05,-0.000241793989628869,-0.006655554287135601,0.0005070535116828978,0.02969428754238166,0.0,1,0.0,-0.6341618059249069,262144.0,2621440.0,2,,0,1217.8088008150405,0.078125,4.001461565494537,89.40732299386924,10,1
78.65402853894086,2,1.0,0.0,0.0,0.0,0.0,0.0,0.0,0.0,100000000.0,0.0,0.0,0.0,0.0,0.11333333333333331,0.0,0.0,0.0,0.0,0.0,1141.2781360559165,,1.2199321645948573,1.2199321645948573,75,0.0,78.65402853894086,1.0,False,0.06589216915936784,0.3034446529028048,0.1,10,4.0,5.0,0.1,1,65.32074863017648,0.0,0.16951808008363115,0.0002995420654769987,3.1429339287569746e-05,-5.983018549321484e-05,-0.006655554287135601,0.0005070535116828978,0.014759524484716055,0.0,1,0.0,-0.6429121668771126,262144.0,2621440.0,3,,0,1219.9321645948573,0.078125,3.9762957274913786,78.65402853894086,10,1
59.69647852933199,2,1.0,0.0,0.0,0.0,0.0,0.0,0.0,0.0,100000000.0,0.0,0.0,0.0,0.0,0.11249999999999999,0.0,0.0,0.6,3.0,0.0,886.5904989652336,,0.9462869774945656,0.9462869774945656,76,0.0,59.69647852933199,1.0,False,0.17382838179256777,1.6010185626193767,0.1,8,4.8,5.8,0.1,2,32.40114274878634,0.0,0.45723527506122547,0.0002309324045199901,0.000338176121658762,-0.00014773213397517582,-0.0074907829985022545,0.0002814199251588434,0.0222067419296191,0.0,2,0.0,-0.5600576796435667,157286.4,1572864.0,1,,0,946.2869774945656,0.121875,3.7647676289081575,59.696478529332,10,2
226.81692141109932,2,1.0,0.0,0.0,0.0,0.0,0.0,0.0,0.0,100000000.0,0.0,0.0,0.0,0.0,0.11166666666666666,0.0,0.0,0.0,0.0,0.0,1129.6438407152891,,1.3564607621263884,1.3564607621263884,76,0.0,226.81692141109932,1.0,False,0.050514811034773385,0.23262930172816065,0.1,10,4.6,5.6,0.1,1,67.29646364155826,0.0,0.7033005155749146,0.0002309324045199901,5.469786992762238e-05,-0.006513648890954238,-0.0074907829985022545,0.0002814199251588434,0.1543032920993557,0.0,1,0.0,-0.7034877865805809,222822.4,2228224.0,2,,0,1356.4607621263885,0.1078125,3.8871601462364196,226.81692141109934,10,1
209.86186668291006,2,1.0,0.0,0.0,0.0,0.0,0.0,0.0,0.0,100000000.0,0.0,0.0,0.0,0.0,0.11083333333333331,0.0,0.0,0.8,4.0,0.0,1021.388438064605,,1.231250304747515,1.231250304747515,76,0.0,209.86186668291006,1.0,False,0.22322224278790942,2.0559528346725515,0.1,9,4.3,5.3,0.1,2,66.48596707852211,0.0,0.6831917673782116,0.0002309324045199901,5.451595825434197e-05,-0.005432065009780607,-0.0074907829985022545,0.0002814199251588434,0.14088500638985385,0.0,2,0.0,-0.7272362737677122,327680.0,3276800.0,3,,0,1231.250304747515,0.1078125,3.8583731830120085,209.86186668291006,10,2
81.54881299405682,2,1.0,0.0,0.0,0.0,0.0,0.0,0.0,0.0,100000000.0,0.0,0.0,0.0,0.0,0.10999999999999999,0.0,0.0,0.0,0.0,0.0,1117.9709676653147,,1.1995197806593714,1.1995197806593714,77,0.0,81.54881299405682,1.0,False,0.07473601283242348,0.34417205811550006,0.1,10,4.8,5.8,0.1,1,38.34448279293868,0.0,0.5297971682833301,0.00023031746968626976,4.559094668366015e-05,-0.0004002565645833678,-0.006661290302872658,0.00022500692284666002,0.03820110040518099,0.0,1,0.0,-0.6371278967458974,157286.4,1572864.0,1,,0,1199.5197806593715,0.1109375,3.6949523031711577,81.5488129940568,10,1
104.42395508135733,2,1.0,0.0,0.0,0.0,0.0,0.0,0.0,0.0,100000000.0,0.0,0.0,0.0,0.0,0.10916666666666666,0.0,0.0,0.0,0.0,0.0,1137.1411592699587,,1.241565114351316,1.241565114351316,77,0.0,104.42395508135733,1.0,False,0.050514811034773385,0.23262930172816065,0.1,10,4.6,5.6,0.1,1,41.99945381653944,0.0,0.5977986680947163,0.00023031746968626976,4.904131492367014e-05,-0.0010881553407044997,-0.006661290302872658,0.00022500692284666002,0.06300470240011694,0.0,1,0.0,-0.6460399626930446,196608.0,1966080.0,2,,0,1241.565114351316,0.0828125,3.926468199491501,104.42395508135733,10,1
68.34392623003751,2,1.0,0.0,0.0,0.0,0.0,0.0,0.0,0.0,100000000.0,0.0,0.0,0.0,0.0,0.10833333333333331,0.0,0.0,0.8,4.0,0.0,1024.2415820248425,,1.09258550825488,1.09258550825488,77,0.0,68.34392623003751,1.0,False,0.186423300815413,1.717022053777259,0.1,9,4.7,5.7,0.1,2,38.50507351532008,0.0,0.4365984566687523,0.00023031746968626976,0.0004618579550879076,-0.00020327781436840775,-0.006661290302872658,0.00022500692284666002,0.025616078150547523,0.0,2,0.0,-0.6395044045351466,170393.6,1703936.0,3,,0,1092.58550825488,0.0875,3.914109241962433,68.34392623003752,10,2
122.96837649387918,2,1.0,0.0,0.0,0.0,0.0,0.0,0.0,0.0,100000000.0,0.0,0.0,0.0,0.0,0.10749999999999998,0.0,0.0,0.8,4.0,0.0,1009.0868617407978,,1.132055238234677,1.132055238234677,78,0.0,122.96837649387918,1.0,False,0.22919659908523476,2.1109786896743774,0.1,9,4.8,5.8,0.1,2,41.33751043185503,0.0,0.6638362511526479,0.0011875906493514776,0.00032083821315609384,-0.0014392544638023863,-0.014360947534441948,0.0011076434748247266,0.0721877911025786,0.0,2,0.0,-0.6806259186599558,157286.4,1572864.0,1,,0,1132.0552382346768,0.0859375,3.7198319137096405,122.96837649387919,10,2
333.7343781379218,2,1.0,0.0,0.0,0.0,0.0,0.0,0.0,0.0,100000000.0,0.0,0.0,0.0,0.0,0.10666666666666666,0.0,0.0,0.8,4.0,0.0,1006.4882058650255,,1.3402225840029471,1.3402225840029471,78,0.0,333.7343781379218,1.0,False,0.19576302645213375,1.803044105872329,0.1,9,3.9,4.9,0.1,2,65.00326036714175,0.0,0.805224559933475,0.0011875906493514776,5.658552072418388e-05,-0.015351822706207885,-0.014360947534441948,0.0011076434748247266,0.23724325218346012,0.0,2,0.0,-0.7679928052275404,240844.8,2408448.0,2,,0,1340.222584002947,0.103125,3.9578816294670105,333.73437813792174,10,2
68.15293496068222,2,1.0,0.0,0.0,0.0,0.0,0.0,0.0,0.0,100000000.0,0.0,0.0,0.0,0.0,0.10583333333333333,0.0,0.0,0.0,0.0,0.0,1127.987738698721,,1.1961406736594031,1.1961406736594031,78,0.0,68.15293496068222,1.0,False,0.06589216915936784,0.3034446529028048,0.1,10,4.7,5.7,0.1,1,37.52434783443833,0.0,0.4494096570296448,0.0011875906493514776,4.260246714693494e-05,-0.00018059690574306897,-0.014360947534441948,0.0011076434748247266,0.025652526286238257,0.0,1,0.0,-0.6310164214093855,170393.6,1703936.0,3,,0,1196.140673659403,0.1140625,3.8460455536842346,68.15293496068222,10,1
82.19405711382738,2,1.0,0.0,0.0,0.0,0.0,0.0,0.0,0.0,100000000.0,0.0,0.0,0.0,0.0,0.10499999999999998,0.0,0.0,0.0,0.0,0.0,1131.2685059383512,,1.2134625630521785,1.2134625630521785,79,0.0,82.19405711382738,1.0,False,0.07473601283242348,0.34417205811550006,0.1,10,4.3,5.3,0.1,1,34.75999099761349,0.0,0.5770984884043902,6.720505189150572e-05,6.478284194599837e-05,-0.0005931732855282146,-0.005271820817142725,6.241998926270753e-05,0.04650145424754761,0.0,1,0.0,-0.644099287942301,149094.4,1490944.0,1,,0,1213.4625630521784,0.0890625,3.819871836900711,82.19405711382738,10,1
54.04085196087461,2,1.0,0.0,0.0,0.0,0.0,0.0,0.0,0.0,100000000.0,0.0,0.0,0.0,0.0,0.10416666666666666,0.0,0.0,0.0,0.0,0.0,1163.428895175457,,1.2174697471363316,1.2174697471363316,79,0.0,54.04085196087461,1.0,False,0.050514811034773385,0.23262930172816065,0.1,10,4.8,5.8,0.1,1,36.68102641205511,0.0,0.3212352307359616,6.720505189150572e-05,5.37616215297021e-05,-3.882472336480536e-05,-0.005271820817142725,6.241998926270753e-05,0.011851636496246482,0.0,1,0.0,-0.6339922790855524,157286.4,1572864.0,2,,0,1217.4697471363315,0.0921875,3.8812326908111574,54.04085196087462,10,1
420.7416513284611,2,1.0,0.0,0.0,0.0,0.0,0.0,0.0,0.0,100000000.0,0.0,0.0,0.0,0.0,0.10333333333333333,0.0,0.0,0.6,3.0,0.0,900.781714823097,,1.2369844583828864,1.2369844583828864,79,0.0,420.7416513284611,1.0,False,0.1803489094037383,1.661074841323126,0.1,8,3.9,4.9,0.1,2,128.81288649127083,0.0,0.69384327393175,6.720505189150572e-05,5.8756282669492066e-05,-0.013819847401369822,-0.005271820817142725,6.241998926270753e-05,0.22503623170522352,0.0,2,0.0,-0.7086666838933123,432537.6,4325376.0,3,,0,1236.9844583828865,0.1140625,3.806898772716522,420.74165132846116,10,2
128.19112871431432,2,1.0,0.0,0.0,0.0,0.0,0.0,0.0,0.0,100000000.0,0.0,0.0,0.0,0.0,0.10249999999999998,0.0,0.0,0.0,0.0,0.0,1153.83329289034,,1.2820244216046544,1.2820244216046544,80,0.0,128.19112871431432,1.0,False,0.07473601283242348,0.34417205811550006,0.1,10,3.2,4.2,0.1,1,96.7352724587567,0.0,0.2453824735848912,0.00469165900722146,2.6495752535993233e-05,-0.0002630953499136446,-0.0240462739020586,0.005036235321313143,0.030975152534205595,0.0,1,0.0,-0.6783802172185389,471859.2,4718592.0,1,0.05625,0,1282.0244216046544,0.0828125,3.806143122911453,128.1911287143143,10,1
129.34421066226056,2,1.0,0.0,0.0,0.0,0.0,0.0,0.0,0.0,100000000.0,0.0,0.0,0.0,0.0,0.10166666666666666,0.0,0.0,0.0,0.0,0.0,1147.334217093885,,1.2766784277561456,1.2766784277561456,80,0.0,129.34421066226056,1.0,False,0.050514811034773385,0.23262930172816065,0.1,10,3.4,4.4,0.1,1,95.70400512381576,0.0,0.26008280823859237,0.00469165900722146,3.7381891161203384e-05,-0.00033349453383479943,-0.0240462739020586,0.005036235321313143,0.03487145474065758,0.0,1,0.0,-0.6635966193954594,432537.6,4325376.0,2,0.05625,0,1276.6784277561455,0.09375,3.879954904317856,129.34421066226056,10,1
288.4317347437581,2,1.0,0.0,0.0,0.0,0.0,0.0,0.0,0.0,100000000.0,0.0,0.0,0.0,0.0,0.10083333333333333,0.0,0.0,0.0,0.0,0.0,1145.3268099576235,,1.4337585447013816,1.4337585447013816,80,0.0,288.4317347437581,1.0,False,0.06589216915936784,0.3034446529028048,0.1,10,3.4,4.4,0.1,1,122.19810899737998,0.0,0.5763361160451348,0.00469165900722146,3.9172955439426005e-05,-0.007567042273076752,-0.0240462739020586,0.005036235321313143,0.16634465984893868,0.0,1,0.0,-0.7498253569303748,432537.6,4325376.0,3,0.05625,0,1433.7585447013817,0.1015625,3.8279324591159822,288.4317347437581,10,1
370.400070900079,2,1.0,0.0,0.0,0.0,0.0,0.0,0.0,0.0,100000000.0,0.0,0.0,0.0,0.0,0.09999999999999998,0.0,0.0,0.8,4.0,0.0,998.8758396357298,,1.3692759105358088,1.3692759105358088,81,0.0,370.400070900079,1.0,False,0.25297861569434227,2.3300191573762485,0.1,9,1.5,2.5,0.1,2,200.0739005735258,0.0,0.45984378435095186,0.0006558371824212372,6.308186675596517e-05,-0.005194920878384246,-0.009526750072836876,0.0005852889735251665,0.13776830411897442,0.0,2,0.0,-0.8111272631150755,917504.0,9175040.0,1,,0,1369.2759105358089,0.1078125,3.886702370643616,370.40007090007896,10,2
617.083474063819,2,1.0,0.0,0.0,0.0,0.0,0.0,0.0,0.0,100000000.0,0.0,0.0,0.0,0.0,0.09916666666666665,0.0,0.0,0.4,2.0,0.0,788.4329226799309,,1.4055163967437498,1.4055163967437498,81,0.0,617.083474063819,1.0,False,0.11405889182471712,1.0505212161560564,0.1,7,1.4,2.4,0.1,2,213.17028206389753,0.0,0.6545519511970411,0.0006558371824212372,4.783958138432354e-05,-0.021403886819298557,-0.009526750072836876,0.0005852889735251665,0.2804185279616648,0.0,2,0.0,-0.7597876442842335,817561.6,8175616.0,2,,0,1405.5163967437497,0.1015625,3.9732171833515166,617.083474063819,10,2
300.1249174966647,2,1.0,0.0,0.0,0.0,0.0,0.0,0.0,0.0,100000000.0,0.0,0.0,0.0,0.0,0.09833333333333333,0.0,0.0,0.6,3.0,0.0,900.3989822231233,,1.1389820725824789,1.1389820725824789,81,0.0,300.1249174966647,1.0,False,0.14137149725805206,1.3020796086425572,0.1,8,1.5,2.5,0.1,2,197.54471205059858,0.0,0.34179169894217837,0.0006558371824212372,4.462308424990624e-05,-0.0008007711542052376,-0.009526750072836876,0.0005852889735251665,0.05404485164805274,0.0,2,0.0,-0.6401767849202654,917504.0,9175040.0,3,,0,1138.9820725824788,0.08125,3.981034702062607,300.12491749666475,10,2
378.54005400063494,2,1.0,0.0,0.0,0.0,0.0,0.0,0.0,0.0,100000000.0,0.0,0.0,0.0,0.0,0.09749999999999998,0.0,0.0,0.8,4.0,0.0,1013.9486300759017,,1.3924886840765367,1.3924886840765367,82,0.0,378.54005400063494,1.0,False,0.25297861569434227,2.3300191573762485,0.1,9,1.3,2.3,0.1,2,250.02577220392186,0.0,0.33949982422863373,0.00035568667226471007,5.023606718168594e-05,-0.00237376069832268,-0.006072938442230225,0.00038602823042310774,0.09308216485701665,0.0,2,0.0,-0.8227336498854395,969932.8,9699328.0,1,,0,1392.4886840765366,0.1,3.7179127514362333,378.5400540006349,10,2
309.37105255688925,2,1.0,0.0,0.0,0.0,0.0,0.0,0.0,0.0,100000000.0,0.0,0.0,0.0,0.0,0.09666666666666665,0.0,0.0,0.8,4.0,0.0,1017.8957157768309,,1.3272667683337203,1.3272667683337203,82,0.0,309.37105255688925,1.0,False,0.18762367076003547,1.728077869539522,0.1,9,1.3,2.3,0.1,2,203.33282476285913,0.0,0.34275420055511197,0.00035568667226471007,4.57864225609228e-05,-0.0018012835953662432,-0.006072938442230225,0.00038602823042310774,0.0810765311904768,0.0,2,0.0,-0.7574452195468778,969932.8,9699328.0,2,,0,1327.2667683337202,0.0921875,3.8346490383148195,309.3710525568893,10,2
281.93677284456817,2,1.0,0.0,0.0,0.0,0.0,0.0,0.0,0.0,100000000.0,0.0,0.0,0.0,0.0,0.09583333333333333,0.0,0.0,0.8,4.0,0.0,1012.1657480485737,,1.294102520893142,1.294102520893142,82,0.0,281.93677284456817,1.0,False,0.21118485876807022,1.9450844306616457,0.1,9,1.5,2.5,0.1,2,197.31786314362006,0.0,0.30013434873072947,0.00035568667226471007,4.116843774681911e-05,-0.0009353372303278484,-0.006072938442230225,0.00038602823042310774,0.05841307198759389,0.0,2,0.0,-0.7526436898306061,917504.0,9175040.0,3,,0,1294.1025208931421,0.1046875,3.8060800969600677,281.93677284456817,10,2
301.38503460055585,2,1.0,0.0,0.0,0.0,0.0,0.0,0.0,0.0,100000000.0,0.0,0.0,0.0,0.0,0.095,0.0,0.0,0.8,4.0,0.0,1012.6446094363928,,1.3140296440369488,1.3140296440369488,83,0.0,301.38503460055585,1.0,False,0.25297861569434227,2.3300191573762485,0.1,9,0.9,1.9,0.1,2,224.83014026650645,0.0,0.25401027106575597,0.00024344497069250792,0.00012041931404382922,-0.0006556909377143927,-0.00770455040037632,0.00024936371482908726,0.04885072987721835,0.0,2,0.0,-0.7835041298656455,948633.6,9486336.0,1,,0,1314.0296440369489,0.121875,3.7348960101604463,301.3850346005559,10,2
381.2726362475339,2,1.0,0.0,0.0,0.0,0.0,0.0,0.0,0.0,100000000.0,0.0,0.0,0.0,0.0,0.09416666666666665,0.0,0.0,0.6,3.0,0.0,899.3055718019605,,1.2805782080494945,1.2805782080494945,83,0.0,381.2726362475339,1.0,False,0.1395477041073126,1.285281852956168,0.1,8,1.3,2.3,0.1,2,243.11788709497512,0.0,0.3623515983530077,0.00024344497069250792,4.715847535408102e-05,-0.0029046107444958835,-0.00770455040037632,0.00024936371482908726,0.10297636646954626,0.0,2,0.0,-0.7100629560784035,969932.8,9699328.0,2,,0,1280.5782080494946,0.125,3.729291319847107,381.27263624753397,10,2
324.15085043215186,2,1.0,0.0,0.0,0.0,0.0,0.0,0.0,0.0,100000000.0,0.0,0.0,0.0,0.0,0.09333333333333332,0.0,0.0,0.8,4.0,0.0,1017.1421780250967,,1.3412930284572486,1.3412930284572486,83,0.0,324.15085043215186,1.0,False,0.21118485876807022,1.9450844306616457,0.1,9,1.3,2.3,0.1,2,212.4213962720205,0.0,0.34468351389846963,0.00024344497069250792,5.2506877182167955e-05,-0.0019624211027276517,-0.00770455040037632,0.00024936371482908726,0.08462645500535981,0.0,2,0.0,-0.7762389436126594,969932.8,9699328.0,3,,0,1341.2930284572487,0.1,3.859782075881958,324.1508504321519,10,2
577.5561769914233,2,1.0,0.0,0.0,0.0,0.0,0.0,0.0,0.0,100000000.0,0.0,0.0,0.0,0.0,0.0925,0.0,0.0,0.4,2.0,0.0,785.6305250898004,,1.3631867020812236,1.3631867020812236,84,0.0,577.5561769914233,1.0,False,0.15102698194498615,1.391009909065624,0.1,7,1.3,2.3,0.1,2,246.38102783320494,0.0,0.5734076828393722,0.0003091047692578286,4.50746483693365e-05,-0.014210009683713887,-0.008096529170870781,0.00029039327637292445,0.22820707255564562,0.0,2,0.0,-0.7571068420131049,969932.8,9699328.0,1,,0,1363.1867020812235,0.0859375,3.8066232025623323,577.5561769914233,10,2
672.8305085093853,2,1.0,0.0,0.0,0.0,0.0,0.0,0.0,0.0,100000000.0,0.0,0.0,0.0,0.0,0.09166666666666665,0.0,0.0,0.6,3.0,0.0,899.2673750035465,,1.572097883512932,1.572097883512932,84,0.0,672.8305085093853,1.0,False,0.15338166259908348,1.412697319357168,0.1,8,1.3,2.3,0.1,2,270.66237056822723,0.0,0.5977257761871365,0.0003091047692578286,5.2402960136532784e-05,-0.028787158123259604,-0.008096529170870781,0.00029039327637292445,0.32561508315893095,0.0,2,0.0,-0.8627397730560078,969932.8,9699328.0,2,,0,1572.097883512932,0.103125,3.849895626306534,672.8305085093854,10,2
233.51210223103172,2,1.0,0.0,0.0,0.0,0.0,0.0,0.0,0.0,100000000.0,0.0,0.0,0.0,0.0,0.09083333333333332,0.0,0.0,0.6,3.0,0.0,900.292407721281,,1.1338045099523129,1.1338045099523129,84,0.0,233.51210223103172,1.0,False,0.16420849625136097,1.5124161424454097,0.1,8,1.3,2.3,0.1,2,185.28564902257278,0.0,0.20652656863473723,0.0003091047692578286,4.6918386942707e-05,-0.00037960116762159046,-0.008096529170870781,0.00029039327637292445,0.03720098796887279,0.0,2,0.0,-0.6490065031018369,969932.8,9699328.0,3,,0,1133.8045099523129,0.0921875,3.8465548753738403,233.51210223103175,10,2
417.66578107366075,2,1.0,0.0,0.0,0.0,0.0,0.0,0.0,0.0,100000000.0,0.0,0.0,0.0,0.0,0.09,0.0,0.0,0.8,4.0,0.0,1014.9413677863777,,1.4326071488600385,1.4326071488600385,85,0.0,417.66578107366075,1.0,False,0.25297861569434227,2.3300191573762485,0.1,9,1.3,2.3,0.1,2,218.35515633678366,0.0,0.47720123066947184,0.0046457876451313496,4.52077692898456e-05,-0.007477025789185521,-0.02492169290781021,0.004674592986702919,0.1653491576235233,0.0,2,0.0,-0.8427928822771904,969932.8,9699328.0,1,,0,1432.6071488600385,0.109375,3.7446698188781737,417.66578107366075,10,2
979.1286511577116,2,1.0,0.0,0.0,0.0,0.0,0.0,0.0,0.0,100000000.0,0.0,0.0,0.0,0.0,0.08916666666666664,0.0,0.0,0.8,4.0,0.0,1015.8696328289807,,1.9949982839866922,1.9949982839866922,85,0.0,979.1286511577116,1.0,False,0.18762367076003547,1.728077869539522,0.1,9,1.3,2.3,0.1,2,352.3820359602265,0.0,0.6401065012819577,0.0046457876451313496,5.356924702937249e-05,-0.07613612999171127,-0.02492169290781021,0.004674592986702919,0.5339092122237146,0.0,2,0.0,-1.0913109773733638,969932.8,9699328.0,2,,0,1994.9982839866923,0.1015625,3.8775287687778475,979.1286511577115,10,2
292.22518238120165,2,1.0,0.0,0.0,0.0,0.0,0.0,0.0,0.0,100000000.0,0.0,0.0,0.0,0.0,0.08833333333333332,0.0,0.0,0.6,3.0,0.0,901.6689630225301,,1.1938941454037317,1.1938941454037317,85,0.0,292.22518238120165,1.0,False,0.15180536020658358,1.3981790377930836,0.1,8,1.4,2.4,0.1,2,172.96396324149106,0.0,0.4081141062789614,0.0046457876451313496,5.35954659426352e-05,-0.0019156917380847571,-0.02492169290781021,0.004674592986702919,0.08361173181144417,0.0,2,0.0,-0.6728497528051577,817561.6,8175616.0,3,,0,1193.8941454037317,0.121875,3.754591715335846,292.2251823812017,10,2
455.4371005826694,2,1.0,0.0,0.0,0.0,0.0,0.0,0.0,0.0,100000000.0,0.0,0.0,0.0,0.0,0.0875,0.0,0.0,0.8,4.0,0.0,1014.0018379315734,,1.4694389385142428,1.4694389385142428,86,0.0,455.4371005826694,1.0,False,0.25297861569434227,2.3300191573762485,0.1,9,1.3,2.3,0.1,2,273.6493691860132,0.0,0.39915002788328774,0.01699489913880825,5.183829307497945e-05,-0.005220559009516623,-0.05128214508295059,0.01678762584924698,0.13811034343883938,0.0,2,0.0,-0.8612087771042926,969932.8,9699328.0,1,,0,1469.4389385142429,0.1109375,3.7109180450439454,455.4371005826695,10,2
327.0208861643393,2,1.0,0.0,0.0,0.0,0.0,0.0,0.0,0.0,100000000.0,0.0,0.0,0.0,0.0,0.08666666666666664,0.0,0.0,0.8,4.0,0.0,1016.6434408165514,,1.3436643269808908,1.3436643269808908,86,0.0,327.0208861643393,1.0,False,0.18762367076003547,1.728077869539522,0.1,9,1.3,2.3,0.1,2,225.77611515389663,0.0,0.3095972621135999,0.01699489913880825,4.7718411224195734e-05,-0.0015416339700964898,-0.05128214508295059,0.01678762584924698,0.07500124461503008,0.0,2,0.0,-0.7656439988704631,969932.8,9699328.0,2,,0,1343.6643269808908,0.1140625,3.7494076907634737,327.02088616433934,10,2
268.23051384002116,2,1.0,0.0,0.0,0.0,0.0,0.0,0.0,0.0,100000000.0,0.0,0.0,0.0,0.0,0.08583333333333332,0.0,0.0,0.6,3.0,0.0,897.7362969890237,,1.1659668108290449,1.1659668108290449,86,0.0,268.23051384002116,1.0,False,0.16238303942296947,1.4956030637215758,0.1,8,1.8,2.8,0.1,2,180.278979218533,0.0,0.3278953365982234,0.01699489913880825,4.602664557751268e-05,-0.002120765647380174,-0.05128214508295059,0.01678762584924698,0.08797869957079489,0.0,2,0.0,-0.6641749251260072,878182.4,8781824.0,3,,0,1165.9668108290448,0.1109375,3.825340509414673,268.23051384002116,10,2
62.499991577950915,2,1.0,0.0,0.0,0.0,0.0,0.0,0.0,0.0,100000000.0,0.0,0.0,0.0,0.0,0.08499999999999999,0.0,0.0,0.6,3.0,0.0,902.8432541526854,,0.9434753772853189,0.9434753772853189,87,0.0,62.499991577950915,1.0,False,0.18354388516960013,1.6905016556069288,0.1,8,4.8,5.8,0.1,2,36.918979491390466,0.0,0.40929624853877666,0.012297223322093487,0.00016419632447650656,-2.596040443181291e-05,-0.03462615981698036,0.012179527431726456,0.009160168198535514,0.0,2,0.0,-0.5635096312274596,157286.4,1572864.0,1,,0,943.4753772853189,0.1390625,3.6440750300884246,62.499991577950915,10,2
110.61492108490962,2,1.0,0.0,0.0,0.0,0.0,0.0,0.0,0.0,100000000.0,0.0,0.0,0.0,0.0,0.08416666666666667,0.0,0.0,0.6,3.0,0.0,908.0074988305569,,1.0186224199154665,1.0186224199154665,87,0.0,110.61492108490962,1.0,False,0.1395477041073126,1.285281852956168,0.1,8,4.6,5.6,0.1,2,48.69791715725786,0.0,0.5597527288395692,0.012297223322093487,4.513960266194772e-05,-0.0010349995652280675,-0.03462615981698036,0.012179527431726456,0.06144683305268188,0.0,2,0.0,-0.5790850620113895,196608.0,1966080.0,2,,0,1018.6224199154665,0.1078125,3.7958846211433412,110.61492108490962,10,2
69.79381836300915,2,1.0,0.0,0.0,0.0,0.0,0.0,0.0,0.0,100000000.0,0.0,0.0,0.0,0.0,0.08333333333333331,0.0,0.0,0.4,2.0,0.0,796.0890852846205,,0.8462294654285502,0.8462294654285502,87,0.0,69.79381836300915,1.0,False,0.15889554782393225,1.4634820790500356,0.1,7,4.8,5.8,0.1,2,38.19089375181562,0.0,0.4528040642055363,0.012297223322093487,0.00022981223446549848,-0.0001079671635820234,-0.03462615981698036,0.012179527431726456,0.019305549944491785,0.0,2,0.0,-0.5025625066262412,157286.4,1572864.0,3,,0,846.2294654285502,0.115625,3.795942264795303,69.79381836300915,10,2
91.4606874224288,2,1.0,0.0,0.0,0.0,0.0,0.0,0.0,0.0,100000000.0,0.0,0.0,0.0,0.0,0.08249999999999999,0.0,0.0,0.6,3.0,0.0,896.427895873785,,0.9878885832962139,0.9878885832962139,88,0.0,91.4606874224288,1.0,False,0.1729317323273605,1.5927601158504674,0.1,8,4.3,5.3,0.1,2,35.1023249015442,0.0,0.6162031372078218,0.00040976228774525225,0.0003186780013493262,-0.0004309365845815427,-0.012028282508254051,0.00034941325429826975,0.039133877616697677,0.0,2,0.0,-0.5804101578117872,149094.4,1490944.0,1,,0,987.8885832962138,0.09375,3.680606925487518,91.46068742242882,10,2
132.72586427286763,2,1.0,0.0,0.0,0.0,0.0,0.0,0.0,0.0,100000000.0,0.0,0.0,0.0,0.0,0.08166666666666667,0.0,0.0,0.0,0.0,0.0,1139.9651071988046,,1.2726909714716723,1.2726909714716723,88,0.0,132.72586427286763,1.0,False,0.050514811034773385,0.23262930172816065,0.1,10,4.6,5.6,0.1,1,52.26686494662845,0.0,0.6062043729534555,0.00040976228774525225,3.965222276747227e-05,-0.0018133896353410561,-0.012028282508254051,0.00034941325429826975,0.08135001301034854,0.0,1,0.0,-0.6616028912532228,196608.0,1966080.0,2,,0,1272.6909714716724,0.1171875,3.8045933842658997,132.72586427286763,10,1
75.9668138155067,2,1.0,0.0,0.0,0.0,0.0,0.0,0.0,0.0,100000000.0,0.0,0.0,0.0,0.0,0.08083333333333331,0.0,0.0,0.8,4.0,0.0,1020.660781301558,,1.0966275951170648,1.0966275951170648,88,0.0,75.9668138155067,1.0,False,0.22322224278790942,2.0559528346725515,0.1,9,4.7,5.7,0.1,2,40.34973115501807,0.0,0.46885055291365013,0.00040976228774525225,0.0004238980709487805,-0.0002689707417423137,-0.012028282508254051,0.00034941325429826975,0.03015439965479335,0.0,2,0.0,-0.6599249189524871,170393.6,1703936.0,3,,0,1096.6275951170649,0.1234375,3.788808810710907,75.9668138155067,10,2
80.69607288663713,2,1.0,0.0,0.0,0.0,0.0,0.0,0.0,0.0,100000000.0,0.0,0.0,0.0,0.0,0.07999999999999999,0.0,0.0,0.0,0.0,0.0,1125.9678732603788,,1.2066639461470159,1.2066639461470159,89,0.0,80.69607288663713,1.0,False,0.07473601283242348,0.34417205811550006,0.1,10,4.8,5.8,0.1,1,37.29905269231421,0.0,0.537783545616744,8.090148912742734e-05,4.2595609556883574e-05,-0.00040841080576037303,-0.0059740785509347916,9.623495861887932e-05,0.03858990646578485,0.0,1,0.0,-0.6406999794897197,157286.4,1572864.0,1,,0,1206.6639461470158,0.096875,3.6691238045692445,80.69607288663713,10,1
61.064622369507,2,1.0,0.0,0.0,0.0,0.0,0.0,0.0,0.0,100000000.0,0.0,0.0,0.0,0.0,0.07916666666666666,0.0,0.0,0.0,0.0,0.0,1148.6851940862834,,1.2097498164557905,1.2097498164557905,89,0.0,61.064622369507,1.0,False,0.050514811034773385,0.23262930172816065,0.1,10,4.8,5.8,0.1,1,38.10862842102959,0.0,0.37592951626833654,8.090148912742734e-05,5.514907024917193e-05,-0.0001621538470368833,-0.0059740785509347916,9.623495861887932e-05,0.024295711200519227,0.0,1,0.0,-0.6301323137452819,157286.4,1572864.0,2,,0,1209.7498164557906,0.1046875,3.9181336998939513,61.064622369507006,10,1
202.78784802505402,2,1.0,0.0,0.0,0.0,0.0,0.0,0.0,0.0,100000000.0,0.0,0.0,0.0,0.0,0.07833333333333331,0.0,0.0,0.0,0.0,0.0,1144.6291678585112,,1.3474170158835652,1.3474170158835652,89,0.0,202.78784802505402,1.0,False,0.06589216915936784,0.3034446529028048,0.1,10,4.1,5.1,0.1,1,64.35346933761194,0.0,0.6826561849521614,8.090148912742734e-05,4.5550561480922624e-05,-0.005163923646793467,-0.0059740785509347916,9.623495861887932e-05,0.1373587044936709,0.0,1,0.0,-0.7066545925214666,327680.0,3276800.0,3,,0,1347.4170158835652,0.1015625,3.7926653742790224,202.78784802505405,10,1
65.86523089397959,2,1.0,0.0,0.0,0.0,0.0,0.0,0.0,0.0,100000000.0,0.0,0.0,0.0,0.0,0.07749999999999999,0.0,0.0,0.0,0.0,0.0,1137.4560538679361,,1.2033212847619157,1.2033212847619157,90,0.0,65.86523089397959,1.0,False,0.07473601283242348,0.34417205811550006,0.1,10,4.8,5.8,0.1,1,39.39676655050372,0.0,0.40185791477875493,0.0045341975055634975,4.275314859114587e-05,-0.00018864403750545877,-0.02288784831762314,0.004436906427145004,0.026218371152746757,0.0,1,0.0,-0.6390286487971696,157286.4,1572864.0,1,0.08359375,0,1203.3212847619156,0.109375,3.6687892258167265,65.86523089397959,10,1
131.47177356366936,2,1.0,0.0,0.0,0.0,0.0,0.0,0.0,0.0,100000000.0,0.0,0.0,0.0,0.0,0.07666666666666666,0.0,0.0,0.8,4.0,0.0,1020.1713680289686,,1.1203683580838877,1.1203683580838877,90,0.0,131.47177356366936,1.0,False,0.21337170106011874,1.9652259925112452,0.1,9,4.8,5.8,0.1,2,54.69381777080679,0.0,0.5839881345761295,0.0045341975055634975,0.0002888836897909641,-0.0005488072551044221,-0.02288784831762314,0.004436906427145004,0.044370954515872266,0.0,2,0.0,-0.6668700295720033,157286.4,1572864.0,2,0.08359375,0,1120.3683580838876,0.1078125,3.801006692647934,131.47177356366936,10,2
67.81343221244009,2,1.0,0.0,0.0,0.0,0.0,0.0,0.0,0.0,100000000.0,0.0,0.0,0.0,0.0,0.07583333333333334,0.0,0.0,0.0,0.0,0.0,1135.4614640586078,,1.203274896271048,1.203274896271048,90,0.0,67.81343221244009,1.0,False,0.06589216915936784,0.3034446529028048,0.1,10,4.7,5.7,0.1,1,37.10872397276495,0.0,0.4527820999162241,0.0045341975055634975,5.0069851567968726e-05,-0.00019385360121487727,-0.02288784831762314,0.004436906427145004,0.026573218057866888,0.0,1,0.0,-0.634583532715208,170393.6,1703936.0,3,0.08359375,0,1203.274896271048,0.109375,3.7874363720417024,67.8134322124401,10,1
68.96412466733416,2,1.0,0.0,0.0,0.0,0.0,0.0,0.0,0.0,100000000.0,0.0,0.0,0.0,0.0,0.07499999999999998,0.0,0.0,0.8,4.0,0.0,987.3727220110595,,1.0563368466783938,1.0563368466783938,91,0.0,68.96412466733416,1.0,False,0.2309966761925369,2.127558012528432,0.1,9,4.8,5.8,0.1,2,35.61381816920235,0.0,0.4835892090127356,0.0003403556765988469,0.00038063623651396483,-0.0001871511869835918,-0.011988447979092598,0.00036126450868323445,0.024994560745491605,0.0,2,0.0,-0.6436667614354653,157286.4,1572864.0,1,,0,1056.3368466783938,0.1015625,3.7965024769306184,68.96412466733418,10,2
60.29543707066563,2,1.0,0.0,0.0,0.0,0.0,0.0,0.0,0.0,100000000.0,0.0,0.0,0.0,0.0,0.07416666666666666,0.0,0.0,0.8,4.0,0.0,1012.2360568493605,,1.0725314939200261,1.0725314939200261,91,0.0,60.29543707066563,1.0,False,0.2064946923362743,1.9018864014235881,0.1,9,4.8,5.8,0.1,2,34.13430820866384,0.0,0.4338823986190069,0.0003403556765988469,0.00035583517455961555,-0.00010883796876598462,-0.011988447979092598,0.00036126450868323445,0.018610669899356436,0.0,2,0.0,-0.6395130931281502,157286.4,1572864.0,2,,0,1072.5314939200262,0.10625,3.9069846868515015,60.29543707066564,10,2
227.44335603461994,2,1.0,0.0,0.0,0.0,0.0,0.0,0.0,0.0,100000000.0,0.0,0.0,0.0,0.0,0.07333333333333333,0.0,0.0,0.0,0.0,0.0,1132.637764327228,,1.3600811203618481,1.3600811203618481,91,0.0,227.44335603461994,1.0,False,0.06589216915936784,0.3034446529028048,0.1,10,4.4,5.4,0.1,1,61.6506469243603,0.0,0.7289406558221192,0.0003403556765988469,4.6150231355568394e-05,-0.007557367261434633,-0.011988447979092598,0.00036126450868323445,0.1662372922038957,0.0,1,0.0,-0.712986644760608,249036.8,2490368.0,3,,0,1360.0811203618482,0.0828125,3.9451437175273893,227.44335603461997,10,1
93.3532580523009,2,1.0,0.0,0.0,0.0,0.0,0.0,0.0,0.0,100000000.0,0.0,0.0,0.0,0.0,0.07249999999999998,0.0,0.0,0.0,0.0,0.0,1139.7712100297213,,1.2331244680820221,1.2331244680820221,92,0.0,93.3532580523009,1.0,False,0.07473601283242348,0.34417205811550006,0.1,10,4.8,5.8,0.1,1,40.16519408018245,0.0,0.5697504841482874,0.004388175904750824,4.501451985561289e-05,-0.0006311802518358389,-0.022027146071195602,0.004334182478487492,0.04797856989361144,0.0,1,0.0,-0.6539302404572228,157286.4,1572864.0,1,,0,1233.124468082022,0.1046875,3.7058121263980865,93.35325805230089,10,1
109.77763447988865,2,1.0,0.0,0.0,0.0,0.0,0.0,0.0,0.0,100000000.0,0.0,0.0,0.0,0.0,0.07166666666666666,0.0,0.0,0.0,0.0,0.0,1146.6859760694206,,1.2564636105493092,1.2564636105493092,92,0.0,109.77763447988865,1.0,False,0.050514811034773385,0.23262930172816065,0.1,10,4.6,5.6,0.1,1,43.476697988942696,0.0,0.6039566875809511,0.004388175904750824,3.997616659034975e-05,-0.0012269301714516456,-0.022027146071195602,0.004334182478487492,0.0669066241341458,0.0,1,0.0,-0.6534892107920413,196608.0,1966080.0,2,,0,1256.4636105493091,0.09375,3.9513853073120115,109.77763447988866,10,1
46.964276241691316,2,1.0,0.0,0.0,0.0,0.0,0.0,0.0,0.0,100000000.0,0.0,0.0,0.0,0.0,0.07083333333333333,0.0,0.0,0.0,0.0,0.0,1080.1871023140848,,1.127151378555776,1.127151378555776,92,0.0,46.964276241691316,1.0,False,0.06589216915936784,0.3034446529028048,0.1,10,4.8,5.8,0.1,1,33.69363999114154,0.0,0.28256873761357176,0.004388175904750824,4.953036841470748e-05,-6.540734618470934e-05,-0.022027146071195602,0.004334182478487492,0.015414319531369325,0.0,1,0.0,-0.596521773857572,157286.4,1572864.0,3,,0,1127.151378555776,0.0953125,3.8167461276054384,46.96427624169132,10,1
55.25545926572677,2,1.0,0.0,0.0,0.0,0.0,0.0,0.0,0.0,100000000.0,0.0,0.0,0.0,0.0,0.06999999999999998,0.0,0.0,0.0,0.0,0.0,1134.856247343123,,1.1901117066088498,1.1901117066088498,93,0.0,55.25545926572677,1.0,False,0.07473601283242348,0.34417205811550006,0.1,10,4.8,5.8,0.1,1,34.16346519655841,0.0,0.38171783113295127,0.00031755061354488134,4.860211265622638e-05,-9.571158446536332e-05,-0.007811771240085363,0.00031275799847207963,0.01865958759799998,0.0,1,0.0,-0.6324238597206366,157286.4,1572864.0,1,,0,1190.1117066088498,0.11875,3.6611604154109956,55.25545926572678,10,1
98.20599323355252,2,1.0,0.0,0.0,0.0,0.0,0.0,0.0,0.0,100000000.0,0.0,0.0,0.0,0.0,0.06916666666666665,0.0,0.0,0.8,4.0,0.0,1012.5753530301154,,1.110781346263668,1.110781346263668,93,0.0,98.20599323355252,1.0,False,0.2096852406841227,1.9312724376805182,0.1,9,4.8,5.8,0.1,2,39.98417488715507,0.0,0.5928540247837513,0.00031755061354488134,0.00039711251338303555,-0.0007293667910218127,-0.007811771240085363,0.00031275799847207963,0.05097007742032815,0.0,2,0.0,-0.6602332934738954,157286.4,1572864.0,2,,0,1110.781346263668,0.09375,3.838928020000458,98.20599323355253,10,2
136.2657915582088,2,1.0,0.0,0.0,0.0,0.0,0.0,0.0,0.0,100000000.0,0.0,0.0,0.0,0.0,0.06833333333333333,0.0,0.0,0.0,0.0,0.0,1127.4423808790743,,1.2637081724372832,1.2637081724372832,93,0.0,136.2657915582088,1.0,False,0.06589216915936784,0.3034446529028048,0.1,10,4.6,5.6,0.1,1,48.15643181296418,0.0,0.6465992582416171,0.00031755061354488134,4.052593430969864e-05,-0.0021118125783048947,-0.007811771240085363,0.00031275799847207963,0.08779373132310586,0.0,1,0.0,-0.6648001707983255,196608.0,1966080.0,3,,0,1263.708172437283,0.09375,3.7649509072303773,136.26579155820883,10,1
49.7717565019697,2,1.0,0.0,0.0,0.0,0.0,0.0,0.0,0.0,100000000.0,0.0,0.0,0.0,0.0,0.06749999999999998,0.0,0.0,0.0,0.0,0.0,1135.738488752395,,1.1855102452543647,1.1855102452543647,94,0.0,49.7717565019697,1.0,False,0.07473601283242348,0.34417205811550006,0.1,10,4.9,5.9,0.1,1,31.31823747100256,0.0,0.3707628648837588,0.004745173268020153,5.368448910303414e-05,-4.9285180647895555e-05,-0.029936058446764946,0.004811006598174572,0.0133649125792983,0.0,1,0.0,-0.6301231290433941,144179.2,1441792.0,1,,0,1185.5102452543647,0.0796875,3.8813662111759184,49.771756501969705,10,1
106.27451976404035,2,1.0,0.0,0.0,0.0,0.0,0.0,0.0,0.0,100000000.0,0.0,0.0,0.0,0.0,0.06666666666666665,0.0,0.0,0.8,4.0,0.0,1022.1950588747859,,1.1284695786388261,1.1284695786388261,94,0.0,106.27451976404035,1.0,False,0.20998731228930423,1.9340546199809494,0.1,9,4.9,5.9,0.1,2,42.84367744037742,0.0,0.5968584234913263,0.004745173268020153,0.0003162050143146189,-0.0007341765198839445,-0.029936058446764946,0.004811006598174572,0.0513672746591791,0.0,2,0.0,-0.6692284454640651,144179.2,1441792.0,2,,0,1128.469578638826,0.09375,3.9193885743618013,106.27451976404033,10,2
117.40425761504076,2,1.0,0.0,0.0,0.0,0.0,0.0,0.0,0.0,100000000.0,0.0,0.0,0.0,0.0,0.06583333333333333,0.0,0.0,0.0,0.0,0.0,1135.890459176153,,1.2532947167911936,1.2532947167911936,94,0.0,117.40425761504076,1.0,False,0.06589216915936784,0.3034446529028048,0.1,10,4.9,5.9,0.1,1,39.165612316707126,0.0,0.6664038160768576,0.004745173268020153,5.6270131608471274e-05,-0.0014585209314375014,-0.029936058446764946,0.004811006598174572,0.07294770135864975,0.0,1,0.0,-0.6595934429752808,144179.2,1441792.0,3,,0,1253.2947167911937,0.096875,3.814731168746948,117.40425761504078,10,1
68.51755241971902,2,1.0,0.0,0.0,0.0,0.0,0.0,0.0,0.0,100000000.0,0.0,0.0,0.0,0.0,0.065,0.0,0.0,0.0,0.0,0.0,1134.5516480505466,,1.2030692004702657,1.2030692004702657,95,0.0,68.51755241971902,1.0,False,0.07473601283242348,0.34417205811550006,0.1,10,4.8,5.8,0.1,1,34.94781095561928,0.0,0.4899436754316771,0.004431873559951782,5.1562052249209955e-05,-0.00022544369207100345,-0.021500514820218086,0.00435541570186615,0.0286586490856185,0.0,1,0.0,-0.6389026066513446,157286.4,1572864.0,1,,0,1203.0692004702657,0.071875,3.865676534175873,68.51755241971904,10,1
62.16354038083349,2,1.0,0.0,0.0,0.0,0.0,0.0,0.0,0.0,100000000.0,0.0,0.0,0.0,0.0,0.06416666666666665,0.0,0.0,0.8,4.0,0.0,1021.5308112092316,,1.083694351590065,1.083694351590065,95,0.0,62.16354038083349,1.0,False,0.20751856787913212,1.9113166436718505,0.1,9,4.8,5.8,0.1,2,36.67005718639061,0.0,0.4101034631917961,0.004431873559951782,0.0005545685926335864,-0.00012321990669328375,-0.021500514820218086,0.00435541570186615,0.018067786706498137,0.0,2,0.0,-0.6456064597345985,157286.4,1572864.0,2,,0,1083.694351590065,0.103125,3.830860596895218,62.16354038083348,10,2
81.23383350714202,2,1.0,0.0,0.0,0.0,0.0,0.0,0.0,0.0,100000000.0,0.0,0.0,0.0,0.0,0.06333333333333332,0.0,0.0,0.8,4.0,0.0,1010.7699390500784,,1.0920037725572205,1.0920037725572205,95,0.0,81.23383350714202,1.0,False,0.21118485876807022,1.9450844306616457,0.1,9,4.8,5.8,0.1,2,37.89051296898048,0.0,0.5335624168758554,0.004431873559951782,6.015138205839321e-05,-0.00035648357805478925,-0.021500514820218086,0.00435541570186615,0.03604168548239824,0.0,2,0.0,-0.6515943156626454,157286.4,1572864.0,3,,0,1092.0037725572204,0.11875,3.72847096323967,81.23383350714202,10,2
59.99667702268846,2,1.0,0.0,0.0,0.0,0.0,0.0,0.0,0.0,100000000.0,0.0,0.0,0.0,0.0,0.0625,0.0,0.0,0.0,0.0,0.0,1125.9563937783241,,1.1859530708010126,1.1859530708010126,96,0.0,59.99667702268846,1.0,False,0.07473601283242348,0.34417205811550006,0.1,10,4.8,5.8,0.1,1,32.42576321388128,0.0,0.4595406808677238,0.0011875913478434086,4.424395228852518e-05,-0.0002069948873362759,-0.01207657065242529,0.0012090764939785004,0.027464446001562382,0.0,1,0.0,-0.6303445418167181,157286.4,1572864.0,1,,0,1185.9530708010127,0.109375,3.7504419803619387,59.99667702268845,10,1
183.70717955187058,2,1.0,0.0,0.0,0.0,0.0,0.0,0.0,0.0,100000000.0,0.0,0.0,0.0,0.0,0.06166666666666665,0.0,0.0,0.0,0.0,0.0,1141.5876997634768,,1.3252948793153474,1.3252948793153474,96,0.0,183.70717955187058,1.0,False,0.050514811034773385,0.23262930172816065,0.1,10,4.6,5.6,0.1,1,46.464283527013194,0.0,0.7470742099445614,0.0011875913478434086,4.162341429037042e-05,-0.005205494529401888,-0.01207657065242529,0.0012090764939785004,0.13791196389779192,0.0,1,0.0,-0.6879048451750603,196608.0,1966080.0,2,,0,1325.2948793153473,0.0953125,3.8142927646636964,183.70717955187058,10,1
194.01690825539308,2,1.0,0.0,0.0,0.0,0.0,0.0,0.0,0.0,100000000.0,0.0,0.0,0.0,0.0,0.06083333333333332,0.0,0.0,0.0,0.0,0.0,1141.6193353943527,,1.3356362436497458,1.3356362436497458,96,0.0,194.01690825539308,1.0,False,0.06589216915936784,0.3034446529028048,0.1,10,4.2,5.2,0.1,1,64.76042884633253,0.0,0.6662124480352738,0.0011875913478434086,3.685542833409272e-05,-0.00455167940441803,-0.01207657065242529,0.0012090764939785004,0.12894666248285713,0.0,1,0.0,-0.7007642064045568,288358.4,2883584.0,3,,0,1335.6362436497457,0.096875,3.7828661262989045,194.0169082553931,10,1
69.67979325091666,2,1.0,0.0,0.0,0.0,0.0,0.0,0.0,0.0,100000000.0,0.0,0.0,0.0,0.0,0.06,0.0,0.0,0.0,0.0,0.0,1129.8143761232495,,1.1994941693741663,1.1994941693741663,97,0.0,69.67979325091666,1.0,False,0.07473601283242348,0.34417205811550006,0.1,10,4.8,5.8,0.1,1,38.80519072385925,0.0,0.4430926253738741,0.004502867814153433,4.52120766567532e-05,-0.0002534823175824874,-0.025109589099884033,0.0044119758531451225,0.030394949688320738,0.0,1,0.0,-0.6371150911032949,157286.4,1572864.0,1,,0,1199.4941693741664,0.10625,3.713030290603638,69.67979325091666,10,1
120.77001604441712,2,1.0,0.0,0.0,0.0,0.0,0.0,0.0,0.0,100000000.0,0.0,0.0,0.0,0.0,0.059166666666666645,0.0,0.0,0.0,0.0,0.0,1145.5483241006732,,1.2663183401450904,1.2663183401450904,97,0.0,120.77001604441712,1.0,False,0.050514811034773385,0.23262930172816065,0.1,10,4.6,5.6,0.1,1,42.44118051244673,0.0,0.648578497357841,0.004502867814153433,4.003044159617275e-05,-0.0017552055672683253,-0.025109589099884033,0.0044119758531451225,0.08003330385260281,0.0,1,0.0,-0.6584165755899318,196608.0,1966080.0,2,,0,1266.3183401450904,0.109375,3.8198051750659943,120.77001604441712,10,1
174.6044498400003,2,1.0,0.0,0.0,0.0,0.0,0.0,0.0,0.0,100000000.0,0.0,0.0,0.0,0.0,0.05833333333333332,0.0,0.0,0.0,0.0,0.0,1141.582581680268,,1.3161870315202684,1.3161870315202684,97,0.0,174.6044498400003,1.0,False,0.06589216915936784,0.3034446529028048,0.1,10,4.4,5.4,0.1,1,51.14510339464243,0.0,0.7070801835720137,0.004502867814153433,4.5006720029050484e-05,-0.004323959705615998,-0.025109589099884033,0.0044119758531451225,0.12567372880359073,0.0,1,0.0,-0.6910396003398181,249036.8,2490368.0,3,,0,1316.1870315202684,0.1015625,3.7869626700878145,174.60444984000034,10,1
74.62238381839869,2,1.0,0.0,0.0,0.0,0.0,0.0,0.0,0.0,100000000.0,0.0,0.0,0.0,0.0,0.057499999999999996,0.0,0.0,0.0,0.0,0.0,1124.3991069495678,,1.1990214907679664,1.1990214907679664,98,0.0,74.62238381839869,1.0,False,0.07473601283242348,0.34417205811550006,0.1,10,4.8,5.8,0.1,1,46.205613062902074,0.0,0.3808075982221604,0.0002311714633833617,3.8839476474095136e-05,-0.0002277893770649686,-0.005324712023139,0.0002492953499313444,0.0288155447171601,0.0,1,0.0,-0.6368787518001949,157286.4,1572864.0,1,,0,1199.0214907679663,0.115625,3.6490228176116943,74.62238381839869,10,1
61.65222472218266,2,1.0,0.0,0.0,0.0,0.0,0.0,0.0,0.0,100000000.0,0.0,0.0,0.0,0.0,0.05666666666666664,0.0,0.0,0.0,0.0,0.0,1112.7735110931098,,1.1744257358152925,1.1744257358152925,98,0.0,61.65222472218266,1.0,False,0.050514811034773385,0.23262930172816065,0.1,10,4.7,5.7,0.1,1,36.36782447379221,0.0,0.41011334728514737,0.0002311714633833617,6.275935447774827e-05,-0.0001779275557782789,-0.005324712023139,0.0002492953499313444,0.025445327946154346,0.0,1,0.0,-0.6124702734250329,170393.6,1703936.0,2,,0,1174.4257358152925,0.1015625,3.795503431558609,61.652224722182666,10,1
57.14290639645933,2,1.0,0.0,0.0,0.0,0.0,0.0,0.0,0.0,100000000.0,0.0,0.0,0.0,0.0,0.05583333333333332,0.0,0.0,0.0,0.0,0.0,1139.1470553353429,,1.1962899617318021,1.1962899617318021,98,0.0,57.14290639645933,1.0,False,0.06589216915936784,0.3034446529028048,0.1,10,4.7,5.7,0.1,1,41.34370290551683,0.0,0.27648582277784606,0.0002311714633833617,6.448149360949174e-05,-7.335951908854499e-05,-0.005324712023139,0.0002492953499313444,0.01630726085131444,0.0,1,0.0,-0.631091065445585,170393.6,1703936.0,3,,0,1196.2899617318021,0.11875,3.774397152662277,57.142906396459324,10,1
164.54602463427378,2,1.0,0.0,0.0,0.0,0.0,0.0,0.0,0.0,100000000.0,0.0,0.0,0.0,0.0,0.05499999999999999,0.0,0.0,0.0,0.0,0.0,1131.2503600493073,,1.2957963846835812,1.2957963846835812,99,0.0,164.54602463427378,1.0,False,0.07473601283242348,0.34417205811550006,0.1,10,3.3,4.3,0.1,1,102.5401091013822,0.0,0.3768302252862582,0.00019317571423016489,2.4107002900564112e-05,-0.0010557100078341652,-0.007000587414950132,0.0001534958282718435,0.06206360923862351,0.0,1,0.0,-0.6852661987580023,445644.8,4456448.0,1,,0,1295.7963846835812,0.1421875,3.640545833110809,164.54602463427378,10,1
151.36749515708453,2,1.0,0.0,0.0,0.0,0.0,0.0,0.0,0.0,100000000.0,0.0,0.0,0.0,0.0,0.05416666666666667,0.0,0.0,0.0,0.0,0.0,1143.6088499613106,,1.294976345118395,1.294976345118395,99,0.0,151.36749515708453,1.0,False,0.050514811034773385,0.23262930172816065,0.1,10,3.5,4.5,0.1,1,90.81662830575969,0.0,0.40002555891201746,0.00019317571423016489,4.1974959458457306e-05,-0.001023042748519165,-0.007000587414950132,0.0001534958282718435,0.061091574435694906,0.0,1,0.0,-0.6727455780765842,406323.2,4063232.0,2,,0,1294.976345118395,0.1125,3.7988598585128783,151.36749515708453,10,1
141.28884675594546,2,1.0,0.0,0.0,0.0,0.0,0.0,0.0,0.0,100000000.0,0.0,0.0,0.0,0.0,0.053333333333333316,0.0,0.0,0.8,4.0,0.0,1019.9060398153961,,1.1611948865713415,1.1611948865713415,99,0.0,141.28884675594546,1.0,False,0.22322224278790942,2.0559528346725515,0.1,9,3.3,4.3,0.1,2,96.50350280216996,0.0,0.31697720649624406,0.00019317571423016489,3.9186426874948665e-05,-0.00046508871552630726,-0.007000587414950132,0.0001534958282718435,0.04118359931324822,0.0,2,0.0,-0.6922085646796254,445644.8,4456448.0,3,,0,1161.1948865713416,0.13125,3.7678624987602234,141.28884675594546,10,2
177.0334474329891,7,1.0,0.0,0.0,0.0,0.0,0.0,0.0,0.0,100000000.0,0.0,0.0,0.0,0.0,0.05249999999999999,0.0,0.0,0.0,0.0,0.0,1118.4214521199465,,1.2954548995529356,1.2954548995529356,100,0.0,177.0334474329891,1.0,False,0.07473601283242348,0.34417205811550006,0.1,10,3.1,4.1,0.1,1,123.27475209154402,0.0,0.30366405965061427,0.00831748079508543,2.7430181944509968e-05,-0.0007919788048698084,-0.027790002524852753,0.005396953783929348,0.05375178225455977,0.0,1,0.0,-0.6850954561926795,524288.0,5242880.0,1,0.071875,0,1295.4548995529356,0.1125,3.6865672051906584,177.03344743298913,10,1
1351.5173273229357,2,1.0,0.0,0.0,0.0,0.0,0.0,0.0,0.0,20000000.0,0.0,0.0,0.0,0.0,0.051666666666666666,0.0,0.0,0.0,0.0,0.0,1138.6850490234792,,2.490202376346415,2.490202376346415,100,0.0,1351.5173273229357,1.0,False,0.050514811034773385,0.23262930172816065,0.1,10,3.2,4.2,0.1,1,625.0364495779887,0.0,0.5375298289249083,0.00831748079508543,2.5806391931837425e-05,-0.13787083241567877,-0.027790002524852753,0.005396953783929348,0.7265467146326567,0.0,1,0.0,-1.2703585936905941,471859.2,4718592.0,2,0.071875,0,2490.202376346415,0.1125,3.850466799736023,1351.5173273229357,10,1
163.35667432864784,2,1.0,0.0,0.0,0.0,0.0,0.0,0.0,0.0,100000000.0,0.0,0.0,0.0,0.0,0.050833333333333314,0.0,0.0,0.8,4.0,0.0,1022.9220720939338,,1.1802650935417685,1.1802650935417685,100,0.0,163.35667432864784,1.0,False,0.21593318100677225,1.9888180946759153,0.1,9,3.2,4.2,0.1,2,108.22661149788226,0.0,0.3374827692675268,0.00831748079508543,3.847262814815622e-05,-0.0007063426404019246,-0.027790002524852753,0.005396953783929348,0.05075867918050646,0.0,2,0.0,-0.6980991372742703,471859.2,4718592.0,3,0.071875,0,1180.2650935417685,0.1125,3.7041802406311035,163.3566743286478,10,2
357.36657184816414,7,1.0,0.0,0.0,0.0,0.0,0.0,0.0,0.0,100000000.0,0.0,0.0,0.0,0.0,0.04999999999999999,0.0,0.0,0.0,0.0,0.0,1106.2108231708407,,1.463577395019005,1.463577395019005,101,0.0,357.36657184816414,1.0,False,0.07473601283242348,0.34417205811550006,0.1,10,3.2,4.2,0.1,1,151.26812811586402,0.0,0.5767143878803137,0.00013760753790847957,3.2299056329065934e-05,-0.011754549490434252,-0.004566086456179619,0.00011178186105098575,0.20747069605304488,0.0,1,0.0,-0.7691567039257142,471859.2,4718592.0,1,,0,1463.577395019005,0.09375,3.879278081655502,357.36657184816414,10,1
671.1103681155118,2,1.0,0.0,0.0,0.0,0.0,0.0,0.0,0.0,20000000.0,0.0,0.0,0.0,0.0,0.04999999999999999,0.0,0.0,0.8,4.0,0.0,1018.9701663330197,,1.6900805344485317,1.6900805344485317,101,0.0,671.1103681155118,1.0,False,0.2096852406841227,1.9312724376805182,0.1,9,3.2,4.2,0.1,2,528.414044013004,0.0,0.21262720840269736,0.00013760753790847957,4.2839203160838224e-05,-0.0045423327026205,-0.004566086456179619,0.00011178186105098575,0.12881325256143938,0.0,2,0.0,-0.9498828875663272,471859.2,4718592.0,2,,0,1690.0805344485316,0.125,3.8444287359714506,671.1103681155118,10,2
181.25607085666343,2,1.0,0.0,0.0,0.0,0.0,0.0,0.0,0.0,100000000.0,0.0,0.0,0.0,0.0,0.04999999999999999,0.0,0.0,0.6,3.0,0.0,868.2600460015237,,1.0495161168581872,1.0495161168581872,101,0.0,181.25607085666343,1.0,False,0.18705787204917707,1.722866670830491,0.1,8,3.3,4.3,0.1,2,117.86091891483527,0.0,0.34975464072572104,0.00013760753790847957,4.063727828906849e-05,-0.000935496874922892,-0.004566086456179619,0.00011178186105098575,0.05841820818560275,0.0,2,0.0,-0.6182869944536822,445644.8,4456448.0,3,,0,1049.5161168581872,0.125,3.877088987827301,181.25607085666343,10,2
225.72649316998695,7,1.0,0.0,0.0,0.0,0.0,0.0,0.0,0.0,100000000.0,0.0,0.0,0.0,0.0,0.04999999999999999,0.0,0.0,0.8,4.0,0.0,1011.5481279790401,,1.1641134032501548,1.1641134032501548,102,0.0,225.72649316998695,1.0,False,0.23568437247233914,2.1707332908258574,0.1,9,2.7,3.7,0.1,2,107.50052141108202,0.0,0.5237576240989709,0.011586278676986694,0.00011210121192561928,-0.0007657106254193025,-0.03344603255391121,0.011630356311798096,0.052807777596673676,0.0,2,0.0,-0.699898887861247,476774.4,4767744.0,1,,0,1164.1134032501548,0.1109375,3.7063884973526,225.726493169987,10,2
783.0421489145845,2,1.0,0.0,0.0,0.0,0.0,0.0,0.0,0.0,20000000.0,0.0,0.0,0.0,0.0,0.04999999999999999,0.0,0.0,0.0,0.0,0.0,1144.7210260666907,,1.927763174981275,1.927763174981275,102,0.0,783.0421489145845,1.0,False,0.050514811034773385,0.23262930172816065,0.1,10,3.2,4.2,0.1,1,524.5506909664806,0.0,0.33011180599462286,0.011586278676986694,2.7587795557337813e-05,-0.01844289755877987,-0.03344603255391121,0.011630356311798096,0.2601710846920612,0.0,1,0.0,-0.9891389930080241,471859.2,4718592.0,2,,0,1927.763174981275,0.1171875,3.7313030898571014,783.0421489145843,10,1
251.37256841358086,2,1.0,0.0,0.0,0.0,0.0,0.0,0.0,0.0,100000000.0,0.0,0.0,0.0,0.0,0.04999999999999999,0.0,0.0,0.0,0.0,0.0,1142.0150650665164,,1.3933876334800972,1.3933876334800972,102,0.0,251.37256841358086,1.0,False,0.06589216915936784,0.3034446529028048,0.1,10,3.3,4.3,0.1,1,114.32567236358426,0.0,0.5451943181982954,0.011586278676986694,2.8935437512700446e-05,-0.0051569875006686194,-0.03344603255391121,0.011630356311798096,0.13726806993105556,0.0,1,0.0,-0.7296399013197326,445644.8,4456448.0,3,,0,1393.3876334800973,0.0953125,3.817890006303787,251.37256841358086,10,1
231.61986725656843,7,1.0,0.0,0.0,0.0,0.0,0.0,0.0,0.0,100000000.0,0.0,0.0,0.0,0.0,0.04999999999999999,0.0,0.0,0.8,4.0,0.0,1009.9068288691342,,1.2415266961257025,1.2415266961257025,103,0.0,231.61986725656843,1.0,False,0.2302984723898191,2.121127317856393,0.1,9,4.5,5.5,0.1,2,57.01703651234445,0.0,0.7538335670955812,0.00012227773549966514,0.0003340298444527434,-0.006491200186226731,-0.0058264099061489105,9.391250205226243e-05,0.1538949118534211,0.0,2,0.0,-0.7359125842577608,249036.8,2490368.0,1,,0,1241.5266961257025,0.0859375,3.7784699857234956,231.61986725656843,10,2
902.4807259234786,2,1.0,0.0,0.0,0.0,0.0,0.0,0.0,0.0,20000000.0,0.0,0.0,0.0,0.0,0.04999999999999999,0.0,0.0,0.0,0.0,0.0,1142.6642015576363,,2.0451449274811146,2.0451449274811146,103,0.0,902.4807259234786,1.0,False,0.050514811034773385,0.23262930172816065,0.1,10,4.6,5.6,0.1,1,273.95245769565327,0.0,0.6964450876052486,0.00012227773549966514,4.3477244616951793e-05,-0.10429990772502423,-0.0058264099061489105,9.391250205226243e-05,0.6280567839607512,0.0,1,0.0,-1.047829869257944,196608.0,1966080.0,2,,0,2045.1449274811146,0.10625,3.8113932430744173,902.4807259234786,10,1
187.6834244855227,2,1.0,0.0,0.0,0.0,0.0,0.0,0.0,0.0,100000000.0,0.0,0.0,0.0,0.0,0.04999999999999999,0.0,0.0,0.0,0.0,0.0,1146.431782282889,,1.3341152067684117,1.3341152067684117,103,0.0,187.6834244855227,1.0,False,0.06589216915936784,0.3034446529028048,0.1,10,4.3,5.3,0.1,1,64.9265605969892,0.0,0.6540634274179208,0.00012227773549966514,3.9454833313357085e-05,-0.0042200764894916865,-0.0058264099061489105,9.391250205226243e-05,0.12415341662027143,0.0,1,0.0,-0.7000036879638898,288358.4,2883584.0,3,,0,1334.1152067684116,0.1015625,3.8720482885837555,187.6834244855227,10,1
57.32942390821113,7,1.0,0.0,0.0,0.0,0.0,0.0,0.0,0.0,100000000.0,0.0,0.0,0.0,0.0,0.04999999999999999,0.0,0.0,0.0,0.0,0.0,1135.6922793202102,,1.1930217032284214,1.1930217032284214,104,0.0,57.32942390821113,1.0,False,0.07473601283242348,0.34417205811550006,0.1,10,4.8,5.8,0.1,1,33.24750965597716,0.0,0.4200620311620607,0.00015047438500914723,4.759313742397353e-05,-0.00010243745205701371,-0.007246821653097868,0.00020704063354060054,0.01930682974648831,0.0,1,0.0,-0.6338788580304224,157286.4,1572864.0,1,,0,1193.0217032284213,0.11875,3.736094117164612,57.329423908211126,10,1
411.5594050727594,2,1.0,0.0,0.0,0.0,0.0,0.0,0.0,0.0,20000000.0,0.0,0.0,0.0,0.0,0.04999999999999999,0.0,0.0,0.0,0.0,0.0,1147.2273040562868,,1.5587867091290462,1.5587867091290462,104,0.0,411.5594050727594,1.0,False,0.050514811034773385,0.23262930172816065,0.1,10,4.8,5.8,0.1,1,187.56156949506405,0.0,0.5442661079221234,0.00015047438500914723,5.534719821298495e-05,-0.01308074617387267,-0.007246821653097868,0.00020704063354060054,0.21890890362662105,0.0,1,0.0,-0.8046507600819097,157286.4,1572864.0,2,,0,1558.7867091290461,0.1,3.8788442969322205,411.55940507275943,10,1
83.65336878005643,2,1.0,0.0,0.0,0.0,0.0,0.0,0.0,0.0,100000000.0,0.0,0.0,0.0,0.0,0.04999999999999999,0.0,0.0,0.0,0.0,0.0,1143.9657099545002,,1.2276190787345567,1.2276190787345567,104,0.0,83.65336878005643,1.0,False,0.06589216915936784,0.3034446529028048,0.1,10,4.8,5.8,0.1,1,43.810587308243164,0.0,0.47628424357384724,0.00015047438500914723,5.377196066547185e-05,-0.00042430682305755196,-0.007246821653097868,0.00020704063354060054,0.039328714119823846,0.0,1,0.0,-0.6467556239469623,157286.4,1572864.0,3,,0,1227.6190787345568,0.10625,3.8089742958545685,83.65336878005643,10,1
133.62262581348307,7,1.0,0.0,0.0,0.0,0.0,0.0,0.0,0.0,100000000.0,0.0,0.0,0.0,0.0,0.04999999999999999,0.0,0.0,0.8,4.0,0.0,975.1574047841132,,1.1087800305975963,1.1087800305975963,105,0.0,133.62262581348307,1.0,False,0.23568437247233914,2.1707332908258574,0.1,9,4.3,5.3,0.1,2,42.83042558145152,0.0,0.6794672659611082,0.0076188864186406136,0.00035703171306522563,-0.0017962642191965972,-0.02037070505321026,0.004640883766114712,0.08065273505767796,0.0,2,0.0,-0.6722322015349678,149094.4,1490944.0,1,,0,1108.7800305975964,0.1234375,3.709395354986191,133.6226258134831,10,2
314.0048636672681,2,1.0,0.0,0.0,0.0,0.0,0.0,0.0,0.0,20000000.0,0.0,0.0,0.0,0.0,0.04999999999999999,0.0,0.0,0.0,0.0,0.0,1148.7164697609842,,1.4627213334282523,1.4627213334282523,105,0.0,314.0048636672681,1.0,False,0.050514811034773385,0.23262930172816065,0.1,10,4.8,5.8,0.1,1,179.94491194854234,0.0,0.42693590842204593,0.0076188864186406136,5.209116352489218e-05,-0.004541241180730515,-0.02037070505321026,0.004640883766114712,0.12879638255138787,0.0,1,0.0,-0.7566180722315128,157286.4,1572864.0,2,,0,1462.7213334282524,0.0984375,3.8131358206272123,314.0048636672681,10,1
72.64802346905829,2,1.0,0.0,0.0,0.0,0.0,0.0,0.0,0.0,100000000.0,0.0,0.0,0.0,0.0,0.04999999999999999,0.0,0.0,0.0,0.0,0.0,1144.371470902115,,1.2170194943711734,1.2170194943711734,105,0.0,72.64802346905829,1.0,False,0.06589216915936784,0.3034446529028048,0.1,10,4.8,5.8,0.1,1,36.121116759742144,0.0,0.5027928492077064,0.0076188864186406136,5.203206819714978e-05,-0.0002747675287639306,-0.02037070505321026,0.004640883766114712,0.031642383586867065,0.0,1,0.0,-0.6414558317652707,157286.4,1572864.0,3,,0,1217.0194943711733,0.1375,3.7218950986862183,72.64802346905829,10,1
289.43397561603643,7,1.0,0.0,0.0,0.0,0.0,0.0,0.0,0.0,100000000.0,0.0,0.0,0.0,0.0,0.04999999999999999,0.0,0.0,0.0,0.0,0.0,1141.3957090117037,,1.4308296846277402,1.4308296846277402,106,0.0,289.43397561603643,1.0,False,0.07473601283242348,0.34417205811550006,0.1,10,3.7,4.7,0.1,1,73.45576894419288,0.0,0.7462088934519581,0.00016604299889877439,4.9244008550886065e-05,-0.01283796332906062,-0.00619923509657383,0.00021408070460893214,0.2168595607428351,0.0,1,0.0,-0.7527828487300818,319488.0,3194880.0,1,,0,1430.82968462774,0.1078125,3.713238614797592,289.4339756160365,10,1
640.3830616213377,2,1.0,0.0,0.0,0.0,0.0,0.0,0.0,0.0,20000000.0,0.0,0.0,0.0,0.0,0.04999999999999999,0.0,0.0,0.8,4.0,0.0,1020.2222890220582,,1.660605350643396,1.660605350643396,106,0.0,640.3830616213377,1.0,False,0.18943107029477468,1.7447246344426217,0.1,9,4.6,5.6,0.1,2,239.9086091703524,0.0,0.6253670286610238,0.00016604299889877439,0.0003063247168029193,-0.032683777184310814,-0.00619923509657383,0.00021408070460893214,0.34713065015318106,0.0,2,0.0,-0.9250182104690854,196608.0,1966080.0,2,,0,1660.605350643396,0.1125,3.7700352013111114,640.3830616213377,10,2
57.76764328917561,2,1.0,0.0,0.0,0.0,0.0,0.0,0.0,0.0,100000000.0,0.0,0.0,0.0,0.0,0.04999999999999999,0.0,0.0,0.0,0.0,0.0,1129.012388177216,,1.1867800314663917,1.1867800314663917,106,0.0,57.76764328917561,1.0,False,0.06589216915936784,0.3034446529028048,0.1,10,4.8,5.8,0.1,1,35.84489838437301,0.0,0.37949868917208257,0.00016604299889877439,5.0104114052373916e-05,-0.000122438002339742,-0.00619923509657383,0.00021408070460893214,0.02110957737537309,0.0,1,0.0,-0.6263361003128798,157286.4,1572864.0,3,,0,1186.7800314663916,0.121875,3.7879156947135924,57.76764328917563,10,1
225.56713386297002,7,1.0,0.0,0.0,0.0,0.0,0.0,0.0,0.0,100000000.0,0.0,0.0,0.0,0.0,0.04999999999999999,0.0,0.0,0.8,4.0,0.0,1007.2970599867404,,1.2328641938497105,1.2328641938497105,107,0.0,225.56713386297002,1.0,False,0.24350425301402215,2.2427570522829514,0.1,9,4.3,5.3,0.1,2,61.04331761429074,0.0,0.729378493360766,0.00011983247532043606,5.0872224164777435e-05,-0.006159989699946744,-0.003792600007727742,0.00013909257540944964,0.1500473158286449,0.0,2,0.0,-0.7381842234318663,262144.0,2621440.0,1,,0,1232.8641938497105,0.1140625,3.7276639461517336,225.56713386297002,10,2
303.2317738750479,2,1.0,0.0,0.0,0.0,0.0,0.0,0.0,0.0,20000000.0,0.0,0.0,0.0,0.0,0.04999999999999999,0.0,0.0,0.0,0.0,0.0,1138.567459769547,,1.4417992336445948,1.4417992336445948,107,0.0,303.2317738750479,1.0,False,0.050514811034773385,0.23262930172816065,0.1,10,4.7,5.7,0.1,1,170.21726931843688,0.0,0.4386562227856176,0.00011983247532043606,5.298657197272405e-05,-0.004472751780443152,-0.003792600007727742,0.00013909257540944964,0.12781978620123216,0.0,1,0.0,-0.7461570223396841,170393.6,1703936.0,2,,0,1441.7992336445948,0.1,3.7738847374916076,303.2317738750479,10,1
69.99100480350975,2,1.0,0.0,0.0,0.0,0.0,0.0,0.0,0.0,100000000.0,0.0,0.0,0.0,0.0,0.04999999999999999,0.0,0.0,0.0,0.0,0.0,1140.6392226926982,,1.210630227496208,1.210630227496208,107,0.0,69.99100480350975,1.0,False,0.06589216915936784,0.3034446529028048,0.1,10,4.7,5.7,0.1,1,35.53546738250427,0.0,0.4922852231902475,0.00011983247532043606,5.328354745870456e-05,-0.00031587536213739664,-0.003792600007727742,0.00013909257540944964,0.033928757745968166,0.0,1,0.0,-0.6382611983277879,170393.6,1703936.0,3,,0,1210.630227496208,0.11875,3.7979212045669555,69.99100480350975,10,1
110.47656212475817,7,1.0,0.0,0.0,0.0,0.0,0.0,0.0,0.0,100000000.0,0.0,0.0,0.0,0.0,0.04999999999999999,0.0,0.0,0.0,0.0,0.0,1128.153683617711,,1.2386302457424692,1.2386302457424692,108,0.0,110.47656212475817,1.0,False,0.07473601283242348,0.34417205811550006,0.1,10,4.0,5.0,0.1,1,70.67078322865359,0.0,0.36030971755939506,0.000340649567078799,3.061975439777598e-05,-0.0004591578593172718,-0.011008275672793388,0.0003320220857858658,0.04092295558835983,0.0,1,0.0,-0.6566831292874463,262144.0,2621440.0,1,,0,1238.6302457424692,0.0890625,3.7029481887817384,110.47656212475819,10,1
328.8647352024341,2,1.0,0.0,0.0,0.0,0.0,0.0,0.0,0.0,20000000.0,0.0,0.0,0.0,0.0,0.04999999999999999,0.0,0.0,0.8,4.0,0.0,1022.068337071687,,1.350933072274121,1.350933072274121,108,0.0,328.8647352024341,1.0,False,0.22565437185824,2.0783535712388743,0.1,9,4.0,5.0,0.1,2,272.0320700852211,0.0,0.17281471387386482,0.000340649567078799,4.481953146751039e-05,-0.0007058553153390101,-0.011008275672793388,0.0003320220857858658,0.05073907338548914,0.0,2,0.0,-0.7882937220661805,262144.0,2621440.0,2,,0,1350.933072274121,0.103125,3.8547956109046937,328.8647352024341,10,2
113.9732862475998,2,1.0,0.0,0.0,0.0,0.0,0.0,0.0,0.0,100000000.0,0.0,0.0,0.0,0.0,0.04999999999999999,0.0,0.0,0.0,0.0,0.0,1126.1663069017231,,1.2401395931493229,1.2401395931493229,108,0.0,113.9732862475998,1.0,False,0.06589216915936784,0.3034446529028048,0.1,10,4.0,5.0,0.1,1,58.785559307419156,0.0,0.4842163348724435,0.000340649567078799,2.4551181923015974e-05,-0.0008584881703739833,-0.011008275672793388,0.0003320220857858658,0.055964672852392164,0.0,1,0.0,-0.6530158811543454,262144.0,2621440.0,3,,0,1240.1395931493228,0.1296875,3.6857599198818205,113.9732862475998,10,1
133.68022028162466,7,1.0,0.0,0.0,0.0,0.0,0.0,0.0,0.0,100000000.0,0.0,0.0,0.0,0.0,0.04999999999999999,0.0,0.0,0.0,0.0,0.0,1123.0933577753603,,1.256773578056985,1.256773578056985,109,0.0,133.68022028162466,1.0,False,0.07473601283242348,0.34417205811550006,0.1,10,4.0,5.0,0.1,1,61.14073188503007,0.0,0.542634416997334,0.00010409779497422278,2.5453280613874085e-05,-0.0015328694897119854,-0.0064508551731705666,0.00015724392142146826,0.07479195974469499,0.0,1,0.0,-0.6657547954447043,262144.0,2621440.0,1,,0,1256.7735780569851,0.1171875,3.585844171047211,133.68022028162468,10,1
313.09449516668707,2,1.0,0.0,0.0,0.0,0.0,0.0,0.0,0.0,20000000.0,0.0,0.0,0.0,0.0,0.04999999999999999,0.0,0.0,0.6,3.0,0.0,902.5862119160593,,1.2156807070827462,1.2156807070827462,109,0.0,313.09449516668707,1.0,False,0.1466282106727606,1.3504957284299561,0.1,8,4.0,5.0,0.1,2,268.89941386603965,0.0,0.1411557276889157,0.00010409779497422278,3.600553554861108e-05,-0.0003150284733216546,-0.0064508551731705666,0.00015724392142146826,0.03389230145074744,0.0,2,0.0,-0.6811544588777534,262144.0,2621440.0,2,,0,1215.6807070827463,0.109375,3.773256057500839,313.094495166687,10,2
109.43406912693106,2,1.0,0.0,0.0,0.0,0.0,0.0,0.0,0.0,100000000.0,0.0,0.0,0.0,0.0,0.04999999999999999,0.0,0.0,0.0,0.0,0.0,1134.721381124109,,1.2441554502510401,1.2441554502510401,109,0.0,109.43406912693106,1.0,False,0.06589216915936784,0.3034446529028048,0.1,10,4.0,5.0,0.1,1,65.51781296325493,0.0,0.40130332824175874,0.00010409779497422278,2.820721419993788e-05,-0.0005434525788750033,-0.0064508551731705666,0.00015724392142146826,0.04452323133901092,0.0,1,0.0,-0.655023809705204,262144.0,2621440.0,3,,0,1244.15545025104,0.1234375,3.7475284695625306,109.43406912693106,10,1
114.61240489540576,7,1.0,0.0,0.0,0.0,0.0,0.0,0.0,0.0,100000000.0,0.0,0.0,0.0,0.0,0.04999999999999999,0.0,0.0,0.9899494936611665,3.2998316455372216,0.0,887.3757827095687,,1.0019881876049745,1.0019881876049745,110,0.0,114.61240489540576,1.0,False,0.2830794950598159,3.9108877527420827,0.1,8,3.9,4.9,0.1,3,67.42920009922967,0.0,0.4116762477781969,0.001223597675561905,4.800060499595323e-05,-0.00043915022498886014,-0.01687919721007347,0.0012332871556282043,0.04001425476391597,0.0,3,0.0,-0.6425338413323952,288358.4,2883584.0,1,0.08828125,0,1001.9881876049745,0.11875,3.5422875046730042,114.61240489540577,10,3
361.2104379754013,2,1.0,0.0,0.0,0.0,0.0,0.0,0.0,0.0,20000000.0,0.0,0.0,0.0,0.0,0.04999999999999999,0.0,0.0,0.0,0.0,0.0,1141.7902712710202,,1.5030007092464215,1.5030007092464215,110,0.0,361.2104379754013,1.0,False,0.050514811034773385,0.23262930172816065,0.1,10,4.0,5.0,0.1,1,285.43538398928746,0.0,0.2097809089095985,0.001223597675561905,2.6390996936243027e-05,-0.00157774027936336,-0.01687919721007347,0.0012332871556282043,0.07587922441422465,0.0,1,0.0,-0.7767577601405974,262144.0,2621440.0,2,0.08828125,0,1503.0007092464216,0.1296875,3.7805278599262238,361.2104379754013,10,1
79.9660553806724,2,1.0,0.0,0.0,0.0,0.0,0.0,0.0,0.0,100000000.0,0.0,0.0,0.0,0.0,0.04999999999999999,0.0,0.0,0.0,0.0,0.0,1144.3808707408607,,1.2243469261215332,1.2243469261215332,110,0.0,79.9660553806724,1.0,False,0.06589216915936784,0.3034446529028048,0.1,10,4.0,5.0,0.1,1,59.05587932319915,0.0,0.26148815216571497,0.001223597675561905,2.7726642656489275e-05,-0.00011752637790929388,-0.01687919721007347,0.0012332871556282043,0.020697683109392406,0.0,1,0.0,-0.6451195476404505,262144.0,2621440.0,3,0.08828125,0,1224.3469261215332,0.1,3.7722750902175903,79.96605538067239,10,1
120.31909876532042,7,1.0,0.0,0.0,0.0,0.0,0.0,0.0,0.0,100000000.0,0.0,0.0,0.0,0.0,0.04999999999999999,0.0,0.0,0.0,0.0,0.0,1090.5878213234246,,1.210906920088745,1.210906920088745,111,0.0,120.31909876532042,1.0,False,0.07473601283242348,0.34417205811550006,0.1,10,4.0,5.0,0.1,1,68.08572300865215,0.0,0.43412372842443114,0.0004933063755743206,3.558201206033118e-05,-0.000758082907819202,-0.010100407525897026,0.00047226890455931425,0.05258656866857436,0.0,1,0.0,-0.6428214664605842,262144.0,2621440.0,1,,0,1210.906920088745,0.1296875,3.7024732887744904,120.31909876532042,10,1
306.642769275896,2,1.0,0.0,0.0,0.0,0.0,0.0,0.0,0.0,20000000.0,0.0,0.0,0.0,0.0,0.04999999999999999,0.0,0.0,0.0,0.0,0.0,1144.9410771019757,,1.4515838463778716,1.4515838463778716,111,0.0,306.642769275896,1.0,False,0.050514811034773385,0.23262930172816065,0.1,10,4.0,5.0,0.1,1,259.38446574889826,0.0,0.1541151732962533,0.0004933063755743206,3.178344923071563e-05,-0.0006235760283654357,-0.010100407525897026,0.00047226890455931425,0.047692780394942444,0.0,1,0.0,-0.7510493287063225,262144.0,2621440.0,2,,0,1451.5838463778716,0.0953125,3.9021132826805114,306.64276927589606,10,1
66.12974349330497,2,1.0,0.0,0.0,0.0,0.0,0.0,0.0,0.0,100000000.0,0.0,0.0,0.0,0.0,0.04999999999999999,0.0,0.0,0.0,0.0,0.0,1130.5302092805505,,1.1966599527738555,1.1966599527738555,111,0.0,66.12974349330497,1.0,False,0.06589216915936784,0.3034446529028048,0.1,10,3.6,4.6,0.1,1,50.813322534525355,0.0,0.23161167955127882,0.0004933063755743206,6.090823808335699e-05,-5.755946185420635e-05,-0.010100407525897026,0.00047226890455931425,0.01443855212293027,0.0,1,0.0,-0.6312760609666117,240844.8,2408448.0,3,,0,1196.6599527738556,0.09375,3.814443016052246,66.12974349330497,10,1
185.0921754541247,7,1.0,0.0,0.0,0.0,0.0,0.0,0.0,0.0,100000000.0,0.0,0.0,0.0,0.0,0.04999999999999999,0.0,0.0,0.0,0.0,0.0,1121.452806983143,,1.306544982437268,1.306544982437268,112,0.0,185.0921754541247,1.0,False,0.07473601283242348,0.34417205811550006,0.1,10,4.3,5.3,0.1,1,54.61655954565165,0.0,0.7049223749645299,0.0015633250586688519,4.389837704366073e-05,-0.004746060961911436,-0.021151704713702202,0.001440489199012518,0.13167474323636705,0.0,1,0.0,-0.6906404976348457,262144.0,2621440.0,1,,0,1306.544982437268,0.1140625,3.70656858086586,185.09217545412474,10,1
274.0939991536415,2,1.0,0.0,0.0,0.0,0.0,0.0,0.0,0.0,20000000.0,0.0,0.0,0.0,0.0,0.04999999999999999,0.0,0.0,0.0,0.0,0.0,1138.9368791133165,,1.413030878266958,1.413030878266958,112,0.0,274.0939991536415,1.0,False,0.050514811034773385,0.23262930172816065,0.1,10,4.8,5.8,0.1,1,186.12475880065443,0.0,0.32094551732114546,0.0015633250586688519,5.385828990256414e-05,-0.0020752675393588826,-0.021151704713702202,0.001440489199012518,0.08702728627554461,0.0,1,0.0,-0.7317728446508657,157286.4,1572864.0,2,,0,1413.030878266958,0.0953125,3.71176620721817,274.0939991536415,10,1
62.48003996016157,2,1.0,0.0,0.0,0.0,0.0,0.0,0.0,0.0,100000000.0,0.0,0.0,0.0,0.0,0.04999999999999999,0.0,0.0,0.0,0.0,0.0,1141.841075848788,,1.2043211158089495,1.2043211158089495,112,0.0,62.48003996016157,1.0,False,0.06589216915936784,0.3034446529028048,0.1,10,4.8,5.8,0.1,1,37.239522270126564,0.0,0.40397729748778693,0.0015633250586688519,5.1675371651072055e-05,-0.0001476142205773523,-0.021151704713702202,0.001440489199012518,0.02318168166491642,0.0,1,0.0,-0.6351066424841587,157286.4,1572864.0,3,,0,1204.3211158089496,0.109375,3.7694458961486816,62.48003996016157,10,1
47.05984255531557,7,1.0,0.0,0.0,0.0,0.0,0.0,0.0,0.0,100000000.0,0.0,0.0,0.0,0.0,0.04999999999999999,0.0,0.0,0.8,4.0,0.0,1005.4892171174288,,1.049539749351897,1.049539749351897,113,0.0,47.05984255531557,1.0,False,0.25297861569434227,2.3300191573762485,0.1,9,4.4,5.4,0.1,2,33.55360729579075,0.0,0.2870012844528578,0.0003274667833466083,0.00010279336129315197,-3.074515429624114e-05,-0.01020920742303133,0.0002869928430300206,0.010388423902985191,0.0,2,0.0,-0.6512591825231197,135987.2,1359872.0,1,,0,1049.539749351897,0.115625,3.6595241010189055,47.05984255531557,10,2
312.4021611061795,2,1.0,0.0,0.0,0.0,0.0,0.0,0.0,0.0,20000000.0,0.0,0.0,0.0,0.0,0.04999999999999999,0.0,0.0,0.8,4.0,0.0,1010.5060739442706,,1.3229082350504502,1.3229082350504502,113,0.0,312.4021611061795,1.0,False,0.2064946923362743,1.9018864014235881,0.1,9,4.8,5.8,0.1,2,167.45071178728395,0.0,0.46398990584968886,0.0003274667833466083,0.0002672525715752272,-0.004076770659652396,-0.01020920742303133,0.0002869928430300206,0.12190931271417131,0.0,2,0.0,-0.7647014636933622,157286.4,1572864.0,2,,0,1322.9082350504502,0.1203125,3.7534175872802735,312.4021611061795,10,2
117.7222799123853,2,1.0,0.0,0.0,0.0,0.0,0.0,0.0,0.0,100000000.0,0.0,0.0,0.0,0.0,0.04999999999999999,0.0,0.0,0.0,0.0,0.0,1130.4372479207814,,1.2481595278331667,1.2481595278331667,113,0.0,117.7222799123853,1.0,False,0.06589216915936784,0.3034446529028048,0.1,10,4.8,5.8,0.1,1,44.99687047582625,0.0,0.6177709902550721,0.0003274667833466083,5.254571806290187e-05,-0.001479847198324169,-0.01020920742303133,0.0002869928430300206,0.0734805726692473,0.0,1,0.0,-0.6570258484962673,157286.4,1572864.0,3,,0,1248.1595278331667,0.1203125,3.708922249078751,117.72227991238533,10,1
47.59188038776629,7,1.0,0.0,0.0,0.0,0.0,0.0,0.0,0.0,100000000.0,0.0,0.0,0.0,0.0,0.04999999999999999,0.0,0.0,0.8,4.0,0.0,998.9931560121477,,1.046585036399914,1.046585036399914,114,0.0,47.59188038776629,1.0,False,0.2309966761925369,2.127558012528432,0.1,9,4.8,5.8,0.1,2,31.359221134379847,0.0,0.34108043475330135,0.012338681146502495,0.00025821678536885884,-6.539863319121597e-05,-0.0430368036031723,0.009394386783242226,0.014556078230972014,0.0,2,0.0,-0.6387908562962255,157286.4,1572864.0,1,,0,1046.585036399914,0.14375,3.506802475452423,47.591880387766295,10,2
521.0707321616362,2,1.0,0.0,0.0,0.0,0.0,0.0,0.0,0.0,20000000.0,0.0,0.0,0.0,0.0,0.04999999999999999,0.0,0.0,0.0,0.0,0.0,1146.9351551495492,,1.6680058873111856,1.6680058873111856,114,0.0,521.0707321616362,1.0,False,0.050514811034773385,0.23262930172816065,0.1,10,4.6,5.6,0.1,1,249.69850637453436,0.0,0.5207972911111848,0.012338681146502495,4.303111927583814e-05,-0.020140968992912567,-0.0430368036031723,0.009394386783242226,0.27196191669951564,0.0,1,0.0,-0.8592603491729794,196608.0,1966080.0,2,,0,1668.0058873111857,0.090625,3.8327572464942934,521.0707321616363,10,1
73.33722756072467,2,1.0,0.0,0.0,0.0,0.0,0.0,0.0,0.0,100000000.0,0.0,0.0,0.0,0.0,0.04999999999999999,0.0,0.0,0.0,0.0,0.0,1118.1783871725202,,1.1915156147332449,1.1915156147332449,114,0.0,73.33722756072467,1.0,False,0.06589216915936784,0.3034446529028048,0.1,10,4.8,5.8,0.1,1,40.20480996913375,0.0,0.451781703421453,0.012338681146502495,6.258425855776295e-05,-0.00027173244686190534,-0.0430368036031723,0.009394386783242226,0.0314592419504206,0.0,1,0.0,-0.6287038919463064,157286.4,1572864.0,3,,0,1191.5156147332448,0.0921875,3.7192425310611723,73.33722756072467,10,1
50.01283937191108,7,1.0,0.0,0.0,0.0,0.0,0.0,0.0,0.0,100000000.0,0.0,0.0,0.0,0.0,0.04999999999999999,0.0,0.0,0.0,0.0,0.0,1125.1147920265794,,1.1751276313984904,1.1751276313984904,115,0.0,50.01283937191108,1.0,False,0.07473601283242348,0.34417205811550006,0.1,10,4.8,5.8,0.1,1,34.93429971019542,0.0,0.3014933735232853,0.00021275875042192638,5.2453331591095775e-05,-3.8144355488600734e-05,-0.009626584127545357,0.00020918590598739684,0.011748835067185123,0.0,1,0.0,-0.624931822115457,157286.4,1572864.0,1,,0,1175.1276313984904,0.10625,3.654608690738678,50.01283937191107,10,1
313.31179010614034,2,1.0,0.0,0.0,0.0,0.0,0.0,0.0,0.0,20000000.0,0.0,0.0,0.0,0.0,0.04999999999999999,0.0,0.0,0.0,0.0,0.0,1141.527402214706,,1.4548391923208464,1.4548391923208464,115,0.0,313.31179010614034,1.0,False,0.050514811034773385,0.23262930172816065,0.1,10,4.8,5.8,0.1,1,175.43703279112017,0.0,0.4400560772651182,0.00021275875042192638,6.208474951563403e-05,-0.005139942018741961,-0.009626584127545357,0.00020918590598739684,0.13703621136070956,0.0,1,0.0,-0.7526770016778098,157286.4,1572864.0,2,,0,1454.8391923208465,0.090625,3.867717856168747,313.31179010614034,10,1
162.21611828748752,2,1.0,0.0,0.0,0.0,0.0,0.0,0.0,0.0,100000000.0,0.0,0.0,0.0,0.0,0.04999999999999999,0.0,0.0,0.0,0.0,0.0,1087.0121931657195,,1.249228311453207,1.249228311453207,115,0.0,162.21611828748752,1.0,False,0.06589216915936784,0.3034446529028048,0.1,10,4.3,5.3,0.1,1,46.56154402077262,0.0,0.7129659832060959,0.00021275875042192638,6.970502727199346e-05,-0.003439856371663441,-0.009626584127545357,0.00020918590598739684,0.11206942797731756,0.0,1,0.0,-0.6575602403062875,149094.4,1490944.0,3,,0,1249.228311453207,0.109375,3.6967615842819215,162.2161182874875,10,1
79.6831922806617,7,1.0,0.0,0.0,0.0,0.0,0.0,0.0,0.0,100000000.0,0.0,0.0,0.0,0.0,0.04999999999999999,0.0,0.0,0.8,4.0,0.0,1006.9663668982685,,1.0866495591789302,1.0866495591789302,116,0.0,79.6831922806617,1.0,False,0.22919659908523476,2.1109786896743774,0.1,9,4.0,5.0,0.1,2,57.04333571119896,0.0,0.28412336305152286,0.00012643630907405168,4.7011259994178545e-05,-0.00010836613955239605,-0.005467499606311321,6.65232801111415e-05,0.01985956874298499,0.0,2,0.0,-0.6579230791320825,262144.0,2621440.0,1,,0,1086.6495591789303,0.09375,3.6714214265346525,79.68319228066169,10,2
348.33904403483325,2,1.0,0.0,0.0,0.0,0.0,0.0,0.0,0.0,20000000.0,0.0,0.0,0.0,0.0,0.04999999999999999,0.0,0.0,0.8,4.0,0.0,1020.6248699687421,,1.3689639140035754,1.3689639140035754,116,0.0,348.33904403483325,1.0,False,0.18943107029477468,1.7447246344426217,0.1,9,4.0,5.0,0.1,2,288.6491516609007,0.0,0.17135573343298158,0.00012643630907405168,4.63862616015831e-05,-0.0007292264234388113,-0.005467499606311321,6.65232801111415e-05,0.05157213154741942,0.0,2,0.0,-0.7791974921491751,262144.0,2621440.0,2,,0,1368.9639140035754,0.1078125,3.833085173368454,348.3390440348333,10,2
90.7339591725836,2,1.0,0.0,0.0,0.0,0.0,0.0,0.0,0.0,100000000.0,0.0,0.0,0.0,0.0,0.04999999999999999,0.0,0.0,0.0,0.0,0.0,1129.304918460548,,1.2200388776331315,1.2200388776331315,116,0.0,90.7339591725836,1.0,False,0.06589216915936784,0.3034446529028048,0.1,10,4.0,5.0,0.1,1,64.28886953503493,0.0,0.2914574639826736,0.00012643630907405168,2.6922356482828036e-05,-0.0001854925591849299,-0.005467499606311321,6.65232801111415e-05,0.026006683775530216,0.0,1,0.0,-0.6429655233962497,262144.0,2621440.0,3,,0,1220.0388776331315,0.10625,3.812397801876068,90.73395917258361,10,1
196.7017767793208,7,1.0,0.0,0.0,0.0,0.0,0.0,0.0,0.0,100000000.0,0.0,0.0,0.0,0.0,0.04999999999999999,0.0,0.0,0.9899494936611665,3.2998316455372216,0.0,884.8773627541959,,1.0815791395335168,1.0815791395335168,117,0.0,196.7017767793208,1.0,False,0.31321121205283786,4.327172806988769,0.1,8,3.8,4.8,0.1,3,67.66254484771719,0.0,0.656014572132576,0.00019654480274766684,5.5889189146303884e-05,-0.002853337659308064,-0.007118867710232735,0.00010589592420728877,0.10206071699112336,0.0,3,0.0,-0.6973951757931773,340787.2,3407872.0,1,,0,1081.5791395335168,0.10625,3.7788890957832337,196.7017767793208,10,3
580.3734811039628,2,1.0,0.0,0.0,0.0,0.0,0.0,0.0,0.0,20000000.0,0.0,0.0,0.0,0.0,0.04999999999999999,0.0,0.0,0.0,0.0,0.0,1143.8530599698424,,1.7242265410738054,1.7242265410738054,117,0.0,580.3734811039628,1.0,False,0.050514811034773385,0.23262930172816065,0.1,10,3.9,4.9,0.1,1,328.0659853850295,0.0,0.43473298476526584,0.00019654480274766684,2.714387846936006e-05,-0.01720667046755825,-0.007118867710232735,0.00010589592420728877,0.2512477413611787,0.0,1,0.0,-0.8873706760542893,288358.4,2883584.0,2,,0,1724.2265410738053,0.1171875,3.748192995786667,580.373481103963,10,1
91.36323241987284,2,1.0,0.0,0.0,0.0,0.0,0.0,0.0,0.0,100000000.0,0.0,0.0,0.0,0.0,0.04999999999999999,0.0,0.0,0.0,0.0,0.0,1156.206559855491,,1.2475697922753637,1.2475697922753637,117,0.0,91.36323241987284,1.0,False,0.06589216915936784,0.3034446529028048,0.1,10,4.0,5.0,0.1,1,63.53018401512318,0.0,0.3046416777028958,0.00019654480274766684,2.7395519282436e-05,-0.00021989297640667704,-0.007118867710232735,0.00010589592420728877,0.02831663727205471,0.0,1,0.0,-0.6567309807173658,262144.0,2621440.0,3,,0,1247.5697922753636,0.1203125,3.7322848320007322,91.36323241987284,10,1
74.36084553073275,7,1.0,0.0,0.0,0.0,0.0,0.0,0.0,0.0,100000000.0,0.0,0.0,0.0,0.0,0.04999999999999999,0.0,0.0,0.0,0.0,0.0,1124.851118773222,,1.1992119643039547,1.1992119643039547,118,0.0,74.36084553073275,1.0,False,0.07473601283242348,0.34417205811550006,0.1,10,4.0,5.0,0.1,1,60.97518741108423,0.0,0.1800094932233702,0.004924385342746973,2.6880619770963676e-05,-5.3552776733745144e-05,-0.028865434229373932,0.005004840437322855,0.013966085915244328,0.0,1,0.0,-0.6369739885681891,262144.0,2621440.0,1,,0,1199.2119643039548,0.1375,3.653809368610382,74.36084553073276,10,1
347.43338099640584,2,1.0,0.0,0.0,0.0,0.0,0.0,0.0,0.0,20000000.0,0.0,0.0,0.0,0.0,0.04999999999999999,0.0,0.0,0.8,4.0,0.0,1028.894396033138,,1.376327777029544,1.376327777029544,118,0.0,347.43338099640584,1.0,False,0.2064946923362743,1.9018864014235881,0.1,9,4.0,5.0,0.1,2,267.4621856628902,0.0,0.23017706330970814,0.004924385342746973,4.436987546796445e-05,-0.0014343870709488393,-0.028865434229373932,0.005004840437322855,0.07234453618799475,0.0,2,0.0,-0.7914112346829091,262144.0,2621440.0,2,,0,1376.327777029544,0.0984375,3.8884062588214876,347.43338099640584,10,2
81.82140792234799,2,1.0,0.0,0.0,0.0,0.0,0.0,0.0,0.0,100000000.0,0.0,0.0,0.0,0.0,0.04999999999999999,0.0,0.0,0.8,4.0,0.0,1019.7604279965162,,1.1015818359188643,1.1015818359188643,118,0.0,81.82140792234799,1.0,False,0.2271527754566524,2.0921543783948464,0.1,9,4.0,5.0,0.1,2,59.51619749465653,0.0,0.2726084895637588,0.004924385342746973,5.747509749198798e-05,-9.698880422215339e-05,-0.028865434229373932,0.005004840437322855,0.018773990892819923,0.0,2,0.0,-0.6643673056877584,262144.0,2621440.0,3,,0,1101.5818359188643,0.1328125,3.6954366087913515,81.821407922348,10,2
97.75970357730625,7,1.0,0.0,0.0,0.0,0.0,0.0,0.0,0.0,100000000.0,0.0,0.0,0.0,0.0,0.04999999999999999,0.0,0.0,0.0,0.0,0.0,1119.4786219857633,,1.2172383255630697,1.2172383255630697,119,0.0,97.75970357730625,1.0,False,0.07473601283242348,0.34417205811550006,0.1,10,4.0,5.0,0.1,1,65.8478333721329,0.0,0.3264317406602827,0.004452257417142391,2.8104406737838872e-05,-0.000304059646403565,-0.023159494623541832,0.004357613623142242,0.03329974500462045,0.0,1,0.0,-0.6459871691977466,262144.0,2621440.0,1,,0,1217.2383255630696,0.128125,3.6987129390239715,97.75970357730625,10,1
959.8455053792429,2,1.0,0.0,0.0,0.0,0.0,0.0,0.0,0.0,20000000.0,0.0,0.0,0.0,0.0,0.04999999999999999,0.0,0.0,0.0,0.0,0.0,1144.6312107145786,,2.1044767160938216,2.1044767160938216,119,0.0,959.8455053792429,1.0,False,0.050514811034773385,0.23262930172816065,0.1,10,3.7,4.7,0.1,1,345.93612680607333,0.0,0.6395918667458977,0.004452257417142391,3.2042506063589826e-05,-0.1000246185172512,-0.023159494623541832,0.004357613623142242,0.6145762946305956,0.0,1,0.0,-1.0774957635642974,340787.2,3407872.0,2,,0,2104.476716093822,0.1140625,3.7159397482872008,959.8455053792431,10,1
85.14617861170373,2,1.0,0.0,0.0,0.0,0.0,0.0,0.0,0.0,100000000.0,0.0,0.0,0.0,0.0,0.04999999999999999,0.0,0.0,0.8,4.0,0.0,1018.1768429465592,,1.103323021558263,1.103323021558263,119,0.0,85.14617861170373,1.0,False,0.21456214759994624,1.9761904103376977,0.1,9,4.0,5.0,0.1,2,66.14967817406946,0.0,0.22310455674428947,0.004452257417142391,4.519769845501287e-05,-8.688126389649886e-05,-0.023159494623541832,0.004357613623142242,0.017779112686821856,0.0,2,0.0,-0.6589425845791046,262144.0,2621440.0,3,,0,1103.323021558263,0.1328125,3.679292565584183,85.14617861170376,10,2
85.90254503716919,7,1.0,0.0,0.0,0.0,0.0,0.0,0.0,0.0,100000000.0,0.0,0.0,0.0,0.0,0.04999999999999999,0.0,0.0,0.8,4.0,0.0,1003.4966920502484,,1.0893992370874175,1.0893992370874175,120,0.0,85.90254503716919,1.0,False,0.21353435481492822,1.9667240889558204,0.1,9,4.0,5.0,0.1,2,63.240322101342855,0.0,0.26381317254361464,0.00023720660828985274,3.958356501243543e-05,-0.00011907698098229114,-0.007056558039039373,0.0003196817706339061,0.020826214049414087,0.0,2,0.0,-0.6514667959511729,262144.0,2621440.0,1,0.08359375,0,1089.3992370874175,0.121875,3.7032763242721556,85.90254503716919,10,2
366.5805979654494,2,1.0,0.0,0.0,0.0,0.0,0.0,0.0,0.0,20000000.0,0.0,0.0,0.0,0.0,0.04999999999999999,0.0,0.0,0.0,0.0,0.0,1142.0341418124735,,1.508614739777923,1.508614739777923,120,0.0,366.5805979654494,1.0,False,0.050514811034773385,0.23262930172816065,0.1,10,4.0,5.0,0.1,1,269.55317234233627,0.0,0.2646823813415735,0.00023720660828985274,2.6376539608463645e-05,-0.0026508608129759414,-0.007056558039039373,0.0003196817706339061,0.09837407174243332,0.0,1,0.0,-0.7795647754063482,262144.0,2621440.0,2,0.08359375,0,1508.614739777923,0.128125,3.6765541970729827,366.5805979654494,10,1
71.776161279907,2,1.0,0.0,0.0,0.0,0.0,0.0,0.0,0.0,100000000.0,0.0,0.0,0.0,0.0,0.04999999999999999,0.0,0.0,0.0,0.0,0.0,1140.5579270794988,,1.2123340883594058,1.2123340883594058,120,0.0,71.776161279907,1.0,False,0.06589216915936784,0.3034446529028048,0.1,10,4.0,5.0,0.1,1,55.136707213721266,0.0,0.2318242403810997,0.00023720660828985274,3.629740604083054e-05,-6.845122153859018e-05,-0.007056558039039373,0.0003196817706339061,0.015784764454173105,0.0,1,0.0,-0.6391131287593869,262144.0,2621440.0,3,0.08359375,0,1212.3340883594058,0.10625,3.8618801712989805,71.776161279907,10,1
95.06522021218541,7,1.0,0.0,0.0,0.0,0.0,0.0,0.0,0.0,100000000.0,0.0,0.0,0.0,0.0,0.04999999999999999,0.0,0.0,0.8,4.0,0.0,999.2039012722671,,1.0612362516192664,1.0612362516192664,121,0.0,95.06522021218541,1.0,False,0.2629020552836275,2.4214174136543085,0.1,9,4.0,5.0,0.1,2,58.2404931343253,0.0,0.3873627704818585,0.0001931173464981839,5.116811371408403e-05,-6.835819145567523e-06,-0.005486814305186272,0.0002181718882638961,0.004887418565073886,0.0,2,0.0,-0.6620691534514469,262144.0,2621440.0,1,,0,1061.2362516192663,0.1265625,3.6815739035606385,95.06522021218541,10,2
958.5637604377134,2,1.0,0.0,0.0,0.0,0.0,0.0,0.0,0.0,20000000.0,0.0,0.0,0.0,0.0,0.04999999999999999,0.0,0.0,0.0,0.0,0.0,1154.3895970098674,,2.1129533574475805,2.1129533574475805,121,0.0,958.5637604377134,1.0,False,0.050514811034773385,0.23262930172816065,0.1,10,4.0,5.0,0.1,1,373.7914134464646,0.0,0.6100505476278609,0.0001931173464981839,3.3626209187787026e-05,-0.09114986371484474,-0.005486814305186272,0.0002181718882638961,0.5857455815606559,0.0,1,0.0,-1.081734084241177,262144.0,2621440.0,2,,0,2112.9533574475804,0.1015625,3.899735701084137,958.5637604377132,10,1
79.39932331895164,2,1.0,0.0,0.0,0.0,0.0,0.0,0.0,0.0,100000000.0,0.0,0.0,0.0,0.0,0.04999999999999999,0.0,0.0,0.0,0.0,0.0,1137.41485029459,,1.2168141736135416,1.2168141736135416,121,0.0,79.39932331895164,1.0,False,0.06589216915936784,0.3034446529028048,0.1,10,4.0,5.0,0.1,1,60.50657856060947,0.0,0.23794591652184416,0.0001931173464981839,3.660646689240821e-05,-0.00011129020373906728,-0.005486814305186272,0.0002181718882638961,0.02013496940458459,0.0,1,0.0,-0.6413531713864548,262144.0,2621440.0,3,,0,1216.8141736135417,0.0953125,3.8477432429790497,79.39932331895166,10,1
68.96413414539775,7,1.0,0.0,0.0,0.0,0.0,0.0,0.0,0.0,100000000.0,0.0,0.0,0.0,0.0,0.04999999999999999,0.0,0.0,0.0,0.0,0.0,1141.282171010971,,1.2102463051563688,1.2102463051563688,122,0.0,68.96413414539775,1.0,False,0.07473601283242348,0.34417205811550006,0.1,10,4.8,5.8,0.1,1,36.68211005965295,0.0,0.4680987369127886,0.0030803976114839315,5.271786358207464e-05,-0.00026377559346868473,-0.004678669385612011,0.00010469484550412744,0.031001786012757937,0.0,1,0.0,-0.6424911589943961,157286.4,1572864.0,1,,0,1210.2463051563689,0.1078125,3.5752890169620515,68.96413414539774,10,1
243.8375364718075,2,1.0,0.0,0.0,0.0,0.0,0.0,0.0,0.0,20000000.0,0.0,0.0,0.0,0.0,0.04999999999999999,0.0,0.0,0.0,0.0,0.0,1140.823985915631,,1.3846615223874386,1.3846615223874386,122,0.0,243.8375364718075,1.0,False,0.050514811034773385,0.23262930172816065,0.1,10,4.7,5.7,0.1,1,182.35249150270727,0.0,0.25215578314460674,0.0030803976114839315,5.766413960373029e-05,-0.0010804818353117862,-0.004678669385612011,0.00010469484550412744,0.06277909191187668,0.0,1,0.0,-0.7175881667111059,170393.6,1703936.0,2,,0,1384.6615223874385,0.1203125,3.708732098340988,243.83753647180748,10,1
83.62989125572899,2,1.0,0.0,0.0,0.0,0.0,0.0,0.0,0.0,100000000.0,0.0,0.0,0.0,0.0,0.04999999999999999,0.0,0.0,0.8,4.0,0.0,1028.2634310424328,,1.1118933222981617,1.1118933222981617,122,0.0,83.62989125572899,1.0,False,0.21456214759994624,1.9761904103376977,0.1,9,4.8,5.8,0.1,2,37.68956686607361,0.0,0.5493289982785704,0.0030803976114839315,0.000363126417141757,-0.00045028617073944455,-0.004678669385612011,0.00010469484550412744,0.03987397566534391,0.0,2,0.0,-0.663227734949054,157286.4,1572864.0,3,,0,1111.8933222981618,0.103125,3.7376429736614227,83.629891255729,10,2
101.42104238215927,7,1.0,0.0,0.0,0.0,0.0,0.0,0.0,0.0,100000000.0,0.0,0.0,0.0,0.0,0.04999999999999999,0.0,0.0,0.8,4.0,0.0,999.8211059719324,,1.1012421483540917,1.1012421483540917,123,0.0,101.42104238215927,1.0,False,0.22946089170133163,2.1134129146264296,0.1,9,3.7,4.7,0.1,2,34.22098752854928,0.0,0.6625849357808512,0.00011173631355632097,0.0003928165660909144,-0.001015906403263711,-0.007593910675495863,0.00010251159255858511,0.06037445365059979,0.0,2,0.0,-0.6653515200277117,167116.8,1671168.0,1,,0,1101.2421483540918,0.1515625,3.468281990289688,101.42104238215929,10,2
295.45745734881336,2,1.0,0.0,0.0,0.0,0.0,0.0,0.0,0.0,20000000.0,0.0,0.0,0.0,0.0,0.04999999999999999,0.0,0.0,0.8,4.0,0.0,1018.1619739159942,,1.3136194312648075,1.3136194312648075,123,0.0,295.45745734881336,1.0,False,0.22565437185824,2.0783535712388743,0.1,9,4.8,5.8,0.1,2,177.21982892729716,0.0,0.4001849521162241,0.00011173631355632097,0.0003584381593100261,-0.0028414109248466324,-0.007593910675495863,0.00010251159255858511,0.10160003564606543,0.0,2,0.0,-0.7696369015615238,157286.4,1572864.0,2,,0,1313.6194312648074,0.1296875,3.737198758125305,295.45745734881336,10,2
92.07027355147174,2,1.0,0.0,0.0,0.0,0.0,0.0,0.0,0.0,100000000.0,0.0,0.0,0.0,0.0,0.04999999999999999,0.0,0.0,0.8,4.0,0.0,1005.5469227954745,,1.0976171963469463,1.0976171963469463,123,0.0,92.07027355147174,1.0,False,0.21118485876807022,1.9450844306616457,0.1,9,4.8,5.8,0.1,2,41.55665129085362,0.0,0.5486420351773861,0.00011173631355632097,5.4047437515691854e-05,-0.000507753793011434,-0.007593910675495863,0.00010251159255858511,0.04302567203955883,0.0,2,0.0,-0.6544010275575083,157286.4,1572864.0,3,,0,1097.6171963469462,0.1140625,3.781559371948242,92.07027355147174,10,2
65.43580774874243,7,1.0,0.0,0.0,0.0,0.0,0.0,0.0,0.0,100000000.0,0.0,0.0,0.0,0.0,0.04999999999999999,0.0,0.0,0.0,0.0,0.0,1119.7507311590016,,1.185186538907744,1.185186538907744,124,0.0,65.43580774874243,1.0,False,0.07473601283242348,0.34417205811550006,0.1,10,4.8,5.8,0.1,1,33.10738508403547,0.0,0.49404788871622446,0.000149363128002733,3.852570443996228e-05,-0.00021298975217004523,-0.005196803715080023,0.0001142309483839199,0.027863144894373172,0.0,1,0.0,-0.6299612758700838,157286.4,1572864.0,1,,0,1185.186538907744,0.11875,3.5806023120880126,65.43580774874245,10,1
820.0361597996947,2,1.0,0.0,0.0,0.0,0.0,0.0,0.0,0.0,20000000.0,0.0,0.0,0.0,0.0,0.04999999999999999,0.0,0.0,0.0,0.0,0.0,1148.7559047527611,,1.968792064552456,1.968792064552456,124,0.0,820.0361597996947,1.0,False,0.050514811034773385,0.23262930172816065,0.1,10,4.8,5.8,0.1,1,246.92324777603068,0.0,0.6988873663371806,0.000149363128002733,5.2723466069437563e-05,-0.08597948267431654,-0.005196803715080023,0.0001142309483839199,0.5683651675141558,0.0,1,0.0,-1.0096534377936146,157286.4,1572864.0,2,,0,1968.792064552456,0.103125,3.809573417901993,820.0361597996947,10,1
144.18465159057638,2,1.0,0.0,0.0,0.0,0.0,0.0,0.0,0.0,100000000.0,0.0,0.0,0.0,0.0,0.04999999999999999,0.0,0.0,0.0,0.0,0.0,1151.0030748322606,,1.295187726422837,1.295187726422837,124,0.0,144.18465159057638,1.0,False,0.06589216915936784,0.3034446529028048,0.1,10,4.6,5.6,0.1,1,46.44539117941593,0.0,0.6778756222173963,0.000149363128002733,4.1427440010011196e-05,-0.002573917070362086,-0.005196803715080023,0.0001142309483839199,0.09693246188109719,0.0,1,0.0,-0.6805399477911025,196608.0,1966080.0,3,,0,1295.1877264228372,0.1140625,3.741296577453613,144.18465159057638,10,1
81.31923517356782,7,1.0,0.0,0.0,0.0,0.0,0.0,0.0,0.0,100000000.0,0.0,0.0,0.0,0.0,0.04999999999999999,0.0,0.0,0.0,0.0,0.0,1136.46039692685,,1.217779632100418,1.217779632100418,125,0.0,81.31923517356782,1.0,False,0.07473601283242348,0.34417205811550006,0.1,10,4.6,5.6,0.1,1,42.86727508083074,0.0,0.4728519643681498,0.011765310540795326,4.6966193622210994e-05,-0.0002992691753345711,-0.0341014638543129,0.011773929931223392,0.03302770747577399,0.0,1,0.0,-0.6462578224664207,183500.8,1835008.0,1,,0,1217.779632100418,0.1328125,3.5960222840309144,81.31923517356782,10,1
380.4323703360128,2,1.0,0.0,0.0,0.0,0.0,0.0,0.0,0.0,20000000.0,0.0,0.0,0.0,0.0,0.04999999999999999,0.0,0.0,0.8,4.0,0.0,1027.9293060302734,,1.4083616763662863,1.4083616763662863,125,0.0,380.4323703360128,1.0,False,0.21776991759655975,2.005735063841521,0.1,9,4.8,5.8,0.1,2,197.8065259946738,0.0,0.4800481204584055,0.011765310540795326,0.00034079290708177723,-0.007010386658849732,-0.0341014638543129,0.011773929931223392,0.15995039422545887,0.0,2,0.0,-0.813065796981423,157286.4,1572864.0,2,,0,1408.3616763662862,0.0984375,3.7804377138614655,380.4323703360128,10,2
72.38815814149129,2,1.0,0.0,0.0,0.0,0.0,0.0,0.0,0.0,100000000.0,0.0,0.0,0.0,0.0,0.04999999999999999,0.0,0.0,0.0,0.0,0.0,1123.8212510943413,,1.1962094092358326,1.1962094092358326,125,0.0,72.38815814149129,1.0,False,0.06589216915936784,0.3034446529028048,0.1,10,4.3,5.3,0.1,1,34.91851070327258,0.0,0.5176212297732429,0.011765310540795326,9.241201041731983e-05,-0.00040034452881354543,-0.0341014638543129,0.011773929931223392,0.038171451985482455,0.0,1,0.0,-0.6310507891976003,149094.4,1490944.0,3,,0,1196.2094092358327,0.09375,3.764302670955658,72.38815814149129,10,1
319.63689978595545,7,1.0,0.0,0.0,0.0,0.0,0.0,0.0,0.0,100000000.0,0.0,0.0,0.0,0.0,0.04999999999999999,0.0,0.0,0.0,0.0,0.0,1133.8856420479715,,1.453522541833927,1.453522541833927,126,0.0,319.63689978595545,1.0,False,0.07473601283242348,0.34417205811550006,0.1,10,2.2,3.2,0.1,1,234.88623458690196,0.0,0.26514668755643256,0.0002209059166489169,3.150508928229101e-05,-0.001970839250373446,-0.005919584073126316,0.0009051083470694721,0.08481208411333534,0.0,1,0.0,-0.7641292773331753,969932.8,9699328.0,1,,0,1453.522541833927,0.1109375,3.6786894381046293,319.63689978595545,10,1
2550.102079691725,2,1.0,0.0,0.0,0.0,0.0,0.0,0.0,0.0,20000000.0,0.0,0.0,0.0,0.0,0.04999999999999999,0.0,0.0,0.8,4.0,0.0,1019.1051242873073,,3.5692072039790324,3.5692072039790324,126,0.0,2550.102079691725,1.0,False,0.19576302645213375,1.803044105872329,0.1,9,2.2,3.2,0.1,2,1381.6339998210503,0.0,0.4582044339228678,0.0002209059166489169,6.147165458969539e-05,-0.26418631388148556,-0.005919584073126316,0.0009051083470694721,1.0309993568483777,0.0,2,0.0,-1.882485115215583,969932.8,9699328.0,2,,0,3569.2072039790323,0.1375,3.816144108772278,2550.102079691725,10,2
857.8906493162842,2,1.0,0.0,0.0,0.0,0.0,0.0,0.0,0.0,100000000.0,0.0,0.0,0.0,0.0,0.04999999999999999,0.0,0.0,0.0,0.0,0.0,1131.4266631379724,,1.9893173124542565,1.9893173124542565,126,0.0,857.8906493162842,1.0,False,0.06589216915936784,0.3034446529028048,0.1,10,2.1,3.1,0.1,1,287.9931212128869,0.0,0.6643008972735515,0.0002209059166489169,3.724683483596891e-05,-0.0863778681972055,-0.005919584073126316,0.0009051083470694721,0.5697213296167695,0.0,1,0.0,-1.027604740806812,969932.8,9699328.0,3,,0,1989.3173124542566,0.1,3.686314642429352,857.8906493162842,10,1
304.8690830829037,7,1.0,0.0,0.0,0.0,0.0,0.0,0.0,0.0,100000000.0,0.0,0.0,0.0,0.0,0.04999999999999999,0.0,0.0,0.9899494936611665,3.2998316455372216,0.0,889.7759490646422,,1.1409024707856048,1.1409024707856048,127,0.0,304.8690830829037,1.0,False,0.2976221443863505,4.111801878053593,0.1,8,2.2,3.2,0.1,3,206.70310969820358,0.0,0.32199386173246586,0.00013384986959863454,4.8476699400149904e-05,-0.00023813539490341595,-0.0045801857486367226,0.000253348087426275,0.029457470624082733,0.0,3,0.0,-0.7192623075859776,969932.8,9699328.0,1,,0,1140.9024707856047,0.1515625,3.5549999833106996,304.8690830829038,10,3
1812.0649225336222,2,1.0,0.0,0.0,0.0,0.0,0.0,0.0,0.0,20000000.0,0.0,0.0,0.0,0.0,0.04999999999999999,0.0,0.0,0.0,0.0,0.0,1148.619034793228,,2.96068395732685,2.96068395732685,127,0.0,1812.0649225336222,1.0,False,0.050514811034773385,0.23262930172816065,0.1,10,2.2,3.2,0.1,1,1236.5588347716318,0.0,0.31759683695952784,0.00013384986959863454,2.782525734801311e-05,-0.0878974047260791,-0.0045801857486367226,0.000253348087426275,0.5748665072442365,0.0,1,0.0,-1.5055993841808117,969932.8,9699328.0,2,,0,2960.6839573268503,0.103125,3.7278908491134644,1812.0649225336222,10,1
446.474286561631,2,1.0,0.0,0.0,0.0,0.0,0.0,0.0,0.0,100000000.0,0.0,0.0,0.0,0.0,0.04999999999999999,0.0,0.0,0.0,0.0,0.0,1145.0579413212836,,1.5915322278829145,1.5915322278829145,127,0.0,446.474286561631,1.0,False,0.06589216915936784,0.3034446529028048,0.1,10,2.2,3.2,0.1,1,232.63156429641214,0.0,0.4789586515990774,0.00013384986959863454,2.641102037159726e-05,-0.012514684909244511,-0.0045801857486367226,0.000253348087426275,0.21410165937431164,0.0,1,0.0,-0.8287121985211412,969932.8,9699328.0,3,,0,1591.5322278829144,0.1296875,3.749837505817413,446.47428656163095,10,1
335.75814967808054,7,1.0,0.0,0.0,0.0,0.0,0.0,0.0,0.0,100000000.0,0.0,0.0,0.0,0.0,0.04999999999999999,0.0,0.0,0.0,0.0,0.0,1136.3262766972184,,1.472084426375299,1.472084426375299,128,0.0,335.75814967808054,1.0,False,0.07473601283242348,0.34417205811550006,0.1,10,2.2,3.2,0.1,1,210.21043603425,0.0,0.3739230567127072,0.00028085437952540815,2.792419763864018e-05,-0.004312367760319569,-0.008160256780683994,0.0003770449839066714,0.12550689783095498,0.0,1,0.0,-0.7734102196038612,969932.8,9699328.0,1,,0,1472.084426375299,0.109375,3.645332986116409,335.75814967808054,10,1
1642.5041173522459,2,1.0,0.0,0.0,0.0,0.0,0.0,0.0,0.0,20000000.0,0.0,0.0,0.0,0.0,0.04999999999999999,0.0,0.0,0.0,0.0,0.0,1146.4826632291079,,2.7889867805813537,2.7889867805813537,128,0.0,1642.5041173522459,1.0,False,0.050514811034773385,0.23262930172816065,0.1,10,2.3,3.3,0.1,1,1092.8185508082104,0.0,0.33466312853458235,0.00028085437952540815,2.7572195904213004e-05,-0.08088141625897322,-0.008160256780683994,0.0003770449839066714,0.55075913529747,0.0,1,0.0,-1.4197507958080635,917504.0,9175040.0,2,,0,2788.9867805813537,0.10625,3.746418535709381,1642.504117352246,10,1
302.3595346008115,2,1.0,0.0,0.0,0.0,0.0,0.0,0.0,0.0,100000000.0,0.0,0.0,0.0,0.0,0.04999999999999999,0.0,0.0,0.0,0.0,0.0,1131.9094183854759,,1.4342689529862873,1.4342689529862873,128,0.0,302.3595346008115,1.0,False,0.06589216915936784,0.3034446529028048,0.1,10,1.8,2.8,0.1,1,214.28245491257425,0.0,0.29129916410448414,0.00028085437952540815,6.588306132471189e-05,-0.002214764956181392,-0.008160256780683994,0.0003770449839066714,0.08990398262057037,0.0,1,0.0,-0.7500805610728276,948633.6,9486336.0,3,,0,1434.2689529862873,0.1234375,3.709033840894699,302.3595346008115,10,1
305.25788786604136,7,1.0,0.0,0.0,0.0,0.0,0.0,0.0,0.0,100000000.0,0.0,0.0,0.0,0.0,0.04999999999999999,0.0,0.0,0.0,0.0,0.0,1132.9820933751762,,1.4382399812412174,1.4382399812412174,129,0.0,305.25788786604136,1.0,False,0.07473601283242348,0.34417205811550006,0.1,10,2.2,3.2,0.1,1,220.18536364595334,0.0,0.27869066648794033,6.853873492218554e-05,2.7368108931113966e-05,-0.0020615614421627404,-0.0044725630432367325,0.0003251776215620339,0.08674414984265691,0.0,1,0.0,-0.7564879970368205,969932.8,9699328.0,1,,0,1438.2399812412175,0.1171875,3.6337926506996157,305.25788786604136,10,1
1724.019034200919,2,1.0,0.0,0.0,0.0,0.0,0.0,0.0,0.0,20000000.0,0.0,0.0,0.0,0.0,0.04999999999999999,0.0,0.0,0.0,0.0,0.0,1143.9217319712043,,2.8679407661721235,2.8679407661721235,129,0.0,1724.019034200919,1.0,False,0.050514811034773385,0.23262930172816065,0.1,10,2.3,3.3,0.1,1,1020.9441867096854,0.0,0.40781153429498423,6.853873492218554e-05,2.881246109609492e-05,-0.1295708419041297,-0.0044725630432367325,0.0003251776215620339,0.7032567019525698,0.0,1,0.0,-1.4592277886034484,917504.0,9175040.0,2,,0,2867.9407661721234,0.121875,3.7001183331012726,1724.0190342009191,10,1
307.8107057221684,2,1.0,0.0,0.0,0.0,0.0,0.0,0.0,0.0,100000000.0,0.0,0.0,0.0,0.0,0.04999999999999999,0.0,0.0,0.8,4.0,0.0,1019.8853281326592,,1.3276960338548276,1.3276960338548276,129,0.0,307.8107057221684,1.0,False,0.2667319601619867,2.456692141176289,0.1,9,2.3,3.3,0.1,2,205.15207597897717,0.0,0.33351221330115616,6.853873492218554e-05,4.9701221541909035e-05,-0.0026752951404171443,-0.0044725630432367325,0.0003251776215620339,0.09882323224789133,0.0,2,0.0,-0.7972139970084071,917504.0,9175040.0,3,,0,1327.6960338548276,0.146875,3.670264410972595,307.8107057221684,10,2
357.3014455023887,7,1.0,0.0,0.0,0.0,0.0,0.0,0.0,0.0,100000000.0,0.0,0.0,0.0,0.0,0.04999999999999999,0.0,0.0,0.0,0.0,0.0,1125.9186011739075,,1.4832200466762961,1.4832200466762961,130,0.0,357.3014455023887,1.0,False,0.07473601283242348,0.34417205811550006,0.1,10,1.3,2.3,0.1,1,224.77748564216424,0.0,0.37090238936449665,0.00047245496534742415,4.28112325607799e-05,-0.0049297886523558265,-0.01007111556828022,0.0005378476344048977,0.13420359103923302,0.0,1,0.0,-0.7789780297543598,969932.8,9699328.0,1,0.096875,0,1483.220046676296,0.13125,3.505664324760437,357.3014455023887,10,1
1262.8048152017438,2,1.0,0.0,0.0,0.0,0.0,0.0,0.0,0.0,20000000.0,0.0,0.0,0.0,0.0,0.04999999999999999,0.0,0.0,0.0,0.0,0.0,1140.168292913586,,2.40297310811533,2.40297310811533,130,0.0,1262.8048152017438,1.0,False,0.050514811034773385,0.23262930172816065,0.1,10,1.3,2.3,0.1,1,1001.016522454711,0.0,0.20730701181655697,0.00047245496534742415,3.5072302125627175e-05,-0.018658512935164018,-0.01007111556828022,0.0005378476344048977,0.261696669751575,0.0,1,0.0,-1.2267439595750516,969932.8,9699328.0,2,0.096875,0,2402.97310811533,0.1515625,3.6316139459609986,1262.8048152017438,10,1
540.958185147186,2,1.0,0.0,0.0,0.0,0.0,0.0,0.0,0.0,100000000.0,0.0,0.0,0.0,0.0,0.04999999999999999,0.0,0.0,0.0,0.0,0.0,1131.3350778073072,,1.6722932629544933,1.6722932629544933,130,0.0,540.958185147186,1.0,False,0.06589216915936784,0.3034446529028048,0.1,10,1.6,2.6,0.1,1,220.00403713370235,0.0,0.5933067597935637,0.00047245496534742415,3.804310836130753e-05,-0.02792768798885814,-0.01007111556828022,0.0005378476344048977,0.3206713219204585,0.0,1,0.0,-0.8690927160569306,891289.6,8912896.0,3,0.096875,0,1672.2932629544932,0.153125,3.602325427532196,540.9581851471861,10,1
126.08463691017727,7,1.0,0.0,0.0,0.0,0.0,0.0,0.0,0.0,100000000.0,0.0,0.0,0.0,0.0,0.04999999999999999,0.0,0.0,0.0,0.0,0.0,1090.5391010455787,,1.216623737955756,1.216623737955756,131,0.0,126.08463691017727,1.0,False,0.07473601283242348,0.34417205811550006,0.1,10,4.9,5.9,0.1,1,38.974673426750954,0.0,0.6908848343314299,0.00015278445789590478,6.403165025403723e-05,-0.0018338260558035113,-0.00792680773884058,0.0004858695901930332,0.08180126007488743,0.0,1,0.0,-0.6456798753940898,144179.2,1441792.0,1,,0,1216.623737955756,0.1203125,3.7239266335964203,126.0846369101773,10,1
428.2397076983218,2,1.0,0.0,0.0,0.0,0.0,0.0,0.0,0.0,20000000.0,0.0,0.0,0.0,0.0,0.04999999999999999,0.0,0.0,0.4,2.0,0.0,791.2702118046582,,1.020954652114541,1.020954652114541,131,0.0,428.2397076983218,1.0,False,0.12055321519099327,1.1103361448451379,0.1,7,4.9,5.9,0.1,2,174.32222874018234,0.0,0.592933056868735,0.00015278445789590478,0.00024636355010443367,-0.0035735453788094396,-0.00792680773884058,0.0004858695901930332,0.11413128848275704,0.0,2,0.0,-0.5707539336527672,144179.2,1441792.0,2,,0,1020.954652114541,0.1125,3.8087016224861143,428.23970769832187,10,2
59.23238197239745,2,1.0,0.0,0.0,0.0,0.0,0.0,0.0,0.0,100000000.0,0.0,0.0,0.0,0.0,0.04999999999999999,0.0,0.0,0.6,3.0,0.0,901.0898470878601,,0.9389539120192675,0.9389539120192675,131,0.0,59.23238197239745,1.0,False,0.18434378262947274,1.6978689834750347,0.1,8,4.9,5.9,0.1,2,33.76878033392371,0.0,0.42989325754854657,0.00015278445789590478,0.00024157211737474427,-2.75684455433578e-05,-0.00792680773884058,0.0004858695901930332,0.008787228841061976,0.0,2,0.0,-0.5616488473243701,144179.2,1441792.0,3,,0,938.9539120192675,0.125,3.7789179027080535,59.23238197239744,10,2
80.88762491264815,7,1.0,0.0,0.0,0.0,0.0,0.0,0.0,0.0,100000000.0,0.0,0.0,0.0,0.0,0.04999999999999999,0.0,0.0,0.8,4.0,0.0,1011.092979926616,,1.0919806048392642,1.0919806048392642,132,0.0,80.88762491264815,1.0,False,0.2302984723898191,2.121127317856393,0.1,9,4.9,5.9,0.1,2,36.72795763504983,0.0,0.5459384834860345,0.004570150747895241,0.0002927056157204788,-0.0003153733467905484,-0.018873324617743492,0.0049962918274104595,0.03340939021426701,0.0,2,0.0,-0.6611395386145417,144179.2,1441792.0,1,,0,1091.9806048392643,0.140625,3.6169366598129273,80.88762491264815,10,2
977.9818747216752,2,1.0,0.0,0.0,0.0,0.0,0.0,0.0,0.0,20000000.0,0.0,0.0,0.0,0.0,0.04999999999999999,0.0,0.0,0.4,2.0,0.0,791.7261179536581,,1.7697079926753334,1.7697079926753334,132,0.0,977.9818747216752,1.0,False,0.12812803582359494,1.1801028211280673,0.1,7,4.6,5.6,0.1,2,237.7253968282582,0.0,0.7569224921515926,0.004570150747895241,6.781832780689001e-05,-0.07557310740217427,-0.018873324617743492,0.0049962918274104595,0.5318778652418433,0.0,2,0.0,-0.9489180142494642,235929.6,2359296.0,2,,0,1769.7079926753333,0.103125,3.714335024356842,977.9818747216754,10,2
100.2213766018892,2,1.0,0.0,0.0,0.0,0.0,0.0,0.0,0.0,100000000.0,0.0,0.0,0.0,0.0,0.04999999999999999,0.0,0.0,0.4,2.0,0.0,783.924762159586,,0.8374722777968784,0.8374722777968784,132,0.0,100.2213766018892,1.0,False,0.14963262250897066,1.3781673840590447,0.1,7,4.7,5.7,0.1,2,40.919700394389444,0.0,0.5917068615317933,0.004570150747895241,0.00014787420877837576,-0.00020647587981675875,-0.018873324617743492,0.0049962918274104595,0.02728438448679702,0.0,2,0.0,-0.49355245015292454,183500.8,1835008.0,3,,0,837.4722777968784,0.146875,3.575780522823334,100.22137660188922,10,2
98.16464414446872,7,1.0,0.0,0.0,0.0,0.0,0.0,0.0,0.0,100000000.0,0.0,0.0,0.0,0.0,0.04999999999999999,0.0,0.0,0.0,0.0,0.0,1138.1550058722496,,1.2363196500167184,1.2363196500167184,133,0.0,98.16464414446872,1.0,False,0.07473601283242348,0.34417205811550006,0.1,10,4.1,5.1,0.1,1,56.16384046635418,0.0,0.42786080512146546,0.003519573714584112,5.412704558693804e-05,-0.0005680608265810627,-0.010831844061613083,0.0003779930411837995,0.04551107074083012,0.0,1,0.0,-0.6555278314245709,249036.8,2490368.0,1,,0,1236.3196500167185,0.103125,3.665605926513672,98.16464414446872,10,1
1480.9946892560474,2,1.0,0.0,0.0,0.0,0.0,0.0,0.0,0.0,20000000.0,0.0,0.0,0.0,0.0,0.04999999999999999,0.0,0.0,0.6,3.0,0.0,894.2682100459933,,2.375262899302041,2.375262899302041,133,0.0,1480.9946892560474,1.0,False,0.1395477041073126,1.285281852956168,0.1,8,3.7,4.7,0.1,2,514.6641224708355,0.0,0.6524875300333668,0.003519573714584112,3.964093411923386e-05,-0.15224360328960362,-0.010831844061613083,0.0003779930411837995,0.7655313033943372,0.0,2,0.0,-1.257405301704677,340787.2,3407872.0,2,,0,2375.262899302041,0.1140625,3.7435018539428713,1480.9946892560474,10,2
204.34830776330674,2,1.0,0.0,0.0,0.0,0.0,0.0,0.0,0.0,100000000.0,0.0,0.0,0.0,0.0,0.04999999999999999,0.0,0.0,0.6,3.0,0.0,898.2742140069604,,1.1026225217702672,1.1026225217702672,133,0.0,204.34830776330674,1.0,False,0.18434378262947274,1.6978689834750347,0.1,8,3.3,4.3,0.1,2,70.37172399351265,0.0,0.655628545380356,0.003519573714584112,7.805417590134311e-05,-0.0026333314432329114,-0.010831844061613083,0.0003779930411837995,0.09803694798249783,0.0,2,0.0,-0.64348315219987,319488.0,3194880.0,3,,0,1102.6225217702672,0.1296875,3.641788583993912,204.34830776330676,10,2
135.28356054864895,7,1.0,0.0,0.0,0.0,0.0,0.0,0.0,0.0,100000000.0,0.0,0.0,0.0,0.0,0.04999999999999999,0.0,0.0,0.0,0.0,0.0,1132.5929760932922,,1.267876536641941,1.267876536641941,134,0.0,135.28356054864895,1.0,False,0.07473601283242348,0.34417205811550006,0.1,10,4.0,5.0,0.1,1,64.99219281619442,0.0,0.5195854355650052,0.00015310068556573242,2.7369907911634073e-05,-0.0013864080185458927,-0.005551415495574474,0.00012281822273507714,0.07112699126373698,0.0,1,0.0,-0.6713062747371823,262144.0,2621440.0,1,,0,1267.8765366419411,0.125,3.611015409231186,135.28356054864895,10,1
507.6122436180377,2,1.0,0.0,0.0,0.0,0.0,0.0,0.0,0.0,20000000.0,0.0,0.0,0.0,0.0,0.04999999999999999,0.0,0.0,0.6,3.0,0.0,896.770735271275,,1.4043829788893127,1.4043829788893127,134,0.0,507.6122436180377,1.0,False,0.1395477041073126,1.285281852956168,0.1,8,3.5,4.5,0.1,2,297.81619114108594,0.0,0.4132998270128739,0.00015310068556573242,4.729919783130754e-05,-0.008197861337250534,-0.005551415495574474,0.00012281822273507714,0.17315710567407336,0.0,2,0.0,-0.7719653414983126,267059.2,2670592.0,2,,0,1404.3829788893127,0.1234375,3.658641570806503,507.6122436180378,10,2
97.75144402580895,2,1.0,0.0,0.0,0.0,0.0,0.0,0.0,0.0,100000000.0,0.0,0.0,0.0,0.0,0.04999999999999999,0.0,0.0,0.6,3.0,0.0,907.0519381202757,,1.0048033821460847,1.0048033821460847,134,0.0,97.75144402580895,1.0,False,0.18434378262947274,1.6978689834750347,0.1,8,4.0,5.0,0.1,2,63.70992021379952,0.0,0.3482457384774957,0.00015310068556573242,3.900103365594987e-05,-0.00017102790676043478,-0.005551415495574474,0.00012281822273507714,0.02496521708769118,0.0,2,0.0,-0.5945735823877787,262144.0,2621440.0,3,,0,1004.8033821460847,0.1390625,3.6455399453639985,97.75144402580895,10,2
67.5970165569239,7,1.0,0.0,0.0,0.0,0.0,0.0,0.0,0.0,100000000.0,0.0,0.0,0.0,0.0,0.04999999999999999,0.0,0.0,0.0,0.0,0.0,1133.8689289987087,,1.2014659455556327,1.2014659455556327,135,0.0,67.5970165569239,1.0,False,0.07473601283242348,0.34417205811550006,0.1,10,4.0,5.0,0.1,1,55.97763724528709,0.0,0.17189189558169413,0.0004997862270101905,2.597856473585125e-05,-3.9844954213386075e-05,-0.011386660858988762,0.0004296920378692448,0.01204445657132514,0.0,1,0.0,-0.6381009791940281,262144.0,2621440.0,1,,0,1201.4659455556327,0.13125,3.602454847097397,67.5970165569239,10,1
514.950991643078,2,1.0,0.0,0.0,0.0,0.0,0.0,0.0,0.0,20000000.0,0.0,0.0,0.0,0.0,0.04999999999999999,0.0,0.0,0.0,0.0,0.0,1149.4275708682835,,1.6643785625113616,1.6643785625113616,135,0.0,514.950991643078,1.0,False,0.050514811034773385,0.23262930172816065,0.1,10,3.9,4.9,0.1,1,319.79794602070433,0.0,0.37897401653638885,0.0004997862270101905,2.7763100661104545e-05,-0.010329844655113274,-0.011386660858988762,0.0004296920378692448,0.1944451151152936,0.0,1,0.0,-0.8574466867730675,288358.4,2883584.0,2,,0,1664.3785625113617,0.1546875,3.639644128084183,514.9509916430782,10,1
96.46154068214238,2,1.0,0.0,0.0,0.0,0.0,0.0,0.0,0.0,100000000.0,0.0,0.0,0.0,0.0,0.04999999999999999,0.0,0.0,0.0,0.0,0.0,1139.4004100002348,,1.2358619506823771,1.2358619506823771,135,0.0,96.46154068214238,1.0,False,0.06589216915936784,0.3034446529028048,0.1,10,4.0,5.0,0.1,1,64.3305485273241,0.0,0.33309640223035114,0.0004997862270101905,3.084043419221416e-05,-0.0002799815488593316,-0.011386660858988762,0.0004296920378692448,0.03195254340597137,0.0,1,0.0,-0.6508770599208725,262144.0,2621440.0,3,,0,1235.861950682377,0.11875,3.7627513229846956,96.46154068214238,10,1
93.29476166140124,7,1.0,0.0,0.0,0.0,0.0,0.0,0.0,0.0,100000000.0,0.0,0.0,0.0,0.0,0.04999999999999999,0.0,0.0,0.0,0.0,0.0,1123.49055102095,,1.2167853126823513,1.2167853126823513,136,0.0,93.29476166140124,1.0,False,0.07473601283242348,0.34417205811550006,0.1,10,3.6,4.6,0.1,1,59.41163748430348,0.0,0.36318356544037556,0.00024269972345791757,6.606626993743703e-05,-0.00022336512107634654,-0.008248078636825085,0.00045107334153726697,0.02851408025141815,0.0,1,0.0,-0.6457606627573874,240844.8,2408448.0,1,,0,1216.7853126823513,0.140625,3.5841248452663423,93.29476166140122,10,1
1064.5458518738646,2,1.0,0.0,0.0,0.0,0.0,0.0,0.0,0.0,20000000.0,0.0,0.0,0.0,0.0,0.04999999999999999,0.0,0.0,0.0,0.0,0.0,1151.5427730046213,,2.216088624878486,2.216088624878486,136,0.0,1064.5458518738646,1.0,False,0.050514811034773385,0.23262930172816065,0.1,10,3.8,4.8,0.1,1,444.54792526030445,0.0,0.5824060330724226,0.00024269972345791757,4.583527334034443e-05,-0.10164035045325676,-0.008248078636825085,0.00045107334153726697,0.6197000936386698,0.0,1,0.0,-1.1333017179566296,327680.0,3276800.0,2,,0,2216.088624878486,0.1421875,3.588015562295914,1064.5458518738644,10,1
161.2181354639778,2,1.0,0.0,0.0,0.0,0.0,0.0,0.0,0.0,100000000.0,0.0,0.0,0.0,0.0,0.04999999999999999,0.0,0.0,0.0,0.0,0.0,1140.9114091657102,,1.302129544629688,1.302129544629688,136,0.0,161.2181354639778,1.0,False,0.06589216915936784,0.3034446529028048,0.1,10,3.9,4.9,0.1,1,76.02039999029728,0.0,0.5284624786689517,0.00024269972345791757,2.756014873739332e-05,-0.0020710436440185,-0.008248078636825085,0.00045107334153726697,0.08694353313148094,0.0,1,0.0,-0.684010856894528,288358.4,2883584.0,3,,0,1302.129544629688,0.109375,3.6770794212818148,161.2181354639778,10,1
83.82079403287136,7,1.0,0.0,0.0,0.0,0.0,0.0,0.0,0.0,100000000.0,0.0,0.0,0.0,0.0,0.04999999999999999,0.0,0.0,0.0,0.0,0.0,1145.699038170278,,1.2295198322031495,1.2295198322031495,137,0.0,83.82079403287136,1.0,False,0.07473601283242348,0.34417205811550006,0.1,10,4.0,5.0,0.1,1,63.906268439588494,0.0,0.23758454955071343,0.005759369116276503,2.6996325686923228e-05,-9.668154468450707e-05,-0.03150109201669693,0.005294315051287413,0.01877156929312576,0.0,1,0.0,-0.6521279225177865,262144.0,2621440.0,1,,0,1229.5198322031495,0.115625,3.6419165194034577,83.82079403287138,10,1
436.6971331345274,2,1.0,0.0,0.0,0.0,0.0,0.0,0.0,0.0,20000000.0,0.0,0.0,0.0,0.0,0.04999999999999999,0.0,0.0,0.0,0.0,0.0,1139.3829379230738,,1.5760800710576013,1.5760800710576013,137,0.0,436.6971331345274,1.0,False,0.050514811034773385,0.23262930172816065,0.1,10,4.0,5.0,0.1,1,305.99638065450955,0.0,0.2992938184454593,0.005759369116276503,2.921992381743621e-05,-0.004655064956607502,-0.03150109201669693,0.005294315051287413,0.1304059470327707,0.0,1,0.0,-0.8132974410461873,262144.0,2621440.0,2,,0,1576.0800710576013,0.1484375,3.6501568019390107,436.6971331345275,10,1
106.50254053264102,2,1.0,0.0,0.0,0.0,0.0,0.0,0.0,0.0,100000000.0,0.0,0.0,0.0,0.0,0.04999999999999999,0.0,0.0,0.0,0.0,0.0,1147.8581917472184,,1.2543607322798593,1.2543607322798593,137,0.0,106.50254053264102,1.0,False,0.06589216915936784,0.3034446529028048,0.1,10,3.9,4.9,0.1,1,73.40082568897681,0.0,0.31080680966027435,0.005759369116276503,2.797841625579167e-05,-0.000297919131719504,-0.03150109201669693,0.005294315051287413,0.03296169653363719,0.0,1,0.0,-0.6601264507196136,288358.4,2883584.0,3,,0,1254.3607322798593,0.1171875,3.768660718202591,106.50254053264102,10,1
196.2011087079699,7,1.0,0.0,0.0,0.0,0.0,0.0,0.0,0.0,100000000.0,0.0,0.0,0.0,0.0,0.04999999999999999,0.0,0.0,0.0,0.0,0.0,1136.8770482949913,,1.3330781570029613,1.3330781570029613,138,0.0,196.2011087079699,1.0,False,0.07473601283242348,0.34417205811550006,0.1,10,4.0,5.0,0.1,1,73.76233159691648,0.0,0.6240473253048433,0.00010097421909449622,2.7781048629549332e-05,-0.0037681888747528314,-0.0038459443021565676,0.000229787576245144,0.11731024828842947,0.0,1,0.0,-0.7039070849176924,262144.0,2621440.0,1,,0,1333.0781570029612,0.1203125,3.640361708402634,196.20110870796992,10,1
412.90199760377146,2,1.0,0.0,0.0,0.0,0.0,0.0,0.0,0.0,20000000.0,0.0,0.0,0.0,0.0,0.04999999999999999,0.0,0.0,0.8,4.0,0.0,1025.751981884241,,1.4386539794880124,1.4386539794880124,138,0.0,412.90199760377146,1.0,False,0.19576302645213375,1.803044105872329,0.1,9,4.0,5.0,0.1,2,284.3726413978835,0.0,0.3112829604889127,0.00010097421909449622,5.356598740036134e-05,-0.0032711389067303087,-0.0038459443021565676,0.000229787576245144,0.10928662565592526,0.0,2,0.0,-0.8172085029700731,262144.0,2621440.0,2,,0,1438.6539794880125,0.1375,3.7352470815181733,412.90199760377146,10,2
77.62485143979791,2,1.0,0.0,0.0,0.0,0.0,0.0,0.0,0.0,100000000.0,0.0,0.0,0.0,0.0,0.04999999999999999,0.0,0.0,0.0,0.0,0.0,1119.8222897946835,,1.1974471412344814,1.1974471412344814,138,0.0,77.62485143979791,1.0,False,0.06589216915936784,0.3034446529028048,0.1,10,4.0,5.0,0.1,1,56.33835730378303,0.0,0.27422267149230756,0.00010097421909449622,2.6940724637825042e-05,-0.00014424540063345814,-0.0038459443021565676,0.000229787576245144,0.022932053573913175,0.0,1,0.0,-0.6316696551969246,262144.0,2621440.0,3,,0,1197.4471412344815,0.13125,3.6394928097724915,77.62485143979791,10,1
91.52605928748389,7,1.0,0.0,0.0,0.0,0.0,0.0,0.0,0.0,100000000.0,0.0,0.0,0.0,0.0,0.04999999999999999,0.0,0.0,0.0,0.0,0.0,1150.4566920921206,,1.2419827513796045,1.2419827513796045,139,0.0,91.52605928748389,1.0,False,0.07473601283242348,0.34417205811550006,0.1,10,4.7,5.7,0.1,1,43.70998409137702,0.0,0.5224312678634649,0.0003370986960362643,5.8791832998394966e-05,-0.0005943660968808495,-0.011545314453542233,0.00025018351152539253,0.04655141324392041,0.0,1,0.0,-0.658359382106014,170393.6,1703936.0,1,,0,1241.9827513796045,0.121875,3.541230654716492,91.5260592874839,10,1
229.8850602721503,2,1.0,0.0,0.0,0.0,0.0,0.0,0.0,0.0,20000000.0,0.0,0.0,0.0,0.0,0.04999999999999999,0.0,0.0,0.8,4.0,0.0,1029.2824138887227,,1.2393764086669699,1.2393764086669699,139,0.0,229.8850602721503,1.0,False,0.18762367076003547,1.728077869539522,0.1,9,4.8,5.8,0.1,2,148.85094868136963,0.0,0.3524983811251072,0.0003370986960362643,5.2381816203705966e-05,-0.0009430058906435557,-0.011545314453542233,0.00025018351152539253,0.05864858524614005,0.0,2,0.0,-0.7135000397135026,157286.4,1572864.0,2,,0,1239.3764086669698,0.1484375,3.6635809242725372,229.88506027215027,10,2
80.69952874405463,2,1.0,0.0,0.0,0.0,0.0,0.0,0.0,0.0,100000000.0,0.0,0.0,0.0,0.0,0.04999999999999999,0.0,0.0,0.0,0.0,0.0,1141.367802862078,,1.2220673316061326,1.2220673316061326,139,0.0,80.69952874405463,1.0,False,0.06589216915936784,0.3034446529028048,0.1,10,4.8,5.8,0.1,1,40.89156217226308,0.0,0.49328623340597044,0.0003370986960362643,5.0710252253338695e-05,-0.0003196926297850955,-0.011545314453542233,0.00025018351152539253,0.03413494306559497,0.0,1,0.0,-0.6439797503827502,157286.4,1572864.0,3,,0,1222.0673316061325,0.1390625,3.588522124290466,80.69952874405465,10,1
62.357786503374456,7,1.0,0.0,0.0,0.0,0.0,0.0,0.0,0.0,100000000.0,0.0,0.0,0.0,0.0,0.04999999999999999,0.0,0.0,0.0,0.0,0.0,1124.391873832792,,1.1867496603361665,1.1867496603361665,140,0.0,62.357786503374456,1.0,False,0.07473601283242348,0.34417205811550006,0.1,10,4.9,5.9,0.1,1,35.84167553278725,0.0,0.4252253400487893,0.0014185230247676373,4.493965025176294e-05,-0.00012547020250547325,-0.019137073308229446,0.0009219642379321158,0.021374556494572528,0.0,1,0.0,-0.630742836584295,144179.2,1441792.0,1,0.11015625,0,1186.7496603361665,0.128125,3.5373989045619965,62.357786503374456,10,1
334.73551574820544,2,1.0,0.0,0.0,0.0,0.0,0.0,0.0,0.0,20000000.0,0.0,0.0,0.0,0.0,0.04999999999999999,0.0,0.0,0.0,0.0,0.0,1149.5374632067978,,1.4842729789550033,1.4842729789550033,140,0.0,334.73551574820544,1.0,False,0.050514811034773385,0.23262930172816065,0.1,10,4.9,5.9,0.1,1,154.55611552488574,0.0,0.5382739259698219,0.0014185230247676373,5.068874452263117e-05,-0.008760243846686,-0.019137073308229446,0.0009219642379321158,0.17901466274063468,0.0,1,0.0,-0.7673938949948883,144179.2,1441792.0,2,0.11015625,0,1484.2729789550033,0.1125,3.7194044053554536,334.7355157482055,10,1
69.99048877298438,2,1.0,0.0,0.0,0.0,0.0,0.0,0.0,0.0,100000000.0,0.0,0.0,0.0,0.0,0.04999999999999999,0.0,0.0,0.0,0.0,0.0,1147.7373829111457,,1.21772787168413,1.21772787168413,140,0.0,69.99048877298438,1.0,False,0.06589216915936784,0.3034446529028048,0.1,10,4.9,5.9,0.1,1,35.5684076287871,0.0,0.49181084098220856,0.0014185230247676373,6.181720527820289e-05,-0.00022900303612372053,-0.019137073308229446,0.0009219642379321158,0.0288762515358978,0.0,1,0.0,-0.641810020421749,144179.2,1441792.0,3,0.11015625,0,1217.72787168413,0.165625,3.5434466779232023,69.99048877298438,10,1
108.90866553189383,7,1.0,0.0,0.0,0.0,0.0,0.0,0.0,0.0,100000000.0,0.0,0.0,0.0,0.0,0.04999999999999999,0.0,0.0,0.0,0.0,0.0,1091.5705752559006,,1.2004792407877944,1.2004792407877944,141,0.0,108.90866553189383,1.0,False,0.07473601283242348,0.34417205811550006,0.1,10,4.9,5.9,0.1,1,40.83548402984943,0.0,0.6250483482612246,0.0003790500923059881,5.8762587286764756e-05,-0.0010732371831292942,-0.011461923830211163,0.0003911948297172785,0.06256771440562517,0.0,1,0.0,-0.637607626810109,144179.2,1441792.0,1,,0,1200.4792407877944,0.125,3.638753515481949,108.90866553189385,10,1
345.3328955688407,2,1.0,0.0,0.0,0.0,0.0,0.0,0.0,0.0,20000000.0,0.0,0.0,0.0,0.0,0.04999999999999999,0.0,0.0,0.6,3.0,0.0,902.0924409851432,,1.1151025306474898,1.1151025306474898,141,0.0,345.3328955688407,1.0,False,0.1395477041073126,1.285281852956168,0.1,8,4.9,5.9,0.1,2,163.93790427056507,0.0,0.5252757371969369,0.0003790500923059881,0.00028264280990697443,-0.0016013499650541774,-0.011461923830211163,0.0003911948297172785,0.07623749742011189,0.0,2,0.0,-0.6273251173774012,144179.2,1441792.0,2,,0,1115.1025306474899,0.1015625,3.833678722381592,345.3328955688407,10,2
65.44010775316214,2,1.0,0.0,0.0,0.0,0.0,0.0,0.0,0.0,100000000.0,0.0,0.0,0.0,0.0,0.04999999999999999,0.0,0.0,0.6,3.0,0.0,902.7639548294246,,0.9488650553132685,0.9488650553132685,141,0.0,65.44010775316214,1.0,False,0.18434378262947274,1.6978689834750347,0.1,8,4.4,5.4,0.1,2,35.13061086561427,0.0,0.4631639208461309,0.0003790500923059881,0.00010844771895790473,-5.7740554351481954e-05,-0.011461923830211163,0.0003911948297172785,0.014349627200584702,0.0,2,0.0,-0.5666044189713706,135987.2,1359872.0,3,,0,948.8650553132685,0.125,3.7517214953899383,65.44010775316215,10,2
59.977421009271154,7,1.0,0.0,0.0,0.0,0.0,0.0,0.0,0.0,100000000.0,0.0,0.0,0.0,0.0,0.04999999999999999,0.0,0.0,0.0,0.0,0.0,1133.7025607936084,,1.1936799818028796,1.1936799818028796,142,0.0,59.977421009271154,1.0,False,0.07473601283242348,0.34417205811550006,0.1,10,4.9,5.9,0.1,1,33.0597436549198,0.0,0.4487968455694434,0.00016849275561980903,4.424036160344258e-05,-0.0002546764302627791,-0.008638675324618816,0.00021849348559044302,0.030467098309584762,0.0,1,0.0,-0.6342079973176515,144179.2,1441792.0,1,,0,1193.6799818028796,0.134375,3.6008261680603026,59.97742100927116,10,1
391.05649306334243,2,1.0,0.0,0.0,0.0,0.0,0.0,0.0,0.0,20000000.0,0.0,0.0,0.0,0.0,0.04999999999999999,0.0,0.0,0.4,2.0,0.0,792.4359808675945,,0.9455547981823117,0.9455547981823117,142,0.0,391.05649306334243,1.0,False,0.12764609589043185,1.1756639903047876,0.1,7,4.9,5.9,0.1,2,168.24700219349046,0.0,0.569762923828404,0.00016849275561980903,0.00019399884331505746,-0.0009536267646432228,-0.008638675324618816,0.00021849348559044302,0.05885962826935946,0.0,2,0.0,-0.5366004470363718,144179.2,1441792.0,2,,0,945.5547981823117,0.134375,3.5877679228782653,391.05649306334243,10,2
80.88786897267426,2,1.0,0.0,0.0,0.0,0.0,0.0,0.0,0.0,100000000.0,0.0,0.0,0.0,0.0,0.04999999999999999,0.0,0.0,0.6,3.0,0.0,909.7360889427364,,0.9906239579154107,0.9906239579154107,142,0.0,80.88786897267426,1.0,False,0.18434378262947274,1.6978689834750347,0.1,8,5.0,6.0,0.1,2,38.83442777999754,0.0,0.5198979986341747,0.00016849275561980903,0.0005221724131843075,-0.000303216325888922,-0.008638675324618816,0.00021849348559044302,0.03157573194920786,0.0,2,0.0,-0.5874838702724418,131072.0,1310720.0,3,,0,990.6239579154106,0.13125,3.6236022293567656,80.88786897267427,10,2
156.7279069891219,7,1.0,0.0,0.0,0.0,0.0,0.0,0.0,0.0,100000000.0,0.0,0.0,0.0,0.0,0.04999999999999999,0.0,0.0,0.8,4.0,0.0,1007.9013388603926,,1.1646292458495144,1.1646292458495144,143,0.0,156.7279069891219,1.0,False,0.21353435481492822,1.9667240889558204,0.1,9,3.2,4.2,0.1,2,101.28606792582147,0.0,0.3537458014235366,0.00013783594476990402,3.553162605385296e-05,-0.000673986497888357,-0.003272675909101963,0.00022613411420024931,0.049582811884872145,0.0,2,0.0,-0.6890818003322213,471859.2,4718592.0,1,,0,1164.6292458495145,0.1421875,3.579089969396591,156.7279069891219,10,2
1870.5973275758122,2,1.0,0.0,0.0,0.0,0.0,0.0,0.0,0.0,20000000.0,0.0,0.0,0.0,0.0,0.04999999999999999,0.0,0.0,0.6,3.0,0.0,900.2398299053311,,2.770837157481144,2.770837157481144,143,0.0,1870.5973275758122,1.0,False,0.1395477041073126,1.285281852956168,0.1,8,3.2,4.2,0.1,2,661.9690325653783,0.0,0.6461189039421689,0.00013783594476990402,3.8904994653421454e-05,-0.20252671040195225,-0.003272675909101963,0.00022613411420024931,0.8915192065118763,0.0,2,0.0,-1.4551924307942283,471859.2,4718592.0,2,,0,2770.837157481144,0.15,3.548293226957321,1870.5973275758126,10,2
597.2170975602145,2,1.0,0.0,0.0,0.0,0.0,0.0,0.0,0.0,100000000.0,0.0,0.0,0.0,0.0,0.04999999999999999,0.0,0.0,0.6,3.0,0.0,923.7808207981288,,1.5209979183583435,1.5209979183583435,143,0.0,597.2170975602145,1.0,False,0.18434378262947274,1.6978689834750347,0.1,8,3.2,4.2,0.1,2,161.36310538136485,0.0,0.7298082957762351,0.00013783594476990402,4.685638668888714e-05,-0.030239054177393643,-0.003272675909101963,0.00022613411420024931,0.3338083447714385,0.0,2,0.0,-0.8526708504939081,471859.2,4718592.0,3,,0,1520.9979183583434,0.140625,3.6624957740306856,597.2170975602146,10,2
191.53047320036933,7,1.0,0.0,0.0,0.0,0.0,0.0,0.0,0.0,100000000.0,0.0,0.0,0.0,0.0,0.04999999999999999,0.0,0.0,0.0,0.0,0.0,1145.3875489532948,,1.336918022153664,1.336918022153664,144,0.0,191.53047320036933,1.0,False,0.07473601283242348,0.34417205811550006,0.1,10,3.2,4.2,0.1,1,122.5277529195764,0.0,0.3602701916190946,0.00011747285316232592,3.10395953420084e-05,-0.0012334019655823036,-0.006248265504837036,0.0001452354044886306,0.06708484230625529,0.0,1,0.0,-0.7058270174930438,471859.2,4718592.0,1,,0,1336.918022153664,0.1109375,3.6317683458328247,191.53047320036933,10,1
722.9374976368139,2,1.0,0.0,0.0,0.0,0.0,0.0,0.0,0.0,20000000.0,0.0,0.0,0.0,0.0,0.04999999999999999,0.0,0.0,0.0,0.0,0.0,1142.3538499511778,,1.8652913475879918,1.8652913475879918,144,0.0,722.9374976368139,1.0,False,0.050514811034773385,0.23262930172816065,0.1,10,3.2,4.2,0.1,1,508.28426402015805,0.0,0.29691810746894254,0.00011747285316232592,2.6390702259959653e-05,-0.012534966026005012,-0.006248265504837036,0.0001452354044886306,0.2142758072478923,0.0,1,0.0,-0.9579030793113825,471859.2,4718592.0,2,,0,1865.2913475879918,0.1421875,3.5820334911346436,722.937497636814,10,1
123.6631154689422,2,1.0,0.0,0.0,0.0,0.0,0.0,0.0,0.0,100000000.0,0.0,0.0,0.0,0.0,0.04999999999999999,0.0,0.0,0.8,4.0,0.0,1033.2139008678496,,1.1568770163367919,1.1568770163367919,144,0.0,123.6631154689422,1.0,False,0.18857402690995917,1.7368309731549203,0.1,9,3.3,4.3,0.1,2,90.78255943783648,0.0,0.26588814220327167,0.00011747285316232592,3.4396653063595295e-05,-0.0002776505283419439,-0.006248265504837036,0.0001452354044886306,0.03181773232842326,0.0,2,0.0,-0.6727255216233755,445644.8,4456448.0,3,,0,1156.877016336792,0.121875,3.607359158992767,123.66311546894218,10,2
286.76526466461706,7,1.0,0.0,0.0,0.0,0.0,0.0,0.0,0.0,100000000.0,0.0,0.0,0.0,0.0,0.04999999999999999,0.0,0.0,0.8,4.0,0.0,1011.0505032353103,,1.2978157678999274,1.2978157678999274,145,0.0,286.76526466461706,1.0,False,0.2629020552836275,2.4214174136543085,0.1,9,3.1,4.1,0.1,2,129.42559905231425,0.0,0.5486705853176379,0.00026491034077480435,4.560177058010595e-05,-0.005673818649398532,-0.008198214694857597,0.000245784962316975,0.14399317247123913,0.0,2,0.0,-0.7803589115917774,498073.6,4980736.0,1,,0,1297.8157678999273,0.1484375,3.5680718064308166,286.76526466461706,10,2
827.6409860117883,2,1.0,0.0,0.0,0.0,0.0,0.0,0.0,0.0,20000000.0,0.0,0.0,0.0,0.0,0.04999999999999999,0.0,0.0,0.0,0.0,0.0,1144.5271978154778,,1.9721681838272662,1.9721681838272662,145,0.0,827.6409860117883,1.0,False,0.050514811034773385,0.23262930172816065,0.1,10,3.1,4.1,0.1,1,590.7045154358528,0.0,0.28627928604367187,0.00026491034077480435,2.7490188585943542e-05,-0.01542901356205778,-0.008198214694857597,0.000245784962316975,0.23784413532043563,0.0,1,0.0,-1.0113414974310198,498073.6,4980736.0,2,,0,1972.1681838272661,0.134375,3.607796621322632,827.6409860117883,10,1
134.13830221104382,2,1.0,0.0,0.0,0.0,0.0,0.0,0.0,0.0,100000000.0,0.0,0.0,0.0,0.0,0.04999999999999999,0.0,0.0,0.0,0.0,0.0,1150.5582006648183,,1.2846965028758621,1.2846965028758621,145,0.0,134.13830221104382,1.0,False,0.06589216915936784,0.3034446529028048,0.1,10,3.1,4.1,0.1,1,103.28314929227393,0.0,0.2300249250972667,0.00026491034077480435,2.9432292649289593e-05,-0.000273704966062438,-0.008198214694857597,0.000245784962316975,0.031592729097477755,0.0,1,0.0,-0.675294336017615,498073.6,4980736.0,3,,0,1284.696502875862,0.1390625,3.6353114187717437,134.1383022110438,10,1
109.49592704751612,7,1.0,0.0,0.0,0.0,0.0,0.0,0.0,0.0,100000000.0,0.0,0.0,0.0,0.0,0.04999999999999999,0.0,0.0,0.0,0.0,0.0,1138.1032932549715,,1.2475992203024877,1.2475992203024877,146,0.0,109.49592704751612,1.0,False,0.07473601283242348,0.34417205811550006,0.1,10,0.4,1.4,0.1,1,21.283790636734643,0.0,0.8056202526373563,0.0007236957317218184,7.69635516917333e-05,-0.0018967618934661035,-0.01181023009121418,0.0007274941308423877,0.08318992803179892,0.0,1,0.0,-0.6611676165674556,70451.2,704512.0,1,,0,1247.5992203024878,0.11875,3.580202567577362,109.49592704751612,10,1
252.83300471671782,2,1.0,0.0,0.0,0.0,0.0,0.0,0.0,0.0,20000000.0,0.0,0.0,0.0,0.0,0.04999999999999999,0.0,0.0,0.0,0.0,0.0,1146.4720950461924,,1.3993050997629102,1.3993050997629102,146,0.0,252.83300471671782,1.0,False,0.050514811034773385,0.23262930172816065,0.1,10,0.9,1.9,0.1,1,84.13583196328182,0.0,0.6672276546428331,0.0007236957317218184,7.512934826081619e-05,-0.007339997743500248,-0.01181023009121418,0.0007274941308423877,0.16381878688140147,0.0,1,0.0,-0.7249099553988417,78643.2,786432.0,2,,0,1399.3050997629102,0.121875,3.6508674561977386,252.83300471671782,10,1
495.1641255290406,2,1.0,0.0,0.0,0.0,0.0,0.0,0.0,0.0,100000000.0,0.0,0.0,0.0,0.0,0.04999999999999999,0.0,0.0,0.0,0.0,0.0,1144.4228761829436,,1.6395870017119842,1.6395870017119842,146,0.0,495.1641255290406,1.0,False,0.06589216915936784,0.3034446529028048,0.1,10,0.5,1.5,0.1,1,63.77801138050497,0.0,0.8711982389427675,0.0007236957317218184,5.639367736876011e-05,-0.05006722571790578,-0.01181023009121418,0.0007274941308423877,0.4309918092339199,0.0,1,0.0,-0.8527395854356761,170393.6,1703936.0,3,,0,1639.5870017119842,0.1265625,3.614488732814789,495.16412552904063,10,1
47.72164463343677,7,1.0,0.0,0.0,0.0,0.0,0.0,0.0,0.0,100000000.0,0.0,0.0,0.0,0.0,0.04999999999999999,0.0,0.0,0.9899494936611665,3.2998316455372216,0.0,892.5779820419848,,0.9402996266754216,0.9402996266754216,147,0.0,47.72164463343677,1.0,False,0.2828713583416483,3.908012237714738,0.1,8,0.4,1.4,0.1,3,15.865564398592438,0.0,0.6675394462940192,0.0044465637765824795,0.000200443103191598,-0.0001217433569282722,-0.019808292388916016,0.004576907958835363,0.02068845829084679,0.0,3,0.0,-0.6115854925085349,70451.2,704512.0,1,,0,940.2996266754216,0.13125,3.678823333978653,47.721644633436775,10,3
357.3391812414946,2,1.0,0.0,0.0,0.0,0.0,0.0,0.0,0.0,20000000.0,0.0,0.0,0.0,0.0,0.04999999999999999,0.0,0.0,0.0,0.0,0.0,1147.3645772784948,,1.5047037585199894,1.5047037585199894,147,0.0,357.3391812414946,1.0,False,0.050514811034773385,0.23262930172816065,0.1,10,0.4,1.4,0.1,1,84.47932138199832,0.0,0.763587857652514,0.0044465637765824795,8.211647946154699e-05,-0.019483601256890304,-0.019808292388916016,0.004576907958835363,0.26745341826201174,0.0,1,0.0,-0.7776092847773813,70451.2,704512.0,2,,0,1504.7037585199894,0.1234375,3.7508211553096773,357.3391812414946,10,1
118.63121899172982,2,1.0,0.0,0.0,0.0,0.0,0.0,0.0,0.0,100000000.0,0.0,0.0,0.0,0.0,0.04999999999999999,0.0,0.0,0.0,0.0,0.0,1145.2047270722687,,1.2638359460639985,1.2638359460639985,147,0.0,118.63121899172982,1.0,False,0.06589216915936784,0.3034446529028048,0.1,10,0.4,1.4,0.1,1,23.25860900652123,0.0,0.8039419201437805,0.0044465637765824795,8.190843072952703e-05,-0.002239190255956258,-0.019808292388916016,0.004576907958835363,0.09039359822188069,0.0,1,0.0,-0.6648640576116832,70451.2,704512.0,3,,0,1263.8359460639986,0.1421875,3.591045355796814,118.63121899172984,10,1
54.4591369442234,7,1.0,0.0,0.0,0.0,0.0,0.0,0.0,0.0,100000000.0,0.0,0.0,0.0,0.0,0.04999999999999999,0.0,0.0,0.0,0.0,0.0,1137.6749011687934,,1.1921340381130168,1.1921340381130168,148,0.0,54.4591369442234,1.0,False,0.07473601283242348,0.34417205811550006,0.1,10,0.4,1.4,0.1,1,18.479338569183096,0.0,0.6606751482655798,0.0013732038205489516,7.130687299650162e-05,-0.00026414178400790966,-0.018480898812413216,0.0012437730329111218,0.031008455508596065,0.0,1,0.0,-0.6334350254727201,70451.2,704512.0,1,,0,1192.1340381130167,0.1390625,3.587104845046997,54.45913694422341,10,1
319.9090459755499,2,1.0,0.0,0.0,0.0,0.0,0.0,0.0,0.0,20000000.0,0.0,0.0,0.0,0.0,0.04999999999999999,0.0,0.0,0.0,0.0,0.0,1142.271352931857,,1.462180398907407,1.462180398907407,148,0.0,319.9090459755499,1.0,False,0.050514811034773385,0.23262930172816065,0.1,10,0.4,1.4,0.1,1,79.35755005945892,0.0,0.751937148830971,0.0013732038205489516,6.502521864604205e-05,-0.015138891099846286,-0.018480898812413216,0.0012437730329111218,0.23558283761867438,0.0,1,0.0,-0.7563476049710901,70451.2,704512.0,2,,0,1462.180398907407,0.1421875,3.7018638014793397,319.9090459755499,10,1
306.0504778342296,2,1.0,0.0,0.0,0.0,0.0,0.0,0.0,0.0,100000000.0,0.0,0.0,0.0,0.0,0.04999999999999999,0.0,0.0,0.0,0.0,0.0,1148.9863339811563,,1.4550368118153858,1.4550368118153858,148,0.0,306.0504778342296,1.0,False,0.06589216915936784,0.3034446529028048,0.1,10,0.7,1.7,0.1,1,68.22035521974303,0.0,0.7770944332369442,0.0013732038205489516,6.498763832496479e-05,-0.01564529204936327,-0.018480898812413216,0.0012437730329111218,0.23951115756775598,0.0,1,0.0,-0.7604644904873769,270336.0,2703360.0,3,,0,1455.0368118153858,0.1515625,3.5930631279945375,306.0504778342296,10,1
63.31955041465043,7,1.0,0.0,0.0,0.0,0.0,0.0,0.0,0.0,100000000.0,0.0,0.0,0.0,0.0,0.04999999999999999,0.0,0.0,0.0,0.0,0.0,1095.5306589603424,,1.1588502093749928,1.1588502093749928,149,0.0,63.31955041465043,1.0,False,0.07473601283242348,0.34417205811550006,0.1,10,4.4,5.4,0.1,1,31.38923557002717,0.0,0.5042726083101728,0.0002232190454378724,8.313409489346668e-05,-0.00023628229927047384,-0.007842957973480225,0.00017470406601205468,0.029311387277227957,0.0,1,0.0,-0.6167931111037082,135987.2,1359872.0,1,,0,1158.8502093749928,0.140625,3.5478216409683228,63.31955041465043,10,1
1634.7362917107514,2,1.0,0.0,0.0,0.0,0.0,0.0,0.0,0.0,20000000.0,0.0,0.0,0.0,0.0,0.04999999999999999,0.0,0.0,0.0,0.0,0.0,1117.8662991151214,,2.752602590825873,2.752602590825873,149,0.0,1634.7362917107514,1.0,False,0.050514811034773385,0.23262930172816065,0.1,10,4.0,5.0,0.1,1,298.1894386971941,0.0,0.8175917178757078,0.0002232190454378724,5.441925532068126e-05,-0.41597960343535756,-0.007842957973480225,0.00017470406601205468,1.3387672687534227,0.0,1,0.0,-1.4015587009303232,227737.6,2277376.0,2,,0,2752.602590825873,0.1421875,3.631069451570511,1634.7362917107516,10,1
194.40306908652258,2,1.0,0.0,0.0,0.0,0.0,0.0,0.0,0.0,100000000.0,0.0,0.0,0.0,0.0,0.04999999999999999,0.0,0.0,0.8,4.0,0.0,1014.8178245872259,,1.2092208936737485,1.2092208936737485,149,0.0,194.40306908652258,1.0,False,0.2643251621879603,2.4345247126289236,0.1,9,4.0,5.0,0.1,2,48.822531817209196,0.0,0.7488592538861625,0.0002232190454378724,0.00046273826592369005,-0.004533288145448289,-0.007842957973480225,0.00017470406601205468,0.128353381182851,0.0,2,0.0,-0.7367730279308544,227737.6,2277376.0,3,,0,1209.2208936737486,0.1140625,3.8041687428951265,194.40306908652258,10,2
215.97188328474004,7,1.0,0.0,0.0,0.0,0.0,0.0,0.0,0.0,100000000.0,0.0,0.0,0.0,0.0,0.04999999999999999,0.0,0.0,0.8,4.0,0.0,1029.7786770388484,,1.2457505603235886,1.2457505603235886,150,0.0,215.97188328474004,1.0,False,0.25297861569434227,2.3300191573762485,0.1,9,4.6,5.6,0.1,2,49.56658812431979,0.0,0.7704951803426625,0.001173271331936121,6.707498505420517e-05,-0.006055829931435164,-0.017283175140619278,0.0011238458100706339,0.14876809337105182,0.0,2,0.0,-0.7493645880089654,235929.6,2359296.0,1,0.10546875,0,1245.7505603235886,0.1328125,3.5417477786540985,215.97188328474007,10,2
276.39674753962476,2,1.0,0.0,0.0,0.0,0.0,0.0,0.0,0.0,20000000.0,0.0,0.0,0.0,0.0,0.04999999999999999,0.0,0.0,0.0,0.0,0.0,1142.2713152132928,,1.4186680627529176,1.4186680627529176,150,0.0,276.39674753962476,1.0,False,0.050514811034773385,0.23262930172816065,0.1,10,4.9,5.9,0.1,1,175.88183827306403,0.0,0.36366169342188337,0.001173271331936121,5.3902476793155074e-05,-0.002954186552358573,-0.017283175140619278,0.0011238458100706339,0.10385106501578645,0.0,1,0.0,-0.7345914368938454,144179.2,1441792.0,2,0.10546875,0,1418.6680627529176,0.14375,3.661621081829071,276.39674753962476,10,1
83.16074686487954,2,1.0,0.0,0.0,0.0,0.0,0.0,0.0,0.0,100000000.0,0.0,0.0,0.0,0.0,0.04999999999999999,0.0,0.0,0.0,0.0,0.0,1131.362996995449,,1.2145237438603287,1.2145237438603287,150,0.0,83.16074686487954,1.0,False,0.06589216915936784,0.3034446529028048,0.1,10,4.9,5.9,0.1,1,38.77436871758849,0.0,0.5337419373999912,0.001173271331936121,5.806440094602294e-05,-0.0004519262163699689,-0.017283175140619278,0.0011238458100706339,0.04058729550595585,0.0,1,0.0,-0.6402079565098483,144179.2,1441792.0,3,0.10546875,0,1214.5237438603288,0.109375,3.6989182114601133,83.16074686487954,10,1
